Rank,Ticker,Price,Prev_Close,DVol,Sector,Industry,RS Percentile,1M_RS Percentile,3M_RS Percentile,6M_RS Percentile,ATR,ADR,AvgVol,AvgVol10,52WKH,52WKL,MCAP,IPO,SMA20,SMA50,SMA200,SMA10W,SMA30W,History_Days
1,LIPPISYS.BO,239.55,244.4,0.37K,Producer Manufacturing,Industrial Machinery,98.0,82.0,99.0,98.0,7.5929,3.8071,35.05K,5.68K,281.2,20.5,1.68B,No,252.04,209.63,82.04,221.69,107.51,496
2,ISERA.BO,143.9,143.9,0.50K,Technology Services,Packaged Software,98.0,49.0,97.0,98.0,0.0,0.0,2.98K,1.61K,143.9,3.62,1.21B,No,143.9,130.4,60.63,134.32,81.83,497
3,SESHACHAL.BO,77.73,77.73,0.16K,Technology Services,Information Technology Services,98.0,72.0,9.0,50.0,1.6057,1.3957,0.80K,0.80K,105.31,2.39,53.97M,No,73.8,81.95,71.98,80.76,89.03,497
4,MODMA.BO,42.5,40.71,0.90K,Producer Manufacturing,Metal Fabrication,98.0,1.0,2.0,98.0,2.9936,2.1843,2.80K,1.27K,85.79,1.1,4.95B,No,47.56,59.72,30.12,56.35,40.64,497
5,AXISOL.BO,513.1,488.7,10.58K,Technology Services,Information Technology Services,98.0,98.0,97.0,98.0,16.2179,11.1357,5.80K,11.64K,513.1,22.12,24.19B,No,378.04,345.51,202.57,358.82,260.69,499
6,ARIHANT.NS,1096.8,1119.2,1.25K,Finance,Real Estate Development,98.0,95.0,81.0,,64.2179,63.1179,9.02K,8.19K,1225.0,39.65,11.91B,No,1041.73,917.33,,936.17,,86
7,EASTSILK.NS,65.98,69.45,0.90K,Process Industries,Textiles,98.0,94.0,69.0,17.0,3.8964,3.6907,1.06K,1.44K,99.25,1.8,329.90M,No,57.3,53.13,65.56,54.05,60.62,500
8,MRUTR.BO,94.43,96.35,11.14K,Finance,Investment Banks/Brokers,98.0,97.0,98.0,98.0,2.005,0.2771,3.29K,1.38K,98.31,0.56,68.22B,No,83.81,64.86,25.8,69.95,36.54,497
9,APOLLOIN.BO,132.1,134.75,0.14K,Process Industries,Agricultural Commodities/Milling,98.0,94.0,98.0,98.0,2.6943,0.0,3.90K,2.65K,146.05,5.16,1.37B,No,130.14,102.18,39.9,107.5,54.81,498
10,SALSAIN.BO,374.3,379.6,0.37K,Finance,Financial Conglomerates,98.0,97.0,75.0,96.0,25.0036,17.3286,0.86K,1.09K,828.95,14.58,2.61B,No,370.77,291.08,247.82,298.64,341.9,498
11,SAMTELIN.BO,40.94,40.49,10.14K,Producer Manufacturing,Miscellaneous Manufacturing,98.0,1.0,81.0,98.0,3.1064,2.0457,12.12K,11.64K,72.95,1.89,290.18M,No,48.71,53.85,24.55,52.74,33.44,246
12,TANDHANIN.BO,136.5,141.8,7.75K,Finance,Investment Banks/Brokers,98.0,12.0,95.0,98.0,10.3679,9.8286,3.48K,4.56K,164.0,10.48,6.79B,No,148.19,144.42,64.82,146.54,87.02,498
13,SOURCEIND.BO,35.28,34.59,0.15K,Consumer Durables,Home Furnishings,98.0,97.0,98.0,98.0,0.64,0.07,0.26K,0.56K,35.28,4.18,402.30M,No,30.03,24.51,11.34,25.97,14.47,499
14,JTLDEFENCE.BO,533.3,561.35,6.20K,Non-Energy Minerals,Other Metals/Minerals,98.0,7.0,96.0,98.0,15.0286,12.8036,1.97K,0.68K,694.3,55.58,5.61B,No,623.18,537.1,218.08,548.12,279.04,499
15,PARMSILK.BO,365.4,348.0,0.55K,Process Industries,Textiles,98.0,6.0,98.0,98.0,21.9179,15.4179,0.92K,1.71K,472.35,31.19,1.10B,No,330.96,297.71,142.02,318.46,175.4,341
16,CALLISTA.BO,172.5,176.0,0.55K,Consumer Durables,Home Furnishings,98.0,8.0,89.0,65.0,8.0643,6.4643,2.38K,5.50K,225.95,8.33,1.30B,No,172.93,179.01,147.97,178.73,174.8,496
17,KARTKIN.BO,8449.0,8284.0,0.01K,Finance,Financial Conglomerates,98.0,11.0,69.0,98.0,172.1357,63.8142,0.02K,0.02K,10741.85,1087.8,2.06B,No,8594.23,8439.89,4268.87,8386.84,5527.67,499
18,SMTEL.BO,444.55,467.9,0.20K,Commercial Services,Miscellaneous Commercial Services,98.0,53.0,51.0,85.0,32.3321,25.4107,0.75K,1.81K,594.35,33.23,8.03B,No,479.93,446.53,335.09,444.62,413.59,498
19,NEWMKTAVE.BO,56.15,55.05,0.00K,Finance,Investment Managers,98.0,95.0,98.0,98.0,1.0771,0.0,,,56.15,9.1,277.38M,No,45.66,39.92,20.41,41.89,25.79,498
20,CUPID.NS,289.87,276.65,46890.54K,Consumer Non-Durables,Household/Personal Care,98.0,96.0,98.0,98.0,11.1993,10.3479,30763.49K,30600.08K,290.0,32.68,389.78B,No,234.84,202.53,116.96,214.14,137.15,500
21,TRADWIN.BO,619.9,594.1,0.06K,Consumer Services,Other Consumer Services,98.0,68.0,58.0,9.0,31.6821,22.5821,0.03K,0.03K,846.45,47.04,1.86B,No,604.53,602.99,513.3,600.41,618.6,499
22,RANJITSE.BO,61.04,64.25,0.04K,Finance,Finance/Rental/Leasing,98.0,70.0,2.0,82.0,3.695,2.9393,0.27K,0.20K,122.1,6.24,164.04M,No,60.91,62.22,,61.02,71.7,174
23,ASIACAP.BO,98.7,96.95,0.38K,Finance,Finance/Rental/Leasing,98.0,87.0,96.0,98.0,1.9457,1.0429,1.19K,0.74K,98.7,17.37,305.18M,No,89.19,76.45,41.25,79.03,52.12,498
24,ACFSL.BO,82.09,82.09,9.60K,Finance,Investment Banks/Brokers,98.0,98.0,98.0,98.0,2.0843,0.0493,0.73K,2.04K,82.09,20.04,,No,60.78,48.59,27.62,54.56,32.7,497
25,BATLIBOI.NS,91.37,84.6,362.58K,Producer Manufacturing,Industrial Machinery,98.0,78.0,68.0,,6.1043,5.7986,71.93K,205.20K,106.5,15.7,4.31B,No,86.61,83.47,,83.81,,86
26,SANGINITA.NS,55.64,56.77,42.68K,Process Industries,Chemicals: Specialty,98.0,81.0,98.0,98.0,1.3314,0.19,147.72K,288.33K,68.02,9.23,1.44B,No,60.47,48.98,23.74,50.89,29.59,499
27,SURBHIN.BO,121.1,127.45,0.04K,Process Industries,Textiles,98.0,98.0,13.0,98.0,7.56,4.11,4.90K,7.37K,249.65,14.05,416.27M,No,110.81,106.46,73.55,103.43,94.43,498
28,SPICEISLIN.BO,489.9,489.45,4.60K,Process Industries,Textiles,98.0,36.0,89.0,95.0,20.7429,20.7214,17.90K,6.05K,549.0,70.55,3.05B,No,497.83,491.94,292.25,493.56,363.41,497
29,MAXGROW.BO,88.12,83.93,2.18K,Commercial Services,Personnel Services,98.0,94.0,93.0,83.0,2.99,1.7286,22.56K,23.80K,93.97,10.52,3.52B,No,82.11,64.63,51.07,68.94,58.77,497
30,STELLANT.BO,950.55,996.9,6.54K,Finance,Investment Banks/Brokers,98.0,98.0,96.0,80.0,50.9893,32.0071,6.18K,15.86K,1058.8,98.93,5.40B,No,769.28,649.65,549.41,681.67,635.74,498
31,SHANTAI.BO,93.19,92.27,51.18K,Process Industries,Textiles,98.0,48.0,61.0,98.0,0.3271,0.2614,5.85K,14.30K,102.01,11.15,698.92M,No,92.28,94.73,54.28,94.27,72.35,496
32,VINRKLB.BO,33.82,32.21,1.41K,Health Technology,Pharmaceuticals: Major,98.0,23.0,20.0,95.0,0.8336,0.0993,1.42K,0.66K,46.65,4.5,203.87M,No,27.65,33.06,24.0,32.31,32.57,498
33,SHENTRA.BO,130.9,130.9,0.05K,Process Industries,Chemicals: Specialty,98.0,87.0,95.0,97.0,1.7679,0.9464,0.10K,0.08K,134.85,16.65,580.95M,No,128.97,113.19,67.17,116.96,82.37,216
34,RAMGOPOLY.BO,36.3,37.04,141.85K,Producer Manufacturing,Miscellaneous Manufacturing,98.0,98.0,94.0,92.0,1.4514,0.2814,5.20K,6.83K,37.78,5.12,526.35M,No,25.03,19.78,17.61,21.4,20.52,496
35,STLTECH.NS,651.0,620.0,2563.32K,Technology Services,Information Technology Services,98.0,87.0,96.0,98.0,33.55,26.9143,2938.18K,2406.62K,679.9,84.6,334.56B,No,572.93,583.71,289.9,590.27,369.11,500
36,HIKLASS.BO,87.0,87.54,12.25K,Finance,Investment Banks/Brokers,98.0,89.0,12.0,97.0,0.775,0.3407,0.63K,0.28K,108.35,11.04,2.63B,No,82.08,78.84,54.08,78.79,68.95,498
37,APPL.BO,263.45,268.8,22.00K,Distribution Services,Medical Distributors,98.0,89.0,94.0,96.0,10.4893,8.0071,16.78K,17.96K,310.25,32.32,4.52B,No,266.0,242.47,142.58,244.64,175.3,217
38,SANCODE.BO,493.9,484.25,1.00K,Technology Services,Information Technology Services,97.0,96.0,97.0,98.0,6.9107,0.7429,2.73K,1.25K,493.9,86.75,3.68B,No,427.23,344.84,236.4,363.95,268.95,497
39,GLITTEKG.BO,70.43,71.86,17.79K,Non-Energy Minerals,Construction Materials,97.0,97.0,93.0,95.0,1.2814,0.14,14.89K,13.71K,80.2,7.91,1.83B,No,62.08,51.11,37.46,53.17,48.67,497
40,TRANSCHEM.BO,307.0,307.0,2.08K,Health Technology,Pharmaceuticals: Other,97.0,28.0,95.0,92.0,17.5929,16.9893,6.64K,10.04K,377.65,38.31,3.76B,No,328.64,322.45,195.13,322.25,225.43,497
41,PARMAX.BO,113.2,111.0,1.08K,Health Technology,Pharmaceuticals: Major,97.0,92.0,98.0,98.0,2.8471,1.3393,13.94K,27.55K,113.2,22.6,423.52M,No,104.89,84.68,45.53,90.87,51.79,496
42,SIMANDHAR.BO,153.75,155.2,0.34K,Distribution Services,Wholesale Distributors,97.0,91.0,57.0,76.0,14.8714,11.575,2.02K,3.81K,189.1,21.5,470.00M,No,150.11,147.97,,145.34,135.38,159
43,SIGMAADV.NS,683.85,701.45,289.65K,Technology Services,Information Technology Services,97.0,90.0,97.0,98.0,34.7321,28.1607,416.10K,310.30K,721.5,108.75,120.52B,No,610.58,561.75,298.85,583.98,347.99,499
44,CDG.BO,314.15,306.1,1.42K,Process Industries,Industrial Specialties,97.0,82.0,93.0,95.0,16.7464,16.3429,3.42K,3.45K,320.0,55.23,2.90B,No,288.48,264.21,160.79,272.38,192.46,497
45,NEELKAN.BO,61.74,63.0,1.13K,Non-Energy Minerals,Construction Materials,97.0,96.0,98.0,98.0,2.4636,1.4221,5.60K,6.34K,61.74,13.0,311.40M,No,49.47,42.27,24.19,45.68,27.77,496
46,EMROCK.BO,268.0,270.0,0.05K,Consumer Durables,Homebuilding,97.0,45.0,31.0,51.0,8.6536,8.4929,2.66K,2.07K,305.95,25.39,4.24B,No,256.29,265.9,230.27,262.85,268.59,497
47,INDUSFINL.BO,194.75,191.1,5.65K,Finance,Investment Banks/Brokers,97.0,91.0,97.0,98.0,11.4,11.3393,8.98K,12.13K,194.75,38.94,1.80B,No,164.59,145.17,81.56,151.56,96.83,497
48,PHCAP.BO,1007.6,1000.85,2.98K,Finance,Investment Banks/Brokers,97.0,67.0,89.0,91.0,32.8214,32.275,2.69K,2.03K,1050.85,165.05,3.02B,No,1007.09,971.31,606.91,986.13,760.92,496
49,VIVAA.BO,110.9,108.75,2.00K,Consumer Non-Durables,Apparel/Footwear,97.0,91.0,98.0,97.0,1.4479,0.6021,13.22K,10.80K,110.9,31.84,436.67M,No,102.43,82.7,49.57,87.28,53.59,499
50,PANKAJPO.BO,91.91,87.54,9.27K,Producer Manufacturing,Miscellaneous Manufacturing,97.0,95.0,87.0,77.0,4.755,4.0957,12.99K,13.58K,97.78,15.36,509.54M,No,86.31,75.04,55.33,77.8,68.02,496
51,COVANCE.BO,221.45,210.95,8.96K,Technology Services,Information Technology Services,97.0,26.0,86.0,86.0,15.3714,13.4321,9.34K,7.49K,270.0,26.67,4.90B,No,234.09,204.28,154.14,209.56,180.08,362
52,ARTEMISADR.BO,101.55,101.55,6.00K,Distribution Services,Food Distributors,97.0,71.0,98.0,97.0,0.0,0.0,13.81K,0.60K,101.55,21.04,608.58M,No,101.55,85.95,51.86,89.9,58.02,497
53,FILTRON.BO,76.54,77.72,3.51K,Producer Manufacturing,Industrial Machinery,97.0,64.0,14.0,7.0,1.5636,0.3929,0.38K,1.13K,106.41,7.35,4.86B,No,67.81,77.1,83.95,76.17,89.91,499
54,UFBL.NS,779.8,811.05,95.26K,Consumer Services,Restaurants,97.0,72.0,97.0,97.0,40.8821,38.1286,433.86K,229.81K,845.0,172.34,30.48B,No,721.73,677.93,358.1,705.66,433.32,498
55,PHOTON.BO,337.9,334.6,0.39K,Finance,Investment Managers,97.0,97.0,98.0,97.0,0.7036,0.0,0.08K,0.05K,337.9,90.0,919.32M,No,324.36,228.4,143.27,256.38,168.71,495
56,AMRAFIN.BO,36.02,36.75,1.20K,Finance,Finance/Rental/Leasing,97.0,91.0,98.0,97.0,0.5921,0.1043,0.76K,2.28K,37.5,12.72,484.11M,No,33.51,29.18,17.13,30.69,19.37,498
57,STEELCO.BO,168.45,160.45,5.01K,Non-Energy Minerals,Steel,97.0,85.0,92.0,97.0,5.1857,2.8,5.85K,30.48K,177.8,15.0,1.06B,No,134.94,149.33,94.99,151.19,119.64,499
58,SWANDEF.NS,2465.1,2573.8,38.19K,Producer Manufacturing,Trucks/Construction/Farm Machinery,97.0,83.0,87.0,79.0,124.8071,124.3928,18.76K,24.97K,2749.4,354.5,129.87B,No,2449.29,2262.25,1779.06,2308.4,2023.71,498
59,INTEGFD.BO,135.65,135.5,1.62K,Process Industries,Agricultural Commodities/Milling,97.0,12.0,81.0,98.0,7.1393,6.9,3.01K,2.50K,158.3,20.71,2.54B,No,144.47,145.03,78.83,144.86,98.85,495
60,KELENRG.BO,11285.7,10748.2998,1.19K,Process Industries,Industrial Specialties,97.0,93.0,98.0,98.0,522.2286,410.7964,2.10K,1.83K,11285.7,2900.0,11.29B,No,8933.05,7658.46,4821.12,8108.79,5248.33,497
61,ARVAYA.BO,112.45,114.7,0.78K,Distribution Services,Medical Distributors,97.0,96.0,97.0,95.0,3.0493,0.6514,0.26K,0.70K,145.0,23.0,5.40B,No,124.51,90.99,61.56,94.81,67.67,499
62,AHLWEST.NS,547.9,535.0,0.29K,Consumer Services,Hotels/Resorts/Cruise Lines,97.0,22.0,79.0,98.0,22.3,19.7679,1.56K,0.58K,751.4,137.0,6.38B,No,551.86,569.91,307.91,570.96,374.01,500
63,TEJASSVI.BO,71.06,72.5,9.71K,Process Industries,Textiles,97.0,94.0,96.0,96.0,1.4636,0.6271,62.84K,111.10K,73.98,13.8,4.13B,No,63.8,53.03,34.79,55.49,41.45,497
64,SJCORP.BO,179.1,177.35,0.98K,Consumer Durables,Other Consumer Specialties,97.0,96.0,98.0,97.0,0.375,0.125,0.57K,0.46K,180.15,58.94,7.76B,No,177.04,128.25,84.12,139.29,94.98,497
65,RAPICUT.BO,309.35,303.3,3.31K,Non-Energy Minerals,Other Metals/Minerals,97.0,93.0,94.0,97.0,11.0143,8.1464,9.99K,3.41K,309.35,66.66,1.66B,No,263.87,231.13,162.0,242.25,189.17,496
66,IDREAM.BO,625.25,625.25,0.05K,Consumer Services,Movies/Entertainment,97.0,46.0,97.0,92.0,5.7679,0.5,0.20K,0.04K,644.0,160.05,169.16B,No,620.68,533.9,341.24,565.16,402.72,496
67,ZELIO.BO,753.8,739.05,17.50K,Consumer Durables,Motor Vehicles,97.0,92.0,95.0,97.0,18.0429,7.6,23.61K,24.90K,840.0,154.9,15.94B,No,757.23,647.43,454.84,665.95,473.88,210
68,DUKEOFS.BO,44.75,43.88,11.07K,Retail Trade,Specialty Stores,97.0,98.0,98.0,97.0,0.7693,0.0186,5.97K,7.37K,44.75,13.12,441.11M,No,37.36,28.67,20.53,30.93,22.81,497
69,YASHO.NS,4213.0,4306.3999,20.49K,Consumer Non-Durables,Food: Specialty/Candy,97.0,96.0,98.0,98.0,272.1642,265.2856,58.12K,148.62K,4490.0,1130.0,50.80B,No,3576.22,3125.95,1929.51,3293.54,2135.06,497
70,VENUSREM.NS,1647.0,1568.7,76.66K,Health Technology,Pharmaceuticals: Major,97.0,34.0,95.0,94.0,99.3357,99.3357,86.32K,42.78K,2044.3,424.0,22.04B,No,1617.47,1705.16,1031.94,1711.23,1188.0,498
71,CITURGIA.BO,110.8,111.9,0.37K,Process Industries,Chemicals: Specialty,97.0,31.0,76.0,98.0,0.2643,0.2643,0.17K,0.04K,212.0,31.64,14.64B,No,113.34,116.78,83.65,115.86,108.54,496
72,INDOSMC.BO,476.1,465.0,40.00K,Producer Manufacturing,Electrical Products,97.0,83.0,97.0,97.0,23.2,20.8929,98.27K,57.20K,486.95,134.0,10.88B,No,434.0,388.07,,402.98,259.53,139
73,MODINSU.BO,483.8,469.95,62.75K,Producer Manufacturing,Electrical Products,97.0,22.0,86.0,96.0,27.1643,22.3714,79.82K,34.56K,579.0,98.6,22.81B,No,493.11,488.49,303.39,501.66,360.66,496
74,SHAHFOOD.BO,364.0,358.75,0.06K,Consumer Non-Durables,Food: Specialty/Candy,97.0,91.0,98.0,96.0,7.7464,2.25,0.73K,0.95K,421.4,97.55,8.49B,No,386.77,290.12,186.23,306.15,208.89,499
75,INDSWFTLAB.NS,300.0,284.68,8633.98K,Health Technology,Pharmaceuticals: Major,96.0,93.0,98.0,97.0,15.2614,13.3164,1133.07K,435.80K,320.5,87.15,26.09B,No,236.67,210.82,143.23,222.36,165.2,499
76,KREONFIN.BO,86.25,89.54,11.81K,Finance,Finance/Rental/Leasing,96.0,81.0,98.0,97.0,5.12,5.1193,36.87K,12.07K,94.95,23.92,1.74B,No,85.69,74.23,42.87,77.77,47.42,497
77,FREDUN.BO,1393.7,1276.1,50.55K,Health Technology,Pharmaceuticals: Major,96.0,98.0,96.0,97.0,87.0786,84.8607,45.52K,65.96K,1400.0,338.73,23.05B,No,1047.21,931.51,687.42,974.48,747.7,500
78,HIIL.BO,449.6,445.15,0.81K,Producer Manufacturing,Electrical Products,96.0,69.0,80.0,98.0,0.9429,0.0,4.09K,0.17K,449.6,121.33,9.73B,No,439.47,427.0,254.94,430.36,303.4,498
79,HYPERSOFT.BO,217.9,213.2,49.10K,Commercial Services,Miscellaneous Commercial Services,96.0,62.0,95.0,98.0,15.2429,15.2429,10.69K,18.88K,230.05,51.25,18.40B,No,211.84,209.29,125.1,210.38,145.89,497
80,HFCL.NS,221.52,214.24,28045.38K,Electronic Technology,Telecommunications Equipment,96.0,61.0,94.0,98.0,10.1214,9.1686,37625.42K,26336.61K,229.5,59.82,338.98B,No,205.82,203.59,115.19,206.16,134.25,500
81,NATHUEC.BO,35.14,35.84,0.36K,Transportation,Air Freight/Couriers,96.0,67.0,95.0,97.0,0.9807,0.5157,12.54K,1.61K,39.68,7.52,145.67M,No,32.67,34.69,19.69,34.48,22.99,496
82,DATIWARE.BO,52.5,47.5,1.10K,Process Industries,Agricultural Commodities/Milling,96.0,98.0,97.0,96.0,0.975,0.1043,0.14K,0.49K,52.5,17.78,262.50M,No,42.95,34.49,25.83,36.84,28.54,498
83,ATHERENERG.NS,1569.4,1525.4,4521.05K,Consumer Durables,Motor Vehicles,96.0,93.0,96.0,96.0,66.3857,60.8072,4730.15K,6201.40K,1580.0,404.05,627.70B,No,1334.91,1179.7,858.16,1215.7,940.58,320
84,KANELIND.BO,72.85,76.68,3.65K,Process Industries,Agricultural Commodities/Milling,96.0,96.0,98.0,95.0,2.2293,0.2764,1.58K,3.52K,80.82,10.0,1.15B,No,63.94,54.16,33.91,55.94,34.55,499
85,AMRAPLIN.BO,38.17,36.36,29.56K,Technology Services,Packaged Software,96.0,82.0,97.0,97.0,3.0157,3.01,29.25K,14.09K,44.77,12.65,1.96B,No,35.81,34.35,20.15,35.74,22.43,497
86,BLISSGVS.NS,489.55,494.05,277.20K,Health Technology,Pharmaceuticals: Major,96.0,21.0,96.0,97.0,22.6357,22.1679,1733.95K,288.99K,553.0,118.0,51.92B,No,474.37,479.89,279.35,482.72,328.33,500
87,KETOMOTORS.BO,215.25,205.0,1.35K,Process Industries,Chemicals: Agricultural,96.0,6.0,98.0,96.0,3.7429,0.0,6.24K,0.83K,252.2,91.4,15.16B,No,217.1,203.24,122.17,208.75,135.72,499
88,E2E.NS,631.4,627.4,1123.49K,Technology Services,Information Technology Services,96.0,98.0,97.0,96.0,38.0357,34.2357,2042.58K,2271.23K,657.4,183.36,129.73B,No,524.56,450.8,306.55,465.02,339.9,500
89,CPPLUS.NS,3899.1,3805.5,287.30K,Consumer Durables,Electronics/Appliances,96.0,71.0,94.0,97.0,151.1785,147.1071,290.17K,166.64K,3965.0,1045.55,461.27B,No,3572.77,3554.73,2222.35,3597.96,2539.79,255
90,SKYGOLD.NS,833.1,790.05,1979.03K,Consumer Durables,Other Consumer Specialties,96.0,95.0,94.0,97.0,34.5893,31.1429,1499.85K,1737.84K,840.0,259.0,129.03B,No,683.34,598.73,427.17,617.25,468.94,500
91,JLL.BO,116.8,119.15,0.17K,Finance,Finance/Rental/Leasing,96.0,3.0,95.0,96.0,2.6821,0.0964,1.18K,0.05K,169.1,33.7,351.44M,No,141.34,119.09,72.39,121.85,81.48,498
92,MTARTECH.NS,7111.5,6893.0,217.47K,Electronic Technology,Aerospace & Defense,96.0,58.0,68.0,96.0,342.3571,242.2857,1292.76K,271.92K,8714.0,1390.5,218.75B,No,6188.43,6945.89,4569.42,6914.65,5482.35,499
93,KSHINTL.NS,997.65,988.95,1173.99K,Producer Manufacturing,Electrical Products,96.0,87.0,95.0,97.0,45.4679,42.725,487.88K,536.98K,1059.9,330.0,67.60B,No,891.05,862.61,,873.79,633.46,160
94,VEERHEALTH.BO,46.88,46.5,63.56K,Health Technology,Pharmaceuticals: Other,96.0,91.0,98.0,96.0,1.0279,1.0279,152.75K,79.52K,46.9,16.7,937.53M,No,42.88,35.62,23.6,37.08,26.03,497
95,BHAGYANGR.NS,379.1,386.3,76.25K,Producer Manufacturing,Electrical Products,96.0,51.0,84.0,95.0,22.4286,20.3893,134.94K,88.71K,432.3,86.0,12.13B,No,388.44,372.94,227.24,379.76,263.25,498
96,DIACABS.NS,367.95,362.0,1354.62K,Producer Manufacturing,Electrical Products,96.0,97.0,98.0,97.0,21.4571,21.0036,7201.92K,4316.65K,379.0,115.57,220.06B,No,309.62,250.1,172.34,261.88,186.67,500
97,GDLLEAS.BO,66.7,66.95,0.08K,Finance,Finance/Rental/Leasing,96.0,87.0,16.0,1.0,1.8964,1.7321,0.35K,0.16K,169.8,8.33,334.17M,No,66.2,67.98,91.92,68.67,84.05,497
98,SBECSUG.BO,72.38,68.94,11.39K,Process Industries,Agricultural Commodities/Milling,96.0,68.0,98.0,95.0,3.7393,3.6379,14.87K,5.86K,88.84,26.85,3.45B,No,64.19,66.37,40.01,67.23,43.25,497
99,PURPLEWAVE.BO,284.3,270.8,49.00K,Technology Services,Packaged Software,96.0,99.0,98.0,96.0,19.4857,18.5893,40.69K,85.20K,284.3,95.1,,No,177.43,138.96,,151.13,127.97,158
100,MEGAMONT.BO,155.0,147.9,0.23K,Non-Energy Minerals,Forest Products,96.0,8.0,54.0,97.0,3.1536,0.9786,0.93K,0.84K,206.0,40.1,2.31B,No,151.42,159.31,109.38,158.58,133.06,496
101,SKM.BO,427.0,434.8,17.00K,Process Industries,Chemicals: Major Diversified,96.0,75.0,89.0,97.0,18.1643,16.825,30.34K,11.90K,495.0,102.05,5.23B,No,457.49,415.45,240.8,421.94,281.6,203
102,RGIL.BO,288.65,283.0,65.01K,Process Industries,Pulp & Paper,96.0,80.0,92.0,95.0,4.0714,2.2643,4.97K,13.24K,319.0,63.31,3.80B,No,291.93,243.8,173.63,253.71,188.17,496
103,RPTECH.NS,854.9,887.8,296.98K,Distribution Services,Electronics Distributors,96.0,76.0,95.0,96.0,46.5179,44.5321,1354.04K,867.31K,967.7,276.0,56.34B,No,817.28,747.51,478.49,772.84,536.72,500
104,OMNI.NS,573.35,598.25,1435.71K,Producer Manufacturing,Metal Fabrication,96.0,74.0,87.0,,54.5286,54.2679,993.08K,3341.83K,764.85,176.25,70.90B,No,594.36,540.69,,540.14,,110
105,INCON.BO,27.39,26.86,4.19K,Producer Manufacturing,Industrial Machinery,96.0,3.0,98.0,96.0,0.62,0.1643,3.50K,2.90K,37.04,10.83,118.52M,No,28.96,25.32,16.78,26.35,17.93,497
106,RRMETAL.BO,69.19,70.6,0.02K,Distribution Services,Food Distributors,96.0,92.0,98.0,96.0,3.2479,1.7036,13.25K,21.52K,77.81,23.8,623.32M,No,66.56,57.41,36.48,60.37,39.72,496
107,BAFNAPH.NS,268.3,273.75,3.32K,Health Technology,Pharmaceuticals: Major,96.0,95.0,97.0,95.0,5.665,1.5329,26.74K,72.13K,290.7,88.72,6.35B,No,255.25,215.26,154.88,222.16,157.95,498
108,SWASTIKA.BO,160.8,153.6,135.97K,Finance,Investment Banks/Brokers,96.0,98.0,98.0,97.0,7.4664,6.5421,86.32K,28.93K,161.25,43.65,3.23B,No,121.28,87.15,73.72,94.94,71.67,497
109,AMS.BO,75.0,74.0,0.60K,Producer Manufacturing,Auto Parts: Oem,96.0,98.0,60.0,97.0,3.0221,2.715,0.45K,0.33K,81.46,25.77,247.69M,No,66.41,55.7,42.64,58.26,50.6,498
110,AMALGAM.BO,144.1,145.55,0.02K,Commercial Services,Miscellaneous Commercial Services,96.0,98.0,98.0,94.0,2.97,0.2914,0.90K,2.52K,147.91,38.9,400.10M,No,126.89,105.57,75.08,113.75,75.93,497
111,RUBICON.NS,1653.6,1655.1,288.99K,Health Technology,Biotechnology,96.0,87.0,96.0,96.0,61.1714,59.6,520.02K,159.91K,1679.8,570.75,273.00B,No,1527.66,1418.77,927.83,1447.91,1050.72,203
112,DEEDEV.NS,638.7,623.2,190.77K,Producer Manufacturing,Industrial Machinery,95.0,24.0,89.0,97.0,36.3214,35.9393,208.52K,158.32K,760.0,183.0,48.06B,No,663.09,674.12,390.35,672.23,459.71,499
113,SANSERA.NS,3878.3,3685.1001,328.37K,Producer Manufacturing,Auto Parts: Oem,95.0,91.0,94.0,95.0,139.5643,132.2143,315.79K,220.29K,3938.0,1241.3,242.02B,No,3436.31,3215.91,2336.17,3305.42,2637.52,500
114,TRUEGREEN.BO,188.65,189.2,13.78K,Process Industries,Textiles,95.0,57.0,85.0,97.0,9.6714,9.6714,11.85K,6.51K,200.85,52.75,6.22B,No,186.64,187.14,120.45,188.6,145.03,497
115,SVRL.BO,537.45,522.35,18.30K,Process Industries,Agricultural Commodities/Milling,95.0,97.0,98.0,93.0,27.7393,26.4571,15.55K,27.09K,543.0,185.75,11.89B,No,433.77,345.47,288.55,367.58,295.86,498
116,UNIVCABLES.NS,1708.9,1669.4,173.15K,Electronic Technology,Electronic Components,95.0,97.0,93.0,96.0,92.9572,86.2286,292.48K,376.76K,1774.9,576.0,59.29B,No,1360.15,1265.79,935.19,1284.74,970.74,500
117,GALLOPENT.BO,37.7,35.93,0.20K,Finance,Real Estate Development,95.0,87.0,97.0,94.0,2.4043,2.335,0.36K,0.37K,42.0,16.36,188.93M,No,37.64,31.79,23.85,32.68,25.84,499
118,KABRAEXTRU.NS,494.9,508.7,170.62K,Producer Manufacturing,Industrial Machinery,95.0,98.0,97.0,96.0,37.1714,36.9464,206.16K,724.51K,523.8,180.0,17.31B,No,406.06,318.92,251.98,333.33,264.57,499
119,HITECHCORP.NS,326.25,323.15,14.90K,Producer Manufacturing,Miscellaneous Manufacturing,95.0,47.0,98.0,95.0,5.2357,5.1714,33.63K,7.83K,333.9,112.0,5.60B,No,321.24,317.22,200.75,318.65,210.89,498
120,COSPOWER.BO,1901.55,1905.0,0.38K,Producer Manufacturing,Electrical Products,95.0,68.0,95.0,94.0,57.8893,43.075,1.36K,0.49K,2140.0,595.0,3.49B,No,1941.69,1868.25,1194.98,1880.32,1326.48,498
121,SETL.NS,300.05,297.3,1920.53K,Health Technology,Medical Specialties,95.0,74.0,98.0,97.0,14.1,13.4964,1043.43K,414.11K,307.0,104.56,60.59B,No,281.2,243.7,165.91,254.14,170.65,394
122,CHOKSI.BO,236.15,252.95,8.85K,Health Technology,Medical Specialties,95.0,95.0,96.0,93.0,22.8929,22.5036,6.38K,17.93K,266.45,75.0,1.35B,No,215.88,180.7,142.59,188.79,158.77,497
123,SCPL.NS,652.1,615.7,246.70K,Consumer Non-Durables,Food: Meat/Fish/Dairy,95.0,94.0,91.0,95.0,39.05,38.5071,58.39K,117.42K,665.0,190.03,6.85B,No,587.55,527.39,367.67,543.81,416.88,498
124,SAPL.BO,4008.5,4029.0,2.54K,Producer Manufacturing,Industrial Machinery,95.0,96.0,97.0,95.0,252.7821,228.1464,0.14K,0.71K,4364.0,1685.0,19.10B,No,3718.13,3092.62,2336.26,3199.83,2480.48,498
125,UNIVASTU.NS,145.76,138.82,133.99K,Industrial Services,Engineering & Construction,95.0,97.0,97.0,96.0,8.1236,8.0029,208.03K,221.87K,150.5,56.02,5.25B,No,130.45,105.88,77.0,109.95,81.55,499
126,RAJPALAYAM.NS,838.1,822.1,1.24K,Process Industries,Textiles,95.0,60.0,49.0,,21.8607,21.5107,2.08K,0.90K,875.0,314.45,,No,824.41,826.85,,828.43,,84
127,CRYOGENIC.BO,354.0,342.0,9.00K,Industrial Services,Oilfield Services/Equipment,95.0,91.0,96.0,94.0,12.7536,11.0536,34.37K,16.35K,356.9,103.55,5.06B,No,315.87,290.61,210.03,299.16,220.68,271
128,EMAINDIA.BO,621.45,634.1,0.86K,Producer Manufacturing,Industrial Machinery,95.0,2.0,58.0,80.0,17.6964,9.4214,1.83K,0.59K,876.75,131.75,624.56M,No,702.77,763.1,546.07,745.91,596.25,498
129,SHARP.BO,120.45,121.65,33.01K,Consumer Durables,Electronics/Appliances,95.0,64.0,89.0,97.0,0.3393,0.1714,14.94K,3.78K,122.85,36.0,3.13B,No,120.0,117.5,69.63,118.08,81.16,495
130,MODISONLTD.NS,308.8,307.45,291.02K,Industrial Services,Engineering & Construction,95.0,70.0,97.0,94.0,14.7536,13.6929,202.48K,54.91K,362.7,114.0,10.02B,No,285.61,301.82,189.47,296.99,207.37,498
131,TITANBIO.BO,396.05,398.2,10.78K,Health Technology,Biotechnology,95.0,54.0,18.0,94.0,15.325,15.3214,26.94K,15.40K,555.65,86.63,16.36B,No,415.08,414.68,330.53,413.07,387.14,499
132,DIGILOGIC.BO,178.95,188.35,87.60K,Electronic Technology,Electronic Equipment/Instruments,95.0,97.0,96.0,94.0,10.3607,9.175,95.81K,209.52K,186.8,72.95,5.18B,No,139.14,128.46,,132.08,,135
133,KPL.NS,3313.8,3310.5,46.93K,Health Technology,Pharmaceuticals: Major,95.0,92.0,97.0,,176.5572,176.5572,57.27K,115.77K,3450.0,1561.0,,No,2742.87,2605.47,,2668.35,,80
134,GVPIL.NS,794.0,760.25,439.11K,Industrial Services,Engineering & Construction,95.0,17.0,83.0,97.0,38.35,37.6071,360.27K,185.38K,1084.0,270.9,53.38B,No,771.6,863.41,542.08,853.6,631.48,500
135,CHMBBRW.BO,45.76,46.69,0.17K,Consumer Non-Durables,Beverages: Alcoholic,95.0,97.0,94.0,95.0,0.9079,0.0171,17.02K,41.17K,49.6,15.03,342.69M,No,43.81,32.82,28.95,34.5,29.47,497
136,SAKAR.NS,935.8,953.75,77.55K,Health Technology,Pharmaceuticals: Major,95.0,86.0,96.0,96.0,48.6036,47.1036,203.17K,122.42K,964.0,311.0,20.54B,No,882.19,847.12,584.43,853.46,661.23,500
137,NOVARTIND.NS,1591.7,1593.7,9.41K,Health Technology,Pharmaceuticals: Major,95.0,74.0,91.0,,75.5643,74.7715,37.68K,21.60K,1780.0,672.25,39.30B,No,1618.75,1499.51,,1507.75,,84
138,CELLA.BO,27.33,28.5,20.73K,Process Industries,Pulp & Paper,95.0,97.0,97.0,95.0,1.9136,1.6443,17.14K,33.87K,32.26,11.65,550.73M,No,26.17,21.92,16.02,22.67,16.95,497
139,SICAGEN.NS,60.67,60.0,128.10K,Distribution Services,Wholesale Distributors,95.0,85.0,69.0,,4.7564,4.2879,56.06K,277.98K,74.06,24.35,2.40B,No,54.14,53.79,,55.46,,85
140,SHILPAMED.NS,805.2,819.7,976.73K,Health Technology,Pharmaceuticals: Major,95.0,93.0,97.0,97.0,34.4464,32.8143,1903.25K,5347.45K,820.95,259.5,157.48B,No,665.61,612.65,424.33,630.85,465.67,500
141,NRL.NS,115.25,117.32,23.93K,Non-Energy Minerals,Other Metals/Minerals,95.0,89.0,97.0,95.0,2.345,1.2886,139.06K,73.09K,118.0,45.1,7.96B,No,109.5,94.39,65.87,97.97,68.79,498
142,DIVGIITTS.NS,1231.95,1076.4,2717.10K,Producer Manufacturing,Auto Parts: Oem,95.0,92.0,95.0,94.0,51.9929,43.2,211.89K,62.37K,1288.0,573.7,37.68B,No,983.06,926.36,728.21,962.09,791.07,498
143,BEEZAASAN.BO,443.2,422.1,50.40K,Process Industries,Industrial Specialties,95.0,94.0,97.0,94.0,13.6893,11.2929,34.20K,11.60K,443.2,177.05,6.72B,No,393.91,359.6,258.59,372.21,271.33,358
144,AEROFLEX.NS,446.55,422.65,1801.70K,Producer Manufacturing,Industrial Machinery,95.0,77.0,55.0,96.0,23.8929,22.3929,1976.18K,1758.26K,521.9,158.0,59.09B,No,428.6,442.37,288.82,443.14,333.24,500
145,INDOTECH.NS,3539.0,3725.2,40.96K,Producer Manufacturing,Electrical Products,95.0,81.0,84.0,97.0,183.1428,183.1286,29.65K,18.00K,3976.8,1100.0,37.58B,No,3517.5,3159.59,2081.42,3226.42,2272.95,499
146,NGLFINE.NS,3409.0,3447.7,11.57K,Health Technology,Pharmaceuticals: Major,95.0,70.0,92.0,93.0,150.7643,149.5571,17.81K,7.53K,3602.0,1271.0,21.06B,No,3269.38,3107.72,2206.34,3192.39,2573.31,499
147,SHREEJISPG.NS,641.65,629.75,1099.43K,Transportation,Other Transportation,95.0,90.0,94.0,92.0,20.1893,19.7286,1069.90K,904.65K,681.55,222.0,104.54B,No,635.87,553.8,410.17,571.93,448.2,241
148,ONELIFECAP.NS,30.61,31.96,97.71K,Finance,Investment Managers,95.0,2.0,94.0,94.0,2.0743,2.0743,60.05K,59.34K,40.1,11.15,1.14B,No,35.64,33.57,20.62,33.85,23.09,498
149,HEMORGANIC.BO,20.94,22.04,2.27K,Process Industries,Chemicals: Specialty,94.0,28.0,95.0,84.0,0.2486,0.0,7.88K,1.15K,24.42,8.08,72.58M,No,23.65,22.27,16.09,22.31,17.12,495
150,VEL.BO,65.66,64.96,10.12K,Distribution Services,Wholesale Distributors,94.0,76.0,87.0,83.0,3.5457,3.4721,33.60K,79.21K,68.0,17.5,1.67B,No,62.17,61.38,47.64,61.84,51.9,497
151,SBCL.NS,1026.65,1039.2,469.70K,Non-Energy Minerals,Other Metals/Minerals,94.0,96.0,95.0,96.0,51.4072,45.425,740.64K,2072.86K,1105.05,368.6,59.14B,No,804.04,763.29,558.73,792.72,610.31,499
152,CHANDNIMACH.BO,109.7,108.8,13.32K,Producer Manufacturing,Industrial Machinery,94.0,86.0,95.0,89.0,5.59,5.3686,17.94K,8.18K,127.74,31.0,772.11M,No,105.95,89.6,78.28,93.71,77.55,497
153,SEDEMAC.NS,3050.0,3096.2,202.97K,Producer Manufacturing,Auto Parts: Oem,94.0,75.0,93.0,,137.4214,134.4,180.35K,232.79K,3135.0,1413.1,134.72B,No,2776.26,2736.19,,2768.99,,107
154,SAYAJIHOTL.NS,328.0,313.05,0.00K,Consumer Services,Hotels/Resorts/Cruise Lines,94.0,76.0,75.0,,11.65,9.375,0.14K,0.50K,330.0,138.7,5.75B,No,303.66,301.11,,305.55,,86
155,JASCH.BO,299.15,303.05,5.00K,Process Industries,Textiles,94.0,78.0,97.0,93.0,19.6714,17.8429,15.21K,8.56K,343.65,126.05,2.03B,No,295.95,272.59,189.84,273.43,199.38,497
156,MARC.NS,132.1,131.15,,Industrial Services,Engineering & Construction,94.0,96.0,93.0,97.0,7.6071,6.7143,,,,,,No,112.49,95.32,,101.75,81.12,151
157,KKPLASTICK.BO,51.81,51.81,2.86K,Producer Manufacturing,Miscellaneous Manufacturing,94.0,98.0,97.0,94.0,0.9379,0.0,0.37K,0.50K,51.81,22.61,286.43M,No,44.84,34.8,29.84,37.59,31.49,497
158,EXATO.BO,605.0,631.1,67.00K,Technology Services,Packaged Software,94.0,96.0,92.0,94.0,31.5357,30.0964,43.07K,14.65K,660.0,266.0,6.09B,No,589.89,477.82,,495.74,403.23,170
159,VISL.NS,39.08,38.81,65080.69K,Non-Energy Minerals,Steel,94.0,87.0,,,1.7836,1.7171,69088.54K,44800.48K,44.78,19.06,152.82B,No,33.62,,,,,43
160,LTELEVATOR.BO,320.85,331.65,88.00K,Producer Manufacturing,Building Products,94.0,94.0,96.0,90.0,16.7643,14.3214,86.11K,72.80K,343.0,125.33,6.82B,No,274.05,256.13,202.51,264.77,213.49,221
161,WELCORP.NS,1867.6,1836.9,583.80K,Producer Manufacturing,Industrial Machinery,94.0,86.0,92.0,96.0,54.0286,51.9643,1024.31K,790.33K,1873.0,710.0,492.49B,No,1701.48,1562.14,1089.59,1586.91,1193.33,500
162,BIRLACABLE.NS,294.17,280.26,290.54K,Producer Manufacturing,Electrical Products,94.0,98.0,96.0,95.0,12.5314,8.9271,93.65K,119.32K,294.27,104.0,8.83B,No,216.68,208.06,160.81,214.3,170.22,499
163,UEL.NS,259.47,273.12,13.50K,Utilities,Alternative Power Generation,94.0,98.0,95.0,94.0,15.7593,10.0036,19.57K,80.20K,284.2,92.32,34.61B,No,171.12,149.06,146.48,158.72,156.05,499
164,SHADOWFAX.NS,247.39,249.03,4157.49K,Technology Services,Packaged Software,94.0,81.0,92.0,95.0,12.7057,12.6214,7768.31K,15712.49K,261.5,98.55,145.11B,No,228.62,223.08,,228.39,,136
165,KAPSTON.NS,578.2,563.4,88.95K,Commercial Services,Miscellaneous Commercial Services,94.0,97.0,96.0,83.0,25.8679,23.6071,46.24K,102.34K,600.0,237.2,17.60B,No,488.22,412.7,346.72,430.8,369.52,500
166,CNL.NS,1207.25,1115.6,269.54K,Distribution Services,Electronics Distributors,94.0,96.0,97.0,91.0,72.3643,70.6321,273.27K,175.62K,1218.35,525.0,18.13B,No,1017.0,858.16,713.02,902.28,722.08,498
167,COCKERILL.NS,9693.5,9661.5,4.79K,Non-Energy Minerals,Steel,94.0,63.0,96.0,,400.9643,398.25,22.97K,7.66K,10871.5,5015.25,,No,9089.3,9171.34,,9234.35,,81
168,CHEMIESYNT.BO,77.36,77.36,0.00K,Process Industries,Chemicals: Specialty,94.0,86.0,88.0,94.0,0.5129,0.0,,,77.36,30.98,237.50M,No,74.47,69.7,49.73,71.01,55.47,497
169,MACPOWER.NS,1726.3,1754.3,22.81K,Producer Manufacturing,Industrial Machinery,94.0,92.0,91.0,94.0,110.5643,110.5643,53.81K,94.02K,1839.9,761.0,17.27B,No,1469.92,1301.69,1050.94,1366.22,1101.2,499
170,DECNGOLD.NS,220.35,221.31,3117.80K,Non-Energy Minerals,Precious Metals,94.0,72.0,96.0,,10.5214,10.1857,3038.44K,3733.91K,235.0,114.8,,No,200.95,195.56,,199.52,,80
171,VINDHYATEL.NS,2582.7,2429.0,174.03K,Industrial Services,Engineering & Construction,94.0,94.0,91.0,95.0,144.45,137.0143,103.18K,142.37K,2600.0,963.9,30.61B,No,2083.1,2078.22,1539.9,2112.54,1587.92,500
172,PARAS.NS,1280.7,1284.0,590.72K,Electronic Technology,Aerospace & Defense,94.0,67.0,92.0,93.0,50.55,50.3357,3337.72K,1033.29K,1443.0,580.5,103.21B,No,1241.05,1218.12,833.81,1247.24,898.15,500
173,KMEW.NS,2599.8,2621.1001,41.33K,Producer Manufacturing,Trucks/Construction/Farm Machinery,94.0,84.0,82.0,83.0,117.65,112.2357,120.68K,113.06K,2737.0,809.6,63.96B,No,2499.05,2295.76,1837.66,2333.14,1935.04,420
174,BRRL.BO,898.35,840.0,4.20K,Consumer Durables,Homebuilding,94.0,64.0,37.0,85.0,57.6179,55.3464,3.77K,10.70K,1011.0,260.3,9.28B,No,867.24,897.33,743.78,885.43,864.65,497
175,ATVOENT.BO,37.5,35.83,289.23K,Consumer Non-Durables,Apparel/Footwear,94.0,90.0,91.0,91.0,0.8629,0.66,45.35K,21.43K,37.62,12.0,4.01B,No,32.35,30.1,21.93,30.85,25.03,497
176,MENONBE.NS,235.63,237.22,35.82K,Producer Manufacturing,Metal Fabrication,94.0,95.0,95.0,95.0,13.855,13.4279,251.42K,65.68K,249.0,101.5,13.20B,No,219.5,186.75,136.73,193.6,147.58,498
177,PAISALO.NS,68.75,69.31,5772.01K,Finance,Finance/Rental/Leasing,94.0,26.0,90.0,94.0,2.6279,2.6107,15888.69K,11460.86K,77.39,29.86,62.53B,No,70.96,66.18,45.25,67.3,49.52,499
178,AVAX.BO,50.55,48.41,1.00K,Distribution Services,Wholesale Distributors,94.0,51.0,71.0,90.0,1.1636,0.7243,7.60K,2.20K,55.4,12.53,420.24M,No,49.91,50.52,39.33,50.21,44.54,393
179,KANORICHEM.NS,157.29,160.62,44.25K,Process Industries,Chemicals: Specialty,94.0,89.0,95.0,96.0,8.9557,8.8107,42.06K,28.67K,164.6,56.0,6.87B,No,150.53,131.48,90.19,137.48,97.11,500
180,RRKABEL.NS,2789.6,2812.8,234.08K,Producer Manufacturing,Electrical Products,94.0,92.0,91.0,94.0,110.0428,106.45,724.03K,862.35K,2844.9,1165.0,315.52B,No,2557.18,2394.71,1725.13,2444.48,1865.45,498
181,KOVAI.NS,5825.5,5865.5,9.80K,Health Services,Hospital/Nursing Management,94.0,37.0,56.0,,189.1429,181.5357,5.65K,4.21K,6340.0,2576.65,63.74B,No,5893.1,5891.53,,5911.45,,86
182,APARINDS.NS,18000.0,16748.0,378.75K,Electronic Technology,Electronic Equipment/Instruments,94.0,93.0,91.0,95.0,803.1429,776.8571,158.45K,189.14K,18465.0,6801.0,723.31B,No,14798.2,14867.14,11140.31,15245.9,12320.25,500
183,AEGISLOG.NS,1264.5,1297.6,835.68K,Distribution Services,Wholesale Distributors,94.0,49.0,96.0,91.0,74.7,73.3929,2966.77K,1288.09K,1497.8,576.1,443.84B,No,1329.85,1188.59,828.26,1227.94,863.6,498
184,TIMESGREEN.BO,81.0,78.5,32.00K,Process Industries,Agricultural Commodities/Milling,94.0,87.0,94.0,89.0,0.4714,0.2714,9.21K,3.20K,81.0,37.27,451.53M,No,75.3,65.6,51.73,69.1,53.44,500
185,KRISHNA.BO,35.31,36.02,8.55K,Industrial Services,Engineering & Construction,93.0,9.0,91.0,78.0,0.6871,0.0814,19.20K,0.67K,51.72,12.44,381.35M,No,41.84,40.07,25.6,41.35,29.49,497
186,COMSYN.NS,269.25,267.55,480.47K,Process Industries,Containers/Packaging,93.0,96.0,96.0,88.0,19.2329,18.8971,834.19K,2492.26K,275.0,133.0,10.86B,No,208.76,187.27,162.05,196.64,171.18,499
187,BLUESTONE.NS,894.5,837.85,7488.74K,Retail Trade,Specialty Stores,93.0,98.0,96.0,93.0,56.3643,56.0393,3769.92K,7828.91K,911.0,399.8,136.63B,No,773.73,638.35,539.26,662.35,540.96,245
188,AETHER.NS,1612.7,1634.2,106.75K,Process Industries,Chemicals: Major Diversified,93.0,74.0,88.0,87.0,58.9214,57.9929,436.22K,589.91K,1645.0,726.45,214.05B,No,1518.2,1376.73,1088.33,1413.74,1190.68,500
189,MBAPL.NS,165.75,165.49,582.35K,Process Industries,Chemicals: Agricultural,93.0,93.0,91.0,94.0,7.4686,7.2457,1331.34K,939.46K,170.94,74.63,72.62B,No,153.13,130.72,101.25,137.11,111.05,499
190,DANLAW.BO,1387.15,1321.1,35.15K,Technology Services,Packaged Software,93.0,95.0,96.0,93.0,49.4393,32.9929,4.17K,3.87K,1387.15,428.0,6.76B,No,1069.55,1035.99,806.55,1066.54,821.39,497
191,INDIAHOMES.BO,25.88,25.24,991.06K,Non-Energy Minerals,Steel,93.0,85.0,70.0,93.0,1.2143,1.2143,922.73K,707.28K,26.19,9.04,10.30B,No,22.56,22.59,16.76,22.91,18.96,497
192,SENORES.NS,1492.4,1475.7,267.98K,Health Technology,Pharmaceuticals: Major,93.0,67.0,94.0,93.0,57.6929,57.1,465.21K,260.15K,1509.8,662.45,68.73B,No,1378.82,1323.52,959.17,1360.77,1032.39,405
193,BETA.NS,2559.0,2668.3,110.90K,Health Technology,Pharmaceuticals: Major,93.0,86.0,97.0,92.0,165.2928,163.0071,48.80K,47.23K,2807.9,990.1,25.83B,No,2351.64,2126.58,1609.85,2202.46,1601.17,499
194,VISTARAMAR.BO,252.3,230.3,64.57K,Finance,Investment Banks/Brokers,93.0,94.0,82.0,95.0,12.5286,11.5393,3.90K,3.83K,253.3,91.15,1.45B,No,218.11,205.45,165.15,211.53,188.31,497
195,AVALON.NS,1963.9,1938.3,406.43K,Electronic Technology,Electronic Production Equipment,93.0,82.0,91.0,95.0,99.4857,98.6857,488.63K,642.45K,2004.0,777.3,131.21B,No,1786.81,1742.05,1210.21,1794.09,1332.74,500
196,TDPOWERSYS.NS,1480.1,1275.6,11126.29K,Producer Manufacturing,Electrical Products,93.0,95.0,82.0,93.0,80.5143,71.7786,1358.41K,1737.73K,1530.0,491.0,231.23B,No,1167.09,1190.3,951.63,1207.59,1057.14,500
197,GULFPETRO.NS,62.75,62.33,353.64K,Energy Minerals,Oil Refining/Marketing,93.0,98.0,96.0,93.0,3.07,2.3871,139.75K,399.50K,64.15,23.25,3.20B,No,48.27,43.06,36.33,44.68,36.64,499
198,GRAMEVA.BO,87.8,85.55,0.69K,Producer Manufacturing,Industrial Conglomerates,93.0,10.0,93.0,80.0,4.8107,3.9357,1.53K,0.85K,116.0,32.97,421.39M,No,94.28,92.01,68.38,93.41,72.16,497
199,LAURUSLABS.NS,1850.0,1858.0,1088.42K,Health Technology,Pharmaceuticals: Major,93.0,90.0,93.0,93.0,43.8929,42.2643,2254.31K,1981.25K,1870.8,823.1,999.58B,No,1728.53,1568.17,1197.89,1597.88,1274.58,500
200,GEE.BO,137.8,131.25,309.01K,Producer Manufacturing,Industrial Machinery,93.0,96.0,95.0,92.0,7.0786,6.3321,74.00K,99.69K,137.8,53.61,7.16B,No,115.97,105.87,82.64,110.41,84.3,498
201,HAPPYFORGE.NS,2022.7,1907.8,244.24K,Producer Manufacturing,Metal Fabrication,93.0,93.0,90.0,93.0,77.7071,75.3429,121.92K,141.25K,2040.0,862.05,190.90B,No,1715.5,1573.15,1287.05,1618.0,1391.21,500
202,THANGAMAYL.NS,5328.0,5228.0,141.03K,Consumer Durables,Other Consumer Specialties,93.0,3.0,84.0,89.0,350.8571,291.1071,285.66K,459.31K,7430.0,1939.5,165.60B,No,5941.43,5892.89,4130.37,5839.95,4486.94,500
203,PARMESHWAR.BO,194.95,190.0,7.00K,Non-Energy Minerals,Other Metals/Minerals,93.0,50.0,47.0,77.0,6.2857,4.5071,16.92K,5.50K,241.5,64.71,2.98B,No,190.54,193.28,149.78,192.8,166.92,391
204,SALSTEEL.NS,63.05,58.89,828.64K,Non-Energy Minerals,Steel,93.0,77.0,71.0,90.0,3.7643,3.645,134.82K,248.22K,67.59,14.37,9.13B,No,58.26,57.94,48.31,57.78,51.96,498
205,COLINZ.BO,81.5,79.68,15.24K,Health Technology,Pharmaceuticals: Major,93.0,87.0,95.0,51.0,5.7514,5.7343,5.30K,2.19K,87.91,36.11,205.31M,No,80.58,72.95,54.21,74.21,57.92,497
206,INOVSYNTH.BO,137.2,135.85,336.77K,Miscellaneous,Miscellaneous,93.0,69.0,98.0,94.0,0.3929,0.3,71.93K,36.08K,137.2,50.1,12.74B,No,134.16,125.89,87.77,130.26,91.86,495
207,BLUSPRING.NS,121.51,117.85,905.81K,Commercial Services,Miscellaneous Commercial Services,93.0,83.0,96.0,94.0,6.6036,6.5521,1042.36K,370.93K,131.82,43.98,18.16B,No,112.51,108.05,75.53,111.07,78.15,293
208,SOTL.NS,695.9,700.05,308.33K,Process Industries,Chemicals: Specialty,93.0,88.0,94.0,94.0,45.1679,38.925,754.33K,1096.60K,814.8,285.8,47.71B,No,644.23,595.9,428.02,612.33,453.9,500
209,INDCEMCAP.BO,25.18,24.69,14.85K,Finance,Financial Conglomerates,93.0,97.0,97.0,92.0,0.4314,0.0007,35.75K,19.56K,25.18,9.14,546.56M,No,20.82,18.31,14.85,19.06,14.92,497
210,KERNEX.NS,2170.5,2387.3,529.80K,Electronic Technology,Computer Communications,93.0,57.0,89.0,92.0,141.4857,139.4357,300.09K,216.17K,2580.0,850.0,36.47B,No,2266.1,2155.19,1445.72,2172.33,1545.52,500
211,PPARIVAH.BO,259.0,255.0,12.00K,Transportation,Marine Shipping,93.0,86.0,95.0,83.0,9.5179,8.65,46.24K,35.88K,264.0,108.0,2.94B,No,231.17,211.39,171.13,221.41,179.4,343
212,INVPRECQ.NS,1135.3,1141.0,2.80K,Producer Manufacturing,Metal Fabrication,93.0,96.0,97.0,,67.1036,67.1036,8.96K,8.34K,1164.0,551.0,,No,1021.08,845.66,,901.85,,80
213,UNIPARTS.NS,813.55,806.2,139.66K,Producer Manufacturing,Auto Parts: Oem,93.0,88.0,91.0,92.0,35.2143,34.7857,243.07K,366.02K,839.0,380.0,36.70B,No,734.64,690.65,541.58,706.53,569.8,499
214,FCL.NS,42.65,42.99,20019.25K,Process Industries,Industrial Specialties,93.0,83.0,93.0,93.0,2.4157,2.3921,24771.94K,10187.19K,47.18,19.1,49.67B,No,40.16,39.96,28.76,40.17,30.27,500
215,SCANSTL.NS,60.68,61.77,30.76K,Non-Energy Minerals,Steel,93.0,96.0,93.0,,4.6329,4.5971,206.75K,558.40K,68.81,31.35,,No,55.96,46.37,,48.76,,80
216,SPORTKING.NS,203.53,208.19,192.67K,Process Industries,Textiles,93.0,78.0,88.0,95.0,13.1086,11.7371,775.83K,1903.86K,241.51,78.17,25.90B,No,207.77,191.47,133.34,193.58,150.26,499
217,GRWRHITECH.NS,7132.5,7020.5,46.02K,Process Industries,Chemicals: Specialty,93.0,61.0,88.0,95.0,292.4643,287.1071,82.98K,118.70K,7990.0,2681.0,165.71B,No,7044.38,6788.46,4644.16,6857.9,5128.01,500
218,EENTER.BO,23.49,24.49,5.33K,Finance,Investment Managers,93.0,79.0,85.0,90.0,0.0829,0.0,0.36K,0.53K,24.49,10.72,5.64M,No,23.91,22.5,18.0,23.13,19.86,497
219,YASHHV.BO,938.9,938.05,55.50K,Producer Manufacturing,Electrical Products,93.0,41.0,88.0,95.0,42.9607,41.5464,143.45K,71.53K,1025.0,366.0,26.86B,No,933.77,880.1,602.35,894.48,661.87,408
220,TIRUPATIFL.NS,66.49,68.21,267.71K,Producer Manufacturing,Industrial Conglomerates,93.0,44.0,93.0,94.0,4.1786,4.1229,879.44K,232.99K,83.9,30.11,7.86B,No,72.05,62.02,44.48,62.67,48.19,498
221,VELJAN.NS,1715.7,1700.1,0.20K,Producer Manufacturing,Industrial Machinery,93.0,67.0,95.0,,87.2857,86.1857,2.56K,0.93K,1980.0,812.0,,No,1730.86,1539.53,,1582.23,,80
222,FILATEX.NS,83.31,83.12,2329.88K,Process Industries,Textiles,92.0,95.0,97.0,91.0,4.18,4.1736,4062.24K,6025.93K,85.7,36.26,36.99B,No,75.96,63.4,51.49,66.33,51.42,499
223,AFCOM.BO,1488.8,1466.7,93.36K,Transportation,Airlines,92.0,73.0,93.0,95.0,56.8571,53.8286,117.59K,51.65K,1529.0,637.85,42.73B,No,1409.12,1274.46,941.39,1332.53,991.73,497
224,INDOBORAX.NS,449.05,433.4,505.00K,Process Industries,Chemicals: Specialty,92.0,63.0,95.0,92.0,29.4929,28.9,526.23K,378.10K,499.0,224.0,14.41B,No,415.69,400.66,295.08,407.02,312.43,499
225,BLSE.NS,316.65,317.65,743.89K,Technology Services,Internet Software/Services,92.0,90.0,94.0,94.0,13.5829,13.1136,817.21K,704.25K,324.9,124.3,28.71B,No,292.64,261.82,203.81,269.36,205.19,500
226,MARINE.NS,347.0,349.7,869.89K,Distribution Services,Wholesale Distributors,92.0,96.0,91.0,92.0,17.6964,16.9893,1033.78K,1691.42K,357.8,150.86,46.03B,No,285.06,269.99,224.04,275.82,226.73,499
227,IBULLSLTD.NS,27.45,28.11,21449.52K,Finance,Real Estate Development,92.0,19.0,90.0,96.0,1.7186,1.6429,7635.27K,7600.84K,32.5,8.9,61.45B,No,28.91,27.6,18.53,27.85,18.62,500
228,PHRMASI.BO,88.6,85.3,0.42K,Health Technology,Pharmaceuticals: Major,92.0,11.0,38.0,22.0,5.4436,4.9107,0.51K,0.45K,131.75,26.0,604.87M,No,87.72,93.42,88.07,93.87,93.06,496
229,SYRMA.NS,1473.3,1494.8,749.18K,Electronic Technology,Electronic Production Equipment,92.0,71.0,89.0,93.0,62.1572,59.7,1600.53K,2420.86K,1543.0,634.5,283.79B,No,1392.38,1361.84,970.16,1378.13,1057.7,499
230,TFCILTD.NS,115.13,115.6,8760.16K,Finance,Finance/Rental/Leasing,92.0,97.0,90.0,91.0,4.2129,3.9579,9936.69K,18335.95K,118.0,51.0,53.30B,No,99.06,85.68,73.13,88.85,76.4,500
231,VIKRAMTH.BO,263.15,250.65,20.99K,Health Technology,Pharmaceuticals: Major,92.0,76.0,96.0,90.0,7.7857,6.8929,25.43K,16.23K,263.15,130.6,8.25B,No,247.87,234.54,178.11,238.64,183.33,497
232,MOREPENLAB.NS,73.46,76.89,13257.64K,Health Technology,Pharmaceuticals: Major,92.0,89.0,95.0,94.0,4.5843,4.275,15325.16K,36610.32K,83.5,33.05,40.25B,No,63.52,57.99,45.5,59.65,46.55,500
233,RISHABH.NS,668.3,678.85,343.06K,Producer Manufacturing,Electrical Products,92.0,58.0,85.0,90.0,26.5214,25.8071,271.38K,144.99K,692.8,281.85,25.82B,No,643.76,608.03,468.65,621.05,499.82,497
234,KIRLOSENG.NS,2053.4,2101.5,449.05K,Producer Manufacturing,Electrical Products,92.0,6.0,79.0,91.0,105.4,101.2571,814.94K,567.41K,2720.0,855.8,298.81B,No,2203.03,2200.36,1560.58,2193.21,1733.15,499
235,UTLSOLAR.NS,389.0,394.65,331.26K,Electronic Technology,Semiconductors,92.0,71.0,91.0,93.0,17.35,17.0143,460.74K,315.26K,424.8,172.0,119.38B,No,382.31,351.92,,356.45,276.7,183
236,ADMACH.BO,373.0,375.0,2.40K,Producer Manufacturing,Industrial Machinery,92.0,91.0,95.0,91.0,11.7143,8.7179,13.96K,3.60K,413.95,179.0,2.53B,No,390.54,335.56,,342.29,262.73,153
237,CYIENTDLM.NS,688.95,709.0,370.81K,Electronic Technology,Electronic Production Equipment,92.0,93.0,95.0,93.0,28.8857,28.7786,680.54K,501.55K,734.95,265.2,54.68B,No,661.84,552.94,426.73,573.71,428.56,500
238,RPEL.NS,1289.3,1301.9,39.44K,Process Industries,Chemicals: Major Diversified,92.0,49.0,95.0,91.0,43.95,43.75,142.16K,45.43K,1371.8,561.3,59.21B,No,1281.75,1233.17,919.81,1255.22,916.7,498
239,AMAGI.NS,638.75,659.5,187.72K,Technology Services,Packaged Software,92.0,78.0,93.0,91.0,34.3857,34.1321,459.01K,408.61K,699.0,310.2,138.19B,No,634.54,556.13,,565.0,440.92,140
240,IOLCP.NS,158.42,164.14,1998.56K,Process Industries,Chemicals: Specialty,92.0,23.0,95.0,95.0,7.6479,7.5464,5573.51K,3662.96K,179.6,67.19,46.50B,No,154.37,147.29,101.75,148.23,107.78,500
241,DESIFARMS.BO,632.0,602.0,0.50K,Transportation,Air Freight/Couriers,92.0,46.0,46.0,15.0,4.2929,2.15,0.16K,0.05K,793.05,172.2,625.42M,No,611.28,621.92,653.53,623.54,668.46,496
242,JAUSPOL.BO,23.44,22.42,0.26K,Process Industries,Containers/Packaging,92.0,29.0,20.0,67.0,1.9286,1.8357,2.96K,3.44K,37.11,6.84,108.42M,No,24.44,24.62,20.84,24.46,26.07,497
243,CCAL.BO,30.96,30.96,12.00K,Distribution Services,Wholesale Distributors,92.0,86.0,96.0,92.0,0.9507,0.2071,10.57K,6.00K,32.57,15.68,505.17M,No,29.16,26.8,20.55,27.8,21.69,497
244,MMFL.NS,636.85,643.15,100.28K,Producer Manufacturing,Metal Fabrication,92.0,91.0,86.0,87.0,25.1964,23.8143,137.23K,199.77K,664.0,288.1,30.75B,No,567.94,509.51,434.19,528.47,472.99,499
245,STALLION.NS,253.35,241.3,875.37K,Distribution Services,Wholesale Distributors,92.0,96.0,93.0,80.0,15.1321,14.6314,3045.62K,2430.24K,423.8,99.32,29.41B,No,247.98,212.3,185.74,218.16,170.92,386
246,LOKESHMACH.NS,348.5,354.0,13.63K,Technology Services,Information Technology Services,92.0,62.0,87.0,93.0,5.7607,3.5679,23.50K,12.87K,351.25,138.96,7.60B,No,338.11,307.12,225.81,315.38,250.73,498
247,SUVEN.NS,330.55,340.5,466.14K,Health Technology,Pharmaceuticals: Major,92.0,28.0,92.0,96.0,16.0964,15.8786,2048.43K,731.29K,371.0,124.11,93.40B,No,320.36,300.57,208.55,308.71,222.74,500
248,RDGAIL.BO,144.0,120.0,24.00K,Process Industries,Agricultural Commodities/Milling,92.0,95.0,89.0,81.0,3.5786,2.8964,4.39K,10.56K,144.0,54.5,1.28B,No,111.13,107.96,97.11,111.11,109.28,211
249,CHEMBONDCH.NS,274.82,261.75,62.30K,Process Industries,Chemicals: Major Diversified,92.0,88.0,92.0,92.0,13.0543,12.6529,16.40K,20.27K,279.8,104.85,7.39B,No,241.8,224.4,171.56,230.19,179.84,263
250,IRISDOREME.NS,56.83,56.32,789.28K,Consumer Non-Durables,Apparel/Footwear,92.0,92.0,93.0,90.0,2.1729,2.1493,684.77K,1501.52K,57.25,26.35,9.70B,No,50.67,44.55,36.46,46.21,37.66,498
251,KRISHANA.NS,186.45,186.45,388.06K,Process Industries,Chemicals: Agricultural,92.0,95.0,88.0,93.0,8.77,8.77,1634.60K,1638.14K,193.9,86.2,57.64B,No,167.26,149.55,118.89,155.82,126.93,500
252,SATANIBRG.BO,275.25,277.4,0.77K,Producer Manufacturing,Metal Fabrication,92.0,67.0,50.0,29.0,0.975,0.85,0.08K,0.11K,310.25,103.1,5.60B,No,274.86,272.34,247.98,272.79,285.1,497
253,PGIL.NS,2480.4,2434.8999,103.04K,Consumer Non-Durables,Apparel/Footwear,92.0,92.0,94.0,87.0,102.1929,98.4857,198.36K,351.51K,2539.6,1178.1,114.57B,No,2132.92,1970.26,1661.12,2049.8,1725.61,498
254,CLCIND.NS,50.11,51.89,1.02K,Process Industries,Textiles,92.0,57.0,97.0,98.0,2.2986,1.5479,4.27K,10.79K,280.0,8.54,5.21M,No,55.23,48.98,113.06,49.18,38.5,500
255,PRECWIRE.NS,422.3,414.2,652.03K,Producer Manufacturing,Electrical Products,92.0,74.0,52.0,91.0,19.8893,18.1107,485.70K,559.32K,467.5,168.79,77.20B,No,384.47,397.09,320.91,393.14,353.17,499
256,MAHASTEEL.NS,994.6,1039.4,5.67K,Non-Energy Minerals,Steel,92.0,89.0,81.0,75.0,62.2643,60.8322,7.67K,23.34K,1103.7,312.2,16.35B,No,912.87,867.85,831.2,873.23,860.91,497
257,SGMART.NS,717.6,717.95,128.14K,Utilities,Electric Utilities,92.0,75.0,80.0,94.0,23.0322,23.0322,511.16K,252.58K,737.45,313.1,90.44B,No,694.89,640.33,486.68,651.94,547.94,228
258,RUBYMILLS.NS,372.65,367.35,7.49K,Process Industries,Textiles,91.0,56.0,94.0,93.0,21.5536,21.1321,78.79K,10.02K,424.9,169.02,12.46B,No,387.36,358.32,253.31,368.63,270.22,497
259,ASTONEALAB.BO,273.0,260.0,8.00K,Health Technology,Pharmaceuticals: Major,91.0,47.0,94.0,91.0,3.525,1.5214,6.29K,0.80K,301.3,118.0,2.87B,No,271.96,267.0,188.08,267.37,203.85,298
260,SANGHVIMOV.NS,500.45,516.95,360.45K,Finance,Finance/Rental/Leasing,91.0,73.0,92.0,90.0,27.125,26.2786,632.76K,883.43K,528.0,223.8,43.33B,No,452.9,433.64,343.15,441.19,344.71,500
261,STYLAMIND.NS,3544.7,3568.7,16.36K,Non-Energy Minerals,Forest Products,91.0,81.0,90.0,88.0,131.6214,130.3214,82.31K,41.79K,4150.0,1594.1,60.11B,No,3454.56,3306.65,2513.97,3348.14,2684.06,500
262,TIMEX.NS,563.65,573.1,108.02K,Consumer Durables,Other Consumer Specialties,91.0,60.0,93.0,,22.8214,22.7679,577.95K,336.74K,618.0,323.0,56.90B,No,556.04,525.2,,537.88,,79
263,KUBERJI.BO,29.87,28.45,8.40K,Finance,Financial Conglomerates,91.0,98.0,83.0,96.0,1.5407,0.91,10.42K,21.39K,32.23,10.51,102.54M,No,24.05,22.08,17.7,22.56,18.68,497
264,ASTRAMICRO.NS,1665.4,1703.7,531.16K,Electronic Technology,Telecommunications Equipment,91.0,14.0,92.0,91.0,92.9643,84.4643,1065.96K,920.51K,1960.0,851.0,158.12B,No,1770.05,1696.48,1180.35,1740.3,1277.23,500
265,BRGIL.BO,198.4,190.0,86.00K,Industrial Services,Engineering & Construction,91.0,96.0,96.0,94.0,12.2929,11.3643,50.44K,188.60K,199.5,89.06,4.73B,No,154.97,138.51,121.05,143.89,120.68,392
266,EMIL.NS,193.61,184.75,31604.19K,Retail Trade,Electronics/Appliance Stores,91.0,97.0,95.0,95.0,10.3386,9.6336,4410.85K,19821.36K,195.0,84.9,74.49B,No,142.24,129.52,114.04,136.86,114.19,500
267,APIL.BO,52.4,49.91,0.02K,Consumer Durables,Electronics/Appliances,91.0,79.0,76.0,88.0,0.1779,0.0,0.18K,0.12K,52.4,20.11,173.28M,No,50.03,48.4,39.56,48.97,43.77,496
268,MAGNUS.BO,41.88,44.08,9.71K,Commercial Services,Miscellaneous Commercial Services,91.0,0.0,0.0,34.0,3.2014,1.545,76.24K,76.47K,223.4,8.33,141.57M,No,53.01,77.2,73.06,70.13,91.78,497
269,ACUTAAS.NS,3153.4,3246.0,158.96K,Health Technology,Pharmaceuticals: Major,91.0,15.0,76.0,89.0,150.45,150.2429,428.79K,399.06K,3740.0,1287.8,258.17B,No,3354.42,3344.36,2416.19,3322.22,2701.26,500
270,VLL.BO,54.99,54.49,0.01K,Finance,Finance/Rental/Leasing,91.0,6.0,63.0,94.0,1.0193,0.6286,0.05K,0.06K,70.3,21.03,1.43B,No,58.94,57.5,43.6,57.62,46.57,498
271,ASMTEC.BO,4919.2,4902.1499,12.48K,Technology Services,Information Technology Services,91.0,88.0,90.0,92.0,246.4965,237.2858,29.35K,34.48K,5165.0,2099.9,71.76B,No,4574.42,4146.45,3311.36,4244.99,3289.84,497
272,SHARDUL.NS,47.43,45.18,36.05K,Finance,Investment Banks/Brokers,91.0,98.0,93.0,,2.7636,1.4929,11.78K,21.33K,60.0,23.05,4.15B,No,48.07,37.35,,38.42,,80
273,QUANTDIA.BO,33.5,32.9,4.35K,Process Industries,Containers/Packaging,91.0,96.0,96.0,91.0,1.1736,0.575,3.02K,7.83K,37.61,16.24,101.67M,No,31.19,26.44,22.0,27.41,22.16,496
274,VOLKAI.BO,102.92,98.02,16.96K,Distribution Services,Wholesale Distributors,91.0,91.0,95.0,95.0,6.5186,6.3921,8.33K,13.95K,176.65,40.0,121.75M,No,92.58,84.18,58.47,86.99,64.42,497
275,MWL.NS,41.59,41.93,259.39K,Non-Energy Minerals,Steel,91.0,81.0,79.0,86.0,2.0164,1.9764,1071.18K,2676.51K,43.94,18.26,12.35B,No,38.39,37.82,30.41,37.97,32.5,499
276,SPECTRUM.NS,2283.6,2403.7,5.84K,Electronic Technology,Electronic Equipment/Instruments,91.0,89.0,97.0,92.0,139.9214,134.7928,51.82K,55.25K,2637.2,1050.0,35.88B,No,2320.12,2005.52,1477.34,2029.56,1583.0,498
277,GSTL.BO,31.28,30.04,79.83K,Technology Services,Information Technology Services,91.0,90.0,37.0,90.0,1.7686,1.52,47.13K,63.16K,33.48,13.67,1.08B,No,25.87,25.39,20.7,26.23,22.74,497
278,UNIVPHOTO.NS,476.15,454.95,1.29K,Consumer Durables,Electronics/Appliances,91.0,94.0,52.0,96.0,23.7107,23.5714,0.83K,1.57K,515.8,180.6,5.21B,No,466.68,405.21,347.59,412.02,394.45,499
279,MIDEASTP.BO,34.26,36.06,1.26K,Finance,Investment Banks/Brokers,91.0,10.0,91.0,95.0,1.4464,1.15,20.05K,1.00K,46.11,13.85,172.33M,No,38.96,36.48,23.91,37.15,26.2,496
280,CEMPRO.NS,1261.7,1274.6,342.02K,Industrial Services,Engineering & Construction,91.0,3.0,87.0,94.0,69.1143,65.05,730.86K,634.70K,1649.2,503.3,216.74B,No,1403.25,1348.94,886.81,1349.72,917.47,500
281,PANAMAPET.NS,480.55,545.5,11222.08K,Process Industries,Industrial Specialties,91.0,81.0,94.0,88.0,37.0,33.3607,787.66K,303.70K,599.6,229.0,29.07B,No,469.4,431.31,322.7,445.6,340.83,498
282,SCAGRO.BO,33.18,33.85,0.55K,Consumer Non-Durables,Food: Meat/Fish/Dairy,91.0,90.0,84.0,48.0,1.2957,0.0086,13.35K,14.96K,43.8,13.15,2.52B,No,32.55,26.38,27.41,27.68,29.11,497
283,RESONANCE.BO,172.7,181.75,31.33K,Process Industries,Chemicals: Specialty,91.0,93.0,94.0,88.0,9.4179,7.4393,27.53K,28.11K,188.5,77.0,1.99B,No,149.97,140.94,110.51,143.6,116.32,496
284,EBGNG.NS,574.35,572.55,394.55K,Technology Services,Information Technology Services,91.0,14.0,89.0,95.0,33.6071,33.6071,729.92K,854.16K,689.5,239.0,65.48B,No,550.55,541.79,398.69,551.92,435.77,258
285,AANCHALISP.BO,71.48,72.31,2.96K,Producer Manufacturing,Metal Fabrication,91.0,3.0,97.0,98.0,5.4464,4.8964,21.14K,46.23K,508.0,7.62,302.60M,No,75.43,83.88,126.22,84.65,47.03,500
286,RATEGAIN.NS,932.65,908.85,342.70K,Technology Services,Packaged Software,91.0,44.0,92.0,83.0,46.2357,44.0214,761.50K,884.19K,1050.0,437.0,110.42B,No,933.24,890.34,685.68,900.68,689.21,498
287,GALXBRG.BO,926.95,927.7,0.31K,Producer Manufacturing,Metal Fabrication,91.0,22.0,97.0,93.0,48.5393,47.35,2.27K,1.57K,1096.4,412.2,2.95B,No,888.31,782.38,609.2,815.07,597.62,497
288,NINSYS.NS,720.3,730.65,3.48K,Technology Services,Packaged Software,91.0,2.0,86.0,94.0,42.6571,40.3036,6.71K,6.37K,935.0,281.05,13.38B,No,813.57,795.25,512.79,798.52,558.19,498
289,KOTYARK.NS,42.85,42.37,736.21K,Process Industries,Industrial Specialties,91.0,89.0,76.0,96.0,1.9729,1.4821,341.86K,263.39K,45.5,17.38,4.85B,No,36.03,37.23,29.84,37.6,33.37,500
290,JAYKAILASH.BO,50.54,48.14,94.40K,Consumer Non-Durables,Food: Specialty/Candy,91.0,98.0,97.0,96.0,3.0157,2.2793,69.16K,109.92K,60.99,10.73,252.54M,No,40.16,36.31,28.06,36.54,26.71,497
291,SUDEEPPHRM.NS,1103.75,1108.4,275.39K,Health Technology,Pharmaceuticals: Other,91.0,95.0,96.0,92.0,60.7714,57.4929,316.95K,514.61K,1146.3,524.05,124.67B,No,910.23,851.66,,872.42,721.33,177
292,ONEGLOBAL.BO,626.85,625.3,40.81K,Commercial Services,Miscellaneous Commercial Services,91.0,55.0,91.0,56.0,26.5214,25.4357,34.50K,11.93K,790.0,244.3,12.25B,No,586.85,617.49,562.94,619.16,584.33,496
293,GANDHAR.NS,236.28,243.41,930.99K,Process Industries,Industrial Specialties,91.0,90.0,94.0,90.0,16.43,15.9793,3007.61K,4201.73K,303.17,115.0,23.13B,No,236.6,201.2,157.19,209.74,166.04,500
294,MARKSANS.NS,312.6,278.95,47808.15K,Health Technology,Pharmaceuticals: Major,91.0,81.0,94.0,92.0,11.4643,11.3286,2963.34K,928.77K,320.0,155.0,141.66B,No,266.24,261.17,203.82,266.34,212.34,499
295,EMMFORCE.BO,191.5,189.3,12.00K,Producer Manufacturing,Auto Parts: Oem,91.0,67.0,92.0,87.0,6.3286,6.1,34.47K,17.04K,191.95,85.3,3.93B,No,178.91,158.54,138.05,165.94,136.91,497
296,KDDL.NS,3850.6,3842.2,28.58K,Consumer Durables,Other Consumer Specialties,90.0,89.0,94.0,89.0,174.3643,173.1215,59.29K,92.89K,4155.5,1990.0,47.36B,No,3395.01,3207.47,2598.73,3281.31,2697.69,498
297,SHREEREF.BO,321.7,320.85,138.50K,Producer Manufacturing,Industrial Machinery,90.0,19.0,90.0,93.0,18.8714,17.4179,288.24K,467.70K,406.2,161.0,11.52B,No,333.25,342.04,238.6,339.12,249.71,255
298,SHHARICH.BO,178.35,171.95,12.93K,Process Industries,Chemicals: Specialty,90.0,98.0,91.0,88.0,8.0929,7.85,3.02K,8.64K,184.9,87.65,1.13B,No,146.57,126.01,116.05,131.65,116.08,497
299,VEDANTASSET.BO,70.48,74.18,7.50K,Finance,Investment Managers,90.0,2.0,90.0,86.0,0.9557,0.445,5.73K,0.15K,93.6,33.0,194.64M,No,79.84,72.18,50.02,74.46,52.05,497
300,CONFIPET.NS,73.82,78.42,4554.90K,Retail Trade,Specialty Stores,90.0,57.0,88.0,96.0,4.8636,4.8236,3650.04K,4006.57K,86.4,28.06,24.53B,No,78.33,75.03,50.28,74.95,55.73,500
301,KMCSHIL.BO,123.85,121.4,143.56K,Health Services,Hospital/Nursing Management,90.0,14.0,87.0,90.0,4.7321,4.6179,215.44K,114.76K,145.9,64.82,20.20B,No,127.56,126.04,93.46,126.59,100.47,497
302,PARKHOSPS.NS,283.2,282.55,552.84K,Health Services,Hospital/Nursing Management,90.0,37.0,73.0,92.0,10.7214,10.65,938.91K,903.37K,305.0,138.1,122.32B,No,283.26,283.19,,284.09,235.42,164
303,IZMO.NS,954.1,943.5,94.26K,Technology Services,Packaged Software,90.0,44.0,89.0,86.0,55.9821,55.9821,131.50K,111.19K,1374.7,372.3,14.28B,No,1042.22,1017.62,828.3,1023.67,824.48,499
304,GNA.NS,552.6,537.35,341.05K,Producer Manufacturing,Auto Parts: Oem,90.0,87.0,89.0,87.0,25.0286,24.7679,561.88K,598.13K,601.65,291.8,23.72B,No,529.61,469.91,394.99,485.21,428.15,500
305,IYKOTHITE.BO,22.16,21.11,0.77K,Producer Manufacturing,Miscellaneous Manufacturing,90.0,79.0,81.0,85.0,0.075,0.0,0.72K,0.42K,22.16,10.0,449.40M,No,21.16,20.48,16.23,20.72,17.97,496
306,PNGSREVA.NS,620.75,560.4,2136.38K,Consumer Durables,Other Consumer Specialties,90.0,97.0,89.0,,39.7786,39.5036,328.56K,1314.94K,644.0,324.25,19.68B,No,456.92,419.7,,437.99,,111
307,VPAL.BO,194.0,200.0,54.40K,Retail Trade,Food Retail,90.0,93.0,,,11.4357,10.7643,164.68K,73.44K,218.4,116.95,3.22B,No,176.96,158.17,,162.37,,56
308,CTL.BO,28.46,29.22,23.87K,Finance,Finance/Rental/Leasing,90.0,74.0,96.0,76.0,1.5686,1.5593,339.24K,115.33K,32.24,14.3,3.66B,No,27.05,22.23,21.5,23.13,19.34,498
309,TANFACIND.BO,3271.35,3127.2,37.95K,Process Industries,Chemicals: Specialty,90.0,95.0,93.0,88.0,171.4821,168.3393,23.26K,34.02K,3305.0,1632.6,69.38B,No,2900.82,2518.73,2195.62,2635.54,2283.66,499
310,ESHAMEDIA.BO,48.9,48.03,2.96K,Commercial Services,Miscellaneous Commercial Services,90.0,98.0,95.0,80.0,2.1621,1.5171,6.70K,12.64K,65.67,20.83,381.76M,No,47.11,34.65,35.87,35.93,31.12,498
311,RITESHIN.BO,76.8,77.22,2.21K,Process Industries,Chemicals: Specialty,90.0,89.0,88.0,66.0,5.7621,5.5836,12.70K,13.83K,87.98,25.27,656.86M,No,77.22,66.04,62.15,68.34,61.21,496
312,FERMENTA.NS,473.65,483.85,231.37K,Health Technology,Biotechnology,90.0,87.0,95.0,,35.1107,34.2786,246.58K,340.26K,580.45,248.85,,No,478.55,406.67,,419.7,,80
313,MPSLTD.NS,2871.9,2849.2,27.99K,Consumer Services,Publishing: Books/Magazines,90.0,96.0,96.0,85.0,144.8643,144.65,74.63K,64.89K,2979.0,1336.1,48.75B,No,2580.98,2152.82,1914.88,2265.5,1862.92,497
314,GRERENEW.BO,170.2,176.5,13.20K,Electronic Technology,Semiconductors,90.0,70.0,91.0,91.0,5.5107,4.3357,29.88K,7.20K,194.15,77.5,2.43B,No,174.8,163.03,,164.36,130.08,137
315,APIS.BO,56.1,57.33,4.32K,Consumer Non-Durables,Food: Major Diversified,90.0,50.0,32.0,8.0,3.0286,2.8914,12.00K,11.34K,110.42,16.56,7.73B,No,55.55,58.05,60.22,57.51,61.86,498
316,VADILALIND.NS,7246.5,7361.0,14.24K,Consumer Non-Durables,Food: Specialty/Candy,90.0,83.0,94.0,89.0,242.8214,239.5357,27.57K,25.09K,7575.0,3996.0,52.09B,No,7045.62,6543.96,5252.8,6636.09,5305.96,498
317,SONACOMS.NS,804.5,800.0,1893.59K,Producer Manufacturing,Auto Parts: Oem,90.0,89.0,90.0,88.0,25.375,25.375,2306.47K,3086.72K,836.9,402.3,501.65B,No,755.05,678.06,559.47,696.95,593.28,500
318,NRBBEARING.NS,461.65,455.25,557.14K,Producer Manufacturing,Auto Parts: Oem,90.0,76.0,92.0,92.0,22.7571,22.5714,996.09K,729.39K,481.9,212.55,44.74B,No,427.76,424.68,316.94,427.98,333.71,498
319,SAILIFE.NS,1463.6,1444.4,429.96K,Commercial Services,Miscellaneous Commercial Services,90.0,87.0,87.0,91.0,48.3071,46.4214,641.43K,758.11K,1474.0,783.85,310.74B,No,1328.25,1261.79,1031.77,1282.7,1094.28,411
320,CHENNPETRO.NS,1379.5,1426.1,2823.48K,Energy Minerals,Oil Refining/Marketing,90.0,90.0,86.0,88.0,71.1357,69.8571,1656.26K,3308.89K,1449.0,620.85,205.42B,No,1266.73,1193.49,1013.51,1197.51,1060.57,500
321,BAJAJCON.NS,538.25,540.95,260.09K,Consumer Non-Durables,Household/Personal Care,90.0,5.0,49.0,86.0,16.8571,16.3357,898.28K,503.85K,692.0,220.1,70.31B,No,537.2,574.97,414.55,575.71,475.67,500
322,GSPCROP.NS,588.75,592.4,322.00K,Process Industries,Chemicals: Agricultural,90.0,97.0,90.0,,21.9393,21.8893,321.60K,328.83K,607.8,328.0,27.39B,No,558.04,477.87,,490.77,,98
323,HONASA.NS,467.4,467.3,986.84K,Retail Trade,Specialty Stores,90.0,44.0,87.0,90.0,13.8536,13.8214,2725.89K,775.29K,491.35,248.4,152.38B,No,458.92,445.3,339.53,449.27,366.08,499
324,NETWEB.NS,4837.4,4859.7998,612.91K,Electronic Technology,Computer Peripherals,90.0,81.0,67.0,85.0,206.9714,198.1143,1714.44K,1724.14K,5244.0,2037.3,275.44B,No,4505.55,4559.26,3751.76,4602.54,3949.93,500
325,SWITCHTE.BO,116.0,112.25,2.06K,Producer Manufacturing,Electrical Products,90.0,2.0,82.0,83.0,8.1571,8.0857,5.82K,2.41K,156.1,40.0,284.20M,No,124.79,114.7,83.25,116.31,92.7,497
326,ARVIND.NS,566.85,567.65,405.68K,Process Industries,Textiles,90.0,70.0,87.0,91.0,18.1536,17.4857,893.78K,614.01K,600.0,274.8,148.59B,No,534.05,529.63,403.19,535.78,436.54,500
327,CYBELEIND.BO,44.89,49.87,7.93K,Producer Manufacturing,Electrical Products,90.0,62.0,56.0,75.0,3.135,2.6707,5.85K,5.46K,77.01,20.99,480.13M,No,45.76,47.09,41.74,46.23,45.86,497
328,HANNAH.BO,107.95,102.85,12.00K,Health Services,Hospital/Nursing Management,90.0,54.0,92.0,88.0,3.4143,2.5643,28.89K,12.60K,128.8,55.99,2.45B,No,108.9,106.62,,106.65,,132
329,ADANIENSOL.NS,1599.0,1622.0,1586.34K,Utilities,Electric Utilities,90.0,43.0,79.0,92.0,44.2286,44.0571,2794.87K,1369.23K,1789.0,744.9,1955.50B,No,1665.52,1595.1,1206.06,1602.69,1297.71,499
330,AKUMS.NS,749.95,760.95,359.71K,Health Technology,Biotechnology,90.0,83.0,88.0,90.0,24.5572,23.2607,379.68K,476.18K,775.0,409.3,114.82B,No,686.8,646.68,516.63,662.37,551.66,497
331,SUGSLLOYD.BO,172.0,165.95,72.00K,Utilities,Alternative Power Generation,90.0,88.0,85.0,92.0,9.7714,8.35,67.59K,93.50K,190.0,82.5,3.99B,No,147.56,136.25,116.11,138.84,120.52,232
332,SHRIPISTON.NS,4478.7,4419.1001,82.73K,Producer Manufacturing,Auto Parts: Oem,89.0,68.0,83.0,90.0,175.2785,171.2999,64.05K,56.54K,4588.0,2391.3,197.29B,No,4343.19,4074.35,3320.49,4128.07,3501.98,499
333,CFF.BO,996.0,1015.25,19.40K,Industrial Services,Engineering & Construction,89.0,86.0,84.0,92.0,42.675,42.675,38.74K,34.94K,1050.0,445.0,20.89B,No,969.58,875.31,685.16,890.3,724.08,497
334,GLAND.NS,2891.2,2924.3999,732.46K,Health Technology,Pharmaceuticals: Major,89.0,86.0,93.0,86.0,89.9571,78.3785,870.20K,1372.46K,2988.4,1573.6,476.95B,No,2546.76,2426.92,1963.53,2454.16,2043.84,499
335,SHOORA.BO,77.71,77.71,1.50K,Consumer Durables,Other Consumer Specialties,89.0,6.0,94.0,83.0,0.8486,0.0,5.90K,0.45K,98.2,34.25,359.30M,No,82.54,83.37,58.01,84.46,63.61,496
336,KTKBANK.NS,313.7,302.85,3017.05K,Finance,Regional Banks,89.0,86.0,81.0,91.0,10.4821,10.3714,2773.75K,4348.85K,316.8,169.12,118.64B,No,289.08,277.43,231.21,281.71,247.18,500
337,DEEPINDS.NS,696.1,670.05,782.36K,Industrial Services,Oilfield Services/Equipment,89.0,97.0,93.0,93.0,37.775,35.8821,516.91K,1409.12K,699.0,330.0,44.55B,No,562.24,513.06,452.71,527.31,458.07,500
338,APOLLO.NS,379.85,388.7,3530.52K,Electronic Technology,Electronic Production Equipment,89.0,28.0,77.0,86.0,11.6393,11.4393,20240.40K,4770.28K,466.5,179.5,141.15B,No,392.81,404.73,298.7,405.15,313.02,500
339,3IINFOLTD.NS,27.47,27.6,959.65K,Technology Services,Information Technology Services,89.0,97.0,93.0,92.0,1.3757,1.3479,771.19K,2294.44K,27.8,12.68,5.84B,No,22.65,19.55,16.99,20.29,17.21,499
340,AJCJEWEL.BO,155.0,147.65,43.20K,Consumer Durables,Other Consumer Specialties,89.0,98.0,94.0,88.0,6.0786,4.0786,8.80K,7.44K,155.0,71.15,940.60M,No,117.72,106.15,100.53,110.99,105.77,278
341,NITTAGELA.NS,1582.7,1611.9,6.22K,Consumer Non-Durables,Food: Specialty/Candy,89.0,4.0,84.0,,82.2714,80.3929,18.57K,11.68K,2087.2,882.0,14.37B,No,1793.36,1722.24,,1739.8,,79
342,SHAILY.NS,3434.0,3457.8999,151.26K,Process Industries,Chemicals: Specialty,89.0,92.0,86.0,92.0,134.3715,132.9786,315.63K,294.76K,3615.2,1766.7,157.95B,No,3065.77,2951.29,2467.68,2968.25,2501.0,500
343,INOXINDIA.NS,1911.2,1938.0,91.99K,Producer Manufacturing,Industrial Machinery,89.0,28.0,86.0,90.0,74.4357,73.0429,398.74K,183.49K,2119.8,1065.0,173.47B,No,1960.05,1899.12,1403.19,1920.6,1504.62,499
344,BCCFUBA.BO,226.3,218.15,275.23K,Electronic Technology,Electronic Components,89.0,94.0,90.0,88.0,12.1929,9.9179,21.22K,24.55K,229.05,102.0,4.50B,No,197.6,177.81,163.63,185.04,159.04,497
345,GCSL.NS,502.2,465.8,1177.99K,Finance,Investment Banks/Brokers,89.0,59.0,88.0,91.0,23.8107,23.4643,605.23K,565.10K,542.8,213.15,11.37B,No,516.9,474.47,375.24,486.84,398.34,233
346,CIANAGRO.BO,1521.2,1448.8,50.57K,Process Industries,Agricultural Commodities/Milling,89.0,24.0,5.0,75.0,63.0714,63.05,74.14K,29.77K,3633.15,453.0,42.57B,No,1447.75,1556.28,1422.45,1582.91,1381.68,497
347,PREMIERPOL.NS,73.21,69.48,348.25K,Non-Energy Minerals,Forest Products,89.0,84.0,86.0,82.0,4.21,4.21,324.69K,228.64K,85.45,38.0,7.67B,No,73.77,66.26,54.12,68.52,59.55,498
348,SBC.NS,40.19,41.51,43595.83K,Distribution Services,Wholesale Distributors,89.0,28.0,78.0,81.0,1.4107,1.41,12052.00K,7416.66K,45.0,15.55,19.14B,No,41.76,40.94,32.99,41.46,35.74,500
349,BELRISE.NS,261.35,253.97,9421.39K,Producer Manufacturing,Auto Parts: Oem,89.0,83.0,78.0,87.0,6.9243,6.7071,4828.83K,4523.49K,268.2,134.02,252.77B,No,238.23,235.41,196.58,237.87,210.55,304
350,QUESS.NS,334.2,324.2,441.52K,Commercial Services,Personnel Services,89.0,82.0,93.0,88.0,16.5179,16.2536,1181.50K,2585.83K,349.5,166.3,49.92B,No,310.37,281.25,224.38,288.81,228.65,500
351,HSCL.NS,762.4,755.5,2239.95K,Process Industries,Industrial Specialties,89.0,86.0,80.0,89.0,25.2821,25.1964,11397.24K,3851.55K,819.5,418.5,384.69B,No,762.31,706.92,544.68,716.76,581.31,500
352,FUNDVISER.BO,402.0,396.0,0.05K,Finance,Real Estate Investment Trusts,89.0,52.0,22.0,83.0,4.4,1.5893,0.59K,1.24K,484.4,155.6,3.18B,No,388.83,380.36,318.38,379.57,368.01,497
353,RALEGRA.BO,64.0,65.0,0.13K,Non-Energy Minerals,Construction Materials,89.0,88.0,95.0,69.0,2.8814,2.6093,2.28K,1.33K,75.99,31.0,677.50M,No,60.4,57.7,47.28,57.61,48.73,496
354,CARNATIN.BO,98.26,93.59,3.29K,Producer Manufacturing,Metal Fabrication,89.0,79.0,69.0,77.0,0.3336,0.0186,0.32K,0.42K,98.26,21.07,339.70M,No,93.82,90.76,74.43,91.83,85.88,497
355,ATLANTAELE.NS,1660.4,1586.3,219.65K,Producer Manufacturing,Electrical Products,89.0,47.0,53.0,95.0,70.2214,67.7786,111.30K,85.23K,2152.6,707.6,127.68B,No,1611.51,1739.66,1274.13,1705.01,1428.47,217
356,TBZ.NS,236.9,282.05,4743.63K,Consumer Durables,Other Consumer Specialties,89.0,57.0,94.0,87.0,18.2493,17.2671,1916.38K,1580.60K,295.7,110.5,15.81B,No,269.79,224.87,173.56,228.26,173.55,500
357,NAGPI.BO,187.75,199.75,15.71K,Electronic Technology,Electronic Equipment/Instruments,89.0,93.0,84.0,73.0,12.3107,11.2071,4.84K,13.51K,208.0,80.16,2.46B,No,157.37,149.22,137.27,152.71,150.98,496
358,SAYAJIIND.BO,128.4,124.95,9.20K,Process Industries,Chemicals: Specialty,89.0,90.0,70.0,90.0,6.5393,6.1786,7.49K,2.88K,146.79,62.21,3.25B,No,104.96,112.24,94.38,110.91,104.58,498
359,JAYATMA.BO,28.55,28.55,0.02K,Process Industries,Textiles,89.0,0.0,5.0,93.0,1.03,0.2514,0.21K,0.13K,70.18,13.33,85.65M,No,35.02,47.77,27.22,43.34,32.51,496
360,BDH.BO,552.55,555.8,0.34K,Health Technology,Pharmaceuticals: Other,89.0,71.0,93.0,84.0,27.5607,27.4036,3.83K,1.71K,610.0,272.2,3.18B,No,567.17,504.31,420.43,517.96,426.77,497
361,TRISHAKT.BO,226.0,228.3,81.44K,Industrial Services,Oilfield Services/Equipment,89.0,95.0,94.0,90.0,12.1286,12.1143,38.90K,22.47K,240.0,114.9,3.72B,No,218.01,183.46,154.7,187.41,159.55,497
362,QMSMEDI.NS,126.97,114.14,108.12K,Distribution Services,Medical Distributors,89.0,90.0,91.0,81.0,5.5536,5.4421,17.22K,18.35K,129.99,68.95,2.29B,No,112.58,105.16,92.37,108.73,92.41,498
363,CITIPOR.BO,47.7,45.6,0.11K,Finance,Finance/Rental/Leasing,89.0,94.0,69.0,29.0,0.9593,0.1436,0.13K,0.07K,52.94,17.5,147.87M,No,39.33,38.34,35.33,39.12,40.08,497
364,CENTUM.NS,3794.7,3821.2,41.18K,Electronic Technology,Electronic Components,89.0,71.0,82.0,89.0,146.3999,143.9642,58.56K,34.41K,3968.8,2044.2,55.94B,No,3672.43,3615.62,2855.28,3645.35,3092.15,498
365,JGCHEM.NS,605.7,622.35,555.33K,Process Industries,Chemicals: Specialty,89.0,95.0,92.0,93.0,30.6929,30.25,383.63K,1422.73K,647.3,298.4,23.73B,No,517.77,465.54,396.67,477.55,404.69,499
366,IDEAFORGE.NS,810.3,852.9,978.42K,Electronic Technology,Aerospace & Defense,89.0,25.0,51.0,92.0,34.0286,30.0107,432.66K,146.34K,992.25,366.0,40.27B,No,865.55,872.82,597.27,865.91,648.93,500
367,TMB.NS,858.1,867.0,140.34K,Finance,Regional Banks,89.0,80.0,78.0,83.0,32.8107,31.8393,427.61K,237.76K,917.0,411.8,135.88B,No,845.73,796.89,649.56,804.81,704.65,499
368,AVADHSUGAR.NS,626.95,634.8,38.19K,Process Industries,Agricultural Commodities/Milling,89.0,89.0,83.0,92.0,32.2464,30.3714,119.34K,627.73K,665.0,306.05,12.55B,No,561.72,512.23,431.84,517.51,455.47,499
369,SMARTLINK.NS,218.54,214.05,2.26K,Electronic Technology,Telecommunications Equipment,88.0,90.0,92.0,90.0,10.4529,8.995,21.18K,4.71K,231.98,103.5,2.18B,No,212.7,189.18,146.59,191.95,152.82,499
370,ICON.BO,79.0,77.2,4.80K,Commercial Services,Miscellaneous Commercial Services,88.0,63.0,84.0,92.0,4.2607,3.7721,12.55K,9.00K,85.0,38.05,620.91M,No,74.18,73.12,58.75,76.27,62.24,278
371,MAHESH.BO,18.26,19.22,1.68K,Consumer Durables,Homebuilding,88.0,97.0,92.0,84.0,2.0321,0.7236,1.54K,8.07K,46.49,12.3,75.82M,No,24.62,17.23,13.53,18.04,14.21,498
372,ADCINDIA.BO,2407.4,2292.8,6.55K,Electronic Technology,Telecommunications Equipment,88.0,69.0,73.0,91.0,118.2143,117.175,3.32K,1.81K,2678.35,1150.25,11.07B,No,2206.05,2310.92,1704.46,2300.66,1835.9,497
373,DHAMPURE.BO,150.3,143.15,12.03K,Process Industries,Agricultural Commodities/Milling,88.0,91.0,83.0,87.0,9.55,9.4143,5.57K,15.75K,157.0,82.0,1.31B,No,127.84,123.61,111.02,126.75,118.54,497
374,SJS.NS,2436.8,2402.8,152.16K,Producer Manufacturing,Auto Parts: Oem,88.0,78.0,81.0,84.0,108.7857,106.55,109.96K,198.69K,2590.0,1161.0,78.04B,No,2348.0,2235.07,1863.3,2262.82,1931.36,499
375,SW1.BO,142.5,145.05,0.00K,Finance,Investment Banks/Brokers,88.0,34.0,92.0,78.0,3.2607,0.1893,0.51K,0.33K,195.0,74.4,128.25M,No,170.21,135.16,105.93,139.95,110.49,498
376,NEETUYOSHI.BO,159.8,162.75,60.80K,Non-Energy Minerals,Steel,88.0,82.0,90.0,93.0,8.4321,8.3786,100.54K,57.28K,175.85,71.3,6.20B,No,162.68,151.71,115.89,153.04,117.81,274
377,SHIVAUM.NS,449.55,425.2,6.88K,Producer Manufacturing,Metal Fabrication,88.0,67.0,86.0,80.0,22.1464,20.8214,12.53K,8.51K,474.0,275.0,6.11B,No,419.63,399.84,331.94,410.39,350.55,498
378,TCPLPACK.NS,4394.9,3675.8,481.69K,Commercial Services,Commercial Printing/Forms,88.0,97.0,94.0,90.0,195.35,192.7214,5.81K,3.43K,4410.9,2200.0,39.91B,No,3304.22,3036.27,2862.54,3166.2,2789.84,499
379,ARROWGREEN.NS,784.6,777.05,37.35K,Process Industries,Containers/Packaging,88.0,83.0,88.0,91.0,32.9071,32.8964,75.36K,20.92K,808.0,341.95,11.84B,No,726.27,657.19,537.08,674.59,536.29,499
380,GRANULES.NS,864.8,861.0,282.95K,Health Technology,Pharmaceuticals: Other,88.0,39.0,75.0,87.0,25.3357,25.1321,1207.02K,777.62K,910.0,451.95,214.29B,No,853.59,825.33,667.86,831.88,707.05,499
381,VARROC.NS,836.15,842.15,467.27K,Producer Manufacturing,Auto Parts: Oem,88.0,92.0,93.0,83.0,36.5536,36.2643,441.47K,2055.07K,864.9,462.0,127.76B,No,700.6,653.05,592.6,674.37,583.52,499
382,HRS.BO,250.95,250.85,1.20K,Non-Energy Minerals,Aluminum,88.0,50.0,80.0,70.0,1.7429,1.3143,23.62K,39.00K,292.6,126.0,4.84B,No,248.4,247.04,,247.46,238.63,161
383,SUPER.BO,1129.15,1120.2,1.28K,Process Industries,Textiles,88.0,94.0,90.0,93.0,48.8107,46.3178,1.29K,1.91K,1164.65,530.0,3.47B,No,1083.67,943.08,764.57,959.07,773.86,497
384,JAYBARMARU.NS,130.8,127.16,563.11K,Distribution Services,Wholesale Distributors,88.0,1.0,90.0,86.0,8.285,6.8436,1643.95K,683.86K,207.0,74.15,14.16B,No,156.6,161.88,110.59,160.32,117.12,499
385,MOTHERSON.NS,169.5,169.26,15745.05K,Producer Manufacturing,Auto Parts: Oem,88.0,88.0,86.0,84.0,5.2543,5.0636,24411.51K,31519.87K,172.0,89.86,1785.04B,No,152.1,147.83,126.97,150.86,132.93,500
386,NEULANDLAB.NS,22510.0,22955.0,53.19K,Health Technology,Pharmaceuticals: Major,88.0,84.0,85.0,90.0,924.2857,827.3571,70.15K,164.01K,23500.0,11500.0,288.80B,No,19866.65,18702.8,15891.55,19250.1,15891.17,499
387,APMIN.BO,56.64,56.71,22.37K,Process Industries,Textiles,88.0,85.0,88.0,87.0,3.5136,3.4129,7.77K,9.76K,57.5,31.6,1.22B,No,49.58,49.5,42.44,50.82,43.82,497
388,TELGE.BO,160.25,168.65,6.00K,Industrial Services,Engineering & Construction,88.0,85.0,93.0,88.0,9.5107,8.375,30.70K,18.00K,189.0,77.05,1.57B,No,169.67,145.56,114.63,148.02,116.72,214
389,BHARATSE.NS,235.29,231.58,634.96K,Producer Manufacturing,Auto Parts: Oem,88.0,30.0,76.0,89.0,12.6193,12.5771,936.90K,530.90K,263.18,116.01,14.78B,No,223.32,212.33,185.96,218.04,188.78,345
390,HUHTAMAKI.NS,278.4,291.65,266.06K,Process Industries,Containers/Packaging,88.0,95.0,93.0,86.0,18.8314,18.5307,1211.49K,1094.68K,330.0,148.6,21.03B,No,284.45,229.79,201.73,239.12,195.81,500
391,AERPACE.BO,33.12,31.95,761.76K,Distribution Services,Wholesale Distributors,88.0,77.0,88.0,74.0,2.665,2.5814,580.07K,850.87K,39.7,16.7,5.10B,No,33.43,30.97,25.53,31.39,26.41,497
392,ICIL.NS,404.35,423.2,2410.26K,Process Industries,Textiles,88.0,30.0,87.0,90.0,19.4071,19.4071,906.45K,344.92K,463.8,216.9,80.08B,No,407.59,397.16,308.07,402.95,316.43,500
393,MILEFUR.BO,25.63,25.63,6.00K,Consumer Durables,Home Furnishings,88.0,15.0,22.0,25.0,0.1964,0.0,9.71K,0.60K,31.66,9.8,238.28M,No,27.13,27.09,26.62,26.96,28.03,494
394,VIDYAWIRES.NS,92.81,97.69,1171.86K,Non-Energy Minerals,Other Metals/Minerals,88.0,29.0,55.0,94.0,3.17,3.1136,3303.33K,726.33K,117.35,42.51,19.74B,No,92.39,95.48,,95.34,76.37,169
395,SCHNEIDER.NS,1431.9,1403.3,417.07K,Producer Manufacturing,Electrical Products,88.0,32.0,64.0,94.0,56.15,55.2357,455.41K,344.26K,1548.0,571.85,342.37B,No,1347.14,1330.45,1004.51,1344.13,1116.08,500
396,DCMSIL.NS,81.38,82.06,31.66K,Process Industries,Textiles,88.0,73.0,75.0,,3.3393,2.7729,45.57K,54.44K,105.27,49.5,7.08B,No,80.72,74.45,,75.16,,121
397,KALYANI.BO,813.45,761.55,28.25K,Process Industries,Containers/Packaging,88.0,73.0,82.0,89.0,34.675,29.1786,10.89K,4.65K,834.9,438.65,5.84B,No,764.9,697.27,576.39,719.29,613.6,497
398,KRN.NS,1331.9,1287.7,341.24K,Producer Manufacturing,Industrial Machinery,88.0,77.0,57.0,94.0,42.2929,41.3,169.58K,59.34K,1405.0,589.8,87.18B,No,1233.4,1227.64,975.3,1233.16,1065.19,464
399,DATAPATTNS.NS,4491.0,4391.6001,836.57K,Electronic Technology,Electronic Production Equipment,88.0,66.0,68.0,91.0,183.25,174.4571,1135.85K,807.55K,4955.9,2131.0,251.42B,No,4404.18,4443.9,3450.43,4454.74,3745.43,500
400,SUSAN.BO,284.1,258.9,518.00K,Producer Manufacturing,Electrical Products,88.0,92.0,,,15.2643,14.6036,385.19K,202.90K,288.0,180.6,5.78B,No,235.46,,,,,40
401,GOELCONS.BO,473.0,480.0,0.80K,Industrial Services,Engineering & Construction,88.0,24.0,91.0,90.0,11.55,9.9036,19.05K,4.08K,505.5,249.25,6.83B,No,461.88,444.59,345.72,448.36,359.92,230
402,HIRECT.NS,1242.4,1222.3,135.03K,Producer Manufacturing,Electrical Products,88.0,88.0,88.0,94.0,65.1143,64.1,255.89K,109.43K,1399.0,565.2,42.70B,No,1295.99,1188.91,885.58,1198.85,940.33,500
403,BALAMINES.NS,2080.9,2123.7,101.29K,Process Industries,Chemicals: Specialty,88.0,9.0,90.0,93.0,127.0,124.2143,487.62K,290.19K,2443.6,968.1,67.42B,No,2189.06,2162.09,1467.36,2157.67,1568.36,500
404,TAALTECH.NS,4189.0,4334.7998,7.59K,Transportation,Airlines,88.0,75.0,91.0,,211.6571,203.9786,4.59K,12.73K,4696.0,2616.1,,No,4025.39,3743.9,,3812.81,,80
405,RSDFIN.NS,124.18,130.71,0.47K,Finance,Financial Conglomerates,88.0,98.0,92.0,,12.75,9.8814,10.25K,54.07K,168.48,65.6,,No,107.36,91.25,,95.35,,73
406,SSWL.NS,312.5,317.4,369.22K,Producer Manufacturing,Auto Parts: Oem,87.0,94.0,92.0,85.0,12.0221,11.6693,1165.99K,900.73K,328.4,169.0,49.15B,No,297.99,261.02,218.38,267.49,225.73,499
407,ELFIN.BO,80.75,81.0,12.00K,Process Industries,Agricultural Commodities/Milling,87.0,82.0,82.0,,1.2429,0.7964,11.14K,4.50K,87.0,47.3,1.57B,No,81.76,76.24,,77.27,,105
408,POWERINDIA.NS,35800.0,35000.0,180.55K,Electronic Technology,Electronic Equipment/Instruments,87.0,77.0,62.0,92.0,1255.7143,1056.7857,172.87K,167.01K,38785.0,16111.0,1595.69B,No,32638.75,33594.5,26441.64,33161.0,29542.17,499
409,INDNIPPON.NS,1163.2,1132.1,29.07K,Producer Manufacturing,Auto Parts: Oem,87.0,67.0,91.0,89.0,53.9857,53.65,76.12K,46.34K,1278.2,675.0,26.31B,No,1179.26,1059.51,873.86,1082.84,883.84,499
410,PRICOLLTD.NS,783.25,737.15,1367.84K,Producer Manufacturing,Auto Parts: Oem,87.0,92.0,85.0,81.0,31.0286,28.2857,878.17K,944.70K,792.55,421.55,,No,681.7,624.31,598.01,639.15,595.54,498
411,OMAXAUTO.NS,207.28,203.92,288.67K,Producer Manufacturing,Auto Parts: Oem,87.0,12.0,23.0,92.0,13.115,11.1871,74.51K,123.85K,263.4,84.5,4.44B,No,207.43,220.61,146.36,218.59,164.95,499
412,SOBME.BO,1170.05,1225.45,1.04K,Non-Energy Minerals,Construction Materials,87.0,94.0,86.0,86.0,62.2536,33.6929,0.81K,2.00K,1347.0,679.0,12.17B,No,1020.37,939.94,876.83,966.78,878.33,497
413,EFORU.BO,100.4,96.35,2.81K,Distribution Services,Wholesale Distributors,87.0,75.0,86.0,87.0,6.1271,6.1229,6.54K,10.21K,109.0,43.82,600.29M,No,94.48,91.61,79.57,92.43,87.11,497
414,SGFIN.NS,651.45,660.2,328.56K,Finance,Investment Banks/Brokers,87.0,45.0,67.0,93.0,32.8786,32.8786,488.87K,278.15K,727.45,323.0,42.93B,No,676.15,637.49,486.92,645.64,525.37,255
415,MOBAVENUE.BO,320.2,307.75,103.46K,Technology Services,Packaged Software,87.0,46.0,91.0,82.0,13.25,13.05,72.17K,52.71K,343.8,196.9,24.75B,No,307.69,303.76,253.93,307.84,265.36,499
416,VALIANT.BO,1268.9,1220.1,92.31K,Electronic Technology,Telecommunications Equipment,87.0,87.0,86.0,85.0,88.2572,83.8036,17.37K,20.33K,1359.8,555.33,14.84B,No,1033.24,1091.06,960.68,1096.91,1045.27,498
417,SMLMAH.NS,5172.0,5208.5,71.46K,Consumer Durables,Motor Vehicles,87.0,92.0,89.0,82.0,389.5929,352.7643,142.83K,531.53K,5987.9,2719.0,74.85B,No,4751.74,4284.04,3947.6,4452.26,4153.34,500
418,KISSHT.NS,292.75,295.45,1254.07K,Finance,Finance/Rental/Leasing,87.0,22.0,90.0,,14.3429,14.3393,3317.47K,1862.84K,351.5,190.0,49.32B,No,319.45,301.58,,303.5,,69
419,LLOYDSENGG.NS,92.41,93.04,7923.86K,Industrial Services,Engineering & Construction,87.0,74.0,92.0,95.0,4.4079,4.195,18507.28K,17792.06K,99.75,37.4,136.64B,No,90.75,85.57,61.93,87.22,64.71,500
420,ROSSTECH.NS,1089.5,1066.65,183.22K,Electronic Technology,Telecommunications Equipment,87.0,73.0,80.0,88.0,59.8143,56.525,244.06K,363.44K,1134.95,551.9,41.23B,No,1016.1,1005.63,813.95,1002.77,877.67,416
421,MSAFE.BO,215.05,204.85,63.00K,Producer Manufacturing,Building Products,87.0,76.0,89.0,,10.4821,9.6857,64.69K,31.90K,218.85,102.0,4.39B,No,192.46,183.52,,186.08,,129
422,THYROCARE.NS,642.95,649.35,1158.73K,Health Services,Medical/Nursing Services,87.0,89.0,87.0,89.0,25.3107,24.5786,678.85K,498.95K,662.0,342.55,102.33B,No,583.04,554.04,464.45,556.8,461.86,500
423,FRUTION.BO,46.0,46.0,0.00K,Finance,Investment Banks/Brokers,87.0,95.0,87.0,73.0,1.9971,1.8871,0.83K,0.97K,48.43,26.2,211.60M,No,42.66,35.44,35.53,36.62,36.19,498
424,PURPLEFIN.BO,74.94,75.62,31.46K,Finance,Finance/Rental/Leasing,87.0,85.0,59.0,80.0,4.515,4.3036,97.37K,174.18K,78.5,33.0,4.42B,No,72.34,68.26,58.93,68.54,63.91,496
425,RSCINT.BO,57.15,56.03,8.72K,Process Industries,Chemicals: Specialty,87.0,97.0,97.0,21.0,1.1857,0.3664,8.98K,8.31K,65.75,22.42,328.60M,No,47.22,36.57,43.95,39.17,36.88,496
426,RADICO.NS,4533.0,4545.0,236.32K,Consumer Non-Durables,Beverages: Alcoholic,87.0,78.0,87.0,89.0,122.1643,120.0857,394.14K,517.59K,4590.3,2500.0,607.34B,No,4302.73,3985.3,3302.57,4069.45,3366.15,498
427,QPOWER.NS,1294.5,1239.3,894.88K,Producer Manufacturing,Electrical Products,87.0,81.0,56.0,92.0,54.9286,39.3214,245.27K,93.82K,1441.0,581.0,100.25B,No,1148.62,1175.28,963.12,1190.79,1043.11,363
428,ANL.BO,299.0,299.0,1.00K,Health Technology,Biotechnology,87.0,85.0,63.0,,8.8071,6.3964,5.79K,11.60K,303.5,150.1,2.16B,No,284.84,270.11,,271.54,,131
429,ORCHPHARMA.NS,1063.3,1078.55,49.20K,Health Technology,Pharmaceuticals: Major,87.0,54.0,93.0,87.0,42.3036,42.1429,191.50K,74.68K,1133.0,480.0,53.93B,No,1021.31,979.57,766.63,992.37,753.45,499
430,ASARFI.BO,236.15,233.15,137.00K,Health Services,Hospital/Nursing Management,87.0,75.0,36.0,78.0,8.5321,7.7714,35.85K,45.30K,256.95,117.2,4.65B,No,215.38,217.95,192.76,221.28,198.59,497
431,PARACABLES.NS,68.22,67.89,1708.13K,Producer Manufacturing,Electrical Products,87.0,56.0,83.0,94.0,2.8864,2.8079,3187.38K,1595.47K,75.7,28.3,22.32B,No,64.95,66.65,46.7,67.36,50.12,500
432,KAHAN.BO,69.0,66.22,19.20K,Consumer Durables,Home Furnishings,87.0,98.0,96.0,75.0,2.8443,0.2814,4.17K,4.16K,84.31,37.5,187.68M,No,67.18,52.51,50.19,54.79,47.65,498
433,ARYAVAN.BO,67.4,68.47,8.24K,Distribution Services,Wholesale Distributors,87.0,95.0,90.0,86.0,4.2807,4.2721,14.36K,12.36K,72.99,34.51,469.30M,No,62.95,55.11,49.35,57.57,54.04,495
434,MANCREDIT.NS,243.44,247.05,41.30K,Finance,Finance/Rental/Leasing,87.0,58.0,91.0,84.0,16.8829,15.3057,415.22K,457.67K,287.27,152.06,5.14B,No,232.42,228.15,185.55,232.33,192.43,494
435,ORBTEXP.NS,260.98,274.71,8.42K,Process Industries,Textiles,87.0,81.0,94.0,86.0,12.0279,10.5143,39.49K,39.72K,268.8,135.0,6.92B,No,241.63,226.65,191.73,231.51,188.55,497
436,PANACHE.NS,490.55,503.05,13.75K,Electronic Technology,Computer Peripherals,87.0,80.0,92.0,88.0,25.0357,24.0036,18.52K,10.03K,520.0,237.05,7.47B,No,441.81,420.68,361.33,430.19,357.82,497
437,PRECOT.NS,799.15,784.0,2.22K,Process Industries,Textiles,87.0,47.0,86.0,96.0,42.3322,38.5893,8.33K,7.08K,876.75,300.05,9.59B,No,816.42,770.23,560.28,776.83,621.76,497
438,SICALLOG.NS,111.81,107.17,47.05K,Transportation,Other Transportation,87.0,91.0,95.0,70.0,6.3007,5.4371,65.79K,70.42K,122.5,60.11,8.92B,No,102.9,94.64,82.61,97.52,79.33,497
439,JOJO.BO,161.5,155.2,270.05K,Consumer Services,Movies/Entertainment,87.0,97.0,85.0,66.0,8.5875,8.025,48.82K,203.53K,169.0,69.25,11.14B,No,134.47,117.89,115.96,123.45,119.83,500
440,FEDERALBNK.NS,356.85,354.55,3369.11K,Finance,Major Banks,87.0,75.0,80.0,73.0,6.7,6.0286,11447.70K,4873.83K,371.7,188.4,881.19B,No,355.02,335.19,287.88,339.62,303.53,500
441,BRAHMINFRA.BO,167.95,164.1,21.08K,Industrial Services,Engineering & Construction,87.0,44.0,66.0,78.0,6.3286,6.325,24.38K,10.62K,208.8,80.01,4.87B,No,166.06,166.72,143.6,166.64,157.07,497
442,AEQUS.NS,236.76,240.73,1476.62K,Electronic Technology,Aerospace & Defense,87.0,17.0,76.0,91.0,9.3243,9.2407,6470.98K,3411.10K,274.39,113.3,155.04B,No,234.18,225.67,,229.08,181.37,169
443,IIRM.BO,132.35,136.7,5.91K,Producer Manufacturing,Miscellaneous Manufacturing,86.0,62.0,91.0,85.0,7.3107,7.3107,31.83K,31.64K,151.85,68.0,9.02B,No,134.22,128.39,97.14,131.17,105.46,497
444,OCCLLTD.NS,148.61,155.88,133.15K,Process Industries,Chemicals: Specialty,86.0,91.0,92.0,88.0,10.4643,8.7329,241.90K,218.49K,183.03,75.71,7.42B,No,151.18,136.44,107.93,137.87,109.56,442
445,FINCABLES.NS,1280.05,1207.85,20152.70K,Producer Manufacturing,Electrical Products,86.0,90.0,72.0,91.0,49.125,47.1893,578.79K,1126.00K,1374.0,700.8,195.77B,No,1029.79,1062.86,903.01,1077.97,966.25,500
446,ASKAUTOLTD.NS,651.2,654.25,185.25K,Producer Manufacturing,Auto Parts: Oem,86.0,95.0,91.0,83.0,32.7571,32.1714,673.76K,3207.51K,687.7,375.3,128.38B,No,552.69,493.9,461.94,509.62,459.78,500
447,UNIMECH.NS,1418.5,1421.4,89.63K,Producer Manufacturing,Industrial Machinery,86.0,86.0,89.0,89.0,65.1857,61.5643,169.15K,334.30K,1482.7,695.0,72.20B,No,1290.87,1206.63,996.02,1245.43,1019.93,403
448,ACMESOLAR.NS,372.6,368.45,647.64K,Industrial Services,Engineering & Construction,86.0,54.0,87.0,90.0,13.4714,13.3607,2337.25K,2348.12K,398.65,195.9,263.16B,No,371.11,364.79,280.66,364.58,298.53,435
449,JATTAINDUS.BO,467.2,469.0,0.07K,Process Industries,Textiles,86.0,75.0,74.0,63.0,42.4571,35.8643,0.22K,0.20K,548.0,201.2,2.05B,No,432.8,421.97,396.69,425.02,417.9,499
450,CLFL.BO,57.42,55.49,0.02K,Finance,Finance/Rental/Leasing,86.0,67.0,81.0,81.0,5.6521,5.6071,0.80K,1.01K,63.19,29.16,703.41M,No,57.11,55.84,47.02,56.47,49.83,497
451,SKPMIL.BO,105.5,100.5,0.09K,Process Industries,Pulp & Paper,86.0,47.0,22.0,56.0,2.6429,1.5143,0.60K,0.05K,149.3,29.7,1.43B,No,104.38,109.7,106.98,107.96,109.11,496
452,ELPROINTL.NS,174.49,174.84,34.12K,Electronic Technology,Electronic Components,86.0,50.0,82.0,,3.1871,3.1064,73.95K,136.07K,180.89,102.0,29.57B,No,176.49,173.28,,174.22,,80
453,NOVELIX.BO,72.99,76.79,2.34K,Health Technology,Pharmaceuticals: Major,86.0,76.0,88.0,68.0,4.5771,4.2929,10.35K,3.68K,92.0,38.0,2.08B,No,70.39,73.16,60.97,72.91,62.42,496
454,SUNRAKSHAK.BO,364.55,361.95,3.21K,Process Industries,Textiles,86.0,82.0,71.0,86.0,15.9464,15.9464,13.08K,11.03K,376.95,197.0,11.30B,No,357.23,338.03,271.62,340.57,293.86,498
455,APCOTEXIND.NS,601.6,616.9,288.80K,Process Industries,Chemicals: Specialty,86.0,88.0,76.0,90.0,37.2072,36.5286,286.80K,1130.68K,712.0,310.45,31.19B,No,595.89,551.29,429.93,553.86,452.77,499
456,RAMCOSYS.NS,619.9,652.5,147.39K,Technology Services,Information Technology Services,86.0,1.0,93.0,73.0,38.75,30.2643,2346.68K,395.60K,967.5,342.1,23.31B,No,677.27,683.23,542.44,677.31,519.08,500
457,MEEIND.BO,417.8,424.0,1.22K,Consumer Non-Durables,Apparel/Footwear,86.0,,,,,,24.47K,24.47K,435.0,281.99,,No,,,,,,11
458,ATALREAL.NS,35.34,35.02,13304.18K,Consumer Durables,Homebuilding,86.0,91.0,84.0,78.0,0.9829,0.9686,7988.15K,10853.37K,35.88,17.75,4.38B,No,32.65,30.67,26.77,31.42,27.85,498
459,HESTERBIO.NS,2465.3,2487.8,5.16K,Health Technology,Pharmaceuticals: Major,86.0,86.0,93.0,89.0,104.45,103.6929,37.09K,52.19K,2683.6,1239.3,,No,2460.23,2261.59,1756.3,2275.55,1807.66,499
460,ADOR.NS,1478.7,1505.6,14.55K,Producer Manufacturing,Miscellaneous Manufacturing,86.0,80.0,89.0,82.0,62.0786,59.7143,45.91K,46.14K,1597.0,848.0,25.73B,No,1472.72,1327.79,1110.45,1353.88,1130.73,500
461,AZAD.NS,2479.5,2472.1001,218.14K,Producer Manufacturing,Metal Fabrication,86.0,49.0,65.0,90.0,97.8143,96.0357,551.71K,515.53K,2589.0,1360.0,160.13B,No,2396.99,2261.28,1850.28,2292.37,1947.95,500
462,SKMEGGPROD.NS,257.38,262.57,451.59K,Process Industries,Agricultural Commodities/Milling,86.0,3.0,90.0,77.0,18.8643,18.5543,1338.04K,1039.98K,372.0,143.1,,No,278.08,278.32,209.46,277.58,211.13,500
463,SPECIALITY.NS,158.38,158.6,114.95K,Consumer Services,Restaurants,86.0,92.0,92.0,84.0,7.9693,7.6943,73.03K,104.14K,163.7,82.7,7.64B,No,138.37,127.56,114.52,130.74,112.05,499
464,PIPAN.BO,183.35,181.55,0.01K,Distribution Services,Wholesale Distributors,86.0,60.0,61.0,55.0,0.3214,0.3214,0.01K,0.01K,183.35,78.4,3.21B,No,181.64,179.57,170.25,180.27,173.52,496
465,PRARUH.BO,77.0,73.0,6.00K,Technology Services,Information Technology Services,86.0,97.0,94.0,87.0,4.4014,3.4436,23.19K,53.80K,84.0,45.0,1.07B,No,68.95,59.34,54.7,61.15,56.04,214
466,GOCLCORP.NS,431.8,429.55,148.13K,Process Industries,Industrial Specialties,86.0,68.0,87.0,90.0,14.6393,14.4571,167.30K,247.48K,459.9,223.35,21.41B,No,406.17,407.06,323.77,413.13,331.61,499
467,ANANDRATHI.NS,2189.0,2158.0,577.18K,Finance,Investment Managers,86.0,65.0,82.0,86.0,45.8214,45.1929,574.92K,224.14K,2222.0,1334.05,363.46B,No,2075.85,1981.61,1687.35,2025.28,1767.36,500
468,NEOGEN.NS,2068.2,2092.7,139.95K,Process Industries,Chemicals: Specialty,86.0,57.0,77.0,89.0,98.9,95.9285,142.20K,161.49K,2374.0,966.7,56.63B,No,2102.31,2026.14,1522.63,2022.05,1647.33,499
469,GTECJAINX.NS,29.45,30.99,4.41K,Commercial Services,Miscellaneous Commercial Services,86.0,81.0,92.0,88.0,1.415,1.28,29.86K,5.58K,38.35,15.54,300.07M,No,28.92,29.02,23.23,28.35,22.92,497
470,NATIONALUM.NS,420.0,388.0,34386.32K,Non-Energy Minerals,Aluminum,86.0,89.0,60.0,59.0,11.4036,10.1929,10975.63K,8070.24K,445.15,183.86,771.39B,No,360.42,360.87,352.59,362.23,381.0,500
471,GOLKUNDIA.BO,294.15,294.15,8.89K,Consumer Durables,Other Consumer Specialties,86.0,88.0,66.0,85.0,14.0786,13.6893,3.54K,10.30K,314.9,156.0,2.05B,No,257.68,257.32,240.19,259.84,259.56,497
472,CRAFTSMAN.NS,10511.0,10294.0,71.28K,Producer Manufacturing,Trucks/Construction/Farm Machinery,86.0,82.0,77.0,81.0,381.7143,369.1429,72.83K,97.01K,10762.0,6324.0,274.91B,No,9824.83,9481.77,7982.15,9565.25,8357.2,498
473,GHCLTEXTIL.NS,115.93,119.27,298.27K,Process Industries,Textiles,86.0,73.0,85.0,88.0,5.4164,5.3129,900.68K,2110.65K,124.9,65.26,11.08B,No,116.19,106.1,85.89,107.64,90.44,499
474,STOVEKRAFT.NS,799.1,792.85,96.01K,Consumer Durables,Electronics/Appliances,86.0,50.0,92.0,90.0,40.1107,39.825,271.14K,608.99K,849.8,447.05,26.46B,No,781.77,749.94,608.24,763.19,605.65,499
475,GLEN.BO,113.51,114.05,18.00K,Process Industries,Containers/Packaging,86.0,98.0,93.0,86.0,6.3079,5.6107,47.15K,133.44K,119.46,58.0,2.73B,No,88.09,77.03,76.62,80.2,75.49,268
476,SWATIPRO.BO,43.68,36.4,513.96K,Finance,Financial Conglomerates,86.0,95.0,79.0,90.0,2.9207,2.6479,4.90K,8.03K,43.68,24.6,441.17M,No,32.93,32.75,32.18,33.41,32.14,497
477,TALBROAUTO.NS,417.35,409.95,273.54K,Producer Manufacturing,Industrial Machinery,86.0,57.0,86.0,88.0,18.9929,18.7429,372.41K,283.29K,451.6,219.9,25.76B,No,410.55,395.34,309.37,400.82,322.0,500
478,LUMAXTECH.NS,2039.3,2076.3,1053.06K,Producer Manufacturing,Auto Parts: Oem,86.0,95.0,78.0,84.0,80.4643,75.3,248.83K,736.38K,2110.0,999.9,138.99B,No,1600.75,1581.26,1557.38,1606.02,1615.78,499
479,RACHIT.BO,199.0,199.0,1.00K,Consumer Non-Durables,Apparel/Footwear,85.0,37.0,67.0,87.0,3.6107,2.5286,7.60K,1.80K,222.1,83.35,982.48M,No,202.55,202.53,153.7,205.64,163.61,231
480,NITINSPIN.NS,537.8,564.15,115.92K,Process Industries,Textiles,85.0,39.0,71.0,89.0,21.725,20.3429,152.49K,157.45K,599.0,302.2,30.24B,No,550.96,549.86,415.59,551.12,454.4,498
481,OFSS.NS,11679.0,11896.0,244.68K,Technology Services,Packaged Software,85.0,67.0,84.0,85.0,349.0714,333.2857,345.82K,228.94K,11979.0,6234.5,1016.95B,No,11445.9,10829.95,8680.99,10993.25,8953.23,500
482,HRMNYCP.BO,102.73,97.84,3.20K,Finance,Financial Conglomerates,85.0,79.0,82.0,78.0,0.3493,0.0,0.29K,0.53K,102.73,58.0,1.25B,No,98.08,94.89,83.23,96.0,87.47,497
483,PAYTM.NS,1610.0,1593.7,2606.48K,Finance,Finance/Rental/Leasing,85.0,93.0,89.0,79.0,53.4571,52.5928,3293.19K,6147.28K,1639.9,930.6,1032.22B,No,1383.86,1249.15,1205.95,1287.78,1164.88,500
484,MINDACORP.NS,736.3,721.45,507.67K,Producer Manufacturing,Auto Parts: Oem,85.0,65.0,89.0,75.0,23.9786,23.725,549.68K,350.44K,750.8,468.5,173.30B,No,699.0,680.76,590.17,688.23,594.78,498
485,SANCF.BO,57.5,57.5,0.00K,Finance,Investment Banks/Brokers,85.0,60.0,78.0,76.0,0.0821,0.0,0.01K,0.01K,64.95,24.0,181.12M,No,57.01,56.67,42.4,56.72,49.68,495
486,NDLVENTURE.NS,127.03,128.02,460.38K,Consumer Services,Cable/Satellite Tv,85.0,37.0,54.0,79.0,4.9207,4.92,20.09K,16.51K,140.0,79.0,4.28B,No,127.28,129.32,110.6,129.67,119.81,496
487,ALIVUS.NS,1361.0,1393.6,82.19K,Health Technology,Pharmaceuticals: Major,85.0,88.0,82.0,84.0,56.7786,54.1071,125.95K,254.63K,1398.9,819.0,167.09B,No,1209.77,1143.04,1001.21,1162.74,1047.47,499
488,AYE.NS,176.96,178.78,599.30K,Finance,Finance/Rental/Leasing,85.0,68.0,78.0,,7.7057,7.6307,1698.82K,550.09K,197.29,88.22,43.28B,No,170.76,166.25,,168.15,,123
489,BHEL.NS,420.0,403.0,14601.48K,Producer Manufacturing,Electrical Products,85.0,77.0,59.0,89.0,10.7929,10.5286,13251.76K,6402.83K,446.5,205.12,1462.47B,No,412.46,402.22,322.03,404.62,339.5,500
490,REMIEDEL.BO,217.65,218.0,9.38K,Non-Energy Minerals,Steel,85.0,87.0,80.0,89.0,16.1393,16.1179,4.25K,8.12K,228.0,118.4,2.75B,No,199.33,189.37,155.17,190.44,163.45,496
491,KALYANKJIL.NS,596.7,602.2,9246.23K,Retail Trade,Specialty Stores,85.0,95.0,91.0,89.0,26.7714,26.4464,23207.36K,25352.03K,648.95,327.05,616.24B,No,592.22,472.65,442.93,492.78,425.24,500
492,LAXMIPATI.BO,451.25,451.25,1.00K,Producer Manufacturing,Trucks/Construction/Farm Machinery,85.0,4.0,96.0,85.0,6.5536,3.5536,1.78K,0.70K,585.0,209.0,2.60B,No,491.36,428.15,338.37,448.44,335.78,497
493,BGWTATO.BO,685.4,690.0,0.36K,Non-Energy Minerals,Steel,85.0,95.0,81.0,79.0,48.575,42.4786,2.57K,3.24K,733.9,330.1,1.97B,No,634.14,557.14,548.59,575.49,554.39,495
494,MAHESHWARI.NS,73.05,73.0,10.47K,Transportation,Air Freight/Couriers,85.0,48.0,88.0,89.0,2.0579,2.0579,30.96K,21.19K,75.5,39.04,2.16B,No,73.09,72.12,54.38,72.68,56.26,497
495,SEAMECLTD.NS,1521.8,1547.2,603.22K,Industrial Services,Oilfield Services/Equipment,85.0,68.0,55.0,66.0,53.6571,53.0643,98.64K,45.01K,1709.2,771.75,38.83B,No,1447.56,1464.55,1297.28,1458.34,1442.04,498
496,VGCL.BO,63.48,60.46,15.51K,Finance,Investment Managers,85.0,83.0,68.0,92.0,3.2836,2.7314,3.90K,7.32K,63.48,28.1,1.45B,No,54.4,53.11,43.43,53.49,45.42,497
497,ROBU.BO,1152.9,1275.0,44.38K,Retail Trade,Electronics/Appliance Stores,85.0,59.0,83.0,85.0,60.5643,53.8107,9.34K,6.75K,1315.0,627.32,11.94B,No,1186.7,1160.61,903.83,1145.6,975.7,498
498,IKOMA.BO,67.87,67.84,136.41K,Producer Manufacturing,Building Products,85.0,45.0,89.0,96.0,3.5943,3.5143,107.55K,74.39K,85.5,13.81,1.57B,No,66.75,67.66,46.8,69.01,46.57,497
499,CMPDI.NS,246.0,250.09,1017.46K,Commercial Services,Miscellaneous Commercial Services,85.0,20.0,72.0,,8.2029,7.92,4645.60K,1509.13K,283.69,150.16,,No,249.67,251.51,,252.16,,95
500,J&KBANK.NS,157.48,156.86,1408.48K,Finance,Regional Banks,85.0,21.0,70.0,86.0,6.8107,6.7479,5313.60K,8279.55K,201.75,97.35,173.41B,No,166.69,164.13,126.73,166.52,136.66,500
501,RAIN.NS,209.38,202.92,6309.88K,Process Industries,Industrial Specialties,85.0,58.0,92.0,77.0,11.2479,11.0421,6480.58K,8196.90K,252.0,99.9,70.42B,No,221.37,205.76,152.52,205.54,162.71,500
502,EMMVEE.NS,317.2,318.4,895.74K,Electronic Technology,Semiconductors,85.0,26.0,79.0,89.0,11.2036,10.8,3646.33K,1863.43K,371.55,171.51,219.61B,No,326.25,332.68,,333.49,269.08,185
503,TINNARUBR.NS,1084.1,1137.3,108.24K,Process Industries,Industrial Specialties,85.0,82.0,87.0,91.0,59.3179,58.2964,151.80K,83.36K,1322.0,527.45,19.53B,No,1099.53,990.93,811.34,998.6,801.05,330
504,REDINGTON.NS,339.4,354.55,3022.05K,Distribution Services,Electronics Distributors,85.0,91.0,93.0,72.0,18.4643,16.9179,7386.65K,19768.87K,364.5,191.31,265.33B,No,307.59,282.17,259.3,290.87,253.69,500
505,GAUDIUMIVF.NS,123.28,125.79,29.17K,Health Services,Medical/Nursing Services,85.0,62.0,62.0,,2.9064,0.6464,155.51K,102.00K,163.18,69.18,8.97B,No,140.22,123.53,,124.55,,114
506,AARTISURF.NS,612.45,572.0,241.62K,Process Industries,Chemicals: Major Diversified,85.0,98.0,88.0,85.0,37.4571,32.6643,31.72K,146.61K,625.0,316.0,5.19B,No,452.19,407.11,406.29,422.81,403.92,498
507,STYL.NS,410.85,412.45,133.17K,Technology Services,Packaged Software,85.0,83.0,93.0,88.0,20.0393,18.8714,271.96K,181.60K,437.45,209.11,66.48B,No,379.54,338.98,289.03,351.6,282.05,217
508,SUNSHIEL.BO,1246.95,1237.15,17.22K,Process Industries,Chemicals: Major Diversified,85.0,66.0,90.0,84.0,72.2286,72.2286,4.14K,2.36K,1320.0,721.05,10.97B,No,1191.17,1186.12,965.87,1195.64,966.82,497
509,AEROENTER.NS,129.29,129.41,1018.95K,Producer Manufacturing,Industrial Machinery,85.0,73.0,79.0,89.0,6.9771,6.8621,1066.98K,472.34K,149.55,62.2,14.63B,No,123.93,123.26,94.25,125.87,98.56,499
510,NAHARSPING.NS,305.55,308.15,37.22K,Process Industries,Textiles,85.0,84.0,70.0,92.0,16.2714,15.5964,25.01K,95.89K,349.0,149.2,11.02B,No,292.64,274.63,226.71,275.83,240.52,498
511,STEELCAS.NS,329.75,328.4,114.04K,Non-Energy Minerals,Steel,85.0,73.0,75.0,86.0,13.7857,13.2286,212.67K,145.88K,345.5,176.02,33.37B,No,317.38,306.05,253.45,307.98,269.7,499
512,RBA.NS,93.82,92.65,5703.30K,Consumer Services,Restaurants,85.0,92.0,90.0,84.0,4.7429,4.1664,11430.81K,35909.69K,96.45,57.15,66.77B,No,75.38,74.07,66.93,75.85,68.07,498
513,GUFICBIO.NS,424.9,431.1,112.33K,Health Technology,Pharmaceuticals: Major,85.0,77.0,90.0,82.0,14.0393,14.0179,269.05K,84.18K,448.0,268.0,42.61B,No,396.29,384.17,330.82,386.74,329.03,500
514,JNKINDIA.NS,407.25,418.8,601.50K,Producer Manufacturing,Building Products,85.0,3.0,73.0,92.0,21.225,20.6857,1265.10K,280.50K,558.0,200.92,22.79B,No,447.07,469.79,321.25,465.54,346.42,499
515,SUNITATOOL.BO,1029.0,1012.1,11.62K,Producer Manufacturing,Industrial Machinery,85.0,93.0,84.0,88.0,21.2321,6.75,17.14K,21.18K,1123.85,553.0,6.46B,No,967.78,832.66,810.73,858.15,830.8,497
516,ASPIRA.BO,100.7,102.75,0.01K,Health Services,Medical/Nursing Services,84.0,30.0,94.0,90.0,2.2429,0.3714,9.09K,0.27K,135.88,49.0,1.04B,No,105.56,113.67,79.16,112.47,85.55,497
517,TATVA.NS,1732.0,1785.5,53.24K,Process Industries,Chemicals: Specialty,84.0,96.0,86.0,85.0,89.2286,89.0643,151.44K,97.95K,1838.1,976.4,40.52B,No,1703.26,1412.87,1320.85,1454.87,1282.68,500
518,BHARATFORG.NS,2081.5,2051.0,1981.68K,Producer Manufacturing,Metal Fabrication,84.0,38.0,61.0,82.0,63.7143,63.2643,1185.56K,1511.67K,2295.0,1100.5,995.14B,No,2170.12,2107.94,1750.55,2127.41,1895.81,499
519,EXIDEIND.NS,490.65,483.35,4593.95K,Producer Manufacturing,Auto Parts: Oem,84.0,85.0,89.0,86.0,18.3643,18.325,4883.16K,7954.94K,496.4,287.0,417.05B,No,452.47,420.72,366.37,431.21,366.98,500
520,HIGHNESS.BO,194.95,191.0,22.80K,Electronic Technology,Semiconductors,84.0,62.0,79.0,,8.5821,7.8571,36.91K,16.92K,202.45,107.5,1.01B,No,180.18,176.35,,178.47,,92
521,JETFREIGHT.NS,22.7,22.42,95.69K,Transportation,Airlines,84.0,75.0,77.0,78.0,1.5343,1.5243,284.88K,227.92K,25.95,11.9,1.05B,No,22.96,22.34,18.89,22.26,20.02,499
522,VAPIENTER.BO,155.05,160.0,0.08K,Finance,Finance/Rental/Leasing,84.0,96.0,90.0,80.0,10.4107,8.6821,0.75K,3.98K,171.55,89.55,353.74M,No,142.74,119.64,112.23,124.39,111.21,497
523,SPARC.NS,202.21,205.26,733.12K,Health Technology,Pharmaceuticals: Major,84.0,1.0,77.0,85.0,7.6386,7.5236,5473.83K,1085.94K,289.0,108.0,65.62B,No,215.63,228.06,163.18,226.38,173.12,500
524,UNIABEXAL.BO,4429.75,4414.0,0.61K,Producer Manufacturing,Metal Fabrication,84.0,2.0,88.0,86.0,229.4143,187.0071,1.54K,0.29K,5750.0,2667.0,8.75B,No,4774.9,4851.45,3607.13,4846.24,3748.8,497
525,GALADAFIN.BO,43.38,43.38,0.02K,Finance,Financial Conglomerates,84.0,88.0,76.0,79.0,0.8936,0.4793,0.24K,0.04K,43.89,19.7,130.14M,No,40.16,33.4,30.91,34.66,31.29,497
526,ESAFSFB.NS,39.83,38.49,1687.45K,Finance,Regional Banks,84.0,84.0,88.0,81.0,2.9429,2.9329,3065.76K,8289.25K,44.25,19.78,20.55B,No,38.49,34.7,28.58,36.37,29.69,499
527,UJJIVANSFB.NS,72.38,70.14,18055.94K,Finance,Regional Banks,84.0,85.0,77.0,63.0,2.4871,2.4193,17431.99K,16288.86K,73.29,41.32,141.04B,No,69.3,62.68,58.0,64.29,59.85,500
528,SHALPAINTS.NS,82.9,83.87,111.10K,Process Industries,Industrial Specialties,84.0,98.0,93.0,79.0,6.0957,5.9893,455.70K,1938.15K,89.8,35.21,6.94B,No,71.95,59.86,59.06,61.28,55.37,500
529,WHEELS.NS,1360.0,1382.4,86.61K,Producer Manufacturing,Auto Parts: Oem,84.0,23.0,56.0,91.0,55.1714,52.2929,206.51K,74.31K,1808.0,705.85,33.23B,No,1428.97,1510.16,1121.02,1493.74,1224.73,500
530,PRISMMEDI.BO,27.3,26.79,12.26K,Finance,Financial Conglomerates,84.0,26.0,23.0,85.0,2.555,2.55,6.12K,8.78K,34.49,13.1,165.53M,No,27.85,28.1,24.19,27.84,26.63,496
531,GABRIEL.NS,1476.8,1501.4,188.74K,Producer Manufacturing,Auto Parts: Oem,84.0,87.0,87.0,88.0,61.9357,59.2357,570.51K,448.68K,1600.0,795.7,261.73B,No,1448.59,1287.42,1080.29,1306.83,1083.62,500
532,WABAG.NS,1903.6,1950.1,821.66K,Industrial Services,Engineering & Construction,84.0,12.0,86.0,91.0,70.1143,68.9572,731.32K,383.23K,2253.5,1033.0,118.82B,No,1989.52,1952.51,1479.26,1984.51,1544.04,500
533,ALANSCOTT.BO,336.05,340.0,0.41K,Retail Trade,Specialty Stores,84.0,53.0,90.0,61.0,18.45,18.0929,3.49K,3.72K,415.0,193.5,1.92B,No,328.77,325.38,296.19,327.26,282.73,497
534,MAITRI.BO,45.13,42.99,0.00K,Non-Energy Minerals,Aluminum,84.0,94.0,85.0,88.0,2.6114,1.7207,0.11K,0.11K,46.55,22.1,198.57M,No,41.11,41.0,34.91,41.27,35.44,497
535,WELINV.NS,1830.0,1800.6,0.14K,Finance,Investment Banks/Brokers,84.0,55.0,71.0,85.0,64.0214,63.2429,0.97K,0.07K,1980.0,865.0,6.71B,No,1861.83,1810.28,1474.52,1823.5,1557.93,498
536,BENCHMARK.BO,36.25,37.98,2.00K,Technology Services,Information Technology Services,84.0,3.0,92.0,79.0,1.1743,0.1743,7.58K,4.80K,47.88,18.0,248.82M,No,38.91,39.58,29.9,38.73,29.87,497
537,CHATHA.BO,114.86,116.25,32.00K,Consumer Non-Durables,Food: Meat/Fish/Dairy,84.0,91.0,87.0,87.0,6.8343,6.0893,26.43K,39.60K,122.0,60.0,2.77B,No,96.0,88.09,82.22,91.13,81.55,497
538,AMBALALSA.NS,44.85,45.94,242.16K,Health Technology,Pharmaceuticals: Major,84.0,96.0,89.0,,3.2307,3.1557,161.59K,577.91K,49.98,30.15,3.44B,No,36.75,34.05,,34.97,,80
539,ABB.NS,7710.0,7611.5,224.22K,Producer Manufacturing,Electrical Products,84.0,82.0,68.0,81.0,217.3929,212.75,386.35K,428.35K,7924.5,4637.5,1633.81B,No,7519.35,7202.68,6196.19,7227.4,6671.77,500
540,PAUSHAKLTD.NS,697.3,689.1,32.21K,Process Industries,Chemicals: Major Diversified,84.0,92.0,90.0,83.0,40.8571,37.9071,55.68K,241.33K,780.6,342.5,17.19B,No,619.39,547.91,,564.34,495.32,174
541,KENNAMET.NS,3572.3,3301.8999,197.75K,Producer Manufacturing,Metal Fabrication,84.0,93.0,75.0,,133.0286,127.6929,14.23K,18.51K,3614.9,2405.2,78.51B,No,2966.05,2938.13,,2982.73,,86
542,RETAGGIO.BO,49.0,51.26,3.00K,Consumer Durables,Other Consumer Specialties,84.0,12.0,10.0,53.0,1.5957,0.6493,11.71K,3.90K,72.68,18.0,970.60M,No,49.56,55.78,46.49,54.78,51.24,334
543,INDORAMA.NS,58.16,58.05,239.33K,Process Industries,Textiles,84.0,92.0,92.0,83.0,3.9471,3.8857,379.36K,784.38K,75.0,29.0,15.19B,No,54.6,49.67,44.88,50.8,41.87,500
544,CITIZEN.BO,281.85,269.5,6.50K,Commercial Services,Advertising/Marketing Services,84.0,38.0,78.0,46.0,12.2464,11.0536,1.78K,1.13K,318.45,123.25,3.96B,No,294.59,270.63,268.96,275.3,260.73,499
545,MACHLTD.BO,171.0,168.05,30.00K,Commercial Services,Miscellaneous Commercial Services,84.0,93.0,79.0,87.0,7.1893,5.9821,17.31K,9.78K,174.0,90.0,3.60B,No,154.45,145.29,124.52,147.07,133.06,475
546,UNIVSTAR.BO,199.6,190.2,1.29K,Consumer Non-Durables,Food: Specialty/Candy,84.0,62.0,90.0,91.0,9.2786,8.1107,1.81K,0.91K,219.9,109.6,838.32M,No,199.02,200.53,154.02,201.97,162.29,498
547,SHAWGELTIN.BO,495.75,541.65,40.03K,Consumer Non-Durables,Food: Specialty/Candy,84.0,53.0,78.0,81.0,19.2214,18.6143,13.26K,6.97K,539.9,327.3,3.00B,No,503.31,495.52,400.39,493.85,419.52,497
548,AUTOIND.NS,99.77,95.02,371.03K,Producer Manufacturing,Auto Parts: Oem,84.0,72.0,83.0,76.0,4.8614,4.8614,204.51K,64.61K,103.5,48.35,4.53B,No,91.1,85.98,75.39,88.52,76.66,497
549,CONSOFINVT.NS,278.8,274.7,2.33K,Finance,Financial Conglomerates,84.0,71.0,83.0,82.0,14.22,14.22,18.19K,17.89K,320.0,152.0,9.01B,No,288.89,256.15,213.76,260.77,233.11,498
550,KINETRU.BO,44.9,43.0,0.80K,Finance,Finance/Rental/Leasing,84.0,97.0,83.0,5.0,1.3129,0.6557,1.18K,0.13K,75.82,25.47,150.86M,No,42.35,36.16,39.79,37.04,41.88,497
551,JAFINANCE.BO,118.95,119.0,0.12K,Finance,Finance/Rental/Leasing,84.0,96.0,89.0,83.0,3.33,1.3443,0.41K,0.54K,143.99,50.35,1.27B,No,97.72,90.25,80.27,93.87,90.42,495
552,DHOOTIN.BO,298.7,272.35,26.86K,Distribution Services,Wholesale Distributors,84.0,94.0,93.0,81.0,17.2429,15.175,2.19K,3.64K,310.0,132.2,1.89B,No,248.92,236.95,217.07,242.45,211.0,497
553,KINGFA.NS,5949.5,5708.0,53.26K,Process Industries,Chemicals: Specialty,83.0,87.0,69.0,80.0,213.3571,211.5714,8.34K,12.31K,6077.0,3570.0,80.62B,No,5239.5,5163.85,4613.23,5257.85,4792.62,498
554,DCI.NS,352.2,353.0,26.64K,Electronic Technology,Telecommunications Equipment,83.0,91.0,84.0,87.0,21.4286,21.3679,20.45K,61.08K,475.0,208.98,5.78B,No,307.76,287.28,270.49,296.93,284.43,498
555,CTCL.BO,265.0,259.25,0.75K,Producer Manufacturing,Metal Fabrication,83.0,88.0,88.0,90.0,15.5036,8.8714,0.52K,1.20K,294.0,140.0,6.15B,No,243.01,233.62,194.17,234.29,202.93,499
556,ISTRNETWK.BO,45.02,45.02,32.31K,Commercial Services,Miscellaneous Commercial Services,83.0,16.0,35.0,39.0,2.9643,2.9393,20.71K,16.32K,72.15,14.76,3.26B,No,47.02,47.98,47.75,48.2,46.19,497
557,NAVINFLUOR.NS,8356.5,8156.0,290.84K,Process Industries,Chemicals: Specialty,83.0,75.0,79.0,81.0,297.6786,266.3214,204.08K,563.00K,8775.5,4498.5,428.69B,No,7810.05,7570.22,6547.69,7678.3,6872.87,498
558,ALPHAGEO.NS,306.39,284.94,359.60K,Industrial Services,Oilfield Services/Equipment,83.0,97.0,90.0,79.0,21.0007,20.9321,14.66K,60.07K,315.0,164.8,1.95B,No,224.78,211.44,217.76,217.06,211.34,499
559,MANINDS.NS,598.65,559.1,10837.31K,Producer Manufacturing,Industrial Machinery,83.0,65.0,73.0,93.0,23.9072,22.85,657.59K,216.13K,638.7,302.05,44.90B,No,540.68,552.96,461.09,559.17,484.71,499
560,WSTCSTPAPR.NS,624.55,597.1,2903.87K,Producer Manufacturing,Office Equipment/Supplies,83.0,83.0,80.0,87.0,22.4107,21.5929,182.58K,130.88K,645.0,375.0,41.25B,No,566.66,536.54,462.74,543.92,479.79,499
561,RAPID.BO,132.0,132.0,0.80K,Transportation,Air Freight/Couriers,83.0,51.0,46.0,45.0,0.0357,0.0,0.32K,0.16K,147.0,62.0,503.08M,No,132.31,132.39,120.25,132.31,135.98,481
562,BUILDPRO.NS,1242.8,1270.0,37.34K,Distribution Services,Wholesale Distributors,83.0,62.0,70.0,90.0,75.6857,75.0357,103.11K,141.17K,1380.0,636.0,30.14B,No,1260.72,1150.93,,1163.68,1052.93,147
563,AUROPHARMA.NS,1667.0,1658.0,796.05K,Health Technology,Pharmaceuticals: Other,83.0,67.0,72.0,82.0,40.1857,39.8143,1303.91K,1229.59K,1671.9,1016.1,959.16B,No,1581.49,1541.66,1334.07,1568.16,1403.18,499
564,SBLI.BO,53.5,54.6,3.60K,Finance,Real Estate Development,83.0,91.0,78.0,83.0,1.2214,0.8,2.54K,5.04K,54.5,30.55,43.40M,No,47.69,44.62,40.68,45.72,41.55,498
565,DYCL.NS,454.0,441.2,1716.38K,Producer Manufacturing,Electrical Products,83.0,92.0,66.0,87.0,19.3429,19.0071,1151.92K,451.12K,520.0,236.8,22.00B,No,409.51,374.16,337.16,382.78,332.08,500
566,INDERGR.BO,29.0,29.45,0.10K,Finance,Finance/Rental/Leasing,83.0,89.0,84.0,84.0,0.8407,0.5129,0.87K,0.04K,35.44,15.38,146.77M,No,29.42,24.89,25.45,26.37,24.22,496
567,CORONA.NS,2135.9,2101.7,16.66K,Health Technology,Pharmaceuticals: Major,83.0,68.0,84.0,83.0,80.8142,78.9142,48.44K,59.54K,2270.1,1336.6,,No,2084.96,1968.01,,2003.96,1737.88,165
568,ALCHCORP.BO,35.21,33.54,0.61K,Distribution Services,Wholesale Distributors,83.0,79.0,82.0,78.0,0.1193,0.0,0.24K,0.20K,35.21,22.73,173.03M,No,33.62,32.53,28.54,32.91,29.99,497
569,SHAMROIN.BO,25.96,24.73,215.64K,Health Technology,Pharmaceuticals: Major,83.0,79.0,81.0,78.0,0.0879,0.0,3.84K,21.80K,25.96,16.77,140.92M,No,24.79,23.99,21.05,24.27,22.12,497
570,SUNDRMFAST.NS,1210.0,1210.05,189.56K,Producer Manufacturing,Auto Parts: Oem,83.0,93.0,91.0,74.0,34.5607,28.8607,129.26K,223.94K,1224.4,730.1,254.26B,No,1012.3,942.93,904.51,970.52,891.26,499
571,VIJAYA.NS,1510.6,1428.2,1399.77K,Health Services,Medical/Nursing Services,83.0,76.0,78.0,87.0,52.1786,52.0643,271.28K,217.92K,1525.0,848.0,155.59B,No,1366.65,1349.23,1115.14,1363.48,1161.04,499
572,AGRIBIO.BO,318.5,315.8,17.44K,Distribution Services,Wholesale Distributors,83.0,61.0,61.0,80.0,7.45,7.4286,12.70K,15.74K,329.0,187.15,3.47B,No,318.1,306.74,262.88,309.73,282.49,497
573,ARFIN.NS,84.74,85.08,1216.86K,Non-Energy Minerals,Aluminum,83.0,29.0,23.0,61.0,3.4471,3.4471,2479.87K,1471.18K,106.2,32.0,14.30B,No,87.63,89.01,78.81,89.57,85.42,263
574,PRADPME.NS,506.8,516.9,6.42K,Producer Manufacturing,Metal Fabrication,83.0,32.0,84.0,,14.1429,14.1429,25.02K,4.94K,596.0,357.05,,No,517.75,514.79,,522.41,,80
575,GENUSPRIME.BO,36.23,38.13,10.72K,Industrial Services,Engineering & Construction,83.0,86.0,82.0,92.0,2.1643,1.7571,9.29K,20.34K,40.13,16.3,2.83B,No,31.86,31.43,25.69,32.1,27.5,497
576,VALSONQ.BO,38.2,38.47,3.47K,Process Industries,Textiles,83.0,70.0,88.0,80.0,4.2936,4.1879,6.36K,10.48K,42.0,23.58,292.64M,No,34.86,33.72,29.52,34.82,30.51,498
577,JAIPAN.BO,36.94,36.59,1.83K,Consumer Durables,Electronics/Appliances,83.0,76.0,92.0,81.0,2.2843,2.21,24.12K,9.88K,45.0,22.5,225.33M,No,35.46,31.63,28.48,32.58,28.59,497
578,RAMAVISION.BO,155.25,138.4,32.74K,Distribution Services,Medical Distributors,83.0,74.0,43.0,72.0,7.8536,7.6393,3.06K,2.35K,190.85,74.0,1.62B,No,137.89,139.17,135.46,138.61,140.93,496
579,DIVISLAB.NS,8600.0,8578.5,557.11K,Health Technology,Pharmaceuticals: Major,83.0,92.0,86.0,82.0,225.5714,206.7857,448.58K,725.66K,8674.0,5636.5,2283.03B,No,7855.98,7186.18,6582.97,7311.45,6642.7,499
580,OSCARGLO.BO,21.6,20.58,3.23K,Process Industries,Textiles,83.0,79.0,81.0,78.0,0.0729,0.0,0.40K,0.34K,21.6,10.45,71.28M,No,20.63,19.92,17.53,20.19,18.4,496
581,AMIC.BO,1966.3,1957.45,123.00K,Producer Manufacturing,Metal Fabrication,83.0,78.0,81.0,87.0,72.1821,71.0643,79.01K,69.16K,2021.0,1065.0,25.56B,No,1801.86,1769.46,1538.47,1796.04,1556.18,497
582,MANAKSTEEL.NS,82.75,84.71,572.93K,Non-Energy Minerals,Steel,83.0,69.0,84.0,74.0,5.6929,5.265,47.47K,133.28K,89.9,45.11,5.42B,No,76.34,73.91,64.89,74.7,65.62,498
583,MAYURUNIQ.NS,750.75,779.1,81.70K,Process Industries,Textiles,83.0,12.0,80.0,81.0,37.375,37.2786,298.40K,157.64K,907.0,471.2,32.62B,No,786.76,803.26,608.67,799.18,649.95,497
584,HINDCOPPER.NS,547.7,533.3,36895.85K,Non-Energy Minerals,Other Metals/Minerals,83.0,81.0,43.0,22.0,19.5964,18.7179,5062.39K,8922.14K,760.05,226.7,529.64B,No,501.53,502.58,496.61,505.51,534.76,500
585,CENTENKA.NS,604.1,604.1,86.81K,Process Industries,Chemicals: Specialty,83.0,86.0,89.0,80.0,26.2179,25.3,193.03K,378.54K,671.65,371.2,13.20B,No,588.47,545.68,467.61,554.33,478.69,499
586,MAIDEN.BO,108.9,107.65,47.00K,Non-Energy Minerals,Steel,83.0,94.0,88.0,69.0,3.5836,3.08,18.68K,46.50K,109.78,63.52,1.55B,No,98.15,87.39,85.41,88.92,84.85,496
587,TAMBOLIIN.NS,229.88,226.06,4.18K,Finance,Investment Banks/Brokers,83.0,68.0,80.0,,10.6421,10.5971,12.17K,10.67K,237.7,141.5,,No,218.31,209.15,,212.85,,80
588,NELCO.NS,974.1,995.1,161.03K,Electronic Technology,Electronic Production Equipment,83.0,75.0,88.0,86.0,45.8857,45.4179,487.97K,615.05K,1026.0,500.1,22.23B,No,951.28,882.51,746.18,909.44,729.73,500
589,GOLDIAM.NS,372.85,384.05,898.50K,Consumer Durables,Other Consumer Specialties,83.0,87.0,74.0,89.0,18.7821,18.4929,1524.38K,1827.58K,398.2,198.75,56.14B,No,359.48,350.31,290.66,361.83,299.05,500
590,SWASTIKAAL.BO,84.55,89.0,6.00K,Producer Manufacturing,Metal Fabrication,82.0,59.0,96.0,80.0,3.3493,2.7857,14.79K,19.20K,102.05,39.0,690.27M,No,91.48,72.02,65.19,75.54,62.87,261
591,RAMRAT.NS,473.95,449.5,776.96K,Producer Manufacturing,Electrical Products,82.0,84.0,64.0,89.0,21.7786,20.475,265.78K,367.48K,520.0,268.0,44.24B,No,436.15,415.07,355.97,422.61,376.53,498
592,LENSKART.NS,586.45,589.2,5026.87K,Health Technology,Medical Specialties,82.0,72.0,80.0,76.0,14.3179,14.1679,6217.88K,3197.40K,593.35,356.1,1015.40B,No,562.51,535.92,,540.23,514.83,191
593,RAJSEC.BO,53.56,53.5,89.55K,Utilities,Gas Distributors,82.0,15.0,78.0,91.0,0.3071,0.2286,207.34K,8.93K,66.99,29.0,4.12B,No,54.19,52.42,44.44,53.15,45.39,496
594,PROGREXV.BO,34.0,32.45,1.30K,Energy Minerals,Oil Refining/Marketing,82.0,78.0,81.0,78.0,0.3014,0.3014,0.36K,0.30K,34.0,21.48,122.55M,No,32.53,31.47,27.54,31.88,29.07,496
595,EMCURE.NS,2009.6,1998.7,214.07K,Health Technology,Pharmaceuticals: Major,82.0,79.0,82.0,79.0,54.5786,54.3,179.21K,154.59K,2048.0,1260.0,381.18B,No,1921.42,1843.33,1593.98,1865.82,1672.9,499
596,ZIMLAB.NS,107.92,110.53,37.66K,Health Technology,Pharmaceuticals: Generic,82.0,20.0,61.0,83.0,4.3164,3.67,53.42K,46.74K,133.9,59.31,5.78B,No,115.11,116.47,86.51,116.86,91.96,499
597,JINDALSAW.NS,269.55,273.55,893.25K,Non-Energy Minerals,Steel,82.0,43.0,69.0,86.0,7.7107,7.6643,2045.43K,1245.63K,281.0,153.0,171.87B,No,263.6,258.68,207.24,261.96,224.73,500
598,PPAP.NS,299.05,290.05,54.42K,Producer Manufacturing,Auto Parts: Oem,82.0,74.0,86.0,88.0,17.1207,15.1957,168.75K,20.10K,379.5,176.0,4.24B,No,296.73,268.06,229.99,280.39,230.49,497
599,SUBAM.BO,217.1,221.0,3.20K,Process Industries,Pulp & Paper,82.0,45.0,33.0,70.0,4.1821,3.5429,15.21K,5.04K,244.0,111.1,5.97B,No,220.06,220.25,196.3,219.68,198.75,458
600,SIGIND.NS,68.46,71.49,110.82K,Process Industries,Chemicals: Specialty,82.0,97.0,87.0,83.0,5.0236,4.9236,37.11K,177.44K,74.95,40.66,2.02B,No,54.06,50.36,50.48,51.68,49.55,498
601,RATNAVEER.NS,210.01,206.16,4206.74K,Non-Energy Minerals,Steel,82.0,86.0,80.0,82.0,13.7343,13.4321,4331.25K,12002.35K,218.49,130.5,15.00B,No,191.52,182.01,161.33,184.75,164.08,498
602,REGENCY.BO,44.12,45.34,208.34K,Finance,Investment Banks/Brokers,82.0,84.0,82.0,84.0,2.4007,2.3671,165.02K,151.74K,48.0,22.71,3.54B,No,44.05,40.1,34.24,41.05,33.71,496
603,ACSTECH.NS,50.09,50.45,558.86K,Process Industries,Textiles,82.0,91.0,89.0,,2.48,2.3543,267.15K,339.16K,53.56,31.71,,No,42.93,41.45,,42.7,,80
604,SHRIRAMFIN.NS,1117.2,1129.9,3581.83K,Finance,Finance/Rental/Leasing,82.0,74.0,70.0,63.0,30.0643,28.55,5909.47K,5632.41K,1153.7,566.5,2628.71B,No,1069.22,1028.52,967.07,1041.52,1005.37,500
605,ADVAIT.NS,2117.7,2180.8999,39.93K,Producer Manufacturing,Electrical Products,82.0,33.0,54.0,84.0,109.9857,109.1214,65.65K,67.70K,2485.0,1351.0,23.16B,No,2239.4,2255.13,,2233.26,1945.02,141
606,AXENTRA.BO,307.65,310.75,0.01K,Finance,Real Estate Development,82.0,35.0,22.0,17.0,0.6679,0.0,0.12K,0.00K,371.85,111.81,6.06B,No,314.18,322.27,345.72,319.96,342.78,497
607,APOLLOPIPE.NS,512.75,508.05,125.06K,Producer Manufacturing,Miscellaneous Manufacturing,82.0,67.0,58.0,93.0,21.6143,21.4214,271.87K,526.25K,554.0,252.1,22.52B,No,505.89,496.04,395.51,499.69,440.36,500
608,KECL.NS,145.51,148.52,275.77K,Producer Manufacturing,Electrical Products,82.0,94.0,77.0,91.0,9.3407,9.0771,144.39K,421.34K,155.0,75.47,9.66B,No,136.18,120.56,107.51,122.33,108.28,500
609,CALSOFT.NS,22.32,21.26,154.57K,Technology Services,Information Technology Services,82.0,65.0,34.0,89.0,0.9086,0.8693,130.59K,35.50K,27.83,10.9,1.38B,No,21.81,22.15,17.3,22.34,17.6,499
610,AARNAV.NS,33.15,31.8,97.25K,Finance,Investment Banks/Brokers,82.0,94.0,92.0,,2.0786,2.0529,120.83K,69.67K,37.4,21.0,,No,30.54,27.18,,27.57,,113
611,RKFORGE.NS,743.3,751.35,976.72K,Producer Manufacturing,Metal Fabrication,82.0,94.0,82.0,83.0,29.025,27.5821,1220.73K,2259.87K,763.5,460.15,135.41B,No,647.35,600.03,555.28,615.72,570.23,500
612,OML.BO,33.5,32.11,11.20K,Industrial Services,Environmental Services,82.0,78.0,95.0,88.0,1.3614,1.3186,14.58K,8.64K,85.0,13.75,263.39M,No,32.25,29.19,24.48,30.61,22.87,211
613,TATATECH.NS,842.1,865.2,1473.74K,Technology Services,Packaged Software,82.0,87.0,88.0,75.0,31.1679,30.6857,1770.63K,3660.90K,888.05,507.4,341.94B,No,767.77,751.26,659.81,761.71,659.06,500
614,KAMDHENU.NS,33.88,34.98,249.97K,Non-Energy Minerals,Steel,82.0,64.0,85.0,88.0,1.6129,1.5593,1445.48K,479.36K,37.06,16.15,9.55B,No,34.65,31.7,25.65,32.37,25.76,500
615,RICOAUTO.NS,127.99,144.19,8761.09K,Producer Manufacturing,Auto Parts: Oem,82.0,41.0,54.0,54.0,8.8843,8.6529,3518.64K,2778.41K,157.99,76.52,17.32B,No,139.56,136.67,120.66,136.78,124.23,499
616,MITSU.BO,157.55,153.55,31.95K,Producer Manufacturing,Miscellaneous Manufacturing,82.0,81.0,34.0,84.0,7.0964,6.8143,27.98K,19.35K,175.4,80.3,2.14B,No,148.27,148.24,118.81,147.76,125.42,496
617,RSWM.NS,204.38,207.84,18.36K,Process Industries,Textiles,82.0,67.0,82.0,85.0,9.3129,8.4507,177.75K,99.61K,238.0,120.0,9.63B,No,213.99,203.64,164.54,203.51,170.18,498
618,AFLTD.BO,59.0,61.5,9.00K,Producer Manufacturing,Auto Parts: Oem,82.0,60.0,,,2.6193,1.5514,61.59K,24.90K,71.0,40.85,797.41M,No,58.38,53.19,,54.44,,54
619,OVOBELE.BO,193.85,184.65,5.17K,Consumer Non-Durables,Food: Specialty/Candy,82.0,58.0,87.0,64.0,9.1286,7.0179,10.33K,6.65K,211.9,105.6,1.84B,No,181.78,183.53,164.52,185.36,158.64,496
620,HALDYNGL.NS,124.35,129.46,49.13K,Process Industries,Containers/Packaging,82.0,65.0,66.0,,5.8286,5.1021,86.18K,64.78K,139.19,85.0,,No,124.34,121.72,,122.54,,80
621,CARYSIL.NS,1189.2,1196.3,90.49K,Consumer Durables,Home Furnishings,82.0,50.0,84.0,83.0,47.3929,46.3,171.68K,102.72K,1280.9,732.1,33.82B,No,1178.99,1171.12,974.13,1173.7,990.83,500
622,UNICHEMLAB.NS,544.95,573.8,955.46K,Health Technology,Pharmaceuticals: Major,82.0,5.0,91.0,83.0,26.2929,26.2464,870.45K,369.16K,687.2,278.2,38.37B,No,536.66,497.35,419.41,511.11,405.76,500
623,EMAMIPAP.NS,112.0,112.35,20.45K,Process Industries,Pulp & Paper,82.0,93.0,90.0,78.0,5.9914,5.6764,132.63K,71.88K,133.7,55.0,6.78B,No,108.63,95.06,86.01,96.94,84.49,453
624,EXPOEAPL.BO,82.0,82.29,17.84K,Producer Manufacturing,Industrial Machinery,82.0,72.0,81.0,80.0,5.4579,5.3657,25.53K,20.02K,111.0,46.4,1.87B,No,75.06,70.13,65.89,70.85,64.52,497
625,PIXTRANS.NS,1947.0,1983.0,35.16K,Producer Manufacturing,Miscellaneous Manufacturing,82.0,76.0,85.0,85.0,79.8286,70.8357,110.40K,139.56K,2060.6,1220.1,26.53B,No,1801.55,1742.63,1524.71,1759.04,1570.48,497
626,SIMMOND.BO,204.65,191.1,44.75K,Producer Manufacturing,Metal Fabrication,81.0,78.0,58.0,91.0,13.35,13.35,10.44K,21.88K,225.0,101.4,2.29B,No,194.37,184.86,154.55,185.91,165.17,497
627,HEXAGON.NS,65.91,63.84,500.92K,Health Technology,Pharmaceuticals: Major,81.0,32.0,,,3.0479,3.045,2344.17K,308.67K,78.25,48.1,,No,66.0,,,63.52,,44
628,ARCHITORG.BO,61.86,62.29,139.14K,Process Industries,Chemicals: Specialty,81.0,76.0,82.0,86.0,2.4979,2.4221,21.27K,14.94K,65.0,34.0,1.27B,No,57.83,57.06,46.93,57.21,48.48,497
629,RACLGEAR.NS,1411.5,1419.8,20.45K,Producer Manufacturing,Auto Parts: Oem,81.0,80.0,70.0,80.0,70.6572,68.2929,35.81K,56.18K,1691.9,805.0,16.67B,No,1354.08,1327.39,1221.21,1337.97,1284.81,417
630,TARSONS.NS,312.8,297.2,1619.13K,Process Industries,Containers/Packaging,81.0,74.0,89.0,89.0,17.1357,16.3179,898.67K,123.85K,368.9,164.45,16.64B,No,311.09,279.16,232.01,283.68,229.07,500
631,DHABRIYA.BO,459.35,458.2,47.92K,Producer Manufacturing,Miscellaneous Manufacturing,81.0,88.0,82.0,85.0,29.1107,27.9821,32.49K,27.26K,499.8,280.0,4.97B,No,439.94,405.12,368.72,414.46,368.05,497
632,ASAHISONG.NS,329.5,338.1,65.97K,Process Industries,Chemicals: Specialty,81.0,88.0,86.0,86.0,26.4679,25.5714,47.62K,126.58K,413.95,179.64,3.88B,No,339.03,291.15,253.66,298.43,250.51,499
633,RML.NS,1107.8,1095.3,21.45K,Producer Manufacturing,Auto Parts: Oem,81.0,7.0,81.0,86.0,62.4,61.7572,91.40K,107.31K,1323.9,608.5,30.62B,No,1142.27,1102.63,873.25,1121.62,909.94,499
634,NEPHROPLUS.NS,679.15,712.3,380.58K,Health Services,Medical/Nursing Services,81.0,72.0,84.0,75.0,25.8393,25.8393,239.25K,122.23K,769.75,446.0,68.29B,No,676.71,681.9,,682.6,602.86,162
635,ASIANENE.NS,405.8,401.8,201.38K,Energy Minerals,Oil & Gas Production,81.0,90.0,89.0,88.0,18.0464,17.5214,536.39K,513.74K,420.0,230.0,19.72B,No,383.76,367.61,313.39,369.31,321.05,500
636,RANEHOLDIN.NS,1801.7,1776.2,14.00K,Producer Manufacturing,Auto Parts: Oem,81.0,55.0,94.0,80.0,57.1714,55.3571,46.51K,23.09K,1894.5,981.0,25.72B,No,1766.75,1673.82,1389.65,1709.83,1385.68,499
637,CRAZY.BO,59.19,60.0,6.00K,Consumer Non-Durables,Food: Specialty/Candy,81.0,93.0,,,3.9271,3.1121,165.33K,17.70K,70.0,42.47,1.42B,No,58.96,,,,,27
638,SINGERIND.NS,91.3,76.09,2216.15K,Consumer Durables,Electronics/Appliances,81.0,95.0,85.0,,3.99,3.9736,59.22K,129.23K,91.3,57.15,,No,67.9,69.07,,70.56,,98
639,RIDDHI.BO,764.1,752.6,3.52K,Process Industries,Pulp & Paper,81.0,72.0,50.0,79.0,30.1357,28.1286,4.91K,3.47K,861.95,405.0,5.45B,No,744.11,755.38,584.49,755.4,625.89,496
640,IBINFO.BO,40.19,42.29,10.36K,Consumer Non-Durables,Food: Major Diversified,81.0,78.0,12.0,44.0,2.75,1.56,3.80K,2.56K,82.03,16.0,514.72M,No,45.65,46.51,44.03,44.88,52.04,500
641,TITAN.NS,5099.0,5128.0,1105.12K,Consumer Durables,Other Consumer Specialties,81.0,80.0,73.0,74.0,106.5643,100.1643,992.51K,1263.15K,5168.0,3303.1,4524.41B,No,4847.53,4559.52,4212.18,4617.1,4349.22,500
642,ITDC.NS,721.05,676.65,3428.66K,Consumer Services,Hotels/Resorts/Cruise Lines,81.0,44.0,83.0,78.0,26.9964,26.1464,2052.94K,162.42K,822.0,368.0,61.84B,No,723.21,667.27,576.99,671.3,576.44,499
643,KWIL.NS,36.4,34.84,33503.62K,Consumer Non-Durables,Food: Meat/Fish/Dairy,81.0,79.0,84.0,,1.4336,1.4314,13685.76K,10418.69K,39.45,22.24,85.53B,No,32.9,33.83,,34.14,,123
644,PRABHATAM.BO,26.39,25.14,0.00K,Process Industries,Pulp & Paper,81.0,79.0,76.0,74.0,0.0893,0.0,0.04K,0.04K,26.39,17.9,5.85B,No,25.2,24.34,21.89,24.67,22.83,496
645,DRL.BO,27.22,27.29,187.43K,Distribution Services,Wholesale Distributors,81.0,35.0,42.0,81.0,1.5943,1.5107,38.38K,138.44K,30.0,15.12,199.13M,No,27.17,25.3,21.55,25.68,22.98,497
646,AMEENJI.BO,169.85,148.55,109.20K,Producer Manufacturing,Miscellaneous Manufacturing,81.0,90.0,55.0,85.0,4.9964,4.35,16.16K,11.04K,175.0,96.05,1.92B,No,141.2,138.69,135.41,140.26,134.29,212
647,SATIN.NS,223.41,225.04,384.70K,Finance,Finance/Rental/Leasing,81.0,8.0,62.0,83.0,11.2286,11.2286,1164.21K,672.00K,274.14,133.01,24.57B,No,246.31,244.49,182.6,242.32,195.66,499
648,LLOYDSME.NS,1893.6,1986.2,1221.77K,Non-Energy Minerals,Steel,81.0,74.0,67.0,91.0,70.6071,69.0429,546.38K,674.97K,2125.0,1042.9,1065.32B,No,1984.35,1852.6,1492.66,1867.38,1577.86,500
649,ALPINEHOU.BO,138.3,138.35,0.46K,Consumer Durables,Homebuilding,81.0,95.0,94.0,84.0,7.1764,6.7764,3.50K,3.98K,155.9,74.12,2.40B,No,133.17,110.27,104.71,113.41,97.92,497
650,ELECTHERM.NS,1012.4,1018.5,7.00K,Non-Energy Minerals,Steel,81.0,13.0,88.0,76.0,47.4286,47.4286,96.09K,25.19K,1277.0,551.0,12.90B,No,1020.86,1070.38,865.23,1079.88,850.98,499
651,VISAKAIND.NS,98.76,100.21,496.77K,Process Industries,Industrial Specialties,81.0,93.0,88.0,89.0,4.8086,4.5657,494.95K,2167.34K,104.41,50.2,8.53B,No,86.44,81.25,70.69,83.38,71.02,499
652,TULASEEBIOE.BO,36.44,37.18,0.20K,Process Industries,Chemicals: Specialty,81.0,0.0,92.0,50.0,1.1114,0.0,0.50K,0.19K,71.21,17.32,113.41M,No,47.35,48.86,40.52,49.53,34.61,497
653,CARTRADE.NS,2714.6,2763.6001,165.79K,Technology Services,Internet Software/Services,81.0,45.0,90.0,55.0,129.5,126.5357,1008.73K,676.40K,3290.5,1600.0,131.69B,No,2786.62,2654.33,2383.15,2669.08,2153.17,500
654,ROLEXRINGS.NS,173.01,177.29,14358.34K,Producer Manufacturing,Metal Fabrication,81.0,89.0,75.0,82.0,7.2893,7.1414,2865.17K,10832.03K,180.0,99.79,45.39B,No,148.42,145.35,132.31,147.8,137.97,500
655,YUG.BO,23.0,23.0,36.23K,Process Industries,Industrial Specialties,81.0,16.0,96.0,69.0,0.0793,0.0,3.76K,3.62K,33.0,11.33,372.22M,No,24.09,24.06,20.31,24.48,18.71,497
656,ABMINTLLTD.NS,63.07,52.56,29.24K,Industrial Services,Engineering & Construction,81.0,97.0,91.0,90.0,4.5657,3.5164,1.18K,1.79K,63.07,34.0,593.36M,No,44.18,42.45,43.86,43.57,43.71,499
657,CAPLIPOINT.NS,2472.4,2629.6001,427.60K,Health Technology,Pharmaceuticals: Major,81.0,24.0,88.0,79.0,89.35,89.1286,191.25K,69.27K,2699.0,1500.3,187.93B,No,2570.94,2501.15,1994.95,2518.4,2017.79,499
658,PIRAMALFIN.NS,2073.3,2114.7,108.94K,Finance,Finance/Rental/Leasing,81.0,39.0,57.0,67.0,63.55,63.55,342.21K,204.51K,2220.0,1260.0,468.58B,No,2102.33,2089.84,,2104.73,1919.03,191
659,JJFINCOR.BO,50.55,53.15,0.10K,Finance,Finance/Rental/Leasing,81.0,86.0,79.0,64.0,2.0029,1.025,2.27K,0.14K,78.7,30.27,142.55M,No,56.4,50.29,47.53,50.38,51.7,495
660,RSL.NS,155.92,153.31,1172.45K,Non-Energy Minerals,Steel,81.0,88.0,76.0,,5.9907,5.9243,467.81K,683.21K,159.0,101.7,13.03B,No,140.42,133.84,,135.97,,100
661,BIMETAL.NS,647.95,648.9,0.20K,Producer Manufacturing,Auto Parts: Oem,81.0,31.0,70.0,,28.9286,28.7214,1.23K,0.58K,750.75,470.9,2.48B,No,655.42,652.39,,657.65,,85
662,GANESHBE.NS,112.26,116.74,202.10K,Process Industries,Chemicals: Specialty,81.0,85.0,78.0,88.0,7.2986,7.1486,842.41K,388.72K,129.99,68.4,8.08B,No,114.51,108.05,90.37,108.0,94.32,499
663,MUNOTHFI.BO,47.49,46.56,0.57K,Finance,Regional Banks,80.0,95.0,95.0,90.0,0.5614,0.0621,0.06K,0.12K,69.49,16.4,243.88M,No,42.94,36.51,35.47,37.94,30.55,496
664,PVP.NS,34.15,34.46,994.77K,Technology Services,Information Technology Services,80.0,91.0,69.0,62.0,2.0943,2.0786,1101.52K,2859.37K,39.41,18.49,8.89B,No,29.57,29.68,30.79,29.88,29.15,498
665,MAJESAUT.NS,400.6,421.65,3.46K,Commercial Services,Miscellaneous Commercial Services,80.0,85.0,84.0,,21.1857,13.9107,10.82K,35.90K,500.0,274.0,4.17B,No,436.42,377.96,,384.62,,79
666,BLACKROSE.NS,108.14,110.01,10.57K,Distribution Services,Wholesale Distributors,80.0,51.0,79.0,,5.0407,4.4386,68.45K,21.04K,129.9,80.05,,No,105.86,105.17,,106.02,,80
667,IIFL.NS,625.75,619.25,959.58K,Finance,Finance/Rental/Leasing,80.0,84.0,89.0,72.0,17.2357,16.3643,2942.70K,2072.37K,675.0,409.1,266.12B,No,592.11,549.91,526.83,559.14,505.27,500
668,NGIL.NS,40.78,41.52,88.79K,Consumer Non-Durables,Food: Specialty/Candy,80.0,46.0,68.0,84.0,2.4157,2.3779,24.23K,28.11K,43.89,22.01,726.50M,No,39.39,39.42,32.33,39.16,33.82,497
669,KEI.NS,5754.0,5645.0,454.16K,Producer Manufacturing,Electrical Products,80.0,84.0,73.0,81.0,147.8286,135.1,390.81K,751.86K,5754.0,3728.7,550.09B,No,5167.18,5252.17,4671.49,5281.6,4866.72,500
670,ADANIPOWER.NS,206.99,209.0,13917.48K,Utilities,Electric Utilities,80.0,29.0,32.0,86.0,4.3407,4.3086,32364.26K,14623.32K,254.2,116.22,3991.74B,No,212.13,219.39,178.88,217.97,190.85,500
671,NYKAA.NS,328.05,325.0,3831.76K,Retail Trade,Internet Retail,80.0,54.0,81.0,80.0,8.275,7.9536,8046.01K,8877.70K,348.0,210.0,939.89B,No,329.19,308.98,271.01,315.72,277.71,499
672,AURUM.NS,226.04,228.56,84.74K,Technology Services,Packaged Software,80.0,58.0,85.0,74.0,9.8643,9.8321,306.60K,358.93K,264.64,151.9,17.35B,No,225.87,216.9,186.14,219.36,190.87,500
673,CRIMSON.BO,41.41,43.58,0.10K,Non-Energy Minerals,Steel,80.0,7.0,12.0,14.0,0.3186,0.0,0.01K,0.01K,61.35,21.35,183.37M,No,44.5,46.62,46.6,45.93,49.16,496
674,AARVI.NS,153.31,155.03,43.79K,Commercial Services,Personnel Services,80.0,65.0,80.0,66.0,6.6914,6.6829,49.44K,45.83K,168.4,97.3,2.27B,No,155.11,147.46,132.3,150.01,135.37,498
675,SPENTA.BO,127.7,121.7,0.51K,Consumer Non-Durables,Apparel/Footwear,80.0,91.0,84.0,87.0,13.6879,11.78,1.40K,2.28K,169.7,71.1,353.00M,No,129.56,115.83,98.84,116.23,99.98,497
676,SHUKRAPHAR.BO,39.82,37.26,2134.54K,Health Technology,Pharmaceuticals: Major,80.0,85.0,79.0,48.0,2.7514,2.475,401.60K,855.98K,65.26,17.06,17.44B,No,33.41,32.07,38.31,32.97,34.84,498
677,NIBE.NS,1445.7,1434.2,74.49K,Process Industries,Textiles,80.0,15.0,89.0,79.0,57.0857,54.5357,230.29K,55.81K,1848.0,809.6,22.41B,No,1461.44,1553.55,1209.48,1551.08,1235.85,374
678,RASRESOR.BO,57.0,55.0,0.07K,Consumer Services,Hotels/Resorts/Cruise Lines,80.0,49.0,70.0,84.0,2.1279,2.1271,1.14K,0.64K,64.9,33.34,226.28M,No,55.42,55.27,45.31,55.95,47.6,496
679,MCX.NS,2970.1,2895.0,6166.61K,Finance,Investment Banks/Brokers,80.0,71.0,42.0,74.0,83.3714,81.3,3123.75K,2489.42K,3480.0,1460.8,,No,2742.35,2794.11,2534.4,2785.1,2709.19,500
680,CBPL.BO,50.2,47.81,3.00K,Distribution Services,Medical Distributors,80.0,91.0,94.0,66.0,1.8779,0.8571,5.76K,5.40K,59.0,29.7,378.76M,No,37.59,40.63,38.79,41.13,38.38,499
681,CARGOSOL.BO,25.9,25.9,4.00K,Transportation,Air Freight/Couriers,80.0,72.0,90.0,39.0,0.1464,0.0,3.03K,0.80K,28.8,15.3,264.18M,No,25.97,22.65,23.59,23.59,22.19,497
682,TVSMOTOR.NS,4375.0,4400.0,911.60K,Consumer Durables,Motor Vehicles,80.0,89.0,79.0,67.0,95.4357,91.4571,1306.71K,1587.93K,4475.0,2963.8,,No,4099.49,3739.72,3640.08,3819.33,3667.09,500
683,SPAL.NS,975.9,1074.5,227.40K,Consumer Non-Durables,Apparel/Footwear,80.0,4.0,80.0,84.0,51.5464,49.7607,287.07K,80.65K,1221.9,600.0,24.53B,No,1013.61,1006.07,801.84,1020.23,834.17,499
684,COSMOFE.BO,226.55,216.5,15.41K,Producer Manufacturing,Metal Fabrication,80.0,72.0,93.0,88.0,14.7286,14.325,4.41K,5.47K,278.0,89.95,2.73B,No,215.06,208.48,164.39,211.15,161.02,497
685,KESAR.BO,1260.0,1260.65,16.90K,Finance,Real Estate Development,80.0,58.0,54.0,49.0,29.5893,26.775,21.01K,31.45K,1297.0,610.05,39.37B,No,1261.55,1248.75,1146.89,1246.91,1209.24,497
686,POWERICA.NS,559.35,528.35,347.86K,Producer Manufacturing,Electrical Products,80.0,42.0,68.0,,26.075,25.9036,399.25K,192.91K,676.95,365.1,70.79B,No,549.2,554.67,,560.24,,92
687,NILKAMAL.NS,1859.3,1868.6,56.74K,Consumer Durables,Home Furnishings,80.0,96.0,91.0,78.0,114.6429,114.6429,91.17K,110.59K,1983.5,1050.5,27.84B,No,1685.26,1443.26,1385.5,1493.59,1370.82,497
688,SAIPARENT.NS,552.4,573.5,349.26K,Health Technology,Pharmaceuticals: Major,80.0,19.0,73.0,,27.8536,26.0857,281.98K,143.18K,706.0,400.0,24.40B,No,553.43,569.47,,570.33,,91
689,GROVY.BO,54.25,57.74,3.25K,Finance,Real Estate Development,80.0,81.0,86.0,67.0,3.8643,3.67,3.94K,2.09K,63.7,32.0,723.49M,No,53.2,50.29,44.04,51.58,44.48,497
690,GAEL.NS,165.36,168.87,583.89K,Consumer Non-Durables,Food: Specialty/Candy,80.0,65.0,50.0,71.0,8.6286,8.57,1311.62K,2951.12K,184.03,101.2,75.85B,No,161.23,159.58,141.33,159.91,150.54,500
691,HIMTEK.BO,271.45,275.55,47.90K,Producer Manufacturing,Auto Parts: Oem,80.0,96.0,83.0,78.0,19.0179,18.2,21.71K,54.36K,297.8,177.0,2.80B,No,259.12,224.17,215.78,227.71,212.66,497
692,ANANDPROJ.BO,31.21,31.21,0.01K,Utilities,Electric Utilities,80.0,90.0,85.0,74.0,0.3021,0.0,0.00K,0.01K,31.21,24.48,29.16M,No,27.81,26.03,24.87,26.82,25.26,497
693,NURECA.NS,340.3,324.1,19.80K,Health Technology,Medical Specialties,80.0,97.0,77.0,70.0,17.4171,16.9971,37.74K,31.18K,354.0,204.0,3.40B,No,313.34,266.9,273.52,275.81,270.02,498
694,SASKEN.NS,1926.4,1982.6,16.62K,Technology Services,Information Technology Services,80.0,41.0,91.0,86.0,97.5071,83.9,216.51K,36.64K,2780.2,991.0,29.26B,No,1880.72,2067.04,1541.07,2047.3,1596.21,499
695,TRITONV.BO,1074.5,1086.1,2.60K,Consumer Durables,Automotive Aftermarket,80.0,52.0,57.0,89.0,44.7,42.0857,4.22K,2.67K,1250.2,650.0,5.50B,No,1051.14,1070.18,879.18,1081.32,944.11,499
696,IFINSEC.BO,228.0,229.0,0.03K,Finance,Finance/Rental/Leasing,80.0,85.0,83.0,78.0,10.8857,8.8179,0.62K,0.38K,284.95,140.1,6.66B,No,223.75,216.07,190.41,216.62,195.23,499
697,KOLTEPATIL.NS,492.7,516.6,815.10K,Finance,Real Estate Development,80.0,95.0,86.0,78.0,27.0821,24.3857,280.75K,1470.45K,554.6,292.25,43.69B,No,408.08,383.8,375.4,393.43,368.4,498
698,PRUDENT.NS,3364.2,3401.3999,15.76K,Finance,Investment Managers,80.0,82.0,79.0,81.0,144.9214,139.9786,30.45K,41.55K,3434.0,2121.0,139.30B,No,3107.32,2997.38,2655.2,3062.29,2707.69,498
699,EMERALL.BO,252.45,220.8,35.38K,Consumer Services,Hotels/Resorts/Cruise Lines,80.0,98.0,88.0,72.0,13.2,10.4393,0.92K,3.28K,264.95,151.0,3.79B,No,186.25,180.86,193.12,188.84,188.02,497
700,CLEANMAX.NS,1269.9,1272.2,165.88K,Utilities,Alternative Power Generation,79.0,29.0,64.0,,66.9143,66.5,303.05K,207.00K,1536.0,727.1,148.92B,No,1340.36,1322.24,,1321.98,,112
701,BAIKAKAJI.BO,234.4,242.75,27.60K,Process Industries,Containers/Packaging,79.0,91.0,86.0,64.0,13.6321,12.0643,71.19K,209.64K,265.0,143.1,5.02B,No,216.78,201.06,,206.24,190.25,153
702,FLUOROCHEM.NS,4565.8,4416.2002,979.00K,Process Industries,Chemicals: Specialty,79.0,87.0,81.0,85.0,159.4929,158.7643,135.44K,91.12K,4695.0,2916.6,501.55B,No,4472.75,4080.93,3609.79,4148.07,3645.32,500
703,GRINDWELL.NS,2106.2,2080.8,28.83K,Process Industries,Industrial Specialties,79.0,63.0,85.0,79.0,64.3928,63.8928,96.72K,49.37K,2455.0,1329.0,233.20B,No,2087.7,2062.88,1718.91,2087.3,1777.27,497
704,GANHOLD.BO,114.9,109.45,0.45K,Finance,Financial Conglomerates,79.0,95.0,92.0,65.0,5.4464,2.645,0.80K,3.11K,123.65,60.2,102.38M,No,102.16,98.53,94.26,100.14,93.44,499
705,HIPOLIN.BO,107.55,109.7,0.47K,Consumer Non-Durables,Household/Personal Care,79.0,97.0,55.0,93.0,2.1814,0.0721,0.75K,1.07K,118.8,44.83,336.77M,No,105.92,88.28,72.44,89.49,75.37,497
706,IDM.BO,37.61,37.61,0.01K,Electronic Technology,Computer Processing Hardware,79.0,52.0,73.0,77.0,0.0,0.0,0.18K,0.18K,40.67,23.35,82.74M,No,37.61,34.75,32.68,35.73,34.31,496
707,ANTELOPUS.NS,802.15,812.7,68.36K,Energy Minerals,Integrated Oil,79.0,53.0,81.0,86.0,44.6536,44.4464,157.28K,228.50K,933.65,357.0,28.21B,No,839.34,827.75,620.96,817.78,685.67,500
708,MMP.NS,345.2,338.15,48.70K,Non-Energy Minerals,Other Metals/Minerals,79.0,90.0,80.0,82.0,15.5893,14.9107,56.74K,131.40K,352.65,185.2,8.77B,No,300.19,283.54,261.01,289.1,261.92,497
709,HMVL.NS,91.77,91.61,13.99K,Consumer Services,Publishing: Newspapers,79.0,57.0,90.0,74.0,5.2107,5.1557,82.62K,167.57K,108.16,55.2,6.75B,No,94.71,89.46,73.63,89.76,74.86,498
710,ARTEMISMED.NS,316.3,313.3,723.71K,Health Services,Hospital/Nursing Management,79.0,87.0,79.0,76.0,12.7214,12.6464,246.07K,685.57K,325.9,203.35,,No,293.41,276.54,257.79,279.54,254.38,493
711,SUPRAPFSL.BO,33.98,33.45,40.49K,Commercial Services,Miscellaneous Commercial Services,79.0,63.0,90.0,66.0,0.8779,0.8729,74.70K,40.30K,41.0,22.41,1.67B,No,33.56,33.12,28.92,33.46,29.04,497
712,ACEALPHA.BO,138.0,136.25,1.00K,Technology Services,Packaged Software,79.0,87.0,72.0,88.0,3.0464,2.0107,11.10K,2.80K,141.05,80.05,2.42B,No,132.76,125.52,105.89,127.25,109.55,277
713,SANGAMIND.NS,578.1,581.95,27.22K,Process Industries,Textiles,79.0,62.0,69.0,74.0,18.5393,18.5393,117.37K,26.21K,672.5,341.55,28.51B,No,610.55,573.18,490.49,578.89,506.29,498
714,NAZARA.NS,352.2,355.4,674.99K,Technology Services,Packaged Software,79.0,85.0,87.0,72.0,12.6607,10.6571,3580.14K,5137.27K,363.25,215.7,135.49B,No,323.84,305.91,272.8,311.33,280.06,499
715,GSBFIN.BO,43.15,41.17,1.27K,Finance,Investment Banks/Brokers,79.0,75.0,77.0,71.0,2.8107,2.6443,7.69K,1.94K,50.99,25.21,258.90M,No,43.85,38.94,36.26,39.53,36.8,497
716,ECOBOAR.BO,54.93,54.41,16.82K,Non-Energy Minerals,Forest Products,79.0,41.0,18.0,40.0,3.0093,2.9543,8.18K,5.06K,77.8,26.5,1.45B,No,54.82,55.84,53.73,55.49,59.01,497
717,LUMAXIND.NS,5966.0,5996.5,39.06K,Producer Manufacturing,Auto Parts: Oem,79.0,79.0,59.0,71.0,231.8929,219.5714,18.17K,27.18K,6934.5,3274.0,55.77B,No,5434.18,5352.97,5358.0,5389.5,5360.72,498
718,PREMEXPLN.NS,651.15,651.35,87.05K,Process Industries,Chemicals: Specialty,79.0,15.0,79.0,77.0,11.5822,11.0857,1179.23K,332.37K,829.8,378.4,35.02B,No,660.62,699.29,566.79,695.27,573.21,499
719,OMNITEX.BO,795.0,799.95,1.83K,Process Industries,Textiles,79.0,59.0,53.0,86.0,30.0393,27.3,0.92K,1.32K,892.0,361.5,3.34B,No,772.41,766.93,666.57,776.66,723.42,496
720,WEWORK.NS,708.6,719.95,85.64K,Finance,Real Estate Development,79.0,42.0,88.0,70.0,28.6429,28.3286,552.30K,304.91K,794.5,420.0,98.21B,No,720.75,692.07,592.81,696.55,583.71,208
721,ATMAIND.BO,178.25,178.25,0.01K,Distribution Services,Wholesale Distributors,79.0,69.0,76.0,73.0,0.0,0.0,0.00K,0.00K,178.25,122.1,409.98M,No,176.56,171.89,151.2,173.2,158.84,497
722,VEGA.BO,61.95,61.95,0.33K,Distribution Services,Wholesale Distributors,79.0,49.0,51.0,39.0,0.0,0.0,0.08K,0.05K,62.45,38.66,3.15B,No,61.95,61.95,55.9,61.95,62.2,500
723,RAYMOND.NS,618.95,624.3,717.54K,Process Industries,Textiles,79.0,47.0,80.0,88.0,21.7179,21.1429,743.65K,487.35K,679.0,320.0,41.19B,No,605.54,594.02,480.83,600.62,481.37,500
724,CFL.BO,48.3,46.0,1.25K,Process Industries,Industrial Specialties,79.0,51.0,37.0,57.0,0.5143,0.3329,1.81K,0.54K,59.0,20.4,295.27M,No,48.91,50.64,48.64,50.4,49.48,496
725,MSTCLTD.NS,588.85,571.0,232.46K,Retail Trade,Internet Retail,79.0,8.0,86.0,76.0,19.0071,18.3393,1327.17K,152.16K,743.9,362.15,41.46B,No,600.99,628.14,505.23,629.51,504.89,500
726,M&MFIN.NS,395.85,398.8,4491.84K,Finance,Finance/Rental/Leasing,79.0,87.0,77.0,57.0,16.6571,16.1714,4482.40K,4448.73K,415.0,253.05,550.07B,No,373.89,334.46,338.03,346.61,334.77,499
727,ZENTEC.NS,1824.3,1819.8,502.83K,Technology Services,Information Technology Services,79.0,51.0,72.0,78.0,62.5857,56.2357,742.79K,382.30K,2024.0,1223.0,164.08B,No,1729.03,1784.47,1519.54,1789.71,1586.94,500
728,MKPMOB.BO,149.0,150.0,0.00K,Finance,Financial Conglomerates,79.0,80.0,85.0,72.0,8.9464,7.9821,0.08K,0.12K,160.0,97.0,508.24M,No,146.41,130.55,122.8,132.41,120.07,497
729,SSWRL.BO,29.8,28.4,4.04K,Non-Energy Minerals,Steel,79.0,93.0,89.0,84.0,1.6793,1.0129,6.50K,7.78K,43.16,16.6,98.68M,No,31.52,25.8,23.28,26.73,22.47,497
730,POLYPLEX.NS,1185.5,1229.6,704.31K,Process Industries,Chemicals: Specialty,79.0,84.0,84.0,82.0,41.5357,41.0929,148.67K,106.13K,1264.0,740.0,37.22B,No,1121.4,1028.14,904.27,1052.28,928.88,499
731,IKIO.NS,214.9,203.64,597.83K,Producer Manufacturing,Electrical Products,79.0,64.0,81.0,83.0,8.3421,8.1636,1642.71K,202.77K,252.9,103.53,16.61B,No,206.76,185.43,167.38,193.12,160.18,500
732,ZYDUSLIFE.NS,1205.0,1191.0,4566.63K,Health Technology,Pharmaceuticals: Major,79.0,64.0,86.0,79.0,28.9286,28.7429,1755.38K,1655.52K,1205.0,835.5,1201.99B,No,1130.99,1118.65,977.33,1126.67,998.52,500
733,MUFIN.NS,135.4,135.98,2315.04K,Finance,Finance/Rental/Leasing,79.0,65.0,75.0,65.0,4.2864,4.1929,1467.69K,1450.94K,139.99,82.99,26.83B,No,130.52,128.87,116.74,130.46,118.36,500
734,INLANPR.BO,64.52,65.5,1.24K,Commercial Services,Commercial Printing/Forms,79.0,90.0,82.0,81.0,1.9543,0.8279,2.89K,0.32K,131.25,22.01,318.97M,No,66.92,57.47,47.77,58.48,51.53,499
735,RPPL.NS,23.63,24.87,120.69K,Process Industries,Containers/Packaging,79.0,76.0,87.0,84.0,1.5614,1.3993,159.26K,263.16K,26.97,14.25,1.73B,No,22.67,21.25,18.26,21.69,18.22,498
736,VIPULORG.BO,249.2,243.1,0.56K,Process Industries,Industrial Specialties,79.0,38.0,82.0,64.0,12.8786,12.375,13.78K,8.40K,309.0,156.8,4.75B,No,246.93,253.98,214.77,252.17,216.73,497
737,KRISHNADEF.NS,1169.0,1161.2,95.05K,Electronic Technology,Aerospace & Defense,78.0,10.0,47.0,65.0,55.6857,55.1786,170.31K,98.97K,1400.0,665.0,17.46B,No,1232.71,1249.88,1016.75,1255.13,1105.58,499
738,AIAENG.NS,4523.0,4781.6001,150.19K,Producer Manufacturing,Industrial Machinery,78.0,32.0,74.0,58.0,149.7357,149.7357,101.17K,57.59K,5180.0,3001.1,,No,4660.88,4680.31,4040.75,4640.91,4140.4,498
739,WOCKPHARMA.NS,1847.4,1909.4,576.60K,Health Technology,Pharmaceuticals: Major,78.0,52.0,75.0,81.0,69.2643,68.7571,1690.24K,842.97K,2422.3,1086.7,300.19B,No,1921.69,1925.06,1533.67,1924.15,1596.0,500
740,GALAGEX.BO,63.97,62.08,182.35K,Producer Manufacturing,Metal Fabrication,78.0,21.0,74.0,81.0,6.33,6.2929,97.44K,149.88K,74.38,36.56,1.02B,No,66.58,65.4,53.27,66.1,54.31,498
741,PNBHOUSING.NS,1157.6,1142.1,871.99K,Finance,Finance/Rental/Leasing,78.0,71.0,63.0,82.0,38.3786,36.3643,964.97K,1581.45K,1174.8,729.6,301.66B,No,1098.66,1059.55,950.24,1070.42,957.4,499
742,JSTL.BO,78.52,80.39,3.20K,Health Services,Medical/Nursing Services,78.0,74.0,28.0,71.0,4.29,4.285,19.62K,28.57K,93.9,32.85,1.56B,No,74.83,76.7,70.53,76.7,73.88,497
743,RBLBANK.NS,389.8,389.7,2289.57K,Finance,Major Banks,78.0,72.0,73.0,76.0,7.7857,7.6607,5573.10K,4760.67K,392.7,243.25,604.23B,No,374.06,369.35,328.35,373.61,336.28,499
744,CHEMKART.BO,190.0,199.0,2.40K,Health Technology,Pharmaceuticals: Other,78.0,75.0,87.0,93.0,6.2179,5.0,9.10K,7.44K,231.0,87.0,2.30B,No,194.69,169.12,146.85,172.82,136.27,269
745,GROWW.NS,197.28,193.5,25315.62K,Miscellaneous,Investment Trusts,78.0,46.0,44.0,67.0,4.7193,4.6186,34019.44K,21770.74K,227.2,112.0,1221.47B,No,197.34,198.75,,200.22,186.83,189
746,AMANTA.NS,156.39,159.58,3.86K,Health Technology,Pharmaceuticals: Major,78.0,6.0,72.0,86.0,3.2629,1.4264,224.68K,23.39K,189.0,92.0,6.07B,No,165.32,161.37,125.26,163.34,130.56,229
747,SOUTHBANK.NS,46.22,45.81,6627.72K,Finance,Major Banks,78.0,65.0,73.0,70.0,0.985,0.9479,17373.18K,7107.53K,49.9,28.11,121.01B,No,46.7,46.23,41.3,46.36,41.93,500
748,SRMENERGY.BO,21.11,22.01,7.31K,Utilities,Electric Utilities,78.0,10.0,73.0,83.0,1.9457,1.8614,10.13K,7.90K,30.07,10.09,191.26M,No,23.1,21.77,20.09,22.44,19.65,496
749,ADANIENT.NS,2985.7,2995.5,1159.74K,Distribution Services,Wholesale Distributors,78.0,36.0,80.0,84.0,59.0571,57.9857,2089.92K,1017.45K,3245.0,1753.0,4248.57B,No,3059.89,3043.86,2460.57,3056.97,2521.7,498
750,VIYASH.NS,262.75,261.45,2071.13K,Health Technology,Pharmaceuticals: Major,78.0,21.0,80.0,74.0,9.5607,9.2071,2653.26K,2269.68K,298.0,167.95,115.31B,No,263.07,265.74,226.01,265.74,230.64,500
751,SAMOR.BO,92.5,92.0,0.14K,Distribution Services,Wholesale Distributors,78.0,48.0,43.0,76.0,2.6007,1.7064,2.46K,0.03K,104.99,48.55,2.09B,No,91.62,93.75,80.11,93.1,85.46,497
752,AYMSYNTEX.NS,253.2,255.85,98.72K,Process Industries,Textiles,78.0,76.0,68.0,88.0,14.9336,14.9336,43.18K,45.34K,281.22,141.53,14.87B,No,245.26,234.75,197.84,237.69,210.25,499
753,JSWINFRA.NS,346.6,341.85,8417.98K,Industrial Services,Engineering & Construction,78.0,71.0,82.0,77.0,10.5179,10.375,3934.98K,3323.22K,355.8,233.42,802.44B,No,331.3,319.49,281.63,324.47,283.97,500
754,LALPATHLAB.NS,1953.3,1949.9,351.48K,Health Services,Medical/Nursing Services,78.0,85.0,79.0,79.0,68.8286,66.2429,505.81K,479.76K,1988.9,1272.6,326.16B,No,1832.57,1720.52,1528.13,1750.17,1540.64,500
755,AKSHARCHEM.NS,282.02,284.19,7.49K,Process Industries,Chemicals: Specialty,78.0,89.0,89.0,73.0,17.5321,17.5321,11.93K,8.40K,330.8,141.3,2.27B,No,253.2,238.81,224.87,244.24,215.21,499
756,CNCRD.BO,2397.3,2446.75,8.10K,Electronic Technology,Electronic Equipment/Instruments,78.0,6.0,26.0,44.0,95.4821,89.3643,8.09K,6.39K,3069.85,1078.12,24.26B,No,2514.22,2705.28,2456.01,2660.16,2517.83,498
757,SALGUTI.BO,33.1,34.82,0.02K,Process Industries,Textiles,78.0,75.0,72.0,73.0,0.78,0.4679,0.02K,0.02K,36.65,21.35,249.46M,No,33.88,31.88,27.98,31.98,29.25,498
758,DBOL.NS,114.11,114.64,36.78K,Process Industries,Agricultural Commodities/Milling,78.0,64.0,43.0,58.0,5.5636,5.2707,75.60K,179.33K,130.73,69.0,7.51B,No,106.6,110.21,98.42,110.86,108.42,499
759,LEXGLOBAL.BO,205.0,204.0,0.00K,Finance,Financial Conglomerates,78.0,60.0,83.0,92.0,1.2679,0.4893,0.36K,0.04K,232.2,80.45,2.05B,No,197.93,187.52,169.41,188.47,162.33,497
760,EIGHTY.BO,37.9,37.9,12.00K,Consumer Durables,Other Consumer Specialties,78.0,7.0,88.0,64.0,0.6,0.0,5.62K,2.40K,49.9,22.2,386.55M,No,42.61,41.88,34.05,41.14,34.39,497
761,GOKULAGRO.NS,236.6,226.03,845.49K,Process Industries,Agricultural Commodities/Milling,78.0,79.0,50.0,84.0,9.0543,9.0336,486.83K,797.42K,249.92,149.03,69.82B,No,220.51,219.82,198.2,221.16,203.68,500
762,PRIVISCL.NS,3580.6,3586.7,49.05K,Process Industries,Chemicals: Major Diversified,78.0,43.0,57.0,73.0,101.5,100.5357,81.28K,101.08K,3785.3,2193.9,139.87B,No,3640.62,3558.56,3159.43,3591.58,3215.27,498
763,ASTERDM.NS,827.95,854.9,787.81K,Health Services,Hospital/Nursing Management,78.0,59.0,71.0,84.0,29.9607,29.9322,680.80K,924.44K,891.3,519.1,721.70B,No,822.78,801.59,691.79,812.09,716.02,500
764,AJANTPHARM.NS,3541.0,3507.0,82.95K,Health Technology,Pharmaceuticals: Major,78.0,71.0,77.0,73.0,90.75,89.6071,130.97K,125.00K,3598.8,2329.9,442.40B,No,3460.08,3310.81,2927.11,3333.58,3048.64,499
765,SAREGAMA.NS,516.05,529.1,178.26K,Consumer Services,Movies/Entertainment,78.0,74.0,91.0,87.0,25.6893,25.6893,3863.26K,1358.50K,574.5,307.05,99.06B,No,516.98,489.88,395.0,491.69,401.28,499
766,EIFFL.NS,293.75,296.85,23.37K,Consumer Non-Durables,Food: Specialty/Candy,78.0,19.0,79.0,63.0,17.3179,13.8679,41.66K,15.93K,381.96,204.98,7.29B,No,305.35,302.42,254.58,308.61,261.65,498
767,INNOVACAP.NS,1012.2,1018.9,579.71K,Health Technology,Pharmaceuticals: Major,78.0,57.0,76.0,83.0,38.175,37.6,54.44K,25.77K,1120.0,622.0,57.92B,No,969.95,958.32,790.74,962.46,812.53,499
768,BEPL.NS,120.54,122.53,779.04K,Process Industries,Industrial Specialties,78.0,88.0,83.0,84.0,4.7486,4.6836,4293.01K,1930.84K,138.5,74.2,30.00B,No,119.19,108.01,94.49,110.3,96.26,500
769,MAHABANK.NS,81.87,78.95,26566.42K,Finance,Major Banks,78.0,47.0,46.0,77.0,1.8743,1.8743,15389.30K,9303.08K,94.5,51.71,629.71B,No,79.73,83.53,70.92,83.93,75.76,499
770,MANAKALUCO.NS,39.32,42.47,292.94K,Non-Energy Minerals,Other Metals/Minerals,78.0,84.0,64.0,42.0,2.6064,2.3521,154.81K,290.72K,68.12,21.73,2.58B,No,37.18,37.19,32.91,37.48,34.05,499
771,TIRTPLS.BO,24.89,24.7,0.76K,Process Industries,Containers/Packaging,78.0,17.0,26.0,43.0,2.0243,1.9929,4.72K,2.48K,37.3,12.11,110.78M,No,28.27,28.36,23.8,28.0,27.23,497
772,PFOCUS.NS,268.0,281.55,867.35K,Consumer Services,Movies/Entertainment,78.0,76.0,25.0,59.0,14.4414,14.3471,617.59K,866.58K,367.0,139.04,208.71B,No,288.45,255.93,249.22,259.82,270.3,498
773,GVT&D.NS,4406.5,4420.0,1047.77K,Producer Manufacturing,Electrical Products,77.0,26.0,41.0,77.0,185.3286,175.9643,1046.83K,1131.67K,5650.0,2523.2,1128.27B,No,4338.0,4666.13,3847.08,4617.12,4224.72,500
774,KARURVYSYA.NS,338.8,334.2,1751.60K,Finance,Regional Banks,77.0,84.0,70.0,61.0,7.7071,7.6821,4179.61K,1941.35K,351.8,201.82,327.51B,No,333.78,309.54,286.85,313.41,300.63,500
775,SHIVAM.BO,100.0,100.0,3.00K,Non-Energy Minerals,Construction Materials,77.0,17.0,25.0,73.0,2.3821,1.4929,7.28K,1.95K,130.4,57.4,1.70B,No,101.4,105.45,91.49,104.91,104.3,495
776,MENNPIS.NS,72.14,73.28,101.70K,Producer Manufacturing,Auto Parts: Oem,77.0,43.0,83.0,,4.2114,4.1679,121.80K,164.38K,82.0,52.35,,No,73.29,67.53,,68.6,,80
777,BOSCHLTD.NS,46480.0,45185.0,96.42K,Producer Manufacturing,Auto Parts: Oem,77.0,77.0,82.0,73.0,1165.3571,1117.8571,41.52K,48.96K,46735.0,28610.0,,No,42057.5,40836.7,37141.62,41653.0,37366.5,499
778,BTTL.NS,43.94,44.2,11.50K,Process Industries,Textiles,77.0,3.0,86.0,,2.5664,2.4836,58.01K,6.07K,58.23,30.0,2.56B,No,47.47,45.06,,46.19,,80
779,OSWALEA.BO,78.64,78.64,0.60K,Finance,Finance/Rental/Leasing,77.0,69.0,68.0,74.0,0.2671,0.0,0.05K,0.14K,78.64,55.92,39.32M,No,76.77,75.65,67.13,76.02,70.55,496
780,DBSTOCKBRO.NS,32.44,33.24,40.25K,Finance,Investment Banks/Brokers,77.0,2.0,77.0,75.0,1.8064,1.765,67.87K,26.00K,48.5,23.15,1.14B,No,34.34,34.25,28.08,34.39,29.33,498
781,ONIDA.NS,37.1,38.43,396.26K,Electronic Technology,Telecommunications Equipment,77.0,8.0,21.0,65.0,1.6007,1.5736,795.71K,320.10K,49.23,21.5,13.70B,No,38.33,39.6,32.53,39.67,34.74,499
782,CORDSCABLE.NS,232.92,226.83,85.50K,Producer Manufacturing,Electrical Products,77.0,83.0,65.0,82.0,8.3007,8.1243,59.04K,18.92K,259.4,127.01,3.01B,No,211.57,211.3,187.37,211.45,188.07,499
783,QLL.BO,440.0,438.0,2.80K,Commercial Services,Miscellaneous Commercial Services,77.0,42.0,87.0,80.0,16.3107,14.2,10.82K,4.32K,505.95,258.55,4.39B,No,452.86,437.81,385.76,440.56,381.28,497
784,ACEMEN.BO,109.3,110.7,38.02K,Distribution Services,Wholesale Distributors,77.0,84.0,75.0,51.0,6.7743,6.76,6.21K,19.81K,112.2,59.5,1.41B,No,101.67,98.84,97.22,100.22,98.98,497
785,ELANTAS.NS,11443.5,11657.5,4.63K,Process Industries,Industrial Specialties,77.0,86.0,74.0,,651.1786,564.0357,2.40K,8.61K,13200.0,8900.0,90.72B,No,10179.7,10078.31,,10204.95,,80
786,LYKISLTD.BO,49.91,49.29,32.94K,Consumer Non-Durables,Food: Major Diversified,77.0,80.0,70.0,66.0,2.5279,2.4429,21.85K,25.32K,61.8,29.21,967.01M,No,46.55,45.63,43.54,45.88,46.52,496
787,HILIKS.BO,69.45,72.89,3.14K,Commercial Services,Miscellaneous Commercial Services,77.0,11.0,85.0,70.0,4.2257,4.2257,23.17K,5.96K,89.6,38.63,746.59M,No,72.3,69.36,56.14,70.29,56.49,497
788,COSMICCRF.BO,1262.0,1283.55,4.20K,Non-Energy Minerals,Steel,77.0,18.0,94.0,64.0,62.5071,53.8107,10.19K,7.28K,1519.95,550.0,11.62B,No,1330.28,1221.82,1076.01,1234.41,1022.35,497
789,KRONOX.NS,173.93,167.14,717.43K,Process Industries,Chemicals: Specialty,77.0,86.0,83.0,81.0,6.4979,6.4864,153.00K,154.40K,180.5,96.0,6.45B,No,157.21,151.53,136.83,154.43,134.98,499
790,DREDGECORP.NS,1036.8,1059.2,80.36K,Transportation,Marine Shipping,77.0,40.0,67.0,33.0,44.0,44.0,461.41K,145.60K,1286.0,538.0,29.03B,No,1060.31,1082.86,982.66,1066.76,999.11,500
791,PANSARI.NS,322.5,314.9,0.91K,Technology Services,Packaged Software,77.0,11.0,52.0,61.0,18.6536,18.4929,36.82K,14.59K,388.9,231.5,5.63B,No,341.94,319.78,297.86,323.1,299.68,497
792,REPONO.BO,84.75,84.0,42.00K,Transportation,Other Transportation,77.0,51.0,88.0,80.0,3.795,3.09,66.97K,19.92K,107.0,43.06,871.16M,No,78.58,80.14,68.6,81.51,66.46,253
793,MAHALIFE.BO,186.85,185.5,6.00K,Process Industries,Chemicals: Agricultural,77.0,77.0,49.0,53.0,5.6821,4.65,13.94K,15.00K,205.05,111.0,4.37B,No,170.83,170.63,,170.76,170.66,182
794,SOLARINDS.NS,18730.0,18770.0,92.08K,Process Industries,Industrial Specialties,77.0,73.0,77.0,81.0,431.7857,427.5,154.66K,66.67K,19187.0,11646.0,1694.88B,No,18576.6,18217.28,15105.14,18210.5,15894.83,499
795,GLOBAL.NS,102.94,100.12,252.66K,Commercial Services,Miscellaneous Commercial Services,77.0,55.0,19.0,67.0,4.7657,4.7479,69.61K,33.16K,121.9,55.3,5.24B,No,102.24,103.37,94.9,103.21,100.54,499
796,AARTIIND.NS,530.9,505.3,5378.63K,Process Industries,Chemicals: Major Diversified,77.0,82.0,67.0,82.0,15.3786,14.8,1265.26K,1969.31K,534.0,338.05,192.57B,No,492.89,479.2,432.04,485.68,455.54,500
797,SHTL.BO,95.49,90.95,28.80K,Producer Manufacturing,Industrial Machinery,77.0,74.0,92.0,89.0,1.9393,0.6107,4.35K,1.92K,104.0,38.43,540.32M,No,80.16,82.1,,83.22,67.41,185
798,ABCAPITAL.NS,410.95,407.15,2349.68K,Finance,Multi-Line Insurance,77.0,62.0,73.0,70.0,11.3571,10.5786,4099.06K,4739.03K,430.7,267.25,1124.43B,No,405.52,390.99,354.45,395.3,357.76,500
799,NORTHLINK.BO,23.72,24.33,0.00K,Commercial Services,Miscellaneous Commercial Services,77.0,51.0,85.0,89.0,0.0821,0.0,0.01K,0.01K,50.95,14.31,124.53M,No,24.23,22.98,18.59,23.59,19.16,496
800,CORDELIA.NS,825.5,833.75,82.36K,Consumer Services,Hotels/Resorts/Cruise Lines,77.0,31.0,,,30.3036,29.2036,848.82K,145.18K,925.65,623.1,59.76B,No,831.07,,,,,31
801,FIEMIND.NS,2645.9,2592.2,153.12K,Producer Manufacturing,Auto Parts: Oem,77.0,89.0,77.0,70.0,81.9286,78.7,58.46K,110.98K,2674.8,1815.0,69.64B,No,2397.83,2319.68,2237.16,2348.97,2234.2,500
802,RAJRATAN.NS,518.5,518.6,56.72K,Producer Manufacturing,Metal Fabrication,77.0,79.0,77.0,75.0,24.9,23.8179,170.93K,220.88K,563.95,305.55,26.32B,No,506.44,474.47,443.76,478.9,436.56,499
803,WELSPUNLIV.NS,165.23,159.66,2291.73K,Consumer Non-Durables,Consumer Sundries,77.0,44.0,83.0,78.0,5.6771,5.6,2752.72K,1604.63K,174.97,107.1,156.10B,No,162.07,159.65,137.73,161.68,139.58,500
804,IFCI.NS,73.51,75.7,14267.39K,Finance,Finance/Rental/Leasing,77.0,30.0,74.0,75.0,2.4964,2.3857,56956.78K,18405.33K,95.8,46.23,198.06B,No,73.38,76.53,61.62,76.7,65.47,500
805,INFONATIVE.BO,38.0,40.0,4.80K,Technology Services,Internet Software/Services,77.0,92.0,91.0,72.0,2.0929,1.785,6.74K,19.36K,42.27,23.1,450.22M,No,34.02,30.0,30.24,31.28,28.92,333
806,SCANPRO.BO,117.5,112.05,0.28K,Industrial Services,Engineering & Construction,77.0,57.0,25.0,86.0,4.075,2.9464,0.46K,0.15K,136.4,59.41,337.61M,No,107.45,116.6,103.62,116.48,111.9,497
807,FABCLEAN.BO,403.0,407.0,16.40K,Producer Manufacturing,Building Products,77.0,69.0,89.0,81.0,10.6679,7.5893,7.92K,2.80K,455.0,203.25,4.96B,No,384.32,396.99,322.62,393.56,318.72,393
808,HINDALCO.NS,1078.5,1049.1,8776.25K,Non-Energy Minerals,Other Metals/Minerals,77.0,77.0,57.0,59.0,23.6857,21.8643,6006.15K,5864.59K,1176.0,657.5,2394.09B,No,989.4,1003.57,945.83,990.09,986.99,497
809,TMCV.NS,457.05,450.05,8147.40K,Consumer Durables,Motor Vehicles,77.0,75.0,63.0,45.0,13.0071,12.9286,9231.73K,9153.13K,509.0,306.3,1683.18B,No,428.91,415.91,,424.65,428.94,189
810,CGCL.NS,228.75,235.46,2588.04K,Finance,Finance/Rental/Leasing,76.0,13.0,76.0,78.0,10.9836,10.735,4351.29K,3636.51K,264.53,151.1,220.09B,No,237.77,229.54,193.94,231.9,196.27,500
811,SIEMENS.NS,4019.0,4011.0,716.33K,Producer Manufacturing,Electrical Products,76.0,85.0,62.0,75.0,113.6857,111.6714,450.19K,504.96K,4097.9,2826.0,1431.25B,No,3793.68,3676.32,3383.9,3705.76,3504.63,499
812,AEGISVOPAK.NS,273.55,280.55,442.47K,Transportation,Air Freight/Couriers,76.0,45.0,87.0,64.0,13.4557,13.0064,1821.77K,1383.83K,311.49,158.0,303.09B,No,287.67,259.23,231.58,264.29,220.85,301
813,JINDWORLD.NS,36.74,36.38,7686.00K,Process Industries,Textiles,76.0,93.0,89.0,83.0,2.4114,2.4093,12345.94K,19615.16K,42.4,17.85,36.84B,No,37.16,32.8,29.0,33.7,27.91,500
814,IMFA.NS,1470.7,1481.6,131.60K,Non-Energy Minerals,Other Metals/Minerals,76.0,77.0,40.0,73.0,57.5286,56.2714,181.87K,345.61K,1679.9,753.5,79.35B,No,1412.7,1399.43,1353.33,1402.33,1369.11,500
815,DALMIASUG.NS,410.1,408.3,210.35K,Process Industries,Agricultural Commodities/Milling,76.0,83.0,64.0,83.0,21.9536,21.925,479.20K,1685.29K,428.75,261.4,33.19B,No,379.09,356.4,330.99,358.27,341.38,498
816,SHRIDINE.BO,345.0,356.8,0.56K,Process Industries,Textiles,76.0,53.0,65.0,82.0,13.7786,12.7357,2.49K,0.96K,380.0,206.35,1.93B,No,351.29,340.83,283.13,343.07,294.28,493
817,LANDMARK.NS,548.05,571.75,784.88K,Retail Trade,Specialty Stores,76.0,93.0,89.0,79.0,28.5214,28.0036,998.52K,282.10K,662.8,339.5,22.72B,No,535.63,475.22,453.87,481.81,423.03,499
818,AUSOMENT.NS,141.4,141.95,5.83K,Finance,Investment Banks/Brokers,76.0,88.0,35.0,76.0,7.4557,7.4557,3.85K,3.63K,178.0,93.0,1.93B,No,136.1,125.01,117.67,126.53,120.27,499
819,MUTHOOTMF.NS,213.06,218.9,450.26K,Finance,Finance/Rental/Leasing,76.0,54.0,63.0,69.0,13.4864,13.4036,879.10K,1103.36K,262.77,141.2,35.74B,No,238.54,218.7,186.82,222.28,190.39,497
820,MAWANASUG.NS,111.99,115.17,265.74K,Consumer Non-Durables,Food: Specialty/Candy,76.0,49.0,52.0,81.0,5.2964,4.5307,77.77K,136.44K,123.75,75.08,4.38B,No,112.51,109.01,93.72,109.31,97.66,499
821,IL&FSENGG.NS,34.53,35.19,5.37K,Industrial Services,Engineering & Construction,76.0,89.0,82.0,87.0,1.7807,1.5193,26.64K,41.09K,37.3,21.0,4.53B,No,32.67,30.75,27.31,31.76,27.67,498
822,MOLDTECH.NS,180.65,182.75,138.01K,Industrial Services,Engineering & Construction,76.0,96.0,90.0,81.0,14.6764,14.14,161.83K,721.24K,221.0,101.1,5.20B,No,151.04,137.53,142.19,144.21,132.52,497
823,JDCABLES.BO,216.55,209.15,47.20K,Producer Manufacturing,Electrical Products,76.0,11.0,51.0,68.0,8.4571,7.9429,94.83K,37.44K,254.35,130.0,4.88B,No,219.49,222.6,195.23,223.23,200.9,218
824,GALAPREC.NS,993.6,1006.4,27.82K,Producer Manufacturing,Metal Fabrication,76.0,5.0,76.0,67.0,57.7714,53.2143,92.20K,66.26K,1260.0,671.2,12.73B,No,1113.22,1089.16,848.4,1089.62,884.3,480
825,INDOKEM.BO,645.25,641.2,14.73K,Process Industries,Industrial Specialties,76.0,94.0,55.0,21.0,45.4107,45.4107,5.63K,10.67K,930.0,341.95,17.99B,No,597.51,542.36,625.8,557.84,572.8,495
826,SANDHAR.NS,626.5,621.95,245.12K,Consumer Durables,Motor Vehicles,76.0,23.0,78.0,71.0,25.475,25.4571,659.83K,355.74K,763.2,405.2,37.80B,No,619.58,662.38,563.96,659.87,567.22,500
827,VENUSPIPES.NS,1563.8,1597.3,88.87K,Non-Energy Minerals,Steel,76.0,7.0,71.0,86.0,67.9071,66.9143,129.96K,126.50K,1875.0,890.0,32.40B,No,1658.65,1638.7,1308.05,1649.08,1337.04,499
828,GRATEXI.BO,24.6,24.6,0.63K,Process Industries,Pulp & Paper,76.0,27.0,74.0,80.0,0.6843,0.47,0.76K,1.25K,28.06,16.18,74.66M,No,25.88,25.9,20.78,25.83,21.64,496
829,STARHEALTH.NS,583.25,584.7,255.22K,Finance,Life/Health Insurance,76.0,33.0,72.0,71.0,17.4179,17.4,692.39K,756.30K,624.9,416.55,343.19B,No,586.73,573.97,502.38,577.83,514.33,500
830,DAICHI.NS,311.25,319.9,1.06K,Process Industries,Chemicals: Specialty,76.0,40.0,81.0,,16.1607,15.3393,7.94K,2.94K,350.0,229.9,,No,312.59,301.28,,308.49,,79
831,NBL.BO,132.5,126.25,2.40K,Technology Services,Packaged Software,76.0,12.0,91.0,55.0,3.7786,1.0,19.08K,1.56K,193.95,70.0,1.57B,No,137.26,126.16,115.82,131.38,105.48,497
832,SUPRAJIT.NS,523.45,531.25,74.59K,Producer Manufacturing,Auto Parts: Oem,76.0,68.0,78.0,64.0,17.8679,17.625,242.99K,257.21K,559.25,389.95,71.81B,No,503.48,485.63,451.13,490.95,450.24,499
833,VIMTALABS.NS,627.15,643.25,195.04K,Commercial Services,Miscellaneous Commercial Services,76.0,81.0,82.0,82.0,24.875,24.6036,439.99K,300.01K,902.65,376.05,28.03B,No,605.11,577.9,533.98,589.27,500.16,500
834,MANAPPURAM.NS,352.6,360.0,31495.79K,Finance,Finance/Rental/Leasing,76.0,69.0,71.0,72.0,11.925,11.5679,4273.99K,7387.00K,381.55,245.15,331.21B,No,354.05,333.24,300.02,337.8,304.66,499
835,TRAVELFOOD.NS,1390.1,1389.0,35.16K,Consumer Services,Restaurants,76.0,69.0,70.0,75.0,50.7786,49.5714,82.25K,160.52K,1470.9,1035.3,183.05B,No,1324.2,1312.68,1241.91,1325.25,1240.23,271
836,CARBORUNIV.NS,1154.2,1173.8,282.31K,Process Industries,Industrial Specialties,76.0,69.0,72.0,86.0,39.4,39.4,313.27K,172.13K,1306.9,735.2,219.88B,No,1084.1,1100.58,932.27,1110.8,962.86,499
837,TORNTPHARM.NS,4893.0,4886.0,400.72K,Health Technology,Pharmaceuticals: Major,76.0,48.0,71.0,69.0,123.5143,120.8071,658.36K,706.68K,5250.0,3480.6,1861.14B,No,4965.55,4759.9,4235.41,4785.13,4410.28,500
838,MONARCH.NS,377.75,376.25,164.49K,Finance,Investment Banks/Brokers,76.0,72.0,82.0,75.0,16.8786,16.2071,237.25K,174.21K,403.8,235.45,29.96B,No,376.47,357.42,311.83,360.74,314.45,498
839,LYONSCO.BO,24.1,24.2,0.04K,Finance,Finance/Rental/Leasing,76.0,46.0,89.0,73.0,0.2214,0.0357,0.19K,0.02K,35.29,17.43,112.74M,No,22.74,21.81,21.17,22.53,20.16,473
840,UNJHAFOR.BO,27.0,27.1,3.40K,Distribution Services,Food Distributors,76.0,85.0,85.0,69.0,1.9014,1.5336,4.40K,7.89K,29.5,17.52,120.97M,No,25.83,22.52,22.44,22.81,21.67,498
841,JUMBO.BO,83.65,87.24,3.28K,Process Industries,Containers/Packaging,76.0,95.0,88.0,85.0,6.9743,6.8336,9.44K,38.63K,105.0,49.06,700.46M,No,77.91,66.2,66.56,68.0,62.59,497
842,ARMANFIN.NS,2011.0,2002.8,54.18K,Finance,Finance/Rental/Leasing,76.0,86.0,75.0,74.0,73.6786,72.7643,47.89K,47.47K,2090.0,1270.0,21.15B,No,1970.21,1807.9,1637.25,1842.55,1664.15,499
843,XTRANET.NS,156.18,150.17,946.61K,Technology Services,Information Technology Services,76.0,,,,,,696.78K,696.78K,157.67,122.5,8.17B,No,,,,,,10
844,BBOX.NS,772.1,743.35,550.77K,Technology Services,Information Technology Services,76.0,4.0,58.0,84.0,33.1786,31.8607,664.51K,325.02K,1103.0,435.05,137.12B,No,771.56,895.65,661.78,879.29,710.09,500
845,PLASTIBLEN.NS,201.48,204.51,56.72K,Process Industries,Chemicals: Major Diversified,76.0,83.0,73.0,78.0,6.5543,6.3536,81.81K,79.73K,216.29,121.01,5.24B,No,194.53,184.01,164.65,185.42,163.14,499
846,STEL.NS,538.95,534.65,1.73K,Finance,Financial Conglomerates,75.0,28.0,68.0,75.0,18.2036,17.6929,10.25K,2.35K,657.3,380.0,9.95B,No,553.76,562.09,494.81,565.8,499.53,500
847,MAYUR.BO,22.26,23.64,2.63K,Consumer Non-Durables,Apparel/Footwear,75.0,27.0,78.0,24.0,2.0936,2.0286,19.70K,6.31K,29.63,12.57,107.62M,No,22.97,21.87,20.81,22.38,21.24,496
848,PANIDPR.BO,83.84,88.25,0.10K,Distribution Services,Electronics Distributors,75.0,20.0,42.0,79.0,0.7793,0.2679,0.03K,0.03K,92.84,35.24,117.38M,No,89.42,85.43,65.47,85.48,69.15,421
849,COFORGE.NS,1801.5,1819.0,1592.00K,Technology Services,Information Technology Services,75.0,90.0,87.0,52.0,59.3643,53.7929,3557.68K,3168.14K,1989.7,1008.1,797.51B,No,1655.4,1539.27,1514.86,1558.28,1392.99,500
850,IPCALAB.NS,1766.6,1748.4,149.06K,Health Technology,Pharmaceuticals: Major,75.0,47.0,74.0,69.0,55.1643,55.1643,277.60K,181.11K,1944.9,1251.6,448.19B,No,1772.73,1713.51,1534.1,1726.74,1589.79,499
851,5PAISA.NS,387.05,377.35,70.77K,Finance,Investment Banks/Brokers,75.0,58.0,76.0,63.0,12.9214,12.6964,56.90K,46.95K,400.0,245.5,18.14B,No,366.82,353.94,330.71,358.38,329.68,499
852,RELIABVEN.BO,26.62,28.0,5.22K,Consumer Services,Hotels/Resorts/Cruise Lines,75.0,39.0,85.0,75.0,1.6086,1.3307,25.66K,6.78K,37.05,16.63,293.16M,No,25.24,26.46,22.5,26.33,23.06,496
853,DOLPHIN.NS,494.35,440.55,654.83K,Industrial Services,Oilfield Services/Equipment,75.0,93.0,77.0,64.0,20.6393,20.2714,16.48K,18.21K,501.95,322.0,19.78B,No,397.2,389.07,403.59,396.91,406.88,500
854,ADVLIFE.BO,32.02,30.5,0.89K,Producer Manufacturing,Industrial Machinery,75.0,48.0,61.0,82.0,0.8764,0.3457,0.87K,0.09K,34.0,20.05,199.35M,No,30.59,30.27,26.84,30.35,27.86,495
855,MANORAMA.NS,1626.0,1597.8,121.49K,Consumer Non-Durables,Food: Specialty/Candy,75.0,60.0,58.0,71.0,51.0643,50.5714,181.93K,131.70K,1706.9,1060.6,102.64B,No,1616.8,1579.13,1410.94,1590.56,1437.65,500
856,CPCAP.NS,131.81,116.12,221.02K,Consumer Services,Other Consumer Services,75.0,83.0,90.0,78.0,6.1057,5.9864,42.41K,31.91K,167.98,73.51,2.40B,No,112.57,107.88,103.44,110.2,98.28,499
857,MAGNAELQ.BO,1322.6,1260.0,9.31K,Producer Manufacturing,Metal Fabrication,75.0,75.0,69.0,91.0,64.4893,64.4893,1.40K,2.09K,1366.0,706.0,5.60B,No,1192.66,1140.83,1013.24,1164.14,1050.61,492
858,MUNJALAU.NS,99.83,102.02,201.04K,Producer Manufacturing,Auto Parts: Oem,75.0,44.0,77.0,80.0,2.9536,2.87,1329.00K,232.44K,114.99,67.2,9.98B,No,102.88,99.76,85.8,99.86,86.85,498
859,ESSEX.BO,42.6,38.56,2.00K,Consumer Non-Durables,Food: Meat/Fish/Dairy,75.0,31.0,13.0,93.0,1.7636,1.4014,31.13K,18.60K,49.3,18.25,650.16M,No,40.37,42.05,32.51,41.33,35.34,248
860,SHEMAROO.NS,130.07,126.88,26.18K,Consumer Services,Movies/Entertainment,75.0,69.0,84.0,77.0,4.9564,4.5357,23.37K,9.68K,143.0,73.0,3.74B,No,121.12,122.66,108.34,123.69,107.67,498
861,AVL.NS,617.4,616.1,155.70K,Retail Trade,Electronics/Appliance Stores,75.0,38.0,70.0,68.0,20.7821,20.4357,268.13K,197.77K,705.0,416.5,79.73B,No,626.99,618.04,535.54,622.09,541.41,438
862,VSSL.NS,331.1,332.7,123.33K,Non-Energy Minerals,Steel,75.0,90.0,81.0,77.0,13.7429,13.7071,136.07K,301.60K,351.7,206.4,32.01B,No,311.28,291.95,273.53,296.36,268.59,499
863,WELSPLSOL.NS,47.66,48.08,153.74K,Non-Energy Minerals,Steel,75.0,15.0,66.0,,1.7243,1.7243,1417.62K,279.58K,63.25,36.25,,No,51.09,52.89,,52.66,,79
864,MLKFOOD.BO,77.51,75.46,16.76K,Consumer Non-Durables,Food: Specialty/Candy,75.0,83.0,85.0,81.0,3.7279,3.7279,6.56K,6.18K,87.5,43.99,1.98B,No,69.87,70.03,63.53,70.67,63.11,496
865,ANTHEM.NS,878.4,891.65,425.50K,Health Technology,Biotechnology,75.0,86.0,71.0,84.0,25.6643,25.5179,689.29K,783.74K,899.9,579.15,493.41B,No,808.41,783.84,710.42,794.26,733.29,266
866,NAUKRI.NS,1339.0,1360.0,1787.05K,Technology Services,Internet Software/Services,75.0,79.0,89.0,52.0,43.1464,40.8286,2790.60K,2595.69K,1437.8,908.3,867.32B,No,1232.18,1113.11,1153.3,1133.51,1067.04,499
867,SIS.NS,438.8,437.55,120.75K,Commercial Services,Miscellaneous Commercial Services,75.0,50.0,72.0,75.0,8.5107,8.5,289.93K,113.14K,480.95,257.05,62.01B,No,433.4,429.9,357.03,431.48,366.04,499
868,63MOONS.NS,867.4,858.65,382.75K,Technology Services,Packaged Software,75.0,93.0,80.0,79.0,48.7286,48.125,671.39K,2894.11K,1029.9,467.0,39.97B,No,798.37,721.35,687.18,742.6,660.35,500
869,ANDHRSUGAR.NS,98.1,99.2,679.44K,Process Industries,Chemicals: Specialty,75.0,85.0,47.0,81.0,4.0657,3.4621,804.69K,2117.61K,107.23,66.5,13.30B,No,87.02,84.61,80.31,85.38,81.86,500
870,SAHYADRI.NS,346.8,340.55,186.65K,Non-Energy Minerals,Construction Materials,75.0,91.0,74.0,82.0,18.1714,17.4679,7.49K,15.97K,375.0,200.1,3.80B,No,306.51,289.66,264.2,293.85,268.33,497
871,WWALUM.BO,20.95,22.05,0.32K,Distribution Services,Wholesale Distributors,75.0,72.0,61.0,81.0,0.7329,0.5421,0.80K,1.00K,26.48,14.89,68.85M,No,19.07,19.58,19.34,19.57,19.08,497
872,GAMCO.BO,48.21,48.5,69.80K,Finance,Investment Banks/Brokers,75.0,38.0,78.0,75.0,2.0114,2.0114,67.44K,44.97K,56.49,32.65,2.60B,No,49.87,48.5,41.88,48.9,42.38,498
873,ONMOBILE.NS,65.62,66.95,25.64K,Communications,Specialty Telecommunications,75.0,35.0,75.0,79.0,2.4436,1.705,477.59K,105.68K,84.0,40.21,6.98B,No,64.82,61.39,56.34,62.84,54.44,499
874,ADANIGREEN.NS,1332.3,1366.0,2151.27K,Utilities,Alternative Power Generation,75.0,11.0,48.0,87.0,37.5071,37.25,3225.21K,1654.79K,1631.5,765.0,2194.53B,No,1411.97,1473.18,1159.56,1460.37,1203.73,500
875,SUNDRMBRAK.NS,800.45,799.8,1.69K,Producer Manufacturing,Auto Parts: Oem,75.0,57.0,84.0,82.0,24.975,24.5464,4.65K,0.97K,877.7,460.0,3.15B,No,792.35,787.73,683.16,790.91,667.71,500
876,SANSTAR.NS,111.92,111.88,130.70K,Consumer Non-Durables,Food: Major Diversified,75.0,42.0,78.0,71.0,4.8843,4.6521,1124.53K,375.26K,137.49,74.3,22.41B,No,111.63,114.97,97.54,114.36,99.51,500
877,RRP.BO,8630.5,8630.5,0.01K,Finance,Investment Banks/Brokers,75.0,39.0,28.0,14.0,12.5143,0.0,0.00K,0.00K,11902.0,3812.4,117.58B,No,8757.76,8939.57,10002.86,8878.43,9530.1,496
878,SUPRIYA.NS,831.05,851.0,273.74K,Health Technology,Pharmaceuticals: Major,75.0,27.0,78.0,71.0,37.1464,37.0821,561.54K,226.62K,1085.0,545.5,66.89B,No,862.77,902.43,755.19,896.17,757.55,499
879,UNIONBANK.NS,187.0,182.5,22002.12K,Finance,Major Banks,75.0,88.0,72.0,54.0,4.5364,4.5093,15202.35K,12121.56K,205.49,124.64,1427.48B,No,174.52,171.5,169.17,172.89,175.6,500
880,ELGIRUBCO.NS,58.81,60.19,83.76K,Producer Manufacturing,Miscellaneous Manufacturing,75.0,44.0,68.0,83.0,3.6143,3.4414,100.10K,104.81K,90.5,32.72,2.94B,No,59.11,54.25,49.05,56.03,48.33,500
881,EICHERMOT.NS,8049.0,8000.0,317.27K,Consumer Durables,Motor Vehicles,75.0,76.0,68.0,62.0,154.1429,147.75,598.65K,646.40K,8230.0,5643.0,2209.63B,No,7816.5,7554.53,7292.98,7632.0,7357.2,500
882,ASHIANA.NS,380.8,381.3,114.74K,Finance,Real Estate Development,75.0,56.0,55.0,75.0,11.75,11.75,193.29K,44.13K,435.9,269.45,38.28B,No,383.3,379.07,329.19,380.22,344.89,500
883,NRAIL.NS,522.6,519.9,5.03K,Process Industries,Containers/Packaging,75.0,92.0,58.0,64.0,31.6214,28.6179,11.07K,31.50K,574.0,333.0,8.89B,No,478.8,458.0,457.2,468.46,455.27,498
884,SMSPHARMA.NS,369.55,378.75,230.08K,Health Technology,Pharmaceuticals: Major,74.0,14.0,25.0,64.0,15.025,14.7464,390.21K,243.09K,447.8,221.02,34.61B,No,378.24,384.74,358.66,385.32,379.16,499
885,RELTD.NS,167.3,168.99,211.86K,Utilities,Alternative Power Generation,74.0,21.0,81.0,56.0,6.2786,6.1336,935.61K,221.26K,196.45,114.59,33.22B,No,171.93,161.74,150.05,166.45,147.24,498
886,PDSL.NS,379.4,376.5,107.80K,Consumer Non-Durables,Apparel/Footwear,74.0,74.0,85.0,61.0,14.0071,13.2929,381.04K,175.35K,418.5,246.05,53.78B,No,361.51,349.73,331.42,352.83,315.88,498
887,RAMCOIND.NS,359.1,370.6,700.93K,Non-Energy Minerals,Construction Materials,74.0,36.0,84.0,62.0,15.9821,15.9821,1081.31K,2228.41K,398.05,230.65,31.18B,No,344.54,330.3,306.35,333.97,299.93,499
888,CHOLAFIN.NS,1917.6,1914.4,540.12K,Finance,Finance/Rental/Leasing,74.0,71.0,75.0,67.0,65.5428,60.0143,1647.57K,2085.14K,1952.5,1299.4,1637.66B,No,1823.58,1750.88,1665.39,1782.13,1646.46,500
889,VTL.NS,591.9,596.0,145.33K,Process Industries,Textiles,74.0,21.0,56.0,75.0,20.275,19.9143,360.04K,538.35K,688.0,385.5,171.34B,No,611.38,627.58,533.77,625.76,572.16,500
890,SONAMLTD.NS,54.7,54.72,39.73K,Consumer Durables,Other Consumer Specialties,74.0,61.0,68.0,78.0,2.9471,2.9407,58.81K,28.29K,63.0,37.4,2.19B,No,54.83,54.49,48.82,54.33,51.74,498
891,MUKESHB.BO,147.9,145.0,0.00K,Finance,Investment Banks/Brokers,74.0,88.0,76.0,62.0,6.7393,6.1286,0.84K,4.24K,150.8,92.95,1.03B,No,134.23,128.37,123.04,130.08,124.15,496
892,BHAGERIA.NS,205.35,206.98,12.30K,Process Industries,Chemicals: Specialty,74.0,48.0,83.0,61.0,9.9386,8.3036,117.98K,28.90K,244.6,127.51,8.96B,No,210.92,211.17,180.64,213.27,178.23,497
893,DPABHUSHAN.NS,1417.1,1466.9,56.15K,Retail Trade,Specialty Stores,74.0,91.0,86.0,59.0,75.8286,74.9607,84.19K,40.62K,1719.9,866.1,32.35B,No,1407.8,1150.39,1222.44,1177.24,1115.45,499
894,BALRAMCHIN.NS,604.7,627.8,1096.12K,Process Industries,Agricultural Commodities/Milling,74.0,70.0,76.0,82.0,25.8393,24.825,729.20K,876.29K,665.5,393.55,127.87B,No,618.26,578.52,498.15,577.41,517.52,500
895,ENTERO.NS,1420.3,1427.2,234.70K,Distribution Services,Medical Distributors,74.0,86.0,76.0,72.0,63.1143,57.8071,154.77K,275.20K,1459.8,944.0,61.82B,No,1252.58,1198.27,1146.25,1214.03,1183.13,499
896,DCMNVL.NS,179.26,172.99,190.14K,Process Industries,Textiles,74.0,90.0,75.0,77.0,7.6721,6.1993,8.71K,11.09K,181.63,95.6,3.35B,No,150.83,151.89,138.19,152.8,139.31,500
897,CORALAB.BO,579.05,572.3,0.84K,Health Technology,Pharmaceuticals: Other,74.0,41.0,87.0,71.0,26.7,25.7071,1.28K,0.51K,659.0,360.0,2.07B,No,576.32,571.65,481.75,578.54,484.88,497
898,NANTA.BO,358.65,398.5,78.60K,Distribution Services,Wholesale Distributors,74.0,0.0,24.0,68.0,26.8536,22.4286,8.59K,9.66K,651.4,234.0,1.84B,No,447.75,484.19,,488.15,387.47,152
899,BHARATROHAN.BO,120.0,122.95,7.20K,Technology Services,Packaged Software,74.0,41.0,65.0,38.0,7.6607,6.3429,28.18K,11.28K,164.0,86.05,2.39B,No,125.02,122.68,121.91,122.13,123.85,215
900,MCFL.BO,225.0,221.0,4.20K,Process Industries,Agricultural Commodities/Milling,74.0,59.0,81.0,80.0,3.2036,1.775,25.27K,1.44K,235.8,144.25,1.22B,No,214.31,211.94,184.31,213.06,182.8,497
901,WALCHANNAG.NS,232.26,232.8,1300.83K,Producer Manufacturing,Industrial Machinery,74.0,21.0,30.0,65.0,9.4757,9.4757,2093.98K,587.22K,315.8,131.15,15.77B,No,236.17,251.15,200.33,253.38,211.72,500
902,VOEPL.NS,518.65,491.0,213.88K,Health Technology,Medical Specialties,74.0,87.0,,,28.7214,28.1929,135.51K,98.54K,535.1,428.65,16.89B,No,495.1,,,,,31
903,INTEGSW.BO,165.35,157.5,0.30K,Producer Manufacturing,Electrical Products,74.0,79.0,68.0,84.0,1.1214,1.1214,0.08K,0.04K,175.0,102.6,476.47M,No,157.89,152.75,139.38,154.54,144.86,497
904,PASUPTAC.NS,60.79,63.98,111.37K,Process Industries,Textiles,74.0,62.0,70.0,79.0,2.5136,2.4579,367.21K,77.53K,78.95,40.1,5.42B,No,59.84,63.24,54.03,61.89,54.55,498
905,LTF.NS,317.2,315.4,4685.32K,Finance,Finance/Rental/Leasing,74.0,42.0,61.0,60.0,8.6464,7.8536,6107.03K,5425.55K,338.6,198.33,794.92B,No,311.05,302.01,290.81,305.36,286.93,499
906,NATGENI.BO,60.28,58.6,1.01K,Non-Energy Minerals,Steel,74.0,73.0,59.0,85.0,4.235,3.7443,0.38K,0.17K,72.92,34.53,270.21M,No,59.82,59.85,51.32,59.53,55.16,496
907,BERYLSE.BO,34.96,36.79,0.00K,Finance,Investment Banks/Brokers,74.0,85.0,52.0,82.0,1.6543,1.1193,1.26K,0.69K,41.83,22.0,169.55M,No,36.08,31.21,30.04,31.9,29.82,497
908,SUDARSHAN.BO,34.51,33.91,2808.00K,Health Technology,Pharmaceuticals: Major,74.0,7.0,74.0,91.0,2.3529,2.2221,291.24K,427.60K,42.79,18.5,8.62B,No,37.77,37.92,29.41,37.96,31.09,497
909,JSFB.NS,546.35,526.6,500.85K,Finance,Regional Banks,74.0,89.0,80.0,87.0,23.4893,23.4893,900.67K,804.88K,593.0,330.0,57.76B,No,547.4,499.47,439.02,503.25,437.31,500
910,SARTHAKGL.BO,40.09,39.5,0.01K,Finance,Investment Banks/Brokers,74.0,89.0,75.0,69.0,0.3557,0.1057,0.69K,0.09K,76.57,22.24,120.27M,No,40.36,37.8,40.69,37.95,38.64,496
911,YAANENT.BO,120.5,120.55,1.12K,Consumer Services,Other Consumer Services,74.0,90.0,43.0,51.0,4.5321,4.325,4.20K,4.33K,133.9,68.0,373.55M,No,108.29,101.79,100.06,103.73,101.28,497
912,CGPOWER.NS,888.0,881.0,1744.13K,Producer Manufacturing,Electrical Products,74.0,37.0,55.0,83.0,27.8393,24.5071,4400.89K,4306.99K,980.9,525.5,1399.00B,No,878.21,910.19,764.65,903.25,799.6,500
913,AUBANK.NS,1091.4,1070.9,1572.30K,Finance,Regional Banks,74.0,65.0,59.0,59.0,28.9857,27.1571,1865.53K,1588.39K,1105.9,682.15,817.46B,No,1043.03,1032.0,981.22,1045.28,996.77,499
914,SVLL.NS,743.5,746.05,1.08K,Transportation,Air Freight/Couriers,74.0,69.0,86.0,63.0,16.8286,12.7464,19.72K,1.42K,897.45,445.15,8.55B,No,750.92,725.32,656.7,722.0,624.85,498
915,DYNAMATECH.NS,10674.0,10600.0,29.88K,Producer Manufacturing,Industrial Machinery,74.0,41.0,18.0,74.0,489.9286,488.1429,17.24K,16.66K,12875.0,6320.0,72.49B,No,10592.4,10509.44,9889.07,10548.3,10277.02,499
916,EQUIPPP.NS,20.25,21.24,38.68K,Technology Services,Internet Software/Services,74.0,9.0,84.0,58.0,1.3143,1.3043,28.68K,22.22K,25.89,13.85,2.09B,No,23.47,21.78,19.05,22.12,18.6,499
917,DENORA.NS,846.3,874.55,10.60K,Electronic Technology,Electronic Equipment/Instruments,74.0,28.0,71.0,82.0,38.9429,36.0571,11.55K,11.06K,960.35,559.0,4.49B,No,874.72,860.56,743.75,865.13,758.74,499
918,JINDALPOLY.NS,666.55,629.5,221.40K,Process Industries,Containers/Packaging,74.0,36.0,37.0,90.0,18.6143,17.9572,31.74K,11.13K,1026.45,365.0,29.19B,No,640.92,656.94,615.83,663.72,665.12,500
919,LODHA.NS,1209.0,1212.0,1173.54K,Finance,Real Estate Development,74.0,55.0,84.0,72.0,46.55,43.2607,2828.65K,2022.53K,1344.95,650.8,1207.70B,No,1216.98,1079.5,1016.51,1104.71,967.49,500
920,HEG.NS,674.35,678.25,861.84K,Electronic Technology,Electronic Components,73.0,94.0,73.0,74.0,23.3107,23.3107,1705.78K,1489.43K,698.0,459.8,130.13B,No,648.96,580.07,565.24,588.62,572.11,500
921,SAB.BO,170.0,170.0,0.20K,Industrial Services,Engineering & Construction,73.0,8.0,74.0,87.0,3.8179,2.1143,0.27K,0.10K,221.5,105.0,2.59B,No,190.33,180.48,140.52,184.72,148.57,495
922,HSIL.BO,357.35,362.0,23.20K,Health Technology,Medical Specialties,73.0,55.0,79.0,75.0,16.9214,15.7357,28.83K,17.60K,446.0,215.0,5.20B,No,376.25,372.8,315.67,371.86,327.72,497
923,CREDITACC.NS,1545.4,1540.3,310.32K,Finance,Finance/Rental/Leasing,73.0,48.0,58.0,71.0,49.05,46.7286,353.67K,310.19K,1634.0,1113.0,247.67B,No,1540.57,1474.2,1339.41,1492.38,1343.01,500
924,LYNMC.BO,205.7,195.95,0.64K,Transportation,Other Transportation,73.0,69.0,76.0,68.0,0.6964,0.0,0.02K,0.08K,205.7,147.0,210.95M,No,196.44,192.42,175.15,194.13,183.39,496
925,ZSARACOM.NS,11549.0,11274.0,0.02K,Finance,Financial Conglomerates,73.0,5.0,76.0,,569.0,542.8214,0.10K,0.04K,14400.0,9000.0,,No,12255.98,11004.39,,11152.9,,79
926,RELAXO.NS,417.0,421.65,837.45K,Consumer Non-Durables,Apparel/Footwear,73.0,73.0,88.0,54.0,14.5893,14.3536,1991.30K,369.31K,526.0,236.5,103.81B,No,409.35,387.26,363.96,399.54,345.08,498
927,KAMADGIRI.BO,118.15,124.35,3.40K,Process Industries,Textiles,73.0,79.0,81.0,87.0,7.9143,4.9,1.94K,1.24K,149.0,64.05,693.47M,No,127.57,120.93,98.75,121.33,102.55,498
928,TELECANOR.BO,19.57,21.74,39.84K,Technology Services,Packaged Software,73.0,2.0,2.0,1.0,1.9864,1.975,38.54K,16.49K,48.5,7.26,299.83M,No,24.4,21.82,28.79,22.21,30.1,497
929,NUTRICIRCLE.BO,255.05,260.25,0.03K,Health Technology,Pharmaceuticals: Generic,73.0,11.0,22.0,2.0,2.1393,0.0,0.02K,0.02K,411.4,112.35,2.55B,No,275.25,283.19,315.54,280.1,324.45,497
930,RELIABLE.NS,140.37,147.07,21.46K,Technology Services,Data Processing Services,73.0,33.0,66.0,20.0,7.24,7.2093,41.85K,27.20K,175.0,80.0,1.45B,No,144.28,146.19,141.79,146.56,138.99,497
931,PALREDTEC.NS,50.79,49.18,3.40K,Distribution Services,Electronics Distributors,73.0,14.0,87.0,82.0,2.6436,2.5693,4.89K,2.67K,73.6,27.45,621.29M,No,47.59,51.04,43.13,51.28,41.7,498
932,DHAMPURSUG.NS,159.23,158.0,462.71K,Process Industries,Agricultural Commodities/Milling,73.0,81.0,62.0,79.0,6.3664,6.1536,302.16K,601.30K,167.25,110.0,10.24B,No,145.91,143.36,133.4,143.55,136.09,500
933,ACCEDERE.BO,74.78,71.25,2.25K,Distribution Services,Electronics Distributors,73.0,90.0,88.0,50.0,3.22,2.1507,3.35K,0.86K,91.42,42.11,341.81M,No,67.41,67.73,67.45,68.16,62.23,499
934,SUNFLAG.NS,359.6,369.0,276.43K,Non-Energy Minerals,Steel,73.0,72.0,20.0,85.0,14.3071,13.7321,318.29K,311.70K,428.0,192.15,64.81B,No,362.76,355.23,291.91,355.99,304.12,500
935,POPEES.BO,172.5,172.5,0.02K,Commercial Services,Miscellaneous Commercial Services,73.0,38.0,84.0,14.0,0.0,0.0,0.28K,0.28K,218.55,119.5,1.47B,No,172.5,161.58,177.91,164.07,179.23,305
936,TBOTEK.NS,1596.6,1639.7,91.82K,Technology Services,Internet Software/Services,73.0,71.0,86.0,60.0,65.9286,63.9571,255.81K,555.21K,1764.8,1004.2,170.49B,No,1534.77,1465.71,1419.35,1495.71,1333.67,500
937,HINDALUMI.BO,99.88,98.89,7.45K,Non-Energy Minerals,Aluminum,73.0,61.0,40.0,25.0,4.2286,4.1143,6.95K,3.69K,162.55,57.25,629.26M,No,96.61,99.03,94.15,99.14,100.05,497
938,KHAITANLTD.NS,140.99,143.66,14.23K,Consumer Durables,Electronics/Appliances,73.0,76.0,65.0,85.0,10.2921,9.9707,4.49K,18.78K,165.0,85.0,707.90M,No,137.56,133.89,114.85,134.21,118.49,498
939,GYANDEV.BO,52.7,53.7,0.05K,Finance,Real Estate Development,73.0,79.0,87.0,84.0,0.2579,0.0007,1.06K,0.51K,75.64,27.62,158.10M,No,54.49,49.61,42.3,49.99,43.88,497
940,TAKE.NS,23.54,23.25,777.98K,Technology Services,Information Technology Services,73.0,47.0,4.0,1.0,0.9936,0.9929,449.71K,1010.21K,50.14,8.9,3.44B,No,21.38,24.7,33.89,24.18,34.27,498
941,ARMAN.BO,115.25,114.6,14.24K,Process Industries,Textiles,73.0,66.0,64.0,61.0,5.2179,5.1679,49.84K,30.00K,121.0,80.85,600.51M,No,113.49,111.02,103.57,111.48,109.38,497
942,DEVSON.BO,242.75,252.55,49.20K,Process Industries,Chemicals: Specialty,73.0,,,,15.15,14.6357,302.93K,158.64K,252.95,186.35,3.30B,No,223.95,,,,,20
943,VRL.BO,173.6,181.8,3.29K,Health Technology,Pharmaceuticals: Major,73.0,47.0,87.0,69.0,7.3321,7.225,2.53K,1.09K,220.0,100.1,551.74M,No,174.2,170.62,155.0,171.45,144.45,497
944,INDUSINDBK.NS,1017.5,1008.9,914.83K,Finance,Major Banks,73.0,50.0,65.0,57.0,19.3679,18.475,2172.78K,1330.78K,1077.85,710.6,792.78B,No,1020.42,975.5,898.91,984.91,916.25,500
945,RAP.BO,39.99,39.36,0.13K,Finance,Real Estate Development,73.0,87.0,58.0,72.0,3.3093,3.3079,2.22K,1.01K,49.1,23.45,235.18M,No,38.84,37.92,37.92,37.56,35.7,496
946,AEROPLANE.NS,183.63,182.92,884.42K,Process Industries,Agricultural Commodities/Milling,73.0,70.0,90.0,,10.3693,10.3693,708.06K,512.92K,206.9,117.02,19.02B,No,190.14,161.01,,167.21,,93
947,ZDHJERK.BO,25.91,24.68,11.68K,Health Services,Medical/Nursing Services,73.0,24.0,67.0,46.0,1.2043,0.9871,2.40K,0.32K,35.86,19.53,106.19M,No,25.46,24.58,24.48,24.51,24.18,499
948,CUMMINSIND.NS,5365.0,5378.5,554.03K,Producer Manufacturing,Auto Parts: Oem,73.0,34.0,50.0,76.0,137.4643,132.0357,493.73K,509.61K,6100.0,3729.5,1487.18B,No,5492.85,5581.12,4894.23,5558.65,5132.5,500
949,JAGAJITIND.BO,179.7,171.15,145.81K,Consumer Non-Durables,Beverages: Alcoholic,73.0,95.0,90.0,85.0,7.9571,7.3036,15.32K,37.95K,241.95,116.0,8.41B,No,139.46,137.41,142.37,141.59,135.74,497
950,ABSLAMC.NS,1038.6,1019.7,161.76K,Technology Services,Internet Software/Services,73.0,16.0,45.0,77.0,28.2857,27.9,380.32K,222.62K,1224.9,708.0,,No,1031.34,1093.96,932.4,1099.13,1000.77,500
951,DHANBANK.NS,32.5,32.73,271.39K,Finance,Major Banks,73.0,30.0,54.0,79.0,1.3579,1.3357,2243.93K,2248.80K,36.85,19.45,12.83B,No,33.31,33.29,28.07,33.31,28.75,500
952,EXICOM.NS,141.73,143.95,992.55K,Producer Manufacturing,Electrical Products,73.0,10.0,79.0,84.0,8.0986,7.8279,6155.16K,1498.29K,182.9,75.6,19.71B,No,161.29,160.96,123.95,160.12,124.89,500
953,NUVAMA.NS,1696.7,1706.7,279.56K,Finance,Investment Managers,73.0,8.0,59.0,76.0,83.6428,83.35,532.38K,386.79K,2066.0,1096.9,309.81B,No,1800.3,1761.88,1476.63,1791.74,1491.09,499
954,AARTIPHARM.NS,888.7,883.7,3551.93K,Health Technology,Pharmaceuticals: Major,73.0,92.0,77.0,62.0,37.9893,31.7322,486.19K,1915.13K,946.1,585.0,80.59B,No,711.93,689.93,715.21,706.29,700.53,500
955,BAJFINANCE.NS,1094.2,1093.3,7049.03K,Finance,Finance/Rental/Leasing,73.0,75.0,75.0,68.0,33.5786,27.4357,9898.00K,12138.91K,1176.4,787.9,6806.92B,No,1082.96,1014.51,973.59,1029.49,958.76,500
956,THELEELA.NS,499.75,512.25,312.72K,Consumer Services,Hotels/Resorts/Cruise Lines,72.0,47.0,78.0,63.0,18.7464,18.5036,473.76K,804.48K,527.0,384.5,166.90B,No,491.52,476.72,436.82,485.73,444.72,300
957,PPLPHARMA.NS,210.24,214.19,2718.51K,Health Technology,Pharmaceuticals: Major,72.0,90.0,77.0,78.0,7.6643,7.6643,7338.23K,9205.44K,218.5,132.3,278.57B,No,194.75,178.77,170.46,181.96,165.83,500
958,AMAL.BO,755.65,779.9,14.89K,Process Industries,Chemicals: Specialty,72.0,93.0,84.0,89.0,41.9536,41.5393,17.03K,16.59K,1015.0,408.2,9.34B,No,755.31,645.88,604.66,663.53,575.79,497
959,EQUITASBNK.NS,74.57,74.78,1185.79K,Finance,Regional Banks,72.0,28.0,57.0,52.0,2.4321,2.3857,4051.70K,4406.70K,83.9,50.0,85.30B,No,76.54,76.74,67.12,76.75,68.89,500
960,AAYUSHBULL.BO,1243.2,1243.2,95.25K,Consumer Non-Durables,Apparel/Footwear,72.0,71.0,61.0,58.0,29.4571,29.4571,89.23K,103.17K,1256.15,925.3,19.04B,No,1194.59,1182.49,1122.15,1188.66,1154.11,497
961,EMPIND.BO,1142.4,1168.5,2.67K,Distribution Services,Food Distributors,72.0,81.0,83.0,73.0,32.9071,31.5321,1.97K,2.27K,1260.0,811.05,6.85B,No,1059.46,1030.94,960.21,1038.66,953.34,497
962,SRMCL.BO,55.98,56.89,0.51K,Finance,Real Estate Development,72.0,64.0,86.0,78.0,3.4786,3.3679,5.83K,1.46K,64.8,32.6,398.48M,No,56.81,55.64,46.17,55.63,46.93,497
963,IDFCFIRSTB.NS,85.8,84.27,16617.33K,Finance,Regional Banks,72.0,73.0,81.0,49.0,1.9636,1.6571,25267.60K,13098.74K,88.76,58.08,739.70B,No,83.6,80.13,76.77,81.19,74.76,500
964,HTMEDIA.NS,26.74,27.35,93.37K,Consumer Services,Publishing: Newspapers,72.0,61.0,80.0,70.0,1.6286,1.5893,238.34K,649.43K,31.3,17.52,6.19B,No,25.98,24.46,23.26,24.73,22.72,498
965,DIAMONDYD.NS,1192.6,1207.5,27.82K,Consumer Non-Durables,Food: Specialty/Candy,72.0,46.0,79.0,54.0,51.7072,51.7072,79.78K,129.51K,1242.3,858.9,28.51B,No,1155.81,1153.09,1078.77,1165.86,1071.39,498
966,ENRIN.NS,3562.1,3563.8,445.19K,Producer Manufacturing,Electrical Products,72.0,63.0,71.0,83.0,136.9357,119.8428,725.81K,1249.28K,3968.0,2115.0,1268.54B,No,3345.9,3484.36,3069.33,3500.24,3138.86,288
967,JAYNECOIND.NS,90.67,93.0,2518.10K,Non-Energy Minerals,Steel,72.0,58.0,9.0,72.0,2.9464,2.9057,4720.30K,3702.07K,117.0,56.71,88.04B,No,88.75,89.21,84.79,89.49,87.5,500
968,ORIENTBELL.NS,361.95,352.5,104.36K,Producer Manufacturing,Building Products,72.0,80.0,59.0,77.0,12.2857,11.8321,11.02K,7.31K,365.9,238.75,5.32B,No,321.45,320.87,298.82,323.13,304.14,498
969,ENDURANCE.NS,3019.7,2987.8,139.38K,Producer Manufacturing,Metal Fabrication,72.0,80.0,80.0,72.0,89.75,85.4714,141.78K,164.69K,3079.9,2142.8,424.76B,No,2807.34,2701.36,2583.77,2720.09,2541.08,500
970,OPTIEMUS.NS,558.25,543.95,176.78K,Distribution Services,Electronics Distributors,72.0,44.0,81.0,82.0,28.8821,27.2071,274.10K,289.85K,713.0,288.0,49.83B,No,596.66,522.7,469.47,532.41,440.35,498
971,NIITLTD.NS,93.7,95.44,190.17K,Commercial Services,Miscellaneous Commercial Services,72.0,23.0,84.0,69.0,3.63,3.5207,2654.16K,428.18K,117.75,49.0,12.82B,No,96.31,97.42,83.75,96.25,78.38,499
972,SANGAMFIN.BO,44.79,44.33,17.78K,Finance,Finance/Rental/Leasing,72.0,68.0,53.0,58.0,3.2107,3.1579,1.79K,1.40K,50.0,25.55,2.09B,No,39.62,39.36,37.3,39.42,39.52,497
973,ICL.BO,34.21,36.0,0.70K,Process Industries,Textiles,72.0,71.0,34.0,74.0,2.3343,2.155,1.69K,0.54K,44.05,22.05,244.29M,No,38.06,33.52,29.62,33.56,30.79,497
974,ASHOKLEY.NS,176.7,174.83,10585.27K,Producer Manufacturing,Trucks/Construction/Farm Machinery,72.0,83.0,61.0,24.0,4.545,4.065,25092.21K,22635.76K,215.42,118.9,,No,163.6,158.63,168.65,161.83,171.52,500
975,GANDHITUBE.NS,957.75,931.3,39.70K,Non-Energy Minerals,Steel,72.0,79.0,68.0,78.0,21.7357,21.3893,9.94K,6.99K,1031.8,681.05,11.64B,No,884.38,867.03,825.57,873.1,844.02,498
976,RECODE.BO,254.3,234.7,103.20K,Retail Trade,Specialty Stores,72.0,95.0,,,12.35,11.8786,72.33K,52.96K,255.0,171.0,2.71B,No,222.91,205.4,,211.27,,66
977,TEJASNET.NS,527.25,533.6,1281.91K,Electronic Technology,Telecommunications Equipment,72.0,35.0,57.0,88.0,19.3214,17.85,5823.32K,1810.03K,647.0,294.0,93.71B,No,521.35,559.1,469.15,560.02,468.24,500
978,MILLWORKS.BO,769.9,783.15,101.20K,Producer Manufacturing,Metal Fabrication,72.0,,,,41.7036,32.3393,338.51K,177.36K,857.0,628.9,13.56B,No,,,,,,16
979,RNITAI.BO,77.31,74.94,236.76K,Producer Manufacturing,Electrical Products,72.0,95.0,65.0,87.0,4.1079,3.7529,111.66K,240.21K,130.2,37.0,6.56B,No,64.7,62.74,58.64,63.49,59.94,496
980,TFSL.BO,34.35,36.15,0.01K,Finance,Finance/Rental/Leasing,72.0,3.0,8.0,10.0,1.5664,1.0136,0.58K,0.47K,53.96,18.05,103.07M,No,39.42,39.9,41.15,39.15,42.28,498
981,LMW.NS,17550.0,17323.0,6.03K,Producer Manufacturing,Industrial Machinery,72.0,80.0,78.0,67.0,585.8571,582.7857,3.90K,4.42K,17699.0,11920.0,187.49B,No,16373.95,16127.22,15129.41,16264.3,15055.83,497
982,POBS.BO,165.0,170.0,1.20K,Commercial Services,Miscellaneous Commercial Services,72.0,49.0,85.0,64.0,0.7143,0.0,0.09K,0.06K,175.0,109.0,261.10M,No,170.5,166.72,147.9,167.5,148.63,498
983,DIKSHA.BO,140.0,140.0,1.20K,Producer Manufacturing,Miscellaneous Manufacturing,72.0,92.0,,,5.2071,4.9571,58.55K,8.04K,146.0,100.05,727.52M,No,124.0,,,,,34
984,BORANA.NS,329.05,328.1,48.85K,Process Industries,Textiles,72.0,73.0,42.0,17.0,15.425,15.2107,51.22K,43.29K,420.0,211.0,8.77B,No,328.17,318.95,322.16,318.9,338.93,303
985,BLUEJET.NS,587.1,590.7,312.80K,Health Technology,Pharmaceuticals: Major,72.0,57.0,80.0,82.0,24.6393,24.2822,1041.92K,1745.43K,804.5,325.0,101.84B,No,589.22,554.08,490.17,569.14,462.27,500
986,SKIPPER.NS,540.85,526.25,1183.78K,Producer Manufacturing,Metal Fabrication,72.0,42.0,77.0,85.0,22.0964,21.7322,834.41K,572.01K,593.0,327.05,61.06B,No,533.37,541.52,455.56,539.65,452.9,499
987,VMART.NS,801.1,814.7,98.91K,Retail Trade,Specialty Stores,72.0,59.0,79.0,77.0,32.8,32.7893,180.99K,119.94K,888.0,457.9,63.75B,No,771.75,759.91,686.99,770.58,653.12,499
988,STHINPA.BO,102.0,102.05,1.00K,Process Industries,Pulp & Paper,72.0,44.0,64.0,57.0,4.1036,4.0393,4.48K,4.07K,120.0,65.1,1.91B,No,104.93,101.84,92.65,101.74,95.25,497
989,YATHARTH.NS,868.85,865.7,431.37K,Health Services,Hospital/Nursing Management,72.0,69.0,53.0,82.0,26.2428,25.7357,348.35K,363.82K,919.5,538.25,83.72B,No,850.47,842.22,748.35,845.24,760.04,500
990,MAHLOG.NS,406.95,409.35,188.21K,Transportation,Air Freight/Couriers,72.0,66.0,57.0,56.0,14.7464,13.9786,297.24K,255.47K,450.0,275.05,40.38B,No,404.78,381.45,362.99,385.85,378.64,499
991,VOLTAMP.NS,10007.0,10017.0,19.05K,Producer Manufacturing,Electrical Products,72.0,66.0,61.0,77.0,326.4643,317.6429,50.81K,106.57K,12863.0,6666.0,101.24B,No,9650.85,9790.73,8826.45,9812.2,9283.6,500
992,JITFINFRA.NS,348.4,348.7,16.04K,Transportation,Trucking,72.0,87.0,72.0,73.0,18.2321,17.9679,35.47K,27.77K,478.0,222.35,8.96B,No,352.96,327.48,309.49,328.38,318.49,499
993,FEDDERSHOL.NS,41.04,41.86,377.65K,Finance,Financial Conglomerates,71.0,36.0,79.0,,2.5271,2.525,2071.79K,665.56K,53.49,32.06,,No,44.4,41.15,,41.69,,79
994,KABSON.BO,21.37,21.76,4.25K,Producer Manufacturing,Industrial Machinery,71.0,51.0,64.0,87.0,1.9907,1.9343,4.31K,4.16K,25.01,11.0,373.18M,No,21.22,20.66,17.74,20.7,18.17,497
995,USHAMART.NS,502.9,509.9,414.94K,Producer Manufacturing,Metal Fabrication,71.0,49.0,64.0,73.0,13.8857,13.1964,654.66K,819.81K,527.5,337.35,153.08B,No,505.25,498.25,454.04,496.44,456.2,500
996,HONAUT.NS,37620.0,37935.0,1.43K,Electronic Technology,Electronic Equipment/Instruments,71.0,43.0,84.0,57.0,1003.2143,996.0714,10.93K,9.93K,41495.0,26220.0,332.84B,No,38292.25,37886.2,33851.15,38069.0,33381.17,498
997,GNRL.NS,114.3,110.09,357.23K,Energy Minerals,Integrated Oil,71.0,80.0,75.0,,4.2857,4.0864,396.25K,150.43K,120.9,83.2,,No,96.9,96.78,,97.91,,80
998,CRANEX.BO,94.45,93.5,1.00K,Producer Manufacturing,Trucks/Construction/Farm Machinery,71.0,67.0,65.0,59.0,4.7143,4.5607,8.18K,5.31K,114.0,56.0,757.49M,No,92.07,88.81,77.45,88.73,80.18,497
999,NESTLEIND.NS,1507.0,1493.2,1989.31K,Consumer Non-Durables,Food: Major Diversified,71.0,60.0,55.0,61.0,36.9714,36.65,2197.21K,2736.55K,1553.0,1084.7,2905.97B,No,1488.96,1446.2,1337.7,1453.54,1364.14,500
1000,KPIL.NS,1396.8,1347.7,3715.01K,Industrial Services,Engineering & Construction,71.0,62.0,68.0,70.0,41.55,41.5071,233.59K,141.08K,1479.6,1007.1,238.54B,No,1308.5,1330.73,1221.47,1343.4,1234.62,499
1001,KAJARIACER.NS,1252.2,1225.6,541.56K,Producer Manufacturing,Building Products,71.0,61.0,73.0,81.0,36.5714,36.3357,265.29K,338.58K,1309.7,869.6,196.77B,No,1211.98,1185.66,1075.7,1194.18,1080.42,500
1002,KHAZANCHI.BO,758.5,753.7,26.00K,Distribution Services,Wholesale Distributors,71.0,91.0,74.0,45.0,15.6464,15.4679,31.82K,34.35K,799.5,577.0,18.77B,No,695.78,652.58,695.79,664.72,682.13,497
1003,BBTCL.NS,224.22,224.76,2.91K,Process Industries,Containers/Packaging,71.0,62.0,73.0,67.0,10.645,10.3157,11.92K,27.20K,251.0,156.0,4.60B,No,220.53,218.67,198.04,221.75,198.99,498
1004,KANPRPLA.NS,232.45,215.92,101.32K,Producer Manufacturing,Miscellaneous Manufacturing,71.0,89.0,65.0,80.0,11.45,11.2929,24.67K,19.79K,247.0,151.25,5.69B,No,210.62,200.4,194.16,203.0,195.18,498
1005,NEXOME.BO,119.8,115.4,1.52K,Finance,Investment Banks/Brokers,71.0,57.0,75.0,81.0,9.0429,8.9893,5.73K,1.22K,167.95,68.6,1.29B,No,120.44,117.36,102.99,117.9,101.25,496
1006,TIPSMUSIC.NS,674.3,669.1,171.35K,Consumer Services,Movies/Entertainment,71.0,26.0,59.0,72.0,26.2536,26.0393,580.39K,289.88K,741.0,481.15,86.20B,No,676.32,667.57,584.7,668.34,609.86,500
1007,POLYCAB.NS,9289.0,9125.0,293.69K,Producer Manufacturing,Electrical Products,71.0,58.0,56.0,76.0,179.2143,165.0,330.71K,251.50K,10126.0,6663.0,1399.25B,No,9091.48,9403.28,8201.68,9309.95,8470.55,499
1008,TI.NS,530.9,520.75,1732.86K,Consumer Non-Durables,Beverages: Alcoholic,71.0,88.0,76.0,73.0,20.0893,19.8786,634.78K,1493.98K,549.7,381.55,131.22B,No,468.8,451.35,451.56,458.08,446.87,500
1009,AVG.NS,201.8,199.06,12.51K,Transportation,Air Freight/Couriers,71.0,32.0,76.0,81.0,7.785,7.7414,79.09K,8.73K,264.43,116.66,3.78B,No,203.02,193.03,174.2,198.84,167.64,499
1010,MANOMAY.NS,216.56,216.41,73.45K,Process Industries,Textiles,71.0,90.0,73.0,36.0,6.4557,6.4557,53.79K,145.67K,259.88,154.1,3.91B,No,205.7,191.22,208.71,196.46,206.93,497
1011,FORINTL.BO,77.6,78.11,0.21K,Transportation,Air Freight/Couriers,71.0,46.0,68.0,67.0,4.2464,3.7793,0.84K,0.50K,92.0,50.11,546.30M,No,79.12,78.17,68.88,78.12,72.27,497
1012,SIKA.NS,1111.6,1102.6,18.06K,Electronic Technology,Aerospace & Defense,71.0,16.0,42.0,,44.7357,44.7143,101.28K,20.34K,1359.4,870.1,,No,1121.57,1083.92,,1106.73,,80
1013,RPGLIFE.NS,2612.7,2633.3999,6.52K,Health Technology,Pharmaceuticals: Major,71.0,41.0,63.0,76.0,108.1071,107.15,23.14K,16.38K,3082.0,1733.0,43.21B,No,2825.44,2536.1,2249.22,2589.21,2228.41,499
1014,ASHIKAG.NS,439.25,418.35,40.94K,Miscellaneous,Miscellaneous,71.0,79.0,69.0,,28.3393,27.7857,260.26K,479.39K,520.95,339.95,,No,439.32,408.18,,414.9,,80
1015,JASH.NS,495.65,511.8,346.85K,Producer Manufacturing,Industrial Machinery,71.0,34.0,79.0,74.0,16.4393,15.9071,211.83K,88.91K,572.85,327.1,31.18B,No,506.45,502.61,436.98,506.84,430.53,498
1016,KONARKSY.BO,46.5,46.72,0.01K,Process Industries,Textiles,71.0,71.0,69.0,59.0,0.1743,0.1586,0.01K,0.00K,50.35,32.0,270.07M,No,45.05,43.83,40.64,44.19,41.52,496
1017,ARIGATO.BO,55.59,52.95,0.00K,Technology Services,Information Technology Services,71.0,82.0,83.0,76.0,2.6371,1.1507,0.87K,0.28K,67.99,32.45,338.89M,No,50.33,51.26,50.65,50.86,50.84,497
1018,PSPPROJECT.NS,908.0,934.5,63.19K,Industrial Services,Engineering & Construction,71.0,6.0,67.0,72.0,45.5572,45.3822,151.96K,150.71K,1143.0,569.2,35.99B,No,1001.51,983.06,847.28,986.91,821.5,497
1019,SWADEIN.BO,87.49,86.73,2.96K,Process Industries,Textiles,71.0,70.0,30.0,11.0,5.8207,5.4179,6.41K,4.84K,164.0,43.91,2.02B,No,85.47,86.3,108.31,85.24,99.2,497
1020,BGRENERGY.NS,256.4,260.45,12.24K,Industrial Services,Engineering & Construction,71.0,11.0,31.0,11.0,13.9893,13.3143,65.94K,72.58K,490.8,109.33,18.50B,No,279.28,302.56,329.7,297.19,306.63,498
1021,DIFFNKG.NS,362.6,372.85,444.45K,Producer Manufacturing,Industrial Machinery,71.0,13.0,75.0,86.0,23.4786,23.2214,174.21K,230.67K,453.9,216.8,13.46B,No,397.38,387.79,321.79,390.82,318.31,461
1022,SPACAPS.BO,211.0,213.0,0.00K,Finance,Investment Managers,71.0,43.0,53.0,56.0,2.3929,0.7286,0.01K,0.00K,231.4,141.7,648.66M,No,211.52,207.93,206.88,208.78,207.98,497
1023,GRASIM.NS,3307.8,3322.2,2308.37K,Non-Energy Minerals,Construction Materials,71.0,63.0,70.0,66.0,84.3286,80.3143,773.74K,753.32K,3411.1,2502.5,2243.52B,No,3179.88,3152.19,2899.17,3170.68,2933.42,500
1024,THEJO.NS,2122.8,2154.5,3.58K,Distribution Services,Wholesale Distributors,71.0,82.0,77.0,65.0,96.4714,95.9357,9.30K,15.99K,2249.5,1443.6,23.03B,No,2012.71,1863.24,1739.55,1923.53,1758.25,498
1025,OMEGAIN.BO,33.02,34.75,37.36K,Technology Services,Information Technology Services,71.0,2.0,0.0,3.0,2.4871,0.5157,161.23K,423.48K,112.06,11.97,2.75B,No,41.99,48.52,54.34,46.82,60.83,498
1026,TIIL.NS,2878.3,2608.8999,192.96K,Producer Manufacturing,Metal Fabrication,71.0,84.0,75.0,83.0,98.3143,95.3786,11.57K,8.26K,2925.0,1868.5,65.26B,No,2604.02,2559.89,2382.15,2593.02,2416.21,498
1027,DSSL.NS,1238.9,1239.8,19.10K,Technology Services,Information Technology Services,71.0,30.0,40.0,76.0,49.6643,47.9072,123.11K,27.93K,1924.8,781.0,15.78B,No,1225.21,1290.72,1098.33,1290.93,1154.02,499
1028,KCPSUGIND.NS,30.54,29.09,156.10K,Process Industries,Agricultural Commodities/Milling,71.0,96.0,73.0,77.0,2.4364,2.4107,469.86K,536.05K,36.95,21.45,3.49B,No,28.65,24.85,25.19,25.24,24.39,499
1029,FLUIDOM.BO,898.65,899.9,2.97K,Producer Manufacturing,Miscellaneous Manufacturing,71.0,47.0,86.0,79.0,40.6107,40.4,4.86K,2.04K,1176.0,550.0,4.43B,No,919.16,881.55,752.34,889.41,749.21,497
1030,SUMICHEM.NS,547.35,558.1,354.66K,Process Industries,Chemicals: Agricultural,71.0,83.0,72.0,76.0,21.0714,21.0036,1052.78K,758.45K,617.45,362.6,273.21B,No,529.53,491.53,453.18,501.54,449.76,500
1031,GEECEE.NS,378.0,385.1,2.34K,Finance,Real Estate Development,70.0,82.0,85.0,71.0,16.0714,15.6071,10.76K,4.62K,393.9,215.85,7.90B,No,353.67,345.22,320.53,349.23,311.7,499
1032,PITTIENG.NS,1044.1,960.35,696.49K,Producer Manufacturing,Industrial Machinery,70.0,76.0,63.0,80.0,32.25,31.8536,40.20K,31.67K,1055.0,675.0,38.54B,No,943.2,954.63,883.69,970.1,901.4,497
1033,HCG.NS,736.5,738.95,183.45K,Health Services,Hospital/Nursing Management,70.0,81.0,82.0,72.0,21.9893,21.9893,209.39K,171.25K,804.65,513.3,109.96B,No,678.46,651.41,638.31,656.9,607.6,500
1034,TGIF.BO,100.63,106.0,2.40K,Process Industries,Agricultural Commodities/Milling,70.0,34.0,75.0,75.0,3.9821,3.125,4.17K,2.40K,110.0,66.5,260.39M,No,101.3,100.9,89.87,100.26,92.12,497
1035,MEGASTAR.NS,319.95,319.45,7.90K,Process Industries,Agricultural Commodities/Milling,70.0,6.0,59.0,82.0,13.6321,13.2964,51.99K,4.11K,392.0,203.0,3.61B,No,334.03,338.13,275.83,342.78,289.8,498
1036,SGRL.BO,610.05,621.15,21.63K,Health Technology,Pharmaceuticals: Major,70.0,12.0,75.0,82.0,41.2321,40.7643,12.76K,9.38K,759.0,381.1,7.83B,No,636.27,643.45,525.91,653.13,561.22,497
1037,PAJSON.BO,190.0,193.0,13.20K,Consumer Non-Durables,Food: Specialty/Candy,70.0,73.0,67.0,64.0,5.7607,4.4429,7.81K,9.96K,255.0,120.05,4.52B,No,186.99,184.41,,182.04,187.83,160
1038,GOODRICKE.BO,212.2,189.7,117.56K,Process Industries,Agricultural Commodities/Milling,70.0,86.0,72.0,80.0,8.2571,6.9857,3.90K,2.75K,227.6,142.05,4.58B,No,184.97,182.81,172.11,185.72,170.35,497
1039,ACE.NS,1096.1,1073.3,305.62K,Producer Manufacturing,Trucks/Construction/Farm Machinery,70.0,81.0,76.0,70.0,43.1143,42.8071,490.99K,392.76K,1170.0,745.1,130.47B,No,1059.76,1002.49,933.5,1016.12,921.28,500
1040,WEPSOLN.BO,28.4,29.88,14.01K,Electronic Technology,Computer Peripherals,70.0,83.0,53.0,80.0,1.8229,1.7736,28.83K,30.85K,34.3,17.65,1.05B,No,30.43,27.4,24.12,27.76,24.32,497
1041,TNSTLTU.BO,26.75,26.75,0.10K,Non-Energy Minerals,Steel,70.0,90.0,87.0,4.0,0.4514,0.0,0.21K,0.05K,45.71,17.33,137.09M,No,25.24,24.23,28.57,24.57,25.22,497
1042,RITCO.NS,301.95,302.3,195.86K,Transportation,Trucking,70.0,87.0,82.0,76.0,13.375,13.3714,163.66K,195.64K,318.0,167.1,8.60B,No,293.46,273.15,250.16,276.95,242.36,497
1043,CUB.NS,215.85,213.69,1865.60K,Finance,Regional Banks,70.0,24.0,69.0,42.0,9.0271,8.6357,3150.12K,5984.88K,245.38,145.12,213.86B,No,217.55,210.76,202.81,212.2,202.05,500
1044,KIRLPNU.NS,1499.0,1492.0,107.92K,Producer Manufacturing,Industrial Machinery,70.0,5.0,43.0,75.0,50.1143,49.6429,228.66K,130.53K,2197.1,990.1,97.38B,No,1525.35,1682.85,1315.14,1667.92,1402.59,499
1045,RISHYRN.BO,70.0,70.2,0.06K,Finance,Financial Conglomerates,70.0,8.0,23.0,79.0,2.8286,1.5486,0.27K,0.13K,82.99,37.01,249.25M,No,66.1,74.18,62.95,73.19,69.52,497
1046,CANHLIFE.NS,147.6,149.35,388.55K,Finance,Life/Health Insurance,70.0,65.0,60.0,39.0,5.1921,5.0557,1786.66K,669.55K,166.69,106.0,139.85B,No,149.26,144.21,139.88,144.45,143.8,205
1047,ANANTRAJ.NS,614.65,606.25,1698.97K,Consumer Durables,Homebuilding,70.0,73.0,68.0,55.0,19.2214,19.2214,2791.33K,2030.82K,743.65,403.0,221.20B,No,609.17,568.88,542.42,575.17,526.63,500
1048,SATTRIX.BO,350.0,366.95,7.00K,Technology Services,Information Technology Services,70.0,57.0,22.0,23.0,12.0607,9.8107,6.71K,3.95K,451.0,174.0,3.97B,No,376.28,373.57,361.43,370.33,389.33,497
1049,LLOYDSENT.NS,77.89,80.48,3238.51K,Distribution Services,Wholesale Distributors,70.0,65.0,67.0,78.0,3.2743,3.0914,4704.88K,3872.53K,84.7,40.69,118.90B,No,80.22,76.02,64.3,76.81,64.56,453
1050,PIDILITIND.NS,1701.5,1685.8,1724.55K,Process Industries,Industrial Specialties,70.0,71.0,76.0,67.0,35.4143,33.6429,1002.40K,1335.24K,1701.5,1259.0,1731.77B,No,1621.59,1584.73,1477.13,1603.73,1481.57,499
1051,BHATIA.BO,25.84,25.54,118.28K,Retail Trade,Electronics/Appliance Stores,70.0,65.0,75.0,66.0,1.1293,1.1293,61.25K,69.66K,33.6,17.99,3.63B,No,23.99,24.87,23.89,24.86,23.24,497
1052,RATHIST.BO,26.58,26.01,94.53K,Non-Energy Minerals,Steel,70.0,93.0,83.0,62.0,1.4171,1.4143,95.87K,145.69K,28.99,13.5,2.30B,No,25.32,21.74,22.9,22.46,21.05,496
1053,SMCGLOBAL.NS,79.04,79.42,217.68K,Finance,Investment Banks/Brokers,70.0,81.0,81.0,49.0,3.0229,2.99,673.91K,928.10K,94.9,54.44,16.55B,No,79.58,74.54,72.13,75.76,70.83,498
1054,KRISHNACAP.BO,41.8,44.0,0.49K,Finance,Investment Banks/Brokers,70.0,2.0,5.0,89.0,1.2114,1.2114,3.66K,1.30K,59.27,18.16,132.02M,No,45.91,52.43,37.82,51.8,42.87,498
1055,HARRMALAYA.NS,219.74,221.29,31.27K,Process Industries,Agricultural Commodities/Milling,70.0,76.0,47.0,80.0,8.1286,7.92,17.41K,14.79K,237.9,153.66,4.06B,No,218.38,210.61,190.25,212.59,197.66,500
1056,VLSFINANCE.NS,270.35,261.2,56.00K,Finance,Investment Banks/Brokers,70.0,71.0,67.0,43.0,7.625,7.3964,15.63K,12.46K,339.0,198.81,8.48B,No,257.69,250.61,254.02,254.42,246.2,498
1057,EPL.NS,243.64,235.78,15355.37K,Process Industries,Containers/Packaging,70.0,56.0,56.0,72.0,8.2271,8.1286,534.43K,270.63K,259.83,176.4,78.04B,No,232.97,230.6,215.49,232.17,219.46,499
1058,FINEORG.NS,5265.1,5120.7002,108.78K,Process Industries,Chemicals: Major Diversified,70.0,69.0,73.0,70.0,166.6785,164.1785,14.51K,22.15K,5407.0,3856.0,161.43B,No,4947.77,4994.65,4574.54,5058.08,4673.03,500
1059,ETERNAL.NS,314.05,318.0,19967.82K,Technology Services,Internet Software/Services,70.0,72.0,82.0,61.0,9.3821,9.1179,31589.75K,25418.74K,368.45,212.6,2890.95B,No,301.7,280.13,272.7,283.26,261.27,500
1060,HEROMOTOCO.NS,5895.0,5865.5,996.28K,Consumer Durables,Motor Vehicles,70.0,89.0,69.0,47.0,148.1285,137.6071,707.86K,957.04K,6388.5,4650.2,1179.83B,No,5335.69,5079.65,5400.33,5156.23,5232.98,500
1061,SREEL.NS,239.12,230.7,34.30K,Retail Trade,Apparel/Footwear Retail,70.0,82.0,87.0,58.0,9.26,9.2293,16.61K,7.75K,258.0,165.25,5.54B,No,219.7,212.28,207.28,216.52,200.85,498
1062,IRONWOOD.BO,50.74,51.0,23.32K,Consumer Services,Other Consumer Services,70.0,26.0,77.0,42.0,4.3993,4.1614,18.33K,14.29K,62.8,32.27,851.45M,No,51.73,48.83,46.59,48.77,46.48,497
1063,INDBNK.BO,50.0,49.81,1.02K,Finance,Finance/Rental/Leasing,70.0,24.0,58.0,71.0,4.275,4.175,1.43K,0.94K,62.4,35.5,500.00M,No,50.93,49.28,43.89,49.27,45.72,497
1064,JAMNAAUTO.NS,123.76,125.51,2076.91K,Producer Manufacturing,Auto Parts: Oem,70.0,14.0,38.0,43.0,5.5486,4.8336,2546.27K,4036.16K,152.6,89.01,49.50B,No,134.25,131.64,124.31,132.43,127.71,500
1065,SHILINDORE.BO,1070.0,1126.0,0.00K,Consumer Services,Hotels/Resorts/Cruise Lines,70.0,2.0,74.0,69.0,27.6536,10.4714,3.40K,0.02K,1430.0,702.05,3.26B,No,1270.64,1232.91,952.48,1228.52,1013.67,497
1066,JTLIND.NS,75.44,76.79,1019.87K,Non-Energy Minerals,Steel,69.0,23.0,33.0,48.0,2.6879,2.675,2915.48K,2914.32K,87.2,40.25,29.65B,No,75.2,76.38,67.42,76.74,69.42,499
1067,POLYMED.NS,1869.4,1863.9,219.95K,Health Technology,Medical Specialties,69.0,82.0,73.0,74.0,65.4786,60.3643,178.71K,252.43K,2144.9,1182.0,189.49B,No,1712.41,1633.5,1603.71,1666.69,1492.15,499
1068,ORIENTHOT.NS,126.53,128.39,116.22K,Consumer Services,Hotels/Resorts/Cruise Lines,69.0,21.0,78.0,69.0,5.3964,5.3721,1168.73K,262.15K,149.5,80.0,22.60B,No,132.52,127.73,110.27,129.04,108.3,499
1069,UNITDSPR.NS,1535.0,1548.7,450.00K,Consumer Non-Durables,Beverages: Alcoholic,69.0,79.0,80.0,60.0,31.1571,30.5,945.82K,724.94K,1548.7,1210.8,1089.94B,No,1479.7,1394.43,1367.74,1416.31,1352.21,500
1070,MIIL.BO,711.05,713.8,47.65K,Finance,Investment Managers,69.0,30.0,46.0,72.0,21.2643,21.2643,78.91K,59.60K,818.7,470.1,15.45B,No,728.19,738.64,636.53,729.65,667.01,497
1071,PPL.NS,265.0,266.1,25.48K,Producer Manufacturing,Miscellaneous Manufacturing,69.0,32.0,83.0,73.0,13.5179,13.5179,213.66K,26.35K,353.45,163.21,6.34B,No,263.9,262.87,232.91,264.34,223.44,498
1072,MEDANTA.NS,1393.5,1440.4,243.26K,Health Services,Hospital/Nursing Management,69.0,62.0,77.0,69.0,46.6,46.1143,269.98K,314.06K,1491.0,956.0,374.46B,No,1396.12,1329.26,1199.7,1345.43,1191.7,498
1073,DHANCOT.BO,146.4,139.45,0.10K,Finance,Investment Banks/Brokers,69.0,94.0,81.0,86.0,3.2821,1.4143,0.02K,0.02K,215.9,66.85,713.17M,No,121.47,113.85,116.05,115.59,106.78,497
1074,NPST.NS,1537.2,1535.1,74.07K,Technology Services,Packaged Software,69.0,30.0,83.0,75.0,68.3857,67.9286,52.61K,31.25K,2388.3,846.6,32.07B,No,1543.69,1570.72,1390.12,1581.5,1308.4,497
1075,THERMAX.NS,4083.3,4025.7,240.94K,Producer Manufacturing,Industrial Machinery,69.0,6.0,22.0,82.0,186.6214,185.4071,325.43K,601.66K,5277.8,2742.7,459.98B,No,4341.28,4596.73,3674.91,4529.92,3951.51,499
1076,DAPS.BO,24.46,24.46,4.00K,Commercial Services,Advertising/Marketing Services,69.0,62.0,72.0,66.0,0.0407,0.0,1.08K,0.40K,25.4,12.01,126.58M,No,24.09,23.71,21.16,23.86,20.97,497
1077,GUJALKALI.NS,672.45,677.35,35.75K,Process Industries,Chemicals: Specialty,69.0,83.0,27.0,85.0,27.8,25.3643,105.49K,109.91K,815.0,409.15,49.38B,No,660.49,637.39,579.46,637.18,605.22,499
1078,GKSL.NS,133.16,133.8,68.35K,Health Services,Hospital/Nursing Management,69.0,55.0,41.0,74.0,3.5779,3.5779,360.32K,385.62K,148.34,98.36,10.50B,No,129.73,129.65,,130.15,120.93,156
1079,BALGOPAL.BO,207.05,200.1,3.08K,Producer Manufacturing,Industrial Machinery,69.0,74.0,87.0,71.0,17.4679,16.1464,1.93K,2.57K,272.95,130.0,4.81B,No,197.43,187.12,179.83,190.98,173.68,497
1080,SBIN.NS,1082.0,1066.0,17669.10K,Finance,Regional Banks,69.0,69.0,63.0,48.0,20.9857,20.6214,12848.05K,11963.38K,1234.7,798.5,9987.53B,No,1043.83,1032.11,1032.53,1043.96,1056.84,500
1081,PVRINOX.NS,1189.5,1160.2,346.50K,Consumer Services,Movies/Entertainment,69.0,89.0,69.0,70.0,46.3321,45.7536,296.07K,393.49K,1249.7,907.4,116.81B,No,1095.03,1023.72,1029.75,1042.22,1008.95,498
1082,PONNIERODE.NS,328.3,329.85,9.13K,Process Industries,Agricultural Commodities/Milling,69.0,62.0,57.0,71.0,11.9786,11.9714,19.72K,24.72K,359.0,252.4,2.82B,No,320.89,319.19,291.33,317.23,296.86,497
1083,TEXINFRA.NS,111.09,112.23,34.26K,Utilities,Electric Utilities,69.0,36.0,66.0,61.0,2.845,2.845,144.93K,163.44K,118.0,82.5,14.16B,No,113.45,109.78,101.1,110.32,100.83,499
1084,BMW.BO,51.78,50.53,144.20K,Non-Energy Minerals,Steel,69.0,30.0,36.0,83.0,2.5864,2.505,390.51K,261.68K,65.19,26.06,11.65B,No,52.39,55.75,44.13,54.94,45.71,497
1085,APOLLOHOSP.NS,8597.0,8750.5,876.52K,Health Services,Hospital/Nursing Management,69.0,35.0,63.0,70.0,164.8929,161.9286,359.61K,314.24K,9050.0,6696.5,1236.12B,No,8886.83,8717.62,7802.66,8744.45,8014.93,500
1086,COSMOFIRST.NS,909.0,930.3,70.49K,Process Industries,Containers/Packaging,69.0,79.0,71.0,87.0,38.4786,38.0179,141.03K,185.57K,1129.5,560.8,23.60B,No,885.54,826.01,734.06,840.53,735.11,499
1087,ZYDUSWELL.NS,507.55,506.1,217.85K,Consumer Non-Durables,Food: Major Diversified,69.0,10.0,48.0,63.0,21.1607,20.6071,782.07K,519.32K,611.85,367.55,161.48B,No,556.81,547.46,473.92,549.56,485.06,500
1088,TASTYBITE.NS,9505.5,9357.0,4.55K,Consumer Non-Durables,Food: Specialty/Candy,69.0,73.0,73.0,80.0,323.25,323.1786,4.28K,3.23K,10694.0,6430.0,24.39B,No,9162.55,8727.72,7913.51,8860.4,7784.57,499
1089,TATACAP.NS,367.05,367.2,1039.72K,Finance,Finance/Rental/Leasing,69.0,61.0,74.0,56.0,11.1679,10.8179,3183.10K,3428.70K,390.2,296.0,1547.74B,No,359.19,351.5,334.96,356.53,336.65,209
1090,SOMANYCERA.NS,508.05,510.25,913.79K,Producer Manufacturing,Building Products,69.0,47.0,65.0,69.0,18.9929,18.9071,194.21K,73.67K,552.45,332.0,20.84B,No,501.83,511.93,446.87,511.33,455.38,498
1091,SYSTEMATIC.BO,225.45,222.0,83.40K,Producer Manufacturing,Metal Fabrication,69.0,93.0,41.0,84.0,10.3929,9.2929,34.15K,38.82K,249.0,125.0,5.03B,No,201.83,191.39,186.92,193.5,182.07,212
1092,TERAI.BO,120.0,120.05,0.53K,Consumer Non-Durables,Food: Major Diversified,69.0,50.0,70.0,65.0,5.8643,5.3143,0.93K,0.32K,143.7,83.0,825.52M,No,120.56,119.63,106.76,122.42,109.53,497
1093,MRTX.BO,336.15,337.65,70.00K,Electronic Technology,Electronic Components,69.0,5.0,,,18.2071,17.0107,231.31K,98.20K,483.9,283.1,5.88B,No,357.35,,,382.11,,47
1094,QUADFUTURE.NS,355.8,356.9,317.46K,Producer Manufacturing,Electrical Products,69.0,4.0,69.0,68.0,19.9214,19.5179,953.38K,300.09K,502.4,248.55,14.23B,No,373.44,392.96,326.89,391.08,330.2,393
1095,SIMPLEXCAS.BO,101.6,101.9,389.98K,Producer Manufacturing,Metal Fabrication,69.0,39.0,77.0,60.0,5.5929,5.525,141.88K,306.44K,124.7,71.32,4.17B,No,100.98,103.0,98.67,103.57,97.14,500
1096,BSE.NS,3527.0,3605.0,3895.06K,Finance,Investment Banks/Brokers,69.0,19.0,28.0,75.0,107.4429,106.1929,3583.07K,3935.66K,4446.8,2021.5,1432.42B,No,3570.0,3770.55,3222.92,3732.34,3406.26,500
1097,ENGINERSIN.NS,239.2,242.99,1264.26K,Industrial Services,Engineering & Construction,69.0,52.0,36.0,80.0,7.0664,6.9171,3384.73K,2424.82K,267.0,163.55,134.44B,No,230.8,236.81,214.78,236.94,221.12,500
1098,MANGLMCEM.NS,903.75,906.15,17.07K,Non-Energy Minerals,Construction Materials,69.0,29.0,45.0,63.0,21.8357,20.9857,75.90K,30.70K,1023.45,679.35,24.85B,No,956.91,916.81,835.26,926.69,872.46,497
1099,SWRNASE.BO,87.87,86.65,0.01K,Finance,Financial Conglomerates,69.0,18.0,72.0,60.0,5.4579,3.2486,0.13K,0.05K,105.0,55.6,263.61M,No,90.54,90.31,82.07,90.84,85.34,497
1100,HARISH.BO,70.5,71.92,0.43K,Producer Manufacturing,Industrial Machinery,69.0,70.0,64.0,56.0,3.745,3.6171,1.83K,1.88K,75.5,52.4,235.19M,No,68.38,66.95,64.42,67.28,65.58,497
1101,PHOENIXLTD.NS,1905.0,1908.7,545.63K,Finance,Real Estate Development,69.0,15.0,60.0,63.0,49.4071,47.3072,657.87K,646.78K,2169.8,1416.3,681.35B,No,1989.73,1943.13,1787.21,1950.47,1782.68,497
1102,KIRLOSBROS.NS,1909.2,1955.9,47.99K,Producer Manufacturing,Industrial Machinery,69.0,49.0,68.0,72.0,70.6572,70.3643,188.17K,119.92K,2189.2,1335.0,151.61B,No,1890.09,1881.51,1694.32,1883.98,1695.15,500
1103,HNDFDS.NS,595.25,578.2,123.98K,Consumer Non-Durables,Food: Specialty/Candy,69.0,75.0,67.0,75.0,18.1536,17.5607,78.67K,99.45K,599.0,442.0,72.12B,No,575.34,559.08,521.24,563.72,519.31,499
1104,PTCIL.NS,18895.0,18906.0,6.81K,Producer Manufacturing,Metal Fabrication,68.0,75.0,72.0,48.0,490.2857,487.7143,22.95K,19.20K,19851.0,13251.0,283.28B,No,18125.8,17961.58,17475.87,18116.8,17275.27,498
1105,OAL.NS,364.6,378.65,10.61K,Process Industries,Chemicals: Specialty,68.0,66.0,75.0,75.0,19.4929,19.4179,28.01K,33.88K,400.0,228.0,12.27B,No,370.64,346.49,307.86,349.39,306.46,499
1106,TPLPLASTEH.NS,76.25,75.89,128.98K,Process Industries,Chemicals: Specialty,68.0,18.0,74.0,71.0,2.4229,2.3879,171.63K,111.86K,90.33,50.01,5.95B,No,78.79,75.26,68.47,76.48,68.73,500
1107,WELENT.NS,574.05,572.3,122.76K,Industrial Services,Engineering & Construction,68.0,21.0,68.0,70.0,18.5179,17.8357,324.76K,414.39K,634.9,412.0,77.85B,No,597.5,586.74,520.85,589.01,520.68,500
1108,INDGELA.BO,393.35,398.35,3.40K,Process Industries,Chemicals: Major Diversified,68.0,78.0,45.0,65.0,14.475,14.4536,2.28K,2.81K,418.0,295.0,2.79B,No,376.76,367.03,348.11,368.06,352.6,493
1109,NIRLON.NS,637.55,640.1,4.05K,Finance,Real Estate Development,68.0,60.0,67.0,,13.0,12.9714,10.01K,12.28K,657.0,543.0,57.45B,No,624.51,622.07,,621.98,,78
1110,SOFTTECH.NS,411.35,423.1,2.43K,Technology Services,Packaged Software,68.0,25.0,44.0,84.0,11.5929,10.8143,4.58K,3.45K,489.9,215.0,5.69B,No,417.73,425.06,351.66,423.44,359.85,498
1111,SMAUTO.BO,29.98,24.99,48.00K,Producer Manufacturing,Auto Parts: Oem,68.0,85.0,84.0,75.0,0.4729,0.0207,0.68K,0.68K,31.98,15.05,410.36M,No,24.03,24.78,24.51,25.45,23.6,498
1112,MRPL.NS,175.38,181.14,10071.98K,Energy Minerals,Oil Refining/Marketing,68.0,86.0,60.0,38.0,7.8957,7.83,12578.99K,12274.20K,212.31,120.45,307.37B,No,170.34,161.48,166.39,163.84,171.43,500
1113,CHOICEIN.NS,814.5,822.4,229.64K,Commercial Services,Miscellaneous Commercial Services,68.0,39.0,79.0,53.0,16.3643,16.275,888.21K,619.38K,860.5,568.7,181.45B,No,815.52,767.25,746.81,784.3,726.67,499
1114,GODREJIND.NS,1235.2,1289.8,116.00K,Process Industries,Agricultural Commodities/Milling,68.0,54.0,55.0,71.0,40.1357,39.8286,315.64K,78.68K,1443.0,744.2,416.08B,No,1320.71,1222.3,1057.93,1246.97,1067.64,500
1115,BPLPHARMA.BO,1384.6,1392.0,0.22K,Health Technology,Pharmaceuticals: Major,68.0,40.0,74.0,87.0,64.8178,62.5464,1.60K,0.83K,1559.9,880.25,9.54B,No,1444.06,1393.04,1210.03,1386.08,1223.86,497
1116,ABHIFIN.BO,58.47,57.97,0.04K,Finance,Investment Banks/Brokers,68.0,77.0,74.0,80.0,4.17,3.5814,0.60K,0.80K,72.33,39.57,269.71M,No,54.91,56.53,47.77,56.45,49.79,499
1117,NIBL.NS,32.94,33.34,17.11K,Producer Manufacturing,Metal Fabrication,68.0,75.0,54.0,54.0,2.1464,2.0979,42.74K,37.78K,40.8,24.06,798.16M,No,35.13,32.48,31.02,32.62,31.05,500
1118,UDS.NS,210.06,208.28,507.70K,Commercial Services,Miscellaneous Commercial Services,68.0,70.0,79.0,81.0,7.6371,7.6364,395.67K,322.42K,266.2,125.1,14.19B,No,203.52,193.0,176.5,195.71,170.59,499
1119,KIMS.NS,803.95,813.05,459.51K,Health Services,Hospital/Nursing Management,68.0,43.0,71.0,78.0,20.6964,20.6964,618.61K,793.93K,858.0,575.8,321.69B,No,801.61,800.85,706.64,807.08,723.17,500
1120,LOTUSEYE.NS,117.62,119.78,8.97K,Health Services,Medical/Nursing Services,68.0,35.0,54.0,34.0,4.4214,4.3479,32.56K,9.38K,147.0,72.1,2.45B,No,119.01,122.48,116.39,123.02,116.77,497
1121,ELGIEQUIP.NS,575.55,573.85,351.14K,Producer Manufacturing,Industrial Machinery,68.0,38.0,58.0,77.0,14.0393,13.7,499.38K,285.98K,633.85,408.25,181.44B,No,581.53,591.37,523.89,586.82,539.9,500
1122,ACESEPP.BO,98.99,95.22,17.22K,Technology Services,Data Processing Services,68.0,98.0,96.0,5.0,9.0907,8.95,19.82K,56.79K,153.85,25.51,,No,67.52,50.69,,54.85,86.56,157
1123,TRADEUNO.BO,127.25,131.5,3.60K,Retail Trade,Apparel/Footwear Retail,68.0,95.0,69.0,39.0,5.6357,4.4893,10.70K,35.64K,161.95,87.0,2.28B,No,106.54,100.83,,102.99,109.96,192
1124,JLHL.NS,306.25,312.55,195.57K,Health Services,Hospital/Nursing Management,68.0,66.0,82.0,69.0,14.4321,13.9679,242.87K,251.48K,340.0,235.6,100.40B,No,319.29,294.37,274.3,298.08,269.38,500
1125,TNPETRO.NS,106.77,103.77,5587.89K,Process Industries,Chemicals: Specialty,68.0,80.0,81.0,61.0,4.9779,4.8821,211.66K,220.95K,129.89,78.67,9.61B,No,97.04,94.69,95.85,96.46,91.24,500
1126,PICCADIL.NS,692.4,778.25,3215.19K,Process Industries,Agricultural Commodities/Milling,68.0,70.0,71.0,67.0,37.9393,33.0322,208.51K,220.68K,805.5,515.0,68.25B,No,744.87,659.38,606.36,666.56,606.3,278
1127,KVSCASTING.BO,68.02,64.5,98.00K,Non-Energy Minerals,Steel,68.0,66.0,80.0,74.0,3.4007,3.2143,23.03K,28.20K,86.0,48.01,1.28B,No,64.87,64.76,60.67,65.32,58.5,212
1128,MAPROIN.BO,63.87,65.17,1.83K,Consumer Durables,Homebuilding,68.0,98.0,90.0,78.0,2.5736,0.7971,26.53K,14.57K,395.9,24.03,535.80M,No,50.81,41.01,49.49,43.03,46.3,496
1129,BHAGCHEM.NS,280.35,286.6,40.15K,Process Industries,Chemicals: Agricultural,68.0,28.0,66.0,77.0,14.0286,12.5607,205.39K,263.53K,316.9,170.6,36.35B,No,275.66,273.78,239.46,277.95,240.26,496
1130,VRLLOG.NS,300.9,305.25,581.61K,Transportation,Trucking,68.0,94.0,74.0,55.0,12.73,11.97,379.61K,1140.75K,310.2,225.0,52.64B,No,263.06,246.64,258.92,250.1,255.19,499
1131,SUYOG.NS,830.6,855.3,57.66K,Industrial Services,Engineering & Construction,68.0,25.0,52.0,85.0,37.975,37.5964,36.58K,21.62K,925.0,526.5,9.73B,No,857.58,826.45,717.32,834.15,748.93,493
1132,SDL.BO,31.83,33.5,0.01K,Health Technology,Medical Specialties,68.0,5.0,21.0,41.0,1.9243,1.655,1.22K,2.03K,51.49,20.81,231.19M,No,34.34,37.68,34.47,36.97,35.7,499
1133,ZFCVINDIA.NS,2613.4,2615.0,38.25K,Producer Manufacturing,Auto Parts: Oem,68.0,82.0,66.0,47.0,73.3785,73.3785,173.07K,123.31K,3044.0,2050.33,297.42B,No,2452.27,2464.75,2404.79,2485.04,2443.3,500
1134,TECHM.NS,1625.0,1643.0,3745.99K,Technology Services,Information Technology Services,68.0,83.0,70.0,30.0,40.1072,36.7643,2818.96K,3239.85K,1854.0,1304.1,1439.50B,No,1610.46,1512.05,1501.48,1518.45,1482.89,500
1135,MISHKA.BO,44.98,45.0,1.10K,Distribution Services,Wholesale Distributors,68.0,81.0,71.0,53.0,2.9871,2.4714,1.35K,1.26K,50.0,32.05,649.96M,No,42.25,41.24,41.51,41.47,41.02,496
1136,RAINBOW.NS,1482.0,1504.1,66.40K,Health Services,Hospital/Nursing Management,68.0,49.0,74.0,74.0,42.65,41.25,108.13K,123.54K,1610.0,1084.0,150.35B,No,1511.18,1453.95,1317.13,1469.12,1306.22,498
1137,SEKURITIND.BO,119.6,120.65,22.66K,Consumer Durables,Home Furnishings,68.0,11.0,74.0,67.0,4.5107,4.5071,96.55K,53.33K,139.7,80.0,10.90B,No,126.1,129.26,110.02,128.56,110.21,497
1138,RIBATEX.BO,80.99,82.36,1.60K,Process Industries,Textiles,68.0,42.0,84.0,57.0,4.77,4.77,11.38K,5.67K,95.9,49.02,781.79M,No,81.55,79.89,74.71,81.03,71.79,496
1139,GULPOLY.NS,189.89,198.18,377.54K,Consumer Non-Durables,Food: Specialty/Candy,68.0,61.0,54.0,85.0,10.39,10.39,745.03K,911.35K,227.63,121.5,11.81B,No,193.74,196.2,165.73,195.22,174.46,499
1140,GRAPHITE.NS,726.25,730.85,672.66K,Process Industries,Industrial Specialties,68.0,92.0,44.0,67.0,25.8357,25.6714,1397.55K,2026.25K,802.4,505.8,141.89B,No,676.09,650.43,643.65,654.02,668.72,500
1141,DEEPAKFERT.NS,1455.7,1498.0,332.45K,Process Industries,Chemicals: Agricultural,67.0,23.0,66.0,85.0,64.7286,64.55,440.66K,731.55K,1681.0,866.4,183.95B,No,1575.16,1557.49,1293.36,1557.33,1278.93,500
1142,SOUTHWEST.NS,219.13,228.23,260.51K,Energy Minerals,Coal,67.0,27.0,55.0,47.0,8.6971,8.5871,446.82K,112.36K,275.0,121.0,7.15B,No,232.9,235.0,212.57,231.35,221.7,500
1143,HAL.NS,4995.0,4909.0,2899.14K,Electronic Technology,Aerospace & Defense,67.0,83.0,60.0,61.0,110.85,106.9428,981.52K,1057.55K,5055.0,3479.1,3340.53B,No,4670.94,4486.83,4361.61,4553.04,4299.43,500
1144,BALPHARMA.NS,90.5,86.99,34.15K,Health Technology,Pharmaceuticals: Major,67.0,85.0,73.0,78.0,3.4221,3.3329,49.94K,19.94K,98.85,60.0,1.44B,No,88.41,85.57,77.93,85.58,78.43,498
1145,INDIANB.NS,897.0,875.6,2076.09K,Finance,Major Banks,67.0,82.0,59.0,51.0,17.7893,17.6,3146.58K,1716.73K,1000.9,642.6,1208.23B,No,848.61,839.95,860.9,849.93,875.17,500
1146,CLN.BO,480.0,475.0,0.40K,Producer Manufacturing,Electrical Products,67.0,34.0,83.0,83.0,13.2786,9.3357,3.67K,1.20K,639.5,260.0,5.07B,No,500.75,469.94,418.8,481.52,394.53,379
1147,INTSTOIL.BO,39.18,38.93,1.80K,Transportation,Trucking,67.0,67.0,80.0,74.0,4.2093,4.0364,3.71K,1.25K,47.79,28.0,195.60M,No,39.24,39.81,34.72,40.18,35.34,497
1148,KICL.NS,5419.0,5350.0,0.83K,Finance,Financial Conglomerates,67.0,41.0,65.0,65.0,160.9286,156.8929,1.96K,1.60K,6554.9,4011.0,23.66B,No,5455.75,5357.93,5014.53,5403.05,4968.63,498
1149,AMPL.BO,30.2,30.33,36.49K,Finance,Investment Managers,67.0,17.0,59.0,46.0,2.4886,2.4814,275.74K,80.01K,39.4,23.65,1.86B,No,31.87,31.36,30.05,31.89,30.01,497
1150,FUSION.NS,203.78,212.11,1242.42K,Finance,Finance/Rental/Leasing,67.0,10.0,38.0,59.0,11.7607,11.2929,890.16K,1058.16K,243.0,136.5,32.95B,No,213.85,202.58,181.11,206.92,187.03,499
1151,KOURA.BO,43.8,40.75,8.00K,Consumer Durables,Other Consumer Specialties,67.0,94.0,78.0,59.0,1.9207,1.1657,4.39K,12.00K,49.1,30.05,230.02M,No,36.28,35.22,37.14,35.76,36.87,498
1152,SURYODAY.NS,160.89,163.66,417.77K,Finance,Regional Banks,67.0,14.0,26.0,66.0,8.1686,8.1271,2094.42K,1722.34K,218.0,115.41,17.10B,No,172.16,174.44,149.61,174.09,152.92,499
1153,SKFINDUS.NS,2722.4,2730.0,80.35K,Producer Manufacturing,Auto Parts: Oem,67.0,20.0,85.0,42.0,88.7714,87.3142,43.47K,26.39K,3041.0,1994.1,134.59B,No,2725.92,2679.76,,2706.69,2450.12,167
1154,ONEPOINT.NS,59.99,58.87,1853.16K,Commercial Services,Miscellaneous Commercial Services,67.0,78.0,48.0,65.0,2.1571,2.1057,1514.23K,1455.43K,65.85,40.58,15.75B,No,56.27,56.89,53.36,57.26,53.69,498
1155,KOPRAN.NS,172.53,174.36,82.10K,Health Technology,Pharmaceuticals: Major,67.0,15.0,64.0,81.0,8.9986,8.9136,604.56K,130.27K,219.0,107.0,8.33B,No,192.76,191.07,156.23,190.26,160.07,500
1156,DCBBANK.NS,188.24,185.02,983.49K,Finance,Regional Banks,67.0,54.0,60.0,41.0,6.5143,6.0021,1192.11K,1186.96K,205.9,119.51,60.63B,No,189.64,186.32,181.43,187.17,183.68,500
1157,UNIDT.NS,228.68,232.95,9.73K,Industrial Services,Oilfield Services/Equipment,67.0,48.0,73.0,72.0,9.9493,9.6007,17.82K,8.45K,254.97,146.0,4.64B,No,227.97,226.44,204.15,224.32,204.37,498
1158,SAMMAANCAP.NS,160.79,163.4,6698.07K,Finance,Finance/Rental/Leasing,67.0,48.0,66.0,54.0,4.4429,4.4114,15591.58K,5085.71K,192.95,116.7,184.70B,No,162.44,168.61,156.08,167.16,156.12,500
1159,ABDL.NS,614.15,619.8,460.39K,Consumer Non-Durables,Beverages: Alcoholic,67.0,13.0,66.0,73.0,24.9429,24.9143,448.63K,354.00K,711.7,382.1,171.78B,No,620.05,626.62,563.97,627.21,545.61,498
1160,TVSSCS.NS,129.03,126.11,3139.14K,Transportation,Air Freight/Couriers,67.0,16.0,58.0,77.0,4.5521,4.3907,636.19K,411.60K,146.5,90.32,56.93B,No,134.13,134.09,117.12,134.87,119.4,499
1161,PRECISIO.BO,203.65,207.95,0.58K,Electronic Technology,Telecommunications Equipment,67.0,11.0,91.0,55.0,10.1321,9.4643,3.12K,0.84K,266.3,107.1,2.82B,No,208.69,208.06,179.17,212.83,167.98,496
1162,APEX.NS,366.75,377.75,101.85K,Consumer Non-Durables,Food: Meat/Fish/Dairy,67.0,24.0,6.0,71.0,10.5214,10.3786,248.32K,67.20K,514.5,208.74,11.46B,No,383.41,397.54,364.82,393.74,399.23,500
1163,SIZEMASTER.BO,232.95,228.85,2.89K,Producer Manufacturing,Miscellaneous Manufacturing,67.0,0.0,1.0,37.0,20.0893,12.5821,0.40K,0.68K,415.0,119.95,2.33B,No,309.24,339.07,275.28,332.62,320.63,497
1164,TTKHLTCARE.NS,1103.4,1085.3,33.34K,Health Technology,Pharmaceuticals: Major,67.0,89.0,79.0,61.0,65.375,63.9964,15.89K,42.32K,1216.8,735.0,15.59B,No,1042.3,968.23,969.2,982.68,922.05,499
1165,RRPDEFENSE.BO,659.35,666.0,0.06K,Distribution Services,Wholesale Distributors,67.0,30.0,20.0,9.0,1.4357,0.0,0.03K,0.01K,984.4,319.25,9.05B,No,675.45,696.71,814.43,690.03,765.29,496
1166,VISHNU.NS,589.45,587.15,87.21K,Process Industries,Chemicals: Specialty,67.0,39.0,49.0,62.0,16.9036,16.9036,134.58K,101.26K,670.0,443.7,39.68B,No,611.1,607.26,549.83,604.6,561.79,500
1167,KPRMILL.NS,1088.7,1096.5,144.63K,Consumer Non-Durables,Apparel/Footwear,67.0,37.0,74.0,73.0,32.4643,32.1143,704.72K,360.55K,1334.0,796.1,372.90B,No,1076.11,1104.34,980.71,1112.85,976.75,500
1168,PJL.BO,305.0,277.2,0.75K,Consumer Durables,Other Consumer Specialties,67.0,94.0,77.0,63.0,5.0714,0.0,0.18K,0.07K,305.0,209.0,1.32B,No,252.67,262.71,264.05,262.82,266.14,498
1169,HOCL.BO,37.38,38.42,37.81K,Process Industries,Chemicals: Specialty,67.0,57.0,66.0,68.0,1.6193,1.5579,79.67K,77.88K,46.6,21.05,2.51B,No,38.04,38.14,33.11,38.02,33.58,497
1170,EUROPRATIK.NS,293.5,303.0,127.67K,Producer Manufacturing,Office Equipment/Supplies,67.0,25.0,63.0,70.0,13.45,12.6321,275.62K,182.64K,390.0,205.1,30.00B,No,308.12,293.55,279.67,297.02,264.51,221
1171,KIRLOSIND.NS,3769.0,3722.6001,81.93K,Non-Energy Minerals,Steel,67.0,14.0,71.0,72.0,126.6285,126.6285,32.52K,7.60K,4574.8,2463.0,39.66B,No,3815.53,3773.58,3335.3,3812.35,3289.8,499
1172,MARICO.NS,855.0,855.0,1768.31K,Consumer Non-Durables,Household/Personal Care,67.0,46.0,57.0,65.0,18.2214,17.7571,2015.23K,2276.37K,889.1,690.3,1108.23B,No,860.88,840.98,781.18,845.49,800.31,499
1173,MNFL.BO,161.5,159.0,3.60K,Consumer Non-Durables,Food: Specialty/Candy,67.0,49.0,47.0,56.0,1.4286,1.1071,4.64K,0.60K,186.0,118.4,2.02B,No,161.12,159.73,,158.1,160.3,171
1174,ARIES.NS,397.35,355.8,544.75K,Process Industries,Chemicals: Agricultural,67.0,85.0,66.0,72.0,14.6607,14.0,20.06K,8.23K,459.9,285.35,5.17B,No,345.24,340.0,344.33,345.19,345.37,498
1175,MANALIPETC.NS,67.39,65.53,1189.17K,Process Industries,Chemicals: Specialty,67.0,78.0,79.0,61.0,2.3621,2.3621,887.06K,269.21K,77.6,39.13,11.59B,No,65.17,64.49,59.74,64.56,57.63,499
1176,BETXIND.BO,465.25,490.0,0.87K,Process Industries,Textiles,67.0,39.0,65.0,88.0,39.1857,37.8071,0.20K,0.31K,648.0,220.05,697.88M,No,478.46,478.14,397.18,473.52,411.56,497
1177,SUNPHARMA.NS,1944.0,1942.0,1536.33K,Health Technology,Pharmaceuticals: Major,67.0,50.0,62.0,66.0,34.0143,33.8357,2454.77K,2558.22K,2046.9,1548.0,4664.31B,No,1958.24,1897.56,1787.1,1910.23,1798.67,500
1178,ATGL.NS,660.35,666.15,877.45K,Utilities,Gas Distributors,66.0,24.0,60.0,73.0,13.8964,13.0179,5167.64K,637.39K,859.85,462.8,726.26B,No,669.37,702.37,613.11,695.0,621.73,500
1179,INDOMIM.NS,823.65,821.8,1314.85K,Producer Manufacturing,Industrial Machinery,66.0,,,,,,14929.73K,14929.73K,908.0,700.0,407.28B,No,,,,,,10
1180,CONCORDBIO.NS,1444.7,1428.9,93.61K,Commercial Services,Miscellaneous Commercial Services,66.0,78.0,83.0,75.0,53.2929,52.4214,310.47K,226.19K,1801.9,987.0,151.14B,No,1349.96,1321.08,1259.05,1335.64,1205.17,500
1181,IGPL.NS,467.0,466.4,53.51K,Process Industries,Chemicals: Specialty,66.0,78.0,52.0,78.0,20.9786,20.6786,45.64K,100.19K,532.45,315.0,14.38B,No,465.98,451.03,405.96,452.99,411.32,498
1182,CCL.NS,1135.5,1123.6,93.75K,Consumer Non-Durables,Food: Specialty/Candy,66.0,22.0,54.0,64.0,33.1572,31.9572,361.74K,222.49K,1242.2,815.5,151.40B,No,1165.62,1164.89,1057.41,1161.26,1087.29,500
1183,AKCAPIT.NS,1728.6,1717.4,1.84K,Finance,Investment Banks/Brokers,66.0,33.0,66.0,,70.5786,67.8929,2.12K,2.82K,1875.0,1484.9,,No,1742.62,1745.92,,1747.49,,80
1184,PESB.BO,262.0,258.15,39.20K,Finance,Investment Banks/Brokers,66.0,36.0,24.0,68.0,9.3107,8.8821,17.79K,14.32K,333.95,173.0,4.13B,No,256.9,268.31,242.75,267.8,258.63,496
1185,SRDAPRT.BO,102.66,97.78,1.41K,Process Industries,Agricultural Commodities/Milling,66.0,79.0,82.0,81.0,0.3486,0.0,0.48K,0.16K,144.3,59.95,177.18M,No,98.02,94.83,83.18,95.94,85.04,497
1186,PGEL.NS,614.65,616.0,2975.82K,Electronic Technology,Electronic Production Equipment,66.0,68.0,76.0,54.0,21.2036,20.825,2873.68K,2906.49K,644.4,436.55,176.10B,No,606.2,566.93,555.24,578.41,547.76,500
1187,SIGNPOST.NS,269.35,270.75,44.17K,Commercial Services,Advertising/Marketing Services,66.0,5.0,29.0,77.0,12.0929,12.0929,620.86K,149.81K,336.8,191.41,14.40B,No,293.04,283.8,249.69,283.09,260.01,498
1188,YORKEXP.BO,62.26,62.6,0.03K,Process Industries,Textiles,66.0,80.0,71.0,50.0,1.8829,1.0679,0.20K,0.45K,79.0,47.1,209.37M,No,55.11,54.56,59.93,54.88,58.9,497
1189,KNACK.NS,202.67,206.78,1201.24K,Process Industries,Containers/Packaging,66.0,64.0,,,9.4757,9.125,4834.52K,2028.97K,222.0,180.33,24.80B,No,197.78,,,,,26
1190,FRATELLI.BO,106.55,104.5,19.72K,Distribution Services,Food Distributors,66.0,71.0,86.0,66.0,5.5993,5.5536,25.12K,11.36K,161.8,61.9,4.63B,No,99.94,98.34,97.2,100.7,88.75,497
1191,WESTLIFE.NS,594.7,583.45,83.84K,Consumer Services,Restaurants,66.0,88.0,78.0,70.0,27.6393,27.5714,159.34K,270.80K,775.0,398.4,92.31B,No,517.27,492.3,503.01,502.95,486.14,499
1192,GRAVISSHO.NS,30.63,30.65,3.77K,Consumer Services,Hotels/Resorts/Cruise Lines,66.0,57.0,72.0,,1.665,1.6607,11.08K,2.83K,35.6,25.2,,No,30.18,29.75,,30.1,,79
1193,STERPOW.BO,34.26,35.9,2.88K,Electronic Technology,Semiconductors,66.0,20.0,47.0,85.0,2.3979,2.3979,6.35K,4.48K,43.0,16.9,180.30M,No,36.36,35.73,29.95,35.36,29.6,497
1194,GARFIBRES.NS,768.85,786.4,50.93K,Producer Manufacturing,Miscellaneous Manufacturing,66.0,70.0,80.0,68.0,33.0,32.9714,146.71K,103.77K,870.45,579.75,75.08B,No,767.63,738.93,681.93,750.01,674.14,499
1195,RAJABAH.BO,5027.0,5026.0,0.00K,Finance,Real Estate Development,66.0,37.0,60.0,58.0,66.1357,30.4214,0.03K,0.00K,6099.0,4135.1,1.26B,No,5253.62,5356.88,4768.47,5390.04,4907.36,496
1196,VERANDA.NS,251.35,248.15,265.68K,Commercial Services,Miscellaneous Commercial Services,66.0,56.0,76.0,76.0,12.0371,11.935,505.88K,663.21K,272.5,130.02,24.22B,No,241.48,238.8,206.18,241.8,204.91,500
1197,EPACKPEB.NS,236.4,247.15,892.90K,Industrial Services,Engineering & Construction,66.0,12.0,74.0,71.0,15.21,14.2121,2209.87K,2986.52K,344.0,132.17,23.79B,No,251.02,248.05,231.54,252.2,205.54,214
1198,NIYOGIN.BO,55.02,53.9,274.35K,Finance,Finance/Rental/Leasing,66.0,93.0,76.0,67.0,3.1643,3.1643,58.45K,113.45K,82.4,30.2,6.12B,No,44.84,44.26,47.81,44.83,43.82,496
1199,PANORAMA.BO,47.46,47.0,273.61K,Retail Trade,Specialty Stores,66.0,14.0,80.0,55.0,2.4893,2.4693,327.96K,230.76K,60.0,28.96,12.37B,No,49.24,48.72,44.74,48.94,44.4,497
1200,VINEETLAB.NS,38.98,37.43,73.76K,Process Industries,Chemicals: Specialty,66.0,88.0,50.0,65.0,2.0529,2.0271,46.91K,64.21K,49.99,27.96,748.66M,No,38.21,35.67,35.86,35.96,34.14,499
1201,KROSS.NS,204.77,202.17,948.27K,Producer Manufacturing,Auto Parts: Oem,66.0,81.0,29.0,44.0,7.6971,7.6164,1004.09K,335.94K,237.6,150.52,13.21B,No,201.3,191.51,189.12,193.04,191.15,476
1202,FOSECOC.BO,1607.55,1580.05,4.46K,Producer Manufacturing,Miscellaneous Manufacturing,66.0,85.0,75.0,66.0,60.7357,49.4036,3.91K,4.28K,1964.0,1155.0,9.00B,No,1403.23,1347.7,1402.53,1368.19,1344.72,497
1203,COLAB.BO,137.75,139.1,0.60K,Distribution Services,Electronics Distributors,66.0,31.0,21.0,9.0,0.2964,0.0,0.16K,0.16K,204.6,66.53,28.10B,No,140.92,145.2,169.54,144.06,159.55,498
1204,NEERAJ.BO,21.0,20.91,0.00K,Distribution Services,Wholesale Distributors,66.0,56.0,55.0,70.0,0.0064,0.0,0.06K,0.01K,22.49,15.0,231.00M,No,20.91,21.05,18.81,21.1,19.05,496
1205,ARVSMART.NS,665.55,636.4,261.04K,Finance,Real Estate Development,66.0,76.0,62.0,72.0,25.3857,24.5393,241.81K,822.56K,693.8,486.8,30.53B,No,609.19,603.08,586.26,612.76,583.45,499
1206,ZENITHEXPO.NS,238.52,251.07,1.22K,Consumer Non-Durables,Apparel/Footwear,66.0,89.0,77.0,56.0,10.455,9.6293,0.48K,1.46K,351.65,174.0,1.29B,No,206.23,205.14,210.58,207.71,203.77,498
1207,FAZE3Q.NS,543.05,603.35,115.52K,Process Industries,Textiles,66.0,20.0,80.0,84.0,27.275,23.8679,21.62K,12.23K,650.05,322.1,13.18B,No,553.95,569.8,490.49,572.48,500.45,499
1208,LOTUSDEV.NS,173.88,167.72,1556.87K,Finance,Real Estate Development,66.0,90.0,79.0,64.0,8.5093,7.2964,2214.17K,5052.26K,207.5,102.2,84.98B,No,173.63,155.2,150.0,159.46,143.81,253
1209,HAWKINCOOK.NS,8177.5,8193.0,0.59K,Producer Manufacturing,Miscellaneous Manufacturing,66.0,15.0,67.0,,266.0714,259.9286,1.73K,1.97K,9600.0,7109.0,43.24B,No,8631.62,8381.12,,8418.6,,79
1210,IVP.NS,180.49,179.29,20.02K,Process Industries,Chemicals: Specialty,66.0,78.0,75.0,73.0,7.6414,6.1707,27.35K,11.21K,194.0,110.0,1.86B,No,159.81,161.94,151.76,161.41,149.41,499
1211,HARDCAS.BO,861.0,847.6,0.28K,Process Industries,Industrial Specialties,66.0,59.0,77.0,76.0,51.4893,46.5464,0.46K,0.41K,1048.0,602.25,585.03M,No,828.16,826.02,737.26,825.74,753.55,497
1212,SURYALA.NS,393.55,392.25,2.22K,Process Industries,Textiles,66.0,8.0,65.0,,17.0714,17.0536,3.44K,4.47K,508.0,330.3,,No,415.84,434.59,,429.14,,80
1213,SHYAMMETL.NS,986.6,984.8,466.53K,Producer Manufacturing,Metal Fabrication,66.0,64.0,67.0,65.0,23.6572,23.1929,628.39K,440.16K,1090.0,746.0,274.60B,No,1024.93,992.43,882.56,990.47,900.47,500
1214,PASUSPG.BO,33.72,34.4,0.32K,Process Industries,Textiles,65.0,87.0,84.0,44.0,1.5893,1.0307,0.27K,0.26K,40.99,25.67,314.85M,No,33.16,30.08,31.17,30.85,29.72,494
1215,AGARWALEYE.NS,511.45,542.0,48135.75K,Health Services,Medical/Nursing Services,65.0,68.0,72.0,63.0,24.6821,22.35,100.89K,178.16K,568.0,401.0,162.14B,No,499.72,480.79,473.72,485.07,458.62,376
1216,ICEMAKE.NS,828.6,811.45,24.22K,Producer Manufacturing,Industrial Machinery,65.0,76.0,60.0,61.0,28.5429,28.5429,49.08K,23.77K,920.0,660.3,13.08B,No,831.1,793.68,770.14,798.97,783.62,500
1217,GOODLUCK.NS,1305.6,1330.5,360.06K,Non-Energy Minerals,Steel,65.0,5.0,31.0,68.0,64.0786,61.7571,251.31K,387.48K,1672.1,915.0,43.40B,No,1503.63,1459.16,1233.94,1458.75,1270.21,499
1218,BODALCHEM.NS,68.78,69.25,41.88K,Process Industries,Industrial Specialties,65.0,85.0,38.0,82.0,3.4271,3.3486,288.24K,327.93K,81.9,42.81,8.66B,No,68.76,66.5,59.17,66.68,61.24,499
1219,GLENMARK.NS,2290.0,2276.0,464.50K,Health Technology,Pharmaceuticals: Major,65.0,53.0,44.0,66.0,55.4214,54.1143,646.71K,509.37K,2474.0,1792.6,646.29B,No,2237.4,2215.9,2116.42,2226.62,2187.02,500
1220,NAM.BO,93.49,94.07,0.10K,Finance,Investment Banks/Brokers,65.0,77.0,71.0,57.0,4.0779,3.29,0.10K,0.20K,105.97,68.0,504.10M,No,93.21,84.74,84.01,85.69,83.19,496
1221,MODIS.NS,404.9,409.95,16.21K,Finance,Real Estate Development,65.0,87.0,68.0,71.0,19.9286,19.6679,73.48K,57.21K,429.05,276.0,7.93B,No,389.14,361.01,,363.97,342.06,184
1222,MATRIMONY.NS,541.5,537.1,365.36K,Technology Services,Internet Software/Services,65.0,93.0,82.0,47.0,22.775,22.7464,25.95K,45.93K,573.0,364.05,11.19B,No,449.39,424.43,464.52,435.68,441.82,498
1223,HMT.NS,58.77,59.92,8.56K,Producer Manufacturing,Industrial Machinery,65.0,13.0,43.0,77.0,2.1971,2.1914,14.53K,10.62K,72.95,41.0,70.76B,No,60.8,62.06,55.83,62.63,58.39,498
1224,SCI.NS,298.8,293.95,2155.51K,Transportation,Air Freight/Couriers,65.0,73.0,24.0,80.0,10.2964,9.925,5313.30K,4272.66K,368.75,195.55,139.18B,No,287.44,295.23,264.78,295.95,276.2,500
1225,SAIL.NS,174.0,173.0,18037.64K,Non-Energy Minerals,Steel,65.0,66.0,38.0,63.0,5.9721,5.7093,21928.46K,19994.67K,209.7,118.1,718.71B,No,168.1,172.26,160.84,171.69,169.97,500
1226,SHINDL.NS,163.82,164.67,165.06K,Process Industries,Agricultural Commodities/Milling,65.0,73.0,64.0,,6.9171,6.9171,130.90K,120.10K,179.99,130.6,,No,161.29,156.41,,156.62,,80
1227,IFGLEXPOR.NS,212.93,218.24,32.00K,Producer Manufacturing,Industrial Machinery,65.0,15.0,72.0,68.0,12.1157,11.9493,162.14K,81.96K,338.0,119.68,15.35B,No,209.78,204.51,192.3,207.73,183.11,500
1228,INCAP.BO,95.95,94.43,0.06K,Electronic Technology,Electronic Components,65.0,53.0,55.0,77.0,3.1871,2.715,1.50K,0.23K,160.99,64.0,492.53M,No,92.4,92.32,88.04,92.58,89.1,497
1229,FIVESTAR.NS,554.4,546.25,263.14K,Finance,Finance/Rental/Leasing,65.0,52.0,80.0,72.0,16.4929,15.7571,1146.27K,815.55K,666.0,338.15,163.65B,No,550.93,519.0,499.73,529.1,465.87,499
1230,TRANSFD.BO,442.25,465.5,0.02K,Consumer Non-Durables,Food: Specialty/Candy,65.0,16.0,27.0,52.0,21.475,14.1536,0.04K,0.03K,570.0,231.1,64.08M,No,468.61,477.76,441.63,477.62,464.98,497
1231,OBEROIRLTY.NS,1799.9,1793.6,170.83K,Finance,Real Estate Development,65.0,31.0,63.0,68.0,39.6214,37.3428,492.35K,281.04K,1986.1,1391.2,654.45B,No,1829.99,1782.46,1660.97,1802.0,1649.55,498
1232,JPOLYINVST.NS,1046.4,1040.4,6.98K,Finance,Investment Managers,65.0,40.0,34.0,51.0,31.5429,31.2,12.31K,13.17K,1487.7,716.05,11.00B,No,1051.81,1076.56,1068.03,1072.01,1089.21,498
1233,GULFOILLUB.NS,1181.2,1189.8,27.18K,Energy Minerals,Oil Refining/Marketing,65.0,82.0,78.0,51.0,39.7571,36.9643,99.54K,175.92K,1329.0,865.0,58.53B,No,1086.55,1043.63,1065.74,1062.26,1015.53,500
1234,MUTHOOTCAP.NS,259.83,259.4,11.82K,Finance,Finance/Rental/Leasing,65.0,88.0,76.0,58.0,9.8186,9.6121,25.91K,34.07K,303.0,175.25,4.27B,No,233.98,217.2,232.2,222.82,213.99,498
1235,GOLDCOINHF.BO,31.6,30.95,3.14K,Process Industries,Agricultural Commodities/Milling,65.0,13.0,50.0,39.0,3.1457,3.1086,2.13K,3.45K,38.49,19.96,47.41M,No,30.88,31.83,31.19,31.75,31.81,500
1236,3MINDIA.NS,35935.0,36115.0,2.64K,Producer Manufacturing,Industrial Conglomerates,65.0,64.0,69.0,49.0,775.0,768.5714,4.65K,3.37K,38030.0,28730.0,404.81B,No,35627.25,34193.0,33861.15,34594.0,33600.17,496
1237,MEESHO.NS,191.89,190.41,8381.91K,Retail Trade,Apparel/Footwear Retail,65.0,51.0,42.0,68.0,6.8607,6.7943,20724.86K,10621.75K,254.4,125.56,887.22B,No,187.68,182.95,,184.62,172.99,168
1238,BECTORFOOD.NS,242.35,240.62,2241.77K,Consumer Non-Durables,Food: Specialty/Candy,65.0,96.0,80.0,58.0,9.8679,9.7329,5457.34K,3693.87K,299.0,165.0,74.40B,No,212.96,191.98,212.21,196.91,196.2,500
1239,GMRAIRPORT.NS,104.55,105.11,18608.82K,Transportation,Other Transportation,65.0,21.0,58.0,56.0,2.155,2.1514,20301.58K,8226.22K,115.64,84.11,1103.94B,No,107.55,108.18,100.3,108.09,99.66,500
1240,GNFC.NS,551.05,548.4,449.11K,Process Industries,Chemicals: Specialty,65.0,76.0,70.0,64.0,13.9929,13.1679,609.88K,620.64K,616.0,365.0,80.97B,No,520.91,522.82,486.18,525.26,482.12,500
1241,BIZOTIC.BO,646.4,628.55,14.80K,Consumer Non-Durables,Apparel/Footwear,65.0,50.0,8.0,3.0,43.6929,40.1571,6.52K,11.06K,1053.0,258.0,6.23B,No,568.13,653.04,830.24,637.91,811.79,497
1242,HYUNDAI.NS,2240.0,2200.0,732.85K,Consumer Durables,Motor Vehicles,65.0,86.0,81.0,44.0,55.7429,48.7214,1252.39K,1145.82K,2890.0,1658.0,1820.09B,No,2085.05,2007.24,2089.99,2047.81,2000.6,451
1243,SFL.NS,691.1,679.25,674.66K,Process Industries,Industrial Specialties,65.0,17.0,79.0,77.0,37.2571,36.4893,428.25K,451.69K,832.45,456.8,75.47B,No,745.92,734.41,613.5,733.7,612.76,500
1244,OLECTRA.NS,1383.6,1391.6,207.61K,Consumer Durables,Motor Vehicles,65.0,44.0,58.0,74.0,32.5,31.1286,764.12K,260.00K,1714.2,866.6,113.57B,No,1353.52,1384.18,1227.84,1399.91,1205.81,500
1245,IVALUE.NS,283.45,278.05,273.76K,Technology Services,Information Technology Services,65.0,39.0,70.0,64.0,10.7321,10.2929,504.93K,367.27K,340.0,207.35,15.48B,No,283.51,274.57,261.32,277.92,251.59,219
1246,TANLA.NS,594.4,616.65,606.33K,Technology Services,Information Technology Services,65.0,83.0,62.0,68.0,25.8643,25.1107,1110.25K,974.16K,766.0,365.9,78.84B,No,598.58,556.26,522.29,562.31,505.61,500
1247,SGIL.NS,600.15,608.6,5.34K,Non-Energy Minerals,Steel,65.0,53.0,58.0,59.0,15.9393,15.7071,17.15K,7.29K,633.25,420.0,9.32B,No,599.23,586.29,540.73,588.31,543.51,498
1248,INGERRAND.NS,4292.2,4309.3999,4.17K,Producer Manufacturing,Trucks/Construction/Farm Machinery,65.0,42.0,37.0,74.0,103.1,103.1,21.86K,13.47K,4756.2,3063.3,135.50B,No,4385.61,4369.54,3926.86,4391.69,4074.14,500
1249,LAXMIINDIA.NS,135.83,139.25,216.34K,Finance,Finance/Rental/Leasing,65.0,90.0,61.0,84.0,6.9157,6.9157,83.34K,102.40K,180.9,71.06,7.12B,No,127.53,115.18,114.61,117.89,106.94,254
1250,FOSECOIND.NS,5530.5,5500.5,3.21K,Process Industries,Chemicals: Major Diversified,65.0,72.0,68.0,73.0,182.8929,180.8214,6.30K,5.15K,6846.0,4300.0,41.89B,No,5204.5,5144.19,5007.22,5209.42,4967.65,499
1251,ETHOSLTD.NS,2790.3,2829.3,19.72K,Retail Trade,Catalog/Specialty Distribution,64.0,78.0,77.0,55.0,132.6,132.5929,66.39K,236.79K,3245.9,1919.4,74.66B,No,2692.62,2549.57,2591.58,2555.56,2445.83,499
1252,ARE&M.NS,969.4,970.25,5107.45K,Producer Manufacturing,Electrical Products,64.0,79.0,67.0,65.0,32.2214,31.3321,1050.87K,1864.49K,1057.85,670.0,177.42B,No,910.07,873.23,871.54,884.02,841.13,500
1253,CEIGALL.NS,319.35,325.75,346.34K,Industrial Services,Engineering & Construction,64.0,7.0,17.0,65.0,12.3179,12.3179,512.87K,236.46K,405.7,222.61,55.63B,No,335.81,357.5,300.99,353.57,321.17,498
1254,POONAWALLA.NS,484.1,487.2,726.46K,Finance,Finance/Rental/Leasing,64.0,65.0,61.0,69.0,15.0071,14.7964,1615.51K,1559.21K,570.4,361.2,423.92B,No,473.59,447.39,441.9,456.15,429.86,500
1255,WSFX.BO,70.6,69.44,0.16K,Commercial Services,Miscellaneous Commercial Services,64.0,82.0,69.0,58.0,3.4457,3.3629,2.29K,1.90K,76.86,53.8,894.74M,No,65.36,63.03,62.25,63.76,62.56,497
1256,BRPL.BO,133.05,131.35,14.97K,Producer Manufacturing,Building Products,64.0,80.0,70.0,64.0,7.3929,7.1714,11.98K,20.01K,140.0,98.1,1.75B,No,126.35,123.36,116.81,123.34,120.81,497
1257,CAPTRUST.NS,19.68,20.03,41.44K,Finance,Finance/Rental/Leasing,64.0,97.0,92.0,79.0,1.2421,1.1007,45.51K,137.28K,56.58,10.98,666.67M,No,16.96,14.53,14.61,14.97,13.87,498
1258,CWD.BO,309.95,313.4,36.00K,Technology Services,Packaged Software,64.0,55.0,55.0,63.0,10.5214,10.1036,24.04K,24.55K,425.0,254.0,7.05B,No,310.12,309.66,319.42,309.72,300.96,498
1259,POLYLINK.BO,22.7,22.19,12.28K,Process Industries,Chemicals: Specialty,64.0,79.0,77.0,69.0,1.3764,1.295,8.55K,6.44K,27.0,14.52,501.93M,No,21.91,21.37,20.27,21.58,19.87,496
1260,SHRINGARMS.NS,229.71,233.35,827.71K,Consumer Durables,Other Consumer Specialties,64.0,50.0,56.0,50.0,6.24,6.0643,779.32K,459.59K,266.5,166.0,22.15B,No,225.72,220.82,216.91,223.17,214.0,225
1261,POKARNA.NS,988.95,979.35,152.76K,Producer Manufacturing,Building Products,64.0,28.0,71.0,79.0,45.9143,45.4143,101.25K,144.75K,1146.2,692.6,30.66B,No,956.58,960.13,897.14,973.76,910.43,499
1262,TITANSEC.BO,41.19,42.5,29.51K,Finance,Investment Banks/Brokers,64.0,39.0,16.0,63.0,1.9414,1.9279,24.36K,21.91K,58.35,29.0,1.03B,No,42.3,42.54,41.56,42.53,42.96,497
1263,SANJIVIN.BO,186.0,188.05,10.63K,Health Technology,Pharmaceuticals: Major,64.0,94.0,74.0,57.0,16.4679,16.4143,15.27K,26.69K,268.8,126.0,2.28B,No,165.82,154.84,176.93,158.16,164.34,497
1264,VIPPYSP.BO,176.15,178.35,0.18K,Process Industries,Textiles,64.0,60.0,68.0,67.0,9.4679,7.9607,0.68K,0.29K,189.0,130.6,1.03B,No,171.21,173.91,163.7,171.77,162.75,497
1265,CAPRIHANS.BO,102.6,92.84,160.60K,Process Industries,Containers/Packaging,64.0,96.0,85.0,69.0,5.47,4.4436,2.34K,2.82K,144.0,50.3,1.81B,No,76.96,77.11,82.19,78.93,76.52,497
1266,DDEVPLSTIK.NS,290.85,290.3,227.61K,Process Industries,Chemicals: Major Diversified,64.0,67.0,77.0,43.0,13.5714,13.5429,198.36K,312.38K,360.0,185.15,30.10B,No,282.96,274.64,269.83,277.96,261.77,392
1267,DSINVEST.BO,384.15,384.2,0.00K,Finance,Investment Banks/Brokers,64.0,59.0,86.0,45.0,3.2786,1.1107,0.04K,0.00K,461.6,299.55,121.04M,No,390.59,384.9,379.42,388.03,365.13,497
1268,DJML.NS,103.58,108.51,187.29K,Commercial Services,Commercial Printing/Forms,64.0,12.0,63.0,79.0,5.9636,5.9486,423.70K,444.38K,124.8,52.0,3.72B,No,110.58,111.86,89.68,113.49,97.64,499
1269,INDOSTAR.NS,246.5,248.55,78.68K,Finance,Finance/Rental/Leasing,64.0,26.0,72.0,74.0,12.5571,11.8679,171.45K,269.20K,292.0,179.03,39.83B,No,255.42,253.26,231.2,253.25,226.75,500
1270,MOTOGENFIN.NS,26.64,26.25,4.94K,Finance,Real Estate Development,64.0,22.0,73.0,73.0,0.8957,0.8479,26.94K,11.40K,32.82,17.5,1.04B,No,26.82,28.11,24.61,28.02,24.74,498
1271,THOMASCOTT.NS,337.5,347.9,52.37K,Consumer Non-Durables,Apparel/Footwear,64.0,64.0,69.0,51.0,21.9036,20.7179,67.67K,157.60K,459.8,230.0,4.95B,No,310.65,305.86,312.34,311.49,292.06,500
1272,DIXON.NS,13800.0,14023.0,325.56K,Electronic Technology,Electronic Production Equipment,64.0,58.0,85.0,77.0,369.8571,367.3571,598.88K,374.83K,18471.0,9600.0,839.07B,No,14100.15,13046.24,12229.6,13217.7,11621.33,500
1273,INDGN.NS,565.4,567.6,439.54K,Health Technology,Pharmaceuticals: Major,64.0,83.0,64.0,62.0,22.6857,22.5607,342.04K,1137.41K,596.8,414.0,136.15B,No,526.45,519.32,505.54,521.7,498.04,500
1274,SUTLEJTEX.NS,38.3,38.1,47.79K,Process Industries,Textiles,64.0,53.0,50.0,76.0,1.4979,1.4979,45.29K,44.72K,41.5,24.0,6.36B,No,38.41,37.84,34.01,37.95,34.46,500
1275,VIJSOLX.BO,702.0,694.85,0.07K,Process Industries,Agricultural Commodities/Milling,64.0,60.0,75.0,71.0,22.6286,21.9857,0.80K,0.43K,940.4,301.0,2.25B,No,694.28,672.69,634.06,681.67,593.59,497
1276,ADFFOODS.NS,261.65,265.45,71.30K,Consumer Non-Durables,Food: Specialty/Candy,64.0,4.0,42.0,86.0,13.2071,12.4179,516.71K,300.51K,346.95,153.1,28.75B,No,284.22,294.88,235.33,292.93,244.94,500
1277,KILITCH.NS,191.21,191.46,33.56K,Health Technology,Pharmaceuticals: Major,64.0,63.0,80.0,63.0,7.9229,7.7257,117.28K,21.64K,224.72,117.25,6.69B,No,185.95,185.55,170.82,186.53,167.11,499
1278,MAKERSL.BO,156.65,160.05,10.87K,Health Technology,Pharmaceuticals: Major,64.0,55.0,51.0,78.0,9.4714,9.3464,9.93K,12.86K,186.7,109.0,924.29M,No,154.41,151.46,140.73,152.14,149.05,496
1279,LUPIN.NS,2281.0,2278.8999,861.10K,Health Technology,Pharmaceuticals: Other,64.0,15.0,42.0,51.0,57.9214,56.0214,1026.53K,1589.53K,2529.5,1875.0,1042.95B,No,2403.85,2378.92,2239.82,2384.01,2311.63,499
1280,IKS.NS,1785.6,1745.0,169.71K,Commercial Services,Miscellaneous Commercial Services,64.0,30.0,62.0,56.0,62.7714,62.3571,214.65K,192.10K,1933.0,1262.0,299.55B,No,1817.45,1775.84,1629.23,1787.62,1613.31,410
1281,AMBIKCO.NS,1587.7,1635.7,27.27K,Process Industries,Textiles,64.0,13.0,47.0,73.0,75.8286,72.15,20.70K,39.00K,1931.0,1101.0,9.09B,No,1724.18,1702.88,1440.68,1713.14,1512.39,499
1282,JSWENERGY.NS,558.75,563.0,1395.86K,Utilities,Electric Utilities,64.0,66.0,47.0,70.0,10.9571,10.5036,2930.87K,1659.47K,617.35,427.75,1023.84B,No,557.79,561.85,520.34,557.73,529.27,500
1283,PEOPLIN.BO,235.95,217.9,1.00K,Finance,Financial Conglomerates,64.0,64.0,73.0,65.0,2.0393,1.3357,0.01K,0.02K,235.95,171.95,47.19M,No,213.32,216.34,203.36,216.85,207.29,495
1284,OLAELEC.NS,39.86,39.66,40398.37K,Consumer Durables,Motor Vehicles,64.0,42.0,69.0,72.0,1.3957,1.3379,116306.02K,60860.00K,71.25,22.25,176.13B,No,38.9,41.4,36.74,41.15,35.43,500
1285,WORTHPERI.NS,157.13,155.17,33.67K,Process Industries,Containers/Packaging,64.0,86.0,71.0,60.0,8.3864,8.25,17.79K,42.87K,169.8,109.0,2.47B,No,147.83,138.13,138.61,140.84,136.22,498
1286,ANG.BO,30.6,31.66,0.80K,Health Technology,Pharmaceuticals: Major,64.0,9.0,70.0,69.0,1.7521,1.73,10.00K,2.52K,49.69,17.63,399.58M,No,34.17,33.76,28.58,34.0,28.23,497
1287,JKIPL.NS,99.95,97.21,41.02K,Distribution Services,Wholesale Distributors,64.0,59.0,72.0,82.0,5.1129,5.055,29.02K,11.57K,126.95,45.4,3.84B,No,97.52,101.05,89.55,100.66,82.86,215
1288,KAKA.BO,219.0,230.3,9.00K,Producer Manufacturing,Miscellaneous Manufacturing,63.0,53.0,86.0,62.0,9.025,8.075,13.74K,7.85K,247.0,139.0,2.99B,No,214.13,203.18,196.96,206.48,187.28,497
1289,HALDER.NS,275.08,265.04,36.58K,Distribution Services,Food Distributors,63.0,85.0,78.0,40.0,13.5007,13.3407,20.41K,27.86K,294.0,210.0,3.42B,No,245.53,239.71,,243.84,248.35,141
1290,BIOCON.NS,427.4,426.0,3789.89K,Health Technology,Pharmaceuticals: Major,63.0,69.0,72.0,62.0,8.5143,8.4143,5086.73K,4170.44K,447.15,337.05,,No,431.45,422.68,394.11,424.62,395.74,500
1291,LIKHITHA.NS,227.33,243.59,95.97K,Industrial Services,Engineering & Construction,63.0,27.0,62.0,81.0,13.4364,13.1793,45.50K,40.57K,272.0,131.45,8.97B,No,229.54,237.79,201.0,237.39,201.36,499
1292,STLNETWORK.NS,26.17,26.15,921.93K,Communications,Major Telecommunications,63.0,61.0,44.0,72.0,1.0057,0.9793,1094.06K,687.92K,35.4,15.75,12.77B,No,24.75,26.09,23.81,26.01,23.86,235
1293,ANDREWYU.BO,27.16,27.31,85.28K,Producer Manufacturing,Industrial Machinery,63.0,78.0,52.0,72.0,1.7629,1.7621,247.75K,286.20K,32.75,15.5,13.28B,No,26.77,26.24,23.62,26.36,23.33,497
1294,GIPCL.NS,174.05,164.64,8113.55K,Utilities,Electric Utilities,63.0,71.0,70.0,73.0,4.5764,3.8429,375.77K,273.46K,202.05,119.9,27.02B,No,161.95,162.12,153.64,162.04,150.41,500
1295,GANGAPA.BO,94.0,98.2,0.33K,Process Industries,Pulp & Paper,63.0,86.0,80.0,61.0,1.7993,1.0371,0.09K,0.03K,104.9,61.93,1.01B,No,95.4,79.92,80.33,82.12,78.38,499
1296,EMKAY.NS,246.85,238.99,48.46K,Finance,Investment Managers,63.0,20.0,66.0,55.0,12.2164,11.6314,126.98K,28.44K,409.9,186.0,6.82B,No,241.69,262.67,255.49,260.78,241.09,499
1297,METSL.BO,150.4,145.85,6.01K,Electronic Technology,Semiconductors,63.0,82.0,60.0,71.0,9.0143,8.7857,4.45K,3.39K,167.0,106.5,828.74M,No,148.99,142.74,134.62,143.63,137.68,496
1298,PAR.NS,103.14,100.4,16.12K,Process Industries,Chemicals: Specialty,63.0,84.0,68.0,61.0,5.0543,4.7421,21.22K,11.69K,122.43,78.05,1.27B,No,99.08,93.9,93.66,95.21,91.97,497
1299,RAMANEWS.NS,33.47,33.36,19.12K,Process Industries,Pulp & Paper,63.0,84.0,60.0,56.0,1.8779,1.8693,32.93K,93.47K,42.0,27.05,5.04B,No,30.45,29.7,30.88,29.85,31.25,497
1300,MAHLIFE.NS,382.85,382.65,69.60K,Finance,Real Estate Development,63.0,64.0,75.0,41.0,10.7607,10.7607,239.96K,155.30K,427.05,286.8,81.77B,No,382.46,366.29,364.87,370.11,351.82,500
1301,SAVERA.BO,167.0,162.05,6.05K,Consumer Services,Hotels/Resorts/Cruise Lines,63.0,70.0,57.0,59.0,9.5107,9.3464,3.81K,1.11K,189.9,133.0,1.99B,No,163.77,159.81,154.88,160.43,158.19,497
1302,PNB.NS,118.98,114.03,51232.09K,Finance,Major Banks,63.0,84.0,70.0,36.0,1.9671,1.9364,19437.43K,10906.02K,135.15,98.5,1367.43B,No,112.05,108.83,115.26,109.69,112.29,500
1303,INDCTST.BO,60.0,63.0,1.05K,Producer Manufacturing,Trucks/Construction/Farm Machinery,63.0,83.0,82.0,68.0,3.345,2.8964,0.81K,0.84K,76.16,43.55,241.04M,No,52.78,53.84,52.45,54.89,52.37,497
1304,YURANUS.BO,112.15,118.05,0.00K,Finance,Real Estate Development,63.0,77.0,27.0,5.0,5.7107,3.7679,2.20K,5.67K,165.0,58.61,392.52M,No,101.77,108.07,126.8,107.54,129.87,496
1305,HALEOSLABS.NS,1451.4,1444.7,0.76K,Health Technology,Biotechnology,63.0,22.0,24.0,61.0,71.4929,70.5857,1.65K,0.77K,1774.0,1067.0,4.39B,No,1520.51,1493.49,1369.83,1501.83,1401.63,498
1306,KALYANIFRG.NS,694.4,626.7,68.98K,Producer Manufacturing,Auto Parts: Oem,63.0,78.0,71.0,60.0,30.275,27.6929,1.33K,1.85K,849.65,523.6,2.53B,No,614.19,612.36,621.93,619.93,610.44,499
1307,ACKNIT.BO,303.75,300.15,0.68K,Consumer Non-Durables,Apparel/Footwear,63.0,64.0,58.0,70.0,13.8964,13.0893,1.81K,0.42K,340.0,224.95,923.40M,No,309.51,300.14,280.55,301.54,284.56,497
1308,DRAGARWQ.NS,5311.5,5314.5,2.94K,Health Services,Medical/Nursing Services,63.0,69.0,59.0,,164.9286,164.1071,1.04K,1.77K,6059.7,4600.0,,No,5100.57,5048.8,,5059.95,,80
1309,BAJAJFINSV.NS,2020.5,2032.0,570.97K,Finance,Life/Health Insurance,63.0,71.0,70.0,47.0,48.8857,43.1857,1268.14K,1940.39K,2195.0,1597.0,3233.29B,No,1962.84,1857.46,1910.67,1882.39,1848.09,500
1310,INDIGO.NS,5333.0,5284.0,215.88K,Transportation,Airlines,63.0,57.0,78.0,60.0,126.2857,107.6786,1109.96K,612.50K,6232.5,3895.2,2062.09B,No,5255.6,5127.78,4927.11,5199.02,4732.98,499
1311,SHANMUGA.BO,44.5,44.5,2.00K,Health Services,Hospital/Nursing Management,63.0,85.0,75.0,54.0,1.4207,1.1064,10.32K,6.00K,56.76,34.0,605.78M,No,44.79,40.51,41.63,41.36,39.97,363
1312,GOLDTECH.NS,53.41,52.83,14.28K,Technology Services,Information Technology Services,63.0,17.0,83.0,69.0,2.6979,2.6857,96.44K,17.60K,76.9,29.68,2.80B,No,55.63,52.99,47.73,54.06,45.22,499
1313,SRM.NS,516.7,512.8,82.29K,Industrial Services,Engineering & Construction,63.0,73.0,53.0,66.0,15.975,15.9429,162.74K,81.63K,649.95,361.35,11.86B,No,507.32,501.29,495.26,502.3,470.89,499
1314,SHAREINDIA.NS,165.72,167.56,182.21K,Finance,Investment Banks/Brokers,63.0,19.0,72.0,68.0,6.6493,6.5543,3244.39K,565.76K,211.0,115.36,36.26B,No,178.05,158.5,152.65,160.99,145.95,500
1315,FUTSOL.BO,45.5,43.8,0.25K,Commercial Services,Miscellaneous Commercial Services,63.0,68.0,83.0,46.0,1.6743,1.1021,0.06K,0.21K,61.95,33.25,476.54M,No,44.43,46.52,44.56,45.62,42.71,497
1316,INFINITY.BO,399.0,402.85,6.00K,Technology Services,Packaged Software,63.0,65.0,62.0,40.0,12.3786,10.9714,2.38K,1.12K,483.85,294.0,2.18B,No,382.12,385.97,380.23,391.74,380.25,211
1317,WIPL.NS,167.9,168.5,0.88K,Non-Energy Minerals,Forest Products,63.0,37.0,62.0,59.0,5.9007,5.7886,3.47K,2.17K,193.2,133.1,1.43B,No,167.85,166.08,156.81,167.64,157.3,498
1318,UGARSUGAR.NS,44.15,45.51,219.00K,Process Industries,Agricultural Commodities/Milling,63.0,78.0,54.0,64.0,2.3743,2.3193,183.41K,367.32K,48.85,33.75,4.97B,No,42.05,40.88,40.39,40.8,39.92,500
1319,SEIL.NS,205.07,207.95,297.60K,Commercial Services,Miscellaneous Commercial Services,63.0,19.0,45.0,,7.5329,7.4993,487.61K,258.13K,239.96,172.9,,No,205.43,207.28,,208.8,,79
1320,PREMIERENE.NS,1026.1,1050.0,593.50K,Electronic Technology,Semiconductors,63.0,23.0,55.0,80.0,30.2643,26.0286,1577.39K,1155.90K,1134.0,660.0,463.23B,No,1043.2,1054.81,938.34,1049.03,942.75,484
1321,EASTINDIA.BO,115.15,110.35,12.91K,Process Industries,Containers/Packaging,63.0,88.0,72.0,63.0,6.0029,5.8486,2.40K,3.06K,148.0,85.15,1.70B,No,101.78,101.62,104.81,103.33,105.43,497
1322,YESBANK.NS,22.98,22.75,68213.05K,Finance,Major Banks,63.0,35.0,52.0,52.0,0.2907,0.2907,100672.31K,41894.62K,25.78,17.2,721.29B,No,22.96,23.6,21.88,23.66,21.62,500
1323,PATELCHEM.BO,92.9,92.11,28.80K,Process Industries,Chemicals: Major Diversified,63.0,34.0,60.0,76.0,1.3664,1.0121,25.50K,8.80K,120.89,56.1,2.31B,No,92.49,92.07,83.17,92.22,81.53,254
1324,ORISSAMINE.NS,4839.4,4504.7998,596.63K,Non-Energy Minerals,Steel,63.0,93.0,72.0,56.0,242.2215,219.2286,11.79K,33.66K,6138.9,3100.5,29.04B,No,4046.36,3995.02,4306.59,4045.49,4026.91,500
1325,ALTIUSINVIT.BO,171.5,172.5,325.00K,Miscellaneous,Investment Trusts,62.0,56.0,55.0,54.0,0.9893,0.5936,4167.74K,127.50K,173.0,142.0,522.63B,No,170.96,169.89,160.32,170.11,164.15,498
1326,EDELWEISS.NS,118.9,119.08,1403.28K,Finance,Investment Banks/Brokers,62.0,52.0,40.0,61.0,3.8393,3.7793,3836.97K,3527.91K,133.9,92.61,112.54B,No,117.79,118.65,113.56,119.03,114.7,500
1327,RIR.NS,176.8,176.13,673.71K,Electronic Technology,Semiconductors,62.0,,,,6.9521,6.4471,198.99K,287.58K,185.99,154.3,,No,,,,,,19
1328,ARVEE.NS,177.24,176.76,17.40K,Process Industries,Chemicals: Specialty,62.0,78.0,62.0,60.0,11.2014,10.9386,2.40K,1.25K,290.78,129.11,1.95B,No,158.66,162.13,167.8,162.98,159.91,498
1329,LABELKRAFT.BO,62.0,62.0,4.00K,Distribution Services,Electronics Distributors,62.0,59.0,64.0,79.0,0.4443,0.1386,0.98K,1.60K,66.5,45.6,201.13M,No,62.15,61.47,55.54,61.3,58.21,496
1330,RHETAN.NS,26.17,27.01,11995.38K,Non-Energy Minerals,Steel,62.0,39.0,46.0,44.0,1.7043,1.3736,8455.96K,14040.85K,34.87,20.32,20.85B,No,29.91,28.9,26.29,28.59,27.33,218
1331,NORTHARC.NS,284.2,282.3,404.81K,Finance,Finance/Rental/Leasing,62.0,18.0,49.0,64.0,10.1964,10.1107,757.86K,812.07K,334.0,206.0,45.94B,No,293.18,296.46,267.01,295.25,268.85,469
1332,BERLDRG.BO,23.37,24.0,3.23K,Health Technology,Pharmaceuticals: Other,62.0,58.0,73.0,50.0,1.9429,1.8493,2.26K,2.18K,30.0,15.92,118.53M,No,22.16,22.51,22.11,22.57,21.76,497
1333,JUSTDIAL.NS,687.45,694.95,159.60K,Technology Services,Internet Software/Services,62.0,92.0,85.0,49.0,26.7822,26.6536,1791.81K,418.74K,878.6,480.5,58.47B,No,720.95,625.87,631.83,631.34,583.53,500
1334,BANKA.NS,84.64,80.61,7.28K,Industrial Services,Environmental Services,62.0,13.0,53.0,80.0,4.3236,4.0664,4.95K,2.18K,97.88,41.0,920.39M,No,88.23,89.86,74.32,89.51,74.34,498
1335,HARIOMPIPE.NS,392.7,392.65,112.11K,Non-Energy Minerals,Steel,62.0,59.0,76.0,37.0,11.0,10.8107,436.81K,105.96K,572.2,268.05,12.16B,No,395.11,400.55,371.74,398.56,365.44,500
1336,GPTHEALTH.NS,157.28,160.51,71.28K,Health Services,Hospital/Nursing Management,62.0,45.0,67.0,70.0,6.6943,6.6593,171.27K,319.65K,175.0,115.0,12.91B,No,160.27,154.57,140.47,155.98,140.31,498
1337,SARLAPOLY.NS,100.44,100.89,34.73K,Process Industries,Textiles,62.0,39.0,66.0,59.0,3.5814,3.5671,112.26K,77.70K,114.0,68.4,7.99B,No,100.53,100.36,90.56,100.14,90.89,500
1338,GODREJPROP.NS,2015.0,2037.9,466.88K,Finance,Real Estate Development,62.0,45.0,65.0,74.0,70.0714,68.0,720.60K,705.99K,2352.0,1434.0,606.97B,No,2087.48,1954.71,1883.13,1978.88,1788.3,500
1339,PLAZACABLE.NS,51.15,48.72,75.64K,Producer Manufacturing,Electrical Products,62.0,83.0,16.0,75.0,2.005,1.9921,26.90K,24.16K,65.0,27.0,2.24B,No,44.49,45.73,42.34,45.8,42.21,498
1340,BALKRISIND.NS,2496.9,2498.8999,156.97K,Consumer Durables,Automotive Aftermarket,62.0,82.0,69.0,53.0,101.2286,89.8714,315.21K,958.44K,2775.0,1970.0,482.69B,No,2259.06,2213.93,2291.78,2247.92,2271.28,499
1341,APLAPOLLO.NS,1997.1,2012.7,713.49K,Non-Energy Minerals,Steel,62.0,80.0,57.0,33.0,53.8714,53.4214,668.49K,928.23K,2301.4,1578.0,554.51B,No,1886.61,1842.7,1914.15,1851.14,1960.68,500
1342,HBESD.NS,74.99,75.79,1.91K,Consumer Services,Hotels/Resorts/Cruise Lines,62.0,52.0,39.0,,3.8464,3.7929,3.16K,3.12K,95.9,61.05,,No,75.72,75.67,,76.1,,80
1343,ASIANPAINT.NS,2740.0,2735.5,648.16K,Process Industries,Industrial Specialties,62.0,58.0,62.0,60.0,62.9357,58.7928,1256.76K,1375.65K,2985.7,2115.0,2626.69B,No,2725.29,2706.79,2604.37,2709.03,2526.67,500
1344,NITIRAJ.NS,208.5,209.51,1.92K,Electronic Technology,Electronic Equipment/Instruments,62.0,83.0,54.0,63.0,11.2621,11.2621,6.96K,3.21K,236.98,168.0,2.14B,No,214.56,198.27,196.68,201.03,201.14,497
1345,MINDSPACE.BO,494.56,495.94,8.69K,Finance,Real Estate Investment Trusts,62.0,55.0,64.0,42.0,5.2729,5.1421,12.78K,9.51K,525.5,414.97,327.40B,No,494.12,480.1,473.82,482.53,474.84,496
1346,GLOBALLOG.BO,110.7,116.5,6.40K,Transportation,Air Freight/Couriers,62.0,4.0,46.0,9.0,4.2786,2.3429,31.51K,3.84K,172.91,79.2,1.60B,No,125.29,136.26,,132.67,127.94,158
1347,BERGEPAINT.NS,559.8,534.95,1846.89K,Process Industries,Industrial Specialties,62.0,81.0,66.0,67.0,17.0179,16.7036,725.35K,533.09K,594.55,391.1,652.73B,No,517.64,515.18,502.23,522.37,484.53,500
1348,OMFREIGHT.NS,95.89,94.24,22.55K,Transportation,Air Freight/Couriers,62.0,52.0,66.0,48.0,4.3007,4.2929,72.21K,10.88K,114.33,58.95,3.23B,No,91.37,90.45,87.71,91.08,85.36,210
1349,ICICIBANK.NS,1431.7,1429.6,8201.43K,Finance,Regional Banks,62.0,63.0,73.0,49.0,22.7429,22.1786,14715.45K,11721.06K,1480.0,1187.6,10269.98B,No,1440.7,1390.45,1350.33,1405.27,1338.63,500
1350,METROPOLIS.NS,552.4,566.25,365.20K,Health Services,Medical/Nursing Services,62.0,42.0,52.0,62.0,19.6036,19.0964,310.13K,253.61K,609.05,412.25,114.56B,No,573.11,555.75,500.8,556.71,505.87,499
1351,LASERPOWER.NS,281.55,289.05,1178.89K,Producer Manufacturing,Electrical Products,62.0,,,,18.5336,18.305,5995.05K,2832.15K,317.0,250.0,39.52B,No,290.18,,,,,20
1352,ACROW.BO,833.85,799.05,0.21K,Producer Manufacturing,Industrial Machinery,62.0,30.0,40.0,73.0,12.7607,5.7893,0.06K,0.02K,918.0,586.15,533.66M,No,866.06,872.42,767.9,863.64,793.11,497
1353,KOTHARIPET.NS,150.63,145.65,171.77K,Process Industries,Chemicals: Specialty,62.0,83.0,65.0,74.0,7.0664,7.0271,118.07K,172.75K,174.0,94.75,8.86B,No,138.52,130.1,127.11,132.92,125.05,498
1354,SWELECTES.NS,690.5,688.95,37.27K,Producer Manufacturing,Electrical Products,62.0,75.0,54.0,76.0,21.2786,21.0929,26.78K,24.50K,977.0,483.1,10.73B,No,629.25,632.4,625.26,636.97,599.0,498
1355,FAIRCHEMOR.NS,730.3,745.2,20.02K,Process Industries,Chemicals: Specialty,62.0,54.0,78.0,62.0,26.0929,19.8,28.14K,26.86K,858.0,428.05,9.20B,No,765.59,694.95,645.28,701.44,619.42,498
1356,BOROSCI.NS,133.4,135.85,80.85K,Process Industries,Containers/Packaging,62.0,5.0,69.0,72.0,5.8736,5.8343,282.10K,153.05K,180.8,96.64,11.87B,No,150.62,155.19,127.88,153.29,128.45,499
1357,NUKLEUS.BO,210.0,210.0,1.80K,Finance,Real Estate Development,62.0,32.0,51.0,46.0,2.9643,1.8321,2.65K,4.02K,239.9,143.1,846.72M,No,213.64,216.5,200.71,216.1,207.6,356
1358,VIKRAMAR.BO,80.18,82.88,2.67K,Process Industries,Chemicals: Specialty,62.0,84.0,83.0,66.0,5.2743,5.21,2.27K,1.96K,116.25,53.11,251.43M,No,72.01,70.05,68.86,70.64,67.0,355
1359,INDIAGLYCO.NS,1049.4,1073.1,103.66K,Process Industries,Chemicals: Specialty,62.0,51.0,30.0,68.0,40.2107,40.0036,136.06K,123.22K,1222.0,792.5,70.34B,No,1140.16,1059.55,997.81,1070.09,983.76,500
1360,JAYANT.BO,73.86,73.86,6.75K,Industrial Services,Engineering & Construction,62.0,54.0,83.0,57.0,3.015,2.1736,12.49K,10.35K,110.74,43.97,763.47M,No,73.94,72.1,69.55,74.05,65.21,497
1361,VETO.NS,120.46,121.68,19.17K,Producer Manufacturing,Electrical Products,62.0,45.0,62.0,68.0,3.9271,3.9271,102.47K,11.69K,153.95,82.32,2.30B,No,123.03,128.43,112.89,126.82,112.59,500
1362,HINDZINC.NS,584.6,586.65,7582.90K,Non-Energy Minerals,Other Metals/Minerals,61.0,78.0,32.0,32.0,16.0321,15.475,4408.71K,5478.85K,733.0,418.0,2470.12B,No,551.52,548.21,570.93,549.21,577.98,500
1363,ALKYLAMINE.NS,1889.8,1947.4,48.73K,Process Industries,Chemicals: Specialty,61.0,33.0,69.0,68.0,70.6857,69.5,253.45K,231.14K,2201.9,1212.0,96.66B,No,1854.33,1832.68,1642.45,1843.46,1619.72,500
1364,CHEMBOND.NS,179.49,178.32,5.15K,Process Industries,Chemicals: Major Diversified,61.0,47.0,37.0,71.0,8.3336,8.065,6.86K,3.65K,209.99,105.15,2.41B,No,176.39,175.59,161.21,175.18,159.18,499
1365,GEOJITFSL.NS,77.7,76.78,412.53K,Finance,Investment Banks/Brokers,61.0,40.0,67.0,57.0,3.0236,2.9721,390.74K,255.94K,85.39,50.86,21.69B,No,78.01,77.9,71.27,77.98,70.26,499
1366,VALIANTORG.NS,325.3,309.85,165.66K,Process Industries,Chemicals: Specialty,61.0,87.0,67.0,78.0,12.9429,12.6214,54.00K,16.78K,397.0,195.0,9.12B,No,277.71,280.09,268.47,282.86,266.46,498
1367,SAMBHV.NS,118.45,118.62,592.88K,Non-Energy Minerals,Steel,61.0,59.0,33.0,76.0,5.2914,4.9421,1414.32K,2450.72K,141.32,81.42,34.90B,No,119.06,113.81,105.62,114.83,107.38,276
1368,WINDLAS.NS,894.7,943.1,157.34K,Health Technology,Pharmaceuticals: Major,61.0,74.0,67.0,47.0,38.5786,38.2821,53.38K,36.37K,1097.9,697.4,18.46B,No,866.97,850.1,816.5,853.86,817.04,499
1369,DENTA.NS,323.1,332.55,146.16K,Industrial Services,Engineering & Construction,61.0,39.0,68.0,71.0,15.0571,15.0571,530.10K,396.16K,479.6,222.0,8.63B,No,339.46,317.8,304.74,324.32,282.67,383
1370,PGHL.NS,5950.5,6031.5,5.27K,Health Technology,Pharmaceuticals: Major,61.0,12.0,70.0,60.0,196.2857,194.8571,27.77K,26.73K,6975.0,4707.0,98.77B,No,6523.43,6408.55,5672.27,6406.2,5595.95,497
1371,AVANTEL.NS,158.23,160.27,617.54K,Electronic Technology,Telecommunications Equipment,61.0,9.0,43.0,43.0,3.5657,3.5321,2745.82K,689.74K,215.0,117.05,42.04B,No,164.41,170.27,156.78,169.36,156.01,499
1372,MACIND.BO,335.15,319.2,0.09K,Process Industries,Chemicals: Agricultural,61.0,73.0,65.0,77.0,11.975,10.925,0.12K,0.07K,409.0,221.2,248.30M,No,334.76,335.06,306.33,336.66,322.77,496
1373,THAKDEV.NS,143.8,142.46,2.28K,Consumer Durables,Homebuilding,61.0,88.0,,,13.31,12.2743,0.27K,0.51K,163.01,115.1,,No,143.68,136.12,,135.14,,63
1374,TERASOFT.NS,370.65,415.95,126.60K,Technology Services,Information Technology Services,61.0,37.0,64.0,23.0,24.8714,23.7321,24.39K,24.14K,598.0,283.35,4.64B,No,396.57,407.54,405.88,400.02,374.13,499
1375,FEDFINA.NS,151.84,154.63,877.44K,Finance,Finance/Rental/Leasing,61.0,40.0,58.0,54.0,4.1507,4.1364,1599.49K,1042.33K,178.48,119.07,56.93B,No,153.08,153.87,147.1,153.24,146.55,500
1376,ALGOQUANT.NS,67.28,67.44,971.65K,Finance,Investment Banks/Brokers,61.0,86.0,76.0,57.0,2.7186,2.7186,1371.78K,1186.10K,71.01,47.8,18.91B,No,67.04,61.11,,62.48,58.81,150
1377,JKPAPER.NS,388.9,390.65,376.00K,Process Industries,Pulp & Paper,61.0,76.0,57.0,66.0,12.775,12.5857,601.58K,564.32K,444.8,304.85,70.51B,No,386.92,366.72,359.86,369.7,356.59,499
1378,MAGADSUGAR.NS,520.35,525.75,11.81K,Process Industries,Agricultural Commodities/Milling,61.0,61.0,55.0,69.0,26.2393,26.1679,25.73K,83.82K,609.95,417.0,7.33B,No,509.1,484.53,482.1,487.02,474.03,498
1379,KKCL.NS,523.6,532.6,16.97K,Consumer Non-Durables,Apparel/Footwear,61.0,69.0,65.0,61.0,20.2,20.075,50.15K,106.14K,595.0,408.35,32.27B,No,511.41,493.81,484.42,497.53,477.22,498
1380,GREAVESCOT.NS,193.76,197.78,1210.47K,Producer Manufacturing,Trucks/Construction/Farm Machinery,61.0,3.0,73.0,65.0,10.9379,10.765,2599.09K,3065.68K,271.9,119.99,45.14B,No,226.64,218.33,184.35,221.43,179.38,500
1381,SHOPERSTOP.NS,423.9,427.7,38.35K,Retail Trade,Department Stores,61.0,92.0,79.0,63.0,16.5607,16.5071,152.59K,60.95K,572.0,275.95,46.72B,No,399.02,375.9,370.19,381.34,345.88,500
1382,SHREEPUSHK.NS,400.9,413.6,35.15K,Process Industries,Chemicals: Specialty,61.0,19.0,46.0,65.0,14.6821,14.6536,61.98K,26.13K,476.0,272.45,12.96B,No,402.63,396.69,368.5,398.74,362.42,500
1383,JINDRILL.NS,595.65,592.25,108.38K,Industrial Services,Contract Drilling,61.0,30.0,70.0,75.0,22.4107,22.0786,2698.27K,313.48K,693.5,440.1,17.26B,No,602.31,592.74,550.32,593.13,547.15,500
1384,MEDICO.NS,47.45,45.25,525.02K,Health Technology,Pharmaceuticals: Major,61.0,90.0,73.0,36.0,3.3957,3.395,314.92K,656.77K,56.88,30.22,3.94B,No,43.34,42.29,45.33,42.53,43.18,498
1385,REGAAL.NS,87.69,86.54,219.21K,Process Industries,Agricultural Commodities/Milling,61.0,72.0,31.0,85.0,3.7521,3.5807,124.59K,144.16K,145.7,57.27,9.03B,No,82.04,81.35,77.14,81.26,76.96,243
1386,PSPLATINA.BO,1093000.0,1093000.0,0.00K,Miscellaneous,Investment Trusts,61.0,61.0,59.0,50.0,5214.2857,892.8571,,,1100000.0,980000.0,3.67B,No,1084600.0,1069010.02,1041717.87,1071450.0,1053389.97,413
1387,ACCORDTS.BO,61.91,62.99,78.00K,Producer Manufacturing,Electrical Products,61.0,87.0,25.0,,3.6279,3.2279,126.53K,194.10K,80.01,45.0,1.27B,No,59.17,57.96,,57.77,,110
1388,ORIENTLTD.NS,76.0,78.02,1.01K,Process Industries,Containers/Packaging,61.0,80.0,75.0,72.0,5.7821,5.3721,18.74K,14.90K,102.3,53.72,760.00M,No,78.2,71.25,70.13,73.46,66.31,498
1389,TRITURBINE.NS,586.75,600.35,525.83K,Producer Manufacturing,Industrial Machinery,61.0,30.0,48.0,63.0,20.4964,18.4072,2027.29K,1013.00K,787.6,428.35,186.52B,No,616.35,643.69,558.2,632.88,567.51,500
1390,CINELINE.NS,89.34,88.03,23.20K,Consumer Services,Movies/Entertainment,61.0,80.0,62.0,47.0,4.0143,3.9579,21.87K,30.36K,97.5,73.35,3.06B,No,84.12,81.25,84.29,82.71,83.9,499
1391,UTTAMSUGAR.NS,253.53,252.88,74.21K,Process Industries,Agricultural Commodities/Milling,61.0,75.0,52.0,65.0,9.4779,9.1414,109.47K,211.19K,299.0,181.1,9.67B,No,238.67,236.1,234.35,235.87,231.23,500
1392,COCHINM.BO,298.25,297.1,7.08K,Non-Energy Minerals,Other Metals/Minerals,61.0,90.0,60.0,50.0,15.2429,11.925,9.27K,32.37K,330.0,197.1,2.34B,No,262.68,254.04,260.72,257.31,256.43,497
1393,KABRADG.BO,25.02,23.68,219.79K,Health Technology,Pharmaceuticals: Generic,61.0,84.0,36.0,19.0,1.625,1.5893,103.39K,63.32K,35.52,15.5,593.17M,No,23.56,23.31,26.19,23.64,26.25,497
1394,TVSSRICHAK.NS,3868.2,3944.7,3.07K,Consumer Durables,Automotive Aftermarket,61.0,20.0,48.0,36.0,94.0714,93.55,5.59K,2.67K,4775.8,2780.1,29.62B,No,3983.99,4060.75,4030.49,4047.49,3900.22,499
1395,21STCENMGM.NS,42.36,42.31,34.77K,Finance,Investment Banks/Brokers,61.0,95.0,82.0,57.0,1.1057,0.8686,4.78K,12.34K,57.98,28.25,444.78M,No,39.01,35.0,37.86,35.84,34.88,498
1396,VOGL.NS,38.4,39.67,71759.76K,Energy Minerals,Oil & Gas Production,61.0,54.0,,,2.5129,2.5129,82958.21K,83967.51K,47.6,30.42,149.92B,No,35.74,,,,,43
1397,CEATLTD.NS,3723.1,3750.2,60.64K,Consumer Durables,Automotive Aftermarket,60.0,28.0,71.0,39.0,90.7429,85.8642,162.15K,122.00K,4438.0,3000.5,150.60B,No,3545.74,3535.44,3640.22,3569.49,3539.57,500
1398,LINCOLN.NS,592.85,596.5,30.06K,Health Technology,Pharmaceuticals: Major,60.0,34.0,23.0,73.0,18.7214,18.2286,68.00K,24.52K,770.0,440.0,11.87B,No,591.64,609.25,573.25,606.02,602.51,497
1399,VARDHACRLC.NS,44.63,44.11,37.58K,Consumer Non-Durables,Apparel/Footwear,60.0,59.0,66.0,68.0,1.8386,1.8343,50.47K,69.97K,48.77,27.01,3.59B,No,44.4,44.41,39.52,44.06,39.47,500
1400,ASSAMENT.BO,798.95,715.85,0.00K,Finance,Investment Banks/Brokers,60.0,87.0,56.0,35.0,14.1821,2.9321,0.01K,0.01K,968.0,485.05,1.15B,No,674.06,652.59,756.19,666.29,757.42,496
1401,IFBIND.NS,1357.7,1375.7,30.25K,Consumer Durables,Electronics/Appliances,60.0,69.0,75.0,70.0,50.9357,50.25,167.68K,92.79K,2019.8,883.2,55.01B,No,1352.88,1313.29,1323.46,1322.21,1187.32,500
1402,PRIMEPRO.BO,27.35,28.52,0.30K,Finance,Real Estate Development,60.0,30.0,84.0,43.0,1.4671,1.295,6.50K,1.64K,36.59,15.35,464.16M,No,27.71,29.57,25.94,29.09,24.9,496
1403,JAGSNPHARM.NS,225.47,230.99,153.44K,Health Technology,Pharmaceuticals: Generic,60.0,35.0,59.0,77.0,10.8414,10.7307,510.45K,1540.28K,264.5,155.0,14.87B,No,228.84,224.45,201.43,224.97,200.5,500
1404,PERSISTENT.NS,5474.0,5536.0,346.91K,Technology Services,Information Technology Services,60.0,82.0,65.0,23.0,162.3,152.1786,776.16K,691.46K,6599.0,4244.5,855.21B,No,5336.75,5050.25,5472.41,5106.62,5137.08,499
1405,PPEL.BO,524.5,499.55,585.20K,Producer Manufacturing,Metal Fabrication,60.0,,,,,,885.36K,885.36K,524.5,447.0,10.46B,No,,,,,,7
1406,NAHARINDUS.NS,119.95,128.85,88.51K,Process Industries,Textiles,60.0,61.0,52.0,70.0,5.8486,5.705,19.41K,33.47K,135.45,83.05,5.18B,No,118.99,118.25,109.04,118.72,108.69,498
1407,NIVABUPA.NS,84.09,85.47,552.88K,Finance,Life/Health Insurance,60.0,39.0,58.0,49.0,1.9714,1.965,1935.62K,2632.53K,91.4,67.5,155.50B,No,86.26,85.52,78.71,85.77,79.94,432
1408,MITCON.NS,77.0,77.0,5.41K,Commercial Services,Miscellaneous Commercial Services,60.0,56.0,31.0,74.0,4.2529,4.0321,6.47K,2.18K,91.7,49.56,1.36B,No,75.3,78.53,70.27,77.2,70.66,497
1409,ESABINDIA.NS,6023.0,5820.5,66.50K,Producer Manufacturing,Electrical Products,60.0,70.0,21.0,52.0,144.6786,135.3571,3.75K,2.41K,7319.5,4710.0,92.71B,No,5699.95,5723.37,5753.57,5748.1,5788.43,498
1410,EVERESTIND.NS,472.4,470.9,13.50K,Distribution Services,Wholesale Distributors,60.0,40.0,76.0,60.0,24.2214,23.25,41.13K,18.83K,750.0,284.9,7.49B,No,486.21,451.49,445.79,455.5,406.99,498
1411,GMDCLTD.NS,603.2,603.0,2550.89K,Distribution Services,Wholesale Distributors,60.0,60.0,23.0,47.0,18.6357,18.1286,1635.62K,1804.37K,771.9,400.0,191.82B,No,575.57,593.08,591.32,589.86,605.54,500
1412,WALCHPF.BO,142.7,145.9,0.82K,Commercial Services,Miscellaneous Commercial Services,60.0,84.0,55.0,63.0,9.8821,8.5857,1.17K,3.81K,173.0,79.05,414.39M,No,135.3,133.84,125.81,135.97,122.84,497
1413,V2RETAIL.NS,219.82,224.32,566.63K,Retail Trade,Apparel/Footwear Retail,60.0,45.0,52.0,55.0,5.4171,5.3843,1345.37K,724.85K,259.25,158.56,80.15B,No,220.74,226.06,217.23,223.12,211.06,500
1414,ICICIAMC.NS,3074.6,3028.5,149.41K,Finance,Investment Managers,60.0,33.0,41.0,47.0,49.95,49.8,464.81K,224.74K,3611.0,2530.0,1519.65B,No,3101.42,3207.72,,3206.08,3139.09,162
1415,KKSHL.BO,43.9,40.0,3.00K,Health Services,Hospital/Nursing Management,60.0,76.0,71.0,62.0,0.3507,0.0,3.15K,2.40K,51.9,29.0,298.90M,No,39.67,41.32,39.66,41.6,39.55,499
1416,TALBROSENG.BO,677.0,676.3,3.49K,Non-Energy Minerals,Steel,60.0,38.0,53.0,59.0,22.5714,22.425,2.91K,4.70K,766.0,538.6,3.44B,No,691.32,693.99,653.17,692.47,665.63,497
1417,BFINVEST.NS,457.0,468.3,38.65K,Finance,Financial Conglomerates,60.0,59.0,58.0,69.0,15.9679,15.5321,166.80K,46.22K,584.7,315.0,17.21B,No,465.3,457.8,422.4,460.61,417.8,499
1418,WARRENTEA.BO,47.24,48.55,2.04K,Process Industries,Agricultural Commodities/Milling,60.0,53.0,81.0,66.0,1.9243,1.8393,7.09K,1.38K,61.0,33.3,564.56M,No,48.07,46.99,43.81,47.1,42.64,497
1419,GAIL.NS,177.95,175.34,8974.25K,Utilities,Gas Distributors,60.0,66.0,64.0,56.0,4.7264,4.6436,10592.06K,16840.11K,186.87,134.36,1170.04B,No,174.33,173.19,167.14,173.94,163.92,500
1420,INDOAMIN.NS,133.14,131.34,68.68K,Process Industries,Chemicals: Major Diversified,60.0,66.0,67.0,66.0,5.0407,4.9736,199.81K,50.52K,167.9,81.9,9.66B,No,128.46,130.89,121.01,131.43,118.43,497
1421,360ONE.NS,1161.0,1168.0,997.50K,Finance,Investment Managers,60.0,68.0,59.0,47.0,32.5929,31.8143,1108.82K,1064.22K,1236.2,906.05,472.40B,No,1138.72,1116.14,1105.47,1124.62,1089.48,499
1422,SHAHALLOYS.NS,71.46,69.7,6.72K,Non-Energy Minerals,Steel,60.0,42.0,50.0,60.0,2.9293,2.9079,11.46K,3.32K,83.85,53.1,1.41B,No,68.78,69.58,68.62,69.67,67.27,497
1423,TIMETECHNO.NS,208.56,207.28,3031.92K,Process Industries,Containers/Packaging,60.0,87.0,71.0,62.0,7.0357,7.0271,3601.79K,3854.16K,249.15,154.0,102.95B,No,207.01,189.41,186.68,192.27,184.25,500
1424,MAZDA.NS,240.54,244.92,18.16K,Producer Manufacturing,Industrial Machinery,60.0,58.0,73.0,70.0,8.3736,8.0564,41.66K,6.41K,308.0,159.2,4.82B,No,225.8,231.56,218.68,230.46,210.92,499
1425,NXST.BO,166.87,168.47,7.06K,Finance,Real Estate Investment Trusts,60.0,54.0,64.0,48.0,2.3857,2.2886,76.19K,66.75K,175.0,143.01,252.81B,No,167.16,162.48,159.9,163.51,158.96,496
1426,BNRUDY.BO,39.85,36.45,0.92K,Commercial Services,Miscellaneous Commercial Services,60.0,78.0,85.0,53.0,4.3893,3.9264,0.79K,1.39K,62.5,28.0,119.55M,No,35.86,34.65,37.2,35.25,34.16,497
1427,SELECTRIC.BO,2359.85,2482.25,22.70K,Electronic Technology,Electronic Production Equipment,60.0,,,,154.9857,144.7928,22.13K,13.12K,2578.15,2172.0,28.54B,No,,,,,,17
1428,BAGMANE.BO,109.99,108.73,47.16K,Finance,Real Estate Investment Trusts,60.0,70.0,,,1.1357,1.1221,100.65K,92.75K,110.27,102.0,373.97B,No,105.8,104.25,,104.76,,65
1429,NAPSGLOBAL.BO,48.0,45.75,1.60K,Process Industries,Textiles,60.0,93.0,67.0,58.0,1.6264,0.5943,2.84K,4.48K,59.5,34.6,212.64M,No,40.53,39.44,43.52,40.04,40.64,352
1430,KRISHIVAL.NS,405.7,402.15,18.65K,Process Industries,Agricultural Commodities/Milling,60.0,55.0,69.0,73.0,12.4179,12.2214,12.51K,23.99K,508.0,282.3,10.40B,No,393.25,399.19,381.15,398.94,357.91,499
1431,BHILSPIN.BO,127.2,126.65,2.26K,Process Industries,Textiles,60.0,53.0,70.0,57.0,5.0821,4.8214,4.83K,1.50K,152.95,98.9,1.15B,No,127.81,125.16,115.43,125.94,117.52,497
1432,ADANIPORTS.NS,1665.0,1668.2,1493.88K,Transportation,Other Transportation,60.0,18.0,39.0,65.0,36.4786,36.2286,2209.91K,2836.75K,1891.1,1290.5,3836.09B,No,1742.81,1788.89,1589.37,1780.72,1627.38,500
1433,AXELPOLY.BO,46.1,49.77,2.52K,Process Industries,Industrial Specialties,60.0,64.0,43.0,62.0,5.5743,5.5564,2.30K,3.17K,60.0,36.7,507.15M,No,45.42,44.5,45.47,44.41,44.44,497
1434,SHANTIGOLD.NS,230.2,227.77,1488.30K,Consumer Durables,Other Consumer Specialties,59.0,72.0,54.0,63.0,9.2348,9.0567,1251.90K,781.11K,274.1,155.0,16.61B,No,217.43,219.29,208.94,219.63,208.1,257
1435,AIIL.NS,554.8,573.45,289.36K,Finance,Financial Conglomerates,59.0,76.0,72.0,53.0,21.8321,20.725,879.39K,620.55K,683.0,400.0,471.15B,No,557.29,531.12,521.39,542.35,501.57,500
1436,THEMISMED.NS,108.64,113.11,82.70K,Health Technology,Pharmaceuticals: Major,59.0,21.0,70.0,80.0,5.315,5.2414,295.81K,64.53K,148.0,64.95,10.09B,No,109.84,110.45,99.54,109.97,95.66,500
1437,WEL.NS,135.04,134.5,1436.45K,Electronic Technology,Electronic Equipment/Instruments,59.0,94.0,87.0,40.0,7.925,7.8271,482.47K,1919.99K,183.53,75.01,18.10B,No,115.25,104.73,126.66,108.47,113.88,500
1438,SMRUTHIORG.BO,127.95,125.35,7.62K,Health Technology,Pharmaceuticals: Major,59.0,67.0,63.0,54.0,5.4179,5.2964,3.66K,8.42K,164.0,95.0,1.46B,No,117.43,117.86,118.53,117.68,116.38,497
1439,BCLIND.NS,37.48,37.08,593.30K,Consumer Non-Durables,Food: Major Diversified,59.0,77.0,59.0,79.0,1.23,1.16,2491.20K,783.61K,44.9,25.53,11.06B,No,36.09,35.89,33.06,36.32,32.6,499
1440,BENARAS.BO,10200.0,10244.9004,0.06K,Consumer Services,Hotels/Resorts/Cruise Lines,59.0,40.0,56.0,50.0,142.8142,142.7428,0.51K,0.39K,11001.0,9000.0,13.26B,No,10226.88,10333.3,9782.53,10335.38,9939.56,497
1441,AVIVA.BO,59.74,59.74,0.00K,Process Industries,Industrial Specialties,59.0,36.0,46.0,54.0,0.3536,0.185,0.48K,0.09K,68.34,47.09,1.94B,No,59.48,61.58,58.19,61.25,60.05,496
1442,SAGARSOFT.BO,95.0,94.04,3.05K,Technology Services,Packaged Software,59.0,97.0,85.0,48.0,7.3607,6.7986,2.18K,5.17K,165.9,56.2,607.26M,No,82.32,75.73,87.3,77.84,79.26,496
1443,TARMAT.NS,55.09,56.81,8.38K,Industrial Services,Engineering & Construction,59.0,83.0,59.0,46.0,2.2743,2.2736,10.83K,23.07K,73.9,46.26,1.38B,No,50.78,50.75,52.53,51.0,53.16,499
1444,UVDRHOR.BO,36.78,36.16,7.39K,Producer Manufacturing,Industrial Machinery,59.0,75.0,44.0,27.0,2.465,2.3979,4.14K,4.41K,62.69,27.22,2.54B,No,35.67,36.36,37.89,36.01,38.1,499
1445,KAIRA.BO,1600.0,1600.0,0.03K,Process Industries,Containers/Packaging,59.0,49.0,77.0,62.0,46.5607,33.7643,0.04K,0.03K,1768.8,1120.0,1.48B,No,1619.41,1581.04,1462.18,1605.9,1436.86,499
1446,ALFAICA.BO,87.36,83.37,0.59K,Producer Manufacturing,Miscellaneous Manufacturing,59.0,71.0,72.0,53.0,2.1443,1.5871,0.13K,0.27K,101.4,67.78,352.93M,No,77.08,77.88,79.9,78.65,78.96,497
1447,NSLNISP.NS,44.0,44.15,2802.27K,Non-Energy Minerals,Steel,59.0,60.0,53.0,46.0,0.9979,0.9671,7969.13K,3136.89K,53.75,33.01,128.95B,No,43.22,44.52,42.34,44.08,42.02,500
1448,AMDIND.NS,51.18,51.94,35.09K,Producer Manufacturing,Miscellaneous Manufacturing,59.0,80.0,60.0,67.0,2.7214,2.72,16.21K,9.03K,68.07,33.77,980.95M,No,47.2,46.56,46.63,46.91,44.24,498
1449,MARKOLINES.NS,175.12,176.84,115.55K,Industrial Services,Engineering & Construction,59.0,69.0,67.0,74.0,5.67,5.5221,419.81K,165.49K,191.75,131.65,3.86B,No,175.83,172.89,160.28,173.76,160.62,205
1450,AMPVOLTS.BO,27.16,27.08,16.26K,Technology Services,Information Technology Services,59.0,37.0,3.0,75.0,1.1664,1.1557,14.39K,12.14K,47.4,15.0,706.16M,No,26.73,28.5,26.72,28.13,29.03,497
1451,CENTUPLE.BO,57.03,52.61,38.28K,Distribution Services,Medical Distributors,59.0,97.0,87.0,0.0,4.0307,3.6971,4.43K,2.63K,144.4,28.22,311.86M,No,38.46,38.95,68.6,39.82,55.71,497
1452,NPL.BO,612.05,582.95,4.37K,Process Industries,Chemicals: Specialty,59.0,64.0,37.0,87.0,21.4357,19.8214,1.08K,1.02K,699.0,350.0,3.52B,No,576.98,574.68,505.25,574.5,497.79,496
1453,SECMARK.NS,127.77,125.07,2.69K,Technology Services,Information Technology Services,59.0,57.0,40.0,68.0,5.4743,5.0564,1.74K,2.95K,147.27,95.05,1.40B,No,125.94,126.02,119.13,127.29,119.99,498
1454,KAUSHALYA.NS,934.8,940.0,0.09K,Industrial Services,Engineering & Construction,59.0,7.0,52.0,63.0,36.6143,36.1393,1.14K,0.19K,1841.9,750.0,323.73M,No,916.24,918.85,892.13,915.57,874.05,498
1455,UFLEX.NS,497.75,497.05,72.50K,Process Industries,Containers/Packaging,59.0,84.0,74.0,52.0,14.1643,13.9857,366.98K,87.11K,602.8,330.0,35.94B,No,473.8,446.31,455.59,453.36,437.61,499
1456,DACHEPALLI.BO,82.9,84.5,36.00K,Consumer Services,Publishing: Books/Magazines,59.0,58.0,32.0,68.0,2.9986,2.5879,11.46K,7.68K,96.77,48.1,1.24B,No,79.08,79.34,,79.74,72.26,154
1457,PRERINFRA.BO,26.29,25.31,2.85K,Consumer Durables,Homebuilding,59.0,52.0,74.0,52.0,1.2964,1.2286,16.98K,12.46K,36.98,19.03,949.79M,No,26.18,26.74,26.2,26.88,25.09,496
1458,HECPROJECT.NS,136.01,137.99,5.86K,Industrial Services,Engineering & Construction,59.0,52.0,67.0,69.0,6.52,6.4214,26.67K,9.74K,173.47,92.1,1.47B,No,133.13,130.13,124.91,129.88,122.66,499
1459,CLEDUCATE.NS,60.0,58.18,27.03K,Commercial Services,Miscellaneous Commercial Services,59.0,61.0,93.0,14.0,3.1979,3.1071,34.18K,17.23K,120.8,35.48,3.25B,No,58.07,55.5,62.02,56.09,52.29,498
1460,DEVYANI.NS,140.21,142.79,5819.09K,Consumer Services,Restaurants,59.0,92.0,79.0,67.0,6.6807,6.5714,4105.23K,12985.85K,191.0,91.55,172.87B,No,119.73,115.63,123.64,117.93,116.3,500
1461,JSWSTEEL.NS,1269.1,1283.4,862.43K,Non-Energy Minerals,Steel,59.0,62.0,50.0,49.0,26.2857,26.1572,1728.55K,1619.35K,1335.0,1022.3,3097.85B,No,1271.52,1261.32,1215.26,1260.86,1237.84,500
1462,REMAGNET.BO,3115.85,2967.5,3.62K,Non-Energy Minerals,Precious Metals,59.0,2.0,9.0,1.0,206.975,204.9107,5.16K,4.59K,5900.0,1701.15,40.42B,No,3571.34,3893.68,4092.18,3797.39,4316.58,496
1463,NIACL.NS,181.09,179.37,2559.88K,Finance,Multi-Line Insurance,59.0,42.0,69.0,70.0,6.5893,5.7386,6762.41K,4288.23K,218.0,116.97,298.44B,No,174.43,174.98,161.15,178.93,159.34,500
1464,IRMENERGY.NS,295.15,302.55,128.47K,Energy Minerals,Integrated Oil,59.0,81.0,37.0,73.0,12.575,12.4321,282.92K,262.14K,393.0,165.4,12.12B,No,269.59,267.21,265.0,269.86,253.59,500
1465,SSPRL.BO,133.5,132.3,336.00K,Consumer Services,Movies/Entertainment,59.0,,,,,,417.57K,417.57K,138.9,110.1,,No,,,,,,9
1466,YUKEN.NS,846.2,805.2,37.58K,Producer Manufacturing,Industrial Machinery,59.0,81.0,77.0,52.0,30.4107,30.4107,10.01K,12.70K,1053.9,584.1,11.49B,No,742.88,734.25,771.0,749.49,730.0,499
1467,TEMBO.NS,61.25,61.7,3117.02K,Producer Manufacturing,Metal Fabrication,59.0,74.0,54.0,61.0,3.7454,3.5946,2078.79K,4200.73K,83.7,43.34,9.47B,No,57.33,56.76,59.96,56.51,56.08,500
1468,CITIUSINVT.BO,110.71,110.0,3.37K,Miscellaneous,Investment Trusts,59.0,59.0,62.0,,1.3879,1.3029,174.42K,3.35K,112.77,101.75,67.53B,No,109.83,108.01,,108.26,,75
1469,SPLPETRO.NS,725.65,685.25,502.49K,Process Industries,Industrial Specialties,59.0,52.0,48.0,71.0,23.7464,23.4286,131.15K,218.41K,979.0,462.3,136.45B,No,716.99,718.22,680.08,722.72,698.58,500
1470,UNOMINDA.NS,1232.4,1275.0,520.01K,Producer Manufacturing,Auto Parts: Oem,59.0,71.0,61.0,47.0,31.9714,30.9214,952.61K,1037.77K,1382.0,994.0,711.67B,No,1194.44,1144.47,1171.12,1158.17,1131.25,500
1471,AIRFLOA.BO,335.15,345.15,130.50K,Producer Manufacturing,Trucks/Construction/Farm Machinery,58.0,83.0,48.0,59.0,12.5393,11.8786,92.06K,49.00K,431.95,246.0,8.03B,No,327.08,322.17,321.37,324.31,307.75,221
1472,INDHOTEL.NS,724.0,724.0,1298.13K,Consumer Services,Hotels/Resorts/Cruise Lines,58.0,43.0,65.0,53.0,12.9357,12.7107,2452.05K,1831.82K,811.95,565.0,1030.56B,No,733.68,719.0,688.77,725.47,672.87,500
1473,GRAVITA.NS,1815.1,1784.5,217.43K,Non-Energy Minerals,Other Metals/Minerals,58.0,50.0,58.0,57.0,62.1786,60.95,245.42K,342.92K,1913.6,1266.9,132.21B,No,1733.44,1711.09,1668.06,1733.2,1625.85,500
1474,ASAL.NS,502.95,508.5,19.87K,Producer Manufacturing,Auto Parts: Oem,58.0,45.0,31.0,59.0,18.3821,18.0464,28.56K,17.14K,654.65,374.5,7.98B,No,515.19,512.82,486.38,511.1,479.06,500
1475,TVSHLTD.NS,14532.0,14607.0,3.03K,Producer Manufacturing,Auto Parts: Oem,58.0,64.0,53.0,36.0,355.5714,348.7143,6.72K,7.34K,16297.0,11066.0,294.01B,No,14619.5,14050.04,14313.07,14072.9,14159.4,498
1476,JAGSONSER.BO,58.86,56.46,0.14K,Finance,Regional Banks,58.0,90.0,78.0,42.0,2.2786,1.9679,0.52K,0.52K,83.0,45.0,1.07B,No,56.75,52.55,57.18,52.78,54.44,497
1477,INDOBELL.BO,72.53,69.08,50.25K,Non-Energy Minerals,Construction Materials,58.0,92.0,76.0,74.0,4.2407,3.0857,12.13K,4.72K,130.5,44.75,456.94M,No,72.28,60.87,65.67,64.45,63.14,390
1478,LXCHEM.NS,172.85,174.89,489.94K,Process Industries,Chemicals: Specialty,58.0,81.0,61.0,72.0,7.9629,7.6786,2255.88K,2731.26K,241.0,107.6,47.92B,No,180.91,166.41,156.43,166.02,146.77,500
1479,YATRA.NS,118.99,114.31,8461.89K,Consumer Services,Other Consumer Services,58.0,68.0,68.0,12.0,4.4136,4.3,1502.47K,1430.83K,202.0,89.9,18.67B,No,108.67,108.65,130.46,110.59,114.54,500
1480,GANECOS.NS,1069.6,1049.1,85.20K,Process Industries,Textiles,58.0,23.0,53.0,87.0,54.0357,54.0357,217.31K,169.02K,1479.9,653.55,28.63B,No,1154.4,1044.93,937.77,1059.72,940.12,500
1481,PASHUPATI.NS,83.9,84.15,7.79K,Process Industries,Textiles,58.0,27.0,44.0,47.0,2.0243,2.0243,128.48K,179.78K,118.35,66.4,13.24B,No,85.93,87.17,87.65,86.69,90.42,499
1482,AARTIDRUGS.NS,431.5,439.35,365.44K,Health Technology,Pharmaceuticals: Major,58.0,75.0,70.0,58.0,13.1286,12.9964,177.68K,163.20K,534.55,318.95,39.38B,No,416.69,394.65,392.37,399.54,377.92,500
1483,INDIANHUME.NS,375.35,386.05,30.66K,Producer Manufacturing,Building Products,58.0,73.0,68.0,38.0,15.5143,15.3393,185.95K,70.91K,432.0,279.8,19.77B,No,390.32,355.19,358.14,360.72,342.58,499
1484,NHL.BO,81.0,79.9,1.60K,Consumer Services,Other Consumer Services,58.0,47.0,78.0,50.0,2.4657,1.035,1.37K,1.12K,98.76,56.8,255.99M,No,75.12,78.15,77.57,79.17,77.14,477
1485,SONATSOFTW.NS,323.45,333.9,771.36K,Technology Services,Information Technology Services,58.0,86.0,67.0,46.0,17.9071,17.475,3235.24K,2986.91K,421.5,207.15,89.53B,No,315.0,294.55,302.0,295.86,276.43,500
1486,ARIS.NS,135.55,133.76,1436.07K,Technology Services,Packaged Software,58.0,91.0,23.0,77.0,5.8371,5.8121,1012.58K,1652.22K,178.3,82.18,11.09B,No,126.01,118.78,122.94,120.49,116.53,284
1487,AGIIL.NS,300.6,300.15,1184.49K,Finance,Real Estate Development,58.0,12.0,11.0,70.0,10.325,10.3036,2072.75K,1546.05K,434.4,212.0,37.57B,No,312.53,341.71,310.84,338.29,328.84,500
1488,WINDMACHIN.NS,305.1,302.6,203.78K,Producer Manufacturing,Industrial Machinery,58.0,32.0,41.0,66.0,16.9464,16.9464,142.28K,289.85K,345.45,200.65,31.57B,No,290.94,303.49,277.01,305.78,277.79,499
1489,SAPPHIRE.NS,231.74,236.02,3516.85K,Consumer Services,Restaurants,58.0,93.0,85.0,71.0,13.1179,12.95,1987.43K,5725.89K,347.9,139.91,74.56B,No,195.33,187.1,204.55,190.86,186.15,500
1490,SMARTWORKS.NS,488.5,478.1,133.87K,Finance,Real Estate Development,58.0,71.0,63.0,55.0,16.8786,16.8786,111.63K,103.61K,619.0,361.5,55.82B,No,479.62,472.8,462.66,472.28,442.14,267
1491,WELTI.BO,24.59,24.59,0.01K,Consumer Non-Durables,Consumer Sundries,58.0,49.0,85.0,38.0,0.0921,0.0,0.03K,0.03K,29.05,17.15,109.21M,No,25.24,24.94,23.68,24.83,23.55,496
1492,MPHASIS.NS,2537.6,2530.0,365.53K,Technology Services,Packaged Software,58.0,81.0,75.0,26.0,85.7643,79.9214,612.89K,586.63K,3037.2,2013.0,484.22B,No,2393.44,2330.51,2481.86,2346.14,2327.42,499
1493,INANISEC.BO,24.76,23.59,0.73K,Finance,Investment Banks/Brokers,58.0,85.0,70.0,40.0,0.78,0.37,0.24K,0.52K,33.0,18.46,112.85M,No,20.85,20.98,22.66,21.2,21.99,497
1494,RAYMONDREL.NS,580.9,609.3,538.73K,Finance,Real Estate Development,58.0,4.0,33.0,69.0,27.5036,23.9857,715.34K,434.86K,734.9,349.0,38.66B,No,661.38,647.94,527.27,647.94,526.28,280
1495,TOTAL.NS,65.08,63.61,6.46K,Transportation,Air Freight/Couriers,58.0,85.0,71.0,42.0,3.8814,3.7086,17.10K,67.36K,87.89,45.0,1.05B,No,55.62,53.23,61.21,54.76,56.56,498
1496,AADHARHFC.NS,502.0,501.55,240.31K,Finance,Finance/Rental/Leasing,58.0,24.0,52.0,48.0,13.3821,13.0964,474.91K,301.43K,563.0,430.15,219.54B,No,503.64,504.77,486.46,511.47,485.08,500
1497,AMWILL.BO,42.0,42.6,19.20K,Consumer Non-Durables,Household/Personal Care,58.0,41.0,81.0,67.0,1.5471,1.3964,14.32K,3.24K,63.4,28.91,840.15M,No,42.04,42.53,39.82,42.43,37.48,371
1498,EMBASSY.BO,439.59,440.07,828.53K,Finance,Real Estate Investment Trusts,58.0,44.0,60.0,42.0,5.6136,5.45,68.90K,53.59K,461.99,375.0,416.68B,No,441.49,438.0,433.3,439.07,433.57,497
1499,PNGJL.NS,617.0,630.4,764.15K,Retail Trade,Specialty Stores,58.0,70.0,17.0,60.0,28.6464,28.2571,567.27K,862.27K,736.4,503.0,83.73B,No,641.04,591.42,597.86,595.93,588.34,475
1500,KVFORGE.BO,137.25,142.0,0.43K,Producer Manufacturing,Metal Fabrication,58.0,3.0,52.0,43.0,8.4821,8.1964,7.00K,3.28K,184.0,106.0,1.50B,No,150.3,149.69,136.75,149.83,136.12,497
1501,INDIGOPNTS.NS,1122.1,1125.5,28.88K,Process Industries,Industrial Specialties,58.0,73.0,76.0,53.0,34.9214,33.7786,100.60K,59.63K,1345.9,708.05,53.56B,No,1089.38,1047.89,1028.87,1061.33,958.25,500
1502,KMSUGAR.NS,28.0,27.47,213.84K,Process Industries,Agricultural Commodities/Milling,58.0,62.0,36.0,64.0,1.045,1.0193,117.77K,146.08K,33.73,23.0,2.58B,No,28.21,27.42,26.97,27.48,26.85,500
1503,NMDC.NS,85.9,85.45,18246.07K,Non-Energy Minerals,Other Metals/Minerals,58.0,56.0,44.0,48.0,1.6507,1.6207,24231.00K,17943.95K,97.49,68.19,755.22B,No,84.49,85.95,82.79,85.72,84.57,500
1504,PRESTIGE.NS,1590.7,1585.9,221.15K,Finance,Real Estate Development,58.0,27.0,62.0,51.0,55.9357,49.5571,775.43K,672.70K,1805.2,1090.0,685.16B,No,1632.89,1571.82,1512.32,1589.82,1444.14,499
1505,SANATHAN.NS,475.85,501.4,108.31K,Process Industries,Textiles,58.0,69.0,61.0,52.0,22.2929,22.15,37.58K,58.96K,551.95,352.6,40.16B,No,474.57,449.55,438.21,453.49,430.66,405
1506,STANROS.BO,72.99,73.99,0.03K,Finance,Investment Managers,58.0,70.0,57.0,51.0,3.5386,3.1636,0.43K,0.88K,82.75,54.31,289.62M,No,68.47,67.95,67.95,67.85,66.99,495
1507,ATUL.NS,6896.5,6850.0,54.24K,Process Industries,Chemicals: Agricultural,58.0,80.0,45.0,62.0,209.75,197.7143,43.81K,69.36K,7180.0,5560.5,203.05B,No,6576.73,6523.09,6357.98,6542.65,6559.3,500
1508,BORORENEW.NS,573.45,562.5,759.20K,Process Industries,Industrial Specialties,58.0,9.0,56.0,66.0,14.3893,14.3893,941.25K,420.44K,721.0,374.4,81.34B,No,573.53,583.46,535.54,588.38,514.93,500
1509,JMA.NS,88.74,87.41,6.67K,Producer Manufacturing,Auto Parts: Oem,57.0,49.0,49.0,61.0,2.9214,2.9214,13.20K,6.69K,98.0,70.25,2.03B,No,88.21,90.04,85.25,90.23,86.38,498
1510,GPTINFRA.NS,118.87,116.5,104.19K,Industrial Services,Engineering & Construction,57.0,30.0,54.0,63.0,4.2586,4.185,345.46K,151.81K,150.0,96.22,15.02B,No,117.56,121.02,113.11,120.6,114.9,499
1511,BANKINDIA.NS,145.5,142.9,8940.84K,Finance,Major Banks,57.0,67.0,60.0,33.0,3.365,3.2721,9536.58K,6826.64K,178.36,109.85,662.41B,No,141.77,142.81,147.72,144.02,148.94,500
1512,OXYGENTAPH.BO,67.88,65.64,41.69K,Health Technology,Pharmaceuticals: Major,57.0,97.0,81.0,57.0,3.5707,3.29,8.53K,9.36K,100.0,43.0,2.51B,No,51.88,49.88,54.34,51.45,52.87,496
1513,PFIZER.NS,5017.6,4898.5,148.82K,Health Technology,Pharmaceuticals: Major,57.0,76.0,60.0,55.0,110.5643,109.9286,31.75K,38.23K,5873.5,4360.1,229.54B,No,4763.99,4620.75,4815.67,4669.36,4735.57,498
1514,SNL.BO,389.8,388.75,1.10K,Producer Manufacturing,Auto Parts: Oem,57.0,55.0,60.0,50.0,9.9143,9.7607,1.85K,2.55K,423.5,299.7,1.41B,No,383.91,381.47,369.44,381.57,365.07,497
1515,ASHAPURMIN.NS,637.3,651.95,481.91K,Non-Energy Minerals,Other Metals/Minerals,57.0,49.0,36.0,35.0,30.5893,25.65,709.94K,887.22K,924.9,455.1,60.88B,No,695.38,685.84,665.61,682.83,623.6,500
1516,BIRET.BO,345.48,344.67,5.17K,Finance,Real Estate Investment Trusts,57.0,59.0,63.0,31.0,4.2357,4.2143,24.25K,11.25K,376.5,310.85,286.71B,No,342.34,333.42,335.24,335.02,335.31,497
1517,GHVINFRA.BO,265.75,267.45,35.08K,Technology Services,Data Processing Services,57.0,95.0,53.0,62.0,16.3286,14.3964,48.23K,78.84K,368.5,173.3,19.15B,No,260.59,231.59,272.36,236.69,260.82,498
1518,KSL.NS,856.1,843.7,45.45K,Non-Energy Minerals,Steel,57.0,16.0,50.0,68.0,27.0286,26.9072,51.42K,33.50K,982.55,574.0,37.46B,No,884.37,863.67,781.08,869.43,784.61,500
1519,SBVCL.BO,104.9,101.05,1.20K,Producer Manufacturing,Industrial Machinery,57.0,44.0,55.0,76.0,3.1857,1.8786,4.76K,5.28K,140.8,60.3,855.98M,No,105.13,106.57,100.79,106.37,95.41,498
1520,AARTECH.NS,49.62,48.53,115.97K,Commercial Services,Miscellaneous Commercial Services,57.0,48.0,68.0,48.0,1.9921,1.9921,124.76K,13.42K,65.88,33.51,1.58B,No,47.33,47.47,47.46,47.99,45.43,498
1521,DATAMATICS.NS,862.95,862.7,225.89K,Technology Services,Packaged Software,57.0,48.0,62.0,71.0,25.6679,24.4643,147.53K,119.62K,1088.0,632.0,51.01B,No,844.34,826.52,787.72,832.72,767.36,500
1522,LCL.NS,514.55,499.95,666.64K,Producer Manufacturing,Industrial Machinery,57.0,,,,,,4563.61K,4563.61K,555.6,461.0,26.90B,No,,,,,,10
1523,JOCIL.NS,148.41,150.9,2.47K,Process Industries,Chemicals: Specialty,57.0,60.0,65.0,67.0,6.0229,5.7686,8.12K,4.65K,175.12,91.25,1.32B,No,145.73,147.54,138.49,147.33,134.09,498
1524,DHARMAJ.NS,278.45,280.0,106.14K,Process Industries,Chemicals: Agricultural,57.0,72.0,58.0,65.0,10.0679,9.4571,55.46K,99.18K,386.5,210.65,9.41B,No,265.7,266.24,254.05,265.89,256.64,499
1525,ROTO.NS,67.04,68.9,365.38K,Producer Manufacturing,Industrial Machinery,57.0,34.0,72.0,66.0,2.7529,2.7057,3960.23K,742.20K,90.6,47.5,12.66B,No,67.6,67.29,62.31,68.02,61.08,499
1526,STARDELTA.BO,586.95,592.95,4.38K,Producer Manufacturing,Electrical Products,57.0,36.0,56.0,71.0,34.9321,34.7536,4.33K,2.87K,718.8,392.55,1.76B,No,584.33,612.64,567.73,609.9,552.49,497
1527,MANBA.NS,131.44,133.4,33.35K,Finance,Finance/Rental/Leasing,57.0,31.0,73.0,44.0,5.7293,5.7293,175.79K,94.10K,154.0,98.0,6.60B,No,136.08,132.19,127.01,134.07,122.02,463
1528,KRBL.NS,373.2,370.55,214.44K,Process Industries,Agricultural Commodities/Milling,57.0,53.0,52.0,53.0,11.4786,11.3679,438.02K,322.41K,495.0,274.65,85.42B,No,360.36,366.05,361.78,369.1,349.26,499
1529,PRABHHANS.BO,42.99,43.88,0.38K,Process Industries,Textiles,57.0,88.0,91.0,46.0,2.7586,2.4479,7.46K,6.68K,81.7,26.2,268.61M,No,36.31,34.51,36.72,35.3,34.04,496
1530,SERA.BO,42.35,44.2,290.65K,Non-Energy Minerals,Other Metals/Minerals,57.0,65.0,35.0,52.0,2.59,2.59,69.30K,28.82K,52.45,31.31,2.77B,No,40.27,40.55,39.77,40.63,39.89,497
1531,CAPITALSFB.NS,291.8,295.2,7.57K,Finance,Regional Banks,57.0,51.0,49.0,59.0,8.1714,7.9464,48.80K,31.52K,323.7,206.55,13.27B,No,297.2,289.64,270.79,290.83,270.89,498
1532,PARADEEP.NS,147.18,151.8,3085.72K,Process Industries,Chemicals: Agricultural,57.0,59.0,78.0,57.0,6.4764,6.255,7278.40K,23912.60K,232.22,99.7,152.80B,No,144.28,138.78,137.19,140.73,128.31,500
1533,SUDARSCHEM.NS,1044.7,1110.0,436.66K,Process Industries,Chemicals: Specialty,57.0,78.0,69.0,63.0,46.475,44.0107,282.29K,276.31K,1603.0,726.4,83.17B,No,1058.88,972.32,941.58,987.35,913.0,499
1534,RISHDIGA.BO,36.1,36.75,0.01K,Non-Energy Minerals,Steel,57.0,80.0,61.0,54.0,1.8129,1.5193,1.13K,0.20K,43.95,28.5,198.06M,No,35.61,34.15,35.08,34.5,34.33,496
1535,CTLLAB.BO,40.0,40.0,1.20K,Health Services,Medical/Nursing Services,57.0,31.0,44.0,62.0,0.1071,0.0,0.67K,0.24K,57.0,28.55,91.30M,No,40.52,40.35,40.45,40.56,40.26,497
1536,NATRAJPR.BO,39.29,37.79,0.10K,Process Industries,Agricultural Commodities/Milling,57.0,76.0,66.0,69.0,2.2386,1.6986,1.33K,0.99K,47.9,28.0,147.22M,No,36.93,36.7,35.5,36.79,35.62,496
1537,GBLINFRA.BO,64.79,63.52,1.18K,Commercial Services,Miscellaneous Commercial Services,57.0,91.0,98.0,0.0,0.7529,0.0007,0.37K,0.56K,173.0,15.0,91.64M,No,56.92,52.28,105.46,53.75,74.85,498
1538,SIMPLEXINF.NS,252.31,263.49,173.41K,Industrial Services,Engineering & Construction,57.0,24.0,73.0,60.0,10.0893,9.9536,170.43K,106.12K,330.0,137.0,19.96B,No,243.29,254.39,238.64,254.69,222.47,498
1539,BAJEL.NS,192.77,189.07,609.55K,Industrial Services,Engineering & Construction,57.0,63.0,64.0,70.0,6.5179,6.4814,695.78K,346.13K,226.69,135.1,22.30B,No,182.0,189.79,175.66,189.69,174.89,500
1540,WENDT.NS,7954.5,8017.0,3.85K,Producer Manufacturing,Industrial Machinery,57.0,61.0,61.0,64.0,280.3571,277.3929,11.69K,4.80K,10585.0,5841.5,15.91B,No,7966.52,7769.34,7439.69,7902.3,7192.93,499
1541,TITAGARH.NS,833.55,844.8,222.58K,Producer Manufacturing,Trucks/Construction/Farm Machinery,57.0,52.0,50.0,48.0,20.5679,20.4071,811.58K,334.50K,971.0,568.7,112.26B,No,840.0,859.14,798.74,856.81,777.46,500
1542,GLAXO.NS,2620.2,2601.8999,64.72K,Health Technology,Pharmaceuticals: Major,57.0,72.0,63.0,53.0,71.0642,71.0642,106.07K,69.31K,2883.4,2088.1,443.88B,No,2573.53,2421.7,2448.49,2448.64,2419.96,500
1543,SIGMA.NS,46.05,47.13,124.84K,Technology Services,Packaged Software,56.0,88.0,50.0,31.0,4.0757,3.79,276.21K,1356.79K,65.5,35.46,4.73B,No,43.43,40.7,46.02,41.78,42.84,499
1544,GOLECHA.BO,27.55,29.0,6.63K,Finance,Finance/Rental/Leasing,56.0,62.0,18.0,76.0,0.9007,0.7514,1.23K,2.99K,38.2,17.05,151.52M,No,28.96,29.95,28.97,29.42,28.76,497
1545,CHRTEDCA.BO,284.95,275.0,0.10K,Finance,Investment Banks/Brokers,56.0,75.0,62.0,54.0,8.2179,5.2357,0.04K,0.00K,439.0,225.05,858.16M,No,273.91,263.9,276.15,268.14,265.39,498
1546,KIOCL.NS,395.4,390.9,308.61K,Non-Energy Minerals,Steel,56.0,66.0,48.0,59.0,16.0607,15.3607,234.01K,527.32K,634.55,290.65,240.30B,No,373.73,385.5,372.06,383.62,370.27,500
1547,AGI.NS,706.0,717.2,97.63K,Process Industries,Containers/Packaging,56.0,46.0,72.0,58.0,21.6964,20.6571,161.31K,157.32K,967.0,465.0,45.68B,No,700.88,689.37,656.88,698.07,612.67,499
1548,WANBURY.NS,262.75,254.3,2575.52K,Health Technology,Pharmaceuticals: Major,56.0,18.0,59.0,69.0,19.9179,19.9179,376.90K,374.32K,358.85,161.5,9.18B,No,301.03,287.69,255.42,287.53,262.83,499
1549,MIVENMACH.BO,86.45,91.0,0.00K,Producer Manufacturing,Industrial Machinery,56.0,62.0,68.0,46.0,2.3521,0.3357,0.38K,0.00K,103.38,59.47,259.65M,No,83.26,88.06,82.87,85.96,80.96,497
1550,GLOTTIS.NS,65.39,67.0,36.65K,Transportation,Marine Shipping,56.0,37.0,64.0,76.0,2.0671,2.06,232.87K,38.38K,93.0,37.0,6.04B,No,67.02,66.87,59.83,67.05,58.08,213
1551,URBANCO.NS,139.05,139.75,1683.13K,Technology Services,Packaged Software,56.0,55.0,51.0,60.0,5.6779,5.1286,5286.13K,14835.62K,201.18,100.7,204.76B,No,135.46,132.3,129.64,132.34,126.53,226
1552,SIYSIL.NS,630.9,632.25,47.59K,Process Industries,Textiles,56.0,45.0,63.0,70.0,19.8536,19.4,93.97K,48.53K,848.8,433.35,28.62B,No,623.96,627.43,608.15,627.82,571.57,500
1553,DMCC.NS,299.3,302.15,120.68K,Process Industries,Chemicals: Major Diversified,56.0,80.0,36.0,79.0,17.5429,17.5429,97.21K,177.86K,350.0,191.35,7.46B,No,276.91,263.07,257.46,267.01,254.22,498
1554,SHAHLON.BO,21.71,22.6,11.39K,Process Industries,Textiles,56.0,3.0,48.0,19.0,1.5936,1.5664,32.38K,8.73K,32.89,16.5,1.94B,No,24.97,24.91,22.28,24.84,23.42,497
1555,BANSALWIRE.NS,323.0,319.9,203.01K,Non-Energy Minerals,Steel,56.0,42.0,54.0,68.0,12.5143,12.2214,179.66K,189.02K,380.2,222.5,50.57B,No,319.16,319.87,299.93,323.01,293.66,498
1556,SUNLOC.BO,71.81,68.31,0.07K,Health Technology,Pharmaceuticals: Major,56.0,55.0,75.0,48.0,3.2436,2.8886,0.53K,0.33K,88.7,56.35,736.39M,No,70.09,68.45,67.58,69.38,66.21,497
1557,KIRANVYPAR.NS,196.0,196.83,1.15K,Finance,Investment Banks/Brokers,56.0,63.0,54.0,,9.2629,8.9264,6.31K,1.96K,219.0,148.27,,No,197.58,192.34,,195.33,,79
1558,POLICYBZR.NS,1739.0,1733.0,785.18K,Technology Services,Internet Software/Services,56.0,78.0,63.0,56.0,51.5857,49.5286,2101.26K,1302.51K,1974.0,1364.0,803.49B,No,1600.94,1594.56,1650.38,1601.95,1582.17,498
1559,GODAVARI.BO,102.0,102.5,3.98K,Health Technology,Pharmaceuticals: Major,56.0,5.0,9.0,65.0,5.0,4.9143,4.09K,4.90K,135.25,69.7,1.03B,No,110.33,117.54,99.21,116.06,106.85,497
1560,SSFLPP.BO,127.0,129.0,0.22K,Finance,Finance/Rental/Leasing,56.0,2.0,19.0,52.0,4.9679,4.3821,1.14K,0.49K,182.0,67.1,11.26B,No,143.48,138.06,126.24,137.2,123.5,245
1561,TNPL.NS,154.5,154.02,636.13K,Process Industries,Pulp & Paper,56.0,73.0,49.0,61.0,5.075,4.8214,151.32K,154.40K,179.9,121.51,10.69B,No,151.06,147.46,143.73,148.21,142.63,499
1562,ASSOCIATED.BO,100.5,100.5,1.00K,Process Industries,Industrial Specialties,56.0,46.0,41.0,70.0,4.4893,3.5607,0.86K,1.35K,132.5,72.0,135.88M,No,96.32,95.91,100.17,95.79,98.55,496
1563,STAR.NS,993.8,1002.8,101.43K,Health Technology,Pharmaceuticals: Major,56.0,18.0,19.0,65.0,38.0143,37.8643,280.72K,407.50K,1231.0,768.65,91.60B,No,1027.99,1058.69,975.36,1057.55,1000.55,500
1564,GTNINDS.BO,24.95,24.49,0.16K,Process Industries,Textiles,56.0,82.0,51.0,65.0,1.5221,1.4907,5.21K,1.55K,30.62,17.0,499.00M,No,24.73,23.46,23.0,23.56,23.19,497
1565,VINCOFE.NS,146.42,149.0,1171.76K,Distribution Services,Wholesale Distributors,56.0,12.0,66.0,40.0,6.4057,6.1993,2627.35K,2470.05K,179.85,120.24,21.33B,No,154.25,155.17,149.84,153.8,143.29,453
1566,HINDAPL.BO,106.48,112.04,0.35K,Process Industries,Textiles,56.0,19.0,81.0,22.0,4.7386,3.0429,0.27K,0.10K,238.0,75.35,1.07B,No,107.57,110.5,116.55,109.8,103.43,497
1567,XPROINDIA.NS,1092.0,1127.9,46.20K,Process Industries,Industrial Specialties,56.0,1.0,40.0,61.0,89.1571,81.4429,88.78K,162.91K,1574.8,788.05,25.63B,No,1289.2,1319.24,1084.37,1332.06,1120.93,500
1568,IMPAL.NS,1071.5,1093.4,0.58K,Distribution Services,Wholesale Distributors,56.0,19.0,61.0,41.0,41.2,40.6429,5.79K,2.23K,1238.9,928.0,13.37B,No,1097.48,1101.3,1052.19,1091.61,1052.67,499
1569,TREL.NS,27.52,27.17,196.35K,Finance,Real Estate Development,56.0,74.0,43.0,69.0,1.1814,1.18,106.46K,158.27K,34.37,21.47,6.76B,No,24.86,25.52,25.97,25.59,25.45,498
1570,HOMEFIRST.NS,1181.2,1176.0,91.80K,Finance,Finance/Rental/Leasing,56.0,40.0,48.0,47.0,33.7286,32.85,218.66K,175.15K,1375.0,893.7,123.48B,No,1199.3,1172.55,1129.09,1186.26,1120.27,499
1571,PRIMAPLA.BO,122.25,121.4,3.87K,Consumer Durables,Home Furnishings,56.0,60.0,78.0,54.0,4.6464,4.5357,11.05K,4.58K,153.4,88.0,1.34B,No,123.0,125.31,118.77,124.12,116.17,496
1572,SIGACHI.NS,26.52,25.81,1560.36K,Health Technology,Pharmaceuticals: Major,56.0,88.0,81.0,77.0,0.9721,0.825,765.91K,823.16K,46.73,16.65,10.14B,No,25.81,23.92,25.59,24.19,22.02,499
1573,NEOINFRA.BO,40.0,39.5,0.33K,Finance,Real Estate Development,56.0,60.0,26.0,48.0,3.9321,3.8457,1.48K,0.91K,54.99,28.02,212.27M,No,40.73,41.53,39.95,41.43,41.6,496
1574,AFSL.NS,213.82,210.74,69.78K,Finance,Investment Managers,56.0,70.0,63.0,49.0,3.5643,3.2786,22.45K,9.16K,229.0,194.41,10.87B,No,202.36,201.61,202.2,202.44,202.09,498
1575,DELHIVERY.NS,470.25,473.45,6123.90K,Transportation,Air Freight/Couriers,56.0,15.0,48.0,50.0,14.4393,14.0321,4471.27K,4651.08K,524.0,374.45,352.30B,No,474.98,475.43,443.03,477.43,451.97,500
1576,RISHIROOP.BO,109.9,110.45,2.74K,Process Industries,Chemicals: Specialty,56.0,87.0,68.0,66.0,5.0007,4.8986,3.15K,11.04K,141.0,71.5,1.01B,No,97.97,94.29,97.38,96.77,93.07,496
1577,PRIMESECU.NS,291.25,295.45,109.63K,Finance,Investment Banks/Brokers,56.0,63.0,56.0,54.0,12.4643,12.3571,41.32K,40.74K,325.0,244.5,9.89B,No,281.95,285.77,284.56,287.68,282.75,497
1578,GREENLAM.NS,248.5,242.35,519.40K,Non-Energy Minerals,Forest Products,56.0,36.0,68.0,43.0,12.8357,12.5643,331.61K,298.19K,278.63,197.59,63.40B,No,252.83,252.83,242.9,256.97,239.14,498
1579,JSWCEMENT.NS,130.55,131.52,836.01K,Non-Energy Minerals,Construction Materials,56.0,32.0,61.0,60.0,2.8836,2.7814,4981.94K,1248.93K,162.15,106.65,176.29B,No,134.56,133.19,124.81,133.44,125.98,248
1580,PCCOSMA.BO,389.75,387.1,3.96K,Consumer Non-Durables,Household/Personal Care,56.0,92.0,76.0,64.0,29.2393,28.775,1.84K,3.69K,552.0,285.55,1.03B,No,341.04,317.38,354.0,324.23,333.47,496
1581,RAMBHAJO.NS,184.96,187.61,145.69K,Consumer Durables,Other Consumer Specialties,56.0,63.0,,,9.4486,9.2379,707.01K,296.01K,222.0,161.6,,No,194.43,,,,,30
1582,SILGO.NS,69.8,68.72,204.44K,Consumer Durables,Other Consumer Specialties,55.0,20.0,24.0,36.0,3.32,3.32,312.36K,163.86K,86.2,53.3,1.83B,No,71.81,74.05,73.38,73.58,74.53,499
1583,MANKIND.NS,2433.1,2425.0,754.39K,Health Technology,Pharmaceuticals: Major,55.0,31.0,52.0,64.0,60.5714,59.9714,572.07K,498.04K,2674.0,1909.7,1004.86B,No,2506.07,2476.41,2277.27,2466.14,2283.06,499
1584,FMGOETZE.NS,487.2,487.4,28.85K,Producer Manufacturing,Industrial Machinery,55.0,74.0,57.0,62.0,13.6107,13.6107,54.39K,48.15K,577.4,358.0,27.10B,No,482.75,462.91,450.97,468.63,439.26,498
1585,INFORTEC.BO,84.27,82.0,1.55K,Technology Services,Information Technology Services,55.0,34.0,61.0,51.0,7.2221,7.0214,0.32K,0.29K,108.0,65.1,351.33M,No,80.86,80.93,81.67,81.57,83.09,497
1586,ROSSELLIND.NS,56.97,56.84,6.13K,Electronic Technology,Aerospace & Defense,55.0,50.0,49.0,79.0,2.8493,2.8393,30.94K,28.84K,69.85,40.0,2.15B,No,58.54,57.18,52.98,57.33,52.04,497
1587,LERTHAI.BO,635.0,576.65,0.00K,Finance,Financial Conglomerates,55.0,60.0,41.0,59.0,23.0714,8.9286,0.01K,0.00K,774.0,408.85,444.50M,No,532.63,549.63,580.44,546.63,574.33,498
1588,GESHIP.NS,1281.9,1292.6,522.94K,Transportation,Marine Shipping,55.0,13.0,11.0,48.0,52.8,50.1428,1370.52K,1581.65K,1798.0,922.5,183.01B,No,1376.95,1410.41,1317.97,1394.45,1402.17,500
1589,ANGELONE.NS,291.0,291.4,4504.50K,Finance,Investment Banks/Brokers,55.0,6.0,26.0,68.0,7.7107,7.5857,7131.48K,5385.93K,360.45,208.63,265.88B,No,305.16,326.18,283.2,324.46,292.61,500
1590,MIDHANI.NS,408.45,427.75,2355.17K,Non-Energy Minerals,Other Metals/Minerals,55.0,47.0,45.0,61.0,13.5214,12.7179,1046.20K,660.34K,454.8,266.65,76.52B,No,409.59,420.2,370.16,416.23,380.12,499
1591,GVBL.BO,30.5,30.0,1.59K,Health Technology,Biotechnology,55.0,34.0,86.0,68.0,1.0807,0.49,0.84K,1.05K,46.8,20.1,93.16M,No,28.98,29.63,27.35,30.0,27.58,497
1592,HIGHENE.BO,573.7,572.6,4.96K,Producer Manufacturing,Electrical Products,55.0,57.0,26.0,37.0,26.1643,24.375,14.43K,6.95K,685.0,470.0,5.14B,No,588.25,559.97,566.24,567.43,561.87,497
1593,VHLTD.NS,129.62,129.91,15.82K,Consumer Services,Hotels/Resorts/Cruise Lines,55.0,53.0,37.0,30.0,6.0736,5.9386,18.24K,21.67K,155.36,103.0,8.78B,No,130.47,132.08,135.46,131.86,137.28,498
1594,LT.NS,4020.0,4037.3999,2225.44K,Industrial Services,Engineering & Construction,55.0,62.0,54.0,44.0,63.2929,53.6429,1995.12K,1742.58K,4440.0,3288.1,5530.98B,No,3922.2,3994.16,3977.61,4006.25,3952.15,500
1595,EIMCOELECO.NS,1795.1,1806.4,6.53K,Producer Manufacturing,Trucks/Construction/Farm Machinery,55.0,51.0,74.0,49.0,61.9857,60.4214,50.47K,18.62K,2380.0,1405.5,10.35B,No,1813.45,1750.8,1653.71,1750.34,1651.67,498
1596,WORKMATES.BO,351.15,349.6,12.60K,Technology Services,Packaged Software,55.0,89.0,44.0,28.0,11.1214,9.7857,30.50K,10.92K,514.0,264.0,4.54B,No,336.06,312.27,,317.28,327.12,183
1597,PANACEABIO.NS,399.85,402.2,225.41K,Health Technology,Pharmaceuticals: Major,55.0,1.0,57.0,53.0,17.1786,17.0464,790.52K,171.47K,647.0,292.4,24.49B,No,451.4,505.39,402.78,494.48,408.27,499
1598,SUBSM.BO,69.83,73.5,0.02K,Process Industries,Textiles,55.0,6.0,35.0,79.0,0.8693,0.0207,0.01K,0.00K,95.0,36.56,296.11M,No,79.54,84.49,67.34,83.06,66.36,499
1599,PVSL.NS,120.55,111.17,643.79K,Retail Trade,Specialty Stores,55.0,93.0,64.0,59.0,4.6057,4.3271,50.68K,26.82K,163.0,82.41,8.58B,No,107.0,99.36,109.27,100.99,100.05,498
1600,JOINDRE.BO,49.79,49.77,0.39K,Finance,Investment Banks/Brokers,55.0,33.0,63.0,67.0,2.1264,1.9264,4.58K,2.29K,61.95,39.5,688.92M,No,51.03,50.43,47.8,50.1,46.63,497
1601,ANDHRAPET.BO,45.3,45.48,75.05K,Process Industries,Chemicals: Specialty,55.0,19.0,72.0,40.0,1.7264,1.7029,158.53K,83.08K,63.51,29.39,3.85B,No,47.34,47.11,45.01,46.53,42.29,497
1602,ALBERTDAVD.NS,777.3,788.85,7.71K,Health Technology,Pharmaceuticals: Major,55.0,80.0,46.0,60.0,28.8214,23.9786,7.97K,35.88K,903.0,579.9,4.44B,No,715.04,710.25,728.79,725.39,709.38,498
1603,GREENPLY.NS,276.65,278.85,41.68K,Producer Manufacturing,Building Products,55.0,10.0,55.0,70.0,11.0821,11.0214,254.82K,212.23K,334.4,176.42,34.55B,No,297.09,299.33,260.27,298.01,252.4,500
1604,CERA.NS,5885.5,5984.5,9.23K,Consumer Durables,Home Furnishings,55.0,21.0,55.0,64.0,173.8214,173.3571,19.59K,14.21K,6740.0,4461.1,75.89B,No,6137.1,6176.96,5516.78,6183.35,5488.07,499
1605,RTFL.BO,50.0,49.5,0.00K,Finance,Finance/Rental/Leasing,55.0,60.0,56.0,56.0,1.3929,0.5771,0.27K,0.06K,63.36,41.88,634.63M,No,49.09,48.12,49.66,47.89,50.01,496
1606,SPELS.BO,150.7,151.8,33.74K,Electronic Technology,Semiconductors,55.0,26.0,31.0,20.0,4.8857,4.7786,68.12K,37.11K,262.8,115.95,6.95B,No,154.64,154.64,154.91,154.21,151.35,497
1607,SHK.NS,170.89,172.69,670.82K,Process Industries,Chemicals: Specialty,55.0,94.0,71.0,62.0,8.2157,7.4657,871.23K,2647.90K,275.5,111.98,23.65B,No,154.64,140.74,152.76,143.89,141.24,500
1608,SLSTLQ.BO,29.5,31.0,0.06K,Process Industries,Textiles,55.0,8.0,79.0,49.0,0.72,0.3107,0.11K,0.07K,45.99,23.0,98.32M,No,30.93,29.64,29.6,30.09,28.01,498
1609,SCHAEFFLER.NS,4125.8,4151.2998,60.32K,Producer Manufacturing,Metal Fabrication,55.0,57.0,45.0,58.0,107.5143,107.5143,70.88K,60.20K,4467.7,3518.4,644.88B,No,4112.42,4117.46,4003.32,4128.43,4042.69,500
1610,GOKEX.NS,762.25,788.95,801.50K,Consumer Non-Durables,Apparel/Footwear,55.0,16.0,59.0,76.0,27.5929,26.0429,544.48K,238.37K,954.9,531.0,55.85B,No,811.21,799.94,746.57,808.06,717.65,500
1611,AJAXENGG.NS,566.0,567.35,28.36K,Producer Manufacturing,Trucks/Construction/Farm Machinery,55.0,69.0,56.0,57.0,17.1786,15.7643,71.70K,79.24K,730.1,394.8,64.75B,No,580.4,566.39,551.01,559.15,522.96,368
1612,RDBRL.BO,164.0,165.55,0.86K,Process Industries,Containers/Packaging,55.0,60.0,62.0,37.0,7.1464,7.0214,11.00K,11.77K,192.0,138.25,2.91B,No,163.63,156.74,162.44,158.46,160.55,496
1613,JUBLINGREA.NS,716.2,733.1,254.42K,Process Industries,Chemicals: Major Diversified,55.0,49.0,44.0,63.0,23.4036,23.3,420.06K,266.42K,795.0,537.3,112.96B,No,741.42,688.96,671.83,694.07,658.05,500
1614,LUDLOWJUT.BO,355.2,352.3,2.96K,Process Industries,Textiles,55.0,25.0,65.0,90.0,17.85,17.0429,3.61K,1.30K,479.0,162.0,3.83B,No,382.07,357.23,296.42,360.78,287.22,496
1615,MOTILALOFS.NS,901.0,888.0,713.84K,Technology Services,Internet Software/Services,55.0,29.0,56.0,67.0,27.3929,27.125,1068.68K,781.29K,1097.1,614.9,542.53B,No,895.44,914.9,850.45,919.77,821.94,500
1616,CONCORD.BO,74.0,74.91,6.76K,Health Technology,Pharmaceuticals: Major,55.0,61.0,29.0,33.0,5.6707,5.5343,5.69K,10.25K,92.52,49.0,974.95M,No,71.6,74.5,77.94,73.84,76.94,497
1617,RBZJEWEL.NS,141.21,154.46,227.28K,Consumer Durables,Other Consumer Specialties,55.0,17.0,35.0,48.0,6.3279,5.3357,105.43K,71.83K,179.0,100.0,5.65B,No,147.39,141.21,137.73,142.0,134.82,497
1618,MAHSCOOTER.NS,13640.0,13786.0,1.35K,Producer Manufacturing,Industrial Machinery,55.0,65.0,63.0,45.0,490.7857,434.0714,4.96K,8.01K,18538.0,10901.0,155.89B,No,13209.8,12864.16,13328.3,12906.1,12788.57,498
1619,CHORDIA.BO,72.0,70.39,0.40K,Consumer Non-Durables,Food: Major Diversified,54.0,68.0,47.0,39.0,0.9821,0.3193,2.52K,0.07K,86.5,63.67,290.03M,No,70.37,70.6,72.29,70.42,70.77,495
1620,ATHARVA.BO,74.21,75.38,112.00K,Producer Manufacturing,Miscellaneous Manufacturing,54.0,19.0,,,3.7879,3.6871,228.48K,124.40K,86.0,69.0,1.25B,No,78.21,,,,,27
1621,BDI.BO,109.4,109.4,1.20K,Producer Manufacturing,Miscellaneous Manufacturing,54.0,48.0,54.0,44.0,0.2857,0.1071,2.90K,6.48K,128.5,98.0,1.55B,No,109.08,110.07,108.72,110.28,108.9,252
1622,MOSCHIP.NS,205.19,207.86,852.19K,Electronic Technology,Semiconductors,54.0,7.0,27.0,44.0,8.3207,7.0121,3743.03K,1658.04K,288.45,146.8,39.91B,No,220.62,218.15,204.96,217.68,200.11,376
1623,BEML.NS,1900.6,1902.3,714.89K,Producer Manufacturing,Trucks/Construction/Farm Machinery,54.0,66.0,46.0,54.0,65.85,64.7429,309.02K,601.59K,2275.75,1355.0,158.30B,No,1775.19,1783.29,1775.67,1796.54,1726.2,500
1624,SBECSYS.BO,20.5,20.03,0.22K,Commercial Services,Miscellaneous Commercial Services,54.0,58.0,75.0,46.0,1.5764,1.4864,1.71K,2.01K,31.15,15.25,205.00M,No,20.22,20.69,19.79,20.87,19.04,497
1625,HEALTHX.NS,293.9,301.05,5.50K,Retail Trade,Internet Retail,54.0,11.0,47.0,41.0,13.2857,13.2857,13.30K,9.38K,363.0,252.5,9.35B,No,311.06,312.22,298.57,309.99,294.3,498
1626,GRPLTD.NS,1976.7,1925.9,1.44K,Producer Manufacturing,Miscellaneous Manufacturing,54.0,56.0,60.0,63.0,86.4428,86.4428,3.19K,2.90K,2491.0,1500.0,10.54B,No,1976.62,1892.7,1845.19,1922.56,1855.51,498
1627,PCBL.NS,316.45,322.15,848.26K,Process Industries,Industrial Specialties,54.0,64.0,58.0,65.0,16.175,15.3821,2207.68K,5882.62K,425.95,226.5,124.51B,No,325.37,314.41,301.06,314.28,291.38,500
1628,EVEREADY.NS,353.7,357.35,53.09K,Producer Manufacturing,Electrical Products,54.0,47.0,64.0,56.0,10.8429,10.475,189.12K,133.28K,475.2,259.65,25.71B,No,351.99,353.24,332.02,356.19,330.23,499
1629,ASTALLTD.BO,86.48,86.85,51.71K,Finance,Real Estate Development,54.0,73.0,77.0,55.0,3.6364,3.4236,24.27K,13.42K,103.2,60.45,3.79B,No,81.91,80.79,80.48,82.6,77.3,495
1630,SHBAJRG.NS,178.4,181.38,3.38K,Non-Energy Minerals,Steel,54.0,15.0,53.0,,8.4679,8.2843,6.45K,3.61K,214.95,150.5,,No,183.9,189.12,,186.27,,79
1631,STARIMAGIN.BO,95.99,89.76,36.00K,Health Services,Medical/Nursing Services,54.0,55.0,72.0,71.0,3.9521,2.8064,24.08K,8.50K,152.0,46.0,1.67B,No,89.36,89.22,88.97,90.01,77.28,245
1632,KUSUMGAR.NS,616.25,635.4,640.61K,Process Industries,Textiles,54.0,,,,34.3107,34.1429,2391.04K,940.40K,659.5,548.0,,No,601.36,,,,,21
1633,CANBK.NS,132.0,130.3,26528.13K,Finance,Major Banks,54.0,69.0,48.0,23.0,2.7143,2.6536,28277.01K,18288.70K,162.89,103.55,1197.33B,No,127.45,128.91,139.47,128.99,135.99,500
1634,PGFOILQ.BO,225.85,215.65,32.27K,Process Industries,Containers/Packaging,54.0,87.0,65.0,12.0,14.8286,14.2286,12.01K,30.27K,294.0,165.5,2.66B,No,192.19,197.57,212.27,200.42,217.75,496
1635,ALSL.BO,61.83,63.46,13.59K,Finance,Investment Banks/Brokers,54.0,18.0,13.0,74.0,3.7293,3.7293,37.42K,21.57K,79.3,42.93,2.88B,No,65.17,67.34,59.93,66.35,62.23,497
1636,PSTITANIA.BO,1100000.0,1100000.0,0.00K,Miscellaneous,Investment Trusts,54.0,56.0,53.0,46.0,4285.7143,0.0,,,1190000.0,1045500.0,4.91B,No,1141500.0,1114600.0,1084188.07,1116000.0,1096370.37,253
1637,CREATIVE.BO,595.0,603.25,0.10K,Non-Energy Minerals,Steel,54.0,79.0,59.0,53.0,26.4321,23.0214,0.13K,0.44K,723.85,481.5,773.50M,No,582.76,553.81,563.3,555.66,559.68,497
1638,NH.NS,1831.3,1848.8,368.37K,Health Services,Hospital/Nursing Management,54.0,17.0,53.0,46.0,51.2357,45.1714,348.30K,498.70K,2093.3,1589.0,371.94B,No,1967.1,1953.1,1855.7,1954.72,1836.26,499
1639,PRAVEG.NS,272.1,273.85,50.91K,Health Technology,Pharmaceuticals: Major,54.0,85.0,26.0,,14.0514,13.8971,105.87K,50.94K,325.0,210.4,,No,284.3,255.55,,259.46,,80
1640,SENCO.NS,345.65,401.25,7358.45K,Consumer Durables,Other Consumer Specialties,54.0,44.0,39.0,59.0,21.9357,19.7821,1664.57K,1416.06K,430.0,276.0,56.65B,No,389.69,360.46,331.71,357.55,333.5,500
1641,BEEKAY.NS,435.65,397.9,77.41K,Non-Energy Minerals,Steel,54.0,75.0,56.0,,18.2179,16.3214,3.12K,2.65K,471.85,355.05,,No,401.32,403.48,,407.67,,80
1642,AAREYDRUGS.NS,83.1,85.51,13.60K,Health Technology,Pharmaceuticals: Major,54.0,40.0,28.0,75.0,3.285,2.8443,48.14K,65.15K,100.0,50.31,2.36B,No,79.23,81.99,77.9,81.65,76.9,498
1643,GANESHHOU.NS,765.5,763.95,14.31K,Consumer Durables,Homebuilding,54.0,10.0,65.0,47.0,33.8107,33.0821,95.38K,54.48K,920.15,500.0,63.83B,No,785.69,787.61,738.34,785.62,705.61,499
1644,KRYSTAL.NS,620.5,625.95,20.39K,Commercial Services,Miscellaneous Commercial Services,54.0,61.0,59.0,45.0,11.0821,10.8393,25.22K,15.58K,729.5,500.0,8.67B,No,602.81,597.87,578.99,601.31,591.77,498
1645,MERCANTILE.NS,24.36,24.55,1.43K,Finance,Real Estate Development,54.0,29.0,15.0,,1.4907,1.4579,8.72K,3.17K,31.9,19.0,,No,24.43,24.94,,24.98,,80
1646,HAMPS.BO,24.38,24.24,12.00K,Health Technology,Pharmaceuticals: Major,54.0,22.0,43.0,82.0,0.8343,0.4643,4.32K,6.40K,30.0,13.36,212.40M,No,25.04,25.55,22.52,25.42,22.72,406
1647,AUTOAXLES.NS,1798.4,1803.8,3.84K,Producer Manufacturing,Auto Parts: Oem,54.0,57.0,50.0,35.0,55.55,52.7857,12.82K,25.24K,2115.0,1540.2,27.18B,No,1825.44,1784.96,1807.4,1789.84,1811.7,497
1648,STARPAPER.NS,153.69,154.07,8.49K,Process Industries,Pulp & Paper,54.0,77.0,64.0,53.0,4.6143,4.4879,13.46K,10.71K,188.8,119.05,2.41B,No,149.03,142.29,147.55,143.38,140.59,500
1649,CMLL.NS,538.75,576.8,1681.67K,Energy Minerals,Coal,54.0,,,,,,6793.35K,2179.79K,624.4,463.35,35.22B,No,,,,,,14
1650,RADHIKAJWE.NS,72.37,71.54,1844.67K,Consumer Durables,Other Consumer Specialties,54.0,82.0,59.0,51.0,3.5886,3.42,1216.10K,2600.94K,101.9,50.01,8.55B,No,68.1,61.77,67.72,63.05,62.97,498
1651,B2BSOFT.BO,25.46,25.88,23.80K,Technology Services,Information Technology Services,54.0,74.0,58.0,25.0,2.1657,2.0843,21.45K,31.98K,38.0,15.81,429.49M,No,26.16,25.14,24.75,25.25,27.0,499
1652,ORIENTCER.NS,41.75,42.9,52.49K,Non-Energy Minerals,Aluminum,54.0,52.0,53.0,44.0,1.6164,1.4907,59.47K,37.33K,56.64,34.0,4.99B,No,41.28,40.42,40.95,40.78,40.28,497
1653,IIFLCAPS.NS,335.0,334.8,207.05K,Finance,Investment Banks/Brokers,54.0,43.0,38.0,52.0,3.3214,3.3214,550.42K,294.80K,411.3,240.4,105.46B,No,336.92,339.3,326.93,338.99,321.74,499
1654,BIRLAPREC.NS,37.67,35.75,101.65K,Producer Manufacturing,Industrial Machinery,54.0,66.0,35.0,,1.5129,1.51,72.88K,19.84K,49.99,32.25,,No,34.84,36.36,,36.45,,80
1655,ATLANTAA.NS,42.13,44.7,163.99K,Industrial Services,Engineering & Construction,53.0,75.0,48.0,33.0,2.8621,2.8421,107.33K,199.16K,73.39,29.41,3.43B,No,38.06,39.2,41.48,39.04,40.16,499
1656,LINDEINDIA.NS,6777.5,6972.0,48.48K,Process Industries,Chemicals: Specialty,53.0,35.0,21.0,60.0,198.8214,186.1071,30.73K,31.28K,8049.0,5673.0,578.01B,No,6931.65,7021.97,6654.12,6998.2,6968.7,498
1657,IGIL.NS,343.25,347.2,301.47K,Commercial Services,Miscellaneous Commercial Services,53.0,51.0,45.0,57.0,14.1036,14.0214,701.97K,839.77K,392.0,287.0,148.34B,No,348.64,353.41,338.22,352.56,342.08,404
1658,AFFLE.NS,1672.9,1677.3,188.62K,Technology Services,Packaged Software,53.0,83.0,70.0,47.0,73.0357,72.3857,341.52K,832.00K,2185.9,1251.3,235.39B,No,1590.05,1517.1,1560.43,1518.7,1475.98,500
1659,NORBTEAEXP.NS,62.34,64.45,2.00K,Consumer Non-Durables,Food: Specialty/Candy,53.0,9.0,12.0,6.0,3.6671,3.5657,3.72K,2.30K,99.35,33.5,969.02M,No,67.11,70.72,77.26,69.29,78.87,497
1660,VGIL.BO,127.45,134.15,3.41K,Finance,Real Estate Development,53.0,19.0,27.0,76.0,4.6286,4.3357,2.22K,0.59K,155.0,71.81,2.07B,No,135.12,139.54,122.0,138.35,117.67,497
1661,BANDHANBNK.NS,176.0,174.0,7046.52K,Finance,Major Banks,53.0,9.0,18.0,65.0,4.2621,3.9771,13187.79K,10827.62K,220.76,134.25,283.56B,No,180.14,195.8,172.9,193.04,181.69,500
1662,LTFOODS.NS,426.7,419.3,502.56K,Process Industries,Agricultural Commodities/Milling,53.0,77.0,50.0,65.0,12.3643,12.1964,625.54K,1360.37K,480.0,333.15,148.17B,No,397.83,387.67,396.11,394.09,397.43,500
1663,IGARASHI.NS,447.85,457.8,79.91K,Producer Manufacturing,Auto Parts: Oem,53.0,28.0,57.0,64.0,21.5607,21.3429,463.35K,908.70K,558.0,271.05,14.10B,No,457.34,445.02,408.99,451.37,390.69,500
1664,ZEEL.NS,97.52,91.56,45406.99K,Consumer Services,Broadcasting,53.0,38.0,57.0,67.0,5.7093,5.0764,38993.77K,35961.08K,124.14,68.0,93.67B,No,102.81,105.62,93.31,105.9,92.69,500
1665,CLSEL.NS,283.65,277.25,67.16K,Process Industries,Agricultural Commodities/Milling,53.0,40.0,47.0,67.0,10.4286,10.3071,365.78K,101.15K,321.0,203.75,14.10B,No,281.34,284.45,268.72,285.83,270.6,498
1666,EASTRED.BO,30.3,30.0,0.13K,Consumer Services,Other Consumer Services,53.0,58.0,63.0,41.0,3.2057,3.1214,1.10K,2.32K,36.5,23.2,158.56M,No,29.65,28.84,29.81,29.15,29.21,496
1667,ADVANCE.NS,118.01,122.21,457.19K,Process Industries,Chemicals: Agricultural,53.0,77.0,61.0,32.0,7.0614,6.895,360.86K,1166.46K,154.0,84.1,7.59B,No,119.1,111.19,116.93,112.96,112.62,211
1668,AAATECH.NS,94.54,97.98,11.86K,Technology Services,Information Technology Services,53.0,43.0,41.0,28.0,3.845,3.8171,20.46K,36.06K,136.0,76.11,1.21B,No,91.78,94.06,96.49,93.73,96.49,498
1669,ATULAUTO.NS,504.0,494.1,388.25K,Consumer Durables,Motor Vehicles,53.0,59.0,54.0,66.0,28.7536,27.7107,263.52K,790.10K,596.55,380.05,13.99B,No,510.52,488.47,464.05,493.18,468.62,500
1670,INFOBEAN.NS,162.88,166.67,190.44K,Technology Services,Packaged Software,53.0,65.0,40.0,9.0,6.995,6.8721,850.61K,795.92K,257.5,116.5,,No,165.82,164.68,172.55,164.47,170.51,500
1671,EKANSH.BO,230.45,234.9,3.55K,Industrial Services,Engineering & Construction,53.0,37.0,43.0,71.0,9.9786,9.6964,11.38K,24.13K,284.55,142.85,3.49B,No,233.24,229.45,211.99,230.36,209.02,497
1672,BEMHY.BO,103.95,108.55,17.61K,Producer Manufacturing,Industrial Machinery,53.0,75.0,74.0,74.0,5.4679,5.4679,15.01K,18.28K,188.2,59.99,4.55B,No,107.48,98.89,93.53,99.7,89.54,498
1673,TATACOMM.NS,1736.2,1746.1,195.93K,Communications,Major Telecommunications,53.0,19.0,67.0,56.0,47.5714,47.5143,682.33K,240.42K,2110.0,1322.5,494.85B,No,1773.25,1873.27,1732.55,1855.04,1684.58,500
1674,BAJAJHLDNG.NS,11579.0,11550.0,21.95K,Finance,Financial Conglomerates,53.0,76.0,67.0,53.0,224.5,224.4286,50.94K,41.14K,14763.0,8588.0,1288.67B,No,11001.15,10703.84,10783.25,10843.2,10478.5,500
1675,PRIMO.NS,24.29,24.39,195.36K,Process Industries,Chemicals: Specialty,53.0,52.0,46.0,71.0,1.2736,1.2736,237.61K,256.83K,28.99,16.1,5.89B,No,23.57,23.97,22.56,24.06,22.39,327
1676,SUPERBAK.BO,30.06,30.0,0.12K,Process Industries,Agricultural Commodities/Milling,53.0,10.0,46.0,42.0,0.5664,0.3957,0.32K,0.22K,43.11,25.1,90.83M,No,29.41,32.16,31.92,32.4,31.8,498
1677,SCBL.BO,32.9,34.63,0.85K,Non-Energy Minerals,Other Metals/Minerals,53.0,3.0,3.0,7.0,0.2857,0.0557,0.88K,0.13K,64.13,6.75,35.31M,No,36.69,41.79,38.96,40.21,45.83,496
1678,CIPLA.NS,1463.0,1463.0,621.01K,Health Technology,Pharmaceuticals: Other,53.0,55.0,66.0,57.0,26.1357,24.4,1736.91K,1083.07K,1673.0,1165.7,1181.89B,No,1446.83,1429.2,1400.76,1430.82,1356.02,500
1679,ARTSON.BO,161.1,161.45,28.44K,Producer Manufacturing,Industrial Machinery,53.0,61.0,51.0,63.0,7.3821,6.0786,17.53K,5.06K,227.5,125.3,5.95B,No,151.9,162.11,154.84,164.31,154.32,497
1680,ARCHIDPLY.NS,92.2,92.95,14.84K,Producer Manufacturing,Building Products,53.0,85.0,57.0,56.0,4.5007,4.23,17.70K,53.52K,113.0,60.0,1.84B,No,83.51,81.73,84.39,83.15,80.87,499
1681,REXNORD.BO,77.61,80.17,1.49K,Producer Manufacturing,Industrial Machinery,53.0,26.0,68.0,61.0,4.0414,3.6586,3.97K,1.99K,101.46,49.0,1.03B,No,79.26,82.59,73.46,81.46,71.04,496
1682,ALFREDHE.BO,3006.2,3013.95,0.16K,Producer Manufacturing,Industrial Machinery,53.0,73.0,58.0,54.0,110.0714,105.3679,0.14K,0.29K,3974.0,2200.0,2.32B,No,2816.8,2796.77,2824.26,2817.34,2761.72,497
1683,LAKSHMIEW.BO,2087.8,2174.8999,0.06K,Producer Manufacturing,Industrial Machinery,53.0,12.0,56.0,49.0,111.6107,102.1607,0.08K,0.25K,2579.95,1681.2,1.40B,No,2218.22,2306.28,2131.79,2271.4,2080.94,496
1684,ASAHIINDIA.NS,891.5,901.65,133.82K,Consumer Durables,Home Furnishings,53.0,49.0,64.0,22.0,23.1643,23.025,149.05K,245.65K,1074.0,775.1,227.27B,No,890.69,884.71,912.41,885.37,879.91,500
1685,ALICON.NS,772.95,728.55,170.34K,Producer Manufacturing,Auto Parts: Oem,53.0,91.0,59.0,58.0,37.0464,36.6429,18.63K,44.73K,1022.0,580.0,12.63B,No,682.63,661.19,739.24,667.99,683.0,498
1686,BARODARY.BO,130.75,128.1,0.10K,Process Industries,Textiles,53.0,57.0,54.0,64.0,4.8857,4.8857,0.83K,0.92K,150.0,100.1,3.00B,No,128.81,128.66,120.54,128.96,120.32,497
1687,HCLTECH.NS,1365.4,1365.4,1418.34K,Technology Services,Information Technology Services,53.0,88.0,74.0,12.0,34.3,32.9286,3940.47K,2741.91K,1780.1,1030.0,3694.45B,No,1307.0,1203.01,1404.27,1218.89,1312.59,500
1688,M&M.NS,3403.6,3460.1001,1830.65K,Consumer Durables,Motor Vehicles,53.0,77.0,56.0,37.0,85.8714,82.9357,2879.19K,3092.88K,3839.9,2896.0,4086.91B,No,3312.51,3181.21,3356.08,3221.09,3223.57,500
1689,STYLEBAAZA.NS,351.3,353.45,985.48K,Retail Trade,Apparel/Footwear Retail,53.0,86.0,16.0,54.0,14.9929,12.5857,346.39K,243.89K,427.0,229.95,26.21B,No,296.96,308.61,311.7,309.52,321.83,480
1690,GTIL.BO,76.81,77.21,32.00K,Producer Manufacturing,Metal Fabrication,53.0,89.0,69.0,54.0,2.4714,2.4243,42.21K,24.00K,98.0,43.52,1.04B,No,82.7,73.48,,73.82,67.62,144
1691,AMITSEC.BO,43.82,41.74,0.00K,Commercial Services,Miscellaneous Commercial Services,53.0,14.0,30.0,10.0,3.1736,2.6479,0.34K,0.31K,67.16,27.21,311.12M,No,43.46,48.33,49.6,47.51,50.87,497
1692,IPRINGLTD.BO,130.4,131.05,5.02K,Producer Manufacturing,Industrial Conglomerates,52.0,75.0,60.0,77.0,6.9071,6.6036,1.60K,2.14K,174.85,93.0,1.65B,No,126.62,124.79,118.6,125.55,117.32,497
1693,TIINDIA.NS,2839.0,2780.0,486.56K,Non-Energy Minerals,Steel,52.0,36.0,35.0,69.0,84.3857,83.3571,316.37K,355.63K,3419.9,2164.9,549.55B,No,2813.69,2974.74,2783.2,2943.52,2787.55,500
1694,DIGJAMLMTD.NS,48.92,48.88,7.28K,Process Industries,Textiles,52.0,80.0,55.0,38.0,3.1693,3.0843,19.16K,24.56K,59.75,36.03,978.40M,No,46.12,45.41,45.92,45.79,45.57,498
1695,BIL.NS,820.6,833.1,2.42K,Consumer Non-Durables,Consumer Sundries,52.0,82.0,72.0,32.0,41.3321,39.9,5.79K,7.89K,980.0,602.0,11.00B,No,770.38,747.19,763.89,757.75,757.94,499
1696,CRSTCHM.BO,128.1,125.0,0.76K,Health Technology,Pharmaceuticals: Other,52.0,50.0,58.0,89.0,7.3464,7.3214,1.98K,0.57K,154.55,73.01,384.30M,No,130.26,133.73,113.84,132.99,112.22,497
1697,ECLERX.NS,1810.2,1795.6,98.89K,Commercial Services,Miscellaneous Commercial Services,52.0,86.0,66.0,8.0,91.9071,90.0286,403.19K,286.80K,2497.5,1320.0,166.58B,No,1871.31,1618.84,1841.99,1659.58,1649.42,500
1698,PFL.BO,30.2,30.25,3.00K,Industrial Services,Engineering & Construction,52.0,23.0,63.0,28.0,1.5264,1.3179,30.57K,19.50K,37.4,22.95,615.42M,No,30.8,29.75,29.9,29.99,29.63,466
1699,CCME.BO,73.1,76.9,0.61K,Producer Manufacturing,Miscellaneous Manufacturing,52.0,0.0,1.0,7.0,5.2,2.8714,6.87K,29.71K,181.3,34.51,3.31B,No,104.42,109.29,107.07,106.62,99.03,497
1700,NARPROP.BO,39.49,40.39,0.02K,Finance,Real Estate Development,52.0,59.0,67.0,65.0,3.5293,3.13,0.59K,0.94K,47.33,28.9,280.63M,No,38.06,37.95,36.71,37.97,36.48,496
1701,ADON.BO,83.18,83.1,124.00K,Distribution Services,Food Distributors,52.0,56.0,,,4.7414,4.6614,419.38K,230.80K,96.0,75.25,1.91B,No,84.25,,,,,28
1702,YSL.BO,31400.0,30900.0,0.08K,Distribution Services,Wholesale Distributors,52.0,86.0,58.0,66.0,543.4286,258.1465,0.01K,0.01K,38600.0,24800.05,9.65B,No,26999.85,27351.65,29378.16,27616.53,28247.16,497
1703,MOLDTKPAC.NS,685.45,678.85,31.50K,Producer Manufacturing,Miscellaneous Manufacturing,52.0,52.0,77.0,73.0,28.6036,28.2536,159.94K,109.47K,870.5,464.9,22.78B,No,688.33,690.19,619.2,690.81,616.18,498
1704,MASKINVEST.NS,153.0,158.57,0.51K,Finance,Finance/Rental/Leasing,52.0,35.0,39.0,50.0,5.4143,4.4293,0.22K,0.23K,246.09,114.94,466.88M,No,151.4,152.22,151.63,152.01,146.87,496
1705,CAMS.NS,777.4,788.0,1156.02K,Technology Services,Information Technology Services,52.0,50.0,35.0,58.0,20.7964,20.7571,1241.32K,1451.98K,844.9,611.4,193.03B,No,782.69,782.3,748.28,784.15,739.5,500
1706,CONART.BO,97.45,103.43,22.84K,Industrial Services,Engineering & Construction,52.0,66.0,74.0,71.0,6.6264,6.4664,10.74K,11.31K,122.5,60.0,611.99M,No,91.34,93.79,89.29,94.36,86.36,498
1707,PETRONET.NS,279.85,277.0,1408.05K,Utilities,Gas Distributors,52.0,53.0,49.0,34.0,5.7143,5.6536,2481.72K,1215.73K,326.4,235.35,419.78B,No,277.88,278.32,279.24,279.03,278.8,500
1708,SPICELOUNG.BO,27.92,25.39,245.95K,Retail Trade,Discount Stores,52.0,82.0,85.0,37.0,1.7643,1.7457,91.90K,43.71K,72.2,16.21,19.46B,No,24.8,24.72,33.45,25.13,26.86,498
1709,AVTNPL.NS,70.26,70.24,25.56K,Consumer Non-Durables,Food: Specialty/Candy,52.0,54.0,57.0,48.0,1.9121,1.9114,60.72K,37.91K,83.8,53.5,10.70B,No,70.49,70.65,67.31,70.75,66.94,498
1710,IFBAGRO.NS,1013.15,990.1,8.17K,Consumer Non-Durables,Beverages: Alcoholic,52.0,77.0,33.0,17.0,44.775,44.0964,7.43K,6.53K,1790.0,679.15,9.49B,No,982.93,950.23,1077.64,958.92,940.3,500
1711,GOWRALE.BO,94.02,95.6,1.10K,Finance,Investment Banks/Brokers,52.0,43.0,78.0,45.0,5.5893,5.5793,11.20K,4.42K,150.99,70.55,728.45M,No,97.75,101.23,95.1,101.72,90.79,497
1712,MUKANDLTD.NS,135.56,140.61,1701.82K,Non-Energy Minerals,Steel,52.0,63.0,46.0,53.0,4.2707,4.0693,238.16K,95.60K,154.25,114.31,19.59B,No,141.68,137.44,133.69,137.17,133.19,499
1713,DLF.NS,661.75,650.1,2681.16K,Finance,Real Estate Development,52.0,50.0,67.0,49.0,16.2821,15.0286,4398.57K,3455.28K,794.8,489.4,1638.04B,No,655.61,637.67,639.53,647.06,606.66,500
1714,ASIANHOTNR.NS,304.1,312.6,12.95K,Consumer Services,Hotels/Resorts/Cruise Lines,52.0,27.0,57.0,39.0,14.9,14.9,46.63K,73.22K,402.55,247.5,12.96B,No,305.49,305.35,307.52,304.83,298.03,498
1715,MODTHREAD.NS,45.91,46.52,0.58K,Process Industries,Textiles,52.0,34.0,48.0,56.0,2.4093,2.0443,1.58K,0.76K,62.0,35.61,1.60B,No,47.61,46.71,45.46,46.64,45.92,497
1716,BENGALASM.NS,6206.0,6204.5,0.40K,Consumer Durables,Automotive Aftermarket,52.0,39.0,36.0,,125.8571,125.1071,0.46K,0.37K,7268.0,5845.85,,No,6233.48,6357.42,,6280.35,,80
1717,HINDOILEXP.NS,162.36,164.85,396.11K,Energy Minerals,Integrated Oil,52.0,68.0,49.0,50.0,4.9679,4.9436,882.79K,450.57K,188.65,117.5,21.47B,No,160.44,161.46,152.83,159.91,153.17,500
1718,TIRUFOAM.BO,94.2,96.1,0.25K,Consumer Durables,Home Furnishings,52.0,95.0,63.0,42.0,3.4364,0.7464,1.41K,0.72K,134.4,56.1,415.14M,No,85.36,73.45,84.43,75.25,80.15,498
1719,ALPHAIND.BO,147.0,147.0,1.80K,Producer Manufacturing,Metal Fabrication,52.0,54.0,19.0,18.0,2.3714,1.4179,0.62K,0.42K,187.0,91.1,1.50B,No,150.07,148.39,148.19,145.79,160.96,496
1720,BIRLANU.NS,1667.8,1684.8,22.41K,Non-Energy Minerals,Forest Products,52.0,92.0,61.0,49.0,81.8214,81.3,21.57K,78.14K,2086.9,1190.1,,No,1410.22,1374.03,1516.41,1411.96,1440.59,498
1721,MARUTI.NS,13875.0,13990.0,354.33K,Consumer Durables,Motor Vehicles,52.0,53.0,54.0,34.0,260.0,252.1429,461.64K,486.25K,17370.0,12201.0,4362.34B,No,13846.25,13712.28,14496.68,13807.1,13740.43,499
1722,APOLSINHOT.NS,1225.7,1229.5,1.74K,Consumer Services,Hotels/Resorts/Cruise Lines,52.0,54.0,60.0,28.0,44.5429,42.55,2.31K,1.06K,1491.2,950.0,3.19B,No,1213.87,1251.13,1221.13,1243.5,1197.22,498
1723,EVERFIN.BO,108.95,104.15,0.94K,Process Industries,Textiles,52.0,26.0,33.0,42.0,10.7393,10.4143,0.25K,0.18K,143.0,77.5,675.49M,No,108.87,110.43,107.72,111.78,105.07,497
1724,TVSELECT.NS,454.1,459.35,46.84K,Electronic Technology,Electronic Equipment/Instruments,52.0,8.0,27.0,57.0,18.9464,17.2107,128.15K,86.62K,739.35,336.2,8.55B,No,491.84,488.92,466.42,491.09,442.94,499
1725,WINSOMTX.BO,88.0,89.95,5.96K,Process Industries,Textiles,52.0,23.0,63.0,76.0,5.3314,5.2521,31.66K,24.59K,105.4,58.01,1.74B,No,93.97,92.92,82.0,92.09,81.55,497
1726,MAMATA.NS,426.05,425.2,64.20K,Producer Manufacturing,Industrial Machinery,52.0,80.0,53.0,59.0,10.6214,9.6393,75.97K,98.71K,515.0,297.0,10.48B,No,402.02,391.19,403.92,395.2,395.14,405
1727,TTKPRESTIG.NS,586.3,589.95,51.69K,Consumer Durables,Home Furnishings,52.0,21.0,73.0,48.0,29.0679,29.0536,371.00K,1469.90K,771.2,423.0,80.30B,No,644.44,608.28,577.58,606.4,547.98,500
1728,MARIS.BO,32.88,33.72,4.01K,Process Industries,Textiles,51.0,84.0,70.0,61.0,1.7071,1.5664,5.03K,27.30K,42.99,23.6,260.57M,No,30.09,29.37,30.39,29.79,29.31,496
1729,INFRONICS.BO,21.63,22.59,0.63K,Technology Services,Information Technology Services,51.0,93.0,83.0,58.0,1.5029,1.055,4.21K,5.30K,34.8,13.0,171.45M,No,21.7,18.91,20.47,19.28,18.24,497
1730,NILACHAL.BO,39.59,36.44,0.03K,Non-Energy Minerals,Construction Materials,51.0,39.0,22.0,72.0,2.0579,1.7493,0.53K,0.42K,56.92,28.88,806.11M,No,39.09,40.49,39.69,40.31,40.31,496
1731,GLOSTERLTD.NS,640.95,652.7,1.48K,Process Industries,Textiles,51.0,45.0,43.0,47.0,26.55,23.7,5.03K,3.13K,756.45,495.0,7.01B,No,671.48,680.72,627.63,683.12,621.74,499
1732,AREXMIS.BO,132.9,139.85,0.09K,Process Industries,Textiles,51.0,87.0,83.0,30.0,4.25,1.5393,0.20K,0.42K,165.7,95.5,911.69M,No,123.18,116.67,123.97,117.41,117.2,498
1733,SUNILAGR.BO,88.89,88.98,0.56K,Process Industries,Agricultural Commodities/Milling,51.0,74.0,66.0,47.0,1.3636,0.8979,0.17K,0.01K,103.0,73.28,266.93M,No,84.82,84.27,87.01,84.7,85.38,497
1734,KRT.BO,117.31,117.0,10.67K,Finance,Real Estate Investment Trusts,51.0,56.0,51.0,32.0,1.4936,1.44,58.87K,96.46K,129.49,103.1,520.20B,No,117.19,116.55,118.91,116.46,117.8,245
1735,GINNIFILA.NS,44.05,45.1,58.44K,Process Industries,Textiles,51.0,3.0,48.0,70.0,2.0043,1.9807,135.57K,53.31K,57.85,31.5,3.77B,No,46.83,47.32,42.07,47.38,42.4,498
1736,AXISBANK.NS,1230.0,1229.8,7218.36K,Finance,Major Banks,51.0,26.0,45.0,29.0,19.7357,18.5571,7047.65K,5916.07K,1418.3,1042.5,3828.72B,No,1248.63,1300.95,1288.0,1301.05,1296.22,500
1737,ALKEM.NS,5480.0,5527.5,110.44K,Health Technology,Pharmaceuticals: Major,51.0,35.0,48.0,39.0,117.7857,116.3929,152.02K,105.16K,5933.5,5075.0,655.22B,No,5638.38,5527.54,5545.53,5537.65,5485.02,499
1738,MAHSEAMLES.NS,609.95,595.0,118.55K,Non-Energy Minerals,Steel,51.0,61.0,37.0,65.0,15.8893,15.625,138.47K,129.63K,698.0,500.7,81.73B,No,582.87,601.08,581.35,600.88,591.37,499
1739,BRITANNIA.NS,5645.5,5598.0,257.81K,Consumer Non-Durables,Food: Specialty/Candy,51.0,68.0,56.0,33.0,120.75,106.4286,322.89K,427.90K,6336.0,5035.0,1359.82B,No,5473.98,5335.04,5683.0,5369.35,5568.85,500
1740,HATSUN.NS,950.05,942.5,57.78K,Consumer Non-Durables,Food: Meat/Fish/Dairy,51.0,67.0,43.0,51.0,23.5786,23.1393,30.20K,33.15K,1179.0,855.3,211.62B,No,908.13,909.95,950.28,915.47,922.83,499
1741,VENKEYS.NS,1515.1,1537.8,133.85K,Process Industries,Agricultural Commodities/Milling,51.0,73.0,35.0,40.0,62.9572,62.2,81.83K,134.67K,1800.0,1165.0,21.34B,No,1525.38,1464.79,1451.05,1469.4,1449.13,499
1742,BANSWRAS.NS,122.0,123.14,13.96K,Process Industries,Textiles,51.0,53.0,49.0,59.0,5.0736,4.9329,50.09K,38.91K,144.0,93.73,4.18B,No,126.83,128.18,118.28,128.46,119.22,498
1743,INDIQUBE.NS,183.79,184.05,34.84K,Finance,Real Estate Development,51.0,72.0,67.0,52.0,7.6921,7.6207,111.37K,56.68K,243.8,131.15,38.96B,No,176.18,170.27,180.1,173.46,167.77,257
1744,TRUALT.NS,465.1,478.1,213.40K,Process Industries,Chemicals: Specialty,51.0,64.0,42.0,68.0,19.5286,19.025,458.14K,593.01K,542.0,310.2,39.88B,No,439.87,460.82,433.55,458.32,439.29,214
1745,VAIBHAVGBL.NS,232.85,237.65,410.35K,Consumer Durables,Other Consumer Specialties,51.0,15.0,50.0,46.0,10.835,10.72,512.18K,734.61K,293.25,174.13,38.95B,No,255.25,245.35,233.23,246.13,228.08,499
1746,REFEX.NS,293.4,294.75,322.77K,Energy Minerals,Coal,51.0,5.0,71.0,77.0,13.9321,13.4286,1499.91K,786.40K,415.0,188.0,40.26B,No,308.39,323.08,281.7,320.77,267.91,498
1747,CHEVIOT.NS,1162.1,1168.5,2.23K,Process Industries,Textiles,51.0,62.0,25.0,62.0,54.4357,51.8429,4.16K,15.15K,1370.5,898.0,6.79B,No,1148.79,1126.33,1089.59,1130.03,1087.79,500
1748,LTM.NS,4762.1,4850.0,318.65K,Technology Services,Data Processing Services,51.0,91.0,68.0,11.0,157.5428,140.4215,521.06K,562.33K,6429.5,3528.0,1411.78B,No,4369.04,4068.88,4897.34,4118.45,4420.23,500
1749,BASML.NS,25.83,26.93,112.96K,Process Industries,Textiles,51.0,55.0,55.0,55.0,1.0686,0.9579,151.58K,69.70K,31.9,17.05,2.06B,No,26.99,26.4,25.09,26.4,24.11,499
1750,LGBBROSLTD.NS,1602.4,1549.2,41.02K,Producer Manufacturing,Electrical Products,51.0,60.0,41.0,30.0,38.8143,37.4072,25.43K,26.60K,2048.0,1222.1,51.11B,No,1551.02,1554.43,1715.16,1566.16,1678.67,500
1751,PYRAMID.NS,162.42,170.75,237.12K,Producer Manufacturing,Miscellaneous Manufacturing,51.0,35.0,30.0,55.0,11.0236,10.7886,135.26K,166.68K,198.69,131.8,5.99B,No,173.18,170.0,161.44,169.47,160.63,497
1752,INOXGREEN.NS,187.25,184.41,1069.30K,Utilities,Alternative Power Generation,51.0,26.0,46.0,57.0,10.1193,10.0814,1447.12K,1080.76K,279.0,132.58,75.18B,No,185.4,188.87,189.55,190.49,174.3,497
1753,SUPERHOUSE.NS,158.53,160.89,3.63K,Consumer Non-Durables,Apparel/Footwear,51.0,51.0,59.0,41.0,6.3021,6.3,14.18K,3.63K,201.95,128.55,1.75B,No,160.87,157.55,153.47,158.96,154.11,499
1754,MCL.NS,58.58,58.34,101.39K,Non-Energy Minerals,Other Metals/Minerals,51.0,72.0,42.0,5.0,2.5771,2.5771,42.63K,69.89K,93.2,42.0,1.59B,No,54.78,56.07,60.16,55.93,62.29,499
1755,METROGLOBL.NS,133.05,134.46,1.54K,Distribution Services,Wholesale Distributors,51.0,43.0,55.0,,5.8064,5.6421,3.24K,1.31K,159.79,110.0,1.64B,No,131.58,130.92,,131.3,,79
1756,GUJRAFFIA.NS,41.98,39.02,24.69K,Producer Manufacturing,Miscellaneous Manufacturing,51.0,61.0,63.0,52.0,2.105,1.9614,4.99K,1.73K,88.0,35.1,,No,39.7,40.39,45.18,40.51,40.12,493
1757,GMPL.BO,72.0,72.0,0.70K,Process Industries,Industrial Specialties,51.0,63.0,53.0,51.0,0.5,0.0,9.57K,0.07K,92.4,55.0,969.09M,No,68.78,69.62,68.37,70.72,67.05,496
1758,JYOTICNC.NS,818.85,805.0,756.87K,Producer Manufacturing,Metal Fabrication,51.0,70.0,64.0,50.0,34.8964,34.0071,1499.34K,1471.33K,1055.9,580.1,186.23B,No,812.77,762.54,819.0,773.63,760.59,500
1759,HMEML.BO,53.99,53.73,3.20K,Distribution Services,Wholesale Distributors,51.0,84.0,65.0,57.0,2.0164,1.3779,11.30K,10.88K,70.8,36.47,739.62M,No,49.76,51.27,51.49,51.14,48.58,378
1760,TIMKEN.NS,3235.0,3211.6001,44.90K,Producer Manufacturing,Industrial Machinery,51.0,51.0,27.0,50.0,89.3,89.3,73.45K,47.85K,3925.0,2800.5,243.33B,No,3175.7,3362.8,3272.08,3348.01,3371.15,499
1761,JBMA.NS,627.35,643.9,336.68K,Producer Manufacturing,Auto Parts: Oem,51.0,21.0,44.0,58.0,16.6893,16.0321,1011.39K,259.99K,790.0,477.0,148.36B,No,660.69,677.7,618.95,675.32,617.45,500
1762,APOLLOTYRE.NS,445.15,443.0,560.93K,Consumer Durables,Automotive Aftermarket,51.0,54.0,67.0,26.0,9.8036,9.1857,1321.43K,934.72K,540.5,365.3,281.59B,No,432.92,426.97,456.98,430.96,432.32,500
1763,BLACKBUCK.NS,568.05,571.5,174.32K,Technology Services,Packaged Software,51.0,54.0,48.0,45.0,20.5214,20.4964,546.45K,614.76K,748.0,496.0,103.47B,No,557.55,553.95,594.65,561.83,568.51,429
1764,UNIFIED.BO,377.5,369.95,13.20K,Technology Services,Information Technology Services,51.0,58.0,19.0,47.0,12.6321,11.9464,23.95K,21.24K,495.0,275.0,7.58B,No,369.35,376.05,375.56,373.31,365.6,301
1765,SANDUMA.NS,202.89,204.39,681.96K,Non-Energy Minerals,Other Metals/Minerals,51.0,47.0,15.0,28.0,6.7143,6.4886,1155.99K,1120.66K,273.0,141.37,98.63B,No,203.73,207.26,211.93,205.97,208.15,500
1766,NATFIT.BO,164.85,169.8,14.18K,Producer Manufacturing,Metal Fabrication,50.0,77.0,67.0,53.0,7.7214,6.65,13.55K,11.63K,235.0,133.6,1.50B,No,158.48,155.94,163.36,157.7,157.88,496
1767,IWP.NS,33.96,33.64,5.15K,Consumer Non-Durables,Food: Specialty/Candy,50.0,60.0,40.0,,1.5057,1.445,5.60K,3.12K,39.15,28.0,,No,33.22,33.4,,33.32,,80
1768,CAMEXLTD.BO,40.3,41.0,1.68K,Process Industries,Textiles,50.0,53.0,88.0,70.0,3.0686,3.0,8.26K,1.03K,50.39,26.37,411.41M,No,40.93,41.3,35.17,41.7,35.71,497
1769,GARNET.BO,65.07,65.85,4.25K,Finance,Real Estate Development,50.0,25.0,5.0,29.0,3.1729,3.145,6.82K,2.95K,116.0,37.1,904.62M,No,67.33,70.35,76.13,69.4,80.14,497
1770,CARERATING.NS,1687.6,1688.6,44.13K,Commercial Services,Financial Publishing/Services,50.0,60.0,56.0,51.0,54.0429,52.95,53.44K,46.80K,1838.0,1392.7,50.78B,No,1701.56,1671.46,1615.02,1678.51,1633.18,499
1771,GALAXYSURF.NS,2022.4,2043.1,9.39K,Consumer Non-Durables,Household/Personal Care,50.0,53.0,62.0,58.0,60.3357,59.8714,14.61K,15.28K,2456.9,1510.0,71.70B,No,1976.22,1932.07,1925.49,1961.74,1860.31,498
1772,SOVERDIA.BO,25.64,24.88,3.73K,Consumer Durables,Other Consumer Specialties,50.0,91.0,70.0,57.0,2.3064,2.2779,4.19K,9.22K,39.5,18.21,148.40M,No,24.53,22.73,23.39,23.45,22.66,497
1773,RPSGVENT.NS,884.55,903.05,34.47K,Finance,Financial Conglomerates,50.0,40.0,12.0,71.0,28.2714,27.7893,34.98K,27.55K,1179.0,551.9,29.27B,No,914.15,894.3,820.22,887.48,838.92,499
1774,APLLTD.NS,841.65,838.85,142.03K,Health Technology,Pharmaceuticals: Major,50.0,61.0,65.0,51.0,21.9464,21.3214,154.28K,149.09K,1002.0,635.8,165.44B,No,820.2,798.18,795.06,803.04,760.99,500
1775,JTEKTINDIA.NS,139.46,141.16,90.75K,Consumer Durables,Automotive Aftermarket,50.0,31.0,43.0,40.0,4.1714,4.1329,766.01K,304.99K,188.5,117.01,38.69B,No,137.23,136.33,139.33,137.71,134.81,500
1776,DEEPAKSP.BO,129.6,127.55,0.96K,Process Industries,Textiles,50.0,31.0,68.0,65.0,7.6357,7.575,5.37K,6.72K,154.0,88.65,931.74M,No,135.68,128.61,121.26,130.63,120.29,497
1777,GGDPROP.BO,70.11,73.0,0.50K,Producer Manufacturing,Industrial Machinery,50.0,15.0,52.0,43.0,5.41,4.6621,1.69K,2.15K,92.99,46.5,333.82M,No,74.28,70.27,69.48,71.67,66.43,497
1778,SPML.BO,160.0,159.0,2.00K,Distribution Services,Medical Distributors,50.0,8.0,0.0,,7.1143,6.1536,21.05K,8.20K,381.2,121.1,1.41B,No,177.53,190.12,,184.67,,94
1779,SINDHUTRAD.NS,24.2,24.45,678.93K,Transportation,Air Freight/Couriers,50.0,26.0,58.0,62.0,0.8343,0.8207,2789.37K,416.10K,32.74,17.64,37.31B,No,24.67,25.13,23.58,25.09,24.1,499
1780,CHEMCON.NS,192.3,189.55,10.23K,Process Industries,Chemicals: Specialty,50.0,67.0,66.0,53.0,6.6429,5.7943,111.98K,22.48K,295.0,125.0,7.04B,No,183.48,187.99,186.11,186.33,172.89,498
1781,MARALOVER.NS,52.96,53.2,6.32K,Process Industries,Textiles,50.0,41.0,32.0,79.0,3.3193,3.0486,13.66K,22.96K,65.79,34.11,2.20B,No,55.86,55.54,48.15,55.44,49.16,497
1782,LANCORHOL.NS,25.95,27.72,145.75K,Finance,Real Estate Development,50.0,63.0,64.0,27.0,1.9021,1.9,99.60K,166.14K,33.8,18.12,1.91B,No,25.74,25.4,25.15,25.54,24.83,498
1783,MYSORPETRO.BO,103.0,108.56,2.44K,Distribution Services,Wholesale Distributors,50.0,67.0,66.0,45.0,6.2686,6.2129,1.49K,3.73K,124.4,75.11,678.10M,No,99.65,98.54,99.45,98.83,96.15,496
1784,MUNJALSHOW.NS,132.39,134.9,33.32K,Producer Manufacturing,Auto Parts: Oem,50.0,50.0,40.0,58.0,4.1914,3.7407,54.28K,131.37K,150.9,110.3,5.29B,No,136.55,132.53,128.03,132.41,128.48,499
1785,MACH.BO,83.0,83.0,1.50K,Consumer Services,Hotels/Resorts/Cruise Lines,50.0,57.0,43.0,39.0,4.6543,3.2714,1.24K,1.05K,98.55,65.0,527.58M,No,83.18,85.09,83.52,83.84,83.62,496
1786,MODINATUR.NS,390.0,392.1,2.85K,Process Industries,Agricultural Commodities/Milling,50.0,24.0,60.0,69.0,15.6536,15.4679,13.32K,2.53K,524.8,252.3,5.19B,No,402.87,414.42,,407.79,371.88,165
1787,PAGEIND.NS,38295.0,38440.0,17.25K,Consumer Non-Durables,Apparel/Footwear,50.0,24.0,57.0,63.0,864.2857,818.2143,32.66K,18.61K,47310.0,29805.0,427.14B,No,39944.25,40049.4,36966.55,40120.0,36643.67,497
1788,UCAL.NS,116.02,117.65,2.47K,Producer Manufacturing,Auto Parts: Oem,50.0,55.0,64.0,48.0,3.5564,3.4579,20.96K,7.11K,146.99,77.0,2.57B,No,117.34,113.43,109.88,114.39,106.13,497
1789,SMARITIME.BO,23.0,23.0,1.60K,Transportation,Marine Shipping,50.0,48.0,60.0,24.0,0.4371,0.2229,1.08K,1.76K,46.0,15.26,70.62M,No,21.39,21.66,25.51,22.1,19.74,497
1790,CENTURYPLY.NS,763.85,776.4,49.85K,Producer Manufacturing,Building Products,50.0,42.0,43.0,29.0,24.6429,24.5429,96.69K,154.61K,859.0,618.5,169.71B,No,783.97,769.59,767.13,773.63,757.04,499
1791,GRANDOAK.NS,39.29,40.81,8.21K,Finance,Finance/Rental/Leasing,50.0,,,,2.5579,2.4907,54.08K,8.49K,55.76,24.0,,No,,,,,,16
1792,BI.NS,64.62,64.92,10.87K,Process Industries,Containers/Packaging,50.0,49.0,26.0,,3.2257,3.155,7.50K,8.48K,75.0,51.62,,No,61.01,60.81,,60.42,,80
1793,PALCO.BO,145.25,150.2,2.58K,Distribution Services,Wholesale Distributors,50.0,74.0,40.0,68.0,7.9536,7.4536,1.58K,0.73K,195.6,88.85,581.00M,No,141.01,138.01,130.53,137.03,130.18,496
1794,GUJCONT.BO,162.7,167.0,0.10K,Process Industries,Containers/Packaging,50.0,59.0,47.0,38.0,6.0536,2.4929,0.46K,1.28K,180.0,142.6,919.25M,No,160.95,159.48,163.23,159.08,159.69,498
1795,NOVUS.BO,145.7,143.6,48.00K,Technology Services,Packaged Software,50.0,76.0,19.0,,5.7714,4.95,38.17K,39.50K,195.0,126.95,2.27B,No,135.35,138.94,,139.29,,95
1796,MANYAVAR.NS,521.9,522.0,468.60K,Retail Trade,Internet Retail,50.0,94.0,74.0,53.0,23.125,23.125,1034.99K,5384.24K,796.55,329.2,126.81B,No,443.78,420.19,476.59,428.38,420.71,498
1797,TRUSTEDGE.BO,134.1,127.0,5.11K,Finance,Finance/Rental/Leasing,50.0,19.0,13.0,45.0,9.2179,8.6679,4.44K,2.60K,178.5,78.0,1.24B,No,133.33,137.3,130.88,136.01,145.8,497
1798,LAKSHMIMIL.BO,8001.9,8010.0,0.09K,Process Industries,Textiles,50.0,73.0,52.0,54.0,219.1714,211.9179,0.13K,0.10K,9950.0,6863.0,5.57B,No,7864.69,7595.44,7701.45,7643.46,7528.67,497
1799,AMARJOTHI.BO,155.75,162.0,11.02K,Process Industries,Textiles,50.0,40.0,52.0,64.0,6.55,6.0536,3.94K,2.27K,187.0,113.1,1.05B,No,171.34,166.99,148.44,166.38,149.13,497
1800,INA.NS,105.99,104.04,715.01K,Electronic Technology,Semiconductors,50.0,11.0,7.0,,4.0793,4.0786,1736.66K,503.85K,161.81,79.75,23.37B,No,112.78,114.99,,114.5,,109
1801,BHARTIARTL.NS,1945.0,1915.2,10867.26K,Communications,Wireless Telecommunications,50.0,52.0,63.0,38.0,37.1928,33.5571,7788.01K,6070.83K,2174.5,1740.5,12134.19B,No,1940.66,1897.45,1949.18,1909.87,1892.08,500
1802,INDSUCR.BO,78.0,76.39,14.66K,Process Industries,Agricultural Commodities/Milling,50.0,69.0,45.0,67.0,2.7686,2.7671,5.42K,4.88K,100.5,61.31,1.36B,No,74.98,75.09,75.83,74.65,73.99,497
1803,GOLDENCREST.BO,312.15,318.5,0.01K,Commercial Services,Miscellaneous Commercial Services,49.0,4.0,27.0,60.0,2.275,1.3571,0.01K,0.01K,378.0,224.8,1.64B,No,342.28,356.57,325.13,355.48,324.06,498
1804,DLTNCBL.BO,547.6,456.35,120.80K,Producer Manufacturing,Electrical Products,49.0,93.0,80.0,56.0,28.7643,23.4286,5.53K,5.36K,824.0,336.0,4.73B,No,436.24,426.56,510.32,438.25,442.99,497
1805,KNAGRI.NS,201.28,204.6,3.65K,Process Industries,Agricultural Commodities/Milling,49.0,38.0,67.0,66.0,7.5286,7.405,12.54K,6.94K,249.5,148.3,5.03B,No,206.92,206.12,196.52,206.94,192.58,498
1806,TECHKGREEN.BO,132.0,135.5,2.80K,Commercial Services,Miscellaneous Commercial Services,49.0,45.0,71.0,76.0,5.7464,4.8071,7.13K,3.76K,194.05,95.5,974.52M,No,140.24,139.3,123.81,137.21,123.02,497
1807,CRISIL.NS,4507.1,4480.7998,28.10K,Technology Services,Internet Software/Services,49.0,79.0,66.0,28.0,126.8214,126.7428,61.05K,55.81K,5451.0,3686.0,329.60B,No,4424.26,4187.19,4331.28,4229.72,4226.6,500
1808,COFFEEDAY.NS,29.91,30.46,492.09K,Consumer Services,Restaurants,49.0,20.0,74.0,39.0,1.295,1.1007,2587.43K,508.40K,51.46,21.0,6.32B,No,31.42,32.77,31.65,32.09,29.45,500
1809,HARSHA.NS,399.9,410.45,254.26K,Producer Manufacturing,Metal Fabrication,49.0,27.0,37.0,53.0,13.9357,13.6857,212.69K,216.52K,469.0,313.3,36.41B,No,412.63,416.24,389.47,414.79,389.58,499
1810,AXISCADES.NS,1543.4,1545.5,75.31K,Commercial Services,Miscellaneous Commercial Services,49.0,31.0,4.0,80.0,66.2071,65.6714,207.98K,140.98K,2211.0,1063.3,65.65B,No,1563.64,1678.51,1567.95,1668.53,1639.6,500
1811,VIDHIING.NS,314.95,315.7,7.12K,Consumer Non-Durables,Food: Specialty/Candy,49.0,72.0,62.0,37.0,15.1857,15.0821,36.87K,117.57K,410.0,258.6,15.73B,No,313.55,298.95,314.23,301.04,303.02,498
1812,EXCELINDUS.NS,1051.0,1034.4,6.45K,Process Industries,Chemicals: Agricultural,49.0,86.0,57.0,62.0,33.1571,33.1036,8.95K,7.74K,1348.8,800.05,13.21B,No,982.24,939.97,948.09,947.34,939.7,498
1813,OIL.NS,472.0,470.35,2772.57K,Energy Minerals,Oil Refining/Marketing,49.0,80.0,59.0,36.0,13.6393,12.1929,4229.90K,3872.73K,531.0,384.6,767.76B,No,450.07,437.93,451.37,434.83,464.41,500
1814,OMAXE.NS,81.98,83.03,331.51K,Finance,Real Estate Development,49.0,24.0,32.0,53.0,3.6529,3.6514,1529.13K,275.36K,101.0,62.5,15.06B,No,88.31,83.52,77.93,83.68,79.32,498
1815,VADILENT.BO,9965.0,9969.0,0.01K,Consumer Non-Durables,Food: Specialty/Candy,49.0,55.0,54.0,43.0,95.4678,91.6321,0.08K,0.32K,11327.8,9450.0,8.60B,No,9887.35,9871.65,9974.03,9856.21,9913.27,497
1816,SHRICON.BO,187.15,197.0,0.93K,Industrial Services,Engineering & Construction,49.0,41.0,3.0,17.0,11.1107,5.3571,0.14K,0.18K,278.0,122.55,232.07M,No,196.74,199.81,189.51,195.39,199.25,498
1817,MODRNSH.BO,35.66,37.99,0.28K,Finance,Investment Banks/Brokers,49.0,44.0,59.0,25.0,4.6621,4.6007,1.91K,1.53K,48.1,24.7,104.52M,No,34.93,35.18,35.79,35.24,33.09,496
1818,AMNPLST.NS,199.6,199.4,2.24K,Process Industries,Chemicals: Specialty,49.0,37.0,76.0,67.0,9.1936,9.1007,28.82K,17.20K,250.0,127.0,10.98B,No,197.31,195.96,183.09,196.79,177.2,499
1819,MPKSTEELS.BO,97.45,97.05,44.80K,Non-Energy Minerals,Steel,49.0,6.0,10.0,49.0,4.225,3.6429,15.44K,8.40K,152.8,73.65,992.13M,No,104.26,113.58,116.84,112.97,117.59,211
1820,ULTRACEMCO.NS,11891.0,11780.0,328.10K,Non-Energy Minerals,Construction Materials,49.0,61.0,51.0,31.0,213.3571,200.7857,308.99K,216.87K,13110.0,10325.0,3497.97B,No,11945.5,11591.26,11794.91,11687.9,11757.83,500
1821,TAJGVK.NS,352.85,358.7,76.04K,Consumer Services,Hotels/Resorts/Cruise Lines,49.0,37.0,65.0,37.0,10.875,10.7357,136.64K,163.93K,512.65,281.35,22.12B,No,360.82,348.68,358.15,351.42,339.1,500
1822,AKASH.NS,26.4,26.5,4.24K,Industrial Services,Engineering & Construction,49.0,35.0,45.0,53.0,0.8793,0.8793,7.36K,8.21K,36.0,22.8,445.17M,No,26.72,26.76,26.31,26.65,26.27,498
1823,NIRAVCOM.BO,719.6,715.0,0.01K,Non-Energy Minerals,Aluminum,49.0,67.0,22.0,63.0,20.1714,6.8357,0.02K,0.01K,953.3,551.0,282.08M,No,734.87,764.97,720.04,746.24,731.33,496
1824,DWARKESH.NS,41.56,41.68,683.12K,Process Industries,Agricultural Commodities/Milling,49.0,34.0,19.0,66.0,2.07,1.9971,1103.04K,1650.80K,53.09,32.13,7.70B,No,41.63,42.99,41.02,42.42,41.59,497
1825,PRISMFN.BO,27.0,27.0,0.10K,Finance,Finance/Rental/Leasing,49.0,53.0,51.0,42.0,0.0029,0.0,0.00K,0.01K,28.37,26.96,175.51M,No,26.97,26.97,27.31,26.97,26.96,496
1826,TGVSL.BO,106.2,108.7,264.06K,Process Industries,Chemicals: Specialty,49.0,65.0,44.0,70.0,4.0893,4.0321,142.34K,211.09K,142.25,78.1,11.37B,No,104.5,104.44,103.41,104.36,99.08,497
1827,MAXESTATES.NS,420.65,426.65,59.25K,Finance,Real Estate Development,49.0,29.0,58.0,58.0,14.0929,13.6571,105.66K,55.13K,502.15,305.45,68.78B,No,402.69,426.16,420.55,421.29,402.05,497
1828,SANDESH.NS,1080.75,1085.25,2.40K,Consumer Services,Publishing: Newspapers,49.0,78.0,48.0,51.0,59.6607,47.3929,2.63K,13.52K,1320.1,811.0,8.18B,No,1012.79,988.73,1026.74,1001.25,995.09,498
1829,BRAWN.BO,20.3,21.0,1.03K,Health Technology,Pharmaceuticals: Major,49.0,18.0,50.0,48.0,0.7007,0.3907,0.57K,0.63K,24.37,17.16,60.91M,No,21.56,21.0,20.81,20.9,20.72,497
1830,MSPL.NS,34.87,35.52,409.96K,Non-Energy Minerals,Steel,49.0,10.0,13.0,66.0,1.5707,1.4121,2139.39K,1145.27K,46.12,26.25,19.76B,No,35.98,39.25,35.69,38.84,35.77,497
1831,SAKSOFT.NS,163.0,164.6,259.74K,Technology Services,Information Technology Services,49.0,32.0,68.0,36.0,7.3386,7.1786,6355.81K,865.16K,229.68,107.59,20.84B,No,170.62,163.79,164.93,163.3,149.61,500
1832,JGTL.BO,531.7,530.35,1.38K,Electronic Technology,Electronic Equipment/Instruments,49.0,72.0,63.0,63.0,22.4929,21.8357,0.93K,0.82K,668.0,433.0,2.41B,No,507.44,505.7,524.39,505.19,496.3,497
1833,GMBREW.NS,896.0,900.0,19.76K,Consumer Non-Durables,Beverages: Alcoholic,49.0,19.0,34.0,28.0,13.8357,13.8321,63.60K,20.44K,1328.8,666.05,20.47B,No,904.29,917.17,999.01,916.94,955.8,500
1834,MMTC.NS,64.43,64.98,1972.26K,Distribution Services,Wholesale Distributors,49.0,51.0,40.0,44.0,1.72,1.5114,7574.13K,1519.75K,78.35,50.1,96.64B,No,63.05,66.21,63.48,65.7,63.48,499
1835,MSUMI.NS,41.04,41.01,9091.42K,Producer Manufacturing,Auto Parts: Oem,49.0,57.0,44.0,30.0,1.2014,1.1907,13459.43K,12680.19K,53.59,35.7,272.16B,No,40.64,39.73,42.34,40.13,40.35,499
1836,SHAYONAENG.BO,141.05,146.0,2.00K,Producer Manufacturing,Industrial Machinery,49.0,51.0,66.0,33.0,4.7214,3.025,6.53K,6.00K,166.0,119.0,549.00M,No,141.28,139.92,,140.46,,133
1837,EIEL.NS,203.13,213.97,2468.24K,Industrial Services,Environmental Services,49.0,10.0,36.0,64.0,7.6214,7.47,2692.45K,907.00K,276.1,134.71,35.66B,No,218.97,214.73,197.72,216.67,190.3,425
1838,MAZDOCK.NS,2552.0,2554.0,691.85K,Producer Manufacturing,Trucks/Construction/Farm Machinery,49.0,72.0,43.0,48.0,65.1,64.0071,838.53K,1179.83K,3061.4,2057.4,1029.43B,No,2391.25,2433.85,2483.44,2445.03,2440.07,500
1839,VOLTAS.NS,1290.0,1280.0,991.39K,Producer Manufacturing,Industrial Machinery,48.0,55.0,46.0,35.0,32.1143,31.9929,973.90K,538.18K,1582.5,1186.8,426.84B,No,1316.76,1311.01,1365.79,1307.17,1352.55,500
1840,PATELRMART.NS,220.18,225.96,254.93K,Retail Trade,Food Retail,48.0,48.0,60.0,58.0,6.5643,6.5314,231.92K,67.76K,305.0,150.25,7.35B,No,221.59,217.88,204.18,221.54,199.45,240
1841,LAKESHORE.BO,80.0,79.48,0.90K,Process Industries,Agricultural Commodities/Milling,48.0,79.0,79.0,65.0,5.1114,5.0079,2.91K,2.52K,114.63,55.45,280.06M,No,77.4,71.21,77.27,72.54,71.23,497
1842,SAHLIBHFI.NS,79.04,75.0,3.61K,Finance,Finance/Rental/Leasing,48.0,48.0,62.0,,4.2164,4.0607,21.36K,10.71K,86.89,70.05,2.44B,No,78.49,77.94,,78.5,,86
1843,PURETROP.BO,158.1,160.05,0.37K,Distribution Services,Food Distributors,48.0,57.0,37.0,19.0,6.4786,6.3679,7.38K,8.79K,200.0,107.1,1.09B,No,157.69,155.84,165.61,155.68,168.15,496
1844,FILTRA.BO,60.0,58.5,4.00K,Producer Manufacturing,Industrial Machinery,48.0,70.0,70.0,27.0,1.1164,1.0807,3.68K,1.00K,92.39,42.0,657.84M,No,58.97,57.12,62.1,57.42,58.98,496
1845,CASTROLIND.NS,188.38,186.82,5108.83K,Energy Minerals,Oil Refining/Marketing,48.0,59.0,56.0,43.0,2.9829,2.3407,1652.79K,4439.29K,212.4,170.1,186.33B,No,186.83,185.32,186.01,185.7,184.26,500
1846,STDSFAC.BO,52.04,52.91,0.86K,Consumer Non-Durables,Household/Personal Care,48.0,40.0,46.0,41.0,3.1893,3.0379,1.65K,1.21K,69.0,44.1,429.93M,No,51.83,51.04,52.07,51.39,52.14,497
1847,OCTAL.BO,19.5,19.01,0.04K,Finance,Investment Banks/Brokers,48.0,73.0,46.0,28.0,0.5443,0.3021,0.13K,0.05K,27.45,17.91,97.52M,No,20.45,20.11,21.56,20.03,20.93,496
1848,DYNAVSN.BO,210.0,211.8,0.59K,Finance,Real Estate Development,48.0,64.0,79.0,56.0,7.0786,6.5214,1.08K,0.82K,261.95,145.0,806.40M,No,205.61,198.66,189.94,200.65,184.97,497
1849,HEXT.NS,566.95,565.15,209.21K,Technology Services,Packaged Software,48.0,67.0,77.0,12.0,26.2607,24.8143,1086.87K,1693.49K,829.4,400.2,345.72B,No,565.55,539.03,583.8,540.52,519.09,366
1850,COROMANDEL.NS,2073.3,2085.2,105.49K,Process Industries,Chemicals: Specialty,48.0,60.0,65.0,28.0,49.1499,47.0642,308.35K,125.27K,2500.0,1706.5,610.58B,No,2054.83,2007.38,2111.52,2026.57,2031.03,500
1851,VEEDOL.NS,1513.4,1531.3,17.36K,Energy Minerals,Oil Refining/Marketing,48.0,68.0,51.0,49.0,35.0429,34.2072,12.26K,25.80K,2035.0,1238.2,25.72B,No,1431.86,1444.59,1488.18,1449.99,1418.46,500
1852,CREST.NS,363.35,368.65,5.85K,Finance,Investment Managers,48.0,41.0,38.0,44.0,15.4286,15.3786,12.79K,5.26K,418.0,298.15,10.27B,No,375.67,377.73,365.64,379.77,361.04,498
1853,SAMRATPH.BO,242.95,242.2,0.63K,Process Industries,Chemicals: Specialty,48.0,29.0,73.0,65.0,12.5393,12.475,3.31K,0.75K,350.0,190.0,750.64M,No,249.72,234.32,230.65,238.1,221.89,497
1854,VANTABIO.BO,20.67,21.75,0.75K,Health Technology,Biotechnology,48.0,3.0,87.0,49.0,0.3343,0.0043,0.68K,0.75K,29.0,14.71,147.01M,No,24.09,24.12,21.35,23.86,20.63,499
1855,OCTAVIUSPL.BO,44.11,42.01,8.00K,Process Industries,Agricultural Commodities/Milling,48.0,38.0,41.0,55.0,0.8779,0.4671,0.16K,0.10K,57.59,36.5,132.33M,No,44.85,45.77,44.96,44.98,44.34,496
1856,BENGALT.BO,147.0,146.0,0.91K,Consumer Non-Durables,Food: Major Diversified,48.0,66.0,24.0,34.0,7.175,6.2143,0.34K,0.37K,169.0,126.5,1.32B,No,143.09,142.54,146.12,143.97,148.47,497
1857,MIT.BO,142.9,142.9,25.00K,Miscellaneous,Investment Trusts,48.0,54.0,47.0,39.0,0.0286,0.0,40.08K,2.50K,145.6,140.82,67.56B,No,142.58,143.55,144.95,143.2,144.8,488
1858,JSWDULUX.NS,3099.4,3157.0,39.48K,Process Industries,Industrial Specialties,48.0,70.0,62.0,55.0,87.4071,86.5143,29.93K,13.13K,3745.0,2658.7,141.15B,No,3009.36,3094.43,3084.95,3089.73,2993.52,500
1859,PSCELESTIA.BO,1015000.0,1016000.0,0.01K,Finance,Real Estate Investment Trusts,48.0,47.0,49.0,,4078.2143,1925.0,0.00K,0.00K,1039999.0,999900.0,2.36B,No,1015531.75,1014435.82,,1014561.2,,76
1860,BRIGADE.NS,592.95,605.1,308.75K,Finance,Real Estate Development,48.0,79.0,60.0,50.0,16.9107,16.8607,714.25K,502.27K,802.01,450.75,193.40B,No,567.9,540.58,582.36,551.53,541.05,500
1861,CPL.NS,69.86,70.0,24.04K,Producer Manufacturing,Miscellaneous Manufacturing,48.0,,,,2.6471,2.5564,33.98K,38.91K,75.74,68.0,,No,,,,,,15
1862,SKYIND.BO,90.34,94.0,4.10K,Process Industries,Textiles,48.0,54.0,52.0,51.0,5.9686,5.94,8.01K,5.04K,136.0,63.06,712.83M,No,99.68,93.63,88.46,93.28,87.29,497
1863,TENNIND.NS,540.65,550.6,58474.30K,Producer Manufacturing,Auto Parts: Oem,48.0,18.0,16.0,44.0,18.5107,17.7929,850.26K,1135.04K,657.0,438.05,,No,550.93,569.74,,567.03,565.18,184
1864,BHARATGEAR.NS,103.62,105.03,18.74K,Producer Manufacturing,Trucks/Construction/Farm Machinery,48.0,7.0,20.0,29.0,5.3193,4.5979,96.97K,29.83K,154.2,83.8,1.59B,No,117.62,121.69,111.33,121.09,112.09,500
1865,ARCL.BO,228.4,217.55,1.07K,Process Industries,Chemicals: Specialty,48.0,92.0,71.0,34.0,10.9643,10.4143,1.34K,3.50K,434.6,150.0,1.83B,No,203.63,191.05,242.9,194.97,194.57,497
1866,ASHNOOR.BO,43.0,42.92,2.90K,Process Industries,Textiles,48.0,73.0,67.0,47.0,2.19,2.1279,1.34K,1.90K,54.0,34.5,685.09M,No,40.57,39.6,42.02,39.62,40.31,497
1867,ZKHANDEN.BO,115.55,113.3,0.23K,Process Industries,Agricultural Commodities/Milling,48.0,0.0,2.0,67.0,6.2357,2.6571,0.09K,0.47K,200.0,67.01,98.23M,No,144.57,169.07,144.3,164.86,153.98,498
1868,SUDARCOLOR.NS,405.8,406.55,6.07K,Process Industries,Chemicals: Major Diversified,48.0,84.0,65.0,49.0,16.6286,16.5571,12.16K,35.79K,603.0,268.25,9.37B,No,377.38,368.64,389.35,374.32,356.24,499
1869,SARUPINDUS.BO,131.8,125.9,0.64K,Consumer Non-Durables,Apparel/Footwear,48.0,21.0,66.0,6.0,7.525,6.2857,0.18K,0.28K,208.0,82.12,428.67M,No,120.73,123.46,146.39,125.7,144.21,497
1870,NOCIL.NS,163.44,165.96,519.99K,Process Industries,Chemicals: Specialty,48.0,17.0,26.0,69.0,6.3636,5.7886,1360.51K,1917.83K,204.5,125.31,27.30B,No,165.86,169.26,161.84,167.67,160.49,499
1871,JSL.NS,737.9,725.1,486.21K,Non-Energy Minerals,Steel,48.0,64.0,47.0,25.0,17.425,17.0464,598.82K,443.67K,884.0,652.25,607.99B,No,732.87,711.12,751.74,716.0,738.18,500
1872,ACESOFT.BO,180.25,177.55,43.74K,Technology Services,Data Processing Services,48.0,98.0,94.0,12.0,10.4036,10.1643,56.91K,75.64K,378.8,106.0,3.29B,No,150.24,129.19,185.84,135.37,162.1,497
1873,AVEER.BO,587.5,592.25,1.75K,Consumer Non-Durables,Food: Major Diversified,48.0,67.0,56.0,56.0,13.2464,11.95,0.27K,0.19K,824.5,475.5,2.63B,No,600.06,572.58,580.17,578.67,555.61,499
1874,SAMRATFORG.BO,224.95,215.0,0.01K,Producer Manufacturing,Industrial Machinery,48.0,26.0,72.0,64.0,8.175,6.0357,0.05K,0.01K,323.95,162.25,1.12B,No,218.28,232.14,226.55,230.25,213.98,497
1875,BPCL.NS,317.0,317.8,6717.68K,Energy Minerals,Oil Refining/Marketing,48.0,60.0,61.0,18.0,6.1679,5.6429,8154.05K,4863.28K,391.65,266.6,1354.41B,No,318.3,310.32,332.73,312.0,318.75,500
1876,SRGFFL.BO,26.0,26.0,9.00K,Finance,Finance/Rental/Leasing,47.0,91.0,74.0,26.0,0.8343,0.4271,1.11K,0.90K,32.0,17.3,139.76M,No,25.66,22.9,25.71,23.18,24.53,497
1877,MARBLE.BO,123.85,121.55,21.72K,Distribution Services,Wholesale Distributors,47.0,36.0,83.0,16.0,8.4607,8.4071,26.36K,28.27K,195.9,83.9,3.18B,No,122.26,118.15,124.13,120.95,110.47,496
1878,AMBICAAGAR.NS,24.28,24.66,2.68K,Process Industries,Chemicals: Major Diversified,47.0,41.0,50.0,43.0,0.9007,0.89,5.42K,3.81K,29.68,20.0,417.07M,No,24.76,24.76,24.58,24.68,24.18,498
1879,ECOPLAST.BO,472.0,485.0,1.04K,Process Industries,Containers/Packaging,47.0,56.0,48.0,53.0,20.5964,20.3821,0.74K,0.44K,586.0,370.4,2.24B,No,490.91,474.77,475.1,474.84,463.29,497
1880,RELIGARE.NS,237.5,227.35,1145.48K,Finance,Multi-Line Insurance,47.0,8.0,64.0,42.0,8.6214,8.4929,1139.69K,1170.04K,280.0,196.51,81.04B,No,252.01,253.71,239.65,253.75,234.99,498
1881,TUTIALKA.BO,59.29,60.29,46.66K,Process Industries,Chemicals: Specialty,47.0,43.0,50.0,77.0,2.5307,2.5307,20.06K,11.66K,82.98,41.5,7.22B,No,60.18,58.03,54.97,58.43,54.37,497
1882,PDMJEPAPER.NS,90.46,89.91,277.00K,Process Industries,Pulp & Paper,47.0,76.0,61.0,52.0,4.6079,4.4421,133.20K,217.21K,148.39,65.0,8.59B,No,92.86,87.07,88.53,87.35,83.09,499
1883,GARUDA.NS,183.49,190.67,1066.22K,Industrial Services,Engineering & Construction,47.0,68.0,32.0,62.0,7.4486,7.3321,1055.94K,1688.57K,249.3,130.0,17.07B,No,176.82,175.47,182.9,175.87,171.99,456
1884,CATVISION.BO,19.95,19.64,2.94K,Electronic Technology,Telecommunications Equipment,47.0,77.0,52.0,51.0,1.7864,1.7714,3.49K,2.82K,30.25,15.5,108.80M,No,20.06,19.66,19.71,19.49,19.03,497
1885,KSB.NS,788.05,811.85,89.50K,Producer Manufacturing,Industrial Machinery,47.0,5.0,27.0,58.0,33.6286,33.6286,159.91K,239.23K,1028.3,666.65,137.15B,No,850.61,879.57,809.52,874.59,831.45,500
1886,CDSL.NS,1339.0,1347.0,763.93K,Finance,Investment Banks/Brokers,47.0,46.0,64.0,52.0,24.9572,24.95,1791.32K,1150.52K,1673.7,1116.3,279.85B,No,1346.73,1327.65,1362.38,1344.9,1289.91,500
1887,LGEINDIA.NS,1578.8,1566.5,291.30K,Consumer Durables,Electronics/Appliances,47.0,53.0,61.0,55.0,33.1786,32.5072,554.72K,300.86K,1749.0,1304.1,1071.65B,No,1549.62,1553.99,1542.75,1560.73,1533.48,208
1888,CEEJAY.BO,180.0,175.5,0.12K,Finance,Finance/Rental/Leasing,47.0,84.0,48.0,32.0,9.075,7.1107,0.23K,0.29K,214.0,153.0,621.00M,No,174.94,172.66,178.81,173.66,177.05,498
1889,CHOWGULSTM.BO,22.76,21.98,7.15K,Transportation,Marine Shipping,47.0,51.0,27.0,60.0,0.9171,0.8929,6.32K,3.89K,28.99,17.0,826.38M,No,22.43,22.37,21.66,22.4,21.53,497
1890,JAYAGROGN.NS,210.37,214.3,8.45K,Process Industries,Agricultural Commodities/Milling,47.0,53.0,59.0,66.0,9.4614,9.4114,14.22K,15.58K,260.25,147.26,6.31B,No,222.92,218.1,203.53,218.67,200.43,498
1891,TANAA.BO,312.3,311.45,10.55K,Electronic Technology,Aerospace & Defense,47.0,68.0,29.0,61.0,15.4929,15.0679,18.41K,36.23K,450.0,190.0,7.96B,No,301.54,295.35,290.42,298.54,282.13,497
1892,UCIL.BO,100.8,106.0,2.12K,Finance,Investment Banks/Brokers,47.0,2.0,49.0,43.0,4.5,3.2964,46.05K,9.10K,129.51,61.0,4.46B,No,110.04,104.07,101.82,107.39,99.39,498
1893,ORIENTELEC.NS,189.79,190.68,236.89K,Consumer Durables,Electronics/Appliances,47.0,76.0,53.0,55.0,7.5536,7.2014,747.17K,1150.38K,219.0,149.05,40.50B,No,177.37,177.45,180.33,178.61,177.7,499
1894,TIGLOB.BO,174.9,168.45,1.42K,Consumer Non-Durables,Food: Major Diversified,47.0,66.0,42.0,35.0,8.5929,7.9214,1.25K,0.78K,210.4,142.3,886.34M,No,168.14,167.34,178.16,167.63,173.48,497
1895,PORWAL.BO,53.82,54.17,2.12K,Producer Manufacturing,Auto Parts: Oem,47.0,33.0,45.0,31.0,2.0343,2.01,17.52K,10.14K,70.88,42.3,812.68M,No,54.31,52.84,54.55,53.42,52.85,496
1896,TATAINVEST.NS,680.65,688.75,662.09K,Finance,Investment Banks/Brokers,47.0,45.0,40.0,59.0,18.8679,18.4786,390.95K,627.73K,1184.7,538.85,344.38B,No,666.67,669.43,681.5,674.36,661.0,500
1897,POLSON.BO,11759.85,11656.1504,0.01K,Process Industries,Chemicals: Specialty,47.0,77.0,51.0,47.0,325.5035,218.3857,0.01K,0.01K,12937.0,9530.0,1.41B,No,10865.32,10924.83,11297.78,10970.4,11110.02,496
1898,GOKUL.NS,39.53,40.1,150.97K,Process Industries,Agricultural Commodities/Milling,47.0,38.0,51.0,55.0,1.1086,1.1086,172.93K,139.45K,45.89,31.0,3.91B,No,39.54,40.6,39.63,40.47,39.57,498
1899,SIMPLXMIL.BO,5079.0,5079.0,0.00K,Process Industries,Textiles,47.0,25.0,37.0,46.0,136.4536,48.5393,,0.00K,5453.0,4218.0,152.39M,No,4864.64,5189.56,5246.3,5160.02,5286.12,497
1900,RVHL.NS,42.93,43.53,3.06K,Consumer Durables,Homebuilding,47.0,28.0,60.0,40.0,2.1171,2.065,35.35K,8.39K,71.36,28.5,2.63B,No,44.95,44.87,45.86,45.44,42.12,497
1901,NBIFIN.NS,2105.5,2160.1001,0.81K,Finance,Financial Conglomerates,47.0,76.0,53.0,49.0,101.0571,92.2643,2.46K,1.80K,2991.0,1539.0,6.22B,No,2170.71,2017.14,2072.43,2062.43,1965.66,497
1902,CTE.NS,37.02,37.67,4.57K,Technology Services,Information Technology Services,47.0,92.0,74.0,50.0,2.3343,2.3064,14.31K,36.56K,59.93,20.51,712.66M,No,34.29,32.51,35.03,32.71,31.28,498
1903,HISARSP.BO,49.35,49.35,0.10K,Process Industries,Textiles,47.0,74.0,42.0,22.0,1.4721,0.4207,0.21K,0.50K,66.4,40.3,184.32M,No,43.26,46.0,50.68,46.41,51.48,496
1904,LICI.NS,417.0,406.0,20949.19K,Finance,Life/Health Insurance,47.0,27.0,59.0,46.0,10.4893,8.1857,8030.44K,26670.39K,468.48,360.75,5275.05B,No,416.67,420.82,419.53,422.62,412.08,500
1905,GUJINTRX.BO,426.85,425.8,3.19K,Non-Energy Minerals,Steel,47.0,38.0,43.0,34.0,11.0929,11.0857,1.57K,1.70K,482.0,375.5,1.47B,No,430.12,433.24,433.98,432.79,435.9,495
1906,PRINCEPIPE.NS,269.6,271.05,125.00K,Producer Manufacturing,Industrial Machinery,47.0,54.0,59.0,61.0,8.5536,8.525,546.89K,327.08K,358.0,205.0,29.81B,No,267.28,273.06,263.91,271.93,257.9,498
1907,VASUPRADA.BO,105.99,101.1,0.32K,Consumer Non-Durables,Food: Specialty/Candy,47.0,64.0,57.0,44.0,2.2814,1.7957,0.16K,0.14K,133.1,85.55,878.06M,No,103.82,101.33,104.28,101.24,101.42,497
1908,TURTLEMINT.NS,132.31,125.88,2032.49K,Finance,Insurance Brokers/Services,47.0,56.0,,,6.81,6.8036,1636.39K,482.32K,154.3,110.41,,No,124.41,,,,,33
1909,KRITINUT.NS,85.07,85.21,24.39K,Process Industries,Agricultural Commodities/Milling,47.0,78.0,35.0,65.0,5.3621,4.935,18.51K,45.34K,108.5,51.36,4.26B,No,79.6,81.41,78.39,80.86,78.52,498
1910,ARISINT.BO,418.05,398.15,0.14K,Producer Manufacturing,Auto Parts: Oem,47.0,69.0,68.0,68.0,1.4214,0.0,0.02K,0.01K,608.0,317.1,627.08M,No,399.14,392.99,395.37,400.14,377.82,497
1911,SKYBIOTECH.BO,149.4,157.25,0.12K,Process Industries,Textiles,47.0,18.0,65.0,57.0,3.9,2.8536,0.16K,0.10K,237.3,116.45,286.10M,No,157.35,173.67,161.53,172.25,152.43,499
1912,KAMAHOLD.NS,2494.6,2478.8999,2.28K,Process Industries,Industrial Specialties,46.0,38.0,32.0,,46.4857,46.0357,3.91K,2.02K,2750.0,2461.0,,No,2545.94,2573.62,,2566.09,,80
1913,CHALET.NS,822.2,821.2,79.27K,Consumer Services,Hotels/Resorts/Cruise Lines,46.0,50.0,60.0,33.0,26.7286,24.5929,149.89K,130.71K,1070.1,691.35,,No,836.06,814.67,827.41,819.68,799.27,500
1914,RAJPACK.BO,29.99,29.99,0.09K,Process Industries,Containers/Packaging,46.0,53.0,50.0,34.0,1.6043,1.3486,0.75K,0.79K,45.85,23.99,137.05M,No,28.55,28.93,32.69,28.34,29.4,495
1915,PRODOCS.BO,162.45,169.0,2.00K,Commercial Services,Miscellaneous Commercial Services,46.0,38.0,24.0,20.0,0.7321,0.5357,0.97K,0.50K,254.3,141.0,1.15B,No,167.56,169.67,,168.53,184.96,164
1916,STCINDIA.NS,117.37,119.01,44.12K,Distribution Services,Food Distributors,46.0,33.0,42.0,38.0,3.1436,3.0671,146.93K,41.02K,150.7,97.04,7.04B,No,118.94,123.03,119.89,122.68,117.56,500
1917,GKWLIMITED.NS,1638.3,1655.3,0.88K,Transportation,Other Transportation,46.0,26.0,35.0,38.0,48.9,48.45,0.51K,0.42K,1985.4,1375.0,9.77B,No,1650.59,1729.17,1686.45,1719.65,1669.47,498
1918,LACTOSE.BO,106.25,114.55,11.30K,Health Technology,Pharmaceuticals: Major,46.0,72.0,36.0,54.0,6.8357,6.8143,7.74K,5.41K,136.7,76.01,1.34B,No,102.94,103.95,105.4,103.77,101.73,497
1919,NITCO.NS,96.81,97.14,647.16K,Producer Manufacturing,Building Products,46.0,11.0,27.0,68.0,4.7336,4.2407,1191.79K,595.11K,136.8,64.0,23.29B,No,104.06,104.48,92.45,105.48,92.31,498
1920,KJMCCORP.BO,57.66,52.0,3.18K,Finance,Investment Banks/Brokers,46.0,66.0,62.0,56.0,3.5014,2.845,0.56K,0.20K,87.0,41.0,226.40M,No,54.48,54.78,54.52,54.47,52.5,497
1921,MSCTC.BO,64.14,67.51,24.18K,Non-Energy Minerals,Steel,46.0,98.0,55.0,2.0,3.6214,2.7007,2.03K,5.49K,123.4,38.5,5.10B,No,46.85,47.59,87.42,47.75,75.13,497
1922,JINDALSTEL.NS,1112.0,1095.0,396.28K,Non-Energy Minerals,Steel,46.0,73.0,25.0,38.0,25.2786,25.0714,1217.95K,997.61K,1306.2,943.3,1131.45B,No,1076.85,1085.88,1122.43,1082.92,1156.24,500
1923,RVTH.NS,721.3,713.05,1.08K,Industrial Services,Oilfield Services/Equipment,46.0,38.0,63.0,60.0,31.0429,29.8893,1.29K,0.35K,1300.0,491.1,2.21B,No,713.05,717.32,696.33,715.68,656.11,476
1924,PODDARMENT.NS,263.55,272.95,7.12K,Process Industries,Industrial Specialties,46.0,77.0,52.0,53.0,11.3257,11.2043,5.99K,5.63K,297.95,201.1,2.80B,No,254.67,251.29,250.93,252.07,245.24,497
1925,GRSE.NS,2576.4,2575.3999,307.01K,Producer Manufacturing,Trucks/Construction/Farm Machinery,46.0,39.0,16.0,40.0,64.6071,63.1928,770.72K,536.64K,3339.0,1963.7,295.13B,No,2586.4,2654.3,2573.99,2650.59,2583.11,500
1926,MACPLASQ.BO,269.4,273.85,1.01K,Producer Manufacturing,Auto Parts: Oem,46.0,32.0,52.0,42.0,10.5964,10.0464,1.20K,0.46K,444.0,214.9,1.65B,No,268.83,267.03,281.62,270.19,262.69,496
1927,SAATVIKGL.NS,435.35,426.7,112.83K,Producer Manufacturing,Industrial Machinery,46.0,29.0,33.0,57.0,11.1036,10.8071,141.64K,48.77K,567.0,328.0,55.34B,No,438.52,452.35,426.72,451.79,428.37,219
1928,STYRENIX.NS,2215.5,2230.5,31.88K,Process Industries,Chemicals: Specialty,46.0,36.0,40.0,64.0,98.7143,95.7214,52.66K,138.19K,2767.5,1780.0,38.98B,No,2361.91,2299.2,2136.1,2296.8,2142.37,498
1929,PWL.NS,123.9,125.52,3293.42K,Commercial Services,Miscellaneous Commercial Services,46.0,3.0,74.0,48.0,5.2179,5.1571,12173.23K,4457.71K,161.99,77.72,354.32B,No,129.07,125.4,,127.71,111.32,184
1930,NARMADESH.BO,307.0,293.0,0.24K,Producer Manufacturing,Metal Fabrication,46.0,42.0,85.0,37.0,5.7464,3.5143,5.17K,6.43K,446.75,150.0,951.95M,No,302.74,314.93,,313.43,271.87,137
1931,CONCOR.NS,512.05,512.0,2354.24K,Transportation,Railroads,46.0,80.0,42.0,42.0,13.4214,13.1929,2141.14K,1469.43K,569.8,421.45,389.99B,No,505.81,482.38,496.55,485.09,485.66,500
1932,MUKKA.NS,24.18,23.78,695.11K,Consumer Non-Durables,Food: Meat/Fish/Dairy,46.0,63.0,48.0,47.0,0.8629,0.8536,259.79K,226.25K,31.23,18.27,7.25B,No,23.18,23.37,23.48,23.45,23.07,498
1933,KFINTECH.NS,922.0,935.0,319.92K,Technology Services,Packaged Software,46.0,68.0,53.0,26.0,27.8893,27.5357,1240.17K,642.34K,1215.0,784.95,159.39B,No,919.02,891.2,964.75,893.89,913.9,500
1934,FORCEMOT.NS,19269.0,18330.0,240.20K,Consumer Durables,Motor Vehicles,46.0,69.0,33.0,41.0,565.8571,544.5714,106.85K,94.58K,26450.0,14911.0,253.89B,No,18030.05,18152.44,19560.51,18342.9,20159.4,500
1935,MANAKCOAT.NS,117.5,117.51,805.37K,Non-Energy Minerals,Steel,46.0,49.0,71.0,41.0,4.1614,4.1021,401.45K,351.18K,182.82,94.2,12.53B,No,121.46,115.77,121.43,117.9,113.44,498
1936,SALEM.BO,35.97,36.0,0.40K,Finance,Finance/Rental/Leasing,46.0,17.0,42.0,59.0,1.83,1.5421,1.16K,0.45K,46.49,29.0,412.41M,No,36.16,37.16,36.76,36.6,35.64,498
1937,MERCURYLAB.BO,785.3,818.9,0.00K,Health Technology,Pharmaceuticals: Major,46.0,39.0,48.0,40.0,29.3036,20.9214,0.20K,0.04K,942.9,620.55,942.36M,No,817.3,803.66,806.12,812.17,788.04,496
1938,KIRLFER.NS,438.15,440.15,68.56K,Non-Energy Minerals,Steel,46.0,31.0,46.0,,17.1286,17.125,224.37K,144.28K,513.0,408.0,72.29B,No,463.89,459.05,,462.67,,86
1939,SHARMEH.BO,100.5,95.0,0.79K,Health Services,Hospital/Nursing Management,46.0,20.0,44.0,41.0,6.2479,5.7921,0.66K,0.25K,233.9,80.15,330.02M,No,98.67,101.37,111.23,100.89,101.99,497
1940,UPSURGE.BO,74.19,79.39,8.56K,Finance,Investment Banks/Brokers,46.0,56.0,72.0,60.0,5.5114,5.2657,14.33K,17.64K,115.0,56.0,1.63B,No,71.75,66.7,70.18,67.26,66.79,497
1941,COALINDIA.NS,409.3,412.6,4087.47K,Energy Minerals,Coal,46.0,27.0,27.0,34.0,6.275,5.8107,11663.55K,7920.86K,491.25,368.65,2522.40B,No,419.52,434.22,428.04,429.19,441.09,500
1942,WPIL.NS,427.8,430.25,24.42K,Producer Manufacturing,Industrial Machinery,46.0,12.0,46.0,,20.425,20.3929,64.43K,37.09K,510.35,383.55,,No,444.31,455.65,,459.8,,80
1943,BAMBINO.BO,220.6,223.9,4.52K,Consumer Non-Durables,Food: Specialty/Candy,46.0,73.0,65.0,43.0,9.1786,8.7607,1.15K,1.03K,280.0,173.7,1.77B,No,212.75,210.03,219.09,210.29,207.16,497
1944,MODWOOL.BO,63.84,63.84,0.01K,Process Industries,Textiles,46.0,83.0,44.0,51.0,0.9107,0.03,0.04K,0.02K,74.75,51.6,58.09M,No,60.13,57.17,64.2,58.08,62.12,495
1945,SHARVAYA.BO,145.25,146.95,10.80K,Non-Energy Minerals,Other Metals/Minerals,46.0,97.0,85.0,35.0,5.4214,5.175,26.42K,39.42K,219.0,78.0,1.46B,No,123.18,106.93,133.07,112.02,117.14,228
1946,CMMHOSP.BO,38.19,38.98,0.18K,Health Services,Hospital/Nursing Management,46.0,24.0,52.0,28.0,2.1979,2.1236,1.46K,1.23K,57.48,30.3,285.24M,No,37.78,38.48,41.39,38.37,38.85,497
1947,VGUARD.NS,331.75,324.3,1980.01K,Producer Manufacturing,Electrical Products,46.0,74.0,52.0,35.0,14.0429,13.8357,1043.75K,5252.65K,392.2,288.8,144.94B,No,308.01,306.14,323.68,308.19,317.08,499
1948,BASF.NS,3990.1,4037.2,26.79K,Process Industries,Chemicals: Specialty,46.0,84.0,50.0,55.0,133.6786,129.5286,45.06K,138.97K,4829.9,3122.2,172.71B,No,3832.9,3649.46,3745.91,3682.86,3601.53,500
1949,CPEDU.NS,213.53,212.86,7.48K,Commercial Services,Miscellaneous Commercial Services,45.0,74.0,69.0,42.0,12.3293,12.0264,13.64K,42.22K,338.75,141.0,3.88B,No,201.34,197.21,218.76,199.95,193.96,233
1950,RITES.NS,223.55,226.67,447.47K,Commercial Services,Miscellaneous Commercial Services,45.0,50.0,48.0,43.0,6.28,6.1293,4224.40K,1155.54K,280.9,175.0,107.44B,No,221.14,216.31,220.54,218.05,213.05,499
1951,DYNPRO.NS,262.1,260.1,9.16K,Consumer Non-Durables,Food: Specialty/Candy,45.0,81.0,68.0,67.0,11.9357,11.7043,15.42K,15.09K,415.8,190.8,3.26B,No,248.92,241.1,243.99,241.28,232.33,499
1952,BANCOINDIA.NS,628.65,633.85,132.46K,Producer Manufacturing,Industrial Machinery,45.0,21.0,49.0,50.0,20.4821,19.05,228.39K,179.78K,879.8,502.0,89.92B,No,644.85,659.19,650.12,660.33,621.91,499
1953,IDBI.NS,82.46,82.44,3076.03K,Finance,Major Banks,45.0,49.0,69.0,14.0,1.6457,1.5914,15954.08K,3759.10K,118.38,61.01,886.64B,No,84.61,82.87,89.75,83.39,85.03,500
1954,PURSHOTTAM.BO,37.34,35.0,36.02K,Finance,Investment Banks/Brokers,45.0,63.0,67.0,26.0,3.8729,3.0886,6.74K,0.22K,44.93,30.0,277.19M,No,35.09,34.93,36.8,34.67,36.06,496
1955,MOHITPPR.BO,29.35,28.76,1.62K,Producer Manufacturing,Office Equipment/Supplies,45.0,78.0,53.0,45.0,1.0021,0.8757,1.19K,0.53K,38.79,23.75,410.90M,No,27.99,27.7,29.26,27.54,28.06,496
1956,TIERRA.BO,41.95,41.08,11.46K,Process Industries,Agricultural Commodities/Milling,45.0,32.0,39.0,21.0,2.8721,2.7929,5.25K,12.45K,61.74,34.35,2.73B,No,39.91,40.36,44.11,39.98,41.74,497
1957,NHPC.NS,76.85,76.95,7286.27K,Utilities,Electric Utilities,45.0,38.0,41.0,38.0,1.5807,1.5257,25928.37K,11533.56K,89.22,71.62,771.96B,No,78.79,77.99,78.49,78.04,77.69,500
1958,VANDU.BO,59.5,60.9,26.00K,Consumer Non-Durables,Food: Specialty/Candy,45.0,83.0,72.0,35.0,3.4736,3.1293,29.52K,100.20K,82.5,40.0,1.06B,No,54.05,53.63,57.35,53.73,53.18,396
1959,SOLIMAC.BO,108.6,108.2,7.77K,Producer Manufacturing,Industrial Machinery,45.0,91.0,46.0,54.0,9.0157,8.7907,4.11K,6.74K,141.0,72.2,493.28M,No,99.93,94.96,101.9,95.64,97.86,497
1960,KAYA.NS,306.7,289.2,185.32K,Consumer Non-Durables,Household/Personal Care,45.0,92.0,78.0,21.0,15.1129,14.795,23.55K,22.04K,487.9,224.01,4.66B,No,271.42,256.68,312.69,262.12,279.83,499
1961,CANFINHOME.NS,821.95,825.9,89.75K,Finance,Finance/Rental/Leasing,45.0,12.0,36.0,23.0,15.8464,15.8464,255.83K,192.50K,971.5,708.6,109.45B,No,827.53,857.25,874.02,861.26,860.07,500
1962,ABBOTINDIA.NS,28140.0,28020.0,11.91K,Health Technology,Pharmaceuticals: Major,45.0,67.0,62.0,45.0,441.7857,396.0714,10.35K,6.10K,34060.0,25150.0,597.96B,No,28014.5,26922.1,27365.2,27097.5,26797.67,500
1963,IEX.NS,125.95,126.0,2434.64K,Finance,Investment Banks/Brokers,45.0,71.0,37.0,45.0,3.4879,3.4529,5619.68K,6698.15K,160.27,114.6,112.01B,No,127.25,124.13,129.69,124.46,124.9,500
1964,PANCHMAHQ.BO,292.9,296.9,0.68K,Non-Energy Minerals,Steel,45.0,42.0,30.0,25.0,19.2643,15.9071,0.80K,2.09K,384.5,242.0,5.59B,No,287.71,294.6,308.48,287.78,305.9,496
1965,DEEPAKNTR.NS,1718.4,1784.8,337.42K,Process Industries,Chemicals: Specialty,45.0,69.0,31.0,49.0,55.5857,53.6357,262.49K,759.81K,1904.4,1280.0,234.38B,No,1707.78,1662.05,1631.53,1667.35,1621.35,499
1966,SANDUPHQ.BO,39.29,39.46,1.84K,Health Technology,Pharmaceuticals: Other,45.0,34.0,51.0,59.0,1.7564,1.6814,4.42K,1.14K,51.0,30.0,379.58M,No,39.37,40.79,39.02,40.38,38.13,497
1967,MNIL.BO,30.4,31.23,2.99K,Finance,Real Estate Development,45.0,15.0,4.0,6.0,4.5371,4.5214,4.72K,6.45K,54.0,20.0,779.68M,No,31.97,35.48,37.33,33.89,38.84,496
1968,HDBFS.NS,688.75,693.1,277.27K,Finance,Finance/Rental/Leasing,45.0,22.0,48.0,36.0,14.3786,14.3786,676.61K,465.83K,811.8,555.3,570.60B,No,693.88,703.78,702.94,706.92,680.7,279
1969,ASPINWALL.NS,237.0,241.21,1.23K,Transportation,Air Freight/Couriers,45.0,37.0,38.0,58.0,11.6186,11.5157,3.43K,1.95K,299.8,200.25,1.85B,No,244.28,246.55,234.6,243.55,229.42,498
1970,TOTEM.BO,145.65,134.8,93.82K,Producer Manufacturing,Industrial Machinery,45.0,35.0,55.0,60.0,8.1643,8.1321,32.63K,60.70K,203.0,103.15,7.51B,No,133.62,143.6,144.09,142.61,137.86,497
1971,UDAYJEW.BO,140.9,138.95,4.79K,Consumer Durables,Other Consumer Specialties,45.0,25.0,23.0,62.0,7.5,7.2643,5.17K,3.88K,181.0,112.15,4.80B,No,141.9,146.52,143.83,145.64,141.06,497
1972,LAMBODHARA.NS,113.8,114.88,3.52K,Process Industries,Textiles,45.0,67.0,54.0,51.0,4.2914,4.2686,26.87K,8.17K,162.0,81.8,1.18B,No,113.94,111.77,112.82,112.69,107.18,499
1973,TAINWALCHM.NS,203.94,203.21,4.40K,Process Industries,Containers/Packaging,45.0,64.0,49.0,67.0,9.6914,9.5021,11.02K,7.01K,257.0,155.0,1.91B,No,205.95,203.11,194.16,201.83,194.27,498
1974,ACGL.BO,1832.7,1840.35,1.25K,Producer Manufacturing,Auto Parts: Oem,45.0,3.0,25.0,62.0,109.9321,94.4178,3.28K,5.18K,2403.0,1410.5,11.16B,No,2124.99,2186.59,1887.36,2154.41,1901.67,497
1975,MGL.NS,1118.5,1134.3,55.32K,Utilities,Gas Distributors,45.0,47.0,41.0,50.0,30.85,30.6214,259.75K,552.58K,1378.0,900.0,110.48B,No,1105.04,1125.29,1120.19,1128.74,1098.06,498
1976,MERCURYEV.NS,35.02,34.71,63.75K,Distribution Services,Wholesale Distributors,45.0,37.0,,,1.67,1.67,106.18K,157.66K,38.49,30.16,6.65B,No,35.5,34.62,,34.67,,51
1977,VHL.NS,3513.0,3487.1001,0.42K,Finance,Investment Managers,45.0,47.0,46.0,58.0,129.8286,129.55,0.70K,1.55K,4275.0,2870.0,11.21B,No,3487.85,3507.23,3482.45,3524.06,3386.25,499
1978,HIKAL.NS,212.84,217.98,242.59K,Health Technology,Pharmaceuticals: Major,45.0,15.0,54.0,60.0,9.6264,9.4614,609.65K,602.18K,282.7,146.25,26.24B,No,222.6,215.13,208.91,217.81,198.04,499
1979,SHRIRAMPPS.NS,83.3,86.26,719.78K,Finance,Real Estate Development,45.0,25.0,19.0,60.0,2.2907,2.2343,897.49K,356.38K,99.44,60.57,14.22B,No,85.69,87.24,83.6,86.98,81.93,500
1980,MASTEK.NS,1819.1,1812.6,53.00K,Technology Services,Information Technology Services,45.0,81.0,66.0,20.0,64.0786,61.8143,80.49K,102.89K,2625.0,1334.2,56.40B,No,1794.86,1690.98,1831.12,1710.43,1683.98,499
1981,IMAGICAA.NS,47.5,47.42,502.03K,Consumer Services,Movies/Entertainment,45.0,61.0,55.0,31.0,2.2579,2.2093,984.59K,992.80K,61.9,36.84,26.88B,No,47.73,46.64,46.91,47.15,45.62,499
1982,LUXIND.NS,1211.9,1248.8,38.01K,Consumer Non-Durables,Apparel/Footwear,45.0,44.0,8.0,77.0,35.3857,35.0143,44.79K,21.36K,1823.35,824.05,36.44B,No,1255.38,1263.95,1175.7,1249.38,1181.74,499
1983,PTL.NS,39.28,38.94,22.16K,Finance,Real Estate Development,45.0,32.0,44.0,30.0,0.8043,0.7921,49.41K,31.99K,43.77,36.1,5.20B,No,39.55,40.64,39.51,40.54,39.42,498
1984,KOTAKBANK.NS,390.5,392.9,10728.51K,Finance,Major Banks,45.0,62.0,57.0,32.0,6.0429,5.8607,15545.27K,10423.47K,453.2,345.5,3884.09B,No,389.07,390.91,401.66,393.21,390.87,500
1985,JOLYPLS.BO,42.9,43.48,0.10K,Distribution Services,Wholesale Distributors,45.0,86.0,86.0,83.0,1.0007,0.8864,0.73K,0.26K,182.55,18.24,286.42M,No,40.51,38.99,54.87,40.02,32.58,378
1986,ANJANI.BO,25.0,24.47,5.36K,Process Industries,Textiles,44.0,73.0,28.0,56.0,1.0179,1.0014,5.70K,9.25K,38.49,20.25,368.75M,No,23.45,23.18,24.09,23.33,24.18,497
1987,TRANSPEK.NS,1140.2,1195.4,5.90K,Process Industries,Chemicals: Specialty,44.0,84.0,31.0,,90.675,88.1286,14.44K,53.57K,1447.9,952.3,6.37B,No,1158.21,1061.28,,1084.67,,80
1988,SAMHI.NS,164.51,164.81,654.92K,Consumer Services,Hotels/Resorts/Cruise Lines,44.0,28.0,60.0,35.0,7.1786,6.825,1086.80K,1347.88K,227.0,127.0,36.54B,No,172.67,172.21,170.23,173.19,162.36,500
1989,NCML.BO,82.5,85.6,1.60K,Non-Energy Minerals,Steel,44.0,31.0,34.0,41.0,1.4893,0.8571,8.70K,3.04K,129.8,64.6,2.06B,No,80.52,86.99,91.76,85.82,85.59,224
1990,BEL.NS,405.7,405.85,13112.30K,Electronic Technology,Aerospace & Defense,44.0,48.0,33.0,27.0,7.1286,7.0357,12729.50K,14315.53K,473.45,361.2,2965.58B,No,399.9,408.16,419.8,408.25,424.45,500
1991,SEALMATIC.BO,400.0,403.0,4.86K,Producer Manufacturing,Industrial Machinery,44.0,55.0,34.0,67.0,9.2321,9.0571,8.10K,4.28K,463.95,313.0,4.34B,No,395.85,380.65,379.09,381.06,375.88,499
1992,ANURAS.NS,1204.4,1209.3,132.17K,Health Technology,Pharmaceuticals: Major,44.0,27.0,23.0,37.0,19.1929,19.0286,316.57K,173.04K,1415.0,1045.2,137.12B,No,1229.18,1257.48,1266.02,1248.43,1279.02,499
1993,SWARNSAR.BO,31.65,32.16,0.20K,Consumer Durables,Other Consumer Specialties,44.0,33.0,30.0,16.0,1.5507,1.5293,7.55K,4.53K,40.5,28.26,660.75M,No,31.91,31.93,32.51,31.96,33.18,497
1994,AUROLAB.BO,239.7,243.25,1.43K,Health Technology,Pharmaceuticals: Major,44.0,29.0,25.0,50.0,10.025,10.025,3.25K,1.82K,317.0,159.0,1.49B,No,238.55,247.53,251.65,247.03,259.66,497
1995,AJWAFUN.BO,38.5,40.45,0.20K,Consumer Services,Movies/Entertainment,44.0,6.0,61.0,8.0,0.7457,0.0021,0.14K,0.08K,63.5,30.16,246.02M,No,41.3,38.85,43.41,39.33,42.76,498
1996,DVL.NS,270.6,287.81,35.61K,Consumer Non-Durables,Food: Major Diversified,44.0,81.0,59.0,51.0,14.57,14.3057,21.72K,67.97K,380.6,186.99,9.48B,No,251.74,243.93,257.9,246.03,241.12,498
1997,RAJRILTD.NS,21.68,22.04,6.31K,Process Industries,Textiles,44.0,42.0,58.0,50.0,0.6321,0.575,11.71K,9.78K,28.9,19.41,12.21B,No,21.32,21.62,21.94,21.67,21.42,497
1998,ISHITADR.BO,72.26,75.0,0.88K,Health Technology,Pharmaceuticals: Other,44.0,50.0,21.0,45.0,1.9429,1.4943,1.32K,1.51K,90.85,66.0,216.08M,No,74.03,74.34,74.73,73.51,74.93,497
1999,POWERMECH.NS,2407.0,2442.3,69.96K,Industrial Services,Engineering & Construction,44.0,18.0,33.0,68.0,87.7214,82.0999,110.65K,89.68K,3260.0,1717.7,76.10B,No,2575.53,2646.99,2362.86,2646.81,2364.62,498
2000,NDRAUTO.NS,809.85,828.65,20.15K,Producer Manufacturing,Auto Parts: Oem,44.0,26.0,49.0,68.0,34.725,33.8536,35.90K,41.08K,1186.6,605.05,19.32B,No,820.08,826.82,796.99,829.63,768.17,498
2001,ONWARDTEC.NS,285.9,286.05,27.33K,Technology Services,Information Technology Services,44.0,57.0,59.0,20.0,10.8071,10.7429,359.04K,95.27K,357.0,208.25,6.27B,No,288.1,276.97,276.4,280.22,269.99,497
2002,ELLEN.NS,323.8,294.4,3411.47K,Process Industries,Chemicals: Specialty,44.0,89.0,74.0,74.0,15.1857,15.0679,437.59K,786.31K,559.8,175.0,45.63B,No,284.25,277.49,292.71,283.08,258.01,279
2003,TATAPOWER.NS,379.45,380.0,4429.02K,Utilities,Electric Utilities,44.0,53.0,21.0,49.0,5.9214,5.7857,4968.96K,2938.58K,464.9,342.5,1212.47B,No,378.87,385.73,390.81,383.37,392.43,500
2004,SHANKARA.NS,141.84,142.22,324.05K,Retail Trade,Home Improvement Chains,44.0,74.0,86.0,79.0,3.2979,3.2864,168.86K,382.73K,1160.0,98.25,3.44B,No,140.82,130.1,119.33,131.97,119.17,498
2005,BAPACK.BO,193.05,199.05,0.01K,Process Industries,Containers/Packaging,44.0,66.0,66.0,54.0,11.5964,11.1214,0.44K,0.49K,253.75,141.15,957.62M,No,192.05,183.55,191.93,185.09,178.55,496
2006,ZOTA.NS,1249.6,1257.6,209.62K,Health Technology,Pharmaceuticals: Major,44.0,9.0,45.0,37.0,41.9072,41.4715,57.62K,33.74K,1740.0,1026.2,37.90B,No,1279.48,1313.16,1348.43,1320.19,1264.64,499
2007,SOTEFIN.BO,207.95,205.7,47.40K,Producer Manufacturing,Industrial Machinery,44.0,,,,9.1893,8.9607,273.74K,65.64K,216.8,197.1,3.78B,No,,,,,,15
2008,JINDALPHOT.NS,1057.2,1064.1,1.27K,Finance,Financial Conglomerates,44.0,18.0,39.0,9.0,33.85,33.85,12.55K,1.84K,1616.6,796.0,10.89B,No,1072.04,1103.5,1240.05,1096.91,1153.41,498
2009,ATISHAY.BO,166.1,164.65,2.50K,Technology Services,Information Technology Services,44.0,5.0,14.0,29.0,8.575,8.5107,6.39K,3.49K,235.0,117.0,1.83B,No,168.0,189.18,192.21,184.97,194.81,497
2010,RECLTD.NS,346.0,344.7,11325.57K,Finance,Finance/Rental/Leasing,44.0,40.0,43.0,32.0,8.8393,8.6821,5428.90K,5445.10K,390.5,304.05,911.10B,No,361.74,358.23,354.7,358.78,351.87,500
2011,KATRSPG.BO,106.0,106.99,0.00K,Process Industries,Textiles,44.0,59.0,53.0,57.0,2.2786,1.0121,0.14K,0.03K,148.0,80.0,302.10M,No,103.08,102.64,104.04,103.73,101.96,497
2012,RGL.NS,110.14,115.2,918.07K,Consumer Durables,Other Consumer Specialties,44.0,16.0,44.0,46.0,5.7664,5.7664,574.94K,541.25K,147.9,85.0,11.83B,No,118.69,114.99,115.24,115.98,109.3,500
2013,AIROLAM.NS,91.35,91.85,1.51K,Non-Energy Minerals,Forest Products,44.0,58.0,61.0,39.0,3.5629,3.3836,10.04K,1.73K,125.0,78.0,1.37B,No,88.6,88.42,92.42,89.3,87.93,496
2014,COSYN.BO,21.78,20.58,2.73K,Technology Services,Packaged Software,44.0,82.0,48.0,43.0,0.9886,0.9464,2.15K,2.29K,27.5,18.65,163.35M,No,21.03,20.76,22.24,20.9,21.53,497
2015,AICHAMP.BO,36.22,37.53,0.64K,Process Industries,Textiles,44.0,59.0,58.0,68.0,1.8793,1.72,1.67K,1.03K,65.7,19.72,1.11B,No,36.69,36.3,35.98,36.81,31.81,497
2016,PATELENG.NS,29.19,30.26,3775.34K,Industrial Services,Engineering & Construction,44.0,18.0,54.0,45.0,0.945,0.9157,7109.69K,4217.10K,42.77,22.0,27.88B,No,28.74,30.1,29.33,30.07,28.06,500
2017,SANTETX.BO,136.75,139.55,0.56K,Process Industries,Textiles,44.0,65.0,64.0,43.0,13.4786,12.7536,0.59K,0.36K,179.4,98.25,778.11M,No,140.74,135.38,136.16,137.16,135.56,497
2018,PKTEA.NS,691.0,673.75,0.11K,Process Industries,Agricultural Commodities/Milling,44.0,13.0,11.0,41.0,34.1536,32.2607,0.48K,0.10K,998.0,600.0,2.14B,No,706.86,742.22,762.14,724.7,758.66,497
2019,3BBLACKBIO.NS,1251.1,1208.0,5.70K,Process Industries,Chemicals: Agricultural,44.0,72.0,44.0,,44.3429,43.4572,12.28K,4.97K,1441.5,1085.0,,No,1253.44,1217.46,,1215.77,,80
2020,NAHARCAP.NS,256.15,264.58,2.36K,Finance,Investment Managers,44.0,65.0,40.0,57.0,10.3371,10.085,5.07K,14.33K,308.0,191.0,4.29B,No,254.88,252.4,250.76,252.02,243.62,497
2021,MSECL.BO,222.5,223.25,13.80K,Commercial Services,Miscellaneous Commercial Services,44.0,43.0,29.0,69.0,6.4429,5.4929,12.29K,14.10K,299.9,165.0,3.15B,No,224.9,221.54,220.36,221.38,215.15,257
2022,CARRARO.NS,518.0,508.95,411.83K,Producer Manufacturing,Auto Parts: Oem,44.0,18.0,26.0,47.0,16.6679,16.1571,205.34K,184.05K,667.55,405.0,29.45B,No,536.27,541.26,531.42,542.74,531.02,403
2023,GOTHIPL.BO,38.16,38.06,0.70K,Process Industries,Chemicals: Specialty,43.0,42.0,52.0,33.0,0.5757,0.4371,0.44K,0.45K,51.64,33.25,389.23M,No,38.09,37.91,38.62,37.66,37.61,495
2024,METAINFO.BO,93.78,98.0,12.00K,Technology Services,Information Technology Services,43.0,74.0,71.0,54.0,4.7779,4.0057,26.84K,47.44K,179.95,53.17,1.77B,No,88.34,81.86,96.0,83.58,83.12,269
2025,ASTRAL.NS,1464.0,1424.9,397.79K,Producer Manufacturing,Miscellaneous Manufacturing,43.0,79.0,36.0,40.0,32.3143,32.2572,666.02K,327.05K,1768.7,1263.7,393.30B,No,1437.13,1446.4,1504.72,1445.89,1529.51,500
2026,INDIACEM.NS,385.5,383.8,124.92K,Non-Energy Minerals,Construction Materials,43.0,63.0,39.0,15.0,9.4143,9.4143,266.25K,164.51K,485.8,342.35,179.20B,No,397.13,387.55,405.07,391.65,397.29,500
2027,EVERESTO.BO,305.0,300.15,1.39K,Distribution Services,Medical Distributors,43.0,47.0,77.0,8.0,16.5393,16.0821,2.28K,0.90K,536.4,197.0,2.96B,No,301.32,283.89,340.8,287.01,296.16,497
2028,AZTEC.BO,95.2,97.9,3.00K,Producer Manufacturing,Industrial Machinery,43.0,36.0,33.0,31.0,2.725,1.7607,22.68K,4.90K,128.0,81.56,1.29B,No,99.47,97.27,101.04,98.4,97.49,498
2029,GUJARATPOLY.BO,67.48,68.95,1.67K,Electronic Technology,Electronic Components,43.0,22.0,65.0,60.0,3.9314,3.8243,6.30K,1.94K,108.0,43.0,576.95M,No,71.42,71.74,65.67,72.26,63.74,497
2030,PARNAXLAB.BO,131.0,132.8,1.25K,Health Technology,Pharmaceuticals: Major,43.0,12.0,10.0,45.0,6.1107,5.8143,5.62K,3.58K,182.0,99.2,1.50B,No,139.06,137.79,133.4,138.34,137.71,496
2031,JAYSREETEA.NS,90.66,88.74,110.54K,Process Industries,Agricultural Commodities/Milling,43.0,78.0,38.0,60.0,2.9221,2.8436,38.10K,39.84K,115.2,70.55,2.62B,No,83.92,85.25,86.39,85.62,84.72,498
2032,AAVAS.NS,1416.2,1396.8,70.36K,Finance,Finance/Rental/Leasing,43.0,23.0,48.0,36.0,42.9286,42.7143,132.03K,59.20K,1771.9,1060.4,112.29B,No,1412.94,1430.19,1409.16,1440.74,1349.88,500
2033,BLIL.NS,70.93,70.88,67.67K,Commercial Services,Miscellaneous Commercial Services,43.0,51.0,32.0,,0.8314,0.8307,57.35K,44.11K,79.5,67.0,,No,70.4,70.81,,70.63,,80
2034,SILL.BO,90.0,92.8,1.60K,Transportation,Air Freight/Couriers,43.0,,,,4.7343,3.9471,102.85K,45.60K,102.0,74.0,1.10B,No,93.13,,,,,25
2035,20MICRONS.NS,184.13,185.92,106.82K,Process Industries,Chemicals: Specialty,43.0,26.0,54.0,53.0,6.8314,6.8286,374.96K,191.03K,246.61,129.61,6.50B,No,198.92,196.12,186.02,194.38,179.32,499
2036,INDBANK.NS,33.22,32.69,45.80K,Finance,Investment Banks/Brokers,43.0,47.0,43.0,32.0,0.9107,0.875,46.77K,27.76K,47.15,28.25,1.47B,No,32.75,33.28,34.62,33.32,33.69,500
2037,SPANDANA.NS,245.0,249.25,204.60K,Finance,Finance/Rental/Leasing,43.0,3.0,18.0,38.0,9.9786,9.4964,372.19K,239.83K,319.4,181.1,21.72B,No,269.38,268.77,252.41,267.79,247.99,500
2038,OBCL.NS,53.0,52.72,52.10K,Transportation,Trucking,43.0,41.0,42.0,34.0,1.735,1.7164,12.64K,9.84K,64.84,49.0,1.12B,No,53.05,54.63,55.18,54.84,55.01,497
2039,ARKADE.NS,129.66,133.96,874.44K,Consumer Durables,Homebuilding,43.0,40.0,61.0,55.0,4.4957,4.4021,446.15K,340.75K,194.8,92.62,24.07B,No,137.68,128.18,129.04,129.43,118.67,469
2040,HPAL.NS,40.42,38.94,1284.84K,Non-Energy Minerals,Construction Materials,43.0,85.0,33.0,51.0,1.9714,1.9393,58.16K,88.45K,53.0,26.52,3.71B,No,34.14,35.05,38.5,35.3,36.04,499
2041,REDTAPE.NS,125.87,127.59,455.95K,Retail Trade,Apparel/Footwear Retail,43.0,22.0,38.0,42.0,5.57,5.5129,939.93K,735.01K,163.5,107.53,69.58B,No,131.45,133.58,127.76,134.01,127.57,499
2042,JAYUSH.BO,870.75,889.8,0.05K,Producer Manufacturing,Auto Parts: Oem,43.0,50.0,42.0,32.0,31.6571,29.8893,0.21K,0.14K,1601.75,639.05,3.37B,No,869.9,879.66,918.16,870.71,864.29,497
2043,BHAGWOX.BO,37.9,37.62,0.21K,Energy Minerals,Oil & Gas Production,43.0,83.0,55.0,21.0,1.9893,1.7336,0.54K,0.78K,50.0,31.5,87.66M,No,37.27,35.35,38.8,35.81,37.16,495
2044,KAJARIR.BO,31.52,33.16,24.18K,Non-Energy Minerals,Steel,43.0,6.0,28.0,49.0,1.7579,1.6907,7.45K,7.67K,41.8,20.15,1.12B,No,35.11,35.8,31.19,35.48,32.34,497
2045,SPCAPIT.BO,52.88,51.0,0.52K,Finance,Investment Banks/Brokers,43.0,55.0,31.0,22.0,1.1529,0.9086,0.62K,0.22K,76.79,43.0,317.93M,No,51.66,52.68,56.81,52.76,55.99,497
2046,PNBGILTS.NS,80.41,80.13,231.52K,Finance,Investment Banks/Brokers,43.0,17.0,70.0,46.0,2.4386,2.4371,2503.76K,300.01K,109.99,58.6,14.47B,No,84.2,87.78,80.67,87.04,79.24,500
2047,NACLIND.NS,171.27,176.6,502.49K,Process Industries,Chemicals: Agricultural,43.0,1.0,44.0,72.0,9.0171,8.9964,1777.72K,696.90K,294.0,112.62,40.12B,No,192.61,194.22,169.23,196.4,164.57,499
2048,CRAMC.NS,258.4,256.65,249.80K,Finance,Investment Managers,43.0,56.0,59.0,48.0,5.3036,5.1486,879.97K,306.23K,353.4,214.2,51.53B,No,261.02,255.25,266.82,256.22,251.43,206
2049,THACKER.NS,1020.1,1049.2,0.00K,Finance,Finance/Rental/Leasing,43.0,29.0,28.0,,37.95,30.8,0.33K,0.02K,1689.9,951.0,,No,1044.51,1150.44,,1096.69,,73
2050,FORTIS.NS,900.0,935.2,4299.82K,Health Services,Hospital/Nursing Management,43.0,25.0,39.0,51.0,25.875,25.875,1442.69K,1493.85K,1104.3,766.8,679.46B,No,943.25,958.11,920.61,955.2,913.49,500
2051,TATASTEEL.NS,186.2,188.25,36477.30K,Non-Energy Minerals,Steel,43.0,44.0,21.0,38.0,4.0043,3.8771,28519.13K,22843.93K,224.4,153.05,2322.72B,No,187.29,191.3,192.3,189.85,198.73,500
2052,BNAGROCHEM.NS,254.1,255.25,102.06K,Process Industries,Agricultural Commodities/Milling,43.0,13.0,18.0,,11.1286,10.875,19.25K,49.41K,394.8,224.0,,No,272.45,280.35,,276.79,,80
2053,FRONTSP.NS,1509.5,1481.7,82.21K,Producer Manufacturing,Metal Fabrication,43.0,66.0,21.0,,61.9357,60.4572,23.42K,23.40K,1869.0,1309.1,,No,1389.25,1427.21,,1419.62,,80
2054,HRYNSHP.BO,102.05,103.5,0.43K,Distribution Services,Wholesale Distributors,43.0,31.0,43.0,42.0,3.6536,3.6286,2.95K,1.99K,130.0,82.25,629.31M,No,102.66,101.9,104.94,102.47,102.62,497
2055,NAVKARCORP.NS,100.05,99.67,230.85K,Transportation,Other Transportation,43.0,31.0,49.0,47.0,2.5921,2.5457,830.75K,305.47K,132.5,74.05,15.06B,No,102.73,104.49,99.86,104.7,97.89,500
2056,LESL.BO,22.2,22.96,534.00K,Industrial Services,Engineering & Construction,43.0,25.0,,,0.5514,0.4793,1000.91K,159.00K,25.2,20.0,3.15B,No,22.43,,,,,35
2057,SAPPL.NS,282.2,281.65,0.03K,Process Industries,Pulp & Paper,43.0,28.0,30.0,,14.6786,12.8786,1.72K,0.64K,334.3,252.0,,No,293.19,284.46,,286.44,,78
2058,PATELSAI.BO,281.05,271.45,52.27K,Producer Manufacturing,Industrial Machinery,43.0,1.0,14.0,78.0,20.1607,16.575,7.60K,5.46K,420.0,180.1,1.54B,No,330.86,339.53,280.51,342.07,290.18,496
2059,MIL.BO,28.37,30.01,2.84K,Finance,Financial Conglomerates,42.0,58.0,83.0,10.0,3.0321,2.9436,6.96K,4.04K,43.0,20.61,283.70M,No,26.6,27.0,30.33,27.07,28.6,496
2060,GMMPFAUDLR.NS,997.3,1003.8,89.83K,Producer Manufacturing,Industrial Machinery,42.0,94.0,71.0,44.0,40.6464,40.075,237.24K,801.05K,1324.7,735.0,44.84B,No,862.92,814.5,949.27,835.97,876.28,499
2061,MSL.BO,142.7,149.35,1.63K,Process Industries,Agricultural Commodities/Milling,42.0,74.0,58.0,51.0,9.3071,8.8786,0.80K,0.81K,183.0,102.5,1.57B,No,135.58,128.52,138.3,129.96,131.54,496
2062,DMART.NS,4040.0,4054.8999,336.81K,Retail Trade,Specialty Stores,42.0,44.0,32.0,55.0,99.5928,98.15,582.90K,510.48K,4949.5,3529.0,2635.07B,No,3969.48,4082.09,4038.44,4048.23,4074.4,500
2063,HINDCOMPOS.NS,420.7,415.0,3.97K,Producer Manufacturing,Auto Parts: Oem,42.0,29.0,29.0,48.0,14.775,14.3,10.15K,3.35K,550.0,347.1,6.21B,No,428.79,427.67,428.71,426.24,420.89,498
2064,MALPANI.BO,65.95,65.95,8.00K,Producer Manufacturing,Miscellaneous Manufacturing,42.0,45.0,65.0,29.0,1.0207,0.8536,10.17K,2.40K,85.9,55.22,710.78M,No,66.19,65.7,69.16,65.15,65.97,373
2065,ULTRAMAR.NS,395.9,388.1,40.08K,Process Industries,Chemicals: Specialty,42.0,56.0,30.0,,17.8607,17.7929,55.06K,230.85K,455.75,364.1,11.56B,No,384.94,382.53,,385.43,,80
2066,EMSLIMITED.NS,382.0,393.9,174.83K,Industrial Services,Engineering & Construction,42.0,15.0,62.0,61.0,13.95,13.6929,1173.11K,249.09K,593.85,256.05,21.21B,No,406.28,390.35,375.31,397.83,344.78,500
2067,MOBIKWIK.NS,207.01,212.2,665.71K,Commercial Services,Miscellaneous Commercial Services,42.0,61.0,40.0,47.0,8.295,7.5743,2431.16K,3205.22K,334.0,151.46,16.30B,No,207.8,203.52,212.47,204.11,198.66,411
2068,BUTTERFLY.NS,677.2,669.85,9.67K,Consumer Durables,Electronics/Appliances,42.0,22.0,66.0,60.0,29.3286,29.1357,84.20K,54.05K,823.85,565.8,12.11B,No,724.91,694.95,660.06,699.44,650.34,499
2069,MCPL.BO,86.76,98.49,11.00K,Retail Trade,Home Improvement Chains,42.0,16.0,74.0,41.0,5.3779,3.0493,16.38K,4.50K,146.4,60.0,1.20B,No,86.68,94.76,88.74,94.26,83.55,498
2070,ZODJRDMKJ.BO,38.47,37.53,5.66K,Non-Energy Minerals,Other Metals/Minerals,42.0,74.0,65.0,38.0,2.5786,2.5379,25.04K,43.01K,51.47,28.4,422.23M,No,35.8,35.67,38.01,35.93,36.05,497
2071,SALONA.NS,254.95,248.65,1.93K,Process Industries,Textiles,42.0,43.0,20.0,44.0,14.0521,13.9036,1.69K,1.51K,320.0,200.0,1.34B,No,249.22,256.99,264.87,254.27,263.47,498
2072,TLL.BO,261.55,258.45,27.00K,Health Technology,Pharmaceuticals: Major,42.0,44.0,41.0,17.0,6.8821,6.6857,34.16K,32.16K,328.0,229.95,3.12B,No,261.01,256.87,272.7,258.31,261.03,497
2073,GKB.BO,61.43,59.99,3.77K,Health Technology,Medical Specialties,42.0,52.0,33.0,49.0,2.4164,2.1807,1.19K,0.56K,91.7,45.25,309.64M,No,57.85,60.37,59.62,60.69,61.41,497
2074,BRIGHT.BO,361.4,356.75,8.62K,Commercial Services,Advertising/Marketing Services,42.0,32.0,34.0,18.0,7.2393,6.3643,19.92K,6.19K,450.0,310.05,7.89B,No,362.66,370.02,388.86,369.16,384.77,499
2075,KUMPFIN.BO,21.02,21.85,0.90K,Finance,Finance/Rental/Leasing,42.0,9.0,52.0,52.0,0.5157,0.3036,0.25K,0.12K,26.23,16.7,111.99M,No,23.44,23.34,21.89,23.27,21.47,498
2076,RISHILASE.BO,124.0,123.55,5.49K,Producer Manufacturing,Building Products,42.0,28.0,45.0,41.0,5.9786,5.8357,6.27K,4.52K,149.95,90.0,1.24B,No,125.22,125.01,121.82,124.94,117.95,496
2077,SRHHYPOLTD.NS,502.0,500.95,21.20K,Process Industries,Chemicals: Specialty,42.0,55.0,32.0,60.0,16.3679,15.7286,9.11K,7.39K,640.0,382.4,8.62B,No,491.24,492.79,492.71,493.68,480.7,499
2078,RUPA.NS,155.59,158.76,100.27K,Consumer Non-Durables,Apparel/Footwear,42.0,23.0,56.0,49.0,4.3114,4.21,230.56K,116.55K,218.0,109.21,12.38B,No,163.51,162.4,156.84,163.26,148.81,498
2079,SHREECEM.NS,25570.0,25510.0,19.87K,Non-Energy Minerals,Construction Materials,42.0,35.0,52.0,32.0,615.7143,610.0,24.47K,27.01K,31920.0,22550.0,922.58B,No,26560.0,25845.0,25866.7,25925.5,25360.5,500
2080,SANPA.BO,175.0,180.0,0.12K,Process Industries,Pulp & Paper,42.0,78.0,61.0,28.0,5.3929,2.8821,0.12K,0.18K,285.0,143.05,228.77M,No,156.26,159.5,176.83,161.52,169.58,497
2081,CENTEXT.NS,21.11,22.03,277.38K,Producer Manufacturing,Metal Fabrication,42.0,81.0,46.0,39.0,1.2843,1.2729,196.56K,720.46K,34.75,15.67,1.69B,No,20.23,19.79,21.36,20.05,20.32,499
2082,EIKO.BO,49.4,49.86,21.28K,Process Industries,Chemicals: Specialty,42.0,49.0,48.0,28.0,1.7807,1.7807,12.11K,4.35K,64.44,45.9,715.58M,No,49.31,50.04,51.55,49.72,50.69,497
2083,PBMPOLY.BO,57.8,58.2,0.00K,Process Industries,Textiles,42.0,47.0,48.0,56.0,2.1807,1.8964,1.34K,0.23K,76.5,44.15,397.61M,No,57.93,56.83,56.04,56.29,55.3,496
2084,LAGNAM.NS,80.5,82.73,6.95K,Process Industries,Textiles,42.0,54.0,43.0,66.0,4.0914,4.0914,13.18K,14.74K,96.98,58.6,1.42B,No,86.79,82.8,75.98,83.23,76.36,498
2085,SILVERTUC.NS,205.88,206.52,484.62K,Technology Services,Packaged Software,42.0,75.0,83.0,85.0,10.5271,10.3971,519.99K,759.36K,1117.45,100.5,26.11B,No,199.39,191.74,309.73,193.22,157.3,499
2086,SURYAAMBA.BO,120.0,117.05,0.03K,Process Industries,Textiles,42.0,49.0,49.0,35.0,5.2964,3.7964,0.33K,0.62K,158.55,100.4,351.83M,No,121.75,120.77,122.55,122.52,121.58,497
2087,PARAGONF.BO,50.05,48.0,4.03K,Finance,Finance/Rental/Leasing,42.0,55.0,45.0,53.0,4.7429,4.135,1.47K,0.45K,63.67,37.25,212.71M,No,50.0,49.5,50.64,50.06,50.2,497
2088,NLCINDIA.NS,276.75,286.05,2978.51K,Utilities,Electric Utilities,42.0,16.0,16.0,57.0,9.0821,7.8107,6171.79K,2529.59K,387.8,222.0,383.75B,No,295.31,309.23,281.6,304.79,293.94,499
2089,TECHNICHEM.BO,45.0,44.65,12.00K,Process Industries,Chemicals: Major Diversified,42.0,15.0,43.0,50.0,1.2143,0.6786,9.97K,8.20K,66.0,34.25,779.46M,No,46.09,45.35,48.57,45.6,46.74,396
2090,CESC.NS,162.43,161.01,718.47K,Utilities,Electric Utilities,42.0,47.0,23.0,59.0,3.1679,3.1679,1643.72K,926.21K,204.5,138.12,215.31B,No,164.08,166.88,166.71,165.89,164.58,500
2091,ATIL.BO,112.2,117.0,14.00K,Producer Manufacturing,Trucks/Construction/Farm Machinery,42.0,96.0,82.0,53.0,8.385,7.99,24.18K,42.10K,156.0,77.0,1.54B,No,98.59,90.21,,91.42,95.02,154
2092,BDL.NS,1340.0,1307.6,1279.41K,Electronic Technology,Aerospace & Defense,42.0,53.0,33.0,42.0,31.4214,31.1857,1248.29K,818.37K,1654.0,1086.0,491.19B,No,1269.48,1292.47,1362.75,1305.96,1310.8,500
2093,LAHOTIOV.NS,43.0,44.19,4.47K,Process Industries,Textiles,42.0,40.0,24.0,,2.5564,2.3943,22.85K,8.68K,53.9,34.06,,No,42.45,43.25,,43.21,,78
2094,SBFC.NS,94.01,93.84,4553.07K,Finance,Finance/Rental/Leasing,42.0,62.0,41.0,54.0,2.1007,2.1007,1211.29K,1346.87K,123.0,79.6,104.12B,No,92.53,92.12,96.75,92.49,92.51,499
2095,ADARSHPL.BO,27.84,29.9,8.99K,Producer Manufacturing,Trucks/Construction/Farm Machinery,42.0,19.0,31.0,22.0,1.9843,1.9679,2.94K,7.84K,44.9,23.21,275.94M,No,29.9,29.9,30.7,30.41,30.9,497
2096,JUBLCPL.NS,1935.5,1861.5,94.45K,Process Industries,Chemicals: Agricultural,42.0,19.0,64.0,27.0,90.2929,87.1786,7.37K,4.50K,3013.4,1460.0,29.33B,No,1876.11,1931.27,1998.39,1946.83,1857.74,369
2097,ZUARIIND.NS,265.95,258.3,38.17K,Process Industries,Agricultural Commodities/Milling,41.0,49.0,46.0,38.0,7.5143,7.2393,43.36K,18.58K,416.0,210.0,7.92B,No,260.02,259.82,275.28,261.0,256.86,499
2098,NARMP.BO,21.38,20.5,45.78K,Producer Manufacturing,Miscellaneous Manufacturing,41.0,28.0,41.0,14.0,0.6636,0.6421,70.61K,10.42K,34.55,14.56,774.60M,No,20.25,21.54,22.85,21.62,21.52,497
2099,ITL.BO,304.45,308.95,0.45K,Producer Manufacturing,Industrial Machinery,41.0,67.0,44.0,63.0,19.9536,19.7571,1.67K,2.56K,382.0,221.05,975.55M,No,300.42,284.66,292.37,285.49,284.39,497
2100,TSFINV.NS,417.65,428.8,96.74K,Finance,Financial Conglomerates,41.0,9.0,50.0,35.0,15.9929,15.875,139.91K,65.80K,701.5,331.7,92.17B,No,447.57,434.27,439.77,433.25,410.44,500
2101,MEHIF.BO,28.24,26.9,0.45K,Finance,Investment Banks/Brokers,41.0,36.0,30.0,19.0,0.3029,0.2136,0.33K,0.00K,36.82,24.06,141.20M,No,28.16,29.21,29.78,28.94,29.65,498
2102,EMUDHRA.NS,522.65,525.75,104.57K,Technology Services,Packaged Software,41.0,89.0,53.0,39.0,20.5571,20.5571,214.80K,309.25K,771.05,364.55,42.88B,No,483.15,465.17,508.68,469.09,467.12,499
2103,ESTER.NS,96.27,104.5,593.92K,Process Industries,Industrial Specialties,41.0,72.0,37.0,41.0,4.4714,4.3707,100.12K,223.33K,132.45,68.55,10.04B,No,90.17,90.22,96.39,90.33,92.48,500
2104,ARTNIRMAN.NS,42.39,41.51,2.85K,Consumer Durables,Homebuilding,41.0,65.0,61.0,44.0,2.4943,2.3879,1.78K,2.77K,66.97,29.39,1.06B,No,39.98,40.41,43.57,40.67,40.9,499
2105,RAVALSUGAR.BO,955.25,977.0,0.01K,Consumer Non-Durables,Food: Specialty/Candy,41.0,48.0,37.0,41.0,26.4536,22.575,0.04K,0.05K,1144.0,812.05,324.78M,No,972.92,966.46,958.71,966.35,946.28,496
2106,MAITHANALL.NS,991.7,1005.6,41.43K,Non-Energy Minerals,Other Metals/Minerals,41.0,43.0,44.0,38.0,22.6357,21.925,61.30K,34.02K,1210.1,831.2,28.87B,No,979.26,1007.6,998.27,1009.34,992.48,500
2107,TCIEXP.NS,549.15,542.8,33.55K,Transportation,Air Freight/Couriers,41.0,44.0,45.0,51.0,23.7071,23.6607,201.50K,216.22K,780.0,447.55,21.10B,No,561.0,543.03,549.79,543.88,531.14,498
2108,JIOFIN.NS,256.05,252.75,13280.08K,Finance,Financial Conglomerates,41.0,76.0,57.0,47.0,6.5171,6.4436,15693.59K,23109.93K,333.7,223.3,1690.73B,No,247.95,241.91,260.89,244.81,245.1,500
2109,7SEASL.BO,74.41,75.41,22.75K,Technology Services,Packaged Software,41.0,64.0,31.0,34.0,5.4629,5.3071,14.01K,16.86K,101.0,63.0,1.72B,No,75.79,75.93,78.46,75.54,76.81,497
2110,DUROPACK.BO,58.9,58.02,0.38K,Process Industries,Industrial Specialties,41.0,63.0,83.0,47.0,3.3743,2.6386,0.77K,0.52K,87.5,40.05,310.53M,No,57.23,58.02,58.43,57.42,53.7,497
2111,SBILIFE.NS,1830.0,1837.6,1053.46K,Finance,Life/Health Insurance,41.0,51.0,47.0,25.0,36.2072,35.7786,961.22K,917.80K,2132.0,1700.4,1835.97B,No,1858.33,1814.41,1924.27,1815.82,1878.8,500
2112,NAGTECH.BO,44.99,44.47,4.82K,Process Industries,Agricultural Commodities/Milling,41.0,71.0,32.0,18.0,3.1886,3.0236,11.72K,14.52K,64.28,34.59,1.38B,No,44.67,46.36,46.43,45.63,47.25,497
2113,DHPIND.BO,533.3,509.0,3.18K,Producer Manufacturing,Miscellaneous Manufacturing,41.0,56.0,51.0,52.0,16.7393,16.1679,0.92K,0.78K,727.0,430.0,1.60B,No,515.22,515.36,532.48,520.24,517.05,497
2114,FSL.NS,274.5,279.6,1859.71K,Commercial Services,Miscellaneous Commercial Services,41.0,82.0,52.0,23.0,18.1807,17.3336,3589.72K,11777.28K,381.4,202.0,189.55B,No,283.04,261.49,278.98,261.22,251.09,500
2115,JKTYRE.NS,386.5,390.85,479.27K,Consumer Durables,Automotive Aftermarket,41.0,28.0,41.0,7.0,11.8464,11.0,1388.42K,1219.86K,611.9,311.0,111.42B,No,399.9,397.0,441.86,397.45,428.2,500
2116,ABANSENT.NS,27.57,26.26,4.87K,Distribution Services,Wholesale Distributors,41.0,45.0,3.0,,1.4914,1.3736,13.76K,8.08K,48.85,22.3,,No,26.74,27.29,,27.31,,80
2117,INDIAHOME.BO,32.61,32.54,3.20K,Finance,Finance/Rental/Leasing,41.0,56.0,56.0,29.0,2.1286,2.115,4.56K,1.09K,47.54,24.8,465.73M,No,30.71,31.0,33.65,30.88,31.9,497
2118,MKEXIM.BO,57.05,58.22,6.41K,Process Industries,Textiles,41.0,46.0,37.0,62.0,3.3379,3.3179,20.63K,12.55K,83.0,39.88,2.30B,No,56.14,57.7,56.08,58.06,55.3,496
2119,HEMIPROP.NS,134.12,136.92,375.14K,Finance,Real Estate Development,41.0,39.0,21.0,46.0,3.115,3.0029,581.39K,372.24K,190.69,111.2,38.24B,No,136.16,137.87,136.33,137.84,135.69,500
2120,MRP.BO,90.0,89.0,16.00K,Distribution Services,Food Distributors,41.0,55.0,53.0,35.0,1.4221,1.07,8.13K,8.00K,108.0,77.7,1.03B,No,90.15,90.46,92.33,90.85,90.84,495
2121,JIGAR.BO,60.0,62.71,2.00K,Producer Manufacturing,Electrical Products,41.0,5.0,32.0,28.0,2.4607,1.7707,0.87K,1.80K,76.9,50.0,540.72M,No,67.5,68.19,65.29,67.85,64.84,496
2122,SHREEPAC.BO,136.8,137.25,1.40K,Health Technology,Medical Specialties,41.0,40.0,51.0,28.0,10.825,10.5393,3.61K,2.07K,283.15,90.0,512.96M,No,139.67,138.22,163.21,137.92,135.07,497
2123,AERONEU.NS,84.07,84.06,42.63K,Process Industries,Containers/Packaging,41.0,27.0,33.0,67.0,3.5829,3.5721,68.86K,62.00K,125.37,63.21,2.17B,No,86.25,88.46,80.06,88.04,81.19,499
2124,SANCTRN.BO,670.2,693.0,0.01K,Transportation,Other Transportation,41.0,9.0,38.0,42.0,3.8964,2.2143,0.05K,0.00K,808.5,634.0,1.21B,No,710.53,727.83,719.21,726.75,712.44,496
2125,MASFIN.NS,302.85,300.1,80.19K,Finance,Finance/Rental/Leasing,41.0,33.0,22.0,37.0,9.0214,8.8929,118.70K,179.06K,358.85,277.35,54.95B,No,313.34,312.54,314.9,312.77,314.65,499
2126,BHARATWIRE.NS,187.2,190.59,174.14K,Producer Manufacturing,Metal Fabrication,41.0,8.0,6.0,64.0,7.57,7.2036,273.72K,155.13K,262.0,148.01,12.85B,No,198.49,205.54,192.64,203.35,194.73,500
2127,BANARISUG.NS,3464.3,3484.1001,0.49K,Process Industries,Agricultural Commodities/Milling,41.0,46.0,43.0,33.0,44.4143,43.5571,0.41K,0.38K,3849.0,3105.2,43.44B,No,3482.08,3506.72,3584.72,3497.82,3574.19,499
2128,SWARAJENG.NS,3608.9,3597.8999,7.19K,Producer Manufacturing,Auto Parts: Oem,41.0,33.0,28.0,46.0,55.2714,54.7,15.16K,7.55K,4545.0,3301.3,43.85B,No,3613.38,3754.76,3723.45,3742.06,3698.35,498
2129,IOB.NS,33.84,34.21,3184.85K,Finance,Major Banks,41.0,50.0,45.0,37.0,0.6071,0.5893,3995.12K,2252.04K,41.8,31.2,651.64B,No,34.16,34.1,35.19,34.16,34.24,500
2130,SPLIL.NS,31.34,31.03,5.60K,Consumer Non-Durables,Apparel/Footwear,41.0,47.0,39.0,56.0,1.4071,1.3464,8.65K,6.75K,45.2,20.2,919.95M,No,31.52,31.14,32.12,31.36,29.81,498
2131,IONEXCHANG.NS,376.85,380.9,266.02K,Producer Manufacturing,Industrial Machinery,41.0,22.0,27.0,52.0,14.4357,12.6786,787.77K,565.81K,486.0,312.7,,No,414.39,400.06,378.5,403.1,381.33,499
2132,SML.BO,72.99,73.82,0.51K,Health Services,Medical/Nursing Services,41.0,67.0,59.0,6.0,3.7507,2.4321,0.24K,0.60K,114.15,43.82,311.30M,No,57.87,66.01,80.36,66.53,71.0,497
2133,ERPSOFT.BO,68.73,68.73,0.03K,Technology Services,Packaged Software,40.0,77.0,71.0,58.0,0.4557,0.0,0.09K,0.00K,117.5,42.94,272.17M,No,65.54,63.99,69.87,64.57,59.71,495
2134,UNITEDTEA.NS,461.5,464.8,2.82K,Consumer Non-Durables,Food: Specialty/Candy,40.0,33.0,16.0,35.0,14.6929,14.0643,2.24K,1.08K,590.0,412.0,2.31B,No,471.51,481.9,486.7,478.1,502.98,498
2135,SURJIND.BO,51.6,52.5,8.31K,Process Industries,Agricultural Commodities/Milling,40.0,20.0,59.0,45.0,2.4714,1.9514,5.81K,13.26K,84.5,38.1,4.50B,No,54.77,56.85,49.62,56.26,51.14,495
2136,VALIANTLAB.NS,74.76,71.2,11.75K,Health Technology,Pharmaceuticals: Major,40.0,89.0,39.0,74.0,2.8343,2.1086,23.45K,19.41K,94.95,49.51,4.06B,No,63.51,65.59,67.37,65.6,64.99,499
2137,SUPREMEINF.NS,83.89,85.46,36.41K,Industrial Services,Engineering & Construction,40.0,49.0,50.0,40.0,5.8771,5.69,159.54K,218.71K,124.81,58.11,8.18B,No,85.18,81.06,81.87,81.72,79.06,499
2138,UNIROYAL.BO,19.53,19.11,2.32K,Process Industries,Textiles,40.0,57.0,47.0,43.0,1.1243,0.9336,1.50K,0.74K,26.0,16.7,161.49M,No,19.61,19.62,20.03,19.89,19.88,496
2139,INDPRUD.NS,6343.5,6455.0,0.62K,Finance,Investment Banks/Brokers,40.0,44.0,39.0,,203.6786,198.0,0.06K,0.17K,7052.5,5750.5,,No,6498.25,6465.66,,6485.8,,75
2140,OLYOI.BO,24.21,25.48,0.02K,Distribution Services,Food Distributors,40.0,57.0,78.0,33.0,0.3821,0.0829,0.05K,0.04K,38.68,20.52,69.10M,No,23.46,23.12,26.61,23.21,24.49,497
2141,BESTAGRO.NS,19.04,19.47,969.85K,Process Industries,Chemicals: Agricultural,40.0,92.0,45.0,32.0,1.5843,1.4814,2104.99K,10292.55K,34.4,12.3,6.75B,No,17.61,16.45,19.27,16.76,17.08,500
2142,PANCARBON.BO,462.75,468.3,0.81K,Producer Manufacturing,Electrical Products,40.0,42.0,41.0,37.0,6.9571,6.8429,3.44K,1.29K,525.6,421.05,2.22B,No,462.55,469.75,475.95,469.64,469.47,496
2143,ARROWHEAD.BO,71.0,71.0,0.60K,Process Industries,Containers/Packaging,40.0,58.0,54.0,32.0,0.0714,0.0,0.32K,0.30K,93.9,68.0,132.86M,No,70.1,70.27,73.79,70.2,71.21,496
2144,NAVA.NS,589.2,569.15,733.41K,Utilities,Electric Utilities,40.0,42.0,11.0,50.0,18.4822,17.8036,375.41K,242.09K,739.4,501.65,166.89B,No,574.56,591.61,586.53,590.08,594.45,499
2145,DISAQ.NS,11622.0,12023.0,0.70K,Producer Manufacturing,Industrial Machinery,40.0,28.0,40.0,,320.2857,312.6429,0.54K,0.63K,12864.0,10851.0,,No,12065.85,11953.5,,12019.5,,79
2146,LAKHOTIA.BO,55.0,58.47,0.72K,Process Industries,Textiles,40.0,20.0,19.0,30.0,4.765,4.2729,11.10K,0.64K,185.7,34.5,576.07M,No,58.44,60.28,67.54,59.97,61.86,497
2147,RELIANCE.NS,1329.0,1323.9,7864.39K,Energy Minerals,Oil Refining/Marketing,40.0,64.0,34.0,32.0,21.4,20.7143,14489.13K,12170.83K,1611.8,1249.8,17984.66B,No,1302.18,1301.33,1405.54,1310.92,1356.17,500
2148,POLYCHEM.BO,2044.1,1970.0,0.16K,Process Industries,Chemicals: Major Diversified,40.0,72.0,38.0,40.0,70.0107,63.7536,0.08K,0.04K,2880.0,1811.1,825.91M,No,1953.37,1946.0,2039.36,1945.55,2007.64,497
2149,IGCL.NS,72.36,71.92,432.84K,Process Industries,Chemicals: Agricultural,40.0,64.0,61.0,51.0,3.7243,3.7243,149.83K,162.06K,118.99,49.46,4.57B,No,73.67,67.87,72.21,69.18,65.34,277
2150,SAGILITY.NS,43.31,43.02,12080.53K,Commercial Services,Miscellaneous Commercial Services,40.0,70.0,47.0,21.0,1.6029,1.5814,22217.24K,26766.48K,57.89,35.83,202.75B,No,42.95,41.4,45.01,41.64,42.47,436
2151,HINDPETRO.NS,390.0,390.85,10503.58K,Energy Minerals,Oil Refining/Marketing,40.0,46.0,53.0,17.0,8.1607,7.3143,6990.52K,6181.40K,508.45,316.2,829.85B,No,394.1,393.73,415.7,393.91,391.41,500
2152,DAMODARIND.NS,28.62,28.45,0.57K,Process Industries,Textiles,40.0,14.0,34.0,57.0,1.115,1.1129,6.89K,3.63K,39.0,20.0,666.85M,No,28.65,29.93,28.95,29.98,27.98,499
2153,BHAVIK.BO,141.0,143.0,4.00K,Distribution Services,Wholesale Distributors,40.0,23.0,17.0,42.0,2.4393,1.9786,1.34K,1.40K,175.05,121.1,2.87B,No,145.3,150.89,148.87,150.23,152.57,213
2154,RAJKOTINV.BO,44.23,45.12,0.06K,Finance,Finance/Rental/Leasing,40.0,51.0,26.0,22.0,3.0129,2.3393,0.22K,0.03K,53.9,32.0,44.23M,No,45.87,44.59,43.49,45.1,43.74,494
2155,APL.BO,79.0,80.25,7.00K,Distribution Services,Medical Distributors,40.0,66.0,49.0,29.0,2.8907,2.6414,14.29K,9.70K,111.75,60.0,672.48M,No,70.63,74.76,79.81,75.34,77.52,267
2156,DRREDDY.NS,1200.0,1205.0,2366.75K,Health Technology,Pharmaceuticals: Major,40.0,25.0,34.0,43.0,21.65,20.1072,2355.71K,1802.61K,1414.9,1101.0,999.60B,No,1176.13,1250.2,1259.11,1239.94,1265.02,500
2157,CSM.NS,101.79,102.72,149.21K,Technology Services,Information Technology Services,40.0,59.0,,,5.3321,5.3243,468.30K,617.00K,113.0,94.27,5.25B,No,101.45,,,,,30
2158,UCOBANK.NS,26.17,26.12,3119.52K,Finance,Regional Banks,40.0,51.0,47.0,27.0,0.5121,0.4593,7826.30K,4337.65K,34.2,22.22,328.16B,No,26.32,26.45,27.68,26.51,26.55,500
2159,SIHORA.BO,59.5,60.0,6.00K,Process Industries,Textiles,40.0,55.0,53.0,58.0,0.1071,0.0357,1.24K,0.20K,70.0,50.1,316.98M,No,59.01,59.21,59.41,59.19,58.93,205
2160,ACLD.BO,144.0,143.95,18.00K,Process Industries,Agricultural Commodities/Milling,40.0,26.0,36.0,57.0,5.5357,5.2179,27.75K,19.50K,230.0,106.0,2.93B,No,145.84,151.78,149.4,151.18,142.3,497
2161,JUPITERIN.BO,48.26,48.31,7.29K,Technology Services,Packaged Software,40.0,8.0,6.0,56.0,3.1171,3.1171,27.75K,16.12K,81.55,30.1,483.57M,No,51.89,55.01,49.63,53.95,53.86,497
2162,MCLEODRUSS.NS,47.75,48.86,436.90K,Consumer Non-Durables,Food: Specialty/Candy,40.0,15.0,11.0,61.0,2.6207,2.3821,298.56K,187.32K,78.41,28.5,4.99B,No,51.99,57.92,51.96,55.78,51.14,497
2163,SUNDROP.NS,669.8,674.85,28.34K,Process Industries,Agricultural Commodities/Milling,40.0,65.0,51.0,51.0,20.5286,20.0,19.80K,42.90K,928.0,556.0,25.25B,No,666.96,656.97,672.5,661.96,649.03,499
2164,HAVELLS.NS,1265.0,1274.4,420.31K,Producer Manufacturing,Electrical Products,40.0,70.0,53.0,38.0,21.1786,20.8572,1078.31K,1110.71K,1621.1,1123.6,793.87B,No,1245.58,1203.69,1312.78,1210.61,1255.34,500
2165,KIRIINDUS.NS,434.45,426.7,1841.59K,Process Industries,Chemicals: Specialty,40.0,83.0,57.0,30.0,14.0036,13.7143,232.53K,241.70K,779.0,333.8,28.31B,No,414.82,400.4,457.45,403.15,411.9,500
2166,KOTARISUG.NS,26.13,26.19,44.73K,Process Industries,Agricultural Commodities/Milling,40.0,51.0,42.0,52.0,0.9786,0.9786,38.82K,49.99K,37.68,22.5,2.17B,No,25.49,25.46,26.34,25.49,25.38,500
2167,SIRCA.NS,435.9,442.35,324.77K,Process Industries,Industrial Specialties,40.0,78.0,58.0,32.0,12.4536,12.0821,350.42K,472.77K,539.0,385.0,24.82B,No,415.83,411.1,450.02,412.43,430.19,500
2168,DIANATEA.BO,26.73,26.1,10.47K,Process Industries,Agricultural Commodities/Milling,40.0,68.0,47.0,35.0,1.3486,1.2714,6.44K,9.77K,34.0,22.75,400.71M,No,25.24,25.75,26.9,25.77,25.99,497
2169,GYFTR.NS,160.15,160.33,36.12K,Finance,Investment Banks/Brokers,40.0,,,,10.4186,10.4186,59.31K,85.53K,174.9,139.69,12.30B,No,156.39,,,,,24
2170,POONADAL.BO,62.9,62.0,0.59K,Process Industries,Agricultural Commodities/Milling,39.0,42.0,49.0,47.0,2.3907,2.3007,0.43K,0.44K,93.2,57.0,359.03M,No,62.75,63.47,66.35,63.21,64.68,496
2171,DOMS.NS,2242.0,2231.8,24.23K,Producer Manufacturing,Office Equipment/Supplies,39.0,33.0,42.0,29.0,49.7214,46.8571,190.73K,72.58K,2770.0,2023.9,136.06B,No,2257.04,2262.21,2367.86,2275.3,2283.36,499
2172,SUNILTX.BO,78.0,81.84,1.30K,Consumer Non-Durables,Apparel/Footwear,39.0,14.0,30.0,21.0,2.4764,0.7636,0.09K,0.30K,98.8,59.5,327.60M,No,81.48,83.37,82.15,82.47,80.57,497
2173,S&SPOWER.NS,317.65,321.9,4.18K,Producer Manufacturing,Electrical Products,39.0,9.0,10.0,71.0,24.0,24.0,2.47K,4.44K,468.9,193.5,3.92B,No,327.58,359.18,329.48,349.52,343.64,497
2174,NATCOPHARM.NS,915.3,907.0,270.04K,Health Technology,Pharmaceuticals: Major,39.0,27.0,8.0,56.0,18.8107,18.6679,676.33K,231.26K,1226.8,789.0,163.94B,No,927.93,917.49,944.91,918.75,972.99,500
2175,SESHAPAPER.NS,232.62,233.0,23.70K,Process Industries,Pulp & Paper,39.0,60.0,23.0,42.0,10.0836,9.8293,124.42K,108.13K,293.11,209.96,14.67B,No,230.17,226.97,243.52,229.05,244.73,499
2176,SAGARDEEP.NS,24.39,24.69,8.26K,Non-Energy Minerals,Other Metals/Minerals,39.0,46.0,55.0,38.0,1.3107,1.2879,18.59K,4.44K,31.48,20.81,416.03M,No,24.56,24.75,25.2,24.7,24.32,498
2177,CYBERTECH.NS,135.04,136.39,15.00K,Technology Services,Information Technology Services,39.0,35.0,37.0,47.0,4.2243,4.2071,52.20K,10.88K,274.8,95.3,4.09B,No,139.97,142.12,136.78,142.12,130.56,499
2178,RISHITECH.BO,40.29,40.65,0.70K,Process Industries,Containers/Packaging,39.0,62.0,61.0,31.0,4.1686,4.1643,2.53K,3.02K,58.8,32.0,297.78M,No,39.99,39.8,41.25,40.41,39.59,496
2179,GUJTHEM.NS,352.65,362.05,34.12K,Health Technology,Pharmaceuticals: Major,39.0,23.0,24.0,56.0,12.9286,12.7679,173.03K,104.30K,479.0,225.05,38.50B,No,359.31,376.54,366.07,372.6,342.86,363
2180,RJSHAH.BO,484.5,484.5,0.05K,Industrial Services,Engineering & Construction,39.0,53.0,59.0,27.0,1.9357,0.0,0.07K,0.07K,660.0,432.3,135.71M,No,490.58,478.17,516.05,482.27,494.7,496
2181,ASIAPAK.BO,55.0,55.0,0.51K,Commercial Services,Miscellaneous Commercial Services,39.0,84.0,37.0,51.0,0.7314,0.6964,0.08K,0.11K,71.37,36.72,145.06M,No,53.51,50.63,50.43,51.08,49.75,495
2182,GTV.BO,69.0,69.57,34.08K,Industrial Services,Engineering & Construction,39.0,40.0,51.0,77.0,2.5464,2.4629,76.61K,27.30K,83.9,41.55,3.51B,No,69.41,72.63,64.46,72.75,65.71,498
2183,FLEXFO.BO,45.01,46.0,0.93K,Consumer Non-Durables,Food: Specialty/Candy,39.0,58.0,56.0,52.0,4.5986,4.5664,4.19K,3.04K,68.9,29.36,560.37M,No,43.8,43.94,44.83,44.31,42.46,497
2184,DICIND.NS,505.8,511.0,1.48K,Process Industries,Industrial Specialties,39.0,38.0,33.0,26.0,21.4143,20.6714,2.41K,1.27K,617.3,450.5,4.64B,No,512.62,511.61,514.39,513.26,520.23,498
2185,NDGL.NS,2850.2,2717.0,0.87K,Finance,Finance/Rental/Leasing,39.0,65.0,53.0,58.0,125.4357,121.5643,0.26K,0.12K,4357.4,2100.0,2.85B,No,2754.12,2683.84,2797.03,2721.13,2606.54,498
2186,SANOFICONR.NS,4478.5,4553.0,1.36K,Health Technology,Pharmaceuticals: Major,39.0,45.0,37.0,48.0,114.9285,114.2571,11.73K,20.88K,5357.0,3975.0,103.29B,No,4587.38,4628.7,4531.9,4608.47,4514.31,476
2187,BEDMUTHA.NS,117.16,116.93,4.68K,Non-Energy Minerals,Steel,39.0,76.0,62.0,27.0,5.1936,5.165,4.70K,4.18K,154.9,94.55,3.78B,No,110.47,109.72,114.93,110.58,115.89,498
2188,HPIL.NS,126.37,128.37,5.22K,Process Industries,Chemicals: Specialty,39.0,59.0,31.0,39.0,6.335,6.1236,1.96K,6.52K,164.0,107.0,1.44B,No,125.73,126.24,129.99,126.67,127.97,499
2189,AMBARPIL.BO,217.5,219.4,0.89K,Process Industries,Agricultural Commodities/Milling,39.0,70.0,76.0,57.0,10.1607,9.4964,2.21K,0.38K,397.3,140.0,1.25B,No,199.81,192.65,210.33,195.01,183.61,497
2190,GUJTERC.BO,39.03,37.1,1.29K,Health Technology,Pharmaceuticals: Major,39.0,89.0,62.0,20.0,2.8971,2.6264,4.32K,9.50K,59.78,29.0,304.09M,No,37.19,35.46,39.74,35.81,37.17,497
2191,INDUSTOWER.NS,383.4,369.35,10071.92K,Finance,Finance/Rental/Leasing,39.0,32.0,40.0,21.0,11.6643,11.0,6443.95K,5546.31K,481.5,312.55,1011.10B,No,389.78,398.76,417.47,397.4,421.09,500
2192,GARGFUR.BO,139.8,139.75,3.49K,Non-Energy Minerals,Steel,39.0,90.0,46.0,49.0,9.55,9.1464,6.71K,17.53K,197.5,108.65,700.22M,No,123.79,118.7,135.86,121.36,132.76,497
2193,GROBTEA.NS,919.6,895.0,1.11K,Consumer Non-Durables,Food: Major Diversified,39.0,56.0,50.0,40.0,27.4143,25.1071,0.14K,0.13K,1236.2,805.0,1.07B,No,907.43,909.35,945.04,911.88,909.66,500
2194,ITI.NS,283.5,285.5,234.44K,Communications,Major Telecommunications,39.0,42.0,39.0,40.0,6.6964,6.4786,613.05K,341.48K,372.85,237.0,272.97B,No,280.95,291.47,293.15,290.38,284.86,500
2195,XTGLOBAL.NS,31.91,31.17,65.06K,Technology Services,Information Technology Services,39.0,81.0,49.0,62.0,1.9971,1.9943,76.29K,172.26K,46.25,25.2,4.28B,No,30.68,29.77,32.19,29.81,30.65,475
2196,MOHITIND.NS,25.2,26.19,13.19K,Process Industries,Textiles,39.0,76.0,56.0,54.0,2.0843,2.045,37.31K,145.61K,40.19,18.6,356.77M,No,23.98,23.56,25.51,23.7,23.68,497
2197,MODIRUBBER.NS,120.85,121.29,0.79K,Consumer Durables,Automotive Aftermarket,39.0,16.0,16.0,36.0,5.9593,5.6064,2.66K,1.54K,167.5,98.41,3.03B,No,124.42,127.02,123.36,126.7,124.49,498
2198,BANARBEADS.NS,113.33,115.38,5.59K,Consumer Durables,Other Consumer Specialties,39.0,45.0,36.0,47.0,5.4757,5.4529,7.56K,2.52K,164.7,96.05,747.70M,No,115.71,108.95,117.41,110.51,111.97,498
2199,KAYCEEI.BO,875.0,861.0,0.52K,Producer Manufacturing,Electrical Products,39.0,25.0,46.0,74.0,29.5107,29.5107,0.99K,0.79K,1506.05,632.3,2.78B,No,908.82,893.23,888.95,900.71,856.62,497
2200,BFUTILITIE.NS,560.2,561.55,32.88K,Industrial Services,Engineering & Construction,39.0,49.0,41.0,52.0,15.6179,15.2857,168.46K,44.20K,898.7,368.7,21.10B,No,578.01,598.81,575.22,595.59,539.3,500
2201,OVAL.BO,57.0,55.0,4.80K,Industrial Services,Engineering & Construction,39.0,74.0,71.0,34.0,1.1429,0.7321,4.19K,4.00K,86.0,42.5,1.18B,No,54.6,57.62,56.81,57.22,54.19,230
2202,ROML.NS,44.82,44.25,0.61K,Process Industries,Agricultural Commodities/Milling,39.0,48.0,47.0,44.0,1.2614,1.2593,4.76K,2.45K,62.0,35.11,671.79M,No,44.78,45.41,46.45,45.35,44.65,497
2203,NTPC.NS,339.45,338.45,10148.96K,Utilities,Electric Utilities,39.0,42.0,16.0,35.0,6.0286,5.7393,11575.98K,9410.46K,414.4,315.55,3291.53B,No,345.34,351.34,357.91,349.1,368.57,500
2204,CIEINDIA.NS,411.7,413.0,520.76K,Producer Manufacturing,Auto Parts: Oem,39.0,11.0,20.0,36.0,10.575,10.3286,396.15K,323.67K,526.0,381.1,156.18B,No,427.76,447.07,442.42,443.96,451.71,498
2205,GENUSPOWER.NS,304.95,305.55,1568.89K,Electronic Technology,Electronic Equipment/Instruments,39.0,45.0,36.0,62.0,8.2929,8.1607,2744.25K,1003.95K,368.8,206.36,84.35B,No,312.89,315.92,296.84,317.3,290.29,500
2206,SEJALLTD.NS,679.95,699.55,17.02K,Process Industries,Industrial Specialties,39.0,24.0,14.0,20.0,37.7071,37.7071,8.71K,8.88K,1036.7,381.0,7.97B,No,734.47,733.89,738.18,735.09,682.38,500
2207,SAMKRG.BO,116.9,116.25,1.64K,Producer Manufacturing,Auto Parts: Oem,38.0,40.0,44.0,32.0,3.7821,3.6393,2.87K,3.38K,148.0,99.95,1.15B,No,119.66,120.09,123.18,120.63,119.11,497
2208,SHPLPUNE.BO,754.8,869.0,0.42K,Consumer Services,Hotels/Resorts/Cruise Lines,38.0,14.0,33.0,32.0,60.7107,59.0679,0.17K,0.08K,1100.0,631.0,2.30B,No,830.57,819.49,798.02,811.82,799.17,498
2209,NATHBIOGEN.NS,154.63,157.14,13.15K,Process Industries,Agricultural Commodities/Milling,38.0,26.0,28.0,46.0,6.4821,6.3179,25.12K,31.96K,204.0,126.15,2.94B,No,160.53,164.48,158.34,162.23,158.07,498
2210,UPHOT.BO,1435.6,1490.0,0.02K,Consumer Services,Hotels/Resorts/Cruise Lines,38.0,67.0,52.0,42.0,39.3893,27.8,0.15K,0.02K,1939.95,1299.95,7.75B,No,1431.73,1417.96,1463.06,1437.14,1423.99,497
2211,ESCORP.BO,107.95,104.45,3.47K,Finance,Investment Managers,38.0,73.0,38.0,30.0,4.8571,4.7179,0.60K,0.78K,212.95,87.52,1.20B,No,102.84,102.46,118.46,103.96,107.28,498
2212,KFBL.BO,42.9,44.87,9.42K,Consumer Non-Durables,Food: Specialty/Candy,38.0,59.0,61.0,44.0,3.16,3.0557,6.85K,9.36K,65.0,30.2,643.50M,No,45.59,43.8,42.79,44.17,41.59,497
2213,TIL.NS,228.65,227.95,126.65K,Producer Manufacturing,Trucks/Construction/Farm Machinery,38.0,65.0,69.0,36.0,18.8357,18.7286,1035.18K,5525.84K,371.95,161.25,18.85B,No,233.06,215.33,229.89,218.58,210.1,499
2214,SIMRAN.BO,159.55,160.1,4.01K,Process Industries,Agricultural Commodities/Milling,38.0,64.0,38.0,26.0,7.9857,7.4929,4.83K,6.25K,198.0,131.6,767.44M,No,152.96,154.65,163.34,155.27,159.52,497
2215,BCPL.NS,69.7,69.53,13.93K,Industrial Services,Engineering & Construction,38.0,36.0,17.0,,2.7014,2.635,20.04K,8.48K,92.0,60.0,1.17B,No,70.06,72.63,,71.86,,96
2216,HELPAGE.BO,20.9,20.75,0.31K,Finance,Investment Banks/Brokers,38.0,33.0,48.0,39.0,0.8943,0.8407,0.60K,0.79K,33.8,18.0,207.90M,No,21.36,21.67,23.16,21.57,22.18,496
2217,AHLUCONT.NS,809.1,833.95,29.88K,Industrial Services,Engineering & Construction,38.0,34.0,41.0,34.0,21.2,21.0321,36.41K,19.32K,1077.95,645.15,54.20B,No,830.14,831.53,855.85,829.11,812.81,500
2218,NETLINK.BO,170.95,166.8,0.79K,Technology Services,Packaged Software,38.0,25.0,18.0,18.0,8.7679,7.6393,1.28K,0.87K,230.9,136.1,432.37M,No,175.15,183.77,178.41,182.41,188.27,496
2219,HPCOTTON.BO,99.95,100.0,1.49K,Process Industries,Textiles,38.0,48.0,31.0,38.0,2.9714,2.6143,0.66K,0.22K,132.0,91.0,392.00M,No,102.65,102.28,105.41,101.63,105.24,497
2220,SHILCTECH.NS,3854.3,4581.7002,317.87K,Producer Manufacturing,Electrical Products,38.0,7.0,26.0,53.0,203.6357,165.9714,24.65K,22.73K,5399.0,2852.5,44.09B,No,4442.34,4378.06,,4387.34,4160.97,181
2221,BANKBARODA.NS,251.0,246.2,8296.51K,Finance,Major Banks,38.0,59.0,41.0,23.0,5.0086,4.7736,12626.75K,8671.17K,325.5,230.81,1298.01B,No,246.42,258.32,278.3,257.56,272.07,500
2222,ESCORTS.NS,3126.0,3107.0,92.02K,Producer Manufacturing,Auto Parts: Oem,38.0,72.0,50.0,22.0,60.7357,60.0,145.99K,179.01K,4180.0,2700.0,343.95B,No,3023.12,2937.54,3298.46,2957.31,3119.38,500
2223,PACEDIGITK.NS,183.21,183.55,630.61K,Utilities,Electric Utilities,38.0,7.0,45.0,55.0,7.3821,6.7743,3261.85K,1502.50K,231.95,139.81,39.55B,No,195.95,197.26,188.28,196.82,181.33,214
2224,TRANSCOR.BO,24.13,25.44,17.09K,Commercial Services,Miscellaneous Commercial Services,38.0,15.0,20.0,24.0,1.2857,1.2707,6.82K,4.69K,34.24,21.0,772.49M,No,25.81,26.29,25.68,26.34,26.43,497
2225,LTTS.NS,3578.9,3652.7,59.65K,Commercial Services,Miscellaneous Commercial Services,38.0,79.0,38.0,35.0,103.7286,99.7643,157.99K,107.80K,4726.0,3010.0,379.64B,No,3501.95,3367.16,3722.82,3405.92,3453.04,499
2226,UNICK.BO,46.7,44.5,0.29K,Commercial Services,Miscellaneous Commercial Services,38.0,58.0,66.0,38.0,1.715,0.7236,0.13K,0.28K,75.45,39.0,256.15M,No,44.42,46.35,49.76,45.58,44.84,498
2227,VINYOFL.BO,52.61,52.5,1.69K,Process Industries,Industrial Specialties,38.0,61.0,46.0,47.0,2.8657,2.7579,0.70K,0.54K,78.0,35.95,227.22M,No,52.47,52.29,52.22,52.62,50.95,497
2228,SKPSEC.BO,103.99,104.0,0.99K,Finance,Investment Banks/Brokers,38.0,18.0,51.0,46.0,9.1936,8.8436,2.72K,3.70K,142.0,74.0,708.05M,No,108.36,108.44,105.76,108.8,102.44,497
2229,SONALAD.BO,39.68,41.35,2.56K,Producer Manufacturing,Miscellaneous Manufacturing,38.0,5.0,34.0,40.0,1.5836,1.4393,2.77K,0.52K,54.9,30.4,240.50M,No,46.09,45.16,42.64,44.88,40.56,497
2230,ONESOURCE.NS,1539.2,1598.9,135.55K,Health Technology,Pharmaceuticals: Major,38.0,25.0,15.0,76.0,65.4357,60.2214,268.75K,247.26K,1925.0,1057.0,176.50B,No,1630.84,1643.18,1608.64,1618.36,1555.85,385
2231,LADDERUP.BO,55.76,50.35,0.46K,Finance,Investment Managers,38.0,77.0,49.0,52.0,2.2029,1.7386,0.82K,0.33K,82.5,44.9,591.19M,No,53.14,52.07,56.35,52.94,54.36,497
2232,TEGA.NS,1628.1,1647.1,31.71K,Distribution Services,Wholesale Distributors,38.0,39.0,47.0,33.0,51.9214,51.9214,132.58K,145.79K,2125.0,1473.0,122.32B,No,1577.48,1668.23,1756.57,1651.62,1692.74,499
2233,SUPERSHAKT.BO,250.9,250.9,0.90K,Non-Energy Minerals,Steel,38.0,68.0,74.0,36.0,4.925,4.925,0.27K,0.09K,469.9,180.05,2.89B,No,246.86,242.74,249.09,244.27,235.67,497
2234,HPBL.BO,184.0,184.55,13.45K,Process Industries,Containers/Packaging,38.0,33.0,3.0,72.0,9.3821,9.3821,15.14K,4.51K,284.45,140.1,1.96B,No,184.34,198.03,192.21,195.84,197.86,497
2235,KANCHI.NS,373.55,355.8,2.47K,Process Industries,Chemicals: Specialty,38.0,60.0,31.0,,13.3857,12.8429,0.95K,0.65K,463.35,334.7,,No,364.04,366.51,,367.07,,80
2236,LAOPALA.NS,189.83,190.79,212.25K,Consumer Durables,Home Furnishings,38.0,72.0,58.0,38.0,5.9379,5.7993,261.88K,1023.70K,266.4,162.1,21.07B,No,188.79,183.22,193.07,183.73,184.67,500
2237,RAPIDIN.BO,82.65,78.75,0.03K,Finance,Investment Banks/Brokers,38.0,71.0,13.0,25.0,0.5464,0.0,0.07K,0.03K,141.75,58.83,177.68M,No,76.17,77.82,86.47,77.59,80.13,496
2238,MRF.NS,130785.0,131125.0,4.12K,Consumer Durables,Automotive Aftermarket,38.0,38.0,52.0,36.0,1915.7143,1748.9286,6.39K,3.89K,163600.0,122000.0,554.68B,No,132765.5,130558.1,139309.92,131407.5,133201.33,498
2239,SHREMETAL.BO,38.92,37.23,0.39K,Producer Manufacturing,Metal Fabrication,38.0,59.0,30.0,7.0,2.2879,2.2493,2.43K,0.76K,62.29,27.94,204.58M,No,38.42,38.69,42.15,38.47,42.13,497
2240,IOC.NS,140.6,140.0,10101.45K,Energy Minerals,Integrated Oil,38.0,55.0,45.0,16.0,2.5486,2.0636,14125.09K,9025.73K,188.96,130.22,,No,141.53,141.15,153.54,141.31,148.63,500
2241,MIRZAINT.NS,32.16,32.74,119.56K,Consumer Non-Durables,Apparel/Footwear,38.0,4.0,43.0,14.0,1.0664,1.0564,371.35K,208.34K,44.0,24.95,4.44B,No,35.08,34.1,34.72,34.62,33.21,498
2242,CEETAIN.BO,41.0,43.35,0.24K,Producer Manufacturing,Building Products,37.0,85.0,38.0,32.0,4.0129,3.5429,1.51K,0.47K,54.75,30.4,594.60M,No,40.17,39.62,40.59,39.7,42.07,497
2243,DALBHARAT.NS,1841.4,1835.6,89.86K,Producer Manufacturing,Miscellaneous Manufacturing,37.0,69.0,54.0,22.0,48.0714,47.8571,282.89K,140.57K,2496.3,1605.0,345.68B,No,1831.57,1764.09,1932.9,1775.09,1868.27,499
2244,ARVINDFASN.NS,444.15,447.5,174.11K,Retail Trade,Apparel/Footwear Retail,37.0,27.0,44.0,29.0,13.1714,13.0429,277.02K,195.20K,579.0,366.2,59.37B,No,459.43,464.51,466.75,462.13,451.28,500
2245,CCLINTER.BO,23.97,23.55,0.75K,Industrial Services,Engineering & Construction,37.0,68.0,39.0,30.0,2.0757,1.8793,1.74K,0.54K,35.76,20.0,460.05M,No,23.52,23.72,25.61,23.74,24.3,497
2246,CHAMBLFERT.NS,442.3,444.35,165.38K,Process Industries,Chemicals: Specialty,37.0,37.0,45.0,45.0,9.9429,9.5643,899.27K,555.96K,580.7,399.75,177.21B,No,446.15,460.1,452.45,457.59,449.29,500
2247,FAALCON.BO,38.54,37.6,4.00K,Industrial Services,Engineering & Construction,37.0,25.0,55.0,55.0,1.1543,0.7043,17.90K,5.00K,62.22,27.75,375.58M,No,39.23,37.22,39.76,36.92,37.2,498
2248,SRGHFL.NS,274.05,272.1,0.49K,Finance,Finance/Rental/Leasing,37.0,16.0,30.0,35.0,16.525,16.4571,6.22K,11.12K,335.0,224.4,4.30B,No,297.4,294.75,279.67,294.85,279.8,497
2249,SUNDARMFIN.NS,4473.4,4447.3999,38.61K,Finance,Finance/Rental/Leasing,37.0,34.0,38.0,14.0,143.4714,143.4714,82.96K,77.98K,5642.0,4000.0,493.05B,No,4530.86,4484.98,4802.59,4503.37,4748.08,500
2250,DHINDIA.BO,179.3,180.75,3.70K,Process Industries,Industrial Specialties,37.0,1.0,1.0,54.0,12.1143,11.1964,6.63K,11.03K,304.8,121.5,1.84B,No,218.88,238.8,202.08,233.71,224.11,497
2251,AAIL.BO,115.2,115.9,6.49K,Consumer Durables,Tools & Hardware,37.0,96.0,67.0,73.0,9.0429,9.0429,8.76K,6.48K,204.6,74.05,1.24B,No,112.38,98.66,110.04,100.45,96.65,497
2252,MFSL.NS,1516.0,1499.0,489.57K,Finance,Life/Health Insurance,37.0,31.0,25.0,27.0,35.6857,35.3643,724.18K,708.16K,1892.5,1433.6,520.67B,No,1526.35,1577.8,1643.41,1566.71,1627.83,499
2253,ANUHPHR.NS,77.18,77.76,64.92K,Health Technology,Pharmaceuticals: Major,37.0,38.0,33.0,51.0,1.9479,1.9414,54.06K,50.28K,94.89,67.0,7.74B,No,79.45,78.99,78.79,78.87,77.83,409
2254,FACT.NS,819.55,828.4,52.28K,Process Industries,Chemicals: Agricultural,37.0,32.0,28.0,48.0,16.1357,15.5107,458.31K,68.93K,1058.6,652.1,530.31B,No,828.47,863.0,851.03,854.45,836.19,500
2255,MOL.NS,57.29,57.15,2268.23K,Process Industries,Chemicals: Specialty,37.0,91.0,47.0,53.0,2.82,2.7857,1400.18K,3011.52K,88.88,36.5,14.57B,No,53.7,50.56,55.84,50.88,50.62,499
2256,SSMD.BO,62.0,61.0,6.00K,Consumer Non-Durables,Food: Major Diversified,37.0,37.0,35.0,69.0,2.1243,1.7686,6.33K,2.00K,80.45,30.1,537.30M,No,61.04,62.02,,62.63,57.99,172
2257,KGVL.BO,51.56,51.56,1.20K,Finance,Financial Conglomerates,37.0,57.0,24.0,60.0,0.7993,0.215,0.72K,0.96K,80.0,39.0,359.79M,No,48.29,51.35,51.43,50.59,49.38,455
2258,CAPFIN.BO,140.05,140.05,0.01K,Finance,Finance/Rental/Leasing,37.0,69.0,48.0,37.0,0.5143,0.0,0.12K,0.01K,183.4,97.3,636.98M,No,145.09,134.66,138.54,135.27,131.68,497
2259,SURANASOL.NS,25.88,26.3,42.39K,Electronic Technology,Semiconductors,37.0,57.0,36.0,52.0,1.2457,1.1486,78.35K,78.58K,39.08,18.31,1.27B,No,26.42,26.58,26.21,26.49,25.16,499
2260,NUVOCO.NS,333.9,331.25,338.50K,Non-Energy Minerals,Construction Materials,37.0,71.0,54.0,37.0,9.2714,9.0821,1732.26K,303.51K,477.5,276.25,119.25B,No,349.3,329.2,334.65,330.12,322.37,500
2261,ASTAR.NS,588.55,590.05,0.01K,Commercial Services,Miscellaneous Commercial Services,37.0,33.0,30.0,,33.9107,32.7607,0.15K,0.14K,723.0,525.5,,No,601.94,620.02,,606.62,,70
2262,QUINT.NS,37.92,38.44,2.33K,Producer Manufacturing,Trucks/Construction/Farm Machinery,37.0,31.0,28.0,,2.205,2.1707,3.75K,2.21K,47.69,33.45,,No,38.54,40.17,,39.88,,79
2263,PARSHVA.BO,168.75,168.75,0.05K,Distribution Services,Wholesale Distributors,37.0,47.0,47.0,64.0,5.1536,2.9179,0.58K,0.07K,379.0,142.0,1.72B,No,174.3,175.56,173.67,175.53,168.72,495
2264,MHEL.BO,63.99,63.99,3.00K,Producer Manufacturing,Trucks/Construction/Farm Machinery,37.0,45.0,57.0,31.0,0.2321,0.16,0.28K,0.30K,84.8,47.3,249.79M,No,64.65,65.54,64.33,64.76,61.6,496
2265,LEX.BO,85.0,85.0,2.00K,Technology Services,Information Technology Services,37.0,61.0,45.0,37.0,0.1314,0.0,0.06K,0.20K,96.97,83.16,356.15M,No,83.62,83.87,87.48,83.53,86.2,496
2266,FRACTAL.NS,823.0,828.3,147.63K,Technology Services,Packaged Software,37.0,38.0,7.0,,31.8036,29.9429,542.04K,294.22K,1118.0,733.7,141.53B,No,822.94,880.7,,867.46,,123
2267,SAHARAHOUS.BO,39.83,39.77,1.04K,Finance,Finance/Rental/Leasing,37.0,45.0,28.0,34.0,2.1729,2.1364,3.94K,2.23K,64.82,30.0,278.81M,No,39.85,40.52,42.0,40.16,39.87,496
2268,VINYLINDIA.NS,243.12,242.08,4.79K,Distribution Services,Wholesale Distributors,37.0,25.0,34.0,60.0,9.3779,9.2921,27.76K,18.98K,325.0,161.0,4.46B,No,244.62,249.66,241.1,249.28,235.67,498
2269,MULTIBASE.BO,196.2,191.8,46.80K,Process Industries,Industrial Specialties,37.0,77.0,52.0,23.0,8.1679,7.7107,5.67K,4.30K,265.0,156.0,2.48B,No,181.08,181.29,201.5,180.13,189.87,496
2270,SBIFUNDS.NS,568.8,568.45,1733.00K,Finance,Investment Managers,37.0,,,,11.3214,11.1036,9712.04K,2926.26K,624.95,563.1,1158.55B,No,,,,,,17
2271,PUNJABCHEM.NS,1091.4,1104.0,6.29K,Process Industries,Chemicals: Agricultural,37.0,49.0,45.0,33.0,39.8,37.6857,26.08K,35.49K,1533.9,876.6,13.38B,No,1135.96,1078.32,1130.45,1095.34,1070.0,496
2272,RUBFILA.NS,68.59,74.44,119.12K,Process Industries,Industrial Specialties,37.0,10.0,33.0,39.0,2.9057,2.865,31.20K,15.90K,89.24,57.31,3.72B,No,72.51,72.69,72.41,72.27,70.71,496
2273,CONSTRONIC.BO,51.0,50.0,0.01K,Distribution Services,Wholesale Distributors,37.0,68.0,56.0,43.0,2.485,2.3007,3.86K,5.58K,70.34,40.0,638.98M,No,49.28,47.16,53.07,47.67,49.7,497
2274,JKCEMENT.NS,5393.5,5361.0,49.89K,Non-Energy Minerals,Construction Materials,37.0,49.0,44.0,37.0,122.8571,121.5714,76.04K,37.27K,7565.5,4671.5,416.75B,No,5525.9,5386.3,5518.69,5409.0,5413.55,500
2275,AHLEAST.NS,141.5,141.16,1.98K,Consumer Services,Hotels/Resorts/Cruise Lines,37.0,48.0,18.0,50.0,4.5686,4.5421,4.42K,2.92K,175.3,127.25,2.45B,No,144.64,147.34,148.5,146.89,152.24,498
2276,HEXATRADEX.NS,156.82,158.24,2.43K,Distribution Services,Wholesale Distributors,37.0,45.0,36.0,39.0,5.3464,5.3343,4.50K,4.10K,194.89,147.26,8.66B,No,158.48,160.04,162.99,159.39,161.49,498
2277,ARSSBL.NS,495.8,509.15,165.61K,Finance,Investment Banks/Brokers,37.0,7.0,15.0,18.0,12.2286,12.1,248.68K,112.53K,794.85,416.0,31.27B,No,513.8,535.47,564.49,532.84,533.24,217
2278,OILCOUNTUB.NS,58.23,60.51,15.27K,Industrial Services,Oilfield Services/Equipment,37.0,69.0,51.0,73.0,2.8471,2.8471,36.30K,34.59K,85.23,35.65,3.27B,No,57.37,57.29,55.97,57.36,53.0,498
2279,PIGL.NS,112.52,110.33,179.74K,Industrial Services,Engineering & Construction,36.0,62.0,36.0,56.0,6.0136,5.8707,101.31K,76.52K,189.7,88.05,2.38B,No,109.45,109.2,117.51,110.55,109.57,499
2280,KSE.BO,207.8,206.7,26.15K,Process Industries,Agricultural Commodities/Milling,36.0,83.0,46.0,29.0,4.7286,4.6,13.85K,15.99K,284.9,174.0,6.65B,No,197.42,190.7,211.67,191.28,200.45,498
2281,SHIVAAGRO.BO,37.9,37.97,0.79K,Process Industries,Chemicals: Major Diversified,36.0,28.0,34.0,56.0,1.7286,1.7286,3.14K,1.74K,49.88,28.26,378.73M,No,38.97,40.12,39.07,39.68,38.81,497
2282,ARIHANTCAP.NS,74.82,74.76,47.34K,Finance,Investment Banks/Brokers,36.0,50.0,51.0,31.0,2.5307,2.5264,346.90K,163.03K,120.0,56.97,8.20B,No,76.8,72.58,79.39,73.75,72.34,500
2283,NIDHGRN.BO,302.1,318.0,0.34K,Finance,Investment Banks/Brokers,36.0,6.0,29.0,10.0,17.2929,11.1714,0.87K,0.54K,480.75,181.45,2.42B,No,319.42,359.28,353.46,352.56,326.6,497
2284,VAML.NS,461.45,463.5,10269.04K,Non-Energy Minerals,Aluminum,36.0,64.0,,,15.1643,14.9857,14008.41K,10577.29K,537.0,423.15,1801.57B,No,452.18,,,,,43
2285,CAPILLARY.NS,528.55,522.95,558.37K,Technology Services,Packaged Software,36.0,65.0,33.0,19.0,39.4643,38.8893,654.92K,2250.39K,798.95,464.25,42.00B,No,514.37,508.42,,508.3,530.8,182
2286,BNALTD.NS,391.0,399.0,0.23K,Process Industries,Agricultural Commodities/Milling,36.0,65.0,34.0,,18.5286,14.4143,2.10K,0.14K,589.0,310.4,,No,446.07,387.34,,387.78,,69
2287,KRYPTONQ.BO,37.16,36.17,3.41K,Consumer Durables,Automotive Aftermarket,36.0,14.0,49.0,36.0,2.5264,2.3264,5.25K,5.41K,56.5,26.5,546.15M,No,37.31,36.86,38.73,37.39,36.94,497
2288,BAJAJHCARE.NS,327.45,328.6,77.00K,Health Technology,Pharmaceuticals: Major,36.0,21.0,45.0,35.0,9.5071,9.4893,527.76K,162.04K,515.9,272.35,11.02B,No,337.63,327.48,355.54,330.51,326.57,500
2289,TRIDENT.NS,24.66,24.83,1948.91K,Process Industries,Textiles,36.0,35.0,34.0,32.0,0.3807,0.36,6800.13K,4302.68K,30.94,21.98,125.66B,No,25.0,25.26,25.92,25.37,25.21,500
2290,INDOFARM.NS,148.9,150.31,138.09K,Producer Manufacturing,Trucks/Construction/Farm Machinery,36.0,32.0,51.0,14.0,6.435,6.0864,469.66K,236.06K,271.69,110.7,7.15B,No,156.95,149.16,162.45,152.54,142.83,397
2291,CLEAN.NS,804.9,810.0,346.00K,Process Industries,Chemicals: Specialty,36.0,68.0,27.0,41.0,23.6,23.1357,410.45K,801.02K,1256.8,652.0,85.55B,No,756.92,768.88,811.28,767.37,768.5,500
2292,LAKSELEC.BO,787.75,801.1,0.79K,Producer Manufacturing,Electrical Products,36.0,34.0,47.0,46.0,31.7286,30.6,1.26K,1.38K,1004.0,646.1,1.94B,No,801.85,795.19,787.43,806.2,792.22,497
2293,LIKHAMI.BO,299.0,299.0,0.00K,Commercial Services,Miscellaneous Commercial Services,36.0,49.0,12.0,26.0,0.0,0.0,0.00K,0.00K,431.0,269.85,2.98B,No,299.3,309.83,331.54,306.88,341.29,496
2294,ACCELYA.NS,1142.3,1146.6,3.73K,Technology Services,Packaged Software,36.0,65.0,46.0,18.0,22.2357,22.2357,7.20K,6.92K,1527.0,1012.4,17.05B,No,1146.0,1126.47,1212.73,1132.1,1164.57,500
2295,TORNTPOWER.NS,1319.0,1330.4,168.47K,Utilities,Electric Utilities,36.0,20.0,7.0,39.0,29.8643,29.6643,410.25K,350.62K,1824.1,1188.0,664.65B,No,1392.09,1408.49,1416.92,1393.77,1456.73,500
2296,KUANTUM.NS,85.08,85.85,160.58K,Process Industries,Pulp & Paper,36.0,81.0,64.0,42.0,3.5,3.3,94.63K,149.58K,122.09,65.01,7.42B,No,79.64,77.32,85.38,78.22,80.5,498
2297,INSPIRISYS.NS,96.91,102.01,2.32K,Technology Services,Information Technology Services,36.0,22.0,68.0,63.0,4.7721,4.3136,17.58K,4.48K,133.9,69.92,3.84B,No,99.29,104.68,94.38,102.98,94.8,498
2298,SHIVAGR.BO,23.2,24.0,0.15K,Producer Manufacturing,Metal Fabrication,36.0,12.0,31.0,18.0,1.3057,0.935,0.60K,0.35K,35.99,19.21,116.32M,No,24.44,24.68,25.38,24.4,24.04,497
2299,ADL.NS,70.21,70.19,0.84K,Commercial Services,Miscellaneous Commercial Services,36.0,46.0,40.0,41.0,4.6679,4.2364,1.10K,1.23K,109.9,50.26,390.81M,No,71.64,70.82,73.51,70.06,70.56,498
2300,SINCLAIR.NS,77.0,77.6,8.94K,Consumer Services,Hotels/Resorts/Cruise Lines,36.0,60.0,38.0,37.0,2.8229,2.8229,36.81K,35.46K,114.75,68.82,3.95B,No,74.91,75.75,79.23,76.14,76.51,499
2301,PILANIINVS.NS,4365.0,4390.2998,0.93K,Finance,Financial Conglomerates,36.0,46.0,28.0,33.0,80.2286,77.9857,2.20K,1.10K,5980.0,4092.2,48.33B,No,4348.92,4353.48,4721.05,4371.06,4508.01,497
2302,KACHCHH.BO,27.2,25.91,1.15K,Non-Energy Minerals,Other Metals/Minerals,36.0,38.0,50.0,59.0,1.1921,0.6379,2.68K,1.98K,59.95,18.42,144.18M,No,25.65,28.21,28.18,27.89,28.05,497
2303,RIIL.NS,745.9,744.3,41.50K,Industrial Services,Oil & Gas Pipelines,36.0,23.0,37.0,49.0,14.6143,13.3179,111.99K,40.35K,964.9,617.35,11.26B,No,752.39,786.97,776.87,782.45,746.68,499
2304,INDTONER.BO,47.74,48.16,9.11K,Electronic Technology,Computer Peripherals,36.0,4.0,25.0,37.0,2.5464,2.5214,30.79K,19.99K,62.0,43.08,2.48B,No,49.32,53.04,50.72,52.78,50.14,500
2305,SURYALAXMI.NS,58.43,59.65,2.01K,Process Industries,Textiles,36.0,51.0,41.0,48.0,3.0571,2.9929,8.15K,8.18K,70.8,43.0,1.10B,No,58.51,58.81,57.89,59.11,57.28,498
2306,CHOKSILA.BO,116.15,118.6,0.40K,Commercial Services,Miscellaneous Commercial Services,36.0,32.0,77.0,34.0,6.125,5.8643,3.69K,3.08K,236.7,81.85,809.02M,No,115.3,118.7,117.78,117.39,111.77,497
2307,VVIPIL.BO,119.75,121.15,1.20K,Industrial Services,Engineering & Construction,36.0,4.0,53.0,66.0,5.3857,5.0893,15.98K,8.28K,194.0,92.05,2.99B,No,121.64,131.38,122.88,132.15,119.15,497
2308,SWSOLAR.NS,202.54,202.98,743.29K,Industrial Services,Engineering & Construction,36.0,9.0,36.0,54.0,4.8786,4.5893,2379.66K,687.31K,286.5,148.0,47.30B,No,208.06,220.63,207.15,221.54,200.81,500
2309,NILE.NS,1592.9,1515.7,7.86K,Non-Energy Minerals,Other Metals/Minerals,36.0,13.0,19.0,,98.6143,96.0072,4.76K,9.43K,2018.9,1445.7,,No,1766.04,1765.95,,1756.0,,80
2310,WEALTH.NS,933.7,932.2,0.69K,Finance,Investment Managers,36.0,35.0,51.0,61.0,29.4429,28.8,3.45K,1.70K,1300.5,774.95,9.95B,No,944.32,957.2,948.97,957.15,927.99,500
2311,HERITGFOOD.NS,357.65,362.6,184.56K,Consumer Non-Durables,Food: Meat/Fish/Dairy,36.0,71.0,49.0,47.0,10.1,9.8679,368.68K,406.44K,540.0,292.55,33.19B,No,338.76,332.47,376.55,337.57,337.41,500
2312,GENCON.NS,39.64,39.51,225.59K,Industrial Services,Engineering & Construction,36.0,27.0,49.0,9.0,1.3243,1.3236,317.33K,259.50K,59.96,36.35,2.26B,No,39.78,40.41,43.19,40.8,43.04,500
2313,SUPREMEIND.NS,3459.9,3435.0,102.30K,Producer Manufacturing,Miscellaneous Manufacturing,36.0,72.0,39.0,33.0,100.2071,99.7785,189.30K,165.59K,4664.9,3140.0,439.69B,No,3452.98,3427.38,3586.33,3424.06,3610.55,500
2314,STARTECK.NS,257.25,259.8,7.78K,Finance,Finance/Rental/Leasing,36.0,20.0,57.0,30.0,11.5321,11.3571,7.42K,7.44K,350.0,215.1,2.55B,No,262.85,271.17,269.81,270.22,261.3,499
2315,TUSALDAH.BO,140.8,148.2,0.00K,Consumer Non-Durables,Apparel/Footwear,36.0,32.0,35.0,19.0,3.35,1.8607,0.66K,0.01K,249.9,100.5,329.95M,No,141.27,144.09,150.26,143.31,144.3,495
2316,JUSTO.BO,96.9,95.38,8.00K,Finance,Real Estate Development,36.0,79.0,45.0,57.0,3.3421,1.9736,7.45K,1.80K,136.8,72.0,1.82B,No,88.32,88.34,97.78,87.19,93.46,215
2317,AVANTIFEED.NS,868.25,859.8,726.99K,Process Industries,Agricultural Commodities/Milling,35.0,25.0,1.0,52.0,32.4429,32.0429,571.34K,531.68K,1593.8,614.25,118.30B,No,943.57,967.32,1040.81,954.66,1142.69,499
2318,RODIUM.BO,161.0,160.0,0.33K,Finance,Real Estate Development,35.0,14.0,42.0,39.0,16.9179,16.65,1.39K,0.32K,224.8,138.0,522.91M,No,164.76,167.44,168.46,166.92,168.45,496
2319,UNITEDINT.BO,71.79,68.44,0.14K,Technology Services,Information Technology Services,35.0,67.0,37.0,18.0,2.1286,1.4014,0.08K,0.08K,114.98,62.01,131.45M,No,68.25,69.94,73.65,70.29,71.88,497
2320,POWERGRID.NS,269.45,267.95,6698.05K,Utilities,Alternative Power Generation,35.0,29.0,19.0,39.0,5.2143,5.05,11061.89K,9397.05K,324.95,250.0,2506.05B,No,281.8,284.45,285.78,282.9,291.54,500
2321,NCLIND.NS,173.23,173.97,23.01K,Non-Energy Minerals,Construction Materials,35.0,20.0,45.0,30.0,5.56,5.5586,71.95K,54.99K,223.88,147.5,7.84B,No,181.85,185.41,186.77,185.12,180.29,498
2322,FINOPB.NS,160.46,162.47,374.20K,Finance,Regional Banks,35.0,88.0,81.0,8.0,5.5264,5.295,3175.97K,422.16K,339.0,110.03,13.35B,No,163.71,151.29,192.05,152.68,157.81,500
2323,KSSMART.BO,107.9,111.0,5.14K,Process Industries,Pulp & Paper,35.0,10.0,0.0,2.0,7.2571,7.0429,10.01K,15.35K,290.95,71.94,17.70B,No,115.69,135.07,172.71,130.36,194.86,497
2324,PREMCO.NS,380.6,379.1,2.34K,Process Industries,Textiles,35.0,65.0,12.0,,12.6893,12.4679,0.93K,1.54K,484.9,355.0,,No,373.79,371.58,,372.71,,80
2325,ABREL.NS,1375.4,1400.8,52.82K,Process Industries,Textiles,35.0,52.0,21.0,54.0,40.3715,36.7429,183.74K,116.33K,1965.3,1080.1,152.09B,No,1408.82,1351.13,1440.9,1363.63,1317.3,498
2326,ARYACAPM.BO,400.05,399.15,1.87K,Finance,Investment Banks/Brokers,35.0,24.0,23.0,12.0,28.5786,25.9893,0.38K,0.56K,753.85,385.05,4.79B,No,401.38,406.88,449.92,408.81,427.0,497
2327,DCM.NS,82.17,83.75,0.37K,Technology Services,Information Technology Services,35.0,4.0,52.0,35.0,3.2529,3.1886,14.05K,4.58K,105.0,55.0,1.53B,No,87.95,93.22,85.98,91.95,82.3,498
2328,COCHINSHIP.NS,1506.0,1496.0,622.66K,Producer Manufacturing,Trucks/Construction/Farm Machinery,35.0,71.0,17.0,39.0,31.05,30.8072,1394.57K,1160.30K,1979.9,1187.0,396.20B,No,1430.1,1441.82,1534.08,1452.61,1488.96,500
2329,DECOMIC.BO,59.99,59.56,0.25K,Commercial Services,Miscellaneous Commercial Services,35.0,85.0,62.0,40.0,3.8721,2.2143,0.42K,0.48K,87.89,47.0,251.96M,No,59.51,57.59,62.08,57.49,58.57,498
2330,MAXHEALTH.NS,1007.5,1040.0,2762.23K,Health Services,Hospital/Nursing Management,35.0,16.0,51.0,48.0,27.1643,26.2786,2478.91K,1687.17K,1301.7,903.0,980.57B,No,1085.35,1080.11,1053.07,1083.84,1031.93,500
2331,DHUNINV.NS,972.2,964.7,1.93K,Process Industries,Chemicals: Specialty,35.0,54.0,56.0,38.0,40.5321,39.2143,1.45K,0.92K,1573.1,667.1,5.93B,No,907.32,881.04,1001.1,893.27,889.61,498
2332,NAHARPOLY.NS,249.95,250.7,21.90K,Process Industries,Textiles,35.0,50.0,36.0,56.0,14.0929,12.4893,22.41K,45.96K,338.8,200.0,6.15B,No,261.85,254.91,252.11,254.21,247.94,497
2333,COMPEAU.BO,353.5,353.75,0.48K,Retail Trade,Specialty Stores,35.0,44.0,30.0,23.0,16.3964,16.3929,1.47K,4.84K,435.0,320.05,2.17B,No,364.3,368.14,377.01,368.56,368.35,497
2334,SHIVAMILLS.NS,59.59,61.98,6.74K,Process Industries,Textiles,35.0,39.0,22.0,58.0,3.4007,3.045,1.90K,3.47K,77.01,43.01,514.97M,No,61.36,61.95,60.05,61.13,58.58,498
2335,AXTEL.BO,411.65,420.7,5.24K,Producer Manufacturing,Industrial Machinery,35.0,28.0,15.0,32.0,23.9286,23.8107,9.55K,11.82K,527.9,335.0,6.65B,No,431.71,438.17,435.93,434.86,427.31,497
2336,POLYCON.BO,20.05,21.1,0.08K,Producer Manufacturing,Miscellaneous Manufacturing,35.0,15.0,61.0,4.0,1.4479,1.2914,0.65K,0.73K,35.0,15.45,98.03M,No,22.44,22.29,25.17,22.25,23.01,497
2337,NEAGI.NS,3138.4,3138.3999,0.00K,Consumer Non-Durables,Food: Major Diversified,35.0,54.0,,,73.5071,54.8714,0.04K,0.06K,3459.2,3025.1,,No,3122.28,3156.25,,3124.5,,55
2338,TRANSVOY.BO,90.0,88.5,0.80K,Transportation,Air Freight/Couriers,35.0,11.0,51.0,30.0,1.6393,0.2279,6.71K,3.36K,166.78,80.0,239.67M,No,101.24,96.0,107.29,96.87,101.65,497
2339,VITAL.NS,52.5,52.47,1.55K,Process Industries,Chemicals: Specialty,35.0,22.0,22.0,45.0,0.8343,0.5821,3.78K,2.41K,69.4,35.4,1.26B,No,48.93,51.43,53.88,51.24,52.24,498
2340,ENERGYINF.BO,74.6,75.66,650.00K,Miscellaneous,Investment Trusts,35.0,26.0,44.0,21.0,0.935,0.9136,1861.11K,762.50K,102.0,71.59,49.53B,No,74.99,77.08,81.72,76.83,78.97,493
2341,VASWANI.NS,52.07,51.37,19.03K,Non-Energy Minerals,Steel,35.0,31.0,31.0,43.0,1.8907,1.8593,50.36K,22.80K,69.99,48.58,1.72B,No,52.42,54.78,56.42,54.14,55.33,498
2342,GPPL.NS,149.79,148.13,986.12K,Transportation,Marine Shipping,35.0,41.0,38.0,22.0,2.4664,2.4143,1410.24K,929.47K,200.09,141.55,72.44B,No,150.12,152.24,164.47,152.19,157.33,500
2343,YOGI.BO,161.85,158.1,17.34K,Finance,Real Estate Development,35.0,23.0,48.0,44.0,6.3893,6.3393,7.10K,1.18K,192.2,145.0,7.28B,No,166.89,169.87,165.53,169.49,166.89,497
2344,GFLLIMITED.NS,47.9,47.27,43.10K,Consumer Services,Movies/Entertainment,35.0,68.0,40.0,43.0,2.0907,2.0357,48.21K,66.94K,81.0,37.25,5.26B,No,47.29,46.69,50.55,46.94,46.28,498
2345,HUDCO.NS,192.73,195.77,2161.69K,Finance,Finance/Rental/Leasing,35.0,23.0,14.0,44.0,5.31,5.12,2729.43K,1840.34K,246.85,159.0,385.83B,No,198.97,204.53,206.3,203.25,197.14,500
2346,JAGRAN.NS,63.55,63.6,144.33K,Consumer Services,Publishing: Newspapers,35.0,46.0,39.0,32.0,1.0857,1.0857,522.69K,231.45K,78.9,59.5,13.83B,No,62.99,64.09,66.76,63.95,65.11,499
2347,SURAJ.BO,232.85,226.0,4.34K,Non-Energy Minerals,Steel,35.0,54.0,49.0,78.0,10.3536,10.3536,2.84K,2.27K,444.7,156.2,2.65B,No,222.9,229.76,237.81,228.78,224.65,497
2348,COCHMAL.BO,132.45,139.8,0.01K,Industrial Services,Oilfield Services/Equipment,35.0,46.0,39.0,27.0,8.3536,7.2321,0.17K,0.14K,169.5,110.2,234.69M,No,138.54,138.62,139.3,136.9,136.2,496
2349,MAFATIND.NS,126.23,125.63,61.14K,Process Industries,Textiles,35.0,13.0,24.0,,4.3579,4.2571,69.81K,50.22K,157.77,123.62,9.11B,No,132.31,134.1,,133.85,,78
2350,DOLFIN.BO,166.3,172.25,1.39K,Consumer Durables,Automotive Aftermarket,35.0,41.0,39.0,34.0,6.4786,6.4214,1.87K,3.17K,204.9,160.6,1.67B,No,169.18,169.75,174.04,169.05,172.28,497
2351,UNITEDPOLY.NS,31.61,31.06,88.73K,Process Industries,Textiles,35.0,58.0,42.0,50.0,1.7614,1.7614,83.77K,65.68K,51.16,20.6,7.25B,No,29.82,31.34,31.22,31.25,29.67,498
2352,FRONTCORP.BO,33.69,34.49,0.03K,Distribution Services,Wholesale Distributors,35.0,35.0,25.0,60.0,0.7486,0.4586,0.14K,0.12K,61.49,25.05,168.45M,No,34.33,34.7,34.36,34.53,32.39,495
2353,MALUPAPER.NS,31.56,31.6,2.73K,Process Industries,Pulp & Paper,35.0,52.0,34.0,38.0,1.9143,1.9143,31.40K,24.35K,45.57,27.0,551.50M,No,32.53,31.88,33.42,31.82,32.1,499
2354,NUTECGLOB.BO,22.66,21.59,0.07K,Process Industries,Textiles,34.0,32.0,18.0,31.0,0.8114,0.1657,0.57K,0.20K,33.23,19.46,72.60M,No,23.84,25.63,25.19,25.64,24.73,497
2355,UNTTEMI.BO,34.0,34.0,0.05K,Finance,Finance/Rental/Leasing,34.0,68.0,26.0,7.0,0.5057,0.0,0.04K,0.06K,48.55,30.0,102.00M,No,34.86,34.43,38.0,34.12,39.25,497
2356,ORGANICREC.BO,238.95,240.25,49.80K,Industrial Services,Environmental Services,34.0,63.0,40.0,33.0,5.4857,5.2679,63.38K,58.62K,299.95,206.0,2.48B,No,232.26,233.21,240.81,232.57,236.49,496
2357,ADVENZYMES.NS,301.65,298.3,400.25K,Consumer Non-Durables,Food: Specialty/Candy,34.0,23.0,16.0,45.0,13.9071,12.85,327.24K,479.53K,419.0,251.95,33.78B,No,316.78,337.79,316.96,330.86,318.0,498
2358,ECORECO.BO,458.15,474.0,24.26K,Industrial Services,Environmental Services,34.0,34.0,26.0,63.0,23.2071,23.2071,16.94K,10.80K,654.8,225.0,8.84B,No,496.05,468.73,449.1,467.63,422.42,497
2359,CAPRO.BO,47.8,48.0,0.01K,Commercial Services,Miscellaneous Commercial Services,34.0,19.0,21.0,4.0,1.1264,0.6207,0.18K,0.20K,81.0,38.1,219.88M,No,48.76,48.11,54.08,48.19,54.15,497
2360,GICRE.NS,355.85,355.7,420.33K,Finance,Specialty Insurance,34.0,39.0,27.0,33.0,4.5893,4.525,1068.82K,449.45K,417.95,346.7,624.30B,No,358.73,364.33,376.83,362.4,375.75,500
2361,LICHSGFIN.NS,508.0,502.0,1556.37K,Finance,Finance/Rental/Leasing,34.0,23.0,22.0,44.0,10.7786,10.4786,1537.30K,1791.87K,598.2,458.9,279.43B,No,529.31,541.17,537.63,538.63,531.43,500
2362,RKSWAMY.NS,100.78,104.97,76.84K,Commercial Services,Advertising/Marketing Services,34.0,46.0,65.0,29.0,4.4393,4.3657,69.37K,46.63K,163.89,67.15,5.09B,No,102.74,101.6,104.06,101.97,97.3,498
2363,TARIL.NS,292.45,297.1,691.08K,Producer Manufacturing,Electrical Products,34.0,8.0,27.0,73.0,7.1607,7.0036,3065.48K,927.59K,552.0,224.05,87.78B,No,303.27,320.98,303.88,320.29,301.82,500
2364,SHREDIGCEM.NS,71.12,72.24,24.92K,Non-Energy Minerals,Construction Materials,34.0,31.0,29.0,38.0,2.1079,2.0286,92.33K,64.17K,107.7,53.9,10.52B,No,73.09,73.66,77.05,74.25,71.36,500
2365,KJMCFIN.BO,56.74,56.01,1.75K,Finance,Investment Banks/Brokers,34.0,78.0,53.0,58.0,4.2436,3.7357,0.90K,1.68K,95.0,41.21,271.54M,No,54.52,53.89,56.82,54.89,52.3,497
2366,BLUEDART.NS,5093.0,5092.5,8.07K,Transportation,Air Freight/Couriers,34.0,67.0,26.0,27.0,187.2429,173.7,24.50K,87.39K,7036.0,4628.5,120.85B,No,5060.66,4942.71,5331.05,4966.07,5177.35,500
2367,DTIL.NS,140.5,138.44,20.50K,Process Industries,Agricultural Commodities/Milling,34.0,61.0,33.0,33.0,5.0536,5.0171,5.37K,5.21K,205.0,102.0,1.48B,No,133.52,135.71,143.76,136.25,136.29,498
2368,LAFFANSQ.BO,28.5,27.11,1.52K,Process Industries,Chemicals: Specialty,34.0,56.0,39.0,61.0,2.3457,2.0871,2.16K,1.95K,41.78,23.0,228.00M,No,28.13,28.54,30.31,28.45,29.29,497
2369,RCF.NS,124.11,125.55,514.78K,Process Industries,Chemicals: Agricultural,34.0,24.0,40.0,26.0,2.3114,2.1686,1847.58K,647.75K,164.49,106.0,68.47B,No,126.67,129.06,132.26,129.15,127.15,500
2370,MKVENTURES.BO,1059.85,1085.0,0.44K,Finance,Finance/Rental/Leasing,34.0,12.0,49.0,55.0,65.8107,59.55,0.93K,1.10K,1659.5,732.0,4.07B,No,1098.18,1087.45,1048.74,1112.14,993.5,496
2371,SHRIKRISH.NS,40.83,40.63,0.21K,Finance,Real Estate Development,34.0,33.0,36.0,,2.1429,2.0736,4.54K,0.84K,56.0,35.0,,No,40.93,41.65,,41.78,,77
2372,SHARDAMOTR.NS,880.55,876.9,66.15K,Producer Manufacturing,Auto Parts: Oem,34.0,53.0,44.0,46.0,35.9393,32.5893,76.28K,155.96K,1189.9,700.0,50.55B,No,873.28,851.87,890.42,859.43,852.89,499
2373,PHOSPHATE.BO,136.0,136.0,0.10K,Process Industries,Chemicals: Agricultural,34.0,27.0,31.0,29.0,2.4893,1.8679,0.20K,0.30K,171.0,130.1,490.62M,No,140.28,142.94,143.34,144.65,143.19,496
2374,NTPCGREEN.NS,92.46,93.01,1946.01K,Utilities,Alternative Power Generation,34.0,46.0,19.0,52.0,1.81,1.8057,5891.35K,3517.37K,119.95,84.0,779.09B,No,92.24,94.62,96.44,94.19,96.93,427
2375,ITCHOTELS.NS,168.32,166.89,1578.99K,Consumer Services,Hotels/Resorts/Cruise Lines,34.0,18.0,56.0,24.0,3.93,3.6829,3622.70K,2213.90K,253.67,137.3,350.61B,No,166.07,168.6,176.65,169.81,165.09,382
2376,SUBROS.NS,764.15,765.6,54.89K,Producer Manufacturing,Industrial Machinery,34.0,22.0,41.0,41.0,23.2286,21.6357,255.86K,87.16K,1213.7,622.1,49.85B,No,798.1,792.56,805.95,797.24,763.14,499
2377,SARVOTTAM.BO,19.65,19.78,0.20K,Finance,Finance/Rental/Leasing,34.0,21.0,48.0,29.0,1.955,1.8586,1.33K,1.55K,27.0,15.36,147.37M,No,19.76,20.2,20.35,20.01,19.82,497
2378,SHRISTI.BO,29.49,28.17,0.06K,Consumer Durables,Homebuilding,34.0,60.0,15.0,38.0,2.2929,2.0836,0.82K,0.50K,39.75,23.2,654.68M,No,29.94,30.43,30.46,30.43,30.12,497
2379,COLPAL.NS,2005.0,2008.0,318.31K,Consumer Non-Durables,Household/Personal Care,34.0,35.0,30.0,30.0,50.1143,49.4143,416.32K,502.25K,2504.0,1782.0,545.33B,No,2067.42,2043.76,2092.42,2040.88,2068.27,500
2380,KANSHST.BO,50.89,50.22,9.41K,Non-Energy Minerals,Steel,34.0,29.0,11.0,22.0,3.28,3.2593,8.39K,5.88K,66.95,40.15,1.45B,No,51.51,52.85,54.08,52.49,53.73,497
2381,KAMATHOTEL.NS,177.76,176.01,61.54K,Consumer Services,Hotels/Resorts/Cruise Lines,34.0,31.0,55.0,13.0,5.2886,5.2657,51.95K,40.75K,329.8,140.2,5.24B,No,171.54,175.36,198.19,175.35,177.5,499
2382,VESUVIUS.NS,456.95,457.15,73.52K,Non-Energy Minerals,Construction Materials,34.0,42.0,28.0,35.0,10.5357,10.4036,78.79K,60.58K,607.9,430.3,92.74B,No,455.13,460.66,478.51,458.89,478.68,499
2383,THOMASCOOK.NS,107.08,109.43,1268.73K,Consumer Services,Other Consumer Services,34.0,66.0,69.0,21.0,4.6421,4.48,3411.39K,2141.49K,181.55,86.35,50.60B,No,103.23,105.63,116.46,105.6,103.0,500
2384,REPCOHOME.NS,367.2,376.35,104.28K,Finance,Finance/Rental/Leasing,34.0,12.0,29.0,31.0,9.7321,9.4214,162.50K,87.11K,455.9,333.6,22.97B,No,389.97,395.18,397.62,396.42,389.8,499
2385,ZENLABS.BO,25.02,26.02,0.71K,Health Technology,Pharmaceuticals: Generic,34.0,1.0,57.0,76.0,1.6907,1.4279,6.75K,5.08K,39.99,16.5,162.88M,No,28.79,32.16,26.01,31.6,25.87,497
2386,ATL.NS,24.66,24.58,207.56K,Transportation,Marine Shipping,34.0,63.0,23.0,48.0,1.0457,1.0164,137.63K,201.33K,40.51,18.2,7.20B,No,23.67,23.89,25.65,23.89,24.3,498
2387,APTECHT.NS,94.49,94.44,23.10K,Commercial Services,Miscellaneous Commercial Services,34.0,25.0,20.0,69.0,3.6143,3.6143,518.63K,66.38K,144.3,69.1,5.48B,No,93.86,101.17,95.77,100.53,93.63,500
2388,DODLA.NS,1043.6,1043.8,17.44K,Consumer Non-Durables,Food: Meat/Fish/Dairy,34.0,20.0,34.0,20.0,29.5143,27.5429,20.45K,33.65K,1500.0,964.1,62.96B,No,1051.57,1084.82,1136.16,1080.78,1091.94,498
2389,SUMIT.NS,51.75,52.32,43.19K,Finance,Real Estate Development,34.0,81.0,60.0,47.0,3.7393,3.6471,94.41K,35.45K,104.9,31.74,2.34B,No,53.23,46.85,54.83,47.66,47.2,498
2390,ATLASCYCLE.NS,96.98,97.37,16.77K,Consumer Durables,Motor Vehicles,34.0,48.0,41.0,47.0,3.0764,3.075,7.63K,9.59K,135.0,76.15,630.74M,No,98.0,98.42,97.41,98.14,95.95,498
2391,TCMLMTD.BO,43.05,43.0,0.00K,Process Industries,Chemicals: Specialty,33.0,46.0,50.0,14.0,1.5536,1.4829,5.54K,4.32K,81.0,36.53,321.92M,No,43.93,44.81,51.37,44.28,46.07,497
2392,HAPPSTMNDS.NS,390.0,394.35,583.27K,Technology Services,Data Processing Services,33.0,71.0,51.0,33.0,15.0,14.5607,1234.97K,1472.63K,635.0,330.2,58.60B,No,385.63,367.36,408.14,370.12,376.44,500
2393,INDAG.BO,95.56,95.83,2.69K,Producer Manufacturing,Miscellaneous Manufacturing,33.0,39.0,59.0,25.0,3.4771,3.2864,9.89K,3.16K,142.7,77.36,2.51B,No,96.22,93.33,104.43,94.06,95.4,497
2394,LOVABLE.NS,72.83,73.22,4.34K,Consumer Non-Durables,Apparel/Footwear,33.0,27.0,46.0,46.0,2.4807,2.4371,19.97K,9.40K,104.7,55.0,1.08B,No,73.1,74.06,76.16,74.11,72.34,498
2395,CENTRUM.NS,25.72,26.89,390.24K,Finance,Investment Managers,33.0,68.0,63.0,50.0,1.2821,1.2543,868.92K,529.38K,40.0,19.66,12.20B,No,24.16,23.55,26.01,23.85,24.58,500
2396,BLUECHIPT.BO,120.0,122.5,0.58K,Process Industries,Textiles,33.0,44.0,55.0,23.0,4.9357,4.9286,0.28K,0.31K,160.0,103.9,236.46M,No,120.38,121.87,126.77,122.11,123.35,497
2397,JMFINANCIL.NS,129.67,126.17,4220.73K,Finance,Investment Banks/Brokers,33.0,65.0,26.0,50.0,4.0679,3.8421,3246.32K,5058.51K,199.8,112.0,124.09B,No,124.56,124.64,134.05,125.36,128.15,500
2398,KSOLVES.NS,273.3,275.15,28.31K,Technology Services,Packaged Software,33.0,33.0,34.0,46.0,6.9393,6.8607,83.96K,35.67K,354.85,245.75,6.48B,No,283.58,286.33,292.04,284.85,288.04,500
2399,GICHSGFIN.NS,149.41,150.42,80.47K,Finance,Finance/Rental/Leasing,33.0,44.0,45.0,30.0,3.0936,3.0707,137.39K,87.12K,185.01,130.05,8.05B,No,149.28,152.94,158.16,153.35,152.38,499
2400,GKENERGY.NS,128.05,130.73,450.75K,Industrial Services,Engineering & Construction,33.0,9.0,52.0,73.0,5.0493,4.9357,858.12K,682.09K,239.6,87.2,25.97B,No,134.39,139.7,137.5,139.21,123.45,218
2401,TEEAI.BO,115.55,115.6,0.10K,Process Industries,Chemicals: Agricultural,33.0,37.0,32.0,42.0,3.9,3.65,0.83K,0.77K,140.3,99.0,648.24M,No,114.91,115.8,115.34,115.04,113.95,497
2402,JUBLFOOD.NS,484.7,488.2,3122.61K,Consumer Services,Restaurants,33.0,82.0,56.0,36.0,14.4286,13.725,3772.41K,4045.16K,670.45,408.55,,No,448.18,434.9,495.83,437.41,463.22,500
2403,BVCL.NS,41.25,41.41,7.28K,Non-Energy Minerals,Construction Materials,33.0,30.0,27.0,28.0,1.7279,1.7279,20.77K,17.46K,69.99,31.2,914.10M,No,41.44,41.73,42.65,41.9,42.17,498
2404,INDSILHYD.BO,39.77,39.23,7.02K,Non-Energy Minerals,Other Metals/Minerals,33.0,64.0,41.0,44.0,1.6843,1.6764,13.43K,8.10K,54.0,29.5,1.11B,No,38.97,39.48,41.14,39.44,39.22,497
2405,ALKALI.NS,68.18,67.84,3.13K,Process Industries,Chemicals: Specialty,33.0,5.0,54.0,36.0,2.7721,2.6129,22.32K,5.46K,107.38,46.8,694.24M,No,72.78,80.42,74.83,78.56,70.71,498
2406,TATACONSUM.NS,1061.9,1078.0,1712.97K,Consumer Non-Durables,Food: Specialty/Candy,33.0,30.0,28.0,30.0,25.6357,24.3643,1755.08K,1454.93K,1282.7,1007.2,1050.95B,No,1091.16,1102.53,1139.6,1097.6,1121.0,500
2407,NKIND.NS,60.25,60.05,0.46K,Process Industries,Agricultural Commodities/Milling,33.0,56.0,29.0,27.0,4.2164,3.9314,0.87K,0.62K,87.78,54.54,362.10M,No,61.45,62.52,64.96,61.69,63.79,497
2408,SRF.NS,2585.0,2570.0,276.24K,Process Industries,Industrial Specialties,33.0,22.0,35.0,26.0,45.2929,43.9072,522.06K,330.16K,3210.0,2355.0,766.21B,No,2690.11,2717.74,2752.53,2711.67,2654.38,500
2409,AUSTENG.BO,122.4,137.8,30.93K,Producer Manufacturing,Metal Fabrication,33.0,8.0,31.0,49.0,11.2179,10.9964,5.01K,8.09K,206.5,95.5,425.68M,No,150.28,140.39,131.36,140.1,127.36,495
2410,ABCINDQ.BO,65.51,64.2,0.05K,Transportation,Air Freight/Couriers,33.0,47.0,43.0,21.0,3.07,2.88,1.65K,3.68K,90.0,51.5,354.88M,No,64.95,64.89,68.59,65.39,64.9,497
2411,JINDHOT.BO,64.02,61.18,1.59K,Consumer Services,Hotels/Resorts/Cruise Lines,33.0,63.0,45.0,31.0,2.6614,2.5543,1.79K,1.21K,93.0,54.0,448.14M,No,63.52,63.28,68.12,63.36,63.95,497
2412,MULLER.BO,208.4,218.75,0.18K,Distribution Services,Wholesale Distributors,33.0,26.0,25.0,31.0,3.95,3.1786,0.03K,0.06K,275.7,188.1,130.25M,No,216.68,213.56,225.4,212.6,218.31,498
2413,POCL.NS,489.6,492.9,206.18K,Non-Energy Minerals,Other Metals/Minerals,33.0,7.0,18.0,44.0,22.9964,22.6036,935.17K,703.37K,647.6,392.2,37.35B,No,524.92,531.51,518.8,528.0,503.54,499
2414,NWIL.BO,25.02,25.54,136.55K,Electronic Technology,Electronic Components,33.0,29.0,8.0,7.0,1.1343,1.1236,750.59K,233.85K,46.0,17.0,5.83B,No,24.83,25.18,31.42,25.24,32.22,496
2415,XCHANGING.NS,67.07,68.44,84.47K,Technology Services,Information Technology Services,33.0,72.0,44.0,27.0,1.865,1.8429,98.33K,141.10K,103.0,47.5,7.47B,No,66.28,64.66,70.51,64.82,64.46,499
2416,RIDDHICORP.BO,60.0,60.0,0.39K,Transportation,Other Transportation,33.0,54.0,47.0,22.0,2.5229,2.2607,2.23K,0.69K,83.0,50.75,712.02M,No,59.88,60.78,64.03,60.76,61.92,496
2417,MADALA.BO,193.45,189.25,0.28K,Technology Services,Information Technology Services,33.0,28.0,47.0,29.0,10.5607,9.4357,0.53K,0.23K,316.3,157.5,2.86B,No,195.19,194.49,207.39,194.59,196.5,497
2418,SARDAEN.NS,489.45,495.85,170.62K,Non-Energy Minerals,Steel,33.0,43.0,14.0,41.0,13.7679,13.4857,384.56K,366.02K,639.75,453.1,172.47B,No,504.63,510.19,521.4,507.96,527.78,500
2419,MADHUDIN.BO,34.0,36.41,5.33K,Finance,Real Estate Development,33.0,3.0,33.0,50.0,3.6229,3.4164,1.70K,1.63K,50.0,25.2,182.75M,No,36.17,38.96,35.26,38.2,34.63,496
2420,MUKTAARTS.NS,56.56,57.18,2.73K,Technology Services,Packaged Software,33.0,64.0,50.0,41.0,3.6279,3.1914,8.48K,3.16K,81.0,37.01,1.28B,No,55.87,58.12,58.05,57.37,55.19,498
2421,TIRUSTA.BO,144.75,140.05,0.25K,Consumer Non-Durables,Food: Specialty/Candy,33.0,16.0,65.0,24.0,9.8964,8.8214,1.42K,0.50K,218.9,115.4,1.39B,No,156.71,143.12,154.44,144.39,146.08,497
2422,SONAL.NS,91.0,90.99,0.03K,Finance,Finance/Rental/Leasing,33.0,33.0,,,3.825,2.8143,0.10K,0.13K,104.75,85.05,,No,90.53,91.52,,90.95,,55
2423,KANSAINER.NS,208.19,212.26,420.25K,Process Industries,Industrial Specialties,33.0,63.0,39.0,21.0,7.5079,7.3607,384.04K,568.71K,264.0,157.91,168.38B,No,203.15,207.23,213.8,206.63,203.52,498
2424,CRAVATEX.BO,349.1,349.4,0.10K,Retail Trade,Apparel/Footwear Retail,33.0,10.0,49.0,34.0,15.0857,13.6964,2.04K,0.87K,486.0,300.0,902.13M,No,368.47,374.16,366.41,373.3,359.91,498
2425,BLKASHYAP.NS,52.61,53.99,1038.36K,Industrial Services,Engineering & Construction,33.0,47.0,22.0,54.0,1.9814,1.9779,470.61K,382.82K,75.4,40.32,11.86B,No,55.1,54.95,52.52,54.86,52.72,500
2426,CANTABIL.NS,228.63,227.6,64.74K,Consumer Non-Durables,Apparel/Footwear,33.0,13.0,40.0,10.0,8.5929,8.5279,277.02K,243.16K,321.5,208.5,19.12B,No,241.65,239.37,251.96,239.43,246.51,498
2427,RESPONIND.NS,167.19,166.93,139.74K,Non-Energy Minerals,Forest Products,32.0,9.0,40.0,41.0,5.1643,5.1207,1109.06K,98.55K,240.9,117.25,44.57B,No,178.42,185.12,180.6,186.48,171.92,497
2428,ALLDIGI.NS,804.45,809.85,14.02K,Commercial Services,Miscellaneous Commercial Services,32.0,53.0,43.0,20.0,28.3714,23.9179,9.33K,19.65K,1040.0,700.0,12.26B,No,828.7,819.31,827.62,812.46,814.26,497
2429,INDOCO.NS,217.49,216.53,68.57K,Health Technology,Pharmaceuticals: Major,32.0,8.0,21.0,42.0,9.8007,9.545,477.67K,124.36K,332.2,162.19,20.05B,No,230.7,232.66,225.04,236.92,215.55,499
2430,SOLARA.NS,505.6,508.7,57.65K,Health Technology,Pharmaceuticals: Major,32.0,11.0,43.0,36.0,18.0214,18.0214,345.55K,134.96K,712.0,422.0,24.39B,No,523.14,552.01,529.53,546.89,511.55,500
2431,BMWVENTLTD.NS,58.52,58.84,43.36K,Distribution Services,Wholesale Distributors,32.0,49.0,27.0,50.0,2.4264,2.425,74.84K,101.80K,78.0,48.0,5.07B,No,58.04,58.47,59.73,58.06,58.86,216
2432,DLINKINDIA.NS,425.95,432.45,90.62K,Electronic Technology,Telecommunications Equipment,32.0,2.0,30.0,41.0,11.2643,11.2643,202.69K,84.05K,549.2,367.65,15.12B,No,446.23,484.01,441.75,479.91,443.74,500
2433,SUKHJITS.NS,161.57,161.37,8.04K,Consumer Non-Durables,Food: Specialty/Candy,32.0,24.0,17.0,29.0,8.1986,8.0471,29.17K,34.60K,231.1,137.3,5.05B,No,162.93,169.07,170.73,168.43,174.05,498
2434,IITLPROJ.BO,45.32,47.7,1.22K,Finance,Real Estate Development,32.0,13.0,80.0,16.0,2.1143,1.6557,2.82K,2.02K,73.9,33.01,226.19M,No,51.27,48.82,49.91,48.35,45.74,498
2435,ICONIKSPEV.BO,42.78,40.75,110.77K,Commercial Services,Miscellaneous Commercial Services,32.0,88.0,73.0,15.0,2.9093,2.8393,31.02K,26.79K,91.03,28.2,1.45B,No,34.58,37.81,48.36,37.26,41.45,497
2436,BOROLTD.NS,241.57,244.65,29.63K,Producer Manufacturing,Miscellaneous Manufacturing,32.0,66.0,37.0,32.0,8.7664,8.6879,108.97K,71.12K,397.95,213.73,28.89B,No,238.11,234.42,259.63,236.01,238.46,500
2437,KOTHARIPRO.NS,69.11,70.58,9.18K,Distribution Services,Wholesale Distributors,32.0,48.0,30.0,46.0,3.2693,3.2457,9.76K,10.34K,109.0,58.0,4.13B,No,68.05,69.25,71.86,69.29,68.84,499
2438,JHACC.BO,181.05,177.8,0.56K,Finance,Investment Banks/Brokers,32.0,26.0,53.0,51.0,9.4357,8.55,2.58K,0.72K,269.65,146.0,2.01B,No,183.87,184.26,187.41,184.88,183.42,497
2439,PUNJCOMMU.BO,48.84,47.49,2.80K,Electronic Technology,Telecommunications Equipment,32.0,55.0,50.0,12.0,2.3543,2.1314,1.29K,0.70K,74.01,40.1,587.23M,No,48.07,48.89,54.64,48.74,50.93,496
2440,KEYFINSERV.NS,261.85,254.5,1.63K,Finance,Investment Banks/Brokers,32.0,41.0,24.0,31.0,11.1229,11.0293,2.13K,1.74K,382.1,220.0,1.46B,No,257.91,257.65,279.97,257.04,268.35,499
2441,MAANALU.NS,125.01,123.16,148.92K,Non-Energy Minerals,Aluminum,32.0,62.0,16.0,15.0,5.8057,5.2836,71.66K,101.08K,184.74,100.0,7.50B,No,119.75,122.89,139.07,122.41,134.01,498
2442,ADVANIHOTR.NS,50.17,50.27,14.98K,Consumer Services,Hotels/Resorts/Cruise Lines,32.0,25.0,29.0,26.0,1.2957,1.2829,27.95K,34.87K,68.39,47.0,4.64B,No,51.27,52.22,54.4,51.93,53.24,499
2443,LEHAR.BO,219.85,221.3,12.26K,Consumer Non-Durables,Apparel/Footwear,32.0,13.0,32.0,33.0,7.8857,7.4286,28.08K,19.26K,310.0,160.0,3.89B,No,241.51,249.18,234.23,246.1,231.9,497
2444,BROOKS.NS,62.48,59.51,63.11K,Health Technology,Pharmaceuticals: Major,32.0,10.0,84.0,46.0,2.5157,2.4336,41.16K,20.43K,164.02,36.3,1.84B,No,63.08,67.26,72.57,67.14,62.99,499
2445,SBICARD.NS,656.6,650.05,534.82K,Finance,Finance/Rental/Leasing,32.0,80.0,55.0,22.0,13.7857,13.0857,1373.62K,1150.49K,965.0,565.45,624.85B,No,650.23,623.1,729.3,629.59,670.64,500
2446,APTUS.NS,254.75,256.7,1674.61K,Finance,Finance/Rental/Leasing,32.0,15.0,27.0,32.0,8.4571,8.3714,1045.67K,1278.94K,364.0,193.03,127.58B,No,276.25,274.5,265.28,273.88,254.84,500
2447,IITL.NS,146.68,145.41,101.14K,Finance,Financial Conglomerates,32.0,80.0,30.0,52.0,10.2957,9.8529,117.03K,176.94K,216.0,108.0,3.31B,No,136.42,134.67,150.38,133.31,141.24,498
2448,UNIECOM.NS,92.08,84.2,3575.33K,Technology Services,Packaged Software,32.0,67.0,45.0,21.0,2.1636,2.1414,1105.57K,155.92K,155.8,78.51,10.35B,No,85.58,87.18,102.12,88.12,93.45,499
2449,FINPIPE.NS,161.35,162.66,422.13K,Producer Manufacturing,Miscellaneous Manufacturing,32.0,32.0,29.0,26.0,3.8871,3.5157,1264.00K,580.75K,222.5,147.54,99.76B,No,164.33,169.52,174.76,168.55,173.18,498
2450,HBLENGINE.NS,691.5,695.25,613.32K,Producer Manufacturing,Electrical Products,32.0,14.0,12.0,22.0,20.7179,18.4393,1249.81K,990.80K,1122.0,613.0,191.68B,No,717.16,761.73,795.22,757.76,748.35,500
2451,SBFL.BO,23.47,23.08,0.20K,Process Industries,Textiles,32.0,75.0,44.0,20.0,1.4321,1.2543,0.99K,1.23K,33.44,19.5,222.96M,No,23.82,22.78,24.8,23.01,24.31,497
2452,QGO.BO,39.26,40.29,4.92K,Finance,Financial Conglomerates,32.0,18.0,48.0,45.0,2.1986,1.9821,2.22K,1.30K,53.45,35.0,272.97M,No,42.18,42.7,42.71,41.69,40.95,496
2453,DYNAMIND.BO,103.35,105.1,0.76K,Process Industries,Industrial Specialties,32.0,27.0,38.0,27.0,3.8107,3.0857,0.73K,1.71K,189.9,83.2,313.00M,No,108.79,109.47,114.44,108.95,106.76,497
2454,IRB.NS,19.33,19.56,8866.48K,Industrial Services,Engineering & Construction,32.0,29.0,28.0,29.0,0.4036,0.3936,19994.78K,15343.49K,23.95,19.15,233.47B,No,19.83,20.49,21.03,20.37,20.88,500
2455,DHARNI.BO,55.0,55.0,6.00K,Finance,Investment Managers,32.0,5.0,17.0,22.0,0.7929,0.4321,1.14K,4.50K,66.05,52.5,1.12B,No,63.51,64.45,62.04,64.04,63.19,499
2456,ELDEHSG.NS,750.3,764.5,1.25K,Finance,Real Estate Development,32.0,16.0,22.0,15.0,44.825,42.9714,3.05K,13.50K,1044.1,691.2,7.38B,No,772.87,790.28,845.69,787.37,825.38,498
2457,MARGOFIN.BO,65.0,65.38,3.00K,Finance,Financial Conglomerates,32.0,50.0,28.0,37.0,3.8957,3.7564,1.18K,1.16K,90.0,54.0,297.05M,No,65.21,65.3,68.39,65.38,65.37,496
2458,SALAUTO.BO,192.0,186.0,0.06K,Producer Manufacturing,Auto Parts: Oem,32.0,59.0,33.0,37.0,8.5571,7.8643,0.72K,0.61K,283.7,164.0,920.72M,No,181.19,184.12,204.35,184.35,193.24,498
2459,BIRLAMONEY.NS,133.45,133.07,25.72K,Finance,Investment Banks/Brokers,32.0,20.0,31.0,57.0,3.6936,3.6743,89.81K,42.42K,197.39,95.0,7.54B,No,133.54,137.92,138.36,137.96,132.43,499
2460,WAAREE.BO,220.55,224.5,9.80K,Process Industries,Industrial Specialties,32.0,13.0,7.0,58.0,5.7857,5.7857,13.59K,5.53K,398.0,131.25,2.37B,No,233.62,244.45,228.61,243.38,225.56,497
2461,JENBURPH.BO,1068.95,1065.1,1.18K,Health Technology,Pharmaceuticals: Major,32.0,35.0,32.0,45.0,46.7214,42.825,1.95K,3.74K,1321.0,944.0,4.72B,No,1083.7,1112.55,1099.21,1104.93,1077.34,497
2462,DBCORP.NS,212.22,211.86,116.43K,Consumer Services,Publishing: Newspapers,32.0,68.0,31.0,20.0,4.4579,4.4579,417.94K,101.64K,287.9,184.51,37.83B,No,211.06,205.13,226.83,205.78,213.4,499
2463,VRAJ.NS,123.34,125.32,19.61K,Non-Energy Minerals,Steel,31.0,75.0,33.0,42.0,4.3693,4.33,46.19K,25.96K,162.0,93.0,4.07B,No,127.66,123.26,126.26,122.63,122.82,500
2464,KAYNES.NS,3828.0,3717.7,1217.59K,Electronic Technology,Electronic Production Equipment,31.0,80.0,17.0,55.0,164.1143,159.9928,1606.64K,2297.65K,7705.0,2995.0,257.33B,No,3555.66,3351.84,4012.71,3431.55,3610.4,500
2465,DEN.NS,26.99,27.21,397.14K,Consumer Services,Cable/Satellite Tv,31.0,27.0,46.0,33.0,0.4793,0.4736,1038.38K,234.61K,37.93,22.52,12.87B,No,27.35,28.55,29.01,28.66,27.82,498
2466,GATEWAY.NS,54.9,56.3,1657.22K,Transportation,Railroads,31.0,26.0,31.0,25.0,1.8293,1.7521,1067.92K,1971.58K,70.5,48.1,27.43B,No,57.6,58.54,58.31,58.21,57.35,500
2467,NATCAPSUQ.NS,159.08,165.35,21.72K,Health Technology,Pharmaceuticals: Other,31.0,80.0,37.0,37.0,12.1214,11.5386,14.73K,45.03K,296.0,136.36,1.66B,No,149.75,151.6,166.08,152.12,155.45,367
2468,MAXIND.NS,162.64,170.48,247.43K,Health Services,Medical/Nursing Services,31.0,61.0,28.0,48.0,9.2314,8.495,128.69K,87.14K,241.57,120.0,9.14B,No,170.17,164.37,169.94,165.95,159.03,497
2469,PSPL.BO,58.0,58.0,1.00K,Transportation,Air Freight/Couriers,31.0,86.0,58.0,70.0,0.8979,0.2036,0.50K,0.60K,83.99,46.7,172.52M,No,50.65,53.18,57.53,54.19,55.48,346
2470,AHMDSTE.BO,162.15,168.05,1.12K,Producer Manufacturing,Building Products,31.0,1.0,39.0,21.0,11.85,11.2607,5.64K,1.62K,238.4,84.0,2.45B,No,168.14,174.0,174.62,175.66,168.64,497
2471,NBCC.NS,92.17,93.8,11469.41K,Commercial Services,Miscellaneous Commercial Services,31.0,24.0,31.0,31.0,1.7821,1.6807,13289.29K,5176.47K,125.85,77.18,248.86B,No,95.12,100.62,101.01,99.95,95.27,500
2472,VBL.NS,440.5,437.0,1837.42K,Consumer Non-Durables,Beverages: Non-Alcoholic,31.0,16.0,20.0,30.0,12.7286,12.4179,6429.86K,5543.31K,555.8,381.0,1489.98B,No,450.06,485.4,473.78,479.86,469.8,500
2473,PFC.NS,376.5,381.0,12020.94K,Finance,Finance/Rental/Leasing,31.0,20.0,12.0,36.0,9.8786,9.4964,6397.47K,9148.80K,486.5,329.9,1242.49B,No,411.35,418.7,404.49,415.46,419.21,500
2474,FINELINE.BO,65.85,67.55,2.08K,Electronic Technology,Electronic Components,31.0,54.0,44.0,7.0,4.535,4.3136,4.56K,1.71K,103.66,48.22,316.59M,No,70.15,64.06,77.71,63.68,73.42,497
2475,VAMSHIRU.BO,42.0,40.01,0.92K,Producer Manufacturing,Miscellaneous Manufacturing,31.0,74.0,49.0,29.0,3.6186,3.4471,2.42K,10.21K,63.9,36.0,176.69M,No,40.84,41.08,44.56,41.61,42.85,497
2476,CORALFINAC.NS,32.86,33.34,171.22K,Finance,Investment Managers,31.0,29.0,41.0,31.0,2.36,2.3479,39.53K,137.95K,50.9,25.01,1.32B,No,32.73,32.59,35.07,32.57,32.94,499
2477,RAJSREESUG.NS,31.09,30.67,18.00K,Process Industries,Agricultural Commodities/Milling,31.0,43.0,19.0,47.0,1.5393,1.4736,40.01K,46.18K,49.7,24.65,1.03B,No,30.75,31.74,32.66,31.34,31.07,498
2478,DHANFAB.BO,50.28,49.75,0.03K,Process Industries,Textiles,31.0,31.0,49.0,13.0,1.1114,0.5521,0.13K,0.06K,66.0,46.81,431.46M,No,49.68,50.3,54.84,50.12,53.94,498
2479,ELNET.BO,316.0,321.35,0.79K,Finance,Real Estate Development,31.0,34.0,39.0,36.0,11.3964,11.3964,1.49K,1.22K,411.0,285.05,1.26B,No,320.62,328.03,336.96,327.33,331.19,497
2480,PNCINFRA.NS,223.26,222.4,993.09K,Industrial Services,Engineering & Construction,31.0,18.0,51.0,44.0,11.2471,10.5179,648.04K,996.27K,325.0,158.17,57.27B,No,238.0,229.88,227.91,230.96,214.33,499
2481,ASTRAZEN.NS,7906.5,7946.5,4.96K,Health Technology,Pharmaceuticals: Major,31.0,36.0,35.0,25.0,203.4643,193.1071,10.84K,22.48K,9849.5,7551.5,197.66B,No,8080.4,8230.76,8584.23,8172.85,8377.97,499
2482,HDFCAMC.NS,2490.0,2515.0,888.73K,Finance,Investment Managers,31.0,14.0,22.0,35.0,49.4786,47.2286,874.52K,587.99K,2967.25,2205.6,1067.68B,No,2559.7,2612.29,2627.86,2619.37,2611.51,500
2483,SUMEDHA.BO,41.45,41.04,7.76K,Finance,Investment Banks/Brokers,31.0,84.0,46.0,53.0,2.3121,2.2371,6.30K,11.10K,62.0,30.95,330.95M,No,38.61,38.46,41.71,38.65,38.56,497
2484,POLYCHMP.BO,48.12,49.02,1.14K,Producer Manufacturing,Industrial Machinery,31.0,21.0,22.0,40.0,2.3143,1.9793,1.78K,2.03K,66.99,44.0,269.55M,No,49.33,50.83,51.81,50.2,50.63,496
2485,TRENT.NS,2987.0,3000.0,692.55K,Retail Trade,Apparel/Footwear Retail,31.0,60.0,63.0,67.0,72.7286,71.5,1490.58K,1407.13K,5674.0,2183.67,1592.76B,No,2972.89,3004.1,3124.64,3014.35,2762.77,500
2486,HINDMILL.BO,155.0,159.9,0.08K,Process Industries,Textiles,31.0,35.0,33.0,24.0,6.2714,5.8321,0.13K,0.06K,195.0,135.0,258.00M,No,160.94,161.7,167.29,160.45,163.25,497
2487,ZENOTECH.BO,44.01,44.0,5.67K,Health Technology,Pharmaceuticals: Major,31.0,38.0,36.0,41.0,1.4171,1.4171,6.44K,4.79K,57.9,33.55,2.69B,No,45.05,45.07,45.71,44.9,44.62,497
2488,GODREJAGRO.NS,552.25,546.4,92.81K,Process Industries,Agricultural Commodities/Milling,31.0,40.0,36.0,39.0,12.7321,11.5964,129.34K,144.40K,793.2,506.1,106.23B,No,562.85,564.52,579.79,561.69,577.04,500
2489,AGARWAL.BO,20.0,21.02,0.05K,Finance,Financial Conglomerates,31.0,50.0,56.0,27.0,0.31,0.2286,0.19K,0.20K,24.14,16.5,68.71M,No,21.2,20.75,20.26,20.42,20.53,497
2490,SNOWMAN.NS,39.12,38.62,165.93K,Commercial Services,Miscellaneous Commercial Services,31.0,76.0,37.0,46.0,1.7757,1.7757,210.73K,510.45K,59.8,30.5,6.54B,No,37.83,37.7,39.73,37.92,38.36,500
2491,RATNAMANI.NS,2240.4,2255.0,46.51K,Non-Energy Minerals,Steel,31.0,6.0,8.0,52.0,86.2928,85.1428,44.93K,82.63K,3345.0,1936.5,157.03B,No,2409.47,2527.65,2414.69,2500.53,2442.0,498
2492,STEELCITY.NS,79.42,81.29,12.06K,Finance,Investment Banks/Brokers,31.0,55.0,45.0,33.0,3.05,2.5643,15.01K,66.08K,108.9,71.26,1.20B,No,78.43,77.94,84.92,77.86,80.61,498
2493,POLYSPIN.BO,28.27,30.49,0.10K,Process Industries,Containers/Packaging,31.0,27.0,24.0,22.0,2.2464,1.9421,1.59K,1.39K,42.98,25.0,282.70M,No,29.11,29.42,31.28,29.25,29.75,496
2494,NAVNETEDUL.NS,134.9,132.75,254.99K,Producer Manufacturing,Office Equipment/Supplies,31.0,14.0,31.0,35.0,4.9357,4.8107,229.75K,407.43K,168.5,121.5,29.84B,No,139.09,141.83,144.4,141.83,142.13,499
2495,HELLOJI.BO,114.95,123.5,2.40K,Consumer Services,Other Consumer Services,31.0,10.0,35.0,29.0,3.2107,1.1393,2.30K,2.16K,151.5,100.0,394.28M,No,111.29,120.43,,120.95,122.39,167
2496,GODAVARIB.NS,261.6,273.6,415.69K,Process Industries,Agricultural Commodities/Milling,31.0,41.0,15.0,49.0,11.125,10.6786,296.93K,1028.15K,353.0,227.42,13.39B,No,264.81,273.38,280.18,270.05,287.79,444
2497,ADMANUM.BO,56.66,55.49,3.50K,Finance,Finance/Rental/Leasing,31.0,30.0,62.0,52.0,3.7514,3.6857,3.26K,3.75K,75.97,42.2,424.95M,No,56.39,59.13,57.05,59.06,55.81,497
2498,DBL.NS,414.95,422.2,280.62K,Industrial Services,Engineering & Construction,31.0,39.0,20.0,25.0,23.6607,22.8714,526.54K,652.51K,585.0,381.55,67.41B,No,427.76,432.24,447.03,431.94,436.79,498
2499,SSDL.NS,65.03,54.81,383.52K,Distribution Services,Wholesale Distributors,31.0,86.0,54.0,44.0,2.3321,2.3279,20.49K,19.26K,98.0,46.15,2.58B,No,54.03,55.43,66.05,55.96,60.13,494
2500,MANAKSIA.NS,58.42,58.8,17.75K,Non-Energy Minerals,Steel,31.0,58.0,40.0,24.0,2.0157,1.925,21.25K,17.00K,73.99,42.1,3.83B,No,56.92,57.77,60.15,57.48,58.12,498
2501,GPIL.NS,228.99,232.18,1650.41K,Non-Energy Minerals,Steel,30.0,16.0,8.0,26.0,8.1679,8.0607,2507.06K,1382.42K,320.0,195.02,148.98B,No,242.53,256.47,264.49,251.7,265.98,500
2502,PROSTARM.NS,142.5,147.56,256.99K,Producer Manufacturing,Electrical Products,30.0,74.0,17.0,34.0,6.0679,5.9807,310.88K,471.63K,237.0,114.64,8.39B,No,131.35,135.08,151.05,135.43,142.55,299
2503,SODHACAP.BO,66.88,68.0,6.00K,Finance,Investment Banks/Brokers,30.0,96.0,61.0,48.0,3.3893,2.3321,7.35K,5.60K,148.97,48.1,531.36M,No,64.46,60.38,73.68,60.54,64.22,212
2504,KEMP.BO,1078.85,1027.5,0.01K,Finance,Real Estate Development,30.0,26.0,27.0,59.0,22.9714,11.3714,0.01K,0.01K,1530.8,868.3,1.17B,No,1078.52,1095.77,1081.3,1097.38,1034.62,499
2505,RAGHUSYN.BO,99.99,99.0,0.74K,Process Industries,Textiles,30.0,54.0,45.0,32.0,3.8307,3.6657,2.97K,1.23K,134.25,90.0,3.87B,No,99.78,100.0,105.05,99.39,102.65,496
2506,CRESCENTIS.BO,107.0,109.55,3.57K,Finance,Investment Banks/Brokers,30.0,30.0,22.0,31.0,6.2571,6.125,4.55K,8.27K,146.4,96.05,1.82B,No,109.72,114.13,115.81,114.49,118.37,497
2507,INDIANCARD.NS,211.22,211.44,1.12K,Producer Manufacturing,Industrial Machinery,30.0,10.0,54.0,31.0,9.195,9.195,5.43K,4.19K,319.55,153.0,1.25B,No,221.84,221.43,222.89,220.49,211.19,498
2508,WONDERLA.NS,470.05,481.5,142.71K,Consumer Services,Movies/Entertainment,30.0,50.0,34.0,34.0,15.6464,15.3679,77.63K,229.29K,659.0,455.0,29.81B,No,477.46,480.89,511.21,480.76,496.09,499
2509,WAAREERTL.NS,894.55,904.65,88.26K,Utilities,Alternative Power Generation,30.0,13.0,21.0,39.0,16.3714,16.3607,227.39K,131.33K,1358.0,779.5,93.37B,No,939.38,969.61,970.49,964.71,934.96,335
2510,HARSHDEEP.BO,83.8,80.91,6.00K,Consumer Durables,Home Furnishings,30.0,60.0,17.0,19.0,3.1743,2.525,11.69K,22.50K,116.0,75.5,1.35B,No,81.76,82.87,90.1,83.38,87.5,498
2511,EKC.NS,112.19,113.62,92.24K,Producer Manufacturing,Industrial Machinery,30.0,41.0,28.0,50.0,4.0086,3.9386,338.41K,214.36K,156.79,90.25,12.59B,No,110.62,113.22,116.62,112.89,113.05,499
2512,WATERBASE.BO,44.63,43.7,34.01K,Process Industries,Agricultural Commodities/Milling,30.0,58.0,24.0,53.0,1.345,1.2164,15.23K,9.92K,67.7,38.0,1.85B,No,43.49,44.28,46.96,44.49,46.73,497
2513,SPMLINFRA.NS,191.34,186.43,377.81K,Industrial Services,Engineering & Construction,30.0,52.0,22.0,62.0,5.995,5.9007,326.34K,130.35K,309.9,151.01,16.10B,No,196.86,195.56,191.71,195.45,189.69,500
2514,CONTCHM.BO,60.9,58.0,0.03K,Technology Services,Packaged Software,30.0,32.0,37.0,8.0,1.68,0.6871,0.11K,0.04K,87.08,55.1,136.96M,No,60.12,62.3,67.22,61.92,65.71,498
2515,NIMBSPROJ.NS,184.99,185.49,0.27K,Finance,Real Estate Development,30.0,18.0,49.0,,8.7793,8.5293,23.99K,1.14K,231.23,165.81,3.57B,No,188.14,198.51,,196.76,,90
2516,HEIDELBERG.NS,155.12,154.45,31.06K,Non-Energy Minerals,Construction Materials,30.0,43.0,42.0,26.0,2.7857,2.7293,111.67K,81.08K,224.8,136.1,35.16B,No,156.58,154.93,164.02,154.88,156.89,500
2517,ISFT.NS,79.16,79.52,210.17K,Retail Trade,Internet Retail,30.0,63.0,55.0,27.0,4.3814,4.38,14.71K,13.01K,119.07,54.05,1.29B,No,77.72,79.46,82.56,78.81,77.12,498
2518,SSL.BO,43.98,36.65,156.80K,Commercial Services,Miscellaneous Commercial Services,30.0,94.0,55.0,12.0,1.4414,1.0486,6.58K,5.12K,74.9,29.35,539.64M,No,34.73,33.5,44.6,34.23,39.72,473
2519,BALMLAWRIE.NS,174.43,172.89,174.48K,Producer Manufacturing,Industrial Conglomerates,30.0,42.0,25.0,40.0,3.3271,3.2107,152.98K,136.51K,238.2,148.36,29.83B,No,175.92,177.79,179.45,177.18,176.63,500
2520,PRIMIND.BO,40.0,39.4,0.38K,Finance,Real Estate Development,30.0,11.0,17.0,40.0,1.945,1.8243,11.58K,5.39K,66.0,22.1,840.14M,No,42.31,43.83,41.37,43.29,41.1,496
2521,BLS.NS,262.88,260.86,1253.66K,Technology Services,Data Processing Services,30.0,80.0,29.0,45.0,8.4736,8.1971,1991.62K,2174.05K,399.15,218.9,108.18B,No,243.98,250.22,279.54,250.55,262.66,500
2522,INDRAMEDCO.NS,376.95,384.35,200.11K,Health Services,Hospital/Nursing Management,30.0,45.0,24.0,41.0,10.8357,9.7857,380.60K,1045.57K,640.85,342.0,34.56B,No,371.09,379.21,420.65,378.17,389.38,500
2523,VEDPOWER.NS,36.75,36.61,22872.39K,Utilities,Electric Utilities,30.0,11.0,,,1.6243,1.585,48860.83K,30220.28K,49.88,33.06,143.48B,No,36.1,,,,,43
2524,DHANROTO.BO,76.1,76.02,0.56K,Process Industries,Pulp & Paper,30.0,59.0,17.0,24.0,3.5164,3.4457,1.95K,1.55K,119.44,70.5,593.63M,No,74.19,75.9,83.3,75.93,80.01,498
2525,ASIAN.BO,33.51,34.58,0.24K,Commercial Services,Miscellaneous Commercial Services,30.0,38.0,29.0,36.0,1.8193,1.73,0.87K,1.06K,49.0,29.1,116.86M,No,34.43,35.08,36.42,34.57,35.48,498
2526,DOLLAR.NS,277.3,288.65,232.71K,Consumer Non-Durables,Apparel/Footwear,30.0,63.0,39.0,19.0,10.7536,10.6357,184.18K,207.78K,396.0,220.5,15.73B,No,266.58,263.38,298.31,265.71,276.66,499
2527,PANCM.BO,113.05,113.05,0.00K,Non-Energy Minerals,Construction Materials,30.0,89.0,49.0,13.0,4.4929,3.9357,0.25K,0.28K,152.0,88.5,906.82M,No,110.35,103.17,119.31,103.46,115.14,494
2528,ERIS.NS,1351.7,1390.3,67.70K,Health Technology,Pharmaceuticals: Major,30.0,25.0,46.0,36.0,36.4929,36.0286,114.80K,117.41K,1820.0,1200.0,187.32B,No,1404.83,1414.56,1439.38,1411.91,1381.48,498
2529,IRIS.NS,251.13,246.36,39.76K,Technology Services,Data Processing Services,30.0,32.0,57.0,18.0,15.76,14.8757,43.59K,32.56K,388.1,203.0,5.17B,No,247.44,251.11,268.95,255.39,249.4,498
2530,INDTERRAIN.NS,31.31,31.9,22.60K,Consumer Non-Durables,Apparel/Footwear,30.0,42.0,47.0,28.0,2.1121,2.065,35.67K,131.94K,42.62,24.56,1.59B,No,30.2,31.54,33.04,31.34,31.63,498
2531,SVGLOBAL.BO,133.0,126.95,0.72K,Finance,Real Estate Development,30.0,56.0,41.0,54.0,10.8929,10.1714,1.40K,5.14K,192.95,113.8,2.41B,No,126.48,134.63,141.38,134.19,138.07,496
2532,AFFORDABLE.NS,185.49,192.56,11.48K,Producer Manufacturing,Industrial Machinery,30.0,76.0,62.0,53.0,7.5979,7.4393,16.88K,12.27K,409.95,119.71,2.20B,No,188.06,180.07,188.99,181.24,174.67,447
2533,BAJAJHFL.NS,84.76,85.18,1808.49K,Finance,Finance/Rental/Leasing,30.0,34.0,44.0,30.0,1.3971,1.2893,4429.86K,3877.94K,117.98,72.65,705.94B,No,85.94,86.42,90.34,86.7,86.04,476
2534,NAPEROL.BO,649.45,648.95,1.73K,Process Industries,Chemicals: Specialty,30.0,39.0,43.0,53.0,17.3179,17.3179,1.00K,0.87K,990.0,490.1,3.73B,No,650.97,643.78,676.39,644.49,618.14,496
2535,PARAGMILK.NS,215.79,219.27,225.59K,Consumer Non-Durables,Food: Meat/Fish/Dairy,30.0,25.0,45.0,22.0,7.8171,7.5407,502.12K,504.78K,376.95,177.84,27.30B,No,220.94,227.31,247.8,225.8,219.49,500
2536,NATPLASTI.BO,216.15,228.3,0.52K,Process Industries,Chemicals: Specialty,30.0,67.0,38.0,26.0,18.5964,17.9429,1.55K,0.80K,334.0,190.0,1.31B,No,232.55,218.53,243.6,219.12,228.35,496
2537,SAMBANDAM.BO,103.0,109.0,0.00K,Process Industries,Textiles,30.0,70.0,32.0,41.0,6.4393,3.9536,0.48K,0.46K,134.0,87.0,439.25M,No,105.65,107.82,104.9,107.53,103.94,494
2538,TCI.NS,913.65,935.35,21.69K,Transportation,Trucking,29.0,42.0,38.0,16.0,23.1893,23.0,42.65K,61.57K,1242.0,868.05,70.20B,No,925.86,932.6,1000.52,928.55,962.75,499
2539,ORIBEVER.BO,185.0,192.0,0.03K,Consumer Non-Durables,Beverages: Non-Alcoholic,29.0,51.0,15.0,61.0,7.7071,6.9071,1.36K,0.88K,291.25,157.0,399.88M,No,183.55,185.44,199.73,185.31,202.74,496
2540,KINETICENG.BO,241.35,242.65,5.32K,Producer Manufacturing,Auto Parts: Oem,29.0,4.0,42.0,12.0,13.7214,13.7214,28.78K,29.59K,365.0,175.1,6.49B,No,260.65,267.74,268.73,269.62,254.95,497
2541,SURAKSHA.NS,270.35,258.25,203.32K,Health Services,Medical/Nursing Services,29.0,59.0,33.0,40.0,11.1286,10.8964,63.15K,145.50K,333.0,224.1,14.08B,No,255.33,263.68,277.09,262.99,271.3,419
2542,COHANCE.NS,444.35,463.95,517.90K,Health Technology,Pharmaceuticals: Major,29.0,53.0,29.0,67.0,16.4036,16.2571,1618.70K,1323.97K,1038.9,266.7,170.01B,No,435.62,437.15,446.7,437.14,389.81,500
2543,GALLARD.BO,168.8,158.45,47.00K,Producer Manufacturing,Industrial Machinery,29.0,40.0,66.0,54.0,5.675,3.9179,9.70K,9.70K,245.95,110.0,1.60B,No,156.93,157.77,,158.44,154.6,177
2544,TECHNVISN.NS,5146.0,5347.3999,1.21K,Technology Services,Data Processing Services,29.0,96.0,37.0,,431.1142,400.9142,1.03K,1.01K,6198.0,3222.8,,No,4550.98,4603.73,,4666.86,,78
2545,PURVA.NS,212.55,212.31,63.86K,Finance,Real Estate Development,29.0,33.0,45.0,25.0,5.3093,5.1721,605.76K,130.16K,305.0,160.69,50.41B,No,215.4,216.08,224.48,216.17,212.68,498
2546,INFY.NS,1176.1,1190.7,7526.04K,Technology Services,Information Technology Services,29.0,80.0,51.0,6.0,32.7,26.3071,14981.90K,13482.72K,1728.0,982.4,4763.35B,No,1125.85,1103.86,1338.0,1094.29,1231.53,500
2547,TAIIND.BO,26.56,27.4,1.14K,Distribution Services,Wholesale Distributors,29.0,84.0,80.0,22.0,1.6371,1.3593,1.03K,2.21K,36.99,20.7,159.36M,No,24.95,25.26,27.42,24.85,26.38,498
2548,ASTEC.NS,607.85,615.2,21.70K,Process Industries,Chemicals: Agricultural,29.0,10.0,18.0,46.0,24.2893,24.0072,105.50K,34.72K,941.75,513.4,13.54B,No,647.18,701.97,680.76,692.54,667.54,500
2549,COSCO.BO,193.55,192.75,0.96K,Consumer Durables,Recreational Products,29.0,51.0,32.0,16.0,4.7964,4.025,0.54K,0.21K,267.95,160.0,805.36M,No,191.83,196.26,207.3,197.99,197.95,497
2550,CMRGREEN.NS,215.7,219.09,638.59K,Producer Manufacturing,Metal Fabrication,29.0,30.0,,,8.4579,8.415,3194.01K,985.57K,268.96,212.1,,No,220.11,,,230.19,,46
2551,GOACARBON.NS,370.15,373.7,5.17K,Process Industries,Industrial Specialties,29.0,23.0,21.0,40.0,11.8571,11.6964,17.89K,16.25K,494.9,272.85,3.39B,No,377.46,388.32,383.89,386.48,369.94,499
2552,BRIGHTBR.BO,244.2,255.6,4.52K,Process Industries,Industrial Specialties,29.0,65.0,38.0,44.0,16.0286,15.925,2.26K,1.68K,393.0,185.35,1.39B,No,230.16,229.52,246.84,228.98,229.88,497
2553,RELICTEC.BO,67.99,68.64,0.06K,Finance,Finance/Rental/Leasing,29.0,12.0,32.0,15.0,5.57,4.8629,0.45K,0.62K,93.96,52.02,380.14M,No,63.58,66.41,73.16,65.9,69.97,498
2554,NSIL.NS,5513.5,5609.0,1.29K,Finance,Financial Conglomerates,29.0,58.0,37.0,35.0,145.0357,144.6071,2.08K,2.54K,8730.0,4700.0,28.32B,No,5541.43,5528.06,5979.87,5519.65,5622.44,498
2555,ALUFLUOR.BO,430.0,445.25,32.48K,Non-Energy Minerals,Aluminum,29.0,24.0,7.0,39.0,23.5464,21.5071,15.47K,20.78K,615.0,377.6,3.36B,No,462.21,459.28,459.36,456.59,470.93,497
2556,PERFEPA.BO,81.19,81.54,0.50K,Process Industries,Containers/Packaging,29.0,84.0,48.0,37.0,5.5329,4.9771,0.62K,1.04K,115.35,66.0,540.68M,No,74.24,72.27,82.91,72.99,79.76,497
2557,EMMBI.NS,85.0,84.09,19.72K,Process Industries,Containers/Packaging,29.0,31.0,57.0,25.0,3.6514,3.5321,25.25K,9.35K,116.9,60.3,1.64B,No,87.51,89.59,91.26,88.91,85.92,498
2558,BHARTIHEXA.NS,1486.0,1515.0,267.19K,Communications,Wireless Telecommunications,29.0,25.0,50.0,29.0,46.9643,45.5143,193.53K,162.41K,1955.6,1430.0,743.00B,No,1593.2,1534.6,1620.23,1535.31,1551.33,500
2559,PARKHOTELS.NS,118.9,118.63,65.18K,Consumer Services,Hotels/Resorts/Cruise Lines,29.0,23.0,31.0,35.0,3.5914,3.4207,179.67K,119.65K,164.1,95.1,25.37B,No,123.27,121.86,125.65,122.01,119.74,499
2560,BEARDSELL.NS,26.18,26.12,10.63K,Process Industries,Industrial Specialties,29.0,23.0,47.0,38.0,1.1814,1.1757,28.49K,13.26K,38.6,20.02,1.03B,No,27.14,28.35,28.12,28.09,26.6,499
2561,SATIA.NS,61.53,60.99,53.46K,Process Industries,Pulp & Paper,29.0,82.0,21.0,44.0,2.1107,2.0464,131.48K,82.25K,90.7,50.8,6.15B,No,61.43,57.65,63.68,58.39,61.3,499
2562,QUESTCAP.BO,264.35,267.9,0.11K,Finance,Investment Banks/Brokers,29.0,29.0,42.0,45.0,9.1536,8.2286,1.25K,1.33K,358.45,222.0,2.64B,No,268.85,272.67,279.75,270.54,264.91,496
2563,FIL.BO,193.05,202.65,4.20K,Consumer Non-Durables,Apparel/Footwear,29.0,11.0,30.0,,5.0179,3.375,11.23K,6.12K,230.0,184.0,1.52B,No,210.74,210.39,,211.1,,116
2564,WILLAMAGOR.NS,26.25,25.4,0.52K,Finance,Financial Conglomerates,29.0,45.0,37.0,28.0,1.64,1.5779,2.00K,1.76K,37.5,21.11,287.60M,No,25.7,26.23,28.17,26.21,26.88,498
2565,BIOFILCHEM.NS,32.67,32.64,2.99K,Health Technology,Pharmaceuticals: Major,29.0,30.0,42.0,9.0,1.4157,1.3836,55.93K,6.80K,46.34,25.6,531.67M,No,32.78,34.11,34.04,33.85,32.85,499
2566,CLENON.BO,44.97,44.97,0.63K,Producer Manufacturing,Electrical Products,29.0,33.0,50.0,11.0,0.1686,0.1686,0.28K,0.76K,62.96,41.67,491.99M,No,46.5,46.39,52.72,46.28,51.82,497
2567,AMBER.NS,6985.0,7078.5,371.43K,Producer Manufacturing,Industrial Machinery,29.0,17.0,9.0,63.0,190.25,185.2143,396.27K,254.75K,8974.0,5400.5,246.35B,No,7427.73,7570.85,7259.61,7515.8,7379.1,500
2568,HGS.NS,406.75,411.3,18.98K,Commercial Services,Miscellaneous Commercial Services,29.0,45.0,30.0,44.0,11.2071,10.9536,77.21K,26.33K,556.0,342.05,18.92B,No,423.93,421.95,425.23,421.47,405.06,499
2569,ONGC.NS,239.05,239.45,10690.33K,Energy Minerals,Oil Refining/Marketing,29.0,39.0,18.0,30.0,4.5243,4.4286,15260.85K,11943.97K,307.5,227.65,3007.32B,No,243.28,244.85,259.1,242.48,265.51,500
2570,GARWAOFFS.BO,48.5,48.91,33.11K,Industrial Services,Oilfield Services/Equipment,29.0,44.0,57.0,49.0,2.7893,2.7443,15.63K,16.18K,88.0,31.36,1.49B,No,46.23,48.85,52.54,49.16,47.81,497
2571,CNINFOTECH.BO,88.53,94.0,24.40K,Technology Services,Information Technology Services,29.0,22.0,44.0,26.0,4.4079,3.9364,32.70K,15.04K,136.0,70.0,2.16B,No,90.52,96.57,97.58,94.68,92.39,382
2572,PERMAGN.BO,821.5,823.45,3.94K,Producer Manufacturing,Industrial Machinery,29.0,17.0,30.0,34.0,27.5857,27.0786,4.24K,3.35K,1229.9,618.6,7.06B,No,847.08,870.04,845.56,871.98,831.62,496
2573,KVTOYS.BO,266.55,275.3,11.40K,Consumer Durables,Recreational Products,29.0,6.0,63.0,28.0,9.3536,8.7286,16.50K,4.80K,363.9,180.0,1.67B,No,291.56,282.83,,280.31,263.13,163
2574,SAUMYA.BO,116.95,107.15,0.17K,Finance,Investment Banks/Brokers,28.0,37.0,39.0,15.0,5.6821,3.6214,0.11K,0.17K,169.5,102.05,807.76M,No,113.92,125.95,138.61,122.53,130.75,497
2575,GSFC.NS,160.69,161.34,905.10K,Process Industries,Chemicals: Agricultural,28.0,46.0,30.0,24.0,3.1421,2.8864,642.37K,357.77K,220.59,138.83,64.03B,No,159.6,161.37,170.51,161.06,164.84,500
2576,ARENTERP.NS,37.29,39.45,2.03K,Non-Energy Minerals,Construction Materials,28.0,75.0,41.0,30.0,3.9014,3.9014,10.75K,6.73K,60.79,30.01,120.59M,No,39.48,37.67,41.7,38.27,39.27,498
2577,FDC.NS,353.75,360.9,149.95K,Health Technology,Pharmaceuticals: Major,28.0,4.0,35.0,29.0,14.6357,14.5607,380.71K,481.66K,527.8,312.95,57.59B,No,398.16,403.89,390.77,401.8,376.13,499
2578,LINC.NS,98.34,97.27,19.46K,Consumer Non-Durables,Consumer Sundries,28.0,23.0,35.0,28.0,4.0079,3.9707,48.55K,32.57K,139.6,85.01,5.85B,No,102.9,104.99,108.15,104.75,103.37,498
2579,DECPO.BO,26.6,28.0,0.94K,Process Industries,Containers/Packaging,28.0,4.0,4.0,43.0,0.2714,0.1357,0.04K,0.02K,46.5,20.28,56.26M,No,29.57,32.06,33.19,31.55,32.53,498
2580,STOVACQ.BO,1704.7,1698.7,0.14K,Producer Manufacturing,Industrial Machinery,28.0,48.0,35.0,21.0,37.7,37.4357,0.30K,0.29K,2396.0,1391.6,3.56B,No,1702.81,1691.41,1847.57,1690.43,1758.58,497
2581,HARYNACAP.BO,146.9,138.05,0.26K,Finance,Finance/Rental/Leasing,28.0,54.0,45.0,40.0,7.3393,6.6464,0.60K,0.85K,220.0,119.05,765.16M,No,140.78,143.53,156.9,143.58,146.31,497
2582,SPIC.NS,67.2,66.87,178.73K,Process Industries,Chemicals: Agricultural,28.0,50.0,40.0,34.0,1.3186,1.25,543.17K,217.55K,128.2,55.1,13.68B,No,66.73,67.97,72.89,67.98,67.88,499
2583,BRISK.BO,73.2,77.0,4.80K,Distribution Services,Electronics Distributors,28.0,1.0,49.0,39.0,0.9893,0.6571,0.80K,0.64K,111.9,64.5,146.40M,No,78.29,87.89,81.4,87.96,78.41,499
2584,PHARMAID.BO,34.87,34.0,10.18K,Health Technology,Pharmaceuticals: Major,28.0,61.0,69.0,19.0,2.5457,2.4514,17.72K,10.87K,66.0,25.6,1.23B,No,32.3,32.55,37.74,33.27,33.05,496
2585,VINATIORGA.NS,1327.4,1315.3,275.33K,Process Industries,Chemicals: Specialty,28.0,53.0,41.0,21.0,31.7643,31.3,69.67K,58.39K,1849.9,1203.0,137.71B,No,1316.67,1323.22,1438.52,1323.85,1361.08,500
2586,HORIZON.BO,130.95,134.55,49.20K,Producer Manufacturing,Miscellaneous Manufacturing,28.0,19.0,,,4.4,4.0821,223.17K,38.28K,164.6,128.2,2.56B,No,142.75,,,,,39
2587,TARC.NS,128.53,128.98,816.45K,Finance,Real Estate Development,28.0,62.0,38.0,18.0,4.8329,4.8329,1603.15K,520.09K,186.3,109.1,37.93B,No,129.17,127.06,139.88,127.27,133.42,499
2588,ASIIL.BO,24.99,26.62,57.35K,Non-Energy Minerals,Construction Materials,28.0,65.0,42.0,40.0,1.9529,1.9221,25.93K,68.36K,36.88,19.0,2.25B,No,25.9,25.03,26.56,24.78,25.15,497
2589,TVTODAY.NS,114.07,114.15,32.53K,Consumer Services,Broadcasting,28.0,19.0,32.0,31.0,3.3593,3.3593,80.70K,37.73K,156.48,93.5,6.81B,No,116.97,117.03,122.83,117.36,115.85,499
2590,SOBHA.NS,1333.7,1342.1,55.79K,Finance,Real Estate Development,28.0,14.0,36.0,29.0,33.7,33.6072,170.69K,84.20K,1732.0,1130.0,142.64B,No,1381.77,1396.13,1429.9,1398.32,1383.65,499
2591,PLATIND.NS,220.59,215.49,101.42K,Process Industries,Chemicals: Major Diversified,28.0,35.0,17.0,36.0,8.6879,8.4036,95.53K,79.84K,342.4,183.5,12.50B,No,228.61,226.8,234.0,225.66,223.81,500
2592,NEWGEN.NS,535.2,555.1,1175.81K,Technology Services,Packaged Software,28.0,82.0,63.0,33.0,25.5643,24.7893,3609.32K,1987.33K,1041.95,401.05,75.65B,No,543.67,508.99,610.83,511.08,495.0,499
2593,MANORG.NS,450.05,449.9,22.21K,Process Industries,Chemicals: Specialty,28.0,5.0,6.0,29.0,20.0393,17.1821,7.05K,9.20K,637.85,356.25,3.85B,No,509.9,516.13,483.89,513.06,475.48,498
2594,KEYCORP.BO,73.65,77.32,2.00K,Finance,Finance/Rental/Leasing,28.0,91.0,49.0,18.0,4.7136,4.7036,1.42K,2.01K,137.9,56.3,441.90M,No,74.13,66.85,75.34,67.32,72.58,497
2595,PANCHSHEEL.BO,117.1,119.05,3.32K,Health Technology,Pharmaceuticals: Major,28.0,27.0,43.0,58.0,5.1429,4.9071,10.09K,9.60K,176.0,86.1,1.54B,No,116.96,118.93,121.2,117.79,116.23,496
2596,GILLETTE.NS,7589.5,7641.5,9.84K,Consumer Non-Durables,Household/Personal Care,28.0,36.0,35.0,19.0,146.4643,146.0714,25.20K,25.75K,10740.0,7206.0,247.31B,No,7756.95,7749.86,8068.41,7726.45,7947.78,500
2597,ZODIACLOTH.NS,77.13,77.25,8.03K,Consumer Non-Durables,Apparel/Footwear,28.0,48.0,38.0,33.0,2.26,2.2086,13.97K,2.99K,119.45,58.5,2.12B,No,76.91,77.68,80.96,78.0,76.94,498
2598,JAINEX.BO,124.85,122.7,1.28K,Consumer Durables,Tools & Hardware,28.0,79.0,51.0,42.0,12.8286,12.2214,0.59K,0.92K,210.25,95.55,280.23M,No,121.71,120.32,129.55,121.75,120.04,497
2599,BALAJITELE.NS,91.0,90.76,153.23K,Consumer Services,Movies/Entertainment,28.0,47.0,5.0,55.0,3.195,3.1157,460.02K,162.46K,141.32,69.52,11.09B,No,86.05,87.5,97.89,88.28,92.27,499
2600,DIVSHKT.BO,48.68,49.0,4.20K,Non-Energy Minerals,Construction Materials,28.0,29.0,33.0,36.0,3.0107,3.0093,2.10K,1.23K,68.9,44.5,499.89M,No,49.92,49.11,51.73,49.23,49.79,497
2601,PSB.NS,23.73,23.74,1372.28K,Finance,Major Banks,28.0,35.0,40.0,20.0,0.5343,0.4964,1584.90K,1168.86K,32.46,20.5,168.38B,No,24.03,24.27,26.03,24.25,24.69,499
2602,VBDESAI.BO,18.57,18.45,0.23K,Commercial Services,Miscellaneous Commercial Services,28.0,85.0,62.0,41.0,1.3479,1.1093,0.85K,0.91K,32.85,11.6,84.08M,No,18.15,17.5,19.68,17.99,17.81,497
2603,UFO.NS,68.68,67.66,29.85K,Consumer Services,Movies/Entertainment,28.0,40.0,33.0,29.0,2.3807,2.3629,58.85K,40.59K,92.97,53.75,2.67B,No,67.64,70.35,73.65,69.58,70.5,499
2604,SHRJAGP.BO,597.55,585.25,0.36K,Process Industries,Textiles,28.0,54.0,57.0,39.0,13.7679,13.5857,0.81K,0.54K,997.3,501.0,5.23B,No,580.49,578.62,629.23,579.58,590.35,497
2605,GKL.BO,27.77,28.02,6.82K,Consumer Durables,Other Consumer Specialties,28.0,1.0,1.0,3.0,2.1029,2.0479,39.05K,23.90K,49.49,19.0,417.65M,No,29.71,33.53,35.69,33.02,37.48,497
2606,GEMAROMA.NS,170.59,181.45,152.61K,Process Industries,Chemicals: Major Diversified,28.0,3.0,57.0,48.0,8.9471,8.7329,443.42K,93.24K,349.6,133.0,8.91B,No,184.01,183.34,174.49,183.9,174.9,240
2607,UML.BO,55.1,57.5,4.00K,Retail Trade,Electronics/Appliance Stores,28.0,77.0,72.0,43.0,1.8314,1.1671,14.00K,10.80K,121.0,41.75,783.52M,No,53.16,51.65,62.45,51.75,54.67,254
2608,DCAL.NS,191.15,193.43,232.77K,Health Technology,Pharmaceuticals: Major,28.0,44.0,56.0,20.0,6.8471,6.7621,554.94K,181.04K,321.95,128.5,29.97B,No,188.82,185.22,203.84,186.39,182.15,499
2609,TCIIND.BO,1260.35,1296.0,0.02K,Finance,Real Estate Development,28.0,34.0,16.0,19.0,20.5464,14.0393,0.06K,0.03K,1601.0,1225.0,1.13B,No,1293.08,1366.73,1410.94,1360.61,1393.75,498
2610,KREBSBIO.NS,54.79,56.0,0.79K,Health Technology,Pharmaceuticals: Major,27.0,31.0,29.0,35.0,3.1071,2.9386,9.61K,7.35K,82.49,38.33,1.18B,No,54.31,58.96,60.95,58.02,57.66,498
2611,NDMETAL.BO,75.5,75.99,0.00K,Producer Manufacturing,Electrical Products,27.0,50.0,50.0,15.0,0.035,0.0,0.00K,0.00K,99.55,75.0,187.24M,No,75.97,75.89,82.76,75.87,80.54,496
2612,CONTAINE.BO,26.18,27.55,1.00K,Electronic Technology,Electronic Production Equipment,27.0,88.0,3.0,89.0,0.705,0.3193,4.74K,1.30K,48.85,12.62,183.10M,No,26.94,23.91,24.97,24.21,21.93,495
2613,GUJCRED.BO,22.42,22.42,0.02K,Finance,Real Estate Development,27.0,57.0,14.0,28.0,0.5807,0.3943,0.71K,0.26K,33.93,20.85,560.50M,No,23.03,23.07,25.85,23.09,24.84,499
2614,BIKAJI.NS,609.6,619.85,122.44K,Consumer Non-Durables,Food: Specialty/Candy,27.0,26.0,29.0,27.0,14.9,14.9,154.99K,119.80K,818.7,592.55,152.85B,No,635.68,646.3,669.75,642.4,644.09,499
2615,HONDAPOWER.NS,2103.0,2107.3999,1.80K,Producer Manufacturing,Electrical Products,27.0,48.0,31.0,42.0,44.5571,43.45,5.36K,4.32K,3216.0,1816.6,21.33B,No,2104.27,2154.17,2236.14,2137.04,2154.58,498
2616,ROSSARI.NS,505.4,504.9,40.91K,Process Industries,Chemicals: Specialty,27.0,36.0,35.0,32.0,14.9,14.5,110.63K,72.68K,690.3,375.0,28.00B,No,513.05,519.42,530.53,519.37,502.21,499
2617,BELDING.BO,901.1,918.7,12.86K,Producer Manufacturing,Metal Fabrication,27.0,0.0,2.0,0.0,54.1821,54.1821,31.24K,41.58K,2400.0,446.8,13.05B,No,992.79,1237.18,1520.77,1196.46,1500.48,498
2618,EXHICON.BO,458.0,472.9,26.25K,Commercial Services,Miscellaneous Commercial Services,27.0,10.0,26.0,24.0,16.0821,15.6393,26.57K,15.07K,595.0,390.0,6.76B,No,502.84,478.58,498.69,483.28,485.45,497
2619,HARLETH.BO,60.12,61.59,1.37K,Process Industries,Chemicals: Major Diversified,27.0,40.0,10.0,37.0,3.1579,3.105,1.00K,0.84K,88.8,50.15,295.10M,No,62.6,63.59,63.92,62.74,62.01,497
2620,SPL.BO,24.08,22.9,17.60K,Process Industries,Containers/Packaging,27.0,71.0,78.0,11.0,1.2557,1.0421,27.25K,28.00K,46.4,15.75,468.79M,No,22.73,22.69,25.57,22.85,22.96,498
2621,DUTRON.BO,101.7,101.7,0.05K,Producer Manufacturing,Miscellaneous Manufacturing,27.0,48.0,42.0,40.0,1.7607,1.5607,0.13K,0.25K,128.95,94.6,610.20M,No,102.02,102.8,107.91,102.74,106.02,497
2622,ELECON.NS,441.45,436.4,486.75K,Producer Manufacturing,Electrical Products,27.0,7.0,9.0,55.0,14.0821,13.175,625.52K,447.08K,634.9,352.0,99.06B,No,435.87,490.22,470.88,481.97,457.54,500
2623,SHRADDHA.BO,152.1,152.1,0.77K,Electronic Technology,Electronic Equipment/Instruments,27.0,67.0,33.0,18.0,8.0643,8.0143,24.14K,5.91K,258.9,139.8,6.14B,No,155.16,156.19,177.99,155.69,163.38,497
2624,PRAENG.NS,19.86,19.86,25.09K,Consumer Durables,Homebuilding,27.0,58.0,14.0,23.0,1.4164,1.3986,57.83K,44.21K,33.88,17.0,1.39B,No,20.44,20.5,23.47,20.47,21.3,497
2625,GPAPL.BO,70.57,74.0,8.00K,Consumer Non-Durables,Food: Specialty/Candy,27.0,21.0,14.0,17.0,3.17,1.84,14.07K,11.36K,99.54,61.1,724.19M,No,74.53,76.28,82.29,75.61,78.75,212
2626,MUTHOOTFIN.NS,2876.3,2915.8999,821.89K,Finance,Finance/Rental/Leasing,27.0,23.0,12.0,12.0,94.4643,75.3928,1097.35K,1795.24K,4149.5,2476.6,1154.74B,No,2970.09,3028.31,3422.28,3024.03,3300.33,500
2627,MURUDCERA.NS,31.8,31.79,36.31K,Producer Manufacturing,Building Products,27.0,61.0,39.0,34.0,1.1136,1.1129,27.14K,16.35K,47.5,25.16,1.93B,No,30.91,31.45,33.49,31.45,31.86,498
2628,MHLXMIRU.NS,171.42,155.84,147.57K,Process Industries,Industrial Specialties,27.0,90.0,32.0,15.0,6.7621,6.1221,81.35K,26.67K,244.65,105.53,1.82B,No,146.01,149.98,182.71,150.05,169.55,497
2629,AMJLAND.NS,39.38,40.73,10.35K,Finance,Real Estate Development,27.0,68.0,38.0,35.0,1.7264,1.7107,12.16K,19.09K,61.0,30.3,1.61B,No,38.34,37.99,43.13,38.38,39.19,498
2630,ADINATH.BO,21.0,20.16,1.16K,Process Industries,Textiles,27.0,47.0,30.0,52.0,1.1093,1.0079,1.26K,0.66K,31.61,15.46,143.10M,No,20.65,21.0,22.04,20.9,20.76,497
2631,HCC.NS,20.04,20.05,18170.83K,Industrial Services,Engineering & Construction,27.0,6.0,19.0,46.0,0.6707,0.6471,36136.85K,19206.30K,30.0,13.65,52.49B,No,21.5,23.48,21.0,23.17,20.42,500
2632,LYKALABS.NS,66.8,68.0,2.90K,Health Technology,Pharmaceuticals: Other,27.0,36.0,56.0,30.0,2.9907,2.7664,44.38K,25.60K,106.04,44.1,2.42B,No,65.87,67.88,69.54,67.44,63.3,497
2633,BONLON.NS,41.05,40.6,2.06K,Producer Manufacturing,Electrical Products,27.0,37.0,5.0,,2.5729,2.5729,12.76K,5.63K,57.0,34.51,672.54M,No,41.21,42.18,,42.23,,117
2634,CSLFINANCE.NS,224.18,224.21,24.97K,Finance,Investment Banks/Brokers,27.0,43.0,41.0,16.0,7.2021,7.0707,26.29K,17.86K,324.7,209.7,5.04B,No,215.97,221.56,253.31,221.01,236.81,498
2635,SELMC.NS,27.49,27.57,1.22K,Process Industries,Textiles,27.0,34.0,27.0,33.0,1.2071,1.2036,7.60K,6.65K,43.36,26.0,912.10M,No,27.89,28.81,30.51,28.63,29.74,498
2636,YAASHVI.BO,76.85,76.2,11.20K,Consumer Durables,Other Consumer Specialties,27.0,28.0,,,5.0436,4.6386,179.66K,111.20K,104.8,63.0,1.35B,No,74.13,82.62,,80.88,,52
2637,KRATIKAL.BO,161.0,160.3,10.00K,Technology Services,Packaged Software,27.0,22.0,,,5.7071,5.2964,125.16K,34.50K,199.0,153.05,1.79B,No,164.82,,,,,27
2638,TIPSFILMS.NS,362.0,375.75,13.25K,Consumer Services,Movies/Entertainment,27.0,76.0,37.0,50.0,29.45,27.4393,17.77K,39.36K,574.1,276.75,1.56B,No,366.84,351.28,374.53,355.04,358.29,498
2639,ARYAMAN.BO,583.0,583.0,0.04K,Finance,Investment Banks/Brokers,27.0,38.0,44.0,22.0,18.5321,15.1893,0.40K,0.45K,1100.0,480.0,7.14B,No,586.15,589.27,639.06,590.92,611.42,497
2640,PRAJIND.NS,324.35,329.9,296.37K,Industrial Services,Engineering & Construction,27.0,16.0,11.0,62.0,9.9,9.3679,955.27K,964.66K,433.0,273.0,59.62B,No,323.83,339.14,335.08,336.25,336.61,500
2641,RFL.BO,131.25,125.05,0.20K,Finance,Finance/Rental/Leasing,27.0,6.0,35.0,15.0,7.6714,6.8286,0.08K,0.10K,195.0,96.05,404.51M,No,127.79,138.28,136.38,135.42,132.92,496
2642,ICRA.NS,5131.5,5069.3999,18.12K,Commercial Services,Financial Publishing/Services,27.0,43.0,38.0,14.0,149.7357,148.3071,23.98K,57.15K,6982.0,4692.0,49.39B,No,5026.54,5144.04,5626.37,5152.79,5376.85,498
2643,RAMCOCEM.NS,918.55,934.05,210.44K,Non-Energy Minerals,Construction Materials,27.0,47.0,42.0,13.0,26.95,26.3321,222.65K,314.82K,1214.5,838.3,217.05B,No,926.11,912.08,993.36,917.66,972.51,498
2644,HINDADH.BO,273.75,275.7,1.53K,Process Industries,Industrial Specialties,27.0,66.0,19.0,31.0,12.4321,11.7607,1.55K,1.20K,359.0,247.6,1.40B,No,265.2,279.31,301.01,278.12,293.88,495
2645,NSDL.BO,812.6,816.1,344.00K,Finance,Savings Banks,27.0,36.0,35.0,16.0,8.1357,7.8143,559.50K,380.81K,1382.0,788.0,162.52B,No,821.9,843.39,942.23,843.55,875.97,251
2646,KGPETRO.BO,185.0,193.45,0.00K,Process Industries,Textiles,27.0,66.0,46.0,28.0,2.3,1.3714,0.01K,0.04K,284.7,167.05,965.88M,No,179.52,177.26,208.18,177.32,198.21,497
2647,BAYERCROP.NS,4114.6,4116.1001,33.61K,Process Industries,Chemicals: Agricultural,27.0,48.0,26.0,27.0,71.0142,67.4357,36.92K,25.29K,5706.0,4030.0,184.92B,No,4236.59,4213.19,4484.36,4194.67,4466.08,500
2648,CHOLAHLDNG.NS,1550.7,1610.6,211.41K,Finance,Finance/Rental/Leasing,26.0,22.0,21.0,30.0,58.2357,56.3072,183.09K,274.36K,2064.0,1305.0,291.19B,No,1559.04,1577.48,1680.38,1589.07,1587.33,500
2649,ROSEMER.BO,62.31,62.22,0.16K,Producer Manufacturing,Industrial Machinery,26.0,46.0,42.0,16.0,4.5764,4.0757,6.82K,11.01K,91.0,54.0,427.27M,No,65.12,64.63,67.5,63.77,66.71,496
2650,JUNGLECAMP.BO,47.0,47.0,6.40K,Consumer Services,Hotels/Resorts/Cruise Lines,26.0,29.0,21.0,49.0,1.205,0.62,6.04K,4.32K,64.35,39.4,728.43M,No,46.76,48.3,49.44,48.16,48.12,410
2651,TCS.NS,2349.7,2445.7,7019.79K,Technology Services,Information Technology Services,26.0,84.0,48.0,7.0,76.6571,67.2714,5011.88K,3637.20K,3350.0,1976.8,,No,2348.94,2214.89,2660.43,2223.49,2436.27,500
2652,ELIXIR.BO,97.95,107.85,18.30K,Finance,Investment Banks/Brokers,26.0,4.0,12.0,27.0,10.7464,10.6893,1.78K,4.38K,143.8,78.1,569.33M,No,115.33,115.4,106.69,114.53,107.83,497
2653,EPBIO.BO,94.55,94.55,1.00K,Producer Manufacturing,Industrial Machinery,26.0,51.0,39.0,34.0,5.5921,3.4179,0.65K,0.55K,139.0,75.5,158.99M,No,102.71,100.13,100.43,100.19,98.49,496
2654,HISARMETAL.NS,149.4,155.38,9.66K,Non-Energy Minerals,Steel,26.0,37.0,43.0,30.0,6.8693,6.4086,1.83K,2.96K,197.88,124.99,806.76M,No,150.45,152.67,158.89,152.44,153.23,498
2655,PWASML.BO,22.85,23.0,3.23K,Process Industries,Textiles,26.0,55.0,31.0,27.0,1.6171,1.58,2.16K,0.95K,33.4,17.86,234.44M,No,22.56,22.92,24.5,22.75,23.18,496
2656,DOLATALGO.NS,69.81,70.18,79.16K,Finance,Investment Banks/Brokers,26.0,40.0,24.0,25.0,2.1307,2.1243,147.02K,149.38K,95.76,64.96,12.29B,No,68.89,71.68,76.67,71.69,74.39,499
2657,BOMBCYC.BO,1535.0,1541.0,0.03K,Consumer Services,Other Consumer Services,26.0,37.0,18.0,26.0,44.4786,26.2714,0.05K,0.03K,2090.0,1512.0,614.00M,No,1559.64,1577.62,1687.34,1566.84,1648.44,493
2658,OMINFRAL.NS,88.29,86.26,102.48K,Industrial Services,Engineering & Construction,26.0,36.0,28.0,59.0,3.5371,3.2664,147.10K,234.83K,144.0,71.5,8.50B,No,88.35,87.56,92.26,87.84,87.32,498
2659,IGL.NS,154.54,153.07,989.39K,Utilities,Gas Distributors,26.0,56.0,35.0,22.0,2.6814,2.65,2966.93K,927.59K,223.5,141.74,216.36B,No,152.69,158.02,172.08,157.05,160.98,500
2660,VOITHPAPR.BO,1503.4,1504.0,0.20K,Process Industries,Textiles,26.0,63.0,36.0,40.0,48.2786,46.8286,0.45K,0.62K,2065.0,1350.0,6.60B,No,1471.1,1479.32,1601.31,1476.62,1523.29,497
2661,NELCAST.NS,119.7,121.95,189.91K,Non-Energy Minerals,Steel,26.0,11.0,6.0,76.0,5.4271,5.4186,364.73K,136.97K,174.1,85.98,10.44B,No,125.31,132.95,121.91,132.14,127.63,499
2662,RHIM.NS,385.9,415.55,5127.12K,Producer Manufacturing,Miscellaneous Manufacturing,26.0,30.0,38.0,24.0,15.4786,15.4643,1967.29K,619.45K,515.55,323.05,79.69B,No,404.49,392.5,418.59,392.78,399.73,498
2663,ELCIDIN.NS,112500.0,112150.0,0.03K,Finance,Financial Conglomerates,26.0,46.0,29.0,,3392.5,3392.5,0.01K,0.02K,137000.0,105505.0,,No,111377.75,113816.7,,113435.5,,80
2664,EARKART.BO,139.95,139.95,1.00K,Health Technology,Medical Specialties,26.0,9.0,51.0,21.0,1.7143,0.3536,2.26K,0.20K,265.95,104.35,1.92B,No,148.79,142.18,156.81,144.87,142.45,211
2665,AASHKA.BO,72.0,72.0,6.00K,Health Services,Hospital/Nursing Management,26.0,12.0,43.0,38.0,3.3486,2.5057,2.38K,2.70K,99.5,59.0,1.68B,No,76.21,77.6,78.32,77.61,74.5,494
2666,IDENTIXWEB.BO,60.2,61.65,4.00K,Technology Services,Packaged Software,26.0,6.0,15.0,16.0,0.4729,0.0929,2.45K,0.40K,101.0,58.05,628.58M,No,64.05,66.22,71.03,65.34,71.91,336
2667,INTRGLB.BO,63.1,70.0,0.45K,Finance,Finance/Rental/Leasing,26.0,6.0,25.0,25.0,4.2193,3.2971,1.65K,0.57K,112.87,45.6,855.91M,No,64.15,66.33,70.92,66.27,63.57,497
2668,BRIGHOTEL.NS,59.41,59.8,45.89K,Consumer Services,Hotels/Resorts/Cruise Lines,26.0,21.0,34.0,36.0,1.6807,1.6664,100.63K,133.39K,91.77,54.36,22.57B,No,60.74,62.5,65.78,62.02,61.73,256
2669,ACTIVE.BO,107.2,113.15,31.62K,Consumer Non-Durables,Apparel/Footwear,26.0,16.0,6.0,45.0,4.4643,4.4071,10.06K,2.44K,156.0,86.0,1.66B,No,115.83,121.05,115.24,119.27,117.79,497
2670,ACI.NS,506.05,513.55,117.90K,Process Industries,Chemicals: Major Diversified,26.0,32.0,14.0,20.0,17.525,17.3179,268.06K,311.25K,727.6,483.0,62.48B,No,543.29,534.9,559.52,530.4,560.03,499
2671,SOURCENTRL.BO,110.05,108.45,1.63K,Health Technology,Pharmaceuticals: Other,26.0,30.0,28.0,10.0,6.9107,6.7179,2.71K,2.70K,170.0,96.55,708.38M,No,109.8,110.01,125.08,110.83,118.97,497
2672,UBL.NS,1388.3,1400.0,54.95K,Consumer Non-Durables,Beverages: Alcoholic,26.0,65.0,47.0,31.0,34.5572,32.4286,151.38K,120.39K,1935.6,1276.0,367.07B,No,1405.07,1365.48,1518.41,1364.4,1451.98,500
2673,SWIGGY.NS,279.35,280.5,6981.31K,Transportation,Air Freight/Couriers,26.0,46.0,51.0,24.0,13.2507,12.6321,17453.23K,30697.52K,474.0,235.75,731.90B,No,276.96,262.63,312.47,263.95,278.62,435
2674,PINELABS.NS,169.93,167.58,19957.85K,Technology Services,Packaged Software,26.0,88.0,20.0,9.0,8.2971,8.1429,26570.66K,34924.98K,284.0,134.73,196.08B,No,151.78,151.84,,152.65,172.07,187
2675,AIKPIPES.BO,28.75,30.26,4.00K,Producer Manufacturing,Miscellaneous Manufacturing,26.0,94.0,66.0,75.0,1.3379,0.8564,3.15K,4.00K,69.46,19.02,182.94M,No,26.25,24.06,28.58,24.48,25.2,499
2676,TREJHARA.NS,162.07,165.54,18.90K,Technology Services,Information Technology Services,26.0,89.0,35.0,16.0,8.3021,7.5564,31.62K,78.39K,284.85,128.4,3.91B,No,145.9,142.29,184.18,145.09,161.24,498
2677,JINDCAP.BO,31.5,30.98,4.73K,Miscellaneous,Investment Trusts,26.0,36.0,32.0,24.0,2.0286,2.0164,2.53K,4.88K,49.0,26.18,227.06M,No,31.09,31.89,34.0,31.62,32.83,497
2678,HARIKANTA.BO,66.35,69.85,1.20K,Process Industries,Textiles,26.0,2.0,,,3.9543,3.1786,89.19K,21.48K,91.84,57.62,654.59M,No,74.08,75.16,,73.93,,52
2679,ABHICAP.BO,108.4,108.9,0.01K,Finance,Finance/Rental/Leasing,26.0,55.0,29.0,30.0,7.025,6.1179,0.23K,0.20K,157.0,91.0,750.63M,No,108.09,108.64,117.12,107.87,115.99,499
2680,ICDSLTD.NS,39.62,40.7,0.25K,Finance,Finance/Rental/Leasing,26.0,44.0,16.0,44.0,2.5957,2.4821,0.84K,1.84K,62.32,36.4,516.12M,No,40.59,41.4,43.68,41.31,43.2,498
2681,BALUFORGE.NS,463.0,459.0,1012.74K,Producer Manufacturing,Trucks/Construction/Farm Machinery,26.0,58.0,15.0,59.0,14.125,13.9429,642.41K,618.84K,697.0,341.05,53.24B,No,445.95,452.2,502.1,453.73,462.07,500
2682,STARLOG.BO,39.0,38.91,1.56K,Transportation,Other Transportation,26.0,57.0,39.0,58.0,3.2179,3.2114,1.87K,2.55K,66.99,32.07,583.71M,No,39.35,38.34,39.79,38.58,38.68,497
2683,WALLFORT.BO,79.71,76.0,1.25K,Finance,Investment Banks/Brokers,26.0,54.0,59.0,37.0,7.0879,6.9157,2.22K,2.97K,137.9,55.55,772.17M,No,79.11,78.49,81.31,78.29,76.49,497
2684,DPWIRES.NS,166.79,166.92,8.37K,Producer Manufacturing,Metal Fabrication,26.0,18.0,30.0,44.0,5.4893,5.4893,37.20K,5.42K,306.95,125.02,2.59B,No,168.05,178.39,182.17,176.93,169.52,498
2685,ORICONENT.NS,52.66,52.91,21.50K,Producer Manufacturing,Miscellaneous Manufacturing,25.0,30.0,12.0,12.0,2.0571,2.0557,91.05K,26.69K,73.12,48.81,8.32B,No,54.92,55.96,60.86,55.87,62.07,499
2686,MIDWESTLTD.NS,1112.4,1174.1,91.76K,Non-Energy Minerals,Construction Materials,25.0,4.0,11.0,13.0,37.6429,37.5714,23.91K,8.74K,1859.9,1048.5,40.23B,No,1220.96,1260.31,1318.11,1248.75,1275.48,200
2687,CENTRALBK.NS,31.28,31.19,8873.82K,Finance,Major Banks,25.0,43.0,19.0,17.0,0.4329,0.4057,14409.18K,4788.88K,40.92,29.32,283.13B,No,31.36,31.79,35.31,31.78,34.13,500
2688,MODIPON.BO,35.31,33.63,0.63K,Finance,Real Estate Development,25.0,19.0,2.0,45.0,0.9143,0.6564,0.32K,0.05K,65.77,29.26,408.77M,No,32.14,39.81,39.21,38.87,39.15,496
2689,COMRADE.BO,42.38,43.24,4.00K,Producer Manufacturing,Industrial Machinery,25.0,98.0,85.0,31.0,1.1179,0.405,5.24K,2.30K,112.0,20.54,329.67M,No,40.64,32.64,46.89,33.51,36.64,498
2690,ANUP.NS,1870.1,1907.9,17.65K,Producer Manufacturing,Industrial Machinery,25.0,8.0,20.0,48.0,95.9142,92.9857,52.94K,98.57K,2576.0,1422.3,37.46B,No,2086.6,2120.67,2036.85,2115.19,1930.35,499
2691,TYROON.BO,86.71,94.19,0.46K,Process Industries,Agricultural Commodities/Milling,25.0,30.0,30.0,31.0,4.1114,3.9307,0.23K,0.18K,117.0,73.65,295.00M,No,87.94,88.47,91.94,87.9,89.12,498
2692,IREDA.NS,117.8,118.7,4338.96K,Finance,Finance/Rental/Leasing,25.0,33.0,22.0,27.0,2.365,2.1914,6153.41K,6460.71K,163.35,108.65,330.93B,No,120.38,123.24,130.01,123.1,124.8,500
2693,MANSIFIN.BO,62.0,62.0,0.10K,Finance,Finance/Rental/Leasing,25.0,60.0,21.0,21.0,1.7121,1.3079,0.36K,0.07K,111.95,56.01,219.16M,No,61.5,60.89,70.24,60.6,67.63,496
2694,MADHAV.NS,34.27,34.84,2.21K,Non-Energy Minerals,Construction Materials,25.0,22.0,23.0,32.0,1.6486,1.5793,4.14K,2.13K,49.95,29.0,306.61M,No,34.57,35.94,37.92,35.67,36.22,497
2695,VRUDDHI.BO,190.0,195.0,0.50K,Non-Energy Minerals,Steel,25.0,8.0,24.0,57.0,5.7714,3.5571,1.42K,2.05K,249.0,144.0,479.48M,No,223.09,223.63,216.51,218.31,211.17,498
2696,STANBIK.BO,27.9,27.9,4.00K,Distribution Services,Food Distributors,25.0,12.0,31.0,16.0,0.1857,0.0,3.03K,0.40K,39.4,27.2,371.76M,No,29.56,31.34,,30.75,31.68,157
2697,ANIRITPP.BO,23.73,23.73,16.71K,Process Industries,Textiles,25.0,22.0,12.0,42.0,0.2514,0.1886,1.43K,6.56K,31.85,16.96,427.14M,No,22.56,25.46,,24.67,24.53,141
2698,JAICORPLTD.NS,104.15,102.67,524.90K,Process Industries,Containers/Packaging,25.0,28.0,21.0,29.0,2.4829,2.3286,426.07K,258.99K,178.24,88.0,18.28B,No,103.41,109.91,118.55,109.46,109.53,500
2699,AGRITECH.NS,107.84,108.98,2.98K,Process Industries,Agricultural Commodities/Milling,25.0,29.0,43.0,9.0,4.095,4.0829,17.14K,3.06K,187.19,92.52,640.57M,No,110.43,114.6,123.1,112.59,116.05,498
2700,VIRATCRA.BO,34.21,33.69,1.67K,Consumer Non-Durables,Tobacco,25.0,11.0,14.0,41.0,2.0857,1.8914,3.04K,3.94K,49.4,27.0,698.70M,No,36.47,36.76,36.87,36.58,35.1,497
2701,IXIGO.NS,178.37,183.5,465.89K,Technology Services,Internet Software/Services,25.0,8.0,63.0,17.0,9.1821,8.8043,1808.05K,1356.67K,339.15,151.27,78.67B,No,192.67,191.23,205.61,192.42,182.31,500
2702,BBTC.NS,1490.9,1490.4,17.92K,Consumer Non-Durables,Food: Major Diversified,25.0,42.0,41.0,18.0,29.8643,29.5643,36.25K,35.05K,2135.0,1314.6,104.02B,No,1495.39,1516.46,1656.06,1513.5,1557.42,500
2703,INTLCONV.NS,73.12,74.33,48.43K,Producer Manufacturing,Miscellaneous Manufacturing,25.0,19.0,26.0,29.0,2.8036,2.7979,55.05K,62.21K,114.54,60.0,4.66B,No,75.61,78.66,81.16,77.91,76.98,498
2704,MVGJL.NS,155.89,162.21,79.30K,Retail Trade,Specialty Stores,25.0,42.0,20.0,27.0,7.86,7.5914,71.26K,65.14K,214.79,129.1,7.61B,No,163.97,155.67,168.8,154.99,159.32,497
2705,NICCOPAR.BO,72.52,74.0,0.75K,Consumer Services,Movies/Entertainment,25.0,14.0,35.0,40.0,3.0736,2.7607,3.29K,1.01K,115.05,59.0,3.39B,No,73.39,75.4,76.98,75.34,72.22,492
2706,BLAL.NS,170.9,171.76,15.58K,Finance,Investment Managers,25.0,20.0,13.0,23.0,4.1721,4.0936,21.83K,20.16K,233.8,155.5,7.12B,No,175.65,180.52,189.95,179.77,183.02,500
2707,ALEMBICLTD.NS,84.79,86.73,341.00K,Health Technology,Pharmaceuticals: Major,25.0,28.0,26.0,26.0,2.2493,2.0371,290.95K,298.48K,109.91,70.46,21.77B,No,88.45,89.24,92.3,88.84,88.66,500
2708,MADRASFERT.NS,65.49,66.86,29.42K,Process Industries,Chemicals: Agricultural,25.0,36.0,38.0,22.0,1.4321,1.4314,107.78K,48.11K,96.39,52.56,10.55B,No,67.04,68.21,71.08,68.02,67.49,497
2709,INTELLECT.NS,703.25,723.65,417.53K,Technology Services,Packaged Software,25.0,25.0,22.0,16.0,26.7071,26.3893,521.24K,779.97K,1244.6,595.2,97.98B,No,733.2,743.55,820.65,741.92,726.92,500
2710,WEWIN.NS,46.2,45.54,2.23K,Commercial Services,Miscellaneous Commercial Services,25.0,36.0,2.0,49.0,1.9636,1.7879,3.90K,1.32K,78.0,35.38,469.44M,No,45.83,48.17,48.41,47.47,48.79,499
2711,AWL.NS,194.24,192.86,1428.43K,Process Industries,Agricultural Commodities/Milling,25.0,66.0,37.0,25.0,4.6957,4.595,3227.71K,3471.47K,282.9,171.19,250.92B,No,191.03,188.79,209.7,189.63,192.51,500
2712,AVAILFC.BO,135.85,134.55,4.37K,Finance,Finance/Rental/Leasing,25.0,13.0,19.0,27.0,5.3286,5.2107,3.04K,3.29K,176.85,122.15,1.39B,No,142.11,148.68,150.44,146.93,147.23,497
2713,EIHOTEL.NS,298.5,302.35,142.12K,Consumer Services,Hotels/Resorts/Cruise Lines,25.0,15.0,25.0,25.0,8.35,7.85,221.82K,267.96K,434.8,271.15,186.67B,No,325.09,320.61,334.99,320.01,317.42,500
2714,OLYMPTX.BO,28.55,30.67,1.31K,Process Industries,Textiles,25.0,29.0,17.0,25.0,3.0036,2.9543,1.18K,1.11K,41.85,26.0,171.97M,No,29.64,29.78,31.64,29.83,30.27,496
2715,PTC.NS,165.41,171.95,2675.51K,Utilities,Electric Utilities,25.0,41.0,6.0,36.0,7.8493,5.2157,1727.67K,5449.55K,229.51,149.59,48.96B,No,175.32,179.35,174.11,177.91,178.59,499
2716,UVS.BO,94.56,96.25,45.17K,Distribution Services,Wholesale Distributors,25.0,45.0,75.0,37.0,7.465,7.3329,16.70K,15.42K,161.95,72.55,3.61B,No,88.94,92.61,103.18,92.51,94.11,497
2717,NIRAJ.NS,29.19,29.03,35.08K,Industrial Services,Engineering & Construction,25.0,45.0,15.0,30.0,0.9729,0.9636,32.91K,51.07K,52.0,20.15,1.74B,No,29.04,29.51,31.24,29.77,29.3,498
2718,VSTTILLERS.NS,4441.5,4465.5,4.69K,Producer Manufacturing,Trucks/Construction/Farm Machinery,25.0,36.0,19.0,10.0,96.2928,95.5071,10.88K,12.35K,6374.0,4275.0,38.43B,No,4466.53,4517.43,5233.97,4507.48,4988.68,499
2719,ASHISHPO.BO,28.68,27.89,1.63K,Producer Manufacturing,Miscellaneous Manufacturing,25.0,30.0,39.0,18.0,2.1157,2.0079,1.89K,4.24K,46.0,26.15,97.44M,No,28.97,29.03,31.27,29.18,30.33,497
2720,THEINVEST.NS,97.23,96.74,4.48K,Finance,Investment Banks/Brokers,25.0,37.0,10.0,36.0,3.6929,3.6029,12.03K,6.99K,164.8,89.0,5.08B,No,97.78,97.54,107.42,97.9,100.31,498
2721,SUGALDAM.BO,63.01,65.32,0.77K,Commercial Services,Miscellaneous Commercial Services,24.0,67.0,39.0,31.0,4.0107,3.9921,1.55K,3.35K,117.7,51.25,393.81M,No,62.83,61.35,66.19,61.47,62.8,497
2722,GUJPETR.BO,52.87,55.77,8.02K,Process Industries,Chemicals: Specialty,24.0,17.0,21.0,22.0,2.4886,2.0629,1.26K,0.58K,81.51,50.0,315.59M,No,54.77,56.24,58.95,55.89,58.06,495
2723,DONEAR.NS,85.0,83.62,19.30K,Process Industries,Textiles,24.0,51.0,29.0,34.0,2.0993,2.0836,31.03K,13.65K,116.51,77.6,4.42B,No,84.61,86.8,91.32,86.55,88.59,499
2724,LIBERTSHOE.NS,240.4,245.3,22.86K,Consumer Non-Durables,Apparel/Footwear,24.0,9.0,38.0,38.0,9.1714,9.0536,82.48K,36.77K,404.95,210.5,4.10B,No,260.94,258.01,263.52,259.83,252.37,498
2725,BHARAT.BO,23.73,23.69,1.91K,Finance,Investment Banks/Brokers,24.0,34.0,30.0,20.0,1.4921,1.4793,2.56K,2.16K,36.18,18.9,160.43M,No,23.85,24.17,25.9,24.2,24.41,497
2726,PICCASUG.BO,35.68,35.14,3.73K,Process Industries,Agricultural Commodities/Milling,24.0,58.0,32.0,55.0,2.0486,2.0157,13.10K,3.36K,36.0,3.26,,No,34.37,34.96,38.11,34.66,35.61,496
2727,GUJHOTE.BO,183.15,184.55,2.69K,Consumer Services,Hotels/Resorts/Cruise Lines,24.0,33.0,39.0,27.0,7.9286,7.7857,1.35K,1.15K,318.9,165.5,693.68M,No,186.66,186.14,198.58,186.69,189.31,497
2728,JKIL.NS,491.35,497.6,37.16K,Industrial Services,Engineering & Construction,24.0,39.0,43.0,18.0,10.7571,10.625,96.94K,112.54K,685.4,425.0,37.18B,No,490.52,490.89,530.37,491.46,503.5,500
2729,GLOBUSSPR.NS,873.5,870.1,81.49K,Consumer Non-Durables,Beverages: Alcoholic,24.0,26.0,22.0,30.0,25.3536,25.0821,106.64K,96.09K,1264.5,800.05,25.40B,No,894.37,890.17,957.35,892.11,912.41,499
2730,STARCEMENT.NS,199.75,197.98,176.11K,Non-Energy Minerals,Construction Materials,24.0,37.0,16.0,25.0,3.7264,3.7107,304.29K,186.15K,308.95,195.91,80.74B,No,203.6,207.04,217.83,207.22,213.43,499
2731,HBPOR.BO,58.43,58.33,8.16K,Finance,Investment Banks/Brokers,24.0,70.0,30.0,43.0,3.3157,3.3121,1.32K,1.89K,88.0,49.0,628.95M,No,56.24,57.51,61.69,58.01,59.09,497
2732,COASTCORP.NS,41.65,42.32,92.74K,Transportation,Marine Shipping,24.0,5.0,2.0,24.0,3.2207,3.2057,177.56K,324.20K,66.7,30.01,2.79B,No,48.63,49.47,48.27,48.91,50.02,499
2733,SHIVATEX.NS,161.18,163.84,1.33K,Process Industries,Textiles,24.0,56.0,31.0,36.0,7.015,7.0064,6.16K,7.17K,217.92,126.06,2.21B,No,157.5,152.46,163.73,154.06,156.59,498
2734,ZENIFIB.BO,52.5,51.05,0.04K,Process Industries,Textiles,24.0,41.0,45.0,33.0,2.0886,1.7864,2.69K,1.20K,72.97,45.0,207.07M,No,52.2,52.31,55.24,52.12,52.24,497
2735,AMCOIND.BO,65.48,69.0,1.10K,Producer Manufacturing,Industrial Machinery,24.0,68.0,36.0,21.0,5.2157,5.1086,2.13K,1.56K,104.99,56.5,269.12M,No,68.54,64.92,71.41,65.26,69.05,497
2736,BHARATCOAL.NS,33.78,33.86,3362.84K,Energy Minerals,Coal,24.0,14.0,56.0,19.0,0.5857,0.5664,32567.03K,5354.15K,45.09,29.74,,No,34.85,37.5,,37.05,35.96,142
2737,VPL.BO,35.0,37.79,12.00K,Process Industries,Agricultural Commodities/Milling,24.0,44.0,41.0,33.0,1.3579,1.0064,1.10K,2.16K,55.0,30.1,216.64M,No,33.5,33.65,37.16,33.85,34.41,497
2738,NFL.NS,71.92,71.95,346.98K,Process Industries,Chemicals: Agricultural,24.0,42.0,31.0,24.0,1.1457,1.0579,1045.56K,437.78K,102.97,63.35,35.28B,No,71.86,73.81,79.15,73.53,74.87,499
2739,PROTEAN.NS,558.6,563.7,114.86K,Technology Services,Information Technology Services,24.0,32.0,40.0,26.0,23.45,20.4964,458.38K,344.35K,945.5,444.0,22.69B,No,592.85,598.73,642.6,592.51,576.77,376
2740,KASTURI.BO,54.0,56.75,2.00K,Producer Manufacturing,Metal Fabrication,24.0,79.0,27.0,,2.6236,1.5107,13.32K,23.40K,73.8,44.2,561.34M,No,52.69,52.02,,53.14,,132
2741,SAMINDUS.BO,41.51,39.5,0.31K,Finance,Real Estate Development,24.0,27.0,47.0,22.0,2.5279,2.5121,0.50K,0.21K,68.7,35.1,460.28M,No,40.12,42.03,45.46,41.96,42.71,497
2742,MOIL.NS,280.55,279.45,1134.82K,Non-Energy Minerals,Other Metals/Minerals,24.0,63.0,25.0,16.0,9.175,8.9286,1052.07K,4227.77K,404.9,242.35,57.09B,No,276.01,280.79,312.29,279.98,297.35,500
2743,MEGRISOFT.BO,81.79,82.0,0.08K,Technology Services,Information Technology Services,24.0,34.0,56.0,16.0,4.9793,4.1943,0.46K,0.36K,120.0,59.05,256.88M,No,81.85,81.77,89.91,82.26,84.48,496
2744,SAKTHIFIN.BO,27.85,27.5,3.20K,Finance,Finance/Rental/Leasing,24.0,36.0,59.0,20.0,1.0571,1.0571,6.59K,3.27K,48.0,20.2,1.80B,No,27.98,28.12,30.84,28.21,26.84,497
2745,CHROME.BO,40.0,40.4,1.69K,Non-Energy Minerals,Other Metals/Minerals,24.0,61.0,39.0,28.0,3.6771,3.4971,1.85K,0.69K,57.7,36.72,655.77M,No,41.28,40.55,43.23,40.41,42.05,497
2746,JUBLPHARMA.NS,890.6,965.0,697.12K,Health Technology,Pharmaceuticals: Major,24.0,17.0,24.0,27.0,34.575,33.9536,128.57K,155.62K,1184.8,786.05,141.06B,No,964.23,969.29,982.22,958.66,931.27,499
2747,RELCHEMQ.NS,119.75,126.0,16.17K,Process Industries,Textiles,24.0,14.0,42.0,45.0,5.9207,5.8736,6.45K,2.32K,184.0,105.01,903.34M,No,127.44,130.4,129.81,131.42,124.17,498
2748,PFS.NS,28.83,28.76,583.86K,Finance,Finance/Rental/Leasing,24.0,24.0,34.0,23.0,0.7971,0.7321,596.76K,756.60K,40.69,23.85,18.52B,No,29.04,30.15,31.51,29.85,30.08,499
2749,SHALBY.NS,157.28,161.67,97.16K,Health Services,Hospital/Nursing Management,24.0,19.0,36.0,32.0,4.9621,4.8907,85.04K,70.24K,274.7,125.82,16.88B,No,162.73,167.67,175.4,166.14,160.42,500
2750,GILLANDERS.NS,90.21,91.6,2.20K,Consumer Non-Durables,Food: Major Diversified,24.0,51.0,16.0,45.0,4.6471,4.5986,6.80K,8.60K,131.89,76.0,1.93B,No,89.11,89.71,96.31,90.1,90.47,499
2751,CINDHO.BO,49.8,52.0,0.00K,Consumer Services,Hotels/Resorts/Cruise Lines,24.0,25.0,38.0,25.0,1.5936,1.5936,0.22K,0.06K,73.5,45.75,179.28M,No,53.73,51.56,55.35,51.98,52.78,499
2752,PAOS.BO,45.13,45.0,2.53K,Consumer Non-Durables,Household/Personal Care,24.0,12.0,48.0,12.0,0.2643,0.2414,0.03K,0.00K,60.1,42.75,275.46M,No,45.4,48.48,51.29,47.87,50.46,497
2753,ELECTCAST.NS,73.56,73.56,1539.06K,Non-Energy Minerals,Steel,24.0,36.0,10.0,46.0,2.2757,2.2521,2204.28K,1417.41K,108.71,60.15,45.47B,No,72.43,75.16,76.53,74.98,75.8,500
2754,MEDICAPQ.BO,26.78,26.4,4.79K,Health Technology,Pharmaceuticals: Major,24.0,52.0,18.0,47.0,1.6814,1.6657,3.80K,2.09K,46.98,21.0,333.95M,No,26.52,26.97,29.09,26.6,26.55,496
2755,USK.NS,21.47,21.49,8.30K,Industrial Services,Engineering & Construction,24.0,27.0,32.0,43.0,1.1093,1.1029,24.01K,24.05K,36.0,18.97,1.19B,No,22.11,23.0,23.51,22.74,23.14,498
2756,LOYALTEX.NS,228.91,219.64,15.01K,Process Industries,Textiles,24.0,81.0,49.0,62.0,12.4436,11.3014,0.27K,0.38K,354.9,170.04,1.10B,No,208.44,207.45,215.92,208.94,213.76,497
2757,DCXINDIA.NS,177.01,178.02,372.46K,Producer Manufacturing,Electrical Products,24.0,12.0,10.0,48.0,4.5757,4.4229,1011.15K,398.24K,286.0,153.3,19.72B,No,181.49,189.52,187.36,188.88,185.03,500
2758,BSL.NS,123.08,122.76,1.94K,Process Industries,Textiles,23.0,34.0,39.0,19.0,3.3,3.2621,10.33K,2.56K,208.0,98.0,1.27B,No,124.91,126.45,139.9,125.84,126.68,498
2759,ABIRAFN.BO,32.22,32.55,0.03K,Finance,Finance/Rental/Leasing,23.0,37.0,53.0,17.0,1.0171,0.735,0.36K,0.30K,56.25,27.89,173.99M,No,31.67,32.27,35.4,32.41,33.18,498
2760,HINDUNILVR.NS,2063.0,2064.8999,993.66K,Consumer Non-Durables,Household/Personal Care,23.0,31.0,28.0,19.0,47.5857,43.6357,1930.29K,1738.19K,2750.0,2016.0,4847.21B,No,2111.03,2140.37,2262.92,2143.85,2207.46,500
2761,TEXRAIL.NS,107.76,107.34,772.98K,Producer Manufacturing,Trucks/Construction/Farm Machinery,23.0,26.0,37.0,22.0,3.0936,2.9071,5269.45K,1534.50K,153.0,78.05,43.84B,No,110.86,110.52,114.56,110.8,107.33,500
2762,VIPIND.NS,310.25,316.9,112.04K,Consumer Durables,Other Consumer Specialties,23.0,58.0,52.0,15.0,9.1821,9.0571,834.69K,180.46K,454.3,278.25,44.07B,No,302.52,307.63,340.5,307.33,325.32,499
2763,SAGCEM.NS,175.15,175.06,28.81K,Non-Energy Minerals,Construction Materials,23.0,38.0,33.0,25.0,4.9243,4.6279,62.41K,39.48K,299.4,148.7,22.89B,No,176.8,176.12,191.03,176.06,180.62,498
2764,GOPAL.NS,273.4,273.1,241.14K,Consumer Non-Durables,Food: Specialty/Candy,23.0,55.0,12.0,26.0,8.0107,7.7607,119.13K,193.81K,398.0,247.55,34.08B,No,267.84,273.85,297.03,273.81,282.8,499
2765,EXPLEOSOL.NS,823.05,821.1,16.43K,Technology Services,Information Technology Services,23.0,45.0,47.0,25.0,39.8536,29.7607,72.08K,234.89K,1175.1,640.0,12.77B,No,823.33,819.22,879.78,810.72,813.97,498
2766,GLCL.BO,18.84,19.26,9.58K,Commercial Services,Miscellaneous Commercial Services,23.0,31.0,4.0,34.0,1.23,1.2279,15.51K,12.31K,36.3,12.4,113.08M,No,19.64,20.13,20.15,19.84,19.87,497
2767,MORARKFI.BO,60.5,61.79,0.10K,Finance,Financial Conglomerates,23.0,52.0,64.0,38.0,2.5936,2.5829,3.83K,1.10K,113.0,42.11,272.38M,No,61.42,62.39,66.61,61.94,57.28,496
2768,ICICIGI.NS,1635.0,1643.5,745.36K,Finance,Specialty Insurance,23.0,15.0,26.0,22.0,46.65,44.6286,993.46K,930.97K,2064.9,1544.6,816.70B,No,1642.46,1727.02,1845.91,1715.01,1785.28,500
2769,OCEANIC.BO,53.85,53.29,5.62K,Consumer Non-Durables,Food: Specialty/Candy,23.0,35.0,18.0,13.0,2.565,2.4257,3.55K,2.34K,83.9,50.0,605.81M,No,53.31,56.08,61.53,55.69,58.87,497
2770,APLAB.BO,66.86,64.72,0.62K,Electronic Technology,Electronic Equipment/Instruments,23.0,1.0,1.0,43.0,5.3864,4.7129,5.69K,7.90K,122.0,42.01,1.68B,No,77.62,89.8,82.84,87.3,82.99,497
2771,METROBRAND.NS,937.8,949.8,133.77K,Retail Trade,Apparel/Footwear Retail,23.0,9.0,29.0,25.0,27.6357,26.0572,53.76K,61.64K,1340.4,883.0,255.61B,No,1019.61,1024.87,1056.06,1020.01,1016.24,497
2772,JWL.NS,259.05,262.4,459.83K,Producer Manufacturing,Trucks/Construction/Farm Machinery,23.0,61.0,20.0,15.0,7.6,7.275,1652.90K,2195.97K,372.85,235.65,110.71B,No,255.28,262.76,284.11,261.4,275.27,500
2773,SUZLON.NS,47.35,47.5,41753.94K,Producer Manufacturing,Electrical Products,23.0,9.0,19.0,42.0,1.4607,1.455,84708.40K,72954.00K,63.8,38.19,650.86B,No,49.74,53.51,51.15,53.0,49.73,500
2774,DIGITIDE.NS,103.86,102.37,354.51K,Commercial Services,Miscellaneous Commercial Services,23.0,43.0,60.0,14.0,4.9093,4.8814,1882.79K,504.06K,219.0,69.9,15.49B,No,101.01,95.83,108.66,97.95,95.29,293
2775,ICICIPRULI.NS,506.4,501.5,1278.40K,Finance,Life/Health Insurance,23.0,61.0,26.0,10.0,10.0464,9.8714,1937.86K,1713.47K,706.8,459.5,734.15B,No,506.61,497.55,574.87,497.56,546.09,500
2776,HITECH.NS,77.75,84.18,3096.72K,Non-Energy Minerals,Steel,23.0,17.0,19.0,50.0,2.2621,2.1793,748.80K,396.00K,127.5,70.14,15.76B,No,85.07,87.42,89.02,86.56,84.51,500
2777,BSOFT.NS,313.3,320.3,1103.04K,Technology Services,Packaged Software,23.0,83.0,20.0,7.0,12.675,12.2143,2073.05K,2399.84K,474.0,270.2,87.59B,No,303.4,303.27,366.4,302.04,346.37,500
2778,AARON.NS,140.27,138.59,34.18K,Producer Manufacturing,Building Products,23.0,88.0,54.0,24.0,9.4014,9.2579,26.62K,30.47K,258.0,106.8,2.94B,No,130.34,123.23,150.36,126.07,136.43,498
2779,3PLAND.NS,31.99,32.17,3.92K,Finance,Real Estate Development,23.0,40.0,26.0,25.0,1.1964,1.1964,4.34K,2.49K,52.9,28.51,,No,31.94,32.13,34.88,32.09,32.91,497
2780,PALASHSECU.NS,89.62,92.45,10.05K,Consumer Non-Durables,Food: Specialty/Candy,23.0,45.0,32.0,28.0,4.685,4.4429,1.61K,1.91K,134.8,79.01,896.48M,No,89.27,92.26,98.89,91.62,93.33,498
2781,SFSL.BO,77.8,77.8,19.50K,Producer Manufacturing,Industrial Conglomerates,23.0,37.0,12.0,22.0,3.1,3.1,3.24K,10.65K,143.46,63.0,162.45M,No,79.19,79.95,93.87,79.94,88.63,496
2782,JAYTEX.BO,22.21,22.21,3.98K,Process Industries,Textiles,23.0,15.0,17.0,17.0,0.0829,0.0829,0.07K,0.40K,27.0,22.21,8.50B,No,23.02,24.56,25.72,24.27,25.49,497
2783,EMMESSA.BO,23.62,24.45,2.02K,Health Technology,Pharmaceuticals: Other,23.0,31.0,35.0,21.0,1.3879,1.3614,1.12K,0.94K,42.75,18.42,118.01M,No,24.78,25.0,26.95,24.84,25.32,497
2784,ALPA.NS,67.17,67.86,30.71K,Health Technology,Pharmaceuticals: Major,23.0,41.0,40.0,40.0,2.6821,2.6793,16.90K,15.37K,101.0,46.1,1.41B,No,67.57,68.29,71.02,68.1,66.54,498
2785,RASANDIK.BO,63.0,63.0,0.58K,Producer Manufacturing,Auto Parts: Oem,23.0,51.0,26.0,50.0,2.3707,1.7921,0.91K,0.78K,94.0,47.05,376.42M,No,62.96,63.55,64.44,63.02,62.09,496
2786,HLEGLAS.NS,326.45,379.6,2273.45K,Producer Manufacturing,Industrial Machinery,23.0,2.0,34.0,20.0,26.6,18.85,514.61K,383.19K,661.95,250.0,22.67B,No,423.01,401.66,390.65,399.85,350.48,500
2787,BLOIN.BO,32.0,32.0,10.28K,Non-Energy Minerals,Steel,23.0,21.0,14.0,35.0,0.8964,0.8086,1.16K,1.22K,46.35,28.63,212.48M,No,32.91,33.66,34.78,33.51,33.56,499
2788,GOCOLORS.NS,323.35,323.0,69.59K,Consumer Non-Durables,Apparel/Footwear,23.0,48.0,69.0,15.0,15.0321,14.3786,1555.06K,508.06K,760.9,237.05,17.01B,No,330.12,353.05,381.23,346.18,323.69,499
2789,EUREKAFORB.NS,458.55,452.2,489.67K,Producer Manufacturing,Industrial Machinery,23.0,55.0,26.0,15.0,15.6286,15.45,177.82K,133.94K,668.3,403.2,88.73B,No,453.63,455.14,513.07,454.15,474.78,478
2790,GMRP&UI.NS,96.73,95.82,689.59K,Industrial Services,Engineering & Construction,23.0,38.0,26.0,31.0,2.1986,2.1393,1538.98K,621.68K,136.95,89.0,75.55B,No,97.58,100.15,107.66,99.25,104.27,500
2791,ROOPAIND.BO,45.17,46.78,0.82K,Health Technology,Pharmaceuticals: Major,23.0,24.0,18.0,41.0,2.2821,2.2107,0.65K,0.59K,63.4,38.1,355.29M,No,49.0,49.18,48.63,48.38,48.78,497
2792,DELTAMAGNT.NS,58.14,59.83,1.22K,Producer Manufacturing,Metal Fabrication,23.0,44.0,28.0,24.0,3.3493,3.2207,9.58K,41.35K,93.45,45.51,630.88M,No,58.13,59.38,63.17,58.92,59.73,498
2793,TEXMOPIPES.NS,42.77,42.7,27.96K,Producer Manufacturing,Miscellaneous Manufacturing,23.0,43.0,29.0,35.0,1.5607,1.5607,41.59K,18.94K,62.0,33.0,1.25B,No,43.13,44.25,46.28,44.01,44.33,498
2794,ANDHRAPAP.NS,59.41,60.28,265.35K,Process Industries,Pulp & Paper,23.0,38.0,19.0,26.0,1.9436,1.8993,139.88K,239.25K,86.89,58.0,11.81B,No,61.2,61.84,65.39,61.5,63.57,499
2795,JUNIPER.NS,199.26,194.23,349.71K,Consumer Services,Hotels/Resorts/Cruise Lines,22.0,52.0,37.0,19.0,6.1164,5.7721,168.15K,271.09K,312.5,188.5,44.34B,No,196.0,197.21,220.16,196.76,207.36,500
2796,OMPOWER.NS,160.2,168.9,212.12K,Utilities,Electric Utilities,22.0,18.0,27.0,,6.2221,5.5607,242.84K,94.11K,206.0,158.01,,No,168.51,174.23,,172.41,,83
2797,BBL.NS,2297.9,2324.3999,15.47K,Producer Manufacturing,Electrical Products,22.0,7.0,13.0,16.0,84.7286,82.5857,40.51K,51.20K,3411.0,2051.7,25.97B,No,2492.1,2666.13,2685.32,2621.45,2609.95,500
2798,NDTV.NS,76.11,76.95,101.59K,Consumer Services,Broadcasting,22.0,17.0,41.0,29.0,1.6129,1.4879,498.59K,82.20K,152.5,58.75,8.59B,No,77.57,79.85,82.3,79.36,78.9,499
2799,SRINACHA.BO,28.88,29.0,0.19K,Process Industries,Textiles,22.0,54.0,14.0,33.0,2.105,1.9164,0.80K,0.40K,39.94,24.9,124.18M,No,27.71,28.29,30.83,27.93,30.47,497
2800,ITHL.BO,306.6,307.35,0.71K,Consumer Services,Other Consumer Services,22.0,30.0,30.0,33.0,8.9429,8.9429,2.41K,2.55K,508.5,266.0,2.45B,No,311.03,311.88,345.6,312.78,320.03,497
2801,MANOJJEWEL.BO,41.52,35.76,160.00K,Retail Trade,Specialty Stores,22.0,90.0,17.0,30.0,2.5143,2.2514,17.23K,32.80K,59.52,26.8,373.08M,No,31.44,35.3,44.38,34.86,42.11,315
2802,RIKHAV.BO,46.99,48.18,11.20K,Finance,Investment Banks/Brokers,22.0,63.0,35.0,63.0,1.315,1.1386,36.75K,44.96K,77.5,34.0,1.80B,No,47.12,47.18,50.41,47.06,46.24,384
2803,BOMDYEING.NS,116.23,116.11,372.64K,Process Industries,Textiles,22.0,17.0,19.0,46.0,2.9007,2.8193,759.78K,507.21K,195.45,92.0,24.01B,No,121.07,125.93,125.23,125.65,118.15,500
2804,INCREDIBLE.NS,32.76,32.36,0.42K,Non-Energy Minerals,Steel,22.0,37.0,23.0,21.0,1.5614,1.5336,5.80K,5.46K,52.87,28.1,1.53B,No,33.09,33.49,36.4,33.25,34.32,498
2805,ROUTE.NS,518.55,530.1,146.13K,Communications,Major Telecommunications,22.0,32.0,37.0,20.0,23.4679,23.3572,791.57K,265.66K,921.6,410.7,32.67B,No,550.97,541.61,575.17,541.81,523.03,499
2806,SAMPANN.NS,26.41,26.65,9.66K,Producer Manufacturing,Miscellaneous Manufacturing,22.0,25.0,39.0,11.0,1.2164,1.1979,58.55K,19.58K,43.44,23.75,1.29B,No,27.2,27.55,30.43,27.44,28.69,498
2807,GANVERSE.BO,24.98,25.99,45.00K,Finance,Real Estate Development,22.0,2.0,33.0,43.0,1.385,1.1557,24.17K,17.00K,42.5,16.6,,No,27.89,28.79,27.67,29.04,26.44,498
2808,SIMPLXREA.BO,136.9,135.9,0.00K,Consumer Durables,Homebuilding,22.0,43.0,34.0,20.0,2.2571,1.4286,0.05K,0.00K,191.8,117.0,409.52M,No,134.7,134.54,149.68,134.41,141.09,496
2809,SINTERCOM.NS,82.95,84.83,20.23K,Producer Manufacturing,Auto Parts: Oem,22.0,76.0,62.0,19.0,5.0736,4.9786,55.28K,23.08K,130.0,62.99,2.28B,No,83.01,78.45,89.22,79.12,80.31,498
2810,SOUTHERNIN.BO,20.6,20.88,1.40K,Distribution Services,Electronics Distributors,22.0,15.0,13.0,27.0,1.0386,1.005,1.31K,0.74K,40.01,18.75,103.41M,No,21.48,21.95,22.78,21.74,22.22,497
2811,TRIGYN.NS,55.92,53.8,56.85K,Technology Services,Information Technology Services,22.0,76.0,25.0,41.0,1.9714,1.9207,32.08K,37.18K,102.4,37.55,1.72B,No,54.32,54.3,59.25,54.16,54.59,499
2812,SOMATEX.NS,92.29,93.52,2.57K,Process Industries,Textiles,22.0,4.0,9.0,13.0,4.3879,4.3871,16.76K,11.63K,161.25,62.15,3.14B,No,98.36,98.81,110.12,98.72,103.25,498
2813,VISACHROME.NS,37.5,37.56,9.50K,Non-Energy Minerals,Steel,22.0,23.0,5.0,34.0,1.2129,1.2021,124.11K,13.58K,73.68,27.05,5.47B,No,38.24,40.57,44.01,39.54,39.5,499
2814,EMIAC.BO,90.0,92.7,8.40K,Commercial Services,Advertising/Marketing Services,22.0,34.0,15.0,,2.0393,1.78,33.92K,14.76K,121.0,90.0,1.10B,No,94.52,96.49,,95.69,,86
2815,BSHSL.NS,90.51,88.34,12.94K,Process Industries,Chemicals: Agricultural,22.0,60.0,32.0,44.0,3.2793,3.2171,5.27K,6.72K,150.0,59.16,9.50B,No,87.52,89.82,96.52,89.56,90.89,498
2816,KNRCON.NS,133.57,136.84,1268.97K,Industrial Services,Engineering & Construction,22.0,64.0,51.0,24.0,4.7807,4.7436,1369.77K,1688.34K,220.0,108.65,37.56B,No,127.41,129.46,139.64,129.99,129.3,498
2817,SUNTV.NS,478.2,483.7,241.95K,Consumer Services,Broadcasting,22.0,29.0,14.0,18.0,11.4857,11.2321,348.35K,284.75K,660.7,475.85,188.45B,No,494.36,504.42,552.72,502.32,549.57,500
2818,NTCIND.BO,143.4,140.75,0.66K,Consumer Non-Durables,Tobacco,22.0,35.0,21.0,10.0,7.3179,7.0857,4.41K,3.77K,228.0,122.4,2.08B,No,139.42,146.14,162.02,145.0,157.86,496
2819,VMSTMT.NS,49.88,50.02,334.97K,Non-Energy Minerals,Steel,22.0,71.0,54.0,49.0,1.6921,1.6636,32.82K,79.11K,105.0,33.5,2.48B,No,45.15,45.39,49.63,45.7,45.89,220
2820,INSECTICID.NS,628.6,636.55,25.91K,Process Industries,Chemicals: Agricultural,22.0,31.0,22.0,45.0,24.025,23.9786,23.69K,18.66K,1058.8,518.6,18.29B,No,636.45,663.24,668.51,657.62,652.49,499
2821,SHANTIGEAR.NS,399.2,399.4,11.09K,Producer Manufacturing,Auto Parts: Oem,22.0,13.0,20.0,20.0,12.95,12.65,18.88K,44.38K,598.9,388.45,30.63B,No,413.85,432.11,452.18,427.71,443.58,499
2822,AGARIND.NS,507.0,512.1,45.41K,Process Industries,Chemicals: Specialty,22.0,33.0,70.0,5.0,21.225,19.6286,241.15K,458.07K,1006.0,360.0,7.58B,No,504.72,517.45,583.17,514.34,503.42,498
2823,GALLANTT.NS,590.7,593.5,36.89K,Non-Energy Minerals,Steel,22.0,11.0,3.0,59.0,28.7036,26.7893,202.18K,173.95K,948.0,496.25,142.52B,No,598.61,648.38,626.2,641.89,644.02,499
2824,RUDRAGAS.BO,68.0,67.0,12.00K,Utilities,Gas Distributors,22.0,8.0,16.0,40.0,2.0964,1.6286,5.06K,3.80K,103.03,55.6,566.98M,No,70.66,73.44,72.89,72.47,71.9,496
2825,ORKLAINDIA.NS,551.35,555.0,121.85K,Consumer Non-Durables,Food: Specialty/Candy,22.0,20.0,18.0,38.0,17.3071,17.3071,71.19K,125.40K,760.0,533.25,75.53B,No,569.63,595.34,,586.77,597.83,192
2826,GRINFRA.NS,881.95,880.15,32.05K,Industrial Services,Engineering & Construction,22.0,43.0,27.0,24.0,26.15,25.8893,43.14K,76.67K,1345.0,785.0,85.34B,No,887.88,896.03,954.04,891.61,908.64,500
2827,BHASKAGR.BO,112.75,115.0,0.07K,Process Industries,Chemicals: Agricultural,22.0,21.0,2.0,40.0,8.4357,8.2964,1.25K,1.85K,199.9,92.0,587.39M,No,117.1,124.47,133.5,123.58,140.21,497
2828,HERCULES.BO,123.0,124.65,11.65K,Producer Manufacturing,Trucks/Construction/Farm Machinery,22.0,70.0,23.0,31.0,4.1393,4.1143,8.61K,8.62K,226.0,85.85,3.94B,No,119.62,119.88,134.81,120.12,121.83,497
2829,KAVDEFENCE.NS,58.59,58.89,89.42K,Electronic Technology,Telecommunications Equipment,22.0,24.0,16.0,21.0,2.5743,2.5743,110.79K,103.10K,162.87,51.51,3.52B,No,57.8,60.8,69.33,60.49,63.13,500
2830,MPCOSEMB.BO,20.54,21.6,25.25K,Technology Services,Information Technology Services,22.0,12.0,25.0,11.0,0.4629,0.3814,0.01K,0.02K,27.34,20.52,73.63M,No,22.29,22.96,24.96,22.82,24.4,498
2831,STDBAT.BO,45.65,45.12,0.78K,Producer Manufacturing,Electrical Products,21.0,22.0,17.0,24.0,2.5714,2.4714,1.50K,1.57K,66.0,35.95,236.06M,No,47.8,48.68,48.54,48.58,47.73,497
2832,NSL.BO,128.9,128.25,1.11K,Consumer Non-Durables,Beverages: Alcoholic,21.0,66.0,44.0,39.0,4.7643,4.4464,8.56K,5.30K,203.65,96.6,2.07B,No,132.53,128.31,136.32,128.82,126.91,496
2833,UNITDCR.BO,24.93,25.6,1.34K,Finance,Finance/Rental/Leasing,21.0,7.0,25.0,14.0,1.4171,1.0743,0.48K,0.74K,37.83,19.0,132.82M,No,26.52,27.26,27.98,27.08,26.97,497
2834,SGFRL.BO,97.0,95.0,1.50K,Industrial Services,Engineering & Construction,21.0,57.0,13.0,19.0,3.0107,2.6536,5.89K,14.55K,146.9,84.01,2.41B,No,97.87,95.71,109.84,96.17,105.54,499
2835,HIRAUTO.BO,193.0,193.0,0.10K,Retail Trade,Specialty Stores,21.0,51.0,39.0,31.0,0.0571,0.0,0.01K,0.01K,489.65,193.0,531.41M,No,193.32,198.5,209.05,197.56,203.99,497
2836,RUNGTAIR.BO,49.48,51.5,0.67K,Producer Manufacturing,Industrial Machinery,21.0,30.0,25.0,23.0,2.8429,2.8179,0.90K,1.68K,75.58,43.0,985.73M,No,49.96,51.12,54.66,51.1,51.93,496
2837,ISTLTD.BO,659.5,660.95,1.27K,Producer Manufacturing,Auto Parts: Oem,21.0,70.0,33.0,32.0,26.6893,26.1893,1.05K,1.10K,931.2,518.0,7.69B,No,633.34,641.74,712.07,643.6,674.39,497
2838,SCODATUBES.NS,133.63,140.06,252.58K,Non-Energy Minerals,Steel,21.0,13.0,19.0,59.0,5.3607,5.3607,329.41K,188.19K,187.7,110.0,8.01B,No,144.4,141.9,145.48,142.5,138.2,299
2839,WAAREEENER.NS,2668.0,2704.0,541.67K,Electronic Technology,Semiconductors,21.0,20.0,13.0,32.0,64.2215,56.4929,935.99K,1088.22K,3865.0,2403.0,767.45B,No,2715.56,2867.21,2998.59,2855.62,2967.78,447
2840,SIGNATURE.NS,807.95,814.9,171.96K,Finance,Real Estate Development,21.0,48.0,26.0,24.0,21.3857,20.0464,434.06K,248.44K,1158.0,705.2,113.67B,No,804.7,795.25,914.81,794.7,838.99,498
2841,MAHEPC.NS,107.52,107.27,14.31K,Producer Manufacturing,Trucks/Construction/Farm Machinery,21.0,20.0,21.0,27.0,3.3879,3.2671,47.07K,30.46K,185.12,91.91,3.01B,No,109.12,113.28,120.11,112.47,114.93,499
2842,CROMPTON.NS,247.85,245.4,1951.64K,Producer Manufacturing,Industrial Machinery,21.0,29.0,16.0,55.0,8.7071,8.475,3449.21K,4685.94K,337.5,217.4,159.59B,No,256.65,262.98,261.14,260.39,258.39,500
2843,SITAENT.BO,142.0,148.0,0.01K,Finance,Investment Banks/Brokers,21.0,10.0,41.0,30.0,10.7214,10.3714,2.03K,2.06K,213.65,122.0,426.00M,No,142.66,142.57,155.43,140.22,152.78,497
2844,SURAJEST.NS,209.33,208.78,110.65K,Industrial Services,Engineering & Construction,21.0,62.0,23.0,27.0,5.9386,5.7607,76.33K,60.31K,349.35,171.3,10.04B,No,199.51,197.53,227.49,198.62,210.34,500
2845,WIPRO.NS,183.94,184.6,8619.30K,Technology Services,Information Technology Services,21.0,70.0,35.0,8.0,4.0679,3.9386,24501.16K,16447.21K,273.1,169.0,1819.60B,No,181.72,179.86,214.05,179.57,196.66,500
2846,AHASOLAR.BO,80.0,80.0,2.40K,Technology Services,Packaged Software,21.0,41.0,18.0,42.0,3.1864,1.0964,1.46K,0.60K,136.0,58.9,246.58M,No,78.9,77.76,83.95,77.12,79.42,496
2847,NGIND.BO,116.0,116.0,0.84K,Health Services,Hospital/Nursing Management,21.0,56.0,30.0,16.0,4.9321,4.0821,0.84K,0.28K,162.0,111.0,388.66M,No,114.63,115.82,129.33,115.61,125.94,496
2848,CAMPUS.NS,219.03,218.82,530.39K,Consumer Non-Durables,Apparel/Footwear,21.0,31.0,22.0,12.0,6.18,6.1093,1455.10K,1059.19K,297.0,215.2,66.95B,No,222.34,229.78,249.05,229.81,241.1,500
2849,ALFATRAN.BO,41.86,42.15,3.65K,Producer Manufacturing,Electrical Products,21.0,72.0,16.0,51.0,2.6536,2.6529,12.24K,11.83K,72.99,27.03,383.05M,No,40.6,42.95,43.01,42.71,42.64,497
2850,ASITCFIN.BO,111.0,111.0,0.10K,Finance,Investment Banks/Brokers,21.0,17.0,28.0,20.0,3.7107,3.0036,0.72K,2.44K,164.0,92.0,915.31M,No,113.38,116.65,124.43,116.29,119.32,497
2851,STUDDS.NS,420.55,421.4,34.48K,Consumer Durables,Recreational Products,21.0,16.0,27.0,19.0,14.4821,14.2214,237.59K,53.70K,600.0,416.8,16.55B,No,442.24,462.54,,458.98,474.75,192
2852,SILINV.NS,424.35,426.5,1.45K,Finance,Financial Conglomerates,21.0,52.0,29.0,38.0,15.05,14.875,2.08K,2.10K,767.0,380.0,4.50B,No,423.92,422.55,467.4,422.93,430.9,499
2853,METALCO.BO,54.05,52.77,4.42K,Non-Energy Minerals,Steel,21.0,77.0,27.0,15.0,3.5364,3.4871,1.15K,1.28K,80.0,44.5,396.01M,No,52.35,52.75,59.72,52.59,55.72,496
2854,KCP.NS,152.99,152.18,73.62K,Producer Manufacturing,Industrial Conglomerates,21.0,10.0,19.0,21.0,5.0136,4.965,145.14K,194.08K,212.7,125.0,19.72B,No,160.29,164.95,169.47,164.52,162.07,499
2855,NAPL.BO,186.65,186.45,1.18K,Consumer Non-Durables,Food: Specialty/Candy,21.0,13.0,63.0,17.0,12.9321,12.2607,38.78K,31.14K,404.75,121.0,988.50M,No,195.4,195.42,213.91,198.41,189.74,496
2856,CONTROLPR.NS,567.5,569.7,17.22K,Electronic Technology,Computer Peripherals,21.0,9.0,17.0,20.0,13.6893,13.6893,102.39K,19.07K,899.0,517.0,9.08B,No,594.39,618.63,656.47,616.14,628.65,498
2857,PROCLB.BO,33.39,33.0,12.21K,Commercial Services,Miscellaneous Commercial Services,21.0,88.0,41.0,9.0,1.2543,0.9157,5.04K,7.68K,48.9,23.23,170.39M,No,29.17,29.15,34.74,29.39,33.83,496
2858,TATACHEM.NS,673.15,668.75,2753.50K,Process Industries,Chemicals: Agricultural,21.0,24.0,19.0,27.0,16.3357,15.5321,764.46K,679.98K,1026.65,580.3,171.49B,No,679.34,704.15,735.67,703.95,708.63,500
2859,SOLIDSTON.BO,24.93,24.98,0.09K,Non-Energy Minerals,Construction Materials,21.0,54.0,19.0,34.0,1.4029,1.2121,1.17K,0.58K,39.95,21.66,134.12M,No,25.08,25.22,27.78,25.17,26.12,497
2860,VJLAXMIE.BO,39.99,38.51,0.00K,Producer Manufacturing,Industrial Machinery,21.0,74.0,74.0,18.0,1.2457,0.9257,0.65K,0.69K,67.99,26.0,202.83M,No,38.49,37.17,42.36,37.43,38.57,497
2861,KOKUYOCMLN.NS,81.87,82.47,32.42K,Consumer Durables,Tools & Hardware,21.0,21.0,17.0,39.0,3.2279,3.075,37.16K,64.39K,128.0,71.05,8.21B,No,85.01,86.12,87.84,85.77,84.9,499
2862,HITECHGEAR.NS,550.0,547.85,5.14K,Producer Manufacturing,Auto Parts: Oem,21.0,5.0,26.0,13.0,20.9679,20.9679,2.92K,3.95K,897.45,521.25,10.35B,No,581.12,604.42,646.56,604.42,612.05,498
2863,VGL.NS,60.14,60.76,37.84K,Process Industries,Textiles,21.0,34.0,49.0,37.0,2.3729,2.3729,169.91K,21.36K,98.47,43.7,3.10B,No,61.55,64.84,66.03,63.93,62.64,500
2864,EIHAHOTELS.NS,292.85,295.0,9.51K,Consumer Services,Hotels/Resorts/Cruise Lines,21.0,18.0,23.0,20.0,10.575,10.4964,16.88K,27.44K,434.9,266.65,17.85B,No,311.06,314.04,331.19,313.3,317.55,499
2865,JAMESWARREN.BO,265.6,265.95,3.19K,Consumer Non-Durables,Food: Major Diversified,21.0,41.0,26.0,19.0,11.9071,10.9857,1.08K,0.79K,408.55,248.05,982.72M,No,263.78,264.73,301.97,264.22,285.61,497
2866,DENISCHEM.BO,67.86,68.43,28.87K,Health Technology,Pharmaceuticals: Generic,21.0,4.0,23.0,21.0,2.1721,2.1221,15.87K,21.70K,103.0,56.1,941.67M,No,69.9,72.51,76.9,72.18,73.73,497
2867,ZFSTEERING.NS,667.3,661.6,3.42K,Producer Manufacturing,Auto Parts: Oem,21.0,51.0,15.0,,31.45,31.2179,5.11K,6.34K,894.98,620.65,6.05B,No,670.8,676.43,,674.83,,81
2868,CILSEC.BO,36.01,34.1,5.18K,Finance,Investment Banks/Brokers,21.0,33.0,16.0,22.0,1.9657,1.5286,0.64K,0.78K,54.77,32.5,180.05M,No,36.4,36.63,40.77,36.29,38.11,496
2869,VINAYAKPOL.BO,22.0,22.0,0.19K,Process Industries,Containers/Packaging,20.0,8.0,18.0,16.0,0.75,0.6271,0.13K,0.14K,37.38,19.16,67.79M,No,22.27,23.16,24.62,23.05,22.87,498
2870,ORIENTTECH.NS,260.0,258.75,195.70K,Technology Services,Information Technology Services,20.0,66.0,13.0,8.0,9.325,8.7514,815.63K,220.39K,466.73,220.8,11.91B,No,264.43,259.42,300.37,258.89,277.97,489
2871,GANGESSECU.NS,118.31,118.06,5.93K,Consumer Non-Durables,Food: Specialty/Candy,20.0,52.0,29.0,36.0,4.3707,4.2857,1.81K,1.98K,178.15,103.31,1.18B,No,117.13,118.97,128.5,118.3,121.11,498
2872,DBREALTY.NS,113.27,114.17,346.54K,Finance,Real Estate Development,20.0,56.0,10.0,54.0,3.5957,3.5879,690.29K,346.04K,187.05,83.5,61.44B,No,114.22,114.24,116.59,114.73,111.23,500
2873,SBGLP.NS,25.69,25.4,16.56K,Finance,Real Estate Development,20.0,62.0,41.0,8.0,1.5114,1.5007,50.27K,14.53K,44.75,18.35,4.46B,No,25.14,25.3,29.04,25.33,27.12,498
2874,LEMONTREE.NS,109.16,109.36,2941.07K,Consumer Services,Hotels/Resorts/Cruise Lines,20.0,20.0,28.0,16.0,2.5729,2.4114,3413.06K,3449.91K,180.68,99.61,86.44B,No,110.9,113.02,127.91,112.81,114.26,500
2875,KOTIC.NS,147.47,149.93,4.23K,Process Industries,Chemicals: Agricultural,20.0,7.0,12.0,,7.5079,7.4721,48.52K,10.65K,223.7,142.15,,No,160.42,162.92,,162.39,,80
2876,SERVOTECH.NS,83.24,83.37,375.77K,Producer Manufacturing,Electrical Products,20.0,5.0,22.0,57.0,3.4493,3.4114,1575.56K,1004.97K,143.0,57.51,18.80B,No,90.98,96.7,87.34,95.21,85.41,500
2877,PENIND.NS,159.7,159.31,317.98K,Non-Energy Minerals,Steel,20.0,22.0,38.0,37.0,4.4057,4.335,744.23K,258.15K,279.9,129.1,21.64B,No,165.22,163.92,177.55,163.83,159.98,498
2878,GARWSYN.BO,18.3,17.43,0.85K,Process Industries,Textiles,20.0,10.0,14.0,13.0,1.0986,0.7564,1.33K,1.12K,30.42,11.81,106.30M,No,18.94,18.92,20.15,19.06,20.59,497
2879,STERTOOLS.NS,222.65,222.3,36.12K,Producer Manufacturing,Metal Fabrication,20.0,24.0,17.0,30.0,11.4464,11.4107,148.03K,33.02K,361.95,155.0,8.09B,No,243.51,240.23,246.3,240.0,229.8,499
2880,IECEDU.BO,21.5,22.0,1.69K,Commercial Services,Miscellaneous Commercial Services,20.0,27.0,13.0,15.0,1.1114,1.1114,9.61K,1.21K,46.58,18.37,328.09M,No,21.61,22.66,26.02,22.29,25.41,497
2881,SCOOBEEDAY.BO,68.7,71.0,0.20K,Consumer Non-Durables,Apparel/Footwear,20.0,38.0,42.0,36.0,3.9686,3.57,1.31K,0.80K,108.84,61.95,1.16B,No,69.95,71.41,74.12,71.45,71.36,497
2882,DAIKAFFI.BO,44.84,44.2,17.52K,Process Industries,Chemicals: Specialty,20.0,20.0,82.0,26.0,2.5664,2.1921,8.03K,2.63K,169.9,28.48,269.04M,No,44.78,47.07,57.12,47.8,44.37,497
2883,MUFTI.NS,80.07,83.26,412.57K,Retail Trade,Apparel/Footwear Retail,20.0,24.0,45.0,21.0,3.8564,3.8029,186.09K,114.14K,130.7,63.06,5.24B,No,83.53,86.07,89.03,85.52,83.97,499
2884,PREVEST.BO,387.0,379.7,50.20K,Health Technology,Medical Specialties,20.0,48.0,30.0,21.0,12.0429,11.4429,6.45K,11.08K,622.05,318.15,4.65B,No,386.6,384.79,431.14,387.11,410.81,496
2885,VICTMILL.BO,5120.0,5063.9502,0.05K,Process Industries,Textiles,20.0,45.0,18.0,16.0,154.225,135.5678,0.02K,0.02K,7279.95,4501.0,504.63M,No,5046.92,5157.8,5807.19,5118.83,5600.21,497
2886,VSTIND.NS,218.2,218.96,136.07K,Consumer Non-Durables,Tobacco,20.0,4.0,13.0,33.0,4.6193,4.0371,352.27K,322.26K,286.78,200.0,36.99B,No,225.34,245.07,244.56,242.03,240.76,500
2887,SHRAJOI.BO,22.5,22.5,0.20K,Energy Minerals,Integrated Oil,20.0,60.0,51.0,2.0,0.03,0.0,0.01K,0.02K,40.5,21.03,92.09M,No,22.29,21.86,27.37,21.91,25.36,496
2888,RAILTEL.NS,285.8,287.3,309.15K,Communications,Major Telecommunications,20.0,24.0,14.0,16.0,6.7107,6.2893,699.01K,620.43K,412.9,245.0,91.72B,No,290.67,303.23,321.43,300.58,307.27,500
2889,NEELKANTH.BO,39.98,39.5,0.42K,Process Industries,Agricultural Commodities/Milling,20.0,54.0,32.0,10.0,1.6929,1.6571,0.41K,0.31K,57.0,27.16,174.27M,No,39.08,39.75,44.65,39.42,41.45,497
2890,BLUESTARCO.NS,1490.0,1497.9,603.46K,Producer Manufacturing,Industrial Machinery,20.0,17.0,23.0,12.0,56.9071,56.8286,476.60K,852.77K,2040.0,1450.0,306.33B,No,1638.97,1633.9,1750.1,1614.38,1715.82,500
2891,UNIQUEO.BO,93.58,95.68,3.09K,Consumer Non-Durables,Food: Major Diversified,20.0,84.0,31.0,65.0,6.1864,5.8086,3.65K,3.39K,128.95,65.0,557.08M,No,82.72,84.5,93.6,84.66,88.73,497
2892,HINDCON.NS,22.04,22.96,25.88K,Non-Energy Minerals,Construction Materials,20.0,59.0,33.0,37.0,1.2229,1.215,16.82K,26.42K,37.75,15.66,1.13B,No,22.04,21.62,23.76,21.57,21.47,499
2893,BPL.NS,52.86,53.77,38.09K,Electronic Technology,Telecommunications Equipment,20.0,12.0,24.0,27.0,1.5507,1.51,67.45K,31.70K,91.28,37.61,2.59B,No,53.9,54.67,56.93,54.53,53.85,500
2894,RUCHIRA.NS,105.89,111.28,105.21K,Process Industries,Pulp & Paper,20.0,59.0,19.0,25.0,3.1129,2.9429,35.97K,27.50K,173.0,95.17,3.16B,No,107.72,108.59,115.41,108.18,111.0,498
2895,ZUARI.NS,219.45,225.42,111.31K,Process Industries,Chemicals: Agricultural,20.0,26.0,28.0,12.0,7.8886,7.6871,257.14K,172.29K,393.55,175.1,9.23B,No,228.47,228.91,246.69,229.73,227.32,500
2896,NESCO.NS,1043.9,1048.3,31.44K,Producer Manufacturing,Industrial Machinery,20.0,26.0,10.0,25.0,30.0786,29.9071,53.57K,26.71K,1638.9,996.0,73.55B,No,1061.37,1088.51,1170.5,1086.11,1126.93,497
2897,GARNETINT.BO,60.99,60.71,0.37K,Process Industries,Textiles,20.0,49.0,62.0,11.0,1.8293,1.6993,10.03K,4.24K,134.45,42.0,1.20B,No,63.93,65.32,65.18,65.13,60.71,497
2898,SURAJLTD.NS,218.38,223.64,0.14K,Non-Energy Minerals,Steel,20.0,26.0,25.0,40.0,9.6757,8.84,1.45K,0.79K,354.95,205.0,4.01B,No,223.03,226.47,241.66,226.44,230.74,486
2899,MCLOUD.NS,29.08,28.91,2476.84K,Technology Services,Information Technology Services,20.0,40.0,64.0,72.0,1.1707,1.1643,8588.97K,4625.23K,90.5,19.4,17.13B,No,28.59,28.32,29.56,28.29,25.9,375
2900,UTIAMC.NS,917.1,905.8,186.04K,Finance,Investment Managers,20.0,20.0,38.0,26.0,17.9964,16.8643,215.24K,166.17K,1418.0,876.0,117.88B,No,910.32,934.97,1022.06,933.1,961.5,500
2901,NIKHILAD.BO,76.97,80.3,15.60K,Process Industries,Industrial Specialties,20.0,71.0,20.0,55.0,3.4186,3.2614,11.61K,9.74K,122.0,56.78,3.54B,No,74.3,77.34,81.46,75.87,75.75,496
2902,LKMEHTA.BO,38.3,38.25,1.60K,Process Industries,Textiles,20.0,21.0,41.0,25.0,0.2179,0.1664,0.51K,0.96K,52.0,38.0,147.07M,No,40.07,41.53,44.22,40.74,42.85,362
2903,SRIKPRIND.BO,21.49,20.73,5.42K,Non-Energy Minerals,Construction Materials,20.0,72.0,14.0,51.0,1.1571,1.1493,5.34K,2.57K,32.35,17.1,432.93M,No,20.75,20.88,22.23,21.09,21.69,497
2904,ALLTIME.NS,218.61,217.36,144.42K,Producer Manufacturing,Miscellaneous Manufacturing,20.0,20.0,13.0,37.0,6.6529,6.5721,92.21K,60.47K,334.9,186.0,14.32B,No,226.62,233.54,244.02,232.33,229.34,248
2905,TRANSWORLD.NS,157.87,157.78,3.24K,Transportation,Marine Shipping,19.0,54.0,38.0,23.0,6.5371,6.5371,20.04K,10.18K,287.58,111.56,3.47B,No,160.83,164.18,172.48,163.56,156.78,499
2906,SURYAROSNI.NS,224.55,235.83,1626.56K,Non-Energy Minerals,Steel,19.0,9.0,16.0,25.0,9.4757,9.3493,1097.00K,1081.48K,320.15,187.35,48.87B,No,240.69,250.82,248.71,251.23,238.7,500
2907,RENUKA.NS,21.99,22.19,2749.82K,Process Industries,Agricultural Commodities/Milling,19.0,36.0,10.0,24.0,0.5793,0.575,6349.67K,4600.71K,33.5,21.05,46.81B,No,22.1,22.47,25.12,22.41,24.34,500
2908,GODFRYPHLP.NS,2199.0,2224.8999,205.55K,Consumer Non-Durables,Tobacco,19.0,66.0,29.0,61.0,95.8786,89.2286,531.63K,718.73K,3947.0,1832.1,343.00B,No,2176.32,2187.87,2331.49,2196.26,2169.21,500
2909,GITARENEW.BO,73.9,74.5,0.97K,Utilities,Electric Utilities,19.0,24.0,25.0,43.0,3.425,3.1786,0.94K,1.00K,136.0,60.11,303.90M,No,73.68,75.67,82.67,75.34,78.23,497
2910,REGENCERAM.NS,38.86,32.39,29.81K,Producer Manufacturing,Building Products,19.0,36.0,20.0,20.0,3.0807,2.8886,3.05K,2.56K,54.99,30.0,1.03B,No,34.42,38.05,43.28,37.56,41.42,498
2911,DHANUKA.NS,1026.7,1040.4,19.17K,Process Industries,Chemicals: Specialty,19.0,43.0,36.0,29.0,34.9357,34.9357,105.94K,71.96K,1654.4,889.6,45.77B,No,1017.76,1046.48,1107.62,1045.0,1050.79,498
2912,VMM.NS,108.0,110.25,11425.45K,Retail Trade,Apparel/Footwear Retail,19.0,18.0,21.0,21.0,2.7879,2.7464,10912.91K,8162.75K,157.6,98.77,505.91B,No,109.96,114.69,122.41,113.64,116.03,412
2913,TMPV.NS,343.0,347.6,22372.19K,Consumer Durables,Motor Vehicles,19.0,62.0,44.0,30.0,7.2643,6.6643,11423.45K,6855.89K,739.7,294.3,1263.23B,No,337.35,351.0,356.95,347.39,350.87,500
2914,PML.NS,495.75,508.8,0.40K,Commercial Services,Miscellaneous Commercial Services,19.0,46.0,17.0,,20.5393,20.2214,0.63K,0.38K,645.0,451.55,,No,492.41,494.85,,495.83,,80
2915,EPIGRAL.NS,1101.0,1106.9,21.23K,Process Industries,Chemicals: Agricultural,19.0,78.0,14.0,66.0,46.1786,46.1,75.20K,58.28K,1911.6,807.0,47.50B,No,1117.05,1099.62,1174.56,1085.38,1063.55,499
2916,TRF.NS,230.15,235.52,21.70K,Producer Manufacturing,Trucks/Construction/Farm Machinery,19.0,42.0,16.0,15.0,6.7186,6.6064,28.20K,34.55K,405.0,215.5,2.53B,No,233.76,235.03,264.73,234.47,246.84,500
2917,JAMSHRI.BO,75.32,76.57,0.39K,Finance,Real Estate Development,19.0,30.0,35.0,26.0,2.1236,1.9586,0.73K,0.83K,109.11,68.0,526.22M,No,76.41,78.02,84.87,77.63,78.6,497
2918,GORANIN.BO,49.82,50.97,0.45K,Consumer Durables,Electronics/Appliances,19.0,70.0,59.0,35.0,2.18,1.9286,0.52K,0.81K,126.1,40.3,267.16M,No,47.37,47.2,56.21,47.03,52.0,497
2919,COMMAND.BO,21.85,21.85,4.00K,Producer Manufacturing,Miscellaneous Manufacturing,19.0,30.0,40.0,17.0,0.0821,0.0,0.06K,0.40K,32.68,21.85,204.88M,No,22.43,22.77,25.04,22.66,23.34,497
2920,ACC.NS,1332.8,1339.8,137.29K,Non-Energy Minerals,Construction Materials,19.0,38.0,42.0,12.0,30.6929,30.0929,184.07K,236.19K,1987.0,1251.7,250.28B,No,1364.34,1355.05,1542.71,1356.77,1427.26,500
2921,EASTBUILD.BO,48.02,50.46,0.56K,Consumer Durables,Homebuilding,19.0,8.0,7.0,7.0,2.5486,2.0564,0.08K,0.03K,71.25,38.36,90.12M,No,51.56,57.13,55.74,55.6,55.55,497
2922,LINKPH.BO,26.59,26.72,0.25K,Process Industries,Chemicals: Specialty,19.0,65.0,27.0,30.0,1.37,1.2393,0.54K,1.10K,41.9,21.0,118.07M,No,26.84,26.87,29.07,26.89,27.62,496
2923,ASIANTILES.NS,53.12,52.85,7716.64K,Producer Manufacturing,Building Products,19.0,78.0,16.0,9.0,4.2293,4.145,8216.81K,17391.78K,79.06,42.5,15.75B,No,52.62,53.86,63.91,53.55,61.8,500
2924,MEAPL.BO,30.2,30.07,38.66K,Finance,Investment Banks/Brokers,19.0,48.0,2.0,35.0,2.305,2.2557,37.70K,28.01K,49.89,23.21,466.59M,No,28.45,29.46,33.91,29.32,33.72,496
2925,DEEP.BO,35.26,34.82,49.74K,Process Industries,Chemicals: Specialty,19.0,39.0,21.0,42.0,3.1629,3.0214,30.84K,94.10K,56.45,26.85,852.59M,No,34.78,37.12,38.22,37.35,36.57,497
2926,DELTACORP.NS,60.71,63.27,2256.46K,Consumer Services,Movies/Entertainment,19.0,22.0,9.0,34.0,1.6486,1.6364,4119.42K,900.57K,98.8,48.3,16.26B,No,63.18,64.33,66.51,64.07,64.38,500
2927,DIAMINESQ.NS,240.72,243.39,11.11K,Process Industries,Chemicals: Major Diversified,19.0,13.0,19.0,38.0,12.0543,11.9957,12.48K,31.06K,418.8,208.01,2.42B,No,249.61,251.47,254.66,252.63,249.96,497
2928,ALKOSIGN.BO,57.0,59.37,10.12K,Producer Manufacturing,Miscellaneous Manufacturing,19.0,7.0,25.0,24.0,2.8514,2.1586,8.93K,3.04K,84.8,50.07,615.17M,No,63.52,60.8,66.03,60.15,62.32,499
2929,BIGBLOC.NS,46.0,46.55,32.05K,Non-Energy Minerals,Construction Materials,19.0,38.0,9.0,12.0,1.8964,1.895,95.98K,56.67K,80.0,38.0,6.51B,No,46.64,48.18,54.36,47.79,50.81,500
2930,VENTIVE.NS,591.5,596.75,11.39K,Consumer Services,Hotels/Resorts/Cruise Lines,19.0,28.0,23.0,10.0,15.175,15.0964,32.67K,22.39K,793.95,542.6,138.14B,No,615.93,626.25,675.83,622.4,647.32,405
2931,SCILAL.NS,40.6,40.9,126.47K,Miscellaneous,Miscellaneous,19.0,29.0,7.0,26.0,1.1057,1.095,306.43K,250.25K,55.0,34.3,18.91B,No,41.44,43.18,45.26,42.86,44.06,498
2932,FABTECH.NS,145.81,147.64,94.94K,Health Technology,Biotechnology,19.0,14.0,26.0,22.0,4.685,4.685,227.97K,72.91K,262.8,132.7,6.48B,No,149.85,153.19,174.63,153.34,153.85,212
2933,JAYKAY.NS,148.66,152.24,230.84K,Commercial Services,Miscellaneous Commercial Services,19.0,4.0,16.0,26.0,6.9436,6.9436,309.42K,180.88K,219.7,115.52,19.37B,No,161.41,170.6,,169.39,161.02,174
2934,GLANCE.BO,153.25,154.0,0.03K,Finance,Finance/Rental/Leasing,19.0,17.0,22.0,10.0,4.6536,3.6821,0.08K,0.13K,251.95,141.15,345.72M,No,153.87,157.99,181.21,156.76,175.72,497
2935,LOGICA.BO,164.0,154.55,16.80K,Retail Trade,Electronics/Appliance Stores,19.0,51.0,24.0,11.0,8.3143,7.2714,11.41K,18.48K,243.55,141.0,2.92B,No,159.33,164.36,192.88,164.19,182.01,496
2936,SJVN.NS,67.11,67.24,1125.71K,Utilities,Electric Utilities,19.0,29.0,18.0,31.0,1.1336,1.0829,2778.42K,2073.04K,101.45,63.02,263.73B,No,68.44,70.73,74.52,70.14,72.41,500
2937,WEBELSOLAR.NS,85.29,89.77,4071.16K,Electronic Technology,Semiconductors,19.0,6.0,5.0,60.0,3.4421,3.2007,2316.29K,1662.71K,143.3,50.4,37.03B,No,97.26,100.8,93.53,99.89,89.08,500
2938,MONEYBOXX.NS,60.0,62.0,28.23K,Finance,Regional Banks,19.0,32.0,8.0,58.0,3.2136,3.18,36.08K,21.03K,91.5,44.02,4.19B,No,59.84,64.18,66.53,63.02,65.1,204
2939,GINISILK.BO,55.11,58.98,0.20K,Process Industries,Textiles,19.0,34.0,23.0,28.0,3.0857,2.7893,1.15K,0.21K,87.0,42.51,308.21M,No,55.71,55.51,59.59,56.0,57.32,497
2940,MALLCOM.NS,981.35,992.0,1.29K,Consumer Non-Durables,Apparel/Footwear,19.0,28.0,28.0,22.0,36.7679,31.5072,4.26K,2.51K,1520.0,929.0,6.12B,No,1019.72,1023.68,1115.31,1028.45,1057.27,497
2941,AMBUJACEM.NS,421.0,424.0,5399.40K,Non-Energy Minerals,Construction Materials,19.0,41.0,40.0,13.0,10.9643,10.6286,2977.33K,2909.18K,605.45,394.0,1046.11B,No,433.01,428.49,482.4,430.15,450.36,500
2942,SUPERIRON.BO,36.3,38.2,8.40K,Non-Energy Minerals,Steel,18.0,14.0,9.0,34.0,1.2721,0.9007,14.69K,12.84K,59.41,24.0,849.19M,No,40.28,42.79,40.66,42.06,40.14,347
2943,EIDPARRY.NS,772.5,788.5,733.42K,Process Industries,Chemicals: Agricultural,18.0,61.0,34.0,18.0,22.2857,21.9071,375.80K,438.51K,1196.4,698.2,137.47B,No,777.46,750.93,872.8,749.11,804.72,499
2944,CHEMTECH.BO,74.59,72.47,37.58K,Producer Manufacturing,Industrial Machinery,18.0,50.0,9.0,52.0,4.035,3.9371,15.61K,13.23K,140.0,53.7,1.34B,No,71.84,73.04,79.82,73.36,74.31,497
2945,AASTAFIN.BO,32.69,33.36,10.70K,Finance,Finance/Rental/Leasing,18.0,20.0,12.0,42.0,2.5614,2.5586,18.08K,6.16K,51.0,27.8,507.92M,No,34.51,33.98,37.59,34.26,34.69,495
2946,ROSELABS.BO,20.31,20.83,0.02K,Finance,Real Estate Development,18.0,21.0,47.0,17.0,0.7779,0.7057,0.35K,0.40K,34.36,19.0,203.10M,No,22.16,21.67,22.59,21.51,21.94,496
2947,HINDTIN.BO,106.3,104.35,11.94K,Process Industries,Containers/Packaging,18.0,59.0,30.0,16.0,3.2,3.0179,6.18K,4.69K,162.0,87.05,1.11B,No,102.71,104.95,114.72,104.93,110.7,497
2948,INTERARCH.NS,1699.7,1689.9,41.86K,Producer Manufacturing,Building Products,18.0,24.0,10.0,12.0,63.5643,59.9857,84.56K,64.87K,2762.6,1600.0,28.51B,No,1804.34,1827.79,2009.41,1825.96,1865.74,489
2949,INNOVISION.NS,288.6,285.2,99.59K,Transportation,Other Transportation,18.0,48.0,25.0,,5.6179,5.6179,48.18K,15.20K,470.0,274.0,6.87B,No,285.81,288.06,,288.39,,99
2950,EY.BO,720.0,690.0,0.11K,Consumer Durables,Other Consumer Specialties,18.0,70.0,28.0,7.0,23.3464,13.9429,0.06K,0.03K,1061.3,621.65,1.44B,No,715.98,719.41,837.71,709.3,814.47,497
2951,LFIC.NS,138.07,140.53,4.44K,Finance,Financial Conglomerates,18.0,42.0,32.0,62.0,5.6357,5.5771,2.23K,0.98K,240.9,111.0,414.21M,No,141.7,143.85,152.77,143.4,137.98,497
2952,WHBRADY.BO,515.0,503.25,0.10K,Producer Manufacturing,Industrial Machinery,18.0,40.0,26.0,35.0,18.2964,17.2571,0.33K,0.25K,853.9,477.05,1.31B,No,517.2,528.1,571.81,527.0,536.74,497
2953,NIITMTS.NS,243.73,245.48,80.18K,Commercial Services,Miscellaneous Commercial Services,18.0,52.0,7.0,2.0,9.8736,9.615,567.42K,190.43K,443.9,203.3,33.59B,No,239.98,234.09,313.61,234.67,282.61,497
2954,ABRIL.BO,34.64,34.99,4.00K,Process Industries,Pulp & Paper,18.0,17.0,21.0,27.0,1.4657,1.125,6.74K,8.20K,56.9,25.5,276.49M,No,34.83,36.59,38.55,35.99,36.75,231
2955,HAWAENG.BO,82.9,78.43,0.05K,Producer Manufacturing,Industrial Machinery,18.0,66.0,42.0,39.0,5.5407,5.0671,0.43K,0.33K,131.65,63.4,292.34M,No,81.13,82.0,89.22,81.33,81.71,497
2956,NAGREEKEXP.NS,22.55,22.72,127.44K,Process Industries,Textiles,18.0,23.0,11.0,24.0,1.6486,1.6486,11.99K,20.43K,40.0,17.5,704.67M,No,22.82,24.85,25.66,24.42,24.88,497
2957,CEENIK.BO,242.7,246.85,0.66K,Consumer Non-Durables,Apparel/Footwear,18.0,98.0,32.0,16.0,15.0,14.8607,1.58K,0.70K,465.6,133.15,975.65M,No,257.51,210.56,277.53,216.06,246.55,497
2958,RCCL.BO,29.71,32.0,0.88K,Utilities,Gas Distributors,18.0,23.0,20.0,15.0,1.0093,0.93,0.28K,0.05K,44.89,27.5,99.87M,No,31.9,31.8,33.91,31.95,32.66,496
2959,MARBU.BO,44.5,45.4,0.89K,Finance,Real Estate Development,18.0,53.0,28.0,25.0,2.6179,2.2621,1.03K,1.50K,77.0,36.12,229.35M,No,43.99,43.83,47.62,43.98,45.97,496
2960,ATENPAPERS.BO,20.5,21.0,2.40K,Distribution Services,Wholesale Distributors,18.0,7.0,17.0,21.0,0.5857,0.4393,5.07K,4.08K,33.98,14.01,211.15M,No,21.29,22.36,22.45,22.19,21.19,285
2961,MONTECARLO.NS,500.45,504.15,58.68K,Consumer Non-Durables,Apparel/Footwear,18.0,17.0,18.0,19.0,15.7893,15.6071,50.66K,115.79K,860.95,464.0,10.38B,No,526.17,539.52,596.99,536.19,545.87,497
2962,KOHINOOR.NS,23.13,23.04,55.91K,Process Industries,Agricultural Commodities/Milling,18.0,30.0,23.0,35.0,0.7786,0.7721,93.51K,57.84K,35.83,19.2,857.46M,No,23.3,24.32,25.78,24.1,24.5,496
2963,KRSNAA.NS,573.75,574.8,147.61K,Health Services,Medical/Nursing Services,18.0,60.0,42.0,13.0,15.7607,15.7607,67.02K,75.50K,894.4,515.0,18.61B,No,548.52,545.73,640.4,547.02,590.02,500
2964,MYMONEY.BO,35.89,32.64,3.66K,Finance,Investment Banks/Brokers,18.0,12.0,22.0,23.0,2.7121,2.5729,0.66K,1.05K,54.9,30.85,602.96M,No,36.57,38.98,41.44,37.7,40.67,496
2965,SMR.BO,85.89,92.0,9.00K,Consumer Durables,Other Consumer Specialties,18.0,18.0,,,3.4971,1.98,14.96K,5.00K,115.0,75.85,1.60B,No,87.1,,,89.85,,48
2966,MINDTECK.NS,180.65,192.75,157.42K,Technology Services,Information Technology Services,18.0,9.0,13.0,14.0,6.8557,6.8014,90.00K,41.19K,307.68,145.13,5.77B,No,195.44,202.89,208.21,200.37,200.57,498
2967,SWADPOL.BO,36.99,38.6,3.76K,Process Industries,Textiles,18.0,57.0,61.0,32.0,2.445,2.3557,4.37K,3.73K,73.95,27.0,1.44B,No,37.19,36.75,41.5,36.87,36.44,497
2968,REFEXRENEW.BO,327.5,324.3,2.30K,Industrial Services,Engineering & Construction,18.0,69.0,55.0,67.0,0.6821,0.0,0.35K,0.27K,789.0,209.05,1.47B,No,319.87,312.27,330.87,314.02,291.5,495
2969,MANINFRA.NS,108.55,111.36,5028.75K,Finance,Real Estate Development,18.0,73.0,11.0,43.0,4.8343,4.5721,1973.57K,2378.31K,169.6,77.12,43.82B,No,103.52,105.7,114.21,104.68,106.26,498
2970,EUROBOND.NS,162.34,161.22,8.12K,Non-Energy Minerals,Aluminum,18.0,41.0,34.0,24.0,6.8386,6.8064,7.36K,9.31K,254.5,126.3,3.98B,No,162.07,168.18,175.16,168.44,169.11,498
2971,SAFARI.NS,1483.6,1500.2,26.11K,Consumer Durables,Other Consumer Specialties,18.0,16.0,46.0,7.0,51.1286,50.9286,86.43K,69.83K,2507.1,1363.1,72.69B,No,1558.73,1589.9,1815.0,1576.32,1623.34,497
2972,TEAMLEASE.NS,1257.2,1246.6,15.17K,Commercial Services,Personnel Services,18.0,15.0,34.0,24.0,31.15,31.1286,37.65K,47.34K,1944.3,1065.2,21.08B,No,1296.0,1368.87,1409.13,1360.7,1306.22,499
2973,CHLLTD.BO,28.0,28.0,1.11K,Consumer Services,Hotels/Resorts/Cruise Lines,18.0,63.0,20.0,23.0,1.3729,1.3143,1.06K,1.00K,44.6,25.1,1.53B,No,27.83,28.11,31.55,28.29,30.25,497
2974,UNISEM.BO,50.0,52.0,8.00K,Process Industries,Agricultural Commodities/Milling,18.0,54.0,13.0,23.0,0.9636,0.5364,5.87K,4.80K,67.91,45.83,566.60M,No,53.06,51.22,,51.34,56.35,161
2975,TRUECOLORS.BO,154.1,156.0,33.00K,Producer Manufacturing,Industrial Machinery,18.0,24.0,5.0,17.0,6.8179,6.6214,67.87K,24.66K,271.95,125.0,3.80B,No,156.24,156.13,180.19,156.51,163.81,215
2976,HCKKVENTURE.BO,34.8,35.6,0.07K,Technology Services,Packaged Software,18.0,94.0,3.0,59.0,2.3664,1.7907,1.33K,1.03K,50.15,25.18,129.11M,No,35.37,33.45,35.02,33.12,36.57,498
2977,WINSOMBR.BO,21.3,21.21,3.98K,Consumer Non-Durables,Beverages: Alcoholic,18.0,57.0,34.0,34.0,1.6857,1.6857,5.37K,5.06K,34.5,17.5,589.35M,No,20.25,21.26,23.71,20.99,21.85,497
2978,HINDHARD.BO,757.15,750.55,0.17K,Electronic Technology,Electronic Equipment/Instruments,18.0,14.0,36.0,39.0,34.225,29.95,0.62K,1.06K,1350.0,665.0,1.13B,No,799.62,813.98,858.25,803.94,807.9,497
2979,GOLDENTOBC.NS,24.51,24.28,0.66K,Finance,Real Estate Development,17.0,39.0,24.0,12.0,1.4121,1.4079,2.15K,1.76K,37.5,20.34,433.35M,No,24.82,25.33,28.54,25.4,26.71,498
2980,FORTISMLR.BO,49.01,49.38,3.06K,Health Services,Hospital/Nursing Management,17.0,30.0,18.0,22.0,1.5921,1.5921,7.39K,5.61K,76.0,40.75,918.53M,No,49.96,51.36,55.72,51.05,52.85,497
2981,TULSYAN.BO,31.17,32.81,4.59K,Non-Energy Minerals,Steel,17.0,84.0,7.0,30.0,1.8786,0.7907,3.89K,14.00K,49.35,17.1,519.50M,No,30.97,30.55,32.78,30.47,31.2,497
2982,SHILGRAVQ.BO,156.2,156.05,4.73K,Producer Manufacturing,Industrial Machinery,17.0,80.0,25.0,18.0,7.2714,6.6036,3.07K,3.27K,315.0,130.0,960.60M,No,147.58,150.99,181.99,149.72,163.88,497
2983,TRILIANCE.BO,41.99,40.01,0.01K,Finance,Investment Banks/Brokers,17.0,34.0,38.0,6.0,2.515,2.2321,0.41K,1.55K,115.34,24.32,214.57M,No,41.03,43.93,56.34,43.25,42.76,497
2984,GUJAPOLLO.NS,347.3,352.65,3.09K,Producer Manufacturing,Trucks/Construction/Farm Machinery,17.0,46.0,11.0,21.0,14.7214,14.35,10.40K,6.92K,556.0,336.6,4.50B,No,354.12,361.49,402.86,360.32,389.66,498
2985,GAJANANSEC.BO,52.9,52.96,2.38K,Finance,Investment Banks/Brokers,17.0,25.0,10.0,27.0,2.7971,2.72,5.81K,0.78K,81.48,40.0,164.10M,No,52.37,53.86,57.32,53.82,57.13,497
2986,IRCTC.NS,513.55,515.05,647.26K,Consumer Services,Other Consumer Services,17.0,62.0,29.0,15.0,9.9679,9.6286,924.41K,1124.05K,739.0,485.3,410.84B,No,503.94,508.95,584.65,509.36,542.33,500
2987,PHOENXINTL.BO,29.38,30.67,15.96K,Finance,Real Estate Development,17.0,48.0,29.0,15.0,2.0629,1.9329,3.44K,1.83K,48.99,25.25,493.28M,No,29.79,29.17,34.05,29.42,31.36,496
2988,INTLCOMBQ.BO,507.45,508.85,5.08K,Producer Manufacturing,Trucks/Construction/Farm Machinery,17.0,8.0,34.0,23.0,29.3679,27.1321,1.95K,3.07K,891.0,346.0,1.21B,No,560.21,528.38,543.46,534.26,500.82,495
2989,HDFCBANK.NS,729.0,729.0,26982.77K,Finance,Major Banks,17.0,11.0,36.0,10.0,9.85,9.3143,35289.47K,30523.48K,1020.5,722.0,11233.36B,No,750.99,773.63,861.82,774.51,805.67,500
2990,RHL.NS,170.0,169.72,0.92K,Consumer Services,Hotels/Resorts/Cruise Lines,17.0,25.0,35.0,35.0,5.2643,5.145,10.80K,4.44K,309.9,160.98,2.94B,No,171.61,175.97,190.49,174.21,179.72,498
2991,AROGRANITE.NS,25.1,25.49,6.76K,Non-Energy Minerals,Construction Materials,17.0,49.0,29.0,26.0,1.1293,1.1007,7.66K,13.89K,45.63,18.67,384.03M,No,25.25,25.36,27.77,25.38,25.75,498
2992,AHLADA.NS,41.45,39.83,35.52K,Producer Manufacturing,Building Products,17.0,75.0,29.0,16.0,1.7129,1.6936,11.29K,8.69K,72.0,31.22,535.58M,No,37.89,38.92,45.47,38.98,42.35,500
2993,SMLT.NS,68.75,69.45,4.05K,Non-Energy Minerals,Steel,17.0,56.0,36.0,42.0,2.6757,2.5836,11.87K,5.78K,122.85,56.61,941.17M,No,67.92,69.22,77.33,69.03,70.57,499
2994,CYIENT.NS,840.5,853.4,226.39K,Technology Services,Packaged Software,17.0,54.0,35.0,8.0,25.0714,24.5714,462.53K,504.75K,1284.7,750.3,87.49B,No,850.09,861.65,980.09,859.44,901.1,500
2995,DCMSHRIRAM.NS,993.7,1007.0,47.99K,Producer Manufacturing,Industrial Conglomerates,17.0,27.0,11.0,17.0,34.9714,34.2571,107.65K,354.79K,1414.4,945.1,153.88B,No,1023.6,1029.3,1130.04,1028.1,1084.94,499
2996,NLFL.BO,38.51,36.83,0.60K,Finance,Finance/Rental/Leasing,17.0,47.0,15.0,9.0,2.9629,2.8271,4.29K,8.68K,59.99,35.31,252.56M,No,38.82,39.12,44.5,38.85,42.88,496
2997,NIRAJISPAT.NS,211.0,199.41,0.03K,Producer Manufacturing,Miscellaneous Manufacturing,17.0,73.0,14.0,69.0,7.5579,6.0279,0.12K,0.06K,485.75,155.0,126.60M,No,200.25,202.94,222.32,203.19,222.92,496
2998,KPT.BO,492.7,497.15,3.48K,Consumer Durables,Tools & Hardware,17.0,7.0,29.0,24.0,25.6571,23.7214,6.42K,4.55K,790.0,335.0,1.68B,No,510.72,497.52,549.14,503.6,510.37,497
2999,UPL.NS,570.5,568.0,1452.24K,Process Industries,Chemicals: Agricultural,17.0,39.0,24.0,13.0,12.8786,12.4643,2240.17K,2270.89K,812.2,563.15,482.23B,No,596.98,599.67,673.38,597.83,635.58,500
3000,PRECAM.NS,134.83,140.57,178.28K,Producer Manufacturing,Auto Parts: Oem,17.0,18.0,11.0,32.0,4.5907,4.3407,298.03K,147.54K,262.0,103.98,12.81B,No,141.25,145.53,151.89,144.63,143.81,499
3001,DABUR.NS,411.25,412.65,1676.65K,Consumer Non-Durables,Household/Personal Care,17.0,19.0,16.0,13.0,8.7679,8.0821,2198.59K,2743.34K,577.0,403.35,729.54B,No,421.21,427.41,470.17,425.48,452.47,500
3002,FORBESCO.BO,302.95,286.25,9.88K,Producer Manufacturing,Industrial Machinery,17.0,63.0,21.0,10.0,16.3607,15.5786,4.38K,9.04K,462.75,242.2,3.91B,No,275.14,295.19,331.33,292.52,327.15,497
3003,PIONRINV.NS,89.02,89.0,0.13K,Finance,Investment Banks/Brokers,17.0,69.0,25.0,,4.4729,4.0929,11.57K,2.19K,135.44,77.01,,No,90.56,91.65,,90.3,,80
3004,BOMBWIR.BO,43.5,44.72,0.83K,Producer Manufacturing,Metal Fabrication,17.0,28.0,20.0,29.0,2.5714,2.115,0.64K,2.16K,64.99,35.56,232.27M,No,46.77,47.7,48.5,47.16,47.33,497
3005,KSCL.NS,788.15,799.0,89.60K,Process Industries,Agricultural Commodities/Milling,17.0,14.0,10.0,18.0,24.325,24.325,200.64K,139.57K,1225.0,705.1,40.23B,No,809.12,854.05,900.14,845.71,862.16,499
3006,CITYSQUARE.BO,110.0,107.3,0.80K,Retail Trade,Food Retail,17.0,2.0,1.0,3.0,1.625,0.3821,1.17K,0.72K,222.2,78.81,976.79M,No,117.08,124.47,155.61,121.37,166.75,225
3007,VISVEN.BO,43.0,43.42,0.10K,Commercial Services,Miscellaneous Commercial Services,17.0,46.0,65.0,5.0,3.1207,2.8843,1.33K,0.92K,77.58,33.15,134.08M,No,39.51,39.7,49.18,40.1,44.79,497
3008,BATAINDIA.NS,715.15,699.85,3783.09K,Consumer Non-Durables,Apparel/Footwear,17.0,70.0,50.0,14.0,21.75,20.9571,494.14K,469.73K,1282.5,605.0,91.92B,No,702.38,695.9,804.2,703.44,727.01,500
3009,SHRADHA.NS,33.73,33.73,19.49K,Industrial Services,Engineering & Construction,17.0,63.0,31.0,20.0,1.2064,1.2064,82.12K,27.24K,65.02,26.34,1.98B,No,34.62,34.31,37.47,34.27,35.49,498
3010,ZENSARTECH.NS,494.45,500.6,477.49K,Technology Services,Packaged Software,17.0,78.0,38.0,7.0,17.8607,17.4536,4526.03K,1555.15K,868.95,423.0,112.12B,No,510.39,483.85,592.06,489.6,534.36,500
3011,SANOFI.NS,3243.6,3303.2,20.84K,Health Technology,Pharmaceuticals: Major,17.0,33.0,46.0,12.0,64.0714,61.6143,26.84K,39.11K,5291.0,3054.0,74.70B,No,3365.43,3342.37,3755.41,3335.85,3482.66,499
3012,CHEMCRUX.BO,87.74,89.35,2.99K,Process Industries,Chemicals: Major Diversified,17.0,52.0,36.0,28.0,5.29,4.6157,7.08K,15.08K,158.6,64.0,1.30B,No,90.65,89.91,97.14,89.64,90.36,497
3013,LORDSCHLO.NS,137.71,140.54,14.11K,Process Industries,Chemicals: Specialty,17.0,53.0,39.0,44.0,8.4721,8.1129,19.45K,30.75K,233.0,108.0,3.95B,No,144.31,138.06,150.65,138.8,137.0,497
3014,MANBRO.BO,52.43,51.34,29.88K,Consumer Non-Durables,Apparel/Footwear,17.0,69.0,2.0,4.0,2.6957,2.6486,144.48K,135.03K,99.4,36.38,5.32B,No,52.09,55.72,62.77,54.74,70.47,498
3015,RDEL.BO,36.8,36.82,1.20K,Producer Manufacturing,Office Equipment/Supplies,17.0,67.0,47.0,29.0,1.34,0.6629,3.35K,7.92K,80.0,23.5,317.95M,No,34.16,34.41,,33.8,35.24,163
3016,PRABHA.NS,158.6,159.96,40.44K,Energy Minerals,Oil & Gas Production,16.0,70.0,50.0,45.0,6.6243,6.3986,59.04K,60.43K,275.0,137.91,23.25B,No,149.09,152.48,168.45,151.54,157.41,347
3017,ENKEIWHEL.BO,382.9,384.05,2.08K,Producer Manufacturing,Auto Parts: Oem,16.0,62.0,20.0,16.0,17.9607,15.9964,5.51K,11.18K,568.0,319.0,6.88B,No,370.64,378.64,434.55,379.7,406.23,497
3018,GHCL.NS,431.35,432.25,86.37K,Process Industries,Textiles,16.0,52.0,16.0,14.0,8.1893,8.1893,250.95K,160.34K,667.2,416.6,39.54B,No,436.03,435.72,502.12,433.66,464.32,500
3019,KAKATCEM.NS,107.38,108.72,3.40K,Non-Energy Minerals,Construction Materials,16.0,25.0,10.0,34.0,4.525,4.4564,2.20K,3.36K,165.55,85.0,834.76M,No,118.31,119.81,122.28,119.11,116.42,499
3020,EMAMIREAL.NS,76.82,75.87,7.24K,Finance,Real Estate Development,16.0,34.0,5.0,56.0,3.505,3.4493,12.09K,11.78K,129.0,48.2,4.00B,No,77.68,81.87,79.63,80.7,76.6,499
3021,ROHLTD.NS,307.4,312.2,19.46K,Consumer Services,Hotels/Resorts/Cruise Lines,16.0,26.0,28.0,20.0,10.175,10.0964,30.34K,21.46K,593.4,269.4,8.43B,No,316.46,322.78,361.88,321.02,335.37,497
3022,RADIANTCMS.NS,38.09,38.23,48.52K,Commercial Services,Miscellaneous Commercial Services,16.0,45.0,18.0,16.0,1.1229,1.1036,119.81K,106.20K,62.3,32.33,4.06B,No,37.67,38.47,43.53,38.5,39.68,500
3023,STRGRENWO.BO,21.7,21.71,0.01K,Finance,Real Estate Development,16.0,58.0,64.0,7.0,0.2393,0.0593,0.19K,0.03K,39.25,16.25,92.00M,No,22.05,20.89,24.15,20.89,21.53,498
3024,POEL.BO,163.9,165.55,15.55K,Process Industries,Chemicals: Specialty,16.0,11.0,15.0,35.0,5.6036,5.5464,40.54K,36.22K,278.95,142.0,5.04B,No,171.39,172.83,183.12,173.45,176.8,496
3025,DEFRAIL.BO,69.8,69.0,8.00K,Producer Manufacturing,Miscellaneous Manufacturing,16.0,43.0,17.0,3.0,0.5964,0.1964,7.10K,1.76K,122.0,64.55,490.30M,No,69.44,71.71,,70.5,80.86,140
3026,EKI.BO,80.67,82.0,17.93K,Utilities,Electric Utilities,16.0,44.0,23.0,13.0,2.82,2.7743,19.88K,9.58K,121.9,60.0,2.23B,No,83.72,84.9,92.06,85.02,87.31,497
3027,APCL.NS,103.68,104.27,8.24K,Non-Energy Minerals,Construction Materials,16.0,47.0,29.0,6.0,4.0043,3.965,8.07K,6.47K,152.0,98.35,3.05B,No,103.13,107.0,118.89,105.11,115.99,498
3028,ASHSI.BO,22.67,22.71,1.01K,Non-Energy Minerals,Steel,16.0,70.0,32.0,17.0,1.7986,1.7986,2.23K,2.37K,37.2,17.0,283.38M,No,22.23,22.73,25.58,22.84,23.75,497
3029,NCC.NS,143.41,144.76,1040.22K,Consumer Durables,Homebuilding,16.0,50.0,16.0,35.0,3.6721,3.3229,1912.55K,1867.90K,225.09,130.0,90.04B,No,141.55,146.34,156.39,146.3,149.38,499
3030,HBSL.NS,57.55,57.48,2.96K,Finance,Investment Banks/Brokers,16.0,78.0,25.0,26.0,3.6621,3.1693,3.29K,7.21K,108.8,42.63,410.77M,No,51.67,51.97,62.46,52.38,55.83,499
3031,KANCOTEA.BO,51.39,52.73,0.51K,Process Industries,Agricultural Commodities/Milling,16.0,44.0,6.0,8.0,3.3657,3.2436,0.93K,0.75K,74.95,45.0,263.26M,No,48.73,52.01,62.1,51.28,59.91,497
3032,ABMKNO.NS,199.32,197.95,2.16K,Technology Services,Packaged Software,16.0,20.0,22.0,,9.1836,9.0407,2.83K,0.97K,254.9,182.5,,No,194.95,204.83,,202.33,,80
3033,UNIAUTO.BO,53.0,51.51,2.88K,Non-Energy Minerals,Steel,16.0,62.0,24.0,33.0,4.265,4.2107,9.27K,7.67K,74.95,41.9,659.03M,No,52.57,52.36,57.33,51.98,54.67,497
3034,WEIZMANIND.NS,77.94,77.98,0.89K,Process Industries,Textiles,16.0,40.0,18.0,42.0,2.4036,2.38,2.64K,1.44K,122.5,65.21,1.21B,No,78.02,80.87,87.93,80.62,81.9,499
3035,TRANSFRE.BO,19.4,19.4,0.00K,Process Industries,Containers/Packaging,16.0,30.0,18.0,5.0,2.0443,2.0443,1.44K,1.30K,32.0,17.13,141.28M,No,20.17,20.8,22.57,20.45,21.72,497
3036,SWANAGRO.BO,44.0,44.0,4.00K,Producer Manufacturing,Trucks/Construction/Farm Machinery,16.0,38.0,42.0,23.0,1.1214,0.635,4.29K,3.20K,73.0,38.5,836.71M,No,42.69,43.63,49.96,43.68,44.97,496
3037,TEXELIN.BO,68.19,68.99,5.45K,Consumer Durables,Home Furnishings,16.0,19.0,36.0,24.0,3.8936,3.8379,27.96K,8.11K,124.65,55.98,960.89M,No,71.46,69.84,76.99,70.32,73.56,497
3038,PROZONER.NS,41.97,42.58,146.56K,Finance,Real Estate Development,16.0,32.0,11.0,19.0,2.215,2.1921,236.87K,142.67K,72.77,39.31,6.40B,No,42.82,45.47,51.93,44.71,49.5,498
3039,JKAGRI.BO,305.0,303.0,0.19K,Process Industries,Agricultural Commodities/Milling,16.0,23.0,23.0,19.0,17.5607,17.4929,1.30K,4.42K,577.0,282.0,1.43B,No,310.71,315.09,351.06,313.81,327.98,497
3040,SHARDACROP.NS,797.85,806.4,142.88K,Distribution Services,Wholesale Distributors,16.0,11.0,4.0,5.0,23.3429,23.0536,374.96K,293.32K,1297.0,755.55,71.98B,No,847.91,877.92,941.72,872.98,978.68,499
3041,DAVIN.BO,28.0,28.0,2.00K,Consumer Non-Durables,Apparel/Footwear,16.0,52.0,31.0,7.0,1.3314,0.7386,3.37K,1.80K,61.09,24.5,185.16M,No,30.98,30.81,36.81,29.34,32.25,393
3042,AMKAY.BO,46.0,47.99,4.00K,Health Technology,Medical Specialties,16.0,36.0,10.0,5.0,0.3143,0.0293,2.92K,1.00K,81.99,39.22,398.16M,No,48.89,51.67,56.76,50.65,56.38,498
3043,VAHH.BO,54.5,54.0,4.00K,Process Industries,Chemicals: Major Diversified,16.0,11.0,,,1.5557,1.4686,81.57K,8.60K,73.98,47.0,452.67M,No,52.58,,,57.67,,45
3044,CONTILI.BO,20.39,19.66,2.40K,Distribution Services,Food Distributors,16.0,32.0,17.0,36.0,2.1543,2.0943,3.20K,2.26K,42.0,19.21,315.47M,No,21.08,21.88,24.79,21.78,23.72,497
3045,APOLLOFI.BO,326.9,333.9,1.91K,Finance,Finance/Rental/Leasing,16.0,21.0,24.0,13.0,11.8786,10.8786,0.69K,0.43K,587.1,299.0,1.22B,No,341.27,343.11,377.44,346.02,358.93,497
3046,ONIXSOLAR.BO,437.75,460.75,2.94K,Producer Manufacturing,Industrial Machinery,16.0,1.0,1.0,2.0,18.9571,8.2036,62.66K,46.05K,1125.9,226.1,16.14B,No,579.66,629.9,621.85,605.76,719.05,497
3047,ACML.BO,32.33,32.33,2.00K,Retail Trade,Food Retail,16.0,53.0,47.0,12.0,0.5243,0.2157,1.35K,2.10K,57.87,29.5,473.11M,No,31.94,32.74,36.95,32.79,34.15,499
3048,DCW.NS,45.97,46.62,642.12K,Process Industries,Chemicals: Specialty,16.0,27.0,27.0,45.0,1.235,1.2014,1111.90K,749.76K,81.31,37.11,13.57B,No,46.52,47.55,50.85,47.5,46.37,500
3049,MBLINFRA.NS,24.57,24.52,23.48K,Industrial Services,Engineering & Construction,16.0,25.0,23.0,36.0,1.12,1.105,65.55K,27.30K,52.48,18.37,3.79B,No,25.03,26.09,28.61,25.58,25.63,498
3050,RRFIN.BO,73.99,74.67,1.06K,Finance,Insurance Brokers/Services,16.0,7.0,28.0,22.0,5.1121,4.6243,3.36K,2.68K,263.7,49.62,818.38M,No,75.86,75.64,111.61,77.82,82.56,496
3051,EMAMILTD.NS,397.25,402.3,406.84K,Consumer Non-Durables,Household/Personal Care,16.0,29.0,21.0,13.0,10.425,10.0,620.03K,723.67K,634.2,376.4,173.40B,No,406.09,405.25,459.04,406.79,430.45,500
3052,SHETR.BO,94.95,91.15,0.24K,Process Industries,Containers/Packaging,15.0,64.0,17.0,14.0,4.3614,4.1993,1.93K,0.57K,162.9,83.8,854.86M,No,94.12,93.99,107.29,94.03,101.03,497
3053,ARTEFACT.BO,53.04,53.93,6.95K,Industrial Services,Engineering & Construction,15.0,38.0,15.0,22.0,1.7993,1.5743,4.15K,4.15K,81.89,51.56,385.87M,No,53.53,54.86,59.89,54.74,58.87,497
3054,BAJAJST.NS,367.9,379.05,25.04K,Process Industries,Agricultural Commodities/Milling,15.0,19.0,15.0,,21.4143,21.05,24.45K,24.27K,487.0,350.05,,No,391.68,392.85,,396.72,,79
3055,ABFRL.NS,57.16,58.63,5129.25K,Retail Trade,Apparel/Footwear Retail,15.0,37.0,19.0,22.0,2.4764,2.2893,5914.71K,12104.81K,94.95,53.51,69.55B,No,59.02,59.67,66.94,59.8,62.44,500
3056,INDIASHLTR.NS,682.75,646.85,352.86K,Finance,Finance/Rental/Leasing,15.0,8.0,12.0,17.0,26.0964,24.6179,117.69K,205.71K,968.75,640.7,74.32B,No,735.96,759.37,788.97,757.68,762.35,498
3057,CENLUB.BO,199.95,201.1,1.42K,Producer Manufacturing,Industrial Machinery,15.0,28.0,27.0,54.0,10.4607,10.4607,7.07K,4.95K,419.95,137.0,932.35M,No,207.34,219.41,219.0,216.39,210.24,497
3058,NVENTURES.BO,89.9,89.5,0.75K,Distribution Services,Wholesale Distributors,15.0,6.0,14.0,13.0,3.4214,2.3321,27.68K,6.00K,163.3,64.5,419.83M,No,87.99,99.18,106.44,99.85,105.5,497
3059,APOORVA.BO,28.55,28.01,0.01K,Finance,Financial Conglomerates,15.0,4.0,6.0,31.0,1.1557,0.9957,0.34K,0.15K,42.25,27.91,570.28M,No,30.49,32.04,34.41,31.63,34.36,497
3060,NDASEC.BO,28.46,27.05,0.27K,Finance,Investment Banks/Brokers,15.0,10.0,11.0,36.0,1.685,1.4436,5.07K,3.07K,54.75,24.3,169.29M,No,30.4,30.87,33.97,30.5,33.81,496
3061,IRCON.NS,126.18,128.14,1395.62K,Industrial Services,Engineering & Construction,15.0,37.0,10.0,12.0,2.7979,2.7129,1670.21K,1347.28K,189.5,114.5,118.67B,No,128.46,131.98,146.9,131.1,139.45,500
3062,POOJAENT.BO,73.0,72.0,16.20K,Consumer Services,Movies/Entertainment,15.0,28.0,31.0,71.0,4.5164,4.4464,11.05K,18.51K,161.6,47.0,4.67B,No,73.09,74.14,72.37,73.86,70.87,496
3063,PGCRL.BO,107.45,112.95,0.60K,Consumer Services,Hotels/Resorts/Cruise Lines,15.0,90.0,8.0,31.0,4.4143,3.1964,13.14K,9.00K,183.65,82.1,287.65M,No,108.54,115.7,126.83,113.6,118.67,496
3064,CAPACITE.NS,209.05,211.12,161.34K,Industrial Services,Engineering & Construction,15.0,11.0,13.0,37.0,6.7393,6.4336,535.89K,560.61K,334.0,180.0,17.69B,No,217.38,230.45,242.2,228.18,230.48,500
3065,EMBDL.NS,61.96,64.72,3860.33K,Finance,Real Estate Development,15.0,35.0,24.0,37.0,2.2586,2.2457,2923.23K,2727.57K,105.7,39.46,,No,62.37,62.24,63.5,62.46,58.88,500
3066,JISLDVREQS.NS,21.05,21.66,27.59K,Producer Manufacturing,Trucks/Construction/Farm Machinery,15.0,15.0,24.0,31.0,1.4107,1.4029,37.07K,85.70K,35.48,18.5,15.44B,No,22.0,22.99,24.64,23.13,23.06,499
3067,BAJAJELEC.NS,363.95,360.35,332.40K,Consumer Durables,Electronics/Appliances,15.0,79.0,26.0,25.0,15.375,15.2929,446.55K,1699.70K,653.8,301.0,42.00B,No,342.28,330.0,395.62,334.74,359.34,500
3068,NIPPOBATRY.NS,327.95,332.5,2.35K,Producer Manufacturing,Electrical Products,15.0,34.0,6.0,20.0,11.3357,11.0893,5.16K,3.07K,505.9,257.0,2.46B,No,328.76,341.33,365.16,336.66,340.84,498
3069,BIRLACORPN.NS,904.4,898.2,37.43K,Non-Energy Minerals,Construction Materials,15.0,31.0,29.0,17.0,26.25,26.1357,93.89K,108.37K,1346.1,769.6,69.64B,No,933.95,961.33,1008.37,960.11,959.09,499
3070,GOODYEAR.NS,810.85,778.25,22.70K,Consumer Durables,Automotive Aftermarket,15.0,67.0,58.0,,26.7179,24.3572,13.76K,32.56K,1273.7,711.25,18.70B,No,821.52,785.27,,790.77,,86
3071,DUNCANENG.BO,353.65,351.55,0.38K,Producer Manufacturing,Industrial Machinery,15.0,23.0,19.0,13.0,19.0071,17.8607,0.61K,1.69K,539.0,319.3,1.31B,No,376.25,372.82,414.52,372.09,395.22,498
3072,GARWAMAR.BO,20.61,21.1,10.18K,Producer Manufacturing,Trucks/Construction/Farm Machinery,15.0,23.0,20.0,14.0,0.7786,0.7786,5.33K,4.67K,36.5,18.32,118.84M,No,21.26,21.57,24.7,21.48,23.2,497
3073,ATAM.NS,64.88,63.29,8.26K,Producer Manufacturing,Industrial Machinery,15.0,26.0,12.0,22.0,2.4543,2.4086,8.32K,5.45K,111.0,48.5,743.72M,No,65.8,68.44,73.48,67.83,67.46,499
3074,TYCHE.BO,106.2,126.3,93.32K,Health Technology,Pharmaceuticals: Major,15.0,8.0,9.0,41.0,6.775,6.3786,7.25K,5.88K,148.0,99.0,1.09B,No,125.08,126.44,121.38,123.91,120.81,497
3075,DGCONTENT.NS,24.87,25.53,50.11K,Commercial Services,Commercial Printing/Forms,15.0,28.0,7.0,33.0,1.6171,1.5936,23.08K,47.81K,42.07,21.61,1.44B,No,24.99,25.86,28.77,25.73,26.71,498
3076,DAMCAPITAL.NS,146.15,152.38,577.38K,Finance,Regional Banks,15.0,32.0,29.0,17.0,4.3621,4.0529,595.25K,233.41K,286.0,119.22,10.33B,No,156.0,153.16,174.15,153.25,152.74,406
3077,YASHCHEM.BO,50.0,49.24,0.34K,Process Industries,Chemicals: Specialty,15.0,30.0,23.0,13.0,4.0543,3.88,2.10K,3.10K,111.0,39.96,512.17M,No,49.97,50.6,65.4,50.96,55.52,497
3078,VSTL.NS,106.21,106.69,10.59K,Non-Energy Minerals,Steel,15.0,22.0,13.0,24.0,3.3786,3.3786,12.36K,17.85K,187.24,100.8,2.01B,No,110.01,113.78,121.97,113.04,116.5,499
3079,ENIL.NS,101.33,101.59,51.25K,Consumer Services,Broadcasting,15.0,31.0,13.0,23.0,3.5536,3.5479,29.29K,30.94K,174.58,98.57,4.83B,No,106.26,107.63,113.65,106.43,109.26,499
3080,MEDIASSIST.NS,352.05,346.25,124.68K,Finance,Investment Managers,15.0,40.0,36.0,23.0,12.925,12.75,140.38K,147.45K,575.55,293.0,26.30B,No,353.95,359.32,398.23,360.4,361.79,498
3081,PRIMEFRESH.BO,181.55,186.8,6.88K,Transportation,Other Transportation,15.0,5.0,15.0,3.0,15.1786,15.1536,10.46K,8.95K,324.5,145.0,2.52B,No,191.35,206.7,236.06,203.96,227.09,496
3082,ARIHANTSUP.NS,258.05,260.45,3.72K,Finance,Real Estate Development,15.0,44.0,35.0,33.0,7.1571,7.1571,183.49K,15.00K,465.0,188.8,11.16B,No,260.88,260.81,285.76,261.43,257.0,498
3083,ADTECH.BO,53.42,53.89,1.65K,Electronic Technology,Semiconductors,15.0,11.0,7.0,27.0,3.2829,3.2829,3.89K,3.38K,99.95,47.0,636.43M,No,54.71,57.58,62.27,56.71,57.88,495
3084,SUMMITSEC.NS,1446.3,1463.9,3.75K,Miscellaneous,Investment Trusts,15.0,26.0,21.0,15.0,44.7357,44.1,3.79K,6.79K,2495.0,1312.0,15.83B,No,1496.18,1514.27,1719.33,1511.25,1580.92,500
3085,TEAMGTY.NS,220.28,224.8,28.11K,Finance,Financial Conglomerates,15.0,32.0,21.0,14.0,14.7557,13.985,3.64K,3.72K,332.55,210.0,1.98B,No,222.68,230.73,255.89,228.16,248.68,498
3086,SHRDAIS.BO,154.65,157.0,0.69K,Non-Energy Minerals,Steel,15.0,58.0,37.0,24.0,11.375,11.1071,1.17K,1.79K,305.0,125.0,785.13M,No,159.45,163.84,174.42,161.79,162.58,496
3087,GOKAKTEX.BO,60.97,59.5,0.58K,Process Industries,Textiles,15.0,31.0,26.0,23.0,1.9543,1.7314,1.09K,0.80K,100.0,52.59,396.26M,No,60.34,63.44,68.45,63.31,65.43,497
3088,VERITAS.BO,169.95,166.65,1.57K,Distribution Services,Wholesale Distributors,14.0,27.0,45.0,30.0,5.4786,5.4607,4.76K,3.31K,386.9,132.2,4.56B,No,173.27,172.68,183.95,174.46,169.27,497
3089,SHAKTIPUMP.NS,510.25,510.6,302.52K,Producer Manufacturing,Industrial Machinery,14.0,11.0,34.0,15.0,10.8321,9.6536,1077.32K,319.58K,915.0,456.35,62.96B,No,527.82,546.65,595.86,546.91,545.32,500
3090,GODREJCP.NS,910.0,1025.0,22523.31K,Consumer Non-Durables,Household/Personal Care,14.0,5.0,22.0,9.0,31.25,25.0071,1154.18K,925.97K,1309.0,907.8,931.21B,No,1055.17,1045.39,1106.91,1039.56,1074.57,500
3091,SWANCORP.NS,307.7,311.25,1125.19K,Utilities,Electric Utilities,14.0,34.0,21.0,8.0,6.0643,6.0429,909.11K,744.40K,506.0,295.65,96.45B,No,309.95,314.39,375.32,312.75,339.79,500
3092,SHREERAMA.NS,38.38,38.09,115.33K,Process Industries,Containers/Packaging,14.0,11.0,7.0,4.0,1.6621,1.6536,93.36K,65.04K,71.99,37.62,5.12B,No,39.6,41.74,50.38,41.55,47.25,499
3093,JARO.NS,444.4,441.4,56.56K,Technology Services,Internet Software/Services,14.0,6.0,71.0,23.0,15.6143,15.4786,270.91K,89.71K,890.0,383.5,9.90B,No,469.78,505.84,506.31,496.86,478.01,215
3094,ELEMARB.BO,175.0,175.7,0.23K,Producer Manufacturing,Building Products,14.0,31.0,8.0,20.0,7.6357,7.25,0.40K,0.22K,250.0,132.7,518.52M,No,176.44,182.1,198.19,181.16,189.7,497
3095,ACME.BO,28.33,29.17,0.86K,Finance,Finance/Rental/Leasing,14.0,27.0,18.0,22.0,1.4993,1.4593,1.15K,1.01K,42.16,27.76,729.33M,No,29.81,30.14,33.35,29.92,30.85,497
3096,FOCUS.NS,67.22,67.69,18.30K,Producer Manufacturing,Electrical Products,14.0,3.0,8.0,39.0,2.9243,2.8907,83.74K,31.65K,99.9,57.06,4.52B,No,71.13,81.34,76.1,79.16,74.84,498
3097,INDIAMART.NS,1784.6,1784.3,139.88K,Retail Trade,Internet Retail,14.0,19.0,18.0,12.0,38.35,38.35,112.05K,159.67K,2685.0,1730.0,1073.31B,No,1804.71,1906.8,2117.11,1887.38,2026.94,500
3098,ANNAPURNA.NS,147.2,160.95,66.22K,Consumer Non-Durables,Food: Specialty/Candy,14.0,82.0,38.0,9.0,9.5321,9.0857,61.51K,121.38K,287.0,120.75,2.59B,No,136.7,134.63,177.7,135.4,158.78,498
3099,SRAMSET.BO,293.1,281.0,2.19K,Finance,Investment Managers,14.0,66.0,34.0,31.0,17.45,17.4179,3.34K,3.90K,538.9,251.2,4.98B,No,287.66,287.39,331.45,288.9,302.51,497
3100,SEMAC.NS,301.2,305.1,0.20K,Producer Manufacturing,Trucks/Construction/Farm Machinery,14.0,17.0,47.0,75.0,10.4143,9.0607,0.94K,0.33K,568.0,205.0,938.93M,No,312.14,326.44,304.56,321.35,291.4,498
3101,MANIVENI.BO,33.23,35.31,10.00K,Process Industries,Agricultural Commodities/Milling,14.0,37.0,,,1.6821,1.4364,95.88K,5.60K,44.66,26.65,650.39M,No,31.57,34.83,,33.89,,52
3102,MGIL.BO,36.5,36.65,2.33K,Finance,Investment Banks/Brokers,14.0,18.0,7.0,9.0,1.9864,1.9436,1.53K,2.46K,88.02,26.51,182.51M,No,38.5,39.06,45.58,38.44,40.85,496
3103,MHRIL.NS,224.88,225.57,57.14K,Consumer Services,Other Consumer Services,14.0,35.0,37.0,8.0,7.1771,6.9464,385.11K,133.46K,368.9,207.9,45.35B,No,223.9,228.82,269.5,229.45,249.27,499
3104,STRATMONT.BO,62.22,59.87,0.06K,Energy Minerals,Coal,14.0,74.0,58.0,66.0,3.3457,3.1371,3.26K,0.64K,103.95,45.31,1.77B,No,60.45,61.44,63.97,61.2,63.84,497
3105,MTL.BO,86.0,87.3,4.80K,Retail Trade,Electronics/Appliance Stores,14.0,57.0,13.0,,4.2021,2.41,21.79K,18.00K,127.26,76.0,898.84M,No,91.13,91.08,,89.35,,75
3106,RAMAPHO.NS,122.97,122.52,7.83K,Process Industries,Chemicals: Agricultural,14.0,40.0,25.0,13.0,5.9114,5.8536,40.68K,45.84K,217.19,103.5,4.35B,No,125.42,125.41,143.95,126.04,129.72,498
3107,NATHIND.BO,50.3,51.5,2.37K,Process Industries,Pulp & Paper,14.0,66.0,33.0,16.0,3.0286,2.9,1.70K,2.02K,90.0,42.0,955.70M,No,49.05,48.53,56.66,48.51,51.87,496
3108,CSURGSU.BO,82.05,85.0,0.09K,Health Technology,Medical Specialties,14.0,58.0,19.0,25.0,3.8879,2.905,0.13K,0.18K,189.0,73.04,299.34M,No,81.63,79.96,91.84,79.47,87.73,496
3109,ASSOCER.BO,160.85,162.1,0.27K,Non-Energy Minerals,Construction Materials,14.0,46.0,25.0,23.0,6.7964,4.8179,0.04K,0.04K,246.8,140.0,328.89M,No,167.65,169.88,190.54,169.01,179.49,495
3110,KALPATARU.NS,285.65,287.0,66.67K,Finance,Real Estate Development,14.0,43.0,8.0,18.0,11.5643,10.4429,207.22K,417.63K,429.3,258.0,58.82B,No,281.27,298.88,327.53,294.73,313.0,277
3111,CSBBANK.NS,319.2,324.55,247.25K,Finance,Major Banks,14.0,14.0,22.0,10.0,8.0607,8.0536,487.89K,381.16K,574.4,315.25,54.10B,No,337.74,347.71,391.12,344.48,370.55,500
3112,AEL.BO,111.4,111.05,5.32K,Producer Manufacturing,Metal Fabrication,14.0,20.0,24.0,8.0,4.6857,4.6393,8.35K,6.45K,178.0,94.0,1.41B,No,111.21,115.49,136.49,114.97,124.56,497
3113,DAULAT.BO,26.87,26.7,0.31K,Finance,Investment Banks/Brokers,14.0,19.0,11.0,19.0,1.66,1.4857,1.23K,1.19K,42.0,24.1,134.35M,No,27.7,28.68,30.78,28.7,29.7,497
3114,KGES.BO,32.0,32.0,3.00K,Commercial Services,Miscellaneous Commercial Services,14.0,74.0,6.0,11.0,0.0521,0.0,0.87K,0.87K,65.58,28.38,67.41M,No,31.67,30.15,41.29,30.49,36.59,497
3115,RAYALEMA.BO,28.72,29.19,0.98K,Consumer Services,Hotels/Resorts/Cruise Lines,14.0,47.0,27.0,21.0,2.7929,2.6771,1.44K,1.16K,50.97,22.1,569.58M,No,29.08,29.96,33.41,29.76,30.55,496
3116,GLOBALVECT.NS,157.53,162.8,8.96K,Industrial Services,Oilfield Services/Equipment,14.0,52.0,18.0,29.0,9.3257,9.0679,13.53K,28.78K,248.0,129.0,2.21B,No,158.93,160.22,178.35,159.34,166.73,498
3117,HGM.NS,48.11,48.66,5.29K,Technology Services,Data Processing Services,14.0,35.0,9.0,11.0,3.5464,3.5464,8.19K,7.64K,82.4,43.6,605.94M,No,49.22,51.37,58.76,50.4,53.81,499
3118,CUBEXTUB.NS,79.11,79.79,42.15K,Non-Energy Minerals,Other Metals/Minerals,14.0,36.0,8.0,3.0,2.5643,2.4886,98.28K,37.85K,143.69,73.1,1.13B,No,78.37,81.44,93.82,80.86,92.15,499
3119,SAINIK.BO,34.48,36.04,8.76K,Finance,Finance/Rental/Leasing,14.0,14.0,15.0,21.0,4.47,4.0993,1.12K,3.67K,63.09,27.05,375.14M,No,37.05,37.79,38.71,37.38,37.94,497
3120,DRONACHRYA.BO,36.7,35.6,19.00K,Electronic Technology,Aerospace & Defense,14.0,18.0,10.0,48.0,1.1536,1.1457,54.40K,29.20K,79.99,28.97,880.38M,No,36.48,39.13,40.97,38.55,37.11,497
3121,KSR.NS,26.8,27.11,9.69K,Consumer Non-Durables,Apparel/Footwear,14.0,10.0,4.0,43.0,1.8143,1.8143,18.44K,11.99K,39.1,14.04,492.54M,No,29.06,30.43,,30.29,32.32,176
3122,MAHAPEXLTD.NS,56.84,52.98,146.89K,Finance,Finance/Rental/Leasing,14.0,94.0,64.0,2.0,3.225,3.0493,14.63K,15.67K,117.89,42.0,1.60B,No,45.79,46.47,71.29,46.72,60.2,497
3123,SEVL.BO,38.33,39.8,9.60K,Consumer Durables,Motor Vehicles,14.0,42.0,7.0,3.0,1.7,1.6086,13.96K,7.08K,82.12,32.7,473.71M,No,38.02,39.71,51.47,39.18,47.59,277
3124,AZADIND.BO,96.39,96.66,16.20K,Non-Energy Minerals,Steel,14.0,77.0,23.0,19.0,4.7107,4.6,7.89K,23.31K,176.8,75.15,5.25B,No,91.74,95.69,112.51,95.85,97.63,497
3125,HPL.NS,322.25,326.15,101.60K,Electronic Technology,Electronic Equipment/Instruments,14.0,21.0,14.0,38.0,9.3179,8.325,196.60K,85.49K,597.65,255.55,20.72B,No,338.05,352.08,361.35,349.59,339.9,500
3126,VIKRAN.NS,66.12,73.64,7665.38K,Industrial Services,Engineering & Construction,13.0,12.0,20.0,9.0,2.2086,1.8236,3961.30K,1232.32K,118.4,51.1,17.05B,No,71.81,72.25,79.89,71.69,71.03,236
3127,SUNCLAY.NS,1188.4,1221.4,10.97K,Producer Manufacturing,Auto Parts: Oem,13.0,12.0,10.0,32.0,61.7929,60.8857,9.94K,18.08K,1942.0,1112.8,26.20B,No,1299.95,1325.87,1325.02,1317.11,1332.24,498
3128,SAICAPI.BO,149.0,154.25,0.11K,Finance,Investment Banks/Brokers,13.0,41.0,40.0,17.0,10.1071,9.825,4.30K,1.31K,298.75,130.0,429.02M,No,145.61,147.05,169.82,145.5,155.69,496
3129,PRSMJOHNSN.NS,106.04,108.59,685.08K,Non-Energy Minerals,Construction Materials,13.0,25.0,11.0,16.0,6.1264,5.9714,1175.06K,5411.81K,176.0,97.1,53.38B,No,109.4,114.24,126.84,112.41,120.86,497
3130,FLOMIC.BO,42.6,42.53,1.68K,Transportation,Air Freight/Couriers,13.0,4.0,11.0,15.0,4.0843,4.0171,1.32K,3.45K,75.0,35.0,773.97M,No,44.96,48.98,49.71,48.21,47.71,497
3131,TTML.NS,38.17,38.81,1100.35K,Communications,Specialty Telecommunications,13.0,24.0,20.0,18.0,1.0914,1.0793,3695.27K,1363.37K,60.89,31.22,74.62B,No,39.67,41.71,44.43,41.46,41.69,500
3132,ZMILGFIN.BO,50.72,48.52,530.22K,Finance,Financial Conglomerates,13.0,89.0,19.0,24.0,3.3329,3.3329,71.62K,136.50K,138.0,35.36,1.09B,No,42.48,43.45,57.07,44.22,52.41,497
3133,PHYTO.BO,20.5,19.9,0.07K,Process Industries,Chemicals: Agricultural,13.0,5.0,17.0,6.0,1.3679,1.2486,3.55K,4.26K,34.99,18.53,88.15M,No,21.54,22.7,25.6,22.59,23.94,496
3134,PRAKASH.NS,122.02,121.79,607.43K,Non-Energy Minerals,Steel,13.0,27.0,11.0,45.0,3.7571,3.6971,443.78K,328.86K,177.0,110.24,21.85B,No,125.23,133.96,136.27,131.89,132.87,499
3135,SHIVALIK.NS,265.14,256.85,25.68K,Process Industries,Chemicals: Agricultural,13.0,87.0,36.0,20.0,11.8871,11.2864,47.08K,31.83K,548.0,206.4,4.19B,No,247.23,233.83,297.05,234.29,258.85,500
3136,GUJCRAFT.BO,94.59,92.73,0.29K,Process Industries,Containers/Packaging,13.0,34.0,30.0,13.0,3.2371,3.1464,2.76K,0.52K,149.0,89.95,462.38M,No,93.75,94.54,107.92,93.96,101.11,497
3137,SHRIGANG.BO,62.84,62.98,12.17K,Consumer Non-Durables,Food: Specialty/Candy,13.0,25.0,9.0,28.0,3.4093,3.1086,12.91K,15.50K,109.0,60.0,1.33B,No,64.56,66.46,74.2,65.74,73.92,497
3138,YASHINNO.BO,32.47,33.75,206.94K,Distribution Services,Wholesale Distributors,13.0,89.0,4.0,41.0,3.18,3.18,31.90K,68.42K,61.67,26.5,520.49M,No,35.81,34.97,40.85,34.59,41.46,497
3139,HMAAGRO.NS,21.8,22.05,682.40K,Distribution Services,Food Distributors,13.0,50.0,25.0,15.0,1.1321,1.1321,544.73K,1169.14K,34.24,20.0,10.92B,No,21.46,21.96,25.61,21.88,23.86,499
3140,ATVPR.BO,25.92,26.43,4.43K,Producer Manufacturing,Industrial Machinery,13.0,51.0,8.0,9.0,1.7007,1.6779,25.27K,26.20K,44.4,21.55,1.38B,No,24.28,26.14,32.34,25.96,30.32,497
3141,ADSL.NS,113.25,114.09,75.60K,Technology Services,Information Technology Services,13.0,31.0,11.0,19.0,3.6564,3.5629,306.44K,133.82K,209.53,86.27,6.42B,No,116.19,119.72,130.19,119.42,117.35,500
3142,SCDL.BO,69.5,67.8,6.40K,Industrial Services,Engineering & Construction,13.0,22.0,9.0,,2.9136,2.5571,78.55K,47.84K,107.98,65.99,1.38B,No,70.71,75.79,,74.59,,86
3143,TECHNOE.NS,983.05,1058.05,845.46K,Industrial Services,Engineering & Construction,13.0,23.0,9.0,38.0,33.6679,29.8179,337.42K,220.01K,1575.0,870.0,114.33B,No,1008.79,1038.54,1110.75,1039.26,1092.71,500
3144,RAJESH.BO,838.3,850.6,26.50K,Industrial Services,Engineering & Construction,13.0,42.0,43.0,50.0,20.6464,19.3179,35.99K,30.03K,1639.0,750.0,15.10B,No,849.7,843.6,983.12,846.36,883.36,417
3145,YASHHTEJ.BO,59.55,62.68,6.00K,Process Industries,Agricultural Commodities/Milling,13.0,90.0,31.0,,2.8657,2.2629,23.41K,17.88K,97.1,34.74,1.37B,No,57.23,52.98,,53.22,,115
3146,AJANTSOY.BO,22.58,22.74,34.69K,Consumer Non-Durables,Food: Specialty/Candy,13.0,56.0,14.0,20.0,1.1479,1.1464,39.44K,39.80K,39.87,16.0,1.82B,No,21.72,21.82,25.42,21.78,23.41,497
3147,SAFFRON.BO,26.9,26.96,3.21K,Finance,Real Estate Development,13.0,20.0,9.0,40.0,1.7764,1.6714,3.30K,4.05K,104.13,22.11,193.28M,No,26.42,28.42,36.47,27.75,30.04,496
3148,SINNAR.BO,674.5,710.0,0.00K,Consumer Non-Durables,Tobacco,13.0,5.0,49.0,5.0,5.1036,3.675,0.01K,0.01K,1047.0,623.0,269.80M,No,711.08,751.0,784.3,746.65,789.22,498
3149,LOYAL.BO,150.75,153.8,2.68K,Producer Manufacturing,Industrial Machinery,13.0,32.0,10.0,28.0,6.1643,6.1607,6.07K,5.01K,263.95,143.8,1.63B,No,155.29,158.55,177.75,157.97,170.76,496
3150,BONDADA.BO,290.1,289.9,108.80K,Industrial Services,Engineering & Construction,13.0,28.0,12.0,33.0,8.7214,8.525,172.99K,132.12K,503.0,216.0,32.40B,No,298.95,313.87,337.44,311.71,317.42,497
3151,EPIC.BO,33.74,33.91,7.36K,Producer Manufacturing,Electrical Products,13.0,22.0,12.0,28.0,2.1771,2.1486,7.00K,4.93K,55.64,25.2,268.06M,No,34.55,35.17,38.39,35.03,36.57,497
3152,VARYAA.BO,27.01,27.01,1.00K,Consumer Durables,Other Consumer Specialties,13.0,14.0,24.0,18.0,0.9536,0.7221,1.35K,1.80K,48.0,24.02,129.38M,No,28.57,29.38,32.66,28.76,30.57,498
3153,JYOTIRES.BO,836.05,837.7,19.85K,Process Industries,Industrial Specialties,13.0,6.0,28.0,11.0,40.425,40.425,11.44K,10.68K,1364.85,700.0,10.03B,No,922.31,952.01,985.91,948.23,901.74,497
3154,WHIRLPOOL.NS,790.15,795.05,153.38K,Consumer Durables,Electronics/Appliances,13.0,47.0,13.0,41.0,26.9321,26.2393,315.13K,508.25K,1437.0,753.15,100.29B,No,792.46,793.86,904.03,792.05,841.04,500
3155,ITC.NS,276.15,279.0,12620.33K,Consumer Non-Durables,Tobacco,13.0,39.0,27.0,19.0,4.9286,4.5571,16002.00K,16497.95K,427.0,275.0,3460.01B,No,283.24,284.86,326.94,284.67,299.49,500
3156,BALAXI.NS,24.05,23.65,11.55K,Distribution Services,Medical Distributors,13.0,49.0,13.0,42.0,0.9071,0.9071,27.26K,31.80K,49.65,15.2,1.33B,No,24.1,23.89,26.46,23.79,23.29,498
3157,DEVIT.NS,27.14,27.09,14.57K,Technology Services,Information Technology Services,13.0,40.0,24.0,21.0,1.3829,1.36,69.81K,117.69K,50.89,22.25,1.53B,No,26.97,27.45,31.27,27.13,28.03,499
3158,SWAGTAM.BO,53.13,53.13,0.03K,Finance,Real Estate Development,13.0,7.0,7.0,48.0,0.5664,0.0186,0.15K,0.15K,75.87,40.5,63.25M,No,52.79,60.12,60.99,58.47,61.35,497
3159,ASALCBR.NS,723.2,730.25,39.23K,Consumer Non-Durables,Beverages: Alcoholic,13.0,9.0,11.0,14.0,27.5607,25.775,33.93K,39.86K,1277.0,660.65,14.52B,No,775.4,813.66,869.26,808.4,816.95,499
3160,SALORAINTL.BO,28.35,26.04,1.80K,Electronic Technology,Telecommunications Equipment,13.0,31.0,49.0,13.0,1.6093,1.5836,1.97K,0.84K,47.7,25.17,249.69M,No,29.18,29.22,33.04,29.24,30.57,497
3161,NAGREEKCAP.NS,22.8,23.22,1.18K,Finance,Investment Banks/Brokers,13.0,28.0,7.0,27.0,1.34,1.3364,10.22K,5.88K,42.75,19.3,287.63M,No,23.06,24.88,26.98,24.27,26.24,497
3162,KARMAENG.NS,39.45,39.51,0.81K,Utilities,Electric Utilities,13.0,43.0,7.0,38.0,2.49,2.49,5.96K,9.51K,73.7,34.38,456.43M,No,38.61,40.14,45.37,40.15,42.49,498
3163,TOLINS.NS,100.6,102.47,48.08K,Consumer Durables,Automotive Aftermarket,12.0,37.0,30.0,17.0,2.2793,2.2293,92.77K,31.16K,202.0,83.04,3.97B,No,102.91,103.55,120.15,103.81,106.83,475
3164,SHINEFASH.BO,26.6,24.49,4.00K,Process Industries,Textiles,12.0,97.0,20.0,23.0,0.8686,0.1521,12.32K,3.60K,55.0,16.75,714.58M,No,23.77,22.87,30.44,22.88,26.05,498
3165,SIMPLXPAP.BO,1310.0,1248.05,0.00K,Distribution Services,Wholesale Distributors,12.0,66.0,12.0,10.0,40.3821,9.4179,0.01K,0.01K,2094.0,1127.05,39.32M,No,1247.72,1259.55,1481.36,1267.48,1434.41,497
3166,GODIGIT.NS,262.8,265.2,221.41K,Finance,Multi-Line Insurance,12.0,8.0,15.0,13.0,10.9214,9.5893,978.60K,1357.74K,381.4,244.2,242.96B,No,268.04,291.47,321.73,287.26,309.65,499
3167,TOUCHWOOD.NS,68.09,67.36,8.10K,Commercial Services,Miscellaneous Commercial Services,12.0,52.0,23.0,7.0,2.7536,2.7271,1.98K,1.69K,128.0,61.8,754.52M,No,67.06,68.98,83.01,68.64,74.13,499
3168,INTENTECH.NS,81.44,82.81,9.11K,Technology Services,Information Technology Services,12.0,5.0,6.0,6.0,4.7321,4.6614,54.12K,70.49K,149.9,66.3,1.90B,No,86.6,93.9,105.16,93.02,97.64,498
3169,SUNTECK.NS,292.7,296.55,156.19K,Finance,Real Estate Development,12.0,16.0,17.0,7.0,6.4857,6.1679,401.12K,166.63K,473.0,270.75,42.98B,No,304.59,308.36,359.02,310.51,331.36,500
3170,NPRFIN.BO,21.0,21.28,1.13K,Finance,Finance/Rental/Leasing,12.0,51.0,26.0,7.0,0.5164,0.2707,0.42K,0.12K,40.5,18.0,125.78M,No,21.3,21.24,25.37,20.99,23.15,495
3171,BHUDEVI.BO,185.8,185.0,101.50K,Process Industries,Textiles,12.0,75.0,10.0,4.0,12.9571,11.8,8.48K,10.08K,305.15,125.2,852.68M,No,153.13,182.71,237.43,180.19,225.6,497
3172,AGROPHOS.NS,28.15,28.32,17.28K,Process Industries,Chemicals: Agricultural,12.0,24.0,23.0,11.0,1.2036,1.1986,26.03K,19.36K,47.47,23.9,570.72M,No,28.92,29.89,34.18,29.73,31.64,499
3173,RFSL.BO,23.99,23.51,0.31K,Finance,Investment Banks/Brokers,12.0,57.0,31.0,8.0,1.5829,1.3836,3.01K,0.10K,46.4,19.58,231.65M,No,23.63,24.11,30.54,23.74,27.13,497
3174,KUNSTOFF.BO,19.59,20.03,4.10K,Producer Manufacturing,Miscellaneous Manufacturing,12.0,5.0,12.0,19.0,1.5321,1.4371,0.95K,1.08K,32.5,18.15,134.98M,No,22.28,23.03,23.27,22.81,22.84,497
3175,IRFC.NS,88.26,87.91,5806.86K,Finance,Finance/Rental/Leasing,12.0,49.0,14.0,9.0,1.3814,1.3207,11201.99K,8730.46K,137.17,86.02,1153.43B,No,88.49,91.48,105.48,90.98,99.05,500
3176,TRANSRAILL.NS,467.05,473.4,318.58K,Industrial Services,Engineering & Construction,12.0,18.0,13.0,29.0,12.7107,12.0714,536.89K,366.98K,855.8,450.05,62.70B,No,488.77,496.85,544.16,495.2,516.12,406
3177,LAXMIDENTL.NS,200.3,210.76,482.43K,Health Services,Medical/Nursing Services,12.0,18.0,35.0,51.0,7.14,6.9343,307.09K,98.34K,399.0,155.88,11.01B,No,216.83,220.84,227.82,219.01,204.86,390
3178,SARTHAKIND.BO,25.16,27.81,1.29K,Producer Manufacturing,Industrial Machinery,12.0,43.0,27.0,11.0,1.1393,0.8521,0.53K,0.51K,46.79,21.2,233.78M,No,25.79,25.81,29.41,25.77,27.13,497
3179,ISHANCH.NS,50.18,50.31,8.98K,Distribution Services,Wholesale Distributors,12.0,16.0,11.0,12.0,3.0593,3.0364,28.10K,95.58K,83.37,45.0,1.37B,No,51.63,55.36,60.57,54.5,57.48,344
3180,HINDWAREAP.NS,204.88,210.03,1369.34K,Producer Manufacturing,Building Products,12.0,5.0,21.0,23.0,9.3979,9.2479,343.33K,67.49K,392.7,170.5,17.14B,No,218.7,233.7,248.47,233.51,224.75,499
3181,CROWN.NS,107.29,107.6,5.04K,Finance,Finance/Rental/Leasing,12.0,26.0,5.0,28.0,4.5307,4.53,13.39K,11.02K,191.0,100.62,1.20B,No,113.09,112.73,124.6,112.36,119.38,498
3182,ADDIND.BO,86.9,85.91,0.40K,Process Industries,Textiles,12.0,63.0,19.0,17.0,8.3536,8.1671,1.08K,1.76K,141.25,70.0,938.22M,No,82.49,85.18,100.28,84.1,95.43,497
3183,CALCOM.BO,76.43,81.13,8.61K,Producer Manufacturing,Electrical Products,12.0,69.0,32.0,8.0,4.095,4.02,5.97K,6.14K,147.5,67.01,1.07B,No,78.23,78.14,93.13,77.33,82.08,497
3184,JAIPURKURT.NS,27.74,28.31,15.35K,Consumer Non-Durables,Apparel/Footwear,12.0,44.0,17.0,10.0,1.7786,1.7643,24.12K,75.06K,42.8,24.4,478.84M,No,27.3,27.91,31.58,27.75,30.88,497
3185,AEIM.BO,91.55,92.41,36.35K,Commercial Services,Miscellaneous Commercial Services,12.0,45.0,4.0,23.0,5.0543,4.9264,63.29K,61.55K,195.0,83.4,2.53B,No,90.93,97.73,121.75,97.12,111.04,497
3186,PRITHVIEXCH.BO,100.12,103.24,0.50K,Finance,Finance/Rental/Leasing,12.0,43.0,11.0,49.0,4.6679,4.5364,0.86K,1.20K,179.95,91.25,825.96M,No,102.9,105.56,114.88,105.01,112.42,496
3187,ORIENTCEM.NS,133.55,134.13,237.18K,Non-Energy Minerals,Construction Materials,12.0,42.0,39.0,16.0,3.5693,3.5343,227.57K,248.73K,244.37,122.32,27.44B,No,136.86,135.9,153.42,136.25,141.52,498
3188,SAURASHCEM.NS,60.93,60.89,131.60K,Non-Energy Minerals,Construction Materials,12.0,78.0,40.0,16.0,3.9464,3.265,289.86K,1064.84K,125.35,47.65,6.78B,No,60.49,58.64,69.54,59.1,61.57,499
3189,INNOVANA.NS,327.35,332.35,0.81K,Technology Services,Packaged Software,12.0,69.0,15.0,33.0,16.5393,16.4536,10.92K,1.76K,564.8,292.8,6.76B,No,332.3,324.28,383.66,325.63,356.76,498
3190,SALZERELEC.NS,568.9,569.9,71.51K,Producer Manufacturing,Electrical Products,12.0,22.0,8.0,45.0,23.1429,21.8571,63.70K,75.15K,952.5,488.8,10.06B,No,584.78,613.43,645.19,609.92,615.43,500
3191,DEVX.NS,34.99,35.76,94.48K,Finance,Real Estate Development,12.0,52.0,15.0,29.0,1.12,1.12,98.29K,138.13K,64.05,29.95,3.31B,No,34.24,35.18,39.17,34.96,37.7,225
3192,RIYAASAT.BO,63.6,61.0,4.80K,Consumer Non-Durables,Apparel/Footwear,12.0,30.0,,,2.245,0.7421,11.96K,1.68K,84.8,53.65,683.35M,No,60.47,,,,,29
3193,BELLACASA.NS,241.74,243.28,5.54K,Consumer Durables,Home Furnishings,12.0,33.0,29.0,10.0,9.7236,9.6736,13.17K,8.66K,497.35,220.25,3.24B,No,241.58,245.45,303.74,243.63,262.54,266
3194,HDFCLIFE.NS,537.0,536.0,2391.62K,Finance,Multi-Line Insurance,12.0,36.0,20.0,8.0,9.4036,9.2393,3526.66K,4867.32K,815.0,530.5,1166.33B,No,550.39,563.75,658.71,561.23,613.56,500
3195,SRIGEE.BO,76.0,76.0,16.80K,Producer Manufacturing,Industrial Machinery,12.0,10.0,50.0,45.0,3.0871,2.8236,14.23K,7.44K,251.0,56.75,453.99M,No,77.39,81.19,84.34,79.8,76.39,314
3196,CHEMFAB.NS,379.7,376.25,3.39K,Process Industries,Chemicals: Specialty,12.0,66.0,11.0,28.0,15.0536,15.0536,3.19K,2.75K,764.0,290.35,5.46B,No,373.14,376.57,416.83,373.76,385.54,498
3197,SCHAND.NS,139.48,139.37,39.27K,Consumer Services,Publishing: Books/Magazines,12.0,23.0,11.0,18.0,4.4879,4.4636,38.48K,27.87K,200.87,130.05,4.92B,No,145.55,147.42,157.89,146.75,153.55,498
3198,HILLTONE.BO,40.98,41.5,125.27K,Process Industries,Chemicals: Specialty,11.0,19.0,17.0,8.0,4.6371,4.6371,42.53K,54.86K,93.0,36.02,540.03M,No,41.8,42.98,57.15,42.78,48.8,402
3199,INFLAME.BO,207.3,215.5,15.50K,Consumer Durables,Electronics/Appliances,11.0,9.0,4.0,4.0,8.9429,8.3571,10.08K,11.80K,358.95,187.1,1.55B,No,225.96,229.88,272.46,228.25,264.09,497
3200,NATPLAS.BO,41.0,41.93,2.63K,Producer Manufacturing,Miscellaneous Manufacturing,11.0,20.0,16.0,23.0,2.0593,2.03,2.59K,2.33K,70.1,37.0,374.31M,No,41.93,42.85,48.11,42.53,45.05,496
3201,SPINAROO.BO,43.74,56.78,4.00K,Non-Energy Minerals,Aluminum,11.0,2.0,6.0,55.0,0.9314,0.0,0.74K,0.74K,83.77,26.6,305.92M,No,56.13,56.87,54.43,55.64,55.97,335
3202,AMRUTANJAN.NS,488.35,533.75,527.84K,Health Technology,Pharmaceuticals: Other,11.0,15.0,25.0,16.0,16.15,15.825,45.61K,32.22K,790.95,482.8,14.11B,No,522.1,535.78,592.39,528.9,553.47,500
3203,RELICAB.BO,35.49,35.42,5.21K,Producer Manufacturing,Metal Fabrication,11.0,22.0,40.0,32.0,2.0943,1.9957,11.20K,6.29K,79.9,30.25,358.26M,No,36.86,37.89,40.86,36.96,37.03,496
3204,NSBBPO.BO,67.8,67.8,1.00K,Commercial Services,Miscellaneous Commercial Services,11.0,65.0,34.0,18.0,0.15,0.0,0.26K,0.10K,127.5,61.0,1.35B,No,66.33,65.95,80.64,65.85,71.01,207
3205,AUTOINT.BO,302.15,293.6,0.47K,Finance,Finance/Rental/Leasing,11.0,12.0,1.0,1.0,19.7464,15.45,1.23K,2.85K,1031.0,189.88,1.05B,No,310.19,328.17,518.64,325.8,396.28,498
3206,JAIBALAJI.NS,65.81,66.88,218.03K,Non-Energy Minerals,Steel,11.0,46.0,9.0,34.0,2.9993,2.97,631.82K,470.66K,109.72,53.65,60.04B,No,62.73,65.79,69.75,65.33,67.5,500
3207,VEEFIN.BO,275.1,287.0,51.60K,Technology Services,Packaged Software,11.0,7.0,24.0,15.0,13.6893,13.5286,40.46K,32.70K,429.2,211.05,7.02B,No,300.99,311.18,316.97,308.48,296.91,497
3208,MTNL.NS,26.99,27.37,376.23K,Communications,Major Telecommunications,11.0,20.0,15.0,18.0,0.6014,0.59,1366.32K,528.29K,48.19,21.26,17.00B,No,27.54,29.09,31.79,28.92,29.18,500
3209,DHILLON.BO,30.0,30.0,1.60K,Transportation,Air Freight/Couriers,11.0,3.0,14.0,15.0,1.4586,1.1286,3.41K,3.36K,57.6,27.0,117.60M,No,32.6,33.66,36.35,32.89,33.81,210
3210,RRECL.BO,138.65,147.2,9.00K,Finance,Real Estate Development,11.0,2.0,15.0,11.0,13.4643,13.3929,9.77K,23.81K,315.35,126.35,3.65B,No,163.58,160.52,158.75,159.41,158.2,377
3211,VSFPROJ.BO,32.39,32.72,0.03K,Industrial Services,Engineering & Construction,11.0,13.0,32.0,12.0,3.1057,2.9179,1.19K,1.00K,57.45,28.25,532.20M,No,34.97,35.23,38.58,35.23,36.52,497
3212,IPL.NS,142.09,143.22,122.01K,Process Industries,Chemicals: Agricultural,11.0,13.0,10.0,23.0,3.3679,3.245,319.62K,222.35K,245.84,125.0,16.36B,No,148.97,155.88,161.66,154.91,154.41,499
3213,TOKYOPLAST.NS,79.99,81.28,1.16K,Producer Manufacturing,Miscellaneous Manufacturing,11.0,15.0,33.0,11.0,2.9614,2.8407,1.67K,0.92K,140.85,53.86,760.02M,No,80.23,83.23,94.46,82.66,84.73,498
3214,RSSOFTWARE.NS,33.13,31.56,4.18K,Technology Services,Packaged Software,11.0,43.0,40.0,28.0,1.2607,1.0314,19.43K,24.64K,82.0,21.93,855.79M,No,31.67,33.22,39.95,33.2,33.79,499
3215,KINGSINFR.BO,108.8,110.9,8.39K,Process Industries,Agricultural Commodities/Milling,11.0,13.0,16.0,16.0,5.3179,5.3179,20.44K,12.09K,178.0,99.9,2.67B,No,113.63,120.07,128.73,118.36,123.36,497
3216,SOUTLAT.BO,25.83,24.6,0.32K,Finance,Financial Conglomerates,11.0,1.0,9.0,14.0,1.0743,0.6329,1.94K,0.49K,89.88,19.58,190.09M,No,23.61,28.31,38.7,27.54,29.11,497
3217,UNIENTER.NS,97.08,96.92,3.94K,Producer Manufacturing,Industrial Conglomerates,11.0,12.0,27.0,25.0,3.7921,3.7921,13.54K,7.46K,161.8,87.51,13.50B,No,98.35,103.6,117.66,102.55,105.15,499
3218,HOWARHO.BO,19.11,20.0,2.14K,Consumer Services,Hotels/Resorts/Cruise Lines,11.0,4.0,10.0,11.0,1.3929,1.2079,0.66K,0.97K,33.9,18.0,174.15M,No,20.54,22.19,23.36,21.71,23.68,498
3219,WSI.NS,58.99,56.93,103.44K,Producer Manufacturing,Electrical Products,11.0,19.0,12.0,9.0,2.6393,2.6357,45.28K,62.67K,98.9,53.8,4.48B,No,60.82,64.49,73.51,64.08,69.1,498
3220,PACIFICI.BO,126.6,130.05,1.13K,Non-Energy Minerals,Construction Materials,11.0,22.0,23.0,19.0,8.0571,7.9714,0.80K,1.54K,216.5,110.15,872.61M,No,131.94,134.47,146.01,134.07,136.9,496
3221,GGAUTO.BO,152.15,153.9,11.53K,Producer Manufacturing,Industrial Machinery,11.0,15.0,34.0,2.0,8.5964,8.2679,13.02K,9.06K,323.0,125.3,1.52B,No,161.11,155.39,201.64,155.41,169.0,497
3222,LATENTVIEW.NS,290.05,294.75,423.52K,Commercial Services,Miscellaneous Commercial Services,11.0,32.0,32.0,2.0,10.5464,9.6464,1257.77K,781.77K,517.5,248.0,60.02B,No,302.92,298.53,361.51,298.36,316.6,500
3223,SHRAAITECH.BO,25.02,24.41,16.05K,Distribution Services,Electronics Distributors,11.0,40.0,15.0,11.0,1.3714,1.3714,19.00K,20.00K,43.5,22.37,1.53B,No,24.22,25.52,29.67,25.17,27.87,497
3224,MPILCORPL.BO,376.45,358.55,0.02K,Commercial Services,Miscellaneous Commercial Services,11.0,1.0,10.0,31.0,19.8714,12.9036,0.11K,0.02K,639.2,324.7,215.17M,No,430.77,515.09,453.48,494.89,455.49,497
3225,ICODEX.BO,39.98,39.05,2.40K,Technology Services,Packaged Software,11.0,49.0,15.0,31.0,1.9043,1.5793,6.76K,6.36K,81.6,29.01,625.17M,No,38.54,40.63,45.01,40.28,41.93,244
3226,SHERVANI.BO,290.4,292.45,0.10K,Finance,Real Estate Development,11.0,57.0,18.0,4.0,18.7786,15.9286,0.32K,0.28K,453.0,265.0,747.19M,No,296.47,291.8,352.92,289.42,333.2,497
3227,SYNGENE.NS,408.65,407.25,591.39K,Commercial Services,Miscellaneous Commercial Services,11.0,42.0,23.0,19.0,13.8143,13.1393,1227.99K,2807.00K,684.6,375.25,164.48B,No,407.53,425.4,499.52,421.85,433.5,499
3228,ISGEC.NS,746.3,806.95,219.15K,Industrial Services,Engineering & Construction,11.0,3.0,3.0,41.0,24.3679,23.5571,45.09K,33.69K,1113.9,683.95,54.88B,No,843.08,886.91,895.2,871.91,911.89,499
3229,RUSTOMJEE.NS,374.3,370.0,51.37K,Finance,Real Estate Development,11.0,10.0,20.0,10.0,15.55,15.4214,306.30K,926.98K,668.0,358.8,47.25B,No,399.22,401.69,451.51,399.41,410.09,497
3230,JAGANLAM.BO,48.94,46.9,3.36K,Producer Manufacturing,Auto Parts: Oem,11.0,55.0,25.0,7.0,2.435,2.4214,2.99K,4.09K,90.0,38.3,357.29M,No,46.44,48.11,58.22,47.67,53.09,497
3231,AUSTERE.BO,42.0,42.0,4.00K,Technology Services,Packaged Software,11.0,34.0,27.0,12.0,1.0693,0.5293,4.71K,6.40K,79.32,40.0,440.08M,No,41.72,43.98,48.44,43.4,46.86,226
3232,ABLBL.NS,90.29,91.48,601.96K,Retail Trade,Apparel/Footwear Retail,11.0,26.0,9.0,17.0,2.2086,2.1679,963.80K,1099.94K,151.33,87.91,109.67B,No,94.1,96.28,108.89,95.42,100.34,285
3233,FISCHER.NS,37.66,38.47,946.22K,Process Industries,Chemicals: Specialty,11.0,43.0,53.0,45.0,1.655,1.655,2030.45K,2663.24K,124.7,31.05,24.65B,No,38.35,37.23,43.02,37.9,37.94,273
3234,AJMERA.NS,117.48,121.87,362.38K,Finance,Real Estate Development,11.0,13.0,28.0,17.0,4.1379,3.9771,909.65K,451.04K,221.4,98.03,23.12B,No,125.08,128.03,147.8,128.11,126.83,500
3235,COARO.BO,27.85,27.85,0.10K,Transportation,Trucking,10.0,80.0,6.0,11.0,0.7421,0.0593,0.07K,0.04K,41.75,23.4,115.48M,No,28.98,26.45,31.69,26.77,30.42,497
3236,FIRSTCRY.NS,214.47,214.08,341.28K,Retail Trade,Apparel/Footwear Retail,10.0,68.0,30.0,11.0,3.6957,3.4907,2363.88K,401.56K,438.7,202.56,104.09B,No,212.42,215.74,252.42,214.78,230.99,499
3237,NUCLEUS.NS,692.75,691.7,34.07K,Technology Services,Information Technology Services,10.0,16.0,17.0,9.0,21.2036,18.0071,89.87K,52.90K,1084.8,682.0,18.24B,No,723.46,743.06,835.13,742.08,787.04,498
3238,HIMATSEIDE.NS,76.16,76.31,417.42K,Process Industries,Textiles,10.0,11.0,25.0,7.0,1.9279,1.8193,1048.51K,376.68K,134.7,72.01,9.58B,No,81.12,82.52,96.76,82.71,87.64,499
3239,MEIL.NS,274.95,270.15,33.16K,Electronic Technology,Electronic Components,10.0,18.0,11.0,53.0,13.2357,12.1607,25.18K,34.59K,573.7,206.26,7.60B,No,288.01,299.87,320.05,296.05,281.22,238
3240,ROLCOEN.BO,550.0,541.05,0.10K,Producer Manufacturing,Metal Fabrication,10.0,56.0,11.0,17.0,5.3821,0.5036,0.03K,0.03K,962.4,504.4,415.80M,No,542.05,539.27,625.39,530.0,609.2,497
3241,EUPHORIAIT.BO,32.6,34.3,2.40K,Technology Services,Information Technology Services,10.0,85.0,35.0,17.0,1.1457,0.3679,2.23K,2.76K,59.95,22.53,94.60M,No,28.63,30.17,36.01,30.66,32.45,496
3242,CHENFERRO.BO,81.86,77.91,0.92K,Non-Energy Minerals,Steel,10.0,16.0,14.0,17.0,6.5571,6.2371,1.08K,1.29K,147.95,57.0,295.07M,No,79.98,85.36,95.31,85.38,87.37,497
3243,SPENCERS.NS,31.78,31.53,98.22K,Retail Trade,Food Retail,10.0,17.0,9.0,28.0,1.4943,1.4943,57.08K,41.52K,64.0,24.38,2.86B,No,33.34,34.99,37.08,34.65,34.23,500
3244,JYOTHYLAB.NS,200.27,204.04,3414.63K,Consumer Non-Durables,Household/Personal Care,10.0,45.0,7.0,14.0,5.6264,5.4914,699.93K,546.30K,352.7,188.1,73.54B,No,202.36,200.22,242.62,200.08,221.62,500
3245,MEDPLUS.NS,675.05,679.15,166.12K,Retail Trade,Drugstore Chains,10.0,4.0,8.0,13.0,18.8036,18.3071,256.40K,184.68K,1022.2,653.0,162.20B,No,724.73,794.33,823.45,782.12,832.48,497
3246,MICEL.NS,36.12,36.44,195.57K,Health Technology,Medical Specialties,10.0,38.0,2.0,15.0,1.4121,1.3086,638.36K,214.52K,82.97,29.97,8.71B,No,37.12,39.33,41.54,38.59,39.46,499
3247,JSLL.NS,511.5,539.2,888.00K,Health Services,Medical/Nursing Services,10.0,7.0,3.0,10.0,26.3643,23.4607,1895.44K,889.89K,849.5,492.0,63.58B,No,567.17,580.4,654.81,575.69,623.89,500
3248,VALPLAST.BO,39.5,37.0,118.00K,Industrial Services,Engineering & Construction,10.0,47.0,6.0,8.0,0.9657,0.7964,13.74K,17.60K,67.99,30.8,775.30M,No,39.13,41.36,49.8,40.95,45.94,209
3249,SHREYANIND.NS,142.53,140.15,6.40K,Process Industries,Pulp & Paper,10.0,60.0,15.0,17.0,5.1164,5.075,7.16K,4.12K,247.22,122.0,1.97B,No,139.82,138.98,161.2,139.42,150.73,498
3250,GEEKAYWIRE.NS,22.53,22.59,39.28K,Non-Energy Minerals,Steel,10.0,15.0,11.0,10.0,1.0286,0.9986,80.08K,75.19K,40.62,18.51,2.35B,No,23.21,24.02,26.97,23.99,24.53,500
3251,GLOBECIVIL.NS,43.11,44.35,153.45K,Industrial Services,Engineering & Construction,10.0,61.0,25.0,13.0,2.4664,2.4236,35.92K,73.47K,85.3,33.5,2.57B,No,40.52,41.4,50.44,41.3,45.22,279
3252,AWHCL.NS,392.15,389.35,142.06K,Transportation,Trucking,10.0,7.0,7.0,9.0,14.5714,13.8,134.41K,224.08K,635.8,372.5,11.13B,No,429.09,448.43,477.02,445.14,473.55,500
3253,EPACK.NS,212.22,227.27,1218.75K,Producer Manufacturing,Industrial Machinery,10.0,17.0,11.0,28.0,7.0936,6.9757,1179.10K,362.19K,409.5,196.15,20.42B,No,232.17,232.58,252.39,231.08,236.96,500
3254,PNTKYOR.BO,32.83,34.08,0.90K,Process Industries,Chemicals: Specialty,10.0,16.0,6.0,33.0,3.6371,3.1843,0.38K,0.12K,57.0,28.49,205.93M,No,35.28,36.26,40.21,35.31,37.46,496
3255,RAAJMEDI.BO,67.2,67.2,0.20K,Health Technology,Medical Specialties,10.0,21.0,6.0,9.0,0.7007,0.1114,0.59K,0.07K,96.0,64.08,888.20M,No,72.28,73.25,79.34,72.12,79.9,496
3256,MAPMYINDIA.NS,996.2,1013.3,165.02K,Commercial Services,Miscellaneous Commercial Services,10.0,20.0,60.0,11.0,59.9071,55.4964,655.16K,422.06K,1998.0,795.0,54.55B,No,1100.79,983.54,1214.91,1007.93,1005.13,498
3257,FLAIR.NS,249.45,248.3,196.48K,Producer Manufacturing,Office Equipment/Supplies,10.0,27.0,5.0,13.0,7.2214,7.2214,173.78K,141.44K,348.8,242.9,26.29B,No,252.68,263.23,297.52,260.87,293.22,499
3258,RAMKY.NS,386.9,396.25,27.07K,Industrial Services,Engineering & Construction,10.0,48.0,7.0,17.0,10.9929,9.9357,58.22K,33.38K,705.0,367.0,26.77B,No,385.83,403.91,488.71,399.5,447.12,497
3259,SULA.NS,151.0,152.3,370.10K,Process Industries,Agricultural Commodities/Milling,10.0,52.0,16.0,15.0,7.3321,6.9479,360.28K,1059.12K,296.8,138.6,12.75B,No,157.18,155.23,182.75,155.28,164.12,500
3260,ZWELCAST.BO,626.95,650.0,0.49K,Non-Energy Minerals,Construction Materials,10.0,14.0,18.0,20.0,16.1464,12.1964,0.12K,0.19K,1187.0,621.5,400.10M,No,689.28,696.51,755.93,689.3,703.72,497
3261,CELLO.NS,374.9,378.6,604.56K,Consumer Durables,Home Furnishings,10.0,66.0,24.0,8.0,15.2607,14.175,909.78K,4229.36K,673.8,336.6,82.81B,No,358.47,368.5,458.84,368.19,408.31,498
3262,PANAENERG.BO,255.1,257.7,4.22K,Producer Manufacturing,Electrical Products,10.0,44.0,13.0,6.0,8.7821,8.7536,3.87K,5.00K,399.0,240.0,1.91B,No,252.01,266.83,300.35,263.0,287.73,496
3263,PANHR.BO,55.5,54.01,11.20K,Commercial Services,Personnel Services,10.0,71.0,15.0,,1.1771,0.5671,6.73K,16.00K,85.5,43.0,400.21M,No,55.43,57.13,,56.26,,123
3264,WCIL.NS,85.59,86.11,40.44K,Transportation,Air Freight/Couriers,10.0,13.0,9.0,11.0,2.0857,2.0593,58.42K,39.91K,147.29,77.02,8.73B,No,90.23,94.83,106.47,93.95,99.61,470
3265,JAIHIND.BO,38.19,37.39,50.64K,Process Industries,Textiles,10.0,62.0,30.0,4.0,3.4579,3.3636,8.89K,45.69K,64.4,31.0,246.15M,No,37.06,37.04,43.75,36.94,42.77,497
3266,JSWHL.NS,11572.0,11941.0,2.99K,Finance,Investment Banks/Brokers,10.0,64.0,25.0,3.0,403.7857,401.0,3.64K,3.92K,22790.0,10530.0,128.43B,No,11411.55,11829.36,15210.67,11727.3,13582.3,500
3267,RATNABHUMI.BO,174.0,174.0,0.00K,Finance,Real Estate Development,10.0,19.0,2.0,11.0,1.2857,0.5321,0.03K,0.03K,318.0,170.0,2.38B,No,182.79,218.39,227.13,203.99,225.85,496
3268,KLRFM.BO,84.82,88.0,2.27K,Process Industries,Agricultural Commodities/Milling,10.0,7.0,5.0,29.0,5.5586,5.4029,3.57K,8.59K,145.0,76.2,766.90M,No,92.05,95.95,102.04,94.99,99.18,497
3269,7TEC.BO,31.38,31.57,23.54K,Technology Services,Information Technology Services,10.0,9.0,15.0,6.0,2.2293,2.2221,23.57K,78.90K,49.79,30.06,341.38M,No,35.14,37.2,39.68,36.73,37.08,497
3270,DFL.BO,37.3,37.3,0.00K,Finance,Financial Conglomerates,10.0,66.0,7.0,14.0,1.83,0.9607,0.53K,0.40K,61.9,34.25,130.55M,No,37.51,38.91,46.28,38.23,43.32,497
3271,KTIL.BO,58.06,60.1,1.32K,Distribution Services,Wholesale Distributors,10.0,20.0,26.0,18.0,1.66,1.57,1.02K,1.27K,107.0,57.06,634.39M,No,61.07,62.89,71.04,62.31,65.1,497
3272,TANVI.BO,51.87,49.4,3.00K,Distribution Services,Food Distributors,9.0,7.0,19.0,7.0,1.4736,0.6614,6.89K,1.00K,97.2,48.0,665.43M,No,54.71,61.34,70.65,58.37,64.49,498
3273,SILVOAK.BO,76.62,77.49,0.41K,Consumer Non-Durables,Beverages: Alcoholic,9.0,35.0,22.0,16.0,5.0421,4.8936,0.61K,0.62K,156.0,60.04,290.41M,No,76.98,78.03,89.44,77.18,83.21,495
3274,JSLINDL.BO,867.8,870.0,0.18K,Producer Manufacturing,Electrical Products,9.0,32.0,15.0,26.0,25.7179,18.3357,0.08K,0.04K,1550.0,840.0,1.02B,No,869.44,912.73,1014.96,898.23,966.59,498
3275,GRAUWEIL.NS,67.1,67.67,256.41K,Process Industries,Chemicals: Specialty,9.0,5.0,42.0,,3.1279,3.0393,458.88K,431.29K,115.6,62.09,30.42B,No,73.44,75.31,,75.15,,86
3276,DESCO.BO,177.35,181.25,13.50K,Industrial Services,Engineering & Construction,9.0,7.0,5.0,56.0,6.8321,6.8321,23.56K,13.65K,293.65,122.0,1.36B,No,185.46,202.35,197.62,198.77,190.15,339
3277,TATAELXSI.NS,3711.9,3795.0,187.23K,Technology Services,Information Technology Services,9.0,58.0,19.0,4.0,96.1643,93.6714,382.30K,304.15K,5950.0,3353.9,231.25B,No,3628.59,3813.48,4583.53,3773.49,4259.7,500
3278,ITCONS.BO,323.7,300.85,72.60K,Commercial Services,Personnel Services,9.0,91.0,24.0,12.0,20.1357,19.7929,22.92K,26.88K,620.0,230.5,2.92B,No,282.08,292.99,380.14,293.19,325.62,497
3279,JOSTS.BO,220.75,223.8,5.89K,Producer Manufacturing,Industrial Machinery,9.0,9.0,10.0,18.0,10.4786,10.4214,11.37K,17.54K,428.57,188.1,2.61B,No,238.21,244.06,263.31,240.37,244.37,497
3280,DESHRAK.BO,25.75,26.75,0.10K,Health Technology,Pharmaceuticals: Major,9.0,2.0,60.0,12.0,0.375,0.0,0.07K,0.03K,84.3,22.45,146.73M,No,29.88,32.43,31.44,31.5,28.96,497
3281,HGINFRA.NS,551.75,547.8,232.82K,Industrial Services,Engineering & Construction,9.0,45.0,23.0,19.0,11.3393,11.1964,173.33K,45.50K,1049.95,429.5,35.96B,No,545.9,558.42,644.14,557.48,566.63,500
3282,WIREFABR.BO,141.0,137.45,0.00K,Process Industries,Textiles,9.0,52.0,23.0,23.0,4.4286,3.1571,0.14K,0.45K,264.0,118.75,430.93M,No,132.81,138.65,158.14,138.93,148.69,498
3283,GREENPANEL.NS,176.66,183.59,573.65K,Non-Energy Minerals,Forest Products,9.0,19.0,9.0,11.0,6.4357,6.4071,192.81K,150.31K,333.8,163.01,21.66B,No,193.68,193.06,215.25,191.23,201.15,500
3284,SPARKLEGR.BO,65.04,71.19,19.51K,Process Industries,Textiles,9.0,40.0,18.0,18.0,9.5379,8.9536,3.51K,8.44K,104.85,52.25,291.26M,No,67.08,67.4,75.19,67.08,72.22,497
3285,MRCAGRO.BO,30.25,31.11,43.24K,Distribution Services,Wholesale Distributors,9.0,6.0,4.0,3.0,2.1293,2.1293,93.89K,131.68K,54.5,26.88,619.74M,No,35.6,35.94,41.49,35.52,38.34,496
3286,PIONEEREMB.NS,22.77,22.84,1.91K,Consumer Non-Durables,Apparel/Footwear,9.0,43.0,16.0,26.0,1.3943,1.3607,18.09K,38.76K,42.25,19.61,701.67M,No,23.29,23.47,26.65,23.41,24.91,498
3287,CEINSYS.NS,748.6,796.05,221.39K,Industrial Services,Engineering & Construction,9.0,4.0,3.0,,34.3286,33.7,72.15K,59.11K,1249.9,736.35,15.67B,No,853.48,896.23,,884.35,,120
3288,SAFE.BO,158.5,158.75,0.50K,Technology Services,Internet Software/Services,9.0,18.0,27.0,15.0,6.0964,5.2,2.88K,0.65K,348.0,142.45,902.66M,No,158.94,163.36,206.36,162.21,177.6,467
3289,KITEX.NS,134.63,133.99,503.45K,Process Industries,Textiles,9.0,9.0,9.0,13.0,3.9486,3.9314,871.79K,450.00K,232.7,132.01,26.86B,No,145.06,151.98,172.43,150.69,163.29,500
3290,RAL.BO,39.67,41.74,1.20K,Retail Trade,Specialty Stores,9.0,1.0,3.0,8.0,1.0586,0.3136,2.04K,0.48K,71.5,31.03,105.36M,No,45.33,47.75,49.67,46.17,45.31,483
3291,REMSONSIND.NS,88.36,90.55,78.15K,Producer Manufacturing,Auto Parts: Oem,9.0,70.0,7.0,13.0,3.505,3.4286,159.19K,125.27K,152.45,75.23,3.10B,No,82.72,83.37,104.94,83.91,95.32,499
3292,TRACXN.NS,29.93,29.84,99.26K,Technology Services,Internet Software/Services,9.0,51.0,15.0,17.0,0.8371,0.8243,133.38K,118.65K,55.9,25.39,3.20B,No,30.04,30.4,35.47,30.27,31.85,500
3293,AURIONPRO.NS,718.75,727.15,140.24K,Technology Services,Information Technology Services,9.0,8.0,14.0,12.0,25.7,22.6893,227.32K,296.94K,1507.0,710.25,39.68B,No,780.02,817.45,925.92,813.95,841.83,498
3294,LGHL.NS,200.45,195.06,10.76K,Consumer Durables,Other Consumer Specialties,9.0,18.0,10.0,7.0,10.4129,10.4064,27.45K,25.97K,399.58,194.61,10.04B,No,203.98,216.32,256.81,213.1,245.75,498
3295,WAA.BO,45.3,44.6,2.40K,Utilities,Electric Utilities,9.0,22.0,4.0,21.0,1.3293,1.1664,9.70K,6.24K,78.7,40.9,600.98M,No,45.66,49.14,53.69,48.44,52.37,497
3296,NACDAC.BO,25.0,25.89,12.00K,Consumer Durables,Homebuilding,9.0,41.0,7.0,21.0,0.5557,0.1129,12.45K,5.20K,55.13,21.12,263.13M,No,24.72,25.21,29.8,25.0,26.75,404
3297,SIEL.BO,30.25,31.8,1.04K,Process Industries,Containers/Packaging,9.0,39.0,22.0,6.0,2.2393,2.0371,0.43K,0.23K,58.4,27.01,418.96M,No,31.51,31.23,37.02,31.02,33.49,497
3298,ACL.NS,46.15,48.43,38.75K,Non-Energy Minerals,Construction Materials,9.0,21.0,10.0,11.0,1.8743,1.8743,17.35K,14.87K,109.99,40.5,4.25B,No,48.04,50.47,58.72,49.78,53.0,498
3299,RAMSONS.BO,83.0,87.4,0.59K,Finance,Investment Banks/Brokers,9.0,9.0,17.0,28.0,6.0821,5.6693,0.71K,0.93K,448.85,59.35,249.54M,No,88.86,91.19,133.43,90.86,94.12,496
3300,DEEPAKCHEM.BO,84.28,84.75,10.40K,Process Industries,Chemicals: Major Diversified,9.0,77.0,27.0,14.0,2.8864,2.3336,6.31K,5.84K,150.0,69.2,915.62M,No,79.29,78.73,96.5,78.61,88.75,496
3301,BHARATAGRI.BO,22.45,22.78,12.62K,Process Industries,Chemicals: Agricultural,9.0,22.0,6.0,31.0,0.9357,0.9243,20.22K,15.33K,38.79,20.0,1.19B,No,23.15,25.91,27.63,25.31,26.1,497
3302,MASTERTR.NS,77.51,78.13,147.88K,Finance,Investment Banks/Brokers,9.0,3.0,19.0,20.0,2.6829,2.6164,2332.01K,237.83K,168.0,55.6,9.53B,No,83.42,81.54,93.38,81.2,82.19,417
3303,MPDL.BO,29.5,27.6,0.02K,Industrial Services,Engineering & Construction,9.0,36.0,13.0,23.0,1.9464,1.4329,0.92K,0.70K,57.2,23.45,218.67M,No,28.11,31.18,37.56,30.55,33.97,495
3304,ZODIAC.NS,245.15,250.95,7.64K,Producer Manufacturing,Building Products,9.0,17.0,7.0,39.0,10.7429,10.6286,8.72K,11.95K,430.0,205.55,,No,252.53,266.46,289.85,262.93,271.06,493
3305,CMSINFO.NS,255.6,266.1,1333.81K,Finance,Investment Managers,9.0,44.0,24.0,11.0,10.0607,9.5786,566.84K,626.03K,452.3,253.4,40.91B,No,272.53,280.69,311.95,276.55,293.85,500
3306,AIHL.BO,36.0,36.34,0.11K,Distribution Services,Wholesale Distributors,9.0,92.0,6.0,8.0,1.3571,1.2586,1.21K,2.58K,51.92,27.1,75.27M,No,33.79,33.15,42.79,32.66,43.41,498
3307,SKFINDIA.NS,1527.6,1522.7,38.95K,Producer Manufacturing,Metal Fabrication,9.0,41.0,20.0,25.0,35.7,35.4143,38.47K,43.41K,5074.0,1404.0,75.52B,No,1494.94,1568.44,1719.28,1558.82,1629.05,500
3308,GSLSEC.BO,39.5,39.5,0.05K,Finance,Financial Conglomerates,9.0,3.0,4.0,4.0,1.2121,0.9764,0.36K,0.34K,58.98,36.06,168.87M,No,41.21,45.86,48.28,44.57,48.07,499
3309,EFCIL.NS,178.02,177.84,449.24K,Distribution Services,Wholesale Distributors,9.0,18.0,37.0,5.0,6.5171,6.3671,552.02K,351.46K,357.0,171.55,26.34B,No,190.63,190.08,229.63,190.35,205.46,245
3310,RAYMONDLSL.NS,716.45,725.8,113.48K,Consumer Non-Durables,Apparel/Footwear,8.0,33.0,29.0,6.0,27.5429,27.1643,189.30K,234.85K,1350.0,677.0,43.64B,No,725.13,755.8,890.01,753.75,805.06,482
3311,BGDL.BO,86.02,86.52,8.98K,Consumer Durables,Homebuilding,8.0,11.0,4.0,13.0,2.8236,2.8236,11.34K,8.75K,340.3,71.05,8.71B,No,89.11,94.35,119.36,93.11,101.86,497
3312,KPIGREEN.NS,337.2,350.9,1774.90K,Utilities,Alternative Power Generation,8.0,6.0,4.0,17.0,12.4179,12.175,772.78K,1667.57K,542.25,332.9,66.65B,No,384.19,394.21,420.81,389.96,402.86,500
3313,EXCELSOFT.NS,75.17,75.81,328.44K,Technology Services,Packaged Software,8.0,29.0,11.0,52.0,3.4679,3.225,1094.99K,805.95K,142.59,66.4,8.65B,No,78.15,78.95,,78.33,81.88,179
3314,ANNAINFRA.BO,24.06,25.36,0.20K,Finance,Real Estate Investment Trusts,8.0,1.0,2.0,12.0,2.0836,1.6214,0.86K,1.26K,39.9,21.9,91.43M,No,27.77,30.9,30.48,30.03,31.45,498
3315,EMERALD.BO,50.38,49.61,39.00K,Finance,Regional Banks,8.0,15.0,10.0,8.0,3.4836,3.4636,45.59K,41.21K,97.0,45.23,1.74B,No,52.77,54.21,65.62,53.87,58.58,497
3316,KIMIABL.BO,27.27,26.58,4.30K,Health Technology,Pharmaceuticals: Major,8.0,12.0,4.0,24.0,1.6114,1.5893,3.35K,6.85K,45.37,23.2,1.29B,No,31.26,32.04,32.4,31.57,32.71,497
3317,RTNINDIA.NS,30.26,30.68,2641.64K,Commercial Services,Miscellaneous Commercial Services,8.0,18.0,10.0,15.0,1.0436,1.0379,2151.43K,1241.59K,64.0,24.4,41.79B,No,31.75,33.44,36.14,32.93,32.72,500
3318,KIFS.BO,106.8,106.8,0.06K,Finance,Finance/Rental/Leasing,8.0,32.0,8.0,32.0,6.7357,5.5429,0.39K,0.29K,192.0,97.6,1.16B,No,109.83,114.58,122.1,112.54,117.47,498
3319,ANSALBU.BO,76.95,73.55,0.15K,Consumer Durables,Homebuilding,8.0,22.0,15.0,4.0,3.1921,3.0093,1.91K,1.16K,157.7,70.21,568.19M,No,74.65,81.25,101.05,79.23,93.32,496
3320,RALLIS.NS,209.41,211.5,1371.55K,Process Industries,Chemicals: Agricultural,8.0,22.0,9.0,10.0,4.545,4.4479,832.09K,739.84K,385.8,207.53,40.72B,No,221.59,225.58,250.96,223.54,245.95,499
3321,THREEMPAPE.BO,24.0,24.05,6.00K,Process Industries,Pulp & Paper,8.0,14.0,34.0,8.0,1.4371,0.8664,15.55K,5.40K,53.95,18.27,461.70M,No,24.83,25.62,29.38,25.35,26.32,498
3322,PGHH.NS,8446.0,8455.0,7.91K,Consumer Non-Durables,Household/Personal Care,8.0,26.0,17.0,6.0,163.1429,155.6429,17.67K,29.55K,14509.0,8419.0,274.16B,No,8697.8,8901.23,10844.4,8824.55,9904.6,498
3323,RVNL.NS,230.0,230.0,5604.91K,Industrial Services,Engineering & Construction,8.0,55.0,6.0,6.0,5.3529,5.1193,7334.90K,5299.90K,400.7,220.16,479.55B,No,227.33,232.19,287.51,232.54,270.37,500
3324,SRD.NS,40.48,37.05,122.29K,Distribution Services,Wholesale Distributors,8.0,62.0,32.0,7.0,1.7171,1.6943,35.16K,22.86K,91.0,36.0,2.59B,No,37.97,39.1,51.11,39.31,44.28,457
3325,CLARA.BO,30.0,33.5,4.15K,Process Industries,Containers/Packaging,8.0,7.0,10.0,9.0,0.4143,0.1186,4.08K,3.32K,44.57,30.0,770.19M,No,33.72,34.68,38.06,34.02,37.05,498
3326,XELPMOC.NS,79.78,81.66,10.70K,Technology Services,Information Technology Services,8.0,28.0,19.0,2.0,3.7857,3.735,18.40K,8.81K,155.5,76.0,1.18B,No,81.36,84.25,110.54,83.27,101.45,498
3327,QUESTFLOW.BO,192.0,193.2,2.20K,Producer Manufacturing,Industrial Machinery,8.0,2.0,5.0,55.0,4.4393,3.075,8.08K,4.92K,352.0,116.2,1.97B,No,200.47,208.16,203.21,203.37,196.63,496
3328,MEHUL.BO,52.99,50.75,1.60K,Process Industries,Chemicals: Specialty,8.0,5.0,29.0,9.0,2.9186,2.0407,2.06K,5.44K,92.5,50.0,558.99M,No,56.17,62.27,68.68,60.18,63.88,252
3329,AEONXDIGI.BO,115.0,117.55,1.39K,Process Industries,Chemicals: Specialty,8.0,37.0,8.0,8.0,7.8857,7.3964,2.25K,2.54K,242.0,99.0,529.04M,No,118.83,117.41,142.74,115.93,126.84,497
3330,1STCUS.BO,60.99,64.96,0.19K,Finance,Investment Banks/Brokers,8.0,26.0,11.0,18.0,4.7443,4.3043,0.19K,0.29K,104.85,58.0,91.48M,No,66.51,68.74,78.03,67.5,73.65,495
3331,DCMSRIND.NS,42.98,43.17,87.83K,Process Industries,Agricultural Commodities/Milling,8.0,65.0,33.0,52.0,1.86,1.8571,185.41K,164.99K,181.9,31.9,3.74B,No,41.41,40.05,67.06,39.84,39.08,500
3332,KEMISTAR.BO,49.95,48.66,3.50K,Process Industries,Chemicals: Agricultural,8.0,49.0,8.0,3.0,3.935,3.7121,2.83K,2.03K,108.99,45.1,537.43M,No,49.69,50.04,66.84,49.66,61.99,497
3333,SHVFL.BO,23.5,24.61,0.00K,Finance,Finance/Rental/Leasing,8.0,9.0,4.0,24.0,0.255,0.0921,0.17K,0.13K,40.39,19.89,237.35M,No,25.12,27.24,29.41,26.27,29.02,497
3334,LOTUSCHO.BO,627.8,622.8,2.67K,Consumer Non-Durables,Food: Specialty/Candy,8.0,20.0,14.0,11.0,16.2393,16.2393,6.47K,4.55K,1281.0,540.0,8.06B,No,654.53,675.29,757.89,667.15,716.19,496
3335,LGT.BO,40.1,40.0,3.60K,Consumer Services,Other Consumer Services,8.0,46.0,5.0,3.0,1.8314,1.3271,17.43K,18.12K,85.6,36.9,375.85M,No,43.3,43.37,54.3,43.21,50.18,239
3336,BHARATRAS.NS,1360.3,1383.9,9.82K,Process Industries,Chemicals: Agricultural,8.0,62.0,38.0,6.0,39.3429,38.8286,11.45K,13.85K,3000.0,1203.0,22.61B,No,1321.22,1355.98,1751.54,1347.31,1438.03,499
3337,VASCONEQ.NS,31.26,32.03,1347.84K,Industrial Services,Engineering & Construction,8.0,37.0,9.0,9.0,1.51,1.51,256.72K,332.02K,74.59,26.75,7.26B,No,32.83,33.42,40.29,33.57,35.68,500
3338,NEXXUS.BO,82.0,81.6,3.60K,Non-Energy Minerals,Construction Materials,8.0,82.0,4.0,26.0,2.3536,0.1186,3.08K,2.40K,140.0,64.23,569.93M,No,71.5,73.94,93.24,72.78,86.82,459
3339,UMIYA.BO,23.0,23.36,18.38K,Non-Energy Minerals,Steel,8.0,1.0,1.0,2.0,1.9886,1.9157,21.92K,20.19K,45.36,19.67,298.00M,No,25.29,31.43,30.81,30.0,32.45,497
3340,INTEGRAEN.BO,155.65,150.95,11.45K,Producer Manufacturing,Industrial Machinery,8.0,2.0,3.0,36.0,8.9893,8.9821,21.15K,12.50K,270.0,118.0,5.36B,No,166.71,194.7,186.55,190.96,180.94,497
3341,SKRABUL.BO,25.85,26.7,0.32K,Consumer Durables,Other Consumer Specialties,8.0,4.0,1.0,1.0,0.9864,0.8029,0.10K,0.14K,50.38,21.02,129.65M,No,27.45,34.48,35.96,33.24,38.04,497
3342,SRSOLTD.BO,78.0,76.5,6.40K,Finance,Finance/Rental/Leasing,8.0,15.0,33.0,15.0,3.4021,2.0257,6.01K,2.56K,229.0,57.0,890.70M,No,81.26,79.59,102.7,79.99,85.4,496
3343,SONALIS.BO,44.53,46.01,8.00K,Consumer Non-Durables,Food: Specialty/Candy,8.0,85.0,15.0,4.0,1.6121,0.5371,12.48K,3.20K,92.0,37.81,211.47M,No,46.49,46.49,57.2,46.31,52.28,498
3344,CRIZAC.NS,182.52,185.33,259.97K,Technology Services,Internet Software/Services,8.0,17.0,15.0,7.0,7.095,7.0386,387.06K,508.98K,387.95,173.35,31.94B,No,188.47,198.49,232.85,195.67,210.41,274
3345,BALAJEE.NS,26.99,27.2,19.39K,Process Industries,Containers/Packaging,8.0,24.0,13.0,14.0,0.9243,0.9207,40.41K,19.61K,59.9,21.1,2.20B,No,27.49,28.37,33.11,28.32,29.57,476
3346,AIMCOPEST.BO,47.98,48.98,1.14K,Process Industries,Chemicals: Agricultural,7.0,20.0,28.0,23.0,3.0771,3.0279,3.04K,2.80K,86.75,36.0,469.36M,No,50.3,51.98,54.08,51.57,51.41,497
3347,MBEL.NS,268.05,267.1,579.00K,Producer Manufacturing,Building Products,7.0,7.0,14.0,19.0,14.4143,14.4143,201.18K,404.84K,535.9,223.05,15.32B,No,297.88,302.45,334.09,302.3,304.72,253
3348,MARSONS.NS,103.16,102.19,1950.10K,Producer Manufacturing,Electrical Products,7.0,9.0,2.0,,4.9757,4.9343,1837.80K,1665.52K,175.4,100.25,17.75B,No,109.64,114.09,,111.86,,104
3349,JETKINGQ.BO,103.35,103.35,2.27K,Consumer Services,Other Consumer Services,7.0,78.0,20.0,7.0,6.5357,6.405,3.82K,4.19K,400.25,90.55,651.48M,No,100.26,101.48,129.41,102.54,116.08,497
3350,RMC.NS,302.2,283.2,232.36K,Producer Manufacturing,Electrical Products,7.0,43.0,3.0,,26.6964,25.8214,59.08K,183.74K,530.0,245.4,3.20B,No,292.08,303.49,,300.3,,92
3351,JKLAKSHMI.NS,549.3,549.25,75.61K,Non-Energy Minerals,Construction Materials,7.0,33.0,13.0,5.0,15.2179,15.2179,231.12K,482.13K,989.8,547.75,68.19B,No,568.26,579.99,681.73,575.33,629.79,500
3352,UGROCAP.NS,93.27,95.68,229.50K,Finance,Finance/Rental/Leasing,7.0,41.0,22.0,2.0,3.2536,3.1293,314.14K,893.27K,192.5,80.12,14.25B,No,95.66,96.27,125.85,96.22,105.31,499
3353,BRADYM.BO,739.0,720.0,0.04K,Producer Manufacturing,Industrial Machinery,7.0,52.0,12.0,15.0,23.1357,21.0607,0.21K,0.10K,1447.95,695.0,1.66B,No,733.57,760.27,848.15,758.69,804.74,497
3354,VTMLTD.BO,58.02,57.2,60.23K,Process Industries,Textiles,7.0,16.0,8.0,27.0,2.8386,2.8386,52.53K,37.55K,103.33,53.51,5.84B,No,63.36,62.71,71.58,62.9,71.75,498
3355,VMS.BO,20.27,20.89,47.18K,Industrial Services,Environmental Services,7.0,13.0,14.0,8.0,0.9871,0.9771,27.62K,18.41K,37.74,18.01,496.08M,No,21.31,21.95,25.15,22.0,23.51,497
3356,EMERGENT.BO,364.6,375.1,0.07K,Commercial Services,Miscellaneous Commercial Services,7.0,8.0,13.0,10.0,26.6179,24.8179,0.09K,0.12K,769.0,314.7,1.67B,No,406.61,411.21,467.51,408.74,434.02,497
3357,AFCONS.NS,267.95,263.65,5074.03K,Industrial Services,Engineering & Construction,7.0,11.0,9.0,11.0,10.0071,9.625,1647.38K,1062.98K,479.4,260.4,98.55B,No,280.42,300.31,336.65,297.09,309.15,442
3358,KRITI.NS,67.95,68.55,21.72K,Producer Manufacturing,Miscellaneous Manufacturing,7.0,38.0,9.0,25.0,3.5543,3.5007,16.43K,12.53K,158.0,53.0,3.58B,No,67.85,69.92,80.63,69.92,75.42,498
3359,ATHENAGLO.BO,57.8,57.72,0.05K,Technology Services,Information Technology Services,7.0,36.0,9.0,8.0,2.6136,2.4079,4.46K,2.66K,102.35,49.6,850.33M,No,56.8,59.31,72.23,58.33,67.3,497
3360,ACEENGITEC.BO,104.7,110.2,0.02K,Technology Services,Information Technology Services,7.0,3.0,13.0,13.0,2.0571,0.7929,0.02K,0.01K,209.85,104.7,89.93M,No,123.84,126.57,133.32,125.07,130.52,499
3361,ZAGGLE.NS,201.71,203.64,697.67K,Technology Services,Packaged Software,7.0,41.0,8.0,6.0,5.4864,5.3207,1221.78K,507.55K,417.6,186.05,27.18B,No,205.16,206.32,267.59,207.03,228.26,500
3362,ASGARD.BO,30.66,30.48,10.50K,Producer Manufacturing,Metal Fabrication,7.0,27.0,22.0,1.0,1.6164,1.6143,146.22K,60.87K,63.0,27.21,9.55B,No,31.12,32.58,42.1,32.4,39.24,497
3363,PIIND.NS,2483.0,2730.0,2137.24K,Process Industries,Chemicals: Specialty,7.0,28.0,10.0,12.0,70.7714,67.9,345.76K,159.07K,3917.8,2457.0,376.69B,No,2721.08,2710.14,3050.59,2694.75,2899.48,500
3364,FIBERWEB.NS,29.35,29.73,3.90K,Producer Manufacturing,Industrial Conglomerates,7.0,25.0,8.0,8.0,1.2636,1.2607,31.29K,18.14K,52.47,26.85,845.04M,No,30.14,29.98,35.55,29.98,34.36,498
3365,TARACHAND.NS,47.72,49.56,187.07K,Finance,Finance/Rental/Leasing,7.0,7.0,9.0,7.0,2.9214,2.9214,139.76K,302.79K,103.67,47.02,3.76B,No,54.3,55.56,64.96,54.39,58.9,499
3366,CITADEL.BO,34.88,36.0,1.30K,Finance,Real Estate Development,7.0,17.0,11.0,26.0,2.4393,2.4279,2.26K,3.69K,76.45,31.23,289.68M,No,35.89,36.53,42.64,35.97,38.65,497
3367,ANIKINDS.NS,40.09,43.31,41.16K,Distribution Services,Wholesale Distributors,7.0,12.0,18.0,11.0,3.0057,2.8129,4.99K,3.76K,98.85,32.5,1.11B,No,42.34,43.71,48.92,43.36,43.78,499
3368,ASHOKA.NS,113.9,116.99,1310.62K,Industrial Services,Engineering & Construction,7.0,11.0,14.0,9.0,2.4814,2.3886,1394.43K,689.06K,214.5,101.0,31.97B,No,121.3,125.77,143.42,125.1,128.72,500
3369,STEP2COR.BO,23.73,23.46,1.03K,Finance,Investment Banks/Brokers,7.0,77.0,4.0,13.0,1.1721,1.1114,0.66K,0.23K,37.28,19.86,175.48M,No,21.64,22.51,28.92,22.32,27.92,498
3370,GTTDATA.BO,44.57,44.78,6.98K,Consumer Services,Movies/Entertainment,7.0,85.0,24.0,5.0,4.23,4.1993,26.16K,66.33K,101.8,36.1,1.83B,No,44.14,42.29,60.24,41.98,51.27,497
3371,VIVIANA.NS,706.9,691.35,41.97K,Industrial Services,Engineering & Construction,7.0,14.0,21.0,59.0,32.9179,32.5286,27.21K,19.99K,1860.0,565.0,7.10B,No,719.46,779.9,818.86,762.61,756.16,498
3372,MEDICAMEQ.NS,238.98,236.96,24.77K,Health Technology,Pharmaceuticals: Major,7.0,36.0,12.0,3.0,9.9214,9.9029,27.72K,12.04K,447.65,212.4,3.24B,No,239.9,239.73,305.76,238.37,268.39,498
3373,ZBINTXPP.BO,1600.05,1600.05,0.00K,Process Industries,Textiles,7.0,35.0,3.0,5.0,15.1321,5.85,0.00K,0.00K,2837.3,1579.0,1.14B,No,1640.5,1691.05,2122.15,1663.8,2003.01,495
3374,CFEL.BO,31.75,32.58,7.42K,Process Industries,Textiles,7.0,7.0,21.0,33.0,1.9593,1.9593,20.89K,15.84K,69.9,26.97,794.39M,No,32.8,35.54,37.21,34.85,35.72,497
3375,RPOWER.NS,23.38,23.62,15258.51K,Utilities,Electric Utilities,7.0,24.0,12.0,19.0,0.6579,0.6471,36127.26K,20907.39K,50.85,20.17,96.69B,No,23.92,25.12,29.41,24.8,25.7,500
3376,DREAMFOLKS.NS,69.15,69.1,36.45K,Transportation,Other Transportation,7.0,56.0,14.0,8.0,2.7136,2.7129,67.20K,67.45K,160.0,56.0,3.68B,No,68.33,69.22,88.29,68.9,76.08,499
3377,FOODSIN.NS,51.29,53.07,88.42K,Consumer Non-Durables,Food: Specialty/Candy,7.0,4.0,12.0,20.0,2.2436,2.19,94.43K,57.03K,102.19,44.0,3.77B,No,55.02,56.42,62.87,56.49,57.81,499
3378,KRANTI.BO,50.46,50.65,1.35K,Producer Manufacturing,Auto Parts: Oem,7.0,2.0,12.0,10.0,4.59,4.4829,19.79K,17.32K,98.15,45.0,643.89M,No,51.47,58.87,67.26,58.18,61.1,497
3379,ODIGMA.NS,22.31,22.62,8.35K,Technology Services,Internet Software/Services,7.0,24.0,8.0,15.0,0.6864,0.6836,35.72K,9.67K,56.09,20.0,697.38M,No,22.84,23.18,27.88,23.43,25.28,413
3380,SHREESHAY.BO,22.0,22.0,16.00K,Industrial Services,Engineering & Construction,7.0,2.0,6.0,10.0,1.7986,0.7421,1.61K,8.40K,39.05,20.25,290.47M,No,26.72,27.49,27.56,26.8,26.77,496
3381,SYMPHONY.NS,630.95,641.15,83.71K,Producer Manufacturing,Industrial Machinery,7.0,13.0,9.0,5.0,18.1321,18.0929,97.57K,140.10K,991.5,625.1,43.33B,No,676.67,684.08,799.46,680.92,755.55,498
3382,GANESHCP.NS,162.26,161.7,51.84K,Process Industries,Agricultural Commodities/Milling,7.0,6.0,5.0,13.0,7.1214,7.1214,117.48K,290.60K,309.95,152.0,6.56B,No,170.76,186.57,206.85,182.98,187.08,216
3383,CONTPTR.BO,76.25,79.5,1.29K,Energy Minerals,Oil Refining/Marketing,6.0,20.0,5.0,15.0,4.0321,3.6679,2.70K,3.92K,125.0,68.2,645.68M,No,77.06,82.18,94.86,81.19,87.65,497
3384,BAJAJINDEF.NS,233.62,226.51,26.89K,Producer Manufacturing,Trucks/Construction/Farm Machinery,6.0,32.0,7.0,11.0,7.63,7.6036,35.18K,14.44K,442.6,207.25,7.48B,No,232.87,240.78,286.08,242.35,258.71,364
3385,ESSARSHPNG.NS,19.57,19.71,117.29K,Transportation,Other Transportation,6.0,8.0,7.0,9.0,0.7829,0.78,240.69K,172.04K,43.26,18.61,4.07B,No,20.15,21.91,25.86,21.73,24.15,499
3386,REPRO.NS,316.95,332.15,42.83K,Commercial Services,Commercial Printing/Forms,6.0,8.0,13.0,9.0,18.7107,18.5857,18.45K,40.16K,590.0,307.05,4.55B,No,368.46,365.76,410.75,363.47,373.91,497
3387,RAJOOENG.NS,50.64,51.22,83.47K,Producer Manufacturing,Industrial Machinery,6.0,54.0,13.0,16.0,1.9336,1.91,252.10K,139.00K,109.5,46.0,9.05B,No,52.15,52.8,62.4,52.59,57.63,302
3388,JISLJALEQS.NS,27.07,27.88,2466.75K,Producer Manufacturing,Trucks/Construction/Farm Machinery,6.0,6.0,8.0,8.0,1.2921,1.2714,3583.70K,2683.69K,59.0,26.9,19.86B,No,30.08,31.82,35.91,31.64,32.49,500
3389,HILINFRA.NS,44.96,46.33,97.59K,Transportation,Other Transportation,6.0,46.0,16.0,19.0,2.1264,2.0721,40.99K,61.75K,131.4,40.6,3.22B,No,45.24,46.18,53.99,45.82,49.24,249
3390,WAKEFIT.NS,122.87,124.48,588.95K,Retail Trade,Specialty Stores,6.0,40.0,43.0,4.0,5.8879,5.8464,3997.51K,1613.92K,224.0,111.4,40.71B,No,128.31,124.99,,125.34,147.66,165
3391,GLPL.BO,40.9,40.5,12.00K,Distribution Services,Medical Distributors,6.0,47.0,,,2.2286,2.1029,124.55K,83.70K,60.0,33.0,392.64M,No,39.97,41.95,,41.91,,62
3392,KHAICHEM.NS,51.86,51.15,89.80K,Process Industries,Chemicals: Agricultural,6.0,50.0,22.0,12.0,2.4021,2.2864,82.01K,157.94K,135.8,42.92,5.03B,No,49.57,52.44,64.69,52.03,54.76,499
3393,KAMATS.BO,36.65,38.05,18.33K,Consumer Services,Restaurants,6.0,19.0,18.0,2.0,3.4929,3.48,7.61K,11.95K,69.29,30.2,667.00M,No,38.12,39.3,48.84,38.93,44.74,497
3394,SOLARIUM.BO,162.7,162.7,5.70K,Electronic Technology,Semiconductors,6.0,15.0,8.0,11.0,6.125,6.125,19.48K,10.38K,395.1,129.15,3.40B,No,172.11,176.69,208.15,175.5,182.06,369
3395,ANIRIT.BO,43.99,44.88,0.20K,Process Industries,Textiles,6.0,52.0,23.0,59.0,0.3657,0.1586,1.13K,1.43K,99.0,33.25,791.82M,No,45.2,50.5,54.54,49.21,48.84,497
3396,EASUN.BO,32.8,32.8,0.00K,Finance,Financial Conglomerates,6.0,0.0,12.0,2.0,1.1843,0.0064,0.78K,0.01K,61.83,32.8,171.52M,No,41.61,47.38,47.75,46.26,44.09,496
3397,VISHALBL.BO,48.66,50.48,0.88K,Producer Manufacturing,Metal Fabrication,6.0,6.0,8.0,10.0,2.3443,2.3443,1.84K,1.01K,82.39,38.87,525.09M,No,50.22,55.44,60.75,54.36,56.68,497
3398,ALPHALOGIC.BO,42.54,42.98,3.55K,Commercial Services,Miscellaneous Commercial Services,6.0,56.0,6.0,43.0,2.9271,2.8043,4.71K,4.56K,98.0,32.5,2.66B,No,41.86,44.64,52.19,44.14,46.62,497
3399,NETWORK18.NS,28.71,29.14,2434.10K,Consumer Services,Broadcasting,6.0,21.0,14.0,10.0,0.6907,0.6721,7021.49K,2289.02K,58.55,27.38,44.34B,No,29.45,31.1,36.35,30.84,32.73,499
3400,GOGIACAPGL.BO,50.1,50.1,0.00K,Finance,Investment Banks/Brokers,6.0,60.0,8.0,2.0,1.0914,0.3536,0.34K,0.07K,101.38,45.45,316.69M,No,49.7,50.46,70.23,50.32,64.7,497
3401,FINKURVE.NS,61.39,60.02,13.27K,Finance,Finance/Rental/Leasing,6.0,22.0,24.0,9.0,3.1607,3.1564,57.53K,67.76K,134.9,48.02,8.60B,No,61.27,64.11,79.3,63.69,67.68,212
3402,DECCANCE.NS,549.9,558.5,98.21K,Non-Energy Minerals,Construction Materials,6.0,29.0,17.0,20.0,19.6964,19.5929,18.06K,26.62K,1164.9,525.0,7.70B,No,563.11,572.6,684.65,570.26,621.53,498
3403,COROENGG.BO,53.63,55.01,3.85K,Consumer Durables,Homebuilding,6.0,39.0,1.0,3.0,2.9929,2.6257,11.88K,4.31K,114.93,48.9,1.87B,No,53.42,56.19,74.21,55.67,74.0,497
3404,DHANLAXMI.NS,55.0,25.5,,Process Industries,Agricultural Commodities/Milling,6.0,45.0,8.0,21.0,1.1214,0.9464,25.30K,8.20K,55.0,20.05,,No,25.08,26.97,29.76,26.34,27.52,410
3405,STANLEY.NS,142.01,143.48,66.79K,Consumer Durables,Home Furnishings,6.0,21.0,12.0,10.0,4.5607,4.4929,213.52K,83.97K,339.35,123.0,8.11B,No,153.46,150.42,177.86,150.56,152.95,497
3406,RACE.NS,102.31,108.08,12.96K,Process Industries,Textiles,6.0,16.0,11.0,44.0,4.5957,4.48,8.25K,6.08K,252.0,84.11,1.77B,No,108.51,109.95,128.84,109.39,113.27,497
3407,INNOVATORS.BO,121.25,125.2,11.20K,Process Industries,Industrial Specialties,6.0,41.0,3.0,3.0,5.7071,4.7714,22.26K,14.08K,234.6,102.0,2.29B,No,117.42,122.4,156.58,121.78,138.46,497
3408,MFML.BO,18.75,19.54,0.49K,Process Industries,Textiles,6.0,41.0,6.0,14.0,1.7729,1.7729,0.94K,0.98K,37.69,17.53,199.13M,No,19.36,21.22,24.12,20.24,22.67,486
3409,RSYSTEMS.NS,240.1,244.95,222.24K,Technology Services,Information Technology Services,6.0,56.0,8.0,3.0,11.8807,11.6214,503.32K,475.29K,496.9,213.52,28.45B,No,252.88,248.95,316.63,247.92,274.18,499
3410,DEL.BO,130.05,140.25,0.25K,Producer Manufacturing,Electrical Products,6.0,93.0,5.0,4.0,7.0393,5.8,1.84K,0.46K,438.15,100.35,1.85B,No,137.03,144.11,181.86,140.02,164.63,497
3411,ECOSMOBLTY.NS,125.76,132.37,117.25K,Finance,Finance/Rental/Leasing,6.0,45.0,17.0,3.0,5.5471,5.54,160.44K,40.25K,303.25,103.94,7.55B,No,131.45,131.1,163.29,131.2,139.87,484
3412,CIFL.NS,21.92,22.12,95.29K,Finance,Finance/Rental/Leasing,6.0,35.0,5.0,4.0,1.1857,1.1843,130.75K,115.96K,39.69,19.56,8.57B,No,21.1,22.67,28.81,22.57,26.2,329
3413,REXSEAL.BO,120.0,120.0,0.50K,Producer Manufacturing,Industrial Machinery,6.0,4.0,13.0,8.0,1.7857,0.0,1.87K,0.05K,216.0,120.0,310.20M,No,133.75,140.5,162.6,137.5,150.77,497
3414,HERANBA.NS,171.82,173.97,25.12K,Process Industries,Chemicals: Agricultural,6.0,33.0,8.0,11.0,6.0857,6.0286,59.51K,26.71K,379.0,155.38,6.88B,No,177.72,181.49,212.21,182.15,193.21,500
3415,WAAREEINDO.NS,299.1,306.75,78.99K,Electronic Technology,Electronic Equipment/Instruments,6.0,2.0,3.0,5.0,17.4536,13.8071,69.34K,142.78K,725.0,282.8,12.44B,No,337.48,371.34,430.08,365.27,391.89,500
3416,SKIEL.BO,20.5,21.4,6.00K,Consumer Non-Durables,Apparel/Footwear,6.0,0.0,2.0,4.0,0.5714,0.1536,2.10K,3.60K,35.87,20.5,150.31M,No,25.0,29.62,31.38,28.29,31.11,496
3417,VIVOBIOT.BO,20.95,21.75,30.47K,Distribution Services,Medical Distributors,6.0,13.0,5.0,6.0,1.5929,1.585,38.00K,24.93K,43.35,18.36,464.89M,No,22.26,23.1,27.28,22.87,25.5,497
3418,HINDUST.BO,37.0,38.96,5.94K,Process Industries,Agricultural Commodities/Milling,6.0,9.0,6.0,6.0,2.21,2.1364,2.53K,4.78K,72.01,35.5,162.81M,No,39.35,41.73,47.8,41.14,44.33,497
3419,RESGEN.BO,46.79,47.03,18.00K,Process Industries,Chemicals: Major Diversified,6.0,37.0,7.0,6.0,1.4586,1.3436,22.15K,22.88K,99.01,44.61,981.42M,No,49.56,50.0,61.28,49.06,56.04,496
3420,RAMINFO.BO,45.48,44.29,5.34K,Technology Services,Packaged Software,5.0,39.0,22.0,10.0,2.1721,2.1721,8.06K,3.90K,101.85,42.51,372.48M,No,44.41,45.24,60.37,45.29,52.32,496
3421,ADHHATA.BO,23.1,23.1,0.15K,Distribution Services,Wholesale Distributors,5.0,1.0,7.0,14.0,0.3036,0.3036,0.06K,0.03K,46.95,23.02,108.93M,No,25.42,31.01,30.55,29.55,28.34,434
3422,TIRUMALCHM.NS,160.72,162.64,212.06K,Process Industries,Chemicals: Specialty,5.0,34.0,5.0,19.0,6.6336,6.2686,611.67K,661.37K,328.8,158.0,19.38B,No,169.04,170.06,202.17,168.82,184.2,499
3423,GEL.BO,25.5,26.5,9.00K,Distribution Services,Wholesale Distributors,5.0,3.0,2.0,5.0,1.3036,0.9429,80.24K,22.80K,46.19,24.3,628.52M,No,30.69,32.29,35.59,31.64,35.24,500
3424,KARBON.BO,108.3,108.5,3.20K,Producer Manufacturing,Metal Fabrication,5.0,10.0,14.0,3.0,3.9371,3.0864,15.39K,9.76K,208.1,92.6,1.53B,No,102.64,111.55,145.59,111.43,130.81,224
3425,KEERTHI.BO,39.1,38.4,1.06K,Non-Energy Minerals,Construction Materials,5.0,32.0,12.0,4.0,2.4879,1.6543,2.72K,0.56K,84.87,34.5,313.45M,No,39.4,39.47,53.82,39.65,48.13,497
3426,WESTLEIRES.BO,75.0,76.5,0.01K,Technology Services,Packaged Software,5.0,14.0,11.0,5.0,1.415,0.7836,0.08K,0.23K,156.7,73.44,229.00M,No,82.77,84.13,101.16,83.87,91.29,498
3427,RTSPOWR.BO,101.0,99.55,1.46K,Producer Manufacturing,Electrical Products,5.0,36.0,4.0,16.0,5.2,5.0036,4.31K,2.71K,175.0,80.0,926.02M,No,100.39,103.73,123.33,102.74,115.04,496
3428,TCFCFINQ.BO,25.81,25.77,1.05K,Finance,Financial Conglomerates,5.0,56.0,16.0,19.0,1.6321,1.5721,3.04K,1.61K,52.42,22.02,243.94M,No,26.22,26.18,32.7,26.01,28.06,500
3429,MARCLOIRE.BO,33.8,34.0,1.20K,Retail Trade,Apparel/Footwear Retail,5.0,5.0,5.0,17.0,0.7486,0.2464,2.19K,2.04K,83.0,33.8,239.98M,No,36.91,39.14,47.58,38.19,45.09,271
3430,ORIRAIL.BO,110.25,112.65,74.05K,Producer Manufacturing,Building Products,5.0,24.0,3.0,10.0,3.8786,3.8393,56.38K,41.50K,185.0,101.45,7.39B,No,112.11,123.07,139.41,120.38,131.01,496
3431,SOMICONVEY.NS,87.59,95.38,65.75K,Producer Manufacturing,Miscellaneous Manufacturing,5.0,9.0,7.0,37.0,4.3557,4.3021,33.61K,12.43K,169.4,85.5,1.07B,No,95.61,98.76,112.43,98.46,102.8,499
3432,PARSHWANA.BO,66.27,69.75,0.00K,Consumer Durables,Homebuilding,5.0,45.0,2.0,6.0,5.98,5.7536,0.19K,0.26K,115.55,52.0,207.55M,No,73.08,68.42,89.98,67.33,85.49,496
3433,SHREE.BO,50.0,51.15,1.50K,Distribution Services,Wholesale Distributors,5.0,14.0,19.0,4.0,2.4271,1.5357,1.10K,1.90K,116.1,40.0,173.00M,No,52.12,57.83,68.82,56.37,59.76,498
3434,KPEL.NS,259.6,271.25,627.41K,Utilities,Alternative Power Generation,5.0,3.0,2.0,26.0,12.3286,12.15,209.58K,192.53K,463.25,237.9,17.60B,No,305.34,326.26,335.38,320.63,317.95,430
3435,SRICC.BO,40.0,39.44,3.42K,Non-Energy Minerals,Construction Materials,5.0,71.0,3.0,7.0,2.5786,2.5121,2.02K,2.02K,99.29,29.11,360.00M,No,35.13,39.51,53.86,39.17,47.19,497
3436,ADVANCETL.BO,62.39,65.67,39.60K,Producer Manufacturing,Metal Fabrication,5.0,,,,,,48.96K,48.96K,94.0,62.39,,No,,,,,,8
3437,NOVAAGRI.NS,24.74,24.3,53.83K,Process Industries,Chemicals: Agricultural,5.0,60.0,15.0,7.0,0.8279,0.8086,65.17K,33.07K,53.74,18.12,2.23B,No,23.16,24.61,31.76,24.45,27.17,497
3438,MARATHON.NS,373.3,377.8,34.63K,Finance,Real Estate Development,5.0,23.0,5.0,7.0,13.5143,12.6964,68.54K,70.93K,685.4,368.3,25.18B,No,387.79,399.41,473.03,395.84,436.31,499
3439,JAINREC.NS,303.0,297.75,1063.82K,Non-Energy Minerals,Other Metals/Minerals,5.0,10.0,0.0,10.0,14.7571,13.4821,3007.66K,2650.49K,593.95,294.0,104.56B,No,328.45,342.31,397.55,338.7,396.36,214
3440,SOUTHMG.BO,70.0,69.56,0.84K,Non-Energy Minerals,Other Metals/Minerals,5.0,37.0,10.0,12.0,4.3257,4.1736,0.90K,0.44K,131.4,61.15,210.00M,No,72.07,75.3,86.06,74.39,79.28,497
3441,HUBTOWN.NS,178.19,179.4,357.76K,Finance,Real Estate Development,5.0,8.0,9.0,18.0,6.4421,6.44,588.16K,533.64K,365.7,168.15,25.32B,No,190.6,198.07,225.8,195.14,202.49,500
3442,SHLOKKA.BO,23.0,22.58,3.60K,Process Industries,Chemicals: Specialty,5.0,49.0,28.0,46.0,1.4093,1.1864,9.75K,21.24K,90.0,21.1,492.40M,No,23.32,23.81,32.63,23.85,24.75,203
3443,RADIXIND.BO,134.1,140.8,0.41K,Consumer Non-Durables,Consumer Sundries,5.0,5.0,5.0,5.0,9.1679,7.9071,0.21K,0.26K,226.4,126.55,2.01B,No,144.78,162.61,180.71,156.24,178.77,497
3444,APLABPP.BO,38.56,37.38,3.72K,Electronic Technology,Electronic Equipment/Instruments,5.0,0.0,0.0,4.0,3.2343,2.4857,4.49K,10.04K,97.0,26.75,1.05B,No,52.2,66.24,65.26,62.46,63.93,271
3445,SHELTER.BO,26.0,26.0,3.00K,Health Technology,Pharmaceuticals: Major,5.0,53.0,20.0,2.0,0.5329,0.4721,21.29K,5.40K,50.0,23.0,434.87M,No,26.71,27.89,33.92,27.57,31.68,497
3446,MODAIRY.BO,30.04,28.24,120.93K,Consumer Non-Durables,Food: Meat/Fish/Dairy,5.0,17.0,8.0,13.0,1.6157,1.5893,15.56K,18.35K,54.3,26.56,853.73M,No,29.89,32.09,36.12,31.75,34.44,496
3447,DSFCL.NS,25.65,25.5,10.67K,Process Industries,Chemicals: Major Diversified,5.0,75.0,24.0,,0.4986,0.3671,63.16K,28.14K,52.5,17.28,2.23B,No,26.13,24.75,,24.73,,122
3448,GEMENVIRO.BO,35.53,35.5,1.60K,Transportation,Trucking,5.0,24.0,5.0,12.0,0.925,0.7664,7.78K,7.76K,74.44,31.83,801.22M,No,36.94,38.19,44.42,37.98,41.33,497
3449,MORGAN.BO,45.8,44.49,1.19K,Finance,Financial Conglomerates,5.0,64.0,21.0,3.0,3.1371,3.0279,2.08K,2.44K,92.9,35.0,453.36M,No,45.48,46.78,58.83,46.42,51.49,496
3450,CEWATER.NS,261.0,275.2,246.78K,Industrial Services,Environmental Services,5.0,3.0,14.0,3.0,10.2,9.6071,197.66K,59.97K,579.0,235.0,5.40B,No,289.81,305.24,349.59,307.93,311.88,405
3451,VIRAT.BO,355.8,363.85,0.43K,Consumer Non-Durables,Apparel/Footwear,5.0,28.0,2.0,10.0,20.2857,19.225,2.01K,2.29K,883.2,293.15,5.17B,No,337.23,369.24,456.26,367.01,412.85,497
3452,SIYARAM.BO,38.75,39.09,37.50K,Non-Energy Minerals,Other Metals/Minerals,5.0,17.0,34.0,13.0,1.88,1.8564,72.10K,36.15K,122.0,31.95,844.33M,No,39.82,38.34,49.29,38.3,40.72,497
3453,RONI.BO,34.5,36.5,3.60K,Distribution Services,Wholesale Distributors,5.0,9.0,5.0,7.0,2.4629,1.3221,5.05K,4.50K,77.5,31.8,396.51M,No,37.0,39.62,47.9,38.63,43.42,498
3454,PANELEC.BO,25.16,26.6,0.22K,Electronic Technology,Electronic Components,5.0,49.0,63.0,2.0,2.1193,1.96,2.11K,0.75K,70.94,21.73,100.64M,No,26.42,26.15,36.45,26.27,31.82,496
3455,GUJENERGY.NS,274.35,274.4,6835.67K,Utilities,Gas Distributors,5.0,29.0,3.0,3.0,9.1357,9.0214,782.29K,806.36K,452.0,261.25,257.40B,No,272.1,316.72,372.08,306.82,356.75,499
3456,CGVAK.BO,154.4,157.6,3.30K,Technology Services,Information Technology Services,5.0,38.0,4.0,10.0,9.6571,9.5429,3.43K,2.92K,326.45,150.0,779.75M,No,161.02,167.1,204.55,164.16,188.44,497
3457,HILTON.NS,20.0,20.39,131.13K,Producer Manufacturing,Metal Fabrication,4.0,8.0,17.0,8.0,0.9214,0.9207,139.38K,68.79K,61.2,13.43,1.03B,No,21.55,21.86,27.4,22.05,22.09,499
3458,KEC.NS,441.8,450.75,1598.04K,Industrial Services,Engineering & Construction,4.0,11.0,5.0,6.0,12.2321,11.3393,1259.56K,842.24K,937.8,439.85,117.61B,No,474.69,496.53,598.21,494.48,541.89,500
3459,SDBL.NS,71.5,73.52,1604.72K,Consumer Non-Durables,Beverages: Alcoholic,4.0,70.0,6.0,13.0,2.3821,2.245,1590.30K,644.87K,144.66,61.8,14.86B,No,72.02,71.85,89.17,71.33,78.7,500
3460,ADVENTHTL.NS,143.21,143.66,76.07K,Industrial Services,Engineering & Construction,4.0,45.0,26.0,6.0,4.69,4.6379,330.48K,106.85K,345.05,120.02,7.73B,No,146.9,142.58,,143.05,158.66,188
3461,SOLEX.NS,899.55,909.5,25.55K,Producer Manufacturing,Building Products,4.0,9.0,3.0,32.0,30.3607,30.3464,58.86K,21.43K,1985.0,795.45,9.72B,No,934.6,1016.21,1201.08,996.64,1061.19,498
3462,CASPIAN.BO,33.96,33.56,0.18K,Commercial Services,Personnel Services,4.0,35.0,24.0,6.0,1.5343,1.5343,2.54K,3.01K,120.0,28.82,429.93M,No,34.29,35.82,48.35,35.65,37.79,498
3463,JYOTI.BO,51.51,51.51,8.26K,Producer Manufacturing,Electrical Products,4.0,8.0,4.0,6.0,2.22,2.1971,23.65K,16.70K,112.45,48.5,1.19B,No,54.57,58.12,70.9,57.51,63.63,497
3464,STARSOURCE.BO,81.5,79.0,0.12K,Health Technology,Pharmaceuticals: Major,4.0,9.0,4.0,6.0,4.4621,4.09,0.85K,0.31K,152.9,72.0,122.25M,No,77.64,89.75,107.55,87.1,102.12,498
3465,SUPREME.NS,42.51,44.43,66.63K,Finance,Real Estate Development,4.0,16.0,12.0,7.0,2.1143,2.1071,93.12K,45.57K,97.84,41.5,1.65B,No,45.13,46.1,59.53,46.25,50.73,377
3466,PATANJALI.NS,352.6,353.0,4111.66K,Process Industries,Agricultural Commodities/Milling,4.0,6.0,7.0,5.0,10.125,10.1143,5184.90K,5769.89K,615.0,328.2,383.59B,No,349.22,390.29,484.15,383.27,448.4,499
3467,NISMGMT.BO,47.86,48.1,1.20K,Commercial Services,Miscellaneous Commercial Services,4.0,51.0,18.0,7.0,1.2493,0.5571,5.94K,1.92K,108.0,36.2,947.63M,No,46.4,47.06,62.54,47.21,52.96,232
3468,CHTR.BO,53.9,55.2,9.60K,Commercial Services,Advertising/Marketing Services,4.0,81.0,10.0,14.0,3.3114,2.825,12.93K,12.00K,156.75,39.4,762.35M,No,48.05,50.73,69.81,50.36,56.94,213
3469,VJTFEDU.BO,67.36,67.15,1.00K,Consumer Services,Other Consumer Services,4.0,31.0,6.0,10.0,5.4929,4.9314,1.42K,0.39K,127.95,54.61,1.19B,No,71.36,67.63,86.03,67.78,80.72,497
3470,OSWALGREEN.NS,21.05,21.48,116.86K,Finance,Real Estate Development,4.0,33.0,7.0,9.0,1.0679,1.0379,241.07K,506.32K,43.79,19.76,5.41B,No,21.39,22.33,27.71,22.13,24.83,500
3471,THRIVE.BO,74.86,79.71,2.80K,Consumer Non-Durables,Household/Personal Care,4.0,6.0,2.0,2.0,5.6829,5.3136,2.90K,1.96K,149.45,72.0,847.38M,No,84.75,89.8,107.37,88.69,105.51,497
3472,AUTOPINS.BO,119.55,113.9,0.39K,Producer Manufacturing,Metal Fabrication,4.0,0.0,1.0,15.0,5.9643,0.3857,0.03K,0.17K,270.1,108.5,682.28M,No,158.46,187.87,170.88,177.13,173.02,494
3473,KISAN.BO,22.7,22.35,31.23K,Producer Manufacturing,Miscellaneous Manufacturing,4.0,13.0,2.0,18.0,0.9179,0.9007,141.46K,92.05K,43.65,21.57,2.71B,No,22.86,28.63,29.0,27.91,29.0,497
3474,BLUECOAST.NS,24.4,25.1,1.33K,Consumer Services,Hotels/Resorts/Cruise Lines,4.0,10.0,7.0,24.0,1.8807,1.88,2.09K,2.27K,86.31,18.57,480.18M,No,25.87,27.66,30.66,26.92,26.36,498
3475,OSIAJEE.BO,267.95,277.65,16.76K,Process Industries,Textiles,4.0,0.0,1.0,1.0,25.6893,25.5,35.39K,12.65K,495.5,245.1,1.45B,No,302.56,362.07,401.95,350.84,402.31,496
3476,ANUBHAV.BO,51.6,48.83,59.20K,Non-Energy Minerals,Steel,4.0,25.0,,,1.9371,1.5429,60.18K,36.48K,80.0,46.01,567.60M,No,51.36,,,,,33
3477,BLT.BO,27.92,27.92,4.80K,Transportation,Trucking,4.0,29.0,45.0,5.0,0.4107,0.2221,2.39K,2.08K,100.26,20.6,133.90M,No,28.95,29.67,35.84,29.47,31.38,248
3478,GENESYS.NS,208.0,214.45,182.34K,Technology Services,Packaged Software,4.0,0.0,9.0,4.0,18.5381,11.8618,1253.50K,819.88K,647.9,181.08,12.74B,No,244.9,293.63,326.8,290.16,278.34,500
3479,DUROPLY.BO,106.35,105.0,0.86K,Non-Energy Minerals,Forest Products,4.0,13.0,6.0,5.0,4.8929,4.7071,6.10K,10.29K,225.0,102.65,1.15B,No,106.59,117.62,145.28,115.91,132.25,497
3480,NISUS.BO,178.7,182.9,16.80K,Finance,Financial Conglomerates,4.0,16.0,20.0,3.0,9.4429,9.0679,30.88K,26.48K,401.0,142.65,4.27B,No,188.05,198.81,244.49,194.52,214.08,413
3481,NIKSTECH.BO,304.5,290.3,0.30K,Technology Services,Information Technology Services,4.0,77.0,3.0,5.0,2.0,0.0,0.28K,0.03K,482.0,276.5,152.25M,No,284.29,300.74,410.39,293.23,383.59,498
3482,VASHISHTHA.BO,58.5,59.99,4.80K,Consumer Non-Durables,Apparel/Footwear,4.0,52.0,32.0,5.0,0.9629,0.46,5.81K,1.08K,227.0,52.11,137.87M,No,56.71,61.99,87.35,61.27,63.99,226
3483,SHUBHAM.BO,36.05,35.42,20.93K,Process Industries,Textiles,4.0,7.0,1.0,1.0,2.2614,2.25,12.02K,10.48K,79.0,30.9,437.00M,No,37.69,42.0,56.09,41.05,53.79,497
3484,TTC.BO,200.0,225.95,4.80K,Commercial Services,Miscellaneous Commercial Services,4.0,34.0,9.0,4.0,16.1571,13.3429,2.85K,3.96K,445.0,185.0,378.00M,No,212.44,225.65,292.79,219.16,261.58,412
3485,SRTL.NS,39.82,40.08,22.45K,Process Industries,Textiles,4.0,41.0,13.0,,1.2193,1.1786,54.20K,33.92K,73.36,38.7,1.59B,No,40.53,40.53,,40.15,,111
3486,VIPCLOTHNG.NS,20.42,20.21,36.86K,Consumer Non-Durables,Apparel/Footwear,4.0,6.0,28.0,14.0,0.6679,0.6507,118.67K,43.91K,41.2,14.05,1.84B,No,21.41,23.51,25.83,22.95,22.72,499
3487,SHIVTEXCHEM.BO,112.4,109.05,2.00K,Distribution Services,Wholesale Distributors,4.0,18.0,8.0,28.0,5.5893,5.075,7.11K,6.40K,296.1,95.0,2.60B,No,116.55,121.91,139.17,120.03,128.26,453
3488,MITTALSTL.BO,27.0,27.0,3.00K,Non-Energy Minerals,Steel,4.0,17.0,16.0,18.0,0.7729,0.3864,4.90K,6.60K,114.4,22.63,312.32M,No,27.93,29.98,35.87,29.49,30.37,206
3489,HBGHOTELS.BO,83.69,85.79,1.42K,Consumer Services,Hotels/Resorts/Cruise Lines,4.0,19.0,12.0,14.0,5.6029,5.4807,2.71K,4.74K,214.4,71.3,1.72B,No,86.72,90.73,108.34,89.73,94.22,497
3490,NMSGLOBAL.BO,53.73,56.55,9.05K,Distribution Services,Food Distributors,4.0,1.0,4.0,9.0,4.4671,4.1579,18.89K,14.60K,103.94,49.16,161.49M,No,64.73,75.7,75.66,73.1,76.17,496
3491,KRRAIL.BO,23.19,22.9,50.19K,Industrial Services,Engineering & Construction,4.0,10.0,6.0,7.0,1.5314,1.5207,47.33K,95.48K,58.75,19.92,969.52M,No,24.62,26.29,30.3,25.99,27.79,497
3492,KPITTECH.NS,609.2,627.0,1196.03K,Technology Services,Packaged Software,4.0,79.0,15.0,2.0,25.3464,23.6464,3585.02K,6780.72K,1328.0,543.0,165.84B,No,595.97,644.3,873.9,634.68,732.43,500
3493,CAMLINFINE.NS,107.94,125.5,6109.43K,Process Industries,Chemicals: Specialty,3.0,5.0,12.0,9.0,5.7979,5.35,1364.94K,465.66K,235.0,96.21,20.73B,No,124.99,129.72,139.77,128.81,130.03,499
3494,BANG.NS,29.6,29.99,9.73K,Consumer Non-Durables,Apparel/Footwear,3.0,63.0,5.0,4.0,1.2657,1.255,71.39K,16.25K,62.07,25.84,401.38M,No,29.35,30.76,40.4,30.26,35.75,499
3495,EKENNIS.BO,69.65,69.65,1.60K,Technology Services,Information Technology Services,3.0,1.0,0.0,0.0,0.2607,0.0,0.52K,0.16K,168.0,37.34,97.51M,No,72.41,96.18,135.57,88.45,126.94,497
3496,ODYSSEY.BO,38.44,36.72,11.98K,Technology Services,Packaged Software,3.0,35.0,6.0,4.0,2.4743,2.2971,23.57K,12.58K,94.5,34.01,612.81M,No,39.88,40.27,53.46,40.17,45.07,496
3497,AWFIS.NS,274.05,266.65,230.79K,Finance,Real Estate Development,3.0,11.0,4.0,5.0,9.3964,9.2,340.65K,161.25K,639.4,229.05,19.61B,No,278.84,292.44,377.45,290.05,311.94,500
3498,KPGEL.BO,305.95,307.6,95.00K,Producer Manufacturing,Metal Fabrication,3.0,5.0,2.0,13.0,11.7286,11.7286,57.47K,32.52K,626.65,301.0,15.30B,No,335.58,358.13,407.47,352.96,377.37,497
3499,KALAMANDIR.NS,85.3,86.59,636.95K,Retail Trade,Apparel/Footwear Retail,3.0,6.0,4.0,9.0,2.2107,2.1971,861.33K,488.75K,223.03,84.82,12.57B,No,88.78,98.9,119.66,97.6,103.45,500
3500,BYKE.NS,31.61,32.95,93.72K,Consumer Services,Hotels/Resorts/Cruise Lines,3.0,17.0,13.0,2.0,1.5079,1.5079,39.00K,30.05K,76.73,26.25,1.65B,No,33.36,33.84,43.55,33.56,37.99,498
3501,NITINCAST.BO,368.95,388.35,0.35K,Non-Energy Minerals,Steel,3.0,0.0,2.0,4.0,39.5536,37.2571,0.63K,3.23K,690.0,368.95,1.90B,No,507.94,543.46,532.93,529.14,545.16,496
3502,PRITI.NS,35.99,36.49,8.13K,Consumer Durables,Home Furnishings,3.0,16.0,9.0,6.0,1.7029,1.675,5.54K,5.38K,104.9,31.5,480.59M,No,37.36,39.22,48.79,39.01,42.92,497
3503,ELIN.NS,97.79,94.25,463.92K,Electronic Technology,Electronic Production Equipment,3.0,39.0,6.0,3.0,3.9664,3.8921,297.15K,198.67K,234.0,93.65,4.86B,No,101.31,102.72,135.77,101.64,117.74,499
3504,MANGALAM.NS,27.27,26.93,15.47K,Health Technology,Pharmaceuticals: Major,3.0,49.0,27.0,8.0,0.985,0.975,25.67K,20.54K,86.9,22.8,431.64M,No,27.24,28.03,33.73,27.92,30.22,498
3505,GUJJUBHAI.BO,134.35,136.75,55.99K,Producer Manufacturing,Industrial Machinery,3.0,72.0,4.0,1.0,10.6714,10.5357,84.35K,150.78K,271.0,101.05,2.81B,No,129.06,128.7,185.46,128.3,171.84,495
3506,APTPACK.BO,71.44,71.74,11.16K,Producer Manufacturing,Miscellaneous Manufacturing,3.0,35.0,0.0,6.0,4.7136,3.7679,4.93K,25.91K,198.35,55.5,843.95M,No,70.03,81.44,111.8,76.52,118.12,498
3507,HAZOOR.BO,21.63,21.37,98.64K,Finance,Real Estate Development,3.0,17.0,6.0,6.0,1.1279,1.12,373.03K,399.80K,45.2,20.98,6.23B,No,22.4,23.62,29.73,23.21,27.16,497
3508,TRIVENI.NS,242.24,238.4,623.73K,Process Industries,Agricultural Commodities/Milling,3.0,0.0,1.0,4.0,11.7007,9.9364,589.79K,753.82K,490.1,220.05,53.38B,No,286.04,366.9,372.06,353.82,372.07,500
3509,EDVENSWA.BO,21.99,22.29,5.41K,Technology Services,Information Technology Services,3.0,37.0,3.0,10.0,1.4693,1.4693,11.15K,9.82K,53.0,19.01,642.46M,No,22.31,23.76,28.91,23.38,26.1,497
3510,RESPONSINF.BO,18.68,19.9,1.02K,Commercial Services,Miscellaneous Commercial Services,3.0,28.0,8.0,4.0,0.835,0.6564,1.20K,0.85K,42.61,18.0,157.80M,No,19.41,20.64,26.67,20.3,23.03,496
3511,SOLARWORLD.NS,161.37,164.61,548.20K,Industrial Services,Engineering & Construction,3.0,2.0,7.0,7.0,7.235,7.235,723.10K,435.59K,388.5,139.19,13.99B,No,186.97,190.61,223.22,190.08,193.36,216
3512,BERVINL.BO,39.39,37.52,0.87K,Finance,Investment Banks/Brokers,3.0,1.0,1.0,6.0,3.3879,3.2543,0.33K,0.30K,73.5,37.21,232.33M,No,43.51,45.07,55.5,44.86,55.48,497
3513,TIGERLOGS.NS,25.88,25.99,125.76K,Transportation,Air Freight/Couriers,3.0,2.0,0.0,18.0,1.4914,1.4914,73.09K,182.50K,56.69,22.9,2.74B,No,29.29,32.79,34.0,32.16,32.04,225
3514,SRECR.BO,24.55,25.7,0.30K,Non-Energy Minerals,Construction Materials,3.0,1.0,2.0,1.0,0.6893,0.3364,0.14K,0.18K,51.5,24.55,103.11M,No,27.93,30.48,35.17,29.31,34.31,499
3515,SYSTMTXC.NS,59.44,59.95,3.61K,Finance,Investment Banks/Brokers,3.0,19.0,21.0,5.0,2.4514,2.3343,28.47K,5.77K,177.9,51.89,8.13B,No,60.47,63.33,93.59,63.02,68.59,212
3516,SHANTIDENM.BO,36.6,37.6,4.00K,Process Industries,Textiles,3.0,6.0,4.0,4.0,1.84,1.425,9.94K,44.80K,75.0,30.0,618.10M,No,36.91,40.15,52.88,39.31,48.29,497
3517,VPRPL.NS,37.25,40.69,2270.37K,Industrial Services,Engineering & Construction,3.0,96.0,13.0,14.0,2.3407,2.16,412.85K,926.26K,163.37,23.94,4.66B,No,29.08,28.73,47.59,29.05,37.14,500
3518,STAL.BO,32.0,32.9,15.20K,Producer Manufacturing,Metal Fabrication,3.0,41.0,11.0,3.0,1.3236,1.0071,15.76K,33.04K,100.8,27.0,410.88M,No,35.08,32.87,47.86,33.3,39.86,497
3519,OSWALAGRO.NS,37.4,37.85,41.10K,Finance,Real Estate Development,3.0,11.0,7.0,6.0,2.245,2.2286,35.81K,79.89K,83.44,33.4,5.03B,No,38.99,41.12,50.11,40.44,44.57,499
3520,MISQUITA.BO,68.5,68.5,3.00K,Distribution Services,Electronics Distributors,3.0,3.0,2.0,2.0,2.6679,1.7786,0.90K,0.80K,142.0,67.1,321.13M,No,82.3,86.03,106.98,81.8,104.47,495
3521,GTPL.NS,53.94,52.56,147.33K,Communications,Specialty Telecommunications,3.0,15.0,8.0,5.0,2.3186,2.2707,55.74K,100.49K,120.38,51.0,6.07B,No,59.95,61.39,75.52,61.05,65.27,500
3522,PAKKA.NS,70.76,71.07,24.34K,Process Industries,Pulp & Paper,3.0,26.0,5.0,12.0,2.1786,2.1514,70.82K,45.25K,181.7,69.1,3.37B,No,71.49,76.22,94.02,75.05,84.97,498
3523,VEDL.NS,275.8,275.0,10560.83K,Non-Energy Minerals,Aluminum,3.0,55.0,35.0,0.0,7.1,7.0286,22814.23K,13647.31K,795.0,249.7,1076.94B,No,267.55,280.39,507.22,277.34,481.84,500
3524,GARGI.BO,585.15,589.3,10.12K,Retail Trade,Specialty Stores,3.0,2.0,2.0,1.0,22.5036,21.8321,12.63K,20.57K,1197.0,580.0,6.13B,No,625.55,735.05,892.23,726.03,826.2,497
3525,RPPINFRA.NS,58.78,58.56,1215.78K,Industrial Services,Engineering & Construction,3.0,23.0,5.0,5.0,2.2957,2.2893,90.46K,220.81K,169.9,55.04,2.91B,No,61.27,62.6,81.82,62.06,70.89,498
3526,INDAGIV.BO,41.52,41.52,0.00K,Technology Services,Information Technology Services,3.0,7.0,10.0,2.0,0.0579,0.0436,0.01K,0.00K,92.82,34.12,126.93M,No,41.7,49.01,58.92,47.63,50.87,497
3527,RAINBOWF.BO,39.47,38.92,1.69K,Finance,Real Estate Development,3.0,59.0,17.0,9.0,2.1436,2.0793,5.77K,7.86K,128.0,35.07,1.96B,No,38.42,39.21,48.81,39.04,43.84,496
3528,RELINFRA.NS,69.87,71.29,17.43K,Utilities,Electric Utilities,3.0,48.0,36.0,1.0,1.8857,0.8207,331.86K,541.95K,303.0,60.04,28.52B,No,65.88,72.53,109.16,72.45,83.85,499
3529,REPL.NS,64.07,66.03,3.67K,Industrial Services,Engineering & Construction,3.0,39.0,14.0,3.0,3.4207,3.3557,4.86K,2.83K,182.8,60.0,1.16B,No,65.27,66.97,91.54,66.46,76.59,498
3530,INOXWIND.NS,74.0,74.4,8281.28K,Producer Manufacturing,Electrical Products,2.0,13.0,4.0,5.0,2.4636,2.3157,12994.14K,16745.87K,159.3,72.7,127.89B,No,77.2,83.01,103.04,82.41,90.01,500
3531,MISHDESIGN.BO,30.25,32.35,1.00K,Retail Trade,Apparel/Footwear Retail,2.0,63.0,4.0,4.0,1.2093,0.15,1.20K,1.35K,70.75,28.08,96.29M,No,31.78,32.15,42.65,32.34,39.48,497
3532,OSWALPUMPS.NS,301.15,306.35,425.16K,Producer Manufacturing,Industrial Machinery,2.0,1.0,5.0,11.0,13.6607,12.7464,691.62K,684.60K,888.4,283.1,34.33B,No,348.06,387.06,431.75,379.2,367.46,286
3533,INDOUS.NS,80.48,80.52,4.86K,Process Industries,Agricultural Commodities/Milling,2.0,12.0,4.0,3.0,3.7657,3.7371,25.16K,23.08K,174.06,79.67,1.61B,No,83.72,87.64,110.95,86.18,103.96,465
3534,RAVEL.BO,120.0,114.95,1.00K,Consumer Non-Durables,Household/Personal Care,2.0,56.0,1.0,3.0,4.7071,3.1714,10.45K,11.70K,215.0,104.0,823.08M,No,117.82,116.76,,115.98,151.6,168
3535,VIKRAMSOLR.NS,159.58,160.61,1310.84K,Electronic Technology,Semiconductors,2.0,4.0,6.0,11.0,6.3821,5.9121,2780.05K,3384.28K,407.95,155.38,57.82B,No,178.23,189.79,218.51,186.44,197.08,241
3536,ENVAIREL.BO,47.0,46.88,1.10K,Producer Manufacturing,Industrial Machinery,2.0,0.0,12.0,5.0,2.2586,1.1986,3.06K,4.17K,128.95,36.68,218.08M,No,51.81,73.37,68.48,69.39,64.12,497
3537,CARGOTRANS.BO,84.1,88.4,0.75K,Transportation,Air Freight/Couriers,2.0,10.0,0.0,1.0,2.0243,0.5357,5.54K,0.97K,179.8,68.0,498.01M,No,86.63,95.49,136.05,94.48,128.63,497
3538,QUICKHEAL.NS,149.66,151.36,28.13K,Technology Services,Packaged Software,2.0,13.0,3.0,14.0,6.4693,6.4293,598.08K,58.55K,371.4,125.0,8.12B,No,156.88,166.93,205.9,164.4,169.95,499
3539,ABCOTS.NS,199.14,199.68,4.58K,Consumer Non-Durables,Apparel/Footwear,2.0,22.0,23.0,0.0,5.0329,5.0329,90.76K,6.97K,504.0,196.81,4.37B,No,201.9,212.1,337.05,210.33,302.4,497
3540,RETINA.BO,39.36,40.37,34.00K,Process Industries,Industrial Specialties,2.0,16.0,3.0,2.0,2.975,2.1464,14.00K,14.40K,82.99,37.0,603.78M,No,40.16,43.32,56.34,42.99,51.33,497
3541,METHODHUB.BO,72.01,73.86,14.40K,Technology Services,Information Technology Services,2.0,4.0,15.0,2.0,3.8771,3.6707,26.36K,45.60K,171.95,63.0,1.36B,No,75.45,81.19,,79.1,92.68,164
3542,NOL.BO,58.73,59.38,1.21K,Process Industries,Chemicals: Specialty,2.0,25.0,6.0,4.0,3.5107,3.42,8.29K,3.43K,134.0,42.5,296.14M,No,57.62,59.72,78.12,57.71,67.7,496
3543,EVANS.BO,76.0,71.2,34.00K,Consumer Services,Other Consumer Services,2.0,84.0,20.0,1.0,2.585,1.8536,8.52K,3.20K,175.0,60.0,417.09M,No,68.24,67.19,99.97,68.17,83.8,497
3544,RAFL.BO,34.05,34.05,0.62K,Distribution Services,Wholesale Distributors,2.0,84.0,6.0,1.0,0.0,0.0,0.40K,0.06K,85.45,30.01,405.79M,No,33.24,33.3,55.21,32.03,46.76,495
3545,SANINFRA.BO,49.11,51.0,2.55K,Distribution Services,Wholesale Distributors,2.0,30.0,3.0,8.0,2.4607,2.375,7.40K,3.07K,99.0,38.88,775.97M,No,50.37,50.78,67.68,50.78,61.93,500
3546,UMAEXPORTS.NS,20.12,20.14,4.76K,Distribution Services,Wholesale Distributors,2.0,29.0,8.0,3.0,0.7771,0.7771,54.27K,12.97K,57.81,18.12,680.25M,No,20.16,21.6,29.72,21.27,24.82,498
3547,TRADEWELL.BO,43.0,43.0,0.50K,Finance,Real Estate Development,2.0,71.0,0.0,1.0,0.025,0.0,0.05K,0.05K,102.74,40.0,129.19M,No,42.3,41.46,65.79,41.54,64.37,497
3548,LUXURY.BO,55.1,59.55,3.20K,Consumer Durables,Other Consumer Specialties,2.0,5.0,5.0,26.0,2.5243,1.5929,5.83K,4.80K,168.0,55.1,454.84M,No,67.21,68.64,,67.52,67.68,166
3549,ANKIN.BO,20.27,21.13,24.32K,Technology Services,Information Technology Services,2.0,35.0,4.0,3.0,1.5864,1.5464,17.87K,44.35K,71.11,18.58,1.04B,No,22.27,21.96,31.79,21.72,24.64,497
3550,ADCOUNTY.BO,84.56,86.15,77.60K,Commercial Services,Advertising/Marketing Services,2.0,7.0,2.0,3.0,5.0379,4.8543,36.15K,38.56K,282.0,80.0,1.90B,No,87.31,95.46,123.58,94.15,111.63,275
3551,PIOTEX.BO,31.5,31.5,2.40K,Process Industries,Textiles,2.0,59.0,9.0,1.0,0.4307,0.2886,0.73K,1.80K,74.0,27.37,160.76M,No,31.74,32.68,47.48,32.06,40.03,495
3552,CHEMPLASTS.NS,182.35,171.68,833.40K,Process Industries,Chemicals: Major Diversified,2.0,17.0,6.0,5.0,8.1286,7.8414,645.48K,428.24K,460.8,171.74,28.83B,No,195.24,200.69,252.31,198.76,232.18,500
3553,VERTOZ.NS,35.49,35.89,43.72K,Commercial Services,Advertising/Marketing Services,2.0,19.0,5.0,3.0,1.3136,1.3136,79.24K,36.23K,92.52,27.02,3.02B,No,35.81,38.74,52.19,38.37,43.6,499
3554,DMR.BO,25.01,26.51,9.75K,Industrial Services,Engineering & Construction,2.0,3.0,1.0,2.0,1.0736,0.5543,5.85K,4.09K,69.65,25.0,259.93M,No,28.16,30.81,38.51,29.89,35.3,500
3555,SANBLUE.BO,28.54,28.52,0.01K,Distribution Services,Wholesale Distributors,2.0,33.0,3.0,4.0,0.2929,0.115,0.05K,0.05K,60.34,28.52,142.69M,No,29.45,30.48,40.4,30.08,36.03,498
3556,ALPINETEX.NS,61.62,62.27,202.68K,Process Industries,Textiles,2.0,,,,3.8121,2.5029,322.01K,396.94K,105.0,60.8,2.36B,No,,,,,,17
3557,VANDAN.BO,23.9,23.0,9.60K,Consumer Non-Durables,Food: Specialty/Candy,2.0,22.0,1.0,2.0,0.9086,0.7079,14.28K,3.36K,65.99,20.5,200.40M,No,24.09,26.06,38.52,25.31,33.75,275
3558,DHRUV.NS,23.17,24.18,4.57K,Industrial Services,Engineering & Construction,2.0,9.0,5.0,3.0,1.2236,1.2179,8.46K,2.69K,68.95,22.22,439.46M,No,24.75,26.37,35.68,25.72,29.88,499
3559,NEPLOG.BO,34.6,33.1,3.00K,Transportation,Trucking,2.0,32.0,14.0,6.0,0.8486,0.6086,7.51K,3.40K,100.8,31.5,474.02M,No,34.68,35.86,,35.82,42.0,158
3560,CURAA.NS,73.71,73.55,0.09K,Technology Services,Information Technology Services,2.0,40.0,10.0,14.0,4.2993,4.2093,0.82K,0.62K,337.0,64.06,729.73M,No,73.63,78.22,102.09,77.23,88.9,498
3561,BCONCEPTS.NS,170.13,175.78,21.20K,Consumer Durables,Home Furnishings,2.0,3.0,3.0,2.0,8.9814,8.9429,17.35K,9.59K,449.0,164.0,2.12B,No,185.15,186.21,256.76,184.44,223.3,498
3562,VALENCIA.BO,43.1,43.1,16.50K,Consumer Non-Durables,Beverages: Non-Alcoholic,2.0,2.0,2.0,4.0,1.7543,0.5471,6.46K,2.10K,97.1,40.11,855.12M,No,47.32,56.18,65.5,53.22,59.43,496
3563,SYSCHEM.BO,30.91,31.05,75.35K,Health Technology,Pharmaceuticals: Major,2.0,1.0,1.0,4.0,3.2521,3.2371,52.12K,112.74K,62.0,30.45,1.66B,No,39.14,41.63,48.22,40.3,45.78,495
3564,GRMOVER.NS,91.38,94.19,1607.37K,Process Industries,Agricultural Commodities/Milling,2.0,20.0,1.0,1.0,3.7443,3.7443,2964.35K,1103.04K,185.45,81.95,18.96B,No,90.9,95.44,143.55,92.88,138.35,500
3565,SOFCOM.BO,19.0,19.39,52.88K,Technology Services,Packaged Software,2.0,27.0,6.0,0.0,1.38,1.38,139.00K,65.63K,92.9,17.23,459.88M,No,19.47,20.03,30.93,19.78,24.13,497
3566,URAVIDEF.NS,107.07,109.99,4.61K,Producer Manufacturing,Electrical Products,2.0,14.0,11.0,2.0,5.1793,5.165,49.76K,5.34K,509.0,106.55,1.22B,No,112.54,115.61,153.88,114.43,134.34,498
3567,MONIKA.BO,160.25,178.85,65.20K,Distribution Services,Food Distributors,1.0,1.0,2.0,1.0,10.8107,10.0143,12.28K,28.28K,335.0,157.5,3.44B,No,203.93,216.82,253.87,210.03,236.88,261
3568,TCC.NS,252.1,266.75,46.67K,Distribution Services,Wholesale Distributors,1.0,2.0,2.0,,17.0107,16.7714,27.76K,59.60K,526.4,250.0,,No,278.68,315.54,,306.46,,113
3569,MDRC.BO,50.0,50.65,1.60K,Health Services,Medical/Nursing Services,1.0,31.0,1.0,2.0,1.8271,1.1986,8.15K,11.84K,100.0,47.87,754.96M,No,50.95,52.72,,51.55,65.66,147
3570,SVJ.BO,205.0,205.0,2.00K,Consumer Non-Durables,Food: Major Diversified,1.0,16.0,0.0,0.0,7.7821,5.2786,8.43K,2.08K,583.55,171.45,1.14B,No,189.82,259.14,410.06,244.3,386.13,497
3571,RAUNAQ.BO,32.5,31.2,0.19K,Industrial Services,Engineering & Construction,1.0,77.0,4.0,2.0,0.9329,0.2014,2.03K,1.02K,98.8,24.31,108.66M,No,31.91,30.06,47.7,30.07,41.97,497
3572,SKCIL.BO,101.3,105.0,56.13K,Non-Energy Minerals,Construction Materials,1.0,7.0,1.0,1.0,7.3679,7.2643,15.11K,33.45K,286.75,98.55,1.77B,No,114.68,125.44,164.04,122.09,145.57,497
3573,SUNSKY.BO,39.01,42.4,9.00K,Transportation,Air Freight/Couriers,1.0,21.0,1.0,1.0,2.0186,1.325,22.48K,14.55K,96.0,36.63,485.09M,No,40.58,42.12,63.21,41.82,58.75,209
3574,CUPIDALBV.BO,27.74,27.99,65.31K,Finance,Financial Conglomerates,1.0,4.0,8.0,6.0,1.4957,1.4921,83.28K,44.19K,109.9,19.34,2.53B,No,28.2,30.03,42.56,30.35,30.78,497
3575,GBLOGISTIC.BO,25.0,24.1,14.40K,Transportation,Air Freight/Couriers,1.0,43.0,1.0,0.0,0.7379,0.6779,22.84K,7.68K,66.57,23.65,204.86M,No,26.8,29.7,40.46,29.02,36.51,379
3576,CMBL.BO,47.0,46.29,0.18K,Finance,Regional Banks,1.0,28.0,4.0,0.0,2.8129,2.6407,0.48K,0.09K,414.3,41.69,2.98B,No,47.81,51.99,138.3,51.51,63.51,497
3577,MEHSECU.BO,23.26,23.25,0.10K,Finance,Investment Banks/Brokers,1.0,60.0,4.0,1.0,0.1207,0.0,0.03K,0.01K,54.0,22.75,71.86M,No,23.09,23.64,36.26,23.11,30.49,496
3578,ZAPPFRESH.BO,74.38,73.5,18.00K,Retail Trade,Food Retail,1.0,10.0,3.0,3.0,5.8264,5.645,87.68K,64.08K,208.0,65.5,1.66B,No,76.41,80.61,116.69,79.81,98.03,209
3579,RAJESHEXPO.NS,83.13,83.16,92.26K,Consumer Durables,Other Consumer Specialties,1.0,11.0,3.0,0.0,2.7621,2.7279,316.23K,123.17K,237.88,72.63,24.54B,No,86.45,90.59,136.4,88.63,113.25,499
3580,SAMPAT.BO,38.0,38.3,3.60K,Non-Energy Minerals,Aluminum,1.0,73.0,7.0,3.0,0.9321,0.845,11.81K,8.28K,120.0,33.02,322.28M,No,36.86,37.27,53.99,37.44,45.93,219
3581,SPTRSHI.BO,22.62,25.13,5.59K,Process Industries,Agricultural Commodities/Milling,1.0,3.0,1.0,2.0,1.6864,1.6129,3.56K,10.84K,49.0,21.15,769.58M,No,23.76,26.87,35.64,25.6,34.81,497
3582,MALA.BO,73.0,88.35,2226.00K,Process Industries,Textiles,1.0,,,,,,118.44K,118.44K,139.65,70.7,,No,,,,,,10
3583,KHADIM.NS,89.43,89.82,18.86K,Consumer Non-Durables,Apparel/Footwear,1.0,6.0,12.0,1.0,3.8157,3.8157,57.32K,17.05K,295.8,77.47,1.64B,No,95.29,101.03,136.83,100.62,110.49,500
3584,RFIL.BO,34.75,34.56,4.00K,Consumer Non-Durables,Apparel/Footwear,1.0,16.0,,,2.1407,1.5714,69.96K,22.80K,64.0,33.51,360.36M,No,35.79,41.95,,39.76,,50
3585,KERALAYUR.BO,157.2,155.8,7.19K,Health Technology,Pharmaceuticals: Other,1.0,32.0,3.0,5.0,8.5786,8.1821,12.53K,8.42K,526.8,148.0,2.04B,No,158.15,169.76,246.64,168.7,200.11,497
3586,RAJKSYN.BO,22.83,22.03,0.70K,Process Industries,Textiles,1.0,27.0,1.0,1.0,3.995,3.7357,4.22K,3.11K,54.97,20.34,150.72M,No,24.05,27.04,36.73,25.64,34.03,496
3587,SAFECURE.BO,22.0,23.0,1.20K,Commercial Services,Miscellaneous Commercial Services,1.0,9.0,7.0,6.0,0.9986,0.6957,3.75K,4.32K,81.6,21.0,220.88M,No,23.07,24.17,,23.63,28.19,190
3588,USHAKIRA.BO,26.7,28.0,0.00K,Finance,Investment Banks/Brokers,1.0,3.0,0.0,1.0,2.0871,1.8629,0.53K,1.31K,60.5,26.7,67.94M,No,30.67,32.41,44.12,31.94,44.01,498
3589,KRUPALU.BO,25.15,27.65,4.80K,Non-Energy Minerals,Other Metals/Minerals,1.0,2.0,10.0,2.0,0.6979,0.3464,2.12K,1.28K,63.4,25.15,147.68M,No,28.48,31.72,38.79,30.71,32.79,226
3590,RKEC.NS,24.96,25.73,40.80K,Industrial Services,Engineering & Construction,1.0,16.0,3.0,1.0,1.5407,1.5336,42.87K,21.35K,81.5,23.9,598.81M,No,26.52,27.41,41.53,27.38,34.49,498
3591,CANDOUR.BO,69.84,69.47,71.68K,Process Industries,Textiles,1.0,14.0,0.0,0.0,4.625,4.625,56.68K,25.21K,165.0,58.06,1.70B,No,78.03,78.23,125.18,78.33,115.68,497
3592,SEEMAX.BO,59.97,57.32,2.00K,Finance,Finance/Rental/Leasing,1.0,0.0,,,3.3729,1.7807,54.92K,16.70K,112.8,50.05,263.87M,No,60.46,,,,,27
3593,FUTURSEC.BO,20.92,20.91,0.03K,Finance,Investment Banks/Brokers,1.0,0.0,0.0,1.0,0.255,0.1721,0.12K,0.70K,40.2,20.91,40.79M,No,24.05,29.23,35.55,27.63,34.29,497
3594,ZR2.BO,108.9,108.15,0.10K,Process Industries,Chemicals: Specialty,1.0,9.0,3.0,5.0,3.8964,2.2536,0.16K,0.22K,427.0,90.0,388.65M,No,111.22,117.7,179.45,115.46,131.08,497
3595,ESPIRE.BO,162.45,163.95,0.09K,Consumer Services,Hotels/Resorts/Cruise Lines,1.0,34.0,5.0,1.0,6.2464,6.2179,1.99K,1.07K,620.0,156.2,2.42B,No,165.38,175.52,255.77,171.88,229.62,497
3596,JFL.BO,21.74,24.5,68.00K,Consumer Non-Durables,Food: Meat/Fish/Dairy,1.0,13.0,2.0,5.0,1.3671,0.8364,9.35K,5.70K,72.75,20.0,331.65M,No,22.05,24.54,33.34,24.23,29.03,498
3597,ROYAL.BO,95.05,102.5,7.00K,Distribution Services,Medical Distributors,1.0,58.0,2.0,1.0,4.13,3.265,4.23K,0.95K,309.75,85.0,508.53M,No,107.19,106.54,163.01,104.56,139.06,495
3598,TRL.BO,69.46,73.11,55.14K,Producer Manufacturing,Building Products,1.0,5.0,3.0,4.0,4.2721,3.2814,17.95K,19.76K,245.75,55.73,861.15M,No,68.66,80.43,104.88,78.77,94.51,497
3599,BILLWIN.BO,16.1,16.01,3.00K,Consumer Non-Durables,Apparel/Footwear,1.0,1.0,0.0,2.0,0.9093,0.1093,7.31K,3.90K,42.8,16.1,67.29M,No,20.86,21.78,27.12,20.91,25.1,498
3600,AASTHA.NS,74.19,73.12,975.38K,Process Industries,Textiles,1.0,0.0,,,6.4186,5.0636,4889.23K,2567.89K,140.01,70.0,,No,91.37,,,,,28
3601,AAYUSH.BO,22.24,22.51,61.64K,Retail Trade,Specialty Stores,1.0,10.0,1.0,3.0,0.9171,0.9171,113.16K,63.32K,146.95,22.0,1.08B,No,23.4,25.82,34.44,25.22,30.84,497
3602,PCL.BO,34.23,34.05,4.00K,Process Industries,Agricultural Commodities/Milling,1.0,1.0,1.0,1.0,1.9829,0.7864,2.24K,1.90K,106.05,34.23,210.02M,No,42.02,44.42,57.84,43.93,50.79,498
3603,TRANSPACT.BO,100.0,100.25,1.00K,Health Technology,Medical Specialties,1.0,0.0,0.0,6.0,4.3071,1.2464,1.80K,0.75K,236.1,95.5,38.67M,No,135.38,169.37,175.12,161.87,178.75,499
3604,IMEC.BO,101.95,106.0,0.62K,Non-Energy Minerals,Steel,0.0,4.0,1.0,0.0,7.9964,7.9071,2.03K,1.39K,448.35,99.0,193.70M,No,107.43,127.08,196.63,122.08,164.08,497
3605,MEERA.BO,34.87,33.5,10.59K,Producer Manufacturing,Industrial Machinery,0.0,1.0,1.0,0.0,2.3286,2.0936,8.52K,12.55K,103.46,30.15,744.74M,No,39.56,43.75,56.14,42.94,52.55,498
3606,YAJUR.BO,34.86,35.53,48.00K,Process Industries,Textiles,0.0,17.0,3.0,0.0,1.3007,1.2457,13.97K,17.04K,139.2,33.76,790.72M,No,37.09,38.59,,38.42,48.44,143
3607,SUMEETINDS.NS,14.82,15.6,56876.35K,Process Industries,Textiles,0.0,0.0,0.0,1.0,1.1043,0.0264,3188.23K,68.14K,40.5,14.82,10.30B,No,24.68,26.52,28.86,25.62,27.36,498
3608,SCARNOSE.BO,35.91,39.9,1.00K,Consumer Non-Durables,Apparel/Footwear,0.0,0.0,0.0,1.0,4.1936,2.4129,1.02K,6.30K,89.9,35.91,113.12M,No,66.75,72.3,69.84,68.39,72.56,498
3609,KANISHK.BO,24.5,24.0,6.40K,Non-Energy Minerals,Aluminum,0.0,12.0,2.0,,0.6714,0.35,4.90K,5.92K,58.4,22.96,329.28M,No,26.28,28.5,,27.6,,128
3610,JIVIAL.BO,81.7,77.45,9.60K,Non-Energy Minerals,Aluminum,0.0,0.0,,,5.2536,5.2529,65.11K,17.76K,164.6,72.0,381.51M,No,81.31,,,,,31
3611,LOGICIEL.BO,32.75,30.83,1.20K,Technology Services,Packaged Software,0.0,41.0,3.0,4.0,1.4764,0.7093,3.73K,3.48K,154.4,30.0,,No,32.49,36.04,,34.22,40.51,161
3612,AUREATE.BO,33.5,36.0,2.00K,Distribution Services,Wholesale Distributors,0.0,63.0,,,1.7214,0.9786,111.87K,13.20K,70.0,26.29,435.02M,No,34.56,,,37.04,,47
3613,SUDAI.BO,30.42,32.0,2.57K,Non-Energy Minerals,Aluminum,0.0,4.0,0.0,1.0,1.8186,1.6729,3.94K,2.56K,111.23,28.25,254.55M,No,31.72,35.81,55.26,34.79,46.16,497
3614,INLCM.BO,518.45,545.7,0.54K,Distribution Services,Wholesale Distributors,0.0,0.0,1.0,0.0,35.3857,31.5679,1.68K,1.53K,2640.75,476.1,1.39B,No,581.41,734.16,1333.41,703.94,1075.31,497
3615,QRIL.BO,39.9,40.5,0.50K,Producer Manufacturing,Industrial Machinery,0.0,2.0,2.0,0.0,0.615,0.0071,0.78K,0.45K,134.5,36.9,101.75M,No,41.83,51.84,84.91,49.11,62.99,497
3616,ABRFL.BO,38.86,40.9,9.60K,Consumer Non-Durables,Food: Specialty/Candy,0.0,1.0,1.0,0.0,1.1664,0.5479,3.12K,5.16K,150.0,38.86,200.28M,No,42.26,57.96,85.96,54.38,71.31,278
3617,GULFLLOYDS.BO,43.68,48.53,48.00K,Commercial Services,Miscellaneous Commercial Services,0.0,,,,,,18.65K,12.12K,100.0,43.68,293.93M,No,,,,,,13
3618,KIAASA.BO,32.28,32.75,8.00K,Retail Trade,Apparel/Footwear Retail,0.0,21.0,2.0,,1.3821,1.305,31.44K,12.20K,123.0,30.55,588.46M,No,34.42,36.26,,35.26,,112
3619,SOLVEX.BO,18.47,19.44,1.60K,Process Industries,Agricultural Commodities/Milling,0.0,1.0,1.0,2.0,0.445,0.0621,6.50K,4.80K,68.0,16.99,165.34M,No,21.39,23.82,29.03,22.54,25.0,214
3620,GVL.BO,40.0,37.0,1.00K,Distribution Services,Wholesale Distributors,0.0,3.0,0.0,0.0,1.5879,1.1157,7.52K,5.40K,141.8,36.14,519.57M,No,41.13,47.61,84.38,46.19,70.94,497
3621,DHRUVCA.BO,91.2,90.45,40.82K,Finance,Finance/Rental/Leasing,0.0,0.0,0.0,1.0,8.725,5.2214,6.74K,15.38K,445.5,85.95,655.76M,No,145.23,291.13,237.77,262.79,272.32,497
3622,LIOTECH.BO,103.3,104.35,2.40K,Consumer Durables,Tools & Hardware,0.0,1.0,,,5.8679,3.9321,23.78K,17.44K,257.0,85.7,402.91M,No,105.06,,,,,35
3623,ARL.BO,43.36,43.08,25.89K,Process Industries,Textiles,0.0,2.0,4.0,0.0,3.11,3.0686,34.11K,55.10K,470.0,38.79,949.95M,No,47.52,49.83,189.57,49.71,91.63,497
3624,SPITZE.BO,38.26,40.27,156.00K,Consumer Durables,Home Furnishings,0.0,0.0,0.0,0.0,3.6607,2.9064,33.16K,93.60K,251.0,34.72,2.31B,No,49.69,57.45,109.38,55.38,96.91,497
3625,GSLSU.NS,29.55,28.15,76.14K,Non-Energy Minerals,Construction Materials,0.0,2.0,0.0,0.0,1.6571,1.5564,197.94K,86.78K,139.67,23.06,1.25B,No,27.56,37.9,73.51,36.09,55.99,498
3626,OLATECH.BO,63.48,66.52,8.32K,Technology Services,Data Processing Services,0.0,3.0,0.0,0.0,2.8786,1.5307,15.05K,8.05K,290.9,58.0,282.52M,No,65.57,79.26,159.41,74.23,129.11,496
3627,SEML.BO,35.53,37.25,24.38K,Distribution Services,Wholesale Distributors,0.0,1.0,1.0,0.0,2.37,2.2557,23.45K,21.82K,364.0,35.39,680.75M,No,41.95,47.93,140.82,47.41,78.1,497
3628,GPSL.BO,75.02,78.8,6.00K,Consumer Non-Durables,Consumer Sundries,0.0,1.0,0.0,0.0,2.7607,2.5336,11.43K,2.52K,365.0,75.02,561.15M,No,94.03,102.9,199.86,100.17,155.76,497
3629,INDOTHAI.NS,85.4,89.89,71.90K,Finance,Investment Banks/Brokers,0.0,0.0,0.0,0.0,13.9943,7.8979,1428.87K,2456.80K,466.35,85.4,10.98B,No,176.31,208.4,281.24,201.36,244.63,499
3630,UHMVL.BO,35.7,34.95,8.00K,Consumer Services,Other Consumer Services,0.0,4.0,,,2.1307,1.71,54.38K,32.64K,132.8,32.7,237.26M,No,35.86,,,57.03,,45
3631,LEMERITE.NS,23.25,23.35,252.72K,Process Industries,Textiles,0.0,64.0,0.0,0.0,1.0736,1.0421,1250.56K,452.87K,107.57,19.52,2.91B,No,22.19,23.85,73.28,23.32,62.89,500
3632,TTFL.BO,21.77,22.4,40.02K,Process Industries,Textiles,0.0,0.0,0.0,0.0,1.6493,1.6193,19.06K,37.43K,379.0,21.3,326.46M,No,27.69,33.09,137.44,32.04,64.48,497
3633,BCCL.BO,27.31,28.74,39.60K,Process Industries,Chemicals: Specialty,0.0,0.0,0.0,0.0,1.8636,1.7979,17.68K,28.04K,430.0,27.31,391.56M,No,36.11,42.6,187.84,40.8,108.16,497
3634,MIZVEN.BO,35.43,37.29,38.38K,Industrial Services,Engineering & Construction,0.0,0.0,0.0,0.0,3.0871,0.5057,5.37K,20.08K,296.8,35.43,779.28M,No,62.36,104.16,139.09,93.12,135.79,496
3635,LELAVOIR.BO,45.47,43.31,0.66K,Process Industries,Agricultural Commodities/Milling,0.0,0.0,0.0,0.0,2.305,0.3821,6.80K,25.75K,336.6,33.86,157.69M,No,49.42,100.96,185.64,92.1,169.54,497
3636,AQYLON.NS,24.17,25.4,2679.98K,Consumer Services,Movies/Entertainment,0.0,0.0,0.0,0.0,1.7671,1.6557,3886.67K,7925.08K,1714.9,23.5,6.13B,No,27.43,38.98,359.02,36.51,74.26,499
3637,NATIONSTD.NS,164.5,173.15,2.92K,Finance,Real Estate Development,0.0,0.0,0.0,,12.3214,0.56,18.50K,13.27K,1519.95,164.5,,No,279.45,744.16,,651.38,,79
3638,CPML.BO,281.9,296.7,0.35K,Consumer Services,Movies/Entertainment,0.0,0.0,0.0,0.0,19.0607,0.0071,1.89K,0.09K,3289.95,281.9,3.01B,No,470.68,1176.28,2405.67,1037.12,2099.21,497
3639,LORDSMARK.BO,93.35,93.6,394.14K,Finance,Investment Banks/Brokers,0.0,0.0,0.0,0.0,2.6914,2.275,522.09K,598.59K,12757.0,60.0,39.89B,No,89.42,6928.52,10633.33,5154.25,10222.75,498
