Rank,Ticker,Price,Prev_Close,DVol,Sector,Industry,RS Percentile,1M_RS Percentile,3M_RS Percentile,6M_RS Percentile,ATR,ADR,AvgVol,AvgVol10,52WKH,52WKL,MCAP,IPO,SMA20,SMA50,SMA200,SMA10W,SMA30W,History_Days
1,SOURCEIND.BO,77.24,75.73,0.03K,Consumer Durables,Home Furnishings,98.0,98.0,98.0,98.0,1.3307,0.0014,0.52K,1.15K,77.24,4.38,880.78M,No,64.46,49.69,21.06,52.83,28.46,496
2,ARIHANT.NS,923.0,939.75,4.46K,Finance,Real Estate Development,98.0,70.0,79.0,,52.0571,51.2786,5.08K,1.86K,1225.0,39.65,10.03B,No,904.46,976.27,,962.85,,124
3,NEWMKTAVE.BO,107.31,105.21,0.12K,Finance,Investment Managers,98.0,98.0,98.0,98.0,3.5257,1.1779,0.16K,0.98K,107.31,9.1,1.10B,No,84.15,69.66,33.38,73.41,43.3,496
4,SAMTELIN.BO,50.96,52.0,1.20K,Producer Manufacturing,Miscellaneous Manufacturing,98.0,96.0,33.0,95.0,2.0786,0.9957,12.72K,7.04K,72.95,1.89,361.20M,No,48.52,43.05,32.43,43.41,41.98,284
5,ISERA.BO,143.9,143.9,1.19K,Technology Services,Packaged Software,98.0,73.0,60.0,95.0,0.5107,0.0,0.96K,1.13K,151.05,7.26,3.54B,No,144.26,144.04,85.87,143.9,111.35,494
6,MRUTR.BO,68.56,69.95,2.69K,Finance,Investment Banks/Brokers,98.0,0.0,69.0,98.0,1.5814,0.0,22.62K,19.41K,115.3,1.39,49.53B,No,83.47,91.02,43.31,89.77,57.3,496
7,JTLDEFENCE.BO,645.45,658.6,0.78K,Non-Energy Minerals,Other Metals/Minerals,98.0,1.0,68.0,98.0,16.7393,4.1143,3.96K,2.30K,924.0,58.41,6.79B,No,765.43,673.05,340.27,682.73,451.69,497
8,HARCR.BO,45.39,44.5,0.04K,Producer Manufacturing,Auto Parts: Oem,98.0,98.0,99.0,98.0,0.7814,0.0,0.18K,0.20K,45.39,4.42,476.60M,No,37.89,27.59,12.67,29.81,15.61,496
9,AXISOL.BO,626.85,639.6,0.61K,Technology Services,Information Technology Services,98.0,85.0,97.0,95.0,14.8607,6.0107,9.10K,14.16K,679.25,43.71,29.63B,No,610.02,561.55,306.41,581.65,383.43,496
10,APOLLOIN.BO,85.23,83.56,0.81K,Process Industries,Agricultural Commodities/Milling,98.0,89.0,20.0,98.0,1.9236,0.6621,2.51K,3.87K,146.05,5.98,886.39M,No,90.53,103.22,56.81,99.06,75.93,496
11,VINRKLB.BO,53.55,52.5,1.13K,Health Technology,Pharmaceuticals: Major,98.0,50.0,94.0,80.0,0.9443,0.1836,2.70K,1.97K,59.4,4.5,322.80M,No,52.95,45.57,32.74,47.85,40.62,496
12,SALSAIN.BO,318.25,334.95,0.07K,Finance,Financial Conglomerates,98.0,13.0,84.0,0.0,19.2643,12.8964,0.57K,0.31K,828.95,16.86,2.22B,No,331.59,351.77,308.9,346.98,370.46,496
13,TANDHANIN.BO,140.85,148.0,0.38K,Finance,Investment Banks/Brokers,98.0,37.0,38.0,96.0,8.9536,8.7286,6.44K,2.62K,175.0,12.12,7.01B,No,151.75,147.29,90.55,147.46,119.7,496
14,STLTECH.NS,1015.2,1011.55,1325.89K,Technology Services,Information Technology Services,98.0,94.0,97.0,98.0,49.425,45.0464,2058.98K,2546.27K,1051.1,84.6,521.87B,No,893.45,757.93,421.68,791.04,550.79,497
15,MAXGROW.BO,184.4,180.8,7.20K,Commercial Services,Personnel Services,98.0,73.0,98.0,98.0,3.8857,1.3857,29.26K,15.04K,196.45,21.75,7.37B,No,177.48,145.11,77.19,153.42,88.24,496
16,APPL.BO,421.4,401.5,30.40K,Distribution Services,Medical Distributors,98.0,95.0,97.0,97.0,13.5821,11.8536,15.59K,15.32K,421.55,34.8,7.23B,No,361.18,321.22,194.68,329.74,238.91,254
17,DUKEOFS.BO,98.49,96.56,60.68K,Retail Trade,Specialty Stores,98.0,98.0,98.0,98.0,1.6993,0.0536,10.61K,19.18K,98.49,13.42,970.84M,No,82.17,63.23,30.89,67.32,37.77,495
18,LIPPISYS.BO,225.0,230.0,3.29K,Producer Manufacturing,Industrial Machinery,98.0,58.0,63.0,98.0,13.0464,12.1071,11.76K,4.88K,281.2,23.81,1.58B,No,224.17,230.75,121.2,225.04,156.2,495
19,INDUSFINL.BO,303.5,303.15,17.92K,Finance,Investment Banks/Brokers,98.0,89.0,97.0,98.0,7.0643,4.7,7.36K,2.37K,329.75,38.94,2.81B,No,307.86,250.4,124.8,262.78,157.83,495
20,MODMA.BO,37.0,35.44,0.60K,Producer Manufacturing,Metal Fabrication,98.0,9.0,1.0,83.0,0.9943,0.6386,1.43K,0.59K,85.79,2.88,4.31B,No,36.33,42.56,37.32,41.87,49.04,496
21,KUBERJI.BO,66.44,63.28,9.35K,Finance,Financial Conglomerates,98.0,95.0,98.0,98.0,4.0421,3.3736,34.95K,21.66K,72.7,10.51,228.09M,No,57.94,46.44,24.65,49.81,30.11,495
22,SANCODE.BO,883.0,867.0,4.00K,Technology Services,Information Technology Services,98.0,97.0,98.0,97.0,12.3857,1.1107,2.20K,3.05K,884.3,91.95,6.58B,No,773.32,626.87,330.79,657.87,409.23,495
23,SIGMAADV.NS,1008.8,1037.1,462.85K,Technology Services,Information Technology Services,98.0,96.0,96.0,98.0,61.4179,56.6714,333.16K,400.12K,1165.0,140.1,191.60B,No,952.36,804.41,424.05,831.9,533.66,497
24,CUPID.NS,366.1,356.65,33717.09K,Consumer Non-Durables,Household/Personal Care,98.0,96.0,96.0,98.0,18.5429,18.4821,29976.86K,29590.44K,368.0,45.4,492.28B,No,293.17,280.71,160.44,289.97,193.69,497
25,BATLIBOI.NS,92.28,93.98,20.52K,Producer Manufacturing,Industrial Machinery,98.0,81.0,74.0,,5.4221,5.4207,79.29K,70.55K,106.5,15.7,4.36B,No,85.89,86.99,,87.04,,123
26,PURPLEWAVE.BO,436.85,416.05,14.00K,Technology Services,Packaged Software,98.0,89.0,98.0,98.0,16.5964,5.5821,33.16K,5.40K,436.85,95.1,4.04B,No,376.22,338.2,172.85,358.52,198.72,208
27,GLITTEKG.BO,75.16,76.69,8.49K,Non-Energy Minerals,Construction Materials,98.0,50.0,94.0,87.0,1.7429,0.7929,13.58K,8.16K,83.3,9.63,1.95B,No,75.85,70.98,49.05,71.91,54.76,495
28,AJCJEWEL.BO,334.85,352.45,6.00K,Consumer Durables,Other Consumer Specialties,98.0,97.0,98.0,98.0,19.0786,8.4571,13.41K,7.68K,432.6,71.15,2.03B,No,348.88,238.47,135.3,256.18,151.83,316
29,SHENTRA.BO,131.35,145.5,0.50K,Process Industries,Chemicals: Specialty,98.0,91.0,89.0,95.0,2.8214,0.9929,0.12K,0.12K,152.75,22.28,582.95M,No,128.08,130.17,85.79,131.28,103.01,251
30,STDSFAC.BO,172.05,181.1,1.21K,Consumer Non-Durables,Household/Personal Care,98.0,98.0,98.0,97.0,10.65,3.1914,13.12K,12.15K,245.6,44.1,1.42B,No,180.47,111.76,66.85,121.55,75.12,495
31,ZELIO.BO,1119.9,1104.75,9.00K,Consumer Durables,Motor Vehicles,98.0,96.0,97.0,97.0,32.1679,12.0393,20.38K,20.00K,1121.75,179.2,23.69B,No,980.05,878.72,553.62,905.22,647.69,248
32,TBZ.NS,594.95,566.65,239.09K,Consumer Durables,Other Consumer Specialties,98.0,84.0,98.0,98.0,38.875,38.2179,2633.41K,301.21K,698.6,110.5,39.70B,No,603.87,433.57,233.15,459.02,269.11,497
33,RANJITSE.BO,61.89,62.0,0.41K,Finance,Finance/Rental/Leasing,98.0,82.0,74.0,10.0,2.0271,1.69,0.17K,0.22K,122.1,6.24,166.32M,No,60.26,60.77,63.63,60.78,67.37,212
34,SHANTAI.BO,92.19,92.19,4.10K,Process Industries,Textiles,98.0,74.0,49.0,83.0,0.3171,0.3171,6.96K,2.43K,102.01,11.69,691.43M,No,91.04,91.5,68.96,91.51,87.65,494
35,PARMAX.BO,139.1,139.1,12.92K,Health Technology,Pharmaceuticals: Major,98.0,80.0,94.0,98.0,0.3857,0.25,11.31K,3.24K,139.1,22.6,520.41M,No,136.28,126.27,64.57,130.0,79.16,493
36,LAKSHMIMIL.NS,7634.0,7634.0,0.00K,Process Industries,Textiles,98.0,49.0,,,251.2143,248.3929,0.03K,0.04K,8505.0,2405.0,,No,7732.32,,,,,35
37,KABRAEXTRU.NS,795.9,771.05,59.30K,Producer Manufacturing,Industrial Machinery,98.0,93.0,98.0,98.0,49.5071,46.75,371.73K,288.26K,888.7,180.0,30.83B,No,750.17,619.46,337.85,652.72,387.67,497
38,PHCAP.BO,123.25,125.75,27.17K,Finance,Investment Banks/Brokers,98.0,95.0,92.0,95.0,4.4692,3.7601,51.50K,85.63K,125.75,15.55,4.07B,No,108.1,100.1,72.11,102.19,83.43,497
39,PHOTON.BO,428.3,411.75,0.05K,Finance,Investment Managers,97.0,93.0,96.0,97.0,4.6393,0.0,0.07K,0.08K,428.3,90.0,1.17B,No,370.28,352.7,195.95,357.95,233.72,494
40,BEEZAASAN.BO,764.9,756.0,36.00K,Process Industries,Industrial Specialties,97.0,98.0,98.0,98.0,13.7643,1.1464,14.75K,5.44K,770.95,177.05,11.59B,No,664.48,560.13,330.04,585.01,379.24,396
41,PANKAJPO.BO,143.55,149.05,5.65K,Producer Manufacturing,Miscellaneous Manufacturing,97.0,19.0,97.0,96.0,8.6286,6.075,18.79K,9.44K,179.05,16.42,795.83M,No,134.06,120.05,76.88,123.98,86.67,495
42,KARTKIN.BO,6725.0,7077.0,0.00K,Finance,Financial Conglomerates,97.0,12.0,5.0,95.0,307.5322,158.5071,0.01K,0.01K,10741.85,1142.15,1.64B,No,7362.06,8145.84,5552.69,8035.07,7304.64,496
43,ACFSL.BO,78.1,80.1,1.20K,Finance,Investment Banks/Brokers,97.0,96.0,95.0,98.0,3.2307,1.405,1.05K,1.80K,92.0,20.04,,No,71.65,68.25,36.99,69.44,45.03,494
44,PRARUH.BO,164.5,171.95,32.00K,Technology Services,Information Technology Services,97.0,94.0,98.0,97.0,8.3536,6.3429,52.67K,54.00K,189.0,45.0,2.29B,No,160.59,118.34,69.92,125.37,77.98,253
45,SHHARICH.BO,320.25,328.3,3.81K,Process Industries,Chemicals: Specialty,97.0,92.0,98.0,97.0,22.5286,19.6643,17.89K,22.60K,352.05,88.0,2.02B,No,308.0,234.93,143.51,250.03,158.08,495
46,COSPOWER.BO,3073.3,3136.0,0.88K,Producer Manufacturing,Electrical Products,97.0,97.0,95.0,98.0,113.9607,80.5,1.01K,1.07K,3300.0,675.0,5.64B,No,2945.27,2351.48,1504.25,2428.89,1766.92,496
47,BODALCHEM.NS,172.59,174.95,487.44K,Process Industries,Industrial Specialties,97.0,41.0,98.0,96.0,12.7971,12.5171,2009.63K,702.43K,207.7,42.81,21.74B,No,186.49,132.42,77.36,139.91,90.68,497
48,RSCINT.BO,109.3,111.5,1.28K,Process Industries,Chemicals: Specialty,97.0,96.0,98.0,98.0,2.7507,1.6529,8.48K,7.50K,112.0,22.42,628.44M,No,98.35,78.03,48.95,82.07,47.42,495
49,TRANSCHEM.BO,415.15,417.7,0.53K,Health Technology,Pharmaceuticals: Other,97.0,89.0,86.0,96.0,16.1929,15.425,5.82K,9.09K,433.0,58.0,5.08B,No,402.56,358.06,249.09,367.71,283.36,495
50,ASIACAP.BO,88.6,93.25,0.01K,Finance,Finance/Rental/Leasing,97.0,1.0,62.0,93.0,2.6714,0.5679,0.36K,0.21K,128.0,17.37,273.95M,No,115.34,108.62,59.83,110.3,77.31,496
51,MEGAMONT.BO,244.0,221.85,10.92K,Non-Energy Minerals,Forest Products,97.0,96.0,91.0,90.0,13.3071,11.5429,2.44K,11.68K,244.0,40.62,8.14B,No,195.94,173.73,132.99,181.93,164.19,495
52,SPICEISLIN.BO,109.72,103.03,76.01K,Process Industries,Textiles,97.0,92.0,74.0,92.0,5.1714,5.1714,48.85K,25.29K,110.0,14.2,3.42B,No,94.58,96.68,73.29,97.05,85.08,497
53,VIVAA.BO,138.0,138.0,2.00K,Consumer Non-Durables,Apparel/Footwear,97.0,82.0,94.0,98.0,0.5714,0.1429,3.78K,0.80K,138.0,31.84,543.37M,No,134.2,122.85,65.5,126.99,78.86,494
54,CCAL.BO,54.76,53.69,12.00K,Distribution Services,Wholesale Distributors,97.0,97.0,98.0,97.0,0.9014,0.2779,7.06K,6.60K,54.76,15.68,893.51M,No,46.94,39.24,25.0,41.43,28.26,495
55,PARMSILK.BO,321.85,312.0,0.07K,Process Industries,Textiles,97.0,76.0,5.0,97.0,11.2143,10.6821,0.69K,0.03K,472.35,67.41,965.90M,No,325.76,328.52,192.73,326.3,237.71,379
56,SIMANDHAR.BO,135.0,127.55,0.58K,Distribution Services,Wholesale Distributors,97.0,25.0,79.0,48.0,6.6821,5.8393,2.75K,5.83K,189.1,21.5,412.68M,No,145.4,150.43,,149.57,143.69,197
57,HIKLASS.BO,91.25,91.0,0.00K,Finance,Investment Banks/Brokers,97.0,68.0,89.0,76.0,0.5871,0.1436,13.48K,5.41K,108.35,16.25,2.76B,No,90.91,89.56,67.85,90.19,83.33,496
58,KELENRG.BO,13205.3,12595.9004,0.86K,Process Industries,Industrial Specialties,97.0,87.0,94.0,98.0,703.6323,609.0466,1.29K,0.94K,14800.0,2900.0,13.21B,No,12704.28,12342.77,6570.39,12651.76,7900.33,495
59,SAPL.BO,6305.75,6637.6001,0.01K,Producer Manufacturing,Industrial Machinery,97.0,96.0,98.0,97.0,488.1036,348.7071,0.42K,0.43K,8999.8,1840.95,30.05B,No,7016.79,5206.51,3017.4,5398.76,3492.46,496
60,PRIMIND.BO,118.23,112.6,367.13K,Finance,Real Estate Development,97.0,99.0,98.0,98.0,4.4921,0.9921,94.36K,71.51K,118.23,22.1,2.81B,No,76.74,54.81,45.37,58.95,47.93,495
61,BLISSGVS.NS,655.95,667.7,158.25K,Health Technology,Pharmaceuticals: Major,97.0,28.0,85.0,96.0,34.9143,34.3036,372.30K,497.98K,739.9,118.0,69.75B,No,688.98,611.58,373.38,628.2,452.42,497
62,TRADWIN.BO,472.0,471.35,0.01K,Consumer Services,Other Consumer Services,97.0,49.0,14.0,26.0,12.2214,6.0036,0.05K,0.01K,846.45,47.04,1.42B,No,454.2,535.66,583.11,521.6,564.36,496
63,HFCL.NS,260.4,258.31,9075.49K,Electronic Technology,Telecommunications Equipment,97.0,78.0,82.0,98.0,12.2043,10.3729,16741.27K,8481.17K,275.91,59.82,398.48B,No,229.65,226.81,145.75,230.14,178.26,497
64,MOREPENLAB.NS,129.55,136.55,17758.60K,Health Technology,Pharmaceuticals: Major,97.0,88.0,98.0,97.0,8.2157,8.08,22152.02K,20761.53K,150.7,33.05,70.99B,No,124.29,104.24,59.08,110.07,67.9,497
65,INDSWFTLAB.NS,360.9,366.1,599.97K,Health Technology,Pharmaceuticals: Major,97.0,38.0,93.0,96.0,24.3071,23.7393,1140.54K,537.71K,424.75,87.15,31.38B,No,388.1,342.64,196.24,350.01,229.17,496
66,INTEGFD.BO,13.71,13.98,0.92K,Process Industries,Agricultural Commodities/Milling,97.0,20.0,51.0,89.0,0.3621,0.2386,37.02K,43.77K,16.32,2.31,2.57B,No,13.58,13.99,9.96,13.92,12.68,497
67,HIIL.BO,569.85,558.7,0.01K,Producer Manufacturing,Electrical Products,97.0,94.0,89.0,97.0,6.9643,0.0,0.30K,0.42K,569.85,121.33,12.33B,No,497.76,471.84,321.29,477.36,395.3,497
68,ONELIFECAP.NS,50.06,49.51,84.78K,Finance,Investment Managers,97.0,98.0,89.0,97.0,2.3021,2.2186,69.85K,162.46K,51.98,11.15,1.87B,No,38.38,35.2,24.81,35.81,28.81,496
69,AHLWEST.NS,548.9,550.0,0.74K,Consumer Services,Hotels/Resorts/Cruise Lines,97.0,83.0,45.0,98.0,22.3071,22.0143,0.65K,0.57K,751.4,137.0,6.40B,No,534.18,535.19,380.26,535.83,477.92,497
70,AMRAFIN.BO,42.48,40.46,1.20K,Finance,Finance/Rental/Leasing,97.0,98.0,92.0,97.0,0.8757,0.0,0.91K,0.60K,42.48,12.72,570.93M,No,34.09,32.84,20.91,33.43,24.67,495
71,AFLTD.BO,124.5,120.5,18.00K,Producer Manufacturing,Auto Parts: Oem,97.0,98.0,98.0,,5.8679,4.6229,27.09K,19.80K,124.5,40.85,1.68B,No,99.93,74.44,,78.79,,93
72,SPECTRUM.NS,3777.0,3810.6001,5.76K,Electronic Technology,Electronic Equipment/Instruments,97.0,98.0,97.0,97.0,241.15,235.5786,26.95K,12.99K,3988.0,1050.0,64.54B,No,3457.33,2778.98,1781.91,2849.6,2015.97,496
73,NEELKAN.BO,59.38,62.5,0.68K,Non-Energy Minerals,Construction Materials,97.0,62.0,90.0,97.0,5.3693,4.8614,2.76K,2.05K,72.67,14.51,299.49M,No,62.91,60.16,32.89,60.19,39.32,495
74,BAFNAPH.NS,418.0,409.85,0.55K,Health Technology,Pharmaceuticals: Major,97.0,96.0,97.0,98.0,7.2036,0.0786,17.09K,1.35K,418.0,94.77,9.89B,No,350.9,305.97,186.5,313.76,213.94,496
75,MODISONLTD.NS,471.3,464.4,96.74K,Industrial Services,Engineering & Construction,97.0,44.0,94.0,98.0,26.9536,26.9536,143.11K,71.73K,546.0,114.0,15.29B,No,468.35,414.76,248.68,425.0,291.75,496
76,WELCORP.NS,2640.4,2651.3,760.64K,Producer Manufacturing,Industrial Machinery,96.0,73.0,95.0,97.0,145.9429,138.9,1996.20K,2003.92K,2900.0,710.0,696.28B,No,2664.32,2344.78,1405.63,2440.47,1673.06,497
77,PARMESHWAR.BO,310.0,304.95,18.00K,Non-Energy Minerals,Other Metals/Minerals,96.0,86.0,95.0,95.0,11.7393,10.8786,26.06K,16.90K,344.4,65.1,4.74B,No,317.65,267.12,189.15,276.81,210.8,430
78,CHEMIESYNT.BO,114.26,108.82,0.00K,Process Industries,Chemicals: Specialty,96.0,95.0,96.0,95.0,1.1107,0.0,0.01K,0.01K,114.26,30.98,350.78M,No,99.6,89.62,60.81,92.37,70.81,496
79,JAYKAILASH.BO,52.25,55.0,107.20K,Consumer Non-Durables,Food: Specialty/Candy,96.0,2.0,98.0,98.0,3.5921,3.355,71.31K,62.24K,75.65,10.73,261.09M,No,59.52,59.08,33.0,59.86,38.71,495
80,SHTL.BO,183.85,175.5,43.20K,Producer Manufacturing,Industrial Machinery,96.0,98.0,98.0,98.0,11.8071,9.37,15.81K,19.20K,184.25,38.43,1.04B,No,153.3,118.91,79.1,125.53,87.8,223
81,SMEL.BO,25.57,25.57,10.00K,Commercial Services,Commercial Printing/Forms,96.0,95.0,98.0,92.0,0.3229,0.0007,2.78K,2.78K,25.57,7.91,281.27M,No,23.44,18.81,12.59,20.38,14.62,494
82,BIRLACABLE.NS,385.2,366.9,381.78K,Producer Manufacturing,Electrical Products,96.0,90.0,97.0,97.0,24.1643,23.8964,278.60K,428.65K,418.8,104.0,11.56B,No,378.31,322.76,199.36,342.35,229.57,497
83,RAJVI.BO,36.23,34.51,0.01K,Finance,Investment Banks/Brokers,96.0,98.0,97.0,96.0,0.5593,0.0,0.02K,0.01K,36.23,12.44,229.17M,No,31.05,24.86,17.51,26.72,20.11,494
84,GBLINFRA.BO,119.5,119.5,0.36K,Commercial Services,Miscellaneous Commercial Services,96.0,96.0,98.0,98.0,1.4407,0.3379,0.40K,0.83K,173.0,15.0,169.02M,No,111.23,86.88,92.08,94.35,55.97,494
85,CFL.BO,99.75,95.0,13.36K,Process Industries,Industrial Specialties,96.0,98.0,97.0,92.0,7.8621,7.5536,11.85K,14.69K,107.91,20.5,878.56M,No,91.12,66.19,53.93,69.78,57.57,495
86,E2E.NS,704.6,714.15,986.04K,Technology Services,Information Technology Services,96.0,90.0,96.0,97.0,37.5536,36.3964,1269.31K,682.91K,723.3,183.36,144.77B,No,640.15,620.96,380.35,630.45,445.83,497
87,VOLKAI.BO,14.16,14.9,36.23K,Distribution Services,Wholesale Distributors,96.0,22.0,96.0,97.0,1.1657,0.9793,127.44K,171.30K,19.7,4.0,167.51M,No,16.75,14.39,7.98,15.14,9.56,496
88,NOVARTIND.NS,2049.0,1987.7,49.48K,Health Technology,Pharmaceuticals: Major,96.0,89.0,91.0,,110.8357,110.8357,108.49K,53.24K,2588.8,672.25,50.59B,No,2044.15,1775.03,,1816.17,,123
89,SURBHIN.BO,86.39,90.39,0.61K,Process Industries,Textiles,96.0,5.0,91.0,66.0,7.1186,6.8557,3.31K,1.98K,249.65,20.72,296.96M,No,95.01,101.75,86.17,98.94,109.59,496
90,RAYMOND.NS,1186.6,1167.1,1247.89K,Process Industries,Textiles,96.0,97.0,97.0,97.0,83.925,82.9214,2627.24K,2199.09K,1339.0,320.0,78.97B,No,1122.55,840.73,558.86,882.25,631.42,497
91,INDCEMCAP.BO,33.86,32.25,240.05K,Finance,Financial Conglomerates,96.0,89.0,98.0,97.0,1.1771,0.6529,52.19K,39.01K,33.86,9.14,734.97M,No,29.23,26.81,17.29,27.68,19.18,495
92,INDOSMC.BO,488.3,481.6,49.00K,Producer Manufacturing,Electrical Products,96.0,51.0,80.0,97.0,18.7714,18.6893,57.86K,43.30K,533.8,134.0,11.16B,No,501.55,490.62,,499.1,352.91,177
93,SHILPAMED.NS,1021.7,1025.3,397.78K,Health Technology,Pharmaceuticals: Major,96.0,83.0,95.0,96.0,51.3536,51.3536,1680.92K,767.42K,1095.0,259.5,199.83B,No,1014.91,901.14,541.24,934.62,641.51,497
94,RAMGOPOLY.BO,28.98,28.42,5.15K,Producer Manufacturing,Miscellaneous Manufacturing,96.0,44.0,95.0,76.0,1.3729,1.05,10.50K,4.21K,38.49,5.12,420.21M,No,28.81,31.28,22.18,31.63,23.84,495
95,DIACABS.NS,380.95,371.9,1167.79K,Producer Manufacturing,Electrical Products,96.0,89.0,95.0,97.0,19.025,18.7,3186.64K,807.92K,404.0,115.57,227.84B,No,365.85,353.47,213.61,358.61,247.18,497
96,SKYGOLD.NS,921.0,884.5,2288.78K,Consumer Durables,Other Consumer Specialties,96.0,89.0,93.0,96.0,37.2786,36.3072,1146.46K,1565.14K,936.0,285.0,142.64B,No,819.48,789.09,518.18,802.55,594.89,497
97,MTARTECH.NS,7781.5,7849.5,58.37K,Electronic Technology,Aerospace & Defense,96.0,68.0,74.0,92.0,337.5714,301.5,153.21K,173.47K,8714.0,1866.2,239.36B,No,7350.35,7084.64,5463.78,7232.2,6534.82,497
98,NRL.NS,158.0,158.9,19.16K,Non-Energy Minerals,Other Metals/Minerals,96.0,93.0,94.0,97.0,4.02,2.6143,95.19K,81.69K,167.26,45.1,10.91B,No,152.3,132.11,80.74,135.65,92.29,497
99,AMEENJI.BO,278.7,284.35,3.60K,Producer Manufacturing,Miscellaneous Manufacturing,96.0,96.0,98.0,95.0,7.5607,6.0036,16.76K,9.60K,292.65,108.5,3.14B,No,250.23,213.53,152.42,223.18,167.05,250
100,CELLA.BO,34.46,33.02,6.52K,Process Industries,Pulp & Paper,96.0,5.0,97.0,96.0,2.755,2.75,32.38K,19.60K,45.7,11.65,694.41M,No,39.66,34.05,20.31,34.81,23.25,495
101,SJCORP.BO,190.0,190.0,4.25K,Consumer Durables,Other Consumer Specialties,96.0,76.0,91.0,96.0,0.4714,0.3393,0.89K,2.08K,191.9,61.75,8.24B,No,188.86,183.9,107.97,184.87,126.44,494
102,SVRL.BO,686.95,681.75,2.76K,Process Industries,Agricultural Commodities/Milling,96.0,97.0,97.0,96.0,30.6214,29.8321,16.45K,11.29K,700.0,207.0,15.19B,No,609.19,546.21,345.09,564.54,377.35,495
103,XTRANET.NS,287.5,287.6,601.79K,Technology Services,Information Technology Services,96.0,85.0,,,22.57,22.57,2049.61K,789.40K,358.5,122.5,15.03B,No,295.87,222.25,,235.13,,50
104,CYIENTDLM.NS,952.35,981.3,335.79K,Electronic Technology,Electronic Production Equipment,96.0,59.0,96.0,97.0,44.8357,44.6429,875.35K,485.11K,1014.65,265.2,75.58B,No,925.2,826.55,512.06,840.22,573.03,497
105,NATHUEC.BO,37.08,37.0,16.34K,Transportation,Air Freight/Couriers,96.0,54.0,69.0,97.0,2.0886,1.9814,2.89K,5.49K,40.95,9.76,153.71M,No,37.9,37.14,24.75,37.39,29.63,495
106,JOJO.BO,228.0,225.0,10.97K,Consumer Services,Movies/Entertainment,96.0,76.0,98.0,94.0,5.1536,3.3893,82.63K,16.59K,235.1,75.0,15.72B,No,225.92,192.34,136.73,200.14,142.58,497
107,YASHO.NS,4125.0,4114.7002,26.04K,Consumer Non-Durables,Food: Specialty/Candy,96.0,72.0,90.0,97.0,206.1,205.2072,57.19K,32.61K,4994.0,1130.0,49.74B,No,4074.78,4146.94,2432.14,4182.59,2878.71,495
108,STEELCO.BO,187.5,191.3,1.56K,Non-Energy Minerals,Steel,96.0,1.0,87.0,83.0,5.6179,2.75,13.55K,5.74K,269.1,15.0,1.18B,No,219.58,209.86,132.57,215.98,162.24,496
109,TEJASSVI.BO,62.5,63.1,2.39K,Process Industries,Textiles,96.0,62.0,78.0,91.0,4.8314,4.8,40.67K,3.48K,74.0,14.43,3.64B,No,62.41,65.07,43.42,64.4,49.67,495
110,SHREEJISPG.NS,811.8,800.75,1365.58K,Transportation,Other Transportation,96.0,91.0,93.0,95.0,17.2607,16.6857,1053.15K,1046.26K,812.0,231.03,132.26B,No,743.04,688.62,486.56,701.88,539.73,278
111,UFBL.NS,697.1,665.25,43.41K,Consumer Services,Restaurants,96.0,58.0,41.0,96.0,35.4536,35.4536,92.75K,39.46K,850.0,172.34,27.27B,No,694.64,730.53,460.65,732.86,564.71,496
112,TFCILTD.NS,147.05,146.65,27653.27K,Finance,Finance/Rental/Leasing,96.0,79.0,97.0,94.0,5.7893,5.7286,14600.88K,18221.44K,154.0,51.0,68.08B,No,141.5,132.71,87.19,135.5,95.74,497
113,CRYOGENIC.BO,430.0,439.0,10.50K,Industrial Services,Oilfield Services/Equipment,95.0,91.0,94.0,96.0,18.0036,16.2143,15.70K,24.00K,453.0,151.0,6.14B,No,413.65,381.85,248.21,388.6,282.16,309
114,MENONBE.NS,289.15,287.1,65.34K,Producer Manufacturing,Metal Fabrication,95.0,66.0,96.0,96.0,20.7429,20.55,96.12K,127.70K,330.0,101.5,16.20B,No,298.11,276.48,171.91,283.78,194.76,497
115,SUGSLLOYD.BO,257.8,270.1,53.00K,Utilities,Alternative Power Generation,95.0,89.0,96.0,94.0,13.9393,11.8429,69.85K,42.70K,296.8,82.6,5.98B,No,271.81,221.57,141.69,230.39,160.75,270
116,JAFINANCE.BO,162.0,161.8,1.21K,Finance,Finance/Rental/Leasing,95.0,94.0,97.0,93.0,7.3286,6.4786,1.00K,1.45K,169.0,50.35,1.73B,No,145.38,130.7,95.15,134.42,101.58,495
117,PAJSON.BO,339.35,309.05,78.00K,Consumer Non-Durables,Food: Specialty/Candy,95.0,98.0,97.0,94.0,16.1786,14.5786,11.44K,22.50K,339.95,120.05,8.08B,No,229.55,211.34,,219.44,195.36,199
118,RATNAVEER.NS,343.6,331.35,4948.30K,Non-Energy Minerals,Steel,95.0,91.0,97.0,95.0,18.2107,18.2107,7809.68K,5358.36K,357.7,130.5,28.84B,No,322.94,279.78,190.27,291.25,207.84,496
119,KANELIND.BO,73.48,75.0,1.07K,Process Industries,Agricultural Commodities/Milling,95.0,16.0,92.0,97.0,4.6686,4.3893,3.10K,0.83K,92.0,10.0,1.16B,No,75.08,74.76,42.62,76.12,49.41,496
120,MODINSU.BO,540.25,514.55,114.42K,Producer Manufacturing,Electrical Products,95.0,95.0,59.0,93.0,22.5179,16.9714,44.35K,41.51K,579.0,122.25,25.47B,No,459.94,454.55,358.16,462.32,419.37,495
121,SWANDEF.NS,2816.8,2785.1001,34.01K,Producer Manufacturing,Trucks/Construction/Farm Machinery,95.0,90.0,86.0,86.0,134.0428,134.0428,22.44K,16.27K,2850.0,636.2,148.40B,No,2723.21,2569.49,2079.39,2612.66,2218.54,496
122,OMNI.NS,634.1,636.5,654.81K,Producer Manufacturing,Metal Fabrication,95.0,93.0,83.0,92.0,32.3107,31.6464,1306.03K,1048.18K,764.85,176.25,78.42B,No,577.16,575.46,,571.25,483.01,148
123,TRUEGREEN.BO,206.15,186.7,143.60K,Process Industries,Textiles,95.0,60.0,72.0,88.0,15.0071,14.2929,16.52K,5.70K,255.0,56.01,6.79B,No,191.77,203.14,147.23,207.75,178.57,495
124,CPPLUS.NS,4185.2,3972.2,887.61K,Consumer Durables,Electronics/Appliances,95.0,86.0,79.0,94.0,187.9142,180.5071,246.15K,231.46K,4262.4,1304.0,513.22B,No,3771.27,3657.93,2632.87,3683.73,3103.52,292
125,YASHHV.BO,1185.6,1149.85,34.25K,Producer Manufacturing,Electrical Products,95.0,94.0,83.0,96.0,54.7678,51.8393,82.80K,77.70K,1229.0,366.0,33.92B,No,1084.79,999.47,703.76,1013.13,818.73,446
126,NATFIT.BO,333.75,332.9,5.28K,Producer Manufacturing,Metal Fabrication,95.0,95.0,98.0,94.0,22.9536,21.3679,30.83K,31.70K,355.0,133.6,3.03B,No,302.83,231.72,177.22,243.1,184.46,495
127,HSIL.BO,665.6,635.8,20.80K,Health Technology,Medical Specialties,95.0,97.0,97.0,95.0,44.6929,42.125,33.50K,25.72K,667.5,215.0,9.68B,No,557.99,447.64,351.66,459.11,382.78,495
128,FCL.NS,57.94,55.99,21975.24K,Process Industries,Industrial Specialties,95.0,65.0,94.0,96.0,3.3971,3.3836,19220.75K,27784.95K,62.4,19.1,67.47B,No,56.67,50.33,34.13,52.28,38.78,497
129,AVADHSUGAR.NS,945.75,939.55,124.73K,Process Industries,Agricultural Commodities/Milling,95.0,89.0,96.0,93.0,45.7571,43.0857,304.54K,327.56K,978.8,306.05,18.93B,No,794.71,752.6,511.95,773.54,578.14,497
130,SHADOWFAX.NS,294.85,286.1,5710.09K,Technology Services,Packaged Software,95.0,92.0,87.0,95.0,13.0929,12.9286,8675.27K,4675.55K,301.25,98.55,172.51B,No,273.28,259.35,,260.83,209.71,173
131,DIGILOGIC.BO,196.0,194.0,30.00K,Electronic Technology,Electronic Equipment/Instruments,95.0,88.0,95.0,94.0,9.2393,7.6679,73.78K,55.44K,214.8,72.95,5.67B,No,186.67,180.81,,185.0,132.81,173
132,VEERHEALTH.BO,49.57,49.37,64.76K,Health Technology,Pharmaceuticals: Other,95.0,67.0,88.0,95.0,1.885,1.885,103.01K,91.88K,52.0,16.7,991.32M,No,49.89,48.45,29.76,48.98,34.26,495
133,STELLANT.BO,776.35,817.2,6.28K,Finance,Investment Banks/Brokers,95.0,2.0,88.0,64.0,48.45,45.3321,7.58K,3.00K,1104.6,135.6,4.41B,No,943.32,972.04,677.49,987.57,730.0,496
134,SETL.NS,387.95,408.35,1279.18K,Health Technology,Medical Specialties,95.0,52.0,89.0,97.0,19.2179,19.0714,934.74K,608.83K,468.15,104.56,77.39B,No,419.22,362.85,209.52,372.83,242.86,432
135,FILATEX.NS,109.06,109.74,1524.09K,Process Industries,Textiles,95.0,97.0,96.0,96.0,6.4036,6.365,6009.93K,3791.76K,114.58,36.26,48.43B,No,101.2,88.06,58.47,90.77,64.26,497
136,VIKRAMTH.BO,385.75,369.85,14.51K,Health Technology,Pharmaceuticals: Major,95.0,95.0,94.0,95.0,32.9571,32.6679,24.93K,37.85K,445.0,133.2,12.10B,No,381.77,319.41,211.33,331.88,236.08,495
137,WHEELS.NS,2207.2,2208.2,73.51K,Producer Manufacturing,Auto Parts: Oem,95.0,80.0,93.0,95.0,129.2071,125.4214,351.64K,213.61K,2498.0,705.85,59.29B,No,2216.72,1807.06,1317.97,1875.85,1531.93,497
138,TELGE.BO,245.25,242.35,16.80K,Industrial Services,Engineering & Construction,95.0,86.0,96.0,95.0,13.6357,10.85,19.31K,17.76K,283.95,77.05,2.40B,No,247.67,207.35,135.84,210.89,150.0,252
139,ADMACH.BO,481.95,466.0,4.20K,Producer Manufacturing,Industrial Machinery,95.0,90.0,94.0,96.0,22.225,18.3321,8.62K,9.12K,524.75,179.0,3.26B,No,463.6,419.63,,430.64,324.0,191
140,CALSOFT.NS,32.63,34.25,195.91K,Technology Services,Information Technology Services,95.0,18.0,93.0,97.0,2.1571,2.0486,229.29K,168.85K,43.13,10.9,2.02B,No,36.56,32.12,20.83,33.4,23.63,496
141,AEROFLEX.NS,520.5,529.0,1088.76K,Producer Manufacturing,Industrial Machinery,95.0,28.0,86.0,93.0,27.1786,26.9357,1443.09K,1240.86K,584.15,158.0,68.88B,No,528.03,504.44,353.66,511.09,420.46,497
142,SALSTEEL.NS,85.89,88.93,1099.44K,Non-Energy Minerals,Steel,95.0,85.0,94.0,94.0,5.6829,5.4236,565.45K,1013.56K,102.4,26.5,12.43B,No,86.09,77.06,56.64,79.91,62.67,496
143,SKM.BO,436.0,434.0,9.00K,Process Industries,Chemicals: Major Diversified,95.0,22.0,69.0,94.0,15.0357,13.6,17.47K,10.40K,507.0,102.05,5.34B,No,471.6,453.91,299.96,457.94,370.11,241
144,MARINE.NS,455.65,452.6,803.87K,Distribution Services,Wholesale Distributors,95.0,86.0,96.0,95.0,29.3143,28.4821,1523.05K,2156.90K,490.85,150.86,63.77B,No,423.19,389.96,260.12,402.65,289.28,497
145,IBULLSLTD.NS,36.62,34.88,36538.15K,Finance,Real Estate Development,95.0,97.0,84.0,97.0,2.0121,1.9529,14211.86K,23156.59K,38.89,8.9,82.07B,No,29.78,28.07,20.13,28.65,23.55,497
146,QUANTDIA.BO,44.58,42.75,0.28K,Process Industries,Containers/Packaging,95.0,85.0,97.0,96.0,2.4993,2.44,4.59K,1.52K,48.9,16.24,135.30M,No,44.82,39.8,25.95,40.77,27.88,495
147,RAMBHAJO.NS,357.45,356.55,716.60K,Consumer Durables,Other Consumer Specialties,95.0,96.0,97.0,,22.0536,21.0064,1357.13K,1087.59K,369.9,161.6,,No,293.81,244.72,,255.22,,71
148,INDORAMA.NS,92.39,88.1,1400.96K,Process Industries,Textiles,95.0,94.0,97.0,96.0,8.335,8.3321,1308.38K,1043.03K,112.3,29.0,24.12B,No,94.75,75.67,49.85,78.0,53.84,497
149,RECODE.BO,415.0,425.0,4.80K,Retail Trade,Specialty Stores,95.0,93.0,98.0,,25.875,19.6857,46.87K,27.20K,469.6,171.0,4.42B,No,407.55,334.05,,350.2,,105
150,SBC.NS,62.43,63.21,17600.06K,Distribution Services,Wholesale Distributors,94.0,96.0,93.0,93.0,2.7536,2.7143,11168.62K,24068.90K,64.43,22.19,29.73B,No,53.69,46.46,37.17,47.91,40.72,497
151,KSHINTL.NS,1001.5,1017.7,143.74K,Producer Manufacturing,Electrical Products,94.0,10.0,82.0,93.0,45.8357,45.7857,333.30K,256.97K,1198.0,330.0,67.86B,No,1047.64,1005.9,,1027.24,814.92,197
152,RPTECH.NS,889.7,898.8,236.27K,Distribution Services,Electronics Distributors,94.0,86.0,78.0,95.0,45.0607,44.5679,518.59K,447.22K,1004.7,316.3,59.08B,No,876.96,856.52,578.8,861.14,669.87,497
153,KKPLASTICK.BO,54.4,54.4,0.01K,Producer Manufacturing,Miscellaneous Manufacturing,94.0,80.0,97.0,89.0,0.0,0.0,0.27K,0.36K,54.4,22.61,300.75M,No,53.88,52.59,34.65,52.85,38.39,494
154,OCCLLTD.NS,218.54,208.36,192.17K,Process Industries,Chemicals: Specialty,94.0,96.0,96.0,95.0,11.1471,10.3107,96.16K,164.88K,218.77,75.71,10.92B,No,175.13,167.01,120.23,168.33,131.83,481
155,BHAGERIA.NS,364.9,367.0,162.95K,Process Industries,Chemicals: Specialty,94.0,85.0,96.0,95.0,29.3214,28.2643,135.03K,310.39K,415.8,127.51,15.93B,No,355.57,282.45,201.95,295.61,220.88,497
156,LOKESHMACH.NS,450.75,447.85,154.80K,Technology Services,Information Technology Services,94.0,94.0,90.0,93.0,29.0143,28.9393,94.93K,450.29K,488.0,138.96,9.82B,No,373.95,352.34,262.33,357.36,298.47,497
157,GRERENEW.BO,221.1,234.85,2.40K,Electronic Technology,Semiconductors,94.0,96.0,90.0,94.0,11.5571,9.3536,36.29K,38.04K,245.0,77.5,3.16B,No,209.47,187.72,,193.6,156.86,176
158,KRISHNA.BO,45.98,45.08,37.50K,Industrial Services,Engineering & Construction,94.0,51.0,78.0,95.0,1.1493,0.9986,10.29K,13.33K,51.72,12.44,496.58M,No,45.43,42.96,31.32,43.25,34.82,495
159,QMSMEDI.NS,187.57,192.52,18.07K,Distribution Services,Medical Distributors,94.0,93.0,96.0,95.0,11.7107,10.83,48.53K,121.19K,216.79,68.95,3.63B,No,186.64,157.1,106.91,161.97,115.53,497
160,KREONFIN.BO,83.43,82.5,3.32K,Finance,Finance/Rental/Leasing,94.0,50.0,73.0,96.0,5.7014,5.6807,7.47K,2.44K,96.89,23.92,1.69B,No,85.49,86.22,52.86,86.19,61.71,495
161,PRABHHANS.BO,72.29,68.85,156.86K,Process Industries,Textiles,94.0,98.0,98.0,96.0,2.8479,0.71,5.17K,5.80K,72.29,26.2,451.69M,No,48.79,43.11,36.21,44.68,35.7,495
162,AVALON.NS,2300.5,2302.0,188.46K,Electronic Technology,Electronic Production Equipment,94.0,70.0,88.0,95.0,123.05,120.8643,548.08K,524.60K,2618.0,777.3,153.86B,No,2327.93,2181.67,1456.75,2222.96,1689.37,497
163,GCSL.NS,701.0,697.75,325.98K,Finance,Investment Banks/Brokers,94.0,92.0,92.0,94.0,17.1214,16.8536,640.20K,336.54K,705.0,213.15,16.46B,No,649.05,579.28,430.01,592.07,470.76,271
164,NEETUYOSHI.BO,229.25,228.0,47.20K,Non-Energy Minerals,Steel,94.0,93.0,96.0,95.0,13.8571,12.9893,101.04K,85.36K,258.0,71.3,8.90B,No,226.94,190.02,131.87,197.33,149.12,313
165,RPEL.NS,1734.1,1717.2,35.31K,Process Industries,Chemicals: Major Diversified,94.0,75.0,89.0,96.0,90.6857,88.2214,104.52K,107.89K,1943.7,561.3,79.63B,No,1729.6,1609.57,1071.1,1668.59,1197.98,497
166,ROSSTECH.NS,1574.8,1570.1,176.79K,Electronic Technology,Telecommunications Equipment,94.0,95.0,94.0,93.0,87.0357,86.75,341.12K,254.55K,1699.0,551.9,59.59B,No,1439.28,1229.69,927.52,1258.38,1040.11,454
167,PREMIERPOL.NS,102.85,98.25,656.81K,Non-Energy Minerals,Forest Products,94.0,90.0,95.0,90.0,8.2914,8.2643,907.50K,1088.90K,106.7,38.0,10.77B,No,91.42,86.41,63.54,87.76,69.79,497
168,EMROCK.BO,227.2,233.05,3.22K,Consumer Durables,Homebuilding,94.0,17.0,33.0,33.0,17.7286,16.5929,2.62K,1.57K,305.95,55.28,3.59B,No,249.7,260.72,258.1,257.69,265.01,495
169,CAPRICORN.BO,31.69,31.07,48.55K,Technology Services,Information Technology Services,94.0,88.0,97.0,97.0,0.8679,0.6929,276.31K,352.48K,32.51,9.41,886.43M,No,31.07,25.8,16.65,26.93,17.47,496
170,KETOMOTORS.BO,236.0,233.65,0.77K,Process Industries,Chemicals: Agricultural,94.0,5.0,44.0,96.0,16.9214,16.4714,6.42K,4.35K,367.85,91.4,16.62B,No,261.99,265.09,159.06,267.35,186.44,496
171,MANINDS.NS,867.9,857.85,374.90K,Producer Manufacturing,Industrial Machinery,94.0,82.0,94.0,93.0,64.0429,62.7357,1180.33K,869.24K,1039.7,302.05,65.10B,No,893.94,756.21,535.65,795.41,607.54,497
172,STLNETWORK.NS,46.35,48.07,6594.58K,Communications,Major Telecommunications,94.0,98.0,97.0,96.0,3.0021,2.5764,4292.48K,12922.94K,56.5,15.75,22.63B,No,45.68,34.13,26.26,36.04,28.8,272
173,SAKAR.NS,1011.5,1002.4,242.69K,Health Technology,Pharmaceuticals: Major,94.0,16.0,84.0,92.0,67.4143,66.9643,167.19K,94.75K,1229.85,345.5,22.20B,No,1103.55,1002.79,707.12,1016.35,813.87,497
174,SBECSUG.BO,75.95,75.14,0.34K,Process Industries,Agricultural Commodities/Milling,94.0,92.0,79.0,96.0,4.7843,4.6286,5.16K,5.74K,88.84,26.85,3.62B,No,68.26,67.18,46.91,67.12,53.13,495
175,SBCL.NS,1041.6,1050.6,116.99K,Non-Energy Minerals,Other Metals/Minerals,94.0,44.0,92.0,95.0,53.2572,51.5929,580.07K,182.40K,1215.7,368.6,60.00B,No,1095.8,1033.3,677.93,1057.02,776.92,496
176,TDPOWERSYS.NS,793.75,793.5,2206.84K,Producer Manufacturing,Electrical Products,94.0,77.0,91.0,91.0,38.6678,37.1071,2899.76K,4399.98K,856.1,291.35,249.00B,No,767.63,729.48,549.66,753.91,627.25,497
177,SHARDUL.NS,58.2,57.02,1.99K,Finance,Investment Banks/Brokers,94.0,84.0,96.0,,1.6364,1.6293,23.46K,28.25K,60.0,23.05,5.09B,No,55.91,52.27,,53.46,,118
178,SHAHFOOD.BO,349.7,344.0,0.01K,Consumer Non-Durables,Food: Specialty/Candy,94.0,16.0,77.0,94.0,22.225,21.725,0.97K,0.41K,439.0,97.55,8.15B,No,360.74,373.87,233.27,367.74,265.95,496
179,AMALGAM.BO,133.2,133.2,0.01K,Commercial Services,Miscellaneous Commercial Services,94.0,47.0,93.0,97.0,0.3321,0.1429,0.63K,0.00K,147.91,38.9,369.83M,No,135.99,139.99,86.87,139.29,96.59,494
180,SANSERA.NS,4124.7,4129.3999,263.20K,Producer Manufacturing,Auto Parts: Oem,94.0,75.0,85.0,91.0,220.0714,206.5,272.42K,357.80K,4743.5,1382.7,257.45B,No,4290.23,4000.95,2813.67,4076.04,3195.7,497
181,KANORICHEM.NS,174.21,177.5,13.63K,Process Industries,Chemicals: Specialty,94.0,87.0,87.0,96.0,12.1443,12.1443,46.20K,42.56K,206.0,56.0,7.61B,No,184.65,166.09,108.6,168.62,124.35,497
182,ARVAYA.BO,109.25,111.45,0.01K,Distribution Services,Medical Distributors,94.0,16.0,87.0,93.0,3.9607,2.2464,0.61K,0.15K,145.0,45.45,5.25B,No,120.96,119.71,75.6,117.6,85.46,496
183,ASMTEC.BO,6681.5,6730.8501,9.29K,Technology Services,Information Technology Services,94.0,81.0,95.0,96.0,292.3679,284.9536,32.35K,21.01K,7248.0,2099.9,97.47B,No,6803.56,5695.32,3779.89,5866.04,4236.46,495
184,DPABHUSHAN.NS,2363.8,2258.8999,295.69K,Retail Trade,Specialty Stores,94.0,98.0,97.0,94.0,151.8857,149.5357,141.03K,493.39K,2408.5,866.1,53.96B,No,1661.61,1527.88,1239.99,1569.67,1227.55,497
185,SHANTIGOLD.NS,380.55,350.65,10490.53K,Consumer Durables,Other Consumer Specialties,94.0,97.0,96.0,94.0,23.2,21.5921,2811.41K,7509.24K,389.9,155.0,27.45B,No,293.42,263.23,220.6,275.91,230.49,294
186,CUBEXTUB.NS,173.53,165.27,314.41K,Non-Energy Minerals,Other Metals/Minerals,94.0,98.0,98.0,92.0,13.8443,12.1271,174.76K,614.99K,184.0,73.1,2.48B,No,128.41,98.6,96.41,105.03,93.18,497
187,DEVSON.BO,388.35,372.4,26.40K,Process Industries,Chemicals: Specialty,94.0,88.0,,,18.1357,16.3357,145.04K,51.84K,399.0,186.35,5.28B,No,342.73,296.24,,308.08,,60
188,VALIANT.BO,1700.7,1706.75,23.49K,Electronic Technology,Telecommunications Equipment,93.0,95.0,94.0,90.0,113.1429,111.35,22.57K,38.97K,1891.35,620.55,19.88B,No,1513.23,1298.58,1076.94,1346.51,1152.02,496
189,JATTAINDUS.BO,680.0,675.25,0.08K,Process Industries,Textiles,93.0,94.0,94.0,88.0,54.7214,51.7071,0.35K,0.82K,774.95,201.2,2.98B,No,608.44,541.76,443.75,560.96,463.12,496
190,MSAFE.BO,292.0,292.15,48.00K,Producer Manufacturing,Building Products,93.0,83.0,94.0,96.0,13.2321,11.975,46.17K,69.80K,328.8,102.0,5.96B,No,287.31,249.45,,256.72,187.96,168
191,MMP.NS,501.35,483.25,101.94K,Non-Energy Minerals,Other Metals/Minerals,93.0,80.0,96.0,94.0,28.1286,28.1286,105.28K,89.91K,509.0,185.2,12.74B,No,466.93,409.2,294.76,422.22,315.69,496
192,VENUSREM.NS,1610.1,1681.0,39.01K,Health Technology,Pharmaceuticals: Major,93.0,65.0,45.0,89.0,97.2214,94.4,39.51K,40.56K,2044.3,432.1,21.55B,No,1655.62,1650.93,1233.26,1665.57,1435.77,496
193,DATIWARE.BO,45.79,48.2,0.20K,Process Industries,Agricultural Commodities/Milling,93.0,1.0,93.0,93.0,2.4764,1.285,0.30K,0.23K,72.33,19.59,228.95M,No,58.96,56.21,33.44,56.41,37.78,496
194,JAUSPOL.BO,25.84,25.97,0.17K,Process Industries,Containers/Packaging,93.0,86.0,63.0,53.0,2.3107,2.1136,3.97K,8.99K,37.11,6.84,119.52M,No,23.44,23.19,23.62,23.14,24.87,495
195,VINDHYATEL.NS,2814.4,2776.7,57.67K,Industrial Services,Engineering & Construction,93.0,71.0,92.0,96.0,138.5786,135.2214,82.91K,61.05K,2952.6,963.9,33.35B,No,2726.94,2575.41,1770.38,2604.01,1994.14,497
196,INDIAHOMES.BO,27.84,27.94,218.72K,Non-Energy Minerals,Steel,93.0,74.0,84.0,93.0,1.5421,1.5421,883.62K,582.10K,31.93,9.04,11.08B,No,27.27,26.19,19.74,26.46,22.39,495
197,HIGHNESS.BO,267.25,262.05,14.40K,Electronic Technology,Semiconductors,93.0,97.0,92.0,,4.0179,0.0,13.43K,6.60K,267.25,107.5,1.38B,No,234.26,205.45,,212.58,,129
198,HPBL.BO,330.0,316.0,2.66K,Process Industries,Containers/Packaging,93.0,85.0,96.0,91.0,22.9714,22.1536,14.38K,7.44K,405.0,140.1,3.53B,No,355.54,283.28,217.67,299.41,239.95,495
199,MUNOTHFI.BO,58.9,62.0,0.02K,Finance,Regional Banks,93.0,73.0,96.0,98.0,0.9493,0.6329,0.07K,0.01K,66.05,16.4,302.47M,No,61.25,55.17,36.99,56.85,38.77,494
200,GANDHAR.NS,296.55,296.45,1266.90K,Process Industries,Industrial Specialties,93.0,89.0,93.0,94.0,10.4429,10.3714,2875.90K,802.24K,304.65,115.0,29.03B,No,274.44,259.42,183.29,265.25,199.88,497
201,SWASTIKA.BO,124.45,127.2,38.26K,Finance,Investment Banks/Brokers,93.0,1.0,97.0,94.0,7.9679,7.8964,88.46K,9.31K,195.0,43.65,2.50B,No,146.14,154.63,88.59,156.56,98.79,495
202,ATVOENT.BO,37.0,37.55,24.93K,Consumer Non-Durables,Apparel/Footwear,93.0,18.0,82.0,88.0,1.8779,1.8771,58.17K,37.48K,45.89,12.0,3.96B,No,39.45,38.69,26.65,38.97,30.53,495
203,SW1.BO,201.85,197.9,0.12K,Finance,Investment Banks/Brokers,93.0,95.0,86.0,96.0,7.6071,5.475,0.68K,0.45K,201.85,74.4,181.67M,No,181.6,166.11,121.05,168.42,129.27,496
204,IOLCP.NS,201.15,205.55,2763.22K,Process Industries,Chemicals: Specialty,93.0,49.0,81.0,96.0,10.6864,10.4993,4071.10K,3373.11K,224.0,67.19,59.04B,No,202.98,185.95,121.95,191.0,141.15,497
205,BLUSPRING.NS,146.96,135.79,1080.95K,Commercial Services,Miscellaneous Commercial Services,93.0,92.0,88.0,95.0,9.4557,9.31,522.79K,352.88K,153.0,43.98,21.97B,No,136.37,127.69,86.89,131.34,99.37,330
206,HYPERSOFT.BO,191.8,189.25,30.24K,Commercial Services,Miscellaneous Commercial Services,93.0,65.0,37.0,91.0,11.9214,9.7607,16.65K,25.38K,230.05,51.25,16.20B,No,182.54,196.31,146.26,195.13,176.23,495
207,ANTELOPUS.NS,1101.5,1105.8,142.78K,Energy Minerals,Integrated Oil,93.0,69.0,90.0,88.0,78.8536,78.225,1538.34K,1402.05K,1290.9,357.0,38.73B,No,1129.44,963.48,722.09,984.05,812.29,497
208,SSWL.NS,406.8,410.5,617.45K,Producer Manufacturing,Auto Parts: Oem,93.0,86.0,95.0,93.0,21.3714,20.9036,1972.60K,1856.57K,434.0,169.0,63.98B,No,383.61,345.65,247.89,349.31,266.95,496
209,PPARIVAH.BO,302.25,301.0,2.40K,Transportation,Marine Shipping,93.0,74.0,90.0,93.0,9.5679,9.4893,21.92K,14.64K,312.0,129.55,3.43B,No,298.31,280.68,198.08,288.36,214.63,382
210,SCPL.NS,616.8,608.85,4.87K,Consumer Non-Durables,Food: Meat/Fish/Dairy,93.0,39.0,85.0,92.0,28.4393,28.4393,55.53K,10.64K,690.0,190.03,6.48B,No,630.79,639.18,447.81,640.62,501.95,496
211,VALIANTLAB.NS,119.8,117.34,57.80K,Health Technology,Pharmaceuticals: Major,93.0,81.0,97.0,93.0,7.7743,7.7743,113.96K,79.41K,132.25,49.51,6.51B,No,123.15,101.57,74.58,106.93,80.74,497
212,VPAL.BO,238.0,248.0,24.00K,Retail Trade,Food Retail,93.0,82.0,95.0,,12.0929,9.7179,38.32K,31.52K,260.45,116.95,3.95B,No,235.24,222.74,,226.15,,94
213,CITURGIA.BO,103.45,103.45,0.06K,Process Industries,Chemicals: Specialty,93.0,52.0,27.0,4.0,0.2214,0.1464,0.04K,0.01K,212.0,31.64,13.67B,No,105.4,108.3,97.92,107.62,116.17,494
214,ZIMLAB.NS,150.47,140.53,553.46K,Health Technology,Pharmaceuticals: Generic,93.0,91.0,89.0,94.0,8.375,8.375,98.30K,190.47K,153.94,59.31,8.07B,No,137.87,126.6,97.67,129.62,109.22,497
215,RUBYMILLS.NS,479.0,485.05,30.98K,Process Industries,Textiles,93.0,82.0,85.0,94.0,33.5107,33.2179,27.23K,27.58K,523.8,169.02,16.02B,No,480.09,427.15,297.11,435.62,337.02,496
216,KMEW.NS,3207.8,3256.7,267.90K,Producer Manufacturing,Trucks/Construction/Farm Machinery,93.0,84.0,89.0,92.0,152.2071,149.6714,120.71K,191.33K,3338.0,1090.6,81.36B,No,2967.61,2839.01,2126.07,2884.79,2287.86,457
217,SIZEMASTER.BO,404.95,399.15,1.01K,Producer Manufacturing,Miscellaneous Manufacturing,93.0,93.0,81.0,64.0,28.8464,28.4179,0.97K,1.46K,432.0,119.95,4.05B,No,383.83,314.89,304.08,318.12,342.74,495
218,GTIL.BO,129.05,131.55,6.40K,Producer Manufacturing,Metal Fabrication,93.0,20.0,97.0,94.0,7.9214,7.4321,83.51K,33.44K,149.9,43.52,1.75B,No,134.68,109.56,,113.3,82.09,182
219,JAYANT.BO,126.86,125.07,87.75K,Industrial Services,Engineering & Construction,93.0,98.0,96.0,94.0,5.9107,4.9471,17.85K,75.15K,129.5,43.97,1.31B,No,87.48,77.57,68.86,78.43,69.16,495
220,AIRFLOA.BO,565.55,532.0,182.00K,Producer Manufacturing,Trucks/Construction/Farm Machinery,93.0,77.0,97.0,90.0,27.7929,26.5536,131.78K,152.00K,593.85,246.0,13.56B,No,546.91,459.25,345.57,481.78,372.76,261
221,SWITCHTE.BO,152.3,150.05,1.47K,Producer Manufacturing,Electrical Products,93.0,93.0,66.0,94.0,9.6286,9.1643,3.90K,7.48K,171.95,40.0,373.14M,No,140.83,127.13,96.74,129.37,107.17,495
222,SYRMA.NS,1719.9,1680.9,980.23K,Electronic Technology,Electronic Production Equipment,93.0,81.0,82.0,93.0,74.8928,74.0571,1796.27K,1560.41K,1822.6,634.5,331.30B,No,1681.61,1553.68,1123.57,1574.94,1275.8,497
223,RUBICON.NS,1548.5,1535.4,147.74K,Health Technology,Biotechnology,93.0,7.0,72.0,93.0,58.7786,58.65,323.63K,212.47K,1899.0,570.75,256.33B,No,1674.25,1691.39,1143.11,1691.19,1307.3,242
224,MAPROIN.BO,74.7,73.24,14.63K,Consumer Durables,Homebuilding,93.0,97.0,98.0,82.0,2.1729,0.5786,17.69K,16.52K,96.65,24.03,626.65M,No,60.36,58.31,51.06,59.36,48.26,495
225,TIMEX.NS,724.4,709.25,352.97K,Consumer Durables,Other Consumer Specialties,92.0,93.0,86.0,,32.6107,32.525,499.95K,445.41K,759.7,323.0,,No,694.17,631.62,,653.64,,117
226,MACPOWER.NS,1898.8,1981.0,64.45K,Producer Manufacturing,Industrial Machinery,92.0,73.0,91.0,92.0,150.0786,145.9286,58.31K,61.98K,2251.0,761.0,19.00B,No,2025.16,1886.69,1256.64,1927.08,1391.88,496
227,BCCFUBA.BO,299.65,289.7,23.91K,Electronic Technology,Electronic Components,92.0,96.0,96.0,94.0,16.8821,16.3429,40.30K,41.47K,332.35,102.0,5.96B,No,283.44,246.7,179.41,255.66,189.82,495
228,MILKYMIST.NS,320.4,328.35,897.00K,Consumer Non-Durables,Food: Meat/Fish/Dairy,92.0,91.0,,,17.4414,16.8614,17916.81K,1297.78K,342.4,165.0,246.66B,No,303.78,,,,,37
229,KOVAI.NS,5876.0,5891.5,3.38K,Health Services,Hospital/Nursing Management,92.0,54.0,56.0,,121.4643,121.4643,4.87K,4.26K,6444.0,2576.65,64.30B,No,6062.5,6023.45,,6040.1,,124
230,INOVSYNTH.BO,170.0,166.7,164.91K,Miscellaneous,Miscellaneous,92.0,92.0,88.0,95.0,2.55,1.8357,49.82K,148.33K,170.0,50.1,15.79B,No,150.9,143.58,100.77,145.22,112.25,495
231,SEDEMAC.NS,3229.8,3232.1001,206.61K,Producer Manufacturing,Auto Parts: Oem,92.0,89.0,81.0,93.0,181.1428,181.1428,184.14K,317.07K,3650.0,1413.1,142.65B,No,3234.48,3082.12,,3120.39,2498.63,144
232,DEEDEV.NS,604.15,608.6,202.60K,Producer Manufacturing,Industrial Machinery,92.0,12.0,27.0,92.0,31.9714,31.2536,186.12K,148.39K,760.0,183.0,45.46B,No,652.05,648.13,469.42,641.38,567.89,496
233,MACHLTD.BO,216.6,216.5,5.40K,Commercial Services,Miscellaneous Commercial Services,92.0,97.0,95.0,90.0,14.5536,13.6571,21.45K,54.96K,232.0,90.0,4.56B,No,183.7,172.22,138.61,176.45,150.18,495
234,UNIMECH.NS,1734.8,1751.9,106.14K,Producer Manufacturing,Industrial Machinery,92.0,83.0,93.0,95.0,93.2786,89.9072,261.41K,280.33K,1901.0,695.0,88.30B,No,1687.32,1544.08,1117.8,1584.07,1215.03,441
235,LAURUSLABS.NS,2036.6,1997.9,1358.11K,Health Technology,Pharmaceuticals: Major,92.0,79.0,89.0,92.0,49.8572,49.1571,2434.52K,1571.94K,2065.2,843.0,1100.40B,No,1990.1,1907.11,1379.18,1916.27,1521.29,497
236,CHANDNIMACH.BO,111.9,109.27,30.25K,Producer Manufacturing,Industrial Machinery,92.0,91.0,79.0,85.0,7.4743,7.4743,14.54K,20.40K,127.74,33.4,787.59M,No,98.5,101.01,80.52,101.14,85.6,495
237,EXATO.BO,667.0,677.8,11.50K,Technology Services,Packaged Software,92.0,11.0,87.0,90.0,28.1321,25.1214,38.34K,17.70K,785.95,266.0,6.71B,No,691.06,684.46,455.7,688.6,504.52,208
238,SOTL.NS,764.8,764.2,161.28K,Process Industries,Chemicals: Specialty,92.0,89.0,86.0,95.0,40.3321,40.325,833.95K,557.03K,860.4,285.8,52.44B,No,725.0,706.3,494.12,719.87,551.14,497
239,SMTEL.BO,308.45,308.15,0.01K,Commercial Services,Miscellaneous Commercial Services,92.0,44.0,6.0,8.0,18.0321,16.5321,1.05K,0.21K,594.35,70.23,5.57B,No,335.26,376.36,379.23,365.54,406.45,496
240,SAYAJIHOTL.NS,305.0,309.0,0.01K,Consumer Services,Hotels/Resorts/Cruise Lines,92.0,54.0,64.0,,10.1786,8.4143,0.23K,0.06K,365.2,138.7,5.34B,No,315.56,315.67,,319.89,,123
241,PAISALO.NS,80.9,81.13,6056.91K,Finance,Finance/Rental/Leasing,92.0,78.0,75.0,94.0,4.3693,4.2779,15191.17K,13669.20K,94.88,30.0,76.05B,No,84.74,76.05,53.38,77.24,61.62,497
242,MITSU.BO,201.65,204.4,31.40K,Producer Manufacturing,Miscellaneous Manufacturing,92.0,87.0,92.0,93.0,8.1964,8.1071,30.54K,27.45K,210.8,80.3,2.74B,No,180.82,175.59,134.75,177.41,146.6,495
243,UEL.NS,214.94,195.4,117.11K,Utilities,Alternative Power Generation,92.0,63.0,96.0,85.0,11.5064,10.8136,26.65K,15.03K,284.2,110.13,28.67B,No,193.24,203.63,160.1,209.68,165.83,497
244,APARINDS.NS,17984.0,17816.0,99.00K,Electronic Technology,Electronic Equipment/Instruments,92.0,74.0,87.0,89.0,699.8571,692.1429,145.60K,119.11K,19265.0,6801.0,753.03B,No,17796.8,17161.18,12783.45,17516.8,14501.13,497
245,MAYUR.BO,37.24,38.51,2.49K,Consumer Non-Durables,Apparel/Footwear,92.0,63.0,94.0,91.0,3.2464,3.1836,14.38K,7.16K,45.96,12.75,180.05M,No,40.37,32.47,24.22,33.64,25.07,495
246,SURAJINDPP.BO,24.9,25.2,0.33K,Nan,Nan,92.0,90.0,91.0,73.0,1.7143,1.5986,22.98K,10.87K,26.4,6.5,1.20B,No,23.4,21.29,16.21,21.84,19.37,224
247,RAJPALAYAM.NS,720.0,721.0,0.28K,Process Industries,Textiles,92.0,32.0,29.0,,32.9179,30.3857,1.43K,1.67K,875.0,314.45,6.64B,No,756.06,791.58,,786.87,,123
248,ATHERENERG.NS,1434.4,1406.0,3741.55K,Consumer Durables,Motor Vehicles,92.0,29.0,81.0,92.0,64.1929,63.35,4758.48K,3589.11K,1744.0,582.05,569.05B,No,1505.84,1505.09,1023.99,1528.88,1166.66,357
249,INDOMIM.NS,1272.6,1238.6,1257.11K,Producer Manufacturing,Industrial Machinery,92.0,96.0,,,75.0071,72.6893,4782.99K,1208.25K,1374.4,700.0,629.28B,No,1188.05,998.95,,1033.28,,50
250,PRECWIRE.NS,482.7,493.15,324.10K,Producer Manufacturing,Electrical Products,92.0,70.0,85.0,87.0,22.5429,22.1107,783.72K,663.67K,524.9,193.05,88.24B,No,483.96,457.82,365.34,471.84,410.48,497
251,KRISHANA.NS,197.11,188.69,2164.86K,Process Industries,Chemicals: Agricultural,92.0,84.0,92.0,88.0,7.6214,7.3771,1110.66K,850.32K,206.39,90.86,60.93B,No,185.95,187.28,135.72,187.33,150.99,497
252,LTELEVATOR.BO,327.95,321.55,33.60K,Producer Manufacturing,Building Products,92.0,47.0,88.0,93.0,6.8929,3.1643,48.59K,41.92K,380.4,132.95,6.97B,No,338.9,326.8,236.06,331.4,254.29,260
253,GSTL.BO,35.28,36.32,42.49K,Technology Services,Information Technology Services,92.0,69.0,89.0,93.0,2.26,2.0421,57.43K,29.57K,40.15,13.67,1.21B,No,32.25,32.47,24.05,32.77,26.6,495
254,SRMENERGY.BO,30.37,31.83,14.68K,Utilities,Electric Utilities,92.0,82.0,90.0,89.0,1.8614,1.6029,11.16K,9.92K,33.41,13.45,275.15M,No,28.12,25.49,20.51,25.93,22.01,495
255,MILLWORKS.BO,1122.85,1119.75,74.80K,Producer Manufacturing,Metal Fabrication,92.0,69.0,,,55.2393,54.4643,188.46K,87.20K,1306.0,628.9,19.78B,No,1181.4,992.91,,1022.25,,57
256,HITECHCORP.NS,350.8,350.55,46.27K,Producer Manufacturing,Miscellaneous Manufacturing,92.0,79.0,73.0,96.0,7.7821,7.625,16.23K,38.31K,354.3,112.0,6.03B,No,337.01,332.79,230.37,334.02,261.39,496
257,UNIVASTU.NS,136.27,129.79,55.88K,Industrial Services,Engineering & Construction,92.0,6.0,91.0,93.0,7.6421,7.5157,140.27K,49.17K,178.98,56.02,4.90B,No,139.96,149.48,93.62,150.97,105.34,497
258,KAPSTON.NS,539.3,542.4,37.34K,Commercial Services,Miscellaneous Commercial Services,92.0,43.0,87.0,92.0,23.2714,22.9536,126.07K,364.04K,616.2,246.05,16.41B,No,561.64,550.12,396.14,557.56,419.57,497
259,TECHNOCRAT.BO,408.0,411.35,38.00K,Producer Manufacturing,Industrial Machinery,92.0,38.0,,,22.9536,21.1643,258.27K,70.60K,455.0,218.5,7.14B,No,395.91,,,,,34
260,PVP.NS,50.97,50.25,1742.20K,Technology Services,Information Technology Services,92.0,3.0,97.0,88.0,3.6557,2.6671,2207.42K,1854.85K,72.04,23.0,13.27B,No,58.07,51.04,35.09,53.62,37.11,496
261,PNGSREVA.NS,687.75,701.95,2860.08K,Consumer Durables,Other Consumer Specialties,92.0,95.0,95.0,91.0,38.9679,38.4571,685.06K,2333.36K,738.0,324.25,21.80B,No,536.49,533.88,,542.28,443.52,149
262,MNIL.BO,57.23,56.99,56.32K,Finance,Real Estate Development,91.0,98.0,96.0,81.0,5.2643,5.1836,25.66K,83.80K,62.0,20.01,1.47B,No,46.76,38.48,39.59,40.43,39.25,495
263,DANLAW.BO,1469.9,1491.2,3.12K,Technology Services,Packaged Software,91.0,11.0,92.0,92.0,91.075,90.475,5.73K,3.57K,1839.0,428.0,7.16B,No,1562.36,1480.11,959.31,1532.3,1075.67,495
264,GULFPETRO.NS,61.59,59.08,54.15K,Energy Minerals,Oil Refining/Marketing,91.0,49.0,95.0,93.0,3.4136,3.3471,206.20K,76.88K,71.4,23.25,3.14B,No,62.16,62.35,41.61,63.01,45.02,497
265,OAL.NS,518.0,512.0,18.80K,Process Industries,Chemicals: Specialty,91.0,59.0,93.0,93.0,27.375,27.0929,71.43K,36.73K,570.0,228.0,17.43B,No,528.34,454.93,337.64,470.43,365.68,496
266,RNITAI.BO,109.7,111.85,31.21K,Producer Manufacturing,Electrical Products,91.0,83.0,97.0,88.0,4.4579,3.4686,155.68K,139.40K,130.2,37.0,9.30B,No,103.2,91.23,65.89,95.13,73.68,495
267,GRWRHITECH.NS,6997.5,6929.0,48.88K,Process Industries,Chemicals: Specialty,91.0,70.0,61.0,92.0,296.9643,289.9286,66.08K,63.12K,7990.0,2690.7,162.57B,No,6734.9,6964.14,5263.77,6970.5,5957.57,497
268,NEXUSSURGL.BO,31.38,32.7,1.97K,Distribution Services,Medical Distributors,91.0,38.0,93.0,89.0,1.8486,1.7621,9.57K,4.33K,35.79,13.26,171.71M,No,32.25,25.62,20.39,26.31,21.84,495
269,UNIVCABLES.NS,1518.8,1549.9,64.02K,Electronic Technology,Electronic Components,91.0,67.0,90.0,93.0,75.2929,74.5,175.47K,130.76K,1774.9,576.0,52.70B,No,1496.21,1545.91,1074.14,1535.12,1195.09,497
270,IDREAM.BO,491.9,491.9,0.35K,Consumer Services,Movies/Entertainment,91.0,4.0,9.0,87.0,1.8464,0.0,0.10K,0.04K,659.0,168.05,133.09B,No,519.6,581.94,411.9,563.76,464.68,493
271,WELINV.NS,2305.0,2352.0,0.08K,Finance,Investment Banks/Brokers,91.0,66.0,87.0,90.0,40.1428,25.55,2.65K,0.04K,2500.0,1030.0,8.45B,No,2388.93,2174.14,1668.71,2213.58,1833.28,496
272,RAMRAT.NS,584.25,611.15,193.88K,Producer Manufacturing,Electrical Products,91.0,87.0,92.0,91.0,26.0714,25.3607,375.11K,453.58K,662.85,268.0,54.54B,No,573.66,527.2,402.13,542.45,442.64,496
273,CHOKSI.BO,214.0,216.0,0.28K,Health Technology,Medical Specialties,91.0,60.0,84.0,80.0,13.6286,13.5036,6.36K,2.22K,266.45,78.0,1.22B,No,215.99,230.34,165.39,227.64,181.73,495
274,SHIVAM.BO,146.95,147.0,16.50K,Non-Energy Minerals,Construction Materials,91.0,94.0,92.0,74.0,7.3536,5.7893,15.02K,39.30K,149.0,59.5,2.50B,No,128.52,111.42,101.3,114.41,111.32,495
275,ACCORDTS.BO,92.26,91.0,87.00K,Producer Manufacturing,Electrical Products,91.0,97.0,96.0,82.0,8.1771,7.3121,123.33K,345.00K,98.13,45.0,1.90B,No,76.48,68.73,,70.65,62.77,150
276,NRBBEARING.NS,524.95,510.2,352.77K,Producer Manufacturing,Auto Parts: Oem,91.0,84.0,84.0,94.0,23.4179,23.3857,635.53K,537.47K,559.9,212.55,50.88B,No,521.56,486.62,359.42,496.56,397.81,497
277,RRKABEL.NS,2705.6,2696.3999,252.35K,Producer Manufacturing,Electrical Products,91.0,88.0,83.0,93.0,91.9643,90.65,583.64K,395.30K,2983.8,1218.9,306.02B,No,2524.12,2648.7,1971.52,2645.1,2181.2,496
278,AMARJOTHI.NS,146.47,147.3,0.15K,Process Industries,Textiles,91.0,29.0,,,3.9179,3.9121,1.53K,0.91K,166.0,88.4,988.67M,No,148.85,,,,,42
279,ASTONEALAB.BO,324.0,334.0,4.00K,Health Technology,Pharmaceuticals: Major,91.0,89.0,79.0,93.0,6.7786,2.3393,3.52K,0.70K,369.0,118.0,3.41B,No,329.28,296.79,218.32,302.1,244.26,337
280,VALIANTORG.NS,467.7,450.6,130.98K,Process Industries,Chemicals: Specialty,91.0,97.0,96.0,90.0,31.2893,31.0607,76.33K,249.29K,505.0,195.0,13.11B,No,428.77,354.05,286.24,371.16,305.92,496
281,HOCL.BO,55.44,53.2,267.69K,Process Industries,Chemicals: Specialty,91.0,98.0,93.0,93.0,3.9214,3.6886,111.54K,467.09K,55.86,21.05,3.72B,No,44.82,40.66,34.88,41.99,37.02,495
282,AEGISLOG.NS,1388.9,1382.3,596.14K,Distribution Services,Wholesale Distributors,91.0,86.0,76.0,95.0,74.2857,73.2571,1170.33K,856.59K,1528.7,576.1,487.50B,No,1378.05,1338.32,941.14,1353.83,1046.36,495
283,MANAKSTEEL.NS,111.44,106.14,42.15K,Non-Energy Minerals,Steel,91.0,83.0,93.0,92.0,6.9143,6.8843,109.22K,37.13K,120.76,45.11,7.30B,No,108.79,97.31,73.18,100.9,78.06,497
284,VTMLTD.NS,37.89,31.58,416.47K,Process Industries,Textiles,91.0,0.0,,,4.1543,4.1543,77.23K,151.76K,61.9,22.95,3.81B,No,42.03,,,,,42
285,OPTIEMUS.NS,815.85,816.85,516.41K,Distribution Services,Electronics Distributors,91.0,98.0,94.0,95.0,68.0643,61.7536,859.92K,2087.93K,924.9,288.0,73.56B,No,726.91,635.47,488.06,634.67,509.76,496
286,YAANENT.BO,159.0,158.0,0.56K,Consumer Services,Other Consumer Services,91.0,97.0,95.0,87.0,9.475,9.0536,2.21K,2.46K,172.0,70.0,492.90M,No,144.79,129.15,107.27,133.07,111.72,495
287,AEQUS.NS,273.5,268.0,3216.16K,Electronic Technology,Aerospace & Defense,91.0,92.0,74.0,94.0,14.2521,13.805,3872.33K,9116.77K,294.7,113.3,179.10B,No,252.64,247.91,190.33,249.76,212.02,206
288,PANACHE.NS,617.8,589.25,34.61K,Electronic Technology,Computer Peripherals,91.0,93.0,92.0,93.0,19.4857,16.4893,10.38K,13.70K,618.7,237.7,9.89B,No,533.96,516.01,388.87,527.18,418.92,496
289,AMRAPLIN.BO,33.0,32.99,3.67K,Technology Services,Packaged Software,91.0,24.0,44.0,92.0,2.455,2.455,11.73K,3.52K,44.77,12.65,1.70B,No,36.28,35.43,24.05,35.44,28.04,495
290,TRISHAKT.BO,252.8,250.7,9.29K,Industrial Services,Oilfield Services/Equipment,91.0,81.0,93.0,91.0,12.0714,11.9893,45.43K,19.28K,284.9,114.9,4.27B,No,247.22,241.73,174.95,241.98,188.44,495
291,EBGNG.NS,685.5,692.15,518.08K,Technology Services,Information Technology Services,91.0,77.0,72.0,91.0,38.6357,37.3357,714.24K,744.96K,740.4,239.0,78.15B,No,685.54,626.16,461.32,637.53,523.54,295
292,AKSHARCHEM.NS,372.1,367.85,3.35K,Process Industries,Chemicals: Specialty,91.0,6.0,95.0,94.0,19.9893,19.9893,11.99K,7.85K,472.0,141.3,2.99B,No,386.61,352.48,248.59,364.2,260.98,496
293,SERA.BO,61.48,61.58,514.40K,Non-Energy Minerals,Other Metals/Minerals,91.0,75.0,93.0,89.0,3.1471,3.1107,106.66K,97.13K,64.01,31.31,4.03B,No,58.32,51.12,42.69,52.21,44.49,495
294,SICAGEN.NS,50.45,49.82,6.12K,Distribution Services,Wholesale Distributors,91.0,15.0,50.0,,2.2664,2.265,72.44K,9.20K,74.06,24.35,2.00B,No,52.25,54.92,,56.18,,123
295,WELSPUNLIV.NS,223.75,225.07,2587.11K,Consumer Non-Durables,Consumer Sundries,91.0,84.0,90.0,91.0,10.3714,10.32,5928.52K,5856.49K,245.5,107.1,210.65B,No,221.51,197.04,151.81,202.63,162.12,497
296,RAPICUT.BO,236.7,225.45,28.06K,Non-Energy Minerals,Other Metals/Minerals,91.0,0.0,49.0,79.0,17.4071,17.1607,12.49K,18.66K,376.8,66.66,1.27B,No,287.23,309.37,206.1,310.52,235.6,495
297,BRPL.BO,187.0,162.8,100.88K,Producer Manufacturing,Building Products,91.0,94.0,94.0,85.0,10.2571,9.9,17.74K,14.34K,195.0,98.1,2.47B,No,160.99,147.89,124.74,153.19,132.13,495
298,MBAPL.NS,165.32,163.42,423.96K,Process Industries,Chemicals: Agricultural,91.0,71.0,86.0,85.0,5.7171,5.5929,1224.72K,792.27K,174.94,76.56,72.43B,No,164.27,163.81,117.87,164.54,131.1,497
299,SHUKRAPHAR.NS,66.94,66.78,4236.03K,Health Technology,Pharmaceuticals: Major,90.0,94.0,,,4.22,4.1271,5366.06K,14922.90K,75.4,40.06,29.62B,No,59.95,,,,,39
300,INDOTECH.NS,3121.7,3148.8,15.63K,Producer Manufacturing,Electrical Products,90.0,9.0,47.0,95.0,152.9643,152.9571,20.86K,21.02K,4030.0,1100.0,33.15B,No,3300.33,3519.15,2430.71,3523.8,2837.03,496
301,RESONANCE.BO,174.9,180.8,10.33K,Process Industries,Chemicals: Specialty,90.0,68.0,87.0,93.0,11.0964,10.8679,20.28K,19.74K,201.3,77.0,2.02B,No,178.02,170.47,125.74,172.87,136.16,495
302,HBEL.BO,28.5,28.5,1.25K,Commercial Services,Miscellaneous Commercial Services,90.0,87.0,98.0,91.0,0.0071,0.0,3.25K,3.25K,38.5,12.8,174.70M,No,28.35,23.28,19.88,24.89,19.69,493
303,AETHER.NS,1748.1,1744.1,139.56K,Process Industries,Chemicals: Major Diversified,90.0,83.0,81.0,86.0,67.9214,67.9214,326.85K,581.12K,1814.1,728.0,232.02B,No,1684.9,1645.55,1249.59,1665.55,1376.2,497
304,DRL.BO,34.21,34.99,45.80K,Distribution Services,Wholesale Distributors,90.0,16.0,84.0,90.0,2.185,2.1679,65.15K,12.37K,41.75,15.12,250.26M,No,36.16,33.91,25.01,34.43,27.27,495
305,OVOBELE.BO,270.45,257.6,6.13K,Consumer Non-Durables,Food: Specialty/Candy,90.0,83.0,92.0,92.0,14.1571,13.5857,11.00K,4.61K,284.5,105.6,2.57B,No,264.48,241.31,181.22,248.6,188.86,495
306,IRISDOREME.NS,59.81,58.71,886.58K,Consumer Non-Durables,Apparel/Footwear,90.0,57.0,90.0,91.0,3.4364,3.4364,1034.54K,348.18K,68.0,26.35,11.38B,No,62.0,59.2,41.85,60.42,45.47,496
307,UNITEDPOLY.NS,50.12,47.56,1538.15K,Process Industries,Textiles,90.0,92.0,95.0,90.0,2.8693,2.8693,211.79K,624.58K,52.0,20.6,11.50B,No,46.08,39.53,31.78,41.25,34.27,496
308,SGMART.NS,775.6,743.45,305.30K,Utilities,Electric Utilities,90.0,51.0,81.0,84.0,30.4393,30.4393,450.64K,260.50K,860.6,313.1,97.78B,No,737.25,758.1,567.69,761.99,644.19,265
309,KENNAMET.NS,4165.7,4115.1001,11.74K,Producer Manufacturing,Metal Fabrication,90.0,22.0,93.0,,149.6642,149.5928,41.71K,32.77K,5136.0,2405.2,91.55B,No,4286.99,4026.32,,4175.1,,123
310,GKSL.NS,184.09,180.71,442.08K,Health Services,Hospital/Nursing Management,90.0,81.0,91.0,89.0,11.3893,11.2329,1303.75K,5435.71K,209.8,98.36,14.51B,No,179.71,161.75,,166.59,138.62,193
311,GLOBAL.NS,142.2,141.41,114.34K,Commercial Services,Miscellaneous Commercial Services,90.0,89.0,91.0,80.0,5.7979,5.7329,148.13K,276.35K,145.85,55.3,7.24B,No,134.13,118.8,103.23,121.59,109.29,496
312,DEEPINDS.NS,746.4,777.6,251.89K,Industrial Services,Oilfield Services/Equipment,90.0,30.0,95.0,88.0,36.225,35.4929,599.38K,316.98K,825.0,330.0,47.77B,No,758.99,712.2,505.54,725.08,558.89,497
313,PROCLB.BO,45.6,48.0,0.35K,Commercial Services,Miscellaneous Commercial Services,90.0,97.0,96.0,87.0,2.4071,2.1521,24.25K,28.07K,51.0,23.23,232.70M,No,46.32,37.01,34.57,38.27,33.38,495
314,GARGFUR.BO,208.0,210.35,5.75K,Non-Energy Minerals,Steel,90.0,97.0,97.0,82.0,14.9607,13.3929,18.05K,25.85K,255.5,108.65,1.04B,No,208.57,169.68,141.91,176.86,144.31,495
315,DIKSHA.BO,185.3,189.1,1.20K,Producer Manufacturing,Miscellaneous Manufacturing,90.0,42.0,95.0,,1.6821,0.3393,6.23K,3.33K,206.0,100.05,962.93M,No,200.93,172.35,,179.78,,74
316,ASPIRA.BO,115.0,112.45,0.11K,Health Services,Medical/Nursing Services,90.0,92.0,80.0,94.0,8.0964,6.5421,5.19K,2.33K,149.99,49.0,1.18B,No,119.63,107.18,86.87,107.12,97.76,495
317,MOLDTECH.NS,110.22,104.975,44.45K,Industrial Services,Engineering & Construction,90.0,72.0,96.0,90.0,5.3464,5.2004,322.90K,85.13K,113.5,50.55,6.35B,No,101.77,97.01,73.45,99.77,75.87,497
318,SHIVAUM.NS,552.75,551.5,1.57K,Producer Manufacturing,Metal Fabrication,90.0,93.0,88.0,87.0,16.1143,15.8607,50.08K,25.73K,563.9,275.0,7.52B,No,514.75,470.75,368.89,475.65,402.35,496
319,UNIVPHOTO.NS,468.45,456.2,0.14K,Consumer Durables,Electronics/Appliances,90.0,14.0,89.0,72.0,32.9929,31.6821,2.13K,0.65K,624.75,180.6,5.13B,No,535.37,497.19,394.51,497.07,440.3,496
320,JUJHARLOGI.BO,199.65,207.8,0.10K,Process Industries,Industrial Specialties,90.0,10.0,4.0,88.0,12.9286,12.1571,2.74K,1.13K,324.0,57.99,1.84B,No,209.89,238.4,192.25,230.75,214.52,495
321,PPEL.BO,780.05,784.45,38.00K,Producer Manufacturing,Metal Fabrication,90.0,92.0,,,47.9286,46.95,222.31K,87.96K,859.95,447.0,15.56B,No,758.41,,,675.85,,47
322,BAIKAKAJI.BO,293.35,291.05,6.60K,Process Industries,Containers/Packaging,90.0,79.0,94.0,89.0,11.7393,11.2857,66.56K,18.84K,328.9,143.1,6.28B,No,298.0,275.99,,278.56,216.7,191
323,ONEPOINT.NS,80.36,78.45,5768.52K,Commercial Services,Miscellaneous Commercial Services,90.0,97.0,93.0,87.0,3.8414,3.8114,2229.45K,5134.90K,81.85,40.58,21.13B,No,67.99,61.31,55.44,62.73,57.75,496
324,DOLPHIN.NS,640.05,620.05,62.92K,Industrial Services,Oilfield Services/Equipment,90.0,38.0,95.0,87.0,48.3,47.9036,82.44K,46.89K,749.5,322.0,25.60B,No,658.73,592.72,455.72,612.09,467.79,497
325,BHATIA.BO,39.02,38.71,88.92K,Retail Trade,Electronics/Appliance Stores,90.0,94.0,94.0,90.0,2.4943,2.4507,169.30K,141.17K,41.99,17.99,5.49B,No,37.71,32.04,25.46,33.18,26.76,495
326,CSL.BO,21.85,20.87,217.26K,Finance,Finance/Rental/Leasing,90.0,71.0,95.0,85.0,1.3636,1.3514,219.82K,152.09K,24.85,10.86,693.80M,No,22.69,19.19,15.57,20.18,15.93,495
327,EMIL.NS,191.17,193.31,2266.78K,Retail Trade,Electronics/Appliance Stores,90.0,76.0,92.0,92.0,10.97,10.9457,6921.10K,6801.18K,212.64,84.9,73.55B,No,194.43,182.08,126.39,187.32,139.33,497
328,SMCGLOBAL.NS,115.95,107.83,82135.72K,Finance,Investment Banks/Brokers,90.0,96.0,94.0,91.0,9.1436,9.1436,4360.71K,21166.28K,124.0,54.44,24.28B,No,93.13,85.48,75.96,86.81,74.33,496
329,UNITEDTE.BO,23.9,23.9,1.12K,Process Industries,Textiles,90.0,91.0,95.0,83.0,0.0807,0.0,0.97K,0.82K,23.9,13.3,71.70M,No,23.23,20.42,17.35,21.01,17.41,494
330,CHEMKART.BO,242.05,237.0,12.60K,Health Technology,Pharmaceuticals: Other,90.0,96.0,89.0,94.0,10.325,9.4929,14.80K,33.36K,252.0,87.0,2.93B,No,218.32,201.11,147.74,202.09,162.66,307
331,NAPSGLOBAL.BO,65.5,64.75,6.40K,Process Industries,Textiles,90.0,82.0,96.0,91.0,2.5271,1.2779,9.37K,11.68K,68.0,34.6,290.16M,No,60.32,54.66,44.78,55.44,44.7,391
332,JGCHEM.NS,630.75,638.7,204.93K,Process Industries,Chemicals: Specialty,90.0,77.0,91.0,90.0,39.65,38.8536,704.40K,673.03K,688.0,298.4,24.72B,No,617.06,601.64,439.29,609.58,476.67,497
333,CONFIPET.NS,83.67,84.9,2053.62K,Retail Trade,Specialty Stores,90.0,73.0,73.0,86.0,4.4543,4.4529,3487.89K,2460.93K,93.2,28.06,27.80B,No,87.4,82.24,58.74,82.96,69.62,497
334,PGIL.NS,1281.1,1272.3,56.78K,Consumer Non-Durables,Apparel/Footwear,90.0,85.0,87.0,88.0,57.7286,57.5643,274.93K,208.57K,1357.9,629.2,118.35B,No,1235.77,1190.2,916.05,1216.57,979.39,497
335,VIKRAMAR.BO,113.05,119.0,2.54K,Process Industries,Chemicals: Specialty,90.0,93.0,95.0,91.0,11.0379,9.5936,4.66K,7.36K,155.11,53.11,354.50M,No,118.49,95.05,74.0,96.72,76.5,393
336,ESSEX.BO,49.6,49.75,4.00K,Consumer Non-Durables,Food: Meat/Fish/Dairy,89.0,37.0,82.0,86.0,2.1693,1.7236,44.87K,11.20K,54.75,18.25,757.00M,No,49.05,45.73,36.51,46.2,41.55,287
337,PALCO.BO,208.3,231.2,10.36K,Distribution Services,Wholesale Distributors,89.0,97.0,94.0,90.0,19.1786,18.7036,3.25K,8.71K,242.95,88.85,833.20M,No,176.05,159.66,136.9,163.57,144.56,495
338,SPORTKING.NS,196.45,196.39,152.06K,Process Industries,Textiles,89.0,30.0,71.0,79.0,9.5964,9.5964,669.93K,237.81K,241.51,78.17,25.00B,No,206.18,211.83,155.55,211.67,179.07,496
339,KINETRU.BO,50.82,51.85,0.00K,Finance,Finance/Rental/Leasing,89.0,29.0,96.0,49.0,1.8929,1.2193,1.08K,0.05K,75.82,26.2,170.76M,No,48.2,49.67,44.38,50.56,41.86,493
340,CHENNPETRO.NS,1487.7,1531.0,1737.83K,Energy Minerals,Oil Refining/Marketing,89.0,74.0,86.0,84.0,78.7429,78.3357,2617.20K,4357.39K,1677.5,716.8,221.54B,No,1446.42,1402.1,1104.98,1398.41,1196.07,497
341,TIMESGREEN.BO,80.0,78.5,28.00K,Process Industries,Agricultural Commodities/Milling,89.0,63.0,77.0,91.0,0.4921,0.385,10.00K,4.80K,83.0,37.8,445.95M,No,77.54,78.57,57.27,79.33,62.48,495
342,COMSYN.NS,261.15,256.5,137.15K,Process Industries,Containers/Packaging,89.0,13.0,90.0,89.0,14.9036,14.6857,920.73K,697.27K,315.4,136.44,10.96B,No,281.91,275.24,190.38,279.47,203.96,497
343,CORDSCABLE.NS,287.2,301.3,63.52K,Producer Manufacturing,Electrical Products,89.0,2.0,91.0,90.0,22.125,20.8643,173.23K,98.16K,406.95,127.01,3.71B,No,340.43,288.42,210.87,293.91,227.06,496
344,EMERALL.BO,289.0,289.85,0.50K,Consumer Services,Hotels/Resorts/Cruise Lines,89.0,80.0,97.0,82.0,12.8,11.5929,2.79K,2.15K,325.0,151.0,4.34B,No,290.09,269.82,208.4,280.71,215.07,495
345,MPCOSEMB.BO,37.72,36.2,2.31K,Technology Services,Information Technology Services,89.0,98.0,95.0,83.0,2.7843,2.3257,8.41K,7.91K,44.34,20.52,135.22M,No,36.04,28.64,25.88,29.97,26.02,496
346,LOTUSDEV.NS,239.75,233.73,545.30K,Finance,Real Estate Development,89.0,93.0,95.0,90.0,12.5314,12.4479,2753.85K,1437.07K,248.1,102.2,117.17B,No,222.06,198.49,156.96,201.52,162.05,291
347,UTLSOLAR.NS,409.05,409.2,129.59K,Electronic Technology,Semiconductors,89.0,43.0,71.0,91.0,21.3071,21.1214,406.86K,284.22K,494.25,172.0,125.54B,No,420.01,424.73,300.32,426.97,340.07,220
348,ALUFLUOR.NS,682.8,645.0,31.05K,Non-Energy Minerals,Aluminum,89.0,96.0,,,36.3107,36.3107,12.90K,25.90K,701.0,430.0,,No,575.68,,,,,37
349,OILCOUNTUB.NS,86.25,84.56,46.34K,Industrial Services,Oilfield Services/Equipment,89.0,97.0,94.0,94.0,1.5107,0.2279,36.39K,44.77K,86.25,35.65,4.85B,No,72.14,65.23,56.3,66.7,58.62,497
350,BENCHMARK.BO,47.21,47.78,10.00K,Technology Services,Information Technology Services,89.0,79.0,66.0,95.0,1.735,0.7514,4.76K,7.20K,50.29,18.0,324.05M,No,42.82,39.53,31.9,40.71,34.2,495
351,GOLKUNDIA.BO,345.65,302.0,18.89K,Consumer Durables,Other Consumer Specialties,89.0,77.0,89.0,75.0,20.4107,19.6536,6.57K,1.85K,355.6,166.3,2.41B,No,320.31,310.03,263.62,316.23,278.51,495
352,ATHARVA.BO,118.7,124.9,44.00K,Producer Manufacturing,Miscellaneous Manufacturing,89.0,93.0,,,7.2036,5.7986,85.11K,57.80K,131.45,69.0,2.00B,No,117.88,95.56,,97.99,,67
353,AVAX.BO,45.69,43.52,1.00K,Distribution Services,Wholesale Distributors,89.0,95.0,50.0,63.0,1.3814,0.4907,5.35K,4.78K,55.4,19.19,379.83M,No,35.04,41.57,41.64,40.96,45.81,431
354,CFF.BO,1042.9,1036.15,20.74K,Industrial Services,Engineering & Construction,89.0,81.0,86.0,89.0,56.8464,55.0107,40.95K,34.14K,1148.0,445.0,21.87B,No,1061.76,1026.91,764.67,1027.94,858.37,495
355,FUNDVISER.BO,436.0,436.0,0.12K,Finance,Real Estate Investment Trusts,89.0,85.0,75.0,56.0,9.8964,9.1679,0.70K,0.21K,484.4,179.5,3.44B,No,419.36,411.88,358.81,415.86,405.76,495
356,INFINITY.BO,555.1,555.0,1.60K,Technology Services,Packaged Software,89.0,78.0,93.0,88.0,9.1679,6.9321,4.01K,2.20K,560.0,311.0,3.03B,No,544.11,486.94,406.61,496.15,414.42,249
357,FINCABLES.NS,1388.7,1402.2,375.82K,Producer Manufacturing,Electrical Products,89.0,83.0,89.0,88.0,53.6714,53.3429,1185.52K,546.70K,1499.0,700.8,212.39B,No,1429.96,1293.22,1015.43,1319.37,1110.66,497
358,KOURA.BO,54.05,52.73,2.00K,Consumer Durables,Other Consumer Specialties,89.0,87.0,95.0,77.0,1.4386,0.6229,8.13K,7.20K,55.5,30.05,326.27M,No,51.71,47.83,39.14,48.89,40.73,496
359,MKPMOB.BO,193.6,203.7,1.06K,Finance,Financial Conglomerates,89.0,95.0,91.0,91.0,13.6607,9.3786,0.29K,0.76K,240.4,97.0,660.38M,No,189.68,163.56,130.39,166.81,135.19,496
360,TIRUPATIFL.NS,70.77,69.39,108.47K,Producer Manufacturing,Industrial Conglomerates,89.0,72.0,66.0,87.0,2.2507,0.8707,409.46K,390.18K,83.9,30.11,8.37B,No,72.45,70.32,51.26,70.74,57.39,496
361,INDOBORAX.NS,476.2,482.2,42.46K,Process Industries,Chemicals: Specialty,89.0,39.0,68.0,92.0,25.3607,25.3607,693.34K,1130.90K,542.8,230.01,15.28B,No,472.02,465.91,339.07,470.04,375.56,497
362,NEOGEN.NS,2378.2,2379.7,115.47K,Process Industries,Chemicals: Specialty,89.0,84.0,78.0,91.0,96.8214,95.9857,199.55K,140.76K,2499.7,966.7,71.45B,No,2386.05,2247.45,1730.31,2284.65,1924.93,497
363,LALITHAA.NS,382.6,376.45,5790.90K,Retail Trade,Specialty Stores,89.0,93.0,,,21.1786,20.2571,13638.25K,6265.94K,414.1,240.35,214.14B,No,354.93,,,,,33
364,AANCHALISP.BO,51.35,54.05,2.50K,Producer Manufacturing,Metal Fabrication,89.0,3.0,1.0,88.0,3.645,3.3886,20.53K,10.23K,508.0,7.62,217.38M,No,63.32,66.8,46.97,65.76,59.59,497
365,RAPID.BO,170.0,162.0,0.80K,Transportation,Air Freight/Couriers,89.0,94.0,87.0,68.0,2.75,0.45,0.55K,0.62K,170.0,62.0,647.90M,No,141.66,137.8,131.8,139.22,136.8,495
366,AZAD.NS,2910.2,2883.7,495.61K,Producer Manufacturing,Metal Fabrication,89.0,77.0,81.0,90.0,134.3357,132.3428,718.48K,1840.51K,3127.9,1360.0,187.95B,No,2812.94,2731.4,2077.28,2781.09,2293.59,497
367,CHOKSILA.BO,192.35,189.6,2.86K,Commercial Services,Miscellaneous Commercial Services,89.0,91.0,95.0,93.0,12.4643,11.925,12.12K,2.87K,216.95,81.85,1.34B,No,191.63,158.85,124.51,164.18,129.54,495
368,JAIPAN.BO,49.0,48.04,3.46K,Consumer Durables,Electronics/Appliances,89.0,91.0,89.0,90.0,1.9393,1.3893,15.89K,6.83K,49.0,22.5,298.89M,No,40.06,38.82,30.6,39.27,31.92,495
369,SUNFLAG.NS,439.8,450.7,276.39K,Non-Energy Minerals,Steel,89.0,96.0,87.0,91.0,25.475,25.1357,401.40K,1390.68K,479.1,192.15,79.26B,No,401.49,374.37,314.05,375.66,340.56,497
370,WSTCSTPAPR.NS,727.65,713.1,187.63K,Producer Manufacturing,Office Equipment/Supplies,89.0,83.0,90.0,88.0,31.1822,30.95,282.81K,185.96K,777.0,375.0,48.06B,No,729.7,661.48,511.9,677.98,556.03,496
371,HAPPYFORGE.NS,1922.6,1940.9,72.27K,Producer Manufacturing,Metal Fabrication,89.0,12.0,83.0,84.0,77.1071,77.1071,102.37K,106.66K,2470.0,888.75,181.50B,No,2066.63,2088.9,1505.74,2106.02,1641.03,497
372,VELJAN.NS,2707.7,2762.8999,0.08K,Producer Manufacturing,Industrial Machinery,89.0,97.0,,,109.0429,86.1429,1.13K,2.29K,2790.7,1750.3,,No,2168.31,,,,,37
373,GALAGEX.BO,88.22,88.01,0.65K,Producer Manufacturing,Metal Fabrication,89.0,29.0,89.0,91.0,6.1907,6.1836,90.88K,29.36K,108.0,36.56,1.40B,No,93.94,82.63,60.86,85.02,66.9,496
374,TECHNOCRAF.NS,474.15,472.5,900.00K,Industrial Services,Engineering & Construction,88.0,92.0,,,20.6679,20.2214,2356.97K,827.86K,496.5,284.0,18.78B,No,462.31,,,,,39
375,PARAS.NS,1267.9,1241.9,712.78K,Electronic Technology,Aerospace & Defense,88.0,8.0,62.0,92.0,55.0786,54.7072,1147.11K,579.63K,1585.0,580.5,102.18B,No,1336.53,1370.3,968.54,1368.2,1092.73,497
376,SMARTLINK.NS,226.93,217.11,3.67K,Electronic Technology,Telecommunications Equipment,88.0,86.0,83.0,92.0,10.855,9.9514,7.32K,5.34K,241.81,103.5,2.26B,No,219.1,218.42,163.22,221.3,179.09,497
377,KISSHT.NS,369.1,372.15,608.74K,Finance,Finance/Rental/Leasing,88.0,88.0,79.0,,16.3,16.0,1642.37K,1585.76K,388.15,190.0,65.74B,No,357.09,326.97,,330.94,,107
378,ANANDPROJ.BO,39.81,37.92,0.10K,Utilities,Electric Utilities,88.0,67.0,92.0,83.0,0.0,0.0,0.00K,0.00K,39.81,24.48,37.19M,No,37.92,35.15,27.33,36.58,28.84,494
379,QPOWER.NS,1547.4,1532.2,261.48K,Producer Manufacturing,Electrical Products,88.0,74.0,87.0,89.0,81.3857,79.6929,255.66K,314.25K,1681.0,581.0,119.84B,No,1528.01,1396.18,1086.14,1419.79,1229.2,401
380,BLUESTONE.NS,817.65,799.25,702.03K,Retail Trade,Specialty Stores,88.0,43.0,92.0,90.0,51.5821,51.3429,4481.34K,1054.55K,969.9,399.8,124.93B,No,828.21,828.81,587.6,827.64,640.26,283
381,SWASTIKAAL.BO,107.85,102.75,10.00K,Producer Manufacturing,Metal Fabrication,88.0,2.0,90.0,92.0,3.7893,2.825,16.00K,7.20K,144.25,39.0,880.49M,No,114.57,110.11,72.96,110.9,77.74,298
382,MARKSANS.NS,309.1,307.8,1139.26K,Health Technology,Pharmaceuticals: Major,88.0,34.0,78.0,90.0,15.0143,14.825,3330.82K,2533.99K,350.95,155.0,140.07B,No,327.13,315.93,231.22,320.58,253.76,497
383,NITINSPIN.NS,608.8,596.4,70.14K,Process Industries,Textiles,88.0,38.0,76.0,86.0,17.9393,17.7036,177.38K,59.90K,665.5,302.2,34.23B,No,615.0,601.58,471.19,607.02,526.24,496
384,VIDYAWIRES.NS,98.06,98.03,1635.90K,Non-Energy Minerals,Other Metals/Minerals,88.0,87.0,62.0,90.0,4.5771,4.3821,1079.43K,2374.50K,117.35,42.51,20.86B,No,90.51,90.32,76.07,90.61,87.09,206
385,MAHASTEEL.NS,1116.8,1086.9,1.58K,Non-Energy Minerals,Steel,88.0,13.0,87.0,68.0,62.4572,60.6072,13.12K,2.08K,1421.0,503.0,18.35B,No,1187.99,1170.93,930.41,1182.82,977.09,496
386,SOBME.BO,1368.4,1367.95,0.04K,Non-Energy Minerals,Construction Materials,88.0,34.0,94.0,85.0,65.4143,63.6821,0.98K,0.24K,1595.0,679.0,13.34B,No,1339.88,1291.94,959.51,1330.97,1029.74,495
387,GLAND.NS,3061.8,3079.1001,181.03K,Health Technology,Pharmaceuticals: Major,88.0,77.0,84.0,90.0,92.0285,91.0642,644.22K,485.83K,3171.0,1573.6,505.23B,No,2945.56,2864.76,2181.43,2894.85,2355.7,496
388,BIRLAPREC.NS,55.2,56.17,37.05K,Producer Manufacturing,Industrial Machinery,88.0,72.0,,,3.1729,3.1729,305.45K,102.44K,63.49,35.65,3.77B,No,56.8,,,,,37
389,NINSYS.NS,803.1,816.45,9.92K,Technology Services,Packaged Software,88.0,89.0,38.0,92.0,32.6857,31.5321,5.27K,9.63K,935.0,281.05,14.92B,No,746.99,735.39,574.54,736.35,666.51,497
390,SYSTEMATIC.BO,271.2,279.25,30.00K,Producer Manufacturing,Metal Fabrication,88.0,54.0,95.0,86.0,15.2393,14.1536,50.51K,59.28K,298.95,125.0,6.06B,No,275.4,249.32,197.67,253.32,210.45,252
391,BRGIL.BO,197.0,194.9,52.00K,Industrial Services,Engineering & Construction,88.0,84.0,93.0,89.0,6.7929,6.3964,59.51K,52.70K,203.0,89.06,4.69B,No,187.45,186.73,132.95,188.01,144.01,430
392,AMIC.BO,2370.95,2381.55,26.90K,Producer Manufacturing,Metal Fabrication,88.0,81.0,88.0,89.0,93.2071,90.4536,56.93K,29.32K,2605.0,1065.0,30.82B,No,2403.85,2149.55,1671.52,2185.69,1807.3,495
393,SHREEREF.BO,371.4,372.65,127.50K,Producer Manufacturing,Industrial Machinery,88.0,17.0,74.0,92.0,17.6679,17.3643,275.15K,191.40K,438.95,161.0,13.29B,No,390.25,375.91,271.74,383.74,308.36,293
394,ATLANTAELE.NS,1769.5,1806.6,168.54K,Producer Manufacturing,Electrical Products,88.0,34.0,67.0,81.0,94.35,93.6215,156.64K,244.34K,2152.6,707.6,136.07B,No,1710.18,1719.09,1424.97,1731.77,1666.75,255
395,KIRLOSENG.NS,2210.4,2163.0,298.98K,Producer Manufacturing,Electrical Products,88.0,58.0,33.0,85.0,108.0999,105.0999,539.40K,1104.90K,2720.0,865.55,321.76B,No,2188.15,2162.68,1762.15,2160.66,1959.8,496
396,SILL.BO,142.35,132.0,91.20K,Transportation,Air Freight/Couriers,88.0,98.0,,,10.7779,10.5986,40.72K,117.76K,151.85,74.0,1.75B,No,111.01,99.05,,102.13,,67
397,PANAMAPET.NS,495.9,501.3,194.61K,Process Industries,Industrial Specialties,88.0,76.0,80.0,91.0,22.5286,22.4071,601.50K,434.77K,599.6,229.0,30.00B,No,481.89,482.9,362.31,484.3,394.16,497
398,MAWANASUG.NS,146.44,145.11,172.91K,Consumer Non-Durables,Food: Specialty/Candy,88.0,76.0,88.0,85.0,9.0864,9.0386,392.25K,664.14K,164.0,75.08,5.73B,No,138.02,133.41,104.38,137.55,114.75,497
399,SHARVAYA.BO,179.85,166.3,154.80K,Non-Energy Minerals,Other Metals/Minerals,88.0,93.0,96.0,91.0,7.4679,5.375,20.48K,33.24K,209.0,78.0,1.80B,No,145.92,143.89,127.27,148.39,120.25,265
400,ELFIN.BO,82.63,83.34,24.00K,Process Industries,Agricultural Commodities/Milling,88.0,10.0,79.0,89.0,1.7293,1.7293,13.16K,14.70K,106.0,47.3,1.61B,No,89.67,89.62,,89.72,73.69,143
401,ACEALPHA.BO,159.5,146.0,57.00K,Technology Services,Packaged Software,88.0,93.0,89.0,89.0,3.8643,2.2893,9.47K,3.50K,160.0,80.05,2.80B,No,144.14,138.45,112.98,141.17,122.61,315
402,SUNITATOOL.BO,1232.25,1177.3,34.38K,Producer Manufacturing,Industrial Machinery,88.0,94.0,93.0,78.0,60.4429,52.6893,15.28K,23.76K,1236.15,553.0,7.74B,No,1101.44,1044.52,859.71,1046.95,906.47,495
403,SMLMAH.NS,5811.5,5850.5,46.27K,Consumer Durables,Motor Vehicles,88.0,34.0,92.0,77.0,277.0,274.8929,162.67K,52.42K,6898.5,2719.0,84.10B,No,6360.65,5835.5,4482.8,5926.1,4668.85,497
404,DIVISLAB.NS,9340.0,9361.0,378.84K,Health Technology,Pharmaceuticals: Major,88.0,59.0,90.0,87.0,208.3929,208.3571,509.12K,507.12K,9740.0,5647.5,2479.48B,No,9398.95,9004.83,7115.15,9059.35,7454.82,497
405,PATELCHEM.BO,132.85,134.15,60.80K,Process Industries,Chemicals: Major Diversified,88.0,94.0,92.0,89.0,9.2714,8.1357,37.83K,75.36K,152.0,56.1,3.30B,No,115.95,105.31,87.54,106.62,92.24,293
406,JSTL.BO,83.6,82.45,146.40K,Health Services,Medical/Nursing Services,88.0,84.0,82.0,73.0,5.6143,5.6143,27.76K,72.75K,93.9,41.64,1.67B,No,81.48,78.39,73.71,79.24,77.39,495
407,APIL.BO,55.02,55.02,5.63K,Consumer Durables,Electronics/Appliances,88.0,80.0,77.0,69.0,0.0,0.0,0.18K,0.89K,55.02,23.64,181.94M,No,54.5,52.79,43.71,53.2,48.47,493
408,TIRTPLS.BO,30.98,31.74,7.07K,Process Industries,Containers/Packaging,88.0,92.0,75.0,64.0,2.1279,2.0386,6.68K,22.05K,37.3,12.3,137.88M,No,27.21,26.73,26.35,26.89,27.47,495
409,GALXBRG.BO,995.65,1000.0,0.11K,Producer Manufacturing,Metal Fabrication,88.0,86.0,62.0,94.0,42.6357,41.3571,1.29K,1.26K,1096.4,412.2,3.17B,No,939.56,907.99,646.32,909.93,708.59,495
410,SUDEEPPHRM.NS,1050.3,1114.9,543.38K,Health Technology,Pharmaceuticals: Other,88.0,3.0,86.0,89.0,62.6786,62.2071,275.15K,176.56K,1378.0,524.05,118.63B,No,1159.13,1130.37,794.74,1142.91,868.32,214
411,BPLPHARMA.NS,1864.0,1892.8,10.08K,Health Technology,Pharmaceuticals: Major,87.0,92.0,,,159.9286,151.0929,10.47K,31.91K,2277.6,1201.1,12.85B,No,1702.47,,,,,37
412,GDLLEAS.BO,86.74,82.64,1.48K,Finance,Finance/Rental/Leasing,87.0,97.0,93.0,65.0,2.0021,0.6079,0.36K,1.26K,169.8,45.5,434.58M,No,65.15,65.45,87.38,66.54,71.09,495
413,AUGMONT.NS,1337.8,1274.1,629.17K,Retail Trade,Specialty Stores,87.0,98.0,,,72.6107,64.8322,2067.18K,1329.63K,1337.8,806.05,,No,1002.32,,,,,28
414,KOPRAN.NS,251.05,254.3,333.45K,Health Technology,Pharmaceuticals: Major,87.0,80.0,86.0,89.0,16.4907,16.4907,919.27K,651.99K,295.83,107.0,12.13B,No,268.58,228.25,174.73,233.23,191.54,497
415,INOXINDIA.NS,2056.9,2039.3,142.56K,Producer Manufacturing,Industrial Machinery,87.0,37.0,66.0,88.0,91.4714,89.6714,334.88K,308.50K,2339.5,1068.2,187.02B,No,2096.4,2046.83,1576.38,2092.93,1769.68,496
416,CAMEXLTD.BO,53.41,54.45,1.22K,Process Industries,Textiles,87.0,90.0,89.0,90.0,4.4607,4.3543,14.01K,10.83K,60.0,26.37,545.25M,No,52.87,45.76,37.49,46.33,40.19,495
417,VENUSPIPES.NS,2041.4,2119.8,274.85K,Non-Energy Minerals,Steel,87.0,80.0,77.0,91.0,117.2357,116.5571,193.99K,181.68K,2347.9,890.0,42.29B,No,2142.49,1834.85,1429.29,1871.57,1570.07,497
418,RAAJMEDI.BO,105.09,102.09,0.07K,Health Technology,Medical Specialties,87.0,82.0,93.0,81.0,2.7071,2.4157,1.91K,1.62K,106.0,64.08,1.73B,No,99.52,88.38,82.77,90.86,82.59,496
419,NORTHLINK.BO,31.66,32.3,0.00K,Commercial Services,Miscellaneous Commercial Services,87.0,0.0,87.0,90.0,0.7414,0.2457,0.20K,0.14K,49.21,14.31,166.21M,No,37.76,32.94,21.85,33.67,24.9,496
420,SONACOMS.NS,783.3,793.0,2197.33K,Producer Manufacturing,Auto Parts: Oem,87.0,59.0,81.0,83.0,24.4786,24.2321,2442.06K,2727.60K,844.0,424.6,488.91B,No,803.79,802.87,620.25,804.04,671.85,497
421,NRAIL.NS,636.15,651.15,17.25K,Process Industries,Containers/Packaging,87.0,64.0,93.0,86.0,38.6,38.6,27.43K,24.17K,706.4,385.0,10.83B,No,644.71,569.01,480.5,587.99,498.51,496
422,ELANTAS.NS,13707.0,13597.0,2.46K,Process Industries,Industrial Specialties,87.0,64.0,92.0,,631.9286,628.5714,4.13K,2.28K,15150.0,8900.0,108.66B,No,13862.0,12522.84,,12916.65,,118
423,GMMPFAUDLR.NS,1299.8,1340.4,171.30K,Producer Manufacturing,Industrial Machinery,87.0,72.0,96.0,82.0,70.7643,70.6714,393.86K,266.89K,1533.6,735.0,58.44B,No,1414.05,1180.03,968.15,1225.58,965.24,496
424,ACUTAAS.NS,3160.6,3056.7,365.56K,Health Technology,Pharmaceuticals: Major,87.0,66.0,42.0,77.0,122.6428,122.6428,334.07K,361.22K,3740.0,1418.6,258.76B,No,3266.35,3237.46,2700.07,3260.62,3034.08,497
425,JINDWORLD.NS,42.62,42.94,1502.19K,Process Industries,Textiles,87.0,2.0,93.0,90.0,2.6021,2.5479,23075.12K,3647.18K,61.99,17.85,42.73B,No,48.26,43.48,31.34,44.27,33.53,497
426,GODAVARI.BO,140.0,129.15,42.18K,Health Technology,Pharmaceuticals: Major,87.0,95.0,78.0,85.0,8.8014,8.635,8.37K,16.55K,141.9,69.7,1.53B,No,117.6,108.88,104.88,113.35,114.78,495
427,FEDDERSHOL.NS,59.78,61.76,2102.25K,Finance,Financial Conglomerates,87.0,94.0,,,6.305,6.2043,8810.85K,16785.42K,75.99,39.0,12.04B,No,59.19,,,,,37
428,LLOYDSENGG.NS,94.42,96.18,9829.94K,Industrial Services,Engineering & Construction,87.0,91.0,67.0,92.0,5.4829,5.4079,11743.23K,23499.11K,104.2,37.4,146.31B,No,91.38,89.95,68.49,90.79,76.11,497
429,ARROWGREEN.NS,855.65,847.45,28.81K,Process Industries,Containers/Packaging,87.0,83.0,84.0,87.0,45.8714,45.3893,38.07K,42.87K,952.75,341.95,12.91B,No,873.28,797.88,586.66,813.87,646.69,496
430,TMB.NS,874.8,855.45,130.87K,Finance,Regional Banks,87.0,44.0,73.0,76.0,27.9893,27.5464,343.63K,182.49K,954.2,420.0,138.53B,No,885.14,882.97,723.11,885.78,774.33,496
431,TATVA.NS,1804.8,1855.6,77.47K,Process Industries,Chemicals: Specialty,87.0,84.0,90.0,84.0,100.0143,99.8214,166.25K,121.20K,2008.7,1044.1,42.22B,No,1758.45,1710.67,1374.53,1708.11,1425.1,497
432,ABHIFIN.BO,67.99,68.1,2.10K,Finance,Investment Banks/Brokers,87.0,89.0,88.0,87.0,3.705,3.4929,0.83K,0.83K,75.22,39.57,313.62M,No,69.55,63.21,52.1,64.46,56.25,496
433,TNSTLTU.BO,34.1,32.51,1.70K,Non-Energy Minerals,Steel,87.0,91.0,94.0,90.0,0.765,0.2643,0.14K,0.20K,45.71,17.81,174.76M,No,31.15,29.02,28.06,29.71,24.58,496
434,CNL.NS,1041.8,1060.2,20.06K,Distribution Services,Electronics Distributors,87.0,27.0,84.0,89.0,48.5143,48.5143,224.63K,11.67K,1328.0,525.0,15.64B,No,1089.83,1142.18,805.14,1152.84,851.46,496
435,REGENCY.BO,51.53,51.05,385.55K,Finance,Investment Banks/Brokers,87.0,88.0,89.0,91.0,3.7536,3.7407,161.65K,281.64K,59.5,22.71,4.13B,No,47.94,46.57,36.3,46.78,38.31,495
436,KTKBANK.NS,328.2,320.8,1329.23K,Finance,Regional Banks,87.0,62.0,82.0,77.0,10.7893,10.7071,2648.86K,1543.85K,345.9,170.26,124.12B,No,325.28,321.41,256.84,324.29,280.78,497
437,PTCIL.NS,24535.0,24470.0,28.90K,Producer Manufacturing,Metal Fabrication,87.0,77.0,91.0,86.0,802.5,757.5,31.75K,29.13K,24900.0,14499.0,367.84B,No,22737.25,21383.48,18378.25,21950.0,18595.27,496
438,SAMBHV.NS,160.41,157.31,2597.52K,Non-Energy Minerals,Steel,87.0,94.0,90.0,80.0,8.7121,8.5071,3539.46K,4207.68K,171.7,81.42,47.27B,No,150.99,135.08,112.15,138.3,120.57,315
439,MCX.NS,3318.2,3255.6001,1632.16K,Finance,Investment Banks/Brokers,87.0,66.0,82.0,73.0,118.9357,116.5071,2161.50K,1883.98K,3481.4,1723.0,,No,3275.6,3136.06,2775.32,3172.5,2932.99,497
440,TCPLPACK.NS,4274.7,3994.3999,45.31K,Commercial Services,Commercial Printing/Forms,87.0,87.0,92.0,89.0,204.0571,203.0143,19.41K,9.66K,4410.9,2200.0,38.82B,No,3962.52,3851.16,3026.1,3927.64,3137.29,496
441,SONAMLTD.NS,70.97,69.97,39.59K,Consumer Durables,Other Consumer Specialties,87.0,61.0,88.0,76.0,3.285,3.285,131.00K,83.50K,80.32,37.4,2.84B,No,69.8,65.35,53.86,66.64,58.18,496
442,ENTERO.NS,1676.2,1688.8,93.48K,Distribution Services,Medical Distributors,87.0,27.0,91.0,82.0,66.3,65.6786,261.85K,132.18K,1920.0,944.0,72.95B,No,1756.83,1618.54,1271.77,1644.56,1351.8,497
443,KILITCH.NS,241.61,244.3,61.54K,Health Technology,Pharmaceuticals: Major,87.0,95.0,89.0,91.0,16.0393,14.2343,45.58K,133.80K,267.9,117.25,8.45B,No,215.38,193.94,173.83,195.2,176.32,497
444,ASIANENE.NS,450.1,459.45,308.35K,Energy Minerals,Oil & Gas Production,87.0,5.0,90.0,88.0,23.8643,23.8643,525.98K,226.76K,565.7,230.0,21.87B,No,482.76,465.38,347.2,468.34,377.0,497
445,NOVUS.BO,205.25,205.2,93.00K,Technology Services,Packaged Software,87.0,78.0,94.0,80.0,13.0679,12.7643,89.81K,186.10K,237.75,126.95,3.19B,No,213.91,184.44,,192.22,,134
446,VEL.BO,65.0,65.0,14.90K,Distribution Services,Wholesale Distributors,87.0,67.0,73.0,81.0,2.4857,2.4264,33.60K,34.28K,72.0,32.5,1.68B,No,64.67,65.04,53.28,66.06,57.54,495
447,DBOL.NS,141.33,140.43,757.31K,Process Industries,Agricultural Commodities/Milling,87.0,89.0,86.0,68.0,6.9743,6.8986,279.25K,467.13K,145.0,69.0,9.30B,No,122.8,121.4,107.78,123.44,115.48,497
448,KRISHNACAP.BO,45.7,45.7,1.05K,Finance,Investment Banks/Brokers,86.0,38.0,20.0,79.0,0.4864,0.3186,1.68K,0.12K,59.27,19.01,144.34M,No,49.62,45.87,41.34,46.5,48.38,493
449,SUSAN.BO,296.25,292.85,31.00K,Producer Manufacturing,Electrical Products,86.0,41.0,89.0,,13.5179,13.2357,197.97K,113.60K,366.55,180.6,6.02B,No,303.25,293.44,,303.28,,79
450,GNA.NS,554.55,557.7,341.31K,Producer Manufacturing,Auto Parts: Oem,86.0,69.0,81.0,78.0,31.2393,30.9929,748.39K,555.34K,648.0,295.0,23.81B,No,574.4,556.34,443.4,558.9,470.97,497
451,BLSE.NS,149.35,157.55,1191.51K,Technology Services,Internet Software/Services,86.0,37.0,78.0,91.0,6.0232,5.9732,1193.75K,702.91K,169.9,62.15,27.08B,No,159.17,158.38,112.99,158.33,124.33,497
452,NGLFINE.NS,2925.0,2998.8999,3.06K,Health Technology,Pharmaceuticals: Major,86.0,78.0,39.0,72.0,159.9643,159.4214,11.95K,10.94K,3602.0,1271.0,18.07B,No,2847.36,2980.06,2494.71,2970.67,2773.31,497
453,MACIND.BO,406.25,386.95,0.50K,Process Industries,Chemicals: Agricultural,86.0,57.0,86.0,68.0,19.0429,11.4893,0.14K,0.09K,449.4,221.2,300.98M,No,383.4,361.35,323.49,367.76,342.72,495
454,ARFIN.NS,105.14,107.52,12774.92K,Non-Energy Minerals,Aluminum,86.0,90.0,81.0,69.0,5.3657,5.27,1768.64K,3180.88K,113.83,48.55,17.74B,No,91.06,88.21,84.58,88.9,89.28,301
455,SIMMOND.BO,218.65,224.0,10.58K,Producer Manufacturing,Metal Fabrication,86.0,19.0,83.0,80.0,11.5357,11.3714,15.20K,8.11K,265.0,101.4,2.45B,No,230.93,219.22,171.49,221.02,188.94,495
456,GTECJAINX.NS,33.74,35.51,10.09K,Commercial Services,Miscellaneous Commercial Services,86.0,93.0,88.0,90.0,2.3421,1.5721,8.88K,16.48K,39.55,15.54,343.78M,No,30.27,29.59,24.32,29.82,25.61,495
457,REDINGTON.NS,380.0,388.0,2893.00K,Distribution Services,Electronics Distributors,86.0,74.0,90.0,90.0,15.0357,14.7964,7120.80K,3817.23K,419.5,191.31,297.07B,No,398.89,370.43,279.49,375.55,286.87,497
458,BRRL.BO,882.5,914.5,1.20K,Consumer Durables,Homebuilding,86.0,56.0,65.0,24.0,31.8036,31.3607,4.23K,3.18K,1011.0,329.0,9.12B,No,907.92,901.35,839.47,906.81,922.35,495
459,MODAIRY.BO,51.32,52.76,5.13K,Consumer Non-Durables,Food: Meat/Fish/Dairy,86.0,97.0,95.0,84.0,3.2186,3.0093,43.78K,49.03K,55.93,26.56,1.64B,No,48.43,39.54,36.28,41.36,36.93,495
460,CFEL.NS,43.8,44.0,5.45K,Process Industries,Textiles,86.0,96.0,,,2.8714,2.87,71.50K,10.65K,52.8,28.16,1.10B,No,46.09,,,,,36
461,MANALIPETC.NS,85.87,85.88,1584.95K,Process Industries,Chemicals: Specialty,86.0,49.0,91.0,90.0,5.0586,4.7693,4901.90K,5874.54K,93.0,39.13,14.77B,No,84.46,78.06,62.74,78.46,64.84,497
462,KRN.NS,1386.1,1414.5,270.43K,Producer Manufacturing,Industrial Machinery,86.0,7.0,77.0,83.0,61.1143,60.5572,195.76K,231.16K,1687.0,589.8,90.73B,No,1441.18,1434.24,1107.12,1456.96,1256.69,497
463,UNJHAFOR.BO,33.9,32.6,2.39K,Distribution Services,Food Distributors,86.0,70.0,92.0,89.0,1.5957,1.4707,7.33K,2.10K,36.38,17.52,151.89M,No,32.38,29.39,23.56,29.92,24.12,495
464,SAILIFE.NS,1487.9,1505.6,429.33K,Commercial Services,Miscellaneous Commercial Services,86.0,26.0,81.0,85.0,49.6929,49.6572,615.44K,421.37K,1697.0,783.85,316.06B,No,1562.06,1502.78,1159.06,1514.86,1260.79,449
465,MWL.NS,41.56,40.76,288.36K,Non-Energy Minerals,Steel,86.0,87.0,78.0,87.0,1.8264,1.7986,1445.59K,434.32K,48.0,20.0,12.34B,No,42.04,40.8,33.6,41.4,36.3,497
466,RGIL.BO,42.5,42.5,4.14K,Process Industries,Pulp & Paper,86.0,2.0,16.0,90.0,1.4393,0.7343,43.21K,1.17K,63.8,20.6,2.79B,No,50.17,54.22,39.3,53.1,45.0,495
467,OSCARGLO.BO,22.68,22.68,0.52K,Process Industries,Textiles,86.0,80.0,77.0,69.0,0.0,0.0,0.75K,0.14K,22.68,14.66,74.84M,No,22.46,21.76,18.83,21.93,19.87,494
468,GAYAPROJ.NS,21.0,20.0,1378.14K,Industrial Services,Engineering & Construction,86.0,26.0,60.0,81.0,1.3993,1.3957,760.02K,672.43K,27.33,10.99,9.75B,No,23.15,21.93,17.8,22.4,20.18,497
469,IVP.NS,220.31,220.34,17.02K,Process Industries,Chemicals: Specialty,86.0,73.0,89.0,88.0,9.5479,9.365,14.62K,13.35K,232.5,110.0,2.27B,No,222.25,199.1,160.87,202.7,169.09,497
470,SIMPLEXCAS.BO,137.5,132.9,135.59K,Producer Manufacturing,Metal Fabrication,86.0,96.0,89.0,75.0,9.5393,9.0143,321.86K,206.72K,146.5,78.01,5.64B,No,128.9,114.78,101.09,118.42,105.35,497
471,GHCLTEXTIL.NS,124.05,125.1,626.89K,Process Industries,Textiles,86.0,43.0,78.0,87.0,6.4564,6.3886,899.02K,423.47K,144.59,65.26,11.86B,No,129.57,126.83,96.26,127.74,104.88,496
472,AFCOM.BO,1460.6,1432.05,96.84K,Transportation,Airlines,86.0,21.0,56.0,92.0,65.3643,64.3321,88.35K,79.72K,1711.0,637.85,41.94B,No,1463.31,1505.55,1075.31,1509.32,1181.95,495
473,QUINT.NS,53.21,56.01,4.43K,Producer Manufacturing,Trucks/Construction/Farm Machinery,86.0,96.0,,,4.5721,2.6064,71.23K,38.07K,90.0,35.58,2.51B,No,66.36,,,,,37
474,MVELECTRO.NS,888.6,879.25,2250.26K,Producer Manufacturing,Trucks/Construction/Farm Machinery,86.0,71.0,,,58.9107,56.5107,4932.51K,1690.01K,970.0,516.55,24.24B,No,848.18,,,745.46,,45
475,ZKHANDEN.BO,190.0,184.15,0.00K,Process Industries,Agricultural Commodities/Milling,86.0,51.0,47.0,70.0,0.6893,0.0,0.23K,0.23K,200.0,67.01,161.52M,No,187.64,165.78,155.99,171.16,172.16,493
476,DYNAMATECH.NS,13321.0,13391.0,14.49K,Producer Manufacturing,Industrial Machinery,86.0,90.0,85.0,77.0,521.9286,517.0,20.33K,36.92K,14409.0,7564.5,90.47B,No,12857.7,11922.28,10534.86,12165.5,11112.78,497
477,SRDAPRT.BO,136.86,133.0,13.76K,Process Industries,Agricultural Commodities/Milling,86.0,97.0,90.0,82.0,9.1836,5.9421,11.96K,23.67K,174.65,59.95,1.23B,No,134.39,112.76,90.07,117.17,98.58,494
478,INTSTOIL.BO,50.89,48.56,2.88K,Transportation,Trucking,86.0,30.0,87.0,86.0,3.1521,3.1457,7.78K,1.70K,67.95,28.0,254.06M,No,50.24,47.64,37.93,49.05,40.57,495
479,SWARAJ.NS,359.05,363.6,24.55K,Process Industries,Textiles,86.0,72.0,74.0,69.0,18.6643,17.2464,169.46K,97.86K,395.0,163.0,9.49B,No,336.03,352.96,298.6,350.07,310.74,496
480,IYKOTHITE.BO,23.26,23.26,2.43K,Producer Manufacturing,Miscellaneous Manufacturing,86.0,80.0,77.0,69.0,0.0,0.0,0.57K,0.64K,23.26,10.0,471.71M,No,23.04,22.32,18.22,22.5,20.38,493
481,CJGEL.BO,26.38,27.96,3.22K,Consumer Non-Durables,Food: Specialty/Candy,86.0,50.0,78.0,86.0,2.1836,2.1429,1.69K,0.69K,30.0,13.91,126.97M,No,26.54,23.98,19.86,24.58,20.95,495
482,SGFIN.NS,676.05,645.9,844.26K,Finance,Investment Banks/Brokers,86.0,69.0,69.0,84.0,29.4857,28.3607,505.23K,678.67K,727.45,323.0,44.55B,No,632.99,661.76,536.31,661.32,599.41,292
483,AARNAV.NS,36.56,35.54,3.68K,Finance,Investment Banks/Brokers,86.0,91.0,93.0,86.0,2.3629,2.3164,74.53K,29.10K,38.0,21.0,,No,33.96,32.94,,33.18,27.56,153
484,RSL.NS,172.04,171.94,180.20K,Non-Energy Minerals,Steel,86.0,27.0,89.0,79.0,9.2771,9.1179,575.27K,593.69K,202.22,101.7,14.38B,No,179.07,170.76,,174.32,143.75,138
485,BHEL.NS,433.6,429.6,11015.33K,Producer Manufacturing,Electrical Products,85.0,76.0,74.0,88.0,13.8286,13.3821,9839.93K,11157.62K,455.95,229.54,1509.82B,No,426.21,422.19,350.21,424.63,384.62,497
486,RDGAIL.BO,134.0,134.0,2.40K,Process Industries,Agricultural Commodities/Milling,85.0,35.0,84.0,67.0,3.125,1.625,7.47K,24.80K,165.0,54.5,1.19B,No,145.24,139.61,112.71,141.59,119.21,250
487,UNIPARTS.NS,757.95,776.6,163.96K,Producer Manufacturing,Auto Parts: Oem,85.0,8.0,71.0,84.0,29.8643,29.7857,179.04K,92.89K,915.95,399.8,34.20B,No,840.83,831.57,611.26,834.65,671.11,496
488,KINGFA.NS,6611.0,6804.0,11.59K,Process Industries,Chemicals: Specialty,85.0,86.0,87.0,86.0,238.1071,235.25,15.93K,13.89K,6997.0,3649.9,89.59B,No,6330.7,5995.55,4982.68,6057.25,5309.5,496
489,SRGFFL.BO,32.55,33.8,3.00K,Finance,Finance/Rental/Leasing,85.0,75.0,94.0,80.0,0.0179,0.0,3.10K,3.10K,38.9,17.3,174.97M,No,34.14,30.29,26.38,31.08,25.56,494
490,CENTUM.NS,4076.7,4142.1001,66.33K,Electronic Technology,Electronic Components,85.0,48.0,76.0,85.0,264.2,262.9285,82.31K,125.63K,4999.5,2044.2,60.18B,No,4501.05,3987.27,3175.05,4014.54,3512.67,496
491,VICTMILL.BO,7948.95,8001.3501,0.09K,Process Industries,Textiles,85.0,26.0,94.0,84.0,329.4929,327.7786,0.17K,0.04K,9448.95,4501.0,783.45M,No,8217.68,7445.89,6162.52,7806.25,6203.03,495
492,SATANIBRG.BO,289.85,289.85,0.68K,Producer Manufacturing,Metal Fabrication,85.0,75.0,68.0,36.0,0.8179,0.8143,0.14K,0.09K,310.25,104.0,5.80B,No,289.66,283.59,279.93,284.74,281.49,494
493,GSLSEC.BO,64.68,64.68,1.09K,Finance,Financial Conglomerates,85.0,98.0,86.0,88.0,1.9164,0.0,0.92K,3.18K,64.68,33.21,276.51M,No,48.76,42.14,47.58,43.97,45.48,494
494,ACSTECH.NS,70.4,71.83,11.84K,Process Industries,Textiles,85.0,94.0,,,2.5964,1.1764,271.23K,208.02K,84.38,48.42,5.24B,No,71.8,,,,,37
495,SCAGRO.BO,37.48,36.48,5.67K,Consumer Non-Durables,Food: Meat/Fish/Dairy,85.0,98.0,91.0,60.0,2.1657,1.6,11.00K,15.35K,43.8,14.82,2.85B,No,31.14,30.93,29.74,30.51,28.32,495
496,OMAXAUTO.NS,200.45,200.16,34.31K,Producer Manufacturing,Auto Parts: Oem,85.0,92.0,19.0,92.0,13.1993,13.1029,80.82K,98.11K,263.4,84.5,4.30B,No,192.81,191.56,163.66,191.31,186.97,496
497,ICIL.NS,436.3,449.0,313.79K,Process Industries,Textiles,85.0,56.0,69.0,90.0,22.5607,21.9893,995.97K,474.89K,485.95,216.9,86.41B,No,446.89,434.69,335.98,435.11,363.04,497
498,RAIN.NS,215.42,211.6,2288.64K,Process Industries,Industrial Specialties,85.0,64.0,66.0,91.0,8.5079,8.4243,4852.01K,3112.94K,252.0,99.9,72.46B,No,212.52,212.59,170.43,212.14,180.91,497
499,ECOFINITY.BO,71.98,70.97,0.89K,Distribution Services,Wholesale Distributors,85.0,77.0,91.0,78.0,2.3893,2.3093,16.01K,8.81K,73.49,34.51,501.19M,No,70.71,70.11,55.69,70.11,58.61,495
500,ASAHISONG.NS,365.05,364.1,6.10K,Process Industries,Chemicals: Specialty,85.0,46.0,90.0,87.0,18.7214,18.4143,41.85K,11.16K,413.95,179.64,4.30B,No,374.01,370.99,275.07,371.05,292.39,497
501,ADCINDIA.BO,2361.7,2270.8501,5.09K,Electronic Technology,Telecommunications Equipment,85.0,65.0,63.0,92.0,128.2322,124.0714,1.43K,1.35K,2678.35,1150.25,10.86B,No,2328.82,2337.05,1891.51,2344.57,2114.29,495
502,AKUMS.NS,751.85,786.7,438.75K,Health Technology,Biotechnology,85.0,74.0,71.0,84.0,30.9107,30.7571,339.14K,175.34K,838.8,409.3,115.11B,No,796.6,760.19,583.24,765.69,636.19,495
503,RIYAASAT.BO,99.0,95.0,2.40K,Consumer Non-Durables,Apparel/Footwear,85.0,97.0,95.0,,5.5771,3.2671,9.75K,18.48K,110.7,53.0,1.06B,No,78.09,68.83,,72.07,,71
504,MANORAMA.NS,2043.4,1998.5,186.14K,Consumer Non-Durables,Food: Specialty/Candy,85.0,51.0,86.0,86.0,59.4929,58.0714,450.13K,201.94K,2149.5,1060.6,128.98B,No,1944.96,1867.94,1526.44,1900.25,1604.59,497
505,LENSKART.NS,677.65,653.95,2487.91K,Health Technology,Medical Specialties,85.0,58.0,85.0,77.0,23.4036,22.7679,8732.24K,4160.14K,725.0,356.1,1173.31B,No,681.91,648.76,536.11,660.2,566.78,228
506,NITTAGELA.NS,1652.6,1652.2,0.58K,Consumer Non-Durables,Food: Specialty/Candy,85.0,65.0,16.0,,64.1929,64.1429,8.54K,2.32K,2087.2,882.0,15.00B,No,1692.84,1662.75,,1657.7,,117
507,ESAFSFB.NS,41.4,42.17,165.22K,Finance,Regional Banks,85.0,68.0,80.0,89.0,2.1764,2.1629,2297.91K,967.41K,46.0,19.78,21.37B,No,41.29,41.41,31.48,41.54,33.56,496
508,BBOX.NS,892.1,856.55,6683.66K,Technology Services,Information Technology Services,85.0,91.0,53.0,90.0,46.4464,46.0571,549.87K,1137.94K,1103.0,444.3,158.44B,No,807.56,776.01,706.29,786.38,784.17,497
509,STEELCAS.NS,356.5,360.25,63.80K,Non-Energy Minerals,Steel,85.0,84.0,78.0,78.0,19.9929,18.3679,159.80K,283.36K,390.9,176.02,36.08B,No,347.27,341.68,278.23,344.44,304.55,497
510,CHMBBRW.BO,39.95,38.52,2.95K,Consumer Non-Durables,Beverages: Alcoholic,85.0,89.0,85.0,62.0,2.5621,2.5621,14.68K,10.00K,49.6,15.03,299.18M,No,37.77,39.53,29.79,39.41,33.57,495
511,CHORDIA.BO,101.0,102.0,0.01K,Consumer Non-Durables,Food: Major Diversified,85.0,68.0,93.0,80.0,2.43,2.0379,3.11K,0.10K,117.11,63.67,406.85M,No,102.27,86.4,75.36,88.91,76.44,495
512,PASUPTAC.NS,73.24,70.33,233.30K,Process Industries,Textiles,85.0,86.0,84.0,86.0,4.9321,4.8907,135.36K,228.25K,81.29,40.41,6.53B,No,71.78,66.2,56.78,66.83,59.7,497
513,AAREYDRUGS.NS,104.08,103.89,152.05K,Health Technology,Pharmaceuticals: Major,85.0,82.0,86.0,89.0,4.5671,4.505,165.80K,267.20K,110.0,50.31,3.32B,No,102.06,92.19,79.45,94.19,84.06,496
514,JASCH.BO,271.8,275.05,1.51K,Process Industries,Textiles,85.0,34.0,55.0,90.0,11.5929,11.45,4.96K,2.49K,343.65,126.05,1.85B,No,283.28,290.31,213.15,286.64,233.55,495
515,COLINZ.BO,73.03,73.5,3.15K,Health Technology,Pharmaceuticals: Major,85.0,69.0,70.0,88.0,4.2793,3.7686,2.55K,1.18K,87.91,36.11,183.97M,No,73.72,75.64,60.37,75.05,63.46,495
516,GVPIL.NS,656.65,656.15,214.79K,Industrial Services,Engineering & Construction,85.0,69.0,14.0,83.0,37.6964,36.5786,225.91K,219.79K,1084.0,270.9,44.14B,No,667.26,686.26,603.5,681.67,698.56,497
517,AVTNPL.NS,94.78,85.45,10256.00K,Consumer Non-Durables,Food: Specialty/Candy,85.0,81.0,90.0,85.0,6.4043,6.3064,378.10K,313.32K,102.0,53.5,14.43B,No,90.02,85.13,71.17,86.79,73.92,496
518,YUKEN.NS,1089.2,1135.3,42.93K,Producer Manufacturing,Industrial Machinery,85.0,83.0,92.0,91.0,68.5321,67.9321,24.32K,46.54K,1333.9,584.1,14.80B,No,1133.5,987.51,802.01,1023.32,813.7,497
519,GALLOPENT.BO,37.15,39.1,0.07K,Finance,Real Estate Development,85.0,68.0,75.0,76.0,2.1914,1.8407,0.47K,0.05K,42.0,16.36,186.17M,No,38.36,37.71,27.55,38.01,30.15,496
520,REXNORD.BO,105.35,107.65,4.78K,Producer Manufacturing,Industrial Machinery,85.0,96.0,88.0,91.0,10.3964,10.1671,7.82K,28.41K,121.0,49.0,1.40B,No,97.44,88.15,75.4,89.45,78.07,495
521,ACMESOLAR.NS,418.1,420.4,584.86K,Industrial Services,Engineering & Construction,85.0,73.0,75.0,85.0,20.1071,19.8786,2235.09K,1310.04K,476.9,195.9,295.30B,No,432.05,405.01,313.27,408.71,349.31,472
522,CITIPOR.BO,39.9,39.83,0.01K,Finance,Finance/Rental/Leasing,84.0,8.0,75.0,51.0,0.7293,0.2414,0.06K,0.02K,52.94,19.15,123.69M,No,40.54,44.01,39.24,44.3,40.76,495
523,AMANTA.NS,187.42,196.76,78.55K,Health Technology,Pharmaceuticals: Major,84.0,37.0,67.0,89.0,7.4357,6.2779,58.69K,51.76K,209.95,92.0,7.28B,No,192.02,184.57,139.86,184.89,154.18,266
524,QUADFUTURE.NS,511.25,505.75,533.27K,Producer Manufacturing,Electrical Products,84.0,91.0,84.0,89.0,28.9036,28.4036,1298.56K,746.39K,567.2,248.55,20.45B,No,517.7,439.39,357.37,457.13,380.19,431
525,WELENT.NS,735.9,732.35,124.96K,Industrial Services,Engineering & Construction,84.0,39.0,82.0,88.0,28.6393,28.6393,627.78K,336.96K,841.9,412.0,99.80B,No,757.46,689.97,556.63,709.04,590.01,497
526,FABCLEAN.BO,455.8,482.2,8.00K,Producer Manufacturing,Building Products,84.0,70.0,82.0,93.0,28.0143,26.5893,12.07K,8.96K,575.0,203.25,5.62B,No,492.45,440.92,346.33,444.88,368.42,431
527,SHELTER.BO,44.92,41.96,273.00K,Health Technology,Pharmaceuticals: Major,84.0,98.0,95.0,79.0,2.73,2.4521,45.00K,145.50K,46.51,23.0,756.31M,No,36.42,32.08,32.61,33.28,30.96,495
528,SENORES.NS,1320.0,1325.6,141.32K,Health Technology,Pharmaceuticals: Major,84.0,16.0,43.0,89.0,56.25,56.2,254.11K,291.32K,1599.0,705.1,60.79B,No,1381.12,1421.8,1084.0,1413.88,1200.77,442
529,RAMAVISION.BO,174.9,177.1,1.46K,Distribution Services,Medical Distributors,84.0,81.0,86.0,71.0,12.3429,12.05,3.71K,3.80K,190.85,96.75,1.82B,No,174.28,163.72,145.63,169.09,152.39,495
530,BIL.NS,1042.1,1048.55,8.46K,Consumer Non-Durables,Consumer Sundries,84.0,88.0,92.0,79.0,43.9643,43.4321,15.53K,14.30K,1150.0,602.0,13.97B,No,1037.29,925.74,792.17,941.87,806.85,497
531,RITESHIN.BO,84.03,86.92,1.53K,Process Industries,Chemicals: Specialty,84.0,81.0,89.0,78.0,4.0893,3.8786,10.57K,5.26K,93.5,45.0,787.60M,No,86.87,81.65,65.95,81.49,66.78,495
532,3BBLACKBIO.NS,1586.4,1530.0,11.18K,Process Industries,Chemicals: Agricultural,84.0,86.0,,,97.7143,94.2071,22.06K,27.21K,1740.0,1099.5,,No,1484.45,,,,,37
533,MOLBIO.NS,1438.6,1479.2,779.88K,Health Technology,Medical Specialties,84.0,95.0,,,90.2786,88.0786,3856.57K,2359.35K,1686.8,926.35,165.78B,No,1362.75,,,,,38
534,IGPL.NS,566.8,568.4,47.21K,Process Industries,Chemicals: Specialty,84.0,57.0,88.0,84.0,27.3857,27.3857,93.06K,79.07K,609.9,315.0,17.45B,No,567.63,530.51,434.46,535.29,463.64,496
535,STYLAMIND.NS,3271.0,3243.8,22.02K,Non-Energy Minerals,Forest Products,84.0,60.0,59.0,83.0,126.1143,124.8428,84.37K,40.72K,4150.0,1861.0,55.47B,No,3291.7,3416.75,2767.27,3416.08,2996.71,497
536,GLEN.BO,107.5,107.35,3.60K,Process Industries,Containers/Packaging,84.0,8.0,94.0,82.0,5.4536,4.8857,56.38K,51.12K,134.0,58.0,2.59B,No,120.95,117.55,85.15,120.64,88.43,306
537,RISHABH.NS,677.9,644.9,752.42K,Producer Manufacturing,Electrical Products,84.0,7.0,64.0,86.0,37.4,37.4,279.86K,145.08K,852.0,315.0,26.23B,No,728.54,705.57,531.48,707.0,585.06,496
538,ELPROINTL.NS,172.49,174.53,4.96K,Electronic Technology,Electronic Components,84.0,65.0,58.0,,3.7857,3.7857,39.95K,8.58K,180.89,102.0,29.23B,No,173.01,174.56,,174.35,,118
539,BALAMINES.NS,2040.8,2085.5,173.18K,Process Industries,Chemicals: Specialty,84.0,6.0,23.0,92.0,120.9714,118.9857,271.87K,502.04K,2629.8,968.1,66.12B,No,2157.29,2198.4,1659.94,2188.79,1871.85,497
540,GROVY.BO,61.0,61.0,0.01K,Finance,Real Estate Development,84.0,39.0,85.0,87.0,3.3364,3.0243,4.06K,0.86K,78.6,32.0,1.07B,No,62.61,61.48,48.35,61.67,50.18,495
541,TANFACIND.BO,3146.35,3176.1001,10.43K,Process Industries,Chemicals: Specialty,84.0,18.0,88.0,83.0,133.4786,133.4786,23.52K,11.81K,3648.0,1632.6,69.40B,No,3346.52,3270.62,2461.32,3299.68,2634.66,497
542,CORDELIA.NS,100.98,102.9,2340.77K,Consumer Services,Hotels/Resorts/Cruise Lines,84.0,45.0,81.0,,5.2671,5.18,3500.90K,1112.38K,118.53,62.31,73.10B,No,107.34,98.8,,100.98,,71
543,KALYANIFRG.NS,860.95,887.4,2.14K,Producer Manufacturing,Auto Parts: Oem,84.0,18.0,91.0,82.0,46.875,46.5714,9.63K,1.84K,1192.25,523.6,3.13B,No,959.34,836.0,665.5,859.03,688.68,497
544,RML.NS,1285.2,1279.6,24.85K,Producer Manufacturing,Auto Parts: Oem,84.0,35.0,57.0,91.0,65.2286,64.65,102.74K,61.43K,1440.0,608.5,35.52B,No,1337.74,1223.96,965.51,1232.6,1034.96,497
545,EMAINDIA.BO,624.25,594.55,0.93K,Producer Manufacturing,Industrial Machinery,84.0,44.0,12.0,80.0,15.1393,7.3357,0.90K,0.33K,876.75,283.7,627.37M,No,599.53,642.64,588.72,637.36,650.37,496
546,VSSL.NS,373.4,376.15,72.21K,Non-Energy Minerals,Steel,84.0,80.0,90.0,87.0,15.5321,15.5321,345.40K,92.21K,428.25,206.4,36.10B,No,398.05,365.86,291.62,372.7,303.61,497
547,AYMSYNTEX.NS,272.65,271.75,30.77K,Process Industries,Textiles,84.0,10.0,82.0,82.0,14.1964,13.9036,107.92K,83.82K,330.0,141.53,16.03B,No,283.96,275.61,219.9,274.94,237.48,497
548,ARIES.NS,482.75,472.7,10.84K,Process Industries,Chemicals: Agricultural,84.0,68.0,92.0,74.0,19.75,19.6107,67.28K,17.50K,524.75,285.35,6.28B,No,477.06,445.83,367.11,457.09,385.36,496
549,KDDL.NS,3759.2,3873.2,30.29K,Consumer Durables,Other Consumer Specialties,84.0,46.0,80.0,88.0,177.5357,175.3214,46.18K,28.87K,4270.0,1990.0,46.24B,No,3937.32,3879.72,2890.7,3907.15,3117.98,496
550,ADOR.NS,1479.6,1486.1,17.61K,Producer Manufacturing,Miscellaneous Manufacturing,84.0,29.0,76.0,89.0,58.8786,58.5786,58.89K,31.42K,1766.4,848.0,25.75B,No,1571.98,1575.17,1213.6,1583.42,1284.58,497
551,BAJAJCON.NS,506.95,489.15,551.24K,Consumer Non-Durables,Household/Personal Care,84.0,63.0,8.0,75.0,17.4571,17.075,915.95K,479.10K,692.0,242.55,66.22B,No,500.81,503.22,455.51,504.76,512.4,497
552,RADICO.NS,4550.0,4415.0,332.29K,Consumer Non-Durables,Beverages: Alcoholic,84.0,73.0,76.0,88.0,133.2857,130.7858,343.85K,346.94K,4747.0,2500.0,609.65B,No,4439.65,4504.53,3559.71,4513.54,3827.76,496
553,PARKHOSPS.NS,270.8,260.85,634.45K,Health Services,Hospital/Nursing Management,84.0,52.0,48.0,75.0,8.55,8.2571,701.05K,663.83K,305.0,138.1,116.97B,No,277.4,281.04,234.09,281.42,263.0,201
554,NIRAJISPAT.NS,285.5,284.1,0.09K,Producer Manufacturing,Miscellaneous Manufacturing,84.0,3.0,94.0,84.0,7.7286,6.0393,0.25K,0.10K,429.65,155.0,171.30M,No,293.42,271.65,233.36,278.47,233.98,495
555,AMS.BO,46.0,46.06,0.22K,Producer Manufacturing,Auto Parts: Oem,84.0,39.0,72.0,60.0,1.4493,0.9179,0.43K,0.37K,81.46,25.77,151.92M,No,49.05,58.77,48.31,57.15,57.25,496
556,UFLEX.NS,621.7,617.05,75.94K,Process Industries,Containers/Packaging,84.0,27.0,91.0,89.0,24.0429,23.6036,588.91K,122.53K,723.5,330.0,44.89B,No,649.01,607.92,482.91,615.03,486.19,496
557,RGL.NS,160.74,155.63,483.04K,Consumer Durables,Other Consumer Specialties,84.0,84.0,90.0,84.0,8.6371,8.5964,1656.83K,501.31K,173.8,85.0,17.26B,No,160.54,142.07,119.08,146.57,121.02,497
558,ASTRAMICRO.NS,1652.9,1630.8,310.94K,Electronic Technology,Telecommunications Equipment,84.0,43.0,40.0,88.0,51.1214,50.7286,426.63K,330.13K,1960.0,851.0,156.93B,No,1638.67,1691.83,1312.9,1688.87,1470.57,497
559,BALRAMCHIN.NS,678.15,689.45,737.74K,Process Industries,Agricultural Commodities/Milling,84.0,49.0,82.0,81.0,27.0286,26.0036,3183.43K,1728.61K,780.95,393.55,143.49B,No,677.67,668.42,542.44,671.01,578.64,497
560,DAPS.BO,29.0,26.5,4.00K,Commercial Services,Advertising/Marketing Services,83.0,92.0,83.0,82.0,1.2707,0.7379,1.87K,6.67K,29.0,12.01,150.07M,No,24.33,24.43,21.64,24.48,22.82,496
561,SUPER.BO,1030.0,1034.55,0.42K,Process Industries,Textiles,83.0,4.0,82.0,88.0,41.3607,35.975,1.25K,0.31K,1298.5,530.0,3.16B,No,1135.42,1163.31,845.64,1161.34,919.34,495
562,APCOTEXIND.NS,578.35,576.9,39.67K,Process Industries,Chemicals: Specialty,83.0,44.0,78.0,85.0,21.7572,21.5964,291.86K,67.10K,712.0,310.45,29.98B,No,595.67,610.85,473.39,607.71,517.35,496
563,IL&FSENGG.NS,38.5,38.57,10.22K,Industrial Services,Engineering & Construction,83.0,83.0,90.0,81.0,1.9429,1.875,42.35K,42.57K,43.8,21.0,5.05B,No,39.69,37.4,29.41,37.83,31.5,496
564,EMAMIPAP.NS,115.49,113.16,19.84K,Process Industries,Pulp & Paper,83.0,55.0,89.0,88.0,5.1886,5.0014,135.12K,26.75K,133.7,55.0,6.99B,No,115.31,114.3,90.6,114.29,93.1,490
565,DLTNCBL.BO,678.45,689.55,2.13K,Producer Manufacturing,Electrical Products,83.0,94.0,95.0,88.0,36.7071,33.5679,13.74K,6.18K,780.0,336.0,5.86B,No,695.65,603.7,501.65,632.51,490.53,495
566,EIGHTY.BO,48.2,49.5,6.00K,Consumer Durables,Other Consumer Specialties,83.0,80.0,73.0,85.0,1.755,1.135,3.48K,6.00K,49.9,22.2,491.60M,No,45.06,40.92,35.75,40.96,37.62,496
567,DIVGIITTS.NS,1016.3,1025.6,63.69K,Producer Manufacturing,Auto Parts: Oem,83.0,10.0,68.0,85.0,62.9714,62.9714,166.61K,139.51K,1329.8,573.7,31.08B,No,1134.67,1148.13,839.28,1160.3,919.62,496
568,GEE.BO,115.6,117.15,38.77K,Producer Manufacturing,Industrial Machinery,83.0,16.0,74.0,91.0,6.5679,6.3214,61.54K,54.71K,143.05,53.61,6.01B,No,127.08,128.0,91.88,128.64,99.72,496
569,DHAMPURSUG.NS,184.58,182.91,547.07K,Process Industries,Agricultural Commodities/Milling,83.0,86.0,87.0,78.0,8.9686,8.5429,987.57K,1301.36K,199.92,110.0,11.87B,No,169.51,167.28,141.61,169.0,150.59,497
570,CONSOFINVT.NS,285.65,282.05,4.22K,Finance,Financial Conglomerates,83.0,24.0,73.0,76.0,11.7071,11.5571,13.88K,8.27K,320.0,152.0,9.23B,No,292.57,286.89,235.73,285.01,251.92,496
571,HONASA.NS,468.7,467.5,356.25K,Retail Trade,Specialty Stores,83.0,63.0,58.0,84.0,19.0571,17.8179,1973.69K,5980.16K,509.8,248.4,152.81B,No,464.21,469.77,376.36,471.68,415.19,496
572,SOLARINDS.NS,20000.0,19870.0,93.91K,Process Industries,Industrial Specialties,83.0,21.0,74.0,83.0,671.7857,626.6429,178.31K,177.46K,22700.0,11646.0,1809.80B,No,19736.05,19832.38,16403.77,20035.4,17714.53,496
573,PJL.BO,340.0,340.0,0.75K,Consumer Durables,Other Consumer Specialties,83.0,79.0,92.0,71.0,1.0714,0.0,0.10K,0.08K,340.0,209.0,1.47B,No,327.25,309.57,275.31,317.72,284.21,494
574,AMAGI.NS,559.4,555.3,153.72K,Technology Services,Packaged Software,83.0,57.0,52.0,88.0,21.9429,21.9429,762.10K,322.85K,727.4,310.2,121.02B,No,566.62,590.74,,582.65,490.96,177
575,AMKAY.BO,70.0,68.11,12.00K,Health Technology,Medical Specialties,83.0,97.0,93.0,70.0,6.2764,5.2421,8.10K,14.20K,81.99,39.22,605.89M,No,62.87,54.35,57.94,55.57,55.16,495
576,IFINSEC.BO,250.0,249.95,4.13K,Finance,Finance/Rental/Leasing,83.0,87.0,85.0,75.0,12.7893,11.9857,0.93K,2.66K,284.95,140.1,7.30B,No,247.17,236.99,202.86,235.61,211.82,496
577,AERPACE.BO,37.0,37.71,191.08K,Distribution Services,Wholesale Distributors,83.0,54.0,80.0,87.0,0.6521,0.2364,478.29K,184.56K,42.44,16.7,5.69B,No,37.21,36.09,28.79,36.42,29.75,495
578,HRS.BO,258.0,255.05,0.40K,Non-Energy Minerals,Aluminum,83.0,77.0,68.0,48.0,5.7857,3.5571,32.48K,92.16K,292.6,126.0,4.97B,No,258.56,253.82,,255.06,247.46,199
579,KRONOX.NS,198.28,200.6,60.55K,Process Industries,Chemicals: Specialty,83.0,90.0,88.0,82.0,12.9086,12.4229,724.85K,164.31K,227.74,96.0,7.36B,No,192.74,180.78,145.01,185.29,153.46,496
580,NUTECGLOB.BO,33.61,32.01,4.22K,Process Industries,Textiles,83.0,96.0,90.0,77.0,0.5307,0.105,0.19K,0.35K,33.61,19.46,107.68M,No,27.53,25.69,25.09,26.15,25.11,496
581,NAVINFLUOR.NS,8352.5,8417.5,43.91K,Process Industries,Chemicals: Specialty,83.0,51.0,73.0,79.0,202.5357,201.9643,195.57K,110.20K,8949.5,4569.1,428.55B,No,8399.33,8325.83,7065.25,8399.45,7448.93,496
582,YATHARTH.NS,1022.2,1014.2,283.28K,Health Services,Hospital/Nursing Management,83.0,81.0,84.0,83.0,44.3072,44.1643,529.92K,402.60K,1184.0,538.25,98.49B,No,1061.0,966.14,796.29,981.2,855.74,497
583,UGARSUGAR.NS,54.84,55.53,78.28K,Process Industries,Agricultural Commodities/Milling,83.0,76.0,91.0,80.0,4.0421,4.015,1070.71K,2173.48K,66.77,33.75,6.17B,No,56.48,52.71,43.02,54.32,45.17,497
584,ENGINERSIN.NS,293.1,289.0,4370.40K,Industrial Services,Engineering & Construction,83.0,81.0,84.0,81.0,15.7536,15.5429,4785.44K,8270.04K,321.4,163.55,164.73B,No,292.93,267.23,229.62,271.92,244.33,497
585,PLAZACABLE.NS,58.36,56.46,46.37K,Producer Manufacturing,Electrical Products,83.0,76.0,88.0,87.0,3.4336,3.4336,83.34K,61.56K,66.0,27.0,2.55B,No,59.89,55.39,45.13,57.09,47.86,496
586,TLL.BO,370.0,371.6,36.00K,Health Technology,Pharmaceuticals: Major,83.0,95.0,92.0,84.0,27.2786,26.475,46.62K,68.40K,421.0,229.95,4.42B,No,362.26,307.81,276.14,313.7,274.54,495
587,PANIDPR.BO,86.45,86.45,0.01K,Distribution Services,Electronics Distributors,83.0,42.0,51.0,92.0,0.9821,0.0714,0.08K,0.09K,96.4,35.24,121.03M,No,91.06,88.81,72.0,88.78,79.74,460
588,CPCAP.NS,146.39,152.17,61.20K,Consumer Services,Other Consumer Services,83.0,83.0,88.0,88.0,10.0729,9.9321,48.68K,76.86K,162.0,73.51,2.66B,No,146.63,131.42,107.35,132.8,109.0,497
589,AUSOMENT.NS,148.6,143.29,2.59K,Finance,Investment Banks/Brokers,83.0,49.0,84.0,83.0,7.655,7.5729,5.93K,5.63K,178.0,93.05,2.02B,No,145.77,146.59,125.75,148.03,131.29,497
590,AUSTENG.NS,153.38,151.39,0.69K,Producer Manufacturing,Metal Fabrication,83.0,95.0,,,13.9064,13.8343,16.27K,39.61K,178.0,110.0,,No,151.03,,,,,37
591,ABHICAP.BO,158.0,153.75,0.81K,Finance,Finance/Rental/Leasing,83.0,98.0,94.0,76.0,13.6821,13.2607,1.03K,0.99K,161.4,91.0,1.09B,No,128.8,115.1,116.4,116.34,114.16,496
592,ORIENTBELL.NS,400.4,413.0,36.04K,Producer Manufacturing,Building Products,83.0,59.0,86.0,84.0,18.7,18.4179,32.31K,33.40K,440.4,246.55,5.89B,No,400.83,377.53,319.42,382.52,333.87,496
593,ACESEPP.BO,103.22,103.22,13.09K,Technology Services,Data Processing Services,83.0,67.0,97.0,40.0,0.0,0.0,17.78K,17.78K,153.85,25.51,2.45B,No,103.22,96.4,,101.81,79.04,193
594,NAZARA.NS,377.65,376.0,1317.03K,Technology Services,Packaged Software,83.0,75.0,85.0,85.0,12.2607,12.2607,2293.67K,1965.94K,401.9,215.7,145.28B,No,374.49,363.47,295.55,368.43,309.84,497
595,JAINEX.BO,173.25,173.35,1.07K,Consumer Durables,Tools & Hardware,83.0,82.0,93.0,81.0,12.9143,12.8464,2.24K,2.06K,218.9,95.55,388.86M,No,177.69,154.21,128.51,157.12,131.77,495
596,ANL.BO,290.0,303.0,1.00K,Health Technology,Biotechnology,83.0,78.0,76.0,81.0,8.325,4.1679,8.38K,22.11K,313.0,150.1,2.10B,No,290.39,288.14,,286.61,259.97,168
597,QUESS.NS,321.35,320.75,132.85K,Commercial Services,Personnel Services,82.0,48.0,76.0,89.0,14.4429,14.4429,890.97K,480.09K,388.75,166.3,48.01B,No,343.5,342.9,250.23,340.98,267.86,497
598,PURPLEFIN.BO,70.03,69.28,26.23K,Finance,Finance/Rental/Leasing,82.0,58.0,73.0,70.0,2.9829,2.9829,78.30K,36.83K,78.5,34.0,5.40B,No,71.57,72.43,64.53,72.28,67.29,495
599,NURECA.NS,331.65,331.35,2.38K,Health Technology,Medical Specialties,82.0,79.0,92.0,75.0,16.175,16.0143,35.43K,10.74K,376.0,204.0,3.32B,No,341.72,333.49,284.47,336.11,285.54,497
600,ACCELERATE.BO,137.0,137.0,1.28K,Commercial Services,Miscellaneous Commercial Services,82.0,97.0,90.0,4.0,0.2407,0.2407,0.49K,0.49K,198.95,67.0,471.02M,No,132.35,113.0,128.08,117.54,128.66,493
601,INNOVACAP.NS,1110.0,1129.5,56.72K,Health Technology,Pharmaceuticals: Major,82.0,46.0,77.0,88.0,61.2286,60.7214,97.73K,162.93K,1353.5,622.0,63.52B,No,1188.97,1102.63,867.52,1118.55,937.13,497
602,ARMAN.BO,134.85,132.05,0.40K,Process Industries,Textiles,82.0,90.0,85.0,66.0,6.1071,6.1071,20.05K,12.06K,139.0,81.11,702.64M,No,127.21,121.04,110.25,123.22,113.59,495
603,PHRMASI.BO,92.0,92.4,0.00K,Health Technology,Pharmaceuticals: Major,82.0,84.0,43.0,70.0,1.7007,1.5293,0.61K,0.13K,131.75,30.01,628.08M,No,89.36,85.98,94.47,86.21,89.74,494
604,DHAMPURE.BO,144.4,142.25,5.54K,Process Industries,Agricultural Commodities/Milling,82.0,79.0,82.0,65.0,8.9714,8.9714,11.07K,11.16K,167.0,82.0,1.26B,No,140.21,141.21,120.39,142.15,127.33,495
605,SUBAM.BO,242.35,240.0,16.80K,Process Industries,Pulp & Paper,82.0,91.0,77.0,79.0,14.7679,13.75,13.96K,47.20K,248.4,126.85,6.66B,No,219.07,216.96,202.03,217.51,210.12,495
606,SHRIDINE.BO,391.8,389.05,1.11K,Process Industries,Textiles,82.0,84.0,77.0,82.0,14.8036,13.075,1.50K,1.10K,410.0,206.35,2.19B,No,371.89,368.55,303.59,372.44,331.65,495
607,EFORU.BO,101.65,107.0,0.00K,Distribution Services,Wholesale Distributors,82.0,78.0,75.0,54.0,1.3471,0.6214,4.73K,0.35K,109.0,46.16,765.17M,No,102.33,98.73,87.54,99.37,92.13,494
608,EIMCOELECO.NS,2261.8,2234.2,30.32K,Producer Manufacturing,Trucks/Construction/Farm Machinery,82.0,69.0,87.0,78.0,90.0714,88.5285,38.67K,41.42K,2448.4,1405.5,13.05B,No,2276.1,2147.55,1763.19,2189.4,1829.5,496
609,TITANBIO.BO,392.6,387.65,18.84K,Health Technology,Biotechnology,82.0,61.0,56.0,16.0,16.9036,16.9036,22.48K,18.12K,555.65,171.4,16.22B,No,400.77,401.98,367.73,406.47,428.74,497
610,QLL.BO,552.8,551.5,11.20K,Commercial Services,Miscellaneous Commercial Services,82.0,89.0,84.0,84.0,31.2214,28.0393,15.34K,23.84K,650.0,258.55,5.52B,No,582.12,502.48,408.03,510.61,432.31,495
611,FOSECOC.BO,1886.85,1897.45,1.15K,Producer Manufacturing,Miscellaneous Manufacturing,82.0,83.0,91.0,83.0,79.2357,78.675,4.61K,2.77K,2115.0,1155.0,10.57B,No,1963.66,1757.05,1458.86,1802.97,1477.33,495
612,RBZJEWEL.NS,190.63,193.98,72.99K,Consumer Durables,Other Consumer Specialties,82.0,81.0,84.0,79.0,11.4571,10.5307,701.60K,131.29K,207.66,100.0,7.63B,No,183.15,165.34,142.82,169.23,146.55,496
613,AASHKA.BO,104.45,104.75,3.00K,Health Services,Hospital/Nursing Management,82.0,97.0,86.0,85.0,6.1943,5.0886,4.98K,16.30K,108.0,59.0,2.44B,No,91.56,81.58,77.39,84.18,77.35,494
614,PANORAMA.NS,61.62,63.65,784.73K,Retail Trade,Specialty Stores,82.0,95.0,,,5.32,5.24,1072.74K,2944.09K,69.5,40.0,16.05B,No,57.78,,,,,37
615,AXISCADES.NS,2082.3,2077.6001,194.76K,Commercial Services,Miscellaneous Commercial Services,82.0,89.0,87.0,71.0,113.8215,106.25,206.65K,442.84K,2360.0,1063.3,88.57B,No,1985.75,1766.05,1639.13,1791.18,1780.58,497
616,THANGAMAYL.NS,4889.5,4810.5,38.85K,Consumer Durables,Other Consumer Specialties,82.0,30.0,7.0,69.0,196.2143,188.8214,176.03K,66.84K,7430.0,1939.5,151.98B,No,4982.4,5189.82,4535.51,5201.75,4914.57,497
617,HRMNYCP.BO,107.8,107.8,0.00K,Finance,Financial Conglomerates,82.0,80.0,77.0,69.0,0.0,0.0,0.31K,0.31K,107.8,66.26,1.31B,No,106.78,103.47,89.51,104.27,94.45,494
618,VALSONQ.BO,41.46,39.5,0.00K,Process Industries,Textiles,82.0,66.0,80.0,79.0,1.3557,1.1286,5.47K,0.42K,47.8,23.58,317.62M,No,41.57,41.06,32.67,41.44,34.64,496
619,KSR.NS,37.69,35.9,7.87K,Consumer Non-Durables,Apparel/Footwear,82.0,72.0,88.0,60.0,2.3607,2.3079,54.81K,18.72K,48.84,14.04,692.68M,No,39.83,33.9,31.56,35.24,34.06,214
620,KAMDHENU.NS,36.47,36.71,1146.45K,Non-Energy Minerals,Steel,82.0,27.0,75.0,89.0,2.115,2.1043,888.30K,887.45K,43.7,16.15,10.28B,No,38.99,36.99,27.87,37.47,30.11,497
621,VADILALIND.NS,7162.0,7167.5,3.81K,Consumer Non-Durables,Food: Specialty/Candy,82.0,47.0,76.0,87.0,256.3571,248.8571,24.15K,7.20K,8447.0,3996.0,51.48B,No,7271.8,7384.64,5673.44,7413.5,6037.48,496
622,MEESHO.NS,232.74,232.19,6030.31K,Retail Trade,Apparel/Footwear Retail,82.0,87.0,83.0,85.0,11.7357,11.1043,17111.51K,19779.75K,254.4,125.56,1077.24B,No,224.03,209.37,181.74,210.58,188.19,206
623,VARROC.NS,793.6,802.9,123.17K,Producer Manufacturing,Auto Parts: Oem,82.0,40.0,83.0,87.0,30.7714,30.5714,563.74K,241.11K,912.2,462.0,121.26B,No,841.35,819.51,632.46,831.48,661.0,497
624,CLEANMAX.NS,1323.0,1348.3,162.99K,Utilities,Alternative Power Generation,82.0,45.0,57.0,86.0,81.9929,81.1714,528.67K,2186.01K,1536.0,727.1,155.15B,No,1354.55,1316.06,,1316.46,1209.51,150
625,SREEL.NS,276.15,278.2,3.17K,Retail Trade,Apparel/Footwear Retail,82.0,53.0,88.0,83.0,15.0529,15.0529,40.79K,13.64K,400.0,165.25,6.39B,No,296.68,266.51,217.9,269.72,220.8,496
626,ARVIND.NS,509.45,510.5,611.15K,Process Industries,Textiles,82.0,17.0,53.0,76.0,17.1036,17.0179,651.71K,488.65K,607.15,277.9,133.55B,No,542.51,546.05,443.57,548.59,489.43,497
627,GRAPHITE.NS,806.6,802.15,896.74K,Process Industries,Industrial Specialties,82.0,87.0,88.0,72.0,30.8607,30.1143,2297.20K,1469.85K,874.35,516.2,157.59B,No,812.05,754.5,682.32,764.2,702.65,497
628,CARNATIN.BO,103.15,103.15,2.73K,Producer Manufacturing,Metal Fabrication,82.0,80.0,77.0,69.0,0.3657,0.3643,0.27K,0.33K,103.17,26.86,356.61M,No,102.18,98.99,85.77,99.76,91.25,494
629,NOVATEOR.BO,37.5,37.5,3.00K,Health Technology,Medical Specialties,82.0,91.0,76.0,62.0,0.1714,0.0,0.19K,0.33K,37.5,20.08,226.96M,No,35.94,34.05,31.62,34.37,32.92,493
630,JUMBO.BO,89.75,89.83,10.22K,Process Industries,Containers/Packaging,82.0,75.0,92.0,85.0,3.9071,3.9071,10.92K,4.93K,105.0,49.06,751.54M,No,89.89,89.64,68.41,90.16,70.91,495
631,7SEASL.BO,100.98,101.88,6.95K,Technology Services,Packaged Software,82.0,52.0,92.0,77.0,7.5629,7.4993,34.55K,45.80K,112.89,63.0,2.33B,No,99.28,89.13,80.11,90.88,82.24,495
632,SAMBANDAM.NS,105.25,102.15,0.10K,Process Industries,Textiles,82.0,10.0,,,4.2757,3.6893,5.19K,0.34K,161.9,80.05,,No,107.14,,,,,32
633,NCML.BO,112.9,117.25,6.40K,Non-Energy Minerals,Steel,82.0,7.0,88.0,76.0,5.305,3.7793,18.01K,9.60K,148.7,71.05,2.81B,No,124.02,104.63,92.86,109.81,95.09,262
634,AEROPLANE.NS,218.41,216.09,1091.94K,Process Industries,Agricultural Commodities/Milling,81.0,87.0,84.0,,9.1157,9.1157,724.64K,970.71K,220.89,117.02,22.62B,No,205.85,194.55,,197.41,,130
635,ARCHITORG.BO,62.68,62.32,6.95K,Process Industries,Chemicals: Specialty,81.0,49.0,74.0,86.0,2.9871,2.9486,22.98K,14.63K,71.99,34.0,1.29B,No,64.56,63.44,51.07,63.74,55.04,495
636,PAYTM.NS,1636.0,1641.5,4837.11K,Finance,Finance/Rental/Leasing,81.0,61.0,84.0,83.0,64.1714,58.3714,4584.41K,4913.70K,1855.5,930.6,1046.89B,No,1726.43,1641.03,1285.12,1661.04,1321.64,497
637,MMFL.NS,552.15,553.7,46.39K,Producer Manufacturing,Metal Fabrication,81.0,23.0,69.0,73.0,26.0393,26.0393,150.84K,75.08K,687.95,288.1,26.66B,No,598.73,612.37,491.48,614.38,519.87,497
638,ALCHCORP.BO,36.97,36.97,1.11K,Distribution Services,Wholesale Distributors,81.0,80.0,77.0,69.0,0.0,0.0,0.24K,0.13K,36.97,23.86,181.68M,No,36.62,35.47,30.69,35.75,32.38,494
639,JKIPL.NS,113.4,103.48,104.85K,Distribution Services,Wholesale Distributors,81.0,92.0,80.0,94.0,5.445,5.4436,29.49K,14.67K,125.0,45.4,4.35B,No,98.14,99.71,87.1,100.55,91.75,252
640,SHAMROIN.BO,27.25,27.25,26.49K,Health Technology,Pharmaceuticals: Major,81.0,80.0,77.0,69.0,0.0,0.0,4.26K,3.11K,27.25,17.6,147.92M,No,26.99,26.15,22.63,26.35,23.88,494
641,UNIFIED.BO,475.2,485.9,26.00K,Technology Services,Information Technology Services,81.0,93.0,87.0,81.0,32.8857,32.0786,59.57K,74.32K,535.0,284.0,9.55B,No,452.21,405.25,376.22,413.76,385.44,339
642,MUKANDLTD.NS,175.99,174.29,284.60K,Non-Energy Minerals,Steel,81.0,95.0,89.0,77.0,10.7614,10.5271,339.02K,1064.66K,190.7,114.31,25.43B,No,158.73,146.16,136.26,147.62,139.29,497
643,PVRINOX.NS,1327.2,1309.2,608.46K,Consumer Services,Movies/Entertainment,81.0,85.0,89.0,79.0,51.6786,48.2643,639.17K,997.13K,1374.8,907.4,127.59B,No,1268.92,1223.24,1056.54,1235.38,1075.16,496
644,SOMANYCERA.NS,591.45,600.6,71.40K,Producer Manufacturing,Building Products,81.0,81.0,78.0,81.0,21.375,21.2607,171.86K,113.91K,631.7,332.0,24.26B,No,594.23,555.53,472.67,562.2,504.5,496
645,MIDEASTP.BO,32.99,32.99,0.00K,Finance,Investment Banks/Brokers,81.0,53.0,35.0,79.0,3.7764,3.4164,5.42K,3.17K,46.11,13.85,165.94M,No,34.17,34.94,26.83,34.39,30.65,495
646,JNKINDIA.NS,424.35,426.2,94.17K,Producer Manufacturing,Building Products,81.0,54.0,20.0,87.0,21.3857,21.3857,277.69K,209.06K,558.0,200.92,23.74B,No,424.73,431.99,353.53,432.0,401.0,496
647,HIPOLIN.BO,88.45,88.5,0.01K,Consumer Non-Durables,Household/Personal Care,81.0,80.0,80.0,85.0,4.4329,3.6971,6.35K,1.17K,118.8,44.83,276.96M,No,83.38,93.03,75.9,89.38,82.23,495
648,RIDDHI.BO,723.95,725.15,0.03K,Process Industries,Pulp & Paper,81.0,47.0,61.0,83.0,25.775,25.7321,2.70K,0.45K,861.95,405.0,5.16B,No,734.31,748.98,629.21,751.94,690.77,495
649,RBA.NS,91.1,92.61,1910.08K,Consumer Services,Restaurants,81.0,49.0,85.0,83.0,3.5821,3.5736,9641.91K,2690.95K,111.15,57.15,64.88B,No,94.02,94.66,73.31,96.54,77.03,497
650,POWERICA.NS,585.45,585.0,165.55K,Producer Manufacturing,Electrical Products,81.0,87.0,65.0,,27.7857,27.4893,198.95K,240.84K,676.95,365.1,74.09B,No,575.38,548.62,,554.74,,130
651,NILKAMAL.NS,1776.0,1854.3,29.60K,Consumer Durables,Home Furnishings,81.0,8.0,90.0,79.0,63.0572,62.4572,127.58K,20.98K,2149.5,1050.5,26.59B,No,1898.3,1923.42,1488.37,1931.84,1527.69,496
652,SHAILY.NS,3063.4,3053.0,58.71K,Process Industries,Chemicals: Specialty,81.0,24.0,75.0,85.0,106.4,101.5071,172.11K,90.42K,3615.2,1770.9,140.90B,No,3127.97,3221.76,2608.71,3204.11,2827.75,497
653,SMRUTHIORG.BO,153.75,154.65,2.48K,Health Technology,Pharmaceuticals: Major,81.0,39.0,86.0,83.0,8.9429,8.8679,9.49K,7.75K,175.3,95.0,1.76B,No,157.34,142.0,122.6,145.23,125.5,495
654,MTL.BO,128.5,121.9,8.40K,Retail Trade,Electronics/Appliance Stores,81.0,93.0,93.0,,9.4714,8.3929,26.57K,51.12K,139.9,76.0,1.34B,No,116.95,104.55,,107.41,,116
655,HIRECT.NS,1113.7,1096.1,47.68K,Producer Manufacturing,Electrical Products,81.0,14.0,69.0,86.0,49.2572,49.1215,155.89K,38.67K,1399.0,565.2,38.28B,No,1184.67,1232.24,966.79,1223.87,1083.59,497
656,ECOBOAR.BO,63.96,59.53,9.06K,Non-Energy Minerals,Forest Products,81.0,72.0,78.0,25.0,3.4493,3.2714,7.78K,3.15K,77.8,32.49,1.69B,No,61.19,60.39,58.45,61.1,60.88,495
657,UNIVSTAR.BO,207.35,205.0,0.78K,Consumer Non-Durables,Food: Specialty/Candy,81.0,85.0,75.0,83.0,6.4893,6.3821,0.94K,1.49K,219.9,109.6,870.87M,No,200.27,196.3,165.73,196.89,179.37,495
658,SHALPAINTS.NS,76.3,76.16,72.60K,Process Industries,Industrial Specialties,81.0,28.0,93.0,87.0,4.5093,4.4993,515.13K,104.09K,95.95,35.21,6.39B,No,79.03,81.08,61.81,81.9,61.77,497
659,INANISEC.BO,30.65,30.65,0.97K,Finance,Investment Banks/Brokers,81.0,59.0,92.0,70.0,0.3743,0.3743,0.51K,0.20K,33.86,18.46,139.69M,No,29.85,28.34,23.98,29.47,24.4,493
660,SGRL.NS,678.65,706.25,18.59K,Health Technology,Pharmaceuticals: Major,81.0,59.0,,,46.4036,45.3821,24.15K,21.48K,749.85,490.0,8.71B,No,685.59,,,,,37
661,CALLISTA.BO,138.35,138.35,0.37K,Consumer Durables,Home Furnishings,81.0,50.0,3.0,3.0,5.7679,5.7036,8.10K,8.47K,225.95,51.96,1.34B,No,138.71,153.63,161.49,148.03,167.43,493
662,DACHEPALLI.BO,97.05,97.05,3.60K,Consumer Services,Publishing: Books/Magazines,81.0,88.0,86.0,87.0,3.8586,3.52,23.20K,18.72K,105.0,48.1,1.45B,No,96.54,87.14,,88.86,79.13,192
663,COVANCE.BO,140.55,137.2,0.36K,Technology Services,Information Technology Services,81.0,21.0,1.0,16.0,8.9393,8.8071,7.33K,3.10K,270.0,53.13,3.11B,No,148.86,174.37,169.34,166.9,179.12,400
664,DMCC.NS,332.7,337.1,135.82K,Process Industries,Chemicals: Major Diversified,81.0,90.0,86.0,85.0,20.0464,19.7679,157.85K,528.76K,374.15,191.35,8.30B,No,302.89,294.51,261.42,296.54,272.96,496
665,ALIVUS.NS,1326.3,1337.2,131.68K,Health Technology,Pharmaceuticals: Major,81.0,55.0,79.0,73.0,44.8929,44.8929,160.19K,121.27K,1493.8,819.0,162.83B,No,1372.72,1360.34,1093.74,1366.76,1167.38,496
666,APOLLOPIPE.NS,513.7,506.9,177.70K,Producer Manufacturing,Miscellaneous Manufacturing,81.0,14.0,61.0,65.0,21.2643,21.2036,326.69K,170.90K,668.8,252.1,22.56B,No,525.04,551.61,444.89,550.21,502.06,497
667,FILTRON.BO,75.87,72.26,1.31K,Producer Manufacturing,Industrial Machinery,81.0,77.0,68.0,13.0,2.1786,1.5093,0.89K,0.60K,106.41,31.05,4.82B,No,72.26,74.16,87.35,74.92,82.69,496
668,RALEGRA.BO,58.71,52.59,0.15K,Non-Energy Minerals,Construction Materials,81.0,64.0,73.0,84.0,3.23,2.7629,1.08K,0.69K,75.99,32.7,621.50M,No,58.29,58.34,49.51,57.74,51.86,495
669,WOCKPHARMA.NS,1996.4,2029.6,686.90K,Health Technology,Pharmaceuticals: Major,81.0,23.0,75.0,84.0,102.1714,101.8929,905.87K,795.33K,2422.3,1086.7,324.40B,No,2144.9,2032.61,1670.63,2051.72,1791.58,497
670,BEPL.NS,124.89,123.44,1664.82K,Process Industries,Industrial Specialties,81.0,39.0,83.0,80.0,4.2786,4.2321,4813.03K,962.23K,138.5,74.2,31.08B,No,126.48,125.04,100.95,125.62,107.87,497
671,PRABHA.NS,219.22,212.31,102.77K,Energy Minerals,Oil & Gas Production,80.0,13.0,92.0,78.0,11.4036,11.3343,545.71K,143.49K,262.8,137.91,34.22B,No,227.55,205.35,172.27,211.26,174.31,385
672,MEEIND.BO,380.4,377.95,5.74K,Consumer Non-Durables,Apparel/Footwear,80.0,50.0,,,27.975,27.8214,9.21K,8.15K,445.9,281.99,4.28B,No,387.11,392.31,,389.77,,52
673,PAUSHAKLTD.NS,700.35,671.65,42.54K,Process Industries,Chemicals: Major Diversified,80.0,28.0,84.0,86.0,33.2286,32.6143,75.48K,37.22K,826.75,342.5,17.27B,No,689.97,718.53,550.74,723.67,564.69,212
674,GOODRICKE.BO,226.0,217.3,4.38K,Process Industries,Agricultural Commodities/Milling,80.0,74.0,85.0,79.0,13.0679,12.9536,11.61K,4.42K,249.95,142.05,4.88B,No,225.28,218.21,180.76,221.53,189.73,495
675,AUROPHARMA.NS,1693.0,1645.0,699.04K,Health Technology,Pharmaceuticals: Other,80.0,69.0,72.0,73.0,35.55,35.5428,880.75K,833.31K,1740.0,1080.1,974.11B,No,1688.49,1656.65,1427.24,1669.54,1529.38,496
676,SMSPHARMA.NS,444.65,446.75,295.85K,Health Technology,Pharmaceuticals: Major,80.0,88.0,75.0,60.0,20.1214,19.7929,648.80K,435.04K,494.45,270.1,41.64B,No,456.62,404.24,380.43,414.15,399.69,497
677,MARBLE.BO,165.55,166.75,8.74K,Distribution Services,Wholesale Distributors,80.0,96.0,87.0,88.0,8.4714,8.1571,81.74K,7.50K,185.0,83.9,4.31B,No,168.27,138.42,122.76,142.15,117.77,495
678,AEROENTER.NS,123.31,125.45,318.97K,Producer Manufacturing,Industrial Machinery,80.0,4.0,57.0,87.0,5.7779,5.6364,762.00K,424.23K,159.6,62.2,13.95B,No,125.25,131.09,103.27,131.6,113.3,496
679,GANHOLD.BO,112.25,107.0,0.63K,Finance,Financial Conglomerates,80.0,81.0,90.0,67.0,5.7086,4.0493,1.29K,1.17K,130.0,60.2,100.01M,No,109.35,108.17,96.31,108.78,99.54,496
680,PRABHATAM.BO,27.7,27.7,0.00K,Process Industries,Pulp & Paper,80.0,80.0,77.0,69.0,0.0,0.0,0.01K,0.01K,27.7,18.79,6.14B,No,27.44,26.58,23.36,26.79,24.42,494
681,SPENTA.BO,126.35,128.9,0.02K,Consumer Non-Durables,Apparel/Footwear,80.0,11.0,84.0,76.0,2.3964,0.9643,1.32K,0.10K,169.7,71.1,349.27M,No,136.28,130.37,105.68,129.18,112.75,495
682,SEAMECLTD.NS,1571.2,1572.7,68.62K,Industrial Services,Oilfield Services/Equipment,80.0,18.0,75.0,50.0,64.3572,64.3572,85.14K,49.73K,1849.0,771.75,40.09B,No,1679.22,1640.7,1443.69,1660.69,1547.44,496
683,THELEELA.NS,587.5,586.95,227.50K,Consumer Services,Hotels/Resorts/Cruise Lines,80.0,85.0,81.0,78.0,25.2464,25.2286,506.16K,561.92K,609.0,384.5,196.20B,No,553.7,539.67,462.65,548.45,478.18,338
684,CRAFTSMAN.NS,10183.0,10038.0,25.79K,Producer Manufacturing,Trucks/Construction/Farm Machinery,80.0,21.0,74.0,79.0,336.1429,333.5714,57.06K,40.65K,11999.0,6324.0,266.33B,No,10721.55,10712.41,8752.39,10788.55,9261.1,496
685,KAVDEFENCE.NS,92.19,93.66,391.43K,Electronic Technology,Telecommunications Equipment,80.0,97.0,93.0,87.0,4.8029,4.5236,323.64K,285.92K,138.56,51.51,5.54B,No,79.74,66.95,65.03,68.93,64.48,497
686,NCCBLUE.BO,26.25,26.0,0.10K,Consumer Non-Durables,Food: Meat/Fish/Dairy,80.0,92.0,94.0,52.0,0.3357,0.18,0.35K,0.39K,40.25,17.1,203.44M,No,25.16,21.44,23.6,22.19,21.77,494
687,VLL.BO,57.0,57.0,0.01K,Finance,Finance/Rental/Leasing,80.0,40.0,24.0,58.0,0.6357,0.2357,0.02K,0.00K,70.3,21.03,1.48B,No,57.7,57.23,48.25,57.16,54.68,496
688,MANOMAY.NS,239.33,232.54,370.60K,Process Industries,Textiles,80.0,76.0,91.0,53.0,10.0586,10.0143,156.81K,271.44K,259.88,160.25,4.32B,No,232.29,224.7,209.72,228.44,209.7,496
689,EMMFORCE.BO,192.95,183.8,22.80K,Producer Manufacturing,Auto Parts: Oem,80.0,84.0,68.0,87.0,7.475,6.6821,15.33K,22.80K,203.9,105.0,3.96B,No,184.88,184.66,145.72,185.03,152.29,495
690,IKOMA.BO,60.09,58.36,166.26K,Producer Manufacturing,Building Products,80.0,41.0,30.0,93.0,3.9079,3.7671,81.68K,92.91K,84.99,13.81,1.39B,No,59.08,61.91,47.58,62.03,56.96,495
691,ORCHPHARMA.NS,983.95,981.2,75.25K,Health Technology,Pharmaceuticals: Major,80.0,74.0,54.0,91.0,57.4321,57.4321,117.26K,94.23K,1143.5,480.0,49.91B,No,1017.58,1003.86,804.4,1001.14,849.83,497
692,LCL.NS,630.85,608.7,790.89K,Producer Manufacturing,Industrial Machinery,80.0,90.0,,,31.825,31.5393,1359.94K,713.11K,641.95,461.0,66.65B,No,572.92,556.81,,565.38,,50
693,VIJAYA.NS,1436.6,1431.1,47.13K,Health Services,Medical/Nursing Services,80.0,50.0,66.0,84.0,51.6857,51.6643,183.12K,107.70K,1593.6,848.0,147.97B,No,1484.59,1467.9,1206.39,1471.44,1295.83,496
694,POWERINDIA.NS,30605.0,30935.0,110.54K,Electronic Technology,Electronic Equipment/Instruments,80.0,62.0,45.0,66.0,866.4286,841.7857,112.36K,120.10K,38785.0,16111.0,1364.14B,No,31147.0,32432.4,28682.63,32453.5,32140.5,497
695,SESHACHAL.BO,63.77,63.77,15.13K,Technology Services,Information Technology Services,80.0,49.0,34.0,2.0,1.8286,1.5971,1.36K,3.03K,105.31,15.0,768.94M,No,65.55,70.39,80.02,69.38,84.56,494
696,APOLLO.NS,388.35,395.15,5524.51K,Electronic Technology,Electronic Production Equipment,80.0,38.0,49.0,92.0,15.7464,15.175,6308.46K,5877.42K,466.5,179.5,144.31B,No,397.46,393.88,322.95,392.92,356.29,497
697,MAYURUNIQ.NS,788.4,749.9,232.81K,Process Industries,Textiles,80.0,83.0,47.0,79.0,29.9679,29.5036,109.58K,100.15K,907.0,471.2,34.26B,No,739.92,748.0,653.29,748.93,706.29,496
698,WEPSOLN.BO,31.03,32.0,78.69K,Electronic Technology,Computer Peripherals,80.0,21.0,85.0,76.0,2.0279,1.9893,51.84K,6.08K,39.58,17.65,1.15B,No,34.12,32.95,25.85,33.21,27.78,495
699,NEULANDLAB.NS,20890.0,21015.0,24.57K,Health Technology,Pharmaceuticals: Major,80.0,15.0,71.0,84.0,692.8571,692.8571,63.41K,51.29K,24225.0,11500.0,268.02B,No,22125.75,22323.28,17095.28,22600.1,18465.83,497
700,APMIN.BO,56.46,55.6,3.61K,Process Industries,Textiles,80.0,54.0,75.0,80.0,2.2764,2.2414,7.47K,3.33K,61.0,35.52,1.22B,No,57.73,56.35,45.95,57.05,49.01,495
701,TALBROAUTO.NS,402.05,405.35,94.07K,Producer Manufacturing,Industrial Machinery,80.0,47.0,57.0,87.0,20.45,20.45,247.38K,222.77K,485.8,219.9,24.82B,No,435.99,424.68,336.48,426.09,366.08,497
702,VIRAT.NS,435.4,406.25,46.75K,Consumer Non-Durables,Apparel/Footwear,80.0,45.0,,,29.4786,29.1786,13.43K,11.79K,494.4,268.05,6.32B,No,381.55,,,,,37
703,NETWEB.NS,4721.6,4715.1001,1003.55K,Electronic Technology,Computer Peripherals,80.0,37.0,74.0,81.0,161.35,157.4072,1422.36K,985.92K,5813.0,2920.0,280.69B,No,4690.91,4912.24,4047.1,4954.17,4396.85,497
704,KWIL.NS,37.36,36.91,7834.82K,Consumer Non-Durables,Food: Meat/Fish/Dairy,80.0,25.0,78.0,85.0,1.5286,1.5157,20518.91K,7995.50K,50.68,22.24,87.78B,No,40.13,39.84,,40.79,33.26,160
705,STHINPA.BO,115.45,116.0,7.50K,Process Industries,Pulp & Paper,80.0,64.0,75.0,71.0,3.8036,3.7964,16.25K,6.64K,136.0,65.1,2.16B,No,117.74,114.27,99.12,114.91,102.45,495
706,SUVEN.NS,282.75,288.9,583.19K,Health Technology,Pharmaceuticals: Major,80.0,2.0,12.0,89.0,12.3464,11.9964,779.11K,548.34K,403.35,124.11,79.89B,No,326.52,339.67,240.48,340.0,276.07,497
707,SRMCL.BO,60.0,60.38,0.90K,Finance,Real Estate Development,80.0,80.0,76.0,86.0,4.7214,4.7057,6.02K,3.33K,67.8,32.6,427.10M,No,61.25,57.99,48.65,58.12,51.49,495
708,DALMIASUG.NS,435.55,428.95,246.75K,Process Industries,Agricultural Commodities/Milling,79.0,56.0,84.0,65.0,24.5857,23.8607,617.36K,453.68K,520.0,261.4,35.25B,No,412.86,429.68,354.71,431.01,380.21,496
709,INDOAMIN.NS,157.72,151.7,574.87K,Process Industries,Chemicals: Major Diversified,79.0,94.0,85.0,84.0,11.0621,10.8436,240.73K,1373.90K,168.0,81.9,11.45B,No,137.99,130.61,121.74,131.38,124.22,497
710,HIMTEK.BO,254.55,254.3,7.59K,Producer Manufacturing,Auto Parts: Oem,79.0,20.0,88.0,73.0,12.375,12.2107,32.64K,12.20K,299.9,177.0,2.63B,No,265.14,268.23,222.82,266.6,229.73,495
711,ORBTEXP.NS,246.05,235.75,7.00K,Process Industries,Textiles,79.0,76.0,70.0,85.0,16.7907,16.5229,15.37K,27.35K,282.85,135.0,6.30B,No,236.58,239.68,197.86,237.98,204.8,496
712,KROSS.NS,243.05,239.7,988.38K,Producer Manufacturing,Auto Parts: Oem,79.0,90.0,88.0,75.0,16.0707,15.9729,1327.05K,769.32K,283.0,150.52,16.04B,No,251.8,225.01,200.62,229.29,201.14,497
713,UML.BO,74.11,77.9,28.00K,Retail Trade,Electronics/Appliance Stores,79.0,94.0,93.0,81.0,6.1457,5.6079,40.67K,72.80K,121.0,41.75,1.05B,No,74.19,64.57,58.65,66.0,56.34,292
714,SECMARK.NS,149.52,139.8,16.55K,Technology Services,Information Technology Services,79.0,84.0,82.0,78.0,9.3086,9.1793,5.29K,1.60K,179.5,95.05,1.64B,No,141.16,135.85,122.75,138.71,128.54,496
715,ABDL.NS,711.55,693.45,1078.46K,Consumer Non-Durables,Beverages: Alcoholic,79.0,93.0,74.0,86.0,32.0643,31.5714,633.63K,1116.42K,753.8,382.1,199.03B,No,678.03,638.4,565.86,639.98,589.44,497
716,RISHIROOP.BO,125.9,123.05,2.95K,Process Industries,Chemicals: Specialty,79.0,86.0,90.0,79.0,8.7607,8.4536,7.10K,10.68K,146.6,71.5,1.15B,No,126.51,115.33,98.79,118.33,100.58,495
717,GSPCROP.NS,482.9,492.1,255.98K,Process Industries,Chemicals: Agricultural,79.0,29.0,81.0,72.0,19.3143,19.2107,393.59K,270.96K,667.95,328.0,22.46B,No,479.18,550.93,,542.24,,135
718,BINNYMILLS.BO,367.9,350.4,0.25K,Process Industries,Textiles,79.0,98.0,72.0,70.0,9.5393,4.2964,0.05K,0.19K,378.8,169.35,950.39M,No,291.93,289.1,296.57,289.66,310.81,495
719,RBLBANK.NS,418.0,400.7,3770.85K,Finance,Major Banks,79.0,68.0,74.0,74.0,11.8929,10.7857,4368.97K,3311.77K,429.6,284.5,648.85B,No,410.89,398.42,345.71,403.65,363.08,497
720,HILIKS.BO,73.96,71.56,263.00K,Commercial Services,Miscellaneous Commercial Services,79.0,90.0,52.0,86.0,4.18,3.1221,15.48K,28.19K,88.99,38.63,965.18M,No,63.99,66.58,57.69,65.95,61.11,495
721,CARBORUNIV.NS,1202.6,1209.4,171.05K,Process Industries,Industrial Specialties,79.0,87.0,75.0,80.0,59.4143,56.9929,342.55K,620.36K,1368.9,735.2,229.11B,No,1191.64,1142.68,984.83,1158.62,1059.69,496
722,MPSLTD.NS,2473.2,2573.8,45.47K,Consumer Services,Publishing: Books/Magazines,79.0,24.0,85.0,81.0,108.6714,106.2714,67.76K,14.36K,2979.0,1336.1,41.98B,No,2626.9,2707.02,2025.08,2701.89,2145.58,496
723,KARURVYSYA.NS,339.9,329.2,2923.00K,Finance,Regional Banks,79.0,67.0,76.0,68.0,9.8643,9.7607,3490.47K,2176.41K,358.65,220.25,328.57B,No,327.69,335.44,303.49,335.67,308.56,497
724,ASHNOOR.BO,51.98,51.89,1.46K,Process Industries,Textiles,79.0,81.0,91.0,76.0,2.6007,2.5186,3.75K,5.55K,54.0,34.5,828.16M,No,50.71,47.57,42.73,48.08,42.27,495
725,KRISHNADEF.NS,1230.3,1240.8,115.28K,Electronic Technology,Aerospace & Defense,79.0,88.0,44.0,76.0,69.6571,67.2786,147.15K,426.47K,1400.0,665.0,18.37B,No,1079.67,1086.51,1068.17,1065.24,1107.29,496
726,SAMOR.BO,100.54,92.01,2.90K,Distribution Services,Wholesale Distributors,79.0,74.0,79.0,66.0,5.8143,5.6243,0.32K,0.47K,104.99,48.55,2.27B,No,94.73,92.89,86.03,93.25,91.08,495
727,ARVEE.NS,207.0,212.08,3.77K,Process Industries,Chemicals: Specialty,79.0,83.0,87.0,77.0,20.5543,19.2236,14.98K,13.91K,290.78,129.11,2.28B,No,207.42,183.72,171.52,181.27,167.41,496
728,ROLEXRINGS.NS,169.14,170.14,1460.92K,Producer Manufacturing,Metal Fabrication,79.0,54.0,83.0,75.0,8.9171,8.8179,3803.80K,3349.61K,199.0,99.79,44.37B,No,179.92,173.64,144.75,177.29,152.15,497
729,PIPAN.BO,184.25,184.25,0.03K,Distribution Services,Wholesale Distributors,79.0,70.0,59.0,49.0,0.0643,0.0,0.02K,0.13K,185.15,116.36,3.23B,No,184.65,183.55,174.87,183.8,177.95,494
730,SHRIPISTON.NS,4284.5,4270.3999,60.28K,Producer Manufacturing,Auto Parts: Oem,79.0,55.0,64.0,78.0,176.55,175.9,74.34K,121.81K,4843.0,2525.8,198.74B,No,4472.96,4489.32,3660.75,4506.43,3930.5,497
731,MSTCLTD.NS,672.0,668.4,184.90K,Retail Trade,Internet Retail,79.0,13.0,60.0,88.0,27.8107,27.7821,330.82K,202.56K,805.0,362.15,47.31B,No,715.96,691.89,547.46,696.12,576.63,497
732,PARAGMILK.NS,306.4,303.25,1113.37K,Consumer Non-Durables,Food: Meat/Fish/Dairy,79.0,93.0,89.0,85.0,16.0571,15.7571,1411.09K,2611.01K,376.95,177.84,38.46B,No,276.3,249.58,235.61,252.31,230.28,497
733,SOVERDIA.BO,28.98,28.8,1.16K,Consumer Durables,Other Consumer Specialties,79.0,57.0,91.0,80.0,2.3671,2.3171,4.87K,3.57K,39.5,18.21,167.74M,No,28.29,27.14,23.83,27.64,23.92,495
734,MONGIPA.BO,20.45,20.0,0.16K,Finance,Investment Banks/Brokers,79.0,84.0,88.0,78.0,0.78,0.7221,11.96K,2.68K,23.0,12.0,187.41M,No,20.09,18.58,16.5,19.0,16.79,495
735,SATIN.NS,223.87,217.39,167.40K,Finance,Finance/Rental/Leasing,79.0,76.0,29.0,82.0,11.5686,11.5271,494.55K,1034.83K,274.14,135.81,24.62B,No,223.98,225.27,196.37,224.86,214.47,496
736,3IINFOLTD.NS,22.67,23.0,110.30K,Technology Services,Information Technology Services,79.0,73.0,83.0,82.0,0.9321,0.9207,765.26K,212.43K,27.8,12.68,4.70B,No,23.95,24.09,18.28,24.01,19.59,496
737,BGWTATO.BO,649.6,641.0,1.07K,Non-Energy Minerals,Steel,79.0,63.0,88.0,70.0,46.2036,45.9393,2.81K,1.70K,784.0,456.25,1.87B,No,698.14,683.53,578.13,680.62,594.26,495
738,GALAXYSURF.NS,2502.2,2406.7,95.23K,Consumer Non-Durables,Household/Personal Care,79.0,88.0,85.0,80.0,95.9714,93.7786,54.60K,70.81K,2648.0,1510.0,88.71B,No,2280.94,2229.41,1961.04,2290.1,1988.91,496
739,UDAYJEW.NS,181.76,168.73,601.81K,Consumer Durables,Other Consumer Specialties,79.0,85.0,,,11.0736,11.0557,64.08K,43.53K,197.9,115.04,,No,162.54,,,,,37
740,RKFORGE.NS,685.45,700.75,644.25K,Producer Manufacturing,Metal Fabrication,79.0,60.0,83.0,74.0,23.35,23.3214,1453.39K,643.20K,772.8,460.15,126.95B,No,707.65,716.01,591.7,716.9,614.37,497
741,IPCALAB.NS,1915.4,1938.4,94.28K,Health Technology,Pharmaceuticals: Major,79.0,58.0,71.0,76.0,53.8786,53.85,393.06K,250.57K,2038.0,1251.6,485.95B,No,1957.51,1899.34,1641.46,1910.43,1714.19,496
742,REMIEDEL.BO,196.4,196.25,5.95K,Non-Energy Minerals,Steel,79.0,3.0,72.0,80.0,21.3214,20.9643,6.39K,9.83K,272.5,118.4,2.64B,No,236.49,228.28,173.9,231.15,190.81,495
743,SANCF.BO,47.0,46.84,0.01K,Finance,Investment Banks/Brokers,79.0,27.0,16.0,65.0,0.1871,0.0,0.00K,0.00K,64.95,24.0,148.05M,No,49.05,53.04,47.18,51.89,50.99,493
744,AMBALALSA.NS,40.59,40.27,53.87K,Health Technology,Pharmaceuticals: Major,79.0,55.0,88.0,,1.9607,1.9036,170.17K,47.33K,49.98,30.15,3.11B,No,39.77,41.98,,42.2,,118
745,JAYKAY.NS,230.5,240.24,998.74K,Commercial Services,Miscellaneous Commercial Services,79.0,98.0,85.0,83.0,18.8264,17.9336,936.26K,2576.49K,273.0,115.52,32.50B,No,198.77,172.02,167.59,172.39,168.08,211
746,ORGANICREC.BO,205.5,200.25,75.60K,Industrial Services,Environmental Services,78.0,90.0,87.0,73.0,11.35,10.875,77.28K,81.18K,214.0,137.33,3.21B,No,186.44,169.52,160.64,172.79,162.2,497
747,FRATELLI.BO,126.75,126.9,3.80K,Distribution Services,Food Distributors,78.0,43.0,85.0,85.0,7.4071,7.4071,27.54K,8.27K,151.0,61.9,5.51B,No,129.97,120.77,97.69,122.8,99.45,495
748,COFORGE.NS,1867.9,1814.3,2303.13K,Technology Services,Information Technology Services,78.0,51.0,85.0,83.0,57.8929,51.6143,2699.99K,2094.62K,2021.2,1008.1,827.55B,No,1805.06,1836.54,1524.44,1863.25,1528.92,497
749,MAHESHWARI.NS,71.1,70.72,9.27K,Transportation,Air Freight/Couriers,78.0,61.0,54.0,86.0,2.7536,2.7236,13.88K,8.85K,76.81,39.04,2.07B,No,71.55,72.23,58.29,71.7,63.8,496
750,ADON.BO,101.04,96.33,88.00K,Distribution Services,Food Distributors,78.0,96.0,86.0,,6.2021,6.0386,153.56K,67.20K,113.2,75.25,2.33B,No,95.71,88.65,,91.46,,68
751,DATAPATTNS.NS,4084.8,4097.1001,284.98K,Electronic Technology,Electronic Production Equipment,78.0,6.0,46.0,71.0,124.1714,123.8572,807.77K,289.56K,5000.0,2131.0,228.68B,No,4371.11,4494.35,3769.59,4497.36,4173.9,497
752,SAHYADRI.NS,327.35,338.9,10.20K,Non-Energy Minerals,Construction Materials,78.0,9.0,82.0,77.0,17.4321,17.4321,21.06K,8.05K,408.95,200.1,3.58B,No,359.51,355.72,285.91,360.72,299.77,496
753,RELIABVEN.BO,29.72,31.09,4.45K,Consumer Services,Hotels/Resorts/Cruise Lines,78.0,91.0,78.0,74.0,2.6907,2.3686,8.58K,29.67K,38.89,16.63,327.30M,No,28.82,27.09,23.65,27.06,24.78,495
754,KANPRPLA.NS,239.17,236.96,4.18K,Producer Manufacturing,Miscellaneous Manufacturing,78.0,64.0,83.0,75.0,14.9857,14.8536,56.46K,19.24K,283.14,151.25,5.85B,No,252.67,247.12,204.69,249.66,214.63,496
755,SHIVALIK.NS,349.45,351.95,35.16K,Process Industries,Chemicals: Agricultural,78.0,86.0,95.0,74.0,26.625,25.3607,72.77K,74.09K,471.0,206.4,5.60B,No,386.24,323.68,285.85,331.33,274.74,497
756,LALPATHLAB.NS,1933.6,1898.9,167.91K,Health Services,Medical/Nursing Services,78.0,72.0,79.0,80.0,64.1143,64.1143,353.08K,357.08K,2038.6,1272.6,323.32B,No,1935.76,1922.43,1606.38,1924.76,1681.22,497
757,JOLYPLS.BO,49.43,47.08,3.52K,Distribution Services,Wholesale Distributors,78.0,93.0,90.0,94.0,2.4793,1.9586,0.37K,0.08K,182.55,18.24,330.01M,No,45.11,44.47,36.09,45.25,38.05,416
758,SOUTHBANK.NS,47.91,46.39,12902.83K,Finance,Major Banks,78.0,75.0,67.0,72.0,1.7271,1.6829,12056.35K,15066.53K,50.68,31.11,125.50B,No,47.13,46.53,42.77,46.81,43.62,497
759,HSCL.NS,659.95,660.05,1228.24K,Process Industries,Industrial Specialties,78.0,62.0,59.0,80.0,14.8929,14.7857,6283.70K,1386.19K,819.5,418.5,332.99B,No,665.83,695.92,586.62,687.62,637.43,497
760,MARIS.BO,36.71,37.5,5.13K,Process Industries,Textiles,78.0,32.0,89.0,79.0,1.9664,1.8493,9.54K,2.35K,45.0,23.6,290.92M,No,37.82,36.66,31.08,37.3,31.64,495
761,RETAGGIO.BO,49.45,48.45,15.00K,Consumer Durables,Other Consumer Specialties,78.0,75.0,39.0,35.0,0.6743,0.1143,4.64K,5.10K,72.68,18.0,1.01B,No,51.21,49.47,49.25,49.72,54.06,373
762,SOFTTECH.NS,448.3,450.8,9.24K,Technology Services,Packaged Software,78.0,75.0,65.0,83.0,27.425,27.1929,5.30K,5.80K,545.0,215.0,6.21B,No,479.46,444.63,373.33,448.57,405.37,496
763,JINDALSAW.NS,269.6,270.2,1252.07K,Non-Energy Minerals,Steel,78.0,17.0,55.0,77.0,9.7393,9.2321,2118.05K,1197.99K,320.0,153.0,171.90B,No,285.1,284.52,230.53,287.09,253.86,497
764,KASTURI.BO,69.99,68.0,684.00K,Producer Manufacturing,Metal Fabrication,78.0,95.0,93.0,59.0,4.0514,2.9164,19.52K,57.00K,73.8,44.2,727.56M,No,60.54,56.55,,57.06,55.95,169
765,PRISMMEDI.BO,30.49,30.15,5.48K,Finance,Financial Conglomerates,78.0,81.0,69.0,61.0,2.3486,2.3421,6.49K,6.03K,34.49,15.51,184.87M,No,29.31,28.87,26.18,29.17,28.94,495
766,VEGA.BO,61.95,61.95,0.10K,Distribution Services,Wholesale Distributors,78.0,67.0,54.0,35.0,0.4414,0.0,1.00K,0.01K,65.04,38.66,3.15B,No,63.8,62.69,60.16,62.88,62.38,495
767,PASUSPG.BO,37.5,36.98,0.04K,Process Industries,Textiles,78.0,79.0,85.0,78.0,1.1764,0.7929,0.27K,0.23K,40.99,25.67,350.14M,No,36.13,34.96,31.22,35.43,30.97,495
768,JJFINCOR.BO,52.48,53.55,0.00K,Finance,Finance/Rental/Leasing,78.0,90.0,76.0,20.0,1.2743,0.6521,0.22K,0.12K,78.7,31.0,147.99M,No,47.69,49.4,48.94,48.29,49.77,493
769,TRANSPEK.NS,1345.0,1379.3,0.33K,Process Industries,Chemicals: Specialty,78.0,62.0,91.0,,63.4857,63.2357,14.55K,1.09K,1475.0,952.3,7.51B,No,1347.32,1319.86,,1322.26,,118
770,OMNITEX.BO,749.05,743.7,1.95K,Process Industries,Textiles,78.0,70.0,52.0,43.0,47.7429,47.7429,0.87K,1.39K,892.0,466.1,3.15B,No,741.62,752.71,704.72,754.56,760.87,495
771,EASUN.BO,55.0,55.0,0.00K,Finance,Financial Conglomerates,78.0,90.0,42.0,87.0,0.0086,0.0,0.14K,0.14K,60.63,32.8,287.61M,No,53.72,44.99,46.58,46.99,44.38,494
772,DIVSHKT.BO,64.68,62.6,0.68K,Non-Energy Minerals,Construction Materials,78.0,3.0,89.0,70.0,4.4379,4.3986,8.93K,1.40K,86.76,44.0,664.19M,No,66.72,58.85,52.66,60.54,53.32,495
773,NOVELIX.BO,68.48,67.0,1.89K,Health Technology,Pharmaceuticals: Major,78.0,21.0,65.0,74.0,6.7221,6.5743,4.30K,5.11K,92.0,38.0,1.95B,No,72.61,74.68,64.7,74.91,66.86,495
774,RACHIT.BO,179.0,174.9,1.00K,Consumer Non-Durables,Apparel/Footwear,78.0,40.0,30.0,80.0,6.8107,4.6036,4.27K,3.50K,222.1,95.0,883.74M,No,185.51,189.9,163.98,186.24,179.97,269
775,GESHIP.NS,1533.7,1529.7,387.54K,Transportation,Marine Shipping,78.0,88.0,72.0,59.0,44.7571,44.1929,933.15K,1149.58K,1798.0,1002.55,215.65B,No,1487.36,1397.35,1373.58,1405.27,1436.91,497
776,INDNIPPON.NS,1188.0,1187.4,36.77K,Producer Manufacturing,Auto Parts: Oem,78.0,82.0,63.0,86.0,57.0143,56.6643,122.97K,52.27K,1564.0,675.0,26.87B,No,1260.65,1178.91,933.58,1196.42,998.47,497
777,PURETROP.BO,182.6,176.1,1.19K,Distribution Services,Food Distributors,78.0,70.0,82.0,39.0,11.05,10.8786,7.10K,6.08K,200.0,126.0,1.25B,No,180.19,170.29,168.58,171.61,166.98,495
778,SWATIPRO.BO,39.65,39.61,24.47K,Finance,Financial Conglomerates,78.0,70.0,85.0,69.0,2.8543,2.84,51.61K,24.29K,73.23,24.6,400.47M,No,39.26,43.4,34.68,44.37,36.57,495
779,SMAUTO.BO,30.0,28.5,8.00K,Producer Manufacturing,Auto Parts: Oem,78.0,56.0,80.0,82.0,0.9729,0.27,4.32K,1.78K,33.9,15.05,410.63M,No,28.33,28.56,24.78,28.82,25.96,496
780,JTLIND.NS,83.98,83.81,4166.96K,Non-Energy Minerals,Steel,78.0,42.0,72.0,82.0,4.4536,4.4329,3099.62K,3438.63K,94.0,40.25,33.01B,No,87.39,83.43,71.56,85.13,75.54,496
781,TARSONS.NS,320.95,327.65,74.19K,Process Industries,Containers/Packaging,78.0,64.0,69.0,88.0,18.4714,18.4714,580.64K,146.72K,375.0,164.45,17.08B,No,325.03,328.32,249.61,328.57,265.05,497
782,RTSPOWR.NS,119.33,113.65,11.27K,Producer Manufacturing,Electrical Products,78.0,96.0,,,10.1957,8.6764,15.58K,52.48K,138.05,68.88,1.09B,No,99.99,,,,,37
783,GNFC.NS,592.7,599.25,335.22K,Process Industries,Chemicals: Specialty,77.0,71.0,82.0,81.0,22.8929,22.5821,789.45K,873.56K,636.0,365.0,87.09B,No,595.3,578.86,504.38,582.75,518.86,497
784,PAR.NS,117.1,121.47,12.60K,Process Industries,Chemicals: Specialty,77.0,6.0,88.0,74.0,6.4879,6.2743,74.51K,9.26K,180.0,78.05,1.44B,No,129.81,119.61,99.43,120.89,100.77,496
785,SUNDRMFAST.NS,1127.8,1108.3,89.33K,Producer Manufacturing,Auto Parts: Oem,77.0,24.0,83.0,82.0,36.1643,36.1643,213.81K,167.13K,1347.2,730.1,236.98B,No,1178.24,1172.13,954.51,1187.7,971.21,496
786,ALICON.NS,861.7,859.0,43.29K,Producer Manufacturing,Auto Parts: Oem,77.0,94.0,90.0,78.0,43.3679,43.2786,70.81K,233.28K,1022.0,580.0,14.08B,No,774.75,736.24,711.36,749.91,688.23,496
787,CYIENT.NS,1158.8,1084.7,4226.16K,Technology Services,Packaged Software,77.0,83.0,91.0,77.0,51.9357,51.4214,914.95K,760.09K,1222.0,750.3,120.63B,No,1086.6,1009.61,963.6,1031.73,923.61,497
788,SIGIND.NS,61.05,58.16,14.58K,Process Industries,Chemicals: Specialty,77.0,16.0,87.0,72.0,4.3279,4.3279,51.94K,17.65K,74.99,40.66,1.80B,No,67.54,67.55,53.42,68.57,55.18,496
789,ASKAUTOLTD.NS,588.15,594.6,246.08K,Producer Manufacturing,Auto Parts: Oem,77.0,54.0,85.0,76.0,26.4679,25.9536,786.33K,327.32K,687.7,375.3,115.95B,No,627.9,624.33,492.67,628.5,513.0,497
790,OLYOI.BO,32.34,32.34,0.00K,Distribution Services,Food Distributors,77.0,95.0,91.0,81.0,1.1664,0.9207,0.03K,0.07K,37.95,20.52,92.30M,No,28.93,26.3,25.71,27.11,24.16,495
791,SPECIALITY.NS,145.2,146.68,4.36K,Consumer Services,Restaurants,77.0,85.0,82.0,81.0,6.5321,6.5321,66.45K,23.77K,167.46,82.7,7.00B,No,147.92,144.01,117.93,144.72,122.75,497
792,INVPRECQ.NS,1546.5,1528.9,3.73K,Producer Manufacturing,Metal Fabrication,77.0,91.0,,,68.25,60.6786,5.00K,6.68K,1675.0,1166.0,,No,1467.23,,,,,37
793,MVGJL.NS,207.87,208.29,197.49K,Retail Trade,Specialty Stores,77.0,64.0,89.0,72.0,12.6486,12.5957,338.09K,319.42K,233.99,129.1,10.15B,No,210.29,183.4,168.18,186.22,167.17,496
794,NYKAA.NS,343.0,332.3,5152.23K,Retail Trade,Internet Retail,77.0,71.0,66.0,77.0,10.5929,9.7714,5459.33K,6281.38K,349.55,232.0,982.79B,No,333.78,333.89,286.41,334.35,299.01,497
795,UTTAMSUGAR.NS,298.05,291.55,151.34K,Process Industries,Agricultural Commodities/Milling,77.0,78.0,87.0,70.0,17.0429,16.4143,355.58K,611.78K,359.3,181.1,11.37B,No,278.07,279.86,244.16,282.85,254.14,497
796,KERNEX.NS,1736.3,1700.5,133.08K,Electronic Technology,Computer Communications,77.0,70.0,14.0,85.0,73.6357,73.3,295.37K,153.25K,2580.0,850.0,29.18B,No,1712.71,1890.1,1556.36,1856.54,1711.54,497
797,KHAITANLTD.NS,145.75,148.99,0.62K,Consumer Durables,Electronics/Appliances,77.0,27.0,76.0,79.0,8.4629,8.4029,6.33K,2.33K,178.0,85.0,731.80M,No,150.68,149.78,122.86,150.11,132.88,496
798,RAJSEC.BO,59.6,59.4,2.60K,Utilities,Gas Distributors,77.0,84.0,65.0,73.0,0.2236,0.2,181.52K,12.50K,64.0,29.0,4.58B,No,58.68,56.8,47.07,57.32,51.23,495
799,ISFT.NS,100.05,98.35,26.13K,Retail Trade,Internet Retail,77.0,93.0,87.0,82.0,7.4514,7.3093,87.61K,86.60K,114.95,54.05,1.63B,No,94.44,88.38,81.95,89.35,80.57,496
800,DCMNVL.NS,170.0,167.94,2.65K,Process Industries,Textiles,77.0,43.0,80.0,84.0,7.16,7.0664,17.21K,9.38K,198.58,95.6,316.20M,No,174.63,173.63,145.83,176.02,151.77,497
801,MOTHERSON.NS,153.0,153.08,8646.47K,Producer Manufacturing,Auto Parts: Oem,77.0,40.0,71.0,74.0,4.5514,4.2743,15442.68K,13795.32K,173.27,101.08,1630.62B,No,160.44,162.48,136.89,163.52,143.84,497
802,CEMPRO.NS,1125.1,1140.8,160.14K,Industrial Services,Engineering & Construction,77.0,16.0,5.0,92.0,46.2857,45.8429,404.42K,176.76K,1649.2,503.3,193.28B,No,1220.44,1257.99,969.2,1241.78,1089.87,497
803,LUMAXTECH.NS,1827.4,1770.2,117.25K,Producer Manufacturing,Auto Parts: Oem,77.0,40.0,84.0,56.0,85.8214,84.9071,254.49K,146.91K,2190.0,1120.0,124.55B,No,1984.32,1935.69,1674.16,1960.38,1734.86,496
804,MAXESTATES.NS,529.55,531.75,33.34K,Finance,Real Estate Development,77.0,62.0,81.0,83.0,25.1464,24.7572,212.04K,221.35K,652.8,305.45,86.62B,No,573.75,516.71,435.98,526.0,445.76,496
805,SANGAMIND.NS,604.8,602.95,12.88K,Process Industries,Textiles,77.0,79.0,72.0,77.0,29.0214,29.0214,116.38K,92.12K,672.5,401.5,29.82B,No,600.38,593.6,518.93,598.61,545.88,496
806,HANNAH.BO,101.85,102.95,8.00K,Health Services,Hospital/Nursing Management,77.0,15.0,39.0,75.0,4.3321,3.875,16.06K,17.40K,128.8,55.99,2.31B,No,108.07,110.16,,108.61,95.33,170
807,FOSECOIND.NS,6236.5,6343.5,6.42K,Process Industries,Chemicals: Major Diversified,77.0,75.0,82.0,76.0,215.0357,214.7143,18.86K,12.77K,7389.5,4300.0,47.24B,No,6438.9,6005.14,5176.77,6108.55,5353.55,497
808,PCCOSMA.BO,440.7,463.85,2.69K,Consumer Non-Durables,Household/Personal Care,77.0,23.0,92.0,68.0,27.8107,25.7893,2.36K,1.36K,540.0,285.55,1.17B,No,481.47,444.47,362.04,454.37,367.45,495
809,SAENTER.BO,51.28,51.4,0.00K,Distribution Services,Wholesale Distributors,77.0,67.0,83.0,82.0,0.0,0.0,0.05K,0.05K,56.53,31.8,205.12M,No,51.4,48.03,44.43,49.27,45.66,494
810,BUILDPRO.NS,246.5,250.2,178.72K,Distribution Services,Wholesale Distributors,77.0,46.0,57.0,60.0,10.4686,10.0657,503.50K,455.64K,276.0,127.2,29.89B,No,253.43,254.39,,252.94,230.91,185
811,ADFFOODS.NS,289.7,288.3,103.32K,Consumer Non-Durables,Food: Specialty/Candy,77.0,82.0,37.0,86.0,10.25,10.2071,158.11K,161.01K,346.95,153.1,31.83B,No,273.85,270.49,245.99,270.17,264.52,497
812,SHREEPUSHK.NS,491.0,488.2,52.86K,Process Industries,Chemicals: Specialty,77.0,54.0,79.0,80.0,21.9786,21.8179,81.84K,59.77K,545.2,272.45,15.88B,No,499.56,458.07,383.06,460.89,401.7,497
813,EMMVEE.NS,300.05,302.0,901.80K,Electronic Technology,Semiconductors,77.0,27.0,35.0,77.0,13.0357,12.7464,2520.77K,1967.84K,371.55,171.51,207.74B,No,319.89,321.86,271.74,321.55,301.66,222
814,OSWALEA.BO,82.57,82.57,1.75K,Finance,Finance/Rental/Leasing,77.0,80.0,71.0,58.0,0.2807,0.0,0.06K,0.06K,82.57,58.71,41.28M,No,81.0,79.58,71.23,79.82,75.37,494
815,CHEMBONDCH.NS,220.86,219.31,4.20K,Process Industries,Chemicals: Major Diversified,77.0,9.0,37.0,84.0,12.8836,12.6707,14.23K,9.00K,290.0,104.85,5.94B,No,245.08,252.33,191.56,253.92,208.29,301
816,BETXIND.BO,465.2,508.0,0.07K,Process Industries,Textiles,77.0,52.0,48.0,73.0,19.3429,16.5679,0.14K,0.01K,648.0,220.05,697.80M,No,495.6,490.81,411.41,486.51,451.52,495
817,DIFFNKG.NS,428.25,427.25,123.02K,Producer Manufacturing,Industrial Machinery,77.0,56.0,70.0,85.0,22.0143,22.0143,352.88K,189.87K,519.9,216.8,15.90B,No,441.42,427.76,341.97,433.87,367.89,496
818,FEDERALBNK.NS,330.0,321.0,5254.15K,Finance,Major Banks,77.0,52.0,60.0,64.0,8.2821,8.2607,6134.18K,7875.86K,371.7,206.53,815.19B,No,329.26,343.52,305.42,340.32,317.09,497
819,STYLEBAAZA.NS,376.05,372.35,469.42K,Retail Trade,Apparel/Footwear Retail,77.0,57.0,85.0,74.0,19.625,19.0571,1087.92K,1597.02K,447.1,229.95,28.62B,No,380.52,372.53,328.57,380.96,343.35,497
820,MYMONEY.BO,49.63,41.36,14.68K,Finance,Investment Banks/Brokers,76.0,96.0,91.0,59.0,4.5614,3.93,1.38K,3.53K,54.45,30.85,833.80M,No,37.1,36.06,39.96,37.22,40.37,495
821,DHOOTTRANS.NS,1447.3,1440.4,764.12K,Producer Manufacturing,Electrical Products,76.0,27.0,,,80.0,79.3857,4473.06K,973.19K,1735.3,1131.0,296.04B,No,1545.25,,,,,38
822,HATSUN.NS,1121.8,1120.7,15.37K,Consumer Non-Durables,Food: Meat/Fish/Dairy,76.0,41.0,85.0,71.0,42.0643,41.7643,77.79K,27.57K,1349.7,855.3,249.88B,No,1155.15,1079.17,965.69,1102.02,985.78,497
823,CORONA.NS,2024.0,1993.5,13.29K,Health Technology,Pharmaceuticals: Major,76.0,56.0,58.0,75.0,61.5071,61.5,40.92K,25.46K,2292.4,1336.6,,No,2117.09,2109.39,1775.49,2112.71,1894.1,203
824,ARTEMISMED.NS,313.2,308.45,221.61K,Health Services,Hospital/Nursing Management,76.0,32.0,78.0,78.0,15.3893,14.4393,735.59K,2500.67K,378.8,203.35,,No,336.38,326.39,270.78,329.99,281.03,494
825,RAYMONDREL.NS,698.2,679.9,1558.08K,Finance,Real Estate Development,76.0,93.0,59.0,87.0,41.55,40.7679,1209.00K,2186.17K,741.95,349.0,46.47B,No,644.36,612.53,540.38,616.07,574.73,317
826,ACESOFT.BO,195.15,193.45,70.06K,Technology Services,Data Processing Services,76.0,49.0,96.0,59.0,12.0036,10.5536,61.62K,57.40K,378.8,106.0,4.63B,No,200.1,188.44,172.62,193.19,156.79,495
827,JAYATMA.BO,24.76,26.02,0.10K,Process Industries,Textiles,76.0,36.0,0.0,77.0,0.185,0.0857,0.07K,0.07K,70.18,13.33,74.28M,No,26.35,27.99,29.64,27.24,35.75,495
828,TAALTECH.NS,1018.4,1041.5,27.78K,Transportation,Airlines,76.0,89.0,,,83.4514,80.3429,79.03K,114.59K,1234.0,833.88,15.87B,No,1054.15,,,,,37
829,TACENT.BO,51.59,51.59,2.02K,Process Industries,Textiles,76.0,67.0,63.0,63.0,0.0,0.0,0.14K,0.77K,51.59,34.95,181.20M,No,51.59,50.41,45.19,50.61,47.16,494
830,DELTACORP.NS,81.31,78.32,11465.83K,Consumer Services,Movies/Entertainment,76.0,98.0,85.0,79.0,7.9186,7.8979,7387.04K,39856.94K,88.6,48.3,21.77B,No,69.51,63.86,64.97,64.22,64.88,497
831,PRADPME.NS,635.35,587.75,115.64K,Producer Manufacturing,Metal Fabrication,76.0,96.0,,,39.1107,36.3821,26.90K,82.08K,653.1,440.0,,No,499.79,,,,,37
832,GALAPREC.NS,1071.9,1103.2,59.73K,Producer Manufacturing,Metal Fabrication,76.0,73.0,36.0,83.0,63.3643,62.9357,46.07K,54.45K,1260.0,671.2,13.74B,No,1095.59,1067.27,910.88,1060.5,970.23,496
833,MAITRI.BO,41.0,39.75,0.10K,Non-Energy Minerals,Aluminum,76.0,85.0,79.0,64.0,0.8443,0.4671,0.06K,0.04K,46.55,22.1,180.40M,No,38.22,40.05,35.59,40.65,38.61,496
834,STOVEKRAFT.NS,802.1,803.1,79.64K,Consumer Durables,Electronics/Appliances,76.0,50.0,61.0,84.0,25.0357,24.9679,205.82K,95.92K,877.0,447.05,26.56B,No,815.66,805.99,641.86,802.36,687.55,496
835,ACE.NS,1176.9,1179.8,321.52K,Producer Manufacturing,Trucks/Construction/Farm Machinery,76.0,81.0,82.0,79.0,41.2,40.6714,496.18K,286.86K,1268.0,745.1,140.08B,No,1205.5,1154.91,968.71,1160.21,1004.14,497
836,BRAWN.BO,25.4,25.5,0.09K,Health Technology,Pharmaceuticals: Major,76.0,87.0,80.0,73.0,0.6986,0.16,0.60K,0.47K,25.7,17.71,76.21M,No,23.01,22.35,21.19,22.47,21.5,494
837,LLOYDSME.NS,1815.5,1795.6,514.89K,Non-Energy Minerals,Steel,76.0,71.0,62.0,70.0,58.35,54.9072,498.23K,473.57K,2125.0,1042.9,1021.64B,No,1828.97,1878.18,1598.94,1857.55,1751.49,497
838,MAGNAELQ.BO,1241.6,1232.55,0.22K,Producer Manufacturing,Metal Fabrication,76.0,17.0,61.0,76.0,84.5428,80.6357,2.66K,2.64K,1600.0,706.0,5.25B,No,1354.82,1329.32,1089.76,1347.47,1175.64,495
839,PRUDENT.NS,3254.7,3210.6001,27.53K,Finance,Investment Managers,76.0,66.0,73.0,79.0,113.45,109.0572,40.03K,34.28K,4105.5,2121.0,134.77B,No,3256.16,3312.02,2804.03,3310.96,2946.61,497
840,GABRIEL.NS,1362.2,1335.4,246.26K,Producer Manufacturing,Auto Parts: Oem,76.0,61.0,73.0,84.0,63.2714,61.7714,610.74K,204.15K,1600.0,795.7,261.04B,No,1343.58,1395.56,1134.27,1383.23,1195.89,497
841,FLUOROCHEM.NS,4476.8,4440.1001,87.19K,Process Industries,Chemicals: Specialty,76.0,51.0,78.0,77.0,120.9285,120.7928,183.93K,100.91K,4958.9,2916.6,491.78B,No,4513.51,4575.26,3821.24,4582.26,3995.52,497
842,DCMSIL.NS,76.02,75.72,67.97K,Process Industries,Textiles,76.0,87.0,58.0,64.0,5.6671,5.6671,86.06K,166.44K,105.27,49.5,6.61B,No,75.77,75.75,,76.69,72.25,159
843,WABAG.NS,1936.8,1934.1,270.79K,Industrial Services,Engineering & Construction,76.0,54.0,29.0,82.0,70.4214,70.2,659.11K,434.72K,2319.0,1033.0,121.08B,No,2056.36,2019.7,1606.87,2031.76,1771.67,497
844,HEXAGON.NS,69.43,68.59,192.52K,Health Technology,Pharmaceuticals: Major,76.0,85.0,53.0,,2.8579,2.8579,643.17K,476.91K,78.25,48.1,8.53B,No,67.01,66.69,,67.15,,83
845,TI.NS,541.0,548.05,1535.44K,Consumer Non-Durables,Beverages: Alcoholic,76.0,69.0,83.0,72.0,21.0929,20.8964,954.53K,979.57K,607.8,381.55,134.11B,No,552.83,543.61,467.34,549.3,478.57,497
846,SNL.BO,451.75,448.7,0.57K,Producer Manufacturing,Auto Parts: Oem,76.0,86.0,82.0,75.0,18.8,16.7429,2.56K,1.77K,478.75,299.7,1.63B,No,448.1,414.23,377.61,422.64,382.77,495
847,CEIGALL.NS,369.0,374.1,372.79K,Industrial Services,Engineering & Construction,76.0,63.0,62.0,74.0,13.1643,13.1643,439.88K,309.39K,405.7,222.61,64.28B,No,380.0,353.06,322.91,355.02,343.04,496
848,SHANTIGEAR.NS,562.4,557.0,72.98K,Producer Manufacturing,Auto Parts: Oem,76.0,4.0,86.0,70.0,31.625,31.0321,386.55K,75.78K,743.0,384.0,43.16B,No,642.14,546.06,473.13,562.08,484.18,497
849,GKL.BO,37.94,37.76,49.82K,Consumer Durables,Other Consumer Specialties,76.0,71.0,71.0,50.0,2.3914,2.3914,46.35K,19.52K,49.49,19.31,570.60M,No,37.65,32.93,37.15,33.66,36.09,495
850,CAPRIHANS.BO,102.9,104.95,3.13K,Process Industries,Containers/Packaging,76.0,6.0,90.0,80.0,1.8893,1.0607,9.42K,1.43K,138.85,50.3,1.81B,No,114.93,108.94,85.22,110.85,86.57,495
851,RSWM.NS,195.63,195.79,18.73K,Process Industries,Textiles,76.0,14.0,56.0,81.0,9.7071,9.6786,63.90K,53.68K,238.0,120.0,9.21B,No,212.46,209.66,175.13,208.3,186.66,496
852,GYANDEV.BO,54.03,53.5,0.00K,Finance,Real Estate Development,76.0,73.0,79.0,82.0,1.2486,0.9079,0.45K,0.07K,66.99,27.62,162.09M,No,53.72,52.22,44.64,52.19,47.92,494
853,VOLTAMP.NS,10302.0,10399.0,10.80K,Producer Manufacturing,Electrical Products,76.0,27.0,72.0,61.0,265.2143,260.2143,40.85K,12.41K,12863.0,6666.0,104.23B,No,10644.2,10554.28,9350.56,10696.5,10028.25,497
854,ROBU.BO,1046.6,1051.4,2.81K,Retail Trade,Electronics/Appliance Stores,76.0,48.0,34.0,72.0,55.0821,52.1821,5.50K,4.14K,1315.0,636.36,10.84B,No,1071.18,1111.79,973.91,1104.09,1052.02,497
855,OMAXE.NS,100.19,98.42,410.28K,Finance,Real Estate Development,76.0,3.0,75.0,76.0,5.7307,5.5186,3491.91K,515.45K,138.89,62.5,18.40B,No,113.32,108.19,86.16,112.51,90.78,497
856,KIRIINDUS.NS,544.25,542.55,228.85K,Process Industries,Chemicals: Specialty,75.0,36.0,92.0,78.0,21.625,21.2179,957.14K,502.96K,779.0,333.8,35.47B,No,542.64,500.69,452.21,508.47,433.46,497
857,IIRM.BO,119.15,118.3,2.95K,Producer Manufacturing,Miscellaneous Manufacturing,75.0,8.0,45.0,76.0,7.7714,7.6464,24.06K,28.48K,151.85,68.0,8.31B,No,130.19,132.72,107.98,132.25,117.04,495
858,DHANBANK.NS,33.96,32.65,3865.26K,Finance,Major Banks,75.0,86.0,55.0,77.0,1.9229,1.9207,1468.99K,3421.52K,36.85,19.45,13.40B,No,29.65,31.29,28.91,31.39,30.69,497
859,DYCL.NS,420.6,423.9,167.79K,Producer Manufacturing,Electrical Products,75.0,31.0,80.0,81.0,18.8786,18.2607,1372.15K,302.37K,560.0,236.8,20.38B,No,444.73,448.52,356.65,450.48,377.01,497
860,OCTAWARE.BO,59.37,59.37,1.60K,Technology Services,Information Technology Services,75.0,67.0,37.0,25.0,0.0,0.0,0.15K,0.15K,98.53,25.46,213.17M,No,59.37,59.82,66.45,59.84,62.18,494
861,COCKERILL.NS,7730.0,7727.5,2.92K,Non-Energy Minerals,Steel,75.0,37.0,15.0,,211.8929,211.8929,9.51K,3.12K,10871.5,5015.25,,No,7983.43,8326.39,,8277.4,,118
862,AARTISURF.NS,483.75,485.8,6.67K,Process Industries,Chemicals: Major Diversified,75.0,24.0,85.0,71.0,21.8857,21.825,42.32K,8.54K,677.7,316.0,4.10B,No,506.54,529.88,425.32,539.8,437.66,496
863,GSBFIN.BO,49.24,51.74,0.20K,Finance,Investment Banks/Brokers,75.0,34.0,67.0,74.0,3.0086,2.7907,6.91K,1.36K,58.45,29.5,295.44M,No,49.02,47.21,38.64,47.55,40.38,495
864,ANG.BO,36.34,37.08,2.21K,Health Technology,Pharmaceuticals: Major,75.0,78.0,72.0,86.0,0.6893,0.3829,5.30K,3.39K,49.69,17.63,474.54M,No,38.3,34.2,29.42,34.4,31.08,495
865,FORINTL.BO,81.75,81.0,0.03K,Transportation,Air Freight/Couriers,75.0,76.0,70.0,74.0,4.2171,3.5457,0.81K,0.40K,92.0,52.0,575.52M,No,80.01,79.31,72.49,79.7,76.59,495
866,DPWIRES.NS,224.88,215.64,119.37K,Producer Manufacturing,Metal Fabrication,75.0,98.0,85.0,83.0,15.0729,14.2879,57.16K,354.95K,251.9,125.02,3.49B,No,170.8,164.46,171.93,164.47,170.86,496
867,AURUM.NS,232.77,227.39,87.84K,Technology Services,Packaged Software,75.0,75.0,64.0,77.0,8.2964,8.1329,277.17K,133.18K,264.64,151.9,22.48B,No,223.72,225.16,197.12,225.49,203.86,497
868,PREMEXPLN.NS,687.05,689.05,106.40K,Process Industries,Chemicals: Specialty,75.0,73.0,59.0,85.0,8.05,8.0,300.66K,253.25K,829.8,378.4,36.95B,No,677.24,668.27,587.77,667.07,623.15,497
869,KVSCASTING.BO,75.49,76.56,54.00K,Non-Energy Minerals,Steel,75.0,3.0,77.0,83.0,3.4693,2.9129,74.74K,35.60K,96.0,48.01,1.42B,No,83.31,81.29,63.91,83.13,67.57,250
870,EPIC.BO,46.17,42.91,41.38K,Producer Manufacturing,Electrical Products,75.0,97.0,87.0,72.0,2.3607,2.2729,8.54K,22.48K,55.64,25.2,366.81M,No,34.03,33.85,36.39,34.29,36.4,495
871,OMFREIGHT.NS,107.46,106.72,65.34K,Transportation,Air Freight/Couriers,75.0,94.0,76.0,77.0,5.8679,5.8214,12.37K,26.37K,114.33,58.95,3.62B,No,93.76,92.25,88.03,93.0,87.27,248
872,GRANULES.NS,815.25,815.05,603.55K,Health Technology,Pharmaceuticals: Other,75.0,29.0,40.0,73.0,26.7964,26.7964,1021.16K,753.21K,923.65,529.85,222.38B,No,854.97,851.61,723.84,856.58,781.88,496
873,VISHNU.NS,654.85,665.65,60.14K,Process Industries,Chemicals: Specialty,75.0,22.0,74.0,72.0,25.2929,24.9607,138.46K,97.77K,744.0,460.2,44.08B,No,692.19,657.84,582.65,662.5,607.87,497
874,TNPETRO.NS,118.51,118.98,549.50K,Process Industries,Chemicals: Specialty,75.0,10.0,83.0,77.0,6.715,6.6971,1546.25K,1540.92K,146.99,78.67,10.66B,No,126.34,118.9,98.96,120.05,100.07,497
875,VGIL.BO,145.25,144.3,2.50K,Finance,Real Estate Development,75.0,77.0,66.0,88.0,2.2607,2.0071,3.68K,3.23K,155.0,71.81,2.48B,No,142.45,138.31,123.02,139.8,130.79,495
876,DCBBANK.NS,203.79,196.56,2106.22K,Finance,Regional Banks,75.0,20.0,72.0,57.0,7.4164,6.905,2038.35K,1410.32K,234.8,127.41,65.66B,No,211.67,205.52,188.59,207.43,190.72,497
877,BMW.BO,53.65,53.27,74.53K,Non-Energy Minerals,Steel,75.0,72.0,59.0,80.0,2.395,2.3379,210.89K,164.97K,65.19,26.06,12.08B,No,53.31,51.64,46.31,51.81,49.94,495
878,KMCSHIL.NS,169.77,177.28,326.02K,Health Services,Hospital/Nursing Management,75.0,94.0,,,11.0136,10.8129,757.45K,843.16K,185.5,128.48,27.69B,No,159.97,,,,,37
879,SOTEFIN.BO,257.3,260.3,12.00K,Producer Manufacturing,Industrial Machinery,75.0,75.0,,,12.65,12.1571,109.23K,35.76K,314.0,197.1,4.67B,No,273.0,252.15,,256.9,,55
880,GANESHBE.NS,106.31,111.9,356.21K,Process Industries,Chemicals: Specialty,75.0,5.0,74.0,74.0,7.2936,5.8036,696.78K,628.96K,143.0,68.4,7.65B,No,124.91,121.68,97.99,122.52,106.38,496
881,EXPOEAPL.BO,89.0,87.16,0.73K,Producer Manufacturing,Industrial Machinery,75.0,67.0,82.0,78.0,5.0007,4.9,28.46K,3.90K,104.29,46.4,2.31B,No,90.91,87.77,69.48,88.46,73.18,495
882,BALPHARMA.NS,93.06,96.21,17.23K,Health Technology,Pharmaceuticals: Major,75.0,59.0,81.0,70.0,6.3214,6.1236,78.77K,59.45K,124.6,60.0,1.48B,No,104.62,94.8,81.5,94.93,84.98,496
883,ANTHEM.NS,862.3,872.55,187.09K,Health Technology,Biotechnology,75.0,25.0,79.0,72.0,27.6786,27.6107,831.58K,429.74K,977.55,579.15,484.37B,No,892.0,887.14,754.39,889.77,797.99,303
884,SUDARSHAN.BO,37.52,35.15,300.00K,Health Technology,Pharmaceuticals: Major,75.0,20.0,45.0,73.0,1.6757,1.6243,471.61K,83.60K,42.79,18.5,9.55B,No,38.56,37.91,31.9,38.01,34.98,495
885,VOEPL.NS,524.95,532.6,110.43K,Health Technology,Medical Specialties,75.0,50.0,81.0,,29.3679,29.2321,184.30K,305.64K,593.45,428.65,17.98B,No,505.81,512.5,,517.62,,71
886,BELRISE.NS,234.17,234.8,1718.54K,Producer Manufacturing,Auto Parts: Oem,75.0,77.0,62.0,68.0,9.0507,8.8993,3950.75K,2665.82K,268.2,142.59,226.48B,No,238.01,238.0,211.19,238.98,225.17,341
887,TGIF.BO,110.0,106.5,1.20K,Process Industries,Agricultural Commodities/Milling,75.0,87.0,68.0,74.0,5.2321,4.1,3.29K,1.32K,126.95,67.05,284.64M,No,107.56,104.15,93.82,104.25,97.32,495
888,SUNSHINE.NS,440.2,432.8,126.55K,Consumer Services,Movies/Entertainment,75.0,25.0,,,22.2786,22.2214,2852.31K,576.14K,524.95,326.25,13.71B,No,430.55,,,,,32
889,MRTX.BO,397.0,396.5,94.00K,Electronic Technology,Electronic Components,75.0,94.0,55.0,,30.4179,30.2107,142.49K,187.30K,506.0,283.1,6.94B,No,405.17,360.86,,373.42,,87
890,SAREGAMA.NS,485.6,481.85,184.81K,Consumer Services,Movies/Entertainment,75.0,60.0,62.0,85.0,17.0036,16.8643,611.28K,372.12K,574.5,307.05,93.22B,No,496.11,505.12,414.52,502.12,444.69,496
891,MARALOVER.NS,57.27,56.41,4.94K,Process Industries,Textiles,75.0,14.0,66.0,77.0,3.955,3.8136,25.07K,13.65K,68.89,34.11,2.38B,No,59.31,57.4,50.17,57.78,53.34,496
892,JASH.NS,560.95,565.85,265.89K,Producer Manufacturing,Industrial Machinery,75.0,85.0,68.0,78.0,27.7179,25.9179,441.60K,386.18K,619.4,327.1,35.29B,No,561.87,517.81,448.0,518.37,467.58,496
893,MAZDA.NS,279.05,271.7,17.92K,Producer Manufacturing,Industrial Machinery,75.0,76.0,80.0,82.0,15.7679,14.9893,27.23K,47.36K,310.0,159.2,5.59B,No,270.9,253.65,221.63,258.74,227.71,497
894,ANSINDUS.BO,16.41,17.27,1.22K,Consumer Non-Durables,Food: Major Diversified,74.0,0.0,94.0,31.0,1.5079,1.1264,1.12K,1.04K,36.61,9.4,151.88M,No,22.81,20.95,17.23,21.64,17.2,496
895,CRAZY.BO,55.6,57.23,3.00K,Consumer Non-Durables,Food: Specialty/Candy,74.0,37.0,79.0,,1.3107,0.6636,35.08K,4.50K,70.0,42.47,1.33B,No,55.57,58.25,,57.71,,69
896,MAHABANK.NS,83.16,82.05,10805.77K,Finance,Major Banks,74.0,61.0,57.0,67.0,2.4736,2.4021,15068.87K,14779.04K,94.5,54.66,639.63B,No,81.98,81.71,75.47,82.47,79.93,497
897,UCAL.NS,134.36,139.39,17.35K,Producer Manufacturing,Auto Parts: Oem,74.0,31.0,81.0,80.0,5.3379,5.0371,30.34K,9.13K,163.8,77.0,2.97B,No,140.79,138.21,114.31,140.33,116.29,495
898,DCI.NS,341.05,345.2,22.43K,Electronic Technology,Telecommunications Equipment,74.0,90.0,81.0,25.0,19.725,19.6929,245.72K,298.21K,475.0,208.98,5.59B,No,305.16,336.39,287.52,339.77,308.38,496
899,KAMATHOTEL.NS,251.05,251.72,74.16K,Consumer Services,Hotels/Resorts/Cruise Lines,74.0,85.0,89.0,82.0,10.0386,9.7429,85.77K,125.38K,315.0,140.2,7.40B,No,235.84,215.14,193.87,220.73,188.08,497
900,GAEL.NS,163.43,158.47,995.24K,Consumer Non-Durables,Food: Specialty/Candy,74.0,60.0,69.0,59.0,6.4014,6.3779,1363.40K,625.89K,184.99,101.2,74.96B,No,160.71,167.94,151.76,165.93,158.11,497
901,KUNSTOFF.BO,27.41,27.47,0.03K,Producer Manufacturing,Miscellaneous Manufacturing,74.0,97.0,81.0,71.0,1.8829,1.6986,1.29K,1.50K,32.5,18.0,188.85M,No,24.83,22.53,22.86,22.77,22.97,495
902,TOTAL.NS,72.0,70.01,4.74K,Transportation,Air Freight/Couriers,74.0,60.0,88.0,78.0,3.0657,3.0457,20.90K,4.13K,87.89,45.0,1.16B,No,71.73,68.91,61.55,70.74,58.73,496
903,SHILINDORE.BO,1230.0,1225.0,0.02K,Consumer Services,Hotels/Resorts/Cruise Lines,74.0,42.0,40.0,75.0,15.625,9.2143,0.80K,0.01K,1430.0,702.05,3.75B,No,1294.26,1236.13,1038.87,1242.1,1127.92,496
904,SCHNEIDER.NS,1176.9,1191.4,205.30K,Producer Manufacturing,Electrical Products,74.0,51.0,20.0,68.0,46.0357,45.9214,346.08K,348.65K,1548.0,571.85,281.40B,No,1218.82,1249.34,1085.03,1247.79,1222.43,497
905,ORIENTHOT.NS,140.01,139.12,209.16K,Consumer Services,Hotels/Resorts/Cruise Lines,74.0,67.0,68.0,82.0,3.985,3.9579,1850.41K,532.18K,148.8,80.0,25.01B,No,141.07,137.03,114.79,137.39,119.15,497
906,PLASTIBLEN.NS,201.79,199.47,156.82K,Process Industries,Chemicals: Major Diversified,74.0,81.0,75.0,81.0,9.0929,8.7093,88.65K,61.17K,216.29,121.01,5.24B,No,194.13,192.42,169.22,194.37,175.33,497
907,SWRNASE.BO,92.49,87.78,0.01K,Finance,Financial Conglomerates,74.0,76.0,54.0,63.0,2.5086,1.7414,0.11K,0.10K,105.0,59.3,277.47M,No,87.48,89.09,84.95,88.57,86.25,495
908,PONNIERODE.NS,345.6,348.35,23.34K,Process Industries,Agricultural Commodities/Milling,74.0,31.0,73.0,71.0,19.975,19.5036,56.27K,58.11K,455.0,252.4,2.97B,No,367.46,365.72,308.83,371.05,327.25,496
909,RASRESOR.BO,54.18,55.0,1.05K,Consumer Services,Hotels/Resorts/Cruise Lines,74.0,70.0,49.0,79.0,4.0043,3.5093,0.50K,0.86K,64.9,33.34,215.08M,No,55.38,55.29,48.31,54.62,51.37,495
910,CAPLIPOINT.NS,2460.8,2548.8,188.70K,Health Technology,Pharmaceuticals: Major,74.0,20.0,49.0,84.0,115.6714,114.8142,179.08K,125.98K,2990.0,1500.3,187.05B,No,2698.4,2634.68,2132.55,2637.47,2269.63,497
911,ALPHAGEO.NS,258.75,250.7,7.35K,Industrial Services,Oilfield Services/Equipment,74.0,4.0,88.0,61.0,13.2714,13.0821,37.13K,6.44K,368.0,164.8,1.65B,No,278.97,288.15,229.94,289.62,235.18,496
912,DICIND.NS,603.1,600.75,0.26K,Process Industries,Industrial Specialties,74.0,56.0,80.0,66.0,28.3214,27.5821,9.96K,2.90K,675.0,450.5,5.54B,No,622.76,588.92,533.66,601.44,543.81,496
913,CARTRADE.NS,2951.0,2837.8999,261.15K,Technology Services,Internet Software/Services,74.0,37.0,68.0,87.0,114.6928,114.5428,507.79K,230.26K,3290.5,1600.0,143.46B,No,2941.58,2926.24,2394.99,2951.55,2403.79,497
914,21STCENMGM.NS,43.12,41.07,22.61K,Finance,Investment Banks/Brokers,74.0,88.0,90.0,84.0,1.2893,1.1886,6.74K,4.43K,53.79,28.25,452.76M,No,39.3,40.78,37.4,40.86,35.77,496
915,POLYCON.BO,26.5,26.75,0.39K,Producer Manufacturing,Miscellaneous Manufacturing,74.0,78.0,86.0,69.0,0.5693,0.4007,0.62K,0.17K,35.0,15.45,129.56M,No,25.76,24.06,24.32,24.12,22.32,495
916,APOORVA.NS,31.25,32.89,0.05K,Finance,Financial Conglomerates,74.0,94.0,,,1.855,1.7543,0.46K,0.59K,35.58,24.04,624.22M,No,31.72,,,,,35
917,RATEGAIN.NS,853.65,830.95,300.67K,Technology Services,Packaged Software,74.0,65.0,36.0,86.0,28.925,28.8179,431.25K,224.73K,1050.0,437.0,101.09B,No,849.27,893.21,727.0,892.56,777.81,496
918,SVLL.NS,795.9,801.3,5.93K,Transportation,Air Freight/Couriers,74.0,67.0,82.0,77.0,44.6357,44.4929,14.01K,11.71K,897.45,445.15,9.15B,No,815.71,789.19,669.95,789.87,683.34,496
919,JYOTICNC.NS,999.7,1009.9,492.52K,Producer Manufacturing,Metal Fabrication,74.0,54.0,86.0,71.0,47.9786,47.3357,1206.97K,795.74K,1134.6,580.1,227.35B,No,1037.29,968.66,833.0,977.49,818.6,497
920,PATELSAI.BO,373.75,363.7,4.57K,Producer Manufacturing,Industrial Machinery,74.0,96.0,42.0,79.0,24.7179,23.4964,14.61K,16.44K,437.15,180.1,2.04B,No,367.28,324.61,292.86,327.59,318.63,495
921,PNBHOUSING.NS,1158.0,1150.0,833.01K,Finance,Finance/Rental/Leasing,74.0,66.0,67.0,76.0,33.9357,33.2857,958.97K,971.15K,1211.5,729.6,302.01B,No,1125.51,1137.72,996.13,1145.66,1045.58,497
922,RACLGEAR.NS,1460.6,1502.0,56.12K,Producer Manufacturing,Auto Parts: Oem,74.0,47.0,80.0,60.0,78.5429,78.5429,69.09K,30.04K,1927.7,921.8,17.25B,No,1655.18,1536.12,1322.78,1569.96,1387.36,456
923,MIDHANI.NS,440.5,442.55,496.24K,Non-Energy Minerals,Other Metals/Minerals,74.0,35.0,69.0,79.0,16.65,16.4607,1794.75K,1131.23K,482.4,266.65,82.52B,No,427.67,424.93,386.02,425.62,401.37,497
924,RRMETAL.BO,47.49,47.4,1.34K,Distribution Services,Food Distributors,74.0,71.0,23.0,86.0,3.1357,2.515,13.77K,12.63K,77.81,23.8,427.83M,No,44.38,54.84,40.44,52.51,45.19,495
925,EMCURE.NS,1833.5,1851.5,59.46K,Health Technology,Pharmaceuticals: Major,74.0,48.0,62.0,65.0,53.6714,53.5429,165.36K,119.71K,2100.7,1306.5,347.83B,No,1944.3,1926.55,1695.62,1928.21,1791.17,496
926,LAXMIPATI.BO,440.0,440.1,1.50K,Producer Manufacturing,Trucks/Construction/Farm Machinery,74.0,65.0,21.0,90.0,13.6464,6.1464,0.43K,1.00K,585.0,209.0,2.53B,No,446.7,457.0,359.27,450.75,380.77,496
927,KALYANKJIL.NS,554.0,553.5,3810.43K,Retail Trade,Specialty Stores,74.0,26.0,80.0,71.0,20.425,20.3821,20158.54K,9007.58K,648.95,327.05,572.14B,No,572.81,590.79,463.02,587.12,477.08,497
928,HINDCON.NS,28.46,29.95,106.60K,Non-Energy Minerals,Construction Materials,74.0,91.0,90.0,70.0,1.8457,1.1436,41.36K,106.22K,37.75,15.66,1.46B,No,27.52,24.83,22.86,25.15,22.77,496
929,AJANTPHARM.NS,3410.1,3435.6001,124.42K,Health Technology,Pharmaceuticals: Major,74.0,49.0,63.0,72.0,98.3857,96.3857,95.44K,115.42K,3796.0,2380.2,426.12B,No,3530.65,3544.04,3122.45,3545.95,3222.61,496
930,EASTSILK.NS,66.27,69.75,0.10K,Process Industries,Textiles,74.0,91.0,88.0,45.0,5.0329,4.7979,1.40K,2.29K,99.25,46.27,331.35M,No,67.1,64.01,63.19,64.92,59.38,497
931,FLEXFO.BO,53.22,49.75,10.05K,Consumer Non-Durables,Food: Specialty/Candy,74.0,87.0,84.0,65.0,4.0671,3.8879,5.17K,6.34K,68.9,29.36,662.59M,No,48.4,46.73,43.73,47.09,43.92,495
932,PARSHWANA.BO,94.91,95.95,0.01K,Consumer Durables,Homebuilding,73.0,73.0,91.0,32.0,2.2443,1.3371,0.17K,0.01K,115.55,52.0,297.24M,No,95.87,86.36,88.47,88.69,86.13,493
933,CRSTCHM.BO,138.0,138.35,0.41K,Health Technology,Pharmaceuticals: Other,73.0,72.0,68.0,84.0,13.4607,13.0036,2.11K,2.65K,185.0,73.01,414.00M,No,148.27,136.5,117.35,138.76,125.7,495
934,CENTENKA.NS,559.2,555.55,24.79K,Process Industries,Chemicals: Specialty,73.0,47.0,71.0,78.0,19.9643,19.4393,352.61K,27.77K,671.65,371.2,12.22B,No,561.15,575.51,489.92,569.97,511.48,497
935,SWAGTAM.BO,75.99,75.99,0.00K,Finance,Real Estate Development,73.0,87.0,83.0,58.0,1.455,1.0307,0.06K,0.04K,76.89,40.5,90.47M,No,68.48,61.33,62.47,64.03,64.04,493
936,SANGINITA.NS,73.89,66.8,296.63K,Process Industries,Chemicals: Specialty,73.0,87.0,,,1.6207,0.575,272.08K,78.96K,76.89,9.26,1.91B,No,69.04,62.62,,62.65,,57
937,SBVCL.BO,124.8,125.0,4.20K,Producer Manufacturing,Industrial Machinery,73.0,59.0,82.0,78.0,5.6786,3.6964,5.92K,5.28K,152.25,60.3,1.02B,No,136.22,122.15,102.64,124.93,107.41,495
938,SUDARSCHEM.NS,1166.8,1176.8,127.92K,Process Industries,Chemicals: Specialty,73.0,50.0,81.0,82.0,44.5,44.5,403.55K,262.05K,1347.0,726.4,92.90B,No,1220.61,1185.2,975.01,1209.14,1008.18,497
939,INFONATIVE.BO,35.85,35.59,4.80K,Technology Services,Internet Software/Services,73.0,79.0,79.0,73.0,1.2307,0.9857,6.09K,4.48K,42.27,23.1,424.74M,No,36.38,36.29,30.48,36.13,30.73,372
940,YASHINNO.BO,42.03,41.83,3.43K,Distribution Services,Wholesale Distributors,73.0,71.0,93.0,24.0,3.0486,3.0486,40.75K,29.02K,52.2,26.5,673.74M,No,42.7,39.81,40.62,40.61,41.46,495
941,FINEORG.NS,5410.5,5380.5,21.31K,Process Industries,Chemicals: Major Diversified,73.0,79.0,72.0,68.0,163.9286,163.9286,27.89K,32.53K,5666.0,3856.0,165.89B,No,5215.25,5157.2,4721.6,5189.13,4898.14,497
942,CGCL.NS,241.82,241.54,2779.51K,Finance,Finance/Rental/Leasing,73.0,22.0,51.0,77.0,7.8686,7.7129,4741.48K,2078.05K,287.45,151.1,232.67B,No,256.06,247.78,205.66,250.01,219.07,497
943,SHARP.BO,126.5,130.25,22.48K,Consumer Durables,Electronics/Appliances,73.0,80.0,72.0,,0.2679,0.0,5.34K,3.97K,129.0,36.0,3.28B,No,127.62,124.26,,124.94,,93
944,PURSHOTTAM.BO,41.96,36.0,0.00K,Finance,Investment Banks/Brokers,73.0,94.0,81.0,73.0,2.2093,1.4814,25.42K,49.84K,44.93,30.0,311.48M,No,36.06,35.1,36.07,35.28,35.39,494
945,ARIHANTCAP.NS,96.19,95.62,497.00K,Finance,Investment Banks/Brokers,73.0,94.0,87.0,79.0,5.2021,4.9393,607.72K,617.59K,120.0,56.97,10.54B,No,88.19,81.54,76.6,82.2,74.43,497
946,AYE.NS,156.94,160.79,689.00K,Finance,Finance/Rental/Leasing,73.0,9.0,43.0,86.0,8.1436,8.1436,1615.00K,892.39K,197.29,88.22,38.38B,No,171.36,172.99,,173.47,152.29,160
947,GOODLUCK.NS,500.25,496.8,248.94K,Non-Energy Minerals,Steel,73.0,57.0,50.0,79.0,19.3393,19.0607,703.09K,384.20K,557.37,305.0,49.88B,No,513.83,488.79,430.74,491.75,457.59,497
948,MUFIN.NS,130.42,133.08,455.96K,Finance,Finance/Rental/Leasing,73.0,54.0,60.0,72.0,4.0143,4.0036,964.39K,1146.94K,141.5,87.35,25.84B,No,132.63,134.51,121.39,135.03,124.38,497
949,AARTIPHARM.NS,855.5,879.05,443.73K,Health Technology,Pharmaceuticals: Major,73.0,64.0,83.0,71.0,54.8571,53.1857,812.31K,717.37K,1002.4,585.0,77.58B,No,893.26,844.07,739.96,846.42,737.48,497
950,ANANDRATHI.NS,2038.7,2138.8999,1088.27K,Finance,Investment Managers,73.0,31.0,48.0,68.0,63.2571,62.9786,307.04K,589.75K,2268.4,1353.85,338.51B,No,2157.85,2158.15,1818.33,2161.69,1942.97,497
951,APL.BO,94.75,94.05,2.00K,Distribution Services,Medical Distributors,73.0,12.0,85.0,72.0,3.2964,2.85,35.08K,11.30K,126.1,60.0,1.03B,No,101.45,95.08,82.58,97.94,83.08,305
952,PARACABLES.NS,55.85,55.05,968.22K,Producer Manufacturing,Electrical Products,73.0,4.0,20.0,84.0,2.6971,2.6943,1628.64K,1334.03K,75.7,28.3,18.28B,No,59.51,62.62,50.82,62.36,57.18,497
953,URBANCO.NS,159.76,160.25,2197.23K,Technology Services,Packaged Software,73.0,38.0,83.0,74.0,7.0164,6.8843,9613.88K,5997.24K,183.97,100.7,235.25B,No,165.34,159.1,134.75,161.73,139.89,263
954,OFSS.NS,10510.0,10400.0,211.39K,Technology Services,Packaged Software,73.0,21.0,36.0,83.0,402.1429,379.0714,299.11K,231.97K,12540.0,6234.5,915.44B,No,10972.75,11457.96,9292.16,11496.4,10121.32,497
955,SHYAMMETL.NS,1060.1,1066.8,160.79K,Producer Manufacturing,Metal Fabrication,73.0,61.0,73.0,73.0,31.95,31.8214,572.95K,419.56K,1148.0,746.0,295.11B,No,1072.06,1046.14,924.4,1052.48,963.16,497
956,CRANEX.BO,93.92,91.6,10.83K,Producer Manufacturing,Trucks/Construction/Farm Machinery,73.0,86.0,64.0,70.0,6.1979,5.9429,5.79K,11.75K,114.0,56.0,753.24M,No,82.51,85.26,79.37,83.47,82.07,495
957,MANCREDIT.NS,227.2,223.63,12.16K,Finance,Finance/Rental/Leasing,73.0,76.0,50.0,74.0,9.2664,8.8114,255.59K,127.98K,287.27,152.06,4.80B,No,222.41,229.42,195.5,228.36,208.12,496
958,GOELCONS.BO,420.0,416.85,2.80K,Industrial Services,Engineering & Construction,73.0,48.0,25.0,80.0,12.0536,10.575,7.08K,4.84K,505.5,249.25,6.07B,No,407.04,424.82,363.61,416.93,389.3,268
959,BIMETAL.NS,627.8,638.0,0.26K,Producer Manufacturing,Auto Parts: Oem,73.0,75.0,38.0,,23.0214,22.8821,0.77K,0.34K,750.75,470.9,2.40B,No,645.44,641.0,,639.89,,123
960,VISL.NS,29.09,28.46,13876.65K,Non-Energy Minerals,Steel,73.0,11.0,21.0,,1.565,1.5436,32825.70K,25408.85K,44.78,19.06,113.75B,No,31.51,34.37,,34.01,,82
961,AAYUSHBULL.BO,1282.5,1273.5,66.50K,Consumer Non-Durables,Apparel/Footwear,73.0,74.0,74.0,61.0,18.6571,18.2536,86.31K,76.84K,1350.0,979.15,19.64B,No,1279.62,1262.22,1168.03,1268.39,1197.82,495
962,WORKMATES.BO,387.65,379.5,24.00K,Technology Services,Packaged Software,73.0,39.0,88.0,60.0,21.4929,20.4071,27.65K,23.28K,514.0,264.0,5.01B,No,409.95,369.65,341.87,374.58,337.73,221
963,IDEAFORGE.NS,668.6,669.2,207.37K,Electronic Technology,Aerospace & Defense,73.0,13.0,7.0,87.0,32.1179,31.625,309.74K,232.35K,992.25,366.0,33.24B,No,719.03,780.16,651.71,772.67,736.67,497
964,CTE.NS,37.74,36.51,6.12K,Technology Services,Information Technology Services,73.0,26.0,87.0,74.0,2.0443,1.9471,19.94K,8.32K,59.93,20.51,726.52M,No,40.46,41.3,34.32,41.68,34.24,496
965,ARCHIDPLY.NS,99.75,101.0,27.00K,Producer Manufacturing,Building Products,73.0,53.0,84.0,75.0,4.6457,4.565,37.31K,17.57K,124.78,60.0,2.00B,No,103.06,99.34,86.21,100.55,86.09,497
966,SHAREINDIA.NS,182.71,185.9,1540.23K,Finance,Investment Banks/Brokers,73.0,83.0,63.0,75.0,9.6929,9.6186,3563.26K,1311.88K,233.35,115.36,39.98B,No,207.11,186.66,156.52,188.0,160.22,497
967,GEEKAYWIRE.NS,32.14,31.63,65.52K,Non-Energy Minerals,Steel,73.0,86.0,87.0,78.0,2.4093,2.3779,226.86K,205.07K,36.8,18.51,3.36B,No,31.5,27.25,26.24,27.72,25.45,497
968,SURAKSHA.NS,316.25,309.4,28.94K,Health Services,Medical/Nursing Services,73.0,38.0,82.0,68.0,16.7964,16.7929,172.76K,71.00K,360.0,224.1,16.47B,No,337.07,316.56,283.65,322.14,288.95,457
969,KSL.NS,935.55,945.05,53.38K,Non-Energy Minerals,Steel,72.0,77.0,55.0,80.0,38.0964,37.875,100.08K,154.00K,1032.9,574.0,40.94B,No,952.91,909.72,807.18,913.44,840.23,497
970,CORALAB.BO,572.25,547.0,2.88K,Health Technology,Pharmaceuticals: Other,72.0,70.0,50.0,81.0,34.55,33.4214,1.22K,1.06K,679.0,360.0,2.04B,No,565.88,585.79,501.6,585.85,522.98,495
971,APOLLOFI.BO,454.45,450.0,0.08K,Finance,Finance/Rental/Leasing,72.0,89.0,84.0,70.0,21.0643,17.725,1.26K,0.46K,602.0,299.0,1.70B,No,495.3,419.9,380.27,438.55,378.77,495
972,DESIFARMS.BO,632.05,632.05,1.97K,Transportation,Air Freight/Couriers,72.0,79.0,51.0,27.0,4.075,4.075,0.12K,0.26K,793.05,357.05,628.69M,No,628.76,622.07,672.61,624.6,636.81,494
973,RISHDIGA.BO,42.42,40.4,2.15K,Non-Energy Minerals,Steel,72.0,95.0,82.0,69.0,3.4264,3.2979,1.93K,3.48K,46.17,28.5,232.73M,No,40.68,38.06,35.51,38.87,35.81,495
974,GUFICBIO.NS,406.3,404.05,74.11K,Health Technology,Pharmaceuticals: Major,72.0,35.0,66.0,78.0,17.6786,17.45,105.88K,93.99K,467.8,268.0,40.74B,No,425.14,421.37,347.96,423.58,362.93,497
975,AAATECH.NS,107.92,103.44,543.92K,Technology Services,Information Technology Services,72.0,91.0,78.0,58.0,8.1493,8.1164,74.17K,268.41K,128.5,81.1,1.38B,No,95.98,94.11,96.85,94.76,94.86,496
976,UNIROYAL.BO,22.0,23.88,0.14K,Process Industries,Textiles,72.0,10.0,77.0,71.0,1.4129,1.3736,1.69K,0.27K,29.0,16.7,181.91M,No,23.98,23.6,20.78,23.82,21.17,495
977,VISTARAMAR.BO,171.2,165.9,4.27K,Finance,Investment Banks/Brokers,72.0,5.0,31.0,40.0,12.2286,12.1429,7.61K,7.19K,254.9,91.15,986.11M,No,180.61,201.17,180.32,198.8,198.29,495
978,GGAUTO.BO,231.5,218.8,30.84K,Producer Manufacturing,Industrial Machinery,72.0,97.0,91.0,71.0,18.8464,18.575,11.56K,17.28K,323.0,125.3,2.31B,No,198.21,175.84,181.7,179.55,164.44,495
979,CTL.BO,25.31,25.15,33.53K,Finance,Finance/Rental/Leasing,72.0,12.0,61.0,86.0,1.7336,1.7193,88.28K,35.61K,32.24,14.3,3.26B,No,28.04,28.38,21.74,28.37,21.8,496
980,NPST.NS,1752.2,1790.2,82.67K,Technology Services,Packaged Software,72.0,75.0,72.0,81.0,103.8572,103.65,111.19K,79.97K,2058.0,846.6,36.56B,No,1777.47,1676.07,1400.19,1692.96,1462.45,496
981,MOTILALOFS.NS,1026.0,1014.3,828.22K,Technology Services,Internet Software/Services,72.0,59.0,68.0,78.0,35.2179,34.5036,1186.77K,1052.24K,1097.1,614.9,618.65B,No,1014.76,979.67,863.39,992.04,894.94,497
982,NPL.BO,588.25,560.25,3.00K,Process Industries,Chemicals: Specialty,72.0,47.0,61.0,85.0,27.1393,26.7286,1.30K,1.09K,701.5,350.0,3.38B,No,596.4,608.96,517.98,616.43,553.12,495
983,TGVSL.NS,121.4,120.82,212.38K,Process Industries,Chemicals: Specialty,72.0,88.0,,,7.2279,6.8943,576.62K,1780.90K,130.49,101.01,13.00B,No,114.0,,,,,37
984,SOLARA.NS,644.35,654.9,199.60K,Health Technology,Pharmaceuticals: Major,72.0,33.0,78.0,76.0,32.5286,32.1464,494.52K,245.62K,774.0,422.0,31.09B,No,716.18,634.39,549.51,648.42,566.43,497
985,AGRIBIO.BO,303.1,308.05,17.99K,Distribution Services,Wholesale Distributors,72.0,39.0,46.0,61.0,13.95,13.8179,12.50K,8.26K,343.0,201.3,3.30B,No,313.0,318.82,281.91,317.88,301.48,495
986,ARIS.NS,140.31,136.42,2923.92K,Technology Services,Packaged Software,72.0,87.0,87.0,70.0,7.6507,7.4779,1751.85K,1572.56K,178.3,82.18,11.48B,No,135.57,135.29,121.31,136.78,125.3,321
987,PKTEA.NS,899.0,899.9,0.96K,Process Industries,Agricultural Commodities/Milling,72.0,35.0,84.0,67.0,57.375,53.0821,4.33K,2.78K,1169.0,605.0,2.78B,No,988.69,846.96,794.53,862.11,802.5,496
988,LANCORHOL.NS,29.18,29.99,38.95K,Finance,Real Estate Development,72.0,2.0,70.0,71.0,2.0279,2.0207,256.84K,73.31K,41.75,18.12,2.15B,No,33.6,31.73,26.41,32.62,27.15,496
989,NAHARINDUS.NS,127.29,125.25,10.13K,Process Industries,Textiles,72.0,36.0,72.0,75.0,5.7364,5.5757,41.50K,19.05K,154.0,83.05,5.50B,No,129.93,128.77,112.65,129.98,117.55,496
990,GRINDWELL.NS,1990.6,2007.0,16.64K,Process Industries,Industrial Specialties,72.0,78.0,53.0,76.0,63.8714,63.6857,50.56K,33.66K,2455.0,1329.0,220.40B,No,1946.4,2011.68,1799.33,2010.18,1883.25,497
991,TBOTEK.NS,1666.4,1666.5,209.16K,Technology Services,Internet Software/Services,72.0,62.0,75.0,82.0,58.5786,58.5786,256.80K,369.52K,1772.5,1004.2,177.94B,No,1678.89,1669.98,1435.6,1673.72,1426.33,497
992,JAMNAAUTO.NS,142.67,147.95,2216.77K,Producer Manufacturing,Auto Parts: Oem,72.0,88.0,67.0,66.0,6.9693,6.8729,2574.19K,5171.86K,154.0,89.74,57.07B,No,135.27,130.19,127.95,130.37,127.39,497
993,SRIKPRIND.NS,23.82,24.7,2.26K,Non-Energy Minerals,Construction Materials,72.0,1.0,,,1.835,1.8221,28.73K,2.94K,36.8,19.4,,No,27.54,,,,,37
994,IIFL.NS,597.7,579.15,2000.05K,Finance,Finance/Rental/Leasing,72.0,48.0,72.0,76.0,20.2214,19.1179,2442.33K,1452.28K,705.0,409.1,254.20B,No,601.18,620.94,541.85,623.24,537.4,497
995,CUB.NS,231.42,220.07,3671.76K,Finance,Regional Banks,72.0,66.0,62.0,69.0,8.58,8.3271,2958.05K,3094.13K,248.85,158.69,229.29B,No,226.0,222.27,208.46,224.63,207.42,497
996,HESTERBIO.NS,2058.7,2069.8999,2.60K,Health Technology,Pharmaceuticals: Major,72.0,20.0,54.0,82.0,77.4,75.9785,29.26K,2.37K,2683.6,1239.3,,No,2177.43,2302.04,1876.45,2273.67,2004.54,496
997,MODIS.NS,398.05,375.25,120.14K,Finance,Real Estate Development,72.0,82.0,79.0,75.0,14.1821,14.1429,69.41K,34.66K,429.05,276.0,7.80B,No,365.19,381.36,347.98,378.08,355.95,223
998,SUNTV.NS,635.9,614.2,1787.41K,Consumer Services,Broadcasting,72.0,97.0,86.0,53.0,34.8464,34.7893,1366.81K,5868.66K,663.9,447.2,250.60B,No,533.29,500.15,541.83,506.54,531.98,497
999,SWARNSAR.NS,39.07,39.1,8.96K,Consumer Durables,Other Consumer Specialties,72.0,42.0,,,3.455,3.4471,25.17K,12.83K,45.7,32.0,,No,39.82,,,,,37
1000,SIS.NS,416.3,411.4,89.35K,Commercial Services,Miscellaneous Commercial Services,72.0,58.0,50.0,81.0,14.0857,14.0857,244.23K,318.62K,480.95,257.05,57.91B,No,417.06,422.58,373.93,423.94,394.69,497
1001,VISAKAIND.NS,84.57,80.55,106.00K,Process Industries,Industrial Specialties,72.0,28.0,65.0,78.0,4.1914,4.1214,568.48K,254.12K,104.41,50.2,7.31B,No,88.57,90.63,74.25,91.86,78.5,496
1002,HALEOSLABS.NS,1563.7,1567.8,0.90K,Health Technology,Biotechnology,72.0,85.0,56.0,68.0,50.2214,47.4429,0.85K,0.88K,1774.0,1091.1,4.73B,No,1512.5,1492.1,1409.17,1486.88,1467.11,496
1003,SIMRAN.BO,181.8,184.2,0.15K,Process Industries,Agricultural Commodities/Milling,72.0,72.0,83.0,62.0,9.9821,9.8107,5.96K,3.82K,198.0,131.6,874.46M,No,176.58,167.37,163.2,170.05,161.89,495
1004,HAMPS.BO,25.5,25.5,4.00K,Health Technology,Pharmaceuticals: Major,72.0,69.0,59.0,74.0,1.1893,0.84,5.29K,10.80K,26.58,13.36,222.16M,No,24.33,24.5,22.56,24.58,24.5,446
1005,AEGISVOPAK.NS,284.8,285.2,1171.56K,Transportation,Air Freight/Couriers,72.0,61.0,61.0,84.0,13.4536,13.2714,1618.64K,1071.27K,320.95,158.0,315.56B,No,297.31,286.37,236.94,285.82,241.12,338
1006,VMART.NS,821.95,811.15,144.09K,Retail Trade,Specialty Stores,71.0,67.0,69.0,75.0,29.4893,29.3214,119.31K,94.78K,888.0,457.9,65.41B,No,787.78,805.71,689.75,803.48,715.02,497
1007,KOLTEPATIL.NS,427.9,423.4,2347.68K,Finance,Real Estate Development,71.0,56.0,80.0,77.0,15.1536,15.1071,349.58K,41.06K,554.6,292.25,37.95B,No,430.81,440.53,383.98,442.87,390.39,496
1008,CREATIVE.BO,642.0,628.65,0.02K,Non-Energy Minerals,Steel,71.0,60.0,83.0,58.0,33.8286,31.0286,0.26K,0.22K,687.85,481.5,834.60M,No,624.81,623.1,572.88,626.98,581.67,494
1009,RPGLIFE.NS,2719.2,2811.7,32.70K,Health Technology,Pharmaceuticals: Major,71.0,57.0,49.0,82.0,157.8071,157.5785,31.70K,46.75K,3127.8,1733.0,44.97B,No,2865.72,2753.47,2342.44,2754.09,2449.47,497
1010,PARKERAC.BO,19.45,18.53,0.08K,Distribution Services,Wholesale Distributors,71.0,74.0,90.0,61.0,0.3664,0.0879,1.01K,0.10K,23.48,12.58,92.95M,No,20.13,18.43,16.86,18.91,16.44,494
1011,DEEPAKSP.BO,143.2,142.1,2.11K,Process Industries,Textiles,71.0,78.0,69.0,78.0,7.9179,7.8679,3.69K,4.28K,155.0,88.65,1.03B,No,141.42,138.52,123.24,138.81,125.89,495
1012,ACEMEN.BO,111.0,117.75,68.55K,Distribution Services,Wholesale Distributors,71.0,49.0,81.0,60.0,9.4214,9.3393,30.34K,46.95K,127.95,85.75,1.43B,No,115.58,114.41,101.47,114.75,103.16,495
1013,BERYLSE.BO,32.5,31.43,0.00K,Finance,Investment Banks/Brokers,71.0,90.0,73.0,66.0,1.24,0.9229,1.30K,0.07K,41.83,22.0,157.62M,No,30.19,31.46,29.86,31.06,30.87,495
1014,GOLDCOINHF.BO,35.01,33.35,12.71K,Process Industries,Agricultural Commodities/Milling,71.0,92.0,63.0,59.0,3.235,3.1679,2.68K,2.18K,38.49,22.0,52.53M,No,31.29,31.05,31.69,31.25,31.67,497
1015,ASIAPAK.BO,55.86,55.86,0.01K,Commercial Services,Miscellaneous Commercial Services,71.0,76.0,74.0,73.0,0.8043,0.5586,0.03K,0.04K,61.5,36.72,147.33M,No,56.77,55.6,50.76,55.84,52.2,494
1016,NUVAMA.NS,1764.4,1737.4,254.85K,Finance,Investment Managers,71.0,53.0,34.0,79.0,70.45,68.2857,459.93K,780.78K,2066.0,1096.9,325.56B,No,1716.46,1736.35,1535.55,1727.51,1614.29,497
1017,VETO.NS,131.63,135.63,46.02K,Producer Manufacturing,Electrical Products,71.0,80.0,70.0,75.0,7.4271,7.3593,53.90K,125.32K,155.9,82.32,2.52B,No,137.72,129.83,116.39,130.86,121.2,497
1018,ASHIANA.NS,372.55,372.25,18.75K,Finance,Real Estate Development,71.0,84.0,59.0,68.0,16.4464,16.3893,184.74K,33.49K,435.9,269.45,37.45B,No,374.54,371.75,343.53,367.61,359.33,497
1019,THEJO.NS,2025.5,2073.8,6.74K,Distribution Services,Wholesale Distributors,71.0,47.0,70.0,74.0,68.8286,68.8286,9.52K,7.80K,2286.6,1443.6,21.97B,No,2141.97,2118.27,1822.79,2124.67,1869.28,496
1020,LABELKRAFT.BO,63.0,63.0,2.00K,Distribution Services,Electronics Distributors,71.0,73.0,61.0,59.0,0.7857,0.2857,0.87K,1.20K,66.5,45.6,204.37M,No,62.5,62.7,57.91,62.9,61.21,494
1021,VRLLOG.NS,284.15,284.1,211.06K,Transportation,Trucking,71.0,56.0,84.0,64.0,4.9857,4.7893,376.41K,130.12K,310.2,225.0,49.71B,No,287.51,289.24,263.23,290.09,259.53,497
1022,SPML.BO,168.5,190.7,49.00K,Distribution Services,Medical Distributors,71.0,87.0,40.0,67.0,9.3429,7.8714,7.77K,7.80K,381.2,121.1,1.48B,No,160.9,160.45,,157.86,,132
1023,WINDLAS.NS,949.2,991.6,129.11K,Health Technology,Pharmaceuticals: Major,71.0,6.0,79.0,68.0,48.5679,48.5679,150.99K,85.60K,1181.9,697.4,19.59B,No,1077.69,1014.64,860.18,1032.36,892.02,497
1024,MAIDEN.BO,95.0,95.0,20.00K,Non-Energy Minerals,Steel,71.0,20.0,77.0,68.0,3.8857,3.6,24.98K,18.30K,125.0,63.52,1.35B,No,100.96,104.66,89.41,104.9,89.63,495
1025,LGEINDIA.NS,1757.0,1723.0,428.35K,Consumer Durables,Electronics/Appliances,71.0,81.0,77.0,70.0,49.7929,49.4786,670.87K,852.88K,1825.0,1304.1,1192.60B,No,1701.83,1656.42,1555.14,1680.95,1583.08,245
1026,FERMENTA.NS,517.55,539.6,109.79K,Health Technology,Biotechnology,71.0,84.0,,,37.0,35.7786,302.61K,887.71K,582.65,426.3,14.84B,No,504.44,,,,,37
1027,EPACKPEB.NS,253.62,256.33,764.89K,Industrial Services,Engineering & Construction,71.0,85.0,50.0,82.0,12.9514,12.7993,1075.32K,884.69K,344.0,132.17,25.52B,No,242.68,239.63,219.41,237.49,219.5,251
1028,PRIVISCL.NS,3424.1,3446.3,56.80K,Process Industries,Chemicals: Major Diversified,71.0,64.0,44.0,65.0,106.4143,104.4643,85.81K,157.30K,3785.3,2470.0,133.75B,No,3514.2,3506.54,3229.31,3502.35,3386.39,496
1029,TVSSRICHAK.NS,4374.2,4255.2002,6.36K,Consumer Durables,Automotive Aftermarket,71.0,5.0,68.0,68.0,181.6214,178.0357,34.50K,6.53K,5760.0,3185.0,33.49B,No,4601.14,4651.67,4124.76,4717.54,4156.64,496
1030,LXCHEM.NS,180.34,182.03,936.40K,Process Industries,Chemicals: Specialty,71.0,60.0,80.0,82.0,7.9964,7.8886,1665.91K,1487.31K,209.0,107.6,50.12B,No,179.03,176.66,155.33,176.52,158.54,497
1031,ITL.NS,364.4,364.85,1.56K,Producer Manufacturing,Industrial Machinery,71.0,63.0,,,16.0214,16.0107,2.29K,1.52K,390.0,311.1,,No,362.03,,,,,37
1032,UNIABEXAL.BO,4307.75,4319.1001,0.15K,Producer Manufacturing,Metal Fabrication,71.0,31.0,9.0,83.0,174.3786,163.7,0.80K,0.51K,5750.0,2667.0,8.51B,No,4550.53,4681.32,3861.28,4646.52,4182.87,495
1033,CTCL.BO,235.0,228.0,0.75K,Producer Manufacturing,Metal Fabrication,71.0,34.0,70.0,63.0,2.0107,0.1429,0.60K,0.67K,298.95,140.0,5.46B,No,233.44,254.37,210.21,252.12,221.14,497
1034,JETFREIGHT.NS,19.63,19.03,60.64K,Transportation,Airlines,71.0,57.0,50.0,60.0,1.1807,1.1807,266.55K,156.66K,25.95,12.0,999.63M,No,20.48,21.43,19.89,21.4,20.91,496
1035,TEXINFRA.NS,118.07,120.04,393.71K,Utilities,Electric Utilities,71.0,62.0,65.0,68.0,5.7071,5.4986,217.55K,261.50K,127.0,82.5,15.05B,No,117.73,114.45,103.65,114.06,106.37,497
1036,MSECL.BO,249.95,245.15,3.00K,Commercial Services,Miscellaneous Commercial Services,71.0,3.0,75.0,62.0,10.2286,9.8429,20.98K,18.30K,331.05,165.0,3.54B,No,258.09,247.46,221.94,251.51,231.56,296
1037,ELLEN.NS,348.15,350.4,657.11K,Process Industries,Chemicals: Specialty,71.0,85.0,82.0,86.0,23.3429,23.25,971.21K,1773.95K,473.55,175.0,49.07B,No,361.38,331.85,281.33,341.68,288.11,317
1038,PPLPHARMA.NS,196.88,196.43,1395.79K,Health Technology,Pharmaceuticals: Major,71.0,14.0,76.0,78.0,6.875,6.87,5196.65K,2746.24K,231.93,132.3,260.87B,No,205.42,208.76,175.06,208.74,180.12,497
1039,ETERNAL.NS,323.45,319.05,12980.73K,Technology Services,Internet Software/Services,71.0,71.0,76.0,76.0,9.3393,9.3393,30671.03K,25935.57K,368.45,212.6,2977.48B,No,326.56,322.65,277.67,323.5,279.3,497
1040,MILEFUR.BO,26.9,26.2,12.00K,Consumer Durables,Home Furnishings,71.0,63.0,48.0,36.0,0.735,0.3036,16.31K,13.20K,31.66,13.5,250.09M,No,25.82,24.99,27.55,25.14,27.03,495
1041,GAUDIUMIVF.NS,105.8,104.38,146.64K,Health Services,Medical/Nursing Services,71.0,22.0,24.0,76.0,6.69,6.6714,196.34K,294.70K,163.18,69.18,7.70B,No,112.21,118.77,,116.82,112.98,151
1042,HCKKVENTURE.BO,32.34,33.0,0.10K,Technology Services,Packaged Software,71.0,67.0,87.0,42.0,0.7421,0.2071,0.63K,0.55K,50.15,25.18,119.98M,No,30.98,34.39,35.45,34.31,36.8,495
1043,NELCAST.NS,142.48,141.52,449.00K,Non-Energy Minerals,Steel,70.0,94.0,63.0,61.0,8.7057,8.5729,401.94K,1044.55K,173.2,85.98,12.43B,No,117.53,118.26,122.53,119.68,129.68,496
1044,BHAGWOX.BO,42.6,42.78,0.91K,Energy Minerals,Oil & Gas Production,70.0,90.0,88.0,64.0,2.4336,2.1614,0.75K,0.48K,47.7,31.5,98.53M,No,39.31,38.51,38.19,39.05,36.65,495
1045,PITTIENG.NS,1023.6,1066.1,192.55K,Producer Manufacturing,Industrial Machinery,70.0,16.0,69.0,74.0,44.6857,44.6786,130.13K,73.61K,1228.0,675.0,37.78B,No,1128.15,1080.8,929.46,1088.19,972.87,496
1046,STAR.NS,1085.3,1095.3,189.12K,Health Technology,Pharmaceuticals: Major,70.0,31.0,60.0,61.0,38.7143,38.7143,372.52K,200.55K,1260.9,768.65,100.04B,No,1160.19,1077.19,1010.52,1079.55,1063.73,497
1047,NIKKIGL.BO,21.3,20.95,1.00K,Finance,Investment Banks/Brokers,70.0,78.0,82.0,37.0,1.01,0.7843,7.49K,0.76K,22.87,14.27,72.84M,No,20.27,19.73,20.32,19.99,20.6,495
1048,KANCOTEA.NS,54.85,52.93,0.02K,Process Industries,Agricultural Commodities/Milling,70.0,61.0,,,3.1986,3.0457,0.44K,0.34K,58.7,46.2,,No,53.96,,,,,37
1049,JAIHIND.BO,44.91,44.94,29.84K,Process Industries,Textiles,70.0,89.0,86.0,64.0,3.38,3.2636,35.38K,16.87K,60.0,31.0,283.83M,No,45.9,42.73,42.83,43.92,41.21,495
1050,APLAPOLLO.NS,2114.1,2040.0,397.08K,Non-Energy Minerals,Steel,70.0,56.0,79.0,49.0,62.9214,58.95,632.87K,620.43K,2301.4,1690.0,587.00B,No,2160.46,2119.26,1993.85,2157.6,1981.05,497
1051,GROWW.NS,192.39,192.6,13617.71K,Miscellaneous,Investment Trusts,70.0,63.0,46.0,54.0,5.535,5.4686,37389.83K,26971.65K,227.2,112.0,1194.93B,No,189.93,192.55,184.52,192.07,193.66,226
1052,TERAI.NS,140.01,116.68,25.08K,Consumer Non-Durables,Food: Major Diversified,70.0,84.0,,,8.8979,8.4829,0.34K,0.26K,140.01,100.3,963.17M,No,119.69,,,,,37
1053,SGIL.NS,616.2,606.35,3.60K,Non-Energy Minerals,Steel,70.0,80.0,63.0,70.0,34.7322,33.85,12.37K,7.67K,697.95,420.0,9.57B,No,618.11,599.94,551.7,599.61,566.6,496
1054,RISHILASE.BO,144.85,147.35,9.61K,Producer Manufacturing,Building Products,70.0,86.0,74.0,72.0,8.7893,8.1857,10.36K,23.58K,158.0,90.0,1.45B,No,144.74,134.84,123.03,136.78,125.02,495
1055,BAJAJHIND.NS,20.42,20.04,10382.94K,Process Industries,Agricultural Commodities/Milling,70.0,25.0,81.0,67.0,0.9686,0.9071,30578.75K,17824.69K,26.0,14.85,48.78B,No,20.22,20.14,18.29,20.24,18.84,497
1056,KOHINOOR.NS,29.29,28.88,63.86K,Process Industries,Agricultural Commodities/Milling,70.0,39.0,83.0,71.0,1.56,1.56,216.81K,133.33K,38.47,19.2,1.09B,No,30.31,29.64,26.07,30.64,26.55,496
1057,VINCOFE.NS,173.46,175.79,1248.56K,Distribution Services,Wholesale Distributors,70.0,58.0,71.0,71.0,8.2607,8.2607,2480.57K,1028.15K,191.35,120.24,25.27B,No,178.11,167.5,151.76,169.16,152.1,490
1058,GVT&D.NS,4194.4,4200.0,583.03K,Producer Manufacturing,Electrical Products,70.0,18.0,35.0,61.0,122.4072,118.5,887.78K,587.00K,5650.0,2523.2,1073.96B,No,4301.06,4316.34,4085.01,4308.24,4436.61,497
1059,NBL.BO,149.25,150.0,2.40K,Technology Services,Packaged Software,70.0,81.0,52.0,86.0,5.8429,4.0607,6.72K,6.84K,193.95,70.0,1.77B,No,147.12,140.98,116.09,141.91,116.79,496
1060,BBTCL.NS,227.72,225.54,10.16K,Process Industries,Containers/Packaging,70.0,65.0,65.0,71.0,9.7429,9.7429,12.36K,6.47K,262.0,156.0,4.67B,No,229.67,230.64,204.21,232.01,212.88,496
1061,PESB.BO,259.35,255.0,13.60K,Finance,Investment Banks/Brokers,70.0,56.0,53.0,60.0,7.825,7.1357,21.70K,20.32K,333.95,185.0,4.55B,No,260.91,257.78,251.81,259.89,267.12,495
1062,NEPHROPLUS.NS,616.4,626.95,229.57K,Health Services,Medical/Nursing Services,70.0,6.0,49.0,62.0,22.9643,21.2857,350.54K,1353.38K,781.5,446.0,61.98B,No,695.68,696.08,607.69,694.5,642.06,201
1063,JSWINFRA.NS,338.75,333.75,3524.78K,Industrial Services,Engineering & Construction,70.0,74.0,64.0,76.0,12.625,12.5036,3698.32K,3217.14K,375.5,233.42,784.26B,No,348.86,340.46,294.47,343.62,307.03,497
1064,TAINWALCHM.NS,219.26,203.35,21.62K,Process Industries,Containers/Packaging,70.0,77.0,78.0,67.0,11.5821,11.2457,12.54K,2.61K,257.0,155.0,2.05B,No,208.78,209.44,197.87,210.93,201.14,496
1065,MAHALIFE.BO,175.35,178.95,25.20K,Process Industries,Chemicals: Agricultural,70.0,52.0,69.0,54.0,7.5286,7.125,49.66K,21.60K,205.05,111.0,4.10B,No,179.55,181.45,175.07,180.53,173.18,221
1066,ABB.NS,6780.0,6770.0,336.75K,Producer Manufacturing,Electrical Products,70.0,33.0,58.0,49.0,193.6429,183.5714,275.80K,184.58K,7924.5,4637.5,1436.74B,No,7028.18,7332.41,6591.41,7286.9,7044.27,497
1067,NIRMITEE.BO,130.0,130.0,1.80K,Commercial Services,Miscellaneous Commercial Services,70.0,93.0,74.0,43.0,0.0,0.0,1.34K,1.34K,130.0,79.0,468.15M,No,130.0,119.11,122.34,119.62,119.56,494
1068,SUPRIYA.NS,847.65,861.35,137.41K,Health Technology,Pharmaceuticals: Major,70.0,36.0,58.0,76.0,45.9536,45.3857,308.01K,370.32K,1085.0,545.5,68.22B,No,924.39,874.72,777.53,874.95,814.72,496
1069,SANTETX.BO,155.0,159.95,0.20K,Process Industries,Textiles,70.0,51.0,82.0,60.0,10.7071,10.6036,1.09K,0.83K,179.4,98.25,881.95M,No,158.13,154.28,140.11,154.5,141.03,495
1070,PATELRMART.NS,238.28,229.61,277.59K,Retail Trade,Food Retail,70.0,88.0,69.0,75.0,8.3279,8.2829,95.50K,95.68K,266.0,150.25,7.96B,No,213.0,220.09,203.26,219.75,208.6,278
1071,KOTIC.NS,162.99,155.14,230.44K,Process Industries,Chemicals: Agricultural,70.0,92.0,,,10.905,10.8964,85.45K,141.04K,168.87,123.12,17.61B,No,145.89,,,,,37
1072,MLKFOOD.NS,87.16,85.15,4.34K,Consumer Non-Durables,Food: Specialty/Candy,70.0,76.0,,,4.4471,4.3986,7.20K,6.74K,93.0,71.02,,No,82.63,,,,,37
1073,INDGN.NS,580.1,586.15,334.95K,Health Technology,Pharmaceuticals: Major,70.0,63.0,78.0,68.0,20.2286,19.9929,603.64K,768.59K,627.0,414.0,139.69B,No,592.63,578.46,517.77,581.95,528.34,497
1074,TECHKGREEN.BO,136.95,132.1,0.40K,Commercial Services,Miscellaneous Commercial Services,70.0,68.0,70.0,75.0,6.7571,5.6643,5.37K,6.04K,165.75,95.5,1.01B,No,133.55,135.41,123.74,135.57,129.8,495
1075,63MOONS.NS,766.3,761.55,98.60K,Technology Services,Packaged Software,70.0,18.0,77.0,80.0,38.125,38.125,814.26K,158.49K,957.95,467.0,35.31B,No,835.43,829.41,697.56,831.23,715.48,497
1076,VIPULORG.BO,249.55,257.65,11.38K,Process Industries,Industrial Specialties,70.0,34.0,47.0,80.0,12.5393,12.4214,8.81K,6.53K,309.0,156.8,4.76B,No,262.08,258.58,226.99,260.47,232.62,495
1077,TIIL.NS,2631.1,2581.8999,31.94K,Producer Manufacturing,Metal Fabrication,70.0,7.0,70.0,62.0,109.1285,107.9142,44.75K,27.09K,3565.3,1868.5,59.65B,No,2952.5,3004.55,2523.57,3042.08,2655.16,496
1078,CHEMBOND.NS,189.25,181.76,36.71K,Process Industries,Chemicals: Major Diversified,70.0,51.0,66.0,75.0,11.355,11.3436,14.62K,7.63K,236.8,105.15,2.55B,No,191.83,182.38,164.83,184.27,169.39,497
1079,THYROCARE.NS,499.7,501.0,346.02K,Health Services,Medical/Nursing Services,70.0,17.0,53.0,74.0,16.6786,16.375,742.44K,302.32K,662.0,342.55,79.53B,No,545.66,575.11,484.56,565.9,502.72,497
1080,SHRISTI.BO,33.69,31.93,1.09K,Consumer Durables,Homebuilding,69.0,91.0,79.0,73.0,2.795,2.505,0.99K,2.22K,38.95,23.2,747.92M,No,30.04,29.73,30.04,29.64,30.2,495
1081,RISHITECH.BO,45.87,45.87,0.00K,Process Industries,Containers/Packaging,69.0,91.0,84.0,68.0,3.4529,3.4529,3.23K,6.95K,55.49,32.0,339.03M,No,42.75,41.05,40.5,41.83,39.8,495
1082,WORTHPERI.NS,154.9,137.18,114.17K,Process Industries,Containers/Packaging,69.0,66.0,79.0,66.0,7.5479,7.44,19.34K,10.86K,169.8,109.0,2.44B,No,146.02,150.85,139.21,152.64,140.11,496
1083,ELGIEQUIP.NS,583.15,579.0,188.59K,Producer Manufacturing,Industrial Machinery,69.0,31.0,62.0,65.0,16.8179,16.4429,489.05K,269.24K,653.4,408.25,183.83B,No,601.81,605.89,546.31,610.13,574.25,497
1084,MANGLMCEM.NS,954.3,950.8,36.24K,Non-Energy Minerals,Construction Materials,69.0,24.0,58.0,59.0,32.3357,31.5071,128.06K,66.55K,1120.0,679.35,26.24B,No,1001.4,994.07,886.85,1004.69,928.23,496
1085,TAMBOLIIN.NS,290.6,290.55,0.90K,Finance,Investment Banks/Brokers,69.0,83.0,,,17.15,16.9357,10.69K,6.97K,318.85,238.0,,No,294.79,,,,,37
1086,NAGREEKCAP.NS,27.79,27.26,0.01K,Finance,Investment Banks/Brokers,69.0,92.0,80.0,69.0,2.365,2.3507,13.35K,22.38K,42.75,19.3,350.58M,No,27.16,24.7,26.16,24.93,26.0,496
1087,PRIMO.NS,26.3,24.58,310.93K,Process Industries,Chemicals: Specialty,69.0,95.0,74.0,66.0,2.0507,1.9714,319.67K,898.61K,29.8,16.1,6.37B,No,24.21,23.24,22.52,23.51,23.26,365
1088,PIXTRANS.NS,1753.3,1755.1,10.79K,Producer Manufacturing,Miscellaneous Manufacturing,69.0,74.0,52.0,68.0,58.6072,57.9357,65.71K,163.90K,2089.0,1252.0,23.89B,No,1749.72,1783.51,1589.31,1781.87,1664.44,496
1089,PIRAMALFIN.NS,1971.2,1956.4,207.85K,Finance,Finance/Rental/Leasing,69.0,11.0,38.0,62.0,105.2286,103.3929,369.79K,487.66K,2326.4,1260.0,465.49B,No,2135.26,2145.78,1944.15,2154.46,2031.84,229
1090,ESHAMEDIA.BO,38.0,38.2,0.00K,Commercial Services,Miscellaneous Commercial Services,69.0,47.0,83.0,84.0,1.1493,0.6657,14.72K,6.57K,65.67,20.83,296.66M,No,37.49,43.52,33.98,42.43,34.2,495
1091,MATRIMONY.NS,528.75,517.8,12.15K,Technology Services,Internet Software/Services,69.0,75.0,83.0,68.0,23.9321,23.1786,46.91K,15.25K,573.0,364.05,10.93B,No,524.57,513.97,468.89,521.18,455.49,497
1092,RITCO.NS,272.55,272.5,23.32K,Transportation,Trucking,69.0,11.0,69.0,80.0,11.525,11.4786,135.00K,78.43K,331.15,167.1,7.76B,No,286.46,298.85,256.11,295.14,261.0,496
1093,ANDHRSUGAR.NS,88.43,89.83,301.31K,Process Industries,Chemicals: Specialty,69.0,22.0,66.0,66.0,3.4471,3.3829,758.93K,305.31K,107.23,66.5,11.99B,No,93.71,95.16,83.74,95.16,88.1,497
1094,PRICOLLTD.NS,670.85,650.1,599.23K,Producer Manufacturing,Auto Parts: Oem,69.0,19.0,71.0,66.0,28.8464,28.775,522.85K,617.92K,823.0,508.95,,No,733.34,754.54,631.74,755.64,642.87,496
1095,ORIENTLTD.NS,79.9,80.0,1.95K,Process Industries,Containers/Packaging,69.0,56.0,77.0,77.0,3.0993,2.8229,17.03K,1.36K,102.3,53.72,799.00M,No,79.82,79.85,69.8,79.51,70.78,496
1096,ANSALBU.NS,81.49,82.42,5.29K,Consumer Durables,Homebuilding,69.0,64.0,,,9.4586,8.9614,9.55K,4.35K,107.5,70.64,601.71M,No,85.64,,,,,37
1097,SENINFO.BO,44.06,44.06,3.10K,Technology Services,Information Technology Services,69.0,80.0,77.0,83.0,0.0,0.0,0.15K,0.35K,60.42,28.44,222.50M,No,43.64,42.28,39.67,42.61,38.36,494
1098,HARSHA.NS,441.95,442.4,92.21K,Producer Manufacturing,Metal Fabrication,69.0,46.0,65.0,72.0,18.1036,17.6321,173.26K,156.82K,484.8,313.3,40.24B,No,454.27,440.5,401.02,443.34,410.65,496
1099,ALKALI.NS,89.43,89.15,3.78K,Process Industries,Chemicals: Specialty,69.0,75.0,70.0,79.0,6.6721,6.1171,36.25K,14.02K,106.3,46.8,910.62M,No,88.15,76.85,73.68,76.92,74.09,496
1100,NGIL.NS,37.49,37.75,6.89K,Consumer Non-Durables,Food: Specialty/Candy,69.0,66.0,45.0,79.0,3.01,3.01,33.90K,37.55K,43.89,22.01,657.50M,No,37.31,38.93,34.28,39.02,37.28,496
1101,UNICHEMLAB.NS,531.1,530.9,74.52K,Health Technology,Pharmaceuticals: Major,69.0,50.0,20.0,87.0,33.025,33.0072,276.65K,515.76K,687.2,278.2,37.39B,No,541.4,536.02,435.78,537.18,454.49,497
1102,NDLVENTURE.NS,119.74,117.51,6.00K,Consumer Services,Cable/Satellite Tv,69.0,47.0,37.0,41.0,5.01,4.9879,20.34K,6.41K,140.0,80.0,4.03B,No,122.04,123.35,116.85,123.38,124.83,495
1103,LAMBODHARA.NS,128.24,128.09,5.15K,Process Industries,Textiles,69.0,35.0,80.0,71.0,9.8214,9.3907,55.81K,121.98K,154.5,81.8,1.33B,No,129.17,126.06,112.69,127.69,113.53,497
1104,BSE.NS,3287.2,3334.8,3242.39K,Finance,Investment Banks/Brokers,69.0,56.0,27.0,50.0,112.2071,104.3428,4467.33K,8419.44K,4446.8,2326.1,1335.03B,No,3235.28,3338.32,3319.84,3313.5,3531.29,497
1105,KOTAKBANK.NS,441.0,435.0,31525.26K,Finance,Major Banks,69.0,81.0,81.0,64.0,10.8714,9.8893,15124.26K,33006.32K,453.2,345.5,4387.02B,No,417.29,409.47,399.95,412.77,393.18,497
1106,GFLLIMITED.NS,55.6,54.91,43.71K,Consumer Services,Movies/Entertainment,69.0,35.0,83.0,73.0,2.7643,2.7643,98.87K,59.65K,81.0,37.25,6.10B,No,56.1,54.5,49.47,55.68,49.08,496
1107,ACKNIT.BO,319.95,301.0,0.08K,Consumer Non-Durables,Apparel/Footwear,69.0,34.0,67.0,68.0,17.8464,15.3429,0.81K,0.36K,357.0,224.95,972.65M,No,314.05,320.17,288.93,321.38,301.25,495
1108,COROENGG.BO,78.9,65.75,75.91K,Consumer Durables,Homebuilding,69.0,97.0,92.0,14.0,4.9607,4.8586,8.44K,18.75K,114.93,48.72,2.75B,No,55.29,55.64,72.98,57.2,68.11,495
1109,HALDYNGL.NS,139.87,140.89,51.01K,Process Industries,Containers/Packaging,69.0,65.0,,,7.2979,6.9629,59.64K,93.74K,163.78,124.0,,No,144.55,,,,,37
1110,MOBIKWIK.NS,245.49,244.52,28395.58K,Commercial Services,Miscellaneous Commercial Services,69.0,95.0,75.0,78.0,13.1829,12.2814,4547.18K,17488.16K,290.6,151.46,19.33B,No,210.86,203.46,204.23,204.93,200.29,449
1111,GANGAPA.BO,86.0,86.0,0.05K,Process Industries,Pulp & Paper,69.0,26.0,73.0,67.0,0.2843,0.2193,0.08K,0.01K,104.9,61.93,927.84M,No,86.42,92.99,81.63,91.64,81.29,494
1112,TORNTPHARM.NS,4656.9,4617.1001,341.92K,Health Technology,Pharmaceuticals: Major,69.0,42.0,49.0,64.0,108.5714,107.9643,521.44K,377.83K,5250.0,3480.6,1771.34B,No,4847.23,4910.06,4459.38,4877.87,4602.58,497
1113,AVIVA.BO,64.19,64.19,0.00K,Process Industries,Industrial Specialties,69.0,81.0,61.0,49.0,0.3143,0.1586,0.11K,0.16K,68.34,51.81,2.09B,No,61.87,60.89,59.5,61.43,61.16,494
1114,ADANIPORTS.NS,1761.0,1708.0,9891.24K,Transportation,Other Transportation,69.0,77.0,52.0,69.0,49.4071,44.8786,2180.98K,2304.34K,1891.1,1292.0,4057.27B,No,1768.68,1720.96,1634.19,1738.37,1705.85,497
1115,KPIL.NS,1391.9,1401.5,81.94K,Industrial Services,Engineering & Construction,69.0,67.0,65.0,70.0,45.6,45.4714,217.00K,190.48K,1490.0,1007.1,237.70B,No,1404.26,1381.7,1255.47,1388.75,1305.35,496
1116,GREENPLY.NS,306.7,305.7,126.22K,Producer Manufacturing,Building Products,69.0,75.0,53.0,83.0,10.6643,10.4679,214.81K,320.45K,334.4,176.42,38.31B,No,295.56,291.34,261.45,293.25,273.67,497
1117,MAJESAUT.NS,364.8,365.55,1.75K,Commercial Services,Miscellaneous Commercial Services,69.0,75.0,67.0,,12.4107,12.2143,11.52K,1.56K,500.0,274.0,3.79B,No,365.53,381.52,,377.94,,117
1118,EDELWEISS.NS,127.89,127.71,2956.21K,Finance,Investment Banks/Brokers,68.0,34.0,70.0,61.0,5.2829,5.2307,6053.95K,5164.41K,146.0,98.0,121.05B,No,135.03,128.74,117.57,130.2,120.49,497
1119,KECL.NS,121.37,123.13,112.28K,Producer Manufacturing,Electrical Products,68.0,69.0,68.0,71.0,6.3843,6.3457,224.79K,178.69K,155.0,75.47,8.48B,No,122.53,129.89,110.76,129.55,118.93,497
1120,MODIPON.BO,40.32,42.38,0.82K,Finance,Real Estate Development,68.0,42.0,76.0,67.0,1.6414,0.7214,0.20K,0.26K,65.77,29.26,466.77M,No,42.99,38.94,39.31,39.81,41.4,495
1121,SANATHAN.NS,503.2,502.65,24.54K,Process Industries,Textiles,68.0,83.0,78.0,63.0,22.0536,21.8179,97.27K,155.42K,544.3,352.6,42.47B,No,497.56,477.91,439.94,480.27,446.46,443
1122,SHAHALLOYS.NS,78.62,80.0,1.59K,Non-Energy Minerals,Steel,68.0,3.0,70.0,68.0,4.05,4.0307,92.09K,29.83K,116.85,53.1,1.56B,No,88.16,85.1,71.71,86.68,74.5,497
1123,PUNJCOMMU.BO,56.8,55.01,0.01K,Electronic Technology,Telecommunications Equipment,68.0,20.0,80.0,63.0,3.0279,2.9157,2.54K,0.58K,74.01,40.1,682.94M,No,57.72,55.18,53.57,56.29,51.76,495
1124,MISHKA.BO,43.0,43.0,0.72K,Distribution Services,Wholesale Distributors,68.0,69.0,71.0,55.0,2.3893,2.0936,1.46K,1.80K,50.0,32.05,621.35M,No,43.11,43.3,41.41,43.41,41.66,495
1125,ZYDUSLIFE.NS,1117.5,1112.0,529.81K,Health Technology,Pharmaceuticals: Major,68.0,59.0,54.0,72.0,29.9286,29.0643,1470.17K,2087.74K,1232.1,835.5,1114.71B,No,1151.02,1143.76,1016.54,1142.66,1062.05,497
1126,SAPPL.NS,319.25,328.4,1.00K,Process Industries,Pulp & Paper,68.0,89.0,,,20.5179,19.7964,2.23K,4.83K,335.0,265.3,2.84B,No,293.28,,,,,37
1127,CMPDI.NS,206.18,206.65,603.17K,Commercial Services,Miscellaneous Commercial Services,68.0,15.0,10.0,75.0,7.8586,7.6814,2023.89K,1233.34K,283.69,150.16,,No,209.09,226.41,,224.65,,132
1128,MAKERSL.NS,177.07,179.5,2.97K,Health Technology,Pharmaceuticals: Major,68.0,52.0,,,9.315,9.235,8.30K,1.67K,236.0,150.0,1.04B,No,182.39,,,,,37
1129,SPARC.NS,185.6,187.74,827.70K,Health Technology,Pharmaceuticals: Major,68.0,31.0,4.0,78.0,9.28,9.2379,1111.91K,1212.33K,289.0,108.0,60.23B,No,196.38,199.94,174.4,199.38,191.75,497
1130,ASARFI.BO,200.65,199.85,47.00K,Health Services,Hospital/Nursing Management,68.0,86.0,42.0,51.0,9.8036,9.0714,43.35K,47.20K,256.95,125.0,3.95B,No,184.07,202.99,196.33,200.74,205.17,495
1131,DOLLEX.NS,37.16,37.21,17.38K,Process Industries,Agricultural Commodities/Milling,68.0,59.0,86.0,65.0,2.5464,2.5464,78.59K,34.85K,42.95,26.0,1.48B,No,37.42,34.96,33.35,35.5,32.21,496
1132,ITDC.NS,658.2,661.55,70.24K,Consumer Services,Hotels/Resorts/Cruise Lines,68.0,77.0,40.0,84.0,27.6893,26.5571,1071.64K,539.05K,822.0,368.0,56.45B,No,670.85,675.5,594.14,674.19,618.2,497
1133,BOSCHLTD.NS,43545.0,43155.0,27.99K,Producer Manufacturing,Auto Parts: Oem,68.0,21.0,66.0,69.0,1195.7143,1119.6429,33.14K,26.00K,50000.0,28610.0,,No,46635.0,46489.2,39223.97,46637.0,40631.5,497
1134,SCI.NS,277.25,280.75,1184.24K,Transportation,Air Freight/Couriers,68.0,53.0,54.0,65.0,8.9,8.5036,2628.53K,4622.91K,368.75,195.55,129.14B,No,277.3,286.78,271.99,285.83,287.62,497
1135,INDBNK.BO,49.91,52.75,1.83K,Finance,Finance/Rental/Leasing,68.0,76.0,44.0,64.0,4.3329,4.1629,0.80K,0.34K,62.4,35.6,499.10M,No,51.15,50.44,46.18,50.88,48.4,495
1136,HINDOILEXP.NS,169.34,169.4,324.79K,Energy Minerals,Integrated Oil,68.0,16.0,74.0,73.0,5.5286,5.5264,1278.99K,392.65K,201.44,117.5,22.39B,No,174.46,168.6,156.84,168.72,159.98,497
1137,SEALMATIC.BO,419.85,415.0,9.00K,Producer Manufacturing,Industrial Machinery,68.0,89.0,74.0,61.0,16.8786,14.7214,6.21K,9.77K,467.5,313.0,4.56B,No,400.37,397.07,379.56,396.22,388.48,497
1138,DEEP.NS,40.87,39.33,7.55K,Process Industries,Chemicals: Specialty,68.0,90.0,,,2.5264,2.5193,32.10K,6.94K,49.17,34.2,988.24M,No,43.87,,,,,37
1139,MAHLOG.NS,400.35,395.4,125.06K,Transportation,Air Freight/Couriers,68.0,61.0,65.0,51.0,16.1821,15.9786,288.04K,299.18K,450.0,275.05,39.75B,No,406.93,405.16,377.21,403.44,386.17,497
1140,AGI.NS,770.45,782.6,62.72K,Process Industries,Containers/Packaging,68.0,62.0,72.0,81.0,31.1964,31.0357,167.52K,108.23K,896.15,465.0,49.85B,No,785.1,752.97,656.57,754.95,663.65,496
1141,MUKKA.NS,26.27,26.39,93.67K,Consumer Non-Durables,Food: Meat/Fish/Dairy,68.0,10.0,78.0,65.0,1.335,1.335,808.37K,205.90K,33.29,18.27,7.88B,No,27.71,26.65,23.97,27.14,24.35,497
1142,NAGPI.BO,159.1,165.0,5.44K,Electronic Technology,Electronic Equipment/Instruments,68.0,7.0,70.0,31.0,13.4321,12.8464,6.97K,6.48K,214.9,80.16,2.08B,No,177.64,184.61,156.3,184.54,160.74,495
1143,SKIPPER.NS,530.25,517.5,738.13K,Producer Manufacturing,Metal Fabrication,68.0,17.0,53.0,80.0,20.4929,20.325,968.74K,521.51K,616.8,327.05,59.87B,No,545.6,547.64,469.19,547.49,503.48,497
1144,INDCTST.BO,60.0,60.0,0.08K,Producer Manufacturing,Trucks/Construction/Farm Machinery,68.0,36.0,73.0,70.0,3.4664,2.9286,0.78K,0.33K,74.99,43.55,241.04M,No,60.79,60.94,53.62,61.92,55.59,495
1145,GANDHITUBE.NS,948.65,951.5,3.93K,Non-Energy Minerals,Steel,68.0,82.0,75.0,62.0,39.4464,39.425,14.14K,12.55K,1046.6,681.05,10.70B,No,945.06,915.44,849.33,914.1,874.18,496
1146,FAIRCHEMOR.NS,748.7,720.9,43.81K,Process Industries,Chemicals: Specialty,68.0,92.0,71.0,83.0,34.6786,32.4143,21.28K,51.45K,846.8,428.05,9.43B,No,660.15,685.94,639.67,679.13,635.11,496
1147,TEXMOPIPES.NS,51.21,51.42,53.56K,Producer Manufacturing,Miscellaneous Manufacturing,68.0,59.0,79.0,71.0,2.9529,2.9529,168.87K,141.28K,64.5,33.0,1.50B,No,56.51,50.07,46.34,50.97,46.29,496
1148,ALBERTDAVD.NS,791.65,793.9,2.06K,Health Technology,Pharmaceuticals: Major,68.0,42.0,77.0,66.0,29.9679,29.9286,11.15K,5.65K,931.85,579.9,4.52B,No,845.95,829.34,738.63,845.84,751.27,496
1149,SAIL.NS,171.55,166.25,42321.12K,Non-Energy Minerals,Steel,68.0,35.0,64.0,51.0,6.985,6.7914,18682.42K,15614.65K,209.7,124.0,708.59B,No,177.83,179.51,169.18,180.37,176.77,497
1150,KKSHL.BO,45.0,45.0,3.00K,Health Services,Hospital/Nursing Management,68.0,83.0,67.0,64.0,0.0714,0.0,2.85K,2.70K,51.9,29.0,306.38M,No,44.3,42.47,40.06,42.99,41.43,494
1151,MUNJALAU.NS,101.32,101.51,165.12K,Producer Manufacturing,Auto Parts: Oem,68.0,24.0,60.0,75.0,4.615,4.4307,1845.28K,1399.63K,130.6,67.2,10.13B,No,105.6,108.65,90.74,108.81,95.8,497
1152,EMUDHRA.NS,570.15,569.9,290.08K,Technology Services,Packaged Software,68.0,89.0,85.0,66.0,35.4143,34.8679,982.85K,542.05K,688.35,364.55,46.78B,No,607.06,558.47,500.03,559.4,492.71,497
1153,SKYIND.BO,96.57,94.01,4.82K,Process Industries,Textiles,68.0,71.0,72.0,67.0,3.8964,3.7986,8.01K,2.90K,136.0,63.06,767.20M,No,95.28,94.73,89.13,94.33,89.78,495
1154,CGPOWER.NS,855.55,862.05,2306.96K,Producer Manufacturing,Electrical Products,68.0,42.0,44.0,66.0,24.3179,22.925,2884.06K,2145.89K,980.9,525.5,1347.89B,No,882.08,882.36,798.23,883.77,856.93,497
1155,GVBL.BO,31.89,33.5,0.08K,Health Technology,Biotechnology,67.0,81.0,70.0,64.0,1.2271,0.9171,0.72K,0.47K,38.2,20.1,97.41M,No,30.12,29.78,27.6,29.83,28.52,495
1156,HARISH.BO,67.97,66.0,0.45K,Producer Manufacturing,Industrial Machinery,67.0,77.0,64.0,54.0,3.3979,3.2879,2.16K,1.22K,75.5,52.4,226.75M,No,65.08,65.73,64.93,66.39,65.87,495
1157,BAMBINO.BO,244.0,239.05,1.05K,Consumer Non-Durables,Food: Specialty/Candy,67.0,85.0,81.0,67.0,12.2321,11.65,1.92K,0.86K,280.0,173.7,1.95B,No,250.52,232.35,216.3,238.09,215.49,495
1158,MEDICAMEQ.NS,300.85,304.7,11.44K,Health Technology,Pharmaceuticals: Major,67.0,81.0,84.0,72.0,16.575,16.575,47.91K,24.95K,447.65,212.4,4.08B,No,318.81,276.07,285.89,282.57,260.84,496
1159,CHEMCON.NS,212.05,215.12,43.20K,Process Industries,Chemicals: Specialty,67.0,72.0,80.0,81.0,9.5579,9.5443,31.20K,46.82K,280.95,125.0,7.77B,No,218.63,203.91,182.89,205.4,183.71,496
1160,SIGACHI.NS,28.52,28.57,1020.52K,Health Technology,Pharmaceuticals: Major,67.0,6.0,86.0,78.0,1.4514,1.4514,3604.96K,2672.02K,40.8,16.65,10.91B,No,30.48,30.04,24.81,30.42,24.79,497
1161,MRPL.NS,172.13,173.85,5643.04K,Energy Minerals,Oil Refining/Marketing,67.0,67.0,69.0,38.0,7.9943,7.9079,16402.60K,16040.18K,212.31,136.02,301.67B,No,169.88,171.74,168.28,170.04,167.52,497
1162,INLANPR.BO,63.36,64.0,0.00K,Commercial Services,Commercial Printing/Forms,67.0,2.0,81.0,75.0,3.1129,2.68,0.51K,1.18K,91.19,22.01,313.24M,No,72.81,72.47,54.92,72.01,59.22,496
1163,NAHARSPING.NS,253.3,251.4,11.34K,Process Industries,Textiles,67.0,30.0,46.0,58.0,12.8107,12.6071,38.33K,19.87K,349.0,149.2,9.14B,No,265.46,285.0,241.86,281.73,263.64,497
1164,SKRABUL.BO,35.41,35.21,6.15K,Consumer Durables,Other Consumer Specialties,67.0,98.0,77.0,32.0,1.6064,1.0964,0.60K,2.61K,50.38,21.02,177.59M,No,27.77,25.71,35.89,25.98,34.75,495
1165,HISARSP.BO,54.5,54.5,0.70K,Process Industries,Textiles,67.0,93.0,80.0,45.0,0.6757,0.6036,0.47K,0.23K,63.63,40.3,203.56M,No,54.07,49.51,50.52,51.0,50.06,493
1166,LLOYDSENT.NS,73.73,74.37,2663.95K,Distribution Services,Wholesale Distributors,67.0,78.0,47.0,72.0,3.9693,3.9379,4294.61K,4428.88K,84.7,40.69,112.56B,No,73.94,75.43,66.61,75.53,70.11,490
1167,VHLTD.NS,142.9,136.1,104.82K,Consumer Services,Hotels/Resorts/Cruise Lines,67.0,92.0,76.0,48.0,5.7493,5.5093,42.11K,34.77K,155.36,112.98,10.97B,No,127.99,123.98,134.59,123.95,132.37,496
1168,RAL.BO,57.6,52.47,2.40K,Retail Trade,Specialty Stores,67.0,97.0,61.0,82.0,1.8257,0.3336,1.35K,3.33K,71.5,31.03,152.98M,No,46.14,42.2,45.93,43.61,45.32,495
1169,PRECOT.NS,589.95,590.65,6.14K,Process Industries,Textiles,67.0,13.0,6.0,55.0,40.4857,40.0393,6.83K,5.21K,899.0,300.05,7.08B,No,638.33,697.53,602.68,681.42,679.34,496
1170,GARFIBRES.NS,765.1,765.15,27.60K,Producer Manufacturing,Miscellaneous Manufacturing,67.0,40.0,69.0,72.0,22.3643,22.3643,56.92K,25.67K,863.4,579.75,74.71B,No,781.95,786.14,696.86,789.12,711.36,496
1171,ONWARDTEC.NS,307.0,294.6,117.36K,Technology Services,Information Technology Services,67.0,84.0,72.0,69.0,10.0821,9.8643,145.04K,25.38K,355.0,208.25,6.74B,No,289.67,287.63,275.99,288.86,270.64,496
1172,VINEETLAB.NS,37.45,36.5,54.46K,Process Industries,Chemicals: Specialty,67.0,73.0,80.0,64.0,2.1621,2.1621,94.93K,167.35K,49.99,27.96,719.27M,No,36.09,37.24,34.78,37.02,35.65,496
1173,SIEMENS.NS,3595.0,3639.0,353.82K,Producer Manufacturing,Electrical Products,67.0,29.0,65.0,60.0,104.9357,102.2215,346.17K,213.76K,4149.4,2826.0,1280.25B,No,3802.89,3901.28,3518.6,3901.3,3693.24,496
1174,ZENIFIB.BO,61.16,62.32,2.49K,Process Industries,Textiles,67.0,88.0,81.0,68.0,3.7957,3.7543,3.11K,10.99K,70.65,45.0,241.22M,No,57.79,55.47,53.67,56.07,53.32,495
1175,ALGOQUANT.NS,67.25,67.5,1153.25K,Finance,Investment Banks/Brokers,67.0,81.0,78.0,72.0,3.7443,3.7336,1433.24K,1469.06K,76.2,47.8,18.90B,No,68.78,67.03,,67.12,60.92,187
1176,TIGLOB.BO,192.85,194.25,2.21K,Consumer Non-Durables,Food: Major Diversified,67.0,90.0,79.0,54.0,13.8821,12.9929,1.32K,3.24K,212.0,142.3,977.31M,No,189.4,178.76,177.08,179.71,173.73,495
1177,PEOPLIN.BO,224.05,224.05,0.01K,Finance,Financial Conglomerates,67.0,66.0,59.0,54.0,0.0607,0.0,0.00K,0.00K,225.75,171.95,44.81M,No,224.77,223.59,207.75,224.11,213.88,493
1178,BERLDRG.BO,26.31,24.54,3.50K,Health Technology,Pharmaceuticals: Other,67.0,83.0,72.0,50.0,2.4107,2.4093,2.34K,3.05K,27.6,15.92,133.44M,No,24.4,23.62,22.31,23.98,22.51,495
1179,KRYSTAL.NS,626.75,633.2,46.70K,Commercial Services,Miscellaneous Commercial Services,67.0,44.0,67.0,64.0,26.9429,26.9429,38.05K,10.86K,696.9,500.0,8.76B,No,636.04,632.96,596.05,630.81,600.02,496
1180,DYNAVSN.BO,219.55,226.65,0.46K,Finance,Real Estate Development,67.0,22.0,71.0,70.0,11.8571,10.2607,0.57K,0.20K,260.0,145.0,843.07M,No,239.61,233.09,197.81,234.69,202.58,495
1181,PARIN.NS,694.95,691.9,2.62K,Consumer Durables,Home Furnishings,67.0,63.0,54.0,56.0,32.7143,32.7143,11.01K,38.23K,789.0,502.9,7.73B,No,705.34,709.12,672.81,706.63,683.28,496
1182,BHARATFORG.NS,1816.9,1790.6,403.64K,Producer Manufacturing,Metal Fabrication,67.0,28.0,26.0,48.0,50.8786,48.4572,1000.17K,828.80K,2295.0,1200.2,887.87B,No,1919.7,2017.03,1861.02,1999.38,1969.49,496
1183,WESTLIFE.NS,580.6,577.2,64.76K,Consumer Services,Restaurants,67.0,85.0,79.0,73.0,24.7429,24.3357,306.70K,153.75K,659.65,398.4,90.12B,No,575.99,568.63,505.37,573.3,504.2,496
1184,UPHOT.NS,1585.0,1597.0,0.03K,Consumer Services,Hotels/Resorts/Cruise Lines,67.0,90.0,,,23.8,18.6,0.07K,0.01K,1600.0,1320.0,,No,1512.74,,,,,37
1185,NIRLON.NS,626.7,620.0,4.93K,Finance,Real Estate Development,67.0,72.0,62.0,,14.0107,13.6321,8.69K,4.14K,657.0,543.0,56.48B,No,608.39,620.69,,618.05,,117
1186,SHOORA.BO,71.1,74.7,3.00K,Consumer Durables,Other Consumer Specialties,67.0,77.0,7.0,75.0,2.3807,0.2271,4.62K,1.00K,98.2,34.25,328.74M,No,77.63,76.85,64.31,75.68,69.45,493
1187,SAGARSOFT.BO,89.75,88.96,2.42K,Technology Services,Packaged Software,67.0,51.0,91.0,58.0,5.6979,4.8979,1.99K,1.26K,137.75,56.2,573.70M,No,92.45,92.28,84.68,93.92,80.43,494
1188,SCBL.BO,26.43,27.8,1.22K,Non-Energy Minerals,Other Metals/Minerals,67.0,42.0,1.0,2.0,0.4529,0.345,0.31K,0.19K,64.13,10.83,28.37M,No,28.35,30.6,41.13,30.12,39.75,496
1189,CINELINE.NS,91.53,90.75,15.50K,Consumer Services,Movies/Entertainment,67.0,52.0,80.0,55.0,3.8457,3.7857,36.19K,30.39K,104.4,73.35,3.49B,No,90.07,89.77,85.14,90.52,85.23,497
1190,DHAVAL.BO,121.95,117.0,21.60K,Producer Manufacturing,Miscellaneous Manufacturing,67.0,82.0,,,5.0179,4.5143,111.30K,29.40K,139.0,106.0,1.68B,No,119.75,,,119.05,,45
1191,AREXMIS.BO,130.0,134.35,0.21K,Process Industries,Textiles,67.0,83.0,80.0,74.0,2.9714,1.8464,0.15K,0.13K,157.0,95.5,467.83M,No,127.25,128.07,121.91,129.03,116.37,494
1192,ADVAIT.NS,1888.8,1871.6,30.88K,Producer Manufacturing,Electrical Products,66.0,17.0,25.0,49.0,71.1214,70.7071,50.43K,38.67K,2485.0,1351.0,20.66B,No,1946.11,2076.0,,2045.27,2056.47,178
1193,NITIRAJ.NS,209.9,203.69,0.57K,Electronic Technology,Electronic Equipment/Instruments,66.0,29.0,79.0,41.0,11.3464,11.2214,4.82K,1.16K,241.0,168.0,2.15B,No,219.68,213.46,201.48,212.66,205.72,496
1194,INTEGSW.BO,158.5,158.5,0.03K,Producer Manufacturing,Electrical Products,66.0,71.0,65.0,52.0,0.1071,0.0,0.07K,0.01K,165.35,102.6,456.73M,No,158.53,160.13,145.42,160.25,152.83,494
1195,TARMAT.NS,55.84,55.15,4.35K,Industrial Services,Engineering & Construction,66.0,23.0,78.0,46.0,3.5186,3.5093,56.48K,31.34K,73.9,46.26,1.40B,No,56.76,56.35,53.56,56.75,53.53,497
1196,JAYNECOIND.NS,91.4,91.48,1978.88K,Non-Energy Minerals,Steel,66.0,71.0,59.0,62.0,3.5257,3.51,5229.79K,3183.54K,117.0,64.4,88.75B,No,90.75,92.39,88.32,91.98,92.14,497
1197,SBLI.BO,42.0,40.0,10.80K,Finance,Real Estate Development,66.0,40.0,55.0,57.0,1.9243,1.4536,5.41K,6.60K,54.6,32.0,34.07M,No,42.28,46.81,41.49,46.15,43.87,496
1198,TRANSFD.BO,425.0,425.0,0.14K,Consumer Non-Durables,Food: Specialty/Candy,66.0,79.0,32.0,60.0,14.5107,10.6643,0.07K,0.14K,570.0,306.0,61.58M,No,421.35,422.98,448.97,418.7,452.73,495
1199,JSFB.NS,489.35,482.3,590.92K,Finance,Regional Banks,66.0,27.0,65.0,69.0,22.4964,22.0714,1073.00K,925.66K,606.95,330.0,51.78B,No,509.43,536.55,454.52,533.67,481.0,497
1200,INCON.BO,21.5,21.5,0.51K,Producer Manufacturing,Industrial Machinery,66.0,2.0,1.0,73.0,0.9521,0.5343,2.25K,0.32K,37.04,11.06,93.03M,No,23.79,26.16,19.1,25.66,21.29,495
1201,ACROW.BO,810.0,800.0,0.15K,Producer Manufacturing,Industrial Machinery,66.0,76.0,39.0,58.0,15.9393,8.4357,0.06K,0.09K,918.0,586.15,518.40M,No,775.52,804.12,779.12,796.39,817.02,493
1202,KHAZANCHI.BO,706.15,700.3,19.50K,Distribution Services,Wholesale Distributors,66.0,39.0,77.0,56.0,9.5429,9.325,29.01K,21.45K,812.5,603.8,17.48B,No,725.0,748.74,704.95,752.31,682.69,495
1203,KONARKSY.BO,42.47,42.47,0.00K,Process Industries,Textiles,66.0,30.0,46.0,51.0,0.0979,0.0,0.00K,0.00K,50.35,33.9,246.67M,No,43.19,44.99,41.91,44.86,42.54,493
1204,CYBELEIND.BO,39.99,39.6,0.25K,Producer Manufacturing,Electrical Products,66.0,61.0,49.0,32.0,1.8107,1.745,4.97K,1.67K,77.01,21.1,427.73M,No,37.51,39.63,43.26,38.99,43.36,495
1205,ISTRNETWK.BO,42.96,42.51,26.56K,Commercial Services,Miscellaneous Commercial Services,66.0,8.0,27.0,46.0,3.1386,3.1386,32.08K,20.75K,72.15,28.54,3.14B,No,45.89,47.54,46.88,47.45,46.91,495
1206,PERSISTENT.NS,5770.0,5468.0,773.77K,Technology Services,Information Technology Services,66.0,78.0,79.0,55.0,164.0714,157.6786,527.67K,413.53K,6599.0,4244.5,901.45B,No,5423.43,5517.67,5359.22,5568.15,5203.9,497
1207,TEGA.NS,1935.0,1958.1,328.75K,Distribution Services,Wholesale Distributors,66.0,92.0,80.0,60.0,103.2929,103.0357,431.08K,492.00K,2198.0,1473.0,145.37B,No,1978.89,1770.53,1739.35,1807.15,1725.31,497
1208,HUHTAMAKI.NS,225.25,225.67,76.23K,Process Industries,Containers/Packaging,66.0,24.0,70.0,74.0,7.9136,7.6221,1177.08K,80.60K,330.0,148.6,17.01B,No,239.96,260.36,207.43,254.44,214.62,497
1209,REFEXRENEW.BO,354.45,354.45,0.44K,Industrial Services,Engineering & Construction,66.0,80.0,75.0,80.0,0.7393,0.2429,0.60K,0.12K,789.0,209.05,1.59B,No,347.19,336.77,300.94,339.17,311.84,493
1210,HARDCAS.BO,839.0,848.05,0.00K,Process Industries,Industrial Specialties,66.0,78.0,60.0,69.0,30.0643,28.3893,0.23K,0.05K,1048.0,602.25,570.08M,No,829.14,837.72,765.95,836.08,794.39,495
1211,PEETISEC.BO,21.38,21.38,0.00K,Process Industries,Textiles,66.0,84.0,82.0,64.0,0.2636,0.16,0.29K,0.06K,25.01,17.0,80.18M,No,20.14,19.98,20.26,20.13,19.56,495
1212,PFOCUS.NS,261.1,271.95,4395.84K,Consumer Services,Movies/Entertainment,66.0,7.0,63.0,11.0,18.6786,18.525,1866.63K,4440.04K,367.0,161.01,203.34B,No,313.51,300.27,273.36,298.89,284.15,496
1213,KOTYARK.NS,32.28,31.06,358.09K,Process Industries,Industrial Specialties,66.0,71.0,37.0,34.0,2.5286,2.5286,237.33K,590.02K,45.5,17.38,3.65B,No,30.75,33.97,31.47,34.19,35.97,497
1214,IFCI.NS,67.35,66.43,71519.05K,Finance,Finance/Rental/Leasing,66.0,1.0,29.0,69.0,3.3836,3.23,62985.20K,53034.60K,107.5,46.23,181.46B,No,72.74,78.96,66.88,78.84,71.29,497
1215,EXICOM.NS,145.43,147.13,547.65K,Producer Manufacturing,Electrical Products,66.0,4.0,25.0,85.0,6.7993,6.6529,1515.86K,622.77K,189.17,75.6,20.24B,No,159.81,160.74,131.4,161.98,143.64,497
1216,ALTIUSINVIT.BO,172.05,172.0,125.00K,Miscellaneous,Investment Trusts,66.0,60.0,63.0,57.0,1.4071,0.9357,11811.90K,252.78K,180.0,145.5,524.31B,No,174.73,173.88,164.6,174.56,168.64,496
1217,NELCO.NS,853.35,865.0,201.78K,Electronic Technology,Electronic Production Equipment,66.0,17.0,50.0,77.0,41.8143,41.2786,404.14K,193.61K,1120.0,500.1,19.47B,No,939.92,953.72,770.46,944.08,813.99,497
1218,AARTIIND.NS,460.15,478.05,738.00K,Process Industries,Chemicals: Major Diversified,66.0,31.0,49.0,58.0,16.9679,16.7429,1074.99K,529.27K,551.75,338.05,166.92B,No,482.03,501.02,455.0,499.41,475.91,497
1219,KRBL.NS,389.2,386.05,284.07K,Process Industries,Agricultural Commodities/Milling,66.0,26.0,70.0,66.0,14.65,14.65,613.49K,390.86K,452.8,274.65,89.08B,No,394.02,398.23,364.04,400.89,366.99,497
1220,PWL.NS,143.69,140.48,14044.22K,Commercial Services,Miscellaneous Commercial Services,66.0,90.0,55.0,82.0,6.5807,6.4864,12482.16K,14521.36K,161.99,77.72,417.95B,No,132.16,126.75,116.28,128.63,118.22,222
1221,STYL.NS,349.05,354.25,50.15K,Technology Services,Packaged Software,66.0,29.0,54.0,81.0,17.8179,17.7464,191.96K,200.95K,434.7,209.11,56.48B,No,366.03,379.82,300.02,383.88,316.36,254
1222,EASTBUILD.BO,62.31,62.31,0.00K,Consumer Durables,Homebuilding,66.0,73.0,67.0,63.0,0.32,0.2336,0.07K,0.07K,71.25,38.36,116.94M,No,61.95,58.79,57.65,59.5,58.25,493
1223,WEWORK.NS,669.45,664.1,96.37K,Finance,Real Estate Development,66.0,70.0,39.0,81.0,23.1536,22.9179,304.90K,146.97K,794.5,420.0,92.97B,No,666.88,686.52,604.55,683.84,621.62,246
1224,STARHEALTH.NS,552.1,545.5,209.05K,Finance,Life/Health Insurance,66.0,55.0,39.0,65.0,17.2679,17.0,678.16K,1801.42K,624.9,416.55,324.86B,No,548.92,566.73,516.76,562.2,541.22,497
1225,CLFL.BO,50.0,49.9,0.22K,Finance,Finance/Rental/Leasing,66.0,14.0,39.0,39.0,2.9864,2.6593,0.52K,0.60K,65.67,31.55,612.51M,No,52.03,55.9,49.8,54.85,52.81,494
1226,RAJRATAN.NS,450.8,444.25,46.32K,Producer Manufacturing,Metal Fabrication,66.0,28.0,44.0,63.0,18.0607,17.7393,190.83K,56.02K,563.95,308.35,22.89B,No,464.85,490.19,451.93,486.51,450.27,497
1227,MCFL.BO,103.0,101.0,1.20K,Process Industries,Agricultural Commodities/Milling,66.0,18.0,43.0,81.0,1.7536,0.9679,8.02K,2.04K,129.0,72.12,1.11B,No,105.66,111.15,94.72,111.1,99.71,497
1228,GUJALKALI.NS,605.45,596.65,36.43K,Process Industries,Chemicals: Specialty,66.0,8.0,65.0,49.0,20.6321,20.2143,125.29K,68.21K,815.0,409.15,44.46B,No,637.98,672.39,603.16,666.85,659.97,496
1229,GLANCE.BO,190.0,190.0,0.21K,Finance,Finance/Rental/Leasing,65.0,89.0,82.0,41.0,3.7821,1.7786,0.22K,0.51K,251.95,141.15,428.62M,No,189.78,170.35,176.01,173.61,172.34,495
1230,FREDUN.NS,1552.3,1531.7,450.31K,Health Technology,Pharmaceuticals: Major,65.0,90.0,,,85.3072,84.6643,87.03K,193.29K,1665.0,1195.2,26.52B,No,1385.66,,,,,37
1231,STEL.NS,545.25,567.75,6.42K,Finance,Financial Conglomerates,65.0,28.0,53.0,60.0,31.975,31.7214,4.31K,3.83K,689.95,380.0,10.06B,No,603.78,594.36,518.78,599.4,536.45,497
1232,KAJARIACER.NS,1215.4,1210.6,233.41K,Producer Manufacturing,Building Products,65.0,58.0,59.0,63.0,38.1286,36.5072,353.41K,941.88K,1293.8,869.6,190.99B,No,1214.03,1217.89,1097.87,1217.2,1155.08,497
1233,GGDPROP.BO,81.5,79.01,0.75K,Producer Manufacturing,Industrial Machinery,65.0,91.0,61.0,78.0,4.5957,3.775,1.14K,1.38K,88.0,46.5,388.05M,No,74.81,72.7,68.49,73.56,68.18,495
1234,MANYAVAR.NS,500.75,489.9,127.74K,Retail Trade,Internet Retail,65.0,13.0,87.0,72.0,18.9286,18.7536,1211.26K,242.20K,705.0,329.2,121.67B,No,534.86,530.89,461.27,541.09,452.32,497
1235,LYKISLTD.BO,48.5,48.61,8.85K,Consumer Non-Durables,Food: Major Diversified,65.0,46.0,71.0,,3.1164,3.1007,20.60K,14.19K,61.8,29.21,939.70M,No,49.66,49.93,,50.3,,93
1236,MANBA.NS,141.56,146.82,160.28K,Finance,Finance/Rental/Leasing,65.0,85.0,64.0,73.0,5.7743,5.715,184.73K,171.36K,154.0,98.0,7.11B,No,137.41,133.74,126.21,133.86,124.6,496
1237,AMPL.BO,33.36,32.55,34.98K,Finance,Investment Managers,65.0,89.0,60.0,61.0,2.2271,2.2157,84.37K,67.60K,42.4,24.36,2.05B,No,34.62,31.78,30.36,32.29,30.84,495
1238,ANNAINFRA.BO,33.7,30.73,0.46K,Finance,Real Estate Investment Trusts,65.0,94.0,59.0,59.0,2.255,1.7107,0.70K,0.70K,39.9,21.9,128.06M,No,27.51,27.45,30.19,28.14,31.26,496
1239,SINGERIND.NS,75.19,75.8,75.39K,Consumer Durables,Electronics/Appliances,65.0,66.0,75.0,52.0,3.0736,3.0329,148.53K,82.49K,91.3,57.15,,No,76.38,75.94,,76.73,72.28,138
1240,CHATHA.BO,95.0,100.0,29.00K,Consumer Non-Durables,Food: Meat/Fish/Dairy,65.0,7.0,63.0,67.0,4.475,3.3357,26.52K,9.90K,127.99,60.0,2.29B,No,103.69,107.02,86.54,106.74,90.0,495
1241,TATATECH.NS,715.85,694.65,2591.24K,Technology Services,Packaged Software,65.0,23.0,59.0,73.0,22.0857,21.9322,1411.73K,737.04K,891.0,507.4,290.67B,No,720.83,775.73,678.29,779.81,700.86,497
1242,SJS.NS,1994.8,1980.3,210.17K,Producer Manufacturing,Auto Parts: Oem,65.0,15.0,39.0,64.0,85.1572,84.1,163.44K,201.29K,2590.0,1447.1,64.33B,No,2225.79,2357.19,1991.46,2354.06,2100.56,497
1243,CITIUSINVT.BO,115.25,114.77,0.51K,Miscellaneous,Investment Trusts,65.0,66.0,70.0,,2.8836,2.7257,7.28K,8.05K,125.93,101.75,70.30B,No,116.5,114.3,,114.81,,113
1244,BHILSPIN.BO,125.45,122.2,0.09K,Process Industries,Textiles,65.0,42.0,54.0,62.0,7.625,7.6071,2.05K,1.75K,152.95,98.9,1.14B,No,126.75,128.6,118.86,129.36,122.01,495
1245,UNIONBANK.NS,173.06,171.51,6981.35K,Finance,Major Banks,65.0,44.0,68.0,33.0,4.9914,4.5893,12187.96K,10872.32K,205.49,135.8,1321.07B,No,174.57,179.9,174.63,180.32,174.37,497
1246,SPLPETRO.NS,788.55,783.65,129.65K,Process Industries,Industrial Specialties,65.0,48.0,71.0,53.0,32.425,32.425,276.90K,246.43K,899.0,462.3,148.28B,No,827.79,763.97,701.06,773.07,741.75,497
1247,SODHACAP.BO,71.95,69.95,4.00K,Finance,Investment Banks/Brokers,65.0,79.0,89.0,46.0,3.4771,2.2307,8.57K,8.60K,148.97,48.1,571.64M,No,71.34,68.47,67.58,69.53,64.3,249
1248,PROZONER.NS,53.62,52.5,230.99K,Finance,Real Estate Development,65.0,87.0,83.0,46.0,2.9729,2.9729,293.13K,649.42K,72.77,39.55,8.18B,No,53.51,47.73,50.06,49.01,49.66,496
1249,TUSALDAH.BO,163.8,172.4,0.01K,Consumer Non-Durables,Apparel/Footwear,65.0,96.0,73.0,79.0,7.5857,0.5607,0.14K,0.68K,213.55,100.5,383.85M,No,147.24,139.04,144.82,139.08,141.53,495
1250,VAPIENTER.BO,116.9,116.85,0.05K,Finance,Finance/Rental/Leasing,65.0,40.0,64.0,70.0,2.625,1.7214,0.96K,0.02K,172.85,89.55,266.70M,No,121.8,137.73,115.25,133.0,116.13,493
1251,LMW.NS,16133.0,16346.0,4.03K,Producer Manufacturing,Industrial Machinery,65.0,14.0,60.0,66.0,439.4286,439.1429,5.70K,2.65K,20151.0,11920.0,172.35B,No,17092.3,17821.04,15664.57,17837.4,15900.9,496
1252,NATRAJPR.BO,38.54,38.54,0.65K,Process Industries,Agricultural Commodities/Milling,65.0,66.0,71.0,54.0,2.6,2.3429,1.58K,0.47K,45.8,28.0,144.41M,No,39.59,39.38,35.87,39.62,38.01,495
1253,USHAMART.NS,502.05,503.95,638.06K,Producer Manufacturing,Metal Fabrication,65.0,70.0,57.0,66.0,18.2536,17.875,770.29K,659.95K,542.6,380.0,152.82B,No,507.26,503.53,464.74,500.52,479.4,497
1254,PRIMESECU.NS,299.45,296.5,43.25K,Finance,Investment Banks/Brokers,65.0,84.0,71.0,50.0,11.5107,11.5107,37.16K,23.04K,325.0,253.1,10.17B,No,294.54,288.16,282.71,290.98,286.27,496
1255,KNACK.NS,207.14,202.16,1987.06K,Process Industries,Containers/Packaging,65.0,89.0,,,9.38,9.3557,1694.66K,1662.02K,222.0,171.1,25.35B,No,186.66,193.5,,193.55,,66
1256,DHOOTIN.BO,236.05,227.0,6.47K,Distribution Services,Wholesale Distributors,65.0,11.0,66.0,76.0,14.5893,14.325,3.96K,2.91K,322.15,132.2,1.49B,No,253.34,267.48,223.39,267.5,225.16,495
1257,ASTEC.NS,729.3,714.75,33.98K,Process Industries,Chemicals: Agricultural,65.0,87.0,69.0,75.0,47.4929,45.5,231.61K,214.51K,941.75,513.4,16.25B,No,721.07,651.51,667.97,655.56,680.89,497
1258,SATIA.NS,68.06,67.64,61.49K,Process Industries,Pulp & Paper,65.0,70.0,84.0,54.0,2.2014,2.1857,143.90K,107.60K,80.43,50.8,6.81B,No,68.07,63.71,62.4,64.3,61.81,497
1259,ONEGLOBAL.NS,576.4,561.3,4.66K,Commercial Services,Miscellaneous Commercial Services,65.0,85.0,,,29.0714,28.5857,15.79K,11.21K,587.0,494.0,11.67B,No,543.25,,,,,37
1260,MGIL.BO,46.72,44.3,7.06K,Finance,Investment Banks/Brokers,65.0,90.0,82.0,77.0,4.78,4.7479,12.91K,4.74K,70.9,26.51,233.61M,No,41.97,39.11,41.73,39.75,39.99,495
1261,COSMOFIRST.NS,813.05,812.7,26.06K,Process Industries,Containers/Packaging,65.0,22.0,56.0,72.0,25.4107,25.0786,99.34K,34.00K,996.0,560.8,21.11B,No,850.44,894.2,757.23,884.74,794.66,496
1262,SSL.BO,47.52,46.36,17.60K,Commercial Services,Miscellaneous Commercial Services,65.0,62.0,88.0,66.0,1.6629,1.0079,14.02K,14.56K,67.0,29.35,583.08M,No,45.67,44.26,42.85,45.29,39.27,495
1263,IIFLCAPS.NS,343.75,344.2,632.54K,Finance,Investment Banks/Brokers,65.0,72.0,63.0,71.0,5.0929,5.0929,414.85K,731.72K,411.3,240.4,108.40B,No,343.64,339.08,330.49,339.96,328.91,496
1264,LAKSHMIEW.BO,2399.0,2399.95,0.00K,Producer Manufacturing,Industrial Machinery,65.0,78.0,65.0,65.0,91.0857,89.7321,0.08K,0.03K,2640.0,1681.2,1.60B,No,2435.72,2262.52,2138.29,2276.61,2190.99,495
1265,PSPLATINA.BO,1120000.0,1112000.0,0.00K,Miscellaneous,Investment Trusts,64.0,73.0,67.0,55.0,1428.5714,0.0,,,1120000.0,985001.0,3.76B,No,1105400.0,1099220.02,1060497.35,1100800.1,1070483.33,453
1266,FRONTSP.NS,1378.0,1395.9,13.77K,Producer Manufacturing,Metal Fabrication,64.0,86.0,,,103.6,96.8643,78.73K,53.46K,1569.8,1150.5,16.28B,No,1334.23,,,,,37
1267,COCHINM.BO,281.6,280.25,3.14K,Non-Energy Minerals,Other Metals/Minerals,64.0,20.0,79.0,64.0,11.9571,11.4429,12.51K,9.73K,330.0,197.1,2.20B,No,301.98,297.24,267.06,300.81,269.11,495
1268,MKEXIM.NS,57.81,57.76,10.90K,Process Industries,Textiles,64.0,26.0,,,4.4686,4.4686,18.41K,12.51K,72.0,52.0,2.33B,No,65.67,,,,,37
1269,ADANIPOWER.NS,189.0,188.0,18843.39K,Utilities,Electric Utilities,64.0,28.0,28.0,60.0,6.8836,6.4793,21664.03K,26153.52K,254.2,128.1,3644.81B,No,201.54,205.19,188.47,204.41,207.48,497
1270,KAKA.BO,219.8,217.0,3.00K,Producer Manufacturing,Miscellaneous Manufacturing,64.0,68.0,62.0,67.0,8.6,7.5964,14.33K,8.35K,268.8,139.0,3.00B,No,218.08,220.9,197.42,220.34,196.72,495
1271,SHAHLON.BO,23.81,23.43,0.34K,Process Industries,Textiles,64.0,66.0,25.0,62.0,1.7207,1.7036,28.85K,13.12K,32.89,16.5,2.13B,No,23.43,23.62,23.04,23.61,23.25,495
1272,GLENMARK.NS,2293.0,2192.2,414.34K,Health Technology,Pharmaceuticals: Major,64.0,36.0,61.0,53.0,72.7143,69.3357,558.28K,842.63K,2537.6,1792.6,647.14B,No,2374.12,2360.58,2208.5,2373.82,2279.62,497
1273,ANGELONE.NS,292.0,295.0,3482.81K,Finance,Investment Banks/Brokers,64.0,61.0,22.0,58.0,8.8893,8.3571,5926.16K,6035.66K,360.45,208.63,267.06B,No,291.5,292.58,287.82,292.18,305.32,497
1274,ORIRAIL.NS,115.13,119.28,83.98K,Producer Manufacturing,Building Products,64.0,23.0,,,5.835,5.4136,212.30K,122.03K,142.0,102.8,7.72B,No,121.88,,,,,37
1275,DWARKESH.NS,44.6,44.0,1106.99K,Process Industries,Agricultural Commodities/Milling,64.0,38.0,67.0,45.0,2.235,2.1186,3652.08K,3144.47K,59.9,32.13,8.26B,No,43.14,45.03,41.96,45.41,44.31,497
1276,MITCON.NS,75.52,77.85,8.11K,Commercial Services,Miscellaneous Commercial Services,64.0,40.0,63.0,52.0,5.5007,5.3579,12.18K,44.92K,92.84,49.56,1.32B,No,81.12,79.34,72.05,79.51,76.65,496
1277,EQUIPPP.NS,21.9,21.31,15.81K,Technology Services,Internet Software/Services,64.0,34.0,46.0,83.0,1.1836,1.1836,22.83K,3.23K,25.89,13.85,2.26B,No,22.88,22.86,19.85,22.96,20.06,496
1278,VENKEYS.NS,1595.8,1608.2,23.56K,Process Industries,Agricultural Commodities/Milling,64.0,40.0,71.0,58.0,62.6143,62.4286,90.41K,37.21K,1814.9,1165.0,22.48B,No,1658.49,1611.39,1495.0,1613.59,1507.9,496
1279,ONIXSOLAR.NS,380.15,371.2,298.10K,Producer Manufacturing,Industrial Machinery,64.0,10.0,,,20.4214,17.65,331.43K,227.73K,464.2,262.45,14.02B,No,360.95,,,,,37
1280,HNDFDS.NS,573.0,572.6,20.05K,Consumer Non-Durables,Food: Specialty/Candy,64.0,33.0,61.0,62.0,17.675,17.3714,94.35K,69.10K,677.75,442.0,69.51B,No,600.5,608.09,537.35,606.62,554.59,496
1281,PRIMEPRO.BO,26.99,24.94,0.56K,Finance,Real Estate Development,64.0,78.0,58.0,85.0,2.3543,2.1764,2.93K,2.43K,35.59,15.35,458.05M,No,25.92,26.01,25.4,25.86,25.16,495
1282,IWP.NS,35.97,36.02,18.18K,Consumer Non-Durables,Food: Specialty/Candy,64.0,78.0,,,3.2086,3.2079,52.43K,180.34K,42.4,32.8,2.30B,No,35.87,,,,,37
1283,MOBAVENUE.BO,280.65,295.05,37.61K,Technology Services,Packaged Software,64.0,40.0,24.0,66.0,14.3643,14.1107,44.53K,34.64K,343.8,196.9,21.69B,No,290.39,300.58,268.68,297.62,278.2,497
1284,SANPA.BO,184.0,182.9,0.01K,Process Industries,Pulp & Paper,64.0,53.0,76.0,65.0,7.1143,6.0286,0.31K,0.36K,229.0,143.05,240.54M,No,191.44,186.52,175.69,190.24,170.66,496
1285,SPAL.NS,913.6,922.8,27.70K,Consumer Non-Durables,Apparel/Footwear,64.0,15.0,12.0,67.0,31.9357,31.5429,91.85K,29.75K,1221.9,600.0,22.97B,No,967.72,987.08,846.9,982.95,907.91,497
1286,ABCAPITAL.NS,380.7,368.65,6518.76K,Finance,Multi-Line Insurance,64.0,52.0,43.0,61.0,9.1893,8.375,3323.61K,3683.42K,430.7,287.7,1042.31B,No,386.61,398.79,365.16,398.33,373.31,497
1287,SIMPLXREA.NS,131.65,125.4,0.23K,Consumer Durables,Homebuilding,64.0,60.0,,,7.7029,6.1729,0.14K,0.21K,149.98,113.75,,No,126.03,,,,,36
1288,WEWIN.NS,51.33,51.36,0.81K,Commercial Services,Miscellaneous Commercial Services,64.0,94.0,75.0,34.0,2.6721,2.6336,2.59K,8.62K,78.0,35.38,521.56M,No,47.05,45.86,47.74,46.56,49.82,496
1289,UJJIVANSFB.NS,61.45,62.3,18815.61K,Finance,Regional Banks,64.0,46.0,46.0,52.0,2.4571,2.3057,18529.85K,16684.10K,73.94,47.31,119.89B,No,64.74,67.42,60.63,66.92,61.42,497
1290,RIR.NS,174.12,173.34,358.82K,Electronic Technology,Semiconductors,64.0,46.0,,,9.68,9.5971,1517.78K,1051.86K,213.94,154.0,13.86B,No,183.75,172.99,,173.67,,60
1291,POBS.BO,152.7,152.7,0.60K,Commercial Services,Miscellaneous Commercial Services,64.0,3.0,35.0,64.0,0.1107,0.0,0.11K,0.07K,191.9,109.0,241.63M,No,153.71,167.42,150.92,165.19,154.37,494
1292,STALLION.NS,214.43,219.62,437.75K,Distribution Services,Wholesale Distributors,64.0,71.0,67.0,87.0,11.0486,10.2057,1959.82K,267.20K,423.8,99.32,24.89B,No,223.4,229.29,186.74,225.24,189.78,424
1293,PERMAGN.NS,853.75,855.75,2.90K,Producer Manufacturing,Industrial Machinery,64.0,65.0,,,33.6536,33.1893,5.22K,3.51K,929.0,784.05,,No,846.68,,,,,37
1294,GRAVISSHO.NS,30.61,30.01,0.00K,Consumer Services,Hotels/Resorts/Cruise Lines,64.0,83.0,,,1.5057,1.1521,47.00K,2.71K,49.9,27.9,2.16B,No,34.9,,,,,37
1295,ADANIENSOL.NS,1262.0,1251.5,993.68K,Utilities,Electric Utilities,64.0,23.0,9.0,65.0,46.8572,44.7,2756.94K,2371.16K,1789.0,803.1,1543.37B,No,1344.67,1467.78,1291.05,1451.5,1416.99,497
1296,GUJCONT.BO,169.05,170.4,0.10K,Process Industries,Containers/Packaging,64.0,81.0,70.0,62.0,2.5964,1.3321,0.55K,0.50K,180.65,142.6,955.13M,No,172.62,168.7,162.86,167.96,160.42,495
1297,TVSMOTOR.NS,3866.8,3839.3999,1088.20K,Consumer Durables,Motor Vehicles,64.0,41.0,70.0,51.0,103.3,102.0143,1009.70K,753.53K,4484.5,3228.0,1837.60B,No,4061.9,4220.18,3769.06,4191.66,3782.29,497
1298,SRHHYPOLTD.NS,533.85,534.75,13.99K,Process Industries,Chemicals: Specialty,64.0,72.0,72.0,67.0,39.3036,39.1107,24.65K,27.28K,670.0,382.4,9.16B,No,553.02,518.38,492.24,521.13,498.02,497
1299,HLEGLAS.NS,423.7,446.0,215.92K,Producer Manufacturing,Industrial Machinery,64.0,95.0,62.0,81.0,26.9036,25.6429,382.34K,191.52K,661.95,250.0,29.43B,No,431.3,385.8,368.44,391.88,363.77,497
1300,JNPR.NS,275.25,274.45,407.38K,Utilities,Alternative Power Generation,64.0,79.0,,,11.9643,11.8,3334.43K,891.89K,284.5,232.11,156.62B,No,268.49,,,263.08,,45
1301,MAGADSUGAR.NS,538.9,544.65,19.90K,Process Industries,Agricultural Commodities/Milling,64.0,50.0,70.0,60.0,28.3679,27.675,54.77K,72.38K,634.95,417.0,7.59B,No,527.45,544.3,490.39,544.43,504.06,497
1302,GODREJAGRO.NS,628.45,639.95,112.20K,Process Industries,Agricultural Commodities/Milling,64.0,39.0,76.0,54.0,21.5464,21.5464,461.71K,236.27K,698.4,506.1,120.92B,No,650.09,618.08,586.85,620.76,591.06,497
1303,DVL.NS,279.3,270.25,7.18K,Consumer Non-Durables,Food: Major Diversified,63.0,50.0,80.0,68.0,10.8357,10.5571,27.13K,9.94K,371.6,186.99,9.78B,No,282.37,277.3,253.44,279.79,251.02,496
1304,SHREEPAC.BO,168.2,165.75,0.69K,Health Technology,Medical Specialties,63.0,92.0,75.0,80.0,16.2643,16.15,4.68K,4.85K,283.15,90.0,630.70M,No,172.33,152.59,143.61,153.17,140.23,495
1305,CRISIL.NS,4423.8,4404.0,17.22K,Technology Services,Internet Software/Services,63.0,38.0,72.0,63.0,130.1428,128.9143,59.64K,37.83K,5064.9,3686.0,323.51B,No,4544.38,4562.25,4334.13,4577.99,4257.12,497
1306,ASIANHOTNR.NS,334.4,329.5,15.71K,Consumer Services,Hotels/Resorts/Cruise Lines,63.0,6.0,69.0,62.0,19.5571,19.5571,63.66K,11.54K,423.8,247.5,14.26B,No,365.66,342.06,312.5,344.38,314.23,496
1307,MEDANTA.NS,1312.7,1276.5,235.49K,Health Services,Hospital/Nursing Management,63.0,33.0,56.0,71.0,47.2714,46.3214,268.50K,282.16K,1544.0,956.0,352.75B,No,1411.7,1426.67,1239.29,1434.19,1280.54,497
1308,TITAN.NS,4410.0,4359.5,591.65K,Consumer Durables,Other Consumer Specialties,63.0,19.0,51.0,42.0,106.4143,98.2214,780.47K,1087.27K,5186.7,3506.5,3913.05B,No,4735.41,4917.37,4418.57,4889.02,4537.52,497
1309,INDOKEM.NS,619.1,692.8,134.56K,Process Industries,Industrial Specialties,63.0,64.0,,,40.5893,39.075,21.41K,63.24K,697.1,555.0,17.27B,No,614.89,,,,,37
1310,SAIPARENT.NS,493.9,500.45,144.90K,Health Technology,Pharmaceuticals: Major,63.0,39.0,22.0,,20.7036,20.4536,117.71K,149.13K,706.0,400.0,21.82B,No,511.49,527.33,,525.87,,130
1311,ALEMBICLTD.NS,99.25,99.72,432.92K,Health Technology,Pharmaceuticals: Major,63.0,27.0,75.0,64.0,3.8243,3.7886,1239.44K,780.98K,117.72,70.46,25.49B,No,104.12,98.25,92.59,99.26,91.73,497
1312,JAGSNPHARM.NS,225.6,231.7,50.85K,Health Technology,Pharmaceuticals: Generic,63.0,47.0,53.0,65.0,10.125,9.95,483.66K,1121.46K,264.5,155.0,14.90B,No,232.05,234.28,206.22,233.63,217.37,497
1313,GALADAFIN.BO,31.5,30.29,0.02K,Finance,Financial Conglomerates,63.0,81.0,28.0,80.0,1.0579,0.8793,0.26K,0.30K,43.89,19.7,94.50M,No,30.07,34.66,31.64,33.85,32.18,494
1314,HELPAGE.BO,23.47,21.7,0.56K,Finance,Investment Banks/Brokers,63.0,80.0,72.0,39.0,1.5464,1.3371,0.74K,0.12K,33.8,18.75,233.47M,No,22.81,21.92,22.38,22.1,22.23,495
1315,GOCLCORP.NS,357.5,357.6,35.85K,Process Industries,Industrial Specialties,63.0,5.0,31.0,75.0,19.1107,16.9893,251.13K,121.51K,461.4,223.35,17.72B,No,396.08,404.57,339.04,403.26,368.63,497
1316,SLSTLQ.BO,35.0,35.0,0.01K,Process Industries,Textiles,63.0,88.0,65.0,71.0,0.1829,0.0357,0.10K,0.05K,42.9,23.0,116.65M,No,33.69,31.75,29.11,31.8,29.44,495
1317,AVL.NS,581.05,604.45,216.82K,Retail Trade,Electronics/Appliance Stores,63.0,45.0,39.0,69.0,22.4464,22.1321,189.27K,146.21K,705.0,436.55,75.04B,No,610.03,610.25,549.16,606.15,573.64,475
1318,ICL.BO,31.2,31.2,0.02K,Process Industries,Textiles,63.0,45.0,56.0,63.0,0.8586,0.6964,1.40K,0.47K,44.05,22.05,222.79M,No,30.42,33.15,30.55,32.44,32.19,495
1319,HAL.NS,4655.6,4647.3999,502.66K,Electronic Technology,Aerospace & Defense,63.0,36.0,65.0,67.0,108.9857,100.9071,861.45K,744.86K,5149.9,3479.1,3113.55B,No,4748.58,4826.17,4419.2,4841.89,4475.69,497
1320,KPRMILL.NS,1053.8,1053.3,335.59K,Consumer Non-Durables,Apparel/Footwear,63.0,37.0,48.0,70.0,32.9714,32.5643,255.44K,135.61K,1334.0,796.1,360.95B,No,1102.51,1111.43,995.59,1113.65,1037.88,497
1321,MOL.NS,58.41,57.74,433.52K,Process Industries,Chemicals: Specialty,63.0,20.0,85.0,66.0,2.9214,2.895,2067.67K,921.83K,83.45,36.5,14.85B,No,59.34,59.98,54.17,60.13,52.96,497
1322,NEELKANTH.BO,43.0,41.73,1.43K,Process Industries,Agricultural Commodities/Milling,63.0,95.0,73.0,81.0,2.1371,2.1136,0.29K,0.20K,57.0,27.16,187.44M,No,37.1,37.47,41.91,37.23,37.97,496
1323,NIRAVCOM.BO,695.0,728.85,0.02K,Non-Energy Minerals,Aluminum,63.0,53.0,64.0,43.0,17.3821,7.1429,0.01K,0.03K,953.3,551.0,272.44M,No,685.21,695.71,715.82,686.8,744.76,496
1324,VEDANTASSET.BO,54.45,55.14,4.50K,Finance,Investment Managers,63.0,4.0,1.0,86.0,1.0036,0.3293,3.10K,2.83K,93.6,33.0,150.37M,No,62.08,66.91,53.51,64.73,57.31,494
1325,CARYSIL.NS,1021.3,1011.8,54.67K,Consumer Durables,Home Furnishings,63.0,19.0,29.0,70.0,38.8214,38.6643,114.01K,108.71K,1280.9,732.1,29.05B,No,1071.8,1128.94,1001.58,1119.64,1053.48,497
1326,SHPLPUNE.BO,859.9,870.0,0.03K,Consumer Services,Hotels/Resorts/Cruise Lines,63.0,72.0,64.0,63.0,76.0071,73.2429,2.50K,0.04K,1100.0,631.0,2.62B,No,851.45,841.31,808.04,850.48,813.85,496
1327,DIANATEA.BO,28.4,28.48,1.35K,Process Industries,Agricultural Commodities/Milling,63.0,51.0,77.0,56.0,1.4657,1.3893,13.52K,13.84K,34.75,22.75,425.74M,No,28.35,28.32,26.91,28.86,26.83,495
1328,TASTYBITE.NS,8758.0,8999.0,1.93K,Consumer Non-Durables,Food: Specialty/Candy,63.0,20.0,52.0,71.0,289.6429,289.6429,7.80K,1.50K,10544.0,6430.0,22.47B,No,9692.65,9737.3,8192.99,9783.1,8504.07,496
1329,DBSTOCKBRO.NS,31.99,31.91,14.77K,Finance,Investment Banks/Brokers,63.0,89.0,7.0,68.0,1.7879,1.7693,21.25K,7.65K,48.5,23.15,1.12B,No,30.34,30.83,29.03,30.6,30.66,496
1330,VARDHACRLC.NS,42.75,42.7,52.48K,Consumer Non-Durables,Apparel/Footwear,63.0,56.0,56.0,71.0,1.6021,1.6007,34.28K,30.38K,48.55,27.01,3.44B,No,43.88,44.15,40.4,44.21,41.61,497
1331,CLSEL.NS,287.4,289.25,34.01K,Process Industries,Agricultural Commodities/Milling,63.0,43.0,59.0,56.0,9.35,9.3071,127.73K,47.02K,324.8,203.75,14.29B,No,291.01,291.91,273.77,289.53,279.16,496
1332,GOKAKTEX.BO,72.03,72.97,5.76K,Process Industries,Textiles,63.0,95.0,78.0,61.0,6.22,6.1071,2.20K,1.29K,93.9,51.0,468.15M,No,64.51,61.03,64.6,61.93,63.62,495
1333,CARGOSOL.BO,24.61,24.61,4.00K,Transportation,Air Freight/Couriers,63.0,67.0,53.0,49.0,0.0,0.0,0.84K,0.84K,27.9,15.3,251.02M,No,24.61,25.12,23.32,25.0,21.98,494
1334,BETA.NS,1950.2,1898.0,158.92K,Health Technology,Pharmaceuticals: Major,63.0,30.0,18.0,77.0,100.1643,100.1643,38.35K,13.66K,2807.9,990.1,19.77B,No,2058.03,2219.26,1704.37,2196.75,1834.02,497
1335,ERPSOFT.BO,72.0,72.0,0.00K,Technology Services,Packaged Software,63.0,65.0,79.0,78.0,0.0514,0.0514,0.13K,0.13K,110.8,42.94,285.12M,No,72.0,69.66,64.02,69.75,62.93,495
1336,SHAWGELTIN.BO,427.6,435.2,5.05K,Consumer Non-Durables,Food: Specialty/Candy,63.0,31.0,20.0,67.0,14.0179,13.9214,5.67K,2.86K,545.0,327.3,2.59B,No,457.1,474.85,422.65,469.57,447.55,495
1337,MANIPALHOS.NS,701.3,684.05,1391.90K,Health Services,Hospital/Nursing Management,63.0,59.0,,,29.4464,29.3714,2751.42K,1009.44K,815.0,625.45,922.47B,No,718.41,,,717.82,,46
1338,CONCORDBIO.NS,1361.4,1330.8,128.33K,Commercial Services,Miscellaneous Commercial Services,63.0,36.0,67.0,74.0,57.3357,55.1643,160.25K,121.68K,1627.0,987.0,142.42B,No,1438.65,1454.17,1271.25,1447.5,1272.59,497
1339,SHVFL.BO,27.5,27.55,0.19K,Finance,Finance/Rental/Leasing,63.0,90.0,70.0,16.0,0.4857,0.2821,0.05K,0.03K,40.39,22.91,277.75M,No,26.44,24.91,27.99,25.07,28.69,496
1340,IDFCFIRSTB.NS,79.52,78.46,8631.68K,Finance,Regional Banks,63.0,34.0,57.0,68.0,2.4007,2.1357,20302.19K,23403.55K,89.61,58.08,685.69B,No,83.24,84.56,77.65,84.27,76.41,497
1341,GOTHIPL.BO,40.8,39.01,0.20K,Process Industries,Chemicals: Specialty,62.0,80.0,68.0,64.0,0.4121,0.1386,0.34K,0.04K,46.8,33.25,416.16M,No,40.54,39.18,38.38,39.14,37.69,495
1342,GPPL.NS,167.9,166.64,803.14K,Transportation,Marine Shipping,62.0,79.0,73.0,58.0,5.0921,5.0921,1749.96K,1536.32K,200.09,141.55,81.20B,No,164.29,161.2,162.0,162.29,156.21,497
1343,NATGENI.BO,54.98,54.0,0.01K,Non-Energy Minerals,Steel,62.0,43.0,46.0,40.0,4.1471,3.9786,0.17K,0.25K,72.92,34.53,246.46M,No,56.54,58.32,53.84,58.46,58.56,495
1344,KALYANI.NS,144.99,144.99,0.25K,Distribution Services,Wholesale Distributors,62.0,67.0,63.0,44.0,0.0,0.0,0.00K,0.00K,144.99,138.09,144.99M,No,144.99,141.82,139.02,142.92,139.7,314
1345,REGAAL.NS,84.09,83.34,461.39K,Process Industries,Agricultural Commodities/Milling,62.0,54.0,66.0,56.0,4.9179,4.9179,461.08K,201.15K,103.0,57.27,8.66B,No,86.28,88.21,78.26,87.7,82.7,282
1346,EXHICON.BO,519.5,516.35,47.00K,Commercial Services,Miscellaneous Commercial Services,62.0,88.0,59.0,59.0,16.7107,16.2143,29.03K,56.08K,595.0,390.0,7.67B,No,496.64,490.55,495.27,494.25,483.18,495
1347,GPTINFRA.NS,121.88,121.19,216.37K,Industrial Services,Engineering & Construction,62.0,86.0,57.0,56.0,5.4957,5.4957,244.14K,461.45K,150.0,96.22,15.40B,No,117.29,115.33,114.54,115.42,115.68,497
1348,PNB.NS,116.98,115.29,12666.49K,Finance,Major Banks,62.0,71.0,76.0,52.0,2.9964,2.9229,15316.47K,14915.91K,135.15,98.5,1344.44B,No,115.2,115.44,114.33,115.89,110.56,497
1349,KIMIABL.BO,34.1,34.1,0.25K,Health Technology,Pharmaceuticals: Major,62.0,91.0,74.0,61.0,1.9064,1.9064,4.82K,4.95K,43.28,23.2,1.61B,No,30.83,29.73,31.98,29.69,32.1,495
1350,ADANIGREEN.NS,1255.8,1235.7,2734.52K,Utilities,Alternative Power Generation,62.0,58.0,17.0,70.0,46.3357,45.8786,2120.03K,3300.99K,1631.5,765.0,2068.52B,No,1283.92,1308.88,1203.34,1309.7,1310.71,497
1351,ABSLAMC.NS,1004.05,1004.9,133.19K,Technology Services,Internet Software/Services,62.0,56.0,30.0,49.0,38.3893,38.3536,254.97K,209.78K,1224.9,708.0,290.55B,No,1028.25,1025.96,983.63,1033.57,1046.8,497
1352,INDIQUBE.NS,194.47,191.89,33.18K,Finance,Real Estate Development,62.0,47.0,73.0,73.0,8.6814,8.6814,82.69K,40.21K,232.01,131.15,41.23B,No,196.51,190.9,176.6,192.52,173.48,295
1353,SAYAJIIND.NS,115.0,115.41,1.00K,Process Industries,Chemicals: Specialty,62.0,65.0,,,5.2336,4.8979,1.48K,1.78K,125.95,106.5,2.91B,No,117.67,,,,,37
1354,ECLERX.NS,1866.8,1846.8,56.34K,Commercial Services,Miscellaneous Commercial Services,62.0,52.0,79.0,68.0,63.4571,61.7643,320.05K,154.69K,2497.5,1320.0,171.79B,No,1885.11,1884.68,1775.72,1872.67,1658.86,497
1355,BHARATSE.NS,210.18,200.84,2421.01K,Producer Manufacturing,Auto Parts: Oem,62.0,36.0,29.0,67.0,9.0507,8.9293,301.97K,87.55K,263.18,133.6,13.20B,No,211.16,220.83,192.34,221.57,201.72,382
1356,DYNAMIND.BO,121.1,129.7,0.54K,Process Industries,Industrial Specialties,62.0,63.0,79.0,65.0,9.4179,9.35,3.63K,2.00K,189.9,83.2,366.75M,No,128.35,116.32,110.48,117.38,110.31,495
1357,SHREESHAY.BO,28.5,27.6,6.00K,Industrial Services,Engineering & Construction,62.0,87.0,63.0,69.0,0.7179,0.4586,5.08K,0.67K,39.05,20.25,376.30M,No,24.36,25.04,26.53,24.81,26.34,496
1358,ALKYLAMINE.NS,1807.6,1827.3,51.57K,Process Industries,Chemicals: Specialty,62.0,32.0,41.0,75.0,78.9786,76.25,151.56K,399.48K,2115.0,1212.0,92.46B,No,1837.45,1908.15,1679.8,1905.95,1733.83,497
1359,J&KBANK.NS,138.23,135.5,1951.06K,Finance,Regional Banks,62.0,43.0,5.0,60.0,3.9129,3.8764,4037.21K,2198.41K,201.75,97.35,152.22B,No,143.26,148.44,134.37,147.99,146.17,497
1360,PETRONET.NS,291.5,288.5,2081.63K,Utilities,Gas Distributors,62.0,74.0,67.0,56.0,6.4393,5.8357,1903.91K,2743.81K,326.4,235.35,437.25B,No,287.68,286.87,281.89,287.96,277.41,497
1361,SUPRAPFSL.BO,32.14,31.16,20.93K,Commercial Services,Miscellaneous Commercial Services,62.0,44.0,47.0,74.0,2.9357,2.9171,51.24K,60.33K,35.97,22.41,1.58B,No,32.97,33.39,29.89,33.4,30.42,495
1362,SHRINGARMS.NS,221.13,218.59,514.02K,Consumer Durables,Other Consumer Specialties,62.0,74.0,52.0,62.0,7.5786,7.3614,501.40K,873.19K,266.5,166.0,21.32B,No,215.56,220.95,217.2,220.97,212.9,262
1363,SALONA.NS,269.55,277.0,0.22K,Process Industries,Textiles,62.0,78.0,70.0,44.0,16.0357,15.7929,1.70K,0.59K,320.0,200.0,1.42B,No,267.3,262.33,263.54,263.31,266.49,496
1364,OML.BO,30.99,31.4,6.40K,Industrial Services,Environmental Services,62.0,72.0,55.0,89.0,1.6714,1.5243,9.83K,7.82K,85.0,13.75,243.65M,No,28.66,29.98,24.36,29.92,25.52,250
1365,MAHSEAMLES.NS,618.1,644.25,406.89K,Non-Energy Minerals,Steel,62.0,28.0,65.0,47.0,31.5286,31.2893,289.68K,445.53K,768.0,500.7,82.82B,No,700.47,655.44,601.39,666.51,630.26,497
1366,SASHWAT.BO,306.6,306.6,0.05K,Finance,Real Estate Development,62.0,49.0,31.0,51.0,1.0036,0.0,0.02K,0.02K,355.25,252.95,93.89M,No,314.33,331.18,311.05,326.73,323.93,494
1367,KAMADGIRI.BO,102.3,100.5,0.30K,Process Industries,Textiles,62.0,15.0,40.0,65.0,4.0107,2.5643,0.64K,0.05K,149.0,64.05,600.44M,No,103.18,111.84,101.14,109.2,108.11,495
1368,TTKHLTCARE.NS,1016.6,1007.0,6.69K,Health Technology,Pharmaceuticals: Major,62.0,10.0,75.0,63.0,36.9143,36.5286,39.45K,13.74K,1247.0,735.0,14.36B,No,1046.71,1079.05,964.81,1080.55,963.88,497
1369,VIRYA.BO,697.65,734.35,0.00K,Industrial Services,Engineering & Construction,62.0,17.0,48.0,56.0,4.8321,0.0,0.01K,0.01K,896.75,349.7,1.05B,No,768.42,798.29,655.81,801.1,666.01,495
1370,MISHDESIGN.BO,40.0,41.8,2.00K,Retail Trade,Apparel/Footwear Retail,62.0,88.0,88.0,63.0,2.4386,1.7021,1.81K,3.20K,70.75,28.08,141.36M,No,36.57,34.75,39.85,35.65,35.99,496
1371,ASAHIINDIA.NS,945.95,938.8,40.78K,Consumer Durables,Home Furnishings,62.0,65.0,65.0,59.0,27.8679,27.8464,166.16K,112.26K,1074.0,775.1,241.15B,No,957.74,943.28,906.85,950.93,890.98,497
1372,AMDIND.NS,49.29,50.64,11.64K,Producer Manufacturing,Miscellaneous Manufacturing,62.0,5.0,70.0,63.0,2.5307,2.2564,74.40K,22.79K,74.39,33.77,944.73M,No,57.41,54.67,47.02,55.61,48.38,496
1373,REPONO.BO,78.25,81.5,21.60K,Transportation,Other Transportation,62.0,67.0,43.0,69.0,3.8814,3.1407,23.15K,39.60K,107.0,43.06,804.35M,No,76.95,79.28,69.25,79.06,71.95,292
1374,WINDMACHIN.NS,296.2,288.1,37.26K,Producer Manufacturing,Industrial Machinery,62.0,56.0,49.0,67.0,12.2036,12.2,139.93K,85.01K,343.9,200.65,30.64B,No,297.46,300.36,280.88,301.64,291.1,496
1375,PACIFICI.NS,144.95,133.01,0.16K,Non-Energy Minerals,Construction Materials,62.0,78.0,,,7.6079,6.6586,0.97K,1.28K,160.0,129.0,999.09M,No,139.2,,,,,37
1376,ADINATH.BO,21.94,23.27,2.33K,Process Industries,Textiles,62.0,70.0,68.0,73.0,1.3743,1.2007,1.02K,0.25K,31.35,16.15,149.51M,No,22.43,21.75,21.15,21.8,21.21,495
1377,JAYBARMARU.NS,126.68,128.0,603.42K,Distribution Services,Wholesale Distributors,62.0,86.0,3.0,81.0,6.8757,6.7621,537.22K,657.33K,207.0,74.15,13.71B,No,121.01,127.63,116.84,125.01,124.86,497
1378,MANAKCOAT.NS,127.53,126.33,228.62K,Non-Energy Minerals,Steel,61.0,78.0,66.0,67.0,4.9486,4.9486,545.50K,315.33K,182.82,94.2,13.60B,No,128.39,123.97,117.97,124.27,114.67,496
1379,MEGASTAR.NS,292.53,292.31,17.18K,Process Industries,Agricultural Commodities/Milling,61.0,72.0,9.0,55.0,23.6536,23.6464,12.14K,8.55K,392.0,204.4,3.30B,No,274.99,297.99,282.11,294.42,304.53,496
1380,SHRADDHA.NS,161.45,158.87,13.98K,Electronic Technology,Electronic Equipment/Instruments,61.0,79.0,,,10.5957,10.365,10.80K,22.93K,179.0,142.0,,No,153.34,,,,,37
1381,RANEHOLDIN.NS,1517.6,1513.1,2.43K,Producer Manufacturing,Auto Parts: Oem,61.0,23.0,23.0,84.0,44.9571,44.2429,17.45K,8.18K,1894.5,981.0,21.67B,No,1584.22,1640.86,1422.72,1621.77,1468.99,497
1382,TINNARUBR.NS,885.85,879.6,41.52K,Process Industries,Industrial Specialties,61.0,14.0,38.0,76.0,37.9964,37.7429,130.99K,29.80K,1322.0,527.45,15.96B,No,971.26,1023.13,838.54,1011.26,882.03,368
1383,SANGHVIMOV.NS,392.6,389.2,327.03K,Finance,Finance/Rental/Leasing,61.0,20.0,25.0,77.0,22.0857,22.0786,417.98K,374.74K,528.0,223.8,33.99B,No,427.26,451.49,362.99,447.54,387.72,497
1384,MANINFRA.NS,117.16,117.74,1485.70K,Finance,Real Estate Development,61.0,32.0,76.0,72.0,3.8707,3.8071,2090.50K,2033.15K,150.0,77.12,46.33B,No,124.65,118.02,111.56,120.02,110.46,496
1385,LGBBROSLTD.NS,1663.7,1676.4,58.86K,Producer Manufacturing,Electrical Products,61.0,51.0,68.0,38.0,43.8429,43.7786,25.68K,26.36K,2048.0,1314.9,53.07B,No,1712.05,1659.1,1696.44,1670.12,1642.54,497
1386,POLYPLEX.NS,1001.3,998.9,38.55K,Process Industries,Chemicals: Specialty,61.0,15.0,47.0,65.0,36.7214,35.6286,86.67K,45.02K,1264.0,740.0,32.63B,No,1069.15,1126.18,953.35,1119.59,1002.33,497
1387,MODTHREAD.NS,48.72,46.2,3.11K,Process Industries,Textiles,61.0,34.0,63.0,48.0,3.2664,3.185,13.62K,3.65K,65.65,35.61,1.69B,No,48.26,50.41,46.61,50.53,47.67,496
1388,ICICIAMC.NS,3030.3,3066.3999,301.26K,Finance,Investment Managers,61.0,71.0,51.0,40.0,77.0357,75.9215,481.92K,325.43K,3611.0,2530.0,1497.75B,No,3118.96,3107.67,,3109.84,3176.41,199
1389,ARYAMAN.NS,623.75,610.0,0.02K,Finance,Investment Banks/Brokers,61.0,59.0,,,14.1607,12.4036,1.07K,3.20K,674.95,570.0,7.64B,No,621.19,,,,,37
1390,SANJIVIN.BO,180.25,181.15,7.01K,Health Technology,Pharmaceuticals: Major,61.0,40.0,85.0,57.0,8.3607,8.0893,16.10K,2.54K,244.0,126.0,2.21B,No,174.52,182.15,173.49,182.89,163.16,495
1391,TIPSMUSIC.NS,636.35,618.15,146.99K,Consumer Services,Movies/Entertainment,61.0,64.0,34.0,63.0,20.2036,19.4607,548.33K,234.65K,741.0,481.15,80.92B,No,653.22,655.06,608.55,653.38,640.38,497
1392,TANAA.NS,325.9,330.35,44.65K,Electronic Technology,Aerospace & Defense,61.0,92.0,,,34.725,33.3893,77.76K,112.52K,378.95,238.0,,No,313.67,,,,,37
1393,RELIABLE.NS,139.8,139.76,3.67K,Technology Services,Data Processing Services,61.0,66.0,52.0,66.0,5.6536,5.6371,37.36K,33.22K,175.0,104.74,1.44B,No,141.11,141.04,140.44,141.16,138.15,496
1394,GIPCL.NS,166.58,164.94,207.70K,Utilities,Electric Utilities,61.0,6.0,63.0,70.0,6.5436,6.5157,677.66K,335.62K,211.71,119.9,25.86B,No,183.07,181.99,157.96,183.28,163.44,497
1395,REMSONSIND.NS,101.46,98.95,584.07K,Producer Manufacturing,Auto Parts: Oem,61.0,79.0,86.0,51.0,10.0243,9.5,291.28K,1099.22K,152.45,75.23,3.56B,No,103.68,94.44,98.89,97.5,92.92,497
1396,GUJRAFFIA.NS,42.44,43.47,6.09K,Producer Manufacturing,Miscellaneous Manufacturing,61.0,72.0,73.0,56.0,2.3379,2.3079,3.44K,3.90K,88.0,35.1,,No,40.79,40.79,41.19,41.25,40.42,494
1397,RAJPACK.BO,32.0,31.9,3.81K,Process Industries,Containers/Packaging,61.0,84.0,81.0,54.0,2.3986,2.2807,2.39K,1.70K,45.85,24.8,146.23M,No,32.49,30.59,30.62,31.07,29.73,495
1398,CASTROLIND.NS,194.67,196.08,1859.17K,Energy Minerals,Oil Refining/Marketing,61.0,76.0,69.0,57.0,4.2221,4.2221,2751.45K,4173.77K,207.2,170.1,192.55B,No,195.42,190.87,186.16,192.27,186.13,497
1399,INDGELA.BO,361.45,364.0,0.57K,Process Industries,Chemicals: Major Diversified,61.0,55.0,58.0,57.0,11.9,11.4,1.93K,2.26K,418.0,295.0,2.56B,No,371.12,374.76,354.99,373.49,361.63,495
1400,EXIDEIND.NS,394.4,394.9,890.97K,Producer Manufacturing,Auto Parts: Oem,61.0,44.0,42.0,72.0,10.7393,10.6143,3745.07K,1715.50K,496.4,287.0,335.24B,No,414.85,438.23,377.11,437.07,393.33,497
1401,NARMP.BO,23.0,22.87,27.92K,Producer Manufacturing,Miscellaneous Manufacturing,61.0,50.0,69.0,63.0,1.165,1.1121,67.38K,53.80K,34.55,14.56,833.29M,No,23.25,22.8,22.46,23.04,21.66,496
1402,AUBANK.NS,982.0,975.0,1196.06K,Finance,Regional Banks,61.0,32.0,39.0,47.0,27.7714,24.4286,1545.09K,1873.15K,1144.1,755.15,735.93B,No,1021.18,1054.95,1005.75,1050.37,1015.92,497
1403,SANSTAR.NS,101.9,97.42,196.50K,Consumer Non-Durables,Food: Major Diversified,61.0,38.0,35.0,72.0,3.9121,3.8907,222.48K,113.58K,137.49,74.3,20.41B,No,107.99,109.44,100.49,108.97,104.87,497
1404,CLN.BO,462.0,470.0,1.20K,Producer Manufacturing,Electrical Products,61.0,38.0,51.0,79.0,19.0143,16.575,6.90K,1.54K,598.95,260.0,4.99B,No,477.19,505.65,420.5,503.02,440.9,417
1405,VIDHIING.NS,332.4,331.0,9.00K,Consumer Non-Durables,Food: Specialty/Candy,61.0,39.0,77.0,47.0,13.6929,13.5071,50.45K,19.46K,387.85,258.6,16.60B,No,346.79,338.3,314.0,336.59,311.06,496
1406,EPL.NS,232.43,232.03,1015.68K,Process Industries,Containers/Packaging,61.0,41.0,56.0,48.0,6.7514,6.6064,4249.71K,1805.01K,274.03,176.4,74.57B,No,236.47,241.04,223.44,241.55,229.75,496
1407,VASUPRADA.NS,99.5,98.97,0.04K,Consumer Non-Durables,Food: Specialty/Candy,61.0,55.0,,,3.4971,2.42,0.27K,0.57K,111.38,92.0,,No,98.42,,,,,37
1408,AIIL.NS,549.7,550.1,70.59K,Finance,Financial Conglomerates,61.0,79.0,71.0,71.0,15.8714,15.6821,512.33K,159.16K,683.0,400.0,466.82B,No,545.39,548.93,521.34,553.15,517.13,497
1409,BECTORFOOD.NS,205.41,205.64,316.60K,Consumer Non-Durables,Food: Specialty/Candy,61.0,21.0,83.0,57.0,6.5807,6.5193,5778.39K,757.97K,279.9,165.0,63.00B,No,217.65,227.91,207.02,227.65,200.46,497
1410,MINDSPACE.BO,492.88,491.17,5.72K,Finance,Real Estate Investment Trusts,61.0,65.0,61.0,50.0,8.1764,8.0971,174.42K,10.12K,525.5,441.28,326.28B,No,499.34,497.12,479.93,498.06,479.59,495
1411,AJAXENGG.NS,570.4,571.25,31.60K,Producer Manufacturing,Trucks/Construction/Farm Machinery,61.0,53.0,67.0,72.0,20.4821,19.9571,107.08K,264.96K,678.0,394.8,65.26B,No,579.67,577.68,544.21,578.17,547.73,406
1412,AIRLTD.BO,567.2,567.2,0.00K,Consumer Durables,Homebuilding,61.0,67.0,47.0,23.0,0.0,0.0,0.00K,0.00K,713.95,444.3,12.71B,No,567.2,570.98,608.95,570.06,592.46,494
1413,PSTITANIA.BO,1105500.0,1105500.0,0.00K,Miscellaneous,Investment Trusts,61.0,70.0,57.0,44.0,13250.0,5000.0,,,1190000.0,990000.0,4.93B,No,1090850.0,1098340.0,1091973.07,1092600.0,1098003.7,291
1414,MINDACORP.NS,636.3,635.15,153.14K,Producer Manufacturing,Auto Parts: Oem,61.0,24.0,38.0,67.0,18.2786,17.975,401.89K,274.20K,769.0,468.5,149.76B,No,673.46,699.32,611.47,695.45,630.18,497
1415,ANUHPHR.NS,82.02,81.79,37.64K,Health Technology,Pharmaceuticals: Major,60.0,11.0,66.0,56.0,3.6829,3.6643,135.22K,90.01K,99.5,67.0,8.22B,No,89.4,83.98,79.51,84.29,80.27,447
1416,OIL.NS,443.5,447.0,625.34K,Energy Minerals,Oil Refining/Marketing,60.0,22.0,67.0,39.0,10.1036,9.8571,2758.53K,1809.25K,531.0,395.6,721.40B,No,467.23,470.39,461.42,468.56,463.01,497
1417,AMAL.NS,764.95,774.8,7.96K,Process Industries,Chemicals: Specialty,60.0,72.0,,,36.175,35.7464,12.86K,19.66K,822.0,636.05,,No,719.73,,,,,37
1418,SIHORA.BO,62.0,60.0,2.00K,Process Industries,Textiles,60.0,63.0,69.0,62.0,1.8279,1.3093,2.06K,2.20K,70.0,50.0,330.30M,No,59.25,60.2,59.41,60.51,60.05,242
1419,UNIDT.NS,218.61,226.24,28.58K,Industrial Services,Oilfield Services/Equipment,60.0,40.0,52.0,52.0,20.2157,20.2157,32.94K,56.91K,272.0,146.0,4.44B,No,228.47,227.26,209.0,228.14,216.61,496
1420,MPILCORPL.BO,498.85,487.0,0.00K,Commercial Services,Miscellaneous Commercial Services,60.0,75.0,42.0,62.0,19.1893,15.7464,0.01K,0.03K,639.2,324.7,285.13M,No,487.55,451.01,450.84,458.8,482.53,495
1421,PODDARMENT.NS,255.6,250.2,5.54K,Process Industries,Industrial Specialties,60.0,5.0,72.0,55.0,11.5286,11.5071,13.62K,4.76K,333.4,201.1,2.71B,No,268.82,263.31,250.86,262.39,251.58,496
1422,GILLANDERS.NS,100.14,104.15,12.85K,Consumer Non-Durables,Food: Major Diversified,60.0,62.0,74.0,63.0,7.0364,6.9057,9.93K,25.50K,129.4,76.0,2.14B,No,106.82,100.58,94.08,101.5,94.11,496
1423,IKS.NS,1716.6,1751.1,132.97K,Commercial Services,Miscellaneous Commercial Services,60.0,54.0,33.0,66.0,66.2929,65.6786,177.71K,198.68K,1970.0,1262.0,287.97B,No,1782.33,1784.35,1659.39,1771.51,1681.41,447
1424,LTFOODS.NS,408.05,405.45,280.81K,Process Industries,Agricultural Commodities/Milling,60.0,23.0,68.0,44.0,12.3679,12.3429,1292.31K,400.38K,490.7,333.15,141.70B,No,417.45,425.93,400.55,424.99,405.63,497
1425,RIKHAV.BO,53.86,50.24,48.00K,Finance,Investment Banks/Brokers,60.0,92.0,81.0,59.0,3.6621,3.29,29.03K,40.16K,74.0,34.0,2.06B,No,51.44,48.23,47.55,48.33,47.52,423
1426,APIS.BO,51.93,50.75,144.28K,Consumer Non-Durables,Food: Major Diversified,60.0,57.0,42.0,7.0,2.8864,2.8864,15.46K,46.41K,110.42,31.22,7.15B,No,50.91,53.36,62.02,52.85,57.79,496
1427,METROPOLIS.NS,529.25,525.85,108.77K,Health Services,Medical/Nursing Services,60.0,29.0,43.0,64.0,18.8179,18.5536,259.51K,266.86K,609.05,412.25,109.79B,No,568.61,570.62,517.39,567.55,532.91,497
1428,DEEPAKFERT.NS,1392.6,1390.2,211.84K,Process Industries,Chemicals: Agricultural,60.0,77.0,39.0,76.0,51.9857,51.1286,347.35K,331.27K,1681.0,866.4,175.98B,No,1346.7,1420.22,1295.82,1400.27,1373.7,497
1429,JOCIL.NS,144.2,146.44,0.49K,Process Industries,Chemicals: Specialty,60.0,17.0,54.0,73.0,6.78,6.69,5.80K,2.47K,175.12,91.25,1.28B,No,146.56,148.72,138.2,148.29,139.06,496
1430,SPACAPS.BO,215.0,215.0,0.00K,Finance,Investment Managers,60.0,83.0,54.0,32.0,2.4714,0.6857,0.01K,0.05K,231.4,162.45,660.96M,No,203.58,206.13,208.37,206.66,207.87,494
1431,PREMCO.NS,386.9,395.65,0.55K,Process Industries,Textiles,60.0,64.0,,,11.6821,11.5321,0.69K,0.72K,409.95,370.05,,No,396.95,,,,,37
1432,ELGIRUBCO.NS,53.8,54.24,27.44K,Producer Manufacturing,Miscellaneous Manufacturing,60.0,29.0,42.0,74.0,3.09,3.0743,69.76K,83.56K,69.99,32.72,2.69B,No,56.39,58.33,49.47,58.13,52.65,497
1433,ARMANFIN.NS,1694.2,1703.9,24.68K,Finance,Finance/Rental/Leasing,60.0,7.0,44.0,51.0,69.9286,65.7357,50.01K,52.11K,2158.6,1301.0,17.87B,No,1850.38,1931.89,1697.87,1938.81,1762.02,497
1434,ADVANCE.NS,113.27,113.85,384.38K,Process Industries,Chemicals: Agricultural,60.0,61.0,64.0,60.0,5.5793,5.5793,363.92K,278.97K,154.0,84.1,7.28B,No,115.91,118.38,114.46,118.1,110.56,249
1435,BDH.BO,465.55,476.45,0.90K,Health Technology,Pharmaceuticals: Other,60.0,19.0,34.0,70.0,23.3607,22.1786,2.42K,0.94K,610.0,340.15,2.68B,No,494.69,521.1,441.52,513.57,454.94,495
1436,HARSHDEEP.BO,90.0,91.09,12.00K,Consumer Durables,Home Furnishings,60.0,75.0,74.0,55.0,2.3229,1.6964,8.54K,4.50K,107.0,75.5,1.45B,No,90.2,86.67,88.76,86.88,86.07,495
1437,SKPMIL.BO,96.0,93.91,0.02K,Process Industries,Pulp & Paper,60.0,75.0,39.0,59.0,2.6329,1.2636,0.19K,0.22K,149.3,70.6,1.30B,No,95.37,97.94,108.21,96.26,105.58,494
1438,HERITGFOOD.NS,390.15,383.75,200.71K,Consumer Non-Durables,Food: Meat/Fish/Dairy,60.0,75.0,80.0,67.0,14.1107,14.1107,515.03K,229.53K,503.8,292.55,36.20B,No,405.24,380.81,361.09,388.95,351.44,497
1439,MONARCH.NS,337.05,330.05,25.27K,Finance,Investment Banks/Brokers,60.0,18.0,44.0,62.0,13.6964,13.6464,211.34K,69.03K,406.95,235.45,26.73B,No,355.8,372.38,324.16,370.38,337.15,496
1440,CHEVIOT.NS,1136.0,1138.0,1.05K,Process Industries,Textiles,60.0,40.0,60.0,57.0,26.8786,26.8572,3.77K,1.17K,1370.5,898.0,6.64B,No,1170.37,1163.05,1101.94,1166.01,1124.23,497
1441,GAMCO.BO,44.03,43.94,1.96K,Finance,Investment Banks/Brokers,60.0,21.0,34.0,64.0,2.9057,2.8486,47.47K,10.51K,56.49,32.65,2.38B,No,46.5,48.16,43.29,47.95,45.08,496
1442,HORIZON.BO,148.25,148.35,49.20K,Producer Manufacturing,Miscellaneous Manufacturing,60.0,96.0,70.0,,7.475,7.3929,90.51K,98.16K,164.6,103.0,2.89B,No,135.25,130.58,,131.57,,78
1443,DTIL.NS,152.12,151.16,2.26K,Process Industries,Agricultural Commodities/Milling,60.0,83.0,75.0,63.0,6.8,6.7271,19.25K,5.54K,193.79,102.0,1.60B,No,145.74,144.25,141.01,145.72,138.68,496
1444,MERCURYEV.NS,36.97,36.48,184.26K,Distribution Services,Wholesale Distributors,60.0,54.0,66.0,,1.9136,1.9129,430.37K,265.43K,44.05,30.16,7.02B,No,38.96,37.66,,38.16,,91
1445,BOROLTD.NS,270.2,269.15,97.23K,Producer Manufacturing,Miscellaneous Manufacturing,60.0,82.0,81.0,57.0,13.8836,13.185,566.86K,649.39K,363.4,213.73,32.31B,No,268.08,255.46,247.9,256.76,242.9,497
1446,ANJANI.BO,25.97,26.47,4.05K,Process Industries,Textiles,60.0,38.0,77.0,42.0,1.8064,1.8021,7.61K,9.66K,31.9,20.25,383.06M,No,28.26,26.44,24.76,26.62,25.11,495
1447,GEECEE.NS,337.8,352.7,4.69K,Finance,Real Estate Development,60.0,32.0,53.0,67.0,18.425,18.4036,3.12K,2.29K,390.0,215.85,7.06B,No,366.86,366.9,324.23,364.6,330.37,496
1448,YOGI.NS,159.99,156.35,1.50K,Finance,Real Estate Development,60.0,77.0,,,5.7957,5.5186,1.11K,1.47K,180.0,130.01,,No,160.29,,,,,37
1449,TECHM.NS,1514.1,1496.2,2021.51K,Technology Services,Information Technology Services,60.0,57.0,66.0,51.0,36.5429,36.0071,2403.05K,2166.75K,1854.0,1304.1,1341.38B,No,1535.42,1581.74,1517.42,1576.28,1497.06,497
1450,NETLINK.BO,178.55,182.9,0.28K,Technology Services,Packaged Software,60.0,89.0,56.0,27.0,9.0964,8.6714,1.21K,0.61K,230.9,136.1,451.59M,No,180.04,171.58,181.79,173.15,183.84,495
1451,COCHMAL.BO,141.45,136.0,0.03K,Industrial Services,Oilfield Services/Equipment,59.0,34.0,71.0,53.0,5.2143,4.5929,0.19K,0.06K,173.4,110.2,250.64M,No,138.51,139.75,138.34,139.04,137.6,495
1452,SHOPERSTOP.NS,385.1,384.7,19.63K,Retail Trade,Department Stores,59.0,72.0,68.0,74.0,18.0643,17.9643,247.62K,413.25K,541.0,275.95,42.44B,No,398.16,401.09,361.22,401.89,359.45,497
1453,WSFX.BO,62.99,61.0,1.22K,Commercial Services,Miscellaneous Commercial Services,59.0,69.0,61.0,49.0,3.3929,3.2821,3.10K,5.58K,76.86,53.8,798.30M,No,63.51,64.87,62.57,64.46,62.87,495
1454,VIYASH.NS,234.06,235.86,1611.39K,Health Technology,Pharmaceuticals: Major,59.0,22.0,22.0,62.0,8.365,8.3007,4512.22K,2348.28K,298.0,178.13,103.30B,No,243.24,256.06,232.67,255.93,242.66,497
1455,ADANIENT.NS,2634.4,2596.0,1611.63K,Distribution Services,Wholesale Distributors,59.0,21.0,20.0,74.0,93.4,89.8643,1590.61K,2090.72K,3245.0,1753.0,3566.25B,No,2896.11,2963.95,2580.01,2960.63,2756.02,497
1456,ROOPAIND.BO,49.08,50.73,0.34K,Health Technology,Pharmaceuticals: Major,59.0,75.0,64.0,49.0,3.8029,3.77,1.15K,2.33K,63.4,38.1,386.04M,No,45.95,47.72,48.35,47.52,49.32,495
1457,SARLAPOLY.NS,96.89,93.69,48.07K,Process Industries,Textiles,59.0,50.0,47.0,64.0,3.2079,3.1607,62.45K,36.10K,111.0,68.4,7.70B,No,97.19,99.34,92.43,98.67,95.24,497
1458,TAIIND.BO,26.87,27.4,0.66K,Distribution Services,Wholesale Distributors,59.0,51.0,84.0,38.0,4.9107,4.8821,1.18K,1.20K,36.5,20.7,161.22M,No,26.74,26.14,26.49,26.17,25.48,495
1459,GLAXO.NS,2540.3,2534.3999,41.33K,Health Technology,Pharmaceuticals: Major,59.0,14.0,67.0,56.0,85.9071,85.9071,111.45K,99.75K,3120.7,2088.1,430.34B,No,2782.92,2809.0,2512.24,2804.95,2517.5,497
1460,BEML.NS,1894.7,1911.2,334.22K,Producer Manufacturing,Trucks/Construction/Farm Machinery,59.0,24.0,63.0,67.0,60.5071,59.6,374.96K,182.88K,2275.75,1355.0,157.81B,No,2012.2,1952.77,1794.48,1969.22,1814.33,497
1461,BAGMANE.BO,106.16,106.59,60.15K,Finance,Real Estate Investment Trusts,59.0,65.0,64.0,,2.1857,2.1821,114.96K,128.92K,112.0,102.0,360.94B,No,108.42,107.56,,107.69,,103
1462,CAPILLARY.NS,566.65,553.8,115.69K,Technology Services,Packaged Software,59.0,94.0,77.0,58.0,36.2,36.2,722.38K,366.32K,798.95,438.15,45.03B,No,532.02,519.28,541.48,525.93,520.97,219
1463,ASSAMENT.NS,827.55,789.55,0.02K,Finance,Investment Banks/Brokers,59.0,80.0,,,23.5679,22.425,0.01K,0.01K,857.75,705.0,1.19B,No,795.81,,,,,37
1464,VHL.NS,3650.0,3578.8,2.08K,Finance,Investment Managers,59.0,70.0,65.0,58.0,105.8143,105.8143,0.79K,0.93K,4275.0,2870.0,11.65B,No,3432.68,3466.4,3421.63,3486.32,3442.92,497
1465,MANAPPURAM.NS,314.8,304.15,4766.11K,Finance,Finance/Rental/Leasing,59.0,56.0,41.0,65.0,9.6071,9.2143,5469.30K,5345.43K,381.55,245.15,295.70B,No,317.52,337.84,310.59,336.77,316.67,497
1466,UDS.NS,199.8,210.09,161.62K,Commercial Services,Miscellaneous Commercial Services,59.0,36.0,60.0,73.0,8.3543,8.1643,330.18K,112.50K,248.98,125.1,13.49B,No,204.3,211.06,179.88,211.23,185.86,497
1467,ZENLABS.BO,27.05,28.5,0.06K,Health Technology,Pharmaceuticals: Generic,59.0,43.0,10.0,73.0,2.7236,2.665,2.59K,1.85K,39.99,16.5,176.10M,No,28.87,28.09,25.89,27.94,28.08,495
1468,SURAJ.BO,250.55,236.6,3.82K,Non-Energy Minerals,Steel,59.0,49.0,73.0,62.0,13.3071,13.3071,3.49K,3.31K,444.7,156.2,2.86B,No,248.23,246.9,228.2,249.84,234.59,495
1469,VTL.NS,528.2,527.35,120.81K,Process Industries,Textiles,59.0,26.0,20.0,38.0,18.5178,18.0821,719.67K,281.00K,688.0,385.5,152.90B,No,549.48,576.99,557.25,574.69,591.0,497
1470,ASTAR.NS,604.75,641.6,0.35K,Commercial Services,Miscellaneous Commercial Services,59.0,73.0,,,49.5,49.35,1.15K,0.36K,848.0,485.0,9.68B,No,660.16,,,,,37
1471,NESTLEIND.NS,1333.0,1319.0,1657.27K,Consumer Non-Durables,Food: Major Diversified,59.0,48.0,39.0,58.0,28.0214,27.1643,1763.79K,1313.40K,1553.0,1159.4,2570.44B,No,1351.63,1425.19,1363.69,1414.03,1392.18,497
1472,SUDAI.BO,51.59,54.3,1.89K,Non-Energy Minerals,Aluminum,59.0,91.0,91.0,55.0,2.9357,2.745,5.43K,7.33K,102.5,28.25,431.70M,No,49.12,42.04,48.37,43.35,44.54,495
1473,RPSGVENT.NS,891.3,844.65,82.06K,Finance,Financial Conglomerates,59.0,86.0,59.0,23.0,33.7464,31.3321,28.95K,37.09K,1179.0,551.9,29.49B,No,842.45,865.71,828.6,859.88,883.49,497
1474,SVGLOBAL.NS,135.98,136.06,0.61K,Finance,Real Estate Development,59.0,20.0,,,13.43,12.8886,13.72K,1.92K,177.5,114.3,,No,141.17,,,,,37
1475,DEVX.NS,39.92,39.02,154.30K,Finance,Real Estate Development,59.0,92.0,78.0,59.0,1.8214,1.8029,120.61K,150.04K,50.8,29.95,3.78B,No,35.92,34.78,37.5,35.02,36.55,263
1476,VIPPYSP.BO,170.25,172.1,0.01K,Process Industries,Textiles,59.0,26.0,68.0,50.0,7.2286,6.0929,0.62K,0.38K,201.6,130.6,999.37M,No,178.85,179.39,167.19,181.46,170.84,495
1477,ESCORP.BO,115.25,113.0,0.31K,Finance,Investment Managers,59.0,74.0,76.0,56.0,6.5821,5.8893,1.58K,5.29K,212.95,95.1,1.28B,No,112.38,110.37,110.13,112.25,107.71,495
1478,INFORTEC.BO,83.88,86.15,0.30K,Technology Services,Information Technology Services,59.0,79.0,45.0,36.0,4.8007,3.8257,0.38K,0.32K,108.0,66.65,349.70M,No,82.46,81.91,81.68,82.47,83.26,493
1479,PGFOILQ.BO,193.75,197.75,7.00K,Process Industries,Containers/Packaging,59.0,5.0,61.0,31.0,9.8929,9.8929,20.18K,14.50K,294.0,165.5,2.29B,No,207.92,212.47,215.24,213.16,207.6,495
1480,AUTOIND.NS,82.11,80.06,118.26K,Producer Manufacturing,Auto Parts: Oem,59.0,44.0,22.0,73.0,4.4736,4.4064,187.91K,181.75K,104.0,48.35,3.73B,No,82.25,87.27,78.68,86.69,79.39,496
1481,WELSPLSOL.NS,48.98,48.92,446.56K,Non-Energy Minerals,Steel,59.0,11.0,,,2.4421,2.4143,1132.14K,586.52K,61.99,46.78,,No,53.24,,,,,37
1482,SSDL.NS,66.89,65.01,59.55K,Distribution Services,Wholesale Distributors,59.0,92.0,83.0,58.0,6.2171,5.3414,107.34K,322.69K,87.8,46.15,2.65B,No,67.6,61.49,62.42,62.5,59.42,497
1483,APOLLOHOSP.NS,8027.5,7666.0,1449.47K,Health Services,Hospital/Nursing Management,59.0,28.0,37.0,57.0,235.1786,217.1786,403.16K,885.25K,9070.5,6696.5,1154.23B,No,8539.08,8706.03,8042.82,8687.75,8353.78,497
1484,JUSTDIAL.NS,648.05,631.65,126.84K,Technology Services,Internet Software/Services,59.0,40.0,79.0,63.0,20.7857,20.5607,1802.58K,80.44K,878.6,480.5,55.12B,No,664.92,677.86,620.57,674.37,601.37,497
1485,GOKULAGRO.NS,206.74,205.54,194.28K,Process Industries,Agricultural Commodities/Milling,59.0,19.0,48.0,50.0,8.3336,8.2657,561.50K,280.65K,259.8,151.0,61.01B,No,217.15,227.98,204.86,226.85,220.02,497
1486,MARKOLINES.NS,169.24,164.44,169.62K,Industrial Services,Engineering & Construction,59.0,50.0,63.0,59.0,5.0443,5.0286,240.63K,190.14K,191.75,131.65,3.76B,No,168.93,172.31,162.4,171.58,165.5,244
1487,SHRIRAMFIN.NS,940.45,917.25,4965.46K,Finance,Finance/Rental/Leasing,59.0,31.0,36.0,31.0,24.4393,22.2536,4665.01K,5223.81K,1153.7,658.75,2212.96B,No,983.04,1049.67,1008.22,1041.3,1003.34,497
1488,PARAGONF.BO,50.63,50.88,0.03K,Finance,Finance/Rental/Leasing,59.0,37.0,56.0,53.0,2.4964,2.35,0.62K,0.13K,61.97,37.25,215.18M,No,51.84,52.01,50.74,52.78,51.41,495
1489,COSMICCRF.BO,1161.15,1192.75,12.30K,Non-Energy Minerals,Steel,59.0,52.0,25.0,77.0,53.4536,51.4143,8.42K,8.60K,1519.95,550.0,11.03B,No,1276.55,1303.87,1090.46,1289.1,1091.24,495
1490,NXST.BO,164.65,164.94,4.62K,Finance,Real Estate Investment Trusts,58.0,62.0,60.0,53.0,2.1007,2.1007,138.33K,10.68K,175.0,150.2,249.44B,No,166.07,166.94,160.77,166.54,160.86,495
1491,IRONWOOD.BO,47.08,43.52,11.90K,Consumer Services,Other Consumer Services,58.0,65.0,24.0,58.0,3.3171,3.14,12.37K,11.46K,62.8,37.0,790.03M,No,45.39,47.99,46.99,47.41,46.13,495
1492,MOTOGENFIN.NS,25.98,25.21,0.17K,Finance,Real Estate Development,58.0,45.0,36.0,64.0,1.3329,1.3279,30.55K,22.94K,34.4,17.5,1.01B,No,25.64,26.39,24.78,26.21,26.05,496
1493,GTNINDS.BO,22.51,23.94,3.16K,Process Industries,Textiles,58.0,28.0,64.0,54.0,1.7386,1.725,3.44K,4.10K,30.62,17.0,450.20M,No,23.76,23.97,23.1,23.66,23.66,495
1494,APEX.NS,331.3,330.6,53.89K,Consumer Non-Durables,Food: Meat/Fish/Dairy,58.0,12.0,24.0,15.0,13.725,13.5143,303.35K,96.17K,514.5,221.23,10.35B,No,346.6,368.91,381.39,367.81,402.49,497
1495,LASERPOWER.NS,267.35,272.5,353.81K,Producer Manufacturing,Electrical Products,58.0,16.0,,,12.8036,12.5429,2727.11K,690.04K,343.5,250.0,37.53B,No,274.41,294.88,,292.95,,60
1496,ANDHRAPAP.NS,67.21,67.45,106.99K,Process Industries,Pulp & Paper,58.0,39.0,73.0,56.0,2.9864,2.9864,1346.45K,317.40K,80.36,58.0,13.36B,No,71.73,65.82,64.69,66.56,64.23,497
1497,WALCHPF.BO,125.0,120.0,0.01K,Commercial Services,Miscellaneous Commercial Services,58.0,29.0,58.0,72.0,6.8357,5.3321,1.06K,0.60K,160.0,79.05,362.99M,No,128.28,137.26,125.68,136.16,128.49,495
1498,GEOJITFSL.NS,75.55,74.94,199.21K,Finance,Investment Banks/Brokers,58.0,39.0,49.0,68.0,2.7671,2.6214,372.71K,268.82K,86.5,50.86,21.09B,No,78.53,79.47,72.76,79.79,74.18,496
1499,MEDICAPQ.NS,25.5,24.29,1.29K,Health Technology,Pharmaceuticals: Major,58.0,67.0,,,1.2829,1.1343,23.32K,2.02K,36.8,20.33,317.98M,No,26.28,,,,,37
1500,SHLOKKA.BO,30.7,30.6,10.80K,Process Industries,Chemicals: Specialty,58.0,94.0,86.0,71.0,1.6743,1.5257,21.73K,25.80K,90.0,21.1,657.24M,No,28.37,25.96,26.39,26.72,25.13,241
1501,AARVI.NS,138.54,138.26,2.13K,Commercial Services,Personnel Services,58.0,59.0,34.0,53.0,4.6486,4.5929,37.09K,8.14K,168.4,115.99,2.05B,No,138.41,145.55,135.71,143.82,139.05,496
1502,RATNAMANI.NS,2523.6,2498.8999,26.31K,Non-Energy Minerals,Steel,58.0,25.0,45.0,58.0,95.1572,94.8,81.83K,38.62K,3345.0,1936.5,176.88B,No,2709.19,2572.7,2457.61,2583.39,2549.76,497
1503,SAVERA.BO,159.65,157.45,0.62K,Consumer Services,Hotels/Resorts/Cruise Lines,58.0,49.0,57.0,39.0,6.925,6.6643,3.61K,2.67K,189.9,133.0,1.90B,No,160.73,163.56,157.47,162.83,161.29,495
1504,ENS.BO,102.5,101.25,103.20K,Technology Services,Data Processing Services,58.0,70.0,,,1.2607,1.2393,119.34K,50.76K,110.64,95.76,1.39B,No,101.51,,,,,34
1505,INDPRUD.NS,6300.0,6300.0,0.13K,Finance,Investment Banks/Brokers,58.0,73.0,,,152.2143,144.9286,0.06K,0.09K,6494.0,6050.0,,No,6253.7,,,,,37
1506,LACTOSE.BO,103.95,102.4,12.52K,Health Technology,Pharmaceuticals: Major,58.0,77.0,66.0,66.0,6.2143,6.0393,10.01K,9.02K,136.45,76.01,1.31B,No,104.19,103.69,102.6,104.51,103.87,495
1507,MANKIND.NS,2368.5,2380.0,306.90K,Health Technology,Pharmaceuticals: Major,58.0,75.0,45.0,64.0,76.2571,75.9428,462.21K,698.42K,2642.0,1909.7,978.30B,No,2412.51,2405.35,2302.3,2393.51,2352.92,497
1508,ONEINDIG.BO,128.0,128.0,1.20K,Industrial Services,Engineering & Construction,58.0,65.0,,,2.75,2.0,60.38K,13.44K,157.9,120.0,1.40B,No,133.39,,,137.32,,45
1509,GOACARBON.NS,401.8,394.8,9.10K,Process Industries,Industrial Specialties,58.0,78.0,59.0,70.0,16.0143,16.0,51.54K,21.61K,484.0,272.85,3.68B,No,400.73,383.68,377.72,383.45,376.66,496
1510,AARTIDRUGS.NS,413.3,414.0,78.16K,Health Technology,Pharmaceuticals: Major,58.0,61.0,67.0,63.0,15.7821,15.55,207.12K,243.60K,534.0,318.95,37.72B,No,426.86,422.3,389.04,422.21,392.35,497
1511,SUMEDHA.NS,40.07,41.95,1.21K,Finance,Investment Banks/Brokers,58.0,77.0,,,2.595,2.4093,2.94K,2.23K,48.1,36.6,319.94M,No,43.06,,,,,37
1512,VANDU.BO,58.0,57.99,12.00K,Consumer Non-Durables,Food: Specialty/Candy,58.0,40.0,76.0,62.0,1.98,1.6457,63.02K,70.60K,72.0,40.0,1.04B,No,59.82,60.19,55.96,60.83,54.94,433
1513,BLKASHYAP.NS,55.27,52.14,1143.75K,Industrial Services,Engineering & Construction,58.0,58.0,60.0,62.0,2.99,2.8771,698.10K,537.54K,63.79,40.32,12.46B,No,52.74,53.9,52.73,54.44,53.95,497
1514,CNCRD.BO,2348.1,2354.0,3.00K,Electronic Technology,Electronic Equipment/Instruments,58.0,69.0,22.0,51.0,69.525,67.5321,6.73K,3.89K,3069.85,1645.0,24.38B,No,2304.61,2345.71,2476.63,2328.12,2485.09,496
1515,SCANPRO.BO,101.4,105.5,0.45K,Industrial Services,Engineering & Construction,58.0,4.0,26.0,13.0,5.4286,4.85,0.49K,0.17K,140.9,72.0,291.35M,No,107.07,113.18,109.17,113.94,118.76,493
1516,JINDALPOLY.NS,646.8,635.05,8.05K,Process Industries,Containers/Packaging,58.0,45.0,36.0,9.0,29.9,28.825,34.54K,11.25K,1026.45,365.0,28.32B,No,688.1,664.33,641.81,658.64,692.96,497
1517,BAPACK.BO,196.45,195.2,0.07K,Process Industries,Containers/Packaging,58.0,60.0,73.0,56.0,11.45,9.5964,0.49K,0.15K,253.75,141.15,974.49M,No,202.48,200.2,187.67,199.9,185.69,495
1518,STANROS.BO,69.35,69.35,0.01K,Finance,Investment Managers,58.0,70.0,69.0,54.0,3.5,2.3221,0.24K,0.11K,82.75,54.31,275.18M,No,68.82,69.71,67.83,70.71,68.28,495
1519,OSWALOR.BO,115.15,115.15,0.02K,Process Industries,Agricultural Commodities/Milling,58.0,60.0,44.0,25.0,0.1643,0.0821,0.00K,0.00K,143.0,99.3,1.49B,No,116.36,118.0,123.88,117.68,120.67,494
1520,SHIVATEX.NS,165.1,165.29,0.84K,Process Industries,Textiles,58.0,38.0,72.0,62.0,6.5243,6.41,6.59K,2.32K,217.92,126.06,2.27B,No,170.97,169.98,161.79,170.22,159.59,496
1521,UNITDSPR.NS,1366.0,1318.2,988.25K,Consumer Non-Durables,Beverages: Alcoholic,58.0,47.0,57.0,58.0,34.0357,32.3786,838.77K,1650.95K,1563.4,1210.8,969.94B,No,1381.1,1459.59,1372.16,1447.7,1368.56,497
1522,MANAKALUCO.NS,31.88,31.22,30.26K,Non-Energy Minerals,Other Metals/Minerals,58.0,4.0,38.0,65.0,1.4043,1.4007,123.23K,39.02K,68.12,21.73,2.09B,No,34.69,36.9,34.88,36.92,34.68,497
1523,AMWILL.BO,43.0,44.5,8.40K,Consumer Non-Durables,Household/Personal Care,58.0,64.0,68.0,73.0,1.3557,0.9936,10.34K,19.56K,57.0,28.91,860.15M,No,43.48,43.14,39.45,42.79,39.3,408
1524,SUNDROP.NS,682.1,743.55,191.39K,Process Industries,Agricultural Commodities/Milling,58.0,77.0,73.0,57.0,37.6571,37.4036,31.63K,20.73K,809.95,556.0,25.71B,No,715.57,682.7,660.14,681.0,660.73,497
1525,OPCHAINS.BO,30.9,30.9,5.00K,Distribution Services,Wholesale Distributors,58.0,79.0,62.0,35.0,0.0,0.0,0.16K,0.16K,31.01,29.5,211.66M,No,30.83,30.15,30.5,30.3,30.31,494
1526,AXTEL.NS,420.7,432.8,6.49K,Producer Manufacturing,Industrial Machinery,58.0,76.0,,,16.9429,16.8643,5.93K,5.23K,459.9,385.0,,No,437.63,,,,,37
1527,SHRAJOI.BO,25.41,25.41,0.50K,Energy Minerals,Integrated Oil,57.0,80.0,76.0,61.0,0.0864,0.0,0.03K,0.05K,40.5,21.03,104.00M,No,24.44,23.83,26.41,24.15,22.59,494
1528,CANHLIFE.NS,139.22,145.56,824.79K,Finance,Life/Health Insurance,57.0,26.0,52.0,36.0,6.82,6.6629,2091.63K,1220.02K,166.69,106.0,131.91B,No,149.26,150.74,145.54,150.68,145.06,242
1529,TMCV.NS,410.3,413.2,4592.40K,Consumer Durables,Motor Vehicles,57.0,24.0,54.0,35.0,14.1321,14.0143,7477.76K,6633.02K,509.0,306.3,1511.05B,No,431.49,449.12,431.24,446.92,423.32,226
1530,SAKHTISUG.NS,18.11,17.88,57.74K,Process Industries,Agricultural Commodities/Milling,57.0,28.0,72.0,60.0,0.9079,0.8871,261.37K,198.31K,23.29,13.52,2.16B,No,18.42,18.82,17.67,18.88,17.7,497
1531,POLYCAB.NS,8255.0,8151.0,335.75K,Producer Manufacturing,Electrical Products,57.0,63.0,35.0,57.0,171.1071,169.2857,376.30K,533.34K,10126.0,6663.0,1243.49B,No,8231.83,8703.35,8406.53,8610.65,8691.83,497
1532,CUMMINSIND.NS,4830.0,4740.8999,429.82K,Producer Manufacturing,Auto Parts: Oem,57.0,52.0,26.0,46.0,114.0,113.6428,448.35K,557.53K,6100.0,3883.1,1338.88B,No,4929.27,5135.3,5005.95,5096.6,5274.79,497
1533,SKFINDUS.NS,2655.9,2622.6001,25.70K,Producer Manufacturing,Auto Parts: Oem,57.0,24.0,45.0,65.0,114.9785,114.1143,70.16K,64.54K,3218.7,1994.1,131.30B,No,2831.96,2824.24,2541.54,2831.56,2550.84,207
1534,DUROPACK.BO,59.78,58.71,0.26K,Process Industries,Industrial Specialties,57.0,10.0,67.0,74.0,3.5457,3.1864,0.68K,0.52K,76.9,40.05,315.17M,No,61.32,62.91,57.53,63.5,56.05,495
1535,BANSALWIRE.NS,315.8,313.2,64.29K,Non-Energy Minerals,Steel,57.0,70.0,50.0,66.0,12.275,12.1071,144.55K,126.05K,370.0,222.5,49.44B,No,317.05,318.59,300.27,318.59,307.97,495
1536,TOTEM.BO,149.5,136.45,46.49K,Producer Manufacturing,Industrial Machinery,57.0,53.0,60.0,53.0,9.0929,9.0571,39.99K,27.48K,203.0,103.15,7.71B,No,158.34,146.01,140.47,149.78,143.48,495
1537,MARICO.NS,786.15,777.25,933.93K,Consumer Non-Durables,Household/Personal Care,57.0,49.0,41.0,52.0,17.0321,16.0536,1674.83K,1538.59K,889.1,705.2,1020.42B,No,803.01,829.28,799.14,821.38,813.11,497
1538,MOLDTKPAC.NS,326.35,326.05,100.97K,Producer Manufacturing,Miscellaneous Manufacturing,57.0,41.0,55.0,66.0,12.2911,11.9982,170.27K,138.66K,407.5,232.45,21.69B,No,331.14,339.86,312.57,340.14,325.12,497
1539,LANDMARK.NS,464.7,468.65,72.03K,Retail Trade,Specialty Stores,57.0,40.0,74.0,59.0,22.1286,21.9357,1237.54K,2053.65K,662.0,339.5,19.27B,No,483.98,507.1,443.2,497.41,448.59,496
1540,THEMISMED.NS,108.57,108.71,75.00K,Health Technology,Pharmaceuticals: Major,57.0,6.0,42.0,76.0,5.695,5.695,227.54K,121.31K,140.6,64.95,10.08B,No,118.73,116.86,100.86,115.83,104.71,497
1541,WPIL.NS,430.9,421.0,19.70K,Producer Manufacturing,Industrial Machinery,57.0,70.0,,,16.5714,16.2929,61.88K,55.90K,468.0,416.0,,No,435.53,,,,,37
1542,GRAMEVA.BO,67.44,73.67,0.44K,Producer Manufacturing,Industrial Conglomerates,57.0,1.0,2.0,77.0,3.7486,3.1286,0.79K,0.64K,116.0,45.51,323.67M,No,81.98,86.08,72.55,85.0,78.19,495
1543,CCL.NS,1051.5,1050.6,70.05K,Consumer Non-Durables,Food: Specialty/Candy,57.0,38.0,28.0,34.0,29.9357,29.9357,159.04K,167.10K,1242.2,816.25,140.21B,No,1052.77,1092.44,1075.9,1087.41,1109.98,497
1544,ENTRINT.BO,22.8,22.8,0.00K,Distribution Services,Wholesale Distributors,57.0,78.0,69.0,43.0,0.3071,0.1907,0.33K,0.03K,29.66,17.34,68.05M,No,23.4,21.54,22.01,22.01,21.64,493
1545,KPL.NS,3564.3,3533.3,13.56K,Health Technology,Pharmaceuticals: Major,57.0,58.0,,,175.2785,173.4071,43.85K,26.22K,3949.0,3137.0,,No,3603.86,,,,,37
1546,SUTLEJTEX.NS,34.23,35.25,356.89K,Process Industries,Textiles,57.0,8.0,36.0,64.0,1.8521,1.8286,31.36K,23.45K,42.93,24.0,5.68B,No,37.57,38.32,34.82,38.01,36.52,497
1547,NICCOPAR.NS,75.88,76.9,0.76K,Consumer Services,Movies/Entertainment,57.0,44.0,,,3.3857,3.3443,12.61K,0.60K,98.99,72.0,3.55B,No,80.19,,,,,37
1548,RAJABAH.BO,4935.25,5195.0,0.01K,Finance,Real Estate Development,57.0,60.0,53.0,51.0,65.8929,7.7857,0.01K,0.00K,6099.0,4135.1,1.23B,No,5003.59,5020.54,4894.52,5036.95,5069.77,496
1549,KAYA.NS,300.0,299.95,4.30K,Consumer Non-Durables,Household/Personal Care,57.0,8.0,85.0,63.0,16.1893,16.0321,37.08K,8.01K,476.2,224.01,4.56B,No,316.68,319.02,300.71,321.02,279.31,496
1550,MARSONS.NS,131.11,126.79,8400.45K,Producer Manufacturing,Electrical Products,57.0,69.0,75.0,34.0,6.995,6.7186,2867.73K,3915.76K,175.4,100.25,22.56B,No,123.4,119.01,,122.29,129.45,142
1551,LINCOLN.NS,558.3,561.7,19.35K,Health Technology,Pharmaceuticals: Major,57.0,15.0,37.0,46.0,17.45,17.1929,47.41K,25.50K,770.0,440.0,11.18B,No,590.23,602.21,589.83,602.3,613.77,496
1552,RAMANEWS.NS,30.49,28.59,19.00K,Process Industries,Pulp & Paper,57.0,26.0,67.0,45.0,1.45,1.45,33.04K,14.14K,42.0,27.05,4.59B,No,30.61,31.54,31.22,31.33,30.74,496
1553,ALPHAIND.BO,138.5,138.0,1.20K,Producer Manufacturing,Metal Fabrication,57.0,67.0,60.0,9.0,4.2286,2.9786,0.54K,0.72K,187.0,91.1,1.46B,No,143.97,142.6,154.02,141.37,155.43,496
1554,PRIMAPLA.BO,125.5,128.6,2.59K,Consumer Durables,Home Furnishings,57.0,35.0,67.0,46.0,7.0286,6.9036,8.21K,4.80K,156.95,88.0,1.38B,No,135.46,133.02,120.58,135.32,122.46,495
1555,ENRIN.NS,3101.0,3180.0,732.76K,Producer Manufacturing,Electrical Products,57.0,56.0,31.0,63.0,121.6642,121.3857,547.16K,576.13K,3968.0,2115.0,1104.33B,No,3205.15,3291.09,3086.11,3313.63,3285.83,325
1556,HINDCOPPER.NS,468.85,467.5,4385.62K,Non-Energy Minerals,Other Metals/Minerals,57.0,17.0,46.0,26.0,13.9786,12.0571,9703.64K,5177.56K,760.05,308.5,453.39B,No,489.16,515.71,528.12,513.06,516.87,497
1557,SURJIND.BO,52.11,53.01,0.70K,Process Industries,Agricultural Commodities/Milling,57.0,17.0,56.0,62.0,2.5486,2.4964,9.63K,3.94K,69.68,38.1,2.52B,No,56.46,57.6,51.87,57.93,53.83,495
1558,SICALLOG.NS,85.8,85.57,28.64K,Transportation,Other Transportation,57.0,8.0,48.0,76.0,4.3229,4.3143,50.76K,29.43K,122.5,60.11,6.85B,No,91.43,100.41,84.23,99.53,84.97,495
1559,HINDADH.NS,388.0,386.75,2.06K,Process Industries,Industrial Specialties,57.0,83.0,,,14.9286,14.6786,10.74K,2.25K,402.65,342.0,1.99B,No,381.42,,,,,37
1560,ISGEC.NS,909.7,918.4,108.12K,Industrial Services,Engineering & Construction,57.0,91.0,61.0,43.0,37.2571,37.2571,77.18K,122.10K,1113.9,683.95,66.89B,No,855.02,813.78,887.8,818.05,910.57,497
1561,PCBL.NS,312.4,319.25,744.81K,Process Industries,Industrial Specialties,57.0,47.0,62.0,64.0,10.6214,10.4929,2048.50K,729.90K,390.75,226.5,122.92B,No,330.05,324.81,299.67,322.96,302.68,497
1562,ASTRAL.NS,1409.8,1408.5,171.44K,Producer Manufacturing,Miscellaneous Manufacturing,57.0,42.0,69.0,32.0,33.1929,32.4071,893.74K,452.04K,1768.7,1311.6,378.74B,No,1394.89,1455.98,1502.01,1454.59,1499.61,497
1563,INDIGOPNTS.NS,1022.7,1035.7,26.41K,Process Industries,Industrial Specialties,56.0,23.0,54.0,72.0,35.1786,34.8286,101.30K,48.48K,1345.9,708.05,48.82B,No,1086.13,1118.48,1017.11,1115.24,1001.41,497
1564,VPL.BO,38.0,38.0,2.40K,Process Industries,Agricultural Commodities/Milling,56.0,88.0,69.0,64.0,1.9814,1.5571,1.71K,3.00K,53.95,30.1,235.20M,No,36.31,34.87,35.36,35.32,34.36,493
1565,ASTERDM.NS,699.85,677.15,894.69K,Health Services,Hospital/Nursing Management,56.0,19.0,28.0,52.0,23.2214,23.1571,2524.30K,1688.01K,891.3,519.1,610.04B,No,732.21,772.85,709.52,767.4,752.05,497
1566,OBCL.NS,55.19,54.84,1.98K,Transportation,Trucking,56.0,66.0,64.0,43.0,2.6793,2.4993,13.67K,6.36K,62.0,46.51,1.16B,No,56.72,55.33,55.25,55.27,55.09,496
1567,SAPPHIRE.NS,207.08,205.11,690.05K,Consumer Services,Restaurants,56.0,31.0,78.0,71.0,8.3757,8.2036,1835.22K,777.96K,310.5,139.91,66.63B,No,221.0,223.98,199.72,225.76,193.36,497
1568,SAB.NS,171.0,170.0,0.03K,Industrial Services,Engineering & Construction,56.0,25.0,,,0.9629,0.9607,0.10K,0.01K,192.6,165.0,2.60B,No,172.54,,,,,34
1569,NIBL.NS,30.75,30.97,8.42K,Producer Manufacturing,Metal Fabrication,56.0,72.0,61.0,52.0,1.9707,1.9707,39.35K,15.47K,40.8,25.3,745.09M,No,31.59,32.02,31.35,31.95,31.27,497
1570,SIMPLEXINF.NS,246.13,243.35,79.06K,Industrial Services,Engineering & Construction,56.0,50.0,37.0,77.0,11.2721,10.7707,124.00K,182.50K,318.0,137.0,19.47B,No,250.03,252.16,233.43,254.11,236.19,496
1571,GPAPL.BO,76.0,79.94,4.80K,Consumer Non-Durables,Food: Specialty/Candy,56.0,47.0,63.0,49.0,2.2821,1.4421,13.78K,31.04K,99.54,66.0,779.91M,No,77.35,74.71,79.65,74.21,76.45,251
1572,EXPLEOSOL.NS,861.9,851.8,14.67K,Technology Services,Information Technology Services,56.0,57.0,70.0,61.0,22.9571,22.575,165.55K,12.72K,1175.1,640.0,13.38B,No,871.86,865.78,848.83,869.16,827.8,496
1573,LODHA.NS,1064.8,1065.6,1120.83K,Finance,Real Estate Development,56.0,17.0,29.0,78.0,33.8357,33.4071,2059.76K,2296.59K,1344.95,650.8,1064.00B,No,1121.0,1186.61,1023.44,1179.76,1019.31,497
1574,MYSORPETRO.NS,115.53,113.04,0.95K,Distribution Services,Wholesale Distributors,56.0,6.0,,,5.5514,5.2593,31.62K,3.33K,182.03,111.0,,No,126.43,,,,,37
1575,FUTSOL.BO,45.5,45.85,0.02K,Commercial Services,Miscellaneous Commercial Services,56.0,89.0,55.0,54.0,0.2229,0.1871,0.09K,0.00K,59.74,33.25,476.54M,No,44.71,43.93,43.55,44.08,43.26,493
1576,20MICRONS.NS,196.12,194.81,67.84K,Process Industries,Chemicals: Specialty,56.0,22.0,57.0,69.0,9.14,9.0393,185.29K,75.36K,237.4,129.61,6.92B,No,209.05,206.08,188.54,206.57,189.61,497
1577,SALGUTI.BO,27.7,26.4,0.01K,Process Industries,Textiles,56.0,69.0,38.0,41.0,0.7443,0.3964,0.07K,0.02K,38.47,21.37,208.77M,No,27.48,30.22,28.77,29.73,29.93,496
1578,RUDRAGAS.BO,76.0,68.0,5.00K,Utilities,Gas Distributors,56.0,78.0,55.0,45.0,2.3943,1.6171,4.35K,2.10K,103.03,55.6,633.69M,No,73.07,71.81,71.93,72.63,74.08,495
1579,GINISILK.BO,61.58,59.96,0.04K,Process Industries,Textiles,56.0,75.0,72.0,52.0,2.915,2.2743,1.27K,1.79K,79.95,42.51,344.39M,No,58.65,58.8,58.14,58.91,57.12,495
1580,BDI.BO,110.0,115.0,1.20K,Producer Manufacturing,Miscellaneous Manufacturing,56.0,76.0,59.0,46.0,3.2536,2.0893,12.12K,32.40K,122.8,98.0,1.56B,No,112.83,110.43,109.04,110.19,109.63,291
1581,SMLT.NS,77.36,76.26,85.83K,Non-Energy Minerals,Steel,56.0,94.0,78.0,60.0,5.4814,4.9814,17.89K,85.32K,121.0,56.61,1.06B,No,65.16,66.71,71.04,67.91,69.35,497
1582,TVSSCS.NS,124.54,125.92,430.38K,Transportation,Air Freight/Couriers,56.0,61.0,31.0,66.0,4.1186,4.0857,1424.18K,562.59K,146.5,90.32,54.95B,No,129.63,129.22,119.48,128.82,124.4,497
1583,LICHSGFIN.NS,551.65,537.0,5310.41K,Finance,Finance/Rental/Leasing,56.0,61.0,61.0,51.0,18.875,18.5464,2862.57K,4281.52K,598.2,458.9,303.44B,No,544.65,530.26,533.36,533.6,537.91,497
1584,MHLXMIRU.NS,168.65,167.82,5.38K,Process Industries,Industrial Specialties,56.0,73.0,83.0,48.0,10.4864,10.4643,17.60K,10.03K,244.65,105.53,1.79B,No,164.43,168.91,173.73,170.78,166.05,496
1585,GREAVESCOT.NS,207.22,211.61,1007.33K,Producer Manufacturing,Trucks/Construction/Farm Machinery,56.0,84.0,11.0,80.0,10.7079,10.6871,2293.99K,4505.28K,271.9,119.99,48.27B,No,210.24,203.62,184.62,203.32,192.04,497
1586,SHIVAMILLS.NS,59.58,60.11,0.32K,Process Industries,Textiles,56.0,48.0,62.0,67.0,3.02,2.825,1.73K,1.60K,74.0,43.01,514.88M,No,59.81,60.85,59.26,60.77,59.93,496
1587,MNFL.BO,155.0,153.65,1.20K,Consumer Non-Durables,Food: Specialty/Candy,56.0,56.0,51.0,36.0,3.1714,1.0714,5.49K,15.12K,186.0,118.4,1.94B,No,158.56,159.69,161.46,157.99,160.42,210
1588,DREDGECORP.NS,884.95,905.05,59.33K,Transportation,Marine Shipping,56.0,8.0,22.0,44.0,38.6929,38.6143,135.80K,128.25K,1286.0,538.0,24.78B,No,962.17,1045.16,1013.9,1035.92,1014.36,497
1589,HBPOR.NS,61.12,61.99,0.29K,Finance,Investment Banks/Brokers,56.0,65.0,,,3.5736,3.46,0.83K,0.38K,65.0,48.6,657.91M,No,60.84,,,,,37
1590,NPRFIN.BO,24.35,24.49,0.06K,Finance,Finance/Rental/Leasing,56.0,91.0,81.0,60.0,0.9321,0.8421,1.56K,1.07K,39.5,18.0,145.85M,No,24.51,22.32,23.7,22.18,22.18,494
1591,NORTHARC.NS,281.45,280.7,555.04K,Finance,Finance/Rental/Leasing,56.0,27.0,28.0,67.0,9.7571,9.2929,1483.33K,799.43K,334.0,206.0,45.54B,No,299.14,294.09,273.56,292.36,280.34,497
1592,EMKAY.NS,267.9,265.65,43.21K,Finance,Investment Managers,56.0,76.0,58.0,72.0,15.775,15.5143,42.14K,89.84K,370.9,186.0,7.48B,No,266.88,254.54,248.47,255.95,245.64,497
1593,BHAVIK.BO,150.2,153.05,2.00K,Distribution Services,Wholesale Distributors,56.0,78.0,60.0,35.0,4.6786,3.3143,9.31K,13.00K,175.05,121.1,3.06B,No,151.43,147.14,149.93,147.42,154.47,251
1594,GOLDIAM.NS,305.9,305.75,188.55K,Consumer Durables,Other Consumer Specialties,56.0,27.0,15.0,68.0,12.125,11.5821,989.54K,422.83K,398.2,198.75,46.06B,No,319.47,342.96,301.37,338.62,319.09,497
1595,CMLL.NS,529.25,515.15,274.85K,Energy Minerals,Coal,56.0,86.0,,,23.4143,23.4143,1997.55K,392.43K,624.4,460.0,34.60B,No,503.68,518.75,,518.98,,54
1596,JKPAPER.NS,365.5,367.35,315.45K,Process Industries,Pulp & Paper,56.0,17.0,60.0,53.0,12.0393,11.9071,689.70K,282.70K,442.0,304.85,66.27B,No,401.7,396.37,364.59,395.75,373.3,497
1597,JAYAGROGN.NS,212.86,208.96,8.72K,Process Industries,Agricultural Commodities/Milling,56.0,10.0,50.0,59.0,8.4764,8.1343,22.86K,20.51K,265.0,147.26,6.39B,No,227.08,226.38,205.68,224.81,213.4,496
1598,NAUKRI.NS,1219.0,1182.8,1672.26K,Technology Services,Internet Software/Services,56.0,44.0,62.0,66.0,45.0785,41.5643,1711.16K,1565.57K,1419.9,908.3,789.59B,No,1245.7,1286.64,1145.03,1276.8,1111.28,497
1599,SALAUTO.BO,200.0,197.0,0.28K,Producer Manufacturing,Auto Parts: Oem,56.0,75.0,73.0,56.0,8.0,7.6571,0.72K,0.91K,260.0,164.0,959.09M,No,194.56,193.94,197.02,196.08,193.02,496
1600,AGARWALEYE.NS,477.75,471.0,245.11K,Health Services,Medical/Nursing Services,55.0,34.0,58.0,61.0,16.7,16.5821,1057.15K,307.68K,568.0,401.0,151.46B,No,493.62,503.24,472.03,504.79,472.77,414
1601,MEHIF.BO,29.4,29.4,0.00K,Finance,Investment Banks/Brokers,55.0,72.0,57.0,42.0,0.265,0.1043,0.10K,0.03K,36.82,24.06,147.00M,No,28.48,28.5,29.96,28.55,29.27,494
1602,KRISHIVAL.NS,380.3,383.7,7.36K,Process Industries,Agricultural Commodities/Milling,55.0,29.0,51.0,67.0,11.0643,10.7286,29.75K,33.52K,508.0,282.3,9.75B,No,408.35,403.62,368.81,405.54,381.39,497
1603,BENARAS.NS,10211.0,10200.0,0.29K,Consumer Services,Hotels/Resorts/Cruise Lines,55.0,67.0,,,202.3571,199.0714,0.12K,0.10K,11499.0,9965.0,13.27B,No,10423.2,,,,,37
1604,SHRICON.BO,169.45,178.35,0.19K,Industrial Services,Engineering & Construction,55.0,15.0,45.0,58.0,9.3107,6.1,0.15K,0.04K,278.0,122.55,210.12M,No,185.49,188.16,196.8,188.16,195.18,495
1605,KIRLFER.NS,458.7,464.65,138.78K,Non-Energy Minerals,Steel,55.0,67.0,56.0,,13.1357,13.0036,120.86K,86.88K,513.0,408.0,75.75B,No,471.8,458.66,,458.16,,124
1606,JGTL.BO,522.7,522.7,0.41K,Electronic Technology,Electronic Equipment/Instruments,55.0,63.0,68.0,52.0,31.5,29.9357,1.18K,0.63K,668.0,433.0,2.37B,No,541.23,535.06,514.09,536.97,510.24,495
1607,GRATEXI.BO,21.09,20.99,0.00K,Process Industries,Pulp & Paper,55.0,44.0,15.0,64.0,0.1914,0.0743,0.87K,0.05K,28.06,17.1,64.00M,No,20.63,22.72,21.29,22.35,22.8,496
1608,MADHUDIN.BO,35.99,35.08,0.07K,Finance,Real Estate Development,55.0,58.0,52.0,61.0,1.6729,1.335,1.38K,0.56K,50.0,25.2,193.45M,No,35.29,35.53,35.07,35.38,35.94,495
1609,WENDT.NS,7748.5,7712.0,5.26K,Producer Manufacturing,Industrial Machinery,55.0,34.0,57.0,65.0,266.5357,262.0714,10.86K,7.51K,9199.0,5841.5,15.50B,No,8413.12,8251.05,7451.75,8275.95,7610.9,497
1610,ETHOSLTD.NS,2563.1,2600.3,71.33K,Retail Trade,Catalog/Specialty Distribution,55.0,37.0,66.0,51.0,94.2429,93.8357,97.00K,61.82K,3245.9,1919.4,68.58B,No,2597.32,2730.0,2549.49,2698.26,2515.42,497
1611,RISHYRN.BO,61.8,68.5,0.06K,Finance,Financial Conglomerates,55.0,54.0,,,0.535,0.0,0.28K,0.03K,82.99,37.01,220.05M,No,73.51,67.89,,69.27,,57
1612,SILINV.NS,469.45,462.1,3.12K,Finance,Financial Conglomerates,55.0,73.0,76.0,59.0,19.2643,18.9607,2.40K,2.75K,767.0,380.0,4.97B,No,448.22,452.09,444.45,458.3,439.1,497
1613,NATIONALUM.NS,315.9,313.1,2957.67K,Non-Energy Minerals,Aluminum,55.0,10.0,33.0,13.0,10.05,9.2464,6522.92K,5829.66K,445.15,221.37,580.19B,No,346.57,367.96,372.26,364.15,377.71,497
1614,PDMJEPAPER.NS,92.2,92.37,165.51K,Process Industries,Pulp & Paper,55.0,36.0,74.0,59.0,4.1921,4.1271,334.76K,173.32K,125.0,65.0,8.75B,No,96.66,94.46,86.55,94.61,86.75,497
1615,WALCHANNAG.NS,207.3,208.01,791.97K,Producer Manufacturing,Industrial Machinery,55.0,45.0,13.0,71.0,11.625,11.5157,825.81K,1412.92K,315.8,131.15,14.06B,No,204.59,215.84,208.28,213.95,222.62,497
1616,KIRLPNU.NS,667.25,670.3,61.97K,Producer Manufacturing,Industrial Machinery,55.0,23.0,7.0,62.0,25.3822,25.1822,250.00K,104.90K,1098.55,495.05,86.72B,No,694.61,721.79,689.27,717.46,740.86,497
1617,NANTA.BO,329.9,316.0,14.40K,Distribution Services,Wholesale Distributors,55.0,35.0,1.0,55.0,20.8464,18.1571,28.65K,34.98K,651.4,234.0,1.69B,No,352.78,354.57,,346.28,398.78,191
1618,TIL.NS,234.2,229.45,39.62K,Producer Manufacturing,Trucks/Construction/Farm Machinery,55.0,40.0,72.0,69.0,11.6943,11.5229,970.66K,71.62K,322.95,161.25,19.31B,No,248.03,243.81,223.29,245.45,215.9,496
1619,INGERRAND.NS,4026.5,4001.2,7.85K,Producer Manufacturing,Trucks/Construction/Farm Machinery,55.0,9.0,36.0,53.0,101.0071,101.0071,25.77K,10.24K,4955.0,3063.3,127.11B,No,4218.35,4432.29,4059.34,4444.42,4299.15,497
1620,ALANSCOTT.BO,294.0,300.0,3.01K,Retail Trade,Specialty Stores,55.0,92.0,39.0,70.0,9.4,8.625,3.34K,4.12K,415.0,210.65,1.96B,No,278.47,298.84,291.98,298.35,286.86,495
1621,PANJON.BO,19.24,20.19,12.00K,Health Technology,Pharmaceuticals: Major,55.0,2.0,64.0,10.0,1.4771,1.47,11.59K,2.64K,30.0,16.1,330.25M,No,22.03,21.13,21.6,21.1,21.35,495
1622,DHANCOT.BO,122.15,128.5,0.00K,Finance,Investment Banks/Brokers,55.0,10.0,74.0,72.0,1.425,0.0,0.01K,0.01K,197.4,66.85,595.04M,No,138.94,138.86,116.0,140.49,119.86,494
1623,SMARTWORKS.NS,474.3,482.35,65.16K,Finance,Real Estate Development,55.0,11.0,63.0,65.0,19.3143,19.2071,131.64K,80.02K,619.0,361.5,54.25B,No,518.53,513.92,462.57,517.2,466.82,304
1624,HINDZINC.NS,543.5,531.75,2024.84K,Non-Energy Minerals,Other Metals/Minerals,55.0,30.0,62.0,40.0,13.9286,12.8143,4880.34K,2968.22K,733.0,453.5,2296.46B,No,571.14,579.42,587.14,584.28,571.12,497
1625,GULFOILLUB.NS,1077.3,1089.3,15.92K,Energy Minerals,Oil Refining/Marketing,55.0,74.0,65.0,65.0,32.45,31.7714,77.85K,48.54K,1289.4,865.0,53.39B,No,1083.21,1116.9,1051.81,1110.81,1020.82,497
1626,SAICAPI.NS,150.98,143.05,0.11K,Finance,Investment Banks/Brokers,55.0,68.0,,,11.6614,11.1307,0.48K,0.25K,170.05,133.5,,No,153.21,,,,,37
1627,EASTRED.BO,29.6,28.79,0.18K,Consumer Services,Other Consumer Services,55.0,43.0,61.0,53.0,2.1979,1.9657,1.12K,0.61K,35.99,23.2,154.89M,No,29.74,30.1,29.53,29.86,29.09,495
1628,LYKALABS.NS,72.65,72.68,25.33K,Health Technology,Pharmaceuticals: Other,55.0,21.0,64.0,71.0,2.2557,1.8171,18.46K,20.89K,100.94,44.1,2.63B,No,81.44,75.42,67.98,76.65,67.06,496
1629,BAJAJHLDNG.NS,10820.0,10600.0,11.68K,Finance,Financial Conglomerates,55.0,61.0,63.0,57.0,278.0714,266.8571,47.65K,41.45K,13250.0,8588.0,1204.20B,No,10930.8,11171.5,10672.38,11140.2,10583.63,497
1630,GYFTR.NS,168.63,171.38,151.73K,Finance,Investment Banks/Brokers,55.0,27.0,,,9.1629,9.0379,115.88K,330.01K,193.9,139.69,12.95B,No,168.85,167.38,,167.34,,64
1631,LATTEYS.NS,20.65,20.91,86.39K,Producer Manufacturing,Industrial Machinery,55.0,59.0,61.0,43.0,1.2121,1.2107,56.65K,61.19K,37.0,15.79,1.19B,No,20.83,21.09,21.51,21.17,21.21,496
1632,PNGJL.NS,599.95,586.3,2477.31K,Retail Trade,Specialty Stores,55.0,50.0,63.0,41.0,22.1464,22.0929,598.17K,460.07K,736.4,503.0,88.31B,No,596.99,610.22,592.13,606.89,600.98,497
1633,SANDESH.NS,1014.55,990.35,0.37K,Consumer Services,Publishing: Newspapers,55.0,55.0,66.0,59.0,32.0,31.9536,3.04K,0.64K,1270.0,811.0,7.68B,No,1019.89,1036.78,1008.5,1039.31,1001.1,496
1634,KIRANVYPAR.NS,195.58,199.19,6.63K,Finance,Investment Banks/Brokers,55.0,53.0,,,16.9464,16.0457,7.89K,16.38K,225.4,169.82,,No,197.99,,,,,37
1635,HAWKINCOOK.NS,8014.0,7979.5,1.12K,Producer Manufacturing,Miscellaneous Manufacturing,55.0,59.0,36.0,,202.3214,202.0357,2.29K,4.36K,9600.0,7109.0,42.38B,No,8114.35,8221.59,,8220.05,,117
1636,IPRINGLTD.NS,140.9,138.23,2.22K,Producer Manufacturing,Industrial Conglomerates,55.0,29.0,,,7.94,6.9,5.04K,2.13K,187.0,132.0,1.79B,No,140.52,,,,,42
1637,PDSL.NS,336.0,336.95,50.30K,Consumer Non-Durables,Apparel/Footwear,55.0,57.0,46.0,61.0,10.2929,10.2179,308.60K,122.30K,418.5,246.05,47.46B,No,348.04,356.99,329.9,357.02,327.7,497
1638,MASKINVEST.NS,144.2,144.99,0.15K,Finance,Finance/Rental/Leasing,54.0,64.0,43.0,61.0,7.5957,6.6636,0.21K,0.15K,246.09,114.94,440.03M,No,144.76,147.36,146.52,146.7,147.58,495
1639,PPAP.NS,240.71,236.1,7.30K,Producer Manufacturing,Auto Parts: Oem,54.0,54.0,7.0,67.0,10.5693,10.2421,112.74K,8.24K,379.5,176.0,3.41B,No,237.89,260.81,232.36,259.91,242.02,496
1640,LUMAXIND.NS,5270.0,5294.0,6.39K,Producer Manufacturing,Auto Parts: Oem,54.0,11.0,56.0,45.0,168.3929,167.2143,17.96K,10.97K,6934.5,4480.0,49.26B,No,5654.1,5812.63,5474.05,5804.0,5467.81,497
1641,ABANSENT.NS,30.17,28.45,52.65K,Distribution Services,Wholesale Distributors,54.0,85.0,,,1.5079,1.4479,8.27K,5.89K,32.79,25.65,2.10B,No,27.38,,,,,37
1642,BEEKAY.NS,422.25,421.05,0.60K,Non-Energy Minerals,Steel,54.0,64.0,,,23.9036,23.6893,3.28K,2.77K,480.0,390.2,,No,430.66,,,,,37
1643,TRUSTEDGE.BO,132.0,134.0,1.25K,Finance,Finance/Rental/Leasing,54.0,49.0,47.0,21.0,5.3179,5.1179,1.73K,0.64K,178.5,78.0,1.22B,No,134.16,134.8,139.61,134.32,143.94,495
1644,SHIVAAGRO.NS,40.0,39.03,0.69K,Process Industries,Chemicals: Major Diversified,54.0,39.0,,,2.8407,2.825,4.25K,3.91K,45.9,36.0,399.72M,No,39.56,,,,,37
1645,DIGJAMLMTD.NS,47.55,47.55,0.49K,Process Industries,Textiles,54.0,33.0,72.0,52.0,2.7614,2.5614,52.48K,6.66K,73.19,36.03,951.00M,No,54.68,51.88,47.64,53.1,47.62,495
1646,SMR.BO,97.85,96.5,6.00K,Consumer Durables,Other Consumer Specialties,54.0,51.0,70.0,,4.2514,3.6086,18.69K,10.70K,115.0,75.85,1.83B,No,95.08,92.85,,92.46,,87
1647,ECOPLAST.BO,477.2,499.6,0.85K,Process Industries,Containers/Packaging,54.0,63.0,61.0,55.0,15.0179,14.2857,1.38K,1.34K,554.95,370.4,2.27B,No,487.39,471.8,467.77,467.94,468.55,495
1648,YAASHVI.BO,82.0,78.1,4.80K,Consumer Durables,Other Consumer Specialties,54.0,73.0,71.0,,5.7279,5.1257,76.95K,36.80K,104.8,63.0,1.44B,No,79.68,80.27,,79.71,,91
1649,INDHOTEL.NS,715.65,711.65,1043.81K,Consumer Services,Hotels/Resorts/Cruise Lines,54.0,66.0,49.0,61.0,16.5107,15.6607,2371.64K,5538.89K,757.4,565.0,1035.26B,No,724.71,726.76,688.88,721.91,689.04,497
1650,STARPAPER.NS,147.49,149.08,3.24K,Process Industries,Pulp & Paper,54.0,36.0,69.0,56.0,5.365,5.365,18.14K,5.14K,172.5,119.05,2.32B,No,156.02,152.91,145.69,153.15,143.56,497
1651,ICON.BO,59.2,63.8,2.40K,Commercial Services,Miscellaneous Commercial Services,54.0,4.0,18.0,43.0,3.1,2.1586,5.18K,4.08K,85.0,38.05,465.29M,No,64.72,69.81,61.7,69.0,66.63,317
1652,GENUSPOWER.NS,296.55,288.2,1471.46K,Electronic Technology,Electronic Equipment/Instruments,54.0,20.0,44.0,63.0,12.5357,12.5286,2222.42K,1733.53K,363.0,206.36,82.03B,No,302.09,314.77,295.57,315.73,305.48,497
1653,AKCAPIT.NS,1751.7,1728.4,2.09K,Finance,Investment Banks/Brokers,54.0,64.0,,,50.8714,48.3857,1.29K,0.89K,1800.0,1644.2,11.56B,No,1734.34,,,,,37
1654,AFSL.NS,201.07,201.0,1.54K,Finance,Investment Managers,54.0,68.0,60.0,44.0,1.9136,1.9136,12.82K,7.15K,227.0,194.41,10.30B,No,201.32,203.05,202.09,202.61,202.06,496
1655,TRANSCOR.NS,24.45,23.98,0.43K,Commercial Services,Miscellaneous Commercial Services,54.0,60.0,,,1.8307,1.8129,3.95K,4.88K,29.0,21.0,,No,24.59,,,,,37
1656,AMBIKCO.NS,1472.8,1483.3,4.27K,Process Industries,Textiles,54.0,26.0,23.0,55.0,40.7,37.5786,14.72K,6.22K,1931.0,1101.0,8.43B,No,1552.35,1621.65,1495.98,1617.71,1579.67,497
1657,YURANUS.BO,113.99,112.72,0.37K,Finance,Real Estate Development,54.0,98.0,78.0,9.0,7.3764,6.3414,2.55K,3.14K,165.0,59.35,398.96M,No,94.02,90.77,121.96,89.61,111.65,495
1658,VALENCIA.BO,61.0,60.89,1.50K,Consumer Non-Durables,Beverages: Non-Alcoholic,54.0,77.0,76.0,56.0,2.1057,1.3164,7.21K,8.25K,97.1,40.11,1.21B,No,60.01,54.53,60.98,54.54,57.97,496
1659,RADHIKAJWE.NS,68.35,68.16,104.86K,Consumer Durables,Other Consumer Specialties,54.0,2.0,74.0,56.0,3.0907,3.035,2178.85K,143.40K,97.5,50.01,8.07B,No,71.56,71.68,66.03,71.99,64.57,496
1660,AUREATE.BO,48.31,48.01,14.00K,Distribution Services,Wholesale Distributors,54.0,96.0,91.0,,2.6414,2.2114,48.22K,42.20K,70.0,26.29,627.34M,No,43.55,38.65,,40.22,,88
1661,RAJOOENG.NS,59.45,59.92,939.09K,Producer Manufacturing,Industrial Machinery,54.0,88.0,82.0,38.0,3.2714,3.2457,297.85K,898.38K,95.0,46.0,10.62B,No,55.13,52.63,57.76,52.78,55.13,340
1662,HBESD.NS,74.43,74.4,4.15K,Consumer Services,Hotels/Resorts/Cruise Lines,54.0,57.0,,,6.535,6.2779,6.71K,23.95K,90.97,60.26,,No,72.3,,,,,37
1663,WIPL.NS,160.37,160.69,2.09K,Non-Energy Minerals,Forest Products,54.0,50.0,43.0,50.0,6.375,6.2507,2.24K,0.95K,193.2,133.1,1.36B,No,164.36,165.87,157.26,166.15,161.09,496
1664,JMA.NS,85.48,86.79,16.45K,Producer Manufacturing,Auto Parts: Oem,54.0,52.0,48.0,52.0,3.5686,3.4864,15.92K,8.22K,103.7,70.25,1.95B,No,89.15,89.65,85.94,89.74,88.19,496
1665,HINDCOMPOS.NS,426.85,417.0,48.30K,Producer Manufacturing,Auto Parts: Oem,54.0,85.0,55.0,54.0,17.6607,16.5143,7.68K,18.18K,550.0,347.1,6.30B,No,387.14,401.45,418.38,399.91,416.34,496
1666,POWERMECH.NS,2419.0,2445.8999,33.38K,Industrial Services,Engineering & Construction,54.0,69.0,40.0,65.0,78.5214,73.1714,61.38K,77.89K,3007.5,1717.7,76.48B,No,2410.07,2460.15,2371.77,2455.62,2462.14,496
1667,PROTEAN.NS,640.65,638.7,284.55K,Technology Services,Information Technology Services,54.0,95.0,73.0,70.0,48.6143,48.5286,813.42K,1216.98K,885.0,444.0,26.13B,No,602.56,571.83,595.42,565.87,570.04,413
1668,ICICIBANK.NS,1355.0,1349.0,5507.14K,Finance,Regional Banks,54.0,56.0,53.0,50.0,21.8214,21.2786,10476.27K,12301.80K,1480.0,1187.6,9727.13B,No,1340.41,1392.4,1353.62,1381.46,1342.0,497
1669,CRAVATEX.NS,344.85,344.65,0.15K,Retail Trade,Apparel/Footwear Retail,54.0,85.0,,,33.6786,32.9571,1.05K,1.76K,410.0,300.0,,No,342.73,,,,,37
1670,HINDALCO.NS,900.35,890.15,3499.20K,Non-Energy Minerals,Other Metals/Minerals,54.0,21.0,43.0,35.0,21.1,19.3964,4197.82K,4023.02K,1176.0,754.45,1998.63B,No,959.3,1001.01,980.45,995.87,998.02,497
1671,PIDILITIND.NS,1482.0,1460.1,312.86K,Process Industries,Industrial Specialties,54.0,38.0,42.0,58.0,35.5643,32.7072,908.74K,771.69K,1707.5,1259.0,1509.48B,No,1521.47,1598.61,1499.82,1586.32,1511.74,497
1672,FIVESTAR.NS,502.25,502.2,365.52K,Finance,Finance/Rental/Leasing,54.0,52.0,40.0,71.0,18.5929,17.4929,648.84K,674.08K,666.0,338.15,148.26B,No,523.68,530.54,485.91,529.42,489.91,497
1673,SIKA.NS,1020.4,1028.7,14.57K,Electronic Technology,Aerospace & Defense,54.0,70.0,,,42.8464,42.5964,47.10K,23.23K,1111.0,962.5,21.63B,No,1039.6,,,,,37
1674,JINDRILL.NS,572.35,575.8,83.58K,Industrial Services,Contract Drilling,54.0,8.0,48.0,57.0,22.35,21.775,796.71K,866.18K,704.4,440.1,16.59B,No,597.46,614.53,562.44,613.83,581.89,497
1675,SASKEN.NS,1566.1,1598.1,18.94K,Technology Services,Information Technology Services,54.0,6.0,9.0,73.0,74.9,74.2929,24.33K,20.46K,2780.2,991.0,23.79B,No,1699.14,1822.18,1623.98,1810.42,1756.18,496
1676,SURYALA.NS,378.95,376.35,0.41K,Process Industries,Textiles,53.0,35.0,,,11.9464,10.7071,0.83K,0.60K,424.95,371.05,,No,386.4,,,,,37
1677,PAOS.BO,50.0,50.0,0.03K,Consumer Non-Durables,Household/Personal Care,53.0,91.0,52.0,43.0,0.2429,0.1593,0.37K,0.03K,60.1,38.14,305.18M,No,46.8,44.56,49.19,45.32,47.66,494
1678,LADDERUP.NS,49.8,51.9,0.34K,Finance,Investment Managers,53.0,87.0,,,2.8443,2.6643,5.07K,0.55K,80.98,42.7,528.00M,No,56.41,,,,,37
1679,GUJTHEM.NS,363.5,367.95,391.17K,Health Technology,Pharmaceuticals: Major,53.0,4.0,51.0,74.0,17.9214,17.7357,358.55K,224.92K,479.0,225.05,47.31B,No,402.75,392.75,362.06,392.06,366.6,400
1680,KEI.NS,4585.0,4580.0,172.59K,Producer Manufacturing,Electrical Products,53.0,59.0,33.0,47.0,118.4,114.9,479.68K,285.90K,5899.0,3728.7,438.54B,No,4580.49,5080.65,4836.43,5023.61,4970.36,497
1681,FIL.BO,214.6,216.6,13.20K,Consumer Non-Durables,Apparel/Footwear,53.0,74.0,58.0,43.0,6.5964,5.2714,8.25K,14.94K,230.0,178.0,1.68B,No,211.89,207.39,,206.57,210.84,154
1682,ORIENTCER.NS,42.15,41.94,51.93K,Non-Energy Minerals,Aluminum,53.0,41.0,59.0,49.0,2.2929,2.28,85.23K,74.59K,56.64,34.0,5.04B,No,45.4,44.26,41.88,44.87,41.8,495
1683,TRACXN.NS,34.66,33.06,356.01K,Technology Services,Internet Software/Services,53.0,93.0,80.0,57.0,1.7286,1.7279,166.81K,224.35K,55.9,25.39,3.71B,No,32.2,30.69,32.64,30.92,31.27,497
1684,KEMP.BO,1098.2,1098.2,0.00K,Finance,Real Estate Development,53.0,67.0,52.0,68.0,4.1286,0.0,0.01K,0.01K,1344.85,868.3,1.19B,No,1104.93,1072.83,1052.68,1072.58,1064.01,496
1685,MHEL.BO,63.66,60.63,0.75K,Producer Manufacturing,Trucks/Construction/Farm Machinery,53.0,91.0,56.0,69.0,0.6186,0.0,0.27K,0.33K,84.8,47.3,248.50M,No,57.25,60.68,63.18,60.59,61.59,496
1686,DEEPAKNTR.NS,1621.9,1584.1,371.54K,Process Industries,Chemicals: Specialty,53.0,63.0,57.0,62.0,42.45,41.3143,345.28K,199.66K,1897.9,1280.0,221.22B,No,1575.99,1669.5,1632.63,1661.8,1637.39,497
1687,KUSUMGAR.NS,595.55,608.0,127.68K,Process Industries,Textiles,53.0,81.0,,,28.2071,28.1536,1016.25K,269.16K,659.5,533.0,,No,597.36,595.16,,593.27,,61
1688,SUNPHARMA.NS,1760.0,1759.8,1346.11K,Health Technology,Pharmaceuticals: Major,53.0,40.0,38.0,48.0,33.7714,33.6714,1877.86K,1661.70K,2046.9,1583.7,4222.83B,No,1829.09,1887.28,1807.71,1868.69,1835.86,497
1689,NEOINFRA.BO,40.29,40.11,1.58K,Finance,Real Estate Development,53.0,24.0,65.0,29.0,5.7,5.4457,3.17K,3.95K,54.0,31.66,213.81M,No,43.17,41.94,41.17,41.71,42.15,495
1690,KANCHI.NS,369.4,366.25,0.23K,Process Industries,Chemicals: Specialty,53.0,31.0,,,14.9357,14.0286,2.54K,1.84K,435.0,359.95,1.60B,No,385.45,,,,,37
1691,SAGILITY.NS,44.0,43.35,15686.81K,Commercial Services,Miscellaneous Commercial Services,53.0,54.0,66.0,48.0,1.1614,1.1243,22429.44K,12126.24K,57.89,35.83,205.98B,No,44.32,44.29,43.94,44.52,42.46,473
1692,INDAG.BO,103.95,100.8,2.42K,Producer Manufacturing,Miscellaneous Manufacturing,53.0,3.0,71.0,56.0,5.325,5.3,9.90K,13.76K,146.75,77.36,2.73B,No,110.93,110.81,102.1,112.96,99.02,495
1693,AVEER.BO,582.0,607.3,0.50K,Consumer Non-Durables,Food: Major Diversified,53.0,82.0,68.0,61.0,13.2679,8.7571,0.60K,0.84K,773.3,475.5,2.61B,No,585.04,581.2,565.59,579.95,563.23,496
1694,KIMS.NS,705.5,687.15,514.10K,Health Services,Hospital/Nursing Management,53.0,35.0,28.0,54.0,25.8857,25.4679,592.49K,785.58K,858.0,575.8,296.31B,No,756.94,774.67,721.17,773.85,751.91,497
1695,RAJKOTINV.BO,43.05,42.9,0.28K,Finance,Finance/Rental/Leasing,53.0,65.0,51.0,52.0,2.1736,1.9393,0.24K,0.32K,53.9,32.0,43.05M,No,44.28,44.43,43.33,44.18,44.42,495
1696,BLEL.NS,495.6,486.95,879.86K,Non-Energy Minerals,Steel,53.0,87.0,,,29.2429,28.0321,3689.74K,2738.20K,548.0,415.0,,No,462.66,,,,,36
1697,WONDERLA.NS,508.55,509.45,45.09K,Consumer Services,Movies/Entertainment,53.0,61.0,71.0,36.0,12.325,12.2822,111.26K,51.78K,599.0,455.0,32.25B,No,510.98,506.03,502.76,511.42,501.78,496
1698,RAPIDIN.BO,81.9,82.0,0.01K,Finance,Investment Banks/Brokers,53.0,20.0,65.0,72.0,1.3257,0.9943,0.02K,0.01K,115.7,58.83,176.06M,No,88.54,85.06,83.27,86.02,82.49,493
1699,ULTRAMAR.NS,398.55,400.8,84.92K,Process Industries,Chemicals: Specialty,53.0,45.0,62.0,,14.1643,14.1464,112.58K,227.83K,455.75,364.1,11.64B,No,418.09,413.11,,415.97,,118
1700,KESAR.BO,1070.0,1086.7,16.40K,Finance,Real Estate Development,53.0,38.0,29.0,26.0,47.1679,46.7429,69.95K,18.67K,1341.0,705.0,34.81B,No,1162.34,1192.06,1204.51,1179.72,1205.58,495
1701,DIXON.NS,12774.0,12650.0,164.12K,Electronic Technology,Electronic Production Equipment,53.0,27.0,49.0,68.0,355.2857,346.7143,407.65K,271.64K,17505.0,9600.0,776.68B,No,13140.25,13851.78,12105.94,13736.4,12410.4,497
1702,SUPERHOUSE.NS,153.08,152.11,3.96K,Consumer Non-Durables,Apparel/Footwear,53.0,23.0,53.0,47.0,5.8664,5.8664,15.19K,3.41K,189.0,128.55,1.69B,No,162.76,165.07,155.5,164.88,157.02,496
1703,NATPLASTI.BO,228.55,222.0,1.26K,Process Industries,Chemicals: Specialty,53.0,79.0,71.0,51.0,13.3321,12.9357,1.44K,1.42K,334.0,190.0,1.39B,No,221.52,224.42,232.51,222.67,221.25,495
1704,SSPRL.BO,125.2,123.9,13.00K,Consumer Services,Movies/Entertainment,53.0,85.0,,,5.9714,5.3821,137.54K,45.30K,138.9,110.1,2.84B,No,127.57,,,125.44,,49
1705,TCMLMTD.BO,47.14,47.13,1.32K,Process Industries,Chemicals: Specialty,53.0,76.0,71.0,37.0,2.8557,2.8543,5.24K,2.20K,81.0,36.53,352.51M,No,50.04,46.24,48.12,46.09,45.57,495
1706,EVERESTIND.NS,472.15,480.3,10.38K,Distribution Services,Wholesale Distributors,53.0,88.0,51.0,80.0,28.0607,27.9357,14.31K,29.11K,691.95,284.9,7.49B,No,441.42,443.4,423.2,441.21,414.8,496
1707,SOUTHWEST.NS,189.24,187.46,39.18K,Energy Minerals,Coal,53.0,6.0,21.0,20.0,9.5536,9.5221,264.96K,128.02K,275.0,121.0,6.18B,No,193.98,210.35,215.27,206.14,224.33,497
1708,AXISBANK.NS,1259.1,1245.0,5173.26K,Finance,Major Banks,53.0,72.0,49.0,35.0,27.2429,24.3786,6147.87K,7129.86K,1418.3,1150.3,3920.55B,No,1233.98,1242.33,1284.19,1244.08,1276.39,497
1709,BLACKROSE.NS,107.3,107.27,12.56K,Distribution Services,Wholesale Distributors,53.0,50.0,,,6.035,5.9671,27.22K,41.91K,121.0,102.8,,No,110.44,,,,,37
1710,HMEML.BO,49.95,46.45,4.80K,Distribution Services,Wholesale Distributors,53.0,59.0,71.0,55.0,1.09,0.6657,8.41K,7.20K,70.8,36.47,684.28M,No,48.5,50.41,49.66,50.99,49.27,416
1711,VVIPIL.BO,134.15,134.9,12.00K,Industrial Services,Engineering & Construction,53.0,66.0,43.0,61.0,5.275,4.8179,15.38K,24.72K,165.95,92.05,3.35B,No,138.65,131.11,121.56,133.31,125.81,495
1712,EKI.NS,78.33,82.17,24.58K,Utilities,Electric Utilities,53.0,88.0,,,9.2029,9.1321,69.04K,204.44K,108.94,67.0,,No,82.24,,,,,37
1713,ARSSBL.NS,539.6,537.55,186.60K,Finance,Investment Banks/Brokers,52.0,81.0,47.0,46.0,20.1214,19.7143,212.55K,325.06K,794.85,416.0,34.03B,No,512.05,511.43,542.68,509.85,526.64,254
1714,ARISINT.BO,397.15,397.15,0.07K,Producer Manufacturing,Auto Parts: Oem,52.0,67.0,53.0,43.0,0.0,0.0,0.01K,0.01K,608.0,317.1,595.72M,No,397.15,403.6,378.53,403.52,387.88,494
1715,PARADEEP.NS,146.75,150.55,1593.55K,Process Industries,Chemicals: Agricultural,52.0,33.0,66.0,69.0,4.3743,4.3471,6934.65K,1652.85K,181.9,99.7,152.40B,No,153.56,153.03,136.29,153.37,137.21,497
1716,SARTHAKGL.BO,38.0,39.0,0.00K,Finance,Investment Banks/Brokers,52.0,91.0,68.0,9.0,2.9514,2.7371,0.38K,0.40K,76.57,26.48,114.00M,No,38.59,38.38,37.82,37.92,39.02,495
1717,ANANTRAJ.NS,570.75,582.5,1446.12K,Consumer Durables,Homebuilding,52.0,30.0,55.0,66.0,21.8036,21.7464,2462.27K,1338.13K,704.55,403.0,205.40B,No,600.35,610.88,547.75,607.3,551.24,497
1718,ATL.NS,26.18,25.18,274.46K,Transportation,Marine Shipping,52.0,73.0,77.0,48.0,1.2721,1.2264,222.45K,182.33K,38.69,18.2,7.64B,No,24.78,24.78,24.75,25.08,24.49,496
1719,DEVYANI.NS,123.59,123.23,2253.47K,Consumer Services,Restaurants,52.0,23.0,74.0,65.0,4.8607,4.7643,4096.14K,1358.39K,169.75,91.55,152.38B,No,134.04,135.89,122.92,136.64,119.94,497
1720,SHANMUGA.BO,43.99,43.01,16.00K,Health Services,Hospital/Nursing Management,52.0,50.0,49.0,60.0,1.3029,0.9436,12.97K,11.20K,56.76,34.0,598.84M,No,46.42,45.01,41.58,45.14,41.36,401
1721,EMBASSY.BO,431.52,431.52,4.64K,Finance,Real Estate Investment Trusts,52.0,61.0,51.0,43.0,5.7293,5.3843,168.78K,52.91K,461.99,409.97,409.04B,No,436.43,438.21,434.57,438.48,434.69,495
1722,RVTH.NS,737.4,728.55,0.63K,Industrial Services,Oilfield Services/Equipment,52.0,61.0,63.0,65.0,54.2571,52.5286,1.79K,5.55K,1101.4,491.1,2.26B,No,696.93,715.97,677.18,727.51,686.52,496
1723,TEMPSENS.NS,576.4,561.0,1782.43K,Electronic Technology,Electronic Equipment/Instruments,52.0,71.0,,,30.8179,30.5143,5434.01K,2200.11K,634.85,486.0,,No,541.21,,,,,29
1724,M&MFIN.NS,319.45,310.5,1454.19K,Finance,Finance/Rental/Leasing,52.0,10.0,45.0,55.0,10.6571,10.1643,3617.93K,2024.01K,415.0,272.65,443.92B,No,337.02,366.25,343.32,361.22,330.73,497
1725,CARRARO.NS,508.5,509.8,62.96K,Producer Manufacturing,Auto Parts: Oem,52.0,44.0,34.0,50.0,16.5214,16.0822,134.23K,114.67K,667.55,416.0,28.91B,No,527.85,529.9,531.77,526.43,535.05,441
1726,SIGNPOST.NS,260.3,260.75,21.86K,Commercial Services,Advertising/Marketing Services,52.0,62.0,18.0,59.0,9.3321,9.3179,168.75K,44.63K,336.8,191.41,13.91B,No,265.75,265.93,256.42,264.26,269.12,496
1727,GAIL.NS,166.64,167.7,5426.24K,Utilities,Gas Distributors,52.0,48.0,51.0,57.0,3.4421,3.3493,8461.92K,8745.00K,186.87,134.36,1095.67B,No,171.42,173.27,166.22,172.31,166.49,497
1728,ISHITADR.BO,76.0,76.16,2.02K,Health Technology,Pharmaceuticals: Other,52.0,76.0,66.0,36.0,3.1671,2.9357,1.75K,2.75K,90.85,66.0,227.26M,No,74.17,74.06,74.97,74.46,75.71,495
1729,NOCIL.NS,164.84,165.76,576.85K,Process Industries,Chemicals: Specialty,52.0,21.0,45.0,44.0,9.4843,9.24,1296.82K,2153.82K,211.2,125.31,27.53B,No,181.58,173.52,162.34,174.08,170.19,497
1730,GUJINTRX.BO,426.95,425.65,2.80K,Non-Energy Minerals,Steel,52.0,57.0,56.0,33.0,12.8464,12.4214,3.56K,3.04K,480.0,398.0,1.47B,No,430.61,429.21,434.7,428.53,434.11,495
1731,ADL.NS,71.0,73.64,0.06K,Commercial Services,Miscellaneous Commercial Services,52.0,47.0,65.0,56.0,5.9407,5.8907,1.09K,1.53K,109.9,50.26,395.20M,No,71.89,72.27,72.05,71.42,70.73,496
1732,SHANKESH.NS,93.03,91.84,1979.74K,Consumer Durables,Other Consumer Specialties,52.0,61.0,,,4.5543,4.4621,9390.28K,2958.32K,115.9,86.58,13.68B,No,92.23,,,,,32
1733,JAGANLAM.BO,53.74,54.61,0.18K,Producer Manufacturing,Auto Parts: Oem,52.0,30.0,80.0,60.0,4.7057,4.6007,5.31K,5.39K,78.2,38.3,392.33M,No,56.99,56.89,56.11,57.79,52.54,495
1734,JSWDULUX.NS,3005.1,2989.1001,12.75K,Process Industries,Industrial Specialties,52.0,46.0,64.0,46.0,94.1715,93.5072,24.37K,43.81K,3745.0,2658.7,136.85B,No,3094.93,3099.59,3037.06,3115.24,3053.61,497
1735,CONCORD.BO,70.4,71.0,1.86K,Health Technology,Pharmaceuticals: Major,52.0,18.0,58.0,43.0,4.6421,4.4136,6.13K,6.02K,92.52,61.0,927.52M,No,76.24,75.87,77.71,76.04,76.89,495
1736,PPL.NS,249.2,243.65,67.30K,Producer Manufacturing,Miscellaneous Manufacturing,52.0,29.0,39.0,69.0,13.3536,13.3464,28.72K,35.09K,334.4,163.21,5.96B,No,262.86,264.74,233.33,264.2,239.26,497
1737,GRASIM.NS,2890.0,2856.8,222.64K,Non-Energy Minerals,Construction Materials,52.0,16.0,35.0,51.0,61.5857,59.0214,831.48K,651.12K,3411.1,2502.5,1960.26B,No,3103.21,3205.92,2977.92,3202.58,3039.17,497
1738,PML.NS,481.75,453.5,0.40K,Commercial Services,Miscellaneous Commercial Services,52.0,68.0,,,27.3536,26.0286,0.27K,0.49K,515.0,460.25,1.49B,No,483.82,,,,,36
1739,SCDL.BO,75.6,74.0,8.00K,Industrial Services,Engineering & Construction,52.0,93.0,62.0,,3.7057,3.1443,60.60K,54.88K,107.98,54.25,1.50B,No,69.35,68.21,,68.01,,124
1740,SHINDL.NS,155.8,158.39,98.01K,Process Industries,Agricultural Commodities/Milling,52.0,57.0,,,4.4393,4.3914,205.74K,162.97K,175.0,154.0,,No,160.68,,,,,37
1741,MIVENMACH.BO,77.49,77.49,0.03K,Producer Manufacturing,Industrial Machinery,52.0,95.0,42.0,66.0,1.8014,0.91,0.50K,0.03K,103.38,53.25,232.74M,No,71.42,75.11,79.5,74.66,79.08,496
1742,COMPEAU.NS,347.4,362.0,0.13K,Retail Trade,Specialty Stores,52.0,43.0,,,16.1,14.4964,1.46K,0.31K,420.0,318.0,2.14B,No,361.24,,,,,37
1743,PGCRL.BO,108.3,112.8,1.20K,Consumer Services,Hotels/Resorts/Cruise Lines,52.0,55.0,84.0,16.0,3.2571,2.5,3.25K,1.44K,183.65,82.1,289.93M,No,112.53,114.01,118.89,113.2,119.39,494
1744,CREST.NS,358.35,351.8,0.82K,Finance,Investment Managers,52.0,64.0,52.0,51.0,12.6964,12.3536,4.58K,2.75K,418.0,298.15,10.13B,No,361.49,365.34,363.95,363.51,363.87,496
1745,AARTECH.NS,47.82,47.69,10.01K,Commercial Services,Miscellaneous Commercial Services,52.0,38.0,54.0,48.0,1.7471,1.7314,51.17K,38.85K,64.75,33.51,1.52B,No,49.94,49.23,47.01,49.25,46.83,496
1746,ESTER.NS,93.27,94.67,47.04K,Process Industries,Industrial Specialties,52.0,74.0,65.0,56.0,4.8357,4.64,212.35K,551.83K,121.67,68.55,9.73B,No,90.0,92.2,93.47,92.33,91.13,497
1747,JIGAR.BO,64.99,64.99,6.00K,Producer Manufacturing,Electrical Products,52.0,83.0,31.0,49.0,0.9957,0.9957,0.90K,0.67K,76.9,50.0,585.69M,No,61.6,61.1,64.27,61.12,63.69,494
1748,NIACL.NS,162.23,158.14,2302.92K,Finance,Multi-Line Insurance,52.0,3.0,32.0,71.0,6.9607,6.695,5902.59K,2379.50K,242.6,116.97,267.36B,No,176.81,183.13,163.18,184.17,170.02,497
1749,PHOENIXLTD.NS,1813.1,1771.2,674.94K,Finance,Real Estate Development,52.0,53.0,23.0,53.0,58.3572,55.3286,501.73K,460.60K,2169.8,1465.6,648.51B,No,1901.11,1910.11,1823.01,1906.39,1844.01,496
1750,NEAGI.NS,3250.0,3194.6001,0.00K,Consumer Non-Durables,Food: Major Diversified,51.0,41.0,,,78.6071,49.7714,0.03K,0.02K,3600.0,3112.1,,No,3373.19,,,,,37
1751,INFOBEAN.NS,156.19,146.17,3935.34K,Technology Services,Packaged Software,51.0,63.0,50.0,47.0,5.5936,5.4729,509.07K,157.78K,257.5,116.5,,No,149.48,156.83,172.24,156.71,160.48,497
1752,TNPL.NS,141.31,137.95,140.01K,Process Industries,Pulp & Paper,51.0,16.0,57.0,53.0,5.7514,5.7514,319.21K,155.71K,166.66,121.51,9.78B,No,147.52,147.95,143.65,147.8,145.0,497
1753,NIKHILAD.BO,77.4,79.61,23.55K,Process Industries,Industrial Specialties,51.0,47.0,70.0,46.0,3.6564,3.6464,12.22K,11.79K,122.0,56.78,3.56B,No,81.67,79.78,77.24,80.77,80.04,495
1754,MAMATA.NS,390.2,385.7,29.79K,Producer Manufacturing,Industrial Machinery,51.0,32.0,64.0,54.0,14.4393,14.3929,74.37K,116.62K,459.75,297.0,9.60B,No,400.99,408.06,399.93,410.12,395.0,443
1755,LOTUSEYE.NS,113.93,113.94,5.87K,Health Services,Medical/Nursing Services,51.0,76.0,52.0,52.0,3.01,2.9879,16.44K,6.14K,147.0,97.59,2.37B,No,114.29,114.28,116.18,114.33,115.8,496
1756,DHARMAJ.NS,259.45,263.1,33.72K,Process Industries,Chemicals: Agricultural,51.0,53.0,59.0,44.0,12.7143,12.65,58.99K,66.81K,311.4,210.65,8.77B,No,275.26,272.31,258.24,271.39,265.23,497
1757,MUKTAARTS.NS,54.36,57.0,1.33K,Technology Services,Packaged Software,51.0,49.0,63.0,66.0,3.085,3.0686,3.61K,1.94K,72.7,37.01,1.23B,No,56.62,56.82,56.44,56.77,55.38,496
1758,JETKINGQ.BO,119.35,118.55,6.43K,Consumer Services,Other Consumer Services,51.0,57.0,86.0,44.0,7.3107,7.3107,12.46K,8.25K,234.15,90.55,752.34M,No,123.31,117.45,121.05,122.03,113.22,495
1759,ARVSMART.NS,598.2,608.5,81.74K,Finance,Real Estate Development,51.0,47.0,55.0,47.0,27.9357,26.6321,301.48K,94.29K,707.85,486.8,27.44B,No,593.42,624.11,590.45,623.01,601.91,497
1760,FSL.NS,268.1,266.35,1994.98K,Commercial Services,Miscellaneous Commercial Services,51.0,78.0,65.0,68.0,9.2536,8.9607,3655.74K,3355.77K,371.75,202.0,185.13B,No,262.87,272.25,263.63,265.57,251.84,497
1761,JYOTIRES.NS,839.1,836.65,5.33K,Process Industries,Industrial Specialties,51.0,53.0,,,21.1071,21.1071,8.91K,9.62K,911.0,821.2,10.08B,No,843.65,,,,,37
1762,EQUITASBNK.NS,66.02,66.44,696.84K,Finance,Regional Banks,51.0,29.0,14.0,56.0,2.3771,2.2414,2574.98K,2170.05K,83.9,51.25,75.54B,No,69.99,72.81,69.18,72.19,70.54,497
1763,IKIO.NS,179.27,181.05,193.30K,Producer Manufacturing,Electrical Products,51.0,5.0,24.0,78.0,8.5271,8.525,836.36K,133.86K,238.8,103.53,13.85B,No,202.29,202.83,169.86,203.65,175.78,497
1764,5PAISA.NS,339.55,338.2,85.06K,Finance,Investment Banks/Brokers,51.0,71.0,42.0,61.0,15.4464,14.9214,93.79K,285.56K,416.95,245.5,15.92B,No,322.93,348.78,336.07,345.87,333.72,497
1765,PSCELESTIA.BO,1000000.0,1000000.0,0.00K,Finance,Real Estate Investment Trusts,51.0,69.0,57.0,,2042.75,1542.7143,0.00K,0.00K,1039999.0,991000.0,2.33B,No,998518.38,1005446.38,,1005000.0,,116
1766,BAJFINANCE.NS,960.0,955.95,7684.15K,Finance,Finance/Rental/Leasing,51.0,30.0,46.0,52.0,27.7714,22.5786,7354.71K,7995.38K,1176.4,787.9,5972.08B,No,994.01,1050.44,975.99,1038.04,975.86,497
1767,GALLARD.BO,170.0,165.0,22.00K,Producer Manufacturing,Industrial Machinery,51.0,73.0,57.0,69.0,6.9286,5.6857,12.53K,19.40K,245.95,110.0,1.62B,No,164.88,171.45,162.5,171.87,158.87,214
1768,SIGMA.NS,44.17,44.48,72.33K,Technology Services,Packaged Software,51.0,41.0,80.0,52.0,2.2493,2.2307,307.79K,83.18K,64.2,35.46,4.54B,No,45.18,46.57,44.88,46.1,43.08,497
1769,EICHERMOT.NS,7050.0,6767.5,551.21K,Consumer Durables,Motor Vehicles,51.0,29.0,50.0,43.0,147.0,140.1786,450.08K,411.69K,8230.0,6442.0,1935.38B,No,7280.48,7680.43,7403.85,7616.2,7372.08,497
1770,DSINVEST.BO,362.9,363.0,0.01K,Finance,Investment Banks/Brokers,51.0,60.0,56.0,55.0,4.2786,3.0179,0.03K,0.04K,461.6,299.55,114.34M,No,368.29,368.43,369.73,365.8,358.92,496
1771,GMPL.BO,65.3,65.3,65.10K,Process Industries,Industrial Specialties,51.0,88.0,48.0,39.0,0.175,0.0464,2.64K,2.64K,91.8,52.3,878.91M,No,64.14,67.22,66.78,66.13,66.78,494
1772,KNAGRI.NS,201.37,202.6,5.03K,Process Industries,Agricultural Commodities/Milling,51.0,67.0,54.0,36.0,9.8593,9.5157,13.90K,5.28K,244.0,148.3,5.03B,No,200.69,206.48,195.21,206.09,200.96,496
1773,IMAGICAA.NS,46.86,47.11,287.05K,Consumer Services,Movies/Entertainment,51.0,12.0,61.0,46.0,2.0957,2.0957,1566.18K,608.66K,62.0,36.84,27.62B,No,51.03,50.97,47.2,51.71,47.27,497
1774,LIKHITHA.NS,222.94,226.08,18.64K,Industrial Services,Engineering & Construction,51.0,86.0,40.0,31.0,12.11,11.9493,75.19K,66.54K,272.0,131.45,8.80B,No,225.29,219.04,202.99,217.97,217.4,497
1775,TATACOMM.NS,1656.7,1677.4,307.59K,Communications,Major Telecommunications,51.0,45.0,34.0,61.0,47.7643,47.7214,276.44K,234.93K,2110.0,1322.5,472.30B,No,1705.46,1716.7,1702.71,1712.74,1723.13,497
1776,JHACC.BO,189.3,193.1,50.95K,Finance,Investment Banks/Brokers,51.0,88.0,63.0,50.0,11.4714,11.4679,5.36K,13.41K,242.95,146.0,2.10B,No,196.36,184.43,186.08,185.63,184.59,495
1777,YUG.BO,22.8,22.8,5.17K,Process Industries,Industrial Specialties,51.0,46.0,30.0,74.0,0.0857,0.0,2.13K,2.13K,33.0,11.33,368.98M,No,23.34,23.36,20.0,23.29,20.27,494
1778,INDIANB.NS,829.8,807.8,1471.75K,Finance,Major Banks,51.0,55.0,49.0,23.0,19.55,18.5107,1607.66K,1117.58K,1000.9,756.5,1117.71B,No,826.92,855.15,862.6,857.17,858.68,497
1779,JSWSTEEL.NS,1168.0,1175.2,1083.91K,Non-Energy Minerals,Steel,51.0,25.0,45.0,41.0,28.8714,28.1,1662.87K,1918.80K,1351.0,1073.2,2851.06B,No,1252.53,1281.51,1238.47,1274.17,1253.41,497
1780,MERCURYLAB.BO,770.0,765.0,0.05K,Health Technology,Pharmaceuticals: Major,51.0,78.0,51.0,48.0,26.2071,14.7464,0.09K,0.05K,942.9,620.55,924.00M,No,784.52,781.39,791.11,778.13,780.19,494
1781,ESABINDIA.NS,5394.5,5360.5,1.93K,Producer Manufacturing,Electrical Products,51.0,20.0,45.0,46.0,137.2857,136.5,5.49K,2.45K,7319.5,4710.0,83.04B,No,5590.9,5829.56,5825.29,5823.65,5874.58,496
1782,VJLAXMIE.BO,39.94,38.31,0.00K,Producer Manufacturing,Industrial Machinery,51.0,68.0,70.0,65.0,1.7286,1.325,0.60K,0.48K,63.09,26.0,202.57M,No,39.49,39.29,39.91,39.34,37.45,495
1783,APLLTD.NS,800.95,800.5,187.84K,Health Technology,Pharmaceuticals: Major,51.0,65.0,50.0,59.0,25.8393,25.8393,155.40K,265.92K,998.0,635.8,157.44B,No,832.67,825.02,781.78,824.14,780.78,497
1784,SHARDAMOTR.NS,872.3,884.4,48.24K,Producer Manufacturing,Auto Parts: Oem,51.0,61.0,61.0,57.0,35.6786,35.4464,71.33K,56.18K,1189.9,700.0,50.08B,No,941.67,915.17,876.32,918.0,864.46,496
1785,LAFFANSQ.BO,29.2,27.55,0.01K,Process Industries,Chemicals: Specialty,51.0,49.0,71.0,45.0,2.0814,2.0057,3.15K,0.35K,38.75,23.0,233.60M,No,29.42,28.17,29.2,27.72,28.96,495
1786,PAGEIND.NS,36875.0,36450.0,11.11K,Consumer Non-Durables,Apparel/Footwear,51.0,76.0,45.0,51.0,863.9286,838.9286,27.66K,29.24K,43855.0,29805.0,411.30B,No,36524.0,36916.9,36394.55,36741.0,37537.33,496
1787,SOLIDSTON.BO,26.4,26.79,0.17K,Non-Energy Minerals,Construction Materials,50.0,83.0,71.0,41.0,2.17,2.06,0.83K,1.99K,39.95,21.66,142.03M,No,26.28,25.82,26.43,25.84,25.9,495
1788,TEMBO.NS,55.06,55.91,2078.25K,Producer Manufacturing,Metal Fabrication,50.0,46.0,57.0,50.0,2.9686,2.9186,2131.88K,2193.28K,83.7,43.34,10.66B,No,57.07,58.14,57.25,57.95,56.87,497
1789,SENCO.NS,334.75,337.1,5073.28K,Consumer Durables,Other Consumer Specialties,50.0,36.0,41.0,45.0,12.8214,11.7679,2438.54K,6325.71K,430.0,276.0,54.87B,No,332.85,352.34,336.24,346.72,340.13,497
1790,KJMCCORP.BO,55.0,55.55,0.09K,Finance,Investment Banks/Brokers,50.0,15.0,68.0,38.0,3.18,3.0221,1.27K,0.47K,78.0,41.0,215.95M,No,57.52,59.12,54.47,59.99,55.58,495
1791,COALINDIA.NS,411.55,409.35,3999.78K,Energy Minerals,Coal,50.0,61.0,51.0,30.0,8.6643,8.1357,8031.51K,6430.74K,491.25,369.6,2536.27B,No,420.41,414.7,433.52,413.82,436.13,497
1792,VADILENT.NS,9800.0,9822.0,0.01K,Consumer Non-Durables,Food: Specialty/Candy,50.0,45.0,,,91.4286,67.9286,0.04K,0.02K,12598.0,9401.0,8.45B,No,10220.8,,,,,36
1793,DLF.NS,648.6,636.95,1530.70K,Finance,Real Estate Development,50.0,53.0,47.0,62.0,16.9179,15.925,3864.78K,4206.55K,786.5,489.4,1605.49B,No,655.8,662.87,627.64,662.56,621.8,497
1794,OBEROIRLTY.NS,1698.8,1663.3,361.52K,Finance,Real Estate Development,50.0,36.0,32.0,50.0,49.4786,48.1571,440.97K,394.68K,1986.1,1391.2,617.69B,No,1768.05,1815.32,1686.56,1809.06,1733.93,497
1795,DRAGARWQ.NS,5161.5,5160.5,0.42K,Health Services,Medical/Nursing Services,50.0,61.0,,,126.7143,125.6071,1.76K,2.15K,5500.0,5060.5,,No,5211.55,,,,,37
1796,TECHNICHEM.BO,48.0,50.35,36.00K,Process Industries,Chemicals: Major Diversified,50.0,73.0,64.0,38.0,1.7793,1.1786,10.74K,5.60K,66.53,34.25,831.42M,No,57.66,49.68,47.99,50.35,48.27,434
1797,UNIQUEO.BO,86.15,85.9,0.86K,Consumer Non-Durables,Food: Major Diversified,50.0,51.0,73.0,52.0,6.1236,6.1236,3.09K,2.54K,127.5,65.0,512.85M,No,86.23,88.34,89.92,88.67,88.64,495
1798,DSFCL.NS,28.74,28.76,33.87K,Process Industries,Chemicals: Major Diversified,50.0,84.0,83.0,70.0,1.8486,1.8086,53.00K,83.47K,52.5,17.28,2.50B,No,27.99,26.89,,26.95,25.28,159
1799,PTL.NS,38.34,37.79,78.76K,Finance,Real Estate Development,50.0,68.0,50.0,44.0,0.7671,0.7664,34.08K,33.27K,43.77,36.1,5.08B,No,38.15,38.58,39.22,38.53,39.27,496
1800,360ONE.NS,1048.0,1041.1,253.88K,Finance,Investment Managers,50.0,44.0,42.0,56.0,28.45,27.4571,1042.86K,924.56K,1236.2,906.05,427.49B,No,1062.09,1126.1,1105.03,1120.92,1092.72,496
1801,ZENTEC.NS,1528.8,1514.2,238.89K,Technology Services,Information Technology Services,50.0,7.0,16.0,52.0,52.5929,51.8572,402.14K,264.23K,2043.7,1223.0,137.51B,No,1639.28,1736.92,1586.48,1732.34,1685.63,497
1802,ACLD.BO,147.4,143.6,13.20K,Process Industries,Agricultural Commodities/Milling,50.0,46.0,50.0,65.0,5.6643,5.3536,25.43K,29.52K,230.0,106.0,3.00B,No,149.62,147.2,143.99,148.51,147.28,495
1803,DRREDDY.NS,1197.0,1180.0,1510.22K,Health Technology,Pharmaceuticals: Major,50.0,78.0,51.0,45.0,26.0786,24.3786,2044.01K,2792.36K,1414.9,1101.0,997.09B,No,1193.97,1181.15,1245.21,1183.04,1242.77,497
1804,KLASSROOM.BO,161.5,157.25,3.20K,Technology Services,Packaged Software,50.0,9.0,,,6.5964,5.9107,43.18K,9.12K,224.0,158.45,1.50B,No,168.82,,,175.08,,44
1805,RRECL.NS,132.05,133.96,0.20K,Finance,Real Estate Development,50.0,73.0,,,10.6664,9.5243,0.64K,0.68K,152.0,111.2,3.47B,No,131.8,,,,,37
1806,ROSSELLIND.NS,52.75,51.25,7.71K,Electronic Technology,Aerospace & Defense,50.0,40.0,45.0,57.0,1.8971,1.8971,87.78K,22.26K,73.0,40.0,1.99B,No,52.49,55.35,52.22,54.69,54.52,496
1807,BLACKBUCK.NS,592.05,587.6,165.66K,Technology Services,Packaged Software,50.0,77.0,64.0,47.0,22.3036,21.8714,620.31K,465.70K,748.0,496.0,107.90B,No,608.81,592.09,584.13,601.51,574.61,466
1808,INDUSINDBK.NS,861.65,864.0,1130.63K,Finance,Major Banks,50.0,13.0,24.0,49.0,22.9643,19.9071,1856.96K,2176.98K,1077.85,726.3,671.35B,No,923.51,975.92,924.04,965.61,929.03,497
1809,IRMENERGY.NS,255.8,256.0,33.01K,Energy Minerals,Integrated Oil,50.0,27.0,54.0,75.0,8.6179,8.4571,98.41K,55.63K,366.89,165.4,10.50B,No,266.58,276.99,260.23,277.15,263.72,497
1810,CAPITALSFB.NS,269.2,268.95,12.27K,Finance,Regional Banks,50.0,58.0,39.0,47.0,12.0464,12.0393,40.02K,64.57K,323.7,206.55,12.25B,No,276.91,283.16,271.89,280.89,276.14,496
1811,TRUALT.NS,427.2,424.05,296.30K,Process Industries,Chemicals: Specialty,50.0,76.0,53.0,48.0,20.7464,20.6929,327.56K,365.44K,542.0,310.2,36.63B,No,433.58,442.44,433.16,441.56,451.24,251
1812,GULPOLY.NS,160.21,159.84,36.12K,Consumer Non-Durables,Food: Specialty/Candy,50.0,18.0,22.0,32.0,5.5771,5.4929,539.18K,82.99K,227.63,121.5,9.96B,No,168.12,182.78,171.9,179.96,182.22,496
1813,KOTARISUG.NS,25.8,25.86,14.15K,Process Industries,Agricultural Commodities/Milling,50.0,18.0,59.0,52.0,1.3214,1.3057,181.27K,28.66K,39.94,22.5,2.14B,No,26.81,28.15,26.26,28.19,26.37,497
1814,VIVIANA.NS,817.85,844.35,35.17K,Industrial Services,Engineering & Construction,50.0,87.0,69.0,55.0,46.8714,46.5036,26.77K,62.38K,1860.0,565.0,8.28B,No,750.4,734.64,751.59,742.49,771.86,496
1815,BFINVEST.NS,427.1,426.0,7.05K,Finance,Financial Conglomerates,50.0,46.0,30.0,60.0,9.8143,9.4321,154.84K,13.32K,584.7,315.0,16.09B,No,438.5,450.58,422.46,448.84,432.76,496
1816,AXENTRA.BO,292.7,292.7,63.09K,Finance,Real Estate Development,50.0,52.0,33.0,12.0,0.6321,0.4214,1.40K,9.65K,371.85,245.75,5.77B,No,297.73,304.06,337.83,302.55,326.77,494
1817,EIFFL.NS,261.75,261.85,0.33K,Consumer Non-Durables,Food: Specialty/Candy,50.0,64.0,15.0,57.0,5.3857,3.925,8.33K,1.21K,381.96,204.98,6.49B,No,267.19,274.15,263.22,272.21,269.19,496
1818,NIVABUPA.NS,77.65,77.83,886.71K,Finance,Life/Health Insurance,50.0,54.0,35.0,53.0,2.9586,2.8443,1667.24K,3404.00K,91.4,67.5,143.62B,No,77.83,81.22,79.6,80.08,80.8,471
1819,CBPL.BO,38.2,42.37,66.00K,Distribution Services,Medical Distributors,50.0,6.0,46.0,59.0,1.4036,0.64,2.53K,1.55K,52.99,29.7,288.22M,No,47.04,47.21,40.58,47.83,40.54,495
1820,HEALTHX.NS,291.25,292.9,2.56K,Retail Trade,Internet Retail,50.0,54.0,36.0,57.0,14.4893,14.1036,7.46K,13.31K,363.0,252.5,9.26B,No,291.73,297.16,296.33,295.9,295.57,496
1821,LEAPIND.NS,139.93,141.42,1566.70K,Transportation,Air Freight/Couriers,50.0,44.0,,,6.2771,6.08,8362.88K,1607.65K,172.29,128.55,61.64B,No,140.91,,,,,39
1822,SUNLOC.NS,66.0,72.5,0.11K,Health Technology,Pharmaceuticals: Major,50.0,6.0,,,3.1321,2.48,0.43K,0.25K,82.0,66.0,,No,71.89,,,,,37
1823,PORWAL.BO,54.33,54.1,6.21K,Producer Manufacturing,Auto Parts: Oem,50.0,79.0,47.0,51.0,4.2129,4.1707,18.51K,72.78K,70.88,42.3,820.38M,No,55.13,54.2,53.72,54.37,52.76,495
1824,KIRLOSIND.NS,3512.3,3473.1001,2.88K,Non-Energy Minerals,Steel,49.0,50.0,24.0,66.0,110.1714,109.8857,18.36K,5.49K,4574.8,2463.0,36.93B,No,3623.0,3703.12,3356.59,3675.49,3465.05,497
1825,SKMEGGPROD.NS,206.97,207.1,102.03K,Process Industries,Agricultural Commodities/Milling,49.0,5.0,2.0,66.0,9.6593,9.555,516.59K,179.96K,372.0,143.1,,No,221.19,241.08,215.68,237.19,226.97,497
1826,SBIN.NS,959.1,940.0,6048.89K,Finance,Regional Banks,49.0,48.0,41.0,28.0,16.2107,15.8822,9324.40K,10253.51K,1234.7,861.3,8853.09B,No,974.92,1018.09,1040.86,1016.53,1023.73,497
1827,SSMD.BO,61.0,58.15,5.00K,Consumer Non-Durables,Food: Major Diversified,49.0,59.0,53.0,50.0,2.1536,1.4936,3.39K,1.89K,80.45,30.1,528.63M,No,59.68,60.07,58.11,60.17,61.92,211
1828,HINDMILL.BO,158.0,154.9,0.03K,Process Industries,Textiles,49.0,86.0,58.0,50.0,9.7571,9.3929,0.51K,0.34K,188.7,127.7,263.00M,No,153.69,154.25,163.05,153.84,158.07,494
1829,CAPRO.BO,46.01,47.76,0.10K,Commercial Services,Miscellaneous Commercial Services,49.0,52.0,36.0,47.0,0.4179,0.2514,0.33K,0.06K,81.0,37.1,211.65M,No,47.48,46.45,53.02,46.55,47.91,493
1830,SUPREMEIND.NS,3474.8,3462.0,178.47K,Producer Manufacturing,Miscellaneous Manufacturing,49.0,60.0,67.0,31.0,102.5143,99.9786,186.39K,165.85K,4282.4,3140.0,441.58B,No,3450.04,3503.6,3574.62,3510.43,3544.53,497
1831,TULSYAN.BO,30.7,29.64,0.10K,Non-Energy Minerals,Steel,49.0,86.0,81.0,23.0,1.725,1.4721,4.69K,4.28K,49.35,17.1,511.67M,No,29.76,30.2,31.07,29.84,31.76,495
1832,JAIPURKURT.NS,29.59,32.4,120.12K,Consumer Non-Durables,Apparel/Footwear,49.0,90.0,68.0,44.0,2.025,1.99,27.59K,45.22K,42.74,23.91,564.89M,No,26.15,26.52,30.24,26.57,28.4,495
1833,SUPRAJIT.NS,457.65,470.85,103.70K,Producer Manufacturing,Auto Parts: Oem,49.0,54.0,35.0,55.0,15.2714,14.6857,113.33K,60.01K,559.25,389.95,62.78B,No,481.47,497.6,458.71,495.11,465.73,497
1834,AUTOPINS.BO,172.5,165.5,0.01K,Producer Manufacturing,Metal Fabrication,49.0,97.0,26.0,38.0,6.4571,3.3,0.20K,0.00K,234.7,105.3,984.47M,No,169.35,141.39,163.86,143.52,172.61,494
1835,CARERATING.NS,1544.2,1542.3,21.70K,Commercial Services,Financial Publishing/Services,49.0,23.0,44.0,41.0,39.5571,39.3,52.16K,42.32K,1838.0,1392.7,46.53B,No,1622.36,1671.29,1634.9,1665.49,1645.37,496
1836,NTPCGREEN.NS,92.6,90.8,3993.17K,Utilities,Alternative Power Generation,49.0,80.0,57.0,37.0,2.9386,2.8536,4648.10K,2462.64K,119.95,84.0,780.28B,No,90.6,90.68,95.19,90.77,97.09,464
1837,EXCELINDUS.NS,923.6,918.7,6.77K,Process Industries,Chemicals: Agricultural,49.0,38.0,62.0,46.0,27.8822,27.8464,29.32K,14.54K,1168.0,800.05,11.61B,No,945.7,998.27,946.17,990.72,951.6,496
1838,BIRET.BO,325.27,322.81,8.68K,Finance,Real Estate Investment Trusts,49.0,48.0,51.0,40.0,4.9472,4.8107,49.33K,33.90K,376.5,311.26,269.94B,No,334.99,339.84,336.08,338.61,331.53,495
1839,KRT.BO,112.56,111.98,22.55K,Finance,Real Estate Investment Trusts,49.0,66.0,54.0,42.0,1.2093,1.2093,236.11K,202.82K,129.49,108.0,499.14B,No,113.12,114.36,117.76,114.1,115.56,283
1840,ENKEIWHEL.NS,393.85,390.1,0.38K,Producer Manufacturing,Auto Parts: Oem,49.0,66.0,,,15.8536,15.225,2.81K,1.68K,425.0,372.0,,No,392.78,,,,,37
1841,SUPERBAK.BO,31.0,31.01,0.00K,Process Industries,Agricultural Commodities/Milling,49.0,5.0,41.0,54.0,1.8036,1.35,0.20K,0.29K,43.11,28.4,93.67M,No,33.84,33.51,32.37,33.74,32.63,496
1842,IECEDU.BO,23.89,23.89,5.31K,Commercial Services,Miscellaneous Commercial Services,49.0,11.0,69.0,44.0,2.7479,2.6843,18.32K,16.55K,43.38,19.5,364.56M,No,25.1,23.97,25.15,24.43,24.65,495
1843,CHEMCRUX.NS,83.74,86.03,8.05K,Process Industries,Chemicals: Major Diversified,49.0,70.0,,,4.2679,4.2343,5.66K,10.21K,91.45,76.3,1.24B,No,80.86,,,,,37
1844,BEDMUTHA.NS,109.99,108.5,2.20K,Non-Energy Minerals,Steel,49.0,74.0,62.0,39.0,5.4493,5.2986,4.31K,6.70K,144.0,94.55,3.55B,No,106.47,108.86,113.78,109.34,109.96,496
1845,MODWOOL.BO,60.0,60.0,0.13K,Process Industries,Textiles,49.0,7.0,65.0,30.0,0.0114,0.0,0.01K,0.01K,74.75,51.6,54.60M,No,61.02,64.68,63.48,64.76,62.38,493
1846,PANCM.BO,105.15,108.0,0.09K,Non-Energy Minerals,Construction Materials,49.0,13.0,78.0,40.0,6.6464,5.2714,0.27K,0.30K,149.9,88.5,843.45M,No,113.6,113.55,116.5,111.49,110.0,495
1847,ALKEM.NS,5279.0,5249.5,96.05K,Health Technology,Pharmaceuticals: Major,49.0,74.0,43.0,46.0,128.25,124.1786,143.76K,163.06K,5933.5,5051.0,631.18B,No,5263.07,5359.9,5477.68,5326.0,5409.3,496
1848,RICOAUTO.NS,115.18,117.88,793.60K,Producer Manufacturing,Auto Parts: Oem,49.0,15.0,28.0,44.0,4.71,4.655,1725.09K,741.21K,157.99,78.92,15.58B,No,126.36,131.47,125.66,130.71,126.69,497
1849,ACML.BO,35.88,30.55,1.00K,Retail Trade,Food Retail,49.0,87.0,77.0,44.0,1.2043,0.2214,1.40K,2.70K,56.0,29.5,525.06M,No,33.05,32.74,34.52,33.2,33.46,496
1850,HEXATRADEX.NS,157.02,155.1,2.42K,Distribution Services,Wholesale Distributors,49.0,68.0,58.0,38.0,5.0943,5.0871,3.58K,2.43K,180.55,147.26,8.67B,No,156.63,158.05,160.7,157.96,160.45,496
1851,BNRUDY.BO,37.0,38.99,0.07K,Commercial Services,Miscellaneous Commercial Services,49.0,58.0,65.0,63.0,2.0143,1.7821,1.22K,0.30K,50.13,28.0,111.00M,No,37.54,37.72,35.89,37.72,34.05,495
1852,ASPINWALL.NS,234.98,241.52,14.73K,Transportation,Air Freight/Couriers,49.0,35.0,50.0,57.0,10.1986,10.1986,3.25K,5.03K,299.8,200.25,1.84B,No,247.75,247.79,234.7,248.56,239.34,496
1853,RELICTEC.BO,70.4,63.51,0.07K,Finance,Finance/Rental/Leasing,49.0,69.0,67.0,33.0,6.7579,5.7557,0.62K,0.83K,91.45,52.02,393.62M,No,69.11,68.26,71.09,68.71,68.46,496
1854,DFL.BO,39.75,40.0,3.06K,Finance,Financial Conglomerates,49.0,86.0,76.0,23.0,1.4836,1.3864,2.79K,8.55K,61.9,34.25,139.12M,No,39.64,38.9,43.54,38.85,41.9,494
1855,BEMHY.BO,93.04,95.49,6.01K,Producer Manufacturing,Industrial Machinery,49.0,11.0,45.0,60.0,6.0029,5.9243,12.96K,7.13K,146.0,59.99,4.07B,No,101.05,105.51,92.78,105.02,94.59,496
1856,JAIBALAJI.NS,68.4,68.61,991.04K,Non-Energy Minerals,Steel,49.0,71.0,66.0,58.0,2.8,2.6764,702.52K,620.15K,99.04,53.65,62.40B,No,64.64,65.96,67.82,66.34,67.47,497
1857,NAM.BO,78.5,78.85,0.08K,Finance,Investment Banks/Brokers,49.0,40.0,48.0,35.0,2.4864,1.5264,0.10K,0.02K,105.97,67.65,423.27M,No,77.33,84.58,82.8,82.24,82.83,493
1858,DOLFIN.BO,171.4,168.6,0.91K,Consumer Durables,Automotive Aftermarket,49.0,68.0,61.0,39.0,5.725,5.6286,3.78K,1.53K,199.95,160.0,1.72B,No,171.76,169.71,172.8,170.85,171.74,495
1859,ISTLTD.NS,625.7,628.25,0.58K,Producer Manufacturing,Auto Parts: Oem,49.0,53.0,,,30.5929,28.4286,0.72K,0.56K,749.95,585.0,7.30B,No,649.02,,,,,37
1860,NUTRICIRCLE.BO,264.6,270.0,0.00K,Health Technology,Pharmaceuticals: Generic,49.0,60.0,36.0,6.0,0.3857,0.0,0.04K,0.04K,411.4,186.7,2.94B,No,269.73,261.99,319.68,261.07,288.29,494
1861,HIGHENE.BO,552.1,549.7,4.28K,Producer Manufacturing,Electrical Products,49.0,38.0,43.0,38.0,23.5357,23.5357,10.81K,5.65K,675.0,470.0,4.95B,No,587.0,585.11,567.38,588.63,572.55,495
1862,CHALET.NS,820.9,825.55,89.64K,Consumer Services,Hotels/Resorts/Cruise Lines,48.0,31.0,55.0,55.0,28.5536,28.55,169.40K,215.98K,989.0,691.35,,No,854.07,858.99,821.73,862.01,811.61,497
1863,LIBORD.BO,18.06,18.06,1.00K,Finance,Investment Banks/Brokers,48.0,21.0,36.0,61.0,0.1564,0.0,0.25K,0.08K,28.63,15.31,90.30M,No,19.3,19.81,18.43,19.73,18.81,496
1864,HALDER.NS,239.76,257.82,24.20K,Distribution Services,Food Distributors,48.0,5.0,64.0,42.0,21.8221,21.5493,24.22K,15.07K,319.0,210.0,2.98B,No,262.71,273.92,,272.74,251.06,179
1865,SUGALDAM.BO,65.14,65.14,0.00K,Commercial Services,Miscellaneous Commercial Services,48.0,73.0,72.0,52.0,2.6057,2.2893,1.58K,0.95K,117.7,51.25,407.13M,No,66.37,64.97,63.93,65.27,62.65,495
1866,WARRENTEA.BO,43.58,42.92,1.57K,Process Industries,Agricultural Commodities/Milling,48.0,45.0,43.0,63.0,2.0457,1.87,1.94K,1.01K,53.8,33.3,520.82M,No,44.99,46.4,43.51,45.99,43.86,495
1867,CILSEC.BO,38.43,37.34,1.32K,Finance,Investment Banks/Brokers,48.0,55.0,70.0,44.0,3.8586,3.74,1.16K,2.15K,54.77,32.5,192.15M,No,36.91,37.03,38.65,37.11,37.48,495
1868,UCIL.BO,104.0,100.0,6.12K,Finance,Investment Banks/Brokers,48.0,72.0,17.0,62.0,2.8393,2.3929,7.83K,4.25K,129.51,61.0,4.60B,No,101.93,102.86,100.36,103.51,101.29,496
1869,GUJTERC.BO,36.2,35.65,0.65K,Health Technology,Pharmaceuticals: Major,48.0,19.0,71.0,58.0,2.2014,1.7793,3.73K,1.69K,59.78,29.0,282.05M,No,37.75,38.38,38.33,38.73,36.4,495
1870,TALBROSENG.BO,622.3,629.85,1.39K,Non-Energy Minerals,Steel,48.0,61.0,33.0,42.0,23.65,23.65,2.35K,1.58K,766.0,560.5,3.16B,No,635.3,639.96,653.0,632.51,657.91,495
1871,NATHIND.BO,52.5,50.05,0.01K,Process Industries,Pulp & Paper,48.0,79.0,78.0,48.0,3.0014,2.6871,3.12K,2.04K,78.95,42.0,997.50M,No,51.1,50.27,52.76,50.39,50.21,495
1872,FMGOETZE.NS,443.2,434.85,139.69K,Producer Manufacturing,Industrial Machinery,48.0,44.0,55.0,45.0,16.8036,16.65,1301.25K,159.63K,641.1,358.0,24.66B,No,449.92,483.66,450.92,480.23,456.57,496
1873,CLEAN.NS,794.4,796.8,149.14K,Process Industries,Chemicals: Specialty,48.0,51.0,65.0,57.0,24.5286,23.8821,387.48K,237.49K,1097.2,652.0,84.43B,No,816.05,814.7,791.01,821.34,783.27,497
1874,SHETR.BO,101.25,102.5,1.14K,Process Industries,Containers/Packaging,48.0,60.0,75.0,44.0,3.375,3.1857,6.48K,1.62K,142.9,83.8,911.58M,No,100.41,101.9,104.16,100.43,99.02,495
1875,DAICHI.NS,309.95,321.95,0.66K,Process Industries,Chemicals: Specialty,48.0,9.0,,,14.8964,14.3643,3.81K,0.89K,380.0,298.1,,No,323.38,,,,,37
1876,KGPETRO.BO,194.95,191.0,0.01K,Process Industries,Textiles,48.0,95.0,76.0,21.0,6.7,3.5107,0.04K,0.02K,284.0,152.9,1.02B,No,179.28,175.49,195.44,175.97,186.79,495
1877,ZYDUSWELL.NS,490.7,495.8,72.82K,Consumer Non-Durables,Food: Major Diversified,48.0,17.0,19.0,47.0,16.7357,16.6107,414.72K,157.28K,611.85,367.55,156.12B,No,521.4,525.47,488.27,517.2,515.0,497
1878,HONAUT.NS,32495.0,32465.0,2.19K,Electronic Technology,Electronic Equipment/Instruments,48.0,37.0,24.0,67.0,912.1429,902.1429,4.92K,5.24K,41495.0,26220.0,287.49B,No,33834.5,35626.1,33731.55,35395.0,34330.0,496
1879,KCPSUGIND.NS,23.65,23.93,261.02K,Process Industries,Agricultural Commodities/Milling,48.0,1.0,72.0,37.0,1.3693,1.3521,444.83K,193.95K,36.47,21.45,2.70B,No,28.09,30.34,25.64,30.05,26.33,496
1880,KAIRA.BO,1427.0,1435.85,0.02K,Process Industries,Containers/Packaging,48.0,48.0,29.0,70.0,45.9929,39.825,0.28K,0.20K,1768.8,1120.0,1.32B,No,1391.72,1501.35,1449.9,1493.7,1460.59,496
1881,SUNRAKSHAK.NS,360.4,353.8,12.49K,Process Industries,Textiles,48.0,54.0,,,9.9679,9.9357,7.71K,7.15K,382.4,350.0,,No,363.68,,,,,37
1882,WIREFABR.BO,154.4,162.35,0.05K,Process Industries,Textiles,48.0,49.0,75.0,51.0,2.0679,0.9321,0.17K,0.00K,244.95,118.75,471.88M,No,164.45,151.54,152.57,154.9,149.32,495
1883,SPCAPIT.BO,51.52,51.52,0.40K,Finance,Investment Banks/Brokers,48.0,49.0,57.0,29.0,2.8721,2.8086,0.64K,0.90K,72.0,47.5,309.75M,No,53.48,52.42,55.38,52.42,54.39,495
1884,TREL.NS,25.77,25.75,45.49K,Finance,Real Estate Development,48.0,55.0,62.0,46.0,1.7814,1.7814,146.42K,107.37K,32.0,21.47,6.33B,No,27.46,26.77,25.91,27.1,26.2,496
1885,ARTSON.BO,154.05,158.0,13.77K,Producer Manufacturing,Industrial Machinery,48.0,32.0,55.0,50.0,9.3643,9.3393,10.19K,12.45K,227.5,125.3,5.69B,No,162.23,158.3,153.24,159.19,159.16,495
1886,QGO.BO,40.37,41.0,1.14K,Finance,Financial Conglomerates,48.0,72.0,51.0,44.0,2.4579,2.3057,2.32K,2.29K,53.45,35.0,280.68M,No,39.47,40.22,41.34,39.89,40.92,495
1887,VBL.NS,441.0,432.0,2906.43K,Consumer Non-Durables,Beverages: Non-Alcoholic,48.0,85.0,41.0,51.0,10.0821,9.8286,6498.94K,5841.78K,555.8,381.0,1491.68B,No,427.58,427.98,464.17,426.82,463.06,497
1888,RAP.BO,34.79,33.23,0.05K,Finance,Real Estate Development,48.0,89.0,64.0,44.0,3.4079,3.3757,2.96K,2.54K,49.1,23.45,204.60M,No,32.2,34.94,35.73,34.22,35.98,495
1889,BIZOTIC.BO,109.8,115.3,37.20K,Consumer Non-Durables,Apparel/Footwear,48.0,93.0,63.0,6.0,6.7514,5.6129,70.06K,51.12K,175.5,73.33,6.35B,No,115.17,107.57,133.25,107.61,121.03,497
1890,LUDLOWJUT.BO,302.65,305.6,0.94K,Process Industries,Textiles,48.0,12.0,17.0,67.0,14.225,14.225,3.38K,1.94K,412.0,162.0,3.26B,No,316.59,335.58,292.25,332.15,318.43,495
1891,ACGL.NS,1676.4,1690.1,0.47K,Producer Manufacturing,Auto Parts: Oem,48.0,43.0,,,62.2786,61.2857,0.79K,0.82K,1961.9,1605.0,,No,1712.45,,,,,37
1892,SOLIMAC.BO,93.77,89.16,0.01K,Producer Manufacturing,Industrial Machinery,48.0,79.0,67.0,55.0,3.9886,3.6157,4.04K,1.26K,141.0,72.2,425.92M,No,90.9,95.55,98.01,93.92,95.32,495
1893,POONAWALLA.NS,447.3,437.9,1355.34K,Finance,Finance/Rental/Leasing,48.0,62.0,45.0,56.0,15.0929,14.4929,1241.18K,1032.62K,544.8,361.2,391.79B,No,451.79,467.14,442.1,468.24,438.24,497
1894,HBSL.NS,57.4,54.44,0.14K,Finance,Investment Banks/Brokers,48.0,82.0,76.0,53.0,2.9414,2.9029,3.49K,2.86K,108.8,42.63,409.70M,No,55.05,54.72,57.33,55.32,54.79,497
1895,AZTEC.BO,92.87,92.85,2.00K,Producer Manufacturing,Industrial Machinery,48.0,54.0,54.0,44.0,1.8093,0.9121,14.35K,3.30K,128.0,83.0,1.26B,No,93.43,95.67,98.4,95.39,96.05,495
1896,MRP.BO,91.0,88.06,21.00K,Distribution Services,Food Distributors,48.0,72.0,52.0,43.0,1.5236,0.9779,7.63K,5.70K,103.0,77.7,1.05B,No,90.03,89.83,90.96,90.09,90.23,495
1897,LAKSELEC.BO,783.5,778.5,1.40K,Producer Manufacturing,Electrical Products,48.0,54.0,41.0,46.0,23.2214,22.2893,1.58K,0.41K,924.95,646.1,1.93B,No,788.35,803.18,789.37,805.98,806.02,495
1898,BERGEPAINT.NS,471.9,467.95,203.20K,Process Industries,Industrial Specialties,48.0,62.0,48.0,56.0,11.6286,11.1464,391.10K,389.62K,594.55,391.1,550.24B,No,456.93,493.49,488.32,487.9,488.78,497
1899,BENGALASM.NS,5961.5,5901.5,0.33K,Consumer Durables,Automotive Aftermarket,47.0,51.0,,,215.8214,210.6429,0.76K,0.68K,6700.0,5421.0,67.98B,No,6117.3,,,,,37
1900,JAYSREETEA.NS,81.95,82.32,15.27K,Process Industries,Agricultural Commodities/Milling,47.0,14.0,56.0,44.0,3.1771,3.1457,82.51K,29.52K,112.7,70.55,2.37B,No,87.6,91.28,86.47,91.59,87.4,496
1901,ABMINTLLTD.NS,39.5,40.96,3.14K,Industrial Services,Engineering & Construction,47.0,1.0,54.0,26.0,1.025,0.6436,2.71K,0.49K,72.8,34.0,371.62M,No,46.76,50.62,44.84,50.45,45.81,496
1902,EBIX.NS,16.28,16.82,70.08K,Distribution Services,Wholesale Distributors,47.0,6.0,,,0.975,0.97,58.62K,34.78K,22.83,16.02,,No,18.04,,,,,37
1903,CSURGSU.BO,85.55,90.0,0.05K,Health Technology,Medical Specialties,47.0,58.0,71.0,42.0,3.3036,1.5336,0.13K,0.13K,124.9,73.04,312.11M,No,98.26,92.09,90.36,93.17,88.23,495
1904,SUNDRMBRAK.NS,669.25,669.7,0.59K,Producer Manufacturing,Auto Parts: Oem,47.0,32.0,26.0,67.0,27.8321,25.0143,1.66K,1.32K,920.0,460.0,2.63B,No,685.8,747.74,683.42,740.08,702.69,497
1905,BLUEJET.NS,514.6,518.55,190.64K,Health Technology,Pharmaceuticals: Major,47.0,19.0,18.0,79.0,19.5679,19.5036,764.22K,360.95K,692.9,325.0,89.27B,No,556.53,575.97,490.0,569.29,507.21,497
1906,VRAJ.NS,120.1,119.85,7.34K,Non-Energy Minerals,Steel,47.0,64.0,64.0,44.0,4.355,4.355,41.76K,11.54K,152.57,93.0,3.96B,No,124.34,123.61,124.1,123.62,122.72,497
1907,SWELECTES.NS,618.05,581.6,169.41K,Producer Manufacturing,Electrical Products,47.0,82.0,50.0,63.0,31.7429,31.5036,25.75K,32.82K,977.0,483.1,9.60B,No,579.71,601.31,598.53,598.08,612.5,496
1908,KRITINUT.NS,72.33,72.26,8.87K,Process Industries,Agricultural Commodities/Milling,47.0,18.0,45.0,56.0,3.7886,3.7264,18.43K,29.23K,102.99,51.36,3.62B,No,76.19,81.19,78.21,81.02,80.91,496
1909,STEELCITY.NS,81.42,79.97,3.05K,Finance,Investment Banks/Brokers,47.0,60.0,66.0,45.0,2.8214,2.7221,22.25K,5.44K,103.0,71.26,1.23B,No,83.92,83.31,82.45,83.74,80.54,496
1910,AIAENG.NS,3737.7,3742.8999,25.68K,Producer Manufacturing,Industrial Machinery,47.0,17.0,13.0,47.0,108.5857,107.8357,57.52K,63.25K,5180.0,3186.0,,No,3903.44,4215.06,4125.93,4162.45,4197.79,496
1911,JUNIPER.NS,214.58,215.33,63.83K,Consumer Services,Hotels/Resorts/Cruise Lines,47.0,67.0,72.0,45.0,6.075,6.075,247.18K,96.58K,285.75,188.5,47.74B,No,217.87,210.06,213.62,212.06,205.35,497
1912,MANAKSIA.NS,57.36,56.82,24.30K,Non-Energy Minerals,Steel,47.0,9.0,59.0,50.0,2.9957,2.94,53.71K,42.41K,73.4,42.1,3.76B,No,62.83,60.52,59.59,61.23,58.39,497
1913,PHOSPHATE.BO,137.0,144.0,0.03K,Process Industries,Chemicals: Agricultural,47.0,62.0,43.0,39.0,2.6357,1.5,0.59K,1.27K,160.0,130.1,494.22M,No,140.85,139.02,141.98,139.41,143.24,493
1914,AUROLAB.BO,236.6,231.1,1.22K,Health Technology,Pharmaceuticals: Major,47.0,34.0,49.0,25.0,13.0536,13.0179,4.36K,3.13K,317.0,159.0,1.47B,No,243.16,240.92,254.44,242.32,252.8,495
1915,ASHSI.BO,22.78,22.79,0.14K,Non-Energy Minerals,Steel,47.0,44.0,69.0,57.0,1.4457,1.42,1.88K,1.29K,32.45,17.0,284.75M,No,22.8,22.91,24.22,23.0,23.21,495
1916,HIKAL.NS,213.66,212.21,292.77K,Health Technology,Pharmaceuticals: Major,47.0,14.0,29.0,70.0,10.7993,10.7921,1506.92K,552.86K,261.0,146.25,26.34B,No,221.14,219.85,205.9,218.76,205.19,496
1917,IDBI.NS,83.09,83.18,6712.16K,Finance,Major Banks,47.0,75.0,60.0,61.0,2.5593,2.5471,13168.45K,10958.59K,118.38,61.01,893.42B,No,83.7,85.03,87.23,85.27,79.75,497
1918,KICL.NS,4820.6,4692.0,0.66K,Finance,Financial Conglomerates,47.0,41.0,28.0,54.0,160.1928,151.9786,1.54K,1.53K,6554.9,4011.0,21.04B,No,4876.91,5139.8,4976.88,5129.03,5031.44,496
1919,SHAYONAENG.BO,135.35,133.35,2.00K,Producer Manufacturing,Industrial Machinery,47.0,41.0,45.0,42.0,3.35,2.2357,3.54K,2.50K,166.0,119.0,526.82M,No,139.47,139.76,,139.73,137.33,169
1920,SURYALAXMI.NS,55.5,55.6,2.12K,Process Industries,Textiles,47.0,48.0,48.0,49.0,2.4014,2.2729,5.20K,3.03K,67.7,43.0,1.04B,No,57.0,58.13,57.41,57.52,57.5,496
1921,GRANDOAK.NS,37.62,36.0,12.61K,Finance,Finance/Rental/Leasing,47.0,86.0,,,2.4379,2.3307,4.42K,3.27K,40.99,32.57,19.52B,No,34.96,,,,,37
1922,ZOTA.NS,1324.1,1322.4,27.31K,Health Technology,Pharmaceuticals: Major,47.0,92.0,43.0,56.0,72.9357,72.3786,93.00K,81.84K,1740.0,1022.0,45.86B,No,1257.17,1193.79,1271.77,1186.87,1237.71,496
1923,MPHASIS.NS,2360.0,2303.3999,753.74K,Technology Services,Packaged Software,47.0,69.0,63.0,45.0,67.0071,64.7571,517.87K,581.48K,2975.0,2013.0,450.45B,No,2277.41,2375.12,2395.94,2376.66,2299.72,497
1924,ADVLIFE.BO,26.16,26.7,3.00K,Producer Manufacturing,Industrial Machinery,47.0,60.0,28.0,29.0,0.7286,0.5657,0.61K,0.40K,34.0,20.05,162.87M,No,27.69,28.6,27.41,28.45,28.96,494
1925,BANKINDIA.NS,134.46,132.35,7400.64K,Finance,Major Banks,47.0,49.0,42.0,31.0,3.5193,3.1714,6856.23K,7211.03K,178.36,122.2,612.15B,No,135.57,139.78,146.87,140.28,142.46,497
1926,BMWVENTLTD.NS,57.95,49.72,1739.11K,Distribution Services,Wholesale Distributors,47.0,82.0,57.0,44.0,2.2993,2.2707,91.09K,78.36K,73.2,48.0,5.03B,No,51.78,54.97,57.59,55.36,57.84,253
1927,APOLSINHOT.NS,1137.4,1159.1,0.32K,Consumer Services,Hotels/Resorts/Cruise Lines,47.0,43.0,46.0,57.0,33.7643,33.7643,2.09K,0.77K,1440.0,950.0,2.96B,No,1191.83,1205.22,1205.89,1199.54,1183.52,496
1928,POLYLINK.BO,20.25,19.74,9.09K,Process Industries,Chemicals: Specialty,47.0,26.0,53.0,48.0,1.3264,1.2743,6.46K,3.39K,26.0,14.52,447.76M,No,22.22,22.29,20.4,22.19,20.84,495
1929,FRONTCORP.BO,32.03,33.71,0.01K,Distribution Services,Wholesale Distributors,47.0,44.0,28.0,69.0,1.3857,0.885,0.24K,0.23K,42.48,25.05,160.15M,No,34.07,33.78,33.4,33.7,33.66,493
1930,RDBRL.BO,157.25,157.6,2.51K,Process Industries,Containers/Packaging,47.0,46.0,59.0,35.0,5.4893,5.4893,9.36K,6.65K,192.0,138.25,2.79B,No,162.26,165.19,163.93,165.74,160.33,495
1931,INDOCO.NS,230.7,236.9,210.81K,Health Technology,Pharmaceuticals: Major,47.0,44.0,33.0,64.0,13.2579,12.9643,1058.24K,2460.32K,317.35,162.19,21.26B,No,251.19,239.44,222.51,242.78,227.23,497
1932,GAGAN.BO,19.49,19.99,0.93K,Process Industries,Industrial Specialties,47.0,50.0,59.0,52.0,1.605,1.5686,3.31K,1.16K,37.69,11.9,88.07M,No,19.81,19.82,20.5,19.86,19.96,495
1933,MENNPIS.NS,67.94,69.99,35.61K,Producer Manufacturing,Auto Parts: Oem,47.0,4.0,,,2.2857,2.2486,66.46K,15.73K,85.8,67.5,,No,72.81,,,,,37
1934,LAGNAM.NS,73.49,71.14,0.47K,Process Industries,Textiles,47.0,64.0,37.0,56.0,3.4029,3.3979,11.61K,2.94K,95.9,58.6,1.30B,No,72.77,76.58,75.76,75.57,77.18,496
1935,GPTHEALTH.NS,139.62,140.12,83.50K,Health Services,Hospital/Nursing Management,46.0,14.0,32.0,50.0,5.9579,5.8793,149.99K,87.00K,175.0,115.0,11.46B,No,156.08,156.58,142.7,155.41,147.57,496
1936,MDRC.BO,64.68,66.75,3.20K,Health Services,Medical/Nursing Services,46.0,95.0,85.0,27.0,4.09,3.5121,24.08K,12.32K,100.0,45.0,976.62M,No,75.31,60.69,,63.31,62.82,186
1937,LOYALTEX.NS,203.89,206.55,0.51K,Process Industries,Textiles,46.0,27.0,65.0,49.0,10.4143,9.8943,1.72K,0.46K,333.99,170.04,982.03M,No,211.14,213.29,212.95,213.72,209.36,496
1938,IONEXCHANG.NS,390.75,392.15,121.64K,Producer Manufacturing,Industrial Machinery,46.0,27.0,20.0,54.0,13.8321,13.6143,709.95K,196.18K,486.0,312.7,,No,419.29,401.54,385.03,399.92,393.01,496
1939,KEYCORP.BO,68.83,67.37,0.09K,Finance,Finance/Rental/Leasing,46.0,57.0,81.0,53.0,5.6507,5.5314,1.36K,0.96K,118.7,56.3,412.98M,No,71.08,73.75,74.77,74.6,71.34,495
1940,TEAMGTY.NS,243.02,235.75,1.63K,Finance,Financial Conglomerates,46.0,77.0,66.0,26.0,7.255,7.2479,3.02K,0.37K,332.55,210.0,2.19B,No,237.81,233.36,250.67,235.19,243.25,496
1941,SILGO.NS,70.42,69.75,54.03K,Consumer Durables,Other Consumer Specialties,46.0,63.0,46.0,32.0,2.4671,2.4536,139.38K,44.72K,86.2,61.0,2.25B,No,70.15,70.59,73.92,70.91,73.91,497
1942,ICDSLTD.NS,41.89,43.48,1.81K,Finance,Finance/Rental/Leasing,46.0,0.0,67.0,43.0,3.1114,2.8614,9.10K,1.54K,77.69,36.4,545.69M,No,54.16,49.27,44.69,50.01,45.54,496
1943,VIMTALABS.NS,537.45,553.0,133.41K,Commercial Services,Miscellaneous Commercial Services,46.0,11.0,48.0,69.0,22.3464,21.9,392.61K,139.45K,738.1,376.05,24.02B,No,594.18,617.17,532.51,610.5,541.38,497
1944,SANDHAR.NS,530.3,534.15,109.55K,Consumer Durables,Motor Vehicles,46.0,9.0,12.0,57.0,19.5286,19.0893,204.37K,109.02K,763.2,424.0,32.00B,No,579.81,617.08,576.04,613.55,595.03,497
1945,CHRTEDCA.BO,254.0,250.0,0.01K,Finance,Investment Banks/Brokers,46.0,66.0,53.0,28.0,8.2536,7.5286,0.07K,0.08K,439.0,225.0,764.95M,No,247.7,261.78,263.67,260.04,262.97,495
1946,POLSON.BO,10500.0,10500.0,0.01K,Process Industries,Chemicals: Specialty,46.0,45.0,59.0,35.0,93.6643,13.7428,0.01K,0.00K,12370.0,9530.0,1.26B,No,10795.58,11187.57,11179.13,11211.43,11073.07,495
1947,ARCL.NS,221.6,221.87,0.64K,Process Industries,Chemicals: Specialty,46.0,63.0,,,16.1743,16.1293,2.24K,2.56K,280.7,211.5,1.77B,No,245.05,,,,,37
1948,PANCHMAHQ.NS,271.9,269.0,0.01K,Non-Energy Minerals,Steel,46.0,41.0,,,17.8786,15.9071,0.20K,0.14K,339.0,253.95,5.19B,No,290.91,,,,,37
1949,MARGOFIN.BO,65.4,61.23,0.26K,Finance,Financial Conglomerates,46.0,74.0,65.0,38.0,2.6686,2.5079,1.22K,0.77K,87.9,54.0,298.88M,No,64.08,65.37,66.05,65.5,66.1,495
1950,FEDFINA.NS,146.39,145.31,608.13K,Finance,Finance/Rental/Leasing,46.0,25.0,40.0,49.0,4.4236,4.3779,1308.38K,903.37K,178.48,119.07,54.92B,No,151.59,153.66,149.23,153.94,151.09,497
1951,ARROWHEAD.BO,68.2,70.0,4.80K,Process Industries,Containers/Packaging,46.0,38.0,55.0,36.0,1.6429,1.1036,0.43K,0.53K,90.0,67.0,127.62M,No,72.78,72.26,71.76,72.68,71.56,495
1952,DHANFAB.BO,53.04,53.3,0.00K,Process Industries,Textiles,46.0,73.0,63.0,33.0,0.0371,0.0,0.04K,0.00K,66.0,46.81,455.14M,No,53.04,51.84,53.82,52.16,52.22,495
1953,KIRLOSBROS.NS,1690.1,1667.2,37.48K,Producer Manufacturing,Industrial Machinery,46.0,30.0,31.0,59.0,62.3286,62.1786,71.79K,119.53K,2189.2,1335.0,134.21B,No,1761.25,1845.83,1714.31,1831.51,1758.19,497
1954,GLOBALLOG.BO,100.05,102.2,3.20K,Transportation,Air Freight/Couriers,46.0,35.0,8.0,21.0,3.6507,2.5493,12.34K,36.32K,172.91,79.2,1.44B,No,102.72,109.46,,107.15,121.21,194
1955,BTTL.NS,38.42,39.0,1.51K,Process Industries,Textiles,46.0,28.0,4.0,,2.2021,2.0621,7.42K,2.62K,58.23,30.0,2.24B,No,40.06,42.47,,41.79,,118
1956,COHANCE.NS,441.0,442.4,460.00K,Health Technology,Pharmaceuticals: Major,46.0,60.0,55.0,81.0,18.0929,18.0929,1115.92K,843.38K,917.85,266.7,168.73B,No,447.86,447.88,414.65,448.56,422.68,497
1957,SAMRATPH.BO,233.15,235.85,3.40K,Process Industries,Chemicals: Specialty,46.0,72.0,40.0,55.0,11.9964,11.5036,1.02K,1.98K,309.95,190.0,720.36M,No,231.45,236.37,224.17,235.43,227.04,495
1958,MANGALAM.NS,31.06,31.48,181.36K,Health Technology,Pharmaceuticals: Major,46.0,82.0,76.0,42.0,2.3064,2.3064,51.41K,40.86K,73.0,22.8,491.63M,No,32.13,30.17,30.73,30.77,29.53,496
1959,HARLETH.BO,59.24,58.9,0.50K,Process Industries,Chemicals: Major Diversified,46.0,74.0,58.0,55.0,2.6814,2.6736,1.05K,0.50K,81.5,50.15,290.78M,No,57.14,59.24,61.28,58.78,62.02,495
1960,KMSUGAR.NS,26.11,25.81,51.47K,Process Industries,Agricultural Commodities/Milling,46.0,12.0,43.0,41.0,2.02,1.6171,340.14K,386.74K,36.5,23.0,2.40B,No,29.07,29.8,27.55,29.79,28.29,497
1961,NUKLEUS.BO,186.0,186.0,0.60K,Finance,Real Estate Development,46.0,48.0,19.0,22.0,2.7857,1.0893,1.75K,0.80K,239.9,153.0,749.95M,No,194.18,201.83,204.86,199.89,206.79,393
1962,HMVL.NS,74.08,75.96,112.57K,Consumer Services,Publishing: Newspapers,46.0,26.0,17.0,61.0,4.6414,4.6036,60.93K,57.42K,108.16,55.2,5.46B,No,76.76,85.54,75.89,83.51,77.9,496
1963,LAHOTIOV.NS,39.99,38.5,1.26K,Process Industries,Textiles,46.0,55.0,,,1.7379,1.6021,9.06K,4.80K,46.95,37.0,1.17B,No,39.85,,,,,37
1964,AJWAFUN.BO,40.95,40.95,0.50K,Consumer Services,Movies/Entertainment,46.0,88.0,32.0,15.0,0.6057,0.3786,0.06K,0.23K,63.5,30.16,261.67M,No,37.77,38.65,42.96,38.23,39.41,493
1965,TRENT.NS,2918.2,2876.3,753.45K,Retail Trade,Apparel/Footwear Retail,46.0,79.0,61.0,60.0,78.5143,63.2071,968.04K,1676.36K,4866.5,2183.67,1556.08B,No,2755.44,2868.47,2840.78,2844.39,2820.14,497
1966,LOGICA.BO,180.9,177.9,21.60K,Retail Trade,Electronics/Appliance Stores,46.0,93.0,75.0,25.0,10.9107,9.8571,18.32K,32.22K,243.55,139.0,3.22B,No,160.83,161.64,182.33,163.27,172.01,495
1967,METROGLOBL.NS,125.87,126.28,0.55K,Distribution Services,Wholesale Distributors,46.0,24.0,47.0,,5.2343,5.0871,3.97K,0.53K,165.0,110.0,1.55B,No,131.91,135.49,,135.32,,118
1968,DSSL.NS,1015.45,1030.1,48.45K,Technology Services,Information Technology Services,46.0,50.0,9.0,46.0,45.3643,44.9214,30.06K,26.24K,1924.8,781.0,12.93B,No,1014.37,1087.73,1116.08,1070.21,1181.74,496
1969,ASSOCIATED.BO,92.4,109.95,1.50K,Process Industries,Industrial Specialties,46.0,7.0,61.0,45.0,3.9321,1.4857,0.43K,0.25K,120.5,72.0,124.92M,No,102.34,104.13,100.96,103.05,99.72,495
1970,CMMHOSP.BO,38.0,38.0,1.10K,Health Services,Hospital/Nursing Management,46.0,61.0,57.0,53.0,1.27,1.0143,1.07K,0.87K,57.48,31.51,283.82M,No,37.82,37.96,39.51,37.96,38.18,495
1971,BARODARY.BO,118.0,118.1,0.23K,Process Industries,Textiles,46.0,48.0,39.0,52.0,4.7643,4.6571,0.97K,0.57K,137.95,100.1,2.70B,No,122.25,124.34,120.19,123.46,123.12,495
1972,ATUL.NS,5882.5,5923.0,11.97K,Process Industries,Chemicals: Agricultural,46.0,39.0,47.0,31.0,129.4643,127.25,49.66K,33.40K,7180.0,5560.5,173.19B,No,6052.98,6384.66,6424.8,6308.7,6497.63,497
1973,PARNAXLAB.NS,115.16,113.07,2.75K,Health Technology,Pharmaceuticals: Major,45.0,32.0,,,9.1236,8.8043,5.52K,6.26K,149.5,104.0,,No,119.42,,,,,37
1974,LIKHAMI.BO,312.2,312.2,0.00K,Commercial Services,Miscellaneous Commercial Services,45.0,82.0,66.0,14.0,0.95,0.0,,,431.0,269.85,3.11B,No,302.22,297.54,328.88,298.89,327.86,495
1975,RUDRA.NS,19.28,19.38,10.00K,Non-Energy Minerals,Steel,45.0,59.0,76.0,51.0,1.0721,1.0721,168.72K,84.59K,29.7,14.63,1.93B,No,19.41,19.87,,20.07,18.97,199
1976,JOINDRE.BO,48.1,46.74,2.61K,Finance,Investment Banks/Brokers,45.0,62.0,35.0,46.0,1.3714,1.2871,3.65K,1.35K,56.1,39.5,665.53M,No,48.02,48.86,47.28,48.9,48.19,495
1977,COFFEEDAY.NS,30.81,30.53,1222.30K,Consumer Services,Restaurants,45.0,24.0,52.0,67.0,1.5714,1.5693,674.17K,1613.65K,44.8,21.0,6.51B,No,30.54,30.69,30.42,30.56,29.6,497
1978,MARCLOIRE.BO,42.99,39.8,1.20K,Retail Trade,Apparel/Footwear Retail,45.0,65.0,70.0,27.0,1.16,0.0486,1.65K,1.08K,83.0,32.0,305.23M,No,39.83,37.63,43.6,38.16,41.44,311
1979,INDSUCR.BO,73.25,73.0,0.85K,Process Industries,Agricultural Commodities/Milling,45.0,33.0,55.0,41.0,3.3071,3.2221,8.75K,6.14K,94.0,61.31,1.27B,No,74.03,77.25,74.77,77.26,75.96,495
1980,BENGALT.BO,137.05,138.35,0.15K,Consumer Non-Durables,Food: Major Diversified,45.0,66.0,49.0,23.0,2.9893,2.8893,0.29K,0.19K,169.0,128.55,1.23B,No,139.25,141.08,146.8,140.03,144.53,495
1981,JUBLPHARMA.NS,931.9,932.2,123.14K,Health Technology,Pharmaceuticals: Major,45.0,40.0,52.0,54.0,37.4679,37.4536,283.66K,296.68K,1184.8,786.05,147.60B,No,1020.15,956.26,954.79,957.9,950.16,497
1982,POLYMED.NS,1587.1,1605.2,87.91K,Health Technology,Medical Specialties,45.0,33.0,49.0,59.0,48.6929,47.8,146.64K,118.32K,2094.3,1182.0,160.87B,No,1678.01,1718.55,1567.7,1704.9,1578.91,497
1983,ABBOTINDIA.NS,26000.0,25580.0,3.42K,Health Technology,Pharmaceuticals: Major,45.0,74.0,50.0,46.0,586.7857,586.7857,9.52K,8.19K,30655.0,25135.0,552.48B,No,26459.0,26660.4,26848.3,26598.0,26588.5,497
1984,NATCAPSUQ.NS,160.01,157.64,7.00K,Health Technology,Pharmaceuticals: Other,45.0,5.0,75.0,50.0,6.0314,5.5693,26.71K,2.75K,244.9,136.36,1.67B,No,169.89,171.87,162.1,173.07,160.25,406
1985,MSL.NS,136.67,136.69,1.22K,Process Industries,Agricultural Commodities/Milling,45.0,59.0,,,8.9079,8.5557,0.53K,0.78K,167.0,120.0,1.50B,No,139.4,,,,,37
1986,VIJSOLX.NS,659.6,661.0,0.59K,Process Industries,Agricultural Commodities/Milling,45.0,66.0,,,22.3107,21.175,0.37K,0.23K,719.9,600.0,,No,635.67,,,,,37
1987,EVEREADY.NS,321.15,318.6,176.00K,Producer Manufacturing,Electrical Products,45.0,34.0,33.0,59.0,9.8321,9.775,122.02K,43.91K,394.0,259.65,23.34B,No,328.53,338.84,330.36,337.02,331.51,496
1988,TITAGARH.NS,777.2,778.0,196.44K,Producer Manufacturing,Trucks/Construction/Farm Machinery,45.0,18.0,43.0,58.0,21.0714,20.3893,470.49K,395.86K,971.0,568.7,104.67B,No,819.06,834.02,797.46,831.42,801.31,497
1989,GROBTEA.NS,889.95,890.7,0.02K,Consumer Non-Durables,Food: Major Diversified,45.0,34.0,57.0,49.0,29.7286,28.1643,0.23K,0.11K,1225.0,805.0,1.03B,No,909.69,930.08,925.61,928.48,911.06,497
1990,TRANSVOY.BO,99.99,95.95,16.00K,Transportation,Air Freight/Couriers,45.0,76.0,54.0,30.0,3.9986,2.5736,1.87K,2.48K,166.78,80.0,266.28M,No,90.45,91.43,101.77,90.54,97.93,494
1991,MIIL.NS,666.55,670.85,47.71K,Finance,Investment Managers,45.0,45.0,,,23.3857,23.3,82.37K,67.46K,742.9,640.5,14.48B,No,685.09,,,,,37
1992,TRITURBINE.NS,511.1,516.45,980.15K,Producer Manufacturing,Industrial Machinery,45.0,18.0,22.0,59.0,15.7,15.3071,645.49K,355.71K,787.6,428.35,162.48B,No,545.13,572.68,561.73,569.41,587.58,497
1993,SEJALLTD.NS,670.3,678.55,9.20K,Process Industries,Industrial Specialties,45.0,76.0,33.0,75.0,39.2429,38.35,13.25K,27.54K,1036.7,381.0,7.86B,No,669.68,682.1,696.77,676.33,695.1,497
1994,KDGREEN.BO,50.04,49.89,3.02K,Consumer Non-Durables,Apparel/Footwear,45.0,81.0,58.0,2.0,2.8114,2.8114,61.94K,3.76K,99.4,36.38,5.08B,No,49.11,52.4,64.31,52.18,64.34,497
1995,SHBAJRG.NS,166.63,161.66,2.77K,Non-Energy Minerals,Steel,45.0,83.0,,,10.34,10.2836,5.43K,12.25K,184.0,147.98,1.50B,No,160.85,,,,,37
1996,CANTABIL.NS,238.23,232.76,169.06K,Consumer Non-Durables,Apparel/Footwear,45.0,71.0,48.0,49.0,6.2357,6.2357,202.86K,106.94K,321.5,208.5,19.93B,No,235.61,237.65,248.84,237.94,236.58,496
1997,JYOTI.BO,66.11,67.36,14.79K,Producer Manufacturing,Electrical Products,45.0,88.0,74.0,47.0,4.6171,4.5493,41.10K,42.99K,102.0,48.5,1.53B,No,62.1,59.44,65.66,60.23,62.24,495
1998,EASTINDIA.BO,94.79,94.75,7.82K,Process Industries,Containers/Packaging,45.0,71.0,53.0,24.0,3.475,3.475,18.35K,32.48K,126.85,85.15,1.40B,No,94.6,100.44,103.28,99.46,102.73,495
1999,GOLDENCREST.BO,324.8,324.8,0.00K,Commercial Services,Miscellaneous Commercial Services,45.0,67.0,23.0,31.0,0.0,0.0,0.00K,0.00K,378.0,224.8,1.70B,No,324.8,323.57,321.42,322.31,339.28,494
2000,LT.NS,3703.3,3625.1001,1338.75K,Industrial Services,Engineering & Construction,45.0,42.0,45.0,32.0,70.1429,63.3143,1624.85K,1930.47K,4440.0,3288.1,5095.25B,No,3810.99,3941.01,3959.92,3930.45,3927.57,497
2001,MAHLIFE.NS,349.1,342.1,544.30K,Finance,Real Estate Development,45.0,49.0,40.0,46.0,11.9321,11.9321,212.56K,142.78K,427.05,286.8,74.57B,No,355.15,368.44,358.47,365.77,352.08,497
2002,ALLDIGI.NS,791.1,782.75,5.12K,Commercial Services,Miscellaneous Commercial Services,45.0,62.0,56.0,41.0,21.0679,21.0286,9.93K,5.15K,1000.0,700.0,12.06B,No,780.31,798.72,814.14,795.6,804.8,495
2003,GMBREW.NS,885.75,887.45,239.81K,Consumer Non-Durables,Beverages: Alcoholic,45.0,50.0,46.0,21.0,35.05,35.05,56.73K,190.44K,1328.8,852.55,20.24B,No,943.9,915.98,967.01,918.2,937.0,497
2004,WINSOMTX.BO,79.15,79.92,0.74K,Process Industries,Textiles,45.0,55.0,25.0,58.0,3.0479,2.9607,14.45K,24.75K,105.4,58.01,1.57B,No,80.34,84.71,81.53,83.26,83.92,495
2005,LAXMIINDIA.NS,106.22,106.66,72.55K,Finance,Finance/Rental/Leasing,45.0,5.0,50.0,68.0,5.185,5.1779,179.26K,122.87K,159.59,71.06,5.57B,No,119.62,125.86,111.94,124.94,114.75,291
2006,DIAMONDYD.NS,1049.4,1044.7,25.73K,Consumer Non-Durables,Food: Specialty/Candy,45.0,38.0,31.0,52.0,42.2,41.7286,36.22K,30.95K,1245.0,858.9,25.11B,No,1082.75,1135.0,1089.64,1130.91,1085.52,496
2007,BONLON.NS,39.98,39.33,4.00K,Producer Manufacturing,Electrical Products,45.0,60.0,51.0,48.0,2.1757,2.1186,10.82K,13.46K,57.0,34.51,655.01M,No,39.82,40.48,,40.49,42.83,155
2008,IITLPROJ.BO,49.71,49.71,0.00K,Finance,Real Estate Development,45.0,73.0,38.0,74.0,0.4464,0.3564,0.62K,0.02K,73.9,33.01,248.10M,No,47.97,49.15,48.43,48.82,45.69,496
2009,HINDTIN.BO,108.55,108.05,0.81K,Process Industries,Containers/Packaging,45.0,37.0,62.0,50.0,4.9321,4.5464,8.27K,5.17K,162.0,87.05,1.13B,No,112.25,111.65,112.59,112.84,108.53,495
2010,SOUTHMG.BO,76.02,76.0,0.68K,Non-Energy Minerals,Other Metals/Minerals,44.0,80.0,65.0,53.0,5.5229,4.8907,0.94K,0.62K,131.4,61.15,228.06M,No,77.82,75.25,80.34,75.51,77.27,495
2011,SAHLIBHFI.NS,77.12,77.91,4.14K,Finance,Finance/Rental/Leasing,44.0,28.0,54.0,,3.8329,3.6493,55.61K,16.21K,91.95,66.6,2.38B,No,77.9,77.92,,78.36,,125
2012,POLYSPIN.NS,28.73,29.96,2.62K,Process Industries,Containers/Packaging,44.0,65.0,,,2.8557,2.8036,1.11K,1.71K,36.49,27.53,,No,29.65,,,,,37
2013,STARLOG.BO,37.71,36.98,0.15K,Transportation,Other Transportation,44.0,56.0,62.0,37.0,1.9943,1.9036,1.96K,0.95K,56.85,32.07,564.40M,No,38.3,38.64,38.47,38.63,38.98,495
2014,GOKUL.NS,38.05,37.8,139.28K,Process Industries,Agricultural Commodities/Milling,44.0,22.0,38.0,37.0,1.4043,1.3943,176.84K,166.59K,46.8,31.0,3.77B,No,39.62,40.47,39.74,40.54,40.44,496
2015,CHOWGULSTM.BO,20.06,20.01,1.34K,Transportation,Marine Shipping,44.0,19.0,37.0,43.0,1.4621,1.4593,4.65K,4.56K,28.99,17.0,728.35M,No,20.94,21.78,21.51,21.69,22.18,495
2016,INDUSTOWER.NS,380.85,373.0,2726.58K,Finance,Finance/Rental/Leasing,44.0,75.0,45.0,22.0,10.6607,10.1929,4758.61K,5584.75K,481.5,337.8,1004.38B,No,377.81,379.1,412.92,379.85,402.98,497
2017,CEETAIN.BO,35.81,36.18,0.10K,Producer Manufacturing,Building Products,44.0,65.0,54.0,21.0,4.9486,4.87,1.00K,0.60K,50.69,30.4,519.33M,No,37.75,39.15,40.81,39.34,40.91,495
2018,INDIANHUME.NS,342.2,338.8,18.18K,Producer Manufacturing,Building Products,44.0,17.0,43.0,47.0,13.8607,13.6214,137.82K,69.56K,432.0,279.8,18.03B,No,354.71,372.53,355.92,370.87,345.66,496
2019,DHANLAXMI.NS,55.0,26.5,,Process Industries,Agricultural Commodities/Milling,44.0,84.0,65.0,44.0,1.5036,1.1536,10.03K,22.40K,55.0,20.05,,No,24.75,25.15,27.52,25.24,27.07,448
2020,JSL.NS,709.05,705.6,260.20K,Non-Energy Minerals,Steel,44.0,52.0,58.0,35.0,19.75,19.4607,728.79K,817.32K,884.0,652.25,584.22B,No,739.63,733.33,746.31,731.39,729.06,497
2021,BHARTIHEXA.NS,1531.9,1500.7,101.01K,Communications,Wireless Telecommunications,44.0,64.0,50.0,44.0,45.3857,42.9429,164.85K,325.52K,1955.6,1359.2,765.95B,No,1479.03,1530.83,1572.47,1527.46,1529.63,497
2022,GHVINFRA.BO,235.4,235.6,5.32K,Technology Services,Data Processing Services,44.0,5.0,80.0,14.0,13.4071,13.1286,33.66K,6.98K,368.5,173.3,18.93B,No,269.49,277.75,265.26,275.34,258.74,496
2023,WCIL.NS,97.52,93.3,571.50K,Transportation,Air Freight/Couriers,44.0,92.0,65.0,51.0,3.9821,3.9821,112.54K,190.18K,137.0,77.02,9.94B,No,92.93,89.18,99.98,90.05,94.1,497
2024,INDIGO.NS,4833.0,4813.1001,1418.17K,Transportation,Airlines,44.0,55.0,38.0,51.0,112.4286,105.6214,708.95K,663.25K,5970.0,3895.2,1868.76B,No,4915.2,5085.73,4824.23,5049.19,4814.39,497
2025,AMPVOLTS.BO,24.35,23.62,2.39K,Technology Services,Information Technology Services,44.0,59.0,35.0,14.0,1.9707,1.9379,18.04K,20.84K,47.4,15.0,626.06M,No,25.01,26.28,27.67,26.24,29.6,495
2026,LUXURY.BO,73.1,74.8,3.20K,Consumer Durables,Other Consumer Specialties,44.0,90.0,78.0,63.0,4.4014,3.2179,13.21K,45.92K,168.0,52.5,603.43M,No,67.25,63.96,70.29,65.73,68.2,204
2027,JINDHOT.BO,63.68,64.63,0.28K,Consumer Services,Hotels/Resorts/Cruise Lines,44.0,55.0,63.0,46.0,3.6114,3.5871,1.72K,1.92K,90.0,54.0,445.76M,No,63.59,63.48,65.16,63.31,63.31,495
2028,BHARTIARTL.NS,1805.1,1804.6,3361.91K,Communications,Wireless Telecommunications,44.0,61.0,46.0,40.0,34.25,31.0429,6360.81K,7324.40K,2174.5,1726.3,11261.40B,No,1810.06,1874.45,1904.28,1867.64,1866.89,497
2029,GMRP&UI.NS,98.1,97.11,596.96K,Industrial Services,Engineering & Construction,44.0,75.0,59.0,34.0,4.3486,4.32,1338.97K,1818.80K,136.3,86.8,76.62B,No,97.91,96.64,103.42,96.88,101.44,497
2030,PRECISIO.BO,178.85,182.5,0.00K,Electronic Technology,Telecommunications Equipment,44.0,84.0,14.0,82.0,4.1393,3.525,1.07K,0.56K,266.3,107.1,2.48B,No,183.9,182.84,173.15,181.02,173.48,495
2031,BI.NS,94.72,92.87,8.63K,Process Industries,Containers/Packaging,44.0,63.0,,,2.5221,1.3157,86.04K,6.91K,113.0,85.0,2.23B,No,98.87,,,,,37
2032,SPTRSHI.BO,29.0,28.85,0.92K,Process Industries,Agricultural Commodities/Milling,44.0,92.0,73.0,8.0,1.5507,1.5207,3.31K,1.00K,49.0,19.5,986.64M,No,29.45,25.39,33.55,25.76,30.84,495
2033,AIROLAM.NS,87.39,86.52,0.51K,Non-Energy Minerals,Forest Products,44.0,63.0,56.0,54.0,5.6343,5.5157,3.90K,6.46K,115.2,78.0,1.31B,No,88.4,88.44,89.29,88.34,86.99,496
2034,NDMETAL.BO,75.0,75.0,0.01K,Producer Manufacturing,Electrical Products,44.0,67.0,51.0,36.0,0.0,0.0,,,99.55,75.0,186.00M,No,75.0,75.28,80.59,75.2,76.05,494
2035,TRILIANCE.BO,45.43,45.0,0.00K,Finance,Investment Banks/Brokers,44.0,71.0,74.0,73.0,1.3357,0.9393,0.36K,0.10K,115.34,24.32,232.15M,No,45.28,44.1,46.91,44.57,43.19,495
2036,IZMO.NS,858.25,861.4,63.41K,Technology Services,Packaged Software,44.0,36.0,24.0,66.0,37.6036,37.525,127.60K,70.18K,1175.4,562.0,12.86B,No,893.45,911.34,832.73,898.86,863.72,497
2037,PIONAGR.BO,23.62,22.5,0.05K,Process Industries,Agricultural Commodities/Milling,44.0,16.0,19.0,20.0,0.1336,0.0,0.01K,0.01K,27.64,21.69,102.33M,No,23.15,25.03,25.34,24.6,25.91,494
2038,KAJARIR.BO,29.18,29.26,4.02K,Non-Energy Minerals,Steel,44.0,16.0,16.0,57.0,1.5321,1.4986,6.21K,4.86K,41.8,20.15,1.04B,No,31.0,32.07,31.67,31.74,32.86,495
2039,JINDALSTEL.NS,1016.7,1010.0,1388.09K,Non-Energy Minerals,Steel,44.0,22.0,53.0,18.0,34.5,32.6286,962.85K,1187.38K,1306.2,977.1,1034.48B,No,1112.44,1123.5,1136.98,1118.85,1143.52,497
2040,PGEL.NS,511.8,510.6,601.54K,Electronic Technology,Electronic Production Equipment,44.0,35.0,31.0,53.0,17.6143,17.3143,1664.79K,1674.11K,644.4,436.55,146.63B,No,516.63,563.31,552.61,556.59,538.05,497
2041,TIMKEN.NS,2962.8,3015.6001,17.06K,Producer Manufacturing,Industrial Machinery,44.0,50.0,41.0,21.0,87.5428,86.2,43.94K,38.08K,3925.0,2800.5,222.86B,No,3163.3,3182.37,3282.64,3173.03,3351.55,496
2042,MACPLASQ.BO,270.15,267.25,1.35K,Producer Manufacturing,Auto Parts: Oem,44.0,69.0,58.0,63.0,15.4536,15.4536,1.02K,0.86K,420.0,214.9,1.66B,No,286.08,271.43,267.31,269.67,263.82,495
2043,KANDAGIRI.BO,41.65,41.65,7.80K,Process Industries,Textiles,44.0,56.0,41.0,32.0,0.0036,0.0036,0.23K,0.87K,51.72,37.55,160.32M,No,41.91,41.65,42.05,41.66,41.55,493
2044,BGRENERGY.NS,272.43,259.46,105.97K,Industrial Services,Engineering & Construction,44.0,82.0,38.0,37.0,14.3936,11.5443,55.89K,78.82K,490.8,218.0,19.66B,No,250.31,253.53,299.58,252.21,285.44,496
2045,HYUNDAI.NS,1940.0,1915.0,392.69K,Consumer Durables,Motor Vehicles,44.0,16.0,55.0,58.0,59.9072,56.4643,754.53K,765.23K,2480.0,1658.0,1576.33B,No,2077.66,2152.47,2055.84,2155.21,1991.12,488
2046,KHADIM.NS,115.15,112.9,29.56K,Consumer Non-Durables,Apparel/Footwear,44.0,58.0,79.0,75.0,2.4736,1.7936,46.32K,17.40K,257.0,77.47,2.12B,No,119.36,109.97,118.56,112.07,104.29,497
2047,JLL.BO,63.07,60.07,2.11K,Finance,Finance/Rental/Leasing,44.0,1.0,0.0,38.0,3.9864,2.3171,2.21K,1.17K,169.1,35.0,189.77M,No,74.5,93.02,78.58,87.87,90.18,495
2048,WEALTH.NS,911.3,836.7,5.46K,Finance,Investment Managers,43.0,86.0,41.0,53.0,51.6036,51.1429,3.23K,12.42K,1237.9,774.95,9.71B,No,851.16,870.64,909.45,871.95,914.5,497
2049,RAVALSUGAR.BO,914.0,910.0,0.04K,Consumer Non-Durables,Food: Specialty/Candy,43.0,66.0,42.0,40.0,25.6321,20.9286,0.07K,0.09K,1144.0,812.05,310.76M,No,918.18,942.54,943.38,940.96,949.05,495
2050,PRAVEG.NS,235.95,233.64,10.06K,Health Technology,Pharmaceuticals: Major,43.0,15.0,,,11.2764,11.1579,63.47K,55.26K,281.0,230.0,6.17B,No,249.54,,,,,37
2051,IMPAL.NS,1007.4,996.5,1.48K,Distribution Services,Wholesale Distributors,43.0,16.0,31.0,46.0,37.0071,36.9429,2.65K,2.80K,1238.9,928.0,12.57B,No,1052.9,1079.98,1056.84,1073.0,1059.06,497
2052,NARPROP.BO,36.1,35.39,0.00K,Finance,Real Estate Development,43.0,40.0,43.0,42.0,1.795,1.3914,0.60K,0.54K,44.47,28.9,256.54M,No,36.27,37.25,36.46,36.92,36.91,495
2053,PARSHVA.BO,169.1,178.0,0.17K,Distribution Services,Wholesale Distributors,43.0,34.0,66.0,40.0,3.4929,1.55,0.03K,0.00K,379.0,142.0,1.72B,No,183.09,179.39,172.21,178.17,174.73,495
2054,RPPL.NS,18.49,18.66,46.55K,Process Industries,Containers/Packaging,43.0,5.0,16.0,63.0,1.0571,1.0121,91.79K,51.73K,26.97,14.25,1.37B,No,19.71,21.83,18.82,21.71,19.41,496
2055,RAJRILTD.NS,21.22,20.81,26.95K,Process Industries,Textiles,43.0,66.0,53.0,45.0,0.6093,0.5143,13.16K,10.74K,26.37,19.41,11.95B,No,20.59,21.49,21.53,21.54,21.26,496
2056,NUVOCO.NS,317.1,321.9,233.83K,Non-Energy Minerals,Construction Materials,43.0,39.0,58.0,50.0,10.8357,10.6036,1689.86K,300.11K,439.85,276.25,113.25B,No,327.8,331.61,327.23,330.98,322.27,497
2057,MODIRUBBER.NS,118.07,118.67,1.31K,Consumer Durables,Automotive Aftermarket,43.0,46.0,37.0,42.0,4.92,4.8371,3.77K,1.94K,167.5,98.41,2.96B,No,121.08,123.63,124.94,124.71,126.03,497
2058,RJSHAH.BO,490.0,490.0,0.10K,Industrial Services,Engineering & Construction,43.0,67.0,57.0,25.0,0.0,0.0,0.01K,0.01K,619.0,432.3,137.25M,No,490.0,488.35,498.94,488.9,484.55,494
2059,CHOLAFIN.NS,1587.6,1544.0,1660.20K,Finance,Finance/Rental/Leasing,43.0,15.0,31.0,48.0,46.1643,41.55,1383.30K,1650.10K,1952.5,1299.4,1361.38B,No,1692.11,1797.61,1679.45,1780.16,1671.49,497
2060,ODYSSEY.BO,47.58,43.15,82.66K,Technology Services,Packaged Software,43.0,94.0,77.0,55.0,3.6171,3.5386,8.60K,15.18K,94.5,33.4,758.52M,No,42.23,39.25,46.35,39.57,41.87,495
2061,TATASTEEL.NS,173.8,171.96,13052.38K,Non-Energy Minerals,Steel,43.0,44.0,37.0,20.0,4.7071,4.6757,25034.80K,24991.84K,224.4,160.06,2168.04B,No,182.96,185.22,194.09,183.76,194.73,497
2062,ZUARIIND.NS,268.6,268.7,25.41K,Process Industries,Agricultural Commodities/Milling,43.0,55.0,59.0,56.0,11.9893,11.8929,68.02K,89.86K,367.15,210.0,8.00B,No,275.01,271.07,266.12,272.21,260.91,496
2063,JAGAJITIND.BO,133.75,128.55,8.41K,Consumer Non-Durables,Beverages: Alcoholic,43.0,16.0,60.0,52.0,7.8321,7.7607,24.62K,11.43K,214.0,116.0,6.26B,No,147.51,154.51,138.91,155.3,140.11,495
2064,SURYODAY.NS,147.93,149.05,275.67K,Finance,Regional Banks,43.0,50.0,14.0,55.0,5.405,5.3557,1981.22K,255.77K,218.0,115.41,15.72B,No,147.35,153.0,151.09,151.45,157.6,497
2065,NLFL.BO,39.93,39.6,0.05K,Finance,Finance/Rental/Leasing,43.0,69.0,68.0,35.0,2.5779,2.4186,3.02K,0.79K,56.0,34.35,261.87M,No,38.39,38.66,42.8,39.17,40.34,495
2066,GOWRALE.BO,88.98,89.0,0.00K,Finance,Investment Banks/Brokers,43.0,74.0,47.0,48.0,3.9421,3.6979,2.81K,0.79K,150.99,70.55,689.40M,No,87.96,90.61,91.96,90.51,90.71,495
2067,KKCL.NS,460.1,472.5,102.73K,Consumer Non-Durables,Apparel/Footwear,43.0,33.0,40.0,42.0,17.3214,17.2786,43.87K,32.27K,568.05,408.35,28.35B,No,477.99,499.9,481.86,494.81,478.23,496
2068,WHBRADY.NS,471.75,471.75,0.00K,Producer Manufacturing,Industrial Machinery,43.0,61.0,,,37.8643,36.8786,0.11K,0.10K,589.9,415.0,1.20B,No,480.71,,,,,37
2069,RAMCOSYS.NS,542.9,537.45,53.40K,Technology Services,Information Technology Services,43.0,21.0,3.0,74.0,21.2107,21.1714,366.90K,49.42K,967.5,342.1,20.43B,No,568.58,582.2,536.52,579.8,547.38,497
2070,YESBANK.NS,20.5,20.45,49544.26K,Finance,Major Banks,43.0,29.0,26.0,55.0,0.515,0.4579,64783.34K,79052.70K,25.78,17.2,643.48B,No,21.99,22.37,21.83,22.27,22.02,497
2071,ELDEHSG.NS,786.45,762.95,0.80K,Finance,Real Estate Development,43.0,64.0,54.0,38.0,25.9357,25.4393,3.64K,0.62K,1044.1,701.55,7.73B,No,772.46,780.06,830.39,784.2,800.77,496
2072,FAALCON.BO,38.9,37.11,18.00K,Industrial Services,Engineering & Construction,43.0,29.0,45.0,47.0,0.9257,0.4186,11.33K,6.40K,62.22,27.75,379.09M,No,39.9,39.91,38.6,40.23,38.12,495
2073,SFL.NS,603.65,606.05,94.25K,Process Industries,Industrial Specialties,43.0,22.0,12.0,63.0,19.3714,19.2679,266.22K,114.33K,832.45,456.8,65.92B,No,642.4,667.22,617.82,652.99,639.59,497
2074,AMBICAAGAR.NS,22.94,23.31,9.57K,Process Industries,Chemicals: Major Diversified,43.0,25.0,41.0,44.0,1.2436,1.2436,20.65K,13.36K,29.68,20.0,394.05M,No,24.57,24.82,24.44,24.9,24.38,496
2075,SIRCA.NS,402.7,402.2,66.07K,Process Industries,Industrial Specialties,43.0,37.0,64.0,39.0,9.7179,9.4107,330.38K,117.10K,539.0,385.0,22.93B,No,409.54,426.15,434.8,425.17,421.07,497
2076,COSYN.BO,20.6,21.0,5.70K,Technology Services,Packaged Software,43.0,11.0,67.0,31.0,1.325,1.2507,2.12K,1.80K,27.5,18.65,154.50M,No,21.96,22.13,21.95,22.22,21.58,495
2077,ORIENTELEC.NS,164.77,162.95,220.46K,Consumer Durables,Electronics/Appliances,43.0,42.0,41.0,49.0,5.2686,5.2629,708.66K,176.03K,217.51,149.05,35.16B,No,164.29,174.76,175.88,174.33,176.09,497
2078,PYRAMID.NS,149.18,150.68,17.90K,Producer Manufacturing,Miscellaneous Manufacturing,43.0,62.0,36.0,43.0,6.3657,6.2364,143.38K,51.75K,198.69,131.8,5.50B,No,156.28,161.7,160.65,159.35,162.36,496
2079,HILINFRA.NS,49.59,47.69,308.26K,Transportation,Other Transportation,43.0,90.0,73.0,43.0,2.0207,1.9307,99.97K,231.21K,83.49,40.1,3.56B,No,44.12,44.73,49.41,44.81,47.13,286
2080,XPROINDIA.NS,1095.0,1088.1,34.54K,Process Industries,Industrial Specialties,43.0,3.0,7.0,53.0,48.5214,48.4214,99.18K,38.91K,1574.8,788.05,25.70B,No,1187.79,1191.21,1114.5,1174.83,1195.03,497
2081,TEXRAIL.NS,110.99,107.08,5254.93K,Producer Manufacturing,Trucks/Construction/Farm Machinery,43.0,42.0,50.0,62.0,6.8007,6.795,2502.58K,4674.31K,142.95,78.05,45.16B,No,118.34,113.01,111.65,113.96,108.49,497
2082,BAJAJST.NS,333.95,324.3,6.52K,Process Industries,Agricultural Commodities/Milling,43.0,32.0,,,12.8143,12.5429,8.66K,8.28K,378.0,322.0,,No,344.8,,,,,37
2083,ELIXIR.BO,100.0,100.0,0.05K,Finance,Investment Banks/Brokers,43.0,53.0,22.0,51.0,3.24,2.905,2.30K,0.52K,140.0,78.1,581.25M,No,100.0,102.73,106.25,101.57,107.37,495
2084,PERFEPA.BO,76.35,76.94,0.14K,Process Industries,Containers/Packaging,43.0,70.0,69.0,27.0,5.01,4.4136,0.94K,1.36K,104.7,65.0,508.45M,No,73.44,76.1,79.5,76.28,77.05,496
2085,PBMPOLY.NS,56.08,60.24,0.75K,Process Industries,Textiles,42.0,34.0,,,6.0393,5.7843,0.58K,0.99K,72.2,51.01,385.78M,No,60.8,,,,,37
2086,CMRGREEN.NS,216.94,217.22,208.71K,Producer Manufacturing,Metal Fabrication,42.0,60.0,54.0,,7.7464,7.69,680.90K,425.14K,268.96,205.25,,No,222.22,221.49,,221.88,,85
2087,HMT.NS,54.95,56.02,13.19K,Producer Manufacturing,Industrial Machinery,42.0,4.0,24.0,21.0,2.6171,2.5964,13.82K,11.84K,72.95,41.0,19.54B,No,60.53,61.76,57.64,60.78,61.0,496
2088,HCG.NS,589.2,638.75,701.69K,Health Services,Hospital/Nursing Management,42.0,10.0,32.0,54.0,25.6821,24.9143,177.01K,89.95K,804.65,513.3,87.97B,No,681.71,695.5,632.88,687.14,635.52,497
2089,HMAAGRO.NS,23.28,23.62,1129.59K,Distribution Services,Food Distributors,42.0,91.0,70.0,40.0,1.1264,1.1243,2748.06K,1756.27K,34.24,19.09,11.66B,No,23.34,22.14,24.08,22.48,22.88,497
2090,TEEAI.BO,109.85,110.75,1.44K,Process Industries,Chemicals: Agricultural,42.0,56.0,34.0,41.0,5.4536,4.6321,0.50K,0.29K,140.3,99.0,616.26M,No,114.55,114.58,114.75,114.77,115.14,495
2091,TUTIALKA.NS,52.21,52.41,5.69K,Process Industries,Chemicals: Specialty,42.0,15.0,,,2.8929,2.8929,10.52K,5.41K,62.9,51.08,6.36B,No,55.51,,,,,37
2092,CHROME.BO,39.11,40.0,0.12K,Non-Energy Minerals,Other Metals/Minerals,42.0,39.0,62.0,33.0,3.1971,3.1436,1.15K,2.58K,57.7,36.0,641.18M,No,40.3,40.9,42.2,40.92,41.65,495
2093,BALUFORGE.NS,481.2,489.45,556.35K,Producer Manufacturing,Trucks/Construction/Farm Machinery,42.0,20.0,66.0,45.0,19.6071,19.3107,1418.13K,521.50K,678.0,341.05,58.41B,No,504.99,520.36,486.28,526.36,485.29,497
2094,HEXT.NS,538.5,511.4,30417.97K,Technology Services,Packaged Software,42.0,78.0,56.0,64.0,18.3286,17.2679,548.75K,177.36K,807.75,400.2,328.37B,No,505.68,533.85,547.69,529.84,509.48,403
2095,PALREDTEC.NS,42.02,41.25,6.87K,Distribution Services,Electronics Distributors,42.0,3.0,9.0,76.0,2.905,2.7171,4.07K,4.15K,73.6,27.45,514.01M,No,45.97,49.62,43.53,49.68,45.43,497
2096,ELECTCAST.NS,75.18,74.26,2128.13K,Non-Energy Minerals,Steel,42.0,43.0,54.0,30.0,3.6807,3.6157,2587.08K,7970.93K,99.0,60.15,46.48B,No,75.02,75.5,75.97,75.49,77.41,497
2097,HEROMOTOCO.NS,4895.5,4856.5,305.84K,Consumer Durables,Motor Vehicles,42.0,33.0,58.0,32.0,130.8571,123.4643,632.84K,566.84K,6388.5,4671.5,979.79B,No,5214.12,5433.85,5322.21,5408.05,5176.69,497
2098,SHRJAGP.NS,648.9,650.5,0.32K,Process Industries,Textiles,42.0,74.0,,,35.675,34.925,0.69K,0.53K,751.95,590.05,5.68B,No,649.61,,,,,37
2099,ASIAN.BO,32.98,32.9,0.09K,Commercial Services,Miscellaneous Commercial Services,42.0,57.0,50.0,30.0,1.5964,1.5771,1.12K,0.65K,49.0,29.1,115.01M,No,33.58,33.91,35.42,33.61,34.81,495
2100,AHLEAST.NS,135.27,132.78,0.31K,Consumer Services,Hotels/Resorts/Cruise Lines,42.0,68.0,48.0,19.0,3.7007,3.6836,2.50K,1.10K,175.3,127.25,2.34B,No,135.27,138.31,147.6,137.53,148.76,496
2101,SHILCTECH.NS,3925.3,3944.0,6.60K,Producer Manufacturing,Electrical Products,42.0,39.0,30.0,30.0,112.9715,111.6214,23.60K,15.40K,5399.0,2852.5,44.91B,No,4055.17,4123.59,4093.21,4086.11,4259.32,218
2102,ABCINDQ.BO,64.0,63.87,0.03K,Transportation,Air Freight/Couriers,42.0,68.0,56.0,51.0,2.8557,2.6521,1.56K,0.79K,86.4,51.5,346.70M,No,62.09,63.52,65.76,63.23,64.0,495
2103,MALUPAPER.NS,31.0,30.68,4.11K,Process Industries,Pulp & Paper,42.0,23.0,62.0,33.0,1.2807,1.2736,39.84K,12.08K,44.11,27.0,541.71M,No,32.03,32.15,32.41,32.06,32.04,497
2104,BLUECHIPT.BO,114.8,120.15,0.59K,Process Industries,Textiles,42.0,69.0,48.0,38.0,5.9643,5.5714,0.36K,0.59K,159.7,100.2,226.21M,No,114.89,117.25,123.08,116.39,119.68,494
2105,SESHAPAPER.NS,222.49,229.99,101.95K,Process Industries,Pulp & Paper,42.0,30.0,58.0,21.0,6.9414,6.9414,127.08K,59.57K,293.11,209.96,14.03B,No,241.64,236.1,241.74,235.88,241.14,497
2106,ABIRAFN.BO,32.77,31.21,0.82K,Finance,Finance/Rental/Leasing,42.0,29.0,58.0,48.0,1.2393,1.0979,0.58K,0.28K,46.0,27.89,176.96M,No,32.92,33.05,33.89,33.18,32.31,495
2107,BAZELINTER.BO,21.5,21.9,0.24K,Finance,Finance/Rental/Leasing,42.0,64.0,79.0,60.0,1.0793,1.0643,8.70K,0.47K,45.41,16.5,206.34M,No,21.3,21.0,22.82,21.49,20.03,497
2108,JINDCAP.BO,32.72,32.61,0.21K,Miscellaneous,Investment Trusts,42.0,53.0,62.0,31.0,2.1757,2.13,3.71K,2.26K,44.8,26.18,235.85M,No,33.6,32.83,33.24,32.95,32.88,495
2109,MUNJALSHOW.NS,121.31,120.7,28.56K,Producer Manufacturing,Auto Parts: Oem,42.0,43.0,36.0,43.0,4.945,4.8929,56.17K,28.88K,147.1,110.3,4.85B,No,126.29,130.66,128.37,129.21,129.62,497
2110,STYRENIX.NS,1999.2,1990.5,21.43K,Process Industries,Chemicals: Specialty,42.0,45.0,31.0,50.0,60.8714,60.4143,61.38K,32.83K,2653.0,1780.0,35.18B,No,2055.0,2128.44,2111.57,2088.87,2174.41,497
2111,NIITLTD.NS,82.08,81.78,131.54K,Commercial Services,Miscellaneous Commercial Services,42.0,12.0,16.0,76.0,2.8007,2.7379,430.61K,133.02K,111.1,49.0,11.24B,No,87.61,93.4,83.11,92.83,83.87,497
2112,HOMEFIRST.NS,1076.6,1071.9,105.05K,Finance,Finance/Rental/Leasing,42.0,15.0,31.0,47.0,43.9714,41.1643,202.18K,256.95K,1317.7,893.7,112.57B,No,1148.97,1173.53,1130.57,1172.36,1134.45,497
2113,DISAQ.NS,11385.0,11359.0,0.01K,Producer Manufacturing,Industrial Machinery,42.0,49.0,41.0,,420.2143,416.7143,0.37K,0.13K,12864.0,10851.0,,No,11757.25,11843.16,,11773.2,,119
2114,ZENOTECH.BO,43.07,41.57,14.64K,Health Technology,Pharmaceuticals: Major,42.0,39.0,52.0,34.0,1.7379,1.7264,8.23K,10.21K,54.14,33.55,2.63B,No,43.31,44.56,44.81,44.38,44.5,495
2115,WHIRLPOOL.NS,816.75,823.15,493.70K,Consumer Durables,Electronics/Appliances,42.0,73.0,64.0,39.0,52.4071,51.6893,1287.86K,4444.75K,1437.0,706.0,103.66B,No,817.56,805.1,838.07,806.71,826.04,497
2116,PHOENXINTL.NS,27.87,27.84,0.38K,Finance,Real Estate Development,42.0,40.0,,,1.2471,1.195,3.34K,2.93K,35.64,27.5,467.93M,No,28.54,,,,,37
2117,PENIND.NS,171.5,171.89,337.95K,Non-Energy Minerals,Steel,42.0,47.0,59.0,54.0,7.575,7.2843,532.06K,786.05K,279.9,129.1,23.24B,No,176.09,168.39,165.99,167.99,162.99,497
2118,NIMBSPROJ.NS,185.9,189.88,7.14K,Finance,Real Estate Development,42.0,95.0,37.0,,12.175,12.1164,34.40K,29.98K,231.23,141.04,3.59B,No,186.22,178.31,,177.89,,129
2119,CWD.BO,294.0,284.5,10.50K,Technology Services,Packaged Software,42.0,46.0,47.0,55.0,15.8607,15.0786,24.72K,21.70K,425.0,254.0,7.24B,No,292.4,305.86,309.31,303.77,299.58,496
2120,ASIANPAINT.NS,2339.1,2311.6001,248.48K,Process Industries,Industrial Specialties,41.0,44.0,30.0,48.0,49.3714,45.0429,748.21K,724.99K,2985.7,2115.0,2242.36B,No,2416.67,2559.9,2554.68,2532.12,2548.87,497
2121,ENDURANCE.NS,2407.5,2433.5,36.29K,Producer Manufacturing,Metal Fabrication,41.0,17.0,35.0,48.0,78.2857,77.9643,126.81K,93.33K,3072.0,2142.8,338.65B,No,2625.65,2786.82,2593.04,2762.44,2607.9,497
2122,JAGSONSER.BO,49.5,48.26,1.71K,Finance,Regional Banks,41.0,40.0,71.0,31.0,2.2636,2.1629,0.39K,0.21K,83.0,45.0,901.17M,No,50.32,53.36,54.37,52.27,52.61,495
2123,DOLLAR.NS,271.5,279.55,72.58K,Consumer Non-Durables,Apparel/Footwear,41.0,75.0,61.0,57.0,9.2607,9.2107,125.05K,129.50K,385.0,220.5,15.40B,No,272.99,271.68,283.35,272.0,269.54,496
2124,MGL.NS,1042.8,1043.9,137.81K,Utilities,Gas Distributors,41.0,45.0,41.0,49.0,24.2786,24.05,236.73K,116.96K,1329.0,900.0,103.01B,No,1064.66,1091.68,1095.19,1090.72,1092.19,497
2125,SAATVIKGL.NS,395.95,397.25,61.13K,Producer Manufacturing,Industrial Machinery,41.0,48.0,31.0,36.0,15.825,15.775,148.46K,91.58K,567.0,328.0,50.33B,No,413.31,418.31,421.69,415.34,435.82,256
2126,GANECOS.NS,966.1,961.3,57.45K,Process Industries,Textiles,41.0,37.0,29.0,34.0,35.6143,35.6143,116.47K,49.41K,1268.0,653.55,25.83B,No,1001.85,1040.53,946.33,1021.24,1013.94,497
2127,MASTEK.NS,1679.9,1651.2,195.97K,Technology Services,Information Technology Services,41.0,73.0,60.0,53.0,52.7572,49.9429,217.80K,97.37K,2369.0,1334.2,52.09B,No,1598.74,1701.87,1731.93,1707.65,1657.02,497
2128,BANARISUG.NS,3301.4,3300.0,0.36K,Process Industries,Agricultural Commodities/Milling,41.0,18.0,47.0,29.0,89.8357,86.4643,2.82K,1.27K,4338.0,3196.5,41.40B,No,3349.87,3550.95,3577.52,3553.28,3568.15,496
2129,KIOCL.NS,358.75,350.55,205.63K,Non-Energy Minerals,Steel,41.0,48.0,46.0,47.0,13.5,13.3679,157.40K,88.84K,534.0,290.65,218.03B,No,341.66,367.17,369.43,365.79,375.98,497
2130,GUJPETR.BO,53.95,53.15,0.03K,Process Industries,Chemicals: Specialty,41.0,62.0,53.0,33.0,3.72,3.5029,1.07K,0.27K,71.9,47.0,322.04M,No,52.97,53.49,57.31,52.86,56.35,495
2131,PRINCEPIPE.NS,248.95,249.25,94.17K,Producer Manufacturing,Industrial Machinery,41.0,15.0,43.0,49.0,7.8536,7.75,187.87K,98.89K,335.5,205.0,27.53B,No,259.34,272.53,260.58,270.88,263.5,497
2132,SHERVANI.NS,315.0,321.05,0.10K,Finance,Real Estate Development,41.0,80.0,,,20.1214,12.9393,0.37K,0.03K,374.0,299.25,810.49M,No,330.54,,,,,35
2133,SARDAEN.NS,481.15,491.9,266.98K,Non-Energy Minerals,Steel,41.0,36.0,51.0,26.0,11.6,11.55,765.97K,261.03K,624.0,453.1,169.55B,No,502.3,506.72,520.5,505.53,525.6,497
2134,KRATIKAL.BO,166.95,167.0,15.00K,Technology Services,Packaged Software,41.0,74.0,,,6.05,5.375,29.89K,20.30K,199.0,153.05,1.85B,No,167.66,166.09,,166.08,,67
2135,KJMCFIN.NS,57.05,57.69,0.88K,Finance,Investment Banks/Brokers,41.0,30.0,,,2.9807,2.8964,2.49K,0.88K,84.5,55.35,273.03M,No,60.2,,,,,37
2136,AMCOIND.BO,63.0,63.01,0.09K,Producer Manufacturing,Industrial Machinery,41.0,62.0,60.0,34.0,2.9,2.7957,2.21K,0.77K,99.8,56.5,258.93M,No,65.06,65.98,68.66,65.76,66.65,495
2137,ANURAS.NS,1132.4,1097.7,579.18K,Health Technology,Pharmaceuticals: Major,41.0,33.0,34.0,27.0,37.2286,37.2286,419.22K,246.22K,1415.0,1047.9,128.92B,No,1177.47,1208.91,1271.25,1208.24,1263.16,497
2138,VOITHPAPR.NS,1373.1,1398.7,0.54K,Process Industries,Textiles,41.0,34.0,,,46.2214,43.9857,0.41K,0.35K,1696.0,1366.6,,No,1435.62,,,,,37
2139,GRPLTD.NS,1795.0,1728.7,1.08K,Producer Manufacturing,Miscellaneous Manufacturing,41.0,23.0,44.0,27.0,68.9429,66.8357,2.38K,1.07K,2300.1,1500.0,9.57B,No,1931.99,1974.77,1854.23,1969.86,1908.18,496
2140,STARTECK.NS,257.75,264.25,1.07K,Finance,Finance/Rental/Leasing,41.0,79.0,40.0,53.0,26.9786,26.125,5.78K,8.63K,350.0,215.1,2.55B,No,264.03,258.4,263.42,255.65,257.76,496
2141,CIPLA.NS,1301.0,1306.8,653.43K,Health Technology,Pharmaceuticals: Other,41.0,43.0,36.0,55.0,28.6929,28.2429,1020.70K,933.59K,1673.0,1165.7,1051.04B,No,1361.73,1404.77,1376.71,1395.97,1369.59,497
2142,POLYCHMP.BO,47.57,46.99,0.03K,Producer Manufacturing,Industrial Machinery,41.0,72.0,42.0,34.0,2.4014,2.3421,1.50K,1.15K,66.99,43.25,266.47M,No,46.58,47.21,50.09,47.51,50.29,495
2143,TRAVELFOOD.NS,1183.9,1186.2,46.22K,Consumer Services,Restaurants,41.0,31.0,36.0,29.0,28.6286,28.5643,70.64K,78.58K,1470.9,1035.3,155.93B,No,1217.05,1283.05,1233.93,1280.97,1265.7,308
2144,BVCL.NS,40.15,41.15,14.55K,Non-Energy Minerals,Construction Materials,41.0,43.0,44.0,39.0,1.7336,1.6771,39.87K,19.13K,54.9,31.2,889.72M,No,41.32,41.81,42.25,41.75,41.77,496
2145,SSFLPP.BO,114.5,114.5,2.78K,Finance,Finance/Rental/Leasing,41.0,67.0,5.0,75.0,0.0,0.0,0.44K,0.44K,182.0,67.1,10.15B,No,114.5,119.99,123.98,117.23,121.1,281
2146,EMERGENT.BO,410.0,400.0,0.01K,Commercial Services,Miscellaneous Commercial Services,41.0,83.0,56.0,13.0,14.7036,11.0607,0.06K,0.05K,747.7,314.7,1.87B,No,400.17,391.47,432.79,392.88,430.77,495
2147,KSB.NS,784.55,776.7,63.88K,Producer Manufacturing,Industrial Machinery,41.0,48.0,20.0,31.0,30.1857,28.6464,248.43K,728.34K,1028.3,666.65,136.54B,No,804.18,807.03,817.06,802.21,852.53,497
2148,TATACAP.NS,318.7,314.9,996.78K,Finance,Finance/Rental/Leasing,41.0,13.0,32.0,41.0,9.2679,8.8214,1579.37K,1742.18K,390.2,296.0,1343.86B,No,336.44,355.07,340.24,354.17,340.01,246
2149,SAINIK.BO,37.55,36.79,0.30K,Finance,Finance/Rental/Leasing,41.0,83.0,57.0,36.0,3.2993,2.865,3.92K,6.26K,48.0,27.05,408.54M,No,38.53,36.75,38.07,37.02,37.9,496
2150,INTLCONV.NS,77.15,79.14,77.96K,Producer Manufacturing,Miscellaneous Manufacturing,41.0,56.0,52.0,52.0,2.6229,2.6221,55.90K,49.51K,106.92,60.0,4.92B,No,78.59,77.47,78.62,78.28,77.45,497
2151,ATLASCYCLE.NS,91.99,91.53,0.54K,Consumer Durables,Motor Vehicles,41.0,5.0,47.0,53.0,5.2014,4.9279,33.01K,11.73K,123.67,76.15,598.29M,No,93.06,95.86,96.11,94.78,96.67,496
2152,DUTRON.BO,97.6,102.1,0.23K,Producer Manufacturing,Miscellaneous Manufacturing,41.0,57.0,53.0,36.0,2.6393,2.1214,0.14K,0.11K,125.0,94.6,585.60M,No,103.79,103.13,105.7,101.87,104.67,495
2153,TPLPLASTEH.NS,67.08,67.69,112.59K,Process Industries,Chemicals: Specialty,41.0,65.0,16.0,48.0,3.2593,3.0121,166.37K,308.88K,90.33,50.01,5.23B,No,66.76,72.35,68.82,71.82,70.43,497
2154,INDSILHYD.BO,37.4,37.62,4.79K,Non-Energy Minerals,Other Metals/Minerals,41.0,33.0,58.0,36.0,1.4164,1.41,8.23K,4.67K,51.0,29.5,1.04B,No,38.75,39.87,39.86,39.66,39.38,495
2155,UNOMINDA.NS,1108.0,1085.0,328.75K,Producer Manufacturing,Auto Parts: Oem,41.0,23.0,49.0,47.0,34.8714,32.7714,721.84K,609.73K,1355.0,994.0,639.82B,No,1175.75,1221.35,1162.74,1223.83,1147.39,497
2156,NIBE.NS,1213.2,1224.7,35.54K,Process Industries,Textiles,41.0,30.0,8.0,73.0,57.9714,53.4714,67.35K,67.38K,1848.0,809.6,18.81B,No,1265.88,1345.54,1247.65,1342.31,1318.46,412
2157,VITAL.NS,51.99,52.5,5.77K,Process Industries,Chemicals: Specialty,41.0,42.0,47.0,36.0,2.9843,2.895,7.23K,6.11K,69.4,35.4,1.25B,No,53.77,53.01,53.04,53.69,53.5,496
2158,GNRL.NS,95.78,95.52,636.63K,Energy Minerals,Integrated Oil,41.0,17.0,,,4.8014,4.8014,365.38K,467.16K,119.4,94.21,12.30B,No,99.12,,,,,37
2159,DEFRAIL.BO,73.0,75.0,4.80K,Producer Manufacturing,Miscellaneous Manufacturing,40.0,76.0,67.0,25.0,1.6929,0.8829,5.43K,4.44K,122.0,64.15,512.78M,No,69.97,69.87,,70.06,73.52,179
2160,EMMBI.NS,83.98,85.32,5.67K,Process Industries,Containers/Packaging,40.0,40.0,44.0,50.0,3.7771,3.7707,8.25K,9.02K,116.9,60.3,1.62B,No,87.99,86.86,88.01,86.4,85.16,496
2161,RUNGTAIR.BO,48.78,47.13,0.07K,Producer Manufacturing,Industrial Machinery,40.0,60.0,43.0,59.0,3.14,2.96,0.74K,0.58K,68.99,43.0,971.78M,No,49.71,49.46,52.25,49.04,50.45,495
2162,KREBSBIO.NS,56.0,57.96,29.63K,Health Technology,Pharmaceuticals: Major,40.0,64.0,62.0,41.0,4.7221,4.6079,23.63K,98.79K,76.85,38.33,1.21B,No,58.44,56.53,58.78,57.54,57.79,496
2163,NH.NS,1719.5,1695.3,151.19K,Health Services,Hospital/Nursing Management,40.0,27.0,24.0,45.0,50.9572,49.1072,270.51K,248.33K,2093.3,1589.0,349.23B,No,1824.41,1859.96,1850.67,1844.41,1854.42,497
2164,TIMETECHNO.NS,176.35,179.68,1622.52K,Process Industries,Containers/Packaging,40.0,45.0,50.0,42.0,5.1171,5.0936,3460.79K,2678.18K,227.5,154.0,87.05B,No,180.17,189.01,183.76,185.77,183.64,497
2165,NAVA.NS,549.1,544.5,218.02K,Utilities,Electric Utilities,40.0,65.0,39.0,36.0,15.8107,15.6,287.56K,361.80K,739.4,501.65,155.57B,No,553.63,561.33,585.39,560.57,592.51,497
2166,VINYOFL.BO,48.24,50.0,1.36K,Process Industries,Industrial Specialties,40.0,51.0,47.0,46.0,2.2907,2.115,0.78K,0.48K,67.0,35.95,208.35M,No,49.73,51.42,51.11,51.22,51.28,495
2167,XELPMOC.NS,87.94,90.39,6.31K,Technology Services,Information Technology Services,40.0,89.0,69.0,22.0,8.1029,8.0664,22.14K,82.07K,155.5,71.1,1.30B,No,81.43,80.88,100.99,82.41,89.23,496
2168,RSYSTEMS.NS,274.3,242.85,33295.93K,Technology Services,Information Technology Services,40.0,88.0,78.0,40.0,18.75,16.6807,2685.32K,16861.37K,435.9,213.52,32.50B,No,251.54,249.81,285.7,248.78,256.53,497
2169,PURVA.NS,207.26,202.39,93.23K,Finance,Real Estate Development,40.0,51.0,41.0,58.0,7.145,7.0579,1109.33K,115.69K,287.3,160.69,49.15B,No,210.69,213.58,216.86,214.77,211.59,497
2170,LOTUSCHO.NS,565.1,658.9,76.17K,Consumer Non-Durables,Food: Specialty/Candy,40.0,51.0,,,43.6036,39.325,8.46K,22.83K,724.0,526.1,7.26B,No,575.66,,,,,37
2171,INDIAHOME.BO,30.94,31.14,5.87K,Finance,Finance/Rental/Leasing,40.0,60.0,58.0,42.0,1.7843,1.7807,4.62K,8.26K,43.0,24.8,441.88M,No,31.4,31.34,32.43,31.21,31.09,495
2172,SURYAAMBA.BO,110.05,109.8,0.25K,Process Industries,Textiles,40.0,33.0,49.0,38.0,4.6357,3.3964,0.27K,0.28K,149.0,100.4,322.66M,No,115.47,118.47,120.54,118.73,119.79,495
2173,KAMAHOLD.NS,2242.2,2227.6001,0.86K,Process Industries,Industrial Specialties,40.0,56.0,,,57.4357,54.8214,4.14K,3.91K,2474.8,2172.3,,No,2247.66,,,,,37
2174,LORDSCHLO.NS,137.03,136.01,4.44K,Process Industries,Chemicals: Specialty,40.0,65.0,58.0,40.0,8.3257,8.3257,25.33K,56.38K,233.0,108.0,3.93B,No,138.11,138.97,140.16,140.2,138.97,496
2175,ALKOSIGN.BO,60.0,60.0,33.75K,Producer Manufacturing,Miscellaneous Manufacturing,40.0,30.0,42.0,47.0,2.495,1.7229,7.75K,10.00K,84.8,50.07,647.55M,No,59.6,61.08,63.63,60.87,60.79,495
2176,HARIKANTA.BO,72.5,70.06,1.20K,Process Industries,Textiles,40.0,78.0,25.0,,3.9014,2.3007,28.88K,32.16K,91.84,57.62,715.27M,No,65.73,68.13,,67.23,,91
2177,HPIL.NS,118.45,116.48,0.25K,Process Industries,Chemicals: Specialty,40.0,57.0,50.0,33.0,3.945,3.6157,2.52K,0.34K,154.45,105.65,1.35B,No,117.24,122.45,127.15,122.06,125.93,496
2178,SINCLAIR.NS,74.46,74.83,9.70K,Consumer Services,Hotels/Resorts/Cruise Lines,40.0,19.0,56.0,37.0,2.8379,2.8214,29.62K,23.16K,99.75,68.82,3.82B,No,78.56,78.1,77.53,78.34,77.24,497
2179,NAHARCAP.NS,231.39,230.64,1.23K,Finance,Investment Managers,40.0,22.0,44.0,42.0,11.6443,11.4771,4.57K,3.92K,301.2,191.0,3.87B,No,245.34,253.43,246.36,252.18,248.03,496
2180,POOJAENT.BO,63.43,67.06,0.36K,Consumer Services,Movies/Entertainment,40.0,31.0,21.0,50.0,4.235,3.9486,14.36K,4.19K,119.2,47.0,4.06B,No,67.21,68.68,69.1,67.84,74.19,495
2181,CREDITACC.NS,1267.5,1263.4,158.96K,Finance,Finance/Rental/Leasing,40.0,22.0,19.0,48.0,40.8286,39.4072,302.63K,217.13K,1634.0,1113.0,203.15B,No,1319.83,1420.71,1346.89,1402.1,1368.28,497
2182,AEGEUS.BO,119.5,121.2,26.40K,Producer Manufacturing,Industrial Machinery,40.0,54.0,,,6.3321,6.1393,144.93K,43.92K,173.75,111.0,1.00B,No,130.1,,,,,42
2183,DECOMIC.BO,55.15,57.94,0.05K,Commercial Services,Miscellaneous Commercial Services,40.0,35.0,55.0,42.0,1.7443,1.4007,0.28K,0.13K,85.0,47.0,231.63M,No,58.81,59.35,59.57,58.87,58.01,496
2184,BLUESTARCO.NS,1574.0,1519.0,545.51K,Producer Manufacturing,Industrial Machinery,40.0,84.0,48.0,40.0,49.8,48.2071,557.44K,722.91K,2032.9,1432.3,323.60B,No,1532.17,1529.58,1692.98,1518.63,1619.08,497
2185,JLHL.NS,255.7,247.1,81.73K,Health Services,Hospital/Nursing Management,40.0,26.0,31.0,52.0,9.1107,9.1107,197.98K,312.55K,340.0,235.6,83.83B,No,266.4,291.32,272.57,287.39,276.64,497
2186,JUBLCPL.NS,1906.8,1927.2,5.20K,Process Industries,Chemicals: Agricultural,40.0,16.0,39.0,56.0,100.9786,100.1571,15.95K,6.53K,2753.1,1460.0,28.89B,No,2067.97,2089.79,1956.71,2111.12,1929.69,406
2187,MANBRO.NS,51.06,49.19,498.41K,Consumer Non-Durables,Apparel/Footwear,40.0,52.0,,,3.3236,3.32,201.13K,152.03K,61.49,46.37,5.18B,No,48.82,,,,,35
2188,BRIGADE.NS,548.8,547.2,160.12K,Finance,Real Estate Development,40.0,4.0,50.0,47.0,19.3357,19.3036,556.85K,284.54K,802.01,450.75,179.00B,No,595.0,612.06,568.8,612.77,561.34,497
2189,EPBIO.BO,92.0,92.0,0.50K,Producer Manufacturing,Industrial Machinery,40.0,74.0,46.0,33.0,3.5486,2.9536,0.85K,1.15K,139.0,75.5,154.70M,No,97.29,98.53,98.42,96.42,98.14,493
2190,TANLA.NS,498.35,493.35,412.62K,Technology Services,Information Technology Services,40.0,58.0,37.0,58.0,13.4714,13.0571,1105.37K,314.94K,726.8,365.9,65.81B,No,493.34,537.71,510.43,530.44,518.38,497
2191,BIOCON.NS,349.4,350.0,1889.50K,Health Technology,Pharmaceuticals: Major,40.0,21.0,21.0,44.0,8.9786,8.6571,4281.95K,2822.55K,447.15,337.7,572.23B,No,377.2,399.7,394.34,394.53,397.98,497
2192,JAGRAN.NS,61.49,61.42,69.67K,Consumer Services,Publishing: Newspapers,40.0,62.0,51.0,33.0,0.9907,0.9571,190.59K,143.39K,78.9,59.5,13.38B,No,62.06,62.17,65.08,62.03,64.27,496
2193,PICCADIL.NS,580.7,573.1,90.86K,Process Industries,Agricultural Commodities/Milling,40.0,49.0,27.0,49.0,19.5107,19.1893,289.02K,99.30K,809.7,515.0,57.24B,No,595.78,649.99,608.85,632.82,617.21,316
2194,NHL.BO,70.0,70.0,3.20K,Consumer Services,Other Consumer Services,40.0,76.0,23.0,46.0,1.7964,0.775,1.42K,0.35K,98.76,61.0,249.12M,No,72.55,73.0,76.12,72.97,75.07,494
2195,BALAJITELE.NS,91.04,86.08,499.25K,Consumer Services,Movies/Entertainment,39.0,59.0,57.0,41.0,3.505,3.505,257.50K,125.82K,132.0,69.52,11.10B,No,92.24,91.42,93.71,92.39,91.81,496
2196,SCHAEFFLER.NS,3667.6,3736.7,61.84K,Producer Manufacturing,Metal Fabrication,39.0,37.0,35.0,35.0,88.5572,87.5143,61.66K,46.05K,4467.7,3518.4,573.26B,No,3936.36,3995.92,4001.28,3981.51,4056.91,497
2197,KDML.BO,113.65,113.65,3.60K,Retail Trade,Specialty Stores,39.0,67.0,41.0,15.0,0.0,0.0,0.06K,0.06K,132.9,113.65,2.61B,No,113.65,115.91,124.17,115.44,120.36,494
2198,RRP.BO,8125.6,8125.6001,0.02K,Finance,Investment Banks/Brokers,39.0,52.0,33.0,13.0,11.7821,0.0,0.00K,0.00K,11902.0,8125.6,110.70B,No,8262.15,8443.73,9464.64,8401.31,9028.0,494
2199,DYNPRO.NS,229.42,223.23,4.62K,Consumer Non-Durables,Food: Specialty/Candy,39.0,62.0,56.0,48.0,7.28,7.28,14.99K,8.30K,324.85,190.8,2.85B,No,227.99,236.28,234.07,233.75,233.36,496
2200,SAGARDEEP.NS,23.23,22.4,9.18K,Non-Energy Minerals,Other Metals/Minerals,39.0,56.0,48.0,45.0,1.2421,1.2421,8.32K,7.46K,31.0,20.81,396.24M,No,23.29,23.74,24.46,23.56,23.97,497
2201,LICI.NS,394.25,379.25,5557.05K,Finance,Life/Health Insurance,39.0,52.0,33.0,44.0,10.1,9.4429,10054.75K,6185.11K,468.48,360.75,4987.26B,No,397.39,406.06,412.23,407.41,409.04,497
2202,ICICIGI.NS,1690.2,1624.0,1546.34K,Finance,Specialty Insurance,39.0,90.0,41.0,39.0,49.0714,48.7786,1173.04K,944.98K,2064.9,1423.1,844.50B,No,1533.41,1573.22,1760.69,1568.28,1700.82,497
2203,NIYOGIN.BO,45.41,45.2,46.86K,Finance,Finance/Rental/Leasing,39.0,5.0,66.0,39.0,3.5771,3.5171,100.11K,55.86K,72.87,30.2,5.05B,No,51.14,52.29,46.3,53.05,46.96,495
2204,GKWLIMITED.NS,1544.9,1562.3,6.76K,Transportation,Other Transportation,39.0,67.0,26.0,43.0,43.6357,40.7286,1.34K,3.19K,1937.8,1375.0,9.22B,No,1562.1,1589.44,1656.61,1585.59,1645.6,496
2205,SONALAD.BO,41.41,42.1,0.70K,Producer Manufacturing,Miscellaneous Manufacturing,39.0,66.0,27.0,54.0,3.3,3.0064,1.71K,2.96K,54.9,30.4,250.99M,No,44.13,43.21,41.6,43.44,42.3,495
2206,DEEPAKCHEM.BO,83.97,81.0,6.40K,Process Industries,Chemicals: Major Diversified,39.0,83.0,73.0,27.0,1.32,0.875,5.04K,3.68K,150.0,69.2,912.25M,No,81.62,82.15,89.22,82.56,83.64,495
2207,SUPERSHAKT.BO,225.0,250.0,0.60K,Non-Energy Minerals,Steel,39.0,1.0,45.0,45.0,5.35,0.0071,0.90K,5.13K,315.0,180.05,2.59B,No,279.7,270.21,246.29,268.24,242.52,496
2208,B2BSOFT.BO,21.61,22.0,13.45K,Technology Services,Information Technology Services,39.0,42.0,35.0,3.0,1.7079,1.7071,20.91K,10.48K,38.0,15.81,364.54M,No,22.62,23.7,25.29,23.18,25.63,497
2209,KIRANPR.BO,23.56,24.8,1.00K,Commercial Services,Commercial Printing/Forms,39.0,4.0,11.0,39.0,0.4286,0.1029,0.05K,0.15K,30.98,20.75,117.87M,No,26.37,28.1,27.57,27.72,27.91,495
2210,RAINBOW.NS,1250.2,1230.7,85.02K,Health Services,Hospital/Nursing Management,39.0,12.0,24.0,42.0,47.5572,46.8215,114.62K,246.88K,1610.0,1084.0,126.83B,No,1370.14,1436.32,1329.04,1414.55,1364.77,496
2211,KOTHARIPET.NS,118.43,121.1,54.18K,Process Industries,Chemicals: Specialty,39.0,5.0,37.0,40.0,4.6671,4.66,95.56K,42.42K,155.47,94.75,6.97B,No,131.19,135.59,126.49,134.12,128.73,496
2212,SUNILTX.BO,76.0,80.0,0.20K,Consumer Non-Durables,Apparel/Footwear,39.0,85.0,25.0,59.0,1.6093,0.2593,0.18K,0.06K,94.35,59.5,319.20M,No,80.19,77.34,81.07,78.08,79.16,494
2213,JUBLINGREA.NS,625.8,620.3,309.47K,Process Industries,Chemicals: Major Diversified,39.0,36.0,28.0,44.0,23.7464,23.175,401.76K,340.18K,795.0,537.3,98.70B,No,638.65,684.08,667.52,676.25,673.57,497
2214,HRYNSHP.NS,92.61,96.0,0.91K,Distribution Services,Wholesale Distributors,39.0,34.0,,,4.7193,4.7157,1.05K,0.84K,108.0,91.0,571.10M,No,97.34,,,,,37
2215,TIRUFOAM.BO,73.5,70.05,0.06K,Consumer Durables,Home Furnishings,39.0,0.0,60.0,40.0,2.9357,2.0086,1.67K,3.60K,134.4,56.1,323.91M,No,76.07,91.81,82.47,90.61,82.61,496
2216,SPLIL.NS,29.29,30.0,2.83K,Consumer Non-Durables,Apparel/Footwear,39.0,48.0,38.0,57.0,1.4521,1.4521,9.88K,6.50K,45.2,20.2,859.78M,No,29.75,30.72,30.45,30.73,30.34,496
2217,MORARKFI.BO,58.57,60.0,0.77K,Finance,Financial Conglomerates,39.0,20.0,55.0,70.0,3.1021,3.0136,1.46K,0.80K,113.0,42.11,263.69M,No,62.63,62.93,61.12,62.88,58.39,495
2218,MRCAGRO.BO,33.71,33.87,54.61K,Distribution Services,Wholesale Distributors,39.0,94.0,52.0,58.0,1.9971,1.9786,108.34K,137.31K,54.5,25.24,1.06B,No,32.14,31.72,38.12,31.63,35.06,495
2219,MARBU.BO,42.32,42.83,0.10K,Finance,Real Estate Development,39.0,52.0,60.0,35.0,2.7814,2.57,1.23K,0.76K,65.15,36.12,218.11M,No,44.13,44.34,45.68,44.86,44.76,495
2220,GTV.BO,19.21,20.8,306.82K,Industrial Services,Engineering & Construction,39.0,20.0,17.0,46.0,1.4869,1.3598,201.18K,488.31K,27.97,13.85,2.93B,No,21.11,22.03,21.47,21.81,22.52,497
2221,LESL.BO,21.0,20.5,96.00K,Industrial Services,Engineering & Construction,39.0,59.0,37.0,,0.6743,0.5921,115.52K,54.00K,25.2,20.0,2.98B,No,21.29,21.69,,21.52,,75
2222,PSPL.BO,52.01,52.01,1.00K,Transportation,Air Freight/Couriers,39.0,73.0,62.0,25.0,2.6243,0.9571,0.42K,1.10K,71.0,46.7,154.70M,No,54.72,53.83,55.93,55.13,54.96,384
2223,KFBL.BO,40.48,43.95,16.97K,Consumer Non-Durables,Food: Specialty/Candy,39.0,56.0,41.0,36.0,2.7057,2.5693,6.20K,5.43K,53.0,30.2,607.20M,No,41.71,42.72,42.0,42.09,42.03,495
2224,SRF.NS,2519.5,2485.2,171.72K,Process Industries,Industrial Specialties,39.0,68.0,37.0,50.0,53.6572,49.1215,358.18K,231.49K,3210.0,2355.0,746.79B,No,2497.59,2554.66,2682.77,2546.99,2608.75,497
2225,BANARBEADS.NS,108.41,110.28,1.84K,Consumer Durables,Other Consumer Specialties,39.0,63.0,45.0,45.0,6.7171,6.5321,5.53K,7.46K,164.7,96.05,715.24M,No,113.35,113.54,113.42,113.7,111.23,496
2226,HCLTECH.NS,1216.7,1176.9,2934.12K,Technology Services,Information Technology Services,39.0,49.0,67.0,17.0,34.6786,34.35,2887.10K,3030.53K,1780.1,1030.0,3292.11B,No,1233.48,1289.52,1343.85,1280.18,1249.94,497
2227,UNITEDINT.BO,66.0,66.97,0.00K,Technology Services,Information Technology Services,39.0,63.0,50.0,35.0,2.8957,2.065,0.24K,0.09K,90.88,57.1,120.85M,No,63.42,65.86,70.48,65.46,69.46,495
2228,SHIPROCKET.NS,130.18,129.1,2934.27K,Technology Services,Packaged Software,39.0,55.0,,,5.5714,5.4943,19521.32K,3390.93K,156.9,116.64,94.72B,No,125.08,,,,,36
2229,KVFORGE.BO,132.0,132.3,2.78K,Producer Manufacturing,Metal Fabrication,39.0,44.0,16.0,54.0,6.9286,6.9071,2.12K,1.95K,184.0,106.0,1.44B,No,134.9,138.99,136.54,136.76,137.74,495
2230,DAMODARIND.NS,26.94,26.58,1.86K,Process Industries,Textiles,39.0,36.0,27.0,60.0,1.1214,1.1014,3.40K,4.72K,37.2,20.0,627.70M,No,27.75,27.98,28.04,27.78,28.51,497
2231,KEYFINSERV.NS,244.0,238.0,0.14K,Finance,Investment Banks/Brokers,39.0,59.0,40.0,29.0,13.7714,13.5464,1.11K,1.18K,382.1,220.0,1.36B,No,239.8,249.3,268.86,247.81,258.71,496
2232,ZFSTEERING.NS,688.65,683.1,1.08K,Producer Manufacturing,Auto Parts: Oem,39.0,76.0,66.0,,27.7214,27.1036,7.17K,2.94K,894.98,620.65,6.25B,No,715.66,687.4,,694.2,,119
2233,FINKURVE.NS,69.46,67.41,17.84K,Finance,Finance/Rental/Leasing,39.0,70.0,70.0,61.0,3.0757,3.0729,140.74K,37.19K,133.11,48.02,9.73B,No,70.17,69.37,72.46,71.07,66.58,250
2234,CHLLTD.BO,27.92,27.5,0.69K,Consumer Services,Hotels/Resorts/Cruise Lines,38.0,67.0,64.0,24.0,1.6686,1.5471,0.73K,0.29K,44.6,23.0,1.53B,No,27.4,27.82,30.05,27.93,29.35,495
2235,EXCELSOFT.NS,81.13,80.99,316.49K,Technology Services,Packaged Software,38.0,92.0,64.0,34.0,3.8729,3.8343,1040.60K,1022.80K,142.59,66.4,9.34B,No,81.18,76.91,81.18,77.5,81.3,216
2236,IGARASHI.NS,396.1,393.1,22.13K,Producer Manufacturing,Auto Parts: Oem,38.0,49.0,20.0,71.0,15.1179,14.8214,405.35K,63.20K,558.0,271.05,12.47B,No,414.21,430.05,401.46,428.06,406.28,497
2237,SANGAMFIN.BO,32.0,32.95,3.17K,Finance,Finance/Rental/Leasing,38.0,20.0,19.0,13.0,2.2557,1.8621,2.08K,3.63K,50.0,25.55,1.49B,No,36.43,38.91,38.71,38.93,39.21,495
2238,POLYCHEM.BO,1878.7,1822.7,0.07K,Process Industries,Chemicals: Major Diversified,38.0,71.0,56.0,28.0,54.9643,47.0893,0.06K,0.04K,2499.0,1801.3,759.08M,No,1856.7,1899.21,1985.61,1907.07,1970.87,496
2239,AZADIND.NS,82.42,82.56,42.96K,Non-Energy Minerals,Steel,38.0,32.0,,,6.1664,6.0607,47.87K,91.77K,98.99,70.41,4.49B,No,83.02,,,,,37
2240,HERCULES.BO,117.85,102.1,70.17K,Producer Manufacturing,Trucks/Construction/Farm Machinery,38.0,55.0,60.0,58.0,4.9036,4.9036,7.25K,6.16K,210.0,85.85,3.77B,No,112.97,118.43,124.53,118.56,119.38,495
2241,CHOICEIN.NS,713.1,710.65,213.03K,Commercial Services,Miscellaneous Commercial Services,38.0,45.0,25.0,52.0,21.8536,21.6357,513.47K,399.74K,860.5,568.7,158.86B,No,741.89,775.42,742.92,770.86,731.48,497
2242,GARUDA.NS,163.63,165.42,310.85K,Industrial Services,Engineering & Construction,38.0,21.0,41.0,42.0,5.4036,5.3471,808.09K,281.54K,249.3,130.0,15.22B,No,175.49,178.26,175.94,177.15,173.27,493
2243,BRIGHT.BO,340.0,342.45,1.50K,Commercial Services,Advertising/Marketing Services,38.0,52.0,35.0,26.0,6.2214,5.175,18.91K,12.94K,450.0,310.05,7.42B,No,347.54,352.12,380.97,350.77,368.49,496
2244,MULLER.BO,207.0,199.0,0.10K,Distribution Services,Wholesale Distributors,38.0,79.0,46.0,39.0,5.0393,3.2464,0.05K,0.01K,264.0,188.1,129.38M,No,202.92,209.81,218.77,211.69,214.94,496
2245,SSWRL.BO,22.56,23.46,2.00K,Non-Energy Minerals,Steel,38.0,16.0,21.0,55.0,0.9893,0.8393,5.94K,0.77K,43.16,16.6,74.71M,No,24.51,26.1,23.0,25.48,23.73,495
2246,OXYGENTAPH.BO,48.6,47.69,3.57K,Health Technology,Pharmaceuticals: Major,38.0,17.0,61.0,28.0,1.9821,1.8936,15.09K,18.08K,71.59,43.0,1.80B,No,50.36,54.96,53.18,55.01,52.76,495
2247,CRESCENTIS.BO,102.75,102.95,8.92K,Finance,Investment Banks/Brokers,38.0,64.0,43.0,25.0,7.0143,6.6571,3.56K,2.89K,144.7,92.95,1.75B,No,101.37,104.35,114.53,103.96,113.49,495
2248,AMNPLST.NS,174.75,165.87,30.90K,Process Industries,Chemicals: Specialty,38.0,79.0,22.0,61.0,13.4286,13.2843,18.90K,62.03K,250.0,127.0,9.61B,No,168.22,179.96,178.29,177.59,179.64,497
2249,BLIL.NS,64.56,64.92,53.99K,Commercial Services,Miscellaneous Commercial Services,38.0,21.0,,,1.0879,1.0829,74.38K,60.82K,73.4,64.22,14.33B,No,66.48,,,,,37
2250,NTCIND.NS,128.72,135.03,4.33K,Consumer Non-Durables,Tobacco,38.0,43.0,,,8.3164,8.2864,2.01K,1.39K,147.0,126.0,,No,134.36,,,,,37
2251,KGVL.BO,45.6,46.99,4.80K,Finance,Financial Conglomerates,38.0,84.0,42.0,60.0,1.07,0.7121,0.73K,0.93K,74.97,39.0,318.20M,No,43.29,46.42,48.67,46.0,49.42,493
2252,SOURCENTRL.BO,112.25,110.15,1.40K,Health Technology,Pharmaceuticals: Other,38.0,82.0,62.0,22.0,7.8429,7.8286,2.59K,0.84K,170.0,96.55,722.55M,No,110.8,109.61,119.42,109.59,113.13,495
2253,KUANTUM.NS,75.92,74.07,61.41K,Process Industries,Pulp & Paper,38.0,59.0,61.0,43.0,4.2879,4.2879,147.80K,96.85K,111.3,65.01,6.63B,No,77.59,77.52,80.92,77.5,77.36,496
2254,BCPL.NS,64.53,64.91,12.67K,Industrial Services,Engineering & Construction,38.0,28.0,35.0,35.0,3.2857,3.2857,11.00K,12.45K,92.0,60.0,1.08B,No,67.93,69.06,,68.68,,133
2255,3MINDIA.NS,30170.0,30025.0,1.74K,Producer Manufacturing,Industrial Conglomerates,38.0,29.0,25.0,37.0,936.4286,915.3571,4.53K,6.47K,38030.0,28730.0,339.87B,No,32412.75,33627.0,33703.4,33397.0,33023.83,496
2256,MPDL.NS,25.87,26.0,1.30K,Industrial Services,Engineering & Construction,38.0,2.0,,,1.1393,0.86,3.48K,1.26K,45.29,23.26,191.76M,No,29.07,,,,,36
2257,ULTRACEMCO.NS,10675.0,10426.0,157.33K,Non-Energy Minerals,Construction Materials,38.0,57.0,38.0,31.0,203.2857,189.3571,278.82K,329.55K,13110.0,10325.0,3140.26B,No,10874.95,11332.18,11684.9,11284.5,11426.33,497
2258,CONTROLPR.NS,611.35,613.4,17.30K,Electronic Technology,Computer Peripherals,38.0,77.0,48.0,37.0,17.2571,17.2571,44.27K,23.54K,810.0,517.0,9.78B,No,599.91,590.14,629.98,594.0,615.3,496
2259,HINDALUMI.NS,89.5,89.9,0.34K,Non-Energy Minerals,Aluminum,38.0,31.0,,,3.7586,3.7371,3.30K,1.79K,107.5,86.3,,No,92.65,,,,,37
2260,EVERFIN.BO,102.2,109.35,0.16K,Process Industries,Textiles,38.0,58.0,22.0,58.0,6.8179,5.9107,0.28K,0.32K,143.0,77.5,633.64M,No,107.89,107.14,106.29,106.1,107.88,495
2261,LUXIND.NS,1130.2,1108.5,16.46K,Consumer Non-Durables,Apparel/Footwear,38.0,69.0,32.0,22.0,58.7357,58.05,38.51K,27.91K,1823.35,824.05,33.99B,No,1127.09,1178.58,1167.42,1167.02,1241.95,497
2262,JENBURPH.NS,947.1,954.2,0.92K,Health Technology,Pharmaceuticals: Major,38.0,30.0,,,45.3214,45.3214,1.66K,2.14K,1073.9,886.8,,No,951.48,,,,,37
2263,TRITONV.NS,1036.4,1029.9,1.96K,Consumer Durables,Automotive Aftermarket,38.0,34.0,,,48.7643,47.7786,2.70K,1.54K,1219.3,1020.0,,No,1079.91,,,,,37
2264,MOHITPPR.BO,25.5,25.5,0.99K,Producer Manufacturing,Office Equipment/Supplies,38.0,45.0,53.0,36.0,1.1293,1.0407,0.77K,0.56K,38.79,23.75,357.00M,No,26.13,26.99,28.12,26.84,27.47,495
2265,ENERGYINF.BO,74.0,73.78,1550.00K,Miscellaneous,Investment Trusts,38.0,71.0,42.0,32.0,0.7679,0.7379,783.47K,462.50K,97.47,71.59,49.14B,No,73.21,73.81,79.05,73.74,76.32,495
2266,ENVAIREL.BO,57.18,58.34,0.04K,Producer Manufacturing,Industrial Machinery,38.0,95.0,7.0,81.0,1.9386,1.4621,2.00K,0.40K,128.95,36.68,265.32M,No,56.73,50.07,62.57,50.41,62.17,495
2267,VRL.BO,146.85,143.4,3.81K,Health Technology,Pharmaceuticals: Major,38.0,62.0,22.0,65.0,12.2214,12.0821,1.12K,1.24K,220.0,100.1,466.72M,No,151.81,159.38,149.06,157.49,149.52,495
2268,PINELABS.NS,163.07,169.79,20222.98K,Technology Services,Packaged Software,38.0,53.0,77.0,33.0,8.6029,8.3843,29966.69K,19467.68K,284.0,134.73,188.30B,No,180.06,168.22,179.4,170.91,164.36,224
2269,SBFL.BO,21.75,21.75,0.00K,Process Industries,Textiles,38.0,46.0,62.0,21.0,0.8307,0.7864,0.75K,0.59K,31.88,19.5,206.62M,No,22.14,22.54,23.94,22.43,23.4,495
2270,ALPINEHOU.BO,94.4,98.3,2.33K,Consumer Durables,Homebuilding,38.0,3.0,44.0,53.0,6.2857,6.1143,2.46K,1.28K,155.9,74.12,1.64B,No,103.2,118.07,101.71,114.45,102.23,495
2271,GANGESSECU.NS,113.97,113.75,0.16K,Consumer Non-Durables,Food: Specialty/Candy,37.0,53.0,54.0,40.0,3.4393,3.3736,2.09K,1.61K,178.15,103.31,1.14B,No,114.02,116.94,121.88,116.58,119.24,496
2272,MCLEODRUSS.NS,41.23,40.63,163.97K,Consumer Non-Durables,Food: Specialty/Candy,37.0,32.0,7.0,53.0,2.2679,2.0407,251.16K,357.98K,78.41,28.5,4.31B,No,43.36,46.36,49.76,45.52,52.16,496
2273,MOHITIND.NS,22.99,22.01,10.02K,Process Industries,Textiles,37.0,60.0,60.0,45.0,1.1514,1.1493,31.79K,7.27K,34.8,18.6,325.48M,No,23.08,23.81,24.05,23.92,23.33,496
2274,RUDRAECO.BO,19.91,20.77,107.83K,Process Industries,Textiles,37.0,19.0,73.0,18.0,1.37,1.295,126.20K,113.43K,37.58,13.96,2.38B,No,22.2,20.9,21.01,21.25,20.15,495
2275,IDENTIXWEB.BO,65.0,65.0,2.00K,Technology Services,Packaged Software,37.0,10.0,37.0,7.0,1.1857,0.9,2.25K,1.80K,101.0,55.0,678.70M,No,68.6,66.15,70.61,66.22,70.59,373
2276,LINDEINDIA.NS,5996.0,6026.0,10.22K,Process Industries,Chemicals: Specialty,37.0,43.0,25.0,18.0,170.9286,168.3571,24.05K,25.13K,8049.0,5673.0,511.36B,No,6172.62,6472.89,6722.69,6418.55,6912.6,496
2277,AUTOAXLES.NS,1600.1,1608.8,4.38K,Producer Manufacturing,Auto Parts: Oem,37.0,53.0,36.0,34.0,47.8714,47.8572,9.30K,9.08K,2115.0,1540.2,24.18B,No,1668.62,1727.69,1802.44,1715.66,1743.7,496
2278,EIKO.BO,46.65,46.65,4.19K,Process Industries,Chemicals: Specialty,37.0,61.0,48.0,24.0,2.9857,2.9857,11.72K,25.01K,64.44,43.0,689.97M,No,47.49,47.77,50.41,47.32,49.34,495
2279,ONESOURCE.NS,1461.3,1478.2,194.58K,Health Technology,Pharmaceuticals: Major,37.0,36.0,35.0,57.0,56.0357,56.0357,287.17K,249.53K,1925.0,1057.0,167.57B,No,1557.85,1554.51,1576.31,1549.92,1615.69,423
2280,GANESHHOU.NS,699.5,691.8,22.93K,Consumer Durables,Homebuilding,37.0,39.0,14.0,67.0,21.6607,21.1,39.83K,39.98K,899.7,500.0,58.33B,No,728.17,763.59,728.75,760.67,724.8,496
2281,DATAMATICS.NS,745.8,744.8,32.05K,Technology Services,Packaged Software,37.0,72.0,19.0,53.0,30.8357,30.6321,121.39K,101.58K,1010.0,632.0,44.08B,No,775.2,799.92,772.72,797.73,781.74,497
2282,GMRAIRPORT.NS,92.31,87.77,65551.83K,Transportation,Other Transportation,37.0,48.0,18.0,39.0,2.4986,2.3686,13630.21K,18105.63K,115.64,84.11,984.11B,No,95.03,98.61,99.65,98.48,100.06,497
2283,CONCOR.NS,442.0,434.0,493.88K,Transportation,Railroads,37.0,18.0,49.0,33.0,12.2929,11.9536,1880.74K,1065.91K,557.0,421.45,336.64B,No,465.06,494.6,491.21,492.05,485.05,497
2284,DONEAR.NS,81.1,79.95,2.48K,Process Industries,Textiles,37.0,40.0,49.0,23.0,1.7371,1.735,18.77K,9.58K,116.51,77.6,4.22B,No,82.07,84.38,88.18,84.91,87.53,497
2285,HBLENGINE.NS,719.05,725.15,846.14K,Producer Manufacturing,Electrical Products,37.0,62.0,45.0,45.0,29.3929,29.0679,1515.72K,1967.08K,1122.0,613.0,199.32B,No,757.48,720.66,758.1,726.46,750.63,497
2286,ARYACAPM.BO,417.1,400.75,0.02K,Finance,Investment Banks/Brokers,37.0,65.0,64.0,23.0,10.7,8.675,0.50K,0.05K,587.0,385.05,5.00B,No,416.4,414.94,430.86,416.38,420.11,495
2287,INSPIRISYS.NS,84.99,84.39,1.12K,Technology Services,Information Technology Services,37.0,42.0,17.0,49.0,4.0707,3.9107,4.92K,5.40K,133.9,69.92,3.37B,No,85.57,90.3,92.97,88.96,94.85,496
2288,SARTHAKIND.BO,25.56,26.9,0.65K,Producer Manufacturing,Industrial Machinery,37.0,74.0,61.0,27.0,1.1221,0.9786,0.64K,0.94K,41.38,21.2,237.50M,No,25.34,25.73,27.56,25.57,26.0,494
2289,INDTERRAIN.NS,29.25,29.15,10.38K,Consumer Non-Durables,Apparel/Footwear,37.0,55.0,41.0,29.0,0.905,0.905,38.14K,12.26K,42.62,24.56,1.48B,No,29.23,30.12,31.58,29.97,30.8,496
2290,ICODEX.BO,39.0,38.0,2.40K,Technology Services,Packaged Software,37.0,82.0,64.0,12.0,1.2243,1.0057,6.38K,6.84K,60.3,29.01,609.84M,No,37.83,37.91,41.73,38.14,40.9,282
2291,SUNCLAY.NS,1224.4,1100.8,249.86K,Producer Manufacturing,Auto Parts: Oem,37.0,46.0,38.0,35.0,49.4786,49.4786,8.04K,6.89K,1644.1,1087.0,26.99B,No,1225.54,1250.91,1308.16,1255.75,1323.87,495
2292,UNIAUTO.BO,50.91,50.3,1.98K,Non-Energy Minerals,Steel,37.0,65.0,55.0,30.0,2.2107,2.1507,9.92K,12.13K,69.69,41.9,633.04M,No,50.47,51.43,54.8,50.87,52.88,495
2293,NHPC.NS,72.99,71.65,5017.87K,Utilities,Electric Utilities,37.0,53.0,39.0,37.0,1.4407,1.4143,10660.10K,7467.37K,87.81,70.25,733.19B,No,74.59,75.99,77.6,75.51,77.49,497
2294,BAJAJFINSV.NS,1734.7,1708.0,772.30K,Finance,Life/Health Insurance,37.0,22.0,37.0,40.0,35.9929,33.1143,1024.12K,1111.73K,2195.0,1597.0,2775.94B,No,1797.95,1924.81,1879.71,1902.6,1827.71,497
2295,EMPIND.NS,1004.0,1021.7,2.85K,Distribution Services,Food Distributors,37.0,10.0,,,27.2214,25.5,4.73K,3.28K,1248.0,987.5,6.02B,No,1044.84,,,,,37
2296,DHARNI.BO,55.25,55.25,39.00K,Finance,Investment Managers,37.0,69.0,19.0,19.0,0.0364,0.0364,2.71K,4.33K,66.05,52.5,1.13B,No,55.11,56.85,61.29,56.08,61.52,494
2297,SILVOAK.BO,72.22,73.99,0.54K,Consumer Non-Durables,Beverages: Alcoholic,37.0,46.0,49.0,21.0,4.6707,4.4814,0.48K,0.28K,132.0,60.8,273.73M,No,73.98,74.69,82.96,74.38,78.92,495
2298,BANDHANBNK.NS,157.0,155.54,10435.92K,Finance,Major Banks,37.0,32.0,7.0,37.0,7.4279,6.9793,13952.62K,11978.30K,220.76,134.25,252.95B,No,174.81,172.61,176.11,173.11,182.98,497
2299,SHEMAROO.NS,101.86,102.95,6.22K,Consumer Services,Movies/Entertainment,37.0,4.0,12.0,52.0,5.725,5.6507,10.46K,12.76K,143.0,73.0,2.93B,No,116.33,121.57,110.43,120.33,113.06,496
2300,BOMBCYC.BO,1521.0,1520.0,0.00K,Consumer Services,Other Consumer Services,37.0,55.0,56.0,28.0,16.3821,14.4679,0.03K,0.03K,1996.35,1512.0,608.40M,No,1548.8,1558.23,1646.15,1562.83,1609.38,495
2301,PRITHVIEXCH.BO,102.8,100.0,0.28K,Finance,Finance/Rental/Leasing,37.0,71.0,58.0,22.0,7.5357,7.5357,1.40K,2.27K,145.95,91.0,848.06M,No,103.28,101.77,110.48,102.47,108.5,495
2302,SCOOBEEDAY.BO,67.89,67.94,0.01K,Consumer Non-Durables,Apparel/Footwear,37.0,71.0,48.0,41.0,2.5421,1.9279,0.58K,0.44K,92.33,58.2,1.15B,No,65.09,66.7,70.92,66.79,69.2,495
2303,SWARAJENG.NS,3439.1,3491.6001,7.92K,Producer Manufacturing,Auto Parts: Oem,37.0,46.0,38.0,30.0,59.5929,59.5929,10.15K,8.01K,4437.4,3301.3,41.78B,No,3545.87,3572.5,3666.9,3563.96,3706.47,496
2304,SSTL.BO,20.0,18.56,5.00K,Distribution Services,Wholesale Distributors,37.0,38.0,68.0,44.0,1.0343,0.4964,12.54K,9.50K,39.81,15.45,547.35M,No,20.99,20.73,20.58,21.13,20.88,496
2305,SONAL.NS,81.49,85.0,0.16K,Finance,Finance/Rental/Leasing,37.0,32.0,,,3.7429,3.1129,0.18K,0.38K,94.0,73.35,1.20B,No,86.18,,,,,37
2306,IGIL.NS,309.05,307.05,380.28K,Commercial Services,Miscellaneous Commercial Services,37.0,58.0,34.0,31.0,9.675,9.6321,595.21K,449.79K,388.3,287.0,133.56B,No,319.07,333.25,336.95,330.15,343.58,441
2307,LTTS.NS,3270.1,3176.6001,60.54K,Commercial Services,Miscellaneous Commercial Services,37.0,55.0,59.0,40.0,105.8,104.0857,132.99K,66.99K,4726.0,3010.0,346.91B,No,3262.59,3429.75,3546.44,3417.1,3404.29,497
2308,PRAENG.NS,19.74,18.17,127.94K,Consumer Durables,Homebuilding,36.0,14.0,59.0,38.0,2.0729,2.0671,100.19K,171.88K,33.88,17.0,1.38B,No,21.32,21.05,21.79,21.26,21.3,496
2309,SANDUPHQ.BO,36.46,36.56,6.83K,Health Technology,Pharmaceuticals: Other,36.0,52.0,33.0,38.0,1.895,1.8529,2.58K,1.81K,50.0,30.0,352.24M,No,36.83,37.73,38.2,37.49,38.8,495
2310,DESCO.BO,177.85,178.5,8.00K,Industrial Services,Engineering & Construction,36.0,90.0,25.0,62.0,8.5464,8.2107,20.18K,17.75K,293.65,122.0,1.37B,No,180.07,178.08,188.09,178.02,195.5,377
2311,ASHOKLEY.NS,145.06,145.02,11096.57K,Producer Manufacturing,Trucks/Construction/Farm Machinery,36.0,11.0,40.0,19.0,3.8514,3.5921,15056.40K,13658.55K,215.42,134.21,,No,156.27,166.27,171.19,164.83,161.94,497
2312,GENUSPRIME.BO,22.56,23.74,240.40K,Industrial Services,Engineering & Construction,36.0,0.0,6.0,42.0,1.6314,0.295,34.73K,126.06K,59.8,16.3,1.76B,No,35.09,37.36,28.79,37.2,30.95,495
2313,TFSL.BO,30.62,29.17,0.00K,Finance,Finance/Rental/Leasing,36.0,96.0,4.0,3.0,1.0293,0.2507,3.06K,6.55K,53.96,18.05,91.88M,No,24.59,30.31,39.49,29.09,38.4,496
2314,BORANA.NS,258.2,259.8,26.97K,Process Industries,Textiles,36.0,4.0,24.0,9.0,11.9607,11.8786,34.86K,37.60K,420.0,216.61,6.88B,No,288.52,306.45,328.66,302.25,317.54,341
2315,HISARMETAL.NS,142.93,144.26,1.85K,Non-Energy Minerals,Steel,36.0,21.0,44.0,39.0,5.2186,5.0364,1.79K,1.07K,192.4,124.99,771.82M,No,151.62,152.57,154.48,152.5,150.95,496
2316,BHARATGEAR.NS,105.13,105.73,23.61K,Producer Manufacturing,Trucks/Construction/Farm Machinery,36.0,75.0,27.0,54.0,2.7686,2.7421,16.72K,13.37K,141.33,83.8,1.61B,No,101.28,104.17,109.83,102.49,110.28,497
2317,SAMRATFORG.BO,208.95,210.0,0.03K,Producer Manufacturing,Industrial Machinery,36.0,29.0,32.0,51.0,6.6143,3.8036,0.05K,0.03K,298.95,162.25,1.04B,No,217.28,227.18,218.61,226.61,218.31,495
2318,NSLNISP.NS,39.23,39.1,2927.78K,Non-Energy Minerals,Steel,36.0,15.0,37.0,41.0,1.2679,1.2679,6619.63K,4493.36K,53.75,33.01,114.97B,No,41.71,42.9,42.34,43.18,42.87,497
2319,RCCL.BO,29.74,29.0,0.00K,Utilities,Gas Distributors,36.0,74.0,52.0,41.0,0.7693,0.4364,0.35K,0.06K,44.89,26.46,99.97M,No,30.07,30.87,32.64,31.03,31.84,495
2320,TECHNVISN.NS,4487.7,4384.5,0.80K,Technology Services,Data Processing Services,36.0,40.0,,,268.1286,263.3286,0.46K,0.48K,5550.0,3575.4,28.16B,No,4203.5,,,,,37
2321,PREMIERENE.NS,895.35,884.65,501.30K,Electronic Technology,Semiconductors,36.0,27.0,14.0,33.0,28.9607,28.6036,1168.55K,1221.37K,1134.0,660.0,404.20B,No,905.89,974.2,931.41,967.94,998.83,497
2322,VGL.NS,62.44,62.41,64.92K,Process Industries,Textiles,36.0,92.0,57.0,34.0,3.505,3.3521,101.74K,57.95K,84.75,43.7,3.22B,No,65.11,61.14,63.79,61.34,61.9,497
2323,BSL.NS,121.33,119.57,4.08K,Process Industries,Textiles,36.0,62.0,48.0,49.0,4.38,4.3564,3.71K,1.81K,205.0,98.0,1.25B,No,120.34,122.06,128.17,121.36,123.31,496
2324,PRESTIGE.NS,1406.8,1411.0,230.68K,Finance,Real Estate Development,36.0,25.0,16.0,54.0,43.2143,41.5643,595.38K,812.92K,1805.2,1090.0,605.95B,No,1458.52,1541.67,1481.38,1528.71,1468.64,497
2325,YORKEXP.BO,54.52,54.46,0.20K,Process Industries,Textiles,36.0,67.0,63.0,18.0,2.4429,1.6007,0.69K,0.18K,79.0,47.1,183.34M,No,64.76,59.01,59.1,59.25,58.07,495
2326,HTMEDIA.NS,22.26,22.06,17.44K,Consumer Services,Publishing: Newspapers,36.0,16.0,30.0,34.0,1.12,1.12,225.55K,69.12K,31.3,17.52,5.15B,No,23.46,25.28,23.26,25.19,23.53,496
2327,HARRMALAYA.NS,172.2,169.2,2.91K,Process Industries,Agricultural Commodities/Milling,36.0,28.0,23.0,30.0,8.2664,8.2664,16.70K,11.49K,237.9,153.66,3.18B,No,176.96,192.87,191.21,189.79,200.33,497
2328,GOKEX.NS,667.7,652.35,138.43K,Consumer Non-Durables,Apparel/Footwear,36.0,10.0,14.0,44.0,25.7322,25.4679,271.42K,295.60K,954.9,531.0,48.93B,No,702.06,755.14,721.69,750.3,737.14,497
2329,GINNIFILA.NS,40.75,40.33,19.83K,Process Industries,Textiles,36.0,46.0,9.0,54.0,1.5114,1.5114,47.79K,61.11K,57.85,31.5,3.49B,No,41.22,43.19,42.3,42.98,43.63,496
2330,HARIOMPIPE.NS,334.85,326.55,96.00K,Non-Energy Minerals,Steel,36.0,25.0,29.0,67.0,13.3821,13.3393,207.11K,92.13K,480.1,268.05,10.37B,No,346.49,359.07,364.79,354.46,356.77,497
2331,LAPL.BO,114.55,111.45,40.80K,Producer Manufacturing,Auto Parts: Oem,36.0,68.0,,,5.2786,5.2107,147.20K,42.00K,139.0,97.6,1.44B,No,107.15,,,,,40
2332,SHANKARA.NS,117.57,115.3,127.10K,Retail Trade,Home Improvement Chains,36.0,3.0,35.0,39.0,7.35,7.2164,166.38K,67.39K,152.56,98.25,2.85B,No,134.95,140.47,122.11,139.34,128.15,496
2333,CEEJAY.BO,152.6,152.6,0.01K,Finance,Finance/Rental/Leasing,36.0,49.0,54.0,18.0,1.3571,0.5179,0.27K,0.04K,202.5,150.0,526.47M,No,156.7,165.43,173.77,163.68,173.37,494
2334,NESCO.NS,1038.5,1027.8,16.94K,Producer Manufacturing,Industrial Machinery,36.0,38.0,47.0,33.0,29.6143,28.9714,48.71K,53.76K,1413.3,996.0,73.17B,No,1064.68,1055.23,1124.53,1056.74,1109.61,496
2335,SCHAND.NS,140.88,141.85,25.93K,Consumer Services,Publishing: Books/Magazines,36.0,77.0,47.0,31.0,6.2529,6.2407,30.28K,30.50K,185.96,127.73,4.97B,No,139.66,138.96,151.64,139.55,149.05,496
2336,MAXIND.NS,154.73,158.42,30.08K,Health Services,Medical/Nursing Services,36.0,81.0,46.0,46.0,8.7493,8.6914,147.10K,113.68K,225.01,120.0,8.71B,No,152.35,155.32,159.82,153.8,157.44,496
2337,HAWAENG.BO,79.6,78.7,0.28K,Producer Manufacturing,Industrial Machinery,36.0,71.0,55.0,45.0,6.23,6.0321,0.53K,0.59K,129.95,63.4,280.70M,No,79.06,79.49,83.16,79.99,81.45,495
2338,BANG.NS,32.67,33.7,15.05K,Consumer Non-Durables,Apparel/Footwear,36.0,59.0,74.0,36.0,1.6207,1.6157,70.93K,25.78K,62.07,25.84,443.01M,No,32.83,32.13,36.59,32.19,33.43,496
2339,VLSFINANCE.NS,221.43,228.67,9.01K,Finance,Investment Banks/Brokers,36.0,24.0,29.0,38.0,8.2193,8.2129,11.53K,6.81K,339.0,198.81,6.95B,No,236.06,245.88,249.94,243.76,241.0,496
2340,ARTNIRMAN.NS,38.9,38.0,0.49K,Consumer Durables,Homebuilding,36.0,54.0,51.0,34.0,2.2743,2.12,1.34K,1.10K,66.97,29.39,970.79M,No,39.52,40.24,41.34,40.29,40.54,497
2341,ROTO.NS,60.09,60.73,467.69K,Producer Manufacturing,Industrial Machinery,36.0,33.0,28.0,55.0,2.2279,2.1936,457.96K,352.33K,80.77,47.5,11.35B,No,62.82,64.7,62.38,64.12,62.46,497
2342,DBL.NS,395.65,397.4,75.88K,Industrial Services,Engineering & Construction,35.0,70.0,42.0,33.0,11.3643,11.3607,655.40K,130.47K,531.65,381.55,64.27B,No,407.81,414.07,435.67,411.99,426.51,496
2343,RAMCOIND.NS,291.8,290.75,107.05K,Non-Energy Minerals,Construction Materials,35.0,28.0,12.0,57.0,10.7179,10.6393,532.81K,93.11K,395.5,230.65,25.34B,No,312.91,328.76,306.73,327.1,306.09,497
2344,AKASH.NS,24.39,24.45,0.56K,Industrial Services,Engineering & Construction,35.0,58.0,31.0,24.0,0.985,0.985,6.26K,4.07K,34.74,22.8,411.28M,No,24.71,25.19,25.95,24.94,26.15,496
2345,NARMADESH.BO,274.15,275.5,0.96K,Producer Manufacturing,Metal Fabrication,35.0,6.0,31.0,83.0,6.3393,1.2429,4.35K,0.17K,446.75,150.0,850.08M,No,322.09,316.21,,317.65,294.43,176
2346,CANBK.NS,119.59,117.35,9652.82K,Finance,Major Banks,35.0,52.0,42.0,21.0,2.6286,2.5629,16466.34K,15243.46K,162.89,116.51,1084.76B,No,121.79,125.61,135.74,125.77,129.76,497
2347,SAMKRG.BO,110.95,108.75,2.81K,Producer Manufacturing,Auto Parts: Oem,35.0,58.0,42.0,37.0,4.2214,4.1893,2.47K,2.60K,147.9,99.95,1.09B,No,111.83,115.33,119.44,115.44,117.25,495
2348,CDSL.NS,1260.0,1258.0,716.45K,Finance,Investment Banks/Brokers,35.0,25.0,31.0,42.0,28.8286,28.4071,1400.26K,1055.09K,1673.7,1116.3,263.34B,No,1306.32,1341.75,1319.68,1344.11,1305.5,497
2349,SIMPLXPAP.BO,1225.0,1225.0,0.01K,Distribution Services,Wholesale Distributors,35.0,15.0,58.0,13.0,16.2893,0.0786,0.01K,0.00K,1890.0,1127.05,36.77M,No,1266.8,1304.08,1421.88,1297.79,1374.9,493
2350,PNTKYOR.BO,35.1,35.57,0.40K,Process Industries,Chemicals: Specialty,35.0,77.0,55.0,28.0,1.825,1.4607,0.63K,0.60K,57.0,28.49,220.17M,No,34.1,33.95,37.15,33.72,35.87,495
2351,ORKLAINDIA.NS,559.2,549.7,122.61K,Consumer Non-Durables,Food: Specialty/Candy,35.0,46.0,47.0,28.0,18.6036,18.2821,94.89K,78.86K,760.0,530.05,76.60B,No,562.19,567.19,593.19,569.76,597.38,230
2352,MSCTC.BO,54.16,53.1,0.29K,Non-Energy Minerals,Steel,35.0,38.0,89.0,3.0,0.9179,0.27,4.26K,0.48K,123.4,38.5,377.75M,No,56.11,54.77,75.25,55.45,61.02,496
2353,BHANDERI.BO,125.0,125.0,3.60K,Finance,Real Estate Development,35.0,48.0,28.0,19.0,0.5714,0.0,3.95K,0.40K,154.0,121.0,324.58M,No,124.85,132.0,141.84,130.4,136.8,494
2354,ONIDA.NS,28.79,29.5,236.71K,Electronic Technology,Telecommunications Equipment,35.0,6.0,3.0,35.0,1.71,1.7079,414.14K,359.87K,49.23,21.5,10.64B,No,32.26,34.91,34.11,33.95,35.89,497
2355,BHARATWIRE.NS,167.78,165.73,141.71K,Producer Manufacturing,Metal Fabrication,35.0,48.0,10.0,41.0,6.8607,6.835,155.03K,225.53K,262.0,148.01,11.54B,No,167.8,180.31,189.84,178.47,195.95,497
2356,PREVEST.BO,382.4,380.35,10.00K,Health Technology,Medical Specialties,35.0,63.0,60.0,32.0,11.4357,11.3107,14.83K,12.90K,550.0,318.15,4.59B,No,384.3,386.94,412.77,386.55,395.42,495
2357,NTPC.NS,312.0,309.7,7374.20K,Utilities,Electric Utilities,35.0,44.0,37.0,17.0,5.7321,5.425,8674.48K,8487.37K,414.4,308.45,3025.36B,No,323.79,332.22,357.36,329.58,357.68,497
2358,DHPIND.BO,493.15,492.35,0.39K,Producer Manufacturing,Miscellaneous Manufacturing,35.0,48.0,44.0,28.0,12.8286,12.4821,0.92K,0.48K,638.95,430.0,1.48B,No,502.06,508.36,517.94,510.21,516.94,495
2359,VASHISHTHA.BO,68.45,65.0,1.20K,Consumer Non-Durables,Apparel/Footwear,35.0,76.0,82.0,65.0,2.6314,0.42,3.05K,2.64K,189.5,52.11,161.32M,No,64.02,62.97,70.36,64.08,63.06,263
2360,BEL.NS,368.15,367.3,17192.80K,Electronic Technology,Aerospace & Defense,35.0,23.0,33.0,20.0,7.3607,7.1214,10713.62K,11015.62K,473.45,360.5,2691.10B,No,388.77,398.68,417.56,398.55,413.12,497
2361,MUTHOOTCAP.NS,209.49,207.66,5.71K,Finance,Finance/Rental/Leasing,35.0,22.0,46.0,53.0,10.1779,10.1571,18.07K,9.08K,303.0,175.25,3.45B,No,223.54,237.87,224.73,236.36,216.03,497
2362,EARKART.BO,130.0,130.0,17.00K,Health Technology,Medical Specialties,35.0,84.0,12.0,47.0,4.9714,3.175,1.27K,2.33K,265.95,104.35,1.79B,No,130.47,131.33,142.4,132.14,136.54,249
2363,SBILIFE.NS,1684.6,1682.5,1204.48K,Finance,Life/Health Insurance,35.0,66.0,36.0,25.0,44.3786,43.6,1008.96K,1535.48K,2132.0,1652.9,1690.34B,No,1721.91,1765.67,1876.01,1754.34,1807.56,497
2364,WALLFORT.BO,73.55,75.04,0.85K,Finance,Investment Banks/Brokers,35.0,25.0,46.0,49.0,4.92,3.7857,1.33K,0.37K,119.95,55.55,712.49M,No,80.66,81.74,78.84,80.41,76.9,495
2365,SURAJEST.NS,202.34,196.86,65.34K,Industrial Services,Engineering & Construction,35.0,91.0,57.0,39.0,12.295,12.2414,175.36K,120.16K,319.0,165.0,9.70B,No,200.52,198.42,212.27,197.94,204.76,497
2366,ALFREDHE.NS,2650.0,2740.0,0.05K,Producer Manufacturing,Industrial Machinery,35.0,24.0,,,57.7072,47.9643,0.05K,0.01K,3151.0,2650.0,,No,2789.09,,,,,37
2367,KEL.BO,25.78,25.66,0.00K,Producer Manufacturing,Industrial Machinery,35.0,77.0,52.0,25.0,0.1607,0.1179,0.04K,0.02K,38.85,21.88,180.99M,No,25.73,27.72,27.36,27.04,27.46,495
2368,ORICONENT.NS,51.1,50.72,17.05K,Producer Manufacturing,Miscellaneous Manufacturing,35.0,53.0,42.0,10.0,3.0814,3.0814,89.45K,170.41K,73.12,47.04,8.07B,No,52.08,53.45,60.1,53.08,58.71,496
2369,SHK.NS,136.61,136.13,182.43K,Process Industries,Chemicals: Specialty,35.0,42.0,67.0,47.0,5.4007,5.3471,802.62K,277.75K,231.28,111.98,18.91B,No,139.16,151.4,146.12,149.51,140.28,497
2370,ZFCVINDIA.NS,2082.2,2116.2,28.36K,Producer Manufacturing,Auto Parts: Oem,35.0,6.0,34.0,22.0,60.85,60.3643,132.20K,94.61K,3044.0,2050.33,236.97B,No,2331.77,2474.47,2443.61,2466.84,2436.79,497
2371,THERMAX.NS,3256.3,3138.1001,574.69K,Producer Manufacturing,Industrial Machinery,35.0,23.0,3.0,43.0,111.8499,107.1428,233.37K,180.41K,5277.8,2742.7,366.82B,No,3421.07,3747.53,3781.99,3695.24,4104.81,496
2372,AFFLE.NS,1417.5,1401.4,88.03K,Technology Services,Packaged Software,35.0,18.0,50.0,45.0,41.3,40.7786,363.86K,146.99K,1993.7,1251.3,199.38B,No,1524.2,1597.88,1535.09,1588.6,1498.66,497
2373,MEGRISOFT.BO,79.9,78.0,0.00K,Technology Services,Information Technology Services,35.0,84.0,53.0,26.0,3.9086,2.9586,0.34K,0.19K,114.0,59.05,250.94M,No,80.82,79.44,85.38,79.37,80.78,495
2374,AXELPOLY.BO,42.18,43.2,0.86K,Process Industries,Industrial Specialties,35.0,14.0,46.0,39.0,6.4664,6.3529,1.68K,0.72K,59.5,36.7,464.03M,No,45.32,47.15,45.54,46.39,44.68,495
2375,KATRSPG.BO,97.16,92.55,0.05K,Process Industries,Textiles,35.0,65.0,40.0,34.0,2.2836,2.0729,0.09K,0.05K,140.0,80.0,276.91M,No,97.81,101.16,101.24,101.54,101.91,495
2376,VIRATCRA.BO,34.48,34.79,0.03K,Consumer Non-Durables,Tobacco,35.0,85.0,38.0,29.0,1.3671,1.2536,2.06K,0.44K,49.2,27.0,704.21M,No,33.92,33.8,35.26,33.48,35.51,495
2377,JAYUSH.BO,760.3,757.25,0.05K,Producer Manufacturing,Auto Parts: Oem,35.0,31.0,30.0,31.0,43.8536,41.6679,0.14K,0.21K,1601.75,663.0,2.94B,No,820.49,844.81,868.97,837.5,858.82,495
2378,ROML.NS,41.02,41.16,2.51K,Process Industries,Agricultural Commodities/Milling,35.0,57.0,36.0,41.0,1.57,1.4993,2.86K,1.94K,60.5,35.11,614.84M,No,42.16,43.03,44.75,42.87,44.13,496
2379,PUNJABCHEM.NS,1009.4,1026.0,8.24K,Process Industries,Chemicals: Agricultural,35.0,35.0,38.0,46.0,36.55,36.5072,13.23K,3.40K,1533.9,876.6,12.38B,No,1053.83,1091.85,1081.65,1085.0,1062.77,495
2380,BPCL.NS,287.8,286.25,2381.30K,Energy Minerals,Oil Refining/Marketing,35.0,46.0,42.0,39.0,7.5286,7.0571,5520.21K,5330.35K,391.65,266.6,1229.65B,No,303.07,311.32,322.87,310.18,304.28,497
2381,AARON.NS,127.13,121.05,22.16K,Producer Manufacturing,Building Products,35.0,74.0,71.0,21.0,5.7643,5.7586,29.76K,13.78K,228.0,106.8,2.66B,No,123.37,130.09,138.54,129.19,128.74,496
2382,TITANSEC.BO,37.23,36.72,26.43K,Finance,Investment Banks/Brokers,34.0,27.0,29.0,8.0,2.6329,2.6171,24.81K,24.73K,58.35,32.02,931.35M,No,39.16,40.64,41.47,40.42,43.67,495
2383,FORCEMOT.NS,16900.0,16700.0,37.71K,Consumer Durables,Motor Vehicles,34.0,52.0,43.0,10.0,410.3571,397.2857,78.73K,69.20K,26450.0,14911.0,222.68B,No,17223.15,17670.96,19552.2,17578.2,18954.53,497
2384,VGUARD.NS,288.2,291.85,394.67K,Producer Manufacturing,Electrical Products,34.0,15.0,47.0,26.0,8.7286,8.5464,1261.13K,381.53K,384.0,287.45,125.91B,No,311.11,322.04,318.61,318.32,315.38,497
2385,CAMS.NS,672.5,662.5,1069.37K,Technology Services,Information Technology Services,34.0,35.0,24.0,37.0,17.475,16.9464,1245.26K,1312.51K,844.9,611.4,167.06B,No,696.59,738.18,738.32,728.97,746.69,497
2386,SPARKLEGR.BO,68.84,70.91,2.05K,Process Industries,Textiles,34.0,85.0,69.0,16.0,7.5071,7.3607,4.22K,2.66K,103.5,52.25,308.28M,No,68.16,66.91,71.83,65.67,70.5,495
2387,LEHAR.BO,203.55,197.8,10.40K,Consumer Non-Durables,Apparel/Footwear,34.0,70.0,23.0,43.0,8.6,8.5964,16.91K,10.79K,285.0,160.0,3.60B,No,203.35,211.48,226.98,209.71,225.52,495
2388,ASIIL.BO,23.44,23.1,3.31K,Non-Energy Minerals,Construction Materials,34.0,65.0,54.0,27.0,1.2286,1.2271,26.40K,11.54K,33.6,19.0,2.11B,No,23.45,24.71,25.4,24.4,24.52,495
2389,RELTD.NS,141.49,143.81,65.28K,Utilities,Alternative Power Generation,34.0,30.0,16.0,51.0,7.1271,7.1093,203.77K,208.56K,196.45,114.59,28.09B,No,148.01,156.72,149.48,155.82,149.4,496
2390,JDCABLES.BO,175.45,180.95,59.20K,Producer Manufacturing,Electrical Products,34.0,11.0,4.0,33.0,7.5429,7.5071,58.87K,63.28K,254.35,130.0,3.96B,No,188.71,201.54,201.07,198.72,204.86,256
2391,JPOLYINVST.NS,936.4,878.2,6.81K,Finance,Investment Managers,34.0,43.0,27.0,16.0,40.0322,39.9107,12.83K,4.87K,1487.7,852.1,9.84B,No,949.25,986.46,1060.04,983.84,1049.96,496
2392,VEEDOL.NS,1352.2,1357.8,6.25K,Energy Minerals,Oil Refining/Marketing,34.0,38.0,42.0,42.0,31.7,31.4357,11.82K,9.14K,1894.3,1238.2,22.98B,No,1376.19,1437.78,1441.22,1439.4,1423.85,497
2393,UMIYA.BO,26.55,26.23,2.29K,Non-Energy Minerals,Steel,34.0,82.0,11.0,16.0,1.7943,1.74,19.80K,7.78K,45.36,19.67,344.00M,No,24.65,24.05,30.5,24.24,30.4,495
2394,BHAGCHEM.NS,222.13,222.87,149.90K,Process Industries,Chemicals: Agricultural,34.0,11.0,7.0,39.0,7.9114,7.735,109.91K,97.64K,316.9,170.6,28.80B,No,241.95,264.41,242.63,260.76,253.93,496
2395,DENORA.NS,706.0,717.35,4.03K,Electronic Technology,Electronic Equipment/Instruments,34.0,16.0,13.0,40.0,35.6929,35.6929,5.73K,8.30K,960.35,559.0,3.75B,No,763.55,811.31,754.43,797.62,796.53,497
2396,PWASML.BO,21.59,22.28,2.34K,Process Industries,Textiles,34.0,42.0,55.0,36.0,1.8857,1.8586,2.69K,3.10K,33.4,17.86,221.51M,No,22.42,22.63,23.43,22.32,22.86,495
2397,BANKBARODA.NS,235.8,234.0,3742.59K,Finance,Major Banks,34.0,67.0,45.0,21.0,4.8143,4.4129,8314.78K,8191.43K,325.5,223.82,1219.41B,No,233.58,239.52,268.86,240.18,256.09,497
2398,NAHARPOLY.NS,222.08,223.85,1.86K,Process Industries,Textiles,34.0,31.0,31.0,32.0,10.0207,10.0207,18.46K,4.26K,338.8,200.0,5.46B,No,225.99,239.47,243.98,234.52,246.41,496
2399,HARYNACAP.BO,140.0,140.7,1.11K,Finance,Finance/Rental/Leasing,34.0,53.0,50.0,38.0,5.6821,4.9393,0.80K,1.45K,218.0,119.05,729.22M,No,143.65,143.14,147.88,144.39,144.88,495
2400,FINELINE.BO,65.24,63.0,1.18K,Electronic Technology,Electronic Components,34.0,70.0,68.0,15.0,4.0079,3.9364,2.54K,2.62K,103.66,48.22,313.66M,No,63.92,65.73,73.74,65.78,67.5,495
2401,POWERGRID.NS,249.15,244.65,11515.32K,Utilities,Alternative Power Generation,34.0,41.0,31.0,19.0,5.5143,5.075,8991.92K,10369.58K,324.95,244.65,2317.25B,No,261.91,266.81,283.58,265.47,285.72,497
2402,DAULAT.BO,27.86,30.0,0.32K,Finance,Investment Banks/Brokers,34.0,65.0,51.0,27.0,2.2821,2.2243,1.30K,0.97K,40.21,24.1,139.30M,No,29.01,28.22,29.81,28.38,29.4,495
2403,COLPAL.NS,1817.8,1735.7,3596.37K,Consumer Non-Durables,Household/Personal Care,34.0,68.0,32.0,37.0,48.65,46.0286,388.89K,321.06K,2329.9,1716.1,494.42B,No,1821.36,1886.95,2028.99,1867.99,1984.76,497
2404,BALKRISIND.NS,2010.3,1996.9,134.32K,Consumer Durables,Automotive Aftermarket,34.0,21.0,34.0,28.0,48.45,46.6143,492.29K,164.60K,2775.0,1970.0,388.63B,No,2133.88,2282.0,2272.52,2251.44,2210.16,497
2405,HPAL.NS,33.9,33.5,37.74K,Non-Energy Minerals,Construction Materials,34.0,51.0,55.0,38.0,1.6193,1.6193,85.48K,38.60K,53.0,26.52,3.11B,No,34.99,35.04,36.36,35.01,35.39,497
2406,ASITCFIN.BO,112.0,110.0,0.01K,Finance,Investment Banks/Brokers,34.0,84.0,46.0,34.0,4.3321,2.575,1.20K,0.83K,164.0,92.0,923.55M,No,110.08,109.72,119.37,108.91,115.39,495
2407,ONGC.NS,221.27,219.8,8102.52K,Energy Minerals,Oil Refining/Marketing,34.0,41.0,36.0,11.0,4.3264,4.1929,11567.25K,12754.29K,307.5,218.53,2783.64B,No,230.57,234.58,256.16,232.33,255.28,497
2408,TATAPOWER.NS,342.15,335.65,4376.53K,Utilities,Electric Utilities,34.0,41.0,35.0,22.0,7.6143,6.8107,4251.23K,5011.76K,464.9,333.6,1093.29B,No,359.45,367.11,385.19,365.6,389.7,497
2409,ARKADE.NS,118.88,117.67,183.41K,Consumer Durables,Homebuilding,34.0,55.0,35.0,51.0,4.3193,4.28,395.48K,140.35K,180.0,92.62,22.07B,No,121.19,126.92,121.85,126.09,121.17,497
2410,BASF.NS,3347.4,3346.8,12.66K,Process Industries,Chemicals: Specialty,34.0,19.0,47.0,34.0,93.5357,93.2785,39.79K,12.77K,4699.0,3122.2,144.89B,No,3517.87,3746.57,3646.62,3735.67,3627.2,497
2411,MCL.NS,53.95,53.75,38.83K,Non-Energy Minerals,Other Metals/Minerals,34.0,29.0,58.0,19.0,3.29,3.2271,59.71K,73.57K,93.2,42.0,1.46B,No,56.56,57.24,62.1,57.3,58.31,497
2412,GAJANANSEC.BO,51.05,50.66,0.74K,Finance,Investment Banks/Brokers,34.0,45.0,41.0,15.0,3.0136,2.9557,1.08K,0.46K,78.0,40.0,158.36M,No,51.83,52.49,56.47,52.22,56.02,495
2413,ASHIKAG.NS,380.8,382.55,66.44K,Miscellaneous,Miscellaneous,34.0,28.0,,,11.3821,11.1821,33.30K,16.39K,451.0,375.2,,No,398.95,,,,,37
2414,ATGL.NS,563.45,562.2,448.19K,Utilities,Gas Distributors,34.0,35.0,11.0,46.0,16.4786,16.1822,1646.84K,597.16K,859.85,462.8,619.69B,No,598.24,624.88,613.06,622.02,645.55,497
2415,RATHIST.BO,19.85,19.66,28.37K,Non-Energy Minerals,Steel,34.0,17.0,41.0,43.0,1.03,1.0293,92.56K,49.78K,28.99,13.5,1.71B,No,21.1,23.55,22.1,23.08,21.13,495
2416,LTF.NS,261.2,257.4,2599.43K,Finance,Finance/Rental/Leasing,34.0,9.0,16.0,36.0,8.925,7.1857,5742.31K,6618.60K,338.6,234.9,654.67B,No,285.24,303.09,292.26,299.12,290.75,497
2417,RASANDIK.BO,58.8,58.88,0.20K,Producer Manufacturing,Auto Parts: Oem,34.0,78.0,39.0,39.0,2.12,1.9743,1.46K,0.28K,84.5,47.05,351.33M,No,58.6,59.87,61.8,60.17,62.05,495
2418,NORBTEAEXP.NS,64.18,61.99,4.17K,Consumer Non-Durables,Food: Specialty/Candy,34.0,34.0,36.0,7.0,4.5193,4.5193,1.86K,3.27K,99.35,47.5,997.62M,No,65.4,66.38,77.27,66.96,73.33,496
2419,ATULAUTO.NS,416.6,410.35,43.61K,Consumer Durables,Motor Vehicles,34.0,28.0,24.0,38.0,14.3786,14.2893,208.09K,123.45K,596.55,380.05,11.56B,No,438.23,475.21,463.79,468.48,470.1,497
2420,AWL.NS,182.18,182.81,1465.91K,Process Industries,Agricultural Commodities/Milling,33.0,58.0,51.0,47.0,5.2593,5.0471,2832.91K,2992.02K,282.9,171.19,235.34B,No,182.77,188.6,195.6,187.53,189.51,497
2421,SHILGRAVQ.NS,142.42,141.99,2.19K,Producer Manufacturing,Industrial Machinery,33.0,47.0,,,9.6764,9.5907,8.05K,5.95K,179.7,136.6,875.85M,No,149.99,,,,,37
2422,EPIGRAL.NS,996.4,1012.2,19.94K,Process Industries,Chemicals: Agricultural,33.0,7.0,63.0,42.0,35.0357,35.0357,92.51K,44.91K,1729.9,807.0,42.99B,No,1062.19,1116.51,1099.41,1105.37,1103.69,496
2423,HCC.NS,19.01,18.75,16686.87K,Industrial Services,Engineering & Construction,33.0,3.0,13.0,62.0,0.74,0.7186,25405.04K,13277.34K,29.5,13.65,49.80B,No,20.97,21.56,20.65,21.4,21.39,497
2424,TYROON.BO,82.19,84.58,0.01K,Process Industries,Agricultural Commodities/Milling,33.0,43.0,38.0,37.0,2.5593,2.0693,0.26K,0.07K,115.14,73.65,279.62M,No,83.29,86.08,89.69,85.17,87.94,495
2425,IMFA.NS,1182.5,1165.1,67.06K,Non-Energy Minerals,Other Metals/Minerals,33.0,27.0,23.0,25.0,37.9,37.3286,134.27K,79.05K,1679.9,1064.1,63.80B,No,1220.48,1325.27,1349.7,1300.5,1372.83,497
2426,ACME.BO,28.89,27.82,0.51K,Finance,Finance/Rental/Leasing,33.0,78.0,53.0,37.0,1.6364,1.5143,1.21K,1.08K,42.16,26.8,743.74M,No,28.57,28.92,31.26,28.83,30.19,495
2427,SEKURITIND.NS,106.98,107.41,18.68K,Consumer Durables,Home Furnishings,33.0,45.0,,,3.8907,3.855,24.32K,19.26K,124.65,105.05,9.75B,No,110.26,,,,,37
2428,GLOTTIS.NS,55.61,56.62,42.39K,Transportation,Marine Shipping,33.0,58.0,21.0,63.0,3.7821,3.7157,60.42K,168.09K,84.2,37.0,5.14B,No,59.26,62.67,58.73,62.53,61.34,250
2429,APOLLOTYRE.NS,400.05,401.7,276.05K,Consumer Durables,Automotive Aftermarket,33.0,58.0,37.0,31.0,11.1214,10.9321,832.02K,975.80K,540.5,365.3,253.06B,No,405.54,424.35,439.23,423.37,419.29,497
2430,SAUMYA.BO,119.7,119.7,0.13K,Finance,Investment Banks/Brokers,33.0,64.0,53.0,16.0,3.6607,2.55,0.10K,0.01K,164.65,100.25,826.76M,No,113.75,113.63,130.76,114.25,123.82,493
2431,TRIGYN.NS,51.55,51.59,12.94K,Technology Services,Information Technology Services,33.0,27.0,56.0,52.0,2.4214,2.4036,48.80K,50.97K,82.0,37.55,1.59B,No,53.84,55.47,56.14,55.54,54.71,497
2432,BROOKS.NS,70.13,69.46,1060.06K,Health Technology,Pharmaceuticals: Major,33.0,88.0,59.0,41.0,4.0886,4.0679,30.49K,45.42K,131.56,36.3,2.07B,No,60.5,61.71,64.91,62.89,62.39,496
2433,MONTECARLO.NS,511.55,514.7,26.31K,Consumer Non-Durables,Apparel/Footwear,33.0,32.0,47.0,37.0,14.1179,12.6964,63.25K,31.66K,860.95,464.0,10.61B,No,531.15,532.33,557.29,533.7,541.45,496
2434,BANKA.NS,68.1,68.35,0.90K,Industrial Services,Environmental Services,33.0,12.0,7.0,57.0,2.725,2.6436,3.48K,4.09K,96.58,41.0,743.82M,No,73.98,78.53,73.95,77.57,78.89,496
2435,BAJAJHFL.NS,81.51,82.14,2833.37K,Finance,Finance/Rental/Leasing,33.0,57.0,41.0,39.0,1.715,1.6914,2984.95K,3596.56K,112.4,72.65,678.87B,No,83.09,84.08,86.56,84.03,84.99,497
2436,EKANSH.BO,191.7,191.0,8.35K,Industrial Services,Engineering & Construction,33.0,47.0,13.0,58.0,9.3179,9.3179,9.03K,9.88K,270.0,142.85,2.90B,No,199.76,214.05,209.08,211.68,214.48,495
2437,SANDUMA.NS,177.68,179.15,519.17K,Non-Energy Minerals,Other Metals/Minerals,33.0,26.0,30.0,30.0,5.4143,5.2614,628.53K,468.77K,273.0,170.51,86.37B,No,183.14,195.44,208.26,192.15,203.36,497
2438,OLAELEC.NS,35.13,34.63,69325.83K,Consumer Durables,Motor Vehicles,33.0,40.0,29.0,64.0,2.1193,2.0564,67894.30K,91894.10K,57.95,22.25,155.23B,No,37.59,38.29,35.98,38.03,37.88,497
2439,ATENPAPERS.BO,21.18,24.0,7.20K,Distribution Services,Wholesale Distributors,33.0,83.0,40.0,51.0,1.675,1.5093,3.77K,4.13K,29.24,14.01,218.15M,No,22.0,21.14,21.71,20.94,21.07,323
2440,RIDDHICORP.BO,56.0,56.5,0.01K,Transportation,Other Transportation,33.0,69.0,48.0,38.0,2.7207,2.6686,0.84K,0.26K,82.65,50.75,664.55M,No,56.29,57.87,61.78,57.48,59.72,495
2441,RUCHIRA.NS,102.06,100.35,9.98K,Process Industries,Pulp & Paper,33.0,29.0,52.0,32.0,3.145,3.0307,41.15K,19.04K,140.03,95.17,3.05B,No,105.31,105.71,111.11,105.43,109.4,497
2442,SURANASOL.NS,23.41,23.73,14.38K,Electronic Technology,Semiconductors,33.0,24.0,38.0,45.0,0.8193,0.81,61.65K,25.45K,34.51,18.31,1.15B,No,24.9,25.58,25.38,25.38,25.67,497
2443,JAMESWARREN.BO,264.0,253.55,0.29K,Consumer Non-Durables,Food: Major Diversified,33.0,80.0,54.0,27.0,6.3357,6.2786,1.08K,0.66K,380.0,248.0,976.80M,No,253.49,257.56,286.08,258.86,271.18,495
2444,SBFC.NS,84.4,81.28,1797.43K,Finance,Finance/Rental/Leasing,33.0,14.0,40.0,37.0,2.5779,2.5443,1900.57K,1874.40K,123.0,79.6,93.79B,No,88.76,92.78,93.73,92.91,92.15,496
2445,CEATLTD.NS,3262.3,3226.2,27.04K,Consumer Durables,Automotive Aftermarket,33.0,63.0,22.0,31.0,79.1857,78.85,98.91K,39.91K,4438.0,3061.2,131.96B,No,3323.12,3454.17,3543.85,3446.85,3452.87,497
2446,AVAILFC.BO,133.5,133.9,1.91K,Finance,Finance/Rental/Leasing,33.0,44.0,33.0,29.0,4.8321,4.6179,5.75K,3.10K,174.0,122.15,1.36B,No,138.49,140.37,147.45,140.01,146.29,495
2447,DHUNINV.NS,911.65,933.35,0.65K,Process Industries,Chemicals: Specialty,33.0,24.0,40.0,63.0,33.8393,33.6893,2.70K,0.35K,1573.1,667.1,5.56B,No,974.33,976.3,946.77,987.2,900.18,496
2448,LTM.NS,4070.0,3915.0,368.54K,Technology Services,Data Processing Services,33.0,33.0,61.0,28.0,134.7429,124.2571,457.68K,412.70K,6429.5,3528.0,1206.60B,No,4119.44,4393.95,4604.41,4380.0,4219.72,497
2449,BNALTD.NS,363.0,368.0,0.30K,Process Industries,Agricultural Commodities/Milling,33.0,61.0,,,3.8179,1.8464,0.52K,0.02K,415.7,347.2,1.13B,No,363.36,,,,,35
2450,PRODOCS.BO,153.0,152.0,1.00K,Commercial Services,Miscellaneous Commercial Services,33.0,49.0,34.0,10.0,2.2214,0.4,1.19K,0.44K,254.3,136.1,1.08B,No,151.36,158.72,180.81,157.79,173.21,200
2451,ELNET.BO,295.5,297.0,1.49K,Finance,Real Estate Development,33.0,51.0,36.0,32.0,7.0321,6.9,2.06K,2.97K,377.7,285.05,1.18B,No,303.44,311.05,328.06,308.76,322.04,495
2452,MAHAPEXLTD.NS,51.61,50.77,1.51K,Finance,Finance/Rental/Leasing,33.0,39.0,80.0,54.0,2.8757,2.8757,21.05K,7.55K,117.89,42.0,1.45B,No,52.59,52.89,64.07,52.63,50.09,496
2453,STARIMAGIN.BO,77.0,75.13,6.00K,Health Services,Medical/Nursing Services,33.0,21.0,18.0,75.0,2.1771,1.87,16.63K,5.50K,152.0,46.0,1.34B,No,77.07,83.89,80.02,82.74,79.5,283
2454,OMPOWER.NS,162.93,166.11,46.92K,Utilities,Electric Utilities,33.0,52.0,41.0,,7.6621,7.4121,124.15K,245.32K,206.0,150.2,5.58B,No,164.94,167.35,,168.85,,121
2455,MRF.NS,122090.0,122465.0,2.59K,Consumer Durables,Automotive Aftermarket,33.0,48.0,37.0,31.0,1405.0,1366.7857,4.03K,2.76K,163600.0,121870.0,517.80B,No,124519.25,129275.8,134131.48,128617.0,129595.67,496
2456,BCLIND.NS,30.26,29.88,451.11K,Consumer Non-Durables,Food: Major Diversified,33.0,8.0,32.0,34.0,1.205,1.1943,1926.97K,485.11K,41.0,25.53,8.93B,No,32.63,35.05,32.85,34.49,34.09,496
2457,MUTHOOTMF.NS,168.46,168.21,142.62K,Finance,Finance/Rental/Leasing,32.0,7.0,5.0,46.0,6.2807,6.2086,823.23K,207.89K,262.77,141.2,28.26B,No,182.39,201.04,190.87,195.69,195.18,496
2458,KCP.NS,152.23,152.67,59.92K,Producer Manufacturing,Industrial Conglomerates,32.0,42.0,34.0,41.0,5.155,5.0271,178.02K,122.87K,207.8,125.0,19.63B,No,157.48,159.56,164.1,160.01,161.61,497
2459,BLUEDART.NS,4560.4,4557.0,46.40K,Transportation,Air Freight/Couriers,32.0,31.0,42.0,29.0,112.8357,112.8357,23.31K,22.85K,7036.0,4458.1,108.21B,No,4708.64,4934.46,5147.81,4875.03,4982.89,497
2460,ACCELYA.NS,1061.6,1094.4,48.02K,Technology Services,Packaged Software,32.0,44.0,50.0,33.0,27.0929,24.9786,9.23K,25.16K,1527.0,1012.4,15.85B,No,1107.14,1124.23,1173.76,1119.42,1133.31,497
2461,NILACHAL.BO,35.2,35.04,0.06K,Non-Energy Minerals,Construction Materials,32.0,30.0,26.0,13.0,0.9136,0.7129,0.47K,0.01K,56.92,28.88,716.72M,No,36.87,37.91,39.19,37.94,40.94,493
2462,DLINKINDIA.NS,407.1,406.7,34.51K,Electronic Technology,Telecommunications Equipment,32.0,33.0,14.0,40.0,10.3964,10.3607,137.22K,45.99K,549.2,367.65,14.45B,No,419.44,431.77,438.66,429.45,451.12,497
2463,ASHISHPO.BO,27.97,26.83,0.52K,Producer Manufacturing,Miscellaneous Manufacturing,32.0,56.0,51.0,24.0,3.2143,3.0329,2.05K,0.91K,42.0,26.15,95.03M,No,29.2,28.63,30.2,28.33,29.48,495
2464,ADVANCETL.BO,77.92,75.05,58.80K,Producer Manufacturing,Metal Fabrication,32.0,93.0,,,3.6164,2.6807,55.43K,41.28K,94.0,56.32,703.59M,No,68.57,,,69.56,,48
2465,AMBER.NS,6445.0,6555.0,164.36K,Producer Manufacturing,Industrial Machinery,32.0,18.0,19.0,32.0,216.6786,207.3571,233.87K,163.49K,8974.0,5400.5,227.30B,No,6890.38,7178.11,7232.2,7143.1,7426.17,497
2466,MAHSCOOTER.NS,12155.0,12048.0,3.11K,Producer Manufacturing,Industrial Machinery,32.0,32.0,41.0,34.0,346.2143,346.2143,4.71K,7.71K,17733.0,10901.0,138.91B,No,12840.65,13217.56,13012.73,13185.7,12757.73,497
2467,CONART.BO,80.29,80.56,10.56K,Industrial Services,Engineering & Construction,32.0,7.0,25.0,42.0,6.1386,6.1386,11.22K,12.63K,119.0,60.0,504.22M,No,88.1,92.82,87.77,93.06,90.68,496
2468,DEN.NS,25.85,25.1,372.06K,Consumer Services,Cable/Satellite Tv,32.0,48.0,32.0,41.0,0.8229,0.8229,349.18K,283.36K,35.95,22.52,12.32B,No,26.22,27.08,28.03,27.05,27.58,496
2469,INTERARCH.NS,1700.1,1694.4,42.38K,Producer Manufacturing,Building Products,32.0,57.0,41.0,25.0,48.3714,48.3714,51.20K,58.39K,2762.6,1600.0,28.59B,No,1694.12,1718.6,1881.02,1711.44,1810.52,496
2470,GAJA.NS,147.07,145.1,196.60K,Finance,Investment Managers,32.0,51.0,,,7.8721,7.7307,4338.21K,435.30K,191.65,133.0,,No,145.5,,,,,31
2471,PSPPROJECT.NS,747.45,747.45,93.45K,Industrial Services,Engineering & Construction,32.0,10.0,4.0,59.0,29.225,28.4071,74.41K,56.03K,1143.0,569.2,29.63B,No,796.1,867.5,834.53,851.95,849.35,496
2472,VISVEN.BO,40.83,38.05,3.79K,Commercial Services,Miscellaneous Commercial Services,32.0,74.0,64.0,40.0,8.3807,7.8671,1.02K,0.60K,68.25,33.15,127.32M,No,40.75,41.3,45.55,41.4,40.66,495
2473,BRIGHTBR.NS,222.4,228.0,0.33K,Process Industries,Industrial Specialties,32.0,11.0,,,12.6571,12.425,2.32K,2.43K,270.0,221.0,1.26B,No,244.26,,,,,37
2474,PTC.NS,148.0,148.57,1097.75K,Utilities,Electric Utilities,32.0,52.0,26.0,24.0,2.8793,2.4757,2025.87K,1765.36K,229.51,146.5,43.81B,No,154.35,161.0,172.38,160.22,175.01,497
2475,JSWENERGY.NS,462.3,466.85,1015.71K,Utilities,Electric Utilities,32.0,17.0,21.0,31.0,12.325,11.7286,1956.58K,1970.08K,617.35,427.75,847.11B,No,502.72,529.95,523.6,525.08,537.92,497
2476,HDFCLIFE.NS,556.65,544.5,2712.11K,Finance,Multi-Line Insurance,32.0,79.0,56.0,33.0,16.0536,13.5321,3925.90K,4455.59K,788.5,508.7,1209.07B,No,539.06,540.38,616.94,542.79,572.53,497
2477,AADHARHFC.NS,443.65,450.55,120.96K,Finance,Finance/Rental/Leasing,32.0,36.0,20.0,35.0,11.9107,11.6786,346.49K,317.18K,563.0,427.3,194.49B,No,451.89,472.07,480.75,467.68,482.22,497
2478,KIFS.BO,105.85,106.5,0.02K,Finance,Finance/Rental/Leasing,32.0,34.0,49.0,35.0,4.8679,3.8893,0.29K,0.04K,192.0,97.6,1.15B,No,110.98,110.41,116.84,110.56,116.52,496
2479,TIPSFILMS.NS,316.25,318.2,9.60K,Consumer Services,Movies/Entertainment,32.0,50.0,49.0,41.0,24.9036,24.6679,21.07K,26.55K,479.25,276.75,1.37B,No,322.41,340.86,358.88,336.2,347.85,496
2480,ZENITHEXPO.NS,182.0,186.63,0.06K,Consumer Non-Durables,Apparel/Footwear,32.0,37.0,39.0,33.0,5.5579,4.1371,0.58K,0.19K,257.8,174.0,982.12M,No,197.55,204.48,204.21,205.09,203.43,495
2481,DDEVPLSTIK.NS,244.17,244.15,76.14K,Process Industries,Chemicals: Major Diversified,32.0,27.0,26.0,59.0,8.1514,8.075,137.01K,73.72K,328.25,185.15,25.27B,No,252.82,268.55,265.55,265.47,256.45,429
2482,CHEMPLASTS.NS,214.68,212.38,293.76K,Process Industries,Chemicals: Major Diversified,32.0,92.0,70.0,21.0,13.9829,13.8386,917.00K,1072.70K,412.65,161.0,33.94B,No,190.78,185.14,226.55,184.41,211.38,497
2483,CROWN.NS,111.33,108.11,5.50K,Finance,Finance/Rental/Leasing,32.0,54.0,54.0,24.0,7.18,7.0471,20.07K,15.88K,158.69,100.11,1.29B,No,113.83,111.22,119.48,110.36,116.23,496
2484,SUNDARMFIN.NS,4113.6,4110.6001,40.31K,Finance,Finance/Rental/Leasing,32.0,15.0,35.0,18.0,139.3214,138.4571,53.19K,40.31K,5642.0,4000.0,453.39B,No,4502.07,4555.06,4768.17,4529.11,4547.93,497
2485,TEJASNET.NS,447.2,451.15,1161.52K,Electronic Technology,Telecommunications Equipment,32.0,2.0,12.0,47.0,16.4643,16.15,2864.97K,1261.46K,644.75,294.0,79.56B,No,499.37,520.57,471.94,521.35,508.59,497
2486,SIYSIL.NS,539.65,542.55,14.35K,Process Industries,Textiles,32.0,58.0,21.0,45.0,13.9714,13.7286,46.07K,20.51K,848.8,433.35,24.48B,No,536.07,573.43,576.39,566.11,575.29,497
2487,TRANSWORLD.NS,151.26,152.68,2.55K,Transportation,Marine Shipping,32.0,19.0,52.0,54.0,3.45,3.1757,6.91K,3.70K,258.0,111.56,3.32B,No,161.44,165.18,163.17,165.91,160.21,496
2488,LYONSCO.BO,18.96,19.95,0.34K,Finance,Finance/Rental/Leasing,32.0,25.0,10.0,50.0,0.3129,0.0964,0.09K,0.33K,35.29,17.43,88.69M,No,20.97,21.83,20.63,21.57,20.39,495
2489,RHIM.NS,369.1,367.1,250.78K,Producer Manufacturing,Miscellaneous Manufacturing,32.0,66.0,31.0,37.0,13.8821,13.0857,837.42K,415.92K,499.6,323.05,76.22B,No,376.1,381.18,401.47,379.35,386.16,497
2490,TTKPRESTIG.NS,515.15,513.0,26.66K,Consumer Durables,Home Furnishings,32.0,42.0,17.0,55.0,15.8286,15.2643,288.57K,77.02K,771.2,423.0,70.56B,No,524.61,568.21,559.11,557.41,548.01,497
2491,BANSWRAS.NS,102.48,102.16,5.54K,Process Industries,Textiles,32.0,21.0,26.0,35.0,4.1929,3.925,38.94K,22.49K,144.0,93.73,3.51B,No,108.33,115.1,116.99,113.36,119.06,496
2492,NMDC.NS,71.8,70.69,16561.92K,Non-Energy Minerals,Other Metals/Minerals,32.0,9.0,23.0,22.0,1.9329,1.8371,16197.76K,16839.10K,97.49,70.1,631.25B,No,77.98,82.35,83.83,81.33,84.61,497
2493,EVANS.BO,81.5,81.5,1.00K,Consumer Services,Other Consumer Services,32.0,82.0,81.0,21.0,1.1814,0.8821,4.30K,4.10K,175.0,60.0,447.27M,No,83.2,78.04,88.18,78.96,76.78,495
2494,SYSTMTXC.NS,73.0,73.0,9.62K,Finance,Investment Banks/Brokers,31.0,87.0,77.0,54.0,1.3636,0.9957,10.60K,8.26K,177.9,51.89,9.98B,No,74.29,65.43,75.22,66.57,66.04,251
2495,JUBLFOOD.NS,422.75,427.6,1803.28K,Consumer Services,Restaurants,31.0,17.0,52.0,40.0,15.1393,14.2179,2146.83K,1817.03K,622.95,408.55,,No,466.72,479.22,475.88,479.15,454.91,497
2496,EMAMIREAL.NS,68.93,67.76,7.00K,Finance,Real Estate Development,31.0,79.0,32.0,57.0,2.9507,2.8586,11.38K,8.32K,115.3,48.2,3.59B,No,68.19,70.63,75.84,69.89,76.99,496
2497,CYBERTECH.NS,131.58,132.25,20.30K,Technology Services,Information Technology Services,31.0,45.0,44.0,47.0,6.3257,5.9993,17.20K,38.38K,184.43,95.3,3.98B,No,138.45,136.87,133.45,136.32,134.95,497
2498,BLUECLOUDS.NS,19.86,19.96,4433.34K,Process Industries,Agricultural Commodities/Milling,31.0,71.0,,,1.4307,1.3821,6502.53K,20266.33K,23.99,18.85,,No,19.9,,,,,37
2499,OCTAVIUSPL.BO,39.01,41.0,0.14K,Process Industries,Agricultural Commodities/Milling,31.0,5.0,29.0,44.0,0.4971,0.27,0.20K,0.03K,57.59,36.5,117.03M,No,44.41,45.04,44.51,44.73,44.76,494
2500,CAPFIN.BO,120.0,120.0,1.22K,Finance,Finance/Rental/Leasing,31.0,46.0,30.0,41.0,0.7357,0.2857,0.04K,0.14K,171.0,97.3,545.79M,No,122.59,130.6,132.38,128.55,131.05,494
2501,KFINTECH.NS,842.35,838.2,812.26K,Technology Services,Packaged Software,31.0,30.0,44.0,30.0,25.8464,24.6964,1004.68K,652.43K,1215.0,784.95,145.62B,No,877.86,917.73,934.7,912.8,898.3,497
2502,GOPAL.NS,253.35,252.4,74.00K,Consumer Non-Durables,Food: Specialty/Candy,31.0,52.0,46.0,31.0,8.775,8.7679,159.57K,163.55K,364.4,247.55,31.58B,No,255.81,266.78,284.03,265.69,274.01,496
2503,SEIL.NS,178.68,178.12,124.57K,Commercial Services,Miscellaneous Commercial Services,31.0,24.0,,,7.4243,7.35,248.87K,197.19K,215.6,176.82,28.77B,No,189.06,,,,,37
2504,DELTAMAGNT.NS,55.03,56.63,1.56K,Producer Manufacturing,Metal Fabrication,31.0,43.0,43.0,42.0,3.255,3.2136,9.33K,3.93K,86.0,45.51,597.14M,No,55.75,57.07,60.15,56.86,58.34,496
2505,RITES.NS,198.66,195.85,588.47K,Commercial Services,Miscellaneous Commercial Services,31.0,39.0,30.0,43.0,7.3979,7.2979,1681.91K,8401.21K,259.7,175.0,95.48B,No,203.5,213.19,215.06,213.0,211.18,497
2506,CERA.NS,5002.5,4949.5,3.25K,Consumer Durables,Home Furnishings,31.0,14.0,12.0,43.0,126.8214,121.2143,9.49K,11.79K,6740.0,4461.1,64.51B,No,5338.45,5668.01,5489.16,5596.95,5639.92,496
2507,METALCO.BO,49.67,50.88,1.53K,Non-Energy Minerals,Steel,31.0,36.0,58.0,28.0,2.2286,2.0207,0.89K,0.46K,75.2,44.5,363.92M,No,50.55,52.19,56.51,52.12,53.78,495
2508,BONDADA.BO,288.6,283.2,149.00K,Industrial Services,Engineering & Construction,31.0,81.0,48.0,28.0,11.7071,11.2929,149.23K,183.86K,503.0,216.0,32.23B,No,277.0,283.29,313.71,281.21,307.56,495
2509,VISHALBL.BO,50.83,52.19,0.68K,Producer Manufacturing,Metal Fabrication,31.0,52.0,44.0,47.0,3.8329,3.7386,2.21K,1.76K,78.25,38.87,548.51M,No,53.56,51.39,57.02,52.0,55.21,495
2510,3PLAND.NS,30.65,30.77,3.24K,Finance,Real Estate Development,31.0,45.0,51.0,25.0,1.59,1.59,5.39K,2.05K,45.01,28.51,551.70M,No,31.04,31.62,33.17,31.56,32.34,496
2511,GILLETTE.NS,7100.5,7263.5,13.85K,Consumer Non-Durables,Household/Personal Care,31.0,44.0,36.0,32.0,162.9286,159.8214,19.17K,24.70K,9664.0,6860.0,231.37B,No,7117.48,7358.64,7831.53,7286.2,7636.78,497
2512,LOVABLE.NS,68.96,67.23,13.37K,Consumer Non-Durables,Apparel/Footwear,31.0,61.0,33.0,44.0,2.745,2.7257,10.92K,7.04K,101.95,55.0,1.02B,No,70.0,71.32,72.94,71.12,71.79,497
2513,ELEMARB.BO,167.5,164.65,0.24K,Producer Manufacturing,Building Products,31.0,18.0,48.0,28.0,7.575,6.7536,0.29K,0.15K,248.75,132.7,496.30M,No,178.61,176.32,189.37,175.95,183.91,495
2514,DHINDIA.BO,188.0,190.05,1.24K,Process Industries,Industrial Specialties,31.0,85.0,4.0,4.0,8.325,7.8714,5.09K,4.83K,304.8,121.5,1.92B,No,193.95,184.81,208.28,183.53,234.0,495
2515,LUPIN.NS,1956.5,1936.9,362.27K,Health Technology,Pharmaceuticals: Other,31.0,38.0,11.0,20.0,39.5857,37.9929,872.72K,761.29K,2529.5,1900.0,894.69B,No,2056.96,2166.12,2254.56,2133.95,2273.16,497
2516,SML.BO,69.35,69.35,0.11K,Health Services,Medical/Nursing Services,31.0,67.0,51.0,34.0,0.0,0.0,0.23K,0.23K,114.15,43.82,295.77M,No,69.35,68.62,74.45,70.52,69.25,494
2517,PICCASUG.BO,32.94,33.44,2.34K,Process Industries,Agricultural Commodities/Milling,31.0,26.0,52.0,32.0,2.125,2.1236,13.10K,3.36K,34.4,3.26,,No,34.68,35.53,36.14,35.34,35.83,495
2518,TULASEEBIOE.BO,33.0,33.0,0.10K,Process Industries,Chemicals: Specialty,31.0,93.0,1.0,86.0,0.2007,0.0364,0.32K,0.16K,71.21,19.48,194.47M,No,32.96,34.27,35.11,32.55,34.72,493
2519,MKVENTURES.BO,984.4,1024.95,3.49K,Finance,Finance/Rental/Leasing,31.0,61.0,21.0,51.0,62.0179,61.5964,4.17K,20.92K,1449.9,732.0,3.78B,No,1022.2,1040.1,1007.34,1036.97,1020.73,495
2520,SUDARCOLOR.NS,350.4,351.9,5.95K,Process Industries,Chemicals: Major Diversified,31.0,29.0,47.0,52.0,17.55,17.4107,11.46K,4.41K,536.5,268.25,8.09B,No,376.96,386.5,372.45,388.05,364.36,497
2521,BIRLANU.NS,1308.1,1284.7,8.71K,Non-Energy Minerals,Forest Products,31.0,30.0,58.0,28.0,70.7572,70.7572,23.29K,22.50K,1978.8,1190.1,,No,1390.35,1450.42,1460.26,1456.78,1399.3,496
2522,7TEC.BO,33.99,33.61,1.90K,Technology Services,Information Technology Services,31.0,67.0,49.0,37.0,1.5907,1.5821,19.44K,6.31K,49.7,30.06,369.77M,No,33.5,33.23,37.3,33.28,35.34,495
2523,PGHL.NS,5205.0,5156.5,7.40K,Health Technology,Pharmaceuticals: Major,31.0,37.0,9.0,55.0,158.3929,156.25,15.86K,18.79K,6975.0,4707.0,86.40B,No,5405.0,5720.58,5610.84,5612.15,5715.77,496
2524,JKCEMENT.NS,4874.0,4966.5,39.70K,Non-Energy Minerals,Construction Materials,31.0,60.0,36.0,24.0,152.6071,144.7143,52.87K,67.85K,6764.5,4671.5,376.61B,No,4972.4,5150.77,5390.86,5092.2,5278.03,497
2525,BERVINL.BO,48.94,48.98,0.00K,Finance,Investment Banks/Brokers,31.0,39.0,38.0,11.0,1.1243,0.6236,0.24K,0.01K,73.5,37.21,288.65M,No,46.29,46.64,54.39,47.17,53.51,495
2526,APTECHT.NS,84.86,85.05,55.53K,Commercial Services,Miscellaneous Commercial Services,31.0,45.0,24.0,49.0,3.125,2.9514,64.19K,65.85K,128.48,69.1,4.92B,No,88.83,91.12,93.07,90.52,94.9,497
2527,TCS.NS,2156.0,2076.0,11691.50K,Technology Services,Information Technology Services,31.0,50.0,67.0,19.0,55.9428,53.8714,3567.40K,3401.45K,3350.0,1976.8,7800.60B,No,2119.37,2254.22,2490.44,2238.05,2281.81,497
2528,IFBAGRO.NS,862.0,866.95,3.55K,Consumer Non-Durables,Beverages: Alcoholic,31.0,58.0,35.0,42.0,33.9571,33.9571,5.34K,3.03K,1790.0,679.15,8.07B,No,870.51,924.92,994.0,918.77,917.85,497
2529,EMBDL.NS,55.51,56.26,1317.61K,Finance,Real Estate Development,31.0,50.0,21.0,59.0,3.055,3.0071,2602.09K,2023.48K,97.42,39.46,,No,56.76,59.63,59.56,58.87,57.97,497
2530,FUSION.NS,164.03,162.35,325.98K,Finance,Finance/Rental/Leasing,31.0,4.0,4.0,51.0,6.5814,6.5129,674.13K,531.49K,243.0,136.5,26.36B,No,177.52,192.09,184.4,189.35,188.26,496
2531,HITECHGEAR.NS,573.05,562.05,1.02K,Producer Manufacturing,Auto Parts: Oem,30.0,70.0,32.0,43.0,30.9107,29.7357,3.16K,5.10K,897.45,521.25,10.78B,No,575.05,565.41,614.79,570.28,593.18,496
2532,ATIL.BO,90.0,87.46,3.00K,Producer Manufacturing,Trucks/Construction/Farm Machinery,30.0,14.0,73.0,32.0,4.8307,4.2686,15.59K,6.30K,156.0,77.0,1.23B,No,90.94,100.59,,98.85,92.7,191
2533,SHREMETAL.BO,34.49,35.89,3.40K,Producer Manufacturing,Metal Fabrication,30.0,40.0,43.0,19.0,5.595,5.595,1.77K,2.87K,62.29,28.9,181.29M,No,36.75,37.54,42.14,37.55,39.19,495
2534,YSL.BO,24999.0,24600.0,0.01K,Distribution Services,Wholesale Distributors,30.0,27.0,45.0,22.0,506.1998,334.1999,0.01K,0.01K,37500.0,24500.0,7.68B,No,25892.65,27422.68,27936.3,27478.91,28046.28,495
2535,KAUSHALYA.NS,838.0,820.25,0.11K,Industrial Services,Engineering & Construction,30.0,63.0,16.0,42.0,30.65,28.9822,0.26K,0.10K,1435.95,750.0,290.20M,No,838.05,872.44,872.58,860.66,874.3,496
2536,SPICELOUNG.BO,26.38,25.13,1965.83K,Retail Trade,Discount Stores,30.0,36.0,72.0,16.0,1.6393,0.1179,437.28K,342.35K,72.2,16.21,18.39B,No,32.56,28.64,28.99,29.21,26.13,496
2537,RIBATEX.BO,64.55,62.4,0.33K,Process Industries,Textiles,30.0,66.0,15.0,55.0,4.9943,4.8443,5.63K,5.79K,95.9,49.02,623.09M,No,64.48,70.19,71.77,69.6,70.0,495
2538,ADVANIHOTR.NS,47.41,47.23,6.97K,Consumer Services,Hotels/Resorts/Cruise Lines,30.0,55.0,35.0,29.0,1.2836,1.2821,25.66K,18.80K,65.5,46.75,4.38B,No,47.75,49.2,52.81,49.07,51.43,496
2539,RELIGARE.NS,217.59,220.57,837.47K,Finance,Multi-Line Insurance,30.0,10.0,14.0,40.0,6.8729,6.785,1041.32K,897.64K,280.0,196.51,75.02B,No,239.23,240.82,237.65,238.31,238.46,496
2540,GOGIACAPGL.BO,55.86,55.86,0.05K,Finance,Investment Banks/Brokers,30.0,88.0,75.0,4.0,0.6171,0.1429,0.65K,1.78K,96.98,45.45,353.10M,No,54.65,50.95,63.55,52.05,57.34,494
2541,TORNTPOWER.NS,1188.6,1214.6,380.06K,Utilities,Electric Utilities,30.0,41.0,21.0,16.0,28.6214,27.2072,339.85K,192.95K,1824.1,1178.5,598.94B,No,1252.34,1277.44,1405.18,1266.69,1403.72,497
2542,GUJARATPOLY.BO,60.23,63.1,1.06K,Electronic Technology,Electronic Components,30.0,48.0,19.0,47.0,5.1629,5.07,2.26K,2.51K,86.99,43.0,514.97M,No,60.01,64.3,63.53,63.16,64.04,495
2543,DELHIVERY.NS,400.5,397.0,1476.92K,Transportation,Air Freight/Couriers,30.0,18.0,9.0,23.0,11.2607,10.925,3268.80K,3368.72K,524.0,374.45,300.09B,No,418.54,444.39,444.05,440.2,455.35,497
2544,FINPIPE.NS,151.16,149.76,224.68K,Producer Manufacturing,Miscellaneous Manufacturing,30.0,51.0,34.0,32.0,3.4329,3.3743,445.44K,345.56K,200.4,147.54,93.46B,No,152.65,157.7,169.82,156.72,165.96,496
2545,DIAMINESQ.NS,235.01,235.73,1.23K,Process Industries,Chemicals: Major Diversified,30.0,52.0,29.0,41.0,9.46,9.46,9.57K,5.90K,307.5,208.01,2.36B,No,246.91,245.33,249.36,246.28,251.32,495
2546,SIMPLXMIL.BO,4560.95,4560.9502,0.00K,Process Industries,Textiles,30.0,4.0,17.0,13.0,35.1928,0.0,,,5599.55,4218.0,136.85M,No,4871.23,5107.06,5225.79,5125.28,5259.63,494
2547,ALFAICA.BO,71.55,74.5,0.16K,Producer Manufacturing,Miscellaneous Manufacturing,30.0,5.0,32.0,22.0,3.3321,2.2857,0.12K,0.15K,101.4,67.78,289.06M,No,78.13,82.01,79.88,81.2,79.21,494
2548,BIOFILCHEM.NS,30.15,29.52,5.20K,Health Technology,Pharmaceuticals: Major,30.0,51.0,32.0,30.0,1.2879,1.2879,41.95K,10.21K,46.34,25.6,490.66M,No,31.94,32.04,32.98,31.87,32.7,496
2549,NCLIND.NS,165.42,160.54,39.60K,Non-Energy Minerals,Construction Materials,30.0,41.0,32.0,26.0,5.0857,5.0857,49.04K,51.68K,214.8,147.5,7.48B,No,172.57,174.66,181.75,174.48,177.46,496
2550,VMSTMT.NS,44.61,44.66,24.06K,Non-Energy Minerals,Steel,30.0,67.0,52.0,50.0,2.3243,2.3093,65.16K,70.18K,78.5,33.5,2.21B,No,46.98,46.8,46.75,46.84,45.79,258
2551,VSFPROJ.BO,34.89,35.45,0.45K,Industrial Services,Engineering & Construction,30.0,90.0,48.0,35.0,3.61,3.565,1.27K,2.32K,52.44,28.25,573.66M,No,34.33,33.08,36.73,33.37,34.79,495
2552,JMFINANCIL.NS,117.82,120.6,2665.78K,Finance,Investment Banks/Brokers,30.0,32.0,47.0,30.0,3.3729,3.3221,2785.26K,1838.67K,182.5,112.0,112.75B,No,124.54,126.56,129.59,126.32,127.72,497
2553,TSFINV.NS,403.9,397.55,53.14K,Finance,Financial Conglomerates,30.0,50.0,24.0,56.0,14.0643,13.7786,80.30K,122.29K,701.5,331.7,89.14B,No,433.97,426.93,418.77,424.93,414.02,497
2554,CGVAK.NS,130.51,137.73,5.11K,Technology Services,Information Technology Services,30.0,21.0,,,9.3993,9.3164,3.28K,4.79K,163.7,129.1,659.10M,No,145.4,,,,,37
2555,GOLECHA.BO,23.15,23.15,0.02K,Finance,Finance/Rental/Leasing,30.0,15.0,25.0,6.0,0.2521,0.1564,0.98K,0.03K,38.2,17.05,127.33M,No,25.83,27.4,27.47,26.66,29.58,493
2556,AMRUTANJAN.NS,508.9,503.05,30.55K,Health Technology,Pharmaceuticals: Other,30.0,74.0,47.0,37.0,14.0071,14.0071,86.06K,43.72K,760.15,476.5,14.71B,No,504.34,508.52,556.77,508.67,530.14,497
2557,GUJCRED.BO,20.37,20.9,0.10K,Finance,Real Estate Development,30.0,12.0,54.0,16.0,0.265,0.1057,0.38K,0.08K,33.49,20.0,509.25M,No,22.25,23.3,24.77,22.99,24.27,496
2558,EIHAHOTELS.NS,290.65,291.05,5.35K,Consumer Services,Hotels/Resorts/Cruise Lines,30.0,62.0,37.0,30.0,9.375,9.375,17.64K,13.38K,403.45,266.65,17.71B,No,293.5,297.79,317.53,296.79,308.56,497
2559,AMBARPIL.BO,184.0,190.15,0.08K,Process Industries,Agricultural Commodities/Milling,30.0,2.0,46.0,51.0,8.9321,6.2071,0.53K,0.31K,327.5,140.0,1.06B,No,207.24,220.98,198.25,219.98,194.45,495
2560,EKC.NS,102.88,101.67,165.98K,Producer Manufacturing,Industrial Machinery,30.0,67.0,34.0,33.0,4.7093,4.7029,566.06K,196.80K,154.55,90.25,11.54B,No,104.58,107.49,112.1,107.18,111.12,496
2561,VAMSHIRU.BO,38.95,36.51,0.09K,Producer Manufacturing,Miscellaneous Manufacturing,30.0,51.0,46.0,26.0,2.7093,2.2314,2.33K,0.64K,59.5,36.0,163.85M,No,38.25,39.62,42.44,39.11,40.98,495
2562,MOSCHIP.NS,189.1,186.71,787.16K,Electronic Technology,Semiconductors,30.0,18.0,13.0,55.0,5.9743,5.8121,2501.35K,1062.51K,279.5,146.8,36.87B,No,201.33,206.46,201.87,206.23,205.43,414
2563,SHRIKRISH.NS,32.75,35.0,0.47K,Finance,Real Estate Development,30.0,18.0,,,2.3779,1.925,0.94K,1.44K,42.87,32.56,917.00M,No,35.29,,,,,35
2564,NKIND.NS,57.85,57.0,0.04K,Process Industries,Agricultural Commodities/Milling,30.0,46.0,30.0,30.0,4.4514,4.3014,6.87K,0.67K,78.39,49.66,347.67M,No,58.18,59.28,63.14,59.77,62.64,496
2565,RAUNAQ.BO,35.03,35.03,0.20K,Industrial Services,Engineering & Construction,30.0,4.0,83.0,5.0,0.4157,0.0,1.05K,0.86K,73.4,24.31,117.11M,No,39.1,37.6,43.43,38.79,39.28,494
2566,STERTOOLS.NS,225.24,231.69,53.67K,Producer Manufacturing,Metal Fabrication,29.0,77.0,43.0,33.0,12.2393,12.0236,23.98K,44.78K,335.0,155.0,8.19B,No,220.9,225.2,232.99,224.92,229.51,497
2567,AVANTEL.NS,143.98,145.31,735.41K,Electronic Technology,Telecommunications Equipment,29.0,34.0,13.0,45.0,6.2986,5.7579,1753.63K,1147.31K,215.0,117.05,38.27B,No,149.54,155.72,155.81,154.78,158.18,496
2568,MERCANTILE.NS,21.0,20.7,1.60K,Finance,Real Estate Development,29.0,9.0,,,1.7314,1.6986,83.20K,3.01K,29.37,20.13,,No,22.5,,,,,36
2569,SKPSEC.BO,94.03,94.84,0.04K,Finance,Investment Banks/Brokers,29.0,37.0,23.0,27.0,5.5629,5.4379,2.69K,1.53K,142.0,74.0,640.23M,No,96.68,100.19,102.78,99.97,102.08,495
2570,ICEMAKE.NS,661.0,660.25,20.00K,Producer Manufacturing,Industrial Machinery,29.0,27.0,27.0,24.0,24.7143,24.05,35.38K,37.02K,920.0,602.0,10.43B,No,670.32,727.37,767.3,713.88,759.27,497
2571,CPL.NS,61.04,60.06,27.03K,Producer Manufacturing,Miscellaneous Manufacturing,29.0,31.0,,,2.21,2.2086,75.63K,28.44K,75.74,59.28,,No,62.93,65.74,,64.85,,55
2572,ECORECO.NS,402.7,411.95,5.80K,Industrial Services,Environmental Services,29.0,22.0,,,20.475,20.4607,10.58K,12.98K,493.6,385.0,7.77B,No,419.68,,,,,37
2573,EIHOTEL.NS,291.3,291.2,118.45K,Consumer Services,Hotels/Resorts/Cruise Lines,29.0,63.0,32.0,36.0,6.9714,6.8964,271.38K,441.24K,405.0,271.15,182.17B,No,297.24,300.95,319.14,298.75,310.08,497
2574,ARIGATO.BO,42.0,41.97,1.70K,Technology Services,Information Technology Services,29.0,6.0,26.0,10.0,2.7493,2.1343,2.22K,6.32K,69.0,30.67,256.04M,No,39.01,49.31,50.06,48.94,52.44,496
2575,GODREJIND.NS,985.4,1002.4,53.47K,Process Industries,Agricultural Commodities/Milling,29.0,12.0,4.0,60.0,34.5214,34.4286,161.88K,92.14K,1443.0,744.2,331.93B,No,1076.44,1163.51,1072.52,1146.95,1108.02,497
2576,GATEWAY.NS,51.01,50.33,740.84K,Transportation,Railroads,29.0,45.0,29.0,28.0,1.1714,1.1686,990.75K,720.55K,65.42,48.1,25.49B,No,52.13,53.9,56.88,53.49,55.99,497
2577,IOC.NS,126.35,126.25,7308.78K,Energy Minerals,Integrated Oil,29.0,43.0,38.0,25.0,2.8236,2.5314,9097.53K,8978.62K,188.96,125.27,,No,133.41,136.73,147.79,135.89,139.21,497
2578,BLOIN.BO,30.0,30.82,0.10K,Non-Energy Minerals,Steel,29.0,77.0,30.0,39.0,0.7214,0.4214,0.96K,0.16K,43.8,27.59,199.20M,No,30.5,30.64,33.18,30.41,32.76,495
2579,RIIL.NS,683.4,682.6,46.66K,Industrial Services,Oil & Gas Pipelines,29.0,41.0,27.0,39.0,22.9857,22.7,72.47K,89.83K,955.0,617.35,10.32B,No,693.83,726.8,749.24,725.93,750.94,497
2580,CPEDU.NS,183.95,178.82,1.29K,Commercial Services,Miscellaneous Commercial Services,29.0,53.0,44.0,46.0,7.8857,7.8014,12.25K,4.11K,338.75,141.0,3.35B,No,178.24,190.95,199.17,188.35,188.36,270
2581,SUMICHEM.NS,417.3,411.4,169.40K,Process Industries,Chemicals: Agricultural,29.0,11.0,16.0,47.0,14.6786,14.4571,484.55K,316.49K,572.05,362.6,208.29B,No,442.55,492.09,456.12,486.23,468.14,497
2582,YASHCHEM.BO,51.88,51.49,2.24K,Process Industries,Chemicals: Specialty,29.0,82.0,66.0,47.0,4.4964,4.4907,3.58K,8.34K,111.0,39.96,531.43M,No,51.99,50.54,56.7,50.95,52.63,495
2583,MANORG.NS,430.7,427.25,4.09K,Process Industries,Chemicals: Specialty,29.0,14.0,15.0,44.0,16.1786,15.8929,10.61K,5.59K,635.0,356.25,3.69B,No,448.9,464.9,477.92,462.85,487.36,496
2584,INTEGRAEN.BO,168.65,171.3,15.55K,Producer Manufacturing,Industrial Machinery,29.0,59.0,20.0,50.0,10.7607,10.7214,13.38K,14.62K,265.95,118.0,5.81B,No,175.62,168.98,179.97,168.62,183.63,495
2585,GSFC.NS,147.28,146.5,433.12K,Process Industries,Chemicals: Agricultural,29.0,32.0,39.0,30.0,3.8207,3.7043,814.28K,732.12K,199.33,138.83,58.69B,No,151.91,156.96,164.98,155.94,160.65,497
2586,NATHBIOGEN.NS,137.79,136.1,2.14K,Process Industries,Agricultural Commodities/Milling,29.0,27.0,21.0,33.0,6.1093,5.9336,19.43K,10.99K,204.0,126.15,2.62B,No,144.33,151.19,156.01,149.62,158.34,497
2587,BAJEL.NS,157.26,156.63,101.95K,Industrial Services,Engineering & Construction,29.0,11.0,20.0,41.0,4.8036,4.705,252.21K,129.53K,215.5,135.1,18.19B,No,168.84,179.61,175.17,179.44,180.63,497
2588,IGL.NS,146.15,142.03,2394.55K,Utilities,Gas Distributors,29.0,47.0,48.0,35.0,4.01,3.8543,1909.94K,2127.43K,219.1,139.2,204.61B,No,146.33,149.46,162.01,149.16,155.55,497
2589,SATTRIX.BO,287.75,302.85,8.50K,Technology Services,Information Technology Services,29.0,7.0,16.0,5.0,14.8571,8.3714,7.29K,8.05K,451.0,226.05,3.27B,No,322.54,340.53,369.64,331.4,369.82,495
2590,VGCL.NS,49.99,48.08,362.28K,Finance,Investment Managers,29.0,64.0,,,3.1657,3.1657,5.66K,2.24K,62.95,45.0,1.15B,No,48.34,,,,,37
2591,PRERINFRA.BO,23.34,22.8,5.78K,Consumer Durables,Homebuilding,29.0,61.0,35.0,37.0,1.3743,1.325,9.06K,14.83K,32.99,19.03,843.22M,No,23.77,24.58,25.42,24.29,24.73,495
2592,CLCIND.NS,43.22,43.22,0.15K,Process Industries,Textiles,29.0,28.0,26.0,94.0,0.3314,0.3314,5.30K,0.14K,280.0,8.54,449.26M,No,45.77,49.13,72.47,47.68,38.61,495
2593,JINDALPHOT.NS,1021.6,1021.2,0.90K,Finance,Financial Conglomerates,29.0,71.0,34.0,28.0,30.6357,30.5572,5.21K,1.22K,1616.6,971.1,10.52B,No,1060.0,1051.28,1168.65,1046.17,1076.26,496
2594,BHARATROHAN.BO,101.0,103.9,23.20K,Technology Services,Packaged Software,29.0,4.0,24.0,7.0,6.55,6.2393,21.87K,20.40K,164.0,86.05,2.01B,No,119.89,122.43,123.54,120.44,122.37,253
2595,VESUVIUS.NS,409.0,406.65,69.53K,Non-Energy Minerals,Construction Materials,29.0,57.0,31.0,25.0,20.0321,19.5429,255.84K,1348.58K,607.9,383.0,83.01B,No,401.56,421.35,464.41,418.19,454.28,496
2596,GRAVITA.NS,1466.4,1482.3,343.10K,Non-Energy Minerals,Other Metals/Minerals,29.0,15.0,12.0,42.0,52.4286,51.9143,236.03K,297.85K,1913.6,1266.9,106.81B,No,1535.34,1664.73,1648.1,1647.65,1636.53,497
2597,RSDFIN.NS,86.78,90.0,0.38K,Finance,Financial Conglomerates,29.0,19.0,,,4.1821,3.3043,1.28K,0.49K,116.79,83.01,,No,91.34,,,,,37
2598,PVSL.NS,91.22,92.06,13.28K,Retail Trade,Specialty Stores,29.0,23.0,55.0,38.0,4.3229,4.3229,58.11K,30.53K,163.0,82.41,6.49B,No,96.81,103.85,102.53,101.88,99.51,496
2599,STML.BO,69.9,65.1,1.20K,Communications,Specialty Telecommunications,29.0,28.0,50.0,47.0,3.2257,1.8429,3.24K,4.53K,113.0,49.0,676.37M,No,74.9,70.9,72.2,71.13,67.61,496
2600,SELECTRIC.BO,1909.5,1849.7,1.57K,Electronic Technology,Electronic Production Equipment,29.0,63.0,,,121.8536,120.5679,12.73K,9.91K,2578.15,1622.0,230.97B,No,1901.76,2024.17,,1978.4,,57
2601,RESPONIND.NS,151.72,152.99,109.56K,Non-Energy Minerals,Forest Products,29.0,75.0,15.0,57.0,8.9336,8.9236,1937.27K,836.22K,240.9,117.25,40.45B,No,161.17,160.92,172.26,160.68,167.73,496
2602,CSM.NS,89.5,90.35,71.53K,Technology Services,Information Technology Services,29.0,48.0,34.0,,5.0957,5.0957,637.41K,192.06K,114.9,76.26,4.62B,No,97.26,98.3,,97.35,,70
2603,BALMLAWRIE.NS,156.98,156.08,106.51K,Producer Manufacturing,Industrial Conglomerates,29.0,20.0,30.0,34.0,4.1357,4.1043,135.41K,135.65K,207.7,148.36,26.84B,No,163.11,170.39,175.63,169.56,174.85,497
2604,MAITHANALL.NS,879.25,887.55,46.02K,Non-Energy Minerals,Other Metals/Minerals,29.0,6.0,24.0,34.0,26.2607,25.6357,78.44K,57.41K,1210.1,831.2,25.60B,No,964.12,984.03,994.19,981.08,987.51,497
2605,SINDHUTRAD.NS,20.86,21.01,220.41K,Transportation,Air Freight/Couriers,29.0,7.0,13.0,31.0,0.8371,0.8336,1726.61K,765.06K,28.64,17.64,38.43B,No,23.05,23.88,23.62,23.77,24.19,497
2606,UNISEM.BO,47.0,47.5,6.00K,Process Industries,Agricultural Commodities/Milling,28.0,59.0,51.0,8.0,0.7843,0.1729,3.35K,2.00K,67.91,45.83,532.60M,No,48.75,49.22,,48.98,53.12,199
2607,CENTEXT.NS,17.87,18.6,139.96K,Producer Manufacturing,Metal Fabrication,28.0,33.0,48.0,22.0,0.8364,0.8336,358.28K,148.34K,34.75,15.67,1.43B,No,18.81,20.43,20.43,20.15,19.96,497
2608,BANCOINDIA.NS,590.8,588.9,41.37K,Producer Manufacturing,Industrial Machinery,28.0,43.0,28.0,49.0,14.9571,14.425,115.04K,68.46K,865.0,502.0,84.51B,No,599.88,619.94,626.55,617.61,622.72,497
2609,INCREDIBLE.NS,31.45,30.0,5.24K,Non-Energy Minerals,Steel,28.0,65.0,48.0,33.0,1.7357,1.72,6.07K,8.35K,48.85,28.1,1.47B,No,32.2,32.46,34.49,32.4,33.48,496
2610,XCHANGING.NS,60.3,58.96,35.05K,Technology Services,Information Technology Services,28.0,43.0,43.0,39.0,2.2636,2.24,101.75K,72.80K,103.0,47.5,6.72B,No,61.21,62.8,65.84,62.11,62.93,496
2611,BHARAT.BO,21.9,22.16,1.06K,Finance,Investment Banks/Brokers,28.0,50.0,32.0,36.0,1.5371,1.5371,2.23K,1.46K,36.18,18.9,148.06M,No,22.79,23.23,24.64,23.26,23.73,495
2612,BRITANNIA.NS,4825.0,4745.6001,106.34K,Consumer Non-Durables,Food: Specialty/Candy,28.0,49.0,36.0,22.0,88.1571,83.9214,284.06K,293.92K,6271.0,4734.1,1162.19B,No,4898.14,5186.36,5531.69,5134.35,5325.8,497
2613,STARSOURCE.BO,94.0,89.79,0.00K,Health Technology,Pharmaceuticals: Major,28.0,93.0,53.0,14.0,4.0593,3.4993,0.38K,0.10K,152.9,70.01,141.00M,No,77.44,80.11,100.72,81.02,96.32,495
2614,WAKEFIT.NS,131.39,130.51,710.45K,Retail Trade,Specialty Stores,28.0,11.0,62.0,22.0,6.0943,6.0814,3389.68K,334.45K,224.0,111.4,43.57B,No,142.77,139.43,151.07,140.14,136.45,202
2615,PACEDIGITK.NS,165.13,161.85,2303.29K,Utilities,Electric Utilities,28.0,77.0,9.0,60.0,7.5536,6.4164,1681.64K,3040.25K,231.95,139.81,35.64B,No,161.64,172.44,179.66,170.06,179.57,251
2616,PANAENERG.BO,245.0,242.5,6.04K,Producer Manufacturing,Electrical Products,28.0,39.0,45.0,29.0,9.0464,8.9393,2.81K,1.39K,399.0,235.0,1.84B,No,248.53,254.79,283.19,255.4,272.04,495
2617,AFFORDABLE.NS,159.8,158.28,6.96K,Producer Manufacturing,Industrial Machinery,28.0,58.0,40.0,38.0,9.2236,9.2236,20.24K,23.53K,297.0,119.71,1.89B,No,167.34,170.56,176.96,170.59,170.81,485
2618,XTGLOBAL.NS,26.76,26.85,20.18K,Technology Services,Information Technology Services,28.0,12.0,54.0,31.0,1.5043,1.4979,87.61K,39.08K,43.7,25.2,3.59B,No,28.93,30.19,30.6,29.87,30.14,497
2619,ADDIND.NS,76.56,72.46,1.60K,Process Industries,Textiles,28.0,52.0,,,7.14,7.14,0.88K,0.63K,94.6,70.0,826.59M,No,77.32,,,,,37
2620,TECHNOE.NS,954.9,942.7,70.64K,Industrial Services,Engineering & Construction,28.0,65.0,38.0,25.0,34.9214,34.3607,172.29K,142.78K,1389.6,870.0,111.05B,No,988.73,991.41,1068.17,998.94,1074.82,497
2621,AHMDSTE.BO,163.0,156.75,0.09K,Producer Manufacturing,Building Products,28.0,75.0,9.0,40.0,10.3964,9.4714,2.90K,0.91K,238.4,84.0,2.46B,No,163.82,167.63,170.83,168.46,167.27,495
2622,REFEX.NS,254.4,258.7,224.72K,Energy Minerals,Coal,28.0,35.0,6.0,62.0,10.6143,10.1036,522.19K,259.44K,382.0,188.0,34.91B,No,272.71,283.99,269.79,281.11,282.71,497
2623,DODLA.NS,995.7,997.5,13.03K,Consumer Non-Durables,Food: Meat/Fish/Dairy,28.0,34.0,34.0,34.0,27.2286,27.2286,26.91K,21.77K,1370.0,964.1,60.07B,No,1039.59,1063.28,1104.03,1066.54,1073.11,496
2624,TENNIND.NS,473.7,468.8,685.28K,Producer Manufacturing,Auto Parts: Oem,28.0,25.0,14.0,17.0,15.7143,15.4464,1807.87K,558.03K,657.0,438.05,191.19B,No,504.64,527.64,551.48,524.09,558.68,221
2625,ARTEFACT.BO,50.86,51.32,0.54K,Industrial Services,Engineering & Construction,28.0,47.0,40.0,15.0,1.9671,1.8243,4.51K,3.84K,70.0,48.25,370.01M,No,51.77,52.61,57.92,52.59,56.44,495
2626,THACKER.NS,902.0,938.75,0.16K,Finance,Finance/Rental/Leasing,28.0,19.0,,,51.5821,46.7571,0.04K,0.06K,1107.0,893.0,981.12M,No,982.41,,,,,37
2627,MMTC.NS,54.87,54.27,949.20K,Distribution Services,Wholesale Distributors,28.0,14.0,22.0,34.0,1.8021,1.755,2026.06K,959.48K,78.35,50.1,82.30B,No,58.32,61.46,63.19,61.27,63.34,497
2628,CENTRALBK.NS,30.1,29.99,2986.34K,Finance,Major Banks,28.0,58.0,41.0,20.0,0.5593,0.5429,7235.08K,4462.63K,40.92,29.32,272.45B,No,30.68,30.87,33.92,30.94,32.41,497
2629,RELCHEMQ.NS,114.19,111.33,0.99K,Process Industries,Textiles,28.0,69.0,29.0,41.0,4.2036,4.1407,6.34K,1.77K,163.0,105.01,861.40M,No,115.82,117.41,123.41,116.97,122.21,497
2630,REDTAPE.NS,112.77,113.16,204.57K,Retail Trade,Apparel/Footwear Retail,28.0,59.0,20.0,33.0,3.6593,3.6336,1007.13K,379.91K,158.99,107.53,62.34B,No,117.17,122.11,125.37,121.4,126.8,497
2631,JAMSHRI.BO,73.43,73.3,0.50K,Finance,Real Estate Development,28.0,58.0,48.0,24.0,3.1771,3.09,0.71K,1.04K,109.11,68.0,513.02M,No,74.5,75.04,79.88,74.72,77.2,495
2632,GITARENEW.BO,70.65,66.99,0.13K,Utilities,Electric Utilities,28.0,60.0,44.0,30.0,3.8343,3.6636,0.70K,0.47K,113.44,60.11,290.53M,No,67.89,70.4,77.14,70.71,75.43,495
2633,REXSEAL.BO,139.95,144.0,2.00K,Producer Manufacturing,Industrial Machinery,28.0,96.0,52.0,15.0,4.5,2.4357,0.10K,0.22K,216.0,105.0,361.77M,No,121.4,116.98,146.77,117.12,137.94,494
2634,NIPPOBATRY.NS,311.9,311.7,0.80K,Producer Manufacturing,Electrical Products,28.0,53.0,39.0,42.0,10.5929,10.2107,2.12K,1.46K,469.0,257.0,2.34B,No,320.17,324.21,344.72,322.88,334.24,496
2635,UNITEDTEA.NS,407.45,403.0,0.36K,Consumer Non-Durables,Food: Specialty/Candy,28.0,35.0,26.0,12.0,14.5857,14.5714,2.99K,3.10K,590.0,401.6,2.04B,No,423.34,444.09,485.44,439.12,486.33,496
2636,SDBL.NS,71.2,70.48,457.81K,Consumer Non-Durables,Beverages: Alcoholic,28.0,62.0,69.0,33.0,3.465,2.8764,2005.61K,5514.65K,136.0,61.8,14.80B,No,71.6,72.39,80.5,72.73,76.0,497
2637,TAJGVK.NS,325.9,322.4,117.42K,Consumer Services,Hotels/Resorts/Cruise Lines,28.0,61.0,30.0,38.0,9.3036,9.2429,83.17K,47.85K,438.25,281.35,20.43B,No,325.15,338.6,345.76,335.97,334.62,497
2638,UNTTEMI.BO,31.0,31.0,0.05K,Finance,Finance/Rental/Leasing,28.0,48.0,32.0,6.0,0.1071,0.0,0.02K,0.01K,48.55,30.0,93.00M,No,32.27,33.27,38.17,32.8,35.97,494
2639,HELLOJI.BO,106.3,124.0,1.20K,Consumer Services,Other Consumer Services,28.0,8.0,19.0,28.0,6.7143,4.6464,3.37K,1.07K,151.5,95.0,364.61M,No,122.49,118.99,123.0,119.01,120.12,205
2640,DMART.NS,3516.8,3585.0,490.12K,Retail Trade,Specialty Stores,28.0,45.0,27.0,14.0,96.0928,94.1071,561.96K,748.92K,4644.0,3497.7,2294.04B,No,3716.38,3832.28,3990.8,3806.85,4059.41,497
2641,AIKPIPES.BO,24.38,25.65,0.80K,Producer Manufacturing,Miscellaneous Manufacturing,28.0,1.0,77.0,20.0,0.4843,0.01,2.48K,0.62K,59.9,19.02,155.13M,No,27.91,28.34,26.24,28.37,26.26,495
2642,INSECTICID.NS,581.3,571.5,5.08K,Process Industries,Chemicals: Agricultural,27.0,48.0,32.0,28.0,16.4893,16.3929,26.40K,10.37K,775.0,518.6,16.91B,No,594.24,609.18,647.62,607.34,650.82,497
2643,MULTIBASE.BO,167.15,166.05,2.42K,Process Industries,Industrial Specialties,27.0,49.0,47.0,29.0,4.8036,4.8,6.20K,3.66K,265.0,156.0,2.11B,No,171.06,177.44,190.74,177.09,182.24,495
2644,PALASHSECU.NS,84.94,87.1,0.25K,Consumer Non-Durables,Food: Specialty/Candy,27.0,54.0,40.0,31.0,3.335,3.1671,1.77K,1.27K,128.9,79.01,849.66M,No,86.59,88.24,93.67,88.37,91.59,497
2645,TATACONSUM.NS,955.0,951.9,947.33K,Consumer Non-Durables,Food: Specialty/Candy,27.0,43.0,26.0,27.0,18.2429,17.6714,1295.41K,1332.57K,1282.7,945.0,945.15B,No,978.72,1026.81,1108.79,1014.37,1085.1,497
2646,KRUPALU.BO,29.5,31.1,4.80K,Non-Energy Minerals,Other Metals/Minerals,27.0,62.0,46.0,60.0,0.3,0.0,2.92K,0.18K,63.4,25.15,173.22M,No,30.32,29.17,34.28,29.33,30.64,263
2647,SITAENT.BO,136.65,140.05,0.02K,Finance,Investment Banks/Brokers,27.0,81.0,42.0,17.0,13.7964,13.2893,5.17K,20.44K,201.7,111.95,409.95M,No,131.47,137.09,150.36,134.55,146.44,495
2648,HECPROJECT.NS,112.02,110.66,12.58K,Industrial Services,Engineering & Construction,27.0,30.0,28.0,24.0,4.7329,4.7064,24.32K,4.05K,160.5,92.1,1.21B,No,114.93,120.8,121.73,119.28,122.88,497
2649,AERONEU.NS,69.52,68.4,51.07K,Process Industries,Containers/Packaging,27.0,42.0,12.0,24.0,4.8357,4.7114,51.62K,71.37K,105.5,63.21,1.79B,No,70.15,77.42,79.22,77.13,82.74,496
2650,PRAKASH.NS,118.7,115.31,481.45K,Non-Energy Minerals,Steel,27.0,39.0,40.0,28.0,5.1614,5.1136,467.43K,520.04K,172.9,110.24,21.26B,No,119.37,124.21,131.96,124.85,132.33,497
2651,UVDRHOR.BO,32.29,33.97,2.59K,Producer Manufacturing,Industrial Machinery,27.0,37.0,52.0,18.0,2.135,2.0579,5.03K,3.87K,62.69,28.1,2.23B,No,36.03,36.11,38.0,36.32,36.69,497
2652,THOMASCOTT.NS,269.7,266.4,23.55K,Consumer Non-Durables,Apparel/Footwear,27.0,82.0,20.0,53.0,22.2857,21.5821,91.72K,164.13K,459.8,221.8,4.01B,No,252.39,276.66,291.15,278.11,282.41,497
2653,FLOMIC.BO,42.71,43.43,0.41K,Transportation,Air Freight/Couriers,27.0,47.0,19.0,53.0,3.42,3.1757,1.46K,0.47K,62.0,35.0,775.97M,No,44.34,43.45,47.78,43.83,46.87,495
2654,SAHARAHOUS.BO,35.77,35.63,8.93K,Finance,Finance/Rental/Leasing,27.0,40.0,27.0,20.0,2.4543,2.2736,2.83K,3.91K,58.98,30.0,250.39M,No,38.12,38.98,39.95,38.49,39.36,495
2655,STRATMONT.BO,53.5,55.91,0.64K,Energy Minerals,Coal,27.0,14.0,37.0,17.0,3.9193,3.8129,86.98K,1.32K,92.0,45.31,1.52B,No,58.56,59.05,62.07,58.48,61.45,495
2656,LINKPH.BO,25.32,26.95,0.15K,Process Industries,Chemicals: Specialty,27.0,15.0,47.0,25.0,2.4579,2.315,1.12K,1.02K,37.2,21.0,112.44M,No,27.2,27.16,27.83,26.9,27.18,495
2657,HPCOTTON.BO,88.09,84.5,0.65K,Process Industries,Textiles,27.0,34.0,30.0,20.0,4.0279,3.5229,1.25K,0.91K,132.0,84.0,345.49M,No,88.85,96.25,103.55,94.82,101.25,495
2658,NSL.BO,118.35,117.0,3.77K,Consumer Non-Durables,Beverages: Alcoholic,27.0,29.0,43.0,28.0,5.0786,5.0786,12.63K,8.34K,192.85,96.6,1.90B,No,124.05,128.54,129.35,127.74,126.73,495
2659,MEIL.NS,277.25,266.2,2270.33K,Electronic Technology,Electronic Components,27.0,56.0,40.0,57.0,13.5,13.5,58.50K,35.04K,495.0,206.26,7.66B,No,270.35,275.69,291.12,275.7,287.0,277
2660,INDTONER.BO,45.65,45.97,6.88K,Electronic Technology,Computer Peripherals,27.0,50.0,10.0,35.0,1.5086,1.5086,18.38K,5.70K,62.0,43.08,2.37B,No,46.68,46.91,49.56,46.98,49.55,497
2661,1STCUS.BO,64.89,64.58,0.07K,Finance,Investment Banks/Brokers,27.0,85.0,57.0,11.0,3.2564,3.2364,0.23K,0.14K,95.36,54.55,97.33M,No,63.79,62.97,72.88,62.14,69.34,495
2662,SUNSHIEL.NS,1073.6,1048.3,0.44K,Process Industries,Chemicals: Major Diversified,27.0,13.0,,,58.8143,56.8071,3.08K,3.88K,1284.8,1025.7,,No,1141.74,,,,,37
2663,IITL.NS,125.67,128.19,111.83K,Finance,Financial Conglomerates,27.0,7.0,57.0,28.0,9.13,8.9836,118.00K,112.88K,215.0,108.0,2.63B,No,138.04,144.16,143.94,143.29,143.38,496
2664,IOB.NS,30.58,30.48,2148.22K,Finance,Major Banks,27.0,32.0,32.0,26.0,0.7043,0.6743,3209.83K,4148.12K,41.8,30.07,588.87B,No,31.68,32.74,33.99,32.54,33.52,497
2665,DCMSHRIRAM.NS,955.55,955.75,44.67K,Producer Manufacturing,Industrial Conglomerates,27.0,46.0,37.0,20.0,39.1321,36.5893,146.32K,245.33K,1409.0,886.3,147.97B,No,972.46,1006.03,1084.83,999.85,1061.54,496
2666,BAJAJHCARE.NS,320.0,314.85,124.15K,Health Technology,Pharmaceuticals: Major,27.0,47.0,40.0,42.0,11.9964,11.7321,212.04K,96.23K,490.0,272.35,10.77B,No,330.45,328.98,336.1,327.62,323.45,497
2667,RELIANCE.NS,1170.3,1178.0,12081.70K,Energy Minerals,Oil Refining/Marketing,27.0,26.0,34.0,23.0,22.3143,20.3786,11861.21K,15798.31K,1611.8,1160.2,15837.05B,No,1217.64,1271.79,1355.26,1261.77,1312.94,497
2668,ADMANUM.BO,51.15,51.93,0.07K,Finance,Finance/Rental/Leasing,27.0,38.0,21.0,34.0,2.6821,2.3429,2.64K,2.58K,74.98,42.2,383.63M,No,51.38,53.33,55.24,53.52,56.0,495
2669,CONTCHM.BO,55.12,55.12,0.03K,Technology Services,Packaged Software,27.0,33.0,24.0,20.0,0.7007,0.0636,0.06K,0.04K,87.08,50.0,123.96M,No,54.13,57.41,64.56,56.74,60.21,493
2670,SNOWMAN.NS,34.16,34.35,70.30K,Commercial Services,Miscellaneous Commercial Services,27.0,37.0,46.0,27.0,1.1693,1.1693,192.57K,137.32K,53.4,30.5,5.71B,No,34.79,36.64,38.02,36.38,37.45,497
2671,ORISSAMINE.NS,3530.0,3460.3999,4.71K,Non-Energy Minerals,Steel,27.0,8.0,43.0,37.0,117.0857,114.15,25.09K,6.70K,5775.0,3100.5,21.18B,No,3734.09,4163.54,4141.9,4125.94,3984.73,497
2672,COLAB.BO,127.3,127.3,0.16K,Distribution Services,Electronics Distributors,27.0,47.0,25.0,8.0,0.2714,0.0,0.16K,0.04K,204.6,127.3,25.97B,No,129.96,134.07,157.76,133.12,147.42,495
2673,JUSTO.BO,80.55,80.71,1.00K,Finance,Real Estate Development,27.0,2.0,52.0,14.0,3.825,2.8614,11.41K,17.00K,133.9,72.0,1.51B,No,95.68,97.83,95.01,96.36,94.35,252
2674,VAIBHAVGBL.NS,201.67,199.55,280.92K,Consumer Durables,Other Consumer Specialties,27.0,40.0,10.0,39.0,6.5179,6.4129,375.75K,196.51K,293.25,174.13,33.82B,No,206.07,221.17,226.52,217.17,224.3,497
2675,RENUKA.NS,21.72,21.63,6295.45K,Process Industries,Agricultural Commodities/Milling,27.0,12.0,50.0,12.0,0.9364,0.885,15771.45K,13882.05K,30.9,20.95,46.23B,No,22.82,23.23,24.31,23.17,24.15,497
2676,KANSAINER.NS,181.29,180.75,144.13K,Process Industries,Industrial Specialties,27.0,41.0,34.0,39.0,6.2529,6.23,322.50K,421.14K,264.0,157.91,146.64B,No,182.45,193.91,204.33,192.27,198.75,496
2677,KRSNAA.NS,535.5,531.95,28.07K,Health Services,Medical/Nursing Services,27.0,61.0,51.0,27.0,18.3286,18.3286,121.03K,62.25K,848.1,515.0,17.37B,No,548.85,553.44,598.25,555.18,560.96,497
2678,MUKESHB.NS,123.0,123.0,0.01K,Finance,Investment Banks/Brokers,27.0,34.0,,,3.3864,1.3607,12.79K,0.18K,147.0,123.0,857.42M,No,128.98,,,,,37
2679,GUJHOTE.BO,173.65,175.0,0.61K,Consumer Services,Hotels/Resorts/Cruise Lines,27.0,46.0,40.0,37.0,5.6214,5.4786,1.06K,1.08K,318.9,165.5,657.70M,No,178.67,181.72,190.34,181.95,185.93,495
2680,JSWCEMENT.NS,112.43,112.97,1237.80K,Non-Energy Minerals,Construction Materials,26.0,35.0,16.0,26.0,3.12,3.1064,1651.11K,2163.74K,143.4,106.65,151.82B,No,115.07,122.6,124.21,121.55,125.78,285
2681,SUMIT.NS,47.58,45.92,8.44K,Finance,Real Estate Development,26.0,57.0,63.0,36.0,3.6814,3.565,38.40K,31.05K,102.0,31.74,2.28B,No,49.46,51.26,49.56,50.66,48.4,496
2682,VALPLAST.BO,40.0,40.0,6.00K,Industrial Services,Engineering & Construction,26.0,87.0,60.0,17.0,0.6243,0.4971,20.86K,64.22K,67.99,30.8,785.12M,No,38.25,38.05,45.5,38.14,42.73,248
2683,SMARITIME.BO,21.5,21.5,6.40K,Transportation,Marine Shipping,26.0,55.0,42.0,66.0,0.1786,0.1071,0.58K,0.71K,43.7,15.26,66.02M,No,22.45,22.55,22.14,22.7,20.86,494
2684,GUJCRAFT.BO,89.14,89.04,0.57K,Process Industries,Containers/Packaging,26.0,52.0,42.0,37.0,4.1764,3.9507,1.12K,1.03K,144.95,86.24,435.74M,No,91.35,93.21,101.24,92.24,96.77,495
2685,NSIL.NS,5093.5,5108.0,1.17K,Finance,Financial Conglomerates,26.0,25.0,43.0,32.0,140.6071,140.4286,1.96K,2.28K,8730.0,4700.0,26.16B,No,5387.57,5536.13,5700.88,5495.85,5517.24,496
2686,JITFINFRA.NS,268.25,269.55,15.24K,Transportation,Trucking,26.0,16.0,18.0,18.0,13.8821,13.775,36.32K,19.27K,433.15,222.35,6.90B,No,279.79,305.17,309.04,297.74,308.99,497
2687,AVG.NS,161.89,161.98,12.93K,Transportation,Air Freight/Couriers,26.0,60.0,10.0,51.0,8.5564,8.5564,14.41K,17.23K,246.85,116.66,3.03B,No,167.99,180.9,170.02,177.36,175.26,497
2688,RRPDEFENSE.BO,608.65,608.65,0.29K,Distribution Services,Wholesale Distributors,26.0,47.0,25.0,7.0,1.325,0.0,0.01K,0.03K,984.4,608.65,8.35B,No,621.63,641.57,756.65,636.93,706.36,494
2689,SANCTRN.BO,634.3,640.5,0.08K,Transportation,Other Transportation,26.0,33.0,17.0,23.0,25.2214,21.4714,0.04K,0.04K,808.5,626.0,1.14B,No,673.77,682.3,706.89,679.55,711.01,494
2690,DCW.NS,44.19,44.3,1078.42K,Process Industries,Chemicals: Specialty,26.0,37.0,36.0,48.0,2.0386,2.0279,1373.06K,1191.27K,72.3,37.11,13.04B,No,46.15,46.02,47.68,45.68,46.03,497
2691,CORALFINAC.NS,30.73,30.26,21.43K,Finance,Investment Managers,26.0,44.0,37.0,36.0,1.4679,1.4357,81.34K,43.95K,46.54,25.01,1.24B,No,31.72,32.7,33.58,32.56,32.46,497
2692,AHLADA.NS,37.28,36.78,6.01K,Producer Manufacturing,Building Products,26.0,76.0,55.0,24.0,2.5664,2.5379,15.79K,8.45K,66.44,31.22,481.69M,No,37.44,37.71,42.39,37.57,39.62,497
2693,SINTERCOM.NS,74.87,73.41,0.72K,Producer Manufacturing,Auto Parts: Oem,26.0,45.0,51.0,33.0,4.4121,4.3279,29.29K,6.30K,126.98,62.99,2.06B,No,76.78,79.77,82.3,78.78,77.73,496
2694,TARC.NS,117.47,117.55,844.95K,Finance,Real Estate Development,26.0,22.0,47.0,33.0,3.8607,3.8607,737.08K,286.85K,186.3,109.1,34.66B,No,126.87,126.79,135.98,126.18,127.46,497
2695,JSWHL.NS,11346.0,11158.0,38.14K,Finance,Investment Banks/Brokers,26.0,65.0,62.0,29.0,262.8571,260.5,5.16K,6.79K,22790.0,10530.0,125.92B,No,11211.35,11475.28,13829.24,11463.5,12103.3,497
2696,NLCINDIA.NS,243.55,241.45,807.87K,Utilities,Electric Utilities,26.0,22.0,10.0,28.0,7.0571,6.8643,1785.52K,1291.99K,387.8,230.0,337.72B,No,258.94,271.49,283.79,268.57,295.57,497
2697,FACT.NS,729.4,717.75,64.50K,Process Industries,Chemicals: Agricultural,26.0,35.0,25.0,26.0,24.6822,24.0643,713.64K,150.30K,1058.6,652.1,471.97B,No,762.61,795.17,832.82,785.04,834.93,497
2698,SWADEIN.BO,75.05,72.7,8.00K,Process Industries,Textiles,26.0,78.0,39.0,7.0,5.8536,5.8536,3.90K,2.51K,164.0,67.81,1.74B,No,76.47,80.04,101.48,79.06,88.09,495
2699,ADVENZYMES.NS,267.15,264.9,235.43K,Consumer Non-Durables,Food: Specialty/Candy,26.0,22.0,15.0,30.0,7.9714,7.775,248.07K,172.77K,419.0,251.95,29.44B,No,284.42,296.48,311.96,293.54,317.23,497
2700,ACTIVE.BO,97.67,96.63,1.32K,Consumer Non-Durables,Apparel/Footwear,26.0,24.0,17.0,22.0,4.6464,4.6464,6.01K,3.49K,156.0,86.0,1.52B,No,100.44,107.44,113.97,106.21,118.49,495
2701,SOUTHERNIN.BO,19.65,19.06,1.28K,Distribution Services,Electronics Distributors,26.0,25.0,25.0,34.0,1.0086,0.9543,0.91K,0.83K,27.64,18.75,98.64M,No,20.98,21.11,22.18,21.25,22.02,495
2702,ANIKINDS.NS,41.34,42.2,8.26K,Distribution Services,Wholesale Distributors,26.0,31.0,39.0,37.0,2.7036,2.6707,10.10K,14.23K,83.4,32.5,1.15B,No,43.7,43.89,44.7,44.01,43.31,497
2703,BRISK.BO,73.9,73.9,1.60K,Distribution Services,Electronics Distributors,26.0,79.0,5.0,49.0,1.6943,1.4571,1.57K,2.24K,105.0,64.5,147.80M,No,71.24,72.99,77.36,72.5,77.73,494
2704,GREENLAM.NS,206.34,206.86,46.67K,Non-Energy Minerals,Forest Products,26.0,16.0,14.0,29.0,6.5829,6.5821,126.80K,67.62K,278.55,197.59,52.65B,No,221.82,238.59,239.0,237.74,237.06,496
2705,IFGLEXPOR.NS,180.51,179.72,24.65K,Producer Manufacturing,Industrial Machinery,26.0,30.0,11.0,65.0,8.3079,8.255,52.24K,29.72K,274.0,119.68,13.01B,No,193.33,205.71,188.75,205.7,190.92,497
2706,TYCHE.BO,104.2,104.15,0.91K,Health Technology,Pharmaceuticals: Major,26.0,39.0,25.0,22.0,4.8964,4.6071,7.81K,6.40K,148.0,99.0,1.07B,No,107.6,110.08,117.88,108.23,119.27,495
2707,HORIZONIND.NS,49.05,48.47,1969.80K,Finance,Real Estate Development,26.0,19.0,,,1.8757,1.8671,7252.61K,3716.75K,60.25,47.06,141.41B,No,51.58,,,,,33
2708,MALPANI.BO,58.95,60.0,3.20K,Producer Manufacturing,Miscellaneous Manufacturing,26.0,72.0,20.0,27.0,2.7143,0.8643,5.00K,3.73K,85.9,48.1,635.33M,No,62.09,62.73,66.06,61.8,63.12,413
2709,LEMONTREE.NS,110.43,110.05,1920.63K,Consumer Services,Hotels/Resorts/Cruise Lines,26.0,79.0,44.0,40.0,2.9871,2.9714,3276.46K,6243.52K,170.68,99.61,87.44B,No,106.6,107.84,117.9,107.72,111.22,497
2710,STUDDS.NS,414.5,416.0,3767.92K,Consumer Durables,Recreational Products,26.0,62.0,35.0,30.0,20.375,20.375,65.19K,52.15K,600.0,389.15,16.31B,No,410.12,427.17,472.93,423.85,451.89,229
2711,PROSTARM.NS,127.46,126.46,154.53K,Producer Manufacturing,Electrical Products,26.0,44.0,52.0,29.0,6.5229,6.2671,279.71K,419.62K,208.65,114.64,7.50B,No,132.51,134.59,144.19,135.64,138.53,336
2712,IFBIND.NS,1161.0,1186.8,25.96K,Consumer Durables,Electronics/Appliances,26.0,23.0,22.0,61.0,41.1357,40.5857,68.89K,32.12K,2019.8,883.2,47.04B,No,1220.95,1304.43,1243.0,1290.13,1219.44,497
2713,FORTIS.NS,786.25,763.0,3638.16K,Health Services,Hospital/Nursing Management,26.0,13.0,16.0,34.0,28.0214,26.7929,1439.44K,3024.63K,1104.3,745.35,593.59B,No,838.79,888.19,907.53,880.59,909.72,497
2714,RAJSREESUG.NS,27.5,27.26,48.36K,Process Industries,Agricultural Commodities/Milling,26.0,2.0,30.0,42.0,1.7486,1.7157,93.01K,181.83K,42.48,24.65,911.23M,No,30.64,32.85,31.85,32.6,32.26,497
2715,BSOFT.NS,285.3,271.8,3547.03K,Technology Services,Packaged Software,26.0,73.0,57.0,10.0,8.2321,7.6429,1722.81K,1449.47K,474.0,267.05,79.78B,No,277.99,293.26,345.5,291.57,317.21,497
2716,SUYOG.NS,645.05,643.3,12.82K,Industrial Services,Engineering & Construction,26.0,26.0,6.0,18.0,39.7607,39.4464,27.31K,33.43K,921.15,526.5,7.56B,No,660.95,737.26,720.34,722.28,763.35,496
2717,MADHAV.NS,32.28,32.1,2.33K,Non-Energy Minerals,Construction Materials,25.0,25.0,33.0,33.0,2.2193,2.1964,3.62K,4.05K,46.79,29.0,288.81M,No,34.63,34.92,36.54,34.96,35.73,496
2718,FRACTAL.NS,707.6,700.65,628.67K,Technology Services,Packaged Software,25.0,21.0,21.0,23.0,21.3643,21.0821,344.96K,303.74K,1118.0,700.75,121.68B,No,743.79,789.21,,788.24,861.75,160
2719,ESCORTS.NS,2730.5,2773.6001,34.16K,Producer Manufacturing,Auto Parts: Oem,25.0,27.0,42.0,27.0,83.1928,80.5,99.12K,139.34K,3987.8,2550.1,300.43B,No,2798.91,2953.44,3155.12,2921.6,2967.04,497
2720,TIERRA.BO,36.25,36.14,14.44K,Process Industries,Agricultural Commodities/Milling,25.0,0.0,21.0,20.0,2.5643,2.2264,38.78K,27.13K,64.85,34.35,2.36B,No,44.12,44.77,43.65,44.68,42.61,495
2721,PFS.NS,26.6,26.39,420.32K,Finance,Finance/Rental/Leasing,25.0,53.0,28.0,35.0,1.4036,1.4036,1241.91K,5756.18K,40.5,23.85,17.08B,No,27.09,27.57,30.02,27.44,29.03,497
2722,CENTURYPLY.NS,665.7,659.85,26.45K,Producer Manufacturing,Building Products,25.0,22.0,22.0,27.0,22.525,22.525,84.05K,110.24K,859.0,618.5,147.90B,No,694.22,734.15,755.03,726.95,749.19,496
2723,STANBIK.BO,26.34,26.34,8.00K,Distribution Services,Food Distributors,25.0,86.0,33.0,10.0,1.295,0.5114,2.03K,3.56K,39.4,20.01,350.98M,No,23.67,25.87,,25.85,29.43,197
2724,KOTHARIPRO.NS,62.26,63.51,13.09K,Distribution Services,Wholesale Distributors,25.0,41.0,34.0,35.0,3.2957,3.1536,10.46K,6.50K,100.42,58.0,3.72B,No,64.93,66.78,68.78,66.52,68.72,496
2725,JAYTEX.BO,21.4,21.4,0.00K,Process Industries,Textiles,25.0,59.0,23.0,11.0,0.0071,0.0,0.07K,0.07K,27.0,21.4,8.19B,No,21.48,21.95,24.86,21.79,24.3,494
2726,M&M.NS,2796.2,2751.2,1241.56K,Consumer Durables,Motor Vehicles,25.0,19.0,34.0,23.0,59.3357,54.9,2239.75K,3085.96K,3839.9,2744.3,3357.57B,No,2971.21,3201.45,3260.74,3169.67,3144.6,497
2727,DHABRIYA.NS,468.8,485.95,5.42K,Producer Manufacturing,Miscellaneous Manufacturing,25.0,29.0,,,23.4536,23.4536,17.56K,16.00K,603.0,445.0,5.07B,No,482.41,,,,,37
2728,MASFIN.NS,266.7,262.95,63.48K,Finance,Finance/Rental/Leasing,25.0,33.0,19.0,21.0,10.1464,10.1464,214.20K,265.74K,358.85,260.75,48.39B,No,281.45,293.62,310.35,290.28,306.37,497
2729,ASTALLTD.BO,68.14,69.51,6.86K,Finance,Real Estate Development,25.0,14.0,19.0,35.0,2.805,2.7114,15.07K,7.66K,103.0,60.45,2.98B,No,71.2,77.29,77.52,76.03,76.25,495
2730,EDVENSWA.BO,23.23,22.16,14.37K,Technology Services,Information Technology Services,25.0,83.0,60.0,33.0,1.3229,1.3121,11.02K,7.47K,45.89,19.01,678.69M,No,22.16,21.75,25.82,21.76,24.99,495
2731,TRADEUNO.BO,96.0,96.0,1.20K,Retail Trade,Apparel/Footwear Retail,25.0,9.0,46.0,15.0,3.9964,3.0964,12.29K,6.00K,161.95,87.0,1.72B,No,103.35,110.27,113.82,110.52,106.68,230
2732,EMMESSA.BO,22.59,21.1,0.82K,Health Technology,Pharmaceuticals: Other,25.0,48.0,39.0,28.0,1.6264,1.4314,1.15K,1.65K,33.39,18.42,112.86M,No,23.5,24.03,25.63,23.84,24.7,495
2733,ABMKNO.NS,161.22,161.27,0.75K,Technology Services,Packaged Software,25.0,12.0,,,10.435,10.1357,1.57K,3.51K,200.0,155.0,3.22B,No,171.23,,,,,37
2734,GICRE.NS,312.6,309.1,630.29K,Finance,Specialty Insurance,25.0,24.0,26.0,14.0,8.6143,8.3036,738.60K,626.35K,417.95,308.0,548.43B,No,332.22,345.94,368.88,345.12,366.79,497
2735,HDFCAMC.NS,2262.5,2245.0,934.22K,Finance,Investment Managers,25.0,35.0,18.0,26.0,56.4857,52.0,827.07K,935.80K,2967.25,2205.6,970.78B,No,2357.21,2472.0,2583.49,2444.48,2565.92,497
2736,ABRIL.BO,32.98,28.68,26.00K,Process Industries,Pulp & Paper,25.0,70.0,34.0,31.0,1.8114,1.645,8.16K,11.60K,47.0,25.5,263.24M,No,30.95,32.72,36.53,32.72,35.36,270
2737,DOMS.NS,2059.4,2057.3999,13.28K,Producer Manufacturing,Office Equipment/Supplies,25.0,42.0,28.0,23.0,41.4286,40.5929,41.33K,24.64K,2755.0,2020.0,124.98B,No,2093.33,2172.18,2292.37,2155.66,2239.38,497
2738,SUPERIRON.BO,34.95,34.95,1.20K,Non-Energy Minerals,Steel,25.0,24.0,20.0,47.0,0.8364,0.4814,5.60K,3.72K,51.99,24.0,817.61M,No,37.21,37.86,39.83,37.7,40.32,385
2739,PANCHSHEEL.BO,103.15,102.4,1.48K,Health Technology,Pharmaceuticals: Major,25.0,67.0,22.0,37.0,4.0679,4.0071,8.84K,2.82K,154.4,86.1,1.07B,No,106.64,111.85,115.81,110.89,116.7,495
2740,MODRNSH.BO,30.12,31.7,1.51K,Finance,Investment Banks/Brokers,25.0,1.0,23.0,53.0,1.1064,0.8114,1.73K,0.76K,49.57,24.7,88.29M,No,36.26,36.69,34.81,36.31,33.8,495
2741,TCIIND.BO,1139.9,1112.0,0.15K,Finance,Real Estate Development,25.0,71.0,30.0,26.0,34.8679,21.825,0.11K,0.02K,1601.0,1065.2,1.02B,No,1185.81,1227.65,1362.44,1226.11,1344.92,495
2742,SUKHJITS.NS,145.63,146.67,8.32K,Consumer Non-Durables,Food: Specialty/Candy,25.0,28.0,22.0,20.0,5.0893,5.0329,19.78K,10.92K,231.1,137.3,4.55B,No,156.72,158.99,171.03,157.62,167.86,496
2743,POONADAL.BO,56.53,55.16,0.30K,Process Industries,Agricultural Commodities/Milling,25.0,23.0,32.0,20.0,2.3521,2.2507,0.81K,0.81K,93.2,55.0,322.67M,No,58.35,60.52,63.96,60.28,63.21,495
2744,SHRDAIS.BO,146.1,146.1,0.02K,Non-Energy Minerals,Steel,25.0,58.0,39.0,41.0,8.0036,7.6429,0.66K,0.49K,261.0,125.0,741.72M,No,151.47,151.83,163.17,151.58,156.59,495
2745,VINAYAKPOL.BO,21.0,21.0,0.05K,Process Industries,Containers/Packaging,25.0,62.0,15.0,45.0,0.0,0.0,0.10K,0.01K,37.38,19.16,64.71M,No,21.04,21.8,23.36,21.88,22.61,494
2746,MODINATUR.NS,315.75,288.65,38.78K,Process Industries,Agricultural Commodities/Milling,25.0,22.0,10.0,31.0,22.3393,22.3393,8.10K,8.51K,524.8,252.3,4.20B,No,333.83,355.14,365.11,349.55,377.3,204
2747,CEENIK.BO,192.0,202.0,0.01K,Consumer Non-Durables,Apparel/Footwear,25.0,4.0,84.0,4.0,12.2821,11.3143,1.19K,0.53K,465.6,133.15,771.84M,No,222.8,233.87,249.89,229.34,230.61,495
2748,KVTOYS.BO,252.75,252.1,5.40K,Consumer Durables,Recreational Products,25.0,41.0,11.0,60.0,9.3464,7.2571,7.24K,5.70K,363.9,180.0,1.59B,No,275.55,274.64,274.31,275.87,264.09,202
2749,TRIDENT.NS,21.96,21.83,2976.99K,Process Industries,Textiles,25.0,34.0,27.0,24.0,0.5071,0.5021,4020.12K,3016.67K,30.94,21.6,111.90B,No,22.79,23.8,25.04,23.62,24.64,497
2750,VENTIVE.NS,551.7,563.55,22.45K,Consumer Services,Hotels/Resorts/Cruise Lines,25.0,55.0,32.0,31.0,19.8286,19.825,25.89K,22.80K,793.95,542.6,128.84B,No,565.08,582.03,646.83,572.33,607.03,442
2751,ITC.NS,266.0,255.0,31026.86K,Consumer Non-Durables,Tobacco,25.0,72.0,47.0,25.0,6.5964,6.2,15715.25K,25989.88K,426.4,253.15,3333.12B,No,264.05,269.55,300.45,267.69,285.42,497
2752,INDOBELL.BO,56.18,53.51,15.75K,Non-Energy Minerals,Construction Materials,25.0,0.0,59.0,9.0,3.0164,2.72,16.11K,14.85K,100.95,44.75,353.93M,No,64.35,70.65,64.26,69.73,66.21,430
2753,NNTL.BO,28.51,28.51,1.47K,Technology Services,Information Technology Services,25.0,19.0,6.0,36.0,0.2143,0.0007,0.10K,0.16K,42.15,25.31,92.03M,No,30.52,32.16,33.61,31.79,33.08,494
2754,LGHL.NS,215.72,213.87,38.90K,Consumer Durables,Other Consumer Specialties,24.0,94.0,61.0,24.0,13.7729,13.6736,22.04K,41.95K,395.0,168.0,10.81B,No,192.99,188.54,239.4,189.29,219.93,496
2755,ONMOBILE.NS,50.25,51.54,36.02K,Communications,Specialty Telecommunications,24.0,79.0,6.0,61.0,2.7021,2.6914,63.41K,36.03K,84.0,40.21,5.34B,No,50.41,55.34,54.36,53.74,54.64,497
2756,NATCOPHARM.NS,789.4,795.4,233.07K,Health Technology,Pharmaceuticals: Major,24.0,50.0,14.0,6.0,21.4322,21.3522,440.57K,496.31K,1226.8,787.45,145.25B,No,817.73,856.66,937.91,845.66,954.77,497
2757,RATNABHUMI.BO,175.0,175.0,0.02K,Finance,Real Estate Development,24.0,70.0,39.0,5.0,1.4036,0.1857,0.01K,0.01K,318.0,166.25,2.40B,No,173.62,174.9,216.67,174.31,216.98,494
2758,TARIL.NS,290.65,282.75,2354.87K,Producer Manufacturing,Electrical Products,24.0,60.0,22.0,49.0,11.5929,11.0286,2606.27K,8961.60K,498.95,224.05,87.24B,No,281.06,291.57,297.95,291.63,306.61,497
2759,TVSHLTD.NS,11441.0,11529.0,3.52K,Producer Manufacturing,Auto Parts: Oem,24.0,10.0,17.0,16.0,317.5714,314.5714,8.58K,7.26K,16297.0,11402.0,231.48B,No,12354.2,13340.32,13948.01,13132.9,13694.9,496
2760,NBIFIN.NS,1843.0,1813.9,0.06K,Finance,Financial Conglomerates,24.0,41.0,14.0,47.0,55.4643,52.4429,3.03K,0.74K,2698.0,1539.0,5.45B,No,1917.42,1999.38,1989.16,1976.62,1964.06,496
2761,MIL.BO,26.7,26.0,1.46K,Finance,Financial Conglomerates,24.0,84.0,49.0,31.0,2.115,1.9357,2.33K,2.92K,43.0,20.61,267.00M,No,25.33,26.51,28.97,26.75,26.25,495
2762,SRIGEE.BO,75.08,75.65,3.60K,Producer Manufacturing,Industrial Machinery,24.0,20.0,31.0,41.0,5.3986,4.6386,12.17K,16.56K,148.0,56.75,448.50M,No,77.07,79.42,78.72,78.85,77.35,351
2763,APLAB.BO,68.0,68.68,2.01K,Electronic Technology,Electronic Equipment/Instruments,24.0,33.0,6.0,40.0,5.9507,5.9107,5.37K,4.14K,122.0,57.83,1.71B,No,71.75,73.37,81.02,73.73,83.95,495
2764,PRAJIND.NS,285.8,289.75,422.33K,Industrial Services,Engineering & Construction,24.0,8.0,14.0,18.0,8.9429,8.6786,764.05K,481.81K,427.65,273.0,52.53B,No,310.99,324.81,334.0,323.12,342.54,497
2765,TCI.NS,851.45,877.05,26.26K,Transportation,Trucking,24.0,59.0,38.0,19.0,33.85,31.0214,135.15K,755.35K,1242.0,797.0,65.42B,No,853.8,883.03,954.81,879.71,922.79,496
2766,COSCO.BO,178.25,177.4,0.58K,Consumer Durables,Recreational Products,24.0,53.0,32.0,26.0,5.9286,5.6643,0.67K,0.35K,260.0,160.0,741.70M,No,184.47,188.01,198.04,186.4,191.49,495
2767,AEL.BO,113.6,112.9,8.24K,Producer Manufacturing,Metal Fabrication,24.0,62.0,54.0,13.0,5.0786,5.0643,7.42K,8.94K,178.0,94.0,1.44B,No,117.48,113.61,126.5,114.58,118.35,495
2768,EUPHORIAIT.BO,28.0,27.6,1.20K,Technology Services,Information Technology Services,24.0,66.0,60.0,28.0,0.6257,0.31,1.41K,1.33K,54.99,22.53,81.25M,No,27.54,29.23,32.59,29.59,30.7,495
2769,DABUR.NS,386.7,376.8,885.32K,Consumer Non-Durables,Household/Personal Care,24.0,77.0,29.0,29.0,8.0607,7.7893,2033.26K,2305.44K,534.0,368.05,685.99B,No,383.39,392.71,446.5,390.05,421.56,497
2770,SHAMFOAM.BO,82.35,83.0,1.00K,Consumer Durables,Home Furnishings,24.0,95.0,,,8.1457,7.96,113.14K,51.80K,109.0,52.3,946.26M,No,74.71,,,,,37
2771,ALFATRAN.BO,36.18,36.51,2.22K,Producer Manufacturing,Electrical Products,24.0,81.0,42.0,12.0,2.4471,2.3307,12.51K,16.52K,62.0,27.03,331.07M,No,34.69,36.13,40.52,36.1,41.38,495
2772,PANCARBON.BO,393.75,389.75,0.80K,Producer Manufacturing,Electrical Products,24.0,35.0,21.0,24.0,8.9857,8.7607,2.12K,1.50K,525.6,387.0,1.89B,No,405.07,428.54,461.91,424.84,453.83,495
2773,MEAPL.BO,27.88,29.96,46.22K,Finance,Investment Banks/Brokers,24.0,87.0,56.0,14.0,2.9421,2.8557,39.06K,79.95K,47.95,21.9,430.75M,No,25.38,26.27,32.03,26.07,31.64,495
2774,GODIGIT.NS,272.85,261.45,1795.34K,Finance,Multi-Line Insurance,24.0,81.0,30.0,19.0,9.6071,9.5107,879.15K,1241.14K,374.0,231.65,252.25B,No,254.13,257.98,302.99,259.35,290.64,496
2775,BASML.NS,21.03,20.74,77.24K,Process Industries,Textiles,24.0,12.0,13.0,37.0,1.25,1.2307,58.74K,51.77K,31.9,17.05,1.68B,No,23.49,24.81,24.32,24.41,24.35,497
2776,DHANROTO.BO,69.0,68.03,2.94K,Process Industries,Pulp & Paper,24.0,33.0,42.0,19.0,2.9043,2.8229,2.90K,1.69K,99.65,64.0,538.24M,No,71.41,73.07,79.49,73.72,77.51,496
2777,TRUECOLORS.BO,148.25,149.8,7.20K,Producer Manufacturing,Industrial Machinery,24.0,62.0,35.0,21.0,5.0036,4.4464,25.46K,20.28K,271.95,125.0,3.66B,No,148.33,151.28,165.9,150.74,159.03,253
2778,SANBLUE.BO,29.5,28.1,1.09K,Distribution Services,Wholesale Distributors,24.0,69.0,60.0,42.0,0.1279,0.0014,0.04K,0.01K,58.5,27.95,147.49M,No,28.89,28.64,35.81,28.63,32.2,495
2779,ELECON.NS,416.4,416.95,502.19K,Producer Manufacturing,Electrical Products,24.0,64.0,17.0,43.0,21.2036,21.1821,1198.61K,1341.23K,608.85,352.0,93.44B,No,437.37,433.54,454.49,433.87,463.27,497
2780,BHARATAGRI.BO,21.61,21.53,16.66K,Process Industries,Chemicals: Agricultural,24.0,46.0,44.0,24.0,1.0771,1.0757,18.01K,10.78K,35.4,20.0,1.14B,No,21.68,22.39,25.73,22.3,25.42,495
2781,NAPEROL.BO,579.3,579.95,0.85K,Process Industries,Chemicals: Specialty,24.0,6.0,31.0,38.0,17.9143,17.675,1.09K,0.82K,990.0,490.1,3.33B,No,628.84,656.05,638.68,654.06,628.38,495
2782,RECLTD.NS,300.0,295.0,3106.95K,Finance,Finance/Rental/Leasing,24.0,44.0,25.0,24.0,7.5643,7.2786,5890.09K,10161.59K,388.3,286.2,789.97B,No,304.61,324.11,346.12,318.96,340.44,497
2783,HINDHARD.BO,741.05,763.2,1.27K,Electronic Technology,Electronic Equipment/Instruments,24.0,78.0,35.0,30.0,37.5286,37.0536,0.77K,0.83K,1250.0,657.05,1.11B,No,757.25,743.79,805.58,738.16,784.62,495
2784,CIEINDIA.NS,370.75,371.65,126.77K,Producer Manufacturing,Auto Parts: Oem,24.0,56.0,13.0,13.0,9.9107,9.5714,420.55K,191.56K,526.0,366.9,140.65B,No,381.77,393.33,435.42,389.93,435.75,496
2785,BELLACASA.NS,251.41,246.27,2.59K,Consumer Durables,Home Furnishings,24.0,79.0,56.0,27.0,18.2757,18.2671,14.15K,15.05K,497.35,214.68,3.37B,No,258.16,245.76,271.74,247.05,249.47,304
2786,GARNETINT.BO,52.96,51.61,0.73K,Process Industries,Textiles,24.0,38.0,24.0,46.0,2.5386,2.4057,4.00K,2.72K,120.0,42.0,1.04B,No,55.57,57.78,58.88,57.0,58.72,495
2787,MAXHEALTH.NS,883.8,873.4,5377.03K,Health Services,Hospital/Nursing Management,24.0,20.0,13.0,34.0,32.9536,31.3429,2150.04K,4024.32K,1221.9,870.0,860.21B,No,989.91,1012.97,1029.17,1000.32,1021.01,497
2788,KAKATCEM.NS,99.03,102.33,4.24K,Non-Energy Minerals,Construction Materials,24.0,21.0,27.0,41.0,4.1129,4.1129,2.46K,1.34K,165.55,85.0,769.85M,No,106.62,110.95,116.7,109.1,115.27,496
2789,UCOBANK.NS,23.25,22.96,2972.90K,Finance,Regional Banks,24.0,53.0,29.0,27.0,0.4886,0.4807,4230.03K,3791.18K,34.2,22.22,291.54B,No,23.52,24.79,26.45,24.63,25.49,497
2790,SOUTLAT.BO,30.01,30.33,0.41K,Finance,Financial Conglomerates,24.0,10.0,31.0,54.0,1.0486,0.9264,0.87K,0.47K,89.88,19.58,220.85M,No,32.09,30.27,31.15,31.07,29.69,495
2791,GENCON.NS,35.8,36.34,523.88K,Industrial Services,Engineering & Construction,24.0,10.0,26.0,16.0,2.0771,2.0771,342.98K,515.98K,59.96,35.51,2.04B,No,38.93,40.44,42.7,40.57,40.96,497
2792,GLOBECIVIL.NS,40.6,40.82,13.52K,Industrial Services,Engineering & Construction,23.0,22.0,59.0,36.0,2.0121,2.0107,58.84K,23.20K,80.0,33.5,2.42B,No,42.5,43.27,46.07,43.16,43.07,317
2793,STCINDIA.NS,102.24,102.08,31.29K,Distribution Services,Food Distributors,23.0,24.0,21.0,31.0,3.0779,2.9614,29.43K,12.08K,150.0,97.04,6.13B,No,108.67,114.04,117.81,113.04,116.72,497
2794,DAMCAPITAL.NS,143.45,141.38,204.75K,Finance,Regional Banks,23.0,64.0,44.0,48.0,7.1571,7.1286,744.56K,2751.36K,286.0,119.22,10.14B,No,143.52,146.14,157.96,144.15,148.79,443
2795,PNBGILTS.NS,70.44,68.39,459.90K,Finance,Investment Banks/Brokers,23.0,14.0,14.0,45.0,3.2086,3.0871,444.40K,652.31K,99.8,58.6,12.68B,No,74.82,78.08,79.06,77.79,78.97,497
2796,MURUDCERA.NS,27.53,27.04,9.60K,Producer Manufacturing,Building Products,23.0,46.0,29.0,34.0,1.1564,1.1379,18.25K,14.81K,46.0,25.16,1.67B,No,28.48,29.72,31.66,29.49,30.91,496
2797,IVALUE.NS,232.43,227.52,130.24K,Technology Services,Information Technology Services,23.0,64.0,8.0,38.0,11.7721,11.5779,255.41K,147.63K,340.0,200.88,12.70B,No,226.57,250.4,251.51,245.68,253.48,257
2798,RUBFILA.NS,62.01,63.72,69.20K,Process Industries,Industrial Specialties,23.0,19.0,17.0,35.0,2.2386,2.2307,38.32K,42.07K,86.0,57.31,3.37B,No,64.81,67.53,70.14,67.35,70.09,495
2799,SCILAL.NS,37.03,36.95,128.95K,Miscellaneous,Miscellaneous,23.0,50.0,28.0,25.0,1.1543,1.1536,221.38K,230.26K,55.0,34.3,17.25B,No,37.49,39.18,43.32,38.72,42.3,495
2800,POCL.NS,441.2,432.4,175.59K,Non-Energy Minerals,Other Metals/Minerals,23.0,43.0,10.0,36.0,17.1357,16.6607,438.07K,258.01K,647.6,392.2,33.65B,No,456.08,480.88,506.92,473.22,504.65,497
2801,ARVINDFASN.NS,402.8,392.1,354.59K,Retail Trade,Apparel/Footwear Retail,23.0,32.0,27.0,24.0,14.6964,14.3357,266.81K,232.88K,569.0,366.2,53.87B,No,413.82,434.18,452.47,432.65,446.13,497
2802,PLATIND.NS,198.44,195.17,44.51K,Process Industries,Chemicals: Major Diversified,23.0,10.0,29.0,34.0,6.7529,6.7529,71.64K,99.52K,299.0,183.5,11.24B,No,209.65,217.62,224.73,216.37,221.0,497
2803,INFLAME.BO,224.9,219.45,0.50K,Consumer Durables,Electronics/Appliances,23.0,58.0,34.0,10.0,14.4893,13.3607,8.68K,7.28K,358.95,191.0,1.68B,No,229.13,225.92,262.77,227.26,243.52,495
2804,CELLO.NS,364.95,375.7,875.83K,Consumer Durables,Home Furnishings,23.0,82.0,58.0,22.0,17.6107,17.6107,1442.78K,3870.46K,673.8,314.0,80.61B,No,338.62,349.98,409.65,348.68,376.5,496
2805,VSTTILLERS.NS,4235.1,4211.5,4.63K,Producer Manufacturing,Trucks/Construction/Farm Machinery,23.0,75.0,38.0,15.0,191.3072,189.8143,9.94K,14.33K,6374.0,3950.0,36.65B,No,4277.56,4342.73,4967.06,4330.95,4645.75,496
2806,GLOSTERLTD.NS,534.75,542.3,0.56K,Process Industries,Textiles,23.0,22.0,14.0,32.0,18.575,17.975,1.77K,0.89K,756.45,495.0,5.85B,No,562.4,599.13,618.01,593.25,621.61,496
2807,THREEMPAPE.BO,23.25,23.25,2.00K,Process Industries,Pulp & Paper,23.0,58.0,31.0,49.0,0.5586,0.2014,3.65K,1.40K,39.99,18.27,447.27M,No,23.91,24.26,27.08,23.9,24.71,495
2808,MAGNUS.BO,31.2,31.64,47.15K,Commercial Services,Miscellaneous Commercial Services,23.0,98.0,0.0,0.0,1.9386,0.6943,46.72K,25.89K,223.4,11.15,105.47M,No,29.89,33.19,73.96,31.01,84.56,496
2809,MACH.BO,73.5,67.5,1.50K,Consumer Services,Hotels/Resorts/Cruise Lines,23.0,95.0,6.0,13.0,3.1929,0.7143,2.01K,1.35K,98.55,49.5,467.20M,No,58.71,69.35,80.06,67.18,78.25,495
2810,VISACHROME.NS,33.9,33.31,13.19K,Non-Energy Minerals,Steel,23.0,33.0,22.0,48.0,2.4471,2.2814,144.44K,327.70K,73.68,27.05,4.94B,No,33.95,36.26,40.01,35.88,38.91,496
2811,ARENTERP.NS,33.34,32.87,0.02K,Non-Energy Minerals,Construction Materials,23.0,69.0,37.0,26.0,2.2593,2.1871,10.75K,0.69K,60.79,27.6,107.82M,No,33.59,35.84,38.94,35.42,37.68,496
2812,FORBESCO.BO,266.55,265.95,5.52K,Producer Manufacturing,Industrial Machinery,23.0,14.0,35.0,17.0,15.4893,15.3893,8.10K,8.32K,462.75,242.2,3.44B,No,313.02,291.62,320.5,294.43,309.23,495
2813,LFIC.NS,128.06,126.22,0.28K,Finance,Financial Conglomerates,23.0,32.0,32.0,45.0,5.3529,5.1393,5.45K,1.02K,224.85,111.0,384.18M,No,133.13,136.75,141.08,135.99,138.73,496
2814,TRANSRAILL.NS,464.65,472.15,389.29K,Industrial Services,Engineering & Construction,23.0,88.0,39.0,24.0,25.3214,24.0036,1071.54K,1621.30K,764.9,400.65,62.38B,No,449.38,456.68,506.91,451.23,495.38,443
2815,JUNGLECAMP.BO,42.0,43.9,35.20K,Consumer Services,Hotels/Resorts/Cruise Lines,23.0,69.0,25.0,24.0,1.565,0.9343,6.35K,4.80K,64.35,37.5,650.94M,No,42.31,44.0,47.32,44.23,47.78,448
2816,SHREERAMA.NS,42.56,41.34,36.49K,Process Industries,Containers/Packaging,23.0,71.0,57.0,18.0,2.1814,2.1764,99.30K,50.34K,71.99,37.62,5.68B,No,43.98,42.78,48.36,43.66,44.45,497
2817,HGS.NS,355.55,358.95,13.30K,Commercial Services,Miscellaneous Commercial Services,23.0,32.0,26.0,32.0,9.4214,9.4214,47.83K,11.28K,545.0,342.05,16.54B,No,373.26,393.59,405.51,390.11,403.04,497
2818,PILANIINVS.NS,3937.7,3948.5,1.16K,Finance,Financial Conglomerates,23.0,35.0,33.0,24.0,112.2214,107.2786,2.13K,2.12K,5980.0,3865.0,43.60B,No,4034.91,4226.74,4506.77,4208.99,4405.61,496
2819,ITCHOTELS.NS,154.52,154.63,1782.06K,Consumer Services,Hotels/Resorts/Cruise Lines,23.0,63.0,19.0,47.0,4.42,4.2743,2069.86K,1433.14K,226.63,137.3,321.88B,No,157.87,161.58,167.91,161.19,160.96,419
2820,MPKSTEELS.BO,94.5,92.8,3.20K,Non-Energy Minerals,Steel,23.0,66.0,14.0,8.0,8.0986,5.895,11.90K,8.53K,152.8,73.65,962.23M,No,95.72,95.49,115.19,96.38,112.1,250
2821,BSHSL.NS,83.58,78.36,14.00K,Process Industries,Chemicals: Agricultural,23.0,32.0,50.0,11.0,4.0671,3.9807,6.53K,6.77K,128.5,59.16,8.77B,No,84.92,87.38,91.68,88.15,90.43,496
2822,ATLANTAA.NS,34.7,35.15,41.35K,Industrial Services,Engineering & Construction,23.0,27.0,33.0,18.0,1.8207,1.8207,80.59K,110.76K,64.48,31.52,2.83B,No,35.95,37.76,40.22,37.4,38.95,497
2823,SHREECEM.NS,22080.0,21600.0,22.02K,Non-Energy Minerals,Construction Materials,23.0,49.0,19.0,29.0,505.3571,483.2143,30.68K,75.47K,30285.0,21355.0,796.66B,No,22185.5,23761.8,25140.35,23461.0,24532.5,497
2824,EMIAC.BO,84.45,83.76,2.40K,Commercial Services,Advertising/Marketing Services,23.0,24.0,36.0,,2.595,2.0171,28.10K,11.64K,121.0,82.99,1.03B,No,92.81,93.24,,93.87,,124
2825,PANSARI.NS,257.15,266.95,0.99K,Technology Services,Packaged Software,23.0,19.0,4.0,30.0,14.8321,13.7071,10.95K,0.47K,388.9,233.3,4.49B,No,277.38,299.96,299.21,293.21,296.89,496
2826,GICHSGFIN.NS,131.53,131.3,63.85K,Finance,Finance/Rental/Leasing,23.0,46.0,29.0,27.0,3.0314,3.0236,89.86K,79.02K,184.0,130.05,7.08B,No,135.48,140.13,151.95,139.1,146.79,496
2827,TANVI.BO,56.0,51.0,5.00K,Distribution Services,Food Distributors,23.0,90.0,44.0,29.0,1.7643,0.6743,2.37K,1.90K,97.2,37.93,718.41M,No,43.51,47.28,63.25,47.19,56.95,495
2828,KANSHST.BO,43.0,44.15,0.55K,Non-Energy Minerals,Steel,23.0,72.0,15.0,28.0,2.695,2.6286,6.94K,1.18K,66.95,40.15,1.22B,No,44.95,46.6,52.6,45.74,50.97,495
2829,CLARA.BO,31.0,31.0,4.15K,Process Industries,Containers/Packaging,22.0,33.0,28.0,8.0,0.4121,0.2236,5.40K,3.69K,44.4,27.0,795.86M,No,32.29,32.82,36.71,32.75,35.53,493
2830,GSAUTO.BO,17.74,18.49,5.88K,Producer Manufacturing,Auto Parts: Oem,22.0,23.0,86.0,2.0,1.0379,1.025,27.50K,7.71K,39.7,12.66,772.47M,No,18.65,17.53,24.33,18.09,21.2,495
2831,MASTERTR.NS,82.52,81.6,648.18K,Finance,Investment Banks/Brokers,22.0,23.0,32.0,61.0,3.6064,3.5221,806.45K,396.80K,149.9,55.6,10.15B,No,85.32,83.57,86.28,84.43,81.52,456
2832,FINOPB.NS,139.42,145.53,2686.62K,Finance,Regional Banks,22.0,67.0,65.0,48.0,5.1407,4.75,3384.07K,3073.27K,339.0,110.03,11.60B,No,133.3,143.07,164.98,140.32,139.55,497
2833,AMJLAND.NS,36.26,36.66,20.10K,Finance,Real Estate Development,22.0,37.0,49.0,23.0,1.7179,1.7114,10.98K,11.55K,57.39,30.3,1.49B,No,37.39,38.35,40.3,38.23,38.61,496
2834,AHASOLAR.BO,68.98,68.95,0.80K,Technology Services,Packaged Software,22.0,34.0,29.0,38.0,2.0507,1.5436,1.64K,0.96K,109.9,58.9,212.62M,No,68.55,74.06,79.62,72.79,77.19,496
2835,EIEL.NS,179.96,180.96,361.51K,Industrial Services,Environmental Services,22.0,32.0,6.0,52.0,6.5393,6.2843,1310.14K,651.23K,257.66,134.71,31.59B,No,194.58,200.11,192.91,197.29,198.47,462
2836,BLAL.NS,157.25,156.16,15.52K,Finance,Investment Managers,22.0,57.0,26.0,32.0,5.2136,5.1707,17.82K,16.43K,217.88,152.01,6.55B,No,160.87,165.36,181.96,163.99,176.33,497
2837,TREJHARA.NS,130.56,124.43,22.33K,Technology Services,Information Technology Services,22.0,16.0,56.0,23.0,9.73,9.6529,31.32K,23.61K,284.85,124.52,3.15B,No,135.23,146.15,165.38,147.5,148.31,496
2838,ANDHRAPET.BO,39.0,38.83,28.04K,Process Industries,Chemicals: Specialty,22.0,3.0,12.0,50.0,2.0014,2.0014,94.81K,76.62K,58.45,29.39,3.31B,No,41.85,43.06,43.33,42.56,42.09,495
2839,STOVACQ.BO,1506.8,1538.0,0.77K,Producer Manufacturing,Industrial Machinery,22.0,35.0,33.0,27.0,47.1143,43.6429,0.26K,0.46K,2272.0,1391.6,3.15B,No,1602.1,1646.13,1762.66,1632.3,1686.71,495
2840,REPCOHOME.NS,329.4,337.1,72.03K,Finance,Finance/Rental/Leasing,22.0,30.0,15.0,19.0,10.5,10.375,91.57K,75.51K,455.9,325.65,20.61B,No,345.85,358.4,385.32,355.25,379.39,497
2841,LAXMIDENTL.NS,195.92,192.52,54.19K,Health Services,Medical/Nursing Services,22.0,62.0,34.0,48.0,6.2129,6.1907,99.52K,56.33K,344.8,155.88,10.78B,No,195.54,200.21,209.75,200.46,206.5,427
2842,MANSIFIN.BO,55.16,58.0,0.00K,Finance,Finance/Rental/Leasing,22.0,16.0,39.0,20.0,1.2357,0.6329,0.16K,0.17K,111.95,55.16,194.99M,No,60.31,60.87,67.71,60.45,64.13,495
2843,NAVNETEDUL.NS,121.15,121.66,28.14K,Producer Manufacturing,Office Equipment/Supplies,22.0,38.0,15.0,29.0,2.9614,2.9221,175.59K,96.30K,166.0,120.35,26.80B,No,123.99,129.26,140.04,128.97,137.2,497
2844,BHASKAGR.BO,105.0,101.45,0.00K,Process Industries,Chemicals: Agricultural,22.0,66.0,27.0,2.0,5.1214,4.8536,1.95K,1.39K,199.9,92.0,547.01M,No,106.04,109.55,131.54,110.43,136.36,495
2845,TRADEWELL.BO,44.98,47.33,0.01K,Finance,Real Estate Development,22.0,55.0,75.0,1.0,0.1879,0.0,0.14K,0.14K,102.74,40.62,135.14M,No,47.05,45.53,61.75,45.72,55.99,495
2846,GRAUWEIL.NS,81.32,78.0,1560.73K,Process Industries,Chemicals: Specialty,22.0,89.0,60.0,,3.9614,3.9614,660.77K,557.07K,115.6,62.09,36.87B,No,81.57,74.61,,76.27,,124
2847,SPIC.NS,61.15,61.77,219.82K,Process Industries,Chemicals: Agricultural,22.0,12.0,34.0,31.0,1.8529,1.7607,365.02K,244.90K,94.34,55.1,12.45B,No,65.11,67.18,69.26,66.98,67.52,496
2848,VSTIND.NS,201.58,200.86,88.93K,Consumer Non-Durables,Tobacco,22.0,59.0,16.0,30.0,3.3536,3.3321,189.33K,97.03K,286.78,200.0,34.18B,No,204.0,209.9,235.13,208.66,233.71,497
2849,HINDUNILVR.NS,1856.7,1844.5,1300.87K,Consumer Non-Durables,Household/Personal Care,22.0,41.0,27.0,22.0,33.7786,31.4214,1503.06K,1400.47K,2667.2,1826.9,4362.49B,No,1906.3,1984.41,2175.67,1966.64,2106.04,497
2850,BHARATCOAL.NS,31.12,31.31,3230.62K,Energy Minerals,Coal,22.0,37.0,19.0,32.0,0.83,0.795,5953.43K,6103.74K,45.09,29.74,,No,32.31,33.27,,33.1,35.25,179
2851,ADSL.NS,109.97,98.42,4124.55K,Technology Services,Information Technology Services,22.0,85.0,39.0,40.0,7.1229,6.8193,257.79K,1074.17K,193.98,86.27,6.23B,No,102.43,106.82,118.48,107.44,114.27,497
2852,TATAINVEST.NS,599.25,609.3,292.37K,Finance,Investment Banks/Brokers,22.0,54.0,27.0,39.0,17.9321,16.9607,991.33K,334.96K,1082.0,538.85,303.19B,No,651.99,653.88,660.54,650.05,661.59,497
2853,NAGREEKEXP.NS,21.03,21.3,6.47K,Process Industries,Textiles,22.0,42.0,30.0,30.0,1.9293,1.9286,66.07K,56.43K,35.9,17.5,657.17M,No,21.97,22.32,24.54,22.51,24.17,496
2854,RAMCOCEM.NS,807.55,817.9,115.71K,Non-Energy Minerals,Construction Materials,22.0,36.0,26.0,15.0,22.3179,21.9643,221.07K,175.90K,1214.5,803.0,190.82B,No,855.31,886.42,964.87,876.25,909.88,496
2855,FAZE3Q.NS,408.3,424.1,59.66K,Process Industries,Textiles,22.0,5.0,4.0,25.0,24.3464,24.1893,32.99K,60.08K,650.05,322.1,9.91B,No,439.94,483.27,483.55,474.82,496.54,496
2856,PASHUPATI.NS,69.09,69.68,73.64K,Process Industries,Textiles,22.0,10.0,12.0,5.0,7.2893,7.2264,232.18K,1073.10K,118.35,67.75,10.91B,No,77.92,81.76,87.45,81.08,87.82,497
2857,UTIAMC.NS,877.7,877.2,44.98K,Finance,Investment Managers,22.0,59.0,30.0,29.0,21.2,21.2,183.84K,66.81K,1409.0,866.0,112.82B,No,897.94,897.14,970.14,893.42,930.32,497
2858,ITI.NS,240.13,237.18,120.53K,Communications,Major Telecommunications,22.0,20.0,19.0,28.0,7.965,7.8257,321.45K,294.02K,358.45,236.53,231.21B,No,250.37,266.52,283.25,264.01,280.67,497
2859,GEMENVIRO.BO,36.67,36.67,5.60K,Transportation,Trucking,22.0,82.0,51.0,22.0,3.0736,2.6664,10.85K,22.88K,74.44,31.83,826.92M,No,35.52,35.35,41.46,35.88,39.08,495
2860,ICICIPRULI.NS,460.55,457.0,669.48K,Finance,Life/Health Insurance,22.0,61.0,36.0,20.0,12.4036,11.3036,1709.38K,1292.93K,706.8,441.8,668.16B,No,466.44,488.34,549.28,486.08,505.4,497
2861,AAVAS.NS,1193.0,1190.5,31.73K,Finance,Finance/Rental/Leasing,22.0,35.0,11.0,43.0,45.2357,43.7286,101.16K,100.27K,1771.9,1060.4,94.60B,No,1255.9,1309.07,1349.84,1291.52,1337.73,497
2862,MICEL.NS,34.37,33.7,88.81K,Health Technology,Medical Specialties,22.0,45.0,40.0,29.0,0.6779,0.3607,165.34K,120.94K,59.08,29.97,10.24B,No,34.88,36.3,39.21,36.35,39.05,497
2863,UNITDCR.BO,22.9,22.05,0.02K,Finance,Finance/Rental/Leasing,22.0,72.0,10.0,37.0,0.99,0.7529,0.75K,0.25K,37.83,19.0,122.01M,No,22.67,23.78,26.47,23.31,25.57,493
2864,BRIGHOTEL.NS,55.48,55.6,51.23K,Consumer Services,Hotels/Resorts/Cruise Lines,22.0,57.0,28.0,23.0,1.4407,1.4407,120.67K,112.92K,87.79,54.36,21.07B,No,56.36,58.3,61.8,57.91,60.95,294
2865,NITINCAST.BO,448.0,440.0,0.08K,Non-Energy Minerals,Steel,22.0,87.0,17.0,9.0,30.7429,28.6429,1.36K,0.24K,650.0,260.0,2.30B,No,467.88,417.16,512.7,413.91,511.33,494
2866,SHRADHA.NS,29.53,30.03,2.25K,Industrial Services,Engineering & Construction,21.0,54.0,38.0,19.0,1.9207,1.88,72.58K,9.21K,49.29,26.34,2.39B,No,30.26,31.91,35.18,31.58,33.79,496
2867,SKILVEN.BO,19.0,19.0,0.02K,Utilities,Electric Utilities,21.0,26.0,22.0,9.0,0.1429,0.0714,0.00K,0.01K,30.03,19.0,75.37M,No,20.5,21.28,23.17,21.1,22.53,493
2868,SRM.NS,408.35,406.3,16.78K,Industrial Services,Engineering & Construction,21.0,19.0,17.0,36.0,13.2536,13.1071,76.74K,38.74K,649.95,361.35,9.37B,No,417.34,455.86,470.17,448.05,475.18,497
2869,SBIFUNDS.NS,500.0,499.95,1052.24K,Finance,Investment Managers,21.0,24.0,,,10.7643,10.5179,3787.12K,1217.47K,624.95,494.0,1018.41B,No,526.97,549.09,,544.34,,57
2870,CANFINHOME.NS,718.15,723.75,117.46K,Finance,Finance/Rental/Leasing,21.0,25.0,11.0,21.0,18.45,18.3464,249.15K,279.93K,971.5,700.0,95.62B,No,749.16,786.84,852.44,782.61,832.53,497
2871,THOMASCOOK.NS,96.75,98.53,395.90K,Consumer Services,Other Consumer Services,21.0,18.0,45.0,35.0,2.6014,2.5571,1453.07K,400.32K,169.0,86.35,45.08B,No,103.0,105.42,108.06,105.88,102.44,497
2872,QUESTFLOW.BO,177.15,168.75,19.00K,Producer Manufacturing,Industrial Machinery,21.0,91.0,7.0,38.0,8.8107,6.8321,16.29K,26.62K,288.75,116.2,1.82B,No,168.89,171.77,190.83,173.38,195.44,495
2873,RHL.NS,162.05,161.29,3.24K,Consumer Services,Hotels/Resorts/Cruise Lines,21.0,58.0,37.0,27.0,6.1007,5.9771,8.51K,4.24K,273.9,160.3,2.80B,No,169.25,169.24,179.94,168.66,175.43,497
2874,WEIZMANIND.NS,71.46,71.07,0.37K,Process Industries,Textiles,21.0,57.0,35.0,25.0,2.845,2.7964,1.35K,1.64K,114.5,65.21,1.11B,No,71.56,74.35,81.8,74.0,78.66,496
2875,JSLINDL.BO,820.0,818.15,0.00K,Producer Manufacturing,Electrical Products,21.0,74.0,38.0,20.0,36.4929,24.7393,0.06K,0.01K,1339.95,700.05,962.57M,No,833.8,844.85,954.94,842.67,919.92,495
2876,WELTI.BO,19.05,20.05,0.01K,Consumer Non-Durables,Consumer Sundries,21.0,5.0,15.0,45.0,0.3086,0.0,0.03K,0.17K,29.05,17.15,84.61M,No,22.53,23.45,23.47,23.19,23.3,496
2877,EMERALD.BO,54.5,55.37,25.58K,Finance,Regional Banks,21.0,26.0,50.0,12.0,3.4557,3.4457,51.43K,30.29K,97.0,45.23,1.88B,No,61.97,56.13,60.63,56.47,57.24,495
2878,GRINFRA.NS,787.55,789.4,12.18K,Industrial Services,Engineering & Construction,21.0,32.0,28.0,34.0,27.7214,27.3107,31.48K,16.49K,1279.9,775.0,76.20B,No,814.15,854.52,906.64,844.55,876.98,497
2879,AUSTERE.BO,39.0,40.0,4.00K,Technology Services,Packaged Software,21.0,40.0,36.0,14.0,1.8436,1.2914,9.84K,8.40K,60.25,34.05,408.65M,No,39.38,40.36,45.59,40.1,44.06,265
2880,FLUIDOM.BO,666.7,691.35,3.15K,Producer Manufacturing,Miscellaneous Manufacturing,21.0,21.0,6.0,25.0,30.3643,30.0464,3.76K,2.67K,1064.4,550.0,3.28B,No,731.03,779.59,741.83,769.77,776.91,495
2881,NIRAJ.NS,27.28,27.32,14.77K,Industrial Services,Engineering & Construction,21.0,56.0,43.0,36.0,1.4471,1.4471,37.69K,30.27K,45.5,20.15,1.63B,No,27.86,28.44,30.11,28.16,28.6,496
2882,IEX.NS,104.78,103.75,3366.09K,Finance,Investment Banks/Brokers,21.0,24.0,30.0,14.0,2.4629,2.3936,4579.35K,3929.05K,160.27,103.5,93.18B,No,110.07,118.35,124.77,116.91,122.36,497
2883,DALBHARAT.NS,1598.6,1592.9,21.44K,Producer Manufacturing,Miscellaneous Manufacturing,21.0,43.0,34.0,17.0,45.9286,45.8072,210.25K,72.89K,2319.9,1591.9,300.10B,No,1692.08,1770.56,1879.62,1763.29,1793.35,497
2884,BALAXI.NS,22.33,22.09,13.77K,Distribution Services,Medical Distributors,21.0,51.0,41.0,34.0,1.1214,1.1214,37.56K,23.83K,44.36,15.2,1.23B,No,22.87,23.37,23.73,23.31,23.74,496
2885,ARE&M.NS,721.0,720.3,269.99K,Producer Manufacturing,Electrical Products,21.0,12.0,16.0,38.0,18.0143,17.6857,818.31K,393.16K,1023.0,670.0,131.96B,No,775.27,856.92,848.31,845.32,837.52,497
2886,THAKDEV.NS,126.36,133.0,0.12K,Consumer Durables,Homebuilding,21.0,10.0,,,7.2357,6.0407,0.31K,0.40K,160.0,115.1,1.14B,No,131.4,,,,,37
2887,ZDHJERK.BO,22.69,22.69,0.04K,Health Services,Medical/Nursing Services,21.0,12.0,19.0,12.0,0.5607,0.1771,0.81K,0.24K,32.29,19.53,92.99M,No,23.75,25.06,24.5,25.02,24.33,496
2888,COSMOFE.BO,151.6,151.2,1.09K,Producer Manufacturing,Metal Fabrication,21.0,1.0,4.0,54.0,11.2857,11.1679,3.61K,3.82K,245.45,89.95,1.82B,No,173.12,194.97,165.75,191.61,176.41,495
2889,ZUARI.NS,206.98,208.18,54.65K,Process Industries,Chemicals: Agricultural,21.0,28.0,30.0,38.0,7.0879,7.0571,107.09K,63.18K,345.6,175.1,8.71B,No,217.36,223.74,236.68,222.16,223.84,497
2890,SINNAR.BO,675.0,645.25,0.00K,Consumer Non-Durables,Tobacco,21.0,60.0,15.0,16.0,5.3071,0.0036,0.01K,0.01K,977.9,613.0,270.00M,No,680.62,691.97,760.69,683.05,745.38,495
2891,NGIND.BO,104.95,106.35,0.13K,Health Services,Hospital/Nursing Management,21.0,29.0,40.0,14.0,6.4643,5.8071,0.85K,0.58K,160.0,100.0,351.63M,No,109.04,112.77,125.01,113.4,118.75,495
2892,KACHCHH.BO,26.18,26.72,1.47K,Non-Energy Minerals,Other Metals/Minerals,21.0,32.0,58.0,19.0,1.2393,1.1821,1.97K,0.90K,43.55,18.42,138.78M,No,26.26,26.87,28.16,26.86,27.98,495
2893,MSPL.NS,30.34,30.19,594.97K,Non-Energy Minerals,Steel,21.0,14.0,10.0,24.0,1.5671,1.5264,837.77K,1191.91K,46.12,26.25,10.79B,No,33.06,34.18,35.42,34.03,36.49,496
2894,RKSWAMY.NS,87.22,87.4,10.81K,Commercial Services,Advertising/Marketing Services,21.0,35.0,23.0,43.0,4.0221,3.9693,46.26K,22.67K,143.75,67.15,4.40B,No,89.11,94.04,97.87,92.8,93.8,497
2895,NILE.NS,1242.9,1216.4,1.65K,Non-Energy Minerals,Other Metals/Minerals,21.0,9.0,,,61.4072,61.25,3.75K,6.30K,1560.1,1202.3,3.73B,No,1349.91,,,,,37
2896,SELMC.NS,23.84,23.84,24.00K,Process Industries,Textiles,21.0,13.0,17.0,11.0,0.2821,0.1271,12.76K,5.70K,43.36,23.84,790.99M,No,26.58,27.15,29.42,27.06,28.97,494
2897,PANACEABIO.NS,345.25,344.5,58.03K,Health Technology,Pharmaceuticals: Major,21.0,18.0,1.0,50.0,13.475,13.3393,147.63K,54.35K,647.0,292.4,21.15B,No,369.23,389.41,402.42,383.98,417.13,497
2898,JIOFIN.NS,214.62,211.0,13544.98K,Finance,Financial Conglomerates,21.0,34.0,33.0,23.0,4.8957,4.705,15912.57K,15422.27K,316.85,208.5,1417.17B,No,222.81,237.13,247.51,234.17,238.46,497
2899,AGIIL.NS,254.1,250.05,245.31K,Finance,Real Estate Development,21.0,40.0,6.0,9.0,9.7,9.7,1591.71K,952.68K,434.4,224.7,31.76B,No,265.04,282.08,311.2,279.1,329.19,497
2900,KAYNES.NS,3264.0,3233.0,595.01K,Electronic Technology,Electronic Production Equipment,21.0,26.0,56.0,18.0,137.7786,133.7429,1211.00K,986.35K,7183.0,2995.0,219.41B,No,3463.49,3640.71,3637.29,3628.06,3582.04,497
2901,NDGL.NS,2399.3,2324.0,0.16K,Finance,Finance/Rental/Leasing,21.0,13.0,17.0,39.0,100.8214,100.8214,0.26K,0.21K,4050.0,2100.0,2.40B,No,2532.59,2677.47,2640.94,2660.45,2634.84,496
2902,PFC.NS,327.8,323.7,4802.04K,Finance,Finance/Rental/Leasing,21.0,34.0,15.0,12.0,7.3929,7.2393,8248.19K,10315.08K,486.5,313.35,1081.77B,No,335.84,360.12,399.31,354.64,404.37,497
2903,RESPONSINF.BO,19.31,19.4,0.18K,Commercial Services,Miscellaneous Commercial Services,20.0,8.0,49.0,12.0,0.7079,0.5664,1.54K,0.23K,42.61,16.4,163.12M,No,19.79,19.76,23.44,19.88,21.55,495
2904,WAAREERTL.NS,802.45,795.95,125.21K,Utilities,Alternative Power Generation,20.0,47.0,12.0,27.0,21.7143,21.2607,144.90K,101.55K,1358.0,779.5,83.76B,No,818.51,857.54,920.94,850.89,927.4,372
2905,KSOLVES.NS,242.37,241.68,28.98K,Technology Services,Packaged Software,20.0,26.0,22.0,11.0,8.9307,8.7479,79.67K,39.79K,353.99,237.5,5.75B,No,250.36,264.91,283.51,261.23,281.15,497
2906,NDRAUTO.NS,682.35,677.65,12.39K,Producer Manufacturing,Auto Parts: Oem,20.0,48.0,13.0,37.0,28.3857,28.3857,22.78K,17.97K,1052.0,605.05,16.28B,No,714.9,750.05,766.73,740.39,769.82,496
2907,KALPATARU.NS,260.9,259.9,21.90K,Finance,Real Estate Development,20.0,52.0,37.0,23.0,11.8214,11.7607,133.84K,62.49K,410.7,250.0,53.73B,No,269.23,277.04,309.65,276.79,298.86,317
2908,RVHL.NS,38.0,37.31,4.80K,Consumer Durables,Homebuilding,20.0,47.0,23.0,36.0,1.5779,1.5729,9.71K,9.68K,62.15,28.5,2.33B,No,38.64,40.66,42.76,40.27,41.45,496
2909,KPT.BO,477.0,481.4,0.32K,Consumer Durables,Tools & Hardware,20.0,73.0,25.0,19.0,26.1036,25.3536,3.15K,2.15K,748.8,335.0,1.62B,No,479.18,483.51,516.81,482.76,487.34,495
2910,ELCIDIN.NS,101000.0,99260.0,0.01K,Finance,Financial Conglomerates,20.0,47.0,35.0,,2357.8571,2265.3571,0.01K,0.01K,137000.0,97000.0,,No,103920.0,107340.9,,106718.0,,120
2911,CESC.NS,133.23,128.73,2193.42K,Utilities,Electric Utilities,20.0,30.0,16.0,21.0,3.46,3.4229,1638.07K,1949.20K,204.5,128.31,176.61B,No,138.23,149.64,161.19,147.31,162.08,497
2912,VSTL.NS,101.24,104.78,28.78K,Non-Energy Minerals,Steel,20.0,5.0,32.0,26.0,3.6014,3.5879,12.13K,7.38K,153.0,100.0,1.92B,No,111.9,111.57,117.33,111.1,115.47,497
2913,TRANSFRE.BO,18.08,18.99,0.22K,Process Industries,Containers/Packaging,20.0,45.0,36.0,9.0,1.8786,1.7743,1.37K,1.54K,32.0,17.13,131.66M,No,19.11,19.56,21.51,19.46,21.12,495
2914,VOGL.NS,30.1,29.87,18197.56K,Energy Minerals,Oil & Gas Production,20.0,5.0,10.0,,1.2843,1.255,42736.52K,20613.34K,47.6,29.12,117.52B,No,33.57,36.06,,35.62,,82
2915,VARYAA.BO,26.4,27.0,3.00K,Consumer Durables,Other Consumer Specialties,20.0,64.0,33.0,27.0,0.68,0.4164,1.50K,0.90K,48.0,24.02,126.46M,No,26.75,27.06,30.28,26.54,28.85,494
2916,SAMPANN.NS,23.62,23.78,7.72K,Producer Manufacturing,Miscellaneous Manufacturing,20.0,57.0,23.0,14.0,1.1464,1.1457,17.52K,12.02K,43.44,23.07,1.21B,No,24.12,25.29,28.38,25.24,27.06,496
2917,THEINVEST.NS,89.44,90.72,3.80K,Finance,Investment Banks/Brokers,20.0,37.0,36.0,23.0,3.695,3.6179,5.43K,4.99K,150.0,89.0,4.67B,No,93.22,95.77,101.4,94.96,98.98,496
2918,MANGALCOMP.BO,40.5,42.5,3.00K,Finance,Finance/Rental/Leasing,20.0,39.0,31.0,10.0,0.2143,0.0,0.97K,0.33K,58.0,40.5,551.04M,No,41.95,42.93,47.68,42.52,46.85,466
2919,SURYAROSNI.NS,208.33,213.0,262.00K,Non-Energy Minerals,Steel,20.0,55.0,16.0,38.0,6.7971,6.7943,560.62K,541.22K,314.5,187.35,45.34B,No,215.85,222.28,237.96,221.34,235.6,497
2920,HONDAPOWER.NS,1827.0,1839.8,3.95K,Producer Manufacturing,Electrical Products,20.0,35.0,28.0,23.0,52.9,52.9,3.33K,2.56K,2746.6,1816.6,18.53B,No,1901.25,2000.82,2135.7,1990.66,2112.4,496
2921,DCM.NS,71.17,69.84,5.58K,Technology Services,Information Technology Services,20.0,47.0,5.0,58.0,2.4679,2.4679,12.19K,10.05K,104.3,55.0,1.33B,No,74.44,78.27,82.58,77.33,81.43,496
2922,DENISCHEM.BO,65.55,65.35,4.28K,Health Technology,Pharmaceuticals: Generic,20.0,33.0,26.0,15.0,2.165,2.165,26.94K,6.04K,94.6,56.1,909.62M,No,68.4,69.68,73.64,69.31,71.89,495
2923,PATELENG.NS,24.98,24.88,1594.24K,Industrial Services,Engineering & Construction,20.0,37.0,11.0,35.0,0.8929,0.8679,3108.62K,1620.55K,38.17,22.0,23.86B,No,26.25,27.41,28.0,27.16,27.82,497
2924,DECNGOLD.NS,197.53,191.16,930.28K,Non-Energy Minerals,Precious Metals,20.0,19.0,,,9.8386,9.6993,1463.50K,1109.06K,250.8,187.11,39.70B,No,210.2,,,,,37
2925,BALGOPAL.BO,152.4,157.2,1.89K,Producer Manufacturing,Industrial Machinery,20.0,2.0,18.0,32.0,14.225,13.0393,5.11K,1.36K,239.7,130.0,3.54B,No,173.85,186.95,176.52,181.92,174.46,495
2926,COCHINSHIP.NS,1230.0,1200.0,2283.20K,Producer Manufacturing,Trucks/Construction/Farm Machinery,20.0,4.0,28.0,26.0,40.0357,37.6214,1012.60K,827.23K,1864.0,1187.0,323.59B,No,1335.49,1428.58,1481.66,1420.38,1461.69,497
2927,KINETICENG.BO,239.25,239.6,5.56K,Producer Manufacturing,Auto Parts: Oem,20.0,86.0,12.0,45.0,11.9357,11.5214,26.89K,25.88K,365.0,175.1,7.50B,No,233.38,235.12,258.06,234.07,244.43,495
2928,CONSTRONIC.BO,43.5,47.09,39.77K,Distribution Services,Wholesale Distributors,20.0,13.0,35.0,16.0,4.6693,4.5693,4.67K,20.44K,70.34,40.0,545.01M,No,48.96,48.76,50.24,48.49,48.37,495
2929,QUESTCAP.BO,231.8,233.85,0.03K,Finance,Investment Banks/Brokers,20.0,31.0,22.0,28.0,5.8571,5.7429,0.81K,0.38K,347.0,222.0,2.32B,No,241.9,252.36,265.81,250.13,259.91,495
2930,VINYLINDIA.NS,201.71,209.8,21.16K,Distribution Services,Wholesale Distributors,20.0,24.0,11.0,30.0,7.7043,7.5164,8.38K,5.61K,293.7,161.0,3.70B,No,216.55,228.6,234.27,226.16,238.52,496
2931,MBLINFRA.NS,23.67,23.88,56.22K,Industrial Services,Engineering & Construction,20.0,64.0,38.0,31.0,1.6214,1.6079,39.26K,92.70K,43.84,18.37,3.69B,No,22.63,23.53,25.74,23.35,24.85,497
2932,BRAHMINFRA.NS,142.72,140.49,28.16K,Industrial Services,Engineering & Construction,20.0,23.0,,,9.7393,9.7393,18.87K,23.18K,184.0,138.0,,No,151.36,,,,,37
2933,SARUPINDUS.BO,105.3,105.3,0.03K,Consumer Non-Durables,Apparel/Footwear,20.0,20.0,8.0,3.0,0.775,0.7393,0.14K,0.00K,208.0,88.01,350.61M,No,108.9,116.21,139.4,115.76,130.07,493
2934,CHOLAHLDNG.NS,1400.4,1370.4,74.62K,Finance,Finance/Rental/Leasing,20.0,33.0,23.0,21.0,46.1071,44.8643,184.56K,216.91K,2064.0,1305.0,262.96B,No,1442.56,1508.3,1601.22,1501.84,1545.17,497
2935,CRAMC.NS,219.95,220.79,476.03K,Finance,Investment Managers,20.0,28.0,28.0,21.0,6.63,6.3414,896.15K,292.89K,353.4,214.2,43.86B,No,228.12,245.49,255.38,243.42,248.96,243
2936,CITYSQUARE.BO,117.4,130.05,0.80K,Retail Trade,Food Retail,20.0,4.0,14.0,2.0,1.9,0.2179,1.55K,1.55K,222.2,93.2,1.04B,No,138.21,129.34,155.44,130.6,150.69,262
2937,TRF.NS,216.94,191.78,56.47K,Producer Manufacturing,Trucks/Construction/Farm Machinery,20.0,42.0,41.0,19.0,9.33,9.2814,23.21K,14.67K,359.65,190.0,2.39B,No,209.09,221.65,246.95,221.72,235.45,497
2938,CSLFINANCE.NS,203.28,202.53,15.82K,Finance,Investment Banks/Brokers,20.0,8.0,36.0,16.0,6.7421,6.7421,39.15K,22.80K,324.7,199.99,4.57B,No,214.2,222.04,241.45,221.47,226.3,496
2939,MONEYBOXX.NS,53.93,51.5,24.80K,Finance,Regional Banks,20.0,54.0,28.0,9.0,3.525,3.1571,63.32K,38.95K,91.5,35.85,3.77B,No,51.29,55.06,62.63,54.5,63.21,243
2940,INNOVANA.NS,301.5,283.2,20.65K,Technology Services,Packaged Software,19.0,70.0,46.0,13.0,13.8036,13.7929,16.83K,36.61K,524.95,279.2,6.23B,No,299.01,309.25,352.94,310.23,336.43,496
2941,MALLCOM.NS,900.95,900.85,0.58K,Consumer Non-Durables,Apparel/Footwear,19.0,33.0,27.0,15.0,27.0179,26.7786,3.48K,3.54K,1520.0,885.05,5.62B,No,937.33,968.0,1050.33,966.08,1011.99,496
2942,CARGOTRANS.BO,90.25,87.0,4.50K,Transportation,Air Freight/Couriers,19.0,94.0,27.0,3.0,2.0929,0.7536,2.44K,7.50K,179.8,64.94,534.43M,No,74.45,78.21,121.38,78.17,108.07,495
2943,SAKSOFT.NS,138.79,132.8,1913.19K,Technology Services,Information Technology Services,19.0,36.0,16.0,46.0,6.075,6.0429,709.30K,182.29K,222.99,107.59,17.84B,No,141.96,154.42,155.82,151.68,148.41,497
2944,METAINFO.BO,79.2,76.0,8.80K,Technology Services,Information Technology Services,19.0,52.0,38.0,45.0,3.13,2.5979,21.88K,10.24K,157.75,53.17,1.50B,No,79.7,87.55,86.95,87.38,81.48,308
2945,HDBFS.NS,588.65,586.4,484.65K,Finance,Finance/Rental/Leasing,19.0,12.0,11.0,35.0,15.0607,15.0571,594.91K,449.12K,796.7,555.3,487.67B,No,646.36,668.72,688.37,663.31,670.89,316
2946,RELICAB.BO,33.89,33.49,1.95K,Producer Manufacturing,Metal Fabrication,19.0,29.0,25.0,52.0,2.27,2.27,8.04K,22.41K,66.33,30.25,342.11M,No,35.44,35.96,38.22,35.99,36.59,495
2947,EMAMILTD.NS,369.45,367.25,341.99K,Consumer Non-Durables,Household/Personal Care,19.0,73.0,30.0,25.0,11.1821,10.8214,1457.08K,1904.47K,556.15,361.15,158.57B,No,377.97,386.65,431.84,382.75,404.41,497
2948,BOROSCI.NS,107.27,108.11,80.72K,Process Industries,Containers/Packaging,19.0,6.0,3.0,33.0,4.63,4.6171,88.19K,88.85K,180.8,96.64,9.54B,No,116.32,127.0,126.57,124.12,131.95,496
2949,PFL.BO,24.6,25.98,6.00K,Industrial Services,Engineering & Construction,19.0,14.0,10.0,17.0,1.2986,0.7314,22.31K,7.20K,36.0,22.95,501.30M,No,27.82,28.84,29.83,28.53,28.5,495
2950,JBMA.NS,528.6,526.6,141.93K,Producer Manufacturing,Auto Parts: Oem,19.0,11.0,10.0,30.0,16.3214,16.0393,478.32K,217.10K,738.5,477.0,125.01B,No,575.69,613.6,615.72,609.19,631.59,497
2951,COASTCORP.NS,36.33,34.25,93.35K,Transportation,Marine Shipping,19.0,22.0,5.0,8.0,1.7293,1.68,127.05K,66.18K,66.7,33.81,2.43B,No,36.96,40.39,47.33,39.44,47.94,496
2952,ERIS.NS,1170.7,1155.1,72.43K,Health Technology,Pharmaceuticals: Major,19.0,19.0,17.0,23.0,42.1786,42.1786,100.58K,207.77K,1740.0,1141.0,162.42B,No,1250.47,1305.6,1379.41,1300.18,1357.43,496
2953,MFSL.NS,1309.7,1322.4,809.28K,Finance,Life/Health Insurance,19.0,16.0,14.0,16.0,54.0714,43.8714,962.08K,1476.39K,1892.5,1301.0,449.62B,No,1441.28,1499.17,1611.5,1492.9,1566.81,497
2954,KOKUYOCMLN.NS,72.65,73.26,9.36K,Consumer Durables,Tools & Hardware,19.0,33.0,19.0,26.0,2.3893,2.3893,38.09K,31.03K,107.5,71.05,7.29B,No,75.74,79.48,84.18,78.66,83.53,496
2955,HDFCBANK.NS,707.25,692.25,18392.00K,Finance,Major Banks,19.0,71.0,26.0,22.0,15.4322,14.6536,29527.04K,34490.84K,1020.5,681.9,10904.72B,No,717.7,721.45,809.39,722.06,758.89,497
2956,SYSCHEM.BO,37.6,37.97,29.67K,Health Technology,Pharmaceuticals: Major,19.0,92.0,31.0,11.0,2.8179,2.805,58.03K,91.85K,60.95,28.81,2.02B,No,33.86,33.17,43.87,32.92,41.65,495
2957,GENESYS.NS,276.05,279.6,342.05K,Technology Services,Packaged Software,19.0,51.0,23.0,62.0,15.5464,15.5,1341.78K,585.47K,612.0,168.5,18.46B,No,285.15,242.72,288.44,248.32,266.96,497
2958,JKIL.NS,431.45,432.15,83.95K,Industrial Services,Engineering & Construction,19.0,18.0,27.0,29.0,13.0179,12.975,76.96K,89.10K,672.0,425.0,32.65B,No,465.46,483.04,508.27,481.97,487.9,497
2959,RODIUM.BO,138.4,138.5,0.00K,Finance,Real Estate Development,19.0,69.0,11.0,9.0,4.2286,4.0536,0.58K,0.09K,224.8,125.0,516.69M,No,141.23,148.45,163.23,147.24,160.9,494
2960,INTRGLB.BO,56.85,59.7,0.80K,Finance,Finance/Rental/Leasing,19.0,32.0,15.0,43.0,7.07,7.0129,1.34K,0.71K,107.0,45.6,771.13M,No,61.92,62.7,65.78,63.23,63.45,495
2961,TVTODAY.NS,102.32,103.3,17.59K,Consumer Services,Broadcasting,19.0,35.0,19.0,35.0,4.0379,4.0379,34.43K,25.83K,152.12,93.5,6.11B,No,105.35,110.23,116.9,109.44,112.37,496
2962,MAZDOCK.NS,2010.0,1990.0,883.40K,Producer Manufacturing,Trucks/Construction/Farm Machinery,19.0,5.0,20.0,18.0,49.7857,48.9928,714.46K,540.41K,2929.7,1987.7,810.79B,No,2168.53,2371.42,2423.1,2356.95,2423.08,497
2963,HAVELLS.NS,1041.5,1023.7,612.11K,Producer Manufacturing,Electrical Products,19.0,31.0,30.0,18.0,25.55,23.5643,1006.41K,933.12K,1520.0,1015.1,653.61B,No,1075.85,1179.83,1258.19,1165.23,1198.64,497
2964,NOL.BO,58.58,56.0,2.10K,Process Industries,Chemicals: Specialty,19.0,66.0,49.0,18.0,3.3743,3.3143,1.87K,1.21K,132.5,42.5,295.38M,No,56.01,57.48,68.04,57.55,62.58,495
2965,GKENERGY.NS,113.08,113.17,193.68K,Industrial Services,Engineering & Construction,19.0,15.0,12.0,55.0,4.7821,4.7243,580.50K,490.59K,239.6,87.2,22.93B,No,120.57,125.98,127.15,125.44,127.08,256
2966,UNIECOM.NS,82.82,79.9,280.02K,Technology Services,Packaged Software,19.0,63.0,44.0,26.0,3.4021,3.4007,542.02K,239.71K,138.94,78.51,9.31B,No,82.8,84.91,94.28,84.83,88.2,497
2967,ORIENTTECH.NS,233.41,234.94,356.26K,Technology Services,Information Technology Services,19.0,69.0,42.0,21.0,9.8757,9.8243,1067.33K,1692.74K,464.0,220.8,10.69B,No,234.86,243.32,279.78,243.01,259.1,497
2968,INFY.NS,1023.4,997.0,14092.05K,Technology Services,Information Technology Services,19.0,45.0,50.0,9.0,26.1607,23.425,10819.79K,11466.38K,1728.0,980.4,4145.12B,No,1025.94,1094.57,1250.66,1088.7,1136.13,497
2969,SAFFRON.BO,24.0,23.79,0.54K,Finance,Real Estate Development,19.0,53.0,12.0,19.0,2.3136,2.1514,2.99K,3.99K,104.13,22.0,172.44M,No,24.37,25.47,29.18,25.26,28.09,495
2970,LAOPALA.NS,154.76,153.98,106.65K,Consumer Durables,Home Furnishings,19.0,30.0,27.0,26.0,4.4321,4.4279,319.36K,103.31K,243.26,152.02,17.18B,No,158.26,172.06,183.28,169.86,176.0,497
2971,ORIBEVER.BO,158.1,157.9,0.01K,Consumer Non-Durables,Beverages: Non-Alcoholic,19.0,38.0,22.0,8.0,7.9821,7.5679,1.33K,1.04K,291.25,151.65,341.88M,No,162.28,172.9,194.06,171.29,190.48,495
2972,SHREYANIND.NS,129.0,129.02,6.62K,Process Industries,Pulp & Paper,19.0,57.0,42.0,18.0,3.9221,3.9171,7.01K,4.94K,232.29,121.76,1.78B,No,129.5,131.27,148.45,130.12,142.69,496
2973,CHEMFAB.NS,332.3,327.6,4.83K,Process Industries,Chemicals: Specialty,19.0,41.0,35.0,27.0,21.1143,20.9214,3.78K,4.49K,657.05,290.35,4.78B,No,350.01,360.65,384.38,359.34,376.85,496
2974,SHARDACROP.NS,723.9,725.8,40.15K,Distribution Services,Wholesale Distributors,19.0,29.0,12.0,5.0,19.3357,18.9107,154.88K,97.52K,1297.0,697.6,65.31B,No,740.45,771.3,923.6,760.48,887.76,497
2975,MAANALU.NS,102.47,98.97,46.35K,Non-Energy Minerals,Aluminum,19.0,23.0,22.0,8.0,4.7771,4.6514,67.58K,67.83K,184.74,96.0,6.15B,No,103.57,113.78,132.34,111.95,125.37,496
2976,COMMAND.BO,20.0,21.0,4.00K,Producer Manufacturing,Miscellaneous Manufacturing,19.0,47.0,23.0,16.0,0.0714,0.0,0.26K,0.44K,32.68,20.0,187.53M,No,20.95,21.3,23.32,21.16,22.41,494
2977,SAMHI.NS,141.9,143.89,783.69K,Consumer Services,Hotels/Resorts/Cruise Lines,19.0,30.0,18.0,26.0,5.8379,5.6079,1165.25K,786.60K,217.3,127.0,31.55B,No,154.38,159.6,164.17,158.21,160.39,497
2978,FIEMIND.NS,1747.7,1746.6,37.02K,Producer Manufacturing,Auto Parts: Oem,18.0,11.0,10.0,14.0,54.4,54.4,85.79K,66.91K,2674.8,1732.2,46.00B,No,1883.56,2105.47,2196.28,2075.78,2168.16,497
2979,ZODIACLOTH.NS,65.31,66.19,9.90K,Consumer Non-Durables,Apparel/Footwear,18.0,31.0,21.0,27.0,2.1864,2.1614,9.46K,2.99K,104.0,58.5,1.79B,No,68.63,72.22,76.68,71.37,74.24,496
2980,GUJAPOLLO.NS,326.5,332.0,10.22K,Producer Manufacturing,Trucks/Construction/Farm Machinery,18.0,49.0,33.0,8.0,15.175,15.1286,12.68K,11.38K,493.0,300.5,4.23B,No,336.45,345.32,382.43,344.81,377.18,496
2981,SURAJLTD.NS,203.68,184.57,5.82K,Non-Energy Minerals,Steel,18.0,74.0,29.0,11.0,8.3507,8.04,1.89K,0.92K,348.65,180.0,3.74B,No,195.82,205.55,227.12,205.56,224.16,496
2982,HINDUST.BO,37.99,37.6,0.33K,Process Industries,Agricultural Commodities/Milling,18.0,78.0,37.0,16.0,2.5386,2.3529,2.39K,1.30K,69.0,33.36,167.16M,No,37.63,38.08,44.31,37.76,42.34,494
2983,CAMPUS.NS,197.0,199.0,517.68K,Consumer Non-Durables,Apparel/Footwear,18.0,28.0,25.0,14.0,5.32,5.2636,1417.84K,383.73K,287.8,195.78,60.22B,No,209.18,216.99,238.18,215.96,229.79,497
2984,ASIANTILES.NS,45.59,45.79,611.98K,Producer Manufacturing,Building Products,18.0,30.0,44.0,8.0,1.6736,1.6264,9197.25K,1110.65K,79.06,42.5,13.52B,No,49.3,50.06,60.77,49.64,56.37,497
2985,STDBAT.BO,38.74,38.95,2.40K,Producer Manufacturing,Electrical Products,18.0,55.0,12.0,26.0,3.9586,3.9414,2.46K,3.24K,59.6,35.35,200.33M,No,41.98,43.37,46.53,42.87,46.92,495
2986,S&SPOWER.NS,277.7,275.2,10.77K,Producer Manufacturing,Electrical Products,18.0,3.0,8.0,23.0,18.0,17.9929,4.84K,6.79K,444.95,193.5,3.43B,No,310.14,316.67,332.4,315.42,347.28,496
2987,MAFATIND.NS,110.71,111.07,45.44K,Process Industries,Textiles,18.0,33.0,14.0,,4.6764,4.6029,40.62K,38.84K,157.77,106.41,7.99B,No,117.72,122.28,,120.57,,117
2988,FDC.NS,330.15,324.05,76.55K,Health Technology,Pharmaceuticals: Major,18.0,49.0,9.0,37.0,10.4179,10.3643,183.72K,107.98K,473.6,312.95,53.75B,No,343.18,352.25,375.48,345.89,369.56,497
2989,SONATSOFTW.NS,239.15,240.9,2317.76K,Technology Services,Information Technology Services,18.0,15.0,21.0,40.0,10.6536,10.5393,2013.45K,912.42K,400.5,207.15,66.20B,No,266.05,291.55,287.12,285.07,275.19,497
2990,IRCTC.NS,458.8,449.85,1257.36K,Consumer Services,Other Consumer Services,18.0,57.0,38.0,21.0,10.3214,10.3214,840.72K,845.84K,735.75,446.5,367.04B,No,459.27,479.6,542.62,477.46,507.91,497
2991,SUBROS.NS,676.75,664.5,33.56K,Producer Manufacturing,Industrial Machinery,18.0,57.0,18.0,33.0,19.3964,19.1179,43.18K,30.54K,1172.7,622.1,44.15B,No,697.86,731.2,764.96,726.25,747.92,496
2992,INDIANCARD.NS,182.61,180.95,3.62K,Producer Manufacturing,Industrial Machinery,18.0,7.0,10.0,41.0,9.3364,9.1407,2.90K,4.25K,278.25,153.0,1.08B,No,198.59,208.85,214.12,207.69,208.63,496
2993,SPANDANA.NS,211.08,209.1,66.40K,Finance,Finance/Rental/Leasing,18.0,18.0,4.0,42.0,7.3579,7.1764,205.58K,139.22K,319.4,181.1,18.71B,No,223.9,237.34,247.16,234.65,244.18,497
2994,SPELS.NS,118.65,118.65,13.96K,Electronic Technology,Semiconductors,18.0,3.0,,,1.4086,0.0,22.88K,3.61K,157.0,118.65,5.47B,No,132.49,,,,,35
2995,STEP2COR.BO,22.0,22.0,0.29K,Finance,Investment Banks/Brokers,18.0,2.0,60.0,4.0,0.5107,0.0043,0.94K,0.29K,36.95,19.86,162.69M,No,25.13,24.56,27.85,24.95,27.02,495
2996,SOBHA.NS,1161.7,1183.9,177.18K,Finance,Real Estate Development,18.0,36.0,9.0,28.0,36.5,36.2214,152.76K,109.27K,1732.0,1130.0,124.25B,No,1208.84,1265.56,1370.31,1252.92,1331.13,496
2997,DGCONTENT.NS,23.52,23.68,22.46K,Commercial Services,Commercial Printing/Forms,18.0,52.0,36.0,15.0,1.5629,1.5543,30.74K,41.17K,39.57,21.61,1.37B,No,24.27,24.49,26.92,24.54,26.14,496
2998,DECCANCE.NS,547.75,532.95,17.20K,Non-Energy Minerals,Construction Materials,18.0,55.0,48.0,20.0,19.9643,19.9286,26.89K,22.69K,1098.0,525.0,7.67B,No,557.52,560.45,622.92,560.88,590.48,496
2999,EIDPARRY.NS,688.9,677.15,151.31K,Process Industries,Chemicals: Agricultural,18.0,25.0,37.0,16.0,17.625,17.3357,503.20K,322.35K,1118.0,672.3,122.59B,No,698.83,753.62,817.42,745.42,768.72,497
3000,TCIEXP.NS,466.15,477.2,70.69K,Transportation,Air Freight/Couriers,18.0,9.0,20.0,26.0,27.3893,25.8536,182.58K,661.37K,705.0,447.55,17.91B,No,498.06,529.84,532.46,524.65,525.49,496
3001,BUTTERFLY.NS,542.45,538.3,5.52K,Consumer Durables,Electronics/Appliances,18.0,18.0,7.0,21.0,18.075,17.9321,29.61K,14.87K,823.85,522.25,9.70B,No,565.05,619.09,638.92,609.68,645.34,496
3002,ZR2.BO,130.05,131.5,0.06K,Process Industries,Chemicals: Specialty,18.0,87.0,68.0,50.0,4.8679,3.4107,0.31K,0.08K,384.85,90.0,464.13M,No,133.48,120.1,143.91,122.42,126.73,495
3003,ASAL.NS,405.4,395.55,9.48K,Producer Manufacturing,Auto Parts: Oem,18.0,13.0,10.0,30.0,13.8857,13.4179,22.54K,8.84K,585.0,374.5,6.43B,No,436.99,470.93,475.77,465.0,480.97,497
3004,WAA.BO,44.55,44.55,0.80K,Utilities,Electric Utilities,18.0,51.0,32.0,24.0,1.7157,1.25,8.73K,5.44K,78.7,40.9,591.03M,No,46.75,45.9,51.82,45.77,50.75,495
3005,KZLFIN.BO,16.24,17.08,0.02K,Finance,Finance/Rental/Leasing,18.0,26.0,53.0,13.0,0.3121,0.0064,0.19K,0.27K,27.98,14.52,49.39M,No,16.08,17.76,19.22,17.68,18.12,496
3006,INDIASHLTR.NS,643.45,643.5,32.40K,Finance,Finance/Rental/Leasing,18.0,51.0,14.0,19.0,19.15,18.7571,122.03K,112.97K,924.0,620.15,70.26B,No,653.43,667.53,747.58,664.22,739.86,496
3007,BIRLACORPN.NS,817.3,794.85,51.77K,Non-Energy Minerals,Construction Materials,18.0,51.0,23.0,24.0,23.1036,22.9679,83.82K,62.08K,1244.3,769.6,62.94B,No,824.27,862.84,953.93,862.23,923.38,496
3008,USK.NS,18.96,18.72,17.19K,Industrial Services,Engineering & Construction,18.0,28.0,20.0,28.0,1.2371,1.2236,20.00K,27.94K,30.9,17.77,1.05B,No,19.58,20.8,22.55,20.52,22.16,496
3009,GRSE.NS,2046.0,2014.0,428.46K,Producer Manufacturing,Trucks/Construction/Farm Machinery,18.0,4.0,9.0,16.0,63.0143,59.6072,397.55K,385.49K,3339.0,1963.7,234.37B,No,2262.87,2453.08,2532.61,2428.06,2567.39,497
3010,JKTYRE.NS,333.4,330.25,277.23K,Consumer Durables,Automotive Aftermarket,18.0,32.0,16.0,12.0,9.0321,8.3786,691.57K,580.95K,611.9,327.0,96.12B,No,343.75,367.77,424.23,362.42,387.6,497
3011,TVSELECT.NS,385.9,386.7,33.67K,Electronic Technology,Electronic Equipment/Instruments,18.0,41.0,8.0,40.0,18.4607,18.2821,92.48K,362.69K,739.35,336.2,7.26B,No,395.41,429.27,437.72,424.19,450.01,496
3012,SUNSKY.BO,40.49,40.49,12.00K,Transportation,Air Freight/Couriers,18.0,88.0,55.0,4.0,1.8579,1.3821,13.33K,36.15K,96.0,29.04,503.49M,No,39.16,37.94,55.5,37.9,49.07,247
3013,MADRASFERT.NS,57.41,57.54,12.90K,Process Industries,Chemicals: Agricultural,18.0,21.0,23.0,24.0,1.6036,1.5879,71.41K,27.35K,85.48,52.56,9.25B,No,59.86,63.53,67.99,62.82,65.53,496
3014,KNRCON.NS,112.92,111.61,1027.15K,Industrial Services,Engineering & Construction,18.0,44.0,30.0,37.0,3.9436,3.8436,1402.68K,907.16K,194.38,108.65,31.76B,No,118.92,124.03,130.82,124.56,125.23,497
3015,AIHL.BO,29.86,29.86,1.00K,Distribution Services,Wholesale Distributors,17.0,15.0,68.0,2.0,1.9686,1.8329,1.25K,0.61K,50.36,26.1,62.43M,No,30.02,33.2,41.38,32.93,38.86,494
3016,TCFCFINQ.BO,24.55,24.13,0.20K,Finance,Financial Conglomerates,17.0,44.0,46.0,19.0,1.5221,1.5179,2.29K,2.98K,51.57,22.02,232.03M,No,24.68,25.29,28.54,25.2,27.12,497
3017,TATACHEM.NS,589.75,592.95,964.27K,Process Industries,Chemicals: Agricultural,17.0,57.0,17.0,29.0,21.6572,21.5893,1581.76K,1319.90K,944.5,580.3,150.24B,No,649.89,648.93,701.12,639.88,688.04,497
3018,RAMAPHO.NS,109.52,110.09,45.83K,Process Industries,Chemicals: Agricultural,17.0,17.0,30.0,19.0,4.8793,4.8793,30.18K,30.74K,217.19,103.5,3.88B,No,118.97,121.82,132.57,120.88,125.18,497
3019,NAVKARCORP.NS,84.58,83.33,200.72K,Transportation,Other Transportation,17.0,21.0,10.0,30.0,3.0057,3.0057,633.30K,538.32K,131.36,74.05,12.73B,No,87.55,94.09,97.25,92.96,97.03,497
3020,CHAMBLFERT.NS,374.3,378.65,943.16K,Process Industries,Chemicals: Specialty,17.0,22.0,18.0,14.0,9.0929,9.0179,490.72K,456.38K,509.05,371.25,149.96B,No,408.74,423.82,444.72,419.04,441.96,497
3021,KTIL.BO,58.2,61.5,0.16K,Distribution Services,Wholesale Distributors,17.0,35.0,39.0,24.0,1.9629,1.735,2.28K,2.02K,106.8,53.6,635.92M,No,60.59,60.35,65.92,60.15,62.98,495
3022,CTLLAB.BO,32.0,33.65,1.20K,Health Services,Medical/Nursing Services,17.0,29.0,11.0,23.0,0.2214,0.0,0.27K,0.24K,47.15,28.55,73.04M,No,34.73,36.86,39.35,35.96,38.18,494
3023,SRINACHA.BO,25.69,26.0,0.23K,Process Industries,Textiles,17.0,71.0,30.0,7.0,1.2364,1.075,0.46K,0.48K,39.94,24.0,110.47M,No,26.7,26.84,29.83,26.57,29.21,495
3024,APLABPP.BO,50.0,49.1,0.32K,Electronic Technology,Electronic Equipment/Instruments,17.0,12.0,4.0,30.0,5.4029,4.9857,5.16K,0.98K,97.0,35.54,1.36B,No,51.12,50.81,62.06,50.53,62.48,309
3025,GALLANTT.NS,503.75,503.15,73.50K,Non-Energy Minerals,Steel,17.0,23.0,8.0,9.0,18.6107,18.6036,122.54K,55.80K,948.0,496.25,121.55B,No,535.06,564.97,617.68,559.64,643.29,496
3026,APTUS.NS,215.73,216.92,1402.05K,Finance,Finance/Rental/Leasing,17.0,8.0,8.0,47.0,7.3929,6.9864,1364.62K,1611.57K,322.75,193.03,108.04B,No,235.42,248.54,256.73,245.74,253.57,497
3027,ASGARD.BO,32.26,33.42,14.66K,Producer Manufacturing,Metal Fabrication,17.0,64.0,59.0,6.0,1.8957,1.8886,62.99K,68.12K,63.0,27.21,10.05B,No,33.64,32.46,39.37,32.58,35.2,495
3028,UPSURGE.BO,58.2,58.01,6.32K,Finance,Investment Banks/Brokers,17.0,11.0,13.0,20.0,4.5764,4.4371,28.31K,36.93K,94.8,54.59,1.28B,No,61.71,66.72,66.94,65.99,64.75,495
3029,BFUTILITIE.NS,469.1,471.05,41.90K,Industrial Services,Engineering & Construction,17.0,21.0,16.0,55.0,15.6393,15.5,221.75K,53.51K,831.6,368.7,17.67B,No,515.68,528.9,548.62,525.79,542.96,497
3030,JYOTHYLAB.NS,187.94,186.29,281.12K,Consumer Non-Durables,Household/Personal Care,17.0,55.0,45.0,18.0,4.5271,4.5043,812.51K,387.31K,325.0,180.0,69.02B,No,190.37,198.79,222.71,197.18,208.8,497
3031,DJML.NS,72.05,71.76,32.28K,Commercial Services,Commercial Printing/Forms,17.0,46.0,2.0,23.0,3.445,3.445,315.32K,97.78K,124.8,52.0,2.59B,No,74.86,86.38,90.74,85.27,95.94,497
3032,GODFRYPHLP.NS,1813.2,1771.0,151.62K,Consumer Non-Durables,Tobacco,17.0,25.0,26.0,28.0,54.0286,49.8857,330.35K,205.63K,3467.7,1770.0,282.83B,No,1918.2,2052.57,2157.0,2030.5,2130.69,497
3033,AROGRANITE.NS,22.34,22.76,8.71K,Non-Energy Minerals,Construction Materials,17.0,37.0,32.0,32.0,1.2214,1.2043,7.89K,3.10K,39.7,18.67,341.80M,No,23.12,24.23,25.97,24.07,24.83,496
3034,ACI.NS,455.05,462.2,225.63K,Process Industries,Chemicals: Major Diversified,17.0,42.0,27.0,9.0,16.5071,16.5071,380.22K,256.27K,676.0,446.0,56.18B,No,472.02,492.93,542.61,484.65,536.28,496
3035,PSB.NS,21.01,20.8,838.21K,Finance,Major Banks,17.0,33.0,22.0,21.0,0.3786,0.3693,1140.32K,903.75K,32.46,20.5,149.08B,No,21.66,22.66,24.61,22.58,23.6,497
3036,SBICARD.NS,562.0,547.65,789.90K,Finance,Finance/Rental/Leasing,17.0,8.0,40.0,18.0,15.2286,14.2357,2118.72K,1017.88K,965.0,547.65,534.82B,No,604.93,632.53,683.14,628.31,635.22,497
3037,AEONXDIGI.BO,115.5,113.9,0.83K,Process Industries,Chemicals: Specialty,17.0,69.0,48.0,12.0,7.0071,6.5929,2.34K,1.62K,218.0,99.0,535.32M,No,112.1,112.8,129.02,111.67,120.58,495
3038,VIPIND.NS,269.55,275.2,265.45K,Consumer Durables,Other Consumer Specialties,17.0,15.0,33.0,17.0,8.5143,8.4321,282.55K,176.27K,447.3,267.15,38.29B,No,292.36,301.52,325.34,299.37,306.61,496
3039,COROMANDEL.NS,1703.4,1673.7,229.82K,Process Industries,Chemicals: Specialty,17.0,15.0,18.0,14.0,62.6429,61.2572,149.29K,256.84K,2499.0,1651.1,501.72B,No,1868.57,1954.86,2049.13,1937.26,1952.04,497
3040,SHREDIGCEM.NS,62.68,62.4,71.10K,Non-Energy Minerals,Construction Materials,17.0,13.0,22.0,28.0,2.4036,2.4036,92.36K,64.44K,97.15,53.9,9.27B,No,66.52,70.29,73.21,70.37,71.37,497
3041,JAINREC.NS,288.7,281.05,867.71K,Non-Energy Minerals,Other Metals/Minerals,17.0,58.0,23.0,4.0,12.8464,12.2286,1632.53K,857.25K,593.95,271.0,99.63B,No,285.54,294.37,374.62,288.26,366.14,251
3042,BBL.NS,2189.0,2075.3,60.06K,Producer Manufacturing,Electrical Products,17.0,60.0,13.0,30.0,69.2,69.2,27.31K,21.80K,3411.0,2009.0,24.74B,No,2154.32,2266.81,2550.9,2252.79,2531.69,497
3043,HINDPETRO.NS,326.0,326.6,6391.46K,Energy Minerals,Oil Refining/Marketing,17.0,42.0,18.0,27.0,9.3857,8.7071,5331.74K,4978.01K,508.45,316.2,693.67B,No,348.27,363.95,394.81,358.33,371.47,497
3044,PARKHOTELS.NS,102.61,101.16,109.86K,Consumer Services,Hotels/Resorts/Cruise Lines,17.0,28.0,14.0,25.0,3.8886,3.86,163.90K,251.10K,155.26,95.1,21.89B,No,105.47,112.26,119.86,110.69,116.09,497
3045,RMDRIP.NS,21.68,21.62,186.62K,Producer Manufacturing,Industrial Machinery,17.0,45.0,76.0,12.0,1.005,0.9771,767.34K,318.93K,72.22,14.81,9.28B,No,23.15,20.83,29.99,21.02,20.54,497
3046,GLOBUSSPR.NS,780.95,783.45,62.88K,Consumer Non-Durables,Beverages: Alcoholic,17.0,27.0,22.0,15.0,22.3893,22.3893,114.07K,69.45K,1252.8,775.0,24.57B,No,814.94,863.72,916.2,857.4,895.77,497
3047,MUTHOOTFIN.NS,2624.7,2559.6001,701.71K,Finance,Finance/Rental/Leasing,17.0,27.0,21.0,9.0,60.9571,56.8214,924.59K,613.22K,4149.5,2559.6,1053.73B,No,2755.66,2875.54,3285.99,2854.88,3116.13,497
3048,AAIL.BO,81.8,81.08,2.00K,Consumer Durables,Tools & Hardware,17.0,35.0,45.0,32.0,3.1786,3.0471,9.18K,1.85K,204.6,74.05,882.46M,No,86.12,94.97,97.17,92.95,93.75,495
3049,WAAREE.BO,182.05,184.6,8.05K,Process Industries,Industrial Specialties,17.0,15.0,7.0,43.0,6.95,6.575,6.67K,6.65K,398.0,131.25,1.96B,No,200.63,211.78,220.2,208.91,234.04,495
3050,SANOFI.NS,2945.4,2979.7,12.38K,Health Technology,Pharmaceuticals: Major,17.0,45.0,28.0,22.0,65.5428,63.8786,22.25K,13.70K,4898.0,2914.1,67.83B,No,3067.56,3174.9,3499.01,3157.45,3268.79,496
3051,SHIVTEXCHEM.BO,114.15,112.0,1.60K,Distribution Services,Wholesale Distributors,17.0,53.0,47.0,26.0,4.5,3.0643,5.59K,3.64K,257.95,95.0,2.65B,No,113.94,112.93,127.76,113.12,124.61,491
3052,ZBINTXPP.BO,1597.8,1613.9,0.00K,Process Industries,Textiles,16.0,6.0,44.0,3.0,10.675,5.15,0.00K,0.00K,2837.3,1579.0,1.14B,No,1707.48,1714.89,2026.99,1727.63,1889.03,493
3053,VASWANI.NS,43.74,43.37,7.02K,Non-Energy Minerals,Steel,16.0,43.0,14.0,13.0,2.0171,2.0171,28.31K,16.84K,69.99,42.46,1.44B,No,44.87,47.52,53.96,47.26,52.7,496
3054,SAMMAANCAP.NS,126.44,127.82,4676.29K,Finance,Finance/Rental/Leasing,16.0,6.0,8.0,17.0,4.0664,4.06,6496.16K,4360.39K,192.95,125.66,145.24B,No,138.86,148.61,152.21,146.1,155.15,497
3055,INDRAMEDCO.NS,329.05,319.9,145.43K,Health Services,Hospital/Nursing Management,16.0,36.0,27.0,10.0,12.3286,12.1357,324.77K,309.75K,640.85,317.15,30.17B,No,352.01,361.42,389.14,359.27,380.02,497
3056,MSUMI.NS,33.55,32.97,3280.03K,Producer Manufacturing,Auto Parts: Oem,16.0,32.0,21.0,22.0,0.7943,0.7814,10032.35K,9445.93K,53.59,32.7,222.49B,No,34.63,37.24,40.33,36.75,38.57,497
3057,GPIL.NS,206.47,205.63,1370.34K,Non-Energy Minerals,Steel,16.0,8.0,16.0,7.0,6.9593,6.7629,1602.34K,1426.42K,320.0,203.82,134.41B,No,227.36,236.95,260.5,233.11,260.44,497
3058,KAYCEEI.BO,756.25,780.25,0.64K,Producer Manufacturing,Electrical Products,16.0,42.0,15.0,17.0,44.2393,43.8643,0.79K,1.08K,1200.0,632.3,2.40B,No,796.72,829.4,849.71,823.57,859.21,495
3059,AVANTIFEED.NS,699.1,698.65,206.34K,Process Industries,Agricultural Commodities/Milling,16.0,7.0,8.0,1.0,22.3429,22.1071,409.84K,285.10K,1593.8,641.65,95.25B,No,747.77,812.68,1037.53,797.76,1049.72,496
3060,GODAVARIB.NS,221.26,221.02,33.08K,Process Industries,Agricultural Commodities/Milling,16.0,27.0,17.0,6.0,7.3757,7.375,416.54K,66.59K,353.0,217.0,11.32B,No,233.25,242.39,276.35,237.88,275.9,482
3061,OLECTRA.NS,1044.8,1041.5,206.51K,Consumer Durables,Motor Vehicles,16.0,12.0,6.0,39.0,42.9428,40.9357,371.79K,381.83K,1573.8,866.6,85.76B,No,1159.56,1251.01,1204.05,1231.81,1260.22,497
3062,PHARMAID.BO,30.81,30.5,2.99K,Health Technology,Pharmaceuticals: Major,16.0,75.0,31.0,47.0,1.2757,1.2671,5.91K,2.17K,53.9,25.6,1.09B,No,30.02,31.41,34.28,31.46,31.37,495
3063,SUNILAGR.BO,68.26,71.8,1.33K,Process Industries,Agricultural Commodities/Milling,16.0,11.0,17.0,14.0,3.5571,3.1486,0.24K,0.54K,101.0,68.21,204.98M,No,76.43,81.98,84.64,81.2,82.11,495
3064,NCC.NS,125.06,119.93,17923.37K,Consumer Durables,Homebuilding,16.0,8.0,26.0,20.0,4.3186,4.1336,2698.23K,5650.32K,217.25,119.01,78.52B,No,132.43,140.01,147.98,139.99,146.96,497
3065,FABTECH.NS,133.22,138.98,176.61K,Health Technology,Biotechnology,16.0,28.0,20.0,23.0,4.7986,4.6364,89.89K,53.16K,262.8,131.0,5.92B,No,144.67,146.63,157.34,145.7,151.52,250
3066,KARBON.BO,108.5,110.05,12.80K,Producer Manufacturing,Metal Fabrication,16.0,68.0,49.0,12.0,7.7071,6.9036,18.08K,16.24K,199.4,92.6,1.53B,No,120.46,111.92,132.17,110.78,118.32,263
3067,IRIS.NS,214.82,212.68,28.23K,Technology Services,Data Processing Services,16.0,8.0,21.0,23.0,10.7821,10.7821,25.39K,15.76K,388.1,203.0,4.42B,No,231.23,242.0,252.63,241.63,244.26,496
3068,SHINEFASH.BO,19.87,21.88,12.00K,Process Industries,Textiles,16.0,44.0,71.0,18.0,1.37,0.7257,6.00K,5.33K,50.74,16.75,533.79M,No,21.38,23.51,27.0,23.07,24.72,496
3069,SAKTHIFIN.BO,25.25,23.79,1.79K,Finance,Finance/Rental/Leasing,16.0,27.0,29.0,41.0,1.3364,1.3364,4.05K,4.02K,45.28,20.2,1.63B,No,25.99,27.04,28.21,26.84,26.68,495
3070,WIPRO.NS,162.57,158.38,23912.28K,Technology Services,Information Technology Services,16.0,46.0,42.0,13.0,3.6936,3.4129,14896.05K,33168.87K,273.1,156.79,1608.38B,No,163.38,173.97,199.37,172.98,184.48,497
3071,NATIONSTD.NS,105.26,104.9,5.43K,Finance,Real Estate Development,16.0,51.0,,,5.2986,5.2986,58.91K,8.80K,148.1,98.27,2.11B,No,112.35,,,,,37
3072,SRECR.BO,26.25,27.5,0.10K,Non-Energy Minerals,Construction Materials,16.0,82.0,15.0,21.0,1.02,0.3886,0.36K,0.42K,51.5,22.25,110.25M,No,25.49,25.18,33.36,24.87,30.45,495
3073,SWANAGRO.BO,40.1,41.0,4.00K,Producer Manufacturing,Trucks/Construction/Farm Machinery,16.0,70.0,28.0,30.0,1.5557,1.3536,5.49K,12.22K,67.79,36.0,762.55M,No,39.77,41.36,45.96,41.3,43.11,495
3074,VAML.NS,371.65,374.45,10844.43K,Non-Energy Minerals,Aluminum,16.0,10.0,21.0,,17.7536,17.4571,8761.24K,12330.05K,537.0,368.2,1450.98B,No,411.68,435.09,,428.74,,82
3075,FUTURSEC.BO,27.86,29.32,0.96K,Finance,Investment Banks/Brokers,16.0,67.0,29.0,7.0,0.2086,0.2086,0.20K,0.20K,40.2,20.91,54.33M,No,29.25,25.9,33.29,26.34,31.38,496
3076,ADARSHPL.BO,23.51,24.95,3.13K,Producer Manufacturing,Trucks/Construction/Farm Machinery,16.0,20.0,8.0,12.0,2.1686,2.165,3.94K,3.02K,44.9,23.0,233.02M,No,25.58,27.21,30.13,27.32,29.49,495
3077,BIRLAMONEY.NS,115.34,113.14,18.20K,Finance,Investment Banks/Brokers,16.0,35.0,9.0,32.0,4.7064,4.6929,71.42K,25.38K,179.85,95.0,6.52B,No,117.58,124.78,131.93,123.58,131.16,497
3078,HARAFIN.BO,57.25,57.25,0.10K,Finance,Finance/Rental/Leasing,16.0,64.0,30.0,21.0,0.5536,0.1071,0.06K,0.07K,93.97,54.5,11.89B,No,57.52,61.49,70.24,61.02,64.34,495
3079,UBL.NS,1168.2,1162.7,110.11K,Consumer Non-Durables,Beverages: Alcoholic,16.0,39.0,31.0,12.0,39.0,38.8429,133.05K,121.81K,1844.0,1140.3,308.88B,No,1215.49,1299.44,1431.17,1285.52,1365.13,497
3080,ZODJRDMKJ.BO,29.91,31.6,19.84K,Non-Energy Minerals,Other Metals/Minerals,16.0,3.0,19.0,19.0,2.1721,2.1707,20.59K,8.41K,50.0,28.4,328.28M,No,34.34,36.44,36.32,36.12,35.64,495
3081,PFIZER.NS,3808.2,3750.0,15.80K,Health Technology,Pharmaceuticals: Major,16.0,19.0,15.0,12.0,73.2357,73.2357,48.58K,43.31K,5578.5,3731.0,174.22B,No,3950.93,4448.2,4673.14,4377.76,4590.68,497
3082,VINATIORGA.NS,1124.5,1120.8,40.19K,Process Industries,Chemicals: Specialty,16.0,7.0,22.0,24.0,35.7,35.6857,55.23K,46.01K,1739.0,1116.2,116.66B,No,1207.01,1277.9,1371.68,1269.67,1303.49,497
3083,CROMPTON.NS,205.11,204.34,3009.64K,Producer Manufacturing,Industrial Machinery,16.0,19.0,11.0,17.0,5.7014,5.5643,3374.17K,2743.82K,310.5,201.1,132.07B,No,217.84,234.37,252.84,230.02,252.57,497
3084,ICRA.NS,4424.8,4299.3999,14.12K,Commercial Services,Financial Publishing/Services,16.0,30.0,21.0,17.0,107.9785,107.5285,38.81K,28.94K,6620.0,4198.2,42.59B,No,4460.02,4781.75,5333.74,4751.47,5086.12,496
3085,DCMSRIND.NS,38.91,38.42,102.64K,Process Industries,Agricultural Commodities/Milling,16.0,20.0,53.0,49.0,2.1943,2.1943,403.74K,1076.68K,179.9,31.9,3.38B,No,38.97,42.86,44.17,42.36,40.38,497
3086,VOLTAS.NS,1033.7,1032.0,236.92K,Producer Manufacturing,Industrial Machinery,16.0,26.0,14.0,15.0,31.0929,29.6857,798.66K,910.96K,1582.5,1024.1,342.04B,No,1102.12,1186.75,1324.77,1169.15,1269.61,497
3087,DHILLON.BO,29.5,29.5,3.20K,Transportation,Air Freight/Couriers,16.0,56.0,25.0,32.0,0.6629,0.3607,3.77K,4.64K,49.99,27.0,115.64M,No,31.63,31.03,34.18,30.92,33.02,250
3088,CCLINTER.BO,20.18,20.81,1.28K,Industrial Services,Engineering & Construction,16.0,48.0,27.0,14.0,1.7036,1.6957,1.11K,2.82K,35.76,19.0,387.31M,No,22.03,22.69,24.32,22.52,23.68,495
3089,RESGEN.BO,46.0,44.26,3.75K,Process Industries,Chemicals: Major Diversified,15.0,56.0,53.0,9.0,2.18,2.0921,17.62K,12.53K,88.0,41.0,964.85M,No,45.04,46.1,55.17,45.75,52.36,495
3090,AJANTSOY.BO,20.44,20.32,21.30K,Consumer Non-Durables,Food: Specialty/Candy,15.0,14.0,40.0,11.0,1.2186,1.2071,42.82K,40.26K,36.8,16.0,1.65B,No,22.09,22.66,23.87,22.63,22.76,495
3091,SHRIRAMPPS.NS,66.83,65.8,256.82K,Finance,Real Estate Development,15.0,22.0,7.0,26.0,2.1757,2.1757,429.75K,263.98K,99.44,60.57,11.40B,No,70.0,75.63,80.44,74.18,80.51,497
3092,GHCL.NS,386.25,388.05,86.16K,Process Industries,Textiles,15.0,21.0,33.0,15.0,10.6143,10.3893,136.14K,165.96K,667.2,382.1,35.59B,No,412.15,427.13,468.68,423.61,444.63,497
3093,SCODATUBES.NS,120.24,119.69,132.01K,Non-Energy Minerals,Steel,15.0,36.0,15.0,23.0,5.8607,5.5086,253.59K,366.84K,181.48,110.0,7.20B,No,127.43,131.92,138.86,131.02,137.74,336
3094,ANUBHAV.BO,49.99,45.2,4.80K,Non-Energy Minerals,Steel,15.0,85.0,52.0,,3.1457,2.2836,28.19K,11.68K,80.0,37.5,549.89M,No,44.65,47.67,,47.48,,73
3095,SCANSTL.NS,48.92,48.68,9.17K,Non-Energy Minerals,Steel,15.0,7.0,,,2.9807,2.9543,37.90K,32.19K,66.45,45.31,,No,51.47,,,,,37
3096,SANOFICONR.NS,3581.7,3600.5,5.79K,Health Technology,Pharmaceuticals: Major,15.0,17.0,11.0,13.0,102.1929,101.8286,7.73K,9.55K,5255.0,3540.0,82.61B,No,3896.08,4152.99,4405.25,4096.76,4446.63,496
3097,METROBRAND.NS,864.65,840.65,30.10K,Retail Trade,Apparel/Footwear Retail,15.0,30.0,17.0,25.0,28.3643,28.1,67.59K,45.14K,1250.0,807.0,235.70B,No,889.88,926.41,1011.57,915.62,985.39,496
3098,AGRITECH.NS,95.7,92.99,16.44K,Process Industries,Agricultural Commodities/Milling,15.0,52.0,24.0,20.0,5.6329,5.5686,2.76K,3.80K,187.19,85.55,568.46M,No,94.76,100.68,117.14,100.39,108.42,496
3099,SAMINDUS.BO,36.56,36.75,0.48K,Finance,Real Estate Development,15.0,53.0,18.0,30.0,1.1607,0.9264,0.44K,0.29K,65.2,34.01,405.39M,No,37.48,38.74,42.6,38.9,41.16,495
3100,JARO.NS,405.0,404.0,97.21K,Technology Services,Internet Software/Services,15.0,33.0,10.0,32.0,14.4286,14.3857,111.56K,107.23K,736.0,383.5,9.02B,No,439.94,448.1,472.24,444.62,471.91,253
3101,GOLDENTOBC.NS,21.74,22.08,2.76K,Finance,Real Estate Development,15.0,11.0,21.0,30.0,1.635,1.6343,2.20K,2.26K,35.89,20.34,384.38M,No,23.82,24.33,26.73,24.51,25.31,496
3102,IREDA.NS,104.4,103.8,3140.29K,Finance,Finance/Rental/Leasing,15.0,38.0,19.0,20.0,3.1964,3.0536,4722.52K,7324.32K,158.7,103.41,293.28B,No,110.17,114.2,123.96,113.64,121.68,497
3103,ISHANCH.NS,45.3,46.44,21.33K,Distribution Services,Wholesale Distributors,15.0,75.0,18.0,16.0,3.3043,3.2829,57.70K,16.38K,83.37,41.71,1.24B,No,47.91,47.57,56.33,47.37,54.25,382
3104,NAGTECH.BO,35.0,35.8,1.36K,Process Industries,Agricultural Commodities/Milling,15.0,34.0,27.0,7.0,1.515,1.23,6.17K,2.27K,57.41,32.85,1.07B,No,37.03,40.25,45.53,39.62,44.45,495
3105,ENIL.NS,90.15,91.51,9.98K,Consumer Services,Broadcasting,15.0,24.0,24.0,17.0,3.245,3.245,31.55K,17.05K,150.0,87.66,4.30B,No,97.15,100.74,108.32,99.87,106.68,496
3106,STRGRENWO.BO,17.58,18.5,0.06K,Finance,Real Estate Development,15.0,4.0,31.0,53.0,0.6557,0.3736,0.09K,0.40K,38.9,16.25,74.53M,No,19.68,21.01,22.31,20.76,20.17,496
3107,PIONEEREMB.NS,20.43,20.55,2.64K,Consumer Non-Durables,Apparel/Footwear,15.0,58.0,34.0,14.0,1.0214,1.0157,14.35K,5.21K,38.5,19.61,629.56M,No,21.05,22.03,24.66,21.68,23.6,497
3108,BAYERCROP.NS,3492.0,3381.6001,32.72K,Process Industries,Chemicals: Agricultural,15.0,17.0,23.0,7.0,81.85,80.0786,30.46K,41.53K,5149.9,3366.3,156.94B,No,3706.31,3940.0,4340.86,3885.05,4260.97,497
3109,SHIVAGR.BO,19.25,19.88,0.27K,Producer Manufacturing,Metal Fabrication,15.0,4.0,11.0,10.0,1.1743,1.0579,0.83K,3.31K,35.99,17.82,96.51M,No,21.76,23.21,24.21,22.7,23.28,495
3110,MBEL.NS,266.61,265.56,271.41K,Producer Manufacturing,Building Products,15.0,67.0,20.0,22.0,13.9986,13.9557,306.54K,965.74K,535.9,223.05,15.24B,No,257.56,269.04,305.1,266.67,289.79,291
3111,OVAL.BO,43.42,45.0,14.40K,Industrial Services,Engineering & Construction,15.0,25.0,14.0,28.0,1.3129,1.07,10.84K,13.76K,78.6,42.01,901.80M,No,46.92,51.05,54.3,50.08,52.23,270
3112,RAYALEMA.BO,25.43,24.58,0.13K,Consumer Services,Hotels/Resorts/Cruise Lines,15.0,18.0,29.0,31.0,1.8786,1.8443,1.42K,1.00K,47.4,22.1,504.33M,No,27.01,27.85,30.91,27.66,29.21,495
3113,NACDAC.BO,23.0,21.6,20.00K,Consumer Durables,Homebuilding,15.0,54.0,32.0,22.0,0.65,0.1486,6.92K,4.00K,44.04,20.0,242.08M,No,22.46,23.49,27.11,23.53,25.74,443
3114,MAHEPC.NS,97.86,98.16,12.75K,Producer Manufacturing,Trucks/Construction/Farm Machinery,15.0,48.0,17.0,24.0,3.4886,3.4886,29.29K,13.58K,152.7,91.91,2.74B,No,99.25,103.31,114.36,102.95,110.51,497
3115,SWADPOL.BO,32.95,32.79,3.91K,Process Industries,Textiles,15.0,23.0,34.0,29.0,1.7214,1.7171,3.63K,2.64K,64.75,27.0,1.29B,No,33.73,35.65,37.51,35.55,35.6,495
3116,SBGLP.NS,22.2,22.5,38.95K,Finance,Real Estate Development,15.0,39.0,32.0,19.0,1.9936,1.9679,84.40K,61.16K,40.9,18.35,3.85B,No,22.88,23.96,27.39,23.61,25.12,496
3117,AMITSEC.BO,34.97,34.97,0.01K,Commercial Services,Miscellaneous Commercial Services,15.0,20.0,4.0,3.0,1.2193,0.9643,0.30K,0.67K,67.16,27.21,248.29M,No,37.18,41.07,47.14,40.12,47.68,495
3118,BLS.NS,216.23,215.08,400.86K,Technology Services,Data Processing Services,15.0,29.0,38.0,7.0,6.2264,6.0857,1820.28K,636.00K,349.2,212.0,88.99B,No,224.18,240.41,263.81,239.66,253.83,497
3119,AJMERA.NS,116.92,115.77,216.72K,Finance,Real Estate Development,15.0,65.0,28.0,42.0,4.28,4.2657,336.67K,281.66K,221.4,98.03,23.01B,No,117.73,118.8,132.31,118.47,121.91,497
3120,SIEL.NS,29.95,31.5,0.40K,Process Industries,Containers/Packaging,15.0,63.0,,,1.1329,1.0507,1.87K,0.13K,44.54,28.1,414.81M,No,30.26,,,,,36
3121,INNOVISION.NS,252.1,252.85,9.77K,Transportation,Other Transportation,15.0,69.0,29.0,13.0,5.4143,5.4143,48.08K,11.91K,470.0,246.2,6.00B,No,255.01,264.8,,260.56,,136
3122,RUSTOMJEE.NS,361.2,359.0,43.13K,Finance,Real Estate Development,15.0,72.0,24.0,27.0,14.0214,13.875,205.23K,130.82K,625.05,331.9,45.63B,No,358.2,370.17,416.01,366.48,388.21,496
3123,SALORAINTL.BO,25.29,23.68,0.08K,Electronic Technology,Telecommunications Equipment,15.0,74.0,26.0,20.0,1.8914,1.5443,1.02K,0.29K,46.32,23.15,222.74M,No,25.26,26.52,30.3,26.26,28.66,495
3124,NATPLAS.BO,37.63,37.5,2.64K,Producer Manufacturing,Miscellaneous Manufacturing,15.0,31.0,22.0,19.0,2.4521,2.3979,2.71K,3.30K,60.24,36.27,343.55M,No,39.45,40.22,45.19,39.96,42.87,495
3125,MORGAN.BO,42.3,42.75,1.27K,Finance,Financial Conglomerates,15.0,26.0,43.0,29.0,1.7157,1.6086,1.61K,0.82K,87.0,35.0,418.72M,No,43.34,44.53,52.88,44.27,46.97,495
3126,SAFECURE.BO,25.0,25.41,1.20K,Commercial Services,Miscellaneous Commercial Services,14.0,87.0,55.0,19.0,1.7514,1.3914,7.49K,21.00K,81.6,18.65,251.00M,No,22.2,22.26,28.25,22.44,25.47,227
3127,TIINDIA.NS,2213.0,2241.0,841.25K,Non-Energy Minerals,Steel,14.0,7.0,7.0,15.0,79.6643,79.35,345.07K,516.57K,3335.2,2164.9,428.38B,No,2478.12,2665.75,2731.67,2619.95,2810.93,497
3128,MARUTI.NS,11420.0,11228.0,353.16K,Consumer Durables,Motor Vehicles,14.0,26.0,18.0,18.0,224.5,211.5714,394.65K,500.29K,17370.0,11225.0,3590.48B,No,11947.45,12935.24,13855.33,12688.0,13144.7,497
3129,GODREJPROP.NS,1550.0,1534.0,295.28K,Finance,Real Estate Development,14.0,5.0,5.0,30.0,38.7286,37.9072,665.08K,443.73K,2352.0,1434.0,466.90B,No,1659.59,1878.62,1825.69,1839.11,1817.65,497
3130,BNAGROCHEM.NS,179.56,199.39,7.31K,Process Industries,Agricultural Commodities/Milling,14.0,8.0,,,14.3993,14.0236,27.15K,82.24K,249.0,179.46,17.56B,No,209.24,,,,,37
3131,SFSL.BO,69.85,65.0,19.50K,Producer Manufacturing,Industrial Conglomerates,14.0,4.0,28.0,7.0,1.1857,1.0429,5.55K,19.20K,143.46,59.25,145.85M,No,66.19,74.28,88.8,72.46,82.52,495
3132,MCLOUD.NS,24.5,24.3,1351.62K,Technology Services,Information Technology Services,14.0,45.0,21.0,35.0,0.9436,0.9314,2887.15K,2053.61K,78.19,19.4,14.43B,No,24.96,26.92,25.99,26.64,26.34,412
3133,CINDHO.BO,43.68,45.97,0.03K,Consumer Services,Hotels/Resorts/Cruise Lines,14.0,18.0,20.0,15.0,1.815,1.2936,0.09K,0.10K,68.49,42.52,157.25M,No,46.33,49.93,52.66,49.15,51.27,496
3134,HEMIPROP.NS,110.35,109.24,231.82K,Finance,Real Estate Development,14.0,19.0,13.0,25.0,3.225,3.1757,308.33K,322.35K,163.85,108.15,31.46B,No,116.56,125.64,133.5,124.11,132.01,497
3135,INNOVATORS.BO,113.9,107.5,8.00K,Process Industries,Industrial Specialties,14.0,53.0,46.0,16.0,4.9464,4.2536,16.01K,8.48K,234.6,102.0,2.15B,No,114.04,115.6,139.53,115.86,126.08,495
3136,ZWELCAST.BO,598.45,600.0,0.04K,Non-Energy Minerals,Construction Materials,14.0,32.0,27.0,21.0,12.5929,6.7964,0.11K,0.01K,1060.0,590.1,381.91M,No,618.16,634.93,702.39,626.1,677.35,495
3137,VASCONEQ.NS,30.68,30.34,254.58K,Industrial Services,Engineering & Construction,14.0,76.0,47.0,23.0,1.9764,1.915,493.85K,1299.99K,74.59,26.75,7.13B,No,31.88,31.62,35.93,31.72,33.68,497
3138,NEXOME.BO,85.91,83.38,0.28K,Finance,Investment Banks/Brokers,14.0,11.0,6.0,39.0,6.8036,6.7664,1.59K,2.77K,148.0,68.6,922.29M,No,90.64,104.21,100.72,102.23,105.04,495
3139,NSDL.BO,741.35,737.2,337.00K,Finance,Savings Banks,14.0,30.0,29.0,14.0,11.6429,11.6214,436.75K,423.82K,1198.0,733.1,148.27B,No,771.64,797.54,879.31,794.82,836.47,290
3140,KARMAENG.NS,33.99,34.51,7.37K,Utilities,Electric Utilities,14.0,31.0,28.0,20.0,2.0129,2.0129,8.60K,5.26K,66.25,33.91,393.26M,No,38.04,38.41,42.31,38.6,41.67,496
3141,IPL.NS,128.95,130.03,111.08K,Process Industries,Chemicals: Agricultural,14.0,51.0,17.0,25.0,3.57,3.5286,673.67K,173.14K,207.72,125.0,14.85B,No,132.97,137.89,153.09,136.53,148.78,497
3142,RADIANTCMS.NS,33.54,33.45,88.75K,Commercial Services,Miscellaneous Commercial Services,14.0,5.0,31.0,16.0,1.125,1.125,274.50K,117.07K,57.01,32.33,3.58B,No,35.52,37.07,40.5,36.72,38.52,497
3143,POEL.NS,124.85,128.25,23.79K,Process Industries,Chemicals: Specialty,14.0,13.0,,,7.3436,7.3407,30.20K,35.95K,168.97,123.75,3.85B,No,137.77,,,,,37
3144,UFO.NS,55.49,54.9,39.27K,Consumer Services,Movies/Entertainment,14.0,11.0,13.0,16.0,2.4064,2.4064,35.39K,27.66K,92.97,53.75,2.15B,No,59.28,63.5,70.48,62.77,67.71,496
3145,ATHENAGLO.BO,54.92,52.5,0.07K,Technology Services,Information Technology Services,14.0,76.0,33.0,19.0,2.8171,2.4114,2.58K,0.70K,92.35,49.5,807.96M,No,53.79,55.21,66.71,54.68,61.75,495
3146,ROHLTD.NS,287.55,294.9,54.28K,Consumer Services,Hotels/Resorts/Cruise Lines,14.0,40.0,31.0,21.0,9.7464,9.4964,20.33K,14.36K,521.95,269.4,7.89B,No,301.34,304.86,336.13,304.51,320.59,496
3147,RALLIS.NS,198.06,195.76,351.63K,Process Industries,Chemicals: Agricultural,14.0,55.0,27.0,10.0,3.4757,3.4079,948.39K,455.11K,305.6,193.4,38.52B,No,200.7,207.33,240.45,206.01,229.33,497
3148,CONTPTR.BO,71.0,73.99,0.89K,Energy Minerals,Oil Refining/Marketing,14.0,30.0,28.0,17.0,4.1536,3.8986,2.08K,1.05K,125.0,65.0,601.22M,No,73.72,76.43,87.19,75.45,83.67,495
3149,LEXGLOBAL.BO,124.0,123.8,0.20K,Finance,Financial Conglomerates,14.0,36.0,1.0,56.0,6.685,4.415,0.32K,0.83K,232.2,80.45,1.24B,No,111.81,152.62,157.72,145.29,158.33,496
3150,INDOFARM.NS,133.54,134.66,52.02K,Producer Manufacturing,Trucks/Construction/Farm Machinery,14.0,36.0,24.0,34.0,6.0486,5.8836,208.39K,110.03K,271.69,110.7,6.42B,No,136.65,141.77,147.74,140.13,140.83,435
3151,FLAIR.NS,220.52,224.44,40.24K,Producer Manufacturing,Office Equipment/Supplies,14.0,38.0,23.0,6.0,7.4021,7.4021,120.02K,72.81K,345.0,216.82,23.24B,No,233.13,243.05,285.13,240.41,274.4,496
3152,CLEDUCATE.NS,50.95,49.84,4.33K,Commercial Services,Miscellaneous Commercial Services,14.0,12.0,26.0,44.0,2.9279,2.8821,21.25K,28.44K,94.48,35.48,2.77B,No,55.43,58.24,56.94,57.97,53.05,496
3153,TEXELIN.BO,61.02,60.65,6.11K,Consumer Durables,Home Furnishings,14.0,57.0,23.0,15.0,3.7579,3.5429,12.26K,11.64K,100.95,55.98,859.85M,No,63.64,65.57,72.74,64.53,69.4,495
3154,BDL.NS,1075.9,1050.5,889.90K,Electronic Technology,Aerospace & Defense,14.0,13.0,13.0,17.0,31.0929,29.6143,1253.15K,943.00K,1633.4,1047.7,394.38B,No,1130.55,1234.83,1311.4,1230.24,1276.33,497
3155,VMM.NS,97.5,97.0,6697.01K,Retail Trade,Apparel/Footwear Retail,14.0,42.0,18.0,18.0,3.1671,2.9721,12877.44K,12495.81K,149.82,96.6,456.72B,No,101.53,105.13,116.05,103.53,111.86,449
3156,ALPA.NS,56.99,56.38,10.21K,Health Technology,Pharmaceuticals: Major,14.0,25.0,21.0,15.0,2.3243,2.3243,19.34K,32.50K,93.85,46.1,1.20B,No,59.54,62.44,66.71,61.8,65.03,496
3157,STARCEMENT.NS,168.46,169.65,120.00K,Non-Energy Minerals,Construction Materials,14.0,13.0,18.0,12.0,4.645,4.5071,241.64K,158.71K,273.0,166.5,68.09B,No,183.85,190.94,208.87,189.75,206.61,496
3158,NFL.NS,61.74,61.34,500.45K,Process Industries,Chemicals: Agricultural,14.0,17.0,21.0,18.0,1.5479,1.4543,645.96K,594.15K,98.3,61.15,30.29B,No,65.72,69.0,75.02,68.32,72.25,497
3159,OCEANIC.BO,47.79,47.03,1.58K,Consumer Non-Durables,Food: Specialty/Candy,14.0,15.0,25.0,15.0,2.6379,2.5543,3.48K,5.30K,78.14,46.52,537.64M,No,49.66,52.26,58.75,52.84,56.42,495
3160,GEMAROMA.NS,148.11,146.56,37.52K,Process Industries,Chemicals: Major Diversified,14.0,32.0,5.0,36.0,6.1893,6.1893,102.51K,54.73K,254.0,133.0,7.74B,No,154.89,166.36,170.69,163.1,168.07,278
3161,SPMLINFRA.NS,152.18,153.72,237.11K,Industrial Services,Engineering & Construction,14.0,13.0,12.0,16.0,6.5136,6.28,200.01K,173.68K,245.4,150.0,12.81B,No,164.45,178.02,185.89,175.19,189.13,497
3162,INDIAMART.NS,1606.8,1602.7,65.55K,Retail Trade,Internet Retail,14.0,49.0,21.0,10.0,36.5429,36.4714,118.86K,60.85K,2525.9,1565.1,96.63B,No,1635.15,1706.94,1985.64,1698.09,1895.84,497
3163,SALZERELEC.NS,497.25,510.3,59.70K,Producer Manufacturing,Electrical Products,14.0,26.0,16.0,22.0,14.9571,14.8036,47.34K,31.02K,952.5,488.8,8.79B,No,536.5,555.45,608.03,552.15,597.55,497
3164,WAAREEENER.NS,2323.0,2317.0,348.77K,Electronic Technology,Semiconductors,13.0,26.0,13.0,8.0,60.3214,59.4357,661.55K,549.30K,3718.8,2281.8,668.21B,No,2454.02,2572.93,2868.89,2569.59,2893.73,484
3165,HERANBA.NS,162.05,162.05,42.46K,Process Industries,Chemicals: Agricultural,13.0,41.0,33.0,21.0,8.2521,8.1814,96.81K,381.27K,327.0,155.38,6.48B,No,170.4,171.95,194.25,171.93,183.87,497
3166,PRIYALT.BO,18.0,18.11,0.06K,Distribution Services,Electronics Distributors,13.0,31.0,9.0,6.0,0.8171,0.4279,0.12K,0.25K,34.65,16.73,54.04M,No,20.21,21.11,22.11,20.71,22.76,496
3167,MEDPLUS.NS,625.3,631.9,109.81K,Retail Trade,Drugstore Chains,13.0,44.0,8.0,7.0,12.6464,12.4286,204.09K,102.64K,1022.2,619.1,75.09B,No,652.41,667.4,797.02,666.58,786.17,496
3168,BLT.BO,27.0,29.0,1.60K,Transportation,Trucking,13.0,71.0,40.0,32.0,0.2143,0.0,1.62K,0.18K,60.0,20.6,129.49M,No,28.8,27.97,32.28,27.64,28.9,287
3169,APCL.NS,89.1,92.87,10.43K,Non-Energy Minerals,Construction Materials,13.0,20.0,24.0,10.0,4.6064,4.5886,6.96K,4.13K,148.78,88.5,2.62B,No,95.29,99.49,114.2,98.56,107.11,496
3170,RCF.NS,104.44,103.5,560.73K,Process Industries,Chemicals: Agricultural,13.0,33.0,13.0,17.0,2.7,2.5664,1271.03K,1127.19K,157.2,103.1,57.62B,No,108.46,116.08,126.17,114.42,122.88,497
3171,SIGNATURE.NS,710.05,711.25,215.15K,Finance,Real Estate Development,13.0,26.0,21.0,21.0,30.1321,29.6107,406.01K,512.70K,1153.9,695.0,99.89B,No,750.35,779.33,851.56,773.68,796.63,496
3172,ASSOCER.BO,147.0,149.2,0.24K,Non-Energy Minerals,Construction Materials,13.0,11.0,30.0,11.0,3.6536,0.9929,0.07K,0.02K,244.0,140.0,300.58M,No,159.61,162.53,180.12,161.07,170.03,495
3173,BORORENEW.NS,430.4,430.1,158.00K,Process Industries,Industrial Specialties,13.0,10.0,3.0,38.0,14.8714,14.3107,506.94K,343.74K,721.0,374.4,63.35B,No,457.8,505.82,513.45,496.68,517.51,497
3174,DOLATALGO.NS,59.58,59.72,205.74K,Finance,Investment Banks/Brokers,13.0,8.0,19.0,13.0,2.4936,2.4936,138.39K,103.96K,95.76,58.36,10.49B,No,65.64,68.91,75.07,68.72,72.22,497
3175,ANDREWYU.NS,24.01,24.3,73.23K,Producer Manufacturing,Industrial Machinery,13.0,19.0,,,1.5464,1.545,101.94K,93.61K,31.35,23.36,11.74B,No,25.88,,,,,42
3176,GMDCLTD.NS,462.15,463.35,693.85K,Distribution Services,Wholesale Distributors,13.0,4.0,11.0,10.0,15.0929,14.2607,1062.51K,885.49K,771.9,458.05,146.96B,No,526.46,554.24,590.02,548.38,599.45,497
3177,GODREJCP.NS,860.5,865.0,619.09K,Consumer Non-Durables,Household/Personal Care,13.0,67.0,12.0,13.0,17.0893,16.7714,1514.24K,1080.61K,1273.9,832.6,880.69B,No,864.86,919.35,1058.18,903.58,999.11,497
3178,STERPOW.BO,22.84,22.43,1.32K,Electronic Technology,Semiconductors,13.0,2.0,1.0,58.0,1.6786,1.6779,5.43K,5.05K,43.0,16.9,120.20M,No,24.53,29.54,29.14,28.68,30.47,495
3179,VEDPOWER.NS,31.59,31.89,7091.96K,Utilities,Electric Utilities,13.0,34.0,8.0,,1.3457,1.3214,18781.17K,14651.65K,49.88,30.44,123.33B,No,32.23,34.31,,34.12,,82
3180,JISLDVREQS.NS,19.55,18.71,25.68K,Producer Manufacturing,Trucks/Construction/Farm Machinery,13.0,25.0,20.0,20.0,1.1129,1.1129,40.59K,16.64K,33.49,18.2,14.34B,No,20.01,20.94,22.99,20.86,22.31,496
3181,SPINAROO.BO,41.01,39.06,12.00K,Non-Energy Minerals,Aluminum,13.0,27.0,5.0,8.0,2.045,0.6493,5.37K,6.00K,72.35,26.6,286.82M,No,41.48,46.66,51.45,46.4,54.2,372
3182,PRSMJOHNSN.NS,97.47,96.87,232.41K,Non-Energy Minerals,Construction Materials,13.0,14.0,27.0,11.0,3.3671,3.3671,1921.18K,366.90K,165.9,94.68,49.06B,No,110.18,109.72,120.51,109.47,117.16,496
3183,IBINFO.BO,27.8,28.5,2.32K,Consumer Non-Durables,Food: Major Diversified,13.0,6.0,6.0,1.0,1.8921,1.7064,3.54K,3.65K,82.03,17.86,35.60M,No,30.1,35.7,45.77,34.81,46.71,497
3184,RELAXO.NS,286.0,281.8,70.45K,Consumer Non-Durables,Apparel/Footwear,13.0,11.0,5.0,48.0,8.6964,8.5536,1071.79K,108.78K,454.7,236.5,71.20B,No,297.27,347.85,346.76,338.24,336.32,497
3185,DBCORP.NS,172.95,167.39,64.10K,Consumer Services,Publishing: Newspapers,13.0,19.0,24.0,15.0,5.4857,5.485,198.67K,92.18K,280.55,166.1,30.83B,No,179.58,194.97,213.93,192.8,202.52,497
3186,JTEKTINDIA.NS,111.75,113.1,105.73K,Consumer Durables,Automotive Aftermarket,13.0,34.0,10.0,18.0,3.0186,2.9014,180.70K,83.84K,171.31,111.0,31.00B,No,116.63,125.1,133.3,122.92,129.82,497
3187,GOCOLORS.NS,292.75,296.9,105.54K,Consumer Non-Durables,Apparel/Footwear,13.0,22.0,26.0,50.0,12.0643,11.9964,220.47K,70.13K,698.0,237.05,15.40B,No,306.68,321.39,336.94,319.24,318.19,497
3188,CITADEL.BO,31.53,32.8,5.69K,Finance,Real Estate Development,13.0,10.0,35.0,11.0,2.6657,2.495,2.66K,2.40K,72.0,31.23,283.77M,No,35.8,36.14,38.52,36.06,38.11,495
3189,DENTA.NS,259.8,258.7,44.91K,Industrial Services,Engineering & Construction,13.0,37.0,6.0,46.0,8.5964,8.5893,205.26K,64.35K,456.0,222.0,6.94B,No,271.4,290.83,286.55,283.94,287.32,420
3190,CSBBANK.NS,300.35,301.75,336.96K,Finance,Major Banks,13.0,53.0,20.0,8.0,8.9321,8.8929,660.36K,376.48K,574.4,295.0,50.90B,No,317.68,323.31,374.09,320.51,348.9,497
3191,ROSSARI.NS,409.8,409.8,77.28K,Process Industries,Chemicals: Specialty,13.0,25.0,11.0,29.0,14.5679,14.1429,78.89K,66.59K,690.3,375.0,22.70B,No,434.54,470.56,500.46,464.27,487.49,497
3192,SRD.NS,36.8,37.21,47.18K,Distribution Services,Wholesale Distributors,13.0,40.0,39.0,17.0,1.4421,1.41,36.21K,18.88K,74.9,36.0,2.35B,No,38.87,39.11,45.8,38.76,40.66,495
3193,LAKESHORE.BO,61.88,62.0,1.14K,Process Industries,Agricultural Commodities/Milling,13.0,56.0,25.0,13.0,3.2614,3.0929,2.41K,2.46K,114.63,54.5,216.62M,No,61.43,68.47,71.85,66.91,68.46,495
3194,BGDL.BO,93.0,97.85,58.65K,Consumer Durables,Homebuilding,13.0,1.0,55.0,25.0,7.9393,6.4964,86.13K,59.59K,248.4,78.2,9.42B,No,132.18,114.43,110.6,117.29,108.11,495
3195,HITECH.NS,70.94,70.8,429.04K,Non-Energy Minerals,Steel,13.0,43.0,17.0,17.0,2.4093,2.2421,707.49K,1105.43K,120.8,69.85,14.38B,No,73.77,77.69,83.79,76.98,82.98,497
3196,BATAINDIA.NS,613.25,603.35,89.75K,Consumer Non-Durables,Apparel/Footwear,13.0,35.0,33.0,23.0,12.575,12.5643,367.17K,91.60K,1195.0,600.15,78.82B,No,627.4,671.84,738.21,667.43,686.4,497
3197,KPIGREEN.NS,325.3,323.25,802.40K,Utilities,Alternative Power Generation,13.0,88.0,14.0,13.0,23.1893,22.5571,1782.61K,2876.27K,542.25,271.9,64.30B,No,322.08,326.73,392.17,320.04,381.08,497
3198,ZENSARTECH.NS,448.55,441.8,1676.99K,Technology Services,Packaged Software,13.0,67.0,32.0,15.0,14.85,14.6036,3754.81K,1528.09K,822.0,416.15,101.80B,No,436.36,464.17,538.92,458.5,493.75,497
3199,ARIHANTSUP.NS,219.32,219.51,29.12K,Finance,Real Estate Development,13.0,44.0,20.0,36.0,12.6814,12.5657,17.40K,6.08K,439.65,188.8,9.49B,No,226.68,241.77,260.14,237.64,248.91,496
3200,JKAGRI.BO,278.4,288.0,0.24K,Process Industries,Agricultural Commodities/Milling,13.0,51.0,20.0,13.0,13.8357,12.8929,1.16K,0.53K,519.0,270.1,1.31B,No,290.31,294.28,326.64,292.54,315.83,495
3201,MUNCAPM.BO,94.77,94.77,0.00K,Finance,Investment Banks/Brokers,12.0,46.0,33.0,7.0,0.0,0.0,0.00K,0.00K,169.15,94.77,868.66M,No,95.52,98.21,115.9,97.23,107.3,494
3202,HUDCO.NS,159.75,156.99,1602.91K,Finance,Finance/Rental/Leasing,12.0,23.0,10.0,24.0,5.3271,5.2186,2148.49K,3175.96K,246.85,155.8,319.80B,No,168.29,180.73,196.12,178.38,193.25,497
3203,MITTALSTL.BO,27.95,26.0,6.00K,Non-Energy Minerals,Steel,12.0,88.0,52.0,32.0,0.8357,0.5514,5.32K,5.50K,114.4,22.63,323.31M,No,26.04,26.42,30.64,26.59,29.23,244
3204,EUROBOND.NS,134.13,134.54,1.69K,Non-Energy Minerals,Aluminum,12.0,14.0,11.0,16.0,7.4329,7.2271,6.01K,3.30K,225.89,126.3,3.29B,No,146.99,152.85,166.36,151.36,163.67,496
3205,SUMMITSEC.NS,1330.8,1305.0,2.40K,Miscellaneous,Investment Trusts,12.0,46.0,24.0,14.0,34.0,32.75,3.53K,2.73K,2495.0,1297.2,14.57B,No,1364.0,1415.83,1581.01,1406.98,1499.33,497
3206,INDOSTAR.NS,188.95,196.6,204.27K,Finance,Finance/Rental/Leasing,12.0,1.0,4.0,25.0,9.5564,9.5507,154.03K,167.12K,292.0,179.03,30.55B,No,219.06,237.46,229.84,233.88,230.76,497
3207,AIMCOPEST.BO,41.8,40.4,1.25K,Process Industries,Chemicals: Agricultural,12.0,17.0,12.0,29.0,2.4514,2.4464,2.98K,5.72K,74.78,36.0,408.91M,No,43.99,46.18,50.7,45.4,49.32,495
3208,BAJAJELEC.NS,298.0,290.05,87.54K,Consumer Durables,Electronics/Appliances,12.0,17.0,35.0,17.0,8.7607,8.4607,386.36K,138.30K,560.95,289.05,34.40B,No,315.38,333.73,364.61,332.42,343.15,497
3209,RAILTEL.NS,248.15,248.1,697.37K,Communications,Major Telecommunications,12.0,39.0,15.0,23.0,9.0107,8.65,822.50K,1196.45K,391.25,245.0,79.64B,No,258.26,272.16,306.13,269.83,293.28,497
3210,PAKKA.NS,70.84,71.69,40.75K,Process Industries,Pulp & Paper,12.0,25.0,49.0,12.0,2.8757,2.8286,170.37K,168.80K,153.3,68.66,3.38B,No,74.41,76.19,85.6,75.65,82.02,497
3211,NISUS.BO,182.5,181.8,8.00K,Finance,Financial Conglomerates,12.0,91.0,44.0,16.0,11.4679,10.8107,22.79K,26.88K,383.5,142.65,4.36B,No,163.83,168.61,213.45,164.94,189.12,452
3212,THRIVE.BO,78.42,80.7,1.14K,Consumer Non-Durables,Household/Personal Care,12.0,12.0,25.0,3.0,4.295,3.9779,3.43K,0.74K,149.45,61.0,887.68M,No,85.8,82.44,102.32,82.21,96.71,495
3213,ZSARACOM.NS,9900.0,9901.0,0.00K,Finance,Financial Conglomerates,12.0,17.0,,,369.5714,354.5,0.05K,0.03K,13418.0,9605.0,10.85B,No,10255.05,,,,,37
3214,HOWARHO.BO,18.02,18.02,0.01K,Consumer Services,Hotels/Resorts/Cruise Lines,12.0,66.0,19.0,11.0,1.1386,1.0336,0.92K,1.54K,29.6,16.74,164.22M,No,18.7,19.02,22.64,19.05,22.23,496
3215,CNINFOTECH.BO,75.03,76.0,9.60K,Technology Services,Information Technology Services,12.0,42.0,15.0,17.0,2.6586,2.5314,14.38K,14.08K,126.95,70.0,1.83B,No,78.07,82.49,91.31,80.9,88.73,420
3216,PIGL.NS,94.15,96.22,31.25K,Industrial Services,Engineering & Construction,12.0,61.0,18.0,16.0,3.8571,3.8571,70.09K,55.06K,184.8,88.05,1.99B,No,98.77,102.14,108.53,101.33,106.62,497
3217,LOYAL.BO,137.45,138.0,1.30K,Producer Manufacturing,Industrial Machinery,12.0,43.0,20.0,10.0,8.3714,8.3607,4.71K,3.37K,225.0,120.0,1.48B,No,138.26,146.04,167.18,144.51,161.69,495
3218,ROSELABS.BO,17.65,18.45,0.02K,Finance,Real Estate Development,12.0,2.0,16.0,7.0,1.41,1.2207,0.62K,0.42K,34.36,17.6,176.50M,No,20.66,21.33,21.84,20.99,21.65,495
3219,RACE.NS,103.4,101.06,33.75K,Process Industries,Textiles,12.0,82.0,42.0,8.0,9.6286,9.3821,43.68K,131.18K,240.0,84.11,1.78B,No,107.83,104.93,114.3,104.06,111.29,496
3220,DHANUKA.NS,860.0,893.35,124.88K,Process Industries,Chemicals: Specialty,12.0,13.0,18.0,19.0,26.4536,26.4536,30.46K,26.47K,1504.9,851.0,38.34B,No,945.03,980.22,1047.24,971.0,1024.57,496
3221,INDBANK.NS,25.58,25.14,30.20K,Finance,Investment Banks/Brokers,12.0,35.0,8.0,12.0,0.9979,0.9957,47.84K,29.40K,44.78,24.21,1.14B,No,25.85,29.21,32.93,28.8,31.78,497
3222,INDIACEM.NS,297.45,294.6,140.02K,Non-Energy Minerals,Construction Materials,12.0,8.0,11.0,12.0,11.1607,11.0821,240.56K,197.66K,485.8,289.2,138.27B,No,322.17,354.04,393.89,348.4,375.65,497
3223,PATANJALI.NS,360.45,355.0,1762.60K,Process Industries,Agricultural Commodities/Milling,12.0,81.0,29.0,10.0,14.1,14.0357,5951.00K,3816.60K,614.05,328.2,392.13B,No,369.98,358.36,442.81,357.6,407.81,497
3224,CUPIDALBV.BO,28.15,28.73,1230.65K,Finance,Financial Conglomerates,12.0,80.0,23.0,62.0,1.5043,0.9657,85.07K,177.40K,109.9,19.0,2.57B,No,23.94,25.92,31.03,25.64,28.27,495
3225,YASHHTEJ.BO,46.99,46.97,21.60K,Process Industries,Agricultural Commodities/Milling,12.0,22.0,57.0,5.0,1.9629,1.6129,13.80K,10.20K,97.1,34.74,1.08B,No,51.6,54.92,,54.3,57.48,153
3226,WANBURY.NS,196.42,194.2,356.33K,Health Technology,Pharmaceuticals: Major,12.0,3.0,2.0,18.0,12.7336,12.6843,500.39K,485.11K,358.85,161.5,6.87B,No,215.99,243.17,253.38,236.55,260.32,497
3227,RUPA.NS,124.74,124.14,139.34K,Consumer Non-Durables,Apparel/Footwear,12.0,17.0,6.0,32.0,4.235,4.1564,111.87K,147.65K,206.0,109.21,9.92B,No,133.21,144.99,148.84,142.94,147.9,496
3228,UVS.BO,78.97,76.4,3.15K,Distribution Services,Wholesale Distributors,12.0,69.0,20.0,24.0,5.1136,4.9757,23.27K,18.85K,161.95,72.55,3.01B,No,78.89,83.38,93.87,82.83,87.55,495
3229,NUCLEUS.NS,639.75,619.8,25.52K,Technology Services,Information Technology Services,12.0,21.0,24.0,8.0,18.3714,18.3714,31.64K,21.48K,1064.8,609.3,16.84B,No,667.45,698.66,784.32,696.59,746.58,496
3230,NITCO.NS,77.63,78.9,586.92K,Producer Manufacturing,Building Products,12.0,7.0,6.0,27.0,3.395,3.265,941.46K,578.52K,119.4,64.0,19.61B,No,86.82,92.67,91.94,90.81,95.74,496
3231,RADIXIND.BO,127.3,125.25,0.02K,Consumer Non-Durables,Consumer Sundries,12.0,19.0,22.0,4.0,4.0607,2.6214,0.16K,0.06K,226.4,125.25,1.91B,No,131.9,138.76,170.76,136.88,165.0,496
3232,MARATHON.NS,353.65,361.2,41.80K,Finance,Real Estate Development,12.0,3.0,27.0,12.0,14.975,14.8464,203.19K,66.37K,678.05,344.05,23.85B,No,400.29,399.2,440.28,396.1,420.66,497
3233,JUPITERIN.BO,40.17,39.48,5.23K,Technology Services,Packaged Software,12.0,84.0,5.0,4.0,2.635,2.5221,18.88K,8.81K,81.55,30.1,402.50M,No,39.29,41.52,49.3,40.57,52.51,495
3234,MUFTI.NS,68.61,68.26,50.66K,Retail Trade,Apparel/Footwear Retail,12.0,37.0,14.0,22.0,2.3036,2.2943,89.73K,75.95K,116.82,63.06,4.49B,No,71.51,75.65,83.37,74.96,79.73,497
3235,GVELECTRIC.BO,125.15,126.1,17.00K,Industrial Services,Engineering & Construction,12.0,37.0,,,6.6857,6.5536,123.97K,59.70K,165.9,122.0,1.41B,No,131.48,,,,,41
3236,NSBBPO.BO,59.85,59.85,2.00K,Commercial Services,Miscellaneous Commercial Services,12.0,39.0,33.0,9.0,0.3257,0.2271,1.71K,0.22K,127.5,58.41,1.20B,No,59.75,63.47,72.2,62.98,66.83,245
3237,MOIL.NS,234.96,229.58,383.10K,Non-Energy Minerals,Other Metals/Minerals,11.0,40.0,26.0,13.0,7.1979,6.945,1205.21K,429.58K,392.3,228.7,47.81B,No,240.58,255.49,294.1,251.4,280.0,497
3238,KEMISTAR.BO,45.77,46.74,0.47K,Process Industries,Chemicals: Agricultural,11.0,10.0,56.0,5.0,3.5393,3.5029,2.13K,1.59K,101.0,45.1,492.46M,No,48.49,49.76,60.64,49.63,55.79,495
3239,YATRA.NS,94.74,96.1,701.78K,Consumer Services,Other Consumer Services,11.0,7.0,20.0,29.0,4.2693,4.2114,1532.31K,861.13K,202.0,89.9,14.87B,No,103.78,108.75,119.46,107.89,106.97,497
3240,SUNTECK.NS,271.15,271.6,79.10K,Finance,Real Estate Development,11.0,32.0,19.0,21.0,7.5714,7.4821,238.29K,114.47K,472.5,266.1,39.82B,No,281.9,293.14,333.54,291.57,306.22,497
3241,CMBL.BO,51.55,51.08,0.04K,Finance,Regional Banks,11.0,90.0,68.0,63.0,1.6679,1.1929,0.24K,0.09K,414.3,38.81,3.27B,No,46.2,46.11,82.71,46.18,50.88,494
3242,BBTC.NS,1222.1,1224.6,54.72K,Consumer Non-Durables,Food: Major Diversified,11.0,6.0,14.0,17.0,38.1572,37.6786,322.61K,87.45K,2135.0,1205.5,85.27B,No,1382.58,1444.87,1568.12,1438.68,1482.45,497
3243,DCXINDIA.NS,150.41,153.51,685.22K,Producer Manufacturing,Electrical Products,11.0,13.0,8.0,22.0,5.4036,5.215,444.38K,269.96K,246.0,147.6,16.75B,No,160.78,169.75,182.22,167.79,182.62,497
3244,SGFRL.BO,81.99,78.5,0.75K,Industrial Services,Engineering & Construction,11.0,20.0,27.0,4.0,4.2336,3.5457,8.00K,8.32K,146.9,75.0,2.04B,No,84.34,91.53,105.03,90.35,99.06,496
3245,EMSLIMITED.NS,320.05,321.7,109.31K,Industrial Services,Engineering & Construction,11.0,9.0,4.0,50.0,11.0357,10.8214,510.01K,168.29K,559.2,256.05,17.77B,No,351.64,373.36,357.77,367.86,357.28,497
3246,BRADYM.BO,638.6,641.0,0.09K,Producer Manufacturing,Industrial Machinery,11.0,46.0,25.0,14.0,30.7714,29.6643,0.18K,0.16K,1240.0,621.0,1.44B,No,658.49,689.41,788.17,678.67,766.78,495
3247,POKARNA.NS,687.05,678.25,81.38K,Producer Manufacturing,Building Products,11.0,16.0,2.0,8.0,23.8964,23.5679,99.01K,67.94K,1146.2,675.1,21.30B,No,728.1,830.14,878.9,819.5,877.99,497
3248,KLRFM.BO,78.85,79.26,0.79K,Process Industries,Agricultural Commodities/Milling,11.0,39.0,13.0,9.0,5.2521,5.2521,3.57K,2.92K,130.8,75.0,712.92M,No,81.72,84.54,96.15,84.14,95.82,495
3249,LINC.NS,81.54,84.57,42.67K,Consumer Non-Durables,Consumer Sundries,11.0,6.0,8.0,15.0,3.5479,3.5157,26.26K,33.80K,133.38,81.0,4.85B,No,90.35,94.7,102.68,93.35,99.31,496
3250,VIPCLOTHNG.NS,20.14,19.97,8.31K,Consumer Non-Durables,Apparel/Footwear,11.0,66.0,21.0,18.0,1.0193,1.0186,52.62K,28.62K,37.55,14.05,1.82B,No,20.79,20.69,23.35,20.59,22.22,496
3251,CENLUB.BO,171.95,170.45,6.71K,Producer Manufacturing,Industrial Machinery,11.0,45.0,19.0,12.0,9.0071,8.9143,4.31K,3.69K,297.45,137.0,801.79M,No,172.4,185.31,206.01,182.55,201.53,495
3252,UPL.NS,488.45,481.05,1335.16K,Process Industries,Chemicals: Agricultural,11.0,9.0,18.0,10.0,14.7679,13.5464,2125.05K,2581.45K,812.2,476.45,412.88B,No,539.38,561.76,637.41,556.64,599.69,497
3253,GUJJUBHAI.BO,121.45,121.7,156.53K,Producer Manufacturing,Industrial Machinery,11.0,92.0,60.0,4.0,8.4143,8.4143,92.64K,73.51K,271.0,97.05,2.54B,No,113.57,120.09,165.0,119.51,142.95,495
3254,PANHR.BO,45.0,47.99,3.20K,Commercial Services,Personnel Services,11.0,41.0,28.0,22.0,1.8207,1.16,6.89K,4.16K,85.5,42.0,324.50M,No,44.77,50.04,,49.53,56.64,161
3255,BEARDSELL.NS,21.5,21.77,13.27K,Process Industries,Industrial Specialties,11.0,14.0,9.0,22.0,1.435,1.4321,21.61K,42.22K,37.37,20.02,847.90M,No,23.53,25.0,26.64,24.59,26.0,497
3256,ELECTHERM.NS,690.8,683.75,12.32K,Non-Energy Minerals,Steel,11.0,1.0,1.0,53.0,45.9857,44.775,22.31K,26.08K,1277.0,551.0,8.80B,No,837.69,939.98,869.86,923.75,898.02,497
3257,NEWGEN.NS,449.3,442.55,1046.90K,Technology Services,Packaged Software,11.0,16.0,28.0,41.0,16.5357,16.3929,2762.05K,771.00K,1041.95,401.05,63.51B,No,479.34,513.45,534.33,509.04,488.91,497
3258,REPRO.NS,294.0,295.95,17.68K,Commercial Services,Commercial Printing/Forms,11.0,34.0,15.0,14.0,21.3393,20.3714,31.17K,90.48K,590.0,276.1,4.22B,No,302.6,322.18,371.38,314.82,347.25,496
3259,KEERTHI.BO,39.01,39.51,0.05K,Non-Energy Minerals,Construction Materials,11.0,24.0,51.0,7.0,2.3343,2.19,0.89K,0.73K,75.0,34.5,312.73M,No,40.84,40.55,48.67,41.2,43.65,494
3260,CIFL.NS,20.07,20.17,169.22K,Finance,Finance/Rental/Leasing,11.0,67.0,35.0,12.0,1.5579,1.5521,141.16K,200.55K,39.69,18.56,7.85B,No,20.71,20.79,26.15,20.71,23.38,367
3261,JOSTS.BO,203.4,214.85,34.94K,Producer Manufacturing,Industrial Machinery,11.0,7.0,13.0,18.0,9.325,9.325,9.21K,6.34K,349.9,188.1,2.41B,No,220.89,224.25,246.36,222.77,236.81,495
3262,DUNCANENG.BO,301.5,300.0,0.33K,Producer Manufacturing,Industrial Machinery,11.0,25.0,13.0,11.0,16.4714,15.7714,1.70K,1.84K,539.0,283.05,1.11B,No,328.14,349.35,392.0,345.9,371.69,496
3263,BOMDYEING.NS,97.11,97.73,625.91K,Process Industries,Textiles,11.0,9.0,8.0,29.0,3.1914,3.1643,657.08K,394.41K,178.36,92.0,20.06B,No,106.56,111.97,118.05,111.03,117.16,497
3264,ITHL.BO,269.45,269.55,1.82K,Consumer Services,Other Consumer Services,11.0,54.0,16.0,17.0,10.0893,9.8714,2.28K,1.95K,495.0,265.0,2.15B,No,284.18,294.2,320.26,293.39,308.28,495
3265,SRAMSET.BO,251.2,250.5,5.31K,Finance,Investment Managers,11.0,37.0,27.0,11.0,15.6643,15.6643,3.48K,3.48K,519.0,241.5,4.30B,No,259.59,275.59,306.34,272.99,291.67,495
3266,ATAM.NS,54.05,54.91,5.66K,Producer Manufacturing,Industrial Machinery,11.0,60.0,12.0,26.0,2.7143,2.7071,16.58K,8.13K,111.0,48.5,619.58M,No,56.47,58.02,67.19,56.62,63.96,497
3267,BHATEXT.BO,20.97,20.97,1.70K,Process Industries,Textiles,11.0,2.0,3.0,4.0,0.2486,0.0,0.09K,0.20K,34.77,20.97,122.82M,No,23.4,26.83,30.03,26.2,28.94,494
3268,KHAICHEM.NS,48.13,47.6,55.11K,Process Industries,Chemicals: Agricultural,11.0,30.0,44.0,22.0,1.7579,1.7579,200.37K,146.96K,132.9,42.92,4.67B,No,49.72,52.06,56.86,52.15,53.11,497
3269,GOLDTECH.NS,40.0,40.8,5.55K,Technology Services,Information Technology Services,11.0,7.0,2.0,43.0,1.55,1.2193,21.59K,12.92K,70.0,29.68,2.09B,No,43.44,47.75,45.89,46.86,46.29,496
3270,GTPL.NS,55.39,54.56,12.09K,Communications,Specialty Telecommunications,11.0,49.0,36.0,21.0,2.1071,2.0129,73.04K,27.17K,118.25,50.85,6.23B,No,55.98,56.32,66.8,56.33,61.52,497
3271,EFCIL.NS,169.35,167.07,165.94K,Distribution Services,Wholesale Distributors,11.0,28.0,31.0,20.0,5.6114,5.6043,302.85K,208.64K,316.45,165.59,25.05B,No,176.65,185.35,211.31,183.72,188.9,282
3272,GANVERSE.BO,23.01,22.67,6.25K,Finance,Real Estate Development,11.0,47.0,5.0,15.0,1.125,1.0229,16.03K,18.88K,37.5,16.6,,No,24.04,25.26,26.39,24.81,26.19,495
3273,DAIKAFFI.BO,43.95,44.98,3.06K,Process Industries,Chemicals: Specialty,11.0,38.0,43.0,37.0,1.6964,1.4714,4.98K,3.94K,129.75,28.48,263.70M,No,46.64,45.67,47.8,45.95,44.25,495
3274,APTPACK.BO,69.5,67.95,0.18K,Producer Manufacturing,Miscellaneous Manufacturing,11.0,73.0,41.0,0.0,5.5243,5.3793,6.70K,0.92K,198.35,55.5,821.04M,No,67.3,67.55,105.73,67.83,105.52,496
3275,VAHH.BO,48.0,48.0,2.00K,Process Industries,Chemicals: Major Diversified,10.0,13.0,8.0,,1.1407,0.5136,8.77K,2.40K,73.98,45.0,398.68M,No,51.1,51.47,,51.92,,82
3276,TEAMLEASE.NS,1068.0,1076.9,23.27K,Commercial Services,Personnel Services,10.0,9.0,10.0,27.0,41.3429,41.3429,27.16K,19.96K,1872.2,1056.0,16.32B,No,1175.26,1222.4,1322.24,1215.79,1283.6,496
3277,RAMSONS.BO,79.61,76.0,2.29K,Finance,Investment Banks/Brokers,10.0,69.0,23.0,20.0,7.2814,6.9493,0.67K,1.24K,448.85,59.35,239.35M,No,80.41,83.33,93.97,81.94,89.56,495
3278,INA.NS,79.67,79.73,564.31K,Electronic Technology,Semiconductors,10.0,10.0,2.0,14.0,3.8193,3.7957,993.35K,465.06K,161.81,78.0,17.57B,No,87.81,94.44,,92.8,111.28,146
3279,SILVERTUC.NS,131.18,125.98,1135.85K,Technology Services,Packaged Software,10.0,5.0,6.0,48.0,9.0593,8.9864,526.27K,302.32K,1117.45,100.5,16.63B,No,145.02,170.4,191.66,165.37,163.04,497
3280,LIBERTSHOE.NS,210.31,210.18,13.07K,Consumer Non-Durables,Apparel/Footwear,10.0,37.0,9.0,13.0,8.4679,8.4564,62.56K,18.78K,344.0,209.0,3.58B,No,221.9,236.42,249.83,233.83,247.06,496
3281,JWL.NS,214.4,216.43,684.14K,Producer Manufacturing,Trucks/Construction/Farm Machinery,10.0,19.0,21.0,12.0,7.7664,7.2386,1280.92K,3534.10K,358.25,213.2,91.63B,No,227.43,241.63,272.94,238.66,259.63,497
3282,SWIGGY.NS,234.2,234.95,9757.45K,Transportation,Air Freight/Couriers,10.0,9.0,26.0,19.0,9.8964,9.6786,20984.61K,11451.69K,459.95,232.4,613.60B,No,260.79,272.9,288.57,268.44,266.49,472
3283,NISMGMT.BO,40.8,40.0,1.20K,Commercial Services,Miscellaneous Commercial Services,10.0,24.0,22.0,25.0,1.3664,1.1443,6.60K,12.12K,103.0,36.2,807.84M,No,41.99,44.82,53.73,45.12,48.07,272
3284,INDERGR.BO,19.32,20.33,0.12K,Finance,Finance/Rental/Leasing,10.0,7.0,7.0,8.0,0.5886,0.485,0.51K,0.14K,35.44,15.38,97.78M,No,21.0,24.79,24.38,23.59,23.72,493
3285,MEDIASSIST.NS,301.15,295.2,96.23K,Finance,Investment Managers,10.0,29.0,22.0,17.0,12.2179,11.9893,210.50K,269.92K,575.55,291.25,22.50B,No,313.14,334.09,366.01,330.93,347.32,497
3286,STANLEY.NS,128.34,127.29,49.91K,Consumer Durables,Home Furnishings,10.0,36.0,18.0,40.0,6.2964,6.2964,114.41K,173.28K,303.75,123.0,7.33B,No,135.73,139.42,156.17,137.88,144.39,497
3287,SOMICONVEY.NS,82.42,82.84,3.56K,Producer Manufacturing,Miscellaneous Manufacturing,10.0,24.0,21.0,12.0,3.6464,3.6464,34.03K,15.56K,162.2,80.16,1.00B,No,89.12,90.8,102.49,90.54,99.41,497
3288,VJTFEDU.BO,63.77,61.07,0.28K,Consumer Services,Other Consumer Services,10.0,29.0,30.0,8.0,3.1893,2.9936,0.25K,0.03K,127.95,54.61,1.12B,No,68.81,69.63,79.03,69.76,75.35,495
3289,HEIDELBERG.NS,124.27,125.48,196.73K,Non-Energy Minerals,Construction Materials,10.0,2.0,12.0,15.0,3.3943,3.3464,141.91K,189.66K,206.7,123.76,28.16B,No,137.11,149.72,157.33,148.02,152.28,497
3290,SKFINDIA.NS,1398.8,1407.7,32.26K,Producer Manufacturing,Metal Fabrication,10.0,30.0,33.0,26.0,39.3143,38.7571,78.93K,52.78K,5074.0,1393.2,69.15B,No,1498.91,1531.36,1635.4,1529.78,1585.11,497
3291,UNICK.BO,37.76,37.76,0.02K,Commercial Services,Miscellaneous Commercial Services,10.0,14.0,15.0,18.0,0.7479,0.3857,0.20K,0.07K,67.85,37.74,207.11M,No,41.24,43.54,46.35,43.51,44.3,493
3292,TOUCHWOOD.NS,59.68,58.54,0.24K,Commercial Services,Miscellaneous Commercial Services,10.0,60.0,27.0,18.0,2.8107,2.6864,1.54K,1.50K,113.0,57.0,661.33M,No,60.32,62.13,74.95,61.71,67.68,496
3293,INTENTECH.NS,79.75,82.44,8.93K,Technology Services,Information Technology Services,10.0,69.0,15.0,11.0,4.4164,4.275,33.38K,32.36K,145.0,66.3,1.86B,No,81.08,81.46,96.74,81.79,91.54,496
3294,MANRAJH.BO,34.0,34.0,0.00K,Finance,Finance/Rental/Leasing,10.0,67.0,12.0,7.0,0.0,0.0,0.32K,0.32K,58.8,31.39,170.00M,No,34.0,34.88,41.55,34.17,38.73,493
3295,SERVOTECH.NS,69.05,68.56,375.99K,Producer Manufacturing,Electrical Products,10.0,16.0,4.0,27.0,2.4279,2.3529,625.53K,510.55K,128.98,57.51,15.59B,No,71.86,78.06,83.07,76.95,86.39,497
3296,ACC.NS,1133.0,1130.1,118.15K,Non-Energy Minerals,Construction Materials,10.0,23.0,17.0,14.0,24.2429,23.7214,154.88K,169.23K,1987.0,1124.6,212.76B,No,1212.81,1275.96,1432.87,1264.02,1335.65,497
3297,ZEEL.NS,69.97,68.37,14217.24K,Consumer Services,Broadcasting,10.0,4.0,5.0,26.0,2.4779,2.4593,26062.89K,13990.34K,118.35,68.0,67.21B,No,75.7,89.37,91.03,87.39,92.45,497
3298,JISLJALEQS.NS,27.02,27.02,2216.85K,Producer Manufacturing,Trucks/Construction/Farm Machinery,10.0,14.0,22.0,20.0,1.1957,1.1814,3680.73K,4732.02K,55.79,26.11,19.82B,No,28.66,28.94,32.66,28.8,30.76,497
3299,VERITAS.BO,140.15,139.3,2.19K,Distribution Services,Wholesale Distributors,10.0,14.0,9.0,35.0,4.4321,4.4321,3.54K,2.76K,329.2,132.2,3.76B,No,153.29,161.72,168.37,159.8,164.8,495
3300,ANNAPURNA.NS,125.14,124.0,34.44K,Consumer Non-Durables,Food: Specialty/Candy,10.0,22.0,48.0,4.0,6.0793,6.0793,61.20K,41.74K,287.0,120.75,2.73B,No,131.17,140.61,158.94,140.19,146.02,496
3301,MADALA.BO,153.5,154.15,0.91K,Technology Services,Information Technology Services,10.0,7.0,11.0,12.0,11.9286,10.925,0.62K,0.93K,279.65,145.0,2.27B,No,173.42,183.3,197.14,182.18,188.44,495
3302,SAURASHCEM.NS,49.25,49.68,96.27K,Non-Energy Minerals,Construction Materials,10.0,17.0,34.0,19.0,2.0179,2.0143,302.20K,122.03K,107.0,47.65,5.48B,No,52.87,56.55,62.44,56.12,58.28,496
3303,PANELEC.BO,26.99,25.0,0.11K,Electronic Technology,Electronic Components,10.0,69.0,55.0,4.0,2.1393,1.9321,1.31K,0.55K,65.0,21.73,107.96M,No,26.58,26.32,31.88,25.95,28.25,495
3304,ICONIKSPEV.BO,33.2,33.32,5.66K,Commercial Services,Miscellaneous Commercial Services,10.0,13.0,45.0,25.0,2.1786,2.0136,29.90K,14.58K,79.1,28.2,1.12B,No,33.57,35.49,42.3,35.05,37.29,495
3305,SWSOLAR.NS,162.12,160.09,815.47K,Industrial Services,Engineering & Construction,10.0,18.0,3.0,30.0,6.3343,5.8936,1235.04K,974.78K,260.8,148.0,37.86B,No,173.06,187.61,199.05,184.06,198.24,497
3306,SEVL.BO,34.0,33.05,1.20K,Consumer Durables,Motor Vehicles,10.0,51.0,26.0,6.0,2.205,1.9329,11.01K,18.36K,82.12,28.0,420.20M,No,35.41,35.91,48.09,35.95,42.43,315
3307,UNIENTER.NS,87.2,86.39,0.76K,Producer Manufacturing,Industrial Conglomerates,10.0,39.0,15.0,26.0,2.8121,2.8121,9.21K,4.00K,158.0,85.05,12.13B,No,89.29,92.91,107.05,92.06,99.57,497
3308,FOODSIN.NS,48.69,47.69,52.09K,Consumer Non-Durables,Food: Specialty/Candy,10.0,14.0,14.0,15.0,1.8707,1.8707,92.66K,67.44K,87.9,44.0,3.58B,No,52.23,53.6,58.28,53.76,56.16,496
3309,INCAP.BO,71.0,71.0,0.50K,Electronic Technology,Electronic Components,10.0,7.0,5.0,14.0,2.47,1.7664,0.46K,0.48K,121.5,64.0,364.46M,No,80.88,85.25,86.25,83.33,89.42,495
3310,KRANTI.BO,50.95,49.32,15.56K,Producer Manufacturing,Auto Parts: Oem,10.0,79.0,9.0,29.0,3.7521,3.68,19.11K,8.75K,94.99,43.26,650.14M,No,47.21,48.55,60.07,48.14,56.03,495
3311,MIDWESTLTD.NS,990.05,989.8,32.74K,Non-Energy Minerals,Construction Materials,9.0,33.0,7.0,9.0,60.7822,58.3607,28.66K,77.73K,1859.9,860.0,35.80B,No,970.23,1068.94,1273.81,1045.33,1198.84,238
3312,ALLTIME.NS,179.55,175.43,253.58K,Producer Manufacturing,Miscellaneous Manufacturing,9.0,9.0,8.0,16.0,8.44,8.44,98.31K,131.38K,314.7,170.63,11.76B,No,198.29,206.33,228.83,204.62,221.23,285
3313,SAFARI.NS,1319.6,1289.3,20.71K,Consumer Durables,Other Consumer Specialties,9.0,12.0,15.0,20.0,42.4786,42.4786,36.32K,35.33K,2507.1,1283.8,64.66B,No,1438.98,1481.79,1660.52,1474.03,1521.83,496
3314,SPL.BO,19.1,19.0,1.60K,Process Industries,Containers/Packaging,9.0,7.0,24.0,18.0,0.7543,0.5686,27.45K,10.08K,41.1,15.75,371.84M,No,21.24,21.97,23.54,21.93,21.78,495
3315,COMRADE.BO,27.4,27.4,10.00K,Producer Manufacturing,Industrial Machinery,9.0,2.0,67.0,17.0,0.4714,0.0,3.82K,1.30K,105.0,20.54,213.14M,No,32.05,36.83,38.95,35.75,34.2,496
3316,CASPIAN.BO,33.87,34.29,5.27K,Commercial Services,Personnel Services,9.0,62.0,46.0,38.0,1.4221,1.41,2.87K,4.08K,83.0,28.82,428.79M,No,34.1,34.27,41.41,34.49,35.89,496
3317,TOKYOPLAST.NS,68.1,69.89,0.16K,Producer Manufacturing,Miscellaneous Manufacturing,9.0,14.0,14.0,29.0,3.2779,3.2321,1.31K,1.00K,135.0,53.86,647.05M,No,74.26,76.52,85.89,75.68,80.65,496
3318,ATISHAY.BO,134.0,136.1,1.03K,Technology Services,Information Technology Services,9.0,26.0,3.0,3.0,6.1464,6.0143,4.09K,1.36K,235.0,120.15,1.48B,No,139.52,150.36,185.83,148.69,183.25,495
3319,MIRZAINT.NS,27.27,27.44,41.94K,Consumer Non-Durables,Apparel/Footwear,9.0,20.0,3.0,22.0,0.8521,0.8521,236.76K,86.13K,43.3,24.95,3.77B,No,28.72,30.74,32.96,30.26,31.85,497
3320,STARDELTA.BO,420.5,418.05,0.48K,Producer Manufacturing,Electrical Products,9.0,36.0,4.0,17.0,19.9536,19.9536,2.58K,1.58K,718.8,392.55,1.26B,No,441.88,486.53,536.91,481.03,547.13,495
3321,REGENCERAM.NS,30.83,30.86,7.41K,Producer Manufacturing,Building Products,9.0,25.0,12.0,5.0,3.125,3.0329,17.62K,33.80K,54.99,29.65,815.19M,No,33.05,33.91,40.69,33.56,38.52,497
3322,TTML.NS,32.89,32.95,1506.14K,Communications,Specialty Telecommunications,9.0,25.0,13.0,14.0,1.2071,1.1757,4099.87K,12449.48K,59.59,31.22,64.30B,No,35.01,36.99,41.37,36.58,40.03,497
3323,ALPHALOGIC.BO,37.7,38.77,1.66K,Commercial Services,Miscellaneous Commercial Services,9.0,43.0,32.0,15.0,2.4143,2.3793,4.23K,5.21K,84.0,32.5,2.36B,No,39.61,40.39,46.66,40.31,46.36,495
3324,RSSOFTWARE.NS,28.53,28.66,12.85K,Technology Services,Packaged Software,9.0,61.0,21.0,48.0,1.6807,1.6793,25.34K,19.36K,75.25,21.93,736.96M,No,30.13,30.46,34.93,30.39,32.21,497
3325,RAJESH.BO,732.85,746.35,16.70K,Industrial Services,Engineering & Construction,9.0,25.0,23.0,11.0,24.45,24.45,27.37K,22.50K,1624.95,705.0,13.20B,No,755.73,796.17,880.25,787.87,850.95,456
3326,TARACHAND.NS,46.05,46.11,33.47K,Finance,Finance/Rental/Leasing,9.0,55.0,19.0,9.0,1.81,1.81,99.18K,54.58K,103.67,45.02,3.63B,No,46.87,48.55,59.03,47.78,54.62,496
3327,CIANAGRO.BO,986.55,998.0,28.11K,Process Industries,Agricultural Commodities/Milling,9.0,1.0,1.0,72.0,50.6071,49.5929,46.54K,45.52K,3633.15,643.6,27.61B,No,1144.87,1303.94,1361.43,1271.34,1376.23,495
3328,FIBERWEB.NS,25.63,25.63,12.25K,Producer Manufacturing,Industrial Conglomerates,9.0,63.0,19.0,5.0,1.4421,1.4421,23.49K,15.22K,46.5,25.07,737.93M,No,26.39,27.06,32.99,26.9,30.79,496
3329,ROLCOEN.BO,450.0,472.3,0.15K,Producer Manufacturing,Metal Fabrication,9.0,14.0,20.0,3.0,8.8036,0.0,0.06K,0.03K,771.65,450.0,340.20M,No,513.45,524.49,594.09,515.84,574.29,495
3330,WSI.NS,53.74,52.89,27.30K,Producer Manufacturing,Electrical Products,9.0,24.0,16.0,6.0,2.505,2.4807,58.45K,30.82K,95.0,50.1,4.08B,No,55.92,58.51,69.28,58.62,65.05,496
3331,SANINFRA.BO,46.76,47.27,0.73K,Distribution Services,Wholesale Distributors,9.0,41.0,38.0,6.0,2.66,2.6386,3.93K,3.30K,95.9,38.88,738.84M,No,50.11,50.05,60.97,49.77,57.15,497
3332,VEEFIN.BO,241.75,243.25,8.00K,Technology Services,Packaged Software,9.0,82.0,8.0,20.0,19.45,18.9929,42.32K,21.48K,403.0,211.05,6.17B,No,250.61,254.67,293.16,249.92,284.6,495
3333,CONTILI.BO,17.61,17.96,5.50K,Distribution Services,Food Distributors,9.0,15.0,10.0,3.0,1.2071,1.1514,4.11K,4.24K,42.0,17.35,272.46M,No,19.05,19.73,22.97,19.62,22.75,495
3334,SULA.NS,130.96,130.58,126.86K,Process Industries,Agricultural Commodities/Milling,9.0,22.0,29.0,13.0,3.0036,2.9343,425.31K,172.97K,264.3,130.0,11.06B,No,134.26,144.9,164.65,141.75,153.85,497
3335,KSCL.NS,676.8,679.0,123.50K,Process Industries,Agricultural Commodities/Milling,9.0,37.0,11.0,9.0,38.675,38.5679,581.45K,1310.45K,1095.9,669.3,34.54B,No,718.46,748.58,847.88,744.4,836.56,497
3336,ODIGMA.NS,20.71,20.67,5.39K,Technology Services,Internet Software/Services,9.0,43.0,29.0,12.0,0.8557,0.8557,14.46K,12.07K,43.93,20.0,647.36M,No,21.18,22.08,25.18,22.07,23.94,452
3337,ZMILGFIN.BO,41.08,41.49,14.83K,Finance,Financial Conglomerates,9.0,31.0,55.0,2.0,3.0779,3.0779,101.89K,194.94K,93.63,35.36,884.91M,No,42.8,44.44,51.67,44.61,49.01,495
3338,TMPV.NS,279.9,273.0,6472.73K,Consumer Durables,Motor Vehicles,9.0,31.0,19.0,18.0,7.6821,7.3857,9572.81K,13330.35K,688.6,272.2,1030.87B,No,292.4,312.9,343.07,308.49,335.04,497
3339,SOMATEX.NS,75.55,76.71,3.55K,Process Industries,Textiles,9.0,19.0,2.0,10.0,3.805,3.785,12.37K,6.38K,161.25,73.0,2.57B,No,80.11,85.73,102.21,83.67,95.28,496
3340,AMBUJACEM.NS,351.5,341.0,2612.50K,Non-Energy Minerals,Construction Materials,9.0,18.0,15.0,12.0,10.0179,9.3464,2157.57K,2430.80K,588.75,341.0,873.41B,No,375.69,400.47,452.15,396.07,421.15,497
3341,BELDING.BO,913.35,882.3,3.07K,Producer Manufacturing,Metal Fabrication,9.0,32.0,2.0,3.0,46.8214,44.7393,43.24K,20.91K,2400.0,844.85,13.22B,No,963.67,982.7,1419.8,981.45,1260.51,496
3342,HAPPSTMNDS.NS,306.1,300.2,639.00K,Technology Services,Data Processing Services,9.0,19.0,12.0,13.0,7.7357,7.4786,1927.70K,500.45K,531.0,299.0,46.00B,No,314.39,363.38,381.06,360.97,368.63,497
3343,NVENTURES.BO,77.9,78.8,2.25K,Distribution Services,Wholesale Distributors,9.0,47.0,6.0,6.0,1.4036,0.7107,11.96K,1.17K,156.5,64.5,363.79M,No,81.91,83.72,100.02,83.22,97.9,496
3344,NIDHGRN.BO,236.6,248.9,0.58K,Finance,Investment Banks/Brokers,9.0,32.0,2.0,59.0,18.6036,17.8464,2.43K,12.51K,480.75,181.45,1.89B,No,243.2,269.39,321.14,266.9,307.22,496
3345,SUZLON.NS,37.6,36.43,57510.74K,Producer Manufacturing,Electrical Products,9.0,6.0,4.0,20.0,1.1779,1.1671,56113.42K,59931.75K,61.5,36.31,516.87B,No,40.87,44.59,48.81,43.87,49.31,497
3346,NOVAAGRI.NS,21.94,21.95,21.31K,Process Industries,Chemicals: Agricultural,9.0,46.0,43.0,7.0,0.9979,0.9979,49.24K,42.48K,51.99,18.12,1.98B,No,22.6,23.49,27.72,23.32,25.11,496
3347,EVERESTO.BO,240.65,242.0,0.52K,Distribution Services,Medical Distributors,9.0,20.0,10.0,45.0,19.8929,19.3071,1.53K,1.76K,536.4,197.0,2.34B,No,241.7,271.62,310.24,264.49,266.2,495
3348,GARWAOFFS.BO,39.99,40.85,20.85K,Industrial Services,Oilfield Services/Equipment,9.0,20.0,17.0,12.0,2.8721,2.8721,14.87K,23.36K,84.95,31.36,1.23B,No,42.67,45.76,48.38,45.7,46.52,495
3349,JAICORPLTD.NS,86.03,86.52,328.88K,Process Industries,Containers/Packaging,8.0,16.0,10.0,16.0,3.4829,3.37,349.52K,466.50K,173.4,84.21,15.10B,No,92.38,97.63,109.15,96.66,105.82,497
3350,SJVN.NS,55.27,54.24,4370.88K,Utilities,Electric Utilities,8.0,8.0,11.0,12.0,1.5079,1.5007,2063.21K,3294.30K,91.36,53.66,217.20B,No,61.14,64.42,71.24,63.64,69.74,497
3351,NBCC.NS,74.46,74.0,3701.88K,Commercial Services,Miscellaneous Commercial Services,8.0,13.0,7.0,18.0,2.1386,2.0193,5839.62K,5674.60K,125.85,73.9,201.04B,No,80.01,85.98,95.29,84.75,92.38,497
3352,SRTL.NS,36.2,36.8,14.08K,Process Industries,Textiles,8.0,54.0,39.0,10.0,1.4821,1.4821,36.90K,16.31K,73.36,35.75,1.45B,No,37.47,38.47,,38.1,41.68,150
3353,SPENCERS.NS,27.45,27.11,17.01K,Retail Trade,Food Retail,8.0,40.0,11.0,27.0,1.3129,1.2971,43.68K,40.96K,56.54,24.38,2.47B,No,27.87,29.61,33.86,29.04,32.75,497
3354,DREAMFOLKS.NS,59.61,59.41,32.55K,Transportation,Other Transportation,8.0,32.0,26.0,10.0,2.0186,2.0186,50.49K,44.95K,160.0,56.0,3.18B,No,63.03,65.86,77.51,65.5,70.49,497
3355,FORTISMLR.BO,40.02,40.46,5.54K,Health Services,Hospital/Nursing Management,8.0,24.0,10.0,10.0,1.4914,1.4807,6.47K,7.96K,69.68,39.05,750.05M,No,41.74,45.42,51.84,44.51,50.01,495
3356,ALSL.BO,42.45,42.76,141.12K,Finance,Investment Banks/Brokers,8.0,84.0,2.0,9.0,4.3607,4.2907,25.68K,29.34K,79.3,38.07,1.98B,No,48.01,51.57,58.71,49.78,59.93,495
3357,PIIND.NS,2118.2,2100.0,119.11K,Process Industries,Chemicals: Specialty,8.0,19.0,16.0,8.0,66.0143,60.4785,263.52K,254.06K,3832.9,2100.0,321.34B,No,2290.11,2447.05,2837.2,2402.66,2698.71,497
3358,ITCONS.BO,233.65,238.75,12.20K,Commercial Services,Personnel Services,8.0,9.0,40.0,17.0,17.3964,16.8393,34.37K,22.36K,620.0,225.2,2.10B,No,261.35,276.1,326.39,275.26,300.91,495
3359,TOLINS.NS,86.89,86.56,16.50K,Consumer Durables,Automotive Aftermarket,8.0,43.0,19.0,17.0,3.5407,3.4421,41.48K,60.70K,197.69,83.04,3.43B,No,88.11,93.62,106.8,91.89,99.84,497
3360,SYNGENE.NS,347.4,346.0,379.59K,Commercial Services,Miscellaneous Commercial Services,8.0,23.0,19.0,23.0,10.8,10.7143,985.10K,366.94K,678.95,344.45,139.62B,No,371.12,389.06,449.54,385.05,415.28,497
3361,SAGCEM.NS,142.51,144.37,36.50K,Non-Energy Minerals,Construction Materials,8.0,42.0,12.0,11.0,4.7986,4.7986,48.50K,34.39K,256.64,140.1,18.63B,No,148.77,158.88,178.78,156.84,170.38,496
3362,INTELLECT.NS,584.1,567.35,1238.79K,Technology Services,Packaged Software,8.0,9.0,9.0,20.0,23.0857,22.3429,408.92K,297.91K,1244.6,564.05,81.49B,No,632.46,673.11,740.7,663.77,701.1,497
3363,TIRUMALCHM.NS,142.72,142.84,157.72K,Process Industries,Chemicals: Specialty,8.0,26.0,25.0,10.0,6.6193,6.5621,587.84K,340.39K,293.75,141.4,17.21B,No,153.49,158.46,183.83,156.34,174.95,496
3364,IRFC.NS,74.7,74.3,10145.97K,Finance,Finance/Rental/Leasing,8.0,30.0,20.0,9.0,1.7829,1.7179,7972.99K,12195.66K,137.17,74.06,976.22B,No,78.8,83.18,98.45,82.43,91.55,497
3365,FRUTION.BO,25.75,26.92,0.01K,Finance,Investment Banks/Brokers,8.0,1.0,8.0,5.0,1.8043,1.6314,1.47K,4.06K,48.43,25.75,118.45M,No,29.41,36.57,35.9,35.09,34.92,496
3366,MAPMYINDIA.NS,873.1,874.7,87.11K,Commercial Services,Miscellaneous Commercial Services,8.0,25.0,15.0,33.0,34.1964,33.3964,383.09K,120.00K,1998.0,795.0,47.81B,No,887.44,965.54,1064.87,935.2,943.13,497
3367,DECPO.BO,23.62,23.62,2.84K,Process Industries,Containers/Packaging,8.0,84.0,5.0,5.0,0.3621,0.1643,0.19K,0.33K,43.4,20.28,49.96M,No,23.55,24.86,30.98,23.98,30.81,493
3368,DMR.BO,27.1,27.51,5.85K,Industrial Services,Engineering & Construction,8.0,48.0,26.0,8.0,1.5636,1.0629,8.78K,12.29K,60.0,24.05,281.65M,No,29.78,28.21,34.8,28.17,32.07,497
3369,IGCL.NS,55.09,55.61,348.21K,Process Industries,Chemicals: Agricultural,8.0,2.0,9.0,22.0,3.6236,3.5907,150.23K,198.61K,111.4,49.46,3.48B,No,61.31,68.34,67.17,66.6,64.93,315
3370,TATAELXSI.NS,3130.0,2996.0,627.76K,Technology Services,Information Technology Services,8.0,23.0,24.0,6.0,86.0642,84.4,318.62K,267.62K,5950.0,2996.0,195.00B,No,3216.7,3487.37,4237.25,3456.41,3871.65,497
3371,WILLAMAGOR.NS,20.18,19.91,3.93K,Finance,Financial Conglomerates,8.0,9.0,9.0,11.0,1.7657,1.7593,3.05K,4.93K,36.9,19.6,221.10M,No,22.8,24.09,26.52,23.83,25.6,496
3372,DCAL.NS,149.68,146.66,133.74K,Health Technology,Pharmaceuticals: Major,8.0,12.0,9.0,32.0,5.4393,5.425,284.55K,180.60K,303.0,128.5,23.47B,No,161.5,173.28,188.23,171.24,176.06,497
3373,NDTV.NS,63.79,64.35,66.85K,Consumer Services,Broadcasting,8.0,16.0,9.0,22.0,2.1464,2.1386,101.47K,61.18K,111.99,58.75,7.20B,No,69.33,72.7,79.29,72.26,76.27,497
3374,RAMINFO.BO,42.31,42.77,1.28K,Technology Services,Packaged Software,8.0,55.0,36.0,6.0,2.3343,2.2393,5.28K,4.36K,99.5,42.0,346.52M,No,43.57,43.8,52.69,44.14,48.24,495
3375,CLENON.BO,36.69,36.69,0.53K,Producer Manufacturing,Electrical Products,8.0,25.0,8.0,3.0,0.59,0.2879,0.33K,0.09K,62.96,36.69,401.40M,No,39.91,41.93,50.28,41.24,46.86,494
3376,DRONACHRYA.BO,30.44,30.61,32.00K,Electronic Technology,Aerospace & Defense,8.0,39.0,9.0,16.0,1.3993,1.1579,30.71K,34.90K,65.4,28.97,730.21M,No,31.99,33.74,36.87,33.47,36.49,495
3377,BYKE.NS,29.88,29.5,64.81K,Consumer Services,Hotels/Resorts/Cruise Lines,8.0,41.0,30.0,11.0,1.4593,1.4543,30.09K,30.87K,68.68,26.25,1.56B,No,29.91,31.42,38.33,30.98,33.75,496
3378,PRECAM.NS,111.2,109.92,103.15K,Producer Manufacturing,Auto Parts: Oem,8.0,31.0,8.0,19.0,5.4643,5.4221,142.29K,141.16K,198.79,103.98,10.56B,No,115.4,125.65,141.3,123.42,138.52,497
3379,SHARMEH.BO,82.1,81.35,0.05K,Health Services,Hospital/Nursing Management,8.0,30.0,17.0,13.0,4.825,4.5886,0.32K,0.28K,172.9,80.15,269.60M,No,87.97,92.97,102.67,92.12,98.87,495
3380,GREENPANEL.NS,153.78,154.17,121.91K,Non-Energy Minerals,Forest Products,8.0,48.0,15.0,11.0,5.845,5.5636,322.24K,251.15K,314.0,148.51,18.86B,No,159.55,167.01,196.02,163.36,186.5,497
3381,VPRPL.NS,27.11,27.4,326.65K,Industrial Services,Engineering & Construction,8.0,1.0,64.0,6.0,1.5479,1.5193,631.70K,638.98K,100.42,23.94,3.39B,No,31.48,32.51,38.12,32.38,33.85,497
3382,ASHAPURMIN.NS,470.8,469.35,168.34K,Non-Energy Minerals,Other Metals/Minerals,8.0,11.0,6.0,26.0,18.8071,18.5857,454.75K,329.13K,924.9,455.1,44.97B,No,510.95,574.56,637.12,560.06,612.14,497
3383,HRHYGIENE.BO,62.75,59.0,4.80K,Consumer Non-Durables,Household/Personal Care,8.0,55.0,,,2.8207,2.0964,124.62K,18.88K,89.99,57.0,1.43B,No,62.78,,,66.91,,46
3384,ARDEE.NS,47.87,48.96,1904.73K,Non-Energy Minerals,Other Metals/Minerals,8.0,16.0,,,2.3714,2.2943,8649.34K,2462.25K,73.19,46.5,15.09B,No,50.02,,,,,41
3385,TIRUSTA.BO,115.5,114.2,0.74K,Consumer Non-Durables,Food: Specialty/Candy,8.0,8.0,6.0,10.0,9.9464,9.4286,0.99K,1.17K,198.0,112.5,1.11B,No,125.11,135.96,146.17,131.64,137.59,495
3386,NAPL.BO,75.27,74.75,22.83K,Consumer Non-Durables,Food: Specialty/Candy,8.0,3.0,5.0,48.0,7.9393,7.4786,65.53K,54.51K,152.5,60.5,797.26M,No,87.42,92.54,97.94,92.55,90.79,497
3387,DBREALTY.NS,84.98,84.72,786.71K,Finance,Real Estate Development,7.0,8.0,7.0,19.0,4.0229,3.9807,911.31K,931.46K,161.2,83.44,46.09B,No,94.84,102.74,109.81,101.55,107.91,497
3388,SWANCORP.NS,261.5,260.25,1028.04K,Utilities,Electric Utilities,7.0,44.0,17.0,13.0,10.3714,10.2643,1766.46K,874.93K,493.6,254.4,81.97B,No,285.57,294.23,343.6,291.67,311.44,497
3389,ORIENTCEM.NS,111.62,110.08,220.82K,Non-Energy Minerals,Construction Materials,7.0,18.0,15.0,13.0,3.3964,3.3743,327.64K,313.90K,224.73,109.29,22.93B,No,119.94,127.4,141.92,126.17,133.55,497
3390,AFCONS.NS,242.04,242.11,326.38K,Industrial Services,Engineering & Construction,7.0,13.0,14.0,13.0,6.7907,6.6514,1893.70K,423.78K,479.4,225.35,89.02B,No,252.34,268.37,308.63,265.55,295.92,479
3391,IRCON.NS,104.56,103.29,1953.17K,Industrial Services,Engineering & Construction,7.0,22.0,13.0,11.0,4.6671,4.3707,2990.44K,12730.67K,186.44,101.6,98.34B,No,108.35,117.89,137.89,116.63,129.96,497
3392,GICL.NS,21.88,21.05,323.01K,Transportation,Trucking,7.0,21.0,83.0,1.0,1.34,1.2964,206.80K,135.02K,52.4,15.61,2.45B,No,23.14,22.65,33.49,23.2,28.43,496
3393,BAJAJINDEF.NS,203.47,199.24,14.31K,Producer Manufacturing,Trucks/Construction/Farm Machinery,7.0,34.0,18.0,10.0,8.8943,8.8943,23.19K,13.26K,433.2,197.0,6.51B,No,213.64,220.21,260.4,219.03,245.04,402
3394,OMINFRAL.NS,69.59,68.86,43.31K,Industrial Services,Engineering & Construction,7.0,9.0,8.0,10.0,3.1129,3.1129,130.82K,67.80K,134.7,67.39,6.70B,No,77.07,82.08,86.71,80.66,85.88,496
3395,SHREE.BO,44.65,44.65,2.50K,Distribution Services,Wholesale Distributors,7.0,9.0,25.0,21.0,0.6936,0.4093,3.16K,1.50K,105.0,40.0,154.49M,No,45.82,47.66,60.11,46.52,53.98,495
3396,GANESHCP.NS,152.08,150.66,280.52K,Process Industries,Agricultural Commodities/Milling,7.0,23.0,14.0,8.0,7.2143,7.2143,189.83K,265.72K,307.4,144.5,6.15B,No,159.17,163.84,186.6,162.96,181.97,254
3397,SHALBY.NS,131.84,130.42,51.03K,Health Services,Hospital/Nursing Management,7.0,17.0,9.0,22.0,6.0629,6.0071,85.15K,102.33K,257.7,125.82,14.18B,No,138.81,149.21,161.99,146.83,156.48,497
3398,DUROPLY.BO,101.5,99.35,0.60K,Non-Energy Minerals,Forest Products,7.0,41.0,26.0,5.0,5.7014,5.2179,5.53K,2.63K,205.0,96.25,1.10B,No,104.65,103.87,131.07,103.61,121.16,495
3399,INDAGIV.BO,37.24,38.0,0.02K,Technology Services,Information Technology Services,7.0,84.0,23.0,24.0,0.6014,0.1493,0.07K,0.02K,83.34,34.12,113.84M,No,37.91,39.7,51.4,39.24,44.69,495
3400,GARWAMAR.BO,17.32,17.74,1.15K,Producer Manufacturing,Trucks/Construction/Farm Machinery,7.0,23.0,13.0,6.0,1.4857,1.4857,4.13K,3.55K,36.5,16.52,99.87M,No,18.33,19.45,22.84,19.3,21.66,495
3401,PRIMAINNO.BO,26.27,26.5,4.18K,Producer Manufacturing,Miscellaneous Manufacturing,7.0,28.0,,,2.1307,2.08,20.20K,4.88K,40.95,22.6,288.98M,No,26.81,,,29.35,,44
3402,CENTRUM.NS,19.58,19.44,132.21K,Finance,Investment Managers,7.0,14.0,13.0,5.0,1.1371,1.1371,335.15K,397.29K,35.9,18.71,9.29B,No,20.91,22.63,24.27,22.48,23.84,497
3403,KISAN.BO,20.0,20.26,152.04K,Producer Manufacturing,Miscellaneous Manufacturing,7.0,9.0,12.0,5.0,0.6421,0.6129,67.14K,41.55K,42.4,19.5,2.39B,No,22.06,23.16,27.82,23.17,28.21,495
3404,NEXXUS.BO,64.5,66.0,2.40K,Non-Energy Minerals,Construction Materials,7.0,8.0,40.0,1.0,1.7286,0.5357,1.05K,1.60K,122.0,63.55,448.30M,No,71.18,75.2,86.16,75.12,83.17,495
3405,RONI.BO,33.0,33.9,3.60K,Distribution Services,Wholesale Distributors,7.0,88.0,23.0,11.0,0.21,0.1321,8.22K,0.40K,72.0,19.15,379.27M,No,34.37,32.6,42.07,32.77,39.47,497
3406,MTNL.NS,22.91,22.81,656.03K,Communications,Major Telecommunications,7.0,26.0,11.0,15.0,1.0986,1.0829,1555.75K,6043.06K,44.67,21.26,14.43B,No,23.68,25.59,29.1,25.45,27.92,497
3407,ASHOKA.NS,102.02,101.4,518.67K,Industrial Services,Engineering & Construction,7.0,21.0,10.0,18.0,2.9871,2.9386,2330.46K,558.84K,214.5,100.31,28.64B,No,109.24,113.36,129.93,112.09,121.3,497
3408,JKLAKSHMI.NS,467.3,470.0,121.01K,Non-Energy Minerals,Construction Materials,7.0,41.0,20.0,9.0,13.6893,13.4929,196.75K,178.26K,884.95,461.45,58.01B,No,496.38,525.72,626.72,522.04,577.66,497
3409,SEMAC.NS,230.16,217.81,1.21K,Producer Manufacturing,Trucks/Construction/Farm Machinery,7.0,4.0,5.0,23.0,13.3536,12.6971,0.76K,1.70K,503.0,205.0,717.48M,No,255.62,281.04,288.95,276.86,297.53,496
3410,INDOUS.NS,73.96,72.75,10.13K,Process Industries,Agricultural Commodities/Milling,7.0,42.0,23.0,5.0,3.6193,3.6193,17.49K,8.07K,159.0,70.0,1.48B,No,77.24,79.75,101.1,79.12,91.28,496
3411,CMSINFO.NS,213.85,214.35,542.83K,Finance,Investment Managers,7.0,26.0,17.0,7.0,6.2157,6.2071,855.83K,562.77K,393.3,210.5,34.23B,No,226.05,243.35,288.75,239.26,272.79,497
3412,GLOBALVECT.NS,126.24,124.2,3.64K,Industrial Services,Oilfield Services/Equipment,7.0,27.0,11.0,6.0,6.0793,6.005,12.11K,5.42K,248.0,123.0,1.77B,No,131.2,143.41,164.61,140.42,157.84,496
3413,V2RETAIL.NS,154.5,154.87,1967.48K,Retail Trade,Apparel/Footwear Retail,7.0,0.0,4.0,11.0,9.3193,8.0436,1377.10K,3999.19K,259.25,151.0,56.34B,No,199.81,211.72,213.02,209.6,213.99,497
3414,ANIRIT.BO,36.25,38.15,3.24K,Process Industries,Textiles,7.0,12.0,9.0,8.0,1.6443,1.63,1.44K,2.12K,98.89,33.25,652.50M,No,39.77,41.94,47.19,40.85,48.47,493
3415,MEHSECU.BO,22.05,21.0,1.30K,Finance,Investment Banks/Brokers,7.0,79.0,46.0,3.0,0.3,0.225,0.05K,0.17K,54.0,20.0,68.12M,No,21.25,22.01,30.32,21.79,26.19,494
3416,HINDAPL.BO,76.65,73.0,0.00K,Process Industries,Textiles,7.0,3.0,3.0,27.0,2.78,2.3857,0.11K,0.09K,238.0,69.35,768.49M,No,81.39,94.74,103.61,92.26,98.1,494
3417,OLYMPTX.BO,22.31,22.16,1.52K,Process Industries,Textiles,7.0,17.0,6.0,11.0,2.15,2.1493,3.54K,3.04K,41.85,21.25,134.39M,No,23.62,26.4,29.8,25.63,28.6,495
3418,CALCOM.BO,60.77,62.06,0.37K,Producer Manufacturing,Electrical Products,7.0,8.0,18.0,7.0,4.5707,4.5686,4.75K,1.85K,147.5,60.3,849.89M,No,66.02,70.62,84.07,69.47,75.89,495
3419,CRIZAC.NS,162.94,159.97,127.08K,Technology Services,Internet Software/Services,7.0,46.0,16.0,10.0,7.0257,7.0157,328.42K,186.70K,333.0,159.02,28.51B,No,174.08,175.99,210.93,174.64,195.1,311
3420,WEL.NS,75.54,75.25,134.92K,Electronic Technology,Electronic Equipment/Instruments,7.0,86.0,6.0,39.0,2.915,2.7014,3473.39K,275.46K,183.53,68.01,10.12B,No,73.73,99.87,113.51,95.9,99.53,497
3421,PIONRINV.NS,56.5,59.47,23.21K,Finance,Investment Banks/Brokers,7.0,0.0,,,2.9986,2.35,2.02K,3.76K,88.99,56.5,694.78M,No,75.68,,,,,37
3422,URAVIDEF.NS,103.0,101.99,3.84K,Producer Manufacturing,Electrical Products,7.0,28.0,29.0,7.0,1.5221,1.415,6.77K,1.01K,258.0,100.0,1.17B,No,105.76,109.09,136.12,108.5,119.64,496
3423,BLUECOAST.NS,21.27,20.63,0.96K,Consumer Services,Hotels/Resorts/Cruise Lines,7.0,54.0,11.0,40.0,1.5479,1.5479,1.86K,2.06K,55.72,18.57,418.58M,No,21.4,22.9,26.45,22.79,25.86,496
3424,CURAA.NS,70.94,69.38,0.04K,Technology Services,Information Technology Services,6.0,29.0,44.0,4.0,3.4564,3.0043,0.56K,0.17K,204.26,60.0,702.31M,No,73.2,72.57,87.93,73.02,84.68,496
3425,BALAJEE.NS,23.6,23.77,19.97K,Process Industries,Containers/Packaging,6.0,37.0,17.0,11.0,1.3121,1.3057,35.91K,31.38K,54.48,21.1,1.93B,No,24.94,26.01,30.04,25.92,28.16,496
3426,INTLCOMBQ.BO,419.3,428.2,0.34K,Producer Manufacturing,Trucks/Construction/Farm Machinery,6.0,6.0,3.0,29.0,20.5429,19.5607,1.64K,1.34K,847.0,346.0,1.00B,No,463.74,488.82,506.85,483.2,498.15,495
3427,COARO.BO,19.8,19.8,0.10K,Transportation,Trucking,6.0,6.0,9.0,6.0,0.5593,0.1707,0.06K,0.04K,39.5,19.8,82.10M,No,23.32,25.09,29.46,23.89,27.21,494
3428,SHRIGANG.BO,51.45,50.93,3.57K,Consumer Non-Durables,Food: Specialty/Candy,6.0,27.0,10.0,3.0,2.4564,2.4564,18.84K,17.21K,103.8,49.0,1.09B,No,53.35,58.84,70.33,57.67,68.62,495
3429,MHRIL.NS,188.02,187.23,137.04K,Consumer Services,Other Consumer Services,6.0,31.0,14.0,8.0,5.1464,5.1464,135.99K,83.80K,346.25,184.91,37.92B,No,195.83,209.26,247.32,207.57,227.37,497
3430,BIKAJI.NS,472.05,468.65,120.32K,Consumer Non-Durables,Food: Specialty/Candy,6.0,4.0,6.0,8.0,22.9464,22.1929,239.29K,384.19K,768.5,464.5,118.36B,No,534.5,581.3,640.17,572.41,624.14,497
3431,ROUTE.NS,416.7,414.8,149.17K,Communications,Major Telecommunications,6.0,6.0,9.0,20.0,13.4571,13.0893,835.15K,124.19K,769.45,410.7,26.25B,No,457.48,491.77,535.05,482.08,505.82,497
3432,BPL.NS,42.21,42.5,22.28K,Electronic Technology,Telecommunications Equipment,6.0,14.0,5.0,25.0,2.0393,2.0371,50.97K,58.91K,78.98,37.61,2.07B,No,45.26,48.75,53.56,47.72,51.34,497
3433,GARNET.BO,46.0,45.15,8.56K,Finance,Real Estate Development,6.0,13.0,3.0,2.0,2.805,2.7436,4.55K,3.59K,116.0,44.8,639.50M,No,48.65,54.61,72.76,52.8,70.43,495
3434,ANUP.NS,1488.2,1498.2,17.64K,Producer Manufacturing,Industrial Machinery,6.0,12.0,3.0,15.0,54.5857,53.7857,34.63K,24.30K,2479.9,1422.3,29.81B,No,1614.84,1774.49,1919.59,1717.86,1918.03,497
3435,ASTRAZEN.NS,5837.0,5719.5,8.98K,Health Technology,Pharmaceuticals: Major,6.0,9.0,5.0,8.0,187.5,184.5,11.86K,13.12K,9849.5,5640.0,145.92B,No,6386.15,7059.95,8119.49,6929.9,7843.62,496
3436,VRUDDHI.BO,155.0,155.0,0.50K,Non-Energy Minerals,Steel,6.0,5.0,3.0,9.0,8.5,6.6571,1.31K,2.56K,249.0,144.0,391.16M,No,171.88,190.78,207.65,186.44,206.31,495
3437,QUICKHEAL.NS,137.75,137.03,65.88K,Technology Services,Packaged Software,6.0,24.0,18.0,23.0,5.39,5.3836,115.19K,90.39K,371.4,125.0,7.48B,No,146.63,146.8,175.18,144.96,161.86,497
3438,ZODIAC.NS,205.97,207.2,6.44K,Producer Manufacturing,Building Products,6.0,16.0,8.0,9.0,11.6336,11.4364,13.96K,13.05K,415.0,201.35,,No,219.9,236.87,266.11,234.98,265.33,494
3439,VIKRAN.NS,55.84,56.76,818.27K,Industrial Services,Engineering & Construction,6.0,44.0,7.0,17.0,2.6764,2.5586,1961.80K,1715.99K,118.4,51.1,14.40B,No,57.42,61.46,71.91,60.37,66.19,273
3440,GARGI.BO,601.0,572.05,11.62K,Retail Trade,Specialty Stores,6.0,82.0,7.0,5.0,30.4214,29.9857,16.46K,10.01K,1197.0,532.15,6.29B,No,595.15,584.92,798.7,584.85,739.87,495
3441,KANISHK.BO,23.95,23.95,4.80K,Non-Energy Minerals,Aluminum,6.0,80.0,25.0,28.0,0.9371,0.4336,5.34K,4.48K,58.4,22.55,321.89M,No,24.93,24.54,,24.53,28.51,168
3442,AWHCL.NS,334.05,339.25,81.95K,Transportation,Trucking,6.0,31.0,5.0,9.0,13.5893,13.4857,218.14K,78.51K,605.0,332.75,9.48B,No,361.97,380.47,456.19,374.72,435.35,497
3443,CAPACITE.NS,172.56,177.19,397.20K,Industrial Services,Engineering & Construction,6.0,13.0,5.0,9.0,5.9314,5.8286,434.64K,299.87K,314.25,171.35,14.60B,No,187.48,202.76,227.23,200.69,222.07,497
3444,GORANIN.BO,37.2,43.13,0.82K,Consumer Durables,Electronics/Appliances,6.0,7.0,13.0,11.0,3.64,3.34,1.53K,0.43K,83.3,36.65,199.49M,No,41.23,44.52,51.54,43.52,47.06,495
3445,EY.BO,549.4,539.7,0.06K,Consumer Durables,Other Consumer Specialties,6.0,80.0,16.0,4.0,23.3714,17.0786,0.07K,0.03K,1061.3,482.0,1.10B,No,540.08,615.03,791.21,591.24,712.1,494
3446,ACEENGITEC.BO,92.0,96.75,0.00K,Technology Services,Information Technology Services,6.0,55.0,5.0,4.0,1.2893,0.4821,0.10K,0.05K,156.2,86.45,79.02M,No,94.29,99.43,123.65,97.09,120.13,496
3447,ABREL.NS,1022.3,1018.0,315.77K,Process Industries,Textiles,6.0,1.0,4.0,14.0,47.7,47.7,181.96K,286.85K,1914.0,1002.3,113.04B,No,1176.47,1305.5,1349.61,1285.41,1313.44,497
3448,WESTLEIRES.BO,68.16,71.43,3.09K,Technology Services,Packaged Software,6.0,46.0,18.0,6.0,2.115,1.7864,0.24K,0.52K,135.9,65.25,208.12M,No,69.42,72.74,91.86,72.38,82.56,496
3449,UMAEXPORTS.NS,19.8,19.88,19.99K,Distribution Services,Wholesale Distributors,6.0,12.0,40.0,5.0,0.6993,0.5714,30.27K,26.18K,55.9,18.12,669.43M,No,20.89,21.96,25.87,22.03,22.95,496
3450,IXIGO.NS,150.75,153.96,1974.73K,Technology Services,Internet Software/Services,6.0,19.0,6.0,19.0,5.165,5.165,1169.53K,1055.12K,339.15,149.5,66.49B,No,159.82,169.06,185.93,164.44,174.95,497
3451,MCPL.BO,63.6,60.92,20.00K,Retail Trade,Home Improvement Chains,6.0,1.0,3.0,25.0,3.9893,3.1479,13.31K,6.20K,118.5,60.0,878.13M,No,74.72,84.93,84.95,82.2,83.48,496
3452,BOMBWIR.BO,35.21,36.0,0.34K,Producer Manufacturing,Metal Fabrication,6.0,7.0,4.0,9.0,1.5921,1.36,0.99K,0.87K,62.3,34.05,188.00M,No,40.11,42.22,46.39,41.67,45.61,495
3453,DEL.BO,109.95,118.05,3.23K,Producer Manufacturing,Electrical Products,6.0,9.0,67.0,2.0,4.3714,3.4036,1.24K,0.05K,388.45,100.35,1.56B,No,124.25,129.31,162.12,126.67,150.62,495
3454,SKYBIOTECH.BO,117.0,116.2,0.03K,Process Industries,Textiles,6.0,59.0,5.0,8.0,1.3929,1.1679,0.20K,0.01K,210.0,113.9,224.06M,No,117.26,133.14,149.73,128.7,148.57,495
3455,METHODHUB.BO,73.35,73.27,10.20K,Technology Services,Information Technology Services,6.0,89.0,18.0,19.0,4.4429,3.3493,44.82K,68.34K,171.95,58.8,1.38B,No,68.3,69.01,93.63,68.4,79.14,203
3456,HPL.NS,257.9,256.45,71.50K,Electronic Technology,Electronic Equipment/Instruments,6.0,10.0,5.0,14.0,9.3607,9.3607,94.10K,92.23K,479.9,253.5,16.58B,No,275.26,300.67,336.19,296.95,328.54,497
3457,HGM.NS,39.45,39.83,1.97K,Technology Services,Data Processing Services,6.0,3.0,12.0,9.0,2.7929,2.7107,7.81K,4.77K,81.0,38.14,496.87M,No,43.47,46.0,53.83,45.76,50.68,496
3458,MEHUL.BO,45.0,45.03,1.60K,Process Industries,Chemicals: Specialty,6.0,9.0,8.0,7.0,1.1107,0.775,2.61K,4.64K,90.0,45.0,474.71M,No,49.99,52.35,63.22,51.09,58.76,290
3459,HUBTOWN.NS,155.42,155.13,445.12K,Finance,Real Estate Development,6.0,7.0,8.0,11.0,7.3464,7.2564,527.83K,551.44K,339.0,153.86,22.09B,No,172.32,180.27,203.03,179.5,194.29,497
3460,REMAGNET.BO,262.55,291.7,117.88K,Non-Energy Minerals,Precious Metals,6.0,0.0,2.0,2.0,23.2082,18.7271,68.81K,179.28K,590.0,198.91,34.06B,No,353.09,360.44,420.3,353.85,400.34,497
3461,NIITMTS.NS,200.98,200.01,70.38K,Commercial Services,Miscellaneous Commercial Services,5.0,24.0,19.0,4.0,8.5043,8.5043,184.26K,179.16K,443.9,185.0,27.70B,No,212.5,226.01,286.78,222.27,246.79,495
3462,PRIMEFRESH.BO,158.1,148.25,9.16K,Transportation,Other Transportation,5.0,38.0,6.0,9.0,10.8821,10.8821,12.70K,15.14K,301.0,145.95,2.20B,No,157.35,169.1,217.34,166.86,200.07,495
3463,HBGHOTELS.BO,72.96,71.49,4.01K,Consumer Services,Hotels/Resorts/Cruise Lines,5.0,79.0,13.0,14.0,4.7557,4.6907,14.67K,8.36K,182.3,62.01,1.50B,No,72.03,78.02,94.12,77.14,86.44,495
3464,RAYMONDLSL.NS,596.4,596.4,156.23K,Consumer Non-Durables,Apparel/Footwear,5.0,11.0,14.0,8.0,26.1179,25.8214,238.88K,273.12K,1246.4,592.35,36.32B,No,653.86,687.91,802.39,680.7,741.14,497
3465,KITEX.NS,115.01,115.11,228.87K,Process Industries,Textiles,5.0,27.0,7.0,5.0,4.6107,4.5364,446.73K,362.23K,232.7,113.11,22.94B,No,118.63,127.07,156.57,125.4,147.71,497
3466,OSWALGREEN.NS,19.01,19.0,68.51K,Finance,Real Estate Development,5.0,41.0,23.0,5.0,0.7771,0.7707,165.99K,95.14K,40.79,18.55,4.88B,No,19.55,20.42,24.8,20.27,22.97,497
3467,RRFIN.BO,64.0,61.2,1.20K,Finance,Insurance Brokers/Services,5.0,48.0,11.0,15.0,3.5907,3.4557,2.12K,1.35K,263.7,49.62,707.88M,No,64.01,66.61,84.8,66.43,74.15,495
3468,TIGERLOGS.NS,23.59,24.88,305.56K,Transportation,Air Freight/Couriers,5.0,9.0,5.0,19.0,1.5686,1.5414,162.82K,112.54K,48.5,22.68,2.49B,No,26.25,27.29,31.54,27.02,31.09,262
3469,WEBELSOLAR.NS,65.57,66.4,1405.69K,Electronic Technology,Semiconductors,5.0,16.0,2.0,17.0,3.0071,2.9729,1995.76K,1802.77K,137.9,50.4,28.47B,No,71.38,79.15,86.21,77.29,91.67,497
3470,ACL.NS,39.26,38.97,3.31K,Non-Energy Minerals,Construction Materials,5.0,37.0,13.0,9.0,1.4136,1.4136,14.53K,15.78K,84.01,38.4,3.62B,No,41.2,43.82,52.8,43.34,49.41,496
3471,GKB.NS,60.28,62.91,2.38K,Health Technology,Medical Specialties,5.0,8.0,,,4.5064,4.4821,5.09K,4.91K,88.4,58.25,303.85M,No,65.25,,,,,42
3472,RVNL.NS,190.65,187.2,3972.89K,Industrial Services,Engineering & Construction,5.0,33.0,18.0,5.0,5.8129,5.4843,4669.63K,5610.73K,400.7,186.9,397.51B,No,201.87,213.73,266.45,212.66,243.24,497
3473,KRITI.NS,57.01,55.55,7.52K,Producer Manufacturing,Miscellaneous Manufacturing,5.0,38.0,13.0,4.0,3.3414,3.3086,17.84K,13.06K,129.92,53.0,3.00B,No,60.45,63.55,73.65,62.67,70.12,496
3474,SYMPHONY.NS,540.75,538.85,31.52K,Producer Manufacturing,Industrial Machinery,5.0,18.0,7.0,7.0,17.4679,17.2179,158.45K,59.71K,970.45,534.25,37.13B,No,577.4,602.72,740.08,595.19,686.02,497
3475,ANKIN.BO,18.99,18.11,4.74K,Technology Services,Information Technology Services,5.0,48.0,37.0,17.0,1.2707,1.27,43.88K,63.09K,64.87,17.02,978.79M,No,19.58,20.71,25.64,20.26,22.58,495
3476,INOXGREEN.NS,128.92,115.08,73560.42K,Utilities,Alternative Power Generation,5.0,1.0,3.0,17.0,9.88,9.83,2052.58K,6995.08K,279.0,108.7,54.10B,No,162.23,170.46,176.45,170.4,174.73,497
3477,CHEMTECH.BO,56.35,56.0,12.06K,Producer Manufacturing,Industrial Machinery,5.0,64.0,8.0,6.0,3.8571,3.6593,19.28K,22.78K,119.9,53.7,1.04B,No,58.99,63.7,72.26,62.27,72.31,495
3478,SUBSM.BO,46.0,46.0,0.05K,Process Industries,Textiles,5.0,2.0,1.0,36.0,0.7593,0.43,0.04K,0.07K,95.0,36.56,195.06M,No,49.75,61.77,64.62,59.3,68.46,496
3479,RPOWER.NS,20.01,19.8,18104.07K,Utilities,Electric Utilities,5.0,34.0,13.0,14.0,0.6971,0.6929,20402.07K,26831.65K,50.73,19.09,82.76B,No,20.56,21.96,25.99,21.8,24.5,497
3480,NETWORK18.NS,24.69,24.39,2809.11K,Consumer Services,Broadcasting,5.0,27.0,12.0,10.0,0.7693,0.7614,4418.38K,2741.38K,53.24,24.25,38.13B,No,26.16,27.82,32.83,27.61,30.58,497
3481,SAFE.BO,135.0,138.0,1.50K,Technology Services,Internet Software/Services,5.0,74.0,13.0,7.0,4.7143,1.3607,2.73K,0.50K,348.0,112.8,768.83M,No,127.33,140.1,175.56,137.7,159.33,494
3482,SHRAAITECH.BO,20.02,19.59,8.16K,Distribution Services,Electronics Distributors,5.0,10.0,12.0,5.0,1.1564,1.1471,20.41K,17.46K,41.62,18.5,1.22B,No,20.49,22.67,27.0,22.46,25.95,495
3483,RAVEL.BO,97.0,96.95,4.00K,Consumer Non-Durables,Household/Personal Care,5.0,19.0,18.0,2.0,3.1357,2.375,7.16K,2.20K,215.0,92.5,665.32M,No,101.15,108.68,142.24,106.76,132.76,206
3484,LATENTVIEW.NS,232.01,230.26,679.76K,Commercial Services,Miscellaneous Commercial Services,5.0,24.0,10.0,10.0,8.1457,8.0536,720.26K,600.82K,517.5,228.37,48.05B,No,243.9,267.2,321.35,262.54,287.77,497
3485,SONALIS.BO,32.0,30.55,4.00K,Consumer Non-Durables,Food: Specialty/Candy,5.0,3.0,16.0,5.0,2.3793,1.6936,12.95K,30.60K,92.0,30.55,151.97M,No,36.94,41.29,50.25,40.1,46.44,496
3486,ECOSMOBLTY.NS,104.66,107.43,49.23K,Finance,Finance/Rental/Leasing,5.0,41.0,15.0,13.0,4.6593,4.6593,64.78K,62.82K,260.05,102.0,6.28B,No,107.67,114.94,141.33,112.44,124.97,497
3487,PIOTEX.BO,27.5,27.5,2.40K,Process Industries,Textiles,5.0,31.0,27.0,6.0,0.2464,0.1857,1.02K,0.40K,74.0,24.0,140.35M,No,27.96,29.58,40.69,29.3,34.11,493
3488,INOXWIND.NS,66.65,62.43,37424.01K,Producer Manufacturing,Electrical Products,5.0,18.0,15.0,10.0,2.9179,2.87,12279.93K,10316.10K,159.3,62.43,115.19B,No,72.25,73.75,90.39,73.49,83.56,497
3489,PRITI.NS,31.28,31.66,3.33K,Consumer Durables,Home Furnishings,5.0,42.0,11.0,13.0,1.8807,1.88,6.45K,8.93K,85.0,30.5,417.69M,No,32.61,34.02,42.48,33.83,39.22,496
3490,ATVPR.BO,21.16,21.09,4.82K,Producer Manufacturing,Industrial Machinery,5.0,10.0,18.0,3.0,1.6264,1.6257,20.64K,25.34K,44.4,19.39,1.12B,No,22.88,24.73,30.48,24.92,27.9,495
3491,AWFIS.NS,247.03,238.12,1697.68K,Finance,Real Estate Development,5.0,59.0,17.0,14.0,11.6521,11.6521,760.50K,561.49K,639.4,229.05,17.68B,No,257.39,262.78,322.53,262.89,294.18,497
3492,RTFL.BO,33.78,35.55,0.13K,Finance,Finance/Rental/Leasing,5.0,5.0,6.0,2.0,1.5764,0.9021,0.15K,0.31K,63.36,33.25,428.76M,No,39.0,43.97,48.34,42.93,48.05,495
3493,EUREKAFORB.NS,339.0,339.75,138.65K,Producer Manufacturing,Industrial Machinery,5.0,6.0,7.0,7.0,12.1179,12.1179,178.66K,264.52K,668.3,335.0,65.65B,No,370.03,408.45,474.74,400.16,445.89,496
3494,SIYARAM.BO,33.47,34.4,33.00K,Non-Energy Minerals,Other Metals/Minerals,5.0,56.0,12.0,17.0,1.9457,1.925,43.33K,58.95K,107.99,31.95,729.28M,No,34.46,36.11,41.27,35.54,37.23,495
3495,KRYPTONQ.BO,29.61,29.87,1.78K,Consumer Durables,Automotive Aftermarket,5.0,15.0,6.0,4.0,2.0136,1.9529,7.50K,21.50K,53.0,25.92,435.18M,No,32.61,34.36,36.78,33.9,35.99,495
3496,CHENFERRO.BO,66.81,65.5,2.62K,Non-Energy Minerals,Steel,5.0,32.0,6.0,12.0,2.9886,2.805,1.20K,0.70K,139.7,57.0,240.82M,No,72.81,75.49,87.1,74.62,82.77,495
3497,ABLBL.NS,72.46,71.95,1263.62K,Retail Trade,Apparel/Footwear Retail,5.0,11.0,8.0,7.0,2.7864,2.7593,1576.09K,6291.97K,143.25,71.1,88.01B,No,78.25,84.46,99.44,82.98,93.85,322
3498,VERTOZ.NS,32.19,32.43,34.76K,Commercial Services,Advertising/Marketing Services,4.0,8.0,19.0,14.0,2.34,2.34,45.28K,40.29K,76.8,27.02,2.74B,No,35.99,36.63,45.63,36.46,40.1,497
3499,SRSOLTD.BO,70.0,70.0,0.80K,Finance,Finance/Rental/Leasing,4.0,46.0,25.0,3.0,3.5293,2.8393,4.41K,7.44K,229.0,57.0,799.34M,No,71.48,76.29,86.53,75.52,81.92,495
3500,UGROCAP.NS,79.93,79.72,142.04K,Finance,Finance/Rental/Leasing,4.0,42.0,17.0,17.0,2.6621,2.6343,299.31K,195.45K,189.92,78.66,12.21B,No,82.38,87.17,108.66,86.22,94.36,497
3501,VANDAN.BO,23.4,22.75,3.60K,Consumer Non-Durables,Food: Specialty/Candy,4.0,52.0,32.0,2.0,1.535,0.7714,3.22K,3.84K,65.99,19.81,196.20M,No,23.72,23.95,33.38,24.04,29.61,312
3502,RAGHUSYN.BO,69.94,69.93,3.81K,Process Industries,Textiles,4.0,1.0,4.0,5.0,3.7714,3.7079,2.35K,4.00K,122.75,67.02,2.71B,No,83.94,91.14,100.45,88.77,96.61,495
3503,HINDWAREAP.NS,170.5,169.01,40.79K,Producer Manufacturing,Building Products,4.0,45.0,3.0,16.0,6.3186,6.3186,131.96K,105.45K,392.7,165.0,14.26B,No,173.05,189.0,219.28,185.45,211.84,497
3504,ANIRITPP.BO,17.1,17.1,0.30K,Process Industries,Textiles,4.0,1.0,2.0,15.0,0.4921,0.1429,2.12K,0.47K,31.85,16.96,307.80M,No,20.81,21.7,,21.21,24.03,179
3505,NWIL.BO,20.0,19.17,305.84K,Electronic Technology,Electronic Components,4.0,42.0,7.0,1.0,1.0021,0.9979,297.66K,300.19K,46.0,18.28,4.66B,No,20.25,21.81,30.29,21.54,27.03,495
3506,RTNINDIA.NS,24.95,25.03,2145.20K,Commercial Services,Miscellaneous Commercial Services,4.0,20.0,7.0,12.0,1.1971,1.1871,1420.65K,1705.72K,54.39,23.89,34.45B,No,26.39,28.71,32.78,28.18,31.64,497
3507,METSL.BO,94.05,99.0,43.97K,Electronic Technology,Semiconductors,4.0,0.0,2.0,5.0,14.2661,6.8911,28.71K,135.11K,170.75,80.55,1.04B,No,119.27,138.61,135.88,138.73,139.26,495
3508,GOODYEAR.NS,676.85,677.05,2.84K,Consumer Durables,Automotive Aftermarket,4.0,40.0,28.0,,14.1429,14.1429,11.23K,4.14K,1273.7,675.0,15.61B,No,701.82,745.77,,733.76,,123
3509,CEWATER.NS,257.95,254.8,26.48K,Industrial Services,Environmental Services,4.0,55.0,6.0,15.0,10.8321,10.8321,157.26K,48.99K,502.9,235.0,5.34B,No,266.31,269.04,317.89,267.05,291.29,443
3510,SHAKTIPUMP.NS,419.0,426.65,577.81K,Producer Manufacturing,Industrial Machinery,4.0,19.0,5.0,15.0,13.8893,13.4786,637.39K,468.26K,829.95,416.05,51.70B,No,462.02,483.47,551.21,478.14,517.39,497
3511,FOCUS.NS,52.24,54.96,44.92K,Producer Manufacturing,Electrical Products,4.0,9.0,2.0,10.0,2.6879,2.635,34.22K,35.55K,98.87,51.1,3.51B,No,58.19,63.52,72.8,62.28,73.33,496
3512,FISCHER.NS,30.37,31.96,1143.83K,Process Industries,Chemicals: Specialty,4.0,10.0,11.0,8.0,1.9343,1.92,1514.39K,545.24K,121.7,29.9,21.22B,No,33.49,35.81,37.58,35.34,36.96,310
3513,FIRSTCRY.NS,169.17,168.56,2327.33K,Retail Trade,Apparel/Footwear Retail,4.0,53.0,13.0,5.0,8.8764,8.7929,3787.30K,10064.47K,379.6,163.37,82.09B,No,174.64,188.42,226.51,184.8,212.88,497
3514,BIGBLOC.NS,35.46,34.63,57.65K,Non-Energy Minerals,Construction Materials,4.0,12.0,7.0,6.0,1.9529,1.9414,43.03K,40.72K,80.0,34.1,5.02B,No,38.92,41.91,51.02,41.4,46.93,497
3515,AGROPHOS.NS,22.91,21.89,12.47K,Process Industries,Chemicals: Agricultural,4.0,60.0,9.0,5.0,1.415,1.4064,22.14K,19.26K,44.4,21.0,464.48M,No,23.4,25.4,31.16,25.08,28.88,496
3516,MINDTECK.NS,139.37,135.08,31.47K,Technology Services,Information Technology Services,4.0,9.0,3.0,10.0,7.1364,7.1007,45.74K,39.44K,307.68,133.0,4.45B,No,152.42,167.89,194.78,165.02,187.5,497
3517,SDL.BO,21.92,22.57,2.46K,Health Technology,Medical Specialties,4.0,1.0,1.0,3.0,1.4007,0.8936,0.90K,1.68K,51.49,21.45,159.21M,No,26.05,29.01,34.12,28.49,34.12,496
3518,DHRUV.NS,23.03,20.94,17.09K,Industrial Services,Engineering & Construction,4.0,62.0,30.0,3.0,1.4207,1.3186,6.49K,7.62K,56.99,18.76,436.80M,No,21.1,22.88,30.43,22.55,27.25,496
3519,CEINSYS.NS,656.15,666.45,44.37K,Industrial Services,Engineering & Construction,4.0,40.0,4.0,3.0,33.7357,32.9929,71.77K,102.02K,1249.9,634.95,13.74B,No,683.87,732.73,,719.97,889.11,157
3520,KPGEL.BO,269.3,269.25,78.00K,Producer Manufacturing,Metal Fabrication,4.0,54.0,7.0,4.0,11.2821,11.1429,90.80K,65.25K,626.65,246.05,13.46B,No,282.34,288.24,363.76,281.91,349.03,495
3521,PGHH.NS,6942.5,6857.0,7.84K,Consumer Non-Durables,Household/Personal Care,4.0,23.0,10.0,7.0,171.2143,171.2143,17.91K,19.65K,14352.0,6579.0,225.36B,No,7144.98,7778.56,9792.43,7649.5,8834.5,496
3522,VEDL.NS,264.0,253.1,11575.83K,Non-Energy Minerals,Aluminum,4.0,57.0,53.0,0.0,7.55,6.7,10847.81K,9449.52K,795.0,247.25,1030.87B,No,261.42,268.58,459.86,269.91,369.27,497
3523,GLPL.BO,32.5,33.0,3.00K,Distribution Services,Medical Distributors,4.0,15.0,12.0,,1.8543,1.525,45.43K,35.10K,60.0,28.5,312.00M,No,33.46,37.46,,37.06,,100
3524,CAMLINFINE.NS,89.98,88.84,381.13K,Process Industries,Chemicals: Specialty,4.0,13.0,4.0,16.0,3.6071,3.545,979.56K,472.55K,204.57,88.16,17.28B,No,96.01,105.62,126.58,102.37,116.84,496
3525,KERALAYUR.BO,153.2,149.1,26.05K,Health Technology,Pharmaceuticals: Other,4.0,12.0,41.0,4.0,8.2643,8.2643,23.73K,18.75K,466.8,141.0,1.99B,No,160.43,166.48,207.34,166.19,184.23,495
3526,RDEL.BO,26.75,28.96,7.20K,Producer Manufacturing,Office Equipment/Supplies,4.0,25.0,9.0,12.0,1.2136,0.9757,4.41K,7.68K,80.0,23.5,231.12M,No,28.5,31.23,35.66,30.36,33.14,202
3527,LGT.BO,32.01,31.99,1.20K,Consumer Services,Other Consumer Services,4.0,4.0,8.0,4.0,1.4157,1.1714,10.16K,9.07K,85.5,32.01,300.02M,No,37.24,38.85,50.95,38.16,44.79,278
3528,ASALCBR.NS,570.3,573.2,58.16K,Consumer Non-Durables,Beverages: Alcoholic,4.0,5.0,3.0,6.0,19.8536,19.8536,33.78K,49.57K,1277.0,567.0,11.45B,No,634.56,689.83,802.92,675.67,776.65,496
3529,GUJENERGY.NS,223.7,219.86,662.78K,Utilities,Gas Distributors,4.0,12.0,10.0,6.0,6.87,6.7514,1663.78K,1740.43K,443.75,219.04,209.88B,No,235.99,254.22,341.91,250.6,313.54,496
3530,ADVENTHTL.NS,120.25,118.45,76.80K,Industrial Services,Engineering & Construction,4.0,27.0,16.0,12.0,4.9536,4.8407,166.64K,140.85K,345.05,115.83,6.49B,No,125.56,134.12,161.91,132.85,141.64,225
3531,SAMPAT.BO,31.0,31.02,22.80K,Non-Energy Minerals,Aluminum,4.0,11.0,30.0,11.0,1.5314,1.3771,9.25K,13.32K,87.5,29.15,262.91M,No,32.49,35.89,46.48,35.6,40.26,257
3532,CANDOUR.BO,65.3,64.11,8.39K,Process Industries,Textiles,4.0,71.0,26.0,1.0,2.4393,1.9443,15.22K,6.11K,165.0,58.06,1.59B,No,66.08,68.03,109.59,67.17,93.14,495
3533,NACLIND.NS,129.11,129.1,220.85K,Process Industries,Chemicals: Agricultural,4.0,4.0,1.0,11.0,5.9429,5.895,899.19K,470.06K,245.0,112.62,30.24B,No,140.23,160.28,163.79,155.59,168.33,497
3534,REPL.NS,56.66,55.78,2.87K,Industrial Services,Engineering & Construction,4.0,37.0,32.0,4.0,3.6179,3.6171,4.22K,2.84K,149.7,54.05,1.03B,No,58.62,61.81,77.63,61.74,68.28,497
3535,ROSEMER.BO,44.62,44.81,4.25K,Producer Manufacturing,Industrial Machinery,4.0,2.0,4.0,3.0,5.0564,4.5857,6.46K,10.88K,91.0,34.45,351.88M,No,48.17,56.39,65.77,54.89,62.11,495
3536,GRMOVER.NS,80.02,79.68,918.85K,Process Industries,Agricultural Commodities/Milling,3.0,28.0,18.0,1.0,2.7036,2.675,1090.80K,1121.94K,185.45,77.0,16.61B,No,80.87,85.65,130.21,84.52,117.43,497
3537,ZAGGLE.NS,168.3,166.43,662.10K,Technology Services,Packaged Software,3.0,40.0,15.0,4.0,5.2236,5.1579,2524.88K,817.49K,405.4,154.36,22.67B,No,176.42,185.97,232.1,186.22,209.14,497
3538,EPACK.NS,170.47,165.16,263.65K,Producer Manufacturing,Industrial Machinery,3.0,29.0,6.0,6.0,6.1114,6.0807,403.00K,268.33K,358.0,163.1,16.41B,No,177.38,195.73,233.63,191.53,221.15,497
3539,KALAMANDIR.NS,75.14,74.3,271.67K,Retail Trade,Apparel/Footwear Retail,3.0,18.0,7.0,13.0,2.8079,2.7829,551.50K,503.02K,223.03,73.1,11.07B,No,77.73,83.2,103.41,82.32,95.37,497
3540,ABFRL.NS,43.65,43.18,2707.25K,Retail Trade,Apparel/Footwear Retail,3.0,7.0,6.0,8.0,1.5321,1.5071,5392.11K,5854.93K,86.11,43.05,53.11B,No,47.61,52.6,61.6,51.7,58.02,497
3541,ABCOTS.NS,193.88,190.67,2.69K,Consumer Non-Durables,Apparel/Footwear,3.0,39.0,41.0,1.0,8.5321,8.3729,16.94K,4.85K,467.95,181.73,4.26B,No,200.64,203.43,295.59,201.88,245.34,496
3542,CRIMSON.BO,27.0,27.38,0.10K,Non-Energy Minerals,Steel,3.0,89.0,1.0,1.0,0.1814,0.0,0.17K,0.17K,61.35,24.84,119.56M,No,26.3,32.45,45.13,30.9,42.68,494
3543,AGARIND.NS,374.8,369.15,25.64K,Process Industries,Chemicals: Specialty,3.0,9.0,4.0,33.0,14.7643,14.7643,103.44K,30.29K,905.0,360.0,5.61B,No,400.81,450.87,514.57,441.03,454.63,496
3544,LAKHOTIA.BO,47.94,54.99,3.46K,Process Industries,Textiles,3.0,31.0,10.0,4.0,5.8814,5.1971,10.69K,0.37K,185.7,46.5,502.12M,No,55.11,55.91,62.04,54.8,60.82,495
3545,RPPINFRA.NS,51.62,53.44,29.30K,Industrial Services,Engineering & Construction,3.0,53.0,17.0,5.0,2.5057,2.5021,187.18K,58.19K,127.95,50.1,2.56B,No,53.86,56.18,71.0,55.51,64.08,496
3546,SHUBHAM.BO,31.25,29.09,15.18K,Process Industries,Textiles,3.0,4.0,5.0,1.0,2.4436,2.3371,10.34K,12.01K,79.0,29.0,378.81M,No,34.06,36.17,50.82,36.17,47.2,495
3547,KSSMART.BO,81.36,85.64,23.51K,Process Industries,Pulp & Paper,3.0,1.0,2.0,0.0,5.2971,5.2293,12.17K,11.01K,290.95,71.94,13.35B,No,99.89,104.52,176.33,103.63,161.35,495
3548,LERTHAI.BO,382.6,390.5,0.00K,Finance,Financial Conglomerates,3.0,2.0,1.0,5.0,14.3179,9.5786,0.03K,0.02K,774.0,316.15,267.82M,No,389.25,478.23,549.18,466.73,540.35,495
3549,NEPLOG.BO,32.05,31.97,1.00K,Transportation,Trucking,3.0,32.0,28.0,4.0,2.0179,1.3979,5.31K,3.80K,100.8,30.21,439.08M,No,34.26,34.15,,33.72,38.66,197
3550,HILLTONE.BO,35.47,36.88,1.36K,Process Industries,Chemicals: Specialty,3.0,24.0,18.0,7.0,3.5964,3.5736,43.52K,31.79K,93.0,32.85,467.42M,No,37.76,39.57,50.05,38.86,44.11,440
3551,OSIAJEE.BO,224.65,212.4,4.44K,Process Industries,Textiles,3.0,3.0,2.0,1.0,16.1393,16.0679,19.55K,7.78K,495.5,181.0,1.21B,No,237.47,253.69,373.95,248.21,348.26,495
3552,AURIONPRO.NS,601.6,596.55,168.09K,Technology Services,Information Technology Services,3.0,22.0,4.0,6.0,26.3857,25.8714,179.46K,154.52K,1240.0,593.35,32.37B,No,653.6,686.99,837.62,679.96,779.26,497
3553,KPITTECH.NS,479.0,471.0,1979.55K,Technology Services,Packaged Software,3.0,10.0,25.0,4.0,16.3821,16.0464,2843.02K,1545.41K,1284.9,470.1,130.40B,No,518.97,566.51,750.23,559.42,646.21,497
3554,MANIVENI.BO,24.25,24.0,8.00K,Process Industries,Agricultural Commodities/Milling,3.0,20.0,5.0,,1.995,1.2529,28.90K,42.40K,44.66,23.35,474.63M,No,25.47,28.47,,27.94,,92
3555,AHLUCONT.NS,557.6,554.05,35.36K,Industrial Services,Engineering & Construction,3.0,33.0,3.0,7.0,17.6571,17.525,75.33K,75.80K,1077.95,540.55,37.35B,No,573.06,660.32,789.65,648.07,755.57,497
3556,SRICC.BO,32.0,31.11,0.61K,Non-Energy Minerals,Construction Materials,3.0,26.0,18.0,5.0,3.3664,2.8929,2.03K,1.54K,95.37,27.0,288.00M,No,33.05,35.25,46.25,35.55,42.99,495
3557,ADCOUNTY.BO,75.94,74.56,33.60K,Commercial Services,Advertising/Marketing Services,3.0,13.0,11.0,3.0,4.1536,4.0071,38.73K,33.84K,229.7,71.6,1.71B,No,82.23,83.92,106.88,84.19,101.33,313
3558,AASTAFIN.BO,24.39,23.97,5.16K,Finance,Finance/Rental/Leasing,3.0,2.0,2.0,7.0,1.93,1.8307,13.32K,4.66K,51.0,24.22,378.96M,No,29.22,31.34,34.78,31.0,33.77,495
3559,KAMATS.BO,29.99,30.58,10.21K,Consumer Services,Restaurants,3.0,8.0,8.0,5.0,2.8236,2.8164,8.23K,4.35K,67.0,28.1,545.79M,No,31.22,34.29,43.94,33.75,38.9,495
3560,STAL.BO,30.21,31.54,1.60K,Producer Manufacturing,Metal Fabrication,3.0,20.0,23.0,4.0,1.615,0.8193,12.48K,3.44K,78.0,27.0,387.90M,No,32.5,32.71,41.32,32.74,36.15,495
3561,YAJUR.BO,37.05,36.25,0.80K,Process Industries,Textiles,3.0,30.0,54.0,4.0,1.2707,1.0593,19.78K,13.84K,139.2,32.01,840.40M,No,38.67,37.69,,37.73,41.63,181
3562,VIKRAMSOLR.NS,142.32,143.31,1566.00K,Electronic Technology,Semiconductors,3.0,8.0,4.0,8.0,3.845,3.8236,3547.83K,1933.26K,354.4,141.0,51.57B,No,158.59,165.73,195.69,162.81,188.54,278
3563,DEVIT.NS,19.39,19.47,112.74K,Technology Services,Information Technology Services,3.0,4.0,4.0,6.0,1.535,1.5236,52.10K,64.91K,44.44,18.61,1.10B,No,22.16,24.27,28.16,23.67,26.79,496
3564,HGINFRA.NS,401.75,403.0,87.02K,Industrial Services,Engineering & Construction,3.0,6.0,5.0,11.0,18.85,18.55,375.66K,1672.43K,943.0,398.55,26.18B,No,442.19,485.83,570.55,476.45,533.28,497
3565,EUROPRATIK.NS,176.69,173.98,77.63K,Producer Manufacturing,Office Equipment/Supplies,3.0,0.0,1.0,10.0,10.905,10.905,199.19K,254.89K,390.0,170.35,18.06B,No,210.62,252.08,261.75,244.36,260.24,259
3566,RAINBOWF.BO,30.02,31.28,2.38K,Finance,Real Estate Development,3.0,36.0,11.0,3.0,2.2907,2.2093,5.66K,6.35K,79.1,26.07,1.49B,No,30.6,34.38,42.43,34.36,39.54,495
3567,SHANTIDENM.BO,32.0,32.0,2.00K,Process Industries,Textiles,3.0,28.0,7.0,2.0,1.5614,1.3036,12.86K,6.00K,75.0,27.12,540.42M,No,32.13,34.6,46.97,34.14,42.06,494
3568,CENTUPLE.BO,30.48,31.62,12.48K,Distribution Services,Medical Distributors,3.0,15.0,10.0,6.0,2.48,2.3757,11.74K,2.78K,144.4,28.42,166.67M,No,32.5,36.51,58.55,35.44,41.05,495
3569,POLICYBZR.NS,1012.0,996.0,1914.19K,Technology Services,Internet Software/Services,3.0,0.0,2.0,5.0,114.85,100.8429,3509.11K,13647.11K,1964.2,945.1,467.65B,No,1393.06,1605.97,1607.33,1548.65,1579.65,496
3570,PCL.BO,34.48,30.0,24.00K,Process Industries,Agricultural Commodities/Milling,3.0,28.0,5.0,7.0,1.6064,0.6421,3.33K,1.11K,93.0,29.56,211.55M,No,34.45,36.51,49.68,36.57,44.65,496
3571,ADTECH.BO,38.82,36.79,0.87K,Electronic Technology,Semiconductors,3.0,4.0,2.0,6.0,3.9343,3.7471,6.12K,11.99K,84.0,35.58,462.49M,No,43.43,48.61,56.68,47.46,55.26,495
3572,MONIND.BO,17.5,17.9,0.00K,Non-Energy Minerals,Other Metals/Minerals,3.0,20.0,2.0,2.0,0.24,0.0786,0.06K,0.09K,31.04,17.5,64.42M,No,19.79,21.59,26.92,21.05,25.5,495
3573,CITIZEN.BO,158.0,164.0,0.15K,Commercial Services,Advertising/Marketing Services,2.0,2.0,0.0,3.0,11.5536,10.7857,1.72K,1.46K,318.45,153.9,2.22B,No,181.37,219.29,251.06,208.34,239.55,496
3574,AAYUSH.BO,22.74,22.68,40.02K,Retail Trade,Specialty Stores,2.0,13.0,33.0,3.0,1.0821,1.0821,122.52K,50.65K,70.0,21.2,1.11B,No,24.16,24.18,31.98,24.42,28.52,495
3575,NDASEC.BO,21.49,22.0,5.41K,Finance,Investment Banks/Brokers,2.0,8.0,3.0,2.0,1.0929,1.0186,3.97K,0.67K,50.79,21.11,127.83M,No,23.71,25.91,32.09,25.26,31.18,495
3576,OSWALAGRO.NS,31.69,31.96,10.52K,Finance,Real Estate Development,2.0,16.0,9.0,2.0,1.5271,1.5271,42.93K,48.44K,81.0,31.33,4.26B,No,33.8,36.18,44.3,35.75,41.17,497
3577,SUPREMEINF.NS,51.14,49.92,476.96K,Industrial Services,Engineering & Construction,2.0,0.0,2.0,8.0,6.7679,6.7514,127.36K,158.51K,110.88,45.29,4.99B,No,73.93,81.49,80.1,80.15,78.46,496
3578,HIMATSEIDE.NS,59.52,60.32,782.60K,Process Industries,Textiles,2.0,11.0,3.0,5.0,3.2993,3.2229,568.77K,641.62K,129.49,58.95,7.48B,No,65.08,70.33,86.55,69.35,78.4,497
3579,GEL.BO,21.57,21.57,3.00K,Distribution Services,Wholesale Distributors,2.0,21.0,3.0,1.0,0.1671,0.0843,13.26K,0.33K,46.19,21.57,531.66M,No,23.05,25.61,33.42,24.64,32.29,496
3580,RETINA.BO,32.9,33.08,2.00K,Process Industries,Industrial Specialties,2.0,21.0,7.0,3.0,2.7486,2.6236,26.32K,29.20K,77.95,29.0,504.69M,No,36.16,38.4,50.64,37.75,45.25,496
3581,KPEL.NS,208.13,206.87,179.83K,Utilities,Alternative Power Generation,2.0,18.0,2.0,5.0,9.5557,9.4443,319.58K,252.05K,463.25,203.58,14.11B,No,218.25,246.73,304.69,239.1,301.58,467
3582,KEC.NS,369.85,349.6,16496.55K,Industrial Services,Engineering & Construction,2.0,30.0,6.0,4.0,12.8821,12.4321,1072.91K,867.95K,893.0,348.0,98.45B,No,388.3,417.63,534.1,413.89,489.68,497
3583,DIGITIDE.NS,69.9,71.65,429.74K,Commercial Services,Miscellaneous Commercial Services,2.0,1.0,2.0,11.0,3.7686,3.7686,327.49K,299.82K,179.25,69.1,10.43B,No,79.18,91.01,97.86,89.02,90.77,330
3584,KIAASA.BO,29.87,28.01,70.00K,Retail Trade,Apparel/Footwear Retail,2.0,62.0,38.0,6.0,1.4307,1.27,17.64K,14.30K,123.0,27.0,544.53M,No,29.89,30.97,,30.87,38.35,150
3585,SOLVEX.BO,16.25,17.1,3.20K,Process Industries,Agricultural Commodities/Milling,2.0,2.0,3.0,30.0,0.435,0.1286,7.11K,3.52K,55.4,16.25,145.47M,No,19.37,20.01,25.01,19.78,23.3,252
3586,SKCIL.BO,94.83,93.01,0.49K,Non-Energy Minerals,Construction Materials,2.0,66.0,13.0,2.0,5.9736,5.4893,22.17K,0.67K,273.9,90.0,1.66B,No,98.14,99.99,142.16,98.79,127.37,495
3587,LOGICIEL.BO,29.0,30.63,1.20K,Technology Services,Packaged Software,2.0,53.0,24.0,6.0,1.5579,1.3393,2.73K,3.18K,154.4,27.36,216.57M,No,29.89,30.75,41.89,30.82,37.55,208
3588,GPSL.BO,98.25,93.58,24.00K,Consumer Non-Durables,Consumer Sundries,2.0,98.0,34.0,2.0,3.8957,2.1486,6.38K,14.76K,365.0,52.5,734.91M,No,67.85,71.84,155.6,71.0,122.72,495
3589,TELECANOR.BO,11.68,12.29,8.18K,Technology Services,Packaged Software,2.0,0.0,0.0,0.0,0.9721,0.7836,23.35K,22.80K,48.5,8.15,178.95M,No,15.51,19.57,28.44,18.79,24.42,495
3590,RELINFRA.NS,59.29,56.47,1168.66K,Utilities,Electric Utilities,2.0,78.0,24.0,6.0,1.7357,0.5257,376.73K,638.82K,241.84,42.56,24.20B,No,49.85,57.98,86.45,57.91,69.17,497
3591,TTC.BO,159.0,169.4,3.60K,Commercial Services,Miscellaneous Commercial Services,2.0,83.0,9.0,2.0,10.2714,9.0393,2.39K,2.01K,445.0,135.0,300.51M,No,169.0,186.42,259.5,180.14,224.45,448
3592,LIOTECH.BO,105.5,102.9,10.40K,Consumer Durables,Tools & Hardware,2.0,93.0,23.0,,5.8871,3.2457,15.64K,8.24K,257.0,83.53,411.49M,No,102.55,100.21,,99.99,,75
3593,ELIN.NS,75.03,75.56,122.42K,Electronic Technology,Electronic Production Equipment,2.0,2.0,7.0,4.0,3.4221,3.3857,338.99K,167.30K,222.99,74.0,3.73B,No,85.57,93.71,117.68,92.18,104.98,496
3594,CMXLTD.BO,18.07,17.87,0.20K,Finance,Financial Conglomerates,2.0,15.0,8.0,2.0,1.075,0.8207,8.45K,2.32K,69.13,15.1,204.98M,No,20.31,21.35,30.2,21.29,24.0,495
3595,WATERBASE.NS,44.31,44.12,6.69K,Process Industries,Agricultural Commodities/Milling,2.0,35.0,,,2.3357,2.3357,21.15K,18.59K,74.9,43.21,1.84B,No,45.69,,,,,42
3596,NMSGLOBAL.BO,37.99,36.35,0.91K,Distribution Services,Food Distributors,2.0,56.0,0.0,3.0,3.6129,3.6021,20.10K,11.66K,103.94,33.13,114.18M,No,39.06,44.08,67.91,42.4,65.15,495
3597,GTTDATA.BO,31.02,32.15,120.18K,Consumer Services,Movies/Entertainment,2.0,3.0,13.0,1.0,3.025,3.0157,31.12K,17.65K,101.8,27.0,1.30B,No,37.27,41.7,52.27,40.87,45.08,495
3598,DARJEELING.BO,18.44,20.3,4.10K,Industrial Services,Engineering & Construction,2.0,0.0,10.0,3.0,2.1964,1.9971,7.12K,3.04K,72.6,11.72,144.98M,No,25.4,24.04,29.71,24.77,29.18,495
3599,TRIVENI.NS,235.67,237.86,462.84K,Process Industries,Agricultural Commodities/Milling,2.0,13.0,0.0,3.0,9.9629,9.4793,938.93K,780.59K,490.1,220.05,51.93B,No,241.55,256.13,351.98,256.27,342.21,497
3600,ESPIRE.BO,142.5,148.9,0.30K,Consumer Services,Hotels/Resorts/Cruise Lines,2.0,24.0,17.0,1.0,8.4643,7.0857,0.74K,0.58K,486.5,140.0,2.13B,No,147.25,154.83,221.46,153.2,190.45,495
3601,RAJKSYN.BO,19.39,19.4,0.06K,Process Industries,Textiles,2.0,28.0,17.0,1.0,2.3507,2.2579,1.88K,1.00K,51.99,17.2,128.01M,No,20.54,21.41,32.77,21.06,29.14,495
3602,BHARATRAS.NS,964.7,966.8,13.67K,Process Industries,Chemicals: Agricultural,2.0,7.0,5.0,5.0,38.9714,38.8714,14.45K,25.08K,2987.5,958.0,16.03B,No,1074.06,1199.19,1474.66,1176.96,1315.83,497
3603,JSLL.NS,385.15,381.25,3255.72K,Health Services,Medical/Nursing Services,2.0,2.0,2.0,2.0,23.4607,23.4036,652.21K,1437.40K,835.0,359.75,47.87B,No,483.17,511.23,610.54,505.0,580.42,497
3604,MONIKA.BO,148.25,155.0,5.20K,Distribution Services,Food Distributors,2.0,50.0,3.0,2.0,13.3357,12.875,23.73K,39.20K,311.0,108.0,3.18B,No,151.02,161.5,227.31,153.88,205.33,300
3605,TCC.NS,43.93,44.84,292.58K,Distribution Services,Wholesale Distributors,2.0,22.0,3.0,2.0,3.82,3.8107,2765.81K,652.94K,105.28,39.37,,No,49.88,50.29,,49.31,63.17,153
3606,GBLOGISTIC.BO,20.51,20.6,10.80K,Transportation,Air Freight/Couriers,2.0,12.0,8.0,1.0,1.27,1.0921,11.05K,11.28K,66.57,19.14,168.07M,No,23.35,24.25,35.35,23.61,31.44,417
3607,USHAKIRA.BO,23.85,24.55,0.39K,Finance,Investment Banks/Brokers,2.0,3.0,5.0,1.0,1.0864,0.8679,0.61K,1.08K,60.5,23.6,60.69M,No,27.52,28.96,41.05,28.8,37.79,496
3608,RFL.BO,83.04,79.09,0.14K,Finance,Finance/Rental/Leasing,2.0,16.0,1.0,7.0,5.5764,4.955,0.32K,0.71K,195.0,75.15,255.93M,No,86.16,108.42,128.15,104.74,121.71,495
3609,ACCEDERE.BO,38.05,40.05,1.14K,Distribution Services,Electronics Distributors,2.0,1.0,2.0,3.0,3.2743,3.2443,5.67K,2.11K,91.42,38.05,173.92M,No,48.91,60.62,63.57,57.73,60.59,497
3610,RAMKY.NS,267.5,269.8,29.95K,Industrial Services,Engineering & Construction,1.0,3.0,3.0,2.0,12.7536,12.5143,46.90K,72.38K,658.3,264.5,18.51B,No,302.81,346.1,435.5,340.07,408.33,496
3611,SVJ.BO,169.8,166.0,0.50K,Consumer Non-Durables,Food: Major Diversified,1.0,7.0,3.0,0.0,6.9714,5.0036,1.93K,1.35K,583.55,163.5,945.96M,No,182.81,191.61,367.98,189.12,303.39,493
3612,TERASOFT.NS,225.64,217.16,25.78K,Technology Services,Information Technology Services,1.0,6.0,1.0,4.0,17.7257,17.2914,28.34K,42.62K,598.0,194.11,2.82B,No,228.57,293.64,359.69,279.41,339.21,496
3613,PNCINFRA.NS,134.74,134.49,415.30K,Industrial Services,Engineering & Construction,1.0,2.0,1.0,8.0,5.1529,5.135,1177.26K,1057.70K,291.65,116.4,34.57B,No,140.59,182.59,209.64,175.0,201.32,497
3614,SOLARWORLD.NS,129.06,124.91,154.93K,Industrial Services,Engineering & Construction,1.0,15.0,1.0,7.0,6.73,6.6843,322.95K,245.41K,350.0,122.92,11.19B,No,132.86,147.88,193.33,143.9,176.45,253
3615,MISQUITA.BO,55.4,57.0,1.00K,Distribution Services,Electronics Distributors,1.0,69.0,2.0,1.0,0.7429,0.6286,1.06K,0.78K,142.0,49.71,259.72M,No,55.79,62.83,96.57,61.02,88.87,495
3616,OSWALPUMPS.NS,254.35,255.45,229.79K,Producer Manufacturing,Industrial Machinery,1.0,36.0,1.0,6.0,8.6464,7.9107,559.58K,287.37K,790.0,251.1,29.00B,No,271.11,289.51,366.96,285.51,349.63,324
3617,BCONCEPTS.NS,143.39,142.47,5.19K,Consumer Durables,Home Furnishings,1.0,12.0,3.0,2.0,6.3921,6.3286,12.27K,11.80K,380.0,136.5,1.79B,No,148.12,160.2,222.59,156.68,193.13,496
3618,GVL.BO,39.27,35.7,32.00K,Distribution Services,Wholesale Distributors,1.0,86.0,11.0,0.0,1.9514,1.1021,4.71K,6.30K,141.8,30.6,510.09M,No,36.67,38.06,69.09,38.11,57.11,494
3619,SOLEX.NS,643.65,653.15,29.89K,Producer Manufacturing,Building Products,1.0,20.0,2.0,2.0,34.9036,33.45,58.79K,55.29K,1985.0,638.2,6.95B,No,685.68,764.8,1023.43,746.22,997.94,495
3620,KRRAIL.BO,16.5,16.97,133.59K,Industrial Services,Engineering & Construction,1.0,1.0,1.0,3.0,1.8586,1.8164,79.57K,153.45K,47.99,16.0,689.83M,No,19.27,21.61,27.37,21.15,25.34,495
3621,AUTOINT.BO,224.8,216.6,0.21K,Finance,Finance/Rental/Leasing,1.0,3.0,3.0,2.0,14.5429,12.15,1.46K,1.36K,1031.0,214.2,782.49M,No,245.0,278.88,409.17,272.85,339.78,496
3622,SOLARIUM.BO,116.05,117.1,17.40K,Electronic Technology,Semiconductors,1.0,3.0,2.0,2.0,6.6893,6.3393,15.23K,21.81K,374.0,115.0,2.42B,No,130.4,147.12,179.44,143.91,171.61,407
3623,RFIL.BO,26.1,25.6,4.00K,Consumer Non-Durables,Apparel/Footwear,1.0,9.0,4.0,,1.4621,1.1471,18.86K,14.40K,64.0,23.5,270.66M,No,26.39,30.84,,29.94,,90
3624,SEEMAX.BO,54.0,55.0,2.00K,Finance,Finance/Rental/Leasing,1.0,71.0,,,1.4264,0.3186,9.58K,3.10K,112.8,49.05,237.60M,No,56.48,57.17,,56.88,,67
3625,LORDSMARK.BO,80.18,80.83,267.92K,Finance,Investment Banks/Brokers,1.0,50.0,86.0,0.0,4.5271,4.2736,1420.82K,2756.86K,12757.0,60.0,34.21B,No,86.02,86.24,8702.08,85.5,6843.14,496
3626,JIVIAL.BO,75.0,77.74,4.20K,Non-Energy Minerals,Aluminum,1.0,53.0,2.0,,2.3221,2.1086,9.74K,2.16K,164.6,66.2,350.22M,No,77.73,79.58,,79.76,,71
3627,MEDICO.NS,22.8,21.83,306.86K,Health Technology,Pharmaceuticals: Major,1.0,0.0,1.0,2.0,2.3071,2.3071,508.60K,1134.19K,56.88,20.47,1.89B,No,28.61,37.69,42.22,36.01,39.72,497
3628,TRL.BO,55.1,54.46,6.56K,Producer Manufacturing,Building Products,1.0,23.0,2.0,1.0,2.6493,2.625,18.91K,7.82K,188.0,53.37,683.11M,No,57.46,62.07,89.75,62.18,82.3,495
3629,ZAPPFRESH.BO,54.9,52.95,14.40K,Retail Trade,Food Retail,1.0,13.0,3.0,1.0,4.3986,4.0371,70.22K,50.52K,208.0,47.1,1.22B,No,56.39,64.98,95.62,62.9,83.34,247
3630,RMC.NS,184.33,186.46,32.15K,Producer Manufacturing,Electrical Products,1.0,5.0,1.0,,12.3314,12.2621,76.19K,56.78K,530.0,182.56,1.95B,No,209.09,243.3,,238.71,,130
3631,MEERA.BO,27.44,26.99,3.06K,Producer Manufacturing,Industrial Machinery,1.0,13.0,1.0,3.0,1.7679,1.765,12.10K,10.90K,103.46,25.5,586.05M,No,28.41,32.35,49.47,31.45,44.01,497
3632,RKEC.NS,19.87,20.47,20.22K,Industrial Services,Engineering & Construction,1.0,58.0,4.0,1.0,2.2721,2.2129,56.67K,164.27K,71.29,17.4,476.69M,No,20.57,22.43,34.03,22.25,28.46,497
3633,SCARNOSE.BO,35.82,35.82,1.00K,Consumer Non-Durables,Apparel/Footwear,1.0,67.0,0.0,1.0,0.0,0.0,1.10K,1.10K,89.9,35.82,112.84M,No,35.82,41.27,65.04,36.62,62.87,494
3634,SALEM.BO,19.0,18.55,10.57K,Finance,Finance/Rental/Leasing,1.0,1.0,0.0,2.0,1.8407,1.6586,2.88K,3.78K,46.49,18.07,279.11M,No,23.96,28.78,34.04,27.74,33.93,495
3635,AICHAMP.BO,19.2,18.25,3.31K,Process Industries,Textiles,1.0,59.0,0.0,3.0,1.3679,1.2986,4.19K,1.51K,56.8,17.3,590.47M,No,19.0,25.17,30.49,23.86,30.12,495
3636,SUPREME.NS,29.63,29.96,4.08K,Finance,Real Estate Development,1.0,3.0,1.0,1.0,1.67,1.6621,32.45K,24.79K,97.84,29.06,1.15B,No,31.55,37.19,50.15,36.18,44.97,415
3637,TURTLEMINT.NS,68.31,69.53,656.45K,Finance,Insurance Brokers/Services,1.0,0.0,0.0,,8.8671,6.1121,2157.49K,4713.79K,160.0,65.85,,No,102.63,122.61,,119.09,,73
3638,CHTR.BO,30.08,33.0,94.80K,Commercial Services,Advertising/Marketing Services,1.0,3.0,1.0,2.0,2.2957,2.215,11.94K,15.00K,156.75,30.0,425.45M,No,35.37,41.58,55.44,39.9,50.21,251
3639,TRANSPACT.BO,89.95,85.79,1.50K,Health Technology,Medical Specialties,1.0,82.0,0.0,1.0,0.935,0.0086,0.64K,1.89K,236.1,81.47,34.79M,No,88.34,94.9,156.69,90.5,157.95,495
3640,KINGSINFR.BO,63.67,61.92,24.20K,Process Industries,Agricultural Commodities/Milling,1.0,2.0,0.0,1.0,4.3657,4.345,22.44K,37.59K,168.0,60.2,1.56B,No,72.69,86.31,114.66,83.0,109.28,495
3641,RAJESHEXPO.NS,57.61,59.37,173.72K,Consumer Durables,Other Consumer Specialties,1.0,1.0,1.0,2.0,2.9171,2.8907,191.78K,213.18K,237.88,57.07,17.01B,No,67.9,75.74,114.49,74.24,92.2,497
3642,GSLSU.NS,26.43,27.44,119.02K,Non-Energy Minerals,Construction Materials,1.0,25.0,3.0,1.0,1.8929,1.8014,147.18K,56.29K,139.67,23.06,1.12B,No,29.28,29.3,56.22,29.25,42.13,496
3643,SPITZE.BO,36.15,37.35,25.00K,Consumer Durables,Home Furnishings,1.0,65.0,2.0,1.0,1.7593,1.2214,52.34K,21.10K,251.0,29.64,2.19B,No,37.49,36.58,95.68,35.91,56.46,495
3644,ROYAL.BO,76.0,76.0,1.00K,Distribution Services,Medical Distributors,1.0,2.0,2.0,0.0,2.2321,1.7821,3.45K,5.05K,255.9,76.0,406.61M,No,88.7,94.84,135.96,93.81,117.87,495
3645,IMEC.BO,82.95,79.18,0.58K,Non-Energy Minerals,Steel,1.0,4.0,4.0,1.0,8.4371,8.0864,1.26K,0.93K,448.35,74.0,157.60M,No,95.66,100.9,166.72,100.08,133.6,495
3646,MANOJJEWEL.BO,19.3,19.09,74.00K,Retail Trade,Specialty Stores,1.0,0.0,1.0,0.0,1.8814,1.51,36.13K,55.00K,59.52,19.25,346.81M,No,26.04,27.69,39.73,27.71,36.72,353
3647,ABRFL.BO,36.9,36.2,4.80K,Consumer Non-Durables,Food: Specialty/Candy,0.0,64.0,4.0,0.0,0.8421,0.6814,3.54K,2.40K,143.9,33.5,190.18M,No,36.18,38.54,70.77,38.19,56.31,316
3648,OLATECH.BO,58.5,57.5,6.47K,Technology Services,Data Processing Services,0.0,7.0,6.0,0.0,1.9814,1.49,7.68K,6.66K,290.9,55.01,260.36M,No,62.5,64.8,129.1,64.89,97.35,495
3649,LEMERITE.NS,19.1,18.77,124.29K,Process Industries,Textiles,0.0,35.0,22.0,0.0,1.3343,1.3286,343.55K,318.64K,107.57,17.73,2.39B,No,19.66,21.32,58.37,21.02,44.14,497
3650,WAAREEINDO.NS,198.04,197.0,92.28K,Electronic Technology,Electronic Equipment/Instruments,0.0,1.0,0.0,1.0,11.29,9.715,109.46K,141.74K,725.0,196.24,8.24B,No,231.54,267.26,375.92,260.92,354.29,497
3651,ALPINETEX.NS,44.3,45.11,114.94K,Process Industries,Textiles,0.0,0.0,,,2.4107,2.395,275.11K,190.01K,105.0,43.56,1.69B,No,50.2,56.43,,54.31,,57
3652,UHMVL.BO,30.94,31.25,8.00K,Consumer Services,Other Consumer Services,0.0,53.0,5.0,,2.1786,2.0121,21.88K,28.88K,132.8,29.05,205.62M,No,32.59,33.66,,33.31,,84
3653,ATALREAL.NS,11.34,11.63,672.38K,Consumer Durables,Homebuilding,0.0,0.0,0.0,1.0,1.0536,1.0514,9905.25K,3422.55K,36.7,11.3,1.40B,No,13.43,24.58,26.3,23.24,26.45,496
3654,LELAVOIR.BO,58.25,61.31,2.07K,Process Industries,Agricultural Commodities/Milling,0.0,0.0,2.0,0.0,4.1871,4.1214,12.29K,5.69K,307.2,33.86,202.01M,No,73.2,66.82,152.54,68.98,130.29,495
3655,AASTHA.NS,27.65,28.68,461.67K,Process Industries,Textiles,0.0,1.0,0.0,,2.9086,2.6214,5093.39K,1889.21K,70.0,27.4,2.44B,No,36.03,37.73,,36.36,,68
3656,HEG.NS,248.5,252.21,1813.11K,Electronic Technology,Electronic Components,0.0,0.0,,,12.9314,12.4193,2169.41K,1650.63K,753.9,214.1,47.95B,No,239.9,505.97,,475.62,,57
3657,BHUDEVI.BO,91.5,87.15,16.95K,Process Industries,Textiles,0.0,84.0,0.0,0.0,4.1107,2.0786,20.89K,7.20K,305.15,52.9,419.92M,No,69.81,113.67,206.79,108.86,178.04,495
3658,DHANWEL.BO,39.0,39.45,7.20K,Process Industries,Agricultural Commodities/Milling,0.0,0.0,,,2.4407,1.8657,70.00K,25.08K,99.0,35.28,,No,46.03,,,,,31
3659,QRIL.BO,27.5,27.5,1.00K,Producer Manufacturing,Industrial Machinery,0.0,45.0,0.0,1.0,0.605,0.2,0.66K,0.55K,134.5,27.5,70.12M,No,28.82,33.12,66.13,31.31,47.32,494
3660,DHRUVCA.BO,79.96,78.92,6.41K,Finance,Finance/Rental/Leasing,0.0,36.0,0.0,0.0,4.1171,3.9514,9.25K,6.79K,445.5,70.95,574.94M,No,79.83,88.6,222.41,85.23,245.11,495
3661,SRGHFL.NS,115.81,120.97,56.90K,Finance,Finance/Rental/Leasing,0.0,0.0,0.0,0.0,9.0007,8.5571,19.83K,14.00K,335.0,114.93,1.82B,No,138.75,215.63,263.59,200.1,255.93,495
3662,MALA.BO,49.99,50.5,12.00K,Process Industries,Textiles,0.0,12.0,,,1.5136,0.8921,86.48K,9.80K,139.65,48.0,495.15M,No,52.36,67.62,,62.12,,51
3663,OMEGAIN.BO,14.94,15.72,69.50K,Technology Services,Information Technology Services,0.0,0.0,0.0,0.0,1.1164,0.6143,479.94K,484.15K,112.06,14.94,1.25B,No,18.78,27.33,51.29,25.46,50.93,497
3664,DAVIN.BO,12.35,13.0,16.00K,Consumer Non-Durables,Apparel/Footwear,0.0,0.0,0.0,1.0,0.7343,0.2,9.61K,19.40K,56.35,11.74,81.67M,No,14.95,21.64,31.02,20.74,27.91,432
3665,ARL.BO,34.9,34.21,6.11K,Process Industries,Textiles,0.0,9.0,1.0,1.0,1.595,1.5664,28.24K,26.84K,470.0,33.0,764.60M,No,37.3,40.6,117.23,40.15,50.7,495
3666,AEIM.BO,44.57,46.91,224.26K,Commercial Services,Miscellaneous Commercial Services,0.0,0.0,0.0,0.0,5.2693,4.205,85.46K,283.71K,195.0,44.57,1.23B,No,66.92,79.37,105.9,78.26,99.36,495
3667,EKENNIS.BO,37.5,37.5,0.80K,Technology Services,Information Technology Services,0.0,25.0,0.0,0.0,0.5536,0.125,0.82K,1.04K,168.0,35.75,52.50M,No,39.13,52.5,114.54,50.06,98.91,496
3668,CCME.BO,32.13,33.82,2.09K,Producer Manufacturing,Miscellaneous Manufacturing,0.0,91.0,0.0,0.0,2.2786,1.0221,10.80K,4.57K,181.3,26.41,1.45B,No,38.13,51.68,86.63,45.91,87.38,495
3669,SEML.BO,29.3,28.51,0.75K,Distribution Services,Wholesale Distributors,0.0,1.0,1.0,0.0,1.8364,1.63,15.24K,16.69K,342.25,27.26,561.39M,No,33.6,35.7,90.58,35.12,51.78,495
3670,TTFL.BO,20.0,20.02,14.33K,Process Industries,Textiles,0.0,17.0,1.0,0.0,1.3657,1.3657,27.14K,26.06K,379.0,19.4,299.92M,No,21.04,22.56,78.52,21.94,35.83,495
3671,INDIAGLYCO.NS,329.6,356.9,1262.71K,Process Industries,Chemicals: Specialty,0.0,90.0,0.0,0.0,26.0,25.8036,610.99K,1924.85K,1222.0,217.0,22.09B,No,297.34,693.41,905.17,628.68,882.24,497
3672,GULFLLOYDS.BO,31.38,30.65,4.80K,Commercial Services,Miscellaneous Commercial Services,0.0,12.0,,,1.5657,1.4571,45.58K,17.52K,100.0,28.59,211.16M,No,31.72,40.5,,37.35,,53
3673,QTFOODS.BO,32.18,30.65,13.20K,Consumer Non-Durables,Food: Specialty/Candy,0.0,0.0,,,2.1357,1.9679,55.13K,27.72K,115.0,30.4,227.74M,No,35.67,,,,,36
3674,BCCL.BO,24.08,24.08,9.20K,Process Industries,Chemicals: Specialty,0.0,3.0,0.0,0.0,1.2864,1.2229,23.24K,17.60K,429.5,22.31,345.25M,No,26.0,27.8,120.93,26.92,56.21,495
3675,KSE.NS,176.02,175.48,5.06K,Process Industries,Agricultural Commodities/Milling,0.0,62.0,,,5.0671,5.0014,18.41K,6.90K,665.4,173.0,5.63B,No,177.78,,,,,42
3676,AQYLON.NS,15.75,15.77,2665.72K,Consumer Services,Movies/Entertainment,0.0,0.0,0.0,0.0,1.19,1.1636,2962.20K,655.26K,1714.9,14.69,4.00B,No,18.03,21.67,141.27,20.87,38.98,497
3677,MOPSHOP.BO,32.54,32.61,21.00K,Distribution Services,Wholesale Distributors,0.0,0.0,,,2.5057,2.1143,53.76K,133.30K,137.0,31.82,234.29M,No,44.19,,,,,31
3678,BHAGYANGR.NS,43.45,41.4,16.57K,Producer Manufacturing,Electrical Products,0.0,0.0,0.0,0.0,50.5036,20.7643,152.89K,175.26K,467.9,43.45,1.46B,No,387.88,385.1,277.14,365.44,317.31,497
3679,MIZVEN.BO,27.03,28.31,11.13K,Industrial Services,Engineering & Construction,0.0,1.0,0.0,0.0,2.1364,2.0579,22.16K,1.92K,284.75,26.9,594.52M,No,35.13,37.73,115.5,36.29,104.13,495
3680,INLCM.BO,196.75,207.1,0.35K,Distribution Services,Wholesale Distributors,0.0,0.0,0.0,0.0,16.1679,14.6214,3.47K,4.28K,2640.75,196.75,526.31M,No,253.47,379.33,987.31,350.42,767.32,495
3681,VERANDA.NS,34.39,32.76,122.02K,Commercial Services,Miscellaneous Commercial Services,0.0,0.0,0.0,0.0,22.2021,8.9414,593.45K,659.42K,272.5,26.9,3.32B,No,186.04,222.23,206.06,217.42,210.92,497
3682,INDOTHAI.NS,36.75,38.68,1757.76K,Finance,Investment Banks/Brokers,0.0,39.0,0.0,0.0,2.1679,1.8529,2359.24K,1075.49K,466.35,29.0,4.76B,No,35.7,62.38,211.4,49.68,186.99,497
3683,CPML.BO,82.38,82.22,8.75K,Consumer Services,Movies/Entertainment,0.0,2.0,0.0,0.0,5.2193,3.4643,27.91K,167.10K,3289.95,65.15,878.50M,No,83.93,174.87,1837.6,148.62,1343.69,495
