Rank,Ticker,Price,Prev_Close,DVol,Sector,Industry,RS Percentile,1M_RS Percentile,3M_RS Percentile,6M_RS Percentile,ATR,ADR,AvgVol,AvgVol10,52WKH,52WKL,MCAP,IPO,SMA20,SMA50,SMA200,SMA10W,SMA30W,History_Days
1,ARIHANT.NS,883.35,887.5,0.73K,Finance,Real Estate Development,98.0,2.0,47.0,,59.8714,59.7607,7.44K,2.90K,1225.0,39.65,9.60B,No,969.85,964.58,,975.16,,106
2,APOLLOIN.BO,83.81,79.82,0.29K,Process Industries,Agricultural Commodities/Milling,98.0,0.0,76.0,98.0,4.51,0.0586,3.40K,5.80K,146.05,5.16,871.62M,No,98.6,111.4,49.13,110.18,65.31,498
3,MRUTR.BO,100.25,102.25,1.46K,Finance,Investment Banks/Brokers,98.0,67.0,98.0,98.0,3.8679,2.0471,21.24K,71.25K,115.3,0.75,72.43B,No,97.51,85.54,35.75,88.55,48.51,498
4,AXISOL.BO,602.6,590.8,1.50K,Technology Services,Information Technology Services,98.0,91.0,96.0,98.0,13.1821,1.5321,6.26K,4.27K,667.75,26.86,28.48B,No,586.09,447.85,255.95,467.7,323.99,499
5,ISERA.BO,143.9,143.9,0.20K,Technology Services,Packaged Software,98.0,54.0,88.0,98.0,0.0,0.0,2.51K,0.02K,143.9,5.06,1.21B,No,143.9,143.46,74.17,143.9,97.43,497
6,SALSAIN.BO,368.25,371.95,0.00K,Finance,Financial Conglomerates,98.0,41.0,90.0,54.0,22.5429,19.4929,0.59K,0.21K,828.95,14.58,2.57B,No,363.89,344.75,281.57,352.55,370.28,498
7,JTLDEFENCE.BO,905.9,888.35,21.25K,Non-Energy Minerals,Other Metals/Minerals,98.0,98.0,98.0,98.0,33.4179,10.8143,3.60K,5.89K,906.1,55.58,9.54B,No,624.69,618.59,273.9,648.01,363.23,499
8,SOURCEIND.BO,53.11,52.07,0.30K,Consumer Durables,Home Furnishings,98.0,97.0,98.0,98.0,0.9714,0.0036,0.36K,0.29K,53.11,4.18,605.62M,No,43.61,34.15,15.25,36.57,20.09,499
9,SAMTELIN.BO,40.25,39.52,3.08K,Producer Manufacturing,Miscellaneous Manufacturing,98.0,52.0,4.0,96.0,0.8343,0.605,12.38K,4.68K,72.95,1.89,285.29M,No,39.15,46.97,28.28,45.25,37.31,266
10,MODMA.BO,43.45,45.73,5.50K,Producer Manufacturing,Metal Fabrication,98.0,73.0,1.0,97.0,1.7793,0.9,1.42K,1.68K,85.79,2.08,5.06B,No,48.3,50.24,34.8,48.9,46.02,498
11,SESHACHAL.BO,63.33,66.66,0.00K,Technology Services,Information Technology Services,98.0,6.0,2.0,3.0,0.5136,0.0007,0.62K,0.05K,105.31,2.39,4.40M,No,71.55,73.28,76.74,72.03,88.3,497
12,TANDHANIN.BO,157.1,157.0,2.98K,Finance,Investment Banks/Brokers,98.0,80.0,75.0,98.0,9.9964,7.5,7.27K,13.48K,175.0,10.48,7.82B,No,143.84,147.37,77.92,148.46,104.46,498
13,MAXGROW.BO,188.85,185.15,1.07K,Commercial Services,Personnel Services,98.0,98.0,99.0,97.0,5.0571,0.1693,26.03K,7.19K,188.85,13.39,7.54B,No,143.36,103.49,63.17,114.31,72.55,498
14,VINRKLB.BO,58.24,57.1,11.17K,Health Technology,Pharmaceuticals: Major,98.0,98.0,91.0,92.0,1.4529,0.6471,2.22K,7.36K,58.24,4.5,351.07M,No,47.1,36.81,28.26,38.38,37.34,498
15,HARCR.BO,31.23,30.62,0.17K,Producer Manufacturing,Auto Parts: Oem,98.0,98.0,98.0,98.0,0.7507,0.0,0.24K,0.22K,31.23,3.64,327.92M,No,24.34,17.14,9.53,18.6,11.19,499
16,LIPPISYS.BO,213.85,225.1,13.52K,Producer Manufacturing,Industrial Machinery,98.0,9.0,92.0,98.0,10.575,8.2214,22.75K,18.90K,281.2,22.98,1.50B,No,222.72,232.86,102.74,234.14,132.82,497
17,ASIACAP.BO,121.0,120.6,0.09K,Finance,Finance/Rental/Leasing,98.0,91.0,97.0,98.0,2.2264,0.5493,0.69K,0.15K,123.0,17.37,374.13M,No,110.39,96.19,50.55,100.06,65.07,498
18,NEWMKTAVE.BO,67.05,67.05,0.00K,Finance,Investment Managers,98.0,92.0,97.0,98.0,0.4493,0.0,,,67.05,9.1,686.59M,No,63.52,51.16,25.57,54.54,33.3,497
19,STLTECH.NS,854.75,865.9,2260.09K,Technology Services,Information Technology Services,98.0,95.0,91.0,98.0,42.3464,34.5036,2140.82K,1747.73K,897.3,84.6,439.27B,No,700.15,619.19,348.34,642.59,451.39,500
20,PANKAJPO.BO,146.3,153.95,2.82K,Producer Manufacturing,Miscellaneous Manufacturing,98.0,98.0,97.0,95.0,7.2707,1.8414,18.43K,19.15K,179.05,16.42,811.07M,No,121.98,97.47,65.96,104.28,77.25,497
21,INDUSFINL.BO,279.55,274.1,2.91K,Finance,Investment Banks/Brokers,98.0,96.0,98.0,98.0,5.1107,0.6357,8.38K,4.82K,279.55,38.94,2.59B,No,230.44,187.41,99.66,198.59,122.62,497
22,SANGINITA.NS,64.39,63.13,79.63K,Process Industries,Chemicals: Specialty,98.0,84.0,96.0,98.0,2.8893,1.4836,290.62K,446.59K,68.02,9.26,1.67B,No,56.96,56.82,28.39,58.02,35.76,499
23,KARTKIN.BO,7470.0,7858.0,0.00K,Finance,Financial Conglomerates,98.0,15.0,18.0,98.0,437.0107,251.5001,0.02K,0.03K,10741.85,1087.8,1.82B,No,8692.22,8788.63,5023.88,8655.01,6502.44,499
24,APPL.BO,333.25,340.0,21.60K,Distribution Services,Medical Distributors,98.0,92.0,93.0,97.0,6.8,2.2357,15.03K,17.28K,341.7,32.32,5.72B,No,305.42,275.27,168.23,280.58,204.27,238
25,RANJITSE.BO,58.52,59.78,0.20K,Finance,Finance/Rental/Leasing,98.0,36.0,9.0,1.0,1.2757,1.2307,0.13K,0.08K,122.1,6.24,157.27M,No,62.01,60.98,,60.76,73.44,193
26,GLITTEKG.BO,77.8,78.5,11.94K,Non-Energy Minerals,Construction Materials,98.0,76.0,95.0,63.0,2.8621,2.0036,12.89K,22.72K,83.3,8.22,2.02B,No,67.69,61.28,43.08,64.07,53.25,497
27,DUKEOFS.BO,67.68,66.36,1.67K,Retail Trade,Specialty Stores,98.0,97.0,98.0,98.0,1.2371,0.0014,8.27K,3.27K,67.68,13.12,667.14M,No,55.58,42.72,24.4,45.98,28.83,497
28,BATLIBOI.NS,85.59,87.29,27.05K,Producer Manufacturing,Industrial Machinery,98.0,58.0,68.0,,4.2443,4.1229,81.58K,47.84K,106.5,15.7,4.04B,No,87.29,86.21,,86.36,,106
29,SANCODE.BO,664.2,651.2,3.00K,Technology Services,Information Technology Services,98.0,95.0,98.0,96.0,10.0143,0.0036,1.88K,1.55K,664.2,91.95,4.95B,No,568.37,466.78,273.73,493.2,332.32,497
30,SHANTAI.BO,91.16,90.43,155.33K,Process Industries,Textiles,98.0,47.0,24.0,94.0,0.1829,0.0,5.30K,16.19K,102.01,11.69,684.98M,No,91.7,92.48,62.03,92.17,80.94,496
31,SIGMAADV.NS,792.85,755.1,250.03K,Technology Services,Information Technology Services,98.0,86.0,95.0,98.0,38.3893,32.6571,347.20K,268.99K,801.0,140.1,139.73B,No,726.4,648.89,354.03,666.86,423.88,500
32,PURPLEWAVE.BO,428.2,407.85,13.00K,Technology Services,Packaged Software,98.0,97.0,98.0,98.0,18.2571,11.2393,35.91K,11.20K,431.0,95.1,3.96B,No,363.33,242.27,,262.22,164.95,191
33,PARMSILK.BO,325.0,313.55,0.07K,Process Industries,Textiles,98.0,47.0,95.0,97.0,18.175,16.9679,1.02K,0.21K,472.35,50.32,975.36M,No,330.2,342.2,167.91,341.37,206.67,361
34,CUPID.NS,277.45,279.7,9571.52K,Consumer Non-Durables,Household/Personal Care,98.0,35.0,95.0,97.0,9.3557,9.3521,33227.94K,12806.65K,299.0,38.2,373.08B,No,281.01,250.15,140.67,255.46,163.92,501
35,SHENTRA.BO,132.0,131.5,0.03K,Process Industries,Chemicals: Specialty,98.0,57.0,88.0,94.0,0.3679,0.2607,0.13K,0.07K,134.85,16.65,585.84M,No,131.29,126.32,77.73,128.41,93.36,236
36,SURBHIN.BO,115.97,111.14,12.48K,Process Industries,Textiles,98.0,17.0,11.0,97.0,6.1243,3.7643,3.54K,1.31K,249.65,15.48,398.64M,No,94.32,95.98,80.59,98.71,102.7,498
37,PARMAX.BO,133.75,132.45,2.02K,Health Technology,Pharmaceuticals: Major,98.0,91.0,98.0,98.0,0.8036,0.0429,12.09K,1.48K,133.75,22.6,500.40M,No,126.7,109.25,54.45,115.17,64.96,495
38,HIKLASS.BO,92.0,91.4,20.53K,Finance,Investment Banks/Brokers,98.0,70.0,57.0,94.0,1.565,1.4686,11.39K,44.47K,108.35,12.76,2.78B,No,90.12,82.83,61.36,84.4,76.98,498
39,SIMANDHAR.BO,149.25,150.0,0.01K,Distribution Services,Wholesale Distributors,97.0,41.0,24.0,61.0,6.9893,5.6179,1.93K,0.35K,189.1,21.5,456.25M,No,153.24,148.08,,146.87,141.05,180
40,TRANSCHEM.BO,379.55,375.1,2.10K,Health Technology,Pharmaceuticals: Other,97.0,91.0,87.0,94.0,13.925,13.2571,5.86K,4.26K,384.0,47.8,4.65B,No,340.5,333.96,222.26,338.15,251.3,497
41,STELLANT.BO,1014.95,1027.65,1.43K,Finance,Investment Banks/Brokers,97.0,60.0,96.0,84.0,61.675,61.15,8.04K,5.20K,1104.6,135.6,5.77B,No,1029.34,838.34,621.82,878.88,687.21,498
42,BLISSGVS.NS,700.45,692.85,212.47K,Health Technology,Pharmaceuticals: Major,97.0,96.0,93.0,97.0,34.4464,33.375,558.07K,410.75K,725.9,118.0,74.48B,No,600.01,532.88,323.7,547.35,389.28,500
43,PHCAP.BO,1051.6,1036.55,0.85K,Finance,Investment Banks/Brokers,97.0,70.0,68.0,91.0,52.9464,52.7929,3.85K,9.15K,1158.9,165.05,3.15B,No,1061.51,1021.95,698.54,1033.95,829.95,497
44,INDSWFTLAB.NS,377.5,388.55,371.86K,Health Technology,Pharmaceuticals: Major,97.0,94.0,98.0,96.0,20.6814,19.5007,1414.67K,842.86K,404.0,87.15,32.83B,No,348.44,279.23,167.93,288.82,196.5,499
45,TBZ.NS,501.25,527.6,1593.81K,Consumer Durables,Other Consumer Specialties,97.0,98.0,98.0,98.0,38.6714,30.4143,2919.63K,6279.60K,583.05,110.5,33.45B,No,342.15,288.38,189.26,310.94,204.72,500
46,VIVAA.BO,134.0,132.0,2.00K,Consumer Non-Durables,Apparel/Footwear,97.0,90.0,98.0,98.0,1.1714,0.1429,6.84K,2.80K,134.0,31.84,527.62M,No,122.86,107.51,57.28,111.78,65.66,499
47,TRADWIN.BO,484.85,494.7,0.05K,Consumer Services,Other Consumer Services,97.0,6.0,4.0,4.0,12.7036,2.5179,0.06K,0.13K,846.45,47.04,1.45B,No,579.85,584.72,559.87,575.92,589.38,498
48,EMROCK.BO,255.0,246.9,4.87K,Consumer Durables,Homebuilding,97.0,30.0,21.0,27.0,7.0607,5.6857,2.53K,1.69K,305.95,25.39,4.03B,No,268.2,262.75,247.68,261.12,270.18,497
49,STEELCO.BO,238.4,243.25,0.26K,Non-Energy Minerals,Steel,97.0,97.0,85.0,97.0,6.8429,3.65,11.91K,14.03K,269.1,15.0,1.50B,No,234.55,176.66,115.8,184.97,144.7,499
50,NEELKAN.BO,60.35,61.54,0.21K,Non-Energy Minerals,Construction Materials,97.0,36.0,97.0,97.0,1.7243,1.1986,5.30K,1.99K,63.0,14.0,304.39M,No,59.6,52.26,28.48,53.26,33.45,497
51,PARMESHWAR.BO,342.85,311.7,179.00K,Non-Energy Minerals,Other Metals/Minerals,97.0,98.0,95.0,97.0,23.8643,20.9107,20.59K,48.70K,342.85,64.71,5.25B,No,261.57,219.48,169.98,228.28,185.51,413
52,PHOTON.BO,351.5,348.05,0.23K,Finance,Investment Managers,97.0,68.0,98.0,97.0,0.7321,0.0,0.08K,0.06K,351.5,90.0,956.32M,No,343.64,312.78,168.44,330.42,199.04,496
53,NOVARTIND.NS,2428.2,2186.3999,2292.76K,Health Technology,Pharmaceuticals: Major,97.0,97.0,96.0,,116.95,111.5214,51.82K,152.17K,2588.8,672.25,59.95B,No,1636.55,1605.44,,1641.52,,106
54,KELENRG.BO,12042.1,11806.0,1.65K,Process Industries,Industrial Specialties,97.0,82.0,98.0,98.0,319.8643,109.5392,1.92K,0.64K,14800.0,2900.0,12.04B,No,13306.99,10584.04,5714.0,10882.25,6608.57,497
55,KABRAEXTRU.NS,707.55,662.95,772.87K,Producer Manufacturing,Industrial Machinery,97.0,96.0,98.0,97.0,36.1429,35.1286,306.58K,295.90K,717.0,180.0,24.75B,No,585.33,460.02,288.29,481.92,316.82,500
56,BODALCHEM.NS,166.11,174.85,2774.61K,Process Industries,Industrial Specialties,97.0,99.0,98.0,98.0,12.9514,10.4436,1449.58K,8038.88K,189.68,42.81,20.92B,No,108.82,83.17,64.14,89.82,71.39,499
57,MODISONLTD.NS,514.8,490.3,170.53K,Industrial Services,Engineering & Construction,97.0,98.0,95.0,98.0,32.8357,30.8679,162.70K,397.48K,546.0,114.0,16.71B,No,435.72,347.4,219.71,354.21,247.78,500
58,SPICEISLIN.BO,93.3,96.75,17.23K,Process Industries,Textiles,97.0,34.0,57.0,91.0,5.8729,5.5886,71.48K,74.99K,110.0,14.2,2.91B,No,97.64,99.21,66.78,98.12,78.8,500
59,ARVAYA.BO,127.0,121.0,0.21K,Distribution Services,Medical Distributors,97.0,80.0,97.0,95.0,4.65,3.0036,0.52K,0.66K,145.0,26.61,6.10B,No,117.07,112.77,68.49,116.91,76.89,499
60,SETL.NS,445.9,424.7,344.59K,Health Technology,Medical Specialties,97.0,97.0,98.0,98.0,20.6286,17.8321,1344.52K,1247.15K,445.9,104.56,88.95B,No,354.61,309.89,184.82,321.58,204.77,415
61,WELCORP.NS,2776.9,2608.5,4260.35K,Producer Manufacturing,Industrial Machinery,97.0,97.0,97.0,98.0,123.1357,120.4857,1653.03K,2132.77K,2784.8,710.0,732.28B,No,2354.38,1945.04,1239.43,2020.79,1425.71,501
62,BHAGYANGR.NS,432.2,411.65,487.76K,Producer Manufacturing,Electrical Products,97.0,82.0,88.0,96.0,15.7214,14.7393,126.58K,133.19K,432.3,89.0,14.48B,No,386.75,386.34,254.65,392.1,294.12,500
63,SKM.BO,500.0,494.4,53.00K,Process Industries,Chemicals: Major Diversified,97.0,87.0,82.0,98.0,15.1107,13.925,18.83K,22.20K,502.0,102.05,6.12B,No,447.68,444.31,270.72,451.77,324.43,224
64,KUBERJI.BO,49.81,49.8,9.82K,Finance,Financial Conglomerates,97.0,98.0,97.0,98.0,2.8636,1.3386,29.90K,86.96K,56.22,10.51,171.00M,No,45.48,31.38,20.53,34.15,23.71,497
65,INDOSMC.BO,514.85,500.9,76.00K,Producer Manufacturing,Electrical Products,97.0,76.0,96.0,98.0,24.5393,23.6179,70.06K,52.00K,533.8,134.0,11.77B,No,499.09,457.74,,464.74,305.47,160
66,DATIWARE.BO,61.0,60.86,0.40K,Process Industries,Agricultural Commodities/Milling,97.0,93.0,98.0,95.0,0.5014,0.0729,0.18K,0.26K,61.0,17.78,305.00M,No,56.67,45.66,29.28,49.25,33.39,497
67,KANELIND.BO,77.26,79.87,0.37K,Process Industries,Agricultural Commodities/Milling,97.0,57.0,96.0,98.0,5.3271,3.9443,3.39K,6.95K,92.0,10.0,1.22B,No,76.2,66.54,38.32,68.86,41.44,499
68,SHAHFOOD.BO,410.0,418.7,0.88K,Consumer Non-Durables,Food: Specialty/Candy,97.0,84.0,98.0,96.0,25.7679,20.85,1.06K,1.38K,439.0,97.55,9.56B,No,381.96,367.16,212.57,378.55,240.25,499
69,RSCINT.BO,82.62,81.0,12.25K,Process Industries,Chemicals: Specialty,97.0,97.0,98.0,96.0,1.6479,0.2793,12.09K,20.80K,83.14,22.42,475.04M,No,70.57,54.33,44.83,58.5,38.57,497
70,CELLA.BO,40.46,42.58,61.11K,Process Industries,Pulp & Paper,97.0,96.0,98.0,97.0,2.665,2.0179,28.41K,57.50K,44.7,11.65,815.32M,No,32.25,27.0,17.79,28.34,19.76,497
71,SJCORP.BO,186.25,184.45,2.43K,Consumer Durables,Other Consumer Specialties,97.0,68.0,98.0,96.0,0.3857,0.1286,0.63K,0.37K,186.25,61.75,8.07B,No,182.12,168.6,95.83,177.28,110.48,497
72,RAMGOPOLY.BO,29.52,30.12,0.55K,Producer Manufacturing,Miscellaneous Manufacturing,97.0,2.0,97.0,83.0,0.7129,0.2964,10.72K,4.61K,38.49,5.12,428.04M,No,33.66,27.13,20.48,28.12,22.5,497
73,AHLWEST.NS,526.0,516.0,0.06K,Consumer Services,Hotels/Resorts/Cruise Lines,97.0,47.0,24.0,98.0,27.9857,26.95,0.67K,0.94K,751.4,137.0,6.13B,No,534.0,550.74,346.89,550.5,426.22,500
74,INTEGFD.BO,14.8,15.1,50.65K,Process Industries,Agricultural Commodities/Milling,97.0,78.0,54.0,97.0,0.6454,0.5118,36.87K,117.73K,16.32,2.07,2.77B,No,14.38,14.46,9.16,14.4,11.44,501
75,NATHUEC.BO,39.45,39.27,1.60K,Transportation,Air Freight/Couriers,97.0,79.0,43.0,97.0,0.5071,0.3564,5.72K,0.83K,39.68,8.34,163.53M,No,37.41,34.91,22.34,35.24,26.47,497
76,KETOMOTORS.BO,280.95,276.85,5.70K,Process Industries,Chemicals: Agricultural,96.0,95.0,95.0,97.0,21.5679,16.7821,7.23K,15.36K,367.85,91.4,19.79B,No,295.76,252.54,142.6,258.94,164.63,499
77,AJCJEWEL.BO,257.4,245.15,10.80K,Consumer Durables,Other Consumer Specialties,96.0,98.0,98.0,95.0,9.8071,4.125,12.00K,6.24K,257.4,71.15,1.56B,No,191.47,143.88,110.51,152.94,119.11,299
78,SHHARICH.BO,281.45,286.65,146.18K,Process Industries,Chemicals: Specialty,96.0,98.0,98.0,96.0,13.2714,5.0071,8.74K,26.91K,300.95,87.65,1.78B,No,201.53,162.48,124.88,174.42,129.79,497
79,RAPICUT.BO,343.05,350.05,2.83K,Non-Energy Minerals,Other Metals/Minerals,96.0,83.0,97.0,95.0,7.4071,3.8071,10.24K,15.92K,376.8,66.66,1.84B,No,347.81,294.18,188.94,300.92,218.75,497
80,HFCL.NS,233.32,245.43,8322.13K,Electronic Technology,Telecommunications Equipment,96.0,70.0,87.0,97.0,11.6564,10.4979,22786.82K,12134.81K,256.7,59.82,357.04B,No,234.85,220.07,131.94,219.65,156.77,501
81,VOLKAI.BO,154.6,153.8,24.20K,Distribution Services,Wholesale Distributors,96.0,97.0,97.0,97.0,10.9586,8.8543,9.59K,10.67K,190.3,40.0,182.89M,No,144.7,111.53,68.27,117.07,78.95,497
82,MTARTECH.NS,7305.0,7501.0,66.07K,Electronic Technology,Aerospace & Defense,96.0,72.0,69.0,92.0,291.3929,256.9286,594.20K,125.37K,8714.0,1483.0,224.70B,No,7094.5,6677.86,5045.38,6731.2,6033.04,500
83,MOREPENLAB.NS,115.28,116.54,9812.25K,Health Technology,Pharmaceuticals: Major,96.0,97.0,98.0,97.0,6.8071,6.7371,20876.71K,25987.13K,122.55,33.05,63.17B,No,102.71,79.08,51.29,82.66,56.43,501
84,KSHINTL.NS,1174.3,1152.05,187.02K,Producer Manufacturing,Electrical Products,96.0,87.0,90.0,97.0,48.4179,46.7786,361.68K,340.71K,1198.0,330.0,79.57B,No,1023.28,937.94,,960.6,727.87,181
85,UFBL.NS,712.85,704.0,15.94K,Consumer Services,Restaurants,96.0,9.0,81.0,97.0,43.8429,42.7357,145.81K,67.15K,850.0,172.34,27.89B,No,753.45,733.89,413.59,739.63,503.68,498
86,SMTEL.BO,331.35,333.0,0.06K,Commercial Services,Miscellaneous Commercial Services,96.0,0.0,8.0,6.0,25.275,23.8214,1.01K,1.65K,594.35,47.35,5.99B,No,375.87,428.87,362.68,417.02,419.41,498
87,ACFSL.BO,60.2,57.36,1.20K,Finance,Investment Banks/Brokers,96.0,1.0,93.0,97.0,0.6443,0.0,0.69K,0.69K,82.09,20.04,,No,61.43,59.24,32.38,60.87,37.6,499
88,SUGSLLOYD.BO,269.8,235.0,194.00K,Utilities,Alternative Power Generation,96.0,97.0,98.0,97.0,16.9429,15.6036,64.50K,48.40K,275.8,82.5,6.26B,No,208.09,171.33,127.47,178.66,137.67,253
89,ZELIO.BO,829.0,827.35,13.00K,Consumer Durables,Motor Vehicles,96.0,79.0,92.0,93.0,20.2893,10.8964,21.30K,11.10K,900.6,154.9,17.53B,No,854.01,771.57,508.42,786.53,555.23,231
90,SAPL.BO,5186.35,4939.3999,0.01K,Producer Manufacturing,Industrial Machinery,96.0,93.0,97.0,95.0,208.9822,161.6643,0.28K,0.02K,5186.35,1840.95,24.71B,No,4069.89,3697.85,2533.06,3862.49,2790.6,498
91,SWASTIKAAL.BO,126.35,132.95,8.00K,Producer Manufacturing,Metal Fabrication,96.0,97.0,98.0,94.0,6.935,2.6107,20.09K,25.80K,144.25,39.0,1.03B,No,115.83,98.8,68.65,101.35,70.61,282
92,BIRLACABLE.NS,374.65,356.85,929.44K,Producer Manufacturing,Electrical Products,96.0,94.0,97.0,96.0,17.5629,11.4036,137.69K,360.56K,395.0,104.0,11.24B,No,308.63,247.87,176.17,263.87,196.15,499
93,TEJASSVI.BO,61.8,65.0,1.70K,Process Industries,Textiles,96.0,6.0,93.0,90.0,4.675,4.4,60.81K,6.13K,74.0,13.8,3.59B,No,65.17,62.28,39.1,62.78,45.91,497
94,MEGAMONT.BO,184.0,184.0,2.23K,Non-Energy Minerals,Forest Products,96.0,91.0,78.0,92.0,7.1357,5.9571,0.64K,1.00K,206.0,40.1,6.14B,No,164.19,161.49,120.07,162.47,148.51,497
95,BAFNAPH.NS,307.6,301.6,9.24K,Health Technology,Pharmaceuticals: Major,96.0,82.0,95.0,96.0,11.1786,7.7393,23.68K,13.59K,318.5,94.77,7.28B,No,277.7,255.28,166.48,261.13,179.69,498
96,STDSFAC.BO,124.09,118.19,67.93K,Consumer Non-Durables,Household/Personal Care,96.0,98.0,98.0,95.0,7.3393,3.515,6.92K,26.73K,124.09,44.1,1.03B,No,73.83,60.71,54.11,66.2,56.82,497
97,VEERHEALTH.BO,49.99,49.84,46.84K,Health Technology,Pharmaceuticals: Other,96.0,75.0,97.0,95.0,2.2614,2.2614,149.62K,106.92K,51.84,16.7,999.72M,No,49.07,44.06,26.72,45.27,30.25,497
98,RGIL.BO,56.1,55.0,0.55K,Process Industries,Pulp & Paper,96.0,42.0,88.0,95.0,2.0379,1.6036,43.85K,40.92K,63.8,12.66,3.69B,No,56.68,56.31,37.5,57.22,41.79,500
99,PRARUH.BO,125.0,130.5,32.00K,Technology Services,Information Technology Services,96.0,98.0,98.0,95.0,6.1029,3.3086,38.41K,91.40K,140.05,45.0,1.74B,No,100.54,78.78,59.35,83.07,63.05,236
100,SWANDEF.NS,2662.8,2584.5,22.30K,Producer Manufacturing,Trucks/Construction/Farm Machinery,96.0,65.0,85.0,72.0,124.8714,124.8714,22.78K,28.57K,2750.0,523.5,140.28B,No,2432.77,2405.1,1933.42,2446.44,2114.58,498
101,HIIL.BO,467.7,463.1,0.62K,Producer Manufacturing,Electrical Products,96.0,68.0,67.0,97.0,0.975,0.0,0.63K,0.19K,467.7,121.33,10.12B,No,457.23,444.08,286.21,447.57,347.68,498
102,COSPOWER.BO,2400.0,2299.6499,0.88K,Producer Manufacturing,Electrical Products,96.0,92.0,86.0,96.0,55.1821,39.5179,0.69K,1.20K,2400.0,595.0,4.41B,No,1984.47,1943.8,1310.79,1989.11,1478.65,498
103,SWASTIKA.BO,160.85,163.0,3.83K,Finance,Investment Banks/Brokers,96.0,69.0,98.0,97.0,8.6821,8.6321,92.34K,10.55K,195.0,43.65,3.23B,No,173.86,131.19,81.67,139.93,87.28,497
104,EXATO.BO,770.0,765.05,12.50K,Technology Services,Packaged Software,96.0,92.0,97.0,95.0,38.8857,34.375,43.82K,21.65K,785.95,266.0,7.75B,No,724.11,621.01,,644.3,458.69,191
105,VTMLTD.NS,52.72,55.8,43.60K,Process Industries,Textiles,96.0,,,,3.3664,3.2979,30.38K,43.63K,61.9,22.95,5.30B,No,50.05,,,,,22
106,SHILPAMED.NS,939.9,960.6,678.75K,Health Technology,Pharmaceuticals: Major,96.0,87.0,95.0,96.0,43.1143,43.1143,1794.56K,1444.34K,980.1,259.5,183.83B,No,887.81,748.52,478.54,766.94,547.03,501
107,MENONBE.NS,301.65,305.5,38.35K,Producer Manufacturing,Metal Fabrication,96.0,92.0,96.0,96.0,19.8086,19.3621,118.02K,107.08K,324.0,101.5,16.90B,No,277.96,233.72,153.3,244.49,171.0,499
108,AEROFLEX.NS,564.2,561.15,939.47K,Producer Manufacturing,Industrial Machinery,96.0,94.0,87.0,96.0,28.225,27.6643,1692.08K,1422.71K,584.15,158.0,74.66B,No,514.97,463.04,322.01,471.32,381.61,500
109,JAYKAILASH.BO,66.95,70.46,12.80K,Consumer Non-Durables,Food: Specialty/Candy,96.0,94.0,92.0,98.0,4.6014,3.85,62.73K,49.44K,75.65,10.73,334.54M,No,65.89,47.64,30.49,50.46,33.42,498
110,WHEELS.NS,2313.0,2400.6001,2648.32K,Producer Manufacturing,Auto Parts: Oem,96.0,98.0,89.0,95.0,133.3714,131.9643,310.22K,1219.84K,2498.0,705.85,56.51B,No,1647.87,1524.04,1198.39,1575.73,1356.61,501
111,CYIENTDLM.NS,923.3,945.65,451.94K,Electronic Technology,Electronic Production Equipment,96.0,93.0,97.0,97.0,47.5536,46.6571,875.99K,979.67K,1009.0,265.2,73.28B,No,804.58,691.01,462.57,716.75,491.39,500
112,CALSOFT.NS,36.9,35.15,400.47K,Technology Services,Information Technology Services,96.0,98.0,96.0,97.0,2.1064,1.1379,201.09K,407.48K,43.13,10.9,2.28B,No,32.82,26.23,18.84,27.53,20.51,499
113,ASMTEC.BO,6993.05,6521.6499,122.64K,Technology Services,Information Technology Services,95.0,96.0,97.0,97.0,334.9714,273.3357,31.62K,48.41K,7248.0,2099.9,102.02B,No,5044.15,4684.52,3440.55,4902.31,3645.93,497
114,BEEZAASAN.BO,549.85,539.1,11.20K,Process Industries,Industrial Specialties,95.0,91.0,97.0,96.0,10.9964,1.775,22.51K,18.64K,585.0,177.05,8.33B,No,536.59,445.76,289.16,456.45,315.48,379
115,NORTHLINK.BO,44.53,46.87,4.26K,Commercial Services,Miscellaneous Commercial Services,95.0,98.0,97.0,97.0,1.7221,0.4471,0.09K,0.37K,50.95,14.31,233.78M,No,32.52,27.55,19.75,29.09,22.03,499
116,SKYGOLD.NS,830.3,832.2,749.71K,Consumer Durables,Other Consumer Specialties,95.0,53.0,94.0,95.0,36.9714,36.9072,1222.82K,990.28K,868.8,259.0,128.59B,No,799.0,716.3,474.01,726.2,531.23,501
117,XTRANET.NS,285.59,293.37,4898.06K,Technology Services,Information Technology Services,95.0,98.0,,,22.29,21.9929,2321.99K,5431.16K,304.8,122.5,14.93B,No,198.96,,,,,31
118,ATHERENERG.NS,1658.3,1580.0,8084.03K,Consumer Durables,Motor Vehicles,95.0,71.0,94.0,95.0,67.0143,61.2643,4772.39K,7055.76K,1744.0,529.2,656.88B,No,1553.95,1400.53,950.3,1429.06,1060.78,341
119,DIACABS.NS,351.5,334.8,980.44K,Producer Manufacturing,Electrical Products,95.0,42.0,96.0,96.0,15.6286,15.6143,5054.45K,947.61K,379.0,115.57,210.22B,No,347.4,307.44,192.07,319.19,216.24,500
120,SAKAR.NS,1117.3,1152.35,91.28K,Health Technology,Pharmaceuticals: Major,95.0,87.0,87.0,93.0,62.6607,54.6857,171.45K,314.18K,1211.0,328.2,24.52B,No,948.94,901.48,641.22,910.98,734.44,500
121,PVP.NS,66.1,64.54,1507.97K,Technology Services,Information Technology Services,95.0,98.0,97.0,95.0,4.9886,4.4043,1826.71K,3577.76K,71.9,23.0,17.21B,No,55.6,39.82,32.89,42.57,33.36,500
122,ANSINDUS.BO,31.48,33.13,0.70K,Consumer Non-Durables,Food: Major Diversified,95.0,98.0,98.0,90.0,1.5343,0.2486,0.67K,2.69K,36.61,9.4,291.37M,No,23.66,16.12,16.2,17.71,16.77,499
123,KANORICHEM.NS,175.14,166.8,100.44K,Process Industries,Chemicals: Specialty,95.0,78.0,96.0,96.0,7.6557,7.3093,47.62K,35.35K,175.14,56.0,7.65B,No,156.91,149.49,98.14,152.8,108.68,500
124,GTIL.BO,147.3,142.0,60.80K,Producer Manufacturing,Metal Fabrication,95.0,98.0,98.0,96.0,9.2793,8.6136,75.08K,227.68K,149.9,43.52,2.00B,No,102.2,88.61,,92.86,72.68,165
125,UNIVASTU.NS,160.3,163.35,41.45K,Industrial Services,Engineering & Construction,95.0,85.0,97.0,95.0,9.7057,9.6879,203.90K,79.25K,178.98,56.02,5.77B,No,163.45,137.14,86.43,143.24,95.49,499
126,CAPRICORN.BO,29.61,29.03,2757.67K,Technology Services,Information Technology Services,95.0,97.0,98.0,96.0,0.5379,0.0121,143.33K,392.24K,29.61,9.41,828.25M,No,24.35,19.99,15.5,21.11,14.69,499
127,RUBICON.NS,1790.0,1810.5,143.37K,Health Technology,Biotechnology,95.0,76.0,88.0,94.0,76.5286,74.9857,383.21K,225.71K,1899.0,570.75,295.51B,No,1783.96,1610.95,1050.93,1614.19,1188.73,225
128,TRUEGREEN.BO,210.7,209.85,21.87K,Process Industries,Textiles,95.0,81.0,69.0,82.0,14.2929,13.95,18.73K,18.73K,255.0,53.0,6.94B,No,222.8,201.12,135.5,204.61,167.26,497
129,MAYUR.BO,37.64,39.51,28.27K,Consumer Non-Durables,Apparel/Footwear,95.0,98.0,96.0,90.0,2.4429,2.0543,24.79K,17.47K,39.69,12.75,181.98M,No,29.43,25.42,22.18,26.75,22.56,497
130,JUJHARLOGI.BO,210.95,222.05,2.98K,Process Industries,Industrial Specialties,95.0,0.0,8.0,86.0,15.3643,14.2679,3.37K,2.97K,324.0,55.23,1.95B,No,242.74,267.31,179.13,265.12,203.15,497
131,TELGE.BO,226.95,231.5,12.00K,Industrial Services,Engineering & Construction,95.0,96.0,97.0,95.0,9.9857,9.1107,29.32K,28.32K,233.45,77.05,2.22B,No,191.37,173.6,122.69,176.56,129.78,235
132,SALSTEEL.NS,76.63,79.19,288.26K,Non-Energy Minerals,Steel,95.0,93.0,84.0,88.0,4.8464,4.6936,371.40K,611.27K,86.25,26.1,11.09B,No,76.45,65.32,52.01,66.39,56.71,498
133,DANLAW.BO,1684.8,1739.8,3.48K,Technology Services,Packaged Software,95.0,92.0,95.0,97.0,110.5393,93.4143,5.54K,7.99K,1839.0,428.0,8.21B,No,1566.13,1256.98,883.29,1322.87,947.58,497
134,KREONFIN.BO,85.76,86.56,1.34K,Finance,Finance/Rental/Leasing,95.0,36.0,87.0,96.0,5.3171,5.2907,14.68K,3.88K,96.89,23.92,101.45M,No,85.16,83.83,47.74,84.72,54.68,497
135,E2E.NS,605.9,604.5,426.90K,Technology Services,Information Technology Services,95.0,39.0,94.0,96.0,28.9214,28.3572,1646.26K,732.47K,698.0,183.36,124.49B,No,622.82,536.75,340.11,552.44,392.14,500
136,IOLCP.NS,211.43,209.29,3230.93K,Process Industries,Chemicals: Specialty,95.0,94.0,93.0,97.0,10.6236,10.2793,5190.78K,5586.52K,219.04,67.19,62.06B,No,185.27,168.52,111.34,172.42,124.1,501
137,IDREAM.BO,550.55,579.5,0.30K,Consumer Services,Movies/Entertainment,95.0,10.0,92.0,90.0,11.2821,4.2143,0.17K,0.01K,659.0,168.05,148.95B,No,612.22,616.3,388.4,609.2,439.87,498
138,NRL.NS,134.84,129.5,115.84K,Non-Energy Minerals,Other Metals/Minerals,95.0,85.0,96.0,96.0,3.3443,2.445,103.81K,105.58K,137.79,45.1,9.31B,No,121.89,112.32,71.63,115.8,78.66,499
139,SBCL.NS,1112.0,1136.5,138.82K,Non-Energy Minerals,Other Metals/Minerals,95.0,74.0,94.0,96.0,62.1857,61.8643,676.37K,442.01K,1215.7,368.6,64.06B,No,1055.51,891.4,616.46,922.61,692.0,499
140,INDCEMCAP.BO,31.19,30.58,4.38K,Finance,Financial Conglomerates,95.0,92.0,97.0,96.0,0.6036,0.0721,53.51K,68.89K,31.19,9.14,677.02M,No,26.32,22.23,15.89,23.18,16.84,497
141,INCON.BO,28.27,28.27,0.13K,Producer Manufacturing,Industrial Machinery,95.0,70.0,97.0,94.0,1.1086,0.7714,3.92K,0.72K,37.04,10.83,122.33M,No,28.32,29.38,18.18,29.15,19.93,497
142,MODINSU.BO,443.35,422.25,63.62K,Producer Manufacturing,Electrical Products,95.0,29.0,65.0,91.0,23.725,21.1393,61.32K,56.03K,579.0,110.5,20.90B,No,433.77,474.84,332.02,474.49,388.95,497
143,SCPL.NS,643.45,648.1,1.70K,Consumer Non-Durables,Food: Meat/Fish/Dairy,95.0,69.0,87.0,92.0,31.225,31.1321,71.34K,10.97K,690.0,190.03,6.76B,No,653.12,597.78,409.68,608.12,461.53,498
144,DRL.BO,40.89,40.42,16.54K,Distribution Services,Wholesale Distributors,95.0,97.0,97.0,90.0,2.98,2.7914,73.05K,9.81K,41.75,15.12,299.13M,No,35.24,30.48,23.24,31.32,25.34,497
145,KRISHNA.BO,46.12,47.06,17.05K,Industrial Services,Engineering & Construction,95.0,93.0,91.0,93.0,1.9407,1.015,19.28K,17.68K,51.72,12.44,498.10M,No,42.67,42.28,28.37,42.48,31.85,497
146,OMNI.NS,563.35,534.6,1295.34K,Producer Manufacturing,Metal Fabrication,95.0,47.0,77.0,97.0,25.4036,25.4036,1106.68K,454.89K,764.85,176.25,69.67B,No,558.25,567.54,,567.5,,132
147,JOJO.BO,226.2,222.25,109.17K,Consumer Services,Movies/Entertainment,95.0,96.0,97.0,92.0,8.15,6.6786,73.76K,88.91K,230.0,69.25,15.60B,No,182.84,147.92,124.57,158.0,128.16,500
148,GENUSPRIME.BO,54.14,56.98,46.20K,Industrial Services,Engineering & Construction,95.0,96.0,95.0,94.0,2.69,1.6471,13.19K,13.21K,59.8,16.3,4.22B,No,41.27,35.35,27.57,37.06,30.16,497
149,RPTECH.NS,806.45,794.6,423.12K,Distribution Services,Electronics Distributors,95.0,29.0,90.0,94.0,48.8821,48.55,1439.42K,348.55K,967.7,292.25,53.55B,No,825.89,812.83,530.59,819.52,599.05,501
150,SPECTRUM.NS,2878.6,2741.6001,10.78K,Electronic Technology,Electronic Equipment/Instruments,94.0,89.0,96.0,93.0,127.5786,98.7,40.34K,8.98K,2878.6,1050.0,45.23B,No,2277.56,2228.56,1561.25,2268.88,1726.62,498
151,FCL.NS,58.71,58.43,30211.75K,Process Industries,Industrial Specialties,94.0,95.0,92.0,96.0,3.1907,3.0414,15369.67K,25244.15K,62.4,19.1,68.37B,No,49.75,43.5,31.24,44.73,34.19,501
152,TFCILTD.NS,143.17,141.69,4318.45K,Finance,Finance/Rental/Leasing,94.0,91.0,97.0,94.0,5.26,5.1721,12204.66K,8590.61K,147.65,51.0,66.28B,No,135.23,109.48,79.86,114.22,86.12,500
153,YASHO.NS,3960.0,3988.8999,26.45K,Consumer Non-Durables,Food: Specialty/Candy,94.0,20.0,92.0,95.0,183.7857,183.1357,58.51K,27.89K,4994.0,1130.0,47.73B,No,4265.37,3730.13,2193.1,3818.06,2521.95,497
154,ATVOENT.BO,40.35,41.05,53.86K,Consumer Non-Durables,Apparel/Footwear,94.0,83.0,93.0,93.0,2.4771,2.4171,71.13K,90.68K,45.89,12.0,4.32B,No,40.55,35.46,24.36,35.96,27.95,497
155,CALLISTA.BO,141.15,144.0,0.01K,Consumer Durables,Home Furnishings,94.0,3.0,6.0,8.0,3.05,1.0357,6.36K,18.11K,225.95,31.21,1.35B,No,152.65,167.93,157.67,163.79,173.8,497
156,SHARP.BO,125.25,124.05,13.83K,Consumer Durables,Electronics/Appliances,94.0,62.0,61.0,96.0,0.2571,0.0857,6.50K,1.83K,125.25,36.0,3.25B,No,122.49,120.48,76.76,121.09,92.08,495
157,ADMACH.BO,468.55,446.25,12.00K,Producer Manufacturing,Industrial Machinery,94.0,91.0,94.0,95.0,13.5071,11.0143,8.20K,6.66K,468.55,179.0,3.17B,No,397.28,377.74,,391.79,288.25,174
158,MACPOWER.NS,1870.4,1863.8,15.62K,Producer Manufacturing,Industrial Machinery,94.0,73.0,97.0,93.0,112.05,109.6072,57.78K,43.21K,2050.0,761.0,18.71B,No,1892.95,1619.55,1154.28,1658.87,1243.38,499
159,CHEMIESYNT.BO,94.01,89.54,0.00K,Process Industries,Chemicals: Specialty,94.0,85.0,85.0,94.0,0.5943,0.0,0.01K,0.01K,94.01,30.98,288.61M,No,84.56,77.05,54.42,79.65,62.24,497
160,CPPLUS.NS,3829.1,3746.1001,215.71K,Consumer Durables,Electronics/Appliances,94.0,47.0,70.0,94.0,154.2714,153.7714,235.43K,241.22K,4094.0,1227.0,452.98B,No,3581.42,3587.66,2439.94,3602.47,2818.68,276
161,SANSERA.NS,4107.9,4135.8999,157.27K,Producer Manufacturing,Auto Parts: Oem,94.0,81.0,89.0,91.0,144.8214,132.3143,264.21K,199.44K,4170.0,1364.2,256.35B,No,3907.08,3579.97,2572.58,3646.92,2910.14,500
162,RATNAVEER.NS,310.6,299.9,3825.90K,Non-Energy Minerals,Steel,94.0,97.0,97.0,94.0,18.4598,18.0412,6305.94K,4751.01K,316.0,130.5,22.28B,No,275.71,222.62,173.83,233.32,184.22,499
163,SMEL.BO,20.05,19.1,10.00K,Commercial Services,Commercial Printing/Forms,94.0,98.0,95.0,93.0,0.35,0.0107,2.19K,1.50K,20.1,7.91,220.55M,No,18.17,14.29,11.25,15.06,12.57,498
164,SVRL.BO,510.05,506.5,13.38K,Process Industries,Agricultural Commodities/Milling,94.0,44.0,97.0,93.0,30.4571,30.2929,19.05K,12.48K,559.7,207.0,11.28B,No,517.83,450.37,313.05,464.12,326.83,498
165,LTELEVATOR.BO,371.45,362.3,221.60K,Producer Manufacturing,Building Products,94.0,86.0,93.0,93.0,16.3571,12.9929,50.75K,33.84K,380.4,125.33,7.90B,No,329.9,292.87,221.64,302.15,234.05,243
166,KMEW.NS,2915.6,2964.0,51.40K,Producer Manufacturing,Trucks/Construction/Farm Machinery,94.0,82.0,92.0,90.0,133.4214,130.5142,120.84K,118.85K,3175.0,876.95,73.95B,No,2868.92,2620.04,1998.74,2669.69,2104.42,441
167,RPEL.NS,1743.5,1670.8,213.98K,Process Industries,Chemicals: Major Diversified,94.0,95.0,91.0,95.0,101.5,100.75,99.31K,130.51K,1943.7,561.3,80.06B,No,1677.52,1442.13,1001.71,1480.73,1055.34,500
168,SHREEJISPG.NS,713.1,713.1,1182.81K,Transportation,Other Transportation,94.0,81.0,91.0,91.0,22.0679,21.8179,1082.97K,1177.44K,721.5,222.0,116.18B,No,653.54,626.41,449.12,641.17,490.35,262
169,KAPSTON.NS,584.95,564.3,77.38K,Commercial Services,Miscellaneous Commercial Services,94.0,66.0,95.0,93.0,23.3179,22.4536,68.27K,91.84K,600.0,238.76,17.80B,No,550.57,493.33,371.09,514.44,391.2,500
170,AVALON.NS,2227.0,2293.6001,280.02K,Electronic Technology,Electronic Production Equipment,94.0,85.0,89.0,95.0,122.0571,113.9214,452.58K,536.52K,2424.0,777.3,148.95B,No,2194.3,1937.27,1322.09,1978.67,1501.78,500
171,PAISALO.NS,83.05,79.92,21157.51K,Finance,Finance/Rental/Leasing,94.0,89.0,89.0,95.0,2.8157,2.765,14943.88K,16450.76K,83.5,30.0,75.92B,No,71.03,71.1,49.1,71.82,54.76,501
172,RAJVI.BO,28.4,27.05,0.10K,Finance,Investment Banks/Brokers,94.0,96.0,92.0,94.0,0.585,0.0,0.01K,0.05K,28.4,12.44,179.64M,No,22.24,20.51,15.88,21.07,17.4,499
173,INLANPR.BO,86.9,83.97,0.02K,Commercial Services,Commercial Printing/Forms,94.0,94.0,94.0,93.0,2.7157,2.2521,1.63K,0.12K,122.65,22.01,429.61M,No,74.42,67.07,50.69,69.59,55.96,499
174,PPARIVAH.BO,299.9,298.95,9.60K,Transportation,Marine Shipping,94.0,86.0,97.0,92.0,8.2786,7.6571,37.50K,15.36K,303.0,124.25,3.40B,No,285.82,252.08,185.04,258.28,195.71,365
175,ANTELOPUS.NS,1124.1,1169.4,2976.15K,Energy Minerals,Integrated Oil,94.0,95.0,87.0,88.0,69.2,66.5393,1092.85K,6197.62K,1218.3,357.0,39.53B,No,882.87,852.67,657.72,860.47,734.73,501
176,QUANTDIA.BO,44.51,43.41,7.44K,Process Industries,Containers/Packaging,94.0,95.0,97.0,92.0,1.2371,0.8086,3.89K,3.66K,45.57,16.24,135.09M,No,38.19,32.62,23.56,34.03,24.74,497
177,MARINE.NS,408.85,421.05,475.37K,Distribution Services,Wholesale Distributors,94.0,87.0,95.0,94.0,19.9857,19.7857,1055.19K,1293.75K,450.0,150.86,57.22B,No,394.64,324.35,239.64,336.03,257.79,500
178,MSAFE.BO,282.0,279.25,49.00K,Producer Manufacturing,Building Products,94.0,94.0,96.0,95.0,11.9036,11.3143,55.28K,51.20K,291.0,102.0,5.75B,No,239.73,212.05,,216.48,165.8,151
179,BLUSPRING.NS,137.45,130.52,835.01K,Commercial Services,Miscellaneous Commercial Services,94.0,83.0,93.0,96.0,9.1664,9.0936,966.79K,522.33K,139.8,43.98,20.55B,No,126.37,118.27,80.65,120.48,87.67,314
180,NEXUSSURGL.BO,35.22,32.02,23.59K,Distribution Services,Medical Distributors,94.0,98.0,96.0,92.0,3.4086,3.0129,7.77K,32.23K,35.4,13.26,192.72M,No,22.91,20.68,18.81,21.77,20.19,497
181,KENNAMET.NS,5027.9,4746.7002,72.70K,Producer Manufacturing,Metal Fabrication,94.0,97.0,96.0,,279.7857,278.2071,34.77K,43.57K,5136.0,2405.2,110.50B,No,4232.69,3448.47,,3637.93,,106
182,HAPPYFORGE.NS,2233.4,2256.7,58.77K,Producer Manufacturing,Metal Fabrication,94.0,80.0,95.0,90.0,104.4857,103.1857,120.78K,89.60K,2470.0,888.75,210.79B,No,2258.58,1909.61,1415.81,1943.23,1543.76,501
183,INDOTECH.NS,3602.4,3657.8999,7.01K,Producer Manufacturing,Electrical Products,94.0,40.0,89.0,96.0,146.0215,141.2286,27.23K,15.02K,4030.0,1100.0,38.26B,No,3688.11,3528.03,2280.19,3585.28,2594.82,499
184,SHARDUL.NS,54.91,54.06,18.00K,Finance,Investment Banks/Brokers,94.0,86.0,97.0,,1.6621,1.6593,16.93K,10.93K,60.0,23.05,4.80B,No,53.2,47.59,,48.75,,101
185,CORDSCABLE.NS,363.1,362.65,376.45K,Producer Manufacturing,Electrical Products,94.0,97.0,95.0,94.0,29.8186,29.4857,125.10K,657.51K,394.9,127.01,4.69B,No,278.18,237.49,197.17,242.41,204.71,500
186,CCAL.BO,41.55,40.74,6.00K,Distribution Services,Wholesale Distributors,94.0,94.0,94.0,93.0,0.6914,0.0,10.88K,10.80K,41.55,15.68,677.96M,No,36.59,31.75,22.27,33.0,24.42,499
187,JINDWORLD.NS,55.64,55.44,21273.12K,Process Industries,Textiles,93.0,97.0,96.0,95.0,4.1543,3.9379,21463.32K,65977.17K,61.99,17.85,55.78B,No,42.23,37.79,29.74,39.83,30.59,501
188,MAHASTEEL.NS,1331.6,1325.6,2.43K,Non-Energy Minerals,Steel,93.0,93.0,91.0,85.0,78.8429,75.5286,13.41K,16.01K,1421.0,381.25,21.88B,No,1227.59,1024.42,888.98,1064.53,934.27,498
189,DIGILOGIC.BO,183.7,180.1,43.20K,Electronic Technology,Electronic Equipment/Instruments,93.0,63.0,91.0,93.0,3.9321,0.5,76.61K,20.40K,214.8,72.95,5.32B,No,186.06,155.44,,157.28,119.89,156
190,GANDHAR.NS,271.3,265.85,1490.79K,Process Industries,Industrial Specialties,93.0,85.0,95.0,93.0,7.9607,7.455,3062.36K,928.59K,303.17,115.0,26.55B,No,258.36,238.29,169.9,245.09,180.87,501
191,AMRAPLIN.BO,37.05,37.41,25.44K,Technology Services,Packaged Software,93.0,61.0,62.0,96.0,2.3293,2.3021,26.39K,12.87K,44.77,12.65,1.90B,No,34.42,34.78,22.05,35.37,25.14,497
192,VENUSREM.NS,1624.2,1650.2,12.75K,Health Technology,Pharmaceuticals: Major,93.0,66.0,27.0,94.0,77.6072,73.85,55.21K,25.60K,2044.3,424.0,21.74B,No,1688.25,1673.08,1150.92,1672.63,1315.15,498
193,COMSYN.NS,299.0,301.15,468.90K,Process Industries,Containers/Packaging,93.0,81.0,96.0,91.0,15.3414,15.3414,945.25K,551.09K,314.85,136.44,12.06B,No,292.1,240.8,177.15,245.82,188.61,500
194,DEEDEV.NS,653.45,674.75,300.00K,Producer Manufacturing,Industrial Machinery,93.0,62.0,44.0,94.0,33.2893,33.2786,168.92K,365.51K,760.0,183.0,49.17B,No,643.94,658.65,432.76,654.81,518.36,500
195,KOVAI.NS,6292.0,6149.5,15.70K,Health Services,Hospital/Nursing Management,93.0,74.0,59.0,,144.6071,143.75,5.70K,3.97K,6444.0,2576.65,68.85B,No,6053.77,5977.06,,6003.4,,106
196,AKSHARCHEM.NS,408.45,429.9,23.19K,Process Industries,Chemicals: Specialty,93.0,96.0,97.0,92.0,21.2079,16.4679,12.92K,26.98K,472.0,141.3,3.28B,No,357.12,290.9,234.61,304.58,236.39,499
197,CRYOGENIC.BO,387.05,379.5,3.75K,Industrial Services,Oilfield Services/Equipment,93.0,78.0,89.0,94.0,7.7893,1.675,21.28K,11.40K,408.45,141.05,5.53B,No,374.92,335.78,227.24,339.15,248.0,292
198,VIKRAMTH.BO,323.4,308.0,32.23K,Health Technology,Pharmaceuticals: Major,93.0,93.0,95.0,94.0,13.85,13.6107,27.25K,12.85K,323.4,133.2,10.14B,No,292.68,264.08,190.3,272.62,203.56,497
199,TDPOWERSYS.NS,762.75,755.1,1288.03K,Producer Manufacturing,Electrical Products,93.0,64.0,83.0,89.0,34.0179,33.3214,2538.33K,1616.21K,798.85,262.6,238.33B,No,754.4,651.58,515.2,665.69,579.89,501
200,SURAJINDPP.BO,22.99,22.0,2.82K,Nan,Nan,93.0,93.0,76.0,95.0,1.3736,1.2821,21.36K,19.58K,23.88,6.5,3.83B,No,21.19,19.1,14.93,19.43,17.65,207
201,UTLSOLAR.NS,441.25,451.5,198.31K,Electronic Technology,Semiconductors,93.0,84.0,90.0,95.0,19.8714,19.75,427.27K,281.73K,494.25,172.0,135.42B,No,448.85,405.93,281.43,412.39,310.4,204
202,AVADHSUGAR.NS,794.45,822.3,70.56K,Process Industries,Agricultural Commodities/Milling,93.0,91.0,95.0,93.0,47.6714,45.8893,245.89K,152.43K,884.8,306.05,15.90B,No,789.54,644.76,470.41,661.17,520.56,499
203,MANAKSTEEL.NS,115.01,109.54,50.22K,Non-Energy Minerals,Steel,93.0,95.0,95.0,93.0,4.8893,4.1179,106.05K,332.06K,115.01,45.11,7.54B,No,95.31,84.05,68.44,86.56,71.18,499
204,AMALGAM.BO,138.55,139.9,0.00K,Commercial Services,Miscellaneous Commercial Services,93.0,31.0,94.0,96.0,0.2964,0.0,0.80K,0.00K,147.91,38.9,384.69M,No,141.72,125.56,80.91,131.44,85.6,497
205,CONFIPET.NS,87.84,90.66,3216.01K,Retail Trade,Specialty Stores,93.0,88.0,81.0,97.0,4.5014,4.4664,3566.46K,4576.88K,91.3,28.06,29.18B,No,78.83,77.54,54.26,78.58,62.23,501
206,MANINDS.NS,876.45,792.55,8837.15K,Producer Manufacturing,Industrial Machinery,93.0,97.0,95.0,94.0,49.4607,47.2214,683.57K,865.93K,944.0,302.05,65.74B,No,724.4,619.14,492.79,645.88,542.23,500
207,INDORAMA.NS,82.93,86.13,3194.84K,Process Industries,Textiles,93.0,96.0,96.0,95.0,5.5514,5.4457,620.45K,1868.67K,90.0,29.0,21.65B,No,66.0,58.1,45.32,60.06,45.73,501
208,SRMENERGY.BO,31.54,30.04,20.65K,Utilities,Electric Utilities,93.0,96.0,95.0,89.0,1.7271,1.5329,13.36K,16.61K,31.54,11.69,285.75M,No,24.67,23.97,19.99,24.34,20.98,498
209,VALIANTLAB.NS,124.8,119.83,286.55K,Health Technology,Pharmaceuticals: Major,93.0,98.0,96.0,95.0,6.3886,5.5479,86.80K,170.62K,125.82,49.51,6.78B,No,99.29,77.89,69.15,82.09,71.56,499
210,CITURGIA.BO,106.55,107.6,0.10K,Process Industries,Chemicals: Specialty,93.0,31.0,15.0,11.0,0.225,0.0,0.01K,0.01K,212.0,31.64,14.07B,No,109.24,112.38,91.41,111.5,118.0,496
211,SAYAJIHOTL.NS,325.2,302.35,0.27K,Consumer Services,Hotels/Resorts/Cruise Lines,93.0,66.0,69.0,,25.025,23.4429,0.23K,0.15K,365.2,138.7,5.70B,No,319.37,310.46,,313.06,,106
212,GALAGEX.BO,97.0,94.7,253.54K,Producer Manufacturing,Metal Fabrication,93.0,97.0,90.0,94.0,7.8957,7.6329,99.50K,81.83K,108.0,36.56,1.54B,No,80.17,72.11,56.51,75.26,60.28,498
213,IRISDOREME.NS,62.29,61.3,1407.91K,Consumer Non-Durables,Apparel/Footwear,93.0,80.0,95.0,93.0,2.4771,2.3714,1014.53K,1034.19K,65.0,26.35,10.63B,No,59.0,52.69,39.06,54.57,41.32,498
214,AFCOM.BO,1579.7,1635.5,55.68K,Transportation,Airlines,93.0,72.0,95.0,93.0,75.3464,72.6678,113.68K,67.52K,1711.0,637.85,45.36B,No,1584.65,1478.47,1018.88,1494.62,1097.17,498
215,GSTL.BO,35.02,36.34,42.42K,Technology Services,Information Technology Services,93.0,86.0,91.0,89.0,2.5257,2.3264,59.34K,76.01K,40.15,13.67,1.20B,No,35.13,29.41,22.5,29.99,24.83,497
216,SHADOWFAX.NS,255.1,251.2,2613.28K,Technology Services,Packaged Software,93.0,64.0,74.0,94.0,9.7779,9.7779,7698.16K,3157.58K,268.65,98.55,149.67B,No,254.39,237.95,,241.67,188.55,157
217,GAYAPROJ.NS,24.8,23.64,2184.89K,Industrial Services,Engineering & Construction,93.0,92.0,72.0,92.0,1.2079,1.1471,575.00K,939.80K,26.0,9.51,11.51B,No,21.98,21.17,16.77,21.55,18.8,500
218,PARAS.NS,1453.3,1470.0,745.63K,Electronic Technology,Aerospace & Defense,93.0,84.0,90.0,92.0,73.7857,67.9929,2726.26K,1101.20K,1585.0,580.5,117.12B,No,1448.28,1329.35,907.3,1334.32,1007.68,500
219,ONELIFECAP.NS,31.95,31.93,16.98K,Finance,Investment Managers,93.0,68.0,79.0,93.0,2.055,2.0093,51.82K,23.28K,40.1,11.15,1.19B,No,32.58,34.72,22.71,34.24,25.47,500
220,EBGNG.NS,677.95,675.8,1282.21K,Technology Services,Information Technology Services,93.0,88.0,93.0,92.0,37.2,36.6679,847.15K,1044.84K,704.9,239.0,77.29B,No,614.75,589.17,428.17,588.92,480.83,279
221,RAJPALAYAM.NS,751.1,762.65,2.02K,Process Industries,Textiles,93.0,13.0,19.0,,23.4,23.3357,1.68K,1.55K,875.0,314.45,6.93B,No,805.07,816.23,,813.86,,106
222,UNIVCABLES.NS,1556.9,1543.6,64.94K,Electronic Technology,Electronic Components,93.0,17.0,85.0,95.0,77.1,76.1143,206.79K,171.76K,1774.9,576.0,54.02B,No,1617.51,1431.43,1021.69,1436.47,1087.84,501
223,RUBYMILLS.NS,445.9,474.85,31.49K,Process Industries,Textiles,93.0,90.0,82.0,93.0,25.4143,24.6107,22.13K,32.99K,499.05,169.02,14.91B,No,402.57,387.75,271.74,398.71,298.37,498
224,KKPLASTICK.BO,51.81,51.81,0.55K,Producer Manufacturing,Miscellaneous Manufacturing,93.0,52.0,96.0,90.0,0.0,0.0,0.25K,0.10K,51.81,22.61,286.43M,No,51.81,44.13,32.13,47.14,34.87,497
225,SUVEN.NS,360.7,357.5,297.18K,Health Technology,Pharmaceuticals: Major,92.0,72.0,86.0,96.0,18.8643,18.8464,1300.82K,796.54K,403.35,124.11,101.92B,No,362.35,339.99,226.04,344.44,253.07,500
226,GULFPETRO.NS,65.74,67.21,51.80K,Energy Minerals,Oil Refining/Marketing,92.0,71.0,95.0,94.0,3.5986,3.57,190.09K,140.28K,71.4,23.25,3.35B,No,66.1,53.5,39.03,55.4,41.08,499
227,AIRFLOA.BO,540.3,573.6,155.50K,Producer Manufacturing,Trucks/Construction/Farm Machinery,92.0,98.0,95.0,91.0,32.1821,31.5071,110.76K,159.50K,592.9,246.0,12.95B,No,451.5,373.55,327.51,387.55,334.28,244
228,SICAGEN.NS,55.24,56.36,20.13K,Distribution Services,Wholesale Distributors,92.0,20.0,49.0,,2.2736,2.2664,70.09K,27.48K,74.06,24.35,2.19B,No,56.23,54.65,,56.13,,105
229,VINDHYATEL.NS,2818.3,2916.3999,61.02K,Industrial Services,Engineering & Construction,92.0,78.0,87.0,96.0,149.9357,148.6785,82.78K,130.40K,2952.6,963.9,33.40B,No,2579.84,2265.73,1657.47,2289.87,1775.57,501
230,MMP.NS,447.8,460.25,50.47K,Non-Energy Minerals,Other Metals/Minerals,92.0,94.0,95.0,91.0,28.0429,24.7821,91.04K,163.92K,485.0,185.2,11.38B,No,397.1,334.8,273.79,346.64,283.7,498
231,JAUSPOL.BO,23.74,23.75,0.06K,Process Industries,Containers/Packaging,92.0,71.0,21.0,4.0,2.1279,2.0607,3.22K,2.26K,37.11,6.84,109.81M,No,22.87,23.99,22.28,23.79,26.22,497
232,SREEL.NS,370.3,345.01,487.58K,Retail Trade,Apparel/Footwear Retail,92.0,98.0,96.0,91.0,19.9486,18.805,29.75K,86.64K,400.0,165.25,8.57B,No,264.38,235.83,211.01,244.78,210.15,498
233,SSWL.NS,373.6,371.45,696.45K,Producer Manufacturing,Auto Parts: Oem,92.0,87.0,94.0,91.0,15.6286,15.4179,1686.74K,4170.93K,383.8,169.0,58.75B,No,324.07,298.39,229.09,305.83,242.56,499
234,TIRUPATIFL.NS,70.48,69.29,153.56K,Producer Manufacturing,Industrial Conglomerates,92.0,65.0,94.0,92.0,3.4786,3.4514,797.20K,177.50K,83.9,30.11,8.34B,No,68.07,69.77,47.5,69.67,52.84,498
235,TITANBIO.BO,434.25,419.9,31.02K,Health Technology,Biotechnology,92.0,78.0,36.0,84.0,21.6964,19.6464,26.03K,37.59K,555.65,143.0,17.94B,No,401.22,405.53,350.33,413.1,415.01,499
236,UNIPARTS.NS,893.85,894.05,208.07K,Producer Manufacturing,Auto Parts: Oem,92.0,80.0,88.0,92.0,33.9964,32.3893,191.96K,241.92K,915.95,399.8,40.33B,No,848.75,767.46,577.56,788.54,623.52,499
237,COVANCE.BO,148.0,155.75,2.81K,Technology Services,Information Technology Services,92.0,0.0,27.0,14.0,12.2714,10.95,9.14K,5.67K,270.0,35.82,3.28B,No,174.13,209.73,164.72,206.66,182.31,383
238,LAURUSLABS.NS,1945.0,1937.0,1067.58K,Health Technology,Pharmaceuticals: Major,92.0,69.0,88.0,91.0,52.25,49.2,2726.94K,5094.13K,1955.0,823.1,1050.91B,No,1864.58,1742.54,1286.15,1764.21,1391.92,500
239,SPORTKING.NS,215.83,217.39,181.00K,Process Industries,Textiles,92.0,66.0,78.0,92.0,10.42,10.0464,677.07K,378.33K,241.51,78.17,27.47B,No,218.21,207.4,145.16,209.01,166.77,499
240,TRISHAKT.BO,258.1,249.15,19.65K,Industrial Services,Oilfield Services/Equipment,92.0,83.0,94.0,92.0,15.0,14.65,49.50K,34.75K,284.9,114.9,4.36B,No,248.21,221.76,164.68,226.2,174.13,497
241,DEEPINDS.NS,782.8,792.7,243.20K,Industrial Services,Oilfield Services/Equipment,92.0,87.0,92.0,95.0,38.9,37.8571,535.24K,668.00K,825.0,330.0,50.10B,No,702.76,597.49,474.68,625.72,504.82,500
242,SGMART.NS,766.55,772.9,400.24K,Utilities,Electric Utilities,92.0,73.0,84.0,87.0,35.4571,35.4571,541.62K,352.93K,860.6,313.1,96.61B,No,803.91,728.66,534.03,735.83,605.33,249
243,OAL.NS,524.7,540.3,64.97K,Process Industries,Chemicals: Specialty,92.0,95.0,94.0,94.0,35.0929,34.5286,68.94K,221.59K,559.7,228.0,17.66B,No,420.25,383.65,315.18,404.03,330.61,499
244,AMRAFIN.BO,27.42,26.12,1.20K,Finance,Finance/Rental/Leasing,92.0,1.0,68.0,94.0,1.0443,0.0,0.79K,0.72K,37.5,12.72,368.52M,No,29.78,31.33,18.95,31.27,21.43,499
245,NEETUYOSHI.BO,206.65,197.65,147.20K,Non-Energy Minerals,Steel,92.0,93.0,90.0,95.0,9.8286,9.7107,88.58K,108.80K,207.5,71.3,8.02B,No,170.9,162.42,121.41,166.18,129.82,296
246,EMIL.NS,191.82,182.65,7121.30K,Retail Trade,Electronics/Appliance Stores,92.0,66.0,96.0,93.0,8.7529,8.6164,5822.71K,1735.73K,196.74,84.9,73.80B,No,184.09,157.27,118.61,160.78,125.91,500
247,AETHER.NS,1640.3,1610.9,349.49K,Process Industries,Chemicals: Major Diversified,92.0,56.0,89.0,85.0,55.9357,55.6643,379.59K,214.75K,1717.0,726.45,217.71B,No,1643.61,1548.59,1172.97,1574.92,1279.12,500
248,AMARJOTHI.NS,152.36,160.05,7.57K,Process Industries,Textiles,92.0,,,,6.0936,6.0893,1.42K,1.51K,166.0,88.4,1.03B,No,152.57,,,,,22
249,RISHABH.NS,809.55,815.9,171.35K,Producer Manufacturing,Electrical Products,92.0,88.0,91.0,93.0,37.975,33.575,311.89K,367.49K,852.0,315.0,31.33B,No,711.51,671.41,501.18,674.78,543.56,498
250,SYRMA.NS,1598.8,1622.4,738.90K,Electronic Technology,Electronic Production Equipment,92.0,74.0,82.0,93.0,49.7714,40.0143,1517.45K,2248.85K,1660.0,634.5,307.97B,No,1486.4,1431.01,1038.29,1432.57,1150.83,500
251,PREMIERPOL.NS,87.99,89.73,189.64K,Non-Energy Minerals,Forest Products,92.0,92.0,93.0,82.0,5.4979,5.3214,555.28K,418.90K,98.8,38.0,9.22B,No,88.48,77.87,58.91,79.56,64.9,499
252,DOLPHIN.NS,654.0,685.0,33.58K,Industrial Services,Oilfield Services/Equipment,92.0,97.0,95.0,79.0,40.7429,40.025,67.43K,101.43K,741.4,322.0,26.16B,No,612.31,480.06,426.31,503.77,437.2,500
253,INDIAHOMES.BO,25.62,27.11,1848.63K,Non-Energy Minerals,Steel,92.0,60.0,71.0,88.0,1.9264,1.9129,863.29K,1520.02K,31.89,9.04,10.20B,No,26.42,24.12,18.17,24.42,20.78,497
254,YASHHV.BO,954.95,951.35,32.75K,Producer Manufacturing,Electrical Products,92.0,60.0,84.0,92.0,32.8929,32.0322,109.01K,96.62K,1025.0,366.0,27.32B,No,942.76,937.3,648.5,948.31,732.77,429
255,JAFINANCE.BO,132.0,136.0,0.81K,Finance,Finance/Rental/Leasing,92.0,80.0,92.0,82.0,6.025,4.9893,0.76K,1.54K,143.99,50.35,1.41B,No,124.4,106.9,86.76,110.25,93.71,497
256,DEVSON.BO,351.0,352.25,66.00K,Process Industries,Chemicals: Specialty,92.0,96.0,,,21.1893,20.8286,190.05K,81.36K,363.35,186.35,4.77B,No,285.28,,,,,41
257,EMAINDIA.BO,654.55,667.9,0.74K,Producer Manufacturing,Industrial Machinery,92.0,65.0,9.0,82.0,18.4071,15.6179,1.14K,0.95K,876.75,191.35,657.82M,No,677.66,713.17,574.76,699.42,628.06,498
258,MILLWORKS.BO,1125.05,1170.2,98.00K,Producer Manufacturing,Metal Fabrication,92.0,96.0,,,62.825,60.4964,236.52K,150.52K,1234.0,628.9,19.82B,No,928.06,,,,,38
259,MBAPL.NS,161.2,162.03,812.28K,Process Industries,Chemicals: Agricultural,92.0,42.0,90.0,88.0,5.8407,5.8407,1324.99K,959.33K,174.94,74.63,70.63B,No,164.13,153.34,110.33,156.22,121.43,501
260,RAYMOND.NS,853.85,808.45,3305.96K,Process Industries,Textiles,92.0,95.0,92.0,94.0,40.8179,36.0143,1168.22K,4408.22K,869.0,320.0,56.82B,No,677.76,635.98,494.31,652.0,525.69,500
261,ACESEPP.BO,103.22,103.22,13.09K,Technology Services,Data Processing Services,92.0,86.0,98.0,10.0,1.6079,1.4843,20.69K,20.69K,153.85,25.51,2.45B,No,103.0,75.95,,82.49,82.43,176
262,GEE.BO,135.55,133.6,24.47K,Producer Manufacturing,Industrial Machinery,91.0,65.0,94.0,93.0,5.8893,5.8893,90.49K,33.28K,143.05,53.61,7.05B,No,133.43,121.54,87.6,124.08,92.36,498
263,SUSAN.BO,331.5,329.35,95.00K,Producer Manufacturing,Electrical Products,91.0,87.0,,,21.0679,19.3357,320.92K,80.40K,366.55,180.6,6.74B,No,313.94,266.0,,276.22,,61
264,ELFIN.BO,93.9,95.0,3.00K,Process Industries,Agricultural Commodities/Milling,91.0,86.0,85.0,,2.9771,2.0071,12.38K,11.70K,106.0,47.3,1.82B,No,93.96,85.0,,86.12,,126
265,WELINV.NS,2345.0,2339.0,0.28K,Finance,Investment Banks/Brokers,91.0,93.0,86.0,90.0,85.15,57.4214,3.04K,0.35K,2367.1,980.35,8.60B,No,2123.71,1950.48,1566.55,1995.8,1685.14,498
266,AMEENJI.BO,214.15,216.95,15.60K,Producer Manufacturing,Miscellaneous Manufacturing,91.0,92.0,94.0,87.0,8.7071,6.9571,18.38K,7.56K,236.0,96.05,2.42B,No,213.22,170.3,142.03,174.54,148.1,233
267,PANIDPR.BO,92.0,96.0,0.03K,Distribution Services,Electronics Distributors,91.0,56.0,67.0,95.0,2.1271,1.5021,0.08K,0.28K,96.4,35.24,128.80M,No,85.16,87.09,67.95,88.69,73.07,440
268,INDOBORAX.NS,483.45,510.95,238.23K,Process Industries,Chemicals: Specialty,91.0,75.0,84.0,92.0,25.45,25.45,624.30K,218.99K,542.8,225.31,15.51B,No,489.2,449.08,319.35,454.16,345.9,500
269,CTL.BO,29.65,29.6,45.41K,Finance,Finance/Rental/Leasing,91.0,59.0,96.0,89.0,1.8871,1.8871,338.55K,31.55K,32.24,14.3,3.82B,No,28.66,27.09,21.76,27.68,20.39,498
270,RECODE.BO,363.3,346.0,72.80K,Retail Trade,Specialty Stores,91.0,96.0,96.0,,15.2357,13.9286,55.05K,17.52K,363.3,171.0,3.87B,No,317.08,256.45,,267.39,,88
271,KIRLOSENG.NS,2209.0,2219.8999,310.85K,Producer Manufacturing,Electrical Products,91.0,70.0,77.0,79.0,87.0429,86.7714,793.80K,504.02K,2720.0,865.55,321.45B,No,2132.27,2204.0,1669.93,2201.65,1861.91,499
272,UNIVPHOTO.NS,540.5,566.25,1.61K,Consumer Durables,Electronics/Appliances,91.0,88.0,90.0,53.0,23.6071,19.7,1.32K,2.42K,580.0,180.6,5.92B,No,472.59,448.25,368.81,461.84,430.71,499
273,INOXINDIA.NS,2295.8,2185.5,853.51K,Producer Manufacturing,Industrial Machinery,91.0,89.0,82.0,92.0,108.5643,105.8214,385.82K,786.75K,2339.5,1068.2,208.74B,No,2073.02,1994.41,1494.83,2036.79,1642.39,500
274,GCSL.NS,614.8,601.9,241.44K,Finance,Investment Banks/Brokers,91.0,90.0,90.0,86.0,17.3,16.675,686.44K,725.12K,616.9,213.15,13.92B,No,548.01,525.22,402.1,535.09,431.36,254
275,CHENNPETRO.NS,1626.4,1604.4,3754.42K,Energy Minerals,Oil Refining/Marketing,91.0,87.0,90.0,88.0,60.5143,59.9286,1945.80K,1916.13K,1663.3,716.8,242.19B,No,1419.69,1304.82,1058.74,1326.72,1136.0,501
276,SHREEREF.BO,403.9,404.45,231.50K,Producer Manufacturing,Industrial Machinery,91.0,91.0,86.0,94.0,22.0821,21.8036,291.52K,248.65K,438.95,161.0,14.46B,No,392.76,359.69,255.35,360.35,280.22,276
277,LOKESHMACH.NS,347.25,356.85,31.55K,Technology Services,Information Technology Services,91.0,46.0,86.0,87.0,21.8893,21.2571,35.85K,95.46K,385.8,138.96,7.57B,No,335.18,334.78,241.61,337.44,272.94,499
278,CHOKSI.BO,216.1,219.55,2.32K,Health Technology,Medical Specialties,91.0,6.0,93.0,75.0,16.2786,14.2857,6.58K,5.55K,266.45,75.0,1.23B,No,238.98,215.84,155.78,221.05,174.06,497
279,GLEN.BO,127.2,126.0,36.00K,Process Industries,Containers/Packaging,91.0,82.0,96.0,91.0,4.6921,4.0671,54.30K,40.20K,134.0,58.0,3.06B,No,121.79,98.43,81.0,102.02,81.93,289
280,SATANIBRG.BO,285.85,283.05,2.36K,Producer Manufacturing,Metal Fabrication,91.0,62.0,52.0,26.0,0.7964,0.4,0.12K,0.26K,310.25,103.1,5.72B,No,280.76,275.92,264.96,277.46,282.64,497
281,APARINDS.NS,17342.0,17448.0,114.38K,Electronic Technology,Electronic Equipment/Instruments,91.0,66.0,73.0,86.0,610.5,592.4286,166.06K,120.14K,18465.0,6801.0,726.15B,No,17192.3,15614.22,11969.78,15887.5,13456.42,500
282,SOBME.BO,1413.8,1416.45,0.71K,Non-Energy Minerals,Construction Materials,91.0,85.0,92.0,91.0,66.6536,54.5893,0.94K,1.49K,1595.0,679.0,13.78B,No,1310.46,1109.85,916.26,1161.2,953.68,497
283,SW1.BO,158.55,153.15,0.01K,Finance,Investment Banks/Brokers,91.0,81.0,94.0,84.0,5.5536,3.0179,0.83K,0.16K,195.0,74.4,142.70M,No,156.95,160.28,112.44,162.95,117.77,499
284,RML.NS,1408.9,1364.3,187.56K,Producer Manufacturing,Auto Parts: Oem,91.0,93.0,93.0,87.0,59.0357,54.6714,143.15K,354.33K,1440.0,608.5,38.94B,No,1165.15,1170.14,909.8,1186.36,969.64,500
285,DIKSHA.BO,200.0,200.0,8.40K,Producer Manufacturing,Miscellaneous Manufacturing,91.0,96.0,,,7.175,6.2393,37.55K,12.36K,206.0,100.05,1.04B,No,164.22,138.54,,146.6,,55
286,CFL.BO,67.77,61.61,50.93K,Process Industries,Industrial Specialties,91.0,95.0,80.0,82.0,1.6279,1.1879,4.73K,22.82K,67.77,20.5,596.90M,No,51.6,50.05,50.15,51.07,50.82,498
287,SUDEEPPHRM.NS,1213.5,1277.3,283.49K,Health Technology,Pharmaceuticals: Other,91.0,79.0,94.0,94.0,57.15,55.1,306.67K,265.34K,1378.0,524.05,137.06B,No,1190.79,1011.61,,1026.3,799.03,198
288,HYPERSOFT.BO,186.85,190.1,35.92K,Commercial Services,Miscellaneous Commercial Services,91.0,9.0,19.0,94.0,12.2143,11.7393,13.64K,8.47K,230.05,51.25,15.78B,No,202.93,207.77,136.97,206.77,163.4,497
289,AEGISLOG.NS,1307.6,1343.4,1152.17K,Distribution Services,Wholesale Distributors,91.0,65.0,88.0,92.0,57.8929,57.8571,2890.53K,753.24K,1497.8,576.1,458.97B,No,1303.82,1312.63,882.97,1314.71,947.38,499
290,NAGPI.BO,190.1,205.1,2.62K,Electronic Technology,Electronic Equipment/Instruments,91.0,33.0,83.0,72.0,10.4,9.55,6.42K,2.64K,214.9,80.16,2.49B,No,199.62,172.17,147.62,175.78,157.28,497
291,GHCLTEXTIL.NS,132.54,133.67,233.19K,Process Industries,Textiles,91.0,81.0,89.0,90.0,5.4936,5.2871,961.83K,906.52K,144.59,65.26,12.67B,No,129.01,119.77,91.02,121.48,97.79,499
292,RDGAIL.BO,145.0,145.0,1.20K,Process Industries,Agricultural Commodities/Milling,91.0,89.0,87.0,78.0,3.5679,2.95,4.74K,0.72K,149.9,54.5,1.29B,No,145.88,123.45,105.03,127.23,114.21,231
293,ASIANENE.NS,533.95,535.5,161.52K,Energy Minerals,Oil & Gas Production,91.0,94.0,90.0,91.0,28.1214,27.8786,505.36K,671.62K,565.7,230.0,25.95B,No,480.22,413.13,328.64,423.0,352.29,500
294,PRECWIRE.NS,464.65,474.35,415.15K,Producer Manufacturing,Electrical Products,91.0,82.0,74.0,76.0,26.0679,25.8321,692.81K,1677.35K,524.9,179.05,84.94B,No,460.8,415.18,343.9,424.8,385.55,500
295,CSL.BO,23.62,22.5,789.68K,Finance,Finance/Rental/Leasing,91.0,98.0,96.0,78.0,2.0486,1.8036,133.28K,164.44K,24.5,10.86,750.01M,No,19.35,15.28,14.64,16.08,14.96,497
296,KRN.NS,1584.6,1597.3,87.92K,Producer Manufacturing,Industrial Machinery,91.0,88.0,81.0,87.0,77.1357,75.7214,156.96K,265.10K,1687.0,589.8,103.73B,No,1542.6,1359.64,1051.57,1382.09,1190.75,485
297,TANFACIND.BO,3383.85,3513.8,6.07K,Process Industries,Chemicals: Specialty,91.0,76.0,95.0,88.0,180.7964,164.95,27.81K,19.80K,3648.0,1632.6,73.20B,No,3282.01,2953.27,2328.38,3051.88,2453.64,499
298,TIMESGREEN.BO,76.95,81.0,20.00K,Process Industries,Agricultural Commodities/Milling,91.0,47.0,92.0,89.0,2.1514,1.8693,13.25K,14.40K,83.0,37.27,428.95M,No,80.76,75.96,54.63,77.59,58.0,499
299,HPBL.BO,309.95,314.0,6.42K,Process Industries,Containers/Packaging,90.0,98.0,91.0,87.0,14.5964,12.5464,18.97K,11.09K,336.45,140.1,3.31B,No,262.07,216.83,201.21,227.86,214.97,497
300,QMSMEDI.NS,150.46,151.8,4.47K,Distribution Services,Medical Distributors,90.0,94.0,94.0,90.0,7.3071,7.1607,28.02K,21.54K,165.0,68.95,2.91B,No,148.16,125.6,97.56,129.61,101.26,499
301,HITECHCORP.NS,332.25,335.5,3.04K,Producer Manufacturing,Miscellaneous Manufacturing,90.0,63.0,56.0,96.0,7.85,7.85,16.76K,9.28K,345.0,112.0,5.71B,No,333.95,325.9,215.24,327.24,234.76,498
302,ENTERO.NS,1792.9,1828.3,166.18K,Distribution Services,Medical Distributors,90.0,92.0,93.0,88.0,87.8643,86.9572,224.01K,383.71K,1920.0,944.0,78.03B,No,1663.87,1414.15,1204.17,1437.04,1259.68,500
303,GRERENEW.BO,179.05,179.4,18.00K,Electronic Technology,Semiconductors,90.0,70.0,83.0,90.0,6.875,6.1679,26.76K,19.68K,194.15,77.5,2.56B,No,171.79,171.43,,173.11,139.97,160
304,ZIMLAB.NS,136.43,133.35,458.67K,Health Technology,Pharmaceuticals: Generic,90.0,91.0,76.0,93.0,7.8964,7.8921,70.70K,138.86K,144.49,59.31,7.32B,No,123.19,119.11,91.52,120.0,99.54,499
305,MARKSANS.NS,330.4,330.15,1295.26K,Health Technology,Pharmaceuticals: Major,90.0,88.0,84.0,92.0,13.1286,12.7321,3399.39K,2740.10K,349.95,155.0,149.73B,No,326.23,290.28,218.03,295.92,233.75,500
306,VPAL.BO,220.0,218.5,14.40K,Retail Trade,Food Retail,90.0,84.0,84.0,,8.9929,7.8464,57.80K,24.48K,260.45,116.95,3.65B,No,226.03,191.64,,196.37,,77
307,TECHNOCRAT.BO,396.15,407.95,89.00K,Producer Manufacturing,Industrial Machinery,90.0,,,,28.6893,24.05,494.29K,260.90K,455.0,218.5,6.93B,No,,,,,,15
308,ESSEX.BO,52.0,52.64,12.00K,Consumer Non-Durables,Food: Meat/Fish/Dairy,90.0,94.0,75.0,93.0,3.335,3.3086,48.44K,120.00K,54.75,18.25,793.62M,No,46.1,42.86,34.51,43.64,38.9,270
309,SBC.NS,48.05,48.68,10036.25K,Distribution Services,Wholesale Distributors,90.0,86.0,82.0,80.0,1.3293,1.2271,10479.08K,8729.01K,49.38,20.97,22.88B,No,41.81,41.86,34.69,42.43,37.56,500
310,NITINSPIN.NS,649.5,651.25,188.87K,Process Industries,Textiles,90.0,89.0,73.0,89.0,23.7143,23.7143,185.10K,136.06K,665.5,302.2,36.51B,No,614.7,576.1,446.11,580.67,494.89,500
311,CORDELIA.NS,109.44,104.25,3658.78K,Consumer Services,Hotels/Resorts/Cruise Lines,90.0,94.0,,,5.5432,5.3418,6917.86K,2102.32K,110.49,62.31,79.23B,No,99.67,89.58,,91.56,,52
312,ACUTAAS.NS,3451.4,3241.8,1000.34K,Health Technology,Pharmaceuticals: Major,90.0,73.0,61.0,83.0,116.5286,115.4715,356.55K,234.35K,3740.0,1302.0,282.57B,No,3230.69,3336.21,2565.18,3298.86,2887.33,500
313,SEDEMAC.NS,2915.7,2850.3999,105.72K,Producer Manufacturing,Auto Parts: Oem,90.0,35.0,57.0,,122.6785,119.1,159.28K,166.87K,3368.9,1413.1,128.79B,No,3044.27,2883.53,,2878.94,,128
314,OMAXE.NS,122.42,121.36,741.27K,Finance,Real Estate Development,90.0,96.0,94.0,85.0,10.5986,10.2693,4399.09K,12170.34K,138.89,62.5,22.48B,No,114.06,98.4,81.61,103.65,86.07,499
315,MUNOTHFI.BO,58.8,57.68,0.01K,Finance,Regional Banks,90.0,92.0,96.0,93.0,0.7171,0.2386,0.07K,0.01K,69.49,16.4,301.96M,No,55.17,46.24,35.44,48.41,34.22,497
316,GRWRHITECH.NS,6905.0,6752.5,59.43K,Process Industries,Chemicals: Specialty,90.0,48.0,61.0,88.0,211.8214,208.1071,69.44K,85.88K,7990.0,2690.7,160.42B,No,7101.55,7049.88,4988.95,7039.4,5590.15,500
317,BHAGERIA.NS,303.1,319.05,34.75K,Process Industries,Chemicals: Specialty,90.0,96.0,90.0,92.0,15.8321,11.5471,87.32K,240.39K,342.0,127.51,13.23B,No,245.23,225.12,184.35,232.28,191.56,499
318,CITIPOR.BO,47.25,47.53,0.01K,Finance,Finance/Rental/Leasing,90.0,66.0,87.0,60.0,1.4414,0.7529,0.12K,0.01K,52.94,17.5,146.48M,No,48.2,42.35,37.33,43.18,41.0,496
319,SENORES.NS,1463.1,1488.6,91.22K,Health Technology,Pharmaceuticals: Major,90.0,46.0,70.0,92.0,55.8857,55.3286,309.68K,249.18K,1599.0,662.45,67.38B,No,1487.03,1430.59,1032.69,1422.33,1121.5,426
320,INOVSYNTH.BO,142.65,141.25,119.52K,Miscellaneous,Miscellaneous,90.0,68.0,84.0,92.0,0.2929,0.0,29.27K,12.91K,142.65,50.1,13.25B,No,139.5,135.52,93.22,136.58,100.95,495
321,SHTL.BO,115.9,114.0,8.40K,Producer Manufacturing,Industrial Machinery,90.0,90.0,93.0,93.0,5.0779,4.6686,6.79K,20.04K,115.95,38.43,655.81M,No,102.44,90.94,71.36,92.44,73.73,206
322,SMLMAH.NS,6278.0,6570.0,70.10K,Consumer Durables,Motor Vehicles,90.0,90.0,94.0,83.0,269.2857,262.5714,165.56K,161.80K,6654.0,2719.0,90.85B,No,5543.12,4945.97,4214.29,5154.56,4403.74,501
323,AFLTD.BO,75.2,69.75,81.00K,Producer Manufacturing,Auto Parts: Oem,90.0,92.0,93.0,,3.79,2.9121,31.12K,37.50K,76.99,40.85,1.02B,No,57.6,57.8,,59.18,,75
324,BIRLAPREC.NS,59.3,56.48,251.52K,Producer Manufacturing,Industrial Machinery,90.0,,,,4.4143,4.3386,496.03K,602.13K,61.4,35.65,4.06B,No,,,,,,18
325,BALAMINES.NS,2342.6,2359.3,150.91K,Process Industries,Chemicals: Specialty,90.0,83.0,65.0,94.0,125.0643,123.4928,281.69K,289.03K,2629.8,968.1,75.90B,No,2312.23,2249.41,1572.21,2251.17,1732.97,501
326,BLSE.NS,316.6,320.6,372.45K,Technology Services,Internet Software/Services,90.0,54.0,88.0,95.0,10.9679,10.9679,828.96K,329.64K,331.3,124.3,28.70B,No,318.99,298.92,216.19,302.92,226.01,501
327,JATTAINDUS.BO,570.7,575.75,0.24K,Process Industries,Textiles,90.0,90.0,88.0,74.0,41.7357,40.7821,0.26K,0.35K,652.0,201.2,2.50B,No,523.63,467.64,419.15,481.41,436.78,499
328,DIVGIITTS.NS,1171.3,1149.6,229.89K,Producer Manufacturing,Auto Parts: Oem,90.0,77.0,90.0,85.0,68.2607,66.6321,293.78K,178.90K,1329.8,573.7,35.82B,No,1222.6,1076.87,787.67,1093.77,867.73,498
329,CHANDNIMACH.BO,96.73,96.18,4.68K,Producer Manufacturing,Industrial Machinery,90.0,11.0,85.0,83.0,7.0179,6.9607,15.23K,7.11K,127.74,31.0,680.82M,No,99.98,100.42,79.09,102.64,81.51,497
330,RITESHIN.BO,78.09,79.01,9.04K,Process Industries,Chemicals: Specialty,90.0,58.0,93.0,76.0,3.1336,3.12,11.94K,4.25K,87.98,39.0,731.92M,No,77.49,74.86,63.69,75.56,63.04,497
331,VLL.BO,61.0,61.0,0.01K,Finance,Finance/Rental/Leasing,90.0,82.0,69.0,94.0,1.1421,0.3871,0.04K,0.00K,70.3,21.03,1.58B,No,57.82,59.23,46.34,59.53,50.75,498
332,KRISHANA.NS,183.5,181.93,617.09K,Process Industries,Chemicals: Agricultural,90.0,48.0,87.0,91.0,6.7786,6.7786,1452.33K,662.57K,206.39,86.2,56.73B,No,191.39,171.28,127.76,175.39,139.21,500
333,ATLANTAELE.NS,1805.4,1848.7,53.09K,Producer Manufacturing,Electrical Products,90.0,77.0,40.0,92.0,78.0714,76.8929,132.42K,151.75K,2152.6,707.6,138.83B,No,1797.75,1701.22,1358.64,1708.98,1566.12,238
334,INDNIPPON.NS,1369.0,1313.3,2822.69K,Producer Manufacturing,Auto Parts: Oem,90.0,89.0,93.0,88.0,70.5857,67.3357,77.75K,184.62K,1564.0,675.0,30.97B,No,1120.55,1138.15,891.68,1173.4,940.41,499
335,SOTL.NS,697.1,689.6,257.14K,Process Industries,Chemicals: Specialty,90.0,55.0,78.0,92.0,41.7107,41.2893,819.58K,2154.74K,850.1,285.8,47.79B,No,703.15,656.28,461.15,669.92,500.77,501
336,CNL.NS,1086.3,1141.4,44.30K,Distribution Services,Electronics Distributors,89.0,43.0,92.0,86.0,60.9964,60.5679,274.54K,40.51K,1328.0,525.0,16.31B,No,1219.13,1060.08,766.51,1089.58,792.17,498
337,AMANTA.NS,201.78,205.89,38.22K,Health Technology,Pharmaceuticals: Major,89.0,93.0,86.0,92.0,4.8886,2.3564,194.86K,36.62K,209.95,92.0,7.83B,No,188.66,176.24,132.21,177.81,142.68,250
338,WELSPUNLIV.NS,210.5,210.28,1878.73K,Consumer Non-Durables,Consumer Sundries,89.0,92.0,92.0,89.0,6.72,6.6836,5702.75K,4564.45K,216.0,107.1,199.57B,No,193.38,175.6,143.84,177.53,148.62,501
339,NRBBEARING.NS,515.95,484.55,1395.63K,Producer Manufacturing,Auto Parts: Oem,89.0,81.0,78.0,92.0,17.8786,17.5607,498.71K,328.36K,518.0,212.55,50.01B,No,474.94,446.58,338.26,448.3,362.39,500
340,IKOMA.BO,63.5,61.48,49.22K,Producer Manufacturing,Building Products,89.0,26.0,44.0,98.0,3.23,3.2157,96.37K,91.41K,85.5,13.81,1.47B,No,62.97,65.78,46.07,65.79,51.45,497
341,SWITCHTE.BO,121.55,127.4,7.83K,Producer Manufacturing,Electrical Products,89.0,76.0,82.0,82.0,7.6643,6.95,5.40K,1.23K,156.1,40.0,297.80M,No,118.43,124.53,88.86,123.28,98.06,497
342,MIDEASTP.BO,35.28,36.0,0.63K,Finance,Investment Banks/Brokers,89.0,45.0,83.0,90.0,1.7093,1.3814,17.70K,10.45K,46.11,13.85,177.46M,No,34.18,36.65,25.34,36.5,28.53,497
343,MMFL.NS,644.1,616.95,213.81K,Producer Manufacturing,Metal Fabrication,89.0,55.0,89.0,80.0,26.8321,26.3286,168.99K,128.08K,687.95,288.1,31.10B,No,636.97,583.79,468.39,593.7,501.3,500
344,TIMEX.NS,627.1,623.35,232.84K,Consumer Durables,Other Consumer Specialties,89.0,81.0,82.0,,30.95,30.5964,427.90K,407.25K,687.8,323.0,,No,613.21,576.5,,584.61,,100
345,NEOGEN.NS,2388.9,2255.2,410.06K,Process Industries,Chemicals: Specialty,89.0,84.0,72.0,90.0,89.7786,86.8643,165.20K,111.28K,2483.9,966.7,65.41B,No,2213.15,2131.93,1611.94,2155.01,1785.67,500
346,PANACHE.NS,519.0,525.0,2.42K,Electronic Technology,Computer Peripherals,89.0,65.0,88.0,85.0,15.4,13.0964,15.09K,5.27K,559.4,237.7,7.90B,No,527.99,474.12,371.99,481.29,389.64,498
347,GSBFIN.BO,52.53,54.9,1.98K,Finance,Investment Banks/Brokers,89.0,92.0,92.0,78.0,3.19,3.0007,8.18K,5.26K,58.45,26.22,315.18M,No,47.49,44.19,37.36,46.41,38.76,497
348,VISL.NS,33.37,33.38,11462.47K,Non-Energy Minerals,Steel,89.0,6.0,,,1.6529,1.6443,56184.43K,27147.02K,44.78,19.06,130.49B,No,36.39,35.24,,34.73,,64
349,NBL.BO,148.8,148.8,7.20K,Technology Services,Packaged Software,89.0,87.0,97.0,81.0,3.9679,1.1357,16.99K,6.12K,193.95,70.0,1.76B,No,141.34,140.46,115.22,140.72,109.97,498
350,FINCABLES.NS,1418.4,1353.4,2350.75K,Producer Manufacturing,Electrical Products,89.0,80.0,88.0,78.0,58.3215,55.1036,1025.51K,1225.75K,1429.0,700.8,216.93B,No,1283.51,1140.18,955.65,1152.68,1037.51,501
351,SIMMOND.BO,234.45,242.95,10.86K,Producer Manufacturing,Metal Fabrication,89.0,90.0,86.0,87.0,14.9857,13.7643,14.30K,34.67K,265.0,101.4,2.63B,No,215.4,200.03,161.49,202.76,177.21,497
352,BLUESTONE.NS,855.15,874.4,402.44K,Retail Trade,Specialty Stores,89.0,35.0,94.0,89.0,34.6,34.4857,3968.73K,731.68K,926.0,399.8,130.65B,No,828.49,763.82,559.98,776.71,591.91,266
353,ASTONEALAB.BO,289.0,294.8,7.00K,Health Technology,Pharmaceuticals: Major,89.0,80.0,78.0,91.0,5.1929,4.1036,2.81K,8.30K,301.3,118.0,3.04B,No,276.53,273.53,200.93,275.98,219.96,318
354,BCCFUBA.BO,248.4,236.6,77.94K,Electronic Technology,Electronic Components,89.0,84.0,93.0,88.0,12.8893,12.3607,33.77K,33.53K,252.0,102.0,4.94B,No,235.46,207.97,169.21,214.12,170.21,497
355,TMB.NS,923.65,922.25,51.37K,Finance,Regional Banks,89.0,73.0,75.0,79.0,25.1393,24.4,362.09K,194.63K,954.2,420.0,146.26B,No,889.6,849.55,689.1,860.12,743.58,499
356,AERPACE.BO,36.88,37.63,45.71K,Distribution Services,Wholesale Distributors,89.0,85.0,89.0,84.0,1.3629,0.9529,657.30K,574.45K,42.44,16.7,5.67B,No,36.52,34.18,27.11,34.59,27.9,497
357,GNA.NS,553.95,539.55,297.52K,Producer Manufacturing,Auto Parts: Oem,89.0,64.0,92.0,70.0,20.125,20.0929,631.27K,235.84K,601.65,295.0,23.78B,No,550.22,530.3,418.58,536.56,449.06,500
358,PGIL.NS,2378.4,2277.8999,292.92K,Consumer Non-Durables,Apparel/Footwear,89.0,45.0,90.0,84.0,99.1071,98.5,170.59K,87.56K,2539.6,1200.0,109.86B,No,2362.86,2199.89,1750.9,2237.44,1826.28,500
359,SIGACHI.NS,37.56,35.27,13528.78K,Health Technology,Pharmaceuticals: Major,89.0,96.0,96.0,92.0,2.0843,2.0629,1971.54K,3418.82K,46.73,16.65,14.37B,No,31.78,27.58,25.14,28.71,23.59,499
360,SAILIFE.NS,1591.1,1675.4,1174.20K,Commercial Services,Miscellaneous Commercial Services,89.0,77.0,84.0,83.0,56.1643,56.1357,576.78K,1214.55K,1697.0,783.85,337.81B,No,1510.01,1389.58,1098.56,1401.79,1184.59,433
361,UNJHAFOR.BO,33.68,35.45,7.80K,Distribution Services,Food Distributors,89.0,91.0,95.0,86.0,1.485,0.775,6.99K,10.72K,36.38,17.52,150.90M,No,27.99,25.95,22.77,26.83,22.56,498
362,ARROWGREEN.NS,791.7,803.0,17.44K,Process Industries,Containers/Packaging,89.0,61.0,87.0,93.0,32.0536,31.9143,24.94K,20.51K,829.0,341.95,11.95B,No,744.0,721.53,552.4,739.75,580.41,499
363,REDINGTON.NS,392.0,378.05,23153.58K,Distribution Services,Electronics Distributors,89.0,85.0,95.0,86.0,14.4821,13.95,7224.01K,6294.07K,403.25,191.31,306.46B,No,357.96,323.11,267.4,330.49,267.73,501
364,KINETRU.BO,50.35,50.35,0.01K,Finance,Finance/Rental/Leasing,89.0,87.0,89.0,59.0,2.6536,1.3936,1.52K,0.66K,75.82,25.47,169.18M,No,55.24,45.13,42.58,46.98,41.35,497
365,KALYANIFRG.NS,973.2,926.9,10.77K,Producer Manufacturing,Auto Parts: Oem,89.0,97.0,94.0,84.0,86.6107,73.6357,8.94K,39.83K,1192.25,523.6,3.54B,No,816.54,697.13,633.67,722.67,643.62,499
366,KRISHNACAP.BO,53.0,49.0,0.05K,Finance,Investment Banks/Brokers,89.0,89.0,17.0,91.0,2.215,1.6557,3.46K,4.41K,59.27,18.16,167.40M,No,42.96,46.74,39.23,46.95,45.67,496
367,ATHARVA.BO,113.3,107.91,100.00K,Producer Manufacturing,Miscellaneous Manufacturing,89.0,97.0,,,6.4007,5.805,155.87K,87.20K,113.3,69.0,1.91B,No,84.23,,,82.83,,48
368,COLINZ.BO,72.5,72.51,0.89K,Health Technology,Pharmaceuticals: Major,89.0,17.0,86.0,89.0,4.0164,3.8014,5.21K,1.49K,87.91,36.11,182.63M,No,74.87,76.81,57.5,76.38,59.67,497
369,REMIEDEL.BO,258.3,245.3,3.73K,Non-Energy Minerals,Steel,89.0,88.0,82.0,91.0,14.75,14.5571,5.05K,3.92K,259.5,118.4,3.26B,No,230.21,208.03,164.67,215.09,178.32,497
370,LANCORHOL.NS,37.93,36.13,99.88K,Finance,Real Estate Development,89.0,96.0,93.0,88.0,2.7929,2.6164,249.02K,687.91K,41.75,18.12,2.79B,No,33.06,28.75,25.67,30.25,25.99,499
371,RSL.NS,186.7,190.09,172.68K,Non-Energy Minerals,Steel,89.0,89.0,90.0,,6.46,6.4236,476.11K,613.43K,192.77,101.7,15.60B,No,174.42,152.86,,156.02,,122
372,HIGHNESS.BO,223.25,212.65,45.60K,Electronic Technology,Semiconductors,89.0,85.0,89.0,,7.6857,4.875,26.96K,11.76K,223.25,107.5,1.15B,No,190.23,185.58,,188.11,,113
373,QUESS.NS,355.1,355.0,420.47K,Commercial Services,Personnel Services,88.0,72.0,91.0,91.0,19.5,19.4286,961.20K,679.99K,388.75,166.3,53.05B,No,353.19,324.9,237.69,327.38,248.75,501
374,VALIANT.BO,1345.0,1321.3,27.65K,Electronic Technology,Telecommunications Equipment,88.0,79.0,65.0,70.0,72.7179,69.9321,16.83K,19.93K,1359.8,588.27,15.73B,No,1194.55,1101.08,1002.17,1121.12,1081.17,498
375,SUPER.BO,1204.05,1216.85,0.22K,Process Industries,Textiles,88.0,75.0,90.0,91.0,55.8321,54.9536,1.29K,0.87K,1298.5,530.0,3.70B,No,1210.42,1089.16,807.15,1110.46,853.6,497
376,RESONANCE.BO,171.25,169.4,12.68K,Process Industries,Chemicals: Specialty,88.0,29.0,83.0,89.0,10.6571,9.9464,20.22K,19.35K,188.5,77.0,1.98B,No,167.39,154.04,118.06,155.09,124.73,497
377,GALLOPENT.BO,36.45,38.0,0.80K,Finance,Real Estate Development,88.0,59.0,87.0,83.0,2.165,1.8671,0.50K,0.55K,42.0,16.36,182.67M,No,37.18,36.26,25.8,36.99,28.13,499
378,VENUSPIPES.NS,1949.1,1930.1,171.61K,Non-Energy Minerals,Steel,88.0,90.0,89.0,91.0,85.5071,74.4214,157.42K,260.42K,1998.0,890.0,40.38B,No,1645.37,1679.68,1344.35,1683.52,1416.24,499
379,WSTCSTPAPR.NS,710.1,667.55,528.74K,Producer Manufacturing,Office Equipment/Supplies,88.0,84.0,90.0,90.0,29.4964,29.1322,270.76K,352.07K,714.8,375.0,46.90B,No,635.97,589.35,483.05,600.22,511.12,500
380,NINSYS.NS,708.45,710.75,3.17K,Technology Services,Packaged Software,88.0,41.0,47.0,95.0,23.7036,23.475,5.37K,3.64K,935.0,281.05,13.16B,No,717.73,787.53,543.62,776.24,607.38,499
381,AZAD.NS,2773.5,2805.0,171.84K,Producer Manufacturing,Metal Fabrication,88.0,82.0,83.0,87.0,91.4072,90.3143,600.03K,358.95K,2986.6,1360.0,179.12B,No,2814.66,2557.54,1971.11,2598.66,2132.65,501
382,SONACOMS.NS,803.5,799.5,1516.82K,Producer Manufacturing,Auto Parts: Oem,88.0,53.0,87.0,84.0,20.8393,20.2036,2338.86K,1503.94K,844.0,402.3,501.49B,No,806.23,760.65,592.62,769.59,633.93,501
383,VARROC.NS,884.4,839.4,1467.95K,Producer Manufacturing,Auto Parts: Oem,88.0,70.0,93.0,88.0,37.2786,36.2679,503.03K,378.84K,896.0,462.0,135.14B,No,836.18,746.32,612.89,763.83,620.13,499
384,MITSU.BO,176.8,179.55,27.63K,Producer Manufacturing,Miscellaneous Manufacturing,88.0,85.0,76.0,90.0,7.8786,7.7321,35.16K,27.86K,201.05,80.3,2.40B,No,180.77,160.33,126.87,162.3,135.66,497
385,PANAMAPET.NS,491.65,498.4,169.12K,Process Industries,Industrial Specialties,88.0,62.0,84.0,88.0,17.7429,17.7429,850.45K,305.57K,599.6,229.0,29.74B,No,484.62,468.54,344.65,472.29,366.98,500
386,WELENT.NS,797.95,782.85,305.58K,Industrial Services,Engineering & Construction,88.0,95.0,90.0,89.0,33.7429,33.7429,510.80K,738.96K,825.0,412.0,108.21B,No,685.83,635.02,534.34,649.53,552.83,501
387,ANANDPROJ.BO,39.81,37.92,0.05K,Utilities,Electric Utilities,88.0,89.0,92.0,83.0,0.4793,0.0,0.00K,0.00K,39.81,24.48,37.19M,No,35.64,30.5,25.98,32.07,27.05,497
388,NCML.BO,133.26,124.7,22.40K,Non-Energy Minerals,Steel,88.0,98.0,89.0,86.0,8.2571,6.6443,17.93K,83.20K,148.7,64.6,3.32B,No,101.91,89.86,90.8,94.28,89.64,246
389,RRKABEL.NS,2437.0,2419.8,571.27K,Producer Manufacturing,Electrical Products,88.0,7.0,68.0,85.0,114.1928,112.8428,686.48K,935.09K,2983.8,1181.6,275.64B,No,2744.42,2583.96,1868.49,2587.61,2037.42,499
390,JLL.BO,87.39,84.14,2.83K,Finance,Finance/Rental/Leasing,88.0,1.0,58.0,90.0,6.7429,4.7507,2.07K,3.22K,169.1,35.0,262.95M,No,94.48,122.54,76.87,119.59,86.78,498
391,CHEMBONDCH.NS,249.75,251.75,4.89K,Process Industries,Chemicals: Major Diversified,88.0,17.0,90.0,90.0,14.3607,14.3607,16.38K,6.97K,290.0,104.85,6.72B,No,265.46,252.65,183.32,252.11,195.05,284
392,GLAND.NS,2946.9,3026.2,368.83K,Health Technology,Pharmaceuticals: Major,88.0,61.0,84.0,88.0,89.2142,88.7285,779.62K,794.85K,3042.0,1573.6,486.14B,No,2894.33,2682.48,2071.96,2696.89,2193.99,500
393,JINDALSAW.NS,317.5,311.7,3366.09K,Non-Energy Minerals,Steel,88.0,87.0,86.0,91.0,11.5857,11.5,2228.72K,2749.08K,320.0,153.0,202.44B,No,295.88,276.54,220.27,281.91,241.04,501
394,GROVY.BO,65.54,66.35,0.09K,Finance,Real Estate Development,88.0,84.0,91.0,86.0,3.6579,3.5086,5.20K,2.18K,78.6,32.0,1.15B,No,64.2,56.88,46.56,57.92,47.38,497
395,QPOWER.NS,1458.2,1513.2,213.00K,Producer Manufacturing,Electrical Products,88.0,83.0,76.0,90.0,69.6929,68.5429,200.50K,360.54K,1570.0,581.0,112.93B,No,1390.0,1249.03,1016.23,1267.77,1136.75,385
396,NITTAGELA.NS,1654.4,1667.0,1.68K,Consumer Non-Durables,Food: Specialty/Candy,88.0,63.0,79.0,,55.7357,53.9429,12.24K,3.83K,2087.2,882.0,15.02B,No,1608.31,1731.3,,1760.08,,100
397,KDDL.NS,3891.4,3912.2,16.58K,Consumer Durables,Other Consumer Specialties,88.0,58.0,87.0,86.0,119.1571,118.0,47.47K,28.41K,4155.5,1990.0,47.86B,No,3939.62,3591.02,2748.95,3639.4,2917.88,499
398,RAMRAT.NS,536.75,527.35,205.72K,Producer Manufacturing,Electrical Products,88.0,84.0,89.0,83.0,30.2214,29.8214,318.56K,807.13K,602.45,268.0,50.11B,No,521.86,467.52,378.46,479.57,408.64,500
399,NILKAMAL.NS,2077.4,2056.7,11.83K,Consumer Durables,Home Furnishings,88.0,81.0,94.0,83.0,72.2643,71.2714,124.16K,27.84K,2149.5,1050.5,31.10B,No,2029.03,1769.71,1441.14,1817.66,1460.57,499
400,NEULANDLAB.NS,23800.0,23195.0,55.26K,Health Technology,Pharmaceuticals: Major,88.0,66.0,88.0,90.0,672.2143,642.2143,64.93K,40.44K,24225.0,11500.0,305.35B,No,23267.55,21069.4,16540.19,21467.0,17258.8,500
401,SYSTEMATIC.BO,277.15,276.35,210.00K,Producer Manufacturing,Metal Fabrication,88.0,90.0,92.0,88.0,15.2036,14.8036,40.51K,76.44K,296.0,125.0,6.19B,No,242.76,214.93,190.13,218.96,194.61,235
402,SMARTLINK.NS,219.57,209.47,14.67K,Electronic Technology,Telecommunications Equipment,88.0,56.0,85.0,90.0,10.9486,10.9486,7.14K,5.09K,233.0,103.5,2.19B,No,219.2,209.92,155.47,212.47,165.84,500
403,RAIN.NS,217.28,222.5,4112.72K,Process Industries,Industrial Specialties,88.0,74.0,63.0,86.0,9.3629,9.1736,5349.86K,4856.39K,252.0,99.9,73.08B,No,207.38,211.74,160.77,213.45,170.59,500
404,MILKYMIST.NS,278.83,265.56,8012.16K,Consumer Non-Durables,Food: Meat/Fish/Dairy,88.0,,,,17.5364,16.6507,32502.53K,28553.73K,288.45,165.0,214.66B,No,,,,,,18
405,ICIL.NS,439.45,445.55,1682.84K,Process Industries,Textiles,88.0,66.0,86.0,87.0,25.0571,25.0214,1317.53K,798.87K,474.65,216.9,87.03B,No,431.49,419.36,321.7,418.08,338.99,500
406,CHMBBRW.BO,34.9,34.55,3.00K,Consumer Non-Durables,Beverages: Alcoholic,88.0,1.0,91.0,80.0,2.14,1.5364,17.92K,21.50K,49.6,15.03,261.36M,No,37.34,38.5,28.53,39.38,31.52,497
407,UNIMECH.NS,1568.1,1586.4,132.06K,Producer Manufacturing,Industrial Machinery,88.0,80.0,87.0,89.0,62.7643,62.1286,211.91K,260.36K,1652.8,695.0,79.82B,No,1508.79,1361.57,1048.86,1397.57,1104.82,424
408,KALYANKJIL.NS,615.2,607.6,6065.31K,Retail Trade,Specialty Stores,88.0,61.0,96.0,83.0,21.4464,21.4464,22631.39K,10083.41K,648.95,327.05,635.35B,No,604.39,566.4,452.85,588.46,455.83,500
409,VALSONQ.BO,41.0,40.21,1.55K,Process Industries,Textiles,88.0,73.0,91.0,82.0,3.0786,3.0414,8.52K,8.37K,47.8,23.58,314.09M,No,42.87,38.11,31.19,38.67,32.57,498
410,CRAFTSMAN.NS,11851.0,11806.0,71.34K,Producer Manufacturing,Trucks/Construction/Farm Machinery,88.0,85.0,85.0,85.0,402.6429,398.75,67.70K,69.30K,11999.0,6324.0,309.96B,No,10938.77,10146.98,8402.35,10330.9,8846.3,498
411,ADOR.NS,1623.4,1628.2,20.76K,Producer Manufacturing,Miscellaneous Manufacturing,87.0,75.0,90.0,85.0,70.2572,67.6214,57.24K,73.83K,1766.4,848.0,28.25B,No,1619.01,1500.17,1164.56,1522.04,1212.76,500
412,VEDANTASSET.BO,66.73,67.4,3.00K,Finance,Investment Managers,87.0,14.0,93.0,88.0,1.58,0.195,6.68K,4.50K,93.6,33.0,184.28M,No,65.54,75.88,52.2,74.09,54.99,497
413,PAR.NS,141.08,134.37,88.69K,Process Industries,Chemicals: Specialty,87.0,96.0,94.0,83.0,11.4607,9.3921,70.39K,324.86K,180.0,78.05,1.74B,No,118.73,105.35,95.68,108.72,96.29,498
414,CFF.BO,981.95,978.2,15.60K,Industrial Services,Engineering & Construction,87.0,40.0,87.0,90.0,32.0214,31.4643,38.52K,18.24K,1073.0,445.0,20.60B,No,1007.76,963.02,720.09,966.26,786.62,497
415,WABAG.NS,2211.8,2130.8999,1260.45K,Industrial Services,Engineering & Construction,87.0,86.0,89.0,90.0,83.1286,82.2357,837.35K,714.21K,2253.5,1033.0,138.22B,No,2028.78,2028.75,1544.48,2039.95,1666.37,501
416,JASCH.BO,289.0,281.2,1.11K,Process Industries,Textiles,87.0,34.0,80.0,90.0,12.5,11.8929,7.72K,2.92K,343.65,126.05,1.96B,No,292.94,290.61,201.84,289.44,217.6,497
417,PAYTM.NS,1739.0,1751.5,1478.88K,Finance,Finance/Rental/Leasing,87.0,78.0,95.0,87.0,57.9429,56.1714,3850.79K,3304.89K,1758.9,930.6,1114.93B,No,1650.6,1471.05,1240.78,1504.2,1234.36,500
418,BAIKAKAJI.BO,289.5,283.85,50.40K,Process Industries,Containers/Packaging,87.0,91.0,94.0,85.0,20.5536,18.7036,85.65K,85.62K,328.9,143.1,6.20B,No,272.89,234.94,,241.48,201.04,174
419,AYMSYNTEX.NS,293.1,311.3,149.16K,Process Industries,Textiles,87.0,85.0,86.0,80.0,20.5607,20.5107,97.36K,345.14K,330.0,141.53,17.23B,No,277.71,257.65,208.21,259.04,225.7,499
420,ROSSTECH.NS,1206.6,1193.7,82.88K,Electronic Technology,Telecommunications Equipment,87.0,80.0,78.0,87.0,49.8571,49.6571,262.74K,196.19K,1241.7,551.9,45.66B,No,1117.09,1053.12,862.05,1064.18,937.61,438
421,RNITAI.BO,99.08,99.63,42.55K,Producer Manufacturing,Electrical Products,87.0,94.0,93.0,93.0,4.665,4.5043,146.81K,149.16K,130.2,37.0,8.40B,No,89.12,73.4,61.3,76.84,66.47,497
422,AEROENTER.NS,135.01,142.95,1779.00K,Producer Manufacturing,Industrial Machinery,87.0,68.0,79.0,91.0,8.3693,8.2814,1243.35K,1173.51K,159.6,62.2,15.28B,No,139.51,130.03,99.71,130.67,106.68,500
423,HANNAH.BO,113.5,113.9,16.00K,Health Services,Hospital/Nursing Management,87.0,70.0,77.0,91.0,3.5929,2.6357,19.28K,16.60K,128.8,55.99,2.58B,No,113.78,111.83,,110.62,89.46,153
424,BAJAJCON.NS,524.45,521.45,1178.56K,Consumer Non-Durables,Household/Personal Care,87.0,41.0,22.0,77.0,20.2286,20.2143,926.12K,1215.89K,692.0,222.78,68.50B,No,489.33,534.92,435.63,530.57,494.81,500
425,GDLLEAS.BO,61.81,65.06,0.12K,Finance,Finance/Rental/Leasing,87.0,21.0,24.0,2.0,3.1264,2.7686,0.30K,0.27K,169.8,17.22,309.67M,No,65.42,65.19,90.91,64.96,75.53,497
426,SRIKPRIND.NS,31.43,32.26,11.08K,Non-Energy Minerals,Construction Materials,87.0,,,,2.6607,2.4029,52.23K,86.75K,36.8,19.4,,No,,,,,,18
427,GKSL.NS,173.22,176.02,142.02K,Health Services,Hospital/Nursing Management,87.0,93.0,86.0,84.0,6.9121,6.8457,504.62K,848.78K,180.9,98.36,13.66B,No,160.71,142.44,,144.69,128.82,177
428,SHANTIGEAR.NS,725.45,707.75,312.55K,Producer Manufacturing,Auto Parts: Oem,87.0,98.0,94.0,85.0,46.4321,44.1429,356.58K,487.73K,743.0,384.0,55.67B,No,535.81,467.4,457.01,482.71,460.86,500
429,ARVIND.NS,569.8,570.8,423.68K,Process Industries,Textiles,87.0,56.0,72.0,87.0,20.3679,20.2964,834.29K,732.50K,607.15,277.9,155.01B,No,551.68,542.72,426.03,543.85,464.69,501
430,KOPRAN.NS,235.82,234.37,282.35K,Health Technology,Pharmaceuticals: Major,87.0,95.0,84.0,91.0,11.63,11.2557,234.12K,819.88K,253.71,107.0,11.39B,No,209.0,199.74,161.97,202.79,171.75,500
431,LENSKART.NS,693.3,693.9,6256.53K,Health Technology,Medical Specialties,87.0,88.0,89.0,74.0,20.75,20.4,8404.30K,17837.48K,703.5,356.1,1200.41B,No,658.33,597.32,511.92,605.55,543.51,212
432,BENCHMARK.BO,46.92,44.3,6.00K,Technology Services,Information Technology Services,87.0,93.0,85.0,91.0,1.4179,0.4743,5.12K,9.20K,47.88,18.0,322.06M,No,39.27,39.71,30.81,39.7,31.82,500
433,MOLDTECH.NS,211.69,212.51,23.43K,Industrial Services,Engineering & Construction,87.0,86.0,95.0,89.0,10.8871,10.4043,162.06K,70.61K,227.0,101.1,6.10B,No,195.24,164.76,142.54,172.22,141.78,498
434,SIZEMASTER.BO,347.05,342.95,2.41K,Producer Manufacturing,Miscellaneous Manufacturing,87.0,97.0,35.0,72.0,20.3071,17.2214,0.53K,0.78K,415.0,119.95,3.47B,No,260.9,298.49,286.4,295.47,325.91,497
435,ASTRAMICRO.NS,1696.8,1706.1,258.43K,Electronic Technology,Telecommunications Equipment,87.0,61.0,74.0,86.0,56.1072,54.3714,668.65K,360.46K,1960.0,851.0,161.10B,No,1699.35,1744.13,1251.49,1757.34,1382.91,501
436,CEMPRO.NS,1251.9,1269.1,124.81K,Industrial Services,Engineering & Construction,87.0,51.0,67.0,94.0,45.4714,45.35,519.96K,275.71K,1649.2,503.3,215.06B,No,1276.56,1373.8,934.16,1359.13,1005.1,501
437,SPENTA.BO,147.3,150.3,0.51K,Consumer Non-Durables,Apparel/Footwear,87.0,90.0,88.0,89.0,6.5429,3.4679,1.39K,0.68K,169.7,71.1,407.19M,No,125.48,124.14,101.25,125.75,106.27,497
438,SHAHALLOYS.NS,96.76,100.53,14.68K,Non-Energy Minerals,Steel,87.0,95.0,90.0,85.0,7.7671,7.2571,86.70K,407.10K,116.85,53.1,1.92B,No,89.72,77.75,69.94,79.72,71.35,499
439,FILATEX.NS,76.25,75.55,654.45K,Process Industries,Textiles,87.0,18.0,91.0,91.0,3.77,3.6693,4295.18K,1823.76K,87.27,36.26,33.86B,No,78.93,74.6,53.63,76.18,55.72,500
440,SHALPAINTS.NS,85.44,83.86,396.31K,Process Industries,Industrial Specialties,87.0,61.0,94.0,85.0,3.5729,3.0964,492.71K,124.92K,95.95,35.21,7.15B,No,83.43,72.5,60.0,74.18,58.51,500
441,LAXMIPATI.BO,444.4,444.4,0.50K,Producer Manufacturing,Trucks/Construction/Farm Machinery,87.0,46.0,95.0,86.0,4.7143,0.3571,1.59K,0.25K,585.0,209.0,2.56B,No,464.78,491.32,348.42,479.8,359.27,497
442,JAIPAN.BO,40.5,40.08,6.16K,Consumer Durables,Electronics/Appliances,87.0,80.0,92.0,84.0,2.1207,2.0414,23.88K,4.55K,45.0,22.5,247.04M,No,38.63,36.2,29.43,37.32,30.33,497
443,IIRM.BO,137.65,138.6,3.40K,Producer Manufacturing,Miscellaneous Manufacturing,87.0,57.0,74.0,86.0,5.7786,5.7786,28.09K,32.14K,151.85,68.0,9.38B,No,132.32,132.58,102.74,134.29,111.47,497
444,BRGIL.BO,185.05,183.35,109.00K,Industrial Services,Engineering & Construction,87.0,25.0,92.0,91.0,8.9821,8.1607,53.70K,30.50K,203.0,89.06,4.41B,No,190.22,165.61,127.16,167.99,131.8,413
445,SOLARINDS.NS,22370.0,22355.0,58.69K,Process Industries,Industrial Specialties,87.0,89.0,84.0,79.0,510.1429,507.6429,146.49K,180.36K,22625.0,11646.0,2024.26B,No,20663.75,19375.34,15823.91,19632.2,17000.63,500
446,GOLKUNDIA.BO,326.6,334.4,2.53K,Consumer Durables,Other Consumer Specialties,87.0,81.0,85.0,58.0,18.8714,17.4929,6.81K,6.72K,355.6,156.0,2.27B,No,317.9,282.23,251.3,285.47,273.5,497
447,SGFIN.NS,672.0,678.8,153.56K,Finance,Investment Banks/Brokers,87.0,64.0,65.0,87.0,20.5964,20.5964,493.57K,153.87K,727.45,323.0,44.28B,No,680.6,672.56,516.81,672.33,566.74,276
448,VEL.BO,64.02,65.0,44.31K,Distribution Services,Wholesale Distributors,86.0,48.0,44.0,82.0,4.0507,3.9771,28.68K,23.06K,72.0,29.05,1.65B,No,66.16,63.42,50.64,64.38,54.57,497
449,AMIC.BO,2285.55,2256.75,55.40K,Producer Manufacturing,Metal Fabrication,86.0,86.0,88.0,86.0,84.175,81.9643,64.71K,88.29K,2321.95,1065.0,29.71B,No,2055.45,1908.45,1592.15,1933.28,1669.71,498
450,GRAMEVA.BO,91.79,89.29,0.39K,Producer Manufacturing,Industrial Conglomerates,86.0,74.0,82.0,85.0,4.8193,4.7221,1.18K,0.86K,116.0,45.51,440.54M,No,86.48,92.6,70.71,93.01,75.97,497
451,OVOBELE.BO,251.4,243.8,9.80K,Consumer Non-Durables,Food: Specialty/Candy,86.0,95.0,91.0,90.0,16.9107,15.3,11.71K,11.79K,284.5,105.6,2.39B,No,252.58,212.09,173.4,215.99,172.72,497
452,AMAGI.NS,572.05,583.75,165.26K,Technology Services,Packaged Software,86.0,13.0,87.0,80.0,22.5643,22.25,895.24K,463.27K,727.4,310.2,123.76B,No,577.92,598.71,,596.44,466.92,161
453,ZKHANDEN.BO,204.0,191.95,0.00K,Process Industries,Agricultural Commodities/Milling,86.0,98.0,53.0,81.0,5.6286,3.9643,0.24K,0.30K,205.0,67.01,173.42M,No,160.57,162.5,151.28,164.07,163.87,496
454,CONSOFINVT.NS,303.5,305.05,3.31K,Finance,Financial Conglomerates,86.0,80.0,85.0,72.0,11.4179,9.4429,17.07K,17.73K,320.0,152.0,9.81B,No,277.68,276.67,223.6,282.66,244.53,498
455,ALPHAGEO.NS,321.8,325.0,5.21K,Industrial Services,Oilfield Services/Equipment,86.0,83.0,93.0,84.0,16.2064,15.8993,36.16K,12.81K,368.0,164.8,2.05B,No,317.48,256.59,224.44,263.69,225.73,499
456,ASAHISONG.NS,375.65,389.9,11.15K,Process Industries,Chemicals: Specialty,86.0,81.0,91.0,88.0,14.0571,13.175,41.17K,16.63K,413.95,179.64,4.43B,No,367.59,336.06,263.43,347.44,270.61,499
457,SRGFFL.BO,36.31,32.99,30.00K,Finance,Finance/Rental/Leasing,86.0,95.0,96.0,67.0,2.2093,2.2057,2.58K,7.80K,38.9,17.3,195.18M,No,28.9,26.1,25.75,27.62,24.95,497
458,RAMBHAJO.NS,267.51,277.98,740.52K,Consumer Durables,Other Consumer Specialties,86.0,96.0,,,25.3764,24.8079,1526.64K,3037.87K,289.0,161.6,,No,229.79,205.27,,209.26,,52
459,HONASA.NS,475.65,471.05,657.00K,Retail Trade,Specialty Stores,86.0,60.0,72.0,86.0,15.4857,15.3179,1772.52K,916.96K,509.8,248.4,155.07B,No,478.64,469.1,360.13,471.68,392.73,500
460,KTKBANK.NS,332.55,331.25,1448.55K,Finance,Regional Banks,86.0,72.0,77.0,84.0,9.1643,9.1036,2601.36K,2126.07K,345.9,170.0,125.76B,No,329.26,302.14,246.61,306.49,265.95,501
461,SAHYADRI.NS,383.35,377.05,11.75K,Non-Energy Minerals,Construction Materials,86.0,83.0,89.0,85.0,19.0536,18.8214,19.22K,25.88K,406.9,200.1,4.20B,No,365.36,325.2,275.33,333.3,284.82,498
462,SERA.BO,57.21,59.01,45.26K,Non-Energy Minerals,Other Metals/Minerals,86.0,93.0,89.0,86.0,4.2293,4.0907,99.61K,223.54K,61.9,31.31,749.37M,No,49.3,44.01,40.98,44.72,41.46,497
463,MCX.NS,3300.0,3350.0,1308.46K,Finance,Investment Banks/Brokers,86.0,81.0,72.0,67.0,99.3071,95.95,2643.59K,2060.17K,3480.0,1505.2,,No,3221.42,2945.8,2671.76,2958.23,2825.95,501
464,CHORDIA.BO,111.54,106.23,2.00K,Consumer Non-Durables,Food: Major Diversified,86.0,97.0,91.0,82.0,4.4879,3.5679,2.80K,2.68K,111.54,63.67,449.31M,No,79.6,73.78,72.61,76.66,72.8,497
465,VICTMILL.BO,8624.5,8649.2998,0.15K,Process Industries,Textiles,86.0,98.0,94.0,76.0,555.8179,503.2893,0.15K,0.43K,9448.95,4501.0,850.03M,No,7862.15,6205.3,5953.63,6578.37,5957.94,497
466,BHEL.NS,429.5,433.7,3962.60K,Producer Manufacturing,Electrical Products,86.0,62.0,70.0,86.0,11.725,11.3036,11630.83K,7659.08K,446.5,219.42,1495.55B,No,425.2,414.13,338.13,417.29,362.12,501
467,DIVISLAB.NS,9438.5,9488.0,338.16K,Health Technology,Pharmaceuticals: Major,86.0,79.0,89.0,79.0,229.0,208.3571,455.75K,534.44K,9615.0,5636.5,2505.63B,No,8992.83,8153.32,6834.39,8251.45,7042.57,500
468,BRRL.BO,948.0,910.85,0.20K,Consumer Durables,Homebuilding,86.0,79.0,45.0,61.0,40.05,36.6393,4.17K,2.82K,1011.0,260.3,9.79B,No,908.95,887.04,794.93,884.4,903.43,496
469,NATFIT.BO,237.6,247.1,33.90K,Producer Manufacturing,Metal Fabrication,86.0,95.0,92.0,80.0,14.8429,11.8393,21.58K,70.78K,266.8,133.6,2.16B,No,196.67,172.15,163.67,178.65,163.94,497
470,OCCLLTD.NS,163.91,164.68,17.92K,Process Industries,Chemicals: Specialty,86.0,79.0,82.0,93.0,5.0186,4.8564,75.63K,48.40K,183.03,75.71,8.19B,No,161.59,151.38,113.1,152.43,119.2,464
471,ESAFSFB.NS,40.39,40.85,243.03K,Finance,Regional Banks,86.0,59.0,89.0,85.0,1.6357,1.6307,3042.55K,440.01K,44.99,19.78,20.84B,No,42.07,39.26,30.08,40.1,31.49,500
472,SWARAJ.NS,352.75,353.15,122.89K,Process Industries,Textiles,86.0,39.0,88.0,62.0,10.625,10.5071,150.41K,70.99K,386.75,158.5,9.32B,No,365.18,356.67,290.52,359.12,306.48,498
473,PFOCUS.NS,313.55,316.3,374.27K,Consumer Services,Movies/Entertainment,86.0,81.0,87.0,56.0,13.2857,13.1214,836.28K,990.75K,367.0,161.01,244.18B,No,292.71,282.76,261.63,289.17,278.4,499
474,FOSECOC.BO,1996.8,1764.0,38.56K,Producer Manufacturing,Miscellaneous Manufacturing,86.0,92.0,94.0,81.0,98.6964,97.5214,4.94K,8.84K,2050.0,1155.0,11.18B,No,1692.83,1514.53,1415.5,1557.96,1394.02,497
475,PAUSHAKLTD.NS,734.05,754.3,31.77K,Process Industries,Chemicals: Major Diversified,86.0,70.0,94.0,89.0,37.6464,37.4607,70.04K,47.96K,826.75,342.5,18.10B,No,765.03,668.8,,681.63,533.26,196
476,MPSLTD.NS,2705.9,2783.3999,10.46K,Consumer Services,Publishing: Books/Magazines,86.0,32.0,92.0,92.0,95.35,94.5,69.85K,15.01K,2979.0,1336.1,45.93B,No,2744.31,2539.6,1968.24,2624.0,2000.36,498
477,VSSL.NS,392.0,362.75,8298.60K,Non-Energy Minerals,Steel,86.0,87.0,90.0,85.0,18.3429,18.1393,174.43K,100.22K,423.85,206.4,37.90B,No,357.38,323.42,280.27,332.43,283.81,499
478,ICDSLTD.NS,64.66,64.32,4.78K,Finance,Finance/Rental/Leasing,86.0,97.0,91.0,87.0,4.8871,3.9336,8.08K,46.89K,77.69,36.4,842.31M,No,48.28,43.61,43.73,46.16,44.82,498
479,CJGEL.BO,27.14,26.43,2.47K,Consumer Non-Durables,Food: Specialty/Candy,86.0,94.0,72.0,86.0,1.9964,1.895,1.84K,2.87K,29.0,13.91,130.63M,No,23.79,22.39,18.86,22.78,19.82,497
480,SHIVAUM.NS,461.45,464.35,898.03K,Producer Manufacturing,Metal Fabrication,86.0,77.0,82.0,87.0,17.825,17.1071,21.75K,15.96K,483.9,275.0,6.28B,No,448.09,431.04,347.04,434.06,370.05,498
481,GMMPFAUDLR.NS,1319.2,1305.4,385.36K,Producer Manufacturing,Industrial Machinery,86.0,94.0,96.0,82.0,55.0393,47.8679,281.54K,546.43K,1352.0,735.0,59.31B,No,1080.01,931.47,932.99,977.57,896.83,499
482,CFEL.NS,44.92,38.65,1071.86K,Process Industries,Textiles,86.0,,,,2.7593,2.625,26.13K,33.62K,46.38,28.16,1.12B,No,,,,,,17
483,FILTRON.BO,73.14,73.5,0.16K,Producer Manufacturing,Industrial Machinery,86.0,28.0,8.0,5.0,1.1071,0.5193,0.69K,0.37K,106.41,20.95,4.65B,No,76.87,72.75,87.06,72.25,86.23,499
484,UFLEX.NS,672.6,680.15,104.38K,Process Industries,Containers/Packaging,86.0,95.0,94.0,79.0,31.8929,31.8464,547.98K,481.80K,723.5,330.0,48.57B,No,628.36,528.58,465.28,541.34,461.75,499
485,MANORAMA.NS,2085.0,2093.3,216.71K,Consumer Non-Durables,Food: Specialty/Candy,85.0,93.0,86.0,83.0,72.5143,70.4786,449.08K,343.86K,2149.5,1060.6,131.61B,No,1916.15,1728.2,1468.62,1765.33,1529.13,500
486,KAMDHENU.NS,39.22,39.38,519.57K,Non-Energy Minerals,Steel,85.0,82.0,87.0,89.0,2.0057,1.98,1059.66K,911.88K,40.95,16.15,11.06B,No,36.14,34.7,26.52,35.68,27.91,500
487,HSIL.BO,461.45,467.6,24.40K,Health Technology,Medical Specialties,85.0,92.0,75.0,89.0,23.9607,18.0143,23.66K,62.48K,497.0,215.0,6.71B,No,378.66,374.87,324.92,379.25,342.62,497
488,IVP.NS,219.01,220.26,22.15K,Process Industries,Chemicals: Specialty,85.0,90.0,85.0,88.0,8.3407,7.6364,26.31K,23.85K,222.0,110.0,2.26B,No,193.71,174.83,154.37,176.94,157.23,499
489,JGCHEM.NS,595.0,619.5,462.85K,Process Industries,Chemicals: Specialty,85.0,47.0,88.0,86.0,37.2714,36.9143,569.34K,910.12K,675.0,298.4,23.32B,No,611.11,542.8,416.79,553.62,442.35,500
490,CHOKSILA.BO,182.0,173.35,7.41K,Commercial Services,Miscellaneous Commercial Services,85.0,97.0,93.0,91.0,9.6214,8.9429,8.88K,35.19K,218.6,81.85,1.27B,No,147.32,129.09,118.16,133.0,117.73,497
491,BIL.NS,1081.7,1108.2,50.38K,Consumer Non-Durables,Consumer Sundries,85.0,93.0,93.0,80.0,53.7214,52.5321,13.63K,42.03K,1150.0,602.0,14.51B,No,885.48,810.79,768.66,827.12,772.71,499
492,AKUMS.NS,749.65,741.1,289.46K,Health Technology,Biotechnology,85.0,54.0,77.0,83.0,26.4893,26.1071,385.94K,366.56K,796.55,409.3,114.77B,No,757.03,712.0,548.97,717.46,593.4,498
493,SBECSUG.BO,62.0,64.4,3.23K,Process Industries,Agricultural Commodities/Milling,85.0,14.0,24.0,91.0,3.6186,3.3421,10.45K,4.53K,88.84,26.85,2.95B,No,66.91,66.14,43.46,64.45,47.83,497
494,CHEMBOND.NS,225.82,220.36,47.69K,Process Industries,Chemicals: Major Diversified,85.0,92.0,90.0,84.0,15.2857,13.7564,12.42K,49.81K,236.8,105.15,3.04B,No,178.66,178.81,162.13,180.08,163.81,499
495,PPEL.BO,719.95,674.35,150.80K,Producer Manufacturing,Metal Fabrication,85.0,95.0,,,39.5214,38.9929,305.66K,125.64K,722.6,447.0,14.36B,No,640.42,,,,,28
496,APIL.BO,52.4,52.4,0.04K,Consumer Durables,Electronics/Appliances,85.0,68.0,62.0,63.0,0.0,0.0,0.12K,0.01K,52.4,21.01,173.28M,No,52.4,50.53,41.81,50.92,46.69,496
497,STLNETWORK.NS,34.86,33.2,8114.95K,Communications,Major Telecommunications,85.0,94.0,82.0,90.0,1.3736,1.2371,1142.45K,3366.64K,35.4,15.75,17.02B,No,27.63,26.05,24.09,26.75,25.03,256
498,AEQUS.NS,229.96,230.55,1702.31K,Electronic Technology,Aerospace & Defense,85.0,42.0,81.0,88.0,7.84,7.8214,6275.44K,2328.43K,274.39,113.3,150.59B,No,247.48,241.75,,241.09,195.97,190
499,PARACABLES.NS,65.69,66.45,1118.93K,Producer Manufacturing,Electrical Products,85.0,38.0,51.0,92.0,3.3486,3.3486,2212.98K,2949.29K,75.7,28.3,21.50B,No,63.8,65.01,49.07,64.81,53.93,501
500,IBULLSLTD.NS,24.9,25.05,37845.47K,Finance,Real Estate Development,85.0,16.0,58.0,96.0,1.2107,1.2071,9257.40K,11602.31K,32.5,8.9,55.81B,No,26.19,27.97,19.11,27.55,20.6,501
501,GALXBRG.BO,900.05,899.75,0.17K,Producer Manufacturing,Metal Fabrication,85.0,41.0,91.0,91.0,36.5714,33.4893,2.27K,1.34K,1096.4,412.2,2.86B,No,881.93,902.17,621.0,892.8,644.92,497
502,SIGIND.NS,71.12,70.52,44.81K,Process Industries,Chemicals: Specialty,85.0,52.0,91.0,84.0,4.045,4.0357,48.01K,14.64K,74.99,40.66,2.09B,No,70.32,59.08,51.83,61.0,52.47,498
503,SHIVAM.BO,119.35,120.45,28.50K,Non-Energy Minerals,Construction Materials,85.0,89.0,64.0,55.0,6.3393,6.0214,8.98K,20.70K,130.4,59.0,2.03B,No,100.91,101.9,95.62,101.58,107.07,498
504,GRANULES.NS,899.25,884.8,1594.81K,Health Technology,Pharmaceuticals: Other,85.0,67.0,74.0,84.0,25.2107,24.9643,1033.70K,1192.52K,910.0,510.55,222.83B,No,852.84,857.2,698.95,860.35,746.2,500
505,PARKHOSPS.NS,280.8,281.85,281.43K,Health Services,Hospital/Nursing Management,85.0,51.0,51.0,75.0,8.8536,8.8143,809.99K,617.66K,305.0,138.1,121.29B,No,281.75,283.35,,283.87,251.81,185
506,KISSHT.NS,333.9,322.85,1514.80K,Finance,Finance/Rental/Leasing,85.0,84.0,79.0,,13.9,13.9,2010.14K,1457.52K,351.5,190.0,59.19B,No,309.47,314.63,,315.93,,90
507,KVSCASTING.BO,92.0,90.72,60.00K,Non-Energy Minerals,Steel,85.0,95.0,87.0,89.0,5.0657,4.8343,67.03K,115.00K,96.0,48.01,1.73B,No,87.48,74.17,62.49,76.7,63.57,233
508,APMIN.BO,57.9,56.95,0.35K,Process Industries,Textiles,85.0,61.0,81.0,78.0,2.2071,2.1986,8.81K,11.61K,61.0,33.06,1.25B,No,57.48,52.75,44.26,53.74,46.61,497
509,GANESHBE.NS,133.35,128.19,311.84K,Process Industries,Chemicals: Specialty,85.0,84.0,77.0,86.0,6.8471,6.45,654.51K,238.23K,135.85,68.4,9.60B,No,120.9,114.06,93.96,116.36,101.16,499
510,ALIVUS.NS,1390.2,1400.1,72.28K,Health Technology,Pharmaceuticals: Major,85.0,53.0,86.0,82.0,56.1572,55.8715,159.19K,296.70K,1493.8,819.0,170.68B,No,1382.13,1267.46,1048.22,1272.87,1107.02,499
511,MOLBIO.NS,1509.4,1257.9,11329.69K,Health Technology,Medical Specialties,85.0,,,,95.0607,92.2286,3592.50K,1750.58K,1509.4,926.35,173.94B,No,,,,,,19
512,ARCHITORG.BO,65.22,66.47,18.86K,Process Industries,Chemicals: Specialty,85.0,69.0,78.0,88.0,2.3679,2.2893,27.39K,35.04K,67.0,34.0,1.34B,No,64.04,60.26,48.8,60.15,51.56,497
513,TIRTPLS.BO,26.45,26.04,1.97K,Process Industries,Containers/Packaging,85.0,74.0,14.0,55.0,1.8007,1.7893,4.47K,3.92K,37.3,12.25,117.72M,No,26.32,27.59,25.11,27.45,26.99,497
514,SEAMECLTD.NS,1772.9,1772.6,55.72K,Industrial Services,Oilfield Services/Equipment,85.0,85.0,63.0,72.0,55.1857,55.1857,93.61K,102.60K,1828.9,771.75,45.23B,No,1674.01,1536.38,1378.43,1565.09,1504.28,498
515,APOLLO.NS,413.2,422.45,7448.15K,Electronic Technology,Electronic Production Equipment,85.0,77.0,48.0,92.0,11.5643,11.3143,9864.48K,6452.21K,466.5,179.5,153.54B,No,392.05,395.52,310.86,396.23,334.09,501
516,PCCOSMA.BO,499.75,496.9,2.78K,Consumer Non-Durables,Household/Personal Care,85.0,93.0,94.0,78.0,23.8393,23.8393,2.35K,3.15K,552.0,285.55,1.32B,No,445.31,376.44,352.4,394.48,350.59,497
517,DATAPATTNS.NS,4777.2,4883.2002,554.79K,Electronic Technology,Electronic Production Equipment,85.0,77.0,66.0,75.0,184.75,177.8,994.62K,658.60K,5000.0,2131.0,267.45B,No,4661.16,4501.49,3631.09,4494.77,4026.59,500
518,CAPRIHANS.BO,121.2,127.35,1.92K,Process Industries,Containers/Packaging,85.0,93.0,91.0,89.0,7.4807,6.1157,9.46K,3.31K,140.0,50.3,2.14B,No,117.93,93.05,82.8,95.83,81.2,497
519,MAWANASUG.NS,135.7,139.79,199.44K,Consumer Non-Durables,Food: Specialty/Candy,85.0,90.0,84.0,88.0,8.7814,8.695,289.67K,378.97K,164.0,75.08,5.31B,No,140.33,123.28,99.48,125.35,106.54,501
520,WEPSOLN.BO,35.29,34.52,8.75K,Electronic Technology,Computer Peripherals,85.0,88.0,86.0,89.0,1.9429,1.2829,51.07K,134.86K,39.58,17.65,1.30B,No,32.62,30.42,24.84,31.28,26.05,497
521,FUNDVISER.BO,406.3,401.0,0.09K,Finance,Real Estate Investment Trusts,85.0,63.0,56.0,72.0,24.8071,24.6643,0.47K,0.22K,484.4,179.5,3.21B,No,416.89,401.05,339.13,402.26,389.09,497
522,INFINITY.BO,539.0,530.0,2.40K,Technology Services,Packaged Software,84.0,95.0,85.0,76.0,22.1429,19.9929,4.12K,6.96K,539.0,294.0,2.94B,No,483.3,422.59,391.53,431.24,393.27,232
523,DIVSHKT.BO,74.84,78.77,13.38K,Non-Energy Minerals,Construction Materials,84.0,97.0,93.0,79.0,4.8086,3.8014,9.03K,47.64K,86.76,44.0,768.52M,No,55.29,52.05,51.4,54.52,51.37,497
524,SONAMLTD.NS,73.54,74.65,53.71K,Consumer Durables,Other Consumer Specialties,84.0,94.0,86.0,78.0,5.3743,4.8664,120.94K,362.76K,80.32,37.4,2.94B,No,66.53,59.44,51.42,60.62,55.64,498
525,WOCKPHARMA.NS,2220.6,2248.8,693.18K,Health Technology,Pharmaceuticals: Major,84.0,89.0,71.0,88.0,85.9,84.0,949.57K,1650.84K,2422.3,1086.7,360.83B,No,1971.77,1931.11,1600.76,1964.67,1687.04,501
526,PURPLEFIN.BO,73.0,73.51,24.04K,Finance,Finance/Rental/Leasing,84.0,43.0,61.0,70.0,2.97,2.895,87.05K,41.23K,78.5,33.0,4.30B,No,72.09,71.06,62.19,71.23,65.98,498
527,EMMFORCE.BO,180.35,182.65,2.40K,Producer Manufacturing,Auto Parts: Oem,84.0,28.0,93.0,77.0,5.2786,4.5929,28.59K,11.40K,201.05,105.0,3.70B,No,184.33,181.97,141.85,181.9,144.64,498
528,SHRIPISTON.NS,4447.4,4500.7998,29.12K,Producer Manufacturing,Auto Parts: Oem,84.0,57.0,80.0,82.0,152.4427,150.7713,72.22K,70.43K,4785.8,2525.8,206.30B,No,4541.67,4395.79,3506.26,4395.64,3724.3,499
529,NAVINFLUOR.NS,8700.5,8775.5,65.41K,Process Industries,Chemicals: Specialty,84.0,67.0,76.0,73.0,214.25,212.4643,201.63K,150.94K,8949.5,4498.5,446.41B,No,8466.7,8044.24,6844.87,8086.65,7182.93,500
530,RBA.NS,96.82,100.5,2882.04K,Consumer Services,Restaurants,84.0,68.0,89.0,83.0,4.3971,4.3743,12769.28K,3353.97K,111.15,57.15,68.94B,No,100.71,85.05,70.33,86.5,73.01,499
531,NAZARA.NS,374.65,374.4,1389.13K,Technology Services,Packaged Software,84.0,70.0,84.0,83.0,11.0143,11.0107,2446.94K,2319.24K,380.0,215.7,144.13B,No,361.78,335.54,282.75,343.07,293.61,500
532,MWL.NS,39.56,37.76,18773.79K,Non-Energy Minerals,Steel,84.0,29.0,53.0,82.0,1.9943,1.9943,902.54K,349.03K,43.94,20.0,11.75B,No,39.79,38.7,32.16,38.85,34.15,500
533,CENTUM.NS,4210.4,4250.5,21.69K,Electronic Technology,Electronic Components,84.0,80.0,74.0,80.0,176.2571,171.0571,64.03K,147.00K,4450.0,2044.2,62.15B,No,3624.41,3645.68,2976.59,3674.57,3273.89,499
534,IKIO.NS,231.73,219.94,2434.91K,Producer Manufacturing,Electrical Products,84.0,84.0,92.0,87.0,11.8393,11.7429,1815.84K,1259.55K,248.88,103.53,17.91B,No,204.81,204.55,167.62,209.36,168.27,500
535,OFSS.NS,11725.0,11630.0,167.34K,Technology Services,Packaged Software,84.0,56.0,81.0,88.0,337.4286,319.0,322.22K,237.66K,12540.0,6234.5,1021.05B,No,11886.5,11605.76,9051.67,11659.0,9560.8,501
536,HIRECT.NS,1248.9,1273.6,57.04K,Producer Manufacturing,Electrical Products,84.0,62.0,65.0,88.0,47.5857,47.1643,178.33K,66.71K,1399.0,565.2,42.93B,No,1248.09,1235.51,927.69,1248.88,1020.86,500
537,THANGAMAYL.NS,5081.5,5118.0,90.18K,Consumer Durables,Other Consumer Specialties,84.0,34.0,28.0,76.0,176.5357,176.1429,219.81K,98.64K,7430.0,1939.5,157.94B,No,5383.05,5796.58,4388.91,5715.3,4739.27,501
538,ORIENTBELL.NS,412.0,420.1,16.72K,Producer Manufacturing,Building Products,84.0,87.0,83.0,84.0,20.8286,20.5821,26.24K,74.83K,434.95,246.55,6.06B,No,379.82,344.36,307.92,350.47,318.68,499
539,ABHIFIN.BO,66.65,63.5,0.01K,Finance,Investment Banks/Brokers,84.0,85.0,77.0,84.0,3.6279,2.855,0.71K,0.95K,72.9,39.57,307.44M,No,61.33,57.69,49.56,58.18,52.54,499
540,CGCL.NS,272.25,272.4,6527.43K,Finance,Finance/Rental/Leasing,84.0,88.0,84.0,88.0,13.3771,13.205,5690.48K,7817.26K,287.45,151.1,261.95B,No,249.67,244.16,199.24,247.01,207.56,501
541,EXICOM.NS,176.73,180.42,1218.44K,Producer Manufacturing,Electrical Products,84.0,91.0,80.0,93.0,8.495,8.4357,3541.54K,2476.90K,189.17,75.6,24.58B,No,164.33,163.17,127.29,164.33,134.83,501
542,TNPETRO.NS,133.14,137.6,853.09K,Process Industries,Chemicals: Specialty,84.0,91.0,91.0,85.0,7.6721,7.59,1209.18K,5560.05K,146.99,78.67,11.98B,No,122.22,107.33,96.74,108.9,95.3,501
543,PKTEA.NS,1094.2,1136.3,10.16K,Process Industries,Agricultural Commodities/Milling,84.0,98.0,88.0,77.0,86.0536,74.0679,2.80K,14.19K,1169.0,605.0,3.39B,No,788.87,746.51,771.75,754.68,777.83,498
544,TARSONS.NS,317.65,321.35,136.34K,Process Industries,Containers/Packaging,84.0,74.0,93.0,87.0,13.7107,13.3286,1088.68K,127.60K,375.0,164.45,16.90B,No,337.52,317.97,239.87,322.11,247.91,500
545,ACMESOLAR.NS,397.25,401.6,742.89K,Industrial Services,Engineering & Construction,84.0,73.0,75.0,89.0,16.8643,16.5036,2036.90K,2024.10K,430.5,195.9,280.57B,No,396.15,382.39,294.83,384.4,323.24,456
546,KHAITANLTD.NS,159.12,162.87,4.36K,Consumer Durables,Electronics/Appliances,84.0,80.0,74.0,86.0,9.2721,9.2621,6.05K,8.37K,178.0,85.0,798.93M,No,150.54,141.42,118.27,142.22,125.76,498
547,BGWTATO.BO,672.0,659.9,0.93K,Non-Energy Minerals,Steel,84.0,43.0,86.0,71.0,37.2714,37.2393,2.53K,1.16K,733.9,359.15,1.94B,No,669.6,625.91,564.1,643.9,570.28,497
548,SUNDRMFAST.NS,1256.1,1219.4,2102.16K,Producer Manufacturing,Auto Parts: Oem,84.0,66.0,91.0,80.0,39.6679,38.5179,170.73K,108.30K,1347.2,730.1,263.94B,No,1220.99,1082.07,930.66,1102.88,930.74,499
549,ELANTAS.NS,13397.0,13618.0,3.33K,Process Industries,Industrial Specialties,84.0,87.0,89.0,,590.1429,569.6429,3.21K,4.89K,13999.0,8900.0,106.21B,No,12051.6,10851.58,,11028.25,,101
550,INNOVACAP.NS,1167.4,1188.7,32.79K,Health Technology,Pharmaceuticals: Major,84.0,85.0,80.0,87.0,47.4786,47.3429,80.11K,122.75K,1200.0,622.0,66.80B,No,1089.46,1021.27,824.1,1034.37,870.88,500
551,NOVUS.BO,207.25,196.25,92.00K,Technology Services,Packaged Software,84.0,96.0,89.0,,13.3643,12.6607,60.62K,135.80K,219.0,126.95,3.22B,No,179.77,153.39,,159.51,,117
552,HRS.BO,258.5,249.55,201.20K,Non-Energy Minerals,Aluminum,84.0,64.0,63.0,38.0,4.3679,3.2321,21.13K,21.28K,292.6,126.0,4.98B,No,251.74,249.97,,250.55,245.95,182
553,MAGNAELQ.BO,1422.6,1439.4,1.27K,Producer Manufacturing,Metal Fabrication,84.0,83.0,87.0,81.0,75.4857,70.6679,2.33K,2.02K,1465.0,706.0,6.02B,No,1359.82,1260.13,1050.08,1285.79,1123.57,497
554,CAMEXLTD.BO,51.39,51.46,9.66K,Process Industries,Textiles,84.0,91.0,80.0,89.0,3.1321,2.805,12.46K,67.39K,53.5,26.37,524.63M,No,41.16,40.98,35.62,41.66,37.13,497
555,EMERALL.BO,270.0,278.3,0.77K,Consumer Services,Hotels/Resorts/Cruise Lines,84.0,90.0,92.0,79.0,14.6857,13.7357,2.54K,1.38K,325.0,151.0,4.06B,No,284.04,222.46,200.22,230.34,200.73,497
556,YUKEN.NS,1085.7,1067.7,120.53K,Producer Manufacturing,Industrial Machinery,84.0,95.0,94.0,81.0,50.1357,49.0893,14.60K,19.86K,1134.7,584.1,14.75B,No,955.75,832.44,774.24,864.74,761.5,499
557,APCOTEXIND.NS,603.8,615.45,81.22K,Process Industries,Chemicals: Specialty,84.0,45.0,69.0,86.0,22.1107,21.9357,295.75K,194.68K,712.0,310.45,31.30B,No,620.14,589.35,453.8,591.28,486.76,499
558,TECHNOCRAF.NS,439.4,409.0,4532.76K,Industrial Services,Engineering & Construction,84.0,,,,19.6914,19.1907,3345.96K,1654.61K,453.0,284.0,17.40B,No,357.63,,,,,20
559,ARTEMISMED.NS,348.55,354.3,724.36K,Health Services,Hospital/Nursing Management,83.0,79.0,86.0,82.0,11.8143,11.8143,333.72K,429.17K,362.0,203.35,,No,326.11,303.0,265.3,307.83,267.54,495
560,AUSOMENT.NS,153.0,154.19,6.38K,Finance,Investment Banks/Brokers,83.0,75.0,83.0,83.0,6.85,6.7936,5.16K,10.22K,178.0,93.0,2.08B,No,150.12,138.37,122.44,142.11,125.21,499
561,TCPLPACK.NS,3856.1,3819.7,9.50K,Commercial Services,Commercial Printing/Forms,83.0,69.0,92.0,81.0,153.5286,141.1072,19.16K,11.01K,4410.9,2200.0,35.02B,No,3985.74,3519.46,2932.71,3572.35,2947.71,499
562,RADICO.NS,4460.0,4414.0,119.99K,Consumer Non-Durables,Beverages: Alcoholic,83.0,48.0,81.0,85.0,90.35,89.3214,381.78K,238.60K,4747.0,2500.0,597.56B,No,4572.73,4379.19,3448.81,4395.15,3598.93,500
563,MSTCLTD.NS,737.55,764.1,326.62K,Retail Trade,Internet Retail,83.0,91.0,84.0,88.0,35.2179,34.9464,956.80K,395.46K,805.0,362.15,51.92B,No,723.02,663.04,525.39,660.81,541.04,501
564,TVSSRICHAK.NS,5222.5,5169.0,5.89K,Consumer Durables,Automotive Aftermarket,83.0,94.0,85.0,77.0,240.6928,237.3142,32.79K,25.77K,5760.0,2871.5,39.99B,No,5048.49,4451.31,4108.17,4525.83,4060.23,499
565,CLEANMAX.NS,1399.0,1397.6,108.48K,Utilities,Alternative Power Generation,83.0,79.0,67.0,85.0,59.3357,57.3643,269.65K,361.36K,1536.0,727.1,164.06B,No,1281.93,1305.19,,1323.13,,133
566,LOTUSDEV.NS,207.88,197.99,14071.00K,Finance,Real Estate Development,83.0,89.0,93.0,88.0,9.1107,8.84,2340.18K,784.50K,207.88,102.2,101.60B,No,182.0,172.85,150.78,177.67,149.3,275
567,MEDICAPQ.NS,35.22,30.74,493.54K,Health Technology,Pharmaceuticals: Major,83.0,,,,2.795,2.6829,8.51K,12.11K,36.8,20.33,439.19M,No,,,,,,18
568,OCTAWARE.BO,59.37,59.37,1.60K,Technology Services,Information Technology Services,83.0,23.0,25.0,9.0,1.545,0.0,0.15K,0.48K,98.53,25.46,213.17M,No,58.39,61.51,64.14,61.53,64.07,497
569,TATVA.NS,1659.2,1688.4,95.91K,Process Industries,Chemicals: Specialty,83.0,36.0,88.0,80.0,69.4857,69.4857,147.31K,53.09K,1838.1,981.5,38.81B,No,1642.22,1606.02,1340.06,1628.54,1346.59,501
570,UEL.NS,196.8,207.15,34.16K,Utilities,Alternative Power Generation,83.0,1.0,87.0,51.0,11.5057,5.5893,20.55K,21.04K,284.2,92.32,26.25B,No,204.24,175.8,154.59,182.87,162.3,499
571,BUILDPRO.NS,1272.2,1302.7,119.52K,Distribution Services,Wholesale Distributors,83.0,62.0,80.0,71.0,52.3643,52.0857,101.78K,90.00K,1380.0,636.0,30.85B,No,1265.89,1243.48,,1261.76,1119.33,168
572,ELPROINTL.NS,173.76,174.87,11.05K,Electronic Technology,Electronic Components,83.0,52.0,52.0,,2.3843,2.2779,51.47K,14.49K,180.89,102.0,29.45B,No,174.7,175.25,,175.5,,101
573,EIMCOELECO.NS,2291.4,2221.6001,45.88K,Producer Manufacturing,Trucks/Construction/Farm Machinery,83.0,92.0,91.0,79.0,80.4643,79.6786,61.36K,27.64K,2380.0,1405.5,13.22B,No,2188.08,1968.0,1695.65,1992.73,1734.39,498
574,BDH.BO,515.4,521.8,0.53K,Health Technology,Pharmaceuticals: Other,83.0,22.0,80.0,75.0,28.4536,27.9393,3.62K,1.84K,610.0,306.0,2.97B,No,526.88,543.34,430.22,545.38,444.2,497
575,ECOBOAR.BO,61.57,62.25,4.27K,Non-Energy Minerals,Forest Products,83.0,83.0,61.0,45.0,3.2914,3.2286,7.73K,8.83K,77.8,31.5,1.63B,No,61.7,57.9,56.36,58.1,60.16,497
576,PRABHA.NS,247.58,246.58,117.24K,Energy Minerals,Oil & Gas Production,83.0,97.0,93.0,86.0,14.6379,14.5621,490.63K,1641.48K,262.8,137.91,35.44B,No,213.14,174.97,168.4,180.14,166.8,369
577,AMS.BO,50.0,51.0,0.21K,Producer Manufacturing,Auto Parts: Oem,83.0,0.0,8.0,87.0,2.4407,0.91,0.40K,0.35K,81.46,25.77,165.12M,No,61.89,60.35,46.25,61.26,54.8,498
578,JUMBO.BO,89.99,89.53,2.79K,Process Industries,Containers/Packaging,83.0,64.0,93.0,79.0,5.0829,5.0829,10.36K,3.79K,105.0,49.06,753.55M,No,89.91,79.44,66.84,82.1,66.74,497
579,RGL.NS,156.48,147.19,2422.71K,Consumer Durables,Other Consumer Specialties,83.0,96.0,91.0,82.0,9.6807,9.4257,1617.74K,2277.52K,159.0,85.0,16.81B,No,137.79,126.33,115.49,129.76,113.98,501
580,ECOFINITY.BO,68.94,67.75,50.43K,Distribution Services,Wholesale Distributors,83.0,49.0,88.0,71.0,3.5914,3.5479,16.97K,18.71K,73.49,34.51,480.02M,No,70.07,64.32,52.63,65.61,56.49,497
581,HIMTEK.BO,287.4,290.05,14.45K,Producer Manufacturing,Auto Parts: Oem,83.0,67.0,88.0,80.0,11.6571,11.0357,30.61K,27.85K,299.9,177.0,2.97B,No,269.52,250.49,219.38,254.8,221.2,497
582,SOTEFIN.BO,300.4,299.95,123.60K,Producer Manufacturing,Industrial Machinery,83.0,96.0,,,16.75,16.0679,147.41K,54.30K,313.0,197.1,5.46B,No,258.02,,,,,36
583,ESHAMEDIA.BO,39.26,40.06,1.43K,Commercial Services,Miscellaneous Commercial Services,83.0,3.0,93.0,82.0,0.8871,0.1686,7.71K,0.24K,65.67,20.83,306.50M,No,46.29,43.0,34.75,44.07,32.65,497
584,MACIND.BO,437.5,437.0,0.03K,Process Industries,Chemicals: Agricultural,83.0,93.0,72.0,72.0,12.8929,6.4643,0.14K,0.26K,444.4,221.2,324.13M,No,358.71,341.21,311.6,350.86,335.25,498
585,RAMAVISION.BO,166.5,169.55,0.81K,Distribution Services,Medical Distributors,83.0,89.0,73.0,69.0,13.325,12.7571,4.03K,5.03K,190.85,79.09,1.74B,No,165.5,149.24,141.01,153.12,146.35,497
586,CORONA.NS,2200.8,2197.2,354.68K,Health Technology,Pharmaceuticals: Major,83.0,64.0,82.0,75.0,65.8286,61.45,46.46K,38.49K,2270.1,1336.6,,No,2111.99,2085.86,,2103.57,1821.54,186
587,EMMVEE.NS,342.65,328.9,5004.10K,Electronic Technology,Semiconductors,83.0,76.0,45.0,89.0,9.6643,9.6643,2579.54K,1262.26K,371.55,171.51,237.23B,No,325.76,328.19,262.65,328.32,286.33,206
588,GRAPHITE.NS,824.8,844.65,11526.91K,Process Industries,Industrial Specialties,83.0,83.0,84.0,66.0,35.075,31.8607,1779.95K,4948.57K,874.35,516.2,161.15B,No,729.02,684.55,658.19,698.31,684.35,500
589,EFORU.BO,109.2,99.2,0.00K,Distribution Services,Wholesale Distributors,83.0,84.0,61.0,64.0,1.7036,0.1179,5.76K,5.76K,109.2,43.82,822.00M,No,97.17,95.2,84.1,96.81,90.94,497
590,VALIANTORG.NS,377.45,359.5,228.48K,Process Industries,Chemicals: Specialty,83.0,90.0,89.0,89.0,15.85,14.8929,38.20K,48.92K,378.5,195.0,10.58B,No,314.42,292.19,270.24,299.14,275.82,498
591,KINGFA.NS,6227.5,6157.5,56.25K,Process Industries,Chemicals: Specialty,83.0,78.0,77.0,81.0,173.5,169.0357,12.90K,9.52K,6347.0,3649.9,84.39B,No,5964.4,5497.31,4764.84,5598.45,5025.87,498
592,DIFFNKG.NS,449.55,440.55,213.29K,Producer Manufacturing,Industrial Machinery,83.0,91.0,80.0,89.0,26.4393,26.0536,372.84K,1338.27K,519.9,216.8,16.69B,No,429.18,410.29,328.84,413.25,343.27,482
593,RACHIT.BO,200.0,194.15,5.00K,Consumer Non-Durables,Apparel/Footwear,83.0,56.0,34.0,88.0,5.5893,4.625,4.08K,0.80K,222.1,83.35,987.42M,No,189.25,197.2,159.73,197.64,171.29,253
594,SHAILY.NS,3383.2,3455.0,102.80K,Process Industries,Chemicals: Specialty,83.0,48.0,70.0,90.0,106.8928,106.8928,250.37K,145.09K,3615.2,1770.9,155.61B,No,3315.93,3120.98,2553.62,3133.93,2679.87,501
595,VIDYAWIRES.NS,90.21,89.76,699.90K,Non-Energy Minerals,Other Metals/Minerals,83.0,42.0,49.0,89.0,3.1843,3.0957,1235.37K,1184.96K,117.35,42.51,19.19B,No,88.5,91.47,,91.36,81.84,190
596,DCBBANK.NS,227.13,228.1,925.38K,Finance,Regional Banks,82.0,89.0,82.0,72.0,7.8371,7.6257,1935.60K,3233.57K,234.8,122.4,73.18B,No,209.43,197.09,185.33,199.0,186.79,501
597,ANANDRATHI.NS,2202.5,2180.6001,473.41K,Finance,Investment Managers,82.0,61.0,80.0,75.0,38.9429,38.4286,360.09K,223.10K,2255.0,1353.85,365.71B,No,2191.69,2122.64,1753.82,2143.13,1864.46,500
598,NETWEB.NS,5013.5,4898.5,1532.01K,Electronic Technology,Computer Peripherals,82.0,64.0,74.0,83.0,231.3357,226.7214,1657.09K,1546.03K,5813.0,2822.3,298.03B,No,5216.68,4757.63,3915.44,4830.61,4244.56,500
599,APOLLOPIPE.NS,569.35,577.6,130.28K,Producer Manufacturing,Miscellaneous Manufacturing,82.0,81.0,72.0,77.0,25.8929,25.8893,288.44K,168.91K,668.8,252.1,25.01B,No,598.95,540.59,426.2,545.17,481.44,501
600,STYLAMIND.NS,3310.6,3382.3,14.07K,Non-Energy Minerals,Forest Products,82.0,22.0,58.0,80.0,113.3785,112.7928,78.36K,36.27K,4150.0,1621.0,56.14B,No,3493.13,3422.21,2661.69,3432.2,2853.76,500
601,ADCINDIA.BO,2300.05,2337.3,0.74K,Electronic Technology,Telecommunications Equipment,82.0,55.0,31.0,89.0,43.5821,31.8393,1.50K,0.59K,2678.35,1150.25,10.58B,No,2414.85,2313.71,1798.9,2315.25,1977.45,497
602,MANALIPETC.NS,86.27,87.15,1530.06K,Process Industries,Chemicals: Specialty,82.0,93.0,85.0,87.0,5.0679,4.9793,3969.80K,19856.34K,93.0,39.13,14.84B,No,78.77,70.3,60.6,71.02,60.78,501
603,GLOBAL.NS,123.56,125.94,81.50K,Commercial Services,Miscellaneous Commercial Services,82.0,91.0,77.0,65.0,6.2636,6.2571,95.74K,222.22K,129.4,55.3,6.29B,No,111.94,106.05,98.91,107.57,104.6,499
604,IL&FSENGG.NS,39.09,37.8,26.98K,Industrial Services,Engineering & Construction,82.0,81.0,85.0,86.0,1.4357,1.4029,35.62K,37.42K,39.49,21.0,5.13B,No,36.14,33.33,28.22,34.59,29.41,498
605,SMRUTHIORG.BO,161.5,168.8,36.27K,Health Technology,Pharmaceuticals: Major,82.0,93.0,85.0,72.0,9.6,9.3071,7.40K,20.77K,175.3,95.0,1.85B,No,138.27,126.12,119.32,129.17,119.98,497
606,DYCL.NS,454.65,456.5,856.34K,Producer Manufacturing,Electrical Products,82.0,64.0,91.0,85.0,32.0179,30.8964,1467.05K,2130.72K,560.0,236.8,22.03B,No,470.7,425.43,345.88,428.79,355.77,500
607,REGENCY.BO,46.34,46.34,54.54K,Finance,Investment Banks/Brokers,82.0,62.0,81.0,86.0,1.9379,1.9379,139.94K,79.48K,48.8,22.71,3.72B,No,46.45,44.12,35.02,44.52,35.83,497
608,SPAL.NS,1029.7,1012.5,54.05K,Consumer Non-Durables,Apparel/Footwear,82.0,36.0,82.0,81.0,49.3036,47.3714,314.86K,161.94K,1221.9,600.0,25.89B,No,987.12,1026.32,826.43,1017.39,875.22,499
609,LLOYDSENGG.NS,80.55,81.31,3476.55K,Industrial Services,Engineering & Construction,82.0,7.0,75.0,90.0,2.9171,2.8407,16515.28K,4826.70K,99.75,37.4,124.82B,No,87.34,88.6,64.89,88.82,69.73,500
610,VISHNU.NS,723.8,709.05,82.84K,Process Industries,Chemicals: Specialty,82.0,91.0,79.0,80.0,24.8357,24.0322,135.96K,251.84K,744.0,443.7,48.72B,No,654.47,628.27,565.58,635.03,584.07,500
611,VISTARAMAR.BO,205.9,206.0,1.95K,Finance,Investment Banks/Brokers,82.0,13.0,72.0,55.0,13.4107,13.225,5.55K,4.75K,254.9,91.15,1.19B,No,210.1,212.15,174.34,210.01,200.09,497
612,SUNSHINE.NS,509.7,481.2,2018.61K,Consumer Services,Movies/Entertainment,82.0,,,,,,4712.28K,3805.36K,522.0,363.6,15.88B,No,,,,,,13
613,HUHTAMAKI.NS,262.05,267.85,798.91K,Process Industries,Containers/Packaging,82.0,14.0,92.0,82.0,9.9107,9.775,1193.43K,241.38K,330.0,148.6,19.79B,No,267.09,263.35,204.47,267.12,206.42,500
614,WINDLAS.NS,1129.4,1142.45,57.37K,Health Technology,Pharmaceuticals: Major,82.0,92.0,88.0,82.0,44.325,42.9929,138.64K,289.51K,1181.9,697.4,23.31B,No,1030.98,930.4,832.63,947.0,850.64,500
615,NRAIL.NS,595.3,611.2,39.69K,Process Industries,Containers/Packaging,82.0,85.0,85.0,73.0,30.0786,29.5607,19.62K,53.13K,650.0,357.3,10.13B,No,526.55,487.8,463.16,508.9,469.97,499
616,PLAZACABLE.NS,60.51,59.68,193.00K,Producer Manufacturing,Electrical Products,82.0,91.0,83.0,87.0,3.59,3.4886,58.38K,173.66K,65.0,27.0,2.65B,No,55.45,48.89,43.28,50.46,44.84,499
617,FLUOROCHEM.NS,4786.3,4754.7998,170.27K,Process Industries,Chemicals: Specialty,82.0,76.0,82.0,79.0,149.8571,149.6857,189.44K,151.38K,4958.9,2916.6,525.78B,No,4693.02,4455.19,3719.79,4501.62,3841.94,500
618,JNKINDIA.NS,428.85,430.85,92.88K,Producer Manufacturing,Building Products,82.0,70.0,13.0,91.0,16.875,16.8607,539.44K,85.20K,558.0,200.92,24.00B,No,445.1,456.09,338.1,453.01,376.45,500
619,DIGJAMLMTD.NS,61.84,51.54,732.31K,Process Industries,Textiles,82.0,92.0,88.0,80.0,2.9743,2.7671,20.11K,5.40K,61.84,36.03,1.24B,No,51.33,47.87,46.59,49.11,46.18,498
620,KSR.NS,40.93,39.19,116.74K,Consumer Non-Durables,Apparel/Footwear,82.0,97.0,85.0,54.0,2.3086,2.1657,44.83K,184.21K,41.14,14.04,752.23M,No,31.16,30.13,,31.36,33.18,197
621,SHREEPUSHK.NS,491.6,501.2,85.81K,Process Industries,Chemicals: Specialty,82.0,90.0,88.0,85.0,29.1286,28.9143,74.53K,156.79K,545.2,272.45,15.90B,No,447.07,422.15,372.57,422.93,377.01,501
622,BALRAMCHIN.NS,705.15,700.05,1534.36K,Process Industries,Agricultural Commodities/Milling,82.0,86.0,84.0,77.0,39.9786,39.3964,2884.94K,7395.63K,780.95,393.55,149.21B,No,683.95,636.71,521.55,640.6,552.71,501
623,BEPL.NS,130.29,133.56,1382.63K,Process Industries,Industrial Specialties,82.0,76.0,86.0,86.0,5.2643,5.13,4669.13K,2254.91K,138.5,74.2,32.42B,No,126.12,119.02,97.62,120.85,102.1,501
624,IFCI.NS,85.15,88.96,106167.34K,Finance,Finance/Rental/Leasing,82.0,86.0,47.0,85.0,6.5593,6.5221,71877.12K,184026.74K,107.5,46.23,229.42B,No,87.44,79.44,65.0,80.46,69.68,501
625,RACLGEAR.NS,1588.2,1633.9,35.33K,Producer Manufacturing,Auto Parts: Oem,82.0,83.0,80.0,58.0,72.3357,72.3072,40.76K,41.14K,1691.9,897.9,18.75B,No,1508.93,1407.72,1267.13,1427.11,1351.22,439
626,SHAREINDIA.NS,196.32,189.46,58607.47K,Finance,Investment Banks/Brokers,82.0,87.0,92.0,80.0,6.995,6.775,3516.47K,3096.28K,212.33,115.36,42.96B,No,174.4,173.93,152.1,177.84,150.42,500
627,NGLFINE.NS,2725.7,2758.3,4.06K,Health Technology,Pharmaceuticals: Major,82.0,2.0,41.0,55.0,144.3928,143.0857,15.88K,14.60K,3602.0,1271.0,16.84B,No,2912.12,3105.69,2361.07,3104.32,2698.24,500
628,RAPID.BO,136.0,133.6,0.80K,Transportation,Air Freight/Couriers,82.0,63.0,47.0,29.0,1.8143,1.1286,0.45K,1.52K,147.0,62.0,518.32M,No,136.59,134.04,126.03,134.0,136.4,496
629,RAJSEC.BO,57.7,57.55,8.61K,Utilities,Gas Distributors,82.0,75.0,74.0,85.0,1.0307,0.8357,233.93K,417.86K,66.99,29.0,4.44B,No,56.4,55.24,45.59,55.78,48.4,497
630,EMAMIPAP.NS,117.74,116.67,20.53K,Process Industries,Pulp & Paper,82.0,70.0,88.0,81.0,4.9993,4.6336,133.66K,39.25K,133.7,55.0,7.12B,No,115.18,107.47,88.02,108.87,88.63,474
631,TALBROAUTO.NS,420.2,420.45,72.10K,Producer Manufacturing,Industrial Machinery,82.0,57.0,73.0,87.0,14.4393,14.0036,278.86K,289.73K,451.6,219.9,25.94B,No,415.46,411.56,323.02,411.43,341.48,501
632,POWERICA.NS,575.85,547.1,625.81K,Producer Manufacturing,Electrical Products,82.0,64.0,81.0,,20.2214,19.8,331.98K,137.79K,676.95,365.1,72.87B,No,530.18,543.75,,545.78,,114
633,IGPL.NS,553.5,557.2,44.34K,Process Industries,Chemicals: Specialty,82.0,88.0,82.0,86.0,22.6857,22.5679,72.86K,128.50K,590.0,315.0,17.04B,No,515.08,479.57,417.24,486.25,434.65,498
634,QLL.BO,522.65,500.05,42.40K,Commercial Services,Miscellaneous Commercial Services,81.0,88.0,82.0,85.0,22.4357,21.3821,9.01K,16.92K,535.0,258.55,5.22B,No,453.01,452.24,389.9,452.38,396.65,499
635,IYKOTHITE.BO,22.16,22.16,5.86K,Producer Manufacturing,Miscellaneous Manufacturing,81.0,68.0,62.0,87.0,0.0,0.0,0.72K,0.77K,22.16,10.0,449.40M,No,22.16,21.37,17.29,21.54,19.11,496
636,ORCHPHARMA.NS,1016.1,1024.85,43.31K,Health Technology,Pharmaceuticals: Major,81.0,29.0,74.0,92.0,47.2107,46.9357,182.62K,63.04K,1133.0,480.0,51.54B,No,985.8,1000.97,786.54,1002.49,792.93,500
637,STOVEKRAFT.NS,840.05,839.3,48.55K,Consumer Durables,Electronics/Appliances,81.0,72.0,82.0,89.0,31.05,31.0071,228.38K,208.70K,877.0,447.05,27.81B,No,806.42,791.75,620.86,791.78,645.67,499
638,7SEASL.BO,106.88,107.92,63.07K,Technology Services,Packaged Software,81.0,96.0,89.0,80.0,6.465,6.45,26.15K,92.68K,112.89,63.0,2.47B,No,85.8,79.2,78.63,81.12,78.83,497
639,ASKAUTOLTD.NS,622.4,627.25,107.72K,Producer Manufacturing,Auto Parts: Oem,81.0,35.0,91.0,85.0,22.075,21.7357,747.95K,305.32K,687.7,375.3,122.70B,No,628.1,569.35,478.01,576.65,484.16,501
640,LALITHAA.NS,337.6,334.45,6293.12K,Retail Trade,Specialty Stores,81.0,,,,,,24310.21K,17556.83K,343.9,240.35,188.96B,No,,,,,,14
641,SHILINDORE.BO,1284.0,1330.0,1.05K,Consumer Services,Hotels/Resorts/Cruise Lines,81.0,89.0,71.0,86.0,49.7571,33.6643,3.81K,0.08K,1430.0,702.05,3.91B,No,1205.43,1258.16,989.7,1246.17,1064.32,498
642,PIRAMALFIN.NS,2295.6,2310.5,335.74K,Finance,Finance/Rental/Leasing,81.0,80.0,70.0,69.0,68.5214,68.0214,367.20K,487.46K,2326.4,1260.0,542.09B,No,2199.04,2147.16,1894.89,2159.93,1985.52,213
643,FABCLEAN.BO,483.0,470.0,44.80K,Producer Manufacturing,Building Products,81.0,89.0,75.0,91.0,20.6821,16.2429,8.96K,26.28K,500.0,203.25,5.95B,No,418.05,401.09,331.01,403.05,337.95,414
644,INDOMIM.NS,1006.55,984.55,3303.63K,Producer Manufacturing,Industrial Machinery,81.0,90.0,,,41.4607,40.3714,6366.84K,2016.66K,1028.5,700.0,497.72B,No,914.04,,,,,31
645,UCAL.NS,145.8,147.92,6.27K,Producer Manufacturing,Auto Parts: Oem,81.0,91.0,91.0,78.0,7.1743,7.0114,37.52K,23.26K,163.8,77.0,3.22B,No,146.32,128.88,111.79,131.54,111.78,497
646,MACHLTD.BO,167.0,165.0,15.60K,Commercial Services,Miscellaneous Commercial Services,81.0,44.0,66.0,79.0,7.6179,7.4607,15.68K,10.62K,199.0,90.0,3.51B,No,165.76,156.17,130.82,157.36,140.23,497
647,STALLION.NS,234.26,223.4,955.17K,Distribution Services,Wholesale Distributors,81.0,21.0,83.0,94.0,9.3643,9.055,2295.37K,343.97K,423.8,99.32,27.19B,No,220.38,227.47,183.65,229.07,176.33,408
648,VIKRAMAR.BO,93.0,93.19,4.47K,Process Industries,Chemicals: Specialty,81.0,86.0,91.0,81.0,5.0664,4.5921,3.23K,4.48K,104.9,53.11,291.63M,No,83.53,76.57,69.44,77.9,69.29,376
649,ARMANFIN.NS,2036.5,2037.1,16.64K,Finance,Finance/Rental/Leasing,81.0,60.0,81.0,79.0,64.8643,62.3429,45.75K,27.33K,2158.6,1301.0,21.36B,No,1982.39,1942.95,1668.81,1973.76,1717.29,499
650,INTSTOIL.BO,50.42,53.07,15.56K,Transportation,Trucking,81.0,93.0,82.0,80.0,5.5657,4.6607,7.76K,21.00K,67.95,28.0,251.71M,No,48.97,43.05,36.28,44.78,38.16,497
651,JAYATMA.BO,27.13,27.13,0.09K,Process Industries,Textiles,81.0,30.0,0.0,90.0,0.105,0.105,0.08K,0.01K,70.18,13.33,81.39M,No,28.12,34.95,28.7,32.32,34.27,496
652,MSECL.BO,300.0,301.6,10.80K,Commercial Services,Miscellaneous Commercial Services,81.0,94.0,90.0,81.0,15.675,15.0071,19.99K,66.90K,331.05,165.0,4.25B,No,251.84,235.8,219.52,241.21,225.72,279
653,PRICOLLTD.NS,739.6,745.8,208.59K,Producer Manufacturing,Auto Parts: Oem,81.0,56.0,85.0,71.0,27.3429,27.2429,593.62K,367.55K,823.0,499.9,,No,781.2,710.72,619.42,717.03,620.69,499
654,CAPLIPOINT.NS,2795.4,2723.1001,245.80K,Health Technology,Pharmaceuticals: Major,81.0,72.0,74.0,87.0,102.3786,102.0071,168.11K,395.20K,2877.3,1500.3,212.48B,No,2606.45,2589.42,2058.74,2592.05,2139.08,499
655,ARFIN.NS,88.07,88.77,674.64K,Non-Energy Minerals,Aluminum,81.0,67.0,55.0,51.0,3.6929,3.6536,1926.07K,1366.21K,106.2,41.6,14.86B,No,86.32,87.22,82.0,87.61,86.77,284
656,CHATHA.BO,108.0,107.85,13.00K,Consumer Non-Durables,Food: Meat/Fish/Dairy,81.0,28.0,90.0,77.0,5.4314,4.8564,27.94K,6.70K,127.99,60.0,2.60B,No,113.22,102.3,84.66,102.57,86.28,498
657,KOURA.BO,49.2,47.0,6.00K,Consumer Durables,Other Consumer Specialties,81.0,82.0,89.0,68.0,1.1143,0.7179,6.75K,7.60K,52.2,30.05,297.00M,No,48.74,40.88,37.79,41.53,38.65,499
658,UNITEDTE.BO,21.69,20.66,1.82K,Process Industries,Textiles,81.0,92.0,88.0,69.0,0.21,0.0,0.87K,0.29K,21.69,13.3,65.07M,No,19.43,16.98,16.77,17.6,16.41,497
659,NURECA.NS,343.55,334.0,21.93K,Health Technology,Medical Specialties,81.0,72.0,91.0,68.0,17.3679,17.0929,34.74K,7.68K,358.0,204.0,3.43B,No,325.77,305.11,279.01,315.11,277.13,499
660,AYE.NS,178.1,178.83,458.05K,Finance,Finance/Rental/Leasing,81.0,56.0,76.0,84.0,9.0879,8.9621,1707.96K,3307.92K,197.29,88.22,43.56B,No,176.02,172.71,,173.56,145.11,144
661,PRISMMEDI.BO,29.74,29.41,4.50K,Finance,Financial Conglomerates,81.0,81.0,52.0,67.0,1.7243,1.6307,6.14K,6.23K,34.49,15.51,180.33M,No,28.98,28.42,25.16,28.7,28.37,497
662,UNIABEXAL.BO,4744.6,4700.0,1.16K,Producer Manufacturing,Metal Fabrication,81.0,75.0,72.0,85.0,202.6965,189.8822,1.09K,1.30K,5750.0,2667.0,9.37B,No,4772.08,4926.67,3755.99,4863.5,3993.19,497
663,SHRIDINE.BO,365.0,363.9,0.43K,Process Industries,Textiles,81.0,62.0,72.0,85.0,9.55,8.8571,1.98K,0.71K,403.7,206.35,2.04B,No,374.18,359.32,292.69,362.31,313.03,497
664,YAANENT.BO,123.95,119.9,0.22K,Consumer Services,Other Consumer Services,81.0,63.0,78.0,76.0,6.05,4.3464,2.86K,0.57K,136.4,70.0,384.24M,No,120.38,111.47,102.77,113.23,103.43,497
665,JSTL.BO,81.48,81.98,28.10K,Health Services,Medical/Nursing Services,81.0,59.0,51.0,59.0,3.9857,3.9557,19.12K,26.18K,93.9,32.85,1.62B,No,76.02,75.23,71.95,74.98,75.4,497
666,OMNITEX.BO,783.8,750.0,2.36K,Process Industries,Textiles,81.0,46.0,55.0,56.0,30.4643,28.625,0.76K,0.27K,892.0,361.5,3.30B,No,754.83,766.92,687.37,766.99,753.74,497
667,VIJAYA.NS,1498.8,1498.9,87.80K,Health Services,Medical/Nursing Services,81.0,51.0,73.0,83.0,43.4357,43.4357,253.37K,165.06K,1578.0,848.0,154.37B,No,1491.49,1419.1,1165.0,1416.28,1227.84,500
668,RBZJEWEL.NS,178.67,173.6,157.18K,Consumer Durables,Other Consumer Specialties,81.0,92.0,86.0,79.0,15.0371,14.0929,686.47K,3637.56K,204.7,100.0,7.15B,No,157.45,151.45,138.43,155.03,138.4,499
669,PNBHOUSING.NS,1179.0,1142.0,1084.41K,Finance,Finance/Rental/Leasing,81.0,65.0,78.0,82.0,29.0214,28.1929,926.59K,703.37K,1211.5,729.6,307.49B,No,1162.65,1121.67,975.87,1130.02,1003.33,500
670,IFINSEC.BO,236.15,248.0,0.12K,Finance,Finance/Rental/Leasing,81.0,64.0,78.0,74.0,20.4857,18.0429,0.60K,0.51K,284.95,140.1,6.89B,No,232.7,226.31,195.86,223.72,202.2,499
671,THEMISMED.NS,132.07,132.71,80.19K,Health Technology,Pharmaceuticals: Major,80.0,87.0,83.0,87.0,7.3829,6.7564,428.04K,622.53K,148.0,64.95,12.27B,No,118.28,114.63,99.5,114.14,100.52,500
672,UNITEDPOLY.NS,43.07,42.93,88.23K,Process Industries,Textiles,80.0,95.0,82.0,87.0,2.3721,2.31,80.10K,135.11K,51.16,20.6,9.89B,No,37.76,33.29,30.76,34.39,31.23,498
673,STEELCAS.NS,323.55,324.8,45.34K,Non-Energy Minerals,Steel,80.0,48.0,68.0,77.0,15.2143,15.1643,228.14K,84.65K,364.0,176.02,32.74B,No,342.27,325.52,265.75,326.44,288.19,499
674,DLTNCBL.BO,661.9,601.75,39.02K,Producer Manufacturing,Electrical Products,80.0,96.0,94.0,83.0,41.6393,38.3214,10.99K,11.23K,824.0,336.0,5.72B,No,592.48,495.85,497.68,516.27,456.87,497
675,MAIDEN.BO,107.5,106.35,26.00K,Non-Energy Minerals,Steel,80.0,54.0,89.0,62.0,3.3879,3.2193,23.86K,13.40K,125.0,63.52,1.53B,No,108.92,99.92,87.96,101.55,87.71,497
676,ARIES.NS,468.6,486.15,18.98K,Process Industries,Chemicals: Agricultural,80.0,94.0,89.0,75.0,31.7,31.3571,67.56K,110.32K,524.75,285.35,6.09B,No,462.54,391.68,352.84,402.6,366.18,498
677,MVELECTRO.NS,835.45,917.5,5082.68K,Producer Manufacturing,Trucks/Construction/Farm Machinery,80.0,96.0,,,75.3964,74.1429,6980.34K,12558.57K,948.0,516.55,22.79B,No,679.77,,,,,26
678,PAJSON.BO,215.0,214.8,10.80K,Consumer Non-Durables,Food: Specialty/Candy,80.0,83.0,71.0,47.0,9.0071,6.1786,8.67K,18.72K,255.0,120.05,5.12B,No,203.17,192.24,,193.9,190.5,182
679,MEESHO.NS,217.91,216.7,15398.44K,Retail Trade,Apparel/Footwear Retail,80.0,84.0,84.0,81.0,7.6957,7.6957,18637.06K,15989.18K,254.4,125.56,1008.10B,No,206.13,195.44,,197.32,179.29,190
680,LUMAXTECH.NS,1942.6,1990.6,83.84K,Producer Manufacturing,Auto Parts: Oem,80.0,33.0,76.0,70.0,72.0571,72.0571,250.42K,183.47K,2148.7,1061.1,132.40B,No,1986.81,1742.46,1630.84,1756.16,1683.42,500
681,DACHEPALLI.BO,98.0,92.0,25.20K,Consumer Services,Publishing: Books/Magazines,80.0,88.0,83.0,85.0,4.7379,4.3443,19.46K,14.64K,98.0,48.1,1.47B,No,82.63,80.73,,81.31,74.53,175
682,KWIL.NS,41.53,40.84,13086.93K,Consumer Non-Durables,Food: Meat/Fish/Dairy,80.0,84.0,68.0,85.0,2.0836,2.0814,21382.19K,14163.46K,50.68,22.24,97.58B,No,42.96,36.95,,37.7,31.44,144
683,SJS.NS,2342.6,2295.2,97.58K,Producer Manufacturing,Auto Parts: Oem,80.0,44.0,64.0,77.0,73.6357,73.5571,127.77K,120.61K,2590.0,1372.2,75.55B,No,2454.09,2358.9,1941.1,2372.02,2029.71,499
684,HINDCOPPER.NS,527.3,532.3,8454.12K,Non-Energy Minerals,Other Metals/Minerals,80.0,38.0,54.0,28.0,19.5286,16.4893,8803.48K,11853.00K,760.05,244.15,509.91B,No,540.15,516.41,518.15,517.99,526.21,501
685,TIIL.NS,3157.1,3170.2,44.51K,Producer Manufacturing,Metal Fabrication,80.0,89.0,79.0,80.0,131.0357,131.0357,37.82K,34.24K,3565.3,1868.5,71.58B,No,3232.25,2833.94,2460.65,2890.98,2558.81,498
686,VADILALIND.NS,7256.5,7462.0,18.64K,Consumer Non-Durables,Food: Specialty/Candy,80.0,49.0,76.0,77.0,241.2857,233.5357,24.37K,16.86K,8447.0,3996.0,52.16B,No,7536.68,7120.91,5474.76,7223.65,5725.42,498
687,GVPIL.NS,654.5,659.25,101.56K,Industrial Services,Engineering & Construction,80.0,3.0,2.0,78.0,25.2179,24.9714,288.03K,204.28K,1084.0,270.9,44.00B,No,664.92,743.48,578.78,729.26,671.73,501
688,STHINPA.BO,117.1,115.55,10.81K,Process Industries,Pulp & Paper,80.0,85.0,80.0,70.0,6.6643,6.6643,15.88K,14.24K,136.0,65.1,2.20B,No,115.84,109.41,96.0,110.06,98.81,497
689,RRMETAL.BO,47.0,46.27,44.17K,Distribution Services,Food Distributors,80.0,0.0,51.0,90.0,1.1929,0.1179,12.01K,1.59K,77.81,23.8,423.41M,No,56.33,60.35,39.04,60.03,43.04,497
690,AVTNPL.NS,90.6,92.42,215.91K,Consumer Non-Durables,Food: Specialty/Candy,80.0,93.0,83.0,80.0,4.3436,4.3293,230.02K,451.55K,97.0,53.5,13.80B,No,87.32,77.23,68.97,78.91,70.29,498
691,AEROPLANE.NS,206.9,199.47,1973.43K,Process Industries,Agricultural Commodities/Milling,80.0,83.0,95.0,,7.9214,7.8257,741.35K,487.70K,209.44,117.02,21.42B,No,184.25,184.41,,188.87,,114
692,THEJO.NS,2197.4,2150.1001,8.10K,Distribution Services,Wholesale Distributors,80.0,61.0,90.0,74.0,62.55,62.2143,10.63K,7.84K,2286.6,1443.6,23.83B,No,2093.21,2018.64,1774.01,2055.72,1807.42,498
693,CARTRADE.NS,3034.7,3027.1001,155.07K,Technology Services,Internet Software/Services,80.0,79.0,80.0,88.0,136.1714,127.5786,778.12K,401.07K,3290.5,1600.0,147.22B,No,2977.56,2862.47,2377.62,2859.85,2250.12,500
694,SANCF.BO,49.25,51.84,0.03K,Finance,Investment Banks/Brokers,80.0,6.0,14.0,70.0,0.6086,0.2793,0.00K,0.00K,64.95,24.0,155.14M,No,54.66,55.95,45.04,55.07,49.96,495
695,PALCO.BO,162.45,153.85,1.32K,Distribution Services,Wholesale Distributors,80.0,76.0,75.0,83.0,8.5107,7.6036,1.97K,2.09K,193.2,88.85,649.80M,No,151.84,143.89,131.67,146.9,135.26,497
696,JTLIND.NS,89.6,87.8,4005.10K,Non-Energy Minerals,Steel,80.0,88.0,76.0,88.0,4.1657,4.1293,3413.36K,6199.43K,94.0,40.25,35.22B,No,83.58,79.39,69.43,80.4,71.75,500
697,ANL.BO,282.0,279.0,4.00K,Health Technology,Biotechnology,80.0,29.0,60.0,83.0,13.7464,8.8071,6.25K,3.90K,313.0,150.1,2.04B,No,282.53,278.35,,280.04,246.95,151
698,3IINFOLTD.NS,22.4,22.5,303.34K,Technology Services,Information Technology Services,80.0,3.0,83.0,87.0,0.9643,0.8657,787.06K,151.63K,27.8,12.68,4.65B,No,23.6,22.11,17.56,22.47,18.23,499
699,MODRNSH.BO,46.5,48.94,3.92K,Finance,Investment Banks/Brokers,80.0,90.0,86.0,88.0,3.9043,3.7364,2.77K,6.35K,49.57,24.7,136.30M,No,37.76,36.08,35.32,36.6,33.23,497
700,RATEGAIN.NS,866.45,841.4,296.34K,Technology Services,Packaged Software,80.0,34.0,64.0,90.0,37.2107,37.1607,524.10K,417.37K,1050.0,437.0,102.61B,No,914.38,927.04,710.85,924.76,733.07,499
701,SANGHVIMOV.NS,434.15,443.05,129.43K,Finance,Finance/Rental/Leasing,80.0,7.0,67.0,90.0,19.8071,19.8036,476.92K,285.21K,528.0,223.8,37.59B,No,463.7,457.33,353.33,452.02,364.62,501
702,DHOOTTRANS.NS,1571.6,1596.5,1411.21K,Producer Manufacturing,Electrical Products,80.0,,,,96.4929,94.1393,7209.14K,3029.95K,1665.2,1131.0,321.47B,No,,,,,,19
703,MARBLE.BO,144.45,120.4,2414.84K,Distribution Services,Wholesale Distributors,80.0,88.0,93.0,81.0,10.5893,9.1857,48.13K,149.08K,174.5,83.9,3.76B,No,119.01,122.73,120.05,121.94,108.17,497
704,IDEAFORGE.NS,743.45,747.45,190.74K,Electronic Technology,Aerospace & Defense,80.0,8.0,10.0,87.0,29.6464,29.5607,309.66K,295.85K,992.25,366.0,36.96B,No,792.45,836.6,628.74,836.34,697.32,500
705,INDAG.BO,129.75,128.35,17.79K,Producer Manufacturing,Miscellaneous Manufacturing,80.0,95.0,92.0,76.0,7.5129,6.305,10.81K,15.41K,146.75,77.36,3.41B,No,117.03,105.29,103.38,107.97,97.54,497
706,MOTHERSON.NS,163.2,163.7,5598.36K,Producer Manufacturing,Auto Parts: Oem,80.0,38.0,70.0,74.0,3.785,3.5393,18770.60K,12192.49K,173.27,100.2,1718.70B,No,166.15,156.45,133.14,157.93,139.16,501
707,IPCALAB.NS,1970.9,1963.6,209.28K,Health Technology,Pharmaceuticals: Major,80.0,81.0,80.0,70.0,42.3071,41.7786,377.62K,189.27K,2001.5,1251.6,500.03B,No,1931.42,1841.92,1594.4,1846.67,1654.11,500
708,KERNEX.NS,1709.5,1716.2,189.80K,Electronic Technology,Computer Communications,79.0,0.0,18.0,86.0,100.0214,92.9,330.42K,300.88K,2580.0,850.0,28.73B,No,1834.28,2086.2,1499.92,2043.07,1624.04,500
709,WORKMATES.BO,447.8,426.5,96.60K,Technology Services,Packaged Software,79.0,92.0,91.0,74.0,19.8357,18.7786,21.05K,52.80K,514.0,264.0,5.79B,No,353.2,336.12,342.6,346.06,329.04,204
710,ANG.BO,35.8,35.8,3.40K,Health Technology,Pharmaceuticals: Major,79.0,83.0,74.0,82.0,1.2529,0.9957,11.42K,4.43K,49.69,17.63,467.49M,No,30.49,32.59,28.54,32.79,29.04,497
711,FEDERALBNK.NS,346.0,345.0,5314.97K,Finance,Major Banks,79.0,41.0,64.0,66.0,7.3036,6.95,6365.80K,4784.14K,371.7,189.05,854.65B,No,350.07,348.3,299.48,349.38,311.77,501
712,HEXAGON.NS,68.17,67.42,1057.25K,Health Technology,Pharmaceuticals: Major,79.0,65.0,,,2.7864,2.7857,1661.04K,233.40K,78.25,48.1,8.38B,No,67.4,67.57,,67.31,,65
713,BETA.NS,2085.8,2107.6001,11.53K,Health Technology,Pharmaceuticals: Major,79.0,2.0,88.0,91.0,106.2071,102.4428,50.37K,23.49K,2807.9,990.1,21.06B,No,2281.02,2292.8,1664.32,2290.08,1704.61,499
714,NYKAA.NS,341.95,343.0,3135.57K,Retail Trade,Internet Retail,79.0,70.0,83.0,74.0,7.5179,7.2179,7162.06K,4174.75K,349.55,227.9,979.78B,No,334.88,329.85,279.02,331.64,288.6,500
715,PALREDTEC.NS,53.28,50.75,8.30K,Distribution Services,Electronics Distributors,79.0,76.0,78.0,90.0,3.0093,2.9757,5.75K,3.45K,73.6,27.45,651.75M,No,54.24,51.81,43.12,51.53,43.93,499
716,BALPHARMA.NS,106.21,114.45,687.43K,Health Technology,Pharmaceuticals: Major,79.0,87.0,79.0,81.0,6.1364,6.1143,54.62K,118.53K,124.6,60.0,1.69B,No,88.94,87.23,78.77,88.28,81.2,499
717,CARNATIN.BO,98.26,98.26,0.02K,Producer Manufacturing,Metal Fabrication,79.0,68.0,62.0,60.0,0.3507,0.3507,0.23K,0.22K,98.26,21.07,339.70M,No,98.26,94.75,80.79,95.48,88.59,497
718,NELCO.NS,937.55,958.3,166.25K,Electronic Technology,Electronic Production Equipment,79.0,29.0,84.0,84.0,37.4393,36.925,629.49K,407.11K,1120.0,500.1,21.39B,No,952.46,941.96,755.81,940.62,771.28,500
719,GAUDIUMIVF.NS,115.26,116.56,105.16K,Health Services,Medical/Nursing Services,79.0,26.0,73.0,83.0,5.8621,5.6657,155.13K,169.27K,163.18,69.18,8.39B,No,118.33,128.14,,127.64,,135
720,HILIKS.BO,65.98,65.59,2.95K,Commercial Services,Miscellaneous Commercial Services,79.0,16.0,66.0,81.0,4.58,4.5079,23.23K,10.16K,89.6,38.63,709.29M,No,65.89,71.01,56.59,69.53,58.52,497
721,VIRAT.NS,450.35,450.2,13.68K,Consumer Non-Durables,Apparel/Footwear,79.0,,,,37.6,33.95,17.56K,6.95K,494.4,268.05,6.54B,No,,,,,,18
722,AUROPHARMA.NS,1668.4,1698.9,798.16K,Health Technology,Pharmaceuticals: Other,79.0,57.0,67.0,74.0,40.1215,38.3857,1124.55K,873.12K,1717.0,1061.3,959.96B,No,1647.04,1605.83,1382.43,1607.85,1465.39,499
723,GABRIEL.NS,1338.7,1360.8,97.70K,Producer Manufacturing,Auto Parts: Oem,79.0,12.0,84.0,79.0,55.9715,55.5,562.82K,347.23K,1600.0,795.7,237.26B,No,1396.12,1390.27,1100.87,1383.16,1139.77,500
724,NEPHROPLUS.NS,747.25,733.45,204.89K,Health Services,Medical/Nursing Services,79.0,79.0,46.0,71.0,24.6143,24.2536,196.03K,252.13K,769.75,446.0,75.14B,No,700.52,682.38,,686.1,626.44,184
725,DESIFARMS.BO,605.05,605.05,0.36K,Transportation,Air Freight/Couriers,79.0,54.0,34.0,11.0,4.5143,4.5143,0.14K,0.06K,793.05,240.65,598.75M,No,623.91,622.27,671.48,619.4,650.35,496
726,RETAGGIO.BO,52.0,50.5,12.00K,Consumer Durables,Other Consumer Specialties,79.0,72.0,12.0,76.0,1.6679,0.6857,9.61K,4.50K,72.68,18.0,1.07B,No,48.27,49.92,48.51,49.69,52.21,356
727,BOSCHLTD.NS,48775.0,49100.0,28.12K,Producer Manufacturing,Auto Parts: Oem,79.0,69.0,81.0,82.0,1111.0714,1028.5714,40.71K,37.69K,50000.0,28610.0,1438.67B,No,48280.5,44594.3,38286.72,44799.5,39007.33,500
728,OMAXAUTO.NS,176.44,175.79,38.74K,Producer Manufacturing,Auto Parts: Oem,79.0,7.0,7.0,88.0,8.7764,8.3536,66.67K,64.18K,263.4,84.5,3.78B,No,189.62,206.04,155.09,202.03,174.94,499
729,ADANIPOWER.NS,213.5,214.9,18715.71K,Utilities,Electric Utilities,79.0,64.0,35.0,81.0,6.4957,6.235,25037.79K,28216.73K,254.2,120.0,4117.28B,No,206.98,211.2,184.44,211.09,200.06,501
730,ROLEXRINGS.NS,173.15,175.47,2474.21K,Producer Manufacturing,Metal Fabrication,79.0,45.0,80.0,77.0,6.3371,6.0871,3333.69K,1271.08K,189.4,99.79,45.42B,No,178.35,159.51,138.75,161.73,144.87,500
731,MAXESTATES.NS,559.75,546.1,122.47K,Finance,Real Estate Development,79.0,94.0,84.0,77.0,29.3179,29.2786,194.52K,215.31K,579.0,305.45,91.56B,No,521.8,457.44,425.16,461.44,422.38,499
732,NIRAJISPAT.NS,315.95,332.55,0.81K,Producer Manufacturing,Miscellaneous Manufacturing,79.0,97.0,90.0,70.0,24.1257,5.6114,0.23K,0.85K,429.65,155.0,189.57M,No,283.07,233.12,226.04,244.06,232.12,498
733,SMAUTO.BO,30.95,31.0,4.00K,Producer Manufacturing,Auto Parts: Oem,79.0,91.0,79.0,89.0,1.305,0.8357,4.03K,5.80K,33.9,15.05,423.64M,No,31.05,27.22,24.69,27.31,24.75,498
734,GODAVARI.BO,120.61,120.53,14.41K,Health Technology,Pharmaceuticals: Major,79.0,87.0,50.0,78.0,6.8093,6.5143,5.97K,18.18K,135.25,69.7,1.32B,No,102.81,109.78,101.11,110.71,109.21,497
735,GOCLCORP.NS,432.2,431.7,82.30K,Process Industries,Industrial Specialties,79.0,55.0,60.0,89.0,13.575,12.0571,224.40K,702.18K,459.9,223.35,21.43B,No,406.98,406.54,331.01,409.3,350.4,500
736,ANTHEM.NS,942.3,942.95,844.80K,Health Technology,Biotechnology,79.0,74.0,76.0,76.0,33.3821,33.0107,766.79K,964.88K,977.55,579.15,529.30B,No,911.31,841.69,734.11,848.98,770.24,287
737,SHUKRAPHAR.NS,53.97,56.1,4087.53K,Health Technology,Pharmaceuticals: Major,79.0,,,,2.7907,2.7529,2270.99K,3278.85K,58.2,40.06,23.79B,No,46.6,,,,,20
738,HRMNYCP.BO,102.7,102.73,2.01K,Finance,Financial Conglomerates,79.0,68.0,62.0,67.0,0.0021,0.0,0.36K,0.33K,102.75,66.26,1.25B,No,102.73,99.06,86.39,99.82,90.81,497
739,MARIS.BO,41.0,41.7,0.19K,Process Industries,Textiles,79.0,90.0,88.0,76.0,2.9521,2.8064,8.60K,18.21K,45.0,23.6,324.92M,No,38.03,32.87,30.48,33.99,30.7,497
740,PITTIENG.NS,1171.4,1171.6,71.20K,Producer Manufacturing,Industrial Machinery,79.0,90.0,79.0,73.0,47.7536,43.75,118.05K,276.47K,1228.0,675.0,43.24B,No,1097.57,1006.77,901.54,1018.71,939.68,498
741,INANISEC.BO,29.79,31.35,0.01K,Finance,Investment Banks/Brokers,79.0,95.0,88.0,75.0,0.6836,0.4193,0.53K,0.31K,33.86,18.46,135.77M,No,30.4,24.53,23.26,25.63,23.26,495
742,MEEIND.BO,385.05,391.45,4.13K,Consumer Non-Durables,Apparel/Footwear,79.0,20.0,,,30.9321,29.9679,10.29K,4.65K,445.9,281.99,4.33B,No,397.31,,,,,33
743,DALMIASUG.NS,431.5,433.0,149.74K,Process Industries,Agricultural Commodities/Milling,79.0,70.0,85.0,73.0,25.6964,25.5214,648.23K,317.83K,520.0,261.4,34.93B,No,463.58,410.38,344.61,411.0,365.46,499
744,GALADAFIN.BO,31.86,31.86,0.04K,Finance,Financial Conglomerates,79.0,1.0,81.0,77.0,1.4093,1.1271,0.20K,0.26K,43.89,19.7,95.58M,No,35.58,37.23,31.61,37.13,31.46,497
745,AAREYDRUGS.NS,95.71,99.98,97.51K,Health Technology,Pharmaceuticals: Major,78.0,82.0,79.0,73.0,4.3529,4.2029,101.65K,238.45K,101.29,50.31,3.19B,No,87.32,83.39,77.14,84.01,79.97,498
746,GKL.BO,39.86,39.51,260.92K,Consumer Durables,Other Consumer Specialties,78.0,96.0,57.0,41.0,1.7679,1.4893,39.96K,79.03K,49.49,19.2,599.48M,No,30.8,31.11,36.3,31.5,36.27,497
747,MAHESHWARI.NS,71.87,71.03,1.94K,Transportation,Air Freight/Couriers,78.0,48.0,46.0,89.0,2.3029,2.3021,21.30K,10.62K,76.81,39.04,2.09B,No,72.56,72.84,56.21,72.71,59.98,498
748,AGRIBIO.BO,324.1,326.45,4.10K,Distribution Services,Wholesale Distributors,78.0,63.0,65.0,65.0,7.45,7.125,13.68K,10.81K,340.0,201.3,3.53B,No,325.87,319.3,273.6,322.64,295.11,497
749,PRECOT.NS,670.75,660.15,2.30K,Process Industries,Textiles,78.0,6.0,43.0,82.0,33.1536,33.15,7.31K,3.65K,899.0,300.05,8.05B,No,701.73,763.17,585.93,756.66,658.83,498
750,DYNAVSN.BO,250.0,241.1,0.08K,Finance,Real Estate Development,78.0,88.0,83.0,79.0,7.2964,6.7071,0.57K,0.19K,260.0,145.0,960.00M,No,238.25,217.75,192.48,223.29,193.64,497
751,TIRUFOAM.BO,101.1,106.4,0.07K,Consumer Durables,Home Furnishings,78.0,70.0,92.0,66.0,4.9336,3.0107,1.24K,0.21K,134.4,56.1,445.55M,No,106.61,90.37,82.97,93.94,83.03,498
752,SUDARSCHEM.NS,1270.8,1262.3,490.52K,Process Industries,Chemicals: Specialty,78.0,90.0,90.0,84.0,44.8429,44.7929,399.21K,479.05K,1603.0,726.4,101.17B,No,1215.48,1106.64,953.58,1131.52,960.11,500
753,PTCIL.NS,22385.0,22780.0,16.32K,Producer Manufacturing,Metal Fabrication,78.0,88.0,77.0,67.0,990.5714,988.3571,29.06K,51.69K,24125.0,13762.0,335.61B,No,21444.35,19335.98,17898.9,19809.2,17864.9,499
754,RBLBANK.NS,410.8,416.0,2706.39K,Finance,Major Banks,78.0,70.0,68.0,74.0,8.5714,8.075,5197.15K,4838.19K,420.4,261.6,636.78B,No,392.15,380.43,335.85,385.16,349.25,500
755,KANPRPLA.NS,251.7,251.4,10.83K,Producer Manufacturing,Miscellaneous Manufacturing,78.0,86.0,84.0,77.0,14.4921,14.1464,51.68K,23.23K,283.14,151.25,6.16B,No,259.73,227.5,199.55,232.21,205.26,498
756,VISAKAIND.NS,91.91,91.99,216.49K,Process Industries,Industrial Specialties,78.0,19.0,77.0,83.0,3.6007,3.5514,544.10K,253.35K,104.41,50.2,7.94B,No,92.23,87.69,72.19,89.16,74.71,499
757,KARURVYSYA.NS,335.3,340.6,979.03K,Finance,Regional Banks,78.0,50.0,73.0,54.0,8.3,8.1821,3755.27K,1475.37K,358.65,204.8,324.12B,No,341.52,331.03,296.56,332.97,305.88,501
758,CPCAP.NS,134.49,133.6,27.96K,Consumer Services,Other Consumer Services,78.0,86.0,89.0,79.0,7.6779,7.1007,47.51K,41.65K,152.0,73.51,2.45B,No,123.87,116.84,103.91,118.21,101.53,499
759,BRPL.BO,151.4,145.65,10.45K,Producer Manufacturing,Building Products,78.0,85.0,79.0,72.0,10.3036,10.0964,16.52K,22.91K,163.9,98.1,2.00B,No,143.32,132.03,119.73,135.0,125.15,497
760,GOODLUCK.NS,517.9,515.8,811.70K,Non-Energy Minerals,Steel,78.0,88.0,75.0,79.0,24.375,24.0321,808.13K,740.31K,557.37,305.0,51.64B,No,468.41,488.39,418.62,492.33,439.35,501
761,THELEELA.NS,554.15,531.45,343.11K,Consumer Services,Hotels/Resorts/Cruise Lines,78.0,80.0,83.0,67.0,18.5571,18.5321,596.87K,556.43K,582.85,384.5,185.06B,No,547.01,514.15,448.9,520.92,462.3,321
762,EXPOEAPL.BO,92.0,89.81,11.95K,Producer Manufacturing,Industrial Machinery,78.0,82.0,85.0,84.0,6.4936,6.3736,32.27K,92.46K,111.0,46.4,2.39B,No,89.93,80.62,67.48,82.3,68.85,497
763,FRATELLI.BO,129.0,131.0,11.43K,Distribution Services,Food Distributors,78.0,91.0,85.0,85.0,7.625,7.5321,32.14K,37.59K,161.8,61.9,5.61B,No,119.95,107.67,95.87,110.87,93.31,497
764,SUDARSHAN.BO,39.49,40.11,24.00K,Health Technology,Pharmaceuticals: Major,78.0,86.0,65.0,84.0,1.9057,1.8564,540.31K,870.80K,42.79,18.5,10.05B,No,38.72,38.62,30.69,38.7,33.35,497
765,EQUIPPP.NS,23.5,23.83,4.74K,Technology Services,Internet Software/Services,78.0,80.0,83.0,78.0,1.1957,1.1714,29.63K,15.38K,25.89,13.85,2.42B,No,23.01,23.13,19.53,23.26,19.3,499
766,MYSORPETRO.NS,148.52,147.09,9.29K,Distribution Services,Wholesale Distributors,78.0,,,,9.2071,6.6893,61.11K,8.17K,182.03,111.0,,No,,,,,,17
767,APOLLOFI.BO,502.3,418.6,6.49K,Finance,Finance/Rental/Leasing,78.0,97.0,91.0,67.0,20.2071,19.9,0.89K,1.03K,545.85,299.0,1.87B,No,387.57,362.16,371.44,375.34,362.21,497
768,PATELCHEM.BO,108.5,110.75,19.20K,Process Industries,Chemicals: Major Diversified,78.0,87.0,82.0,87.0,4.6157,4.3157,30.15K,75.52K,120.89,56.1,2.70B,No,102.1,96.96,84.54,97.92,85.9,276
769,CRAZY.BO,59.0,59.94,177.00K,Consumer Non-Durables,Food: Specialty/Candy,78.0,53.0,,,1.74,1.4893,118.59K,129.60K,70.0,42.47,1.41B,No,59.3,57.42,,58.4,,50
770,SUNITATOOL.BO,977.9,983.0,7.62K,Producer Manufacturing,Industrial Machinery,78.0,40.0,88.0,50.0,56.975,50.2714,12.96K,13.40K,1150.0,553.0,6.14B,No,1007.03,948.96,830.68,962.13,878.69,497
771,ORBTEXP.NS,237.0,233.0,1.50K,Process Industries,Textiles,78.0,7.0,77.0,78.0,8.6557,8.5529,36.12K,2.59K,278.61,135.0,6.07B,No,236.52,237.53,193.92,236.9,195.61,498
772,GIPCL.NS,201.3,201.04,352.41K,Utilities,Electric Utilities,78.0,90.0,82.0,80.0,7.6929,7.4586,650.52K,861.64K,211.71,119.9,31.24B,No,190.52,173.39,155.14,176.33,157.83,500
773,RAAJMEDI.BO,99.85,98.01,0.94K,Health Technology,Medical Specialties,78.0,97.0,86.0,54.0,3.9457,2.9529,1.52K,8.32K,104.45,64.08,1.64B,No,86.72,77.82,80.03,80.08,80.56,499
774,TNSTLTU.BO,32.49,30.95,0.20K,Non-Energy Minerals,Steel,78.0,90.0,81.0,76.0,0.4993,0.1843,0.10K,0.05K,45.71,17.81,166.50M,No,28.05,25.91,28.67,26.66,23.76,499
775,GUJALKALI.NS,718.75,712.55,61.35K,Process Industries,Chemicals: Specialty,78.0,74.0,70.0,86.0,27.1321,26.7964,111.04K,123.27K,815.0,409.15,52.78B,No,704.99,667.62,594.97,672.39,638.64,500
776,SCHNEIDER.NS,1194.9,1193.8,223.54K,Producer Manufacturing,Electrical Products,78.0,5.0,60.0,72.0,47.7286,47.4071,465.27K,253.09K,1548.0,571.85,285.71B,No,1222.78,1315.96,1044.89,1297.11,1179.53,500
777,ONIXSOLAR.NS,459.4,455.3,679.41K,Producer Manufacturing,Industrial Machinery,78.0,,,,20.6786,16.0357,379.21K,423.19K,464.2,262.45,16.94B,No,,,,,,18
778,RALEGRA.BO,58.5,55.0,0.58K,Non-Energy Minerals,Construction Materials,78.0,14.0,63.0,78.0,2.9507,2.5943,0.96K,1.59K,75.99,32.7,619.28M,No,55.35,57.14,48.28,57.08,49.38,497
779,OML.BO,30.29,29.07,6.40K,Industrial Services,Environmental Services,78.0,15.0,89.0,92.0,1.0679,0.6807,14.50K,6.40K,85.0,13.75,238.15M,No,29.59,30.97,24.21,31.27,23.88,233
780,UJJIVANSFB.NS,66.52,64.12,14339.50K,Finance,Regional Banks,78.0,32.0,78.0,62.0,2.3214,2.3214,18637.69K,16347.40K,73.94,43.85,129.78B,No,68.51,67.67,59.59,68.61,60.47,500
781,TINNARUBR.NS,1028.6,1047.9,40.61K,Process Industries,Industrial Specialties,78.0,32.0,77.0,84.0,40.3536,40.3536,138.74K,65.19K,1322.0,527.45,18.53B,No,1029.44,1046.15,824.16,1046.18,846.23,351
782,ALCHCORP.BO,35.21,35.21,0.15K,Distribution Services,Wholesale Distributors,77.0,68.0,62.0,67.0,0.0,0.0,0.27K,0.66K,35.21,22.73,173.03M,No,35.21,33.96,29.62,34.22,31.13,497
783,SHAMROIN.BO,25.96,25.96,0.36K,Health Technology,Pharmaceuticals: Major,77.0,68.0,62.0,67.0,0.0,0.0,3.72K,0.34K,25.96,16.77,140.92M,No,25.96,25.04,21.84,25.23,22.96,497
784,AEGISVOPAK.NS,291.85,297.65,693.94K,Transportation,Air Freight/Couriers,77.0,73.0,86.0,80.0,11.0679,11.0679,1903.38K,1182.90K,311.49,158.0,323.37B,No,276.2,281.64,232.38,281.42,229.45,322
785,SBVCL.BO,134.6,134.05,3.00K,Producer Manufacturing,Industrial Machinery,77.0,93.0,83.0,82.0,5.4393,4.6536,6.04K,9.72K,140.8,60.3,1.10B,No,118.26,110.03,100.24,112.52,100.32,499
786,NAPSGLOBAL.BO,56.0,62.0,9.60K,Process Industries,Textiles,77.0,86.0,89.0,78.0,2.7671,2.0407,5.22K,9.76K,65.0,34.6,248.08M,No,54.23,45.72,43.66,46.55,42.03,374
787,ADANIENSOL.NS,1391.9,1423.3,1412.37K,Utilities,Electric Utilities,77.0,8.0,30.0,76.0,57.9429,56.7643,2972.98K,6202.10K,1789.0,803.1,1702.23B,No,1498.11,1593.71,1264.4,1589.51,1372.0,501
788,NOVELIX.BO,75.01,78.1,1.21K,Health Technology,Pharmaceuticals: Major,77.0,45.0,27.0,73.0,4.4007,4.2543,6.69K,4.22K,92.0,38.0,2.14B,No,78.19,73.67,63.38,72.92,64.88,497
789,ENGINERSIN.NS,272.05,273.1,1648.92K,Industrial Services,Engineering & Construction,77.0,82.0,76.0,72.0,10.8729,10.8729,3830.36K,9571.49K,289.65,163.55,152.90B,No,257.44,242.61,220.67,244.93,232.52,500
790,DHANCOT.BO,142.15,145.05,0.00K,Finance,Investment Banks/Brokers,77.0,74.0,81.0,89.0,0.6357,0.0,0.02K,0.00K,215.9,66.85,692.46M,No,145.37,128.37,115.8,131.78,111.9,496
791,SPECIALITY.NS,141.76,135.13,47.01K,Consumer Services,Restaurants,77.0,12.0,86.0,76.0,7.1621,6.9314,90.02K,23.06K,167.46,82.7,6.84B,No,140.66,137.12,115.21,137.32,116.21,499
792,OSCARGLO.BO,21.6,21.6,4.42K,Process Industries,Textiles,77.0,68.0,62.0,67.0,0.0,0.0,0.74K,0.46K,21.6,10.45,71.28M,No,21.6,20.83,18.18,20.99,19.1,497
793,CEIGALL.NS,379.1,376.4,1175.43K,Industrial Services,Engineering & Construction,77.0,88.0,48.0,75.0,13.4072,13.0107,546.82K,763.56K,405.7,222.61,66.04B,No,339.07,342.03,310.36,342.9,329.93,499
794,TACENT.BO,51.59,51.59,0.35K,Process Industries,Textiles,77.0,68.0,70.0,63.0,0.175,0.0,0.07K,0.04K,51.59,34.95,181.20M,No,49.87,49.43,43.87,49.63,45.88,497
795,TIERRA.BO,54.6,55.9,54.03K,Process Industries,Agricultural Commodities/Milling,77.0,94.0,85.0,78.0,5.6186,5.6129,33.12K,86.28K,64.85,34.35,3.55B,No,47.95,43.61,44.13,44.65,42.36,497
796,HATSUN.NS,1194.5,1199.1,31.09K,Consumer Non-Durables,Food: Meat/Fish/Dairy,77.0,92.0,84.0,70.0,58.8678,58.1036,58.30K,134.90K,1222.0,855.3,266.07B,No,1096.02,984.66,952.79,1004.91,955.13,500
797,RKFORGE.NS,727.05,720.7,717.77K,Producer Manufacturing,Metal Fabrication,77.0,45.0,79.0,70.0,26.1786,25.6,1359.27K,845.57K,772.8,460.15,132.18B,No,731.47,668.03,575.38,674.07,595.46,501
798,EMCURE.NS,1962.8,1914.4,248.77K,Health Technology,Pharmaceuticals: Major,77.0,44.0,69.0,68.0,48.1714,46.7357,170.62K,120.04K,2048.0,1260.0,372.34B,No,1884.92,1889.62,1649.76,1897.22,1724.45,500
799,STYL.NS,385.9,388.75,85.66K,Technology Services,Packaged Software,77.0,27.0,88.0,79.0,16.8321,16.8321,221.76K,108.19K,437.45,209.11,62.44B,No,391.07,381.09,293.65,387.01,300.35,238
800,PHRMASI.BO,88.0,88.0,0.85K,Health Technology,Pharmaceuticals: Major,77.0,64.0,6.0,48.0,5.9214,4.5029,0.75K,2.11K,131.75,30.01,600.77M,No,83.33,87.38,93.05,86.11,89.75,497
801,HESTERBIO.NS,2279.0,2322.6001,3.07K,Health Technology,Pharmaceuticals: Major,77.0,19.0,70.0,83.0,97.3071,93.9857,30.58K,13.55K,2683.6,1239.3,,No,2341.64,2368.64,1825.89,2360.06,1919.85,499
802,KECL.NS,126.36,122.64,126.20K,Producer Manufacturing,Electrical Products,77.0,5.0,80.0,83.0,5.6364,5.6321,193.07K,119.06K,155.0,75.47,8.39B,No,130.75,129.94,109.12,130.38,114.0,500
803,JYOTICNC.NS,1003.9,1009.05,356.02K,Producer Manufacturing,Metal Fabrication,77.0,90.0,91.0,69.0,40.1071,39.3464,1309.13K,1146.94K,1058.85,580.1,228.31B,No,979.83,873.95,822.52,882.9,786.88,501
804,PNGSREVA.NS,504.7,519.7,121.07K,Consumer Durables,Other Consumer Specialties,77.0,3.0,86.0,69.0,29.7357,29.3143,366.16K,193.66K,644.0,324.25,16.00B,No,541.35,486.26,,485.57,,133
805,BHATIA.BO,32.39,32.0,147.82K,Retail Trade,Electronics/Appliance Stores,77.0,92.0,80.0,78.0,1.4014,1.3986,95.70K,170.58K,33.6,17.99,4.56B,No,30.38,26.76,24.27,27.33,24.58,497
806,SATIN.NS,217.21,214.88,307.38K,Finance,Finance/Rental/Leasing,77.0,39.0,37.0,78.0,7.2314,7.2021,500.04K,215.96K,274.14,135.81,23.89B,No,222.51,239.25,189.56,236.22,204.39,499
807,GOODRICKE.BO,221.0,222.2,27.86K,Process Industries,Agricultural Commodities/Milling,77.0,86.0,79.0,80.0,12.4143,11.7679,10.77K,13.86K,249.95,142.05,4.77B,No,227.26,201.82,175.94,204.47,179.91,497
808,MILEFUR.BO,27.8,28.0,18.00K,Consumer Durables,Home Furnishings,77.0,76.0,59.0,31.0,1.5271,0.9871,15.61K,44.70K,31.66,12.35,258.46M,No,23.8,25.91,27.51,25.94,27.43,497
809,SHIVALIK.NS,366.8,384.9,375.38K,Process Industries,Chemicals: Agricultural,77.0,96.0,93.0,72.0,23.2929,22.71,48.25K,93.74K,496.0,206.4,5.79B,No,298.44,262.71,283.8,273.45,261.62,500
810,DHAMPURE.BO,137.55,138.1,7.44K,Process Industries,Agricultural Commodities/Milling,77.0,37.0,68.0,59.0,9.4429,9.4429,8.69K,8.91K,167.0,82.0,1.20B,No,145.62,133.87,116.51,134.07,124.08,497
811,SANGAMIND.NS,577.05,581.8,6.59K,Process Industries,Textiles,77.0,51.0,59.0,73.0,18.4322,18.2429,113.67K,27.90K,672.5,375.0,28.45B,No,581.94,591.98,503.59,597.09,524.41,498
812,APIS.BO,51.24,52.26,9.03K,Consumer Non-Durables,Food: Major Diversified,77.0,12.0,10.0,14.0,2.4671,2.4664,10.46K,5.18K,110.42,21.13,7.06B,No,54.02,55.25,61.64,54.19,59.02,498
813,AARTISURF.NS,500.85,512.6,53.68K,Process Industries,Chemicals: Major Diversified,77.0,9.0,87.0,72.0,31.9786,31.7821,39.87K,13.66K,677.7,316.0,4.24B,No,558.37,480.58,415.65,492.01,421.96,498
814,PASUPTAC.NS,67.76,67.91,41.49K,Process Industries,Textiles,77.0,72.0,41.0,77.0,2.3286,2.3171,79.22K,78.32K,78.95,40.41,6.04B,No,63.14,61.39,55.25,61.52,56.74,499
815,RPGLIFE.NS,2782.7,2812.0,11.65K,Health Technology,Pharmaceuticals: Major,77.0,71.0,80.0,80.0,101.5214,100.2214,26.33K,19.47K,3082.0,1733.0,46.02B,No,2673.87,2719.0,2283.31,2754.4,2319.89,500
816,YATHARTH.NS,977.2,989.7,249.88K,Health Services,Hospital/Nursing Management,77.0,83.0,73.0,81.0,38.8643,38.4643,351.18K,463.85K,1024.85,538.25,94.16B,No,925.59,877.8,762.54,883.71,803.41,500
817,COFORGE.NS,1833.1,1845.0,2691.20K,Technology Services,Information Technology Services,77.0,60.0,86.0,83.0,56.8286,48.9214,3176.85K,2978.65K,2021.2,1008.1,812.02B,No,1899.38,1728.27,1524.89,1751.81,1443.81,501
818,MVGJL.NS,208.78,214.64,258.17K,Retail Trade,Specialty Stores,77.0,93.0,89.0,75.0,13.6357,11.7221,234.82K,1105.43K,233.99,129.1,10.20B,No,164.41,162.68,165.53,165.59,159.71,498
819,HSCL.NS,663.75,667.05,905.38K,Process Industries,Industrial Specialties,77.0,8.0,39.0,80.0,18.7036,18.5107,9839.59K,5825.11K,819.5,418.5,334.91B,No,689.95,715.98,569.37,713.81,610.24,501
820,LLOYDSME.NS,1814.3,1807.6,191.91K,Non-Energy Minerals,Steel,76.0,36.0,53.0,83.0,41.9643,41.6071,504.67K,331.28K,2125.0,1042.9,1020.71B,No,1844.99,1891.25,1551.61,1898.57,1666.77,501
821,TOTAL.NS,76.98,75.25,9.53K,Transportation,Air Freight/Couriers,76.0,89.0,92.0,69.0,4.0736,3.8829,21.50K,14.50K,87.89,45.0,1.24B,No,70.23,61.13,61.47,63.28,57.58,498
822,ADANIENT.NS,3077.2,3104.7,1715.06K,Distribution Services,Wholesale Distributors,76.0,64.0,57.0,82.0,95.7286,94.55,1762.91K,2985.18K,3245.0,1753.0,4378.77B,No,3006.2,3052.18,2527.97,3058.97,2654.45,501
823,POLYPLEX.NS,1125.3,1140.0,75.61K,Process Industries,Chemicals: Specialty,76.0,18.0,80.0,74.0,32.2143,31.2,131.88K,54.87K,1264.0,740.0,36.67B,No,1175.34,1127.06,930.17,1136.46,972.81,500
824,RSWM.NS,214.46,218.2,27.75K,Process Industries,Textiles,76.0,65.0,51.0,79.0,8.585,8.2229,69.12K,59.16K,238.0,120.0,10.10B,No,204.12,206.99,169.68,208.09,178.22,499
825,SHOORA.BO,68.6,68.6,207.00K,Consumer Durables,Other Consumer Specialties,76.0,9.0,30.0,70.0,0.9793,0.0,6.02K,23.10K,98.2,34.25,317.18M,No,74.16,81.41,60.69,78.28,65.96,496
826,SOVERDIA.BO,28.43,28.83,1.13K,Consumer Durables,Other Consumer Specialties,76.0,84.0,87.0,73.0,2.0664,1.9014,4.99K,5.37K,39.5,18.21,164.55M,No,26.63,24.81,23.36,25.4,23.03,497
827,SAENTER.BO,51.28,51.4,0.00K,Distribution Services,Wholesale Distributors,76.0,91.0,64.0,81.0,0.8557,0.3486,0.05K,0.05K,56.53,31.8,205.12M,No,48.05,44.22,43.72,45.31,43.35,496
828,SAMOR.BO,89.48,93.82,0.56K,Distribution Services,Wholesale Distributors,76.0,43.0,34.0,69.0,3.7086,3.6686,0.63K,0.70K,104.99,48.55,2.02B,No,91.68,91.84,83.02,90.62,87.55,497
829,STAR.NS,1217.0,1195.7,304.12K,Health Technology,Pharmaceuticals: Major,76.0,90.0,72.0,75.0,40.7429,40.7429,344.45K,537.62K,1231.0,768.65,112.17B,No,1039.79,1043.31,987.83,1045.68,1029.28,501
830,CTE.NS,42.24,42.55,8.42K,Technology Services,Information Technology Services,76.0,82.0,85.0,84.0,2.8271,2.42,20.17K,15.66K,59.93,20.51,813.15M,No,44.2,37.5,34.34,38.3,32.64,498
831,GAEL.NS,164.8,166.39,646.96K,Consumer Non-Durables,Food: Specialty/Candy,76.0,53.0,56.0,66.0,6.2964,6.235,1388.07K,864.49K,184.99,101.2,75.59B,No,172.36,165.03,148.1,164.3,155.24,501
832,SOFTTECH.NS,435.0,441.65,1.26K,Technology Services,Packaged Software,76.0,63.0,50.0,85.0,13.3036,13.0107,3.02K,4.87K,489.9,215.0,6.02B,No,422.79,422.1,359.27,423.4,377.79,498
833,SKMEGGPROD.NS,247.9,250.9,149.79K,Process Industries,Agricultural Commodities/Milling,76.0,38.0,53.0,86.0,10.59,10.5564,762.54K,290.02K,372.0,143.1,,No,258.23,278.22,214.85,273.1,220.11,501
834,POWERINDIA.NS,31195.0,31580.0,49.62K,Electronic Technology,Electronic Equipment/Instruments,76.0,12.0,25.0,63.0,926.4286,870.3571,136.96K,95.14K,38785.0,16111.0,1390.43B,No,33346.0,32846.7,27831.71,32659.0,31260.1,500
835,GVT&D.NS,4545.0,4673.0,685.03K,Producer Manufacturing,Electrical Products,76.0,64.0,26.0,61.0,164.7572,138.1857,1055.90K,1184.16K,5650.0,2523.2,1163.73B,No,4328.75,4370.88,3983.26,4351.19,4365.16,501
836,KSL.NS,968.2,910.4,661.12K,Non-Energy Minerals,Steel,76.0,83.0,77.0,75.0,41.9036,41.7393,67.51K,116.68K,992.6,574.0,42.37B,No,893.78,892.71,789.0,901.78,810.73,501
837,ACEALPHA.BO,134.5,132.3,3.00K,Technology Services,Packaged Software,76.0,43.0,63.0,71.0,2.5857,1.7821,10.88K,3.60K,142.5,80.05,2.36B,No,134.03,130.77,108.9,132.31,115.74,298
838,MARALOVER.NS,62.65,64.79,18.93K,Process Industries,Textiles,76.0,87.0,67.0,79.0,3.6343,3.4186,21.99K,66.05K,68.89,34.11,2.60B,No,56.42,55.72,48.97,56.78,51.44,498
839,SAMBHV.NS,132.51,130.44,2347.00K,Non-Energy Minerals,Steel,76.0,82.0,78.0,78.0,5.3086,5.2929,1494.72K,1493.99K,141.32,81.42,39.05B,No,127.66,122.12,107.34,122.95,112.59,299
840,DYNAMATECH.NS,11543.0,11625.0,12.22K,Producer Manufacturing,Industrial Machinery,76.0,76.0,70.0,51.0,365.2857,358.7143,15.21K,12.66K,12875.0,6621.5,78.39B,No,11567.4,10978.84,10182.9,11060.4,10678.38,500
841,VOLTAMP.NS,10924.0,11069.0,19.20K,Producer Manufacturing,Electrical Products,76.0,78.0,68.0,67.0,467.9643,454.4286,46.45K,32.92K,12863.0,6666.0,110.52B,No,10765.0,10082.5,9121.08,10254.3,9758.78,500
842,ISTRNETWK.BO,48.97,50.11,15.53K,Commercial Services,Miscellaneous Commercial Services,76.0,77.0,39.0,41.0,4.3871,4.2229,33.09K,31.56K,72.15,14.76,3.58B,No,49.81,48.54,47.18,48.73,46.53,497
843,AURUM.NS,220.38,220.17,65.45K,Technology Services,Packaged Software,76.0,39.0,75.0,72.0,7.5171,7.5171,304.05K,99.95K,264.64,151.9,16.91B,No,227.51,227.34,192.04,226.01,197.24,500
844,UNIROYAL.BO,25.85,24.01,0.36K,Process Industries,Textiles,76.0,94.0,82.0,63.0,2.5479,2.3914,1.92K,0.60K,29.0,16.7,213.75M,No,25.06,21.75,20.46,22.51,20.8,497
845,PRUDENT.NS,3318.8,3302.5,8.34K,Finance,Investment Managers,76.0,44.0,72.0,80.0,177.9357,176.7071,38.17K,42.59K,4105.5,2121.0,137.42B,No,3356.83,3190.39,2737.25,3209.76,2825.78,499
846,PIPAN.BO,183.35,183.35,0.07K,Distribution Services,Wholesale Distributors,76.0,56.0,49.0,49.0,0.0,0.0,0.01K,0.01K,183.35,90.23,3.21B,No,183.35,181.85,173.28,182.28,175.63,497
847,3BBLACKBIO.NS,1443.3,1476.1,13.57K,Process Industries,Chemicals: Agricultural,76.0,,,,82.3786,79.8714,23.75K,27.54K,1588.9,1099.5,,No,,,,,,18
848,MANGLMCEM.NS,1026.7,1049.6,77.09K,Non-Energy Minerals,Construction Materials,76.0,84.0,77.0,63.0,44.9071,44.7429,128.41K,160.77K,1120.0,679.35,28.23B,No,1014.3,976.72,861.75,993.29,909.91,498
849,TASTYBITE.NS,10201.0,9824.0,6.02K,Consumer Non-Durables,Food: Specialty/Candy,76.0,77.0,80.0,79.0,320.8571,318.3571,8.93K,3.15K,10544.0,6430.0,26.18B,No,9994.12,9425.97,8040.54,9586.65,8192.45,499
850,BHARATSE.NS,217.08,222.0,77.91K,Producer Manufacturing,Auto Parts: Oem,76.0,21.0,77.0,66.0,8.4571,8.3707,958.64K,186.41K,263.18,133.6,13.63B,No,225.51,227.93,189.21,227.87,198.13,366
851,63MOONS.NS,886.35,865.05,841.23K,Technology Services,Packaged Software,76.0,65.0,87.0,83.0,37.5,36.9286,734.96K,432.86K,966.0,467.0,40.84B,No,803.47,779.27,691.59,802.12,683.49,500
852,ASIANHOTNR.NS,382.15,404.5,13.81K,Consumer Services,Hotels/Resorts/Cruise Lines,76.0,90.0,81.0,71.0,23.0821,22.9571,70.31K,167.61K,423.8,247.5,16.29B,No,335.53,320.28,308.21,321.37,305.1,498
853,STYLEBAAZA.NS,388.95,397.7,378.35K,Retail Trade,Apparel/Footwear Retail,76.0,80.0,73.0,77.0,17.0429,17.0429,780.90K,1048.29K,447.1,229.95,29.61B,No,400.37,340.35,320.08,345.33,331.96,501
854,MAYURUNIQ.NS,756.55,735.95,128.85K,Process Industries,Textiles,76.0,42.0,29.0,79.0,28.0572,27.3464,121.90K,117.45K,907.0,471.2,32.87B,No,747.31,782.61,631.97,769.13,677.96,498
855,NUVAMA.NS,1757.9,1781.3,247.12K,Finance,Investment Managers,76.0,64.0,70.0,77.0,59.6071,59.0786,478.69K,376.32K,2066.0,1096.9,324.24B,No,1767.04,1805.15,1509.21,1805.95,1550.23,500
856,LALPATHLAB.NS,1916.7,1919.7,165.82K,Health Services,Medical/Nursing Services,76.0,47.0,74.0,77.0,49.5,49.2214,474.69K,192.72K,1988.9,1272.6,320.05B,No,1912.16,1835.63,1562.76,1851.2,1605.79,500
857,RIDDHI.BO,740.05,755.0,1.55K,Process Industries,Pulp & Paper,75.0,48.0,29.0,83.0,38.35,38.2857,4.21K,0.84K,861.95,405.0,5.28B,No,757.12,745.45,606.78,750.23,657.3,497
858,COCKERILL.NS,8009.0,8140.0,3.96K,Non-Energy Minerals,Steel,75.0,4.0,7.0,,260.1071,255.9286,12.76K,6.03K,10871.5,5015.25,,No,8127.62,8738.83,,8684.35,,102
859,KCPSUGIND.NS,31.82,31.6,89.77K,Process Industries,Agricultural Commodities/Milling,75.0,67.0,89.0,75.0,1.7107,1.7107,472.10K,110.32K,36.47,21.45,3.64B,No,32.36,28.94,25.5,29.47,25.74,500
860,URBANCO.NS,164.56,171.59,6691.53K,Technology Services,Packaged Software,75.0,88.0,84.0,81.0,7.7371,7.7029,8781.98K,9475.34K,201.18,100.7,242.32B,No,163.82,146.66,131.44,148.3,132.71,247
861,UNICHEMLAB.NS,532.7,542.7,73.00K,Health Technology,Pharmaceuticals: Major,75.0,45.0,76.0,87.0,28.8607,28.8607,860.95K,170.79K,687.2,278.2,37.51B,No,540.51,542.69,426.7,548.18,427.48,501
862,ADON.BO,102.94,85.79,402.00K,Distribution Services,Food Distributors,75.0,91.0,,,4.4936,3.9557,251.96K,49.80K,102.94,75.25,2.37B,No,85.27,,,86.45,,49
863,MIDHANI.NS,463.35,463.8,3378.17K,Non-Energy Minerals,Other Metals/Minerals,75.0,76.0,60.0,72.0,16.4464,16.0071,1665.70K,4578.75K,482.4,266.65,86.80B,No,428.96,418.77,376.02,418.83,390.75,500
864,SOMANYCERA.NS,559.7,553.5,88.28K,Producer Manufacturing,Building Products,75.0,79.0,65.0,81.0,18.15,17.9214,176.34K,131.07K,576.8,332.0,22.95B,No,543.89,523.56,456.35,524.79,476.14,498
865,SCAGRO.BO,24.5,25.0,0.00K,Consumer Non-Durables,Food: Meat/Fish/Dairy,75.0,1.0,80.0,6.0,0.6371,0.4129,13.07K,3.88K,43.8,14.82,1.86B,No,28.17,29.28,28.45,29.57,28.41,497
866,ASSOCIATED.BO,111.0,111.0,0.50K,Process Industries,Industrial Specialties,75.0,79.0,80.0,50.0,1.7786,1.0643,0.73K,0.73K,132.5,72.0,150.07M,No,106.3,101.02,101.26,101.25,100.62,497
867,PPLPHARMA.NS,212.49,218.0,2724.03K,Health Technology,Pharmaceuticals: Major,75.0,51.0,83.0,76.0,7.4579,6.985,7911.61K,5548.44K,231.93,132.3,281.55B,No,213.28,197.85,172.16,200.87,173.32,500
868,DBOL.NS,120.38,123.12,152.75K,Process Industries,Agricultural Commodities/Milling,75.0,70.0,57.0,63.0,5.8371,5.7371,202.69K,273.68K,139.0,69.0,7.92B,No,125.85,115.58,103.45,115.97,112.16,499
869,RAPIDIN.BO,99.9,99.0,0.01K,Finance,Investment Banks/Brokers,75.0,92.0,79.0,71.0,2.6921,1.6979,0.07K,0.05K,141.75,58.83,214.76M,No,88.52,81.2,84.5,82.91,80.93,497
870,RAJRATAN.NS,509.65,520.85,120.14K,Producer Manufacturing,Metal Fabrication,75.0,47.0,66.0,71.0,19.3643,19.325,175.23K,98.88K,563.95,305.55,25.88B,No,500.68,498.56,449.79,499.84,443.41,500
871,TITAN.NS,5021.0,5005.0,336.55K,Consumer Durables,Other Consumer Specialties,75.0,48.0,77.0,61.0,73.2643,72.0714,819.24K,585.74K,5186.7,3303.1,4455.19B,No,5064.46,4886.68,4343.26,4906.82,4480.35,501
872,MAHABANK.NS,84.35,84.56,15412.29K,Finance,Major Banks,75.0,64.0,37.0,67.0,2.4514,2.4,16347.05K,16845.58K,94.5,53.52,648.78B,No,82.83,81.59,73.53,81.73,78.12,501
873,DHAMPURSUG.NS,166.33,170.93,378.35K,Process Industries,Agricultural Commodities/Milling,75.0,68.0,75.0,69.0,10.1443,9.7886,770.99K,951.97K,199.92,110.0,10.70B,No,174.33,157.08,137.68,156.95,143.81,501
874,QUADFUTURE.NS,435.8,439.85,431.45K,Producer Manufacturing,Electrical Products,75.0,90.0,82.0,82.0,25.1679,24.375,1208.33K,657.65K,481.25,248.55,17.43B,No,405.23,395.51,335.58,393.6,347.31,415
875,MUFIN.NS,135.22,134.83,443.17K,Finance,Finance/Rental/Leasing,75.0,53.0,65.0,70.0,3.0771,3.0371,1100.11K,649.05K,141.5,85.13,26.80B,No,136.54,133.07,119.39,133.88,121.48,501
876,ACESOFT.BO,208.15,211.8,32.13K,Technology Services,Data Processing Services,75.0,87.0,96.0,31.0,10.3393,9.7964,58.73K,30.67K,378.8,106.0,4.93B,No,189.65,158.87,173.81,168.6,159.05,497
877,RADHIKAJWE.NS,84.15,87.14,2400.43K,Consumer Durables,Other Consumer Specialties,75.0,86.0,91.0,77.0,6.0064,5.8857,2321.34K,6891.45K,99.65,50.01,9.94B,No,73.18,68.83,66.43,70.6,63.76,499
878,AMBALALSA.NS,41.54,42.43,29.62K,Health Technology,Pharmaceuticals: Major,75.0,22.0,83.0,,2.095,2.095,172.85K,42.56K,49.98,30.15,3.18B,No,44.16,38.89,,39.28,,101
879,RISHIROOP.BO,123.1,117.6,16.84K,Process Industries,Chemicals: Specialty,75.0,81.0,90.0,75.0,5.1593,4.7693,4.81K,9.46K,138.75,71.5,1.13B,No,110.81,102.15,96.65,105.0,95.66,497
880,SAREGAMA.NS,505.15,500.55,434.40K,Consumer Services,Movies/Entertainment,75.0,34.0,64.0,84.0,17.3572,16.9964,728.79K,435.05K,574.5,307.05,96.97B,No,503.21,504.14,403.03,503.71,423.46,499
881,KRONOX.NS,171.96,172.55,65.58K,Process Industries,Chemicals: Specialty,75.0,49.0,83.0,83.0,11.7443,11.6829,725.23K,142.89K,223.42,96.0,6.38B,No,179.05,164.85,140.01,167.39,142.81,500
882,PRABHATAM.BO,26.39,26.39,0.00K,Process Industries,Pulp & Paper,75.0,68.0,62.0,63.0,0.0,0.0,0.02K,0.02K,26.39,17.9,5.85B,No,26.39,25.45,22.64,25.65,23.58,497
883,GYANDEV.BO,52.0,50.8,0.06K,Finance,Real Estate Development,75.0,41.0,72.0,75.0,2.5629,2.1393,0.53K,0.67K,67.45,27.62,156.00M,No,49.19,50.98,43.35,51.84,45.64,497
884,SANTETX.BO,159.95,160.65,0.83K,Process Industries,Textiles,75.0,85.0,75.0,69.0,12.0214,11.8857,0.99K,1.92K,179.4,98.25,910.12M,No,155.58,144.78,136.83,148.81,139.19,497
885,ROBU.BO,1095.6,1093.0,7.26K,Retail Trade,Electronics/Appliance Stores,75.0,6.0,30.0,69.0,48.0393,47.6,7.82K,5.02K,1315.0,636.36,11.35B,No,1104.81,1143.02,943.82,1137.27,1020.81,499
886,DPABHUSHAN.NS,1369.3,1397.7,19.76K,Retail Trade,Specialty Stores,75.0,25.0,92.0,75.0,59.05,57.7143,86.17K,24.39K,1670.0,866.1,31.26B,No,1439.21,1356.82,1217.96,1379.73,1137.62,499
887,APL.BO,107.0,108.2,9.00K,Distribution Services,Medical Distributors,75.0,95.0,84.0,74.0,9.9236,9.4693,37.38K,112.20K,126.1,60.0,1.17B,No,99.58,83.13,81.51,85.2,80.41,288
888,SHARVAYA.BO,146.0,145.0,10.20K,Non-Energy Minerals,Other Metals/Minerals,75.0,56.0,96.0,61.0,5.025,4.225,22.64K,11.04K,219.0,78.0,1.46B,No,145.6,128.39,129.62,131.71,117.58,249
889,ORIENTHOT.NS,139.81,139.98,352.13K,Consumer Services,Hotels/Resorts/Cruise Lines,75.0,80.0,83.0,84.0,3.3221,3.3193,2333.84K,746.37K,148.8,80.0,24.97B,No,137.22,134.63,111.9,133.46,113.01,501
890,KROSS.NS,231.54,219.67,8960.53K,Producer Manufacturing,Auto Parts: Oem,75.0,83.0,82.0,66.0,8.5729,8.5493,829.32K,313.74K,240.8,150.52,14.94B,No,211.13,201.95,192.84,205.74,193.14,497
891,SMSPHARMA.NS,417.45,407.3,561.77K,Health Technology,Pharmaceuticals: Major,75.0,83.0,63.0,47.0,16.7643,16.5571,398.14K,656.75K,447.8,242.25,39.10B,No,371.81,380.72,367.47,380.7,387.1,500
892,SKIPPER.NS,583.0,593.95,1056.44K,Producer Manufacturing,Metal Fabrication,75.0,75.0,60.0,88.0,26.6607,26.5286,931.66K,2194.33K,616.8,327.05,65.82B,No,558.4,547.04,461.26,545.92,479.55,500
893,ZYDUSWELL.NS,566.3,554.2,368.28K,Consumer Non-Durables,Food: Major Diversified,75.0,81.0,68.0,80.0,16.9036,16.2893,790.14K,957.78K,611.85,367.55,180.17B,No,526.36,547.88,480.47,547.9,500.24,501
894,LAMBODHARA.NS,137.22,134.12,17.20K,Process Industries,Textiles,74.0,89.0,85.0,75.0,9.94,9.6657,41.08K,17.22K,162.0,81.8,1.42B,No,129.22,119.72,112.4,120.8,109.91,499
895,RANEHOLDIN.NS,1704.8,1686.4,6.76K,Producer Manufacturing,Auto Parts: Oem,74.0,31.0,74.0,75.0,56.1929,55.9643,23.73K,23.21K,1894.5,981.0,24.34B,No,1618.07,1705.14,1403.0,1702.05,1421.38,501
896,OPTIEMUS.NS,557.65,541.95,286.23K,Distribution Services,Electronics Distributors,74.0,63.0,85.0,79.0,23.4214,22.275,286.33K,124.12K,713.0,288.0,50.28B,No,564.88,574.53,468.27,573.75,462.39,499
897,BELRISE.NS,228.4,228.54,1568.53K,Producer Manufacturing,Auto Parts: Oem,74.0,8.0,46.0,59.0,5.5521,5.4493,4501.76K,2829.53K,268.2,139.5,220.90B,No,232.98,235.04,204.87,235.39,218.0,325
898,ABB.NS,7329.0,7401.5,93.27K,Producer Manufacturing,Electrical Products,74.0,38.0,59.0,64.0,161.4286,152.8929,305.76K,182.39K,7924.5,4637.5,1553.08B,No,7503.93,7393.18,6435.55,7392.3,6929.82,500
899,VEGA.BO,61.95,61.95,0.11K,Distribution Services,Wholesale Distributors,74.0,54.0,40.0,35.0,0.0,0.0,0.57K,1.70K,62.45,38.66,3.15B,No,61.95,61.95,58.23,61.95,62.13,500
900,MINDACORP.NS,703.1,700.8,74.61K,Producer Manufacturing,Auto Parts: Oem,74.0,44.0,62.0,74.0,20.2429,20.0929,494.69K,261.14K,769.0,468.5,165.48B,No,714.56,704.69,603.6,703.28,612.33,499
901,MUKKA.NS,30.57,29.86,871.83K,Consumer Non-Durables,Food: Meat/Fish/Dairy,74.0,92.0,86.0,76.0,1.79,1.7686,734.43K,2380.83K,33.22,18.27,9.17B,No,27.49,24.99,23.72,25.49,23.76,500
902,AARTIIND.NS,504.05,496.2,588.55K,Process Industries,Chemicals: Major Diversified,74.0,53.0,72.0,63.0,15.7643,15.4821,1455.74K,639.85K,551.75,338.05,182.83B,No,523.0,502.8,445.57,504.48,470.69,500
903,TAALTECH.NS,5198.7,4886.6001,24.40K,Transportation,Airlines,74.0,,,,217.257,210.4285,7.51K,10.14K,5260.0,4169.4,,No,,,,,,18
904,SWATIPRO.BO,39.16,41.22,31.31K,Finance,Financial Conglomerates,74.0,75.0,75.0,66.0,2.9393,1.5514,44.57K,63.29K,73.23,24.6,395.52M,No,51.71,40.24,33.96,40.76,35.2,497
905,MANYAVAR.NS,576.6,581.35,183.18K,Retail Trade,Internet Retail,74.0,80.0,90.0,84.0,20.1,19.6857,1144.78K,402.80K,779.0,329.2,140.10B,No,550.5,477.51,466.04,491.67,433.07,499
906,UTTAMSUGAR.NS,282.4,283.75,179.79K,Process Industries,Agricultural Commodities/Milling,74.0,81.0,76.0,78.0,19.1593,18.9514,269.14K,316.55K,359.3,181.1,10.77B,No,298.29,261.83,240.16,262.32,242.73,500
907,LYKISLTD.BO,51.0,50.34,9.67K,Consumer Non-Durables,Food: Major Diversified,74.0,66.0,64.0,37.0,2.3107,2.2657,20.87K,20.90K,61.8,29.21,988.13M,No,51.94,48.3,45.35,48.77,47.29,497
908,NOCIL.NS,195.31,188.28,7273.40K,Process Industries,Chemicals: Specialty,74.0,89.0,78.0,79.0,6.7371,6.7171,1495.62K,1457.06K,204.5,125.31,32.62B,No,169.97,169.04,160.94,169.22,165.37,501
909,NAHARINDUS.NS,133.89,134.1,14.92K,Process Industries,Textiles,74.0,67.0,69.0,78.0,8.2971,8.2836,37.60K,25.57K,154.0,83.05,5.78B,No,131.16,123.42,110.81,124.67,113.06,499
910,THYROCARE.NS,557.7,566.85,303.87K,Health Services,Medical/Nursing Services,74.0,6.0,57.0,81.0,16.925,16.8964,749.42K,272.23K,662.0,342.55,88.76B,No,587.16,574.96,475.49,569.06,481.72,500
911,BMW.BO,55.99,55.74,225.05K,Non-Energy Minerals,Steel,74.0,80.0,17.0,87.0,2.3779,2.3414,248.62K,308.80K,65.19,26.06,12.60B,No,50.69,51.95,45.0,51.9,47.53,497
912,SHYAMMETL.NS,1086.1,1073.7,128.95K,Producer Manufacturing,Metal Fabrication,74.0,79.0,65.0,76.0,32.5143,32.4786,544.76K,717.48K,1111.0,746.0,302.29B,No,1042.42,1023.04,901.2,1029.9,929.6,501
913,VENKEYS.NS,1706.7,1694.7,83.87K,Process Industries,Agricultural Commodities/Milling,74.0,80.0,79.0,73.0,60.6715,59.85,79.60K,191.12K,1800.0,1165.0,24.04B,No,1598.29,1539.55,1469.23,1548.82,1462.5,499
914,EDELWEISS.NS,136.74,133.63,16920.17K,Finance,Investment Banks/Brokers,74.0,85.0,80.0,68.0,6.4729,6.4414,5366.47K,10649.36K,140.9,98.0,129.43B,No,128.49,122.82,115.08,123.89,117.75,501
915,GRAVISSHO.NS,35.59,29.66,491.93K,Consumer Services,Hotels/Resorts/Cruise Lines,74.0,,,,2.1964,1.8729,29.39K,48.89K,35.59,27.9,2.51B,No,,,,,,18
916,ETERNAL.NS,322.1,320.6,15543.62K,Technology Services,Internet Software/Services,74.0,59.0,86.0,76.0,6.8857,6.8679,34126.19K,45959.01K,368.45,212.6,2965.06B,No,324.15,307.72,273.9,309.31,268.08,500
917,BPLPHARMA.NS,1558.6,1518.6,1.27K,Health Technology,Pharmaceuticals: Major,74.0,,,,77.0357,72.9857,1.84K,1.44K,1649.0,1201.1,,No,,,,,,18
918,ANDHRSUGAR.NS,96.5,97.75,221.43K,Process Industries,Chemicals: Specialty,74.0,48.0,73.0,70.0,3.8714,3.8436,911.16K,588.18K,107.23,66.5,13.08B,No,99.18,91.88,82.29,91.91,85.52,501
919,NIACL.NS,197.35,205.51,5000.72K,Finance,Multi-Line Insurance,74.0,77.0,83.0,78.0,13.3779,13.2736,9856.12K,20852.69K,242.6,116.97,325.23B,No,193.52,183.65,162.24,185.95,166.11,501
920,LADDERUP.NS,61.93,51.61,9.33K,Finance,Investment Managers,74.0,,,,4.5264,4.05,0.85K,1.25K,61.93,42.7,656.61M,No,,,,,,18
921,CUB.NS,226.45,231.67,1464.84K,Finance,Regional Banks,74.0,69.0,68.0,63.0,8.845,8.5793,3281.41K,2741.72K,248.85,150.05,224.36B,No,225.53,221.73,206.25,220.29,203.03,501
922,BIMETAL.NS,645.0,650.0,0.56K,Producer Manufacturing,Auto Parts: Oem,74.0,52.0,42.0,,24.675,23.4929,0.93K,0.76K,750.75,470.9,2.47B,No,631.09,650.22,,653.76,,105
923,SPARC.NS,196.91,200.58,700.80K,Health Technology,Pharmaceuticals: Major,74.0,43.0,17.0,85.0,8.0314,7.9721,1937.12K,1270.67K,289.0,108.0,63.90B,No,198.44,216.47,169.94,213.42,182.26,501
924,ITDC.NS,664.6,629.65,8077.38K,Consumer Services,Hotels/Resorts/Cruise Lines,74.0,47.0,68.0,75.0,24.95,24.7964,1740.08K,72.61K,822.0,368.0,57.00B,No,667.63,692.72,583.54,695.27,594.56,499
925,RASRESOR.BO,54.51,57.0,0.13K,Consumer Services,Hotels/Resorts/Cruise Lines,74.0,51.0,59.0,72.0,3.4464,2.5771,0.91K,0.32K,64.9,33.34,216.39M,No,54.95,55.48,46.92,55.13,49.39,497
926,CENTENKA.NS,569.1,570.8,139.33K,Process Industries,Chemicals: Specialty,74.0,29.0,70.0,75.0,21.5857,19.9786,345.62K,1201.53K,671.65,371.2,12.44B,No,570.56,569.11,478.92,572.32,493.99,499
927,CLCIND.NS,48.93,47.48,1.88K,Process Industries,Textiles,74.0,7.0,76.0,98.0,1.2457,1.1421,5.18K,1.71K,280.0,8.54,5.09M,No,48.42,51.15,92.19,50.87,34.44,498
928,PONNIERODE.NS,363.45,373.2,29.12K,Process Industries,Agricultural Commodities/Milling,74.0,79.0,69.0,72.0,22.4929,22.2143,45.19K,39.26K,455.0,252.4,3.13B,No,384.49,345.7,300.48,348.91,313.77,498
929,SOLARA.NS,707.25,690.5,1463.46K,Health Technology,Pharmaceuticals: Major,74.0,95.0,73.0,83.0,33.3536,33.3536,433.91K,595.55K,749.8,422.0,34.13B,No,623.5,571.63,534.37,574.71,531.49,501
930,SHANMUGA.BO,49.55,45.99,62.00K,Health Services,Hospital/Nursing Management,74.0,81.0,88.0,72.0,1.2493,1.1664,9.53K,6.80K,56.76,34.0,674.52M,No,43.9,43.7,41.64,44.73,40.48,385
931,COSMICCRF.BO,1334.4,1270.9,16.00K,Non-Energy Minerals,Steel,73.0,67.0,85.0,75.0,60.2821,53.275,8.04K,7.54K,1519.95,550.0,12.47B,No,1305.3,1312.44,1084.7,1324.21,1049.51,497
932,KOLTEPATIL.NS,451.15,442.8,1110.01K,Finance,Real Estate Development,73.0,8.0,83.0,75.0,16.9036,16.8714,316.23K,66.52K,554.6,292.25,40.01B,No,456.09,419.96,378.83,426.68,379.45,498
933,MUNJALAU.NS,109.17,109.83,230.94K,Producer Manufacturing,Auto Parts: Oem,73.0,78.0,67.0,79.0,4.425,4.3821,2530.43K,592.32K,130.6,67.2,10.92B,No,114.26,107.79,88.5,107.84,92.44,500
934,NPL.BO,621.7,637.45,1.54K,Process Industries,Chemicals: Specialty,73.0,73.0,65.0,81.0,27.1786,27.175,1.28K,0.61K,701.5,350.0,3.57B,No,635.64,602.35,510.23,604.75,528.24,497
935,MAHALIFE.BO,183.0,185.45,8.40K,Process Industries,Chemicals: Agricultural,73.0,46.0,56.0,53.0,9.225,8.2536,29.06K,21.24K,205.05,111.0,4.28B,No,186.66,177.34,170.89,175.86,171.51,204
936,CITYSQUARE.BO,161.45,153.8,5.60K,Retail Trade,Food Retail,73.0,96.0,70.0,12.0,6.9643,5.6857,1.62K,2.88K,222.2,78.81,1.43B,No,131.92,125.49,156.54,129.12,159.76,246
937,SWARNSAR.NS,41.61,40.78,75.78K,Consumer Durables,Other Consumer Specialties,73.0,,,,2.6921,2.6079,29.74K,47.75K,45.7,32.0,,No,,,,,,18
938,GUFICBIO.NS,422.65,428.85,59.26K,Health Technology,Pharmaceuticals: Major,73.0,46.0,74.0,82.0,17.1036,17.1036,255.60K,179.06K,467.8,268.0,42.38B,No,423.49,405.65,340.12,409.19,344.64,500
939,OSWALEA.BO,78.64,78.64,0.20K,Finance,Finance/Rental/Leasing,73.0,52.0,53.0,68.0,0.0,0.0,0.03K,0.03K,78.64,55.92,39.32M,No,78.64,77.22,69.22,77.52,72.81,497
940,ASPIRA.BO,94.56,92.71,0.30K,Health Services,Medical/Nursing Services,73.0,20.0,6.0,82.0,3.2714,2.1264,5.15K,0.98K,135.88,49.0,973.31M,No,93.27,101.25,82.27,99.45,89.42,497
941,AMDIND.NS,56.04,56.57,15.15K,Producer Manufacturing,Miscellaneous Manufacturing,73.0,78.0,78.0,81.0,3.5457,3.5457,32.47K,60.61K,68.07,33.77,1.07B,No,55.41,50.48,46.44,51.09,45.96,499
942,ICON.BO,71.01,73.1,6.00K,Commercial Services,Miscellaneous Commercial Services,73.0,14.0,50.0,62.0,2.5793,1.2514,11.32K,3.00K,85.0,38.05,558.11M,No,71.49,73.36,60.67,73.34,65.93,300
943,VIRYA.BO,805.55,847.9,0.01K,Industrial Services,Engineering & Construction,73.0,77.0,73.0,68.0,21.9821,15.7571,0.01K,0.00K,896.75,349.7,1.21B,No,854.32,783.61,640.77,795.84,650.22,496
944,INFONATIVE.BO,35.39,34.27,8.00K,Technology Services,Internet Software/Services,73.0,24.0,83.0,74.0,1.0407,0.5621,6.42K,4.00K,42.27,23.1,419.29M,No,35.49,33.79,30.21,34.64,29.57,354
945,DCMSIL.NS,72.36,69.78,139.97K,Process Industries,Textiles,73.0,11.0,67.0,73.0,4.2557,4.2221,48.66K,68.16K,105.27,49.5,6.29B,No,73.11,76.78,,77.24,70.22,142
946,COCHINM.BO,308.55,310.95,6.07K,Non-Energy Minerals,Other Metals/Minerals,73.0,66.0,78.0,70.0,10.1429,9.6679,11.13K,13.30K,330.0,197.1,2.42B,No,302.59,275.54,262.8,280.02,261.66,497
947,VOEPL.NS,531.85,552.45,76.52K,Health Technology,Medical Specialties,73.0,63.0,,,31.9,31.7893,174.36K,127.78K,593.45,428.65,18.22B,No,529.72,501.38,,507.42,,52
948,MERCURYEV.NS,41.61,37.83,3794.18K,Distribution Services,Wholesale Distributors,73.0,88.0,87.0,,2.4336,2.3957,226.62K,686.53K,41.61,30.16,7.90B,No,37.92,36.5,,36.99,,73
949,SRMCL.BO,57.6,56.99,6.04K,Finance,Real Estate Development,73.0,59.0,50.0,77.0,2.8893,2.8093,5.19K,4.41K,64.8,32.6,410.02M,No,55.69,56.11,46.79,56.2,48.75,497
950,SBLI.BO,48.9,53.78,6.00K,Finance,Real Estate Development,73.0,13.0,70.0,76.0,3.4,2.8214,3.69K,7.20K,54.6,30.55,39.67M,No,48.92,47.21,41.18,47.55,43.24,498
951,VIYASH.NS,260.45,261.9,3105.57K,Health Technology,Pharmaceuticals: Major,73.0,50.0,55.0,73.0,8.1714,7.6357,4499.32K,4092.68K,298.0,178.13,114.63B,No,263.85,266.82,230.13,265.16,238.43,501
952,SUPRIYA.NS,917.45,911.4,244.12K,Health Technology,Pharmaceuticals: Major,73.0,75.0,35.0,79.0,28.2786,24.9036,373.94K,378.30K,1085.0,545.5,73.84B,No,821.48,850.51,760.52,848.58,777.5,499
953,MKEXIM.NS,65.73,64.88,6.96K,Process Industries,Textiles,73.0,,,,4.1671,4.1514,20.41K,21.68K,68.69,52.0,2.65B,No,,,,,,18
954,NATIONALUM.NS,373.35,377.6,3373.93K,Non-Energy Minerals,Aluminum,73.0,11.0,43.0,26.0,11.0571,10.3179,8873.45K,5450.18K,445.15,198.68,685.71B,No,383.11,368.96,366.75,368.26,382.09,501
955,GALAPREC.NS,1038.0,1048.1,21.45K,Producer Manufacturing,Metal Fabrication,73.0,68.0,67.0,77.0,43.2286,43.1643,90.10K,27.09K,1260.0,671.2,13.30B,No,1040.19,1094.01,878.85,1083.24,923.88,500
956,NAHARSPING.NS,270.8,277.3,42.43K,Process Industries,Textiles,73.0,9.0,51.0,75.0,10.15,9.9714,35.01K,42.36K,349.0,149.2,9.77B,No,292.8,287.74,235.75,286.95,255.27,499
957,SUNFLAG.NS,345.4,331.35,291.29K,Non-Energy Minerals,Steel,73.0,37.0,41.0,81.0,10.5714,10.5429,195.48K,137.16K,428.0,192.15,62.25B,No,347.76,352.63,301.16,353.71,317.85,501
958,PPL.NS,290.9,287.55,42.20K,Producer Manufacturing,Miscellaneous Manufacturing,73.0,78.0,77.0,81.0,9.1571,8.675,161.23K,27.26K,334.4,163.21,6.96B,No,268.48,268.18,231.54,268.86,231.9,499
959,SRDAPRT.BO,107.25,102.15,5.62K,Process Industries,Agricultural Commodities/Milling,73.0,68.0,69.0,84.0,2.1036,1.0607,5.35K,20.62K,137.1,59.95,962.67M,No,98.81,97.84,84.9,98.7,88.74,499
960,AJANTPHARM.NS,3520.0,3534.3999,20.45K,Health Technology,Pharmaceuticals: Major,73.0,56.0,64.0,60.0,95.9,94.5785,110.65K,67.40K,3796.0,2329.9,439.86B,No,3585.18,3489.68,3035.34,3494.63,3150.61,499
961,CMPDI.NS,218.77,230.88,4597.50K,Commercial Services,Miscellaneous Commercial Services,73.0,11.0,25.0,,9.0071,9.005,3210.22K,1993.21K,283.69,150.16,,No,233.13,245.95,,242.49,,116
962,BHARATFORG.NS,1954.9,1979.6,403.06K,Producer Manufacturing,Metal Fabrication,73.0,27.0,47.0,41.0,49.9,47.1928,1202.15K,1225.68K,2295.0,1179.0,934.62B,No,2032.81,2104.95,1821.53,2100.07,1957.43,500
963,BTTL.NS,42.49,42.29,14.94K,Process Industries,Textiles,73.0,40.0,78.0,,2.1064,2.0907,49.97K,3.78K,58.23,30.0,2.48B,No,43.34,46.89,,46.33,,101
964,ELLEN.NS,373.5,355.05,3092.35K,Process Industries,Chemicals: Specialty,73.0,85.0,87.0,89.0,16.8,16.3643,566.72K,741.92K,559.8,175.0,52.64B,No,327.83,301.02,280.83,310.48,269.57,300
965,SHRIRAMFIN.NS,1038.0,1029.0,2757.21K,Finance,Finance/Rental/Leasing,73.0,23.0,62.0,41.0,29.5,27.5643,5074.15K,4303.42K,1153.7,602.8,2442.36B,No,1085.68,1072.18,997.58,1066.37,1012.33,501
966,SECMARK.NS,149.16,141.47,17.48K,Technology Services,Information Technology Services,73.0,87.0,72.0,73.0,11.8029,10.6429,4.71K,21.56K,179.5,95.05,1.63B,No,136.91,130.39,120.58,133.57,125.14,499
967,PASUSPG.BO,37.7,35.99,0.21K,Process Industries,Textiles,73.0,82.0,87.0,63.0,1.3686,1.0514,0.25K,0.17K,40.99,25.67,352.01M,No,34.71,33.11,31.05,33.85,30.2,497
968,ACEMEN.BO,115.4,115.95,70.76K,Distribution Services,Wholesale Distributors,72.0,67.0,74.0,57.0,5.35,5.2571,15.26K,39.21K,123.9,84.4,1.49B,No,117.33,106.77,99.47,108.85,101.74,497
969,SAIL.NS,183.75,186.4,8056.44K,Non-Energy Minerals,Steel,72.0,71.0,45.0,63.0,7.4071,7.2714,19490.70K,26352.90K,209.7,124.0,758.98B,No,185.45,174.77,165.69,176.16,174.29,501
970,MANAKALUCO.NS,37.69,38.74,60.43K,Non-Energy Minerals,Other Metals/Minerals,72.0,11.0,34.0,70.0,2.0557,2.0507,135.31K,92.24K,68.12,21.73,2.47B,No,38.43,37.33,34.03,37.5,33.89,500
971,DCMNVL.NS,175.2,177.0,11.54K,Process Industries,Textiles,72.0,59.0,57.0,74.0,9.7271,9.6407,16.28K,25.56K,198.58,95.6,3.27B,No,181.1,162.65,141.88,163.79,145.38,500
972,EIFFL.NS,275.7,270.3,2.42K,Consumer Non-Durables,Food: Specialty/Candy,72.0,23.0,74.0,63.0,9.7571,6.6,32.37K,2.98K,381.96,204.98,6.84B,No,274.21,296.65,259.08,294.12,264.52,498
973,MAHSEAMLES.NS,718.95,676.2,1255.93K,Non-Energy Minerals,Steel,72.0,89.0,75.0,70.0,26.4143,26.1821,217.18K,493.00K,724.0,500.7,96.34B,No,646.64,610.5,589.37,622.08,611.59,500
974,IIFL.NS,607.65,605.15,2214.76K,Finance,Finance/Rental/Leasing,72.0,42.0,74.0,68.0,30.4179,28.7179,2526.67K,3502.91K,705.0,409.1,258.43B,No,642.55,603.17,537.68,611.39,522.9,501
975,DHOOTIN.BO,270.45,272.0,0.76K,Distribution Services,Wholesale Distributors,72.0,51.0,75.0,76.0,13.4571,13.4107,3.76K,2.10K,322.15,132.2,1.71B,No,284.12,259.7,220.31,260.56,218.8,497
976,PVRINOX.NS,1221.3,1169.2,745.99K,Consumer Services,Movies/Entertainment,72.0,63.0,84.0,60.0,50.55,47.2571,462.09K,856.60K,1284.5,907.4,119.93B,No,1213.78,1130.0,1037.37,1141.2,1039.1,500
977,UGARSUGAR.NS,49.92,50.49,294.15K,Process Industries,Agricultural Commodities/Milling,72.0,83.0,81.0,71.0,4.2764,4.2386,516.59K,759.40K,62.1,33.75,5.62B,No,53.56,46.4,41.61,46.75,42.19,501
978,APLAPOLLO.NS,2194.8,2168.0,292.11K,Non-Energy Minerals,Steel,72.0,79.0,77.0,41.0,59.5357,58.3643,659.45K,885.19K,2301.4,1653.3,609.40B,No,2170.85,1990.04,1955.92,2017.63,1975.55,501
979,RITCO.NS,305.35,317.45,50.25K,Transportation,Trucking,72.0,58.0,78.0,84.0,12.3107,11.3393,141.94K,121.17K,331.15,167.1,8.69B,No,308.81,293.81,254.88,294.94,251.8,498
980,SASKEN.NS,1777.6,1857.1,32.98K,Technology Services,Information Technology Services,72.0,13.0,11.0,84.0,76.1,76.1,38.07K,16.60K,2780.2,991.0,27.00B,No,1899.85,1919.45,1591.09,1897.58,1682.75,499
981,VMART.NS,817.8,821.2,60.37K,Retail Trade,Specialty Stores,72.0,56.0,71.0,84.0,28.5107,28.5107,154.94K,81.09K,888.0,457.9,65.08B,No,828.52,795.66,687.29,793.51,682.94,499
982,UDAYJEW.NS,175.12,174.55,90.40K,Consumer Durables,Other Consumer Specialties,72.0,,,,11.3271,10.7686,82.69K,133.79K,180.89,115.04,,No,,,,,,18
983,GSPCROP.NS,471.75,491.35,252.36K,Process Industries,Chemicals: Agricultural,72.0,2.0,57.0,,37.7107,37.7107,396.38K,584.00K,667.95,328.0,21.95B,No,596.7,548.3,,552.17,,119
984,APEX.NS,374.7,380.55,50.53K,Consumer Non-Durables,Food: Meat/Fish/Dairy,72.0,51.0,25.0,47.0,11.9857,11.8464,320.23K,144.95K,514.5,219.86,11.71B,No,387.95,388.26,377.12,387.71,407.76,500
985,AARNAV.NS,31.31,31.9,5.59K,Finance,Investment Banks/Brokers,72.0,30.0,81.0,67.0,1.8314,1.8157,100.03K,12.08K,37.4,21.0,,No,32.76,30.52,,30.64,,134
986,MONARCH.NS,370.95,370.95,130.22K,Finance,Investment Banks/Brokers,72.0,49.0,65.0,77.0,14.475,14.0821,228.30K,124.98K,406.95,235.45,29.42B,No,380.94,374.29,319.22,376.13,326.21,499
987,CHEMKART.BO,171.55,178.0,7.20K,Health Technology,Pharmaceuticals: Other,72.0,15.0,87.0,87.0,5.0,3.9821,8.15K,3.06K,231.0,87.0,2.08B,No,184.29,187.74,143.99,188.1,146.7,290
988,JSWINFRA.NS,342.45,341.4,2841.68K,Industrial Services,Engineering & Construction,72.0,49.0,74.0,69.0,8.325,8.2429,4100.10K,2331.04K,355.8,233.42,792.83B,No,336.47,333.46,287.27,333.63,294.46,501
989,VIPULORG.BO,271.05,270.3,3.16K,Process Industries,Industrial Specialties,72.0,81.0,33.0,77.0,13.7786,13.7393,11.13K,17.48K,309.0,156.8,5.16B,No,261.45,253.82,222.24,255.74,224.0,497
990,INDOBELL.BO,73.15,75.26,10.50K,Non-Energy Minerals,Construction Materials,72.0,57.0,92.0,58.0,3.9993,2.775,14.82K,22.57K,118.95,44.75,460.84M,No,75.86,71.86,64.74,73.23,65.89,413
991,UNIVSTAR.BO,194.3,190.1,0.29K,Consumer Non-Durables,Food: Specialty/Candy,72.0,61.0,32.0,78.0,7.3643,7.1786,0.99K,1.40K,219.9,109.6,816.06M,No,191.53,195.79,159.05,196.4,170.71,498
992,REPONO.BO,78.98,78.0,3.60K,Transportation,Other Transportation,72.0,24.0,81.0,76.0,3.2707,3.1321,51.66K,18.84K,107.0,43.06,811.85M,No,82.16,81.36,69.11,80.43,69.59,275
993,SGRL.NS,631.65,665.9,42.09K,Health Technology,Pharmaceuticals: Major,72.0,,,,43.5643,39.7536,25.75K,39.72K,722.0,490.0,8.11B,No,,,,,,18
994,ADVAIT.NS,2057.6,2091.7,39.92K,Producer Manufacturing,Electrical Products,72.0,42.0,19.0,71.0,88.4357,85.7143,55.56K,54.44K,2485.0,1351.0,22.50B,No,2119.21,2173.46,,2163.98,2018.62,162
995,VINCOFE.NS,176.93,178.4,3362.42K,Distribution Services,Wholesale Distributors,72.0,89.0,66.0,74.0,8.6743,8.6286,3215.98K,4582.60K,189.4,120.24,25.78B,No,167.21,160.17,150.07,160.96,146.74,474
996,EIGHTY.BO,42.0,42.45,9.00K,Consumer Durables,Other Consumer Specialties,72.0,80.0,40.0,77.0,1.5193,0.175,3.89K,3.30K,49.9,22.2,428.37M,No,37.91,40.68,34.81,40.25,35.31,499
997,MKPMOB.BO,146.85,149.25,0.19K,Finance,Financial Conglomerates,72.0,46.0,76.0,76.0,10.8,9.8143,0.14K,0.42K,162.75,97.0,500.91M,No,146.76,143.48,124.91,145.3,123.11,498
998,PUNJCOMMU.BO,62.08,61.93,2.41K,Electronic Technology,Telecommunications Equipment,72.0,94.0,81.0,55.0,4.2979,4.1671,2.70K,6.72K,74.01,40.1,746.42M,No,56.09,51.66,54.06,52.8,51.39,497
999,AMPL.BO,35.46,29.81,739.90K,Finance,Investment Managers,72.0,87.0,79.0,62.0,1.7464,1.6057,256.59K,128.23K,39.4,24.36,2.18B,No,29.7,31.48,30.08,31.55,30.18,497
1000,ACCORDTS.BO,65.6,70.03,111.00K,Producer Manufacturing,Electrical Products,72.0,72.0,65.0,73.0,2.9236,2.81,90.66K,62.10K,80.01,45.0,1.35B,No,63.4,60.31,,60.32,,133
1001,HNDFDS.NS,619.95,615.25,33.28K,Consumer Non-Durables,Food: Specialty/Candy,72.0,74.0,71.0,70.0,19.9893,19.6321,101.33K,113.34K,677.75,442.0,75.11B,No,628.69,592.27,530.3,596.17,539.42,499
1002,ORIENTCER.NS,46.68,47.3,140.30K,Non-Energy Minerals,Aluminum,72.0,77.0,78.0,67.0,2.5279,2.4957,84.56K,128.03K,56.64,34.0,5.58B,No,44.6,42.61,41.61,43.4,40.86,498
1003,METSL.BO,163.6,164.6,7.95K,Electronic Technology,Semiconductors,72.0,82.0,75.0,56.0,7.85,7.85,6.98K,6.45K,169.0,106.5,901.47M,No,153.52,149.19,136.23,151.61,142.6,497
1004,FORINTL.BO,80.0,79.5,3.49K,Transportation,Air Freight/Couriers,72.0,62.0,50.0,65.0,3.22,2.675,0.66K,1.52K,92.0,52.0,563.20M,No,78.75,78.59,70.65,79.14,74.56,497
1005,PODDARMENT.NS,299.4,295.85,122.06K,Process Industries,Industrial Specialties,71.0,79.0,70.0,74.0,15.7107,13.9857,10.96K,33.73K,333.4,201.1,3.18B,No,260.95,254.56,249.77,256.67,247.32,498
1006,AVAX.BO,33.3,35.05,8.00K,Distribution Services,Wholesale Distributors,71.0,0.0,1.0,21.0,2.6036,2.0571,5.91K,9.00K,55.4,14.44,276.83M,No,43.0,47.34,41.32,46.25,45.85,414
1007,GAMCO.BO,48.51,48.51,33.39K,Finance,Investment Banks/Brokers,71.0,54.0,64.0,76.0,2.0136,1.9914,64.04K,36.84K,56.49,32.65,2.62B,No,49.15,49.51,42.7,49.35,43.89,498
1008,SICALLOG.NS,98.47,100.56,19.23K,Transportation,Other Transportation,71.0,10.0,75.0,80.0,6.0636,5.1957,67.04K,38.34K,122.5,60.11,7.86B,No,105.38,101.88,84.08,103.22,81.93,498
1009,RAMCOSYS.NS,610.6,596.7,71.03K,Technology Services,Information Technology Services,71.0,26.0,62.0,81.0,21.1893,20.0429,1976.46K,115.34K,967.5,342.1,22.96B,No,578.69,669.85,538.86,646.4,532.47,500
1010,STARHEALTH.NS,576.25,571.95,426.86K,Finance,Life/Health Insurance,71.0,48.0,62.0,67.0,13.75,13.7,618.11K,320.21K,624.9,416.55,339.07B,No,575.1,583.2,510.25,580.86,529.88,500
1011,INDCTST.BO,62.01,63.79,0.20K,Producer Manufacturing,Trucks/Construction/Farm Machinery,71.0,48.0,69.0,56.0,4.8364,4.5357,1.14K,0.68K,76.16,43.55,249.11M,No,63.91,57.94,52.8,58.39,54.31,497
1012,MOTILALOFS.NS,1015.0,1025.0,338.31K,Technology Services,Internet Software/Services,71.0,83.0,71.0,78.0,28.1786,27.1786,1201.63K,788.54K,1097.1,614.9,611.18B,No,1004.65,950.4,851.27,952.44,855.75,501
1013,TI.NS,535.75,530.9,370.70K,Consumer Non-Durables,Beverages: Alcoholic,71.0,64.0,79.0,62.0,20.0071,19.7679,794.22K,517.62K,594.55,381.55,132.81B,No,560.12,501.28,457.68,506.88,464.44,500
1014,MEDANTA.NS,1459.6,1480.4,337.55K,Health Services,Hospital/Nursing Management,71.0,59.0,73.0,72.0,50.8572,47.2357,271.21K,398.06K,1544.0,956.0,392.22B,No,1440.71,1403.05,1218.51,1411.99,1240.49,499
1015,SHANTIGOLD.NS,257.29,261.29,1252.11K,Consumer Durables,Other Consumer Specialties,71.0,81.0,71.0,68.0,13.4936,12.6621,1714.17K,2483.05K,280.75,155.0,19.74B,No,255.12,232.61,211.85,235.05,215.55,278
1016,RPPL.NS,21.37,21.8,46.88K,Process Industries,Containers/Packaging,71.0,6.0,74.0,75.0,1.0707,1.0507,143.42K,27.57K,26.97,14.25,1.59B,No,22.97,22.67,18.64,22.81,19.03,499
1017,SMCGLOBAL.NS,85.64,83.93,35902.97K,Finance,Investment Banks/Brokers,71.0,75.0,75.0,62.0,3.0664,2.9136,739.74K,909.59K,95.0,54.44,17.93B,No,80.64,78.75,73.54,79.93,71.38,498
1018,TRANSPEK.NS,1298.4,1358.6,4.55K,Process Industries,Chemicals: Specialty,71.0,84.0,82.0,,68.9143,63.8929,14.94K,5.42K,1475.0,952.3,7.25B,No,1322.03,1193.83,,1219.15,,101
1019,LODHA.NS,1163.4,1166.0,2078.18K,Finance,Real Estate Development,71.0,37.0,85.0,71.0,40.8857,39.7286,2548.59K,1328.24K,1344.95,650.8,1162.50B,No,1227.82,1203.88,1019.12,1216.15,998.69,500
1020,SHAWGELTIN.BO,473.75,469.25,1.56K,Consumer Non-Durables,Food: Specialty/Candy,71.0,9.0,40.0,73.0,12.8393,12.6179,7.42K,4.36K,545.0,327.3,2.87B,No,476.69,492.65,412.88,491.5,435.54,497
1021,CARYSIL.NS,1178.5,1180.3,150.48K,Consumer Durables,Home Furnishings,71.0,50.0,46.0,76.0,37.6429,37.5714,121.69K,86.13K,1280.9,732.1,33.52B,No,1151.27,1165.08,992.58,1159.57,1028.23,501
1022,ACE.NS,1121.2,1127.0,182.01K,Producer Manufacturing,Trucks/Construction/Farm Machinery,71.0,68.0,79.0,69.0,40.45,40.45,514.95K,299.74K,1196.0,745.1,133.45B,No,1134.16,1075.57,943.92,1083.54,957.99,500
1023,BBOX.NS,744.85,763.1,214.94K,Technology Services,Information Technology Services,71.0,39.0,3.0,80.0,27.15,26.4321,412.40K,346.87K,1103.0,443.05,132.28B,No,753.39,794.04,684.4,780.08,741.2,501
1024,SSL.BO,48.4,48.0,8.00K,Commercial Services,Miscellaneous Commercial Services,71.0,79.0,93.0,49.0,1.7071,1.5457,11.75K,15.36K,74.7,29.35,593.87M,No,47.08,39.76,43.29,40.95,39.31,494
1025,COSMOFIRST.NS,880.65,906.75,56.26K,Process Industries,Containers/Packaging,71.0,31.0,77.0,67.0,32.4964,32.225,129.20K,105.11K,996.0,560.8,22.86B,No,930.07,892.25,744.45,893.21,773.84,499
1026,OIL.NS,500.3,498.95,4396.77K,Energy Minerals,Oil Refining/Marketing,71.0,72.0,76.0,42.0,12.5786,12.325,3355.39K,2490.18K,531.0,392.45,813.79B,No,482.6,459.83,456.79,462.64,465.9,501
1027,PARSHWANA.BO,99.45,94.85,0.54K,Consumer Durables,Homebuilding,71.0,95.0,86.0,52.0,5.2036,4.155,0.25K,0.39K,115.55,52.0,311.46M,No,82.8,76.05,88.42,79.39,84.89,496
1028,NITIRAJ.NS,231.16,229.46,3.97K,Electronic Technology,Electronic Equipment/Instruments,71.0,80.0,72.0,49.0,14.1957,13.8364,5.91K,8.51K,241.0,168.0,2.37B,No,208.04,206.72,198.33,210.06,205.24,498
1029,PURETROP.BO,179.3,180.5,30.36K,Distribution Services,Food Distributors,71.0,82.0,72.0,40.0,6.4571,5.7214,5.59K,10.18K,200.0,107.1,1.23B,No,165.59,160.46,166.63,162.35,166.74,497
1030,MANOMAY.NS,234.86,229.73,143.10K,Process Industries,Textiles,71.0,77.0,76.0,45.0,8.47,8.2357,101.40K,235.72K,259.88,160.25,4.24B,No,222.16,206.93,209.17,212.5,207.72,498
1031,SURAKSHA.NS,327.85,335.65,44.85K,Health Services,Medical/Nursing Services,71.0,90.0,79.0,65.0,12.0714,12.0714,154.71K,103.24K,349.0,224.1,17.07B,No,328.03,287.16,278.53,290.91,279.96,440
1032,GROWW.NS,195.84,194.63,16334.56K,Miscellaneous,Investment Trusts,71.0,51.0,42.0,70.0,5.1507,4.8129,37886.30K,48186.87K,227.2,112.0,1212.56B,No,195.03,197.36,181.61,197.43,189.85,210
1033,ABCAPITAL.NS,400.0,400.0,1395.20K,Finance,Multi-Line Insurance,71.0,47.0,73.0,65.0,8.5679,7.9643,3875.14K,2824.33K,430.7,277.7,1095.02B,No,404.07,404.07,362.08,404.05,365.83,500
1034,ABMINTLLTD.NS,52.63,53.7,0.03K,Industrial Services,Engineering & Construction,71.0,55.0,77.0,68.0,2.1179,1.36,2.66K,0.33K,72.8,34.0,495.14M,No,56.73,48.54,44.59,49.03,45.56,499
1035,TORNTPHARM.NS,4930.0,4930.0,190.25K,Health Technology,Pharmaceuticals: Major,71.0,57.0,61.0,52.0,99.2857,93.5714,572.42K,295.67K,5250.0,3480.6,1875.21B,No,4945.8,4943.95,4366.51,4923.93,4535.73,501
1036,SIS.NS,422.95,426.55,439.49K,Commercial Services,Miscellaneous Commercial Services,71.0,40.0,37.0,77.0,9.7964,9.6643,332.26K,388.98K,480.95,257.05,59.31B,No,423.76,429.19,365.96,429.63,378.27,499
1037,CLN.BO,478.65,489.0,1.20K,Producer Manufacturing,Electrical Products,71.0,53.0,78.0,82.0,20.725,18.0643,3.68K,2.48K,603.95,260.0,5.05B,No,540.9,518.89,418.12,514.3,419.83,400
1038,GOELCONS.BO,399.4,419.1,25.20K,Industrial Services,Engineering & Construction,71.0,5.0,39.0,78.0,15.3143,12.7714,8.84K,8.16K,505.5,249.25,5.77B,No,416.56,446.94,355.25,440.24,373.68,251
1039,KJMCCORP.BO,62.3,62.8,0.04K,Finance,Investment Banks/Brokers,71.0,89.0,65.0,74.0,7.1164,6.825,1.40K,0.89K,83.49,41.0,244.62M,No,63.36,57.96,53.97,59.38,54.66,497
1040,NIYOGIN.BO,56.63,54.34,41.90K,Finance,Finance/Rental/Leasing,71.0,70.0,78.0,84.0,4.4871,4.4179,102.41K,105.58K,73.62,30.2,6.30B,No,56.05,48.92,46.82,50.36,45.43,497
1041,JAYAGROGN.NS,258.18,256.9,75.36K,Process Industries,Agricultural Commodities/Milling,71.0,89.0,73.0,77.0,11.8657,11.8479,18.49K,51.89K,265.0,147.26,7.75B,No,229.63,223.57,204.03,227.02,207.91,498
1042,ADANIGREEN.NS,1299.1,1315.0,1163.00K,Utilities,Alternative Power Generation,71.0,44.0,16.0,81.0,39.9786,39.2786,2207.02K,1674.97K,1631.5,765.0,2139.85B,No,1301.69,1389.01,1184.45,1378.04,1260.39,501
1043,SVLL.NS,793.1,790.5,3.15K,Transportation,Air Freight/Couriers,70.0,72.0,65.0,77.0,20.7821,20.7286,13.58K,1.49K,897.45,445.15,9.12B,No,784.3,751.52,658.18,758.26,648.33,498
1044,GLAXO.NS,2840.9,2890.2,38.53K,Health Technology,Pharmaceuticals: Major,70.0,78.0,85.0,55.0,87.2501,84.5286,133.76K,105.96K,3120.7,2088.1,481.27B,No,2926.35,2685.49,2484.9,2715.88,2489.39,500
1045,SOUTHBANK.NS,46.08,46.41,5590.54K,Finance,Major Banks,70.0,53.0,42.0,60.0,1.0986,1.0886,14300.44K,9800.45K,49.9,28.5,120.70B,No,45.86,46.16,42.09,46.03,42.54,501
1046,ANANTRAJ.NS,608.85,613.6,1181.57K,Consumer Durables,Homebuilding,70.0,50.0,70.0,67.0,19.1464,18.4893,2606.38K,4012.35K,743.65,403.0,219.11B,No,617.06,604.63,541.87,610.03,539.77,501
1047,GBLINFRA.BO,98.05,96.14,7.78K,Commercial Services,Miscellaneous Commercial Services,70.0,97.0,97.0,1.0,1.9314,0.2743,0.35K,0.01K,173.0,15.0,138.68M,No,80.5,65.42,96.22,68.85,63.37,498
1048,GUJTHEM.NS,430.1,430.75,1457.77K,Health Technology,Pharmaceuticals: Major,70.0,90.0,66.0,80.0,25.0071,24.2,278.96K,925.94K,479.0,225.05,55.98B,No,404.48,380.34,361.42,380.55,354.62,384
1049,PJL.BO,325.0,325.0,0.75K,Consumer Durables,Other Consumer Specialties,70.0,86.0,64.0,65.0,1.4286,0.0,0.13K,0.13K,325.0,209.0,1.40B,No,314.56,272.27,269.09,284.14,275.31,497
1050,CREATIVE.BO,658.45,658.0,0.08K,Non-Energy Minerals,Steel,70.0,78.0,75.0,61.0,21.05,20.6821,0.20K,0.28K,723.85,481.5,855.99M,No,638.83,596.63,568.14,600.12,573.15,497
1051,KESAR.BO,1170.0,1176.5,12.90K,Finance,Real Estate Development,70.0,23.0,26.0,35.0,52.3107,51.6571,68.05K,192.76K,1341.0,621.5,38.07B,No,1185.98,1227.21,1181.65,1218.14,1207.86,497
1052,TTKHLTCARE.NS,1134.4,1184.0,64.45K,Health Technology,Pharmaceuticals: Major,70.0,69.0,81.0,70.0,59.9,59.7929,32.69K,82.80K,1247.0,735.0,16.03B,No,1123.83,1055.16,966.9,1068.63,945.61,499
1053,MITCON.NS,81.65,82.27,7.79K,Commercial Services,Miscellaneous Commercial Services,70.0,72.0,44.0,82.0,4.2179,4.0507,4.03K,10.46K,91.7,49.56,1.42B,No,78.78,76.88,71.04,76.89,73.36,498
1054,ADFFOODS.NS,274.05,278.2,72.05K,Consumer Non-Durables,Food: Specialty/Candy,70.0,65.0,41.0,78.0,9.775,9.7607,445.52K,113.90K,346.95,153.1,30.11B,No,269.73,284.36,240.46,280.01,254.36,500
1055,HINDOILEXP.NS,187.66,195.83,1266.70K,Energy Minerals,Integrated Oil,70.0,86.0,69.0,53.0,7.8086,7.7243,1379.58K,5037.51K,201.44,117.5,24.82B,No,168.23,162.75,154.92,163.19,155.87,501
1056,UDS.NS,214.07,207.42,328.91K,Commercial Services,Miscellaneous Commercial Services,70.0,63.0,70.0,76.0,9.235,7.9471,405.96K,559.27K,264.67,125.1,14.46B,No,219.74,207.79,177.22,211.07,179.82,499
1057,ACKNIT.BO,337.45,342.0,0.28K,Consumer Non-Durables,Apparel/Footwear,70.0,82.0,71.0,63.0,14.8393,12.8929,0.70K,0.15K,357.0,224.95,1.03B,No,331.66,316.45,284.14,319.66,295.31,497
1058,CORALAB.BO,561.3,580.0,1.26K,Health Technology,Pharmaceuticals: Other,70.0,46.0,66.0,70.0,32.2536,32.2536,1.58K,1.38K,679.0,360.0,2.01B,No,612.12,595.29,492.96,593.87,505.19,497
1059,SIEMENS.NS,3954.4,3949.1001,227.38K,Producer Manufacturing,Electrical Products,70.0,48.0,66.0,63.0,94.2357,92.2142,374.82K,303.25K,4149.4,2826.0,1408.24B,No,3991.9,3825.61,3474.59,3842.56,3623.53,500
1060,GALAXYSURF.NS,2247.4,2288.8999,40.18K,Consumer Non-Durables,Household/Personal Care,70.0,79.0,85.0,60.0,79.8071,79.7142,45.26K,42.27K,2648.0,1510.0,79.68B,No,2294.78,2108.98,1933.4,2142.19,1931.66,498
1061,JAYNECOIND.NS,91.29,91.36,2837.24K,Non-Energy Minerals,Steel,70.0,57.0,47.0,66.0,4.3057,3.8943,5384.09K,8465.84K,117.0,63.0,88.64B,No,95.2,91.61,86.86,91.52,90.19,501
1062,IONEXCHANG.NS,435.45,437.45,480.37K,Producer Manufacturing,Industrial Machinery,70.0,86.0,81.0,68.0,15.5964,15.4821,879.42K,891.89K,486.0,312.7,,No,386.96,404.81,379.37,407.88,385.01,500
1063,FEDDERSHOL.NS,48.42,48.5,4095.16K,Finance,Financial Conglomerates,70.0,,,,1.5971,1.3593,1007.63K,1575.04K,50.32,39.0,9.75B,No,,,,,,18
1064,PRIVISCL.NS,3495.6,3537.8999,104.44K,Process Industries,Chemicals: Major Diversified,70.0,44.0,58.0,63.0,82.7571,82.5643,76.25K,67.15K,3785.3,2299.8,136.55B,No,3448.81,3565.49,3195.35,3547.85,3305.95,499
1065,XPROINDIA.NS,1265.5,1301.4,53.09K,Process Industries,Industrial Specialties,70.0,86.0,57.0,75.0,63.7643,63.7,128.57K,264.88K,1574.8,788.05,29.70B,No,1198.23,1275.21,1098.74,1280.95,1156.01,501
1066,SIMRAN.BO,186.85,184.6,2.31K,Process Industries,Agricultural Commodities/Milling,70.0,87.0,79.0,64.0,10.525,9.9571,5.76K,13.00K,198.0,131.6,898.75M,No,164.62,158.08,163.1,160.35,158.74,497
1067,PANJON.BO,23.54,24.47,3.58K,Health Technology,Pharmaceuticals: Major,70.0,69.0,75.0,32.0,1.66,1.5079,15.17K,22.08K,30.0,16.1,404.05M,No,20.9,19.54,21.09,19.93,21.98,497
1068,FOSECOIND.NS,6194.0,6080.0,10.10K,Process Industries,Chemicals: Major Diversified,70.0,83.0,84.0,63.0,280.2143,272.6071,8.46K,24.86K,6580.0,4300.0,46.92B,No,5905.8,5477.05,5045.63,5579.05,5159.02,499
1069,ELGIRUBCO.NS,59.87,62.82,61.95K,Producer Manufacturing,Miscellaneous Manufacturing,70.0,52.0,73.0,71.0,3.4307,3.42,103.26K,78.98K,73.0,32.72,3.00B,No,59.38,58.79,48.97,59.49,50.77,500
1070,MANAKSIA.NS,70.51,66.21,549.18K,Non-Energy Minerals,Steel,70.0,89.0,78.0,66.0,2.8221,2.6307,33.06K,105.63K,73.4,42.1,4.62B,No,60.11,58.32,59.47,59.28,57.91,499
1071,METROPOLIS.NS,595.65,602.1,291.88K,Health Services,Medical/Nursing Services,70.0,70.0,68.0,73.0,15.025,14.6929,290.42K,320.14K,609.05,412.25,123.57B,No,571.63,570.37,509.38,570.44,519.69,500
1072,J&KBANK.NS,145.77,145.81,1192.08K,Finance,Regional Banks,70.0,23.0,29.0,65.0,3.7443,3.4364,4603.85K,1831.88K,201.75,97.35,160.52B,No,149.28,160.93,130.99,161.34,142.63,500
1073,TEXMOPIPES.NS,56.44,57.59,789.09K,Producer Manufacturing,Miscellaneous Manufacturing,70.0,94.0,82.0,71.0,3.0757,3.0029,90.78K,380.24K,62.0,33.0,1.65B,No,47.67,45.13,45.67,45.63,44.68,499
1074,TVSMOTOR.NS,4121.5,4151.1001,550.97K,Consumer Durables,Motor Vehicles,70.0,28.0,80.0,53.0,115.3428,115.1285,1163.20K,1141.22K,4484.5,3228.0,1958.64B,No,4288.38,4098.62,3725.16,4112.13,3734.77,501
1075,CHOLAFIN.NS,1859.0,1829.0,2679.97K,Finance,Finance/Rental/Leasing,70.0,42.0,81.0,57.0,43.2786,42.1,1491.27K,1022.06K,1952.5,1299.4,1587.71B,No,1861.21,1834.66,1680.74,1837.14,1668.94,500
1076,WELSPLSOL.NS,56.42,56.95,450.07K,Non-Energy Minerals,Steel,70.0,,,,3.0393,3.0393,1693.27K,1456.50K,61.99,46.78,,No,,,,,,18
1077,VGIL.BO,142.0,141.55,0.18K,Finance,Real Estate Development,70.0,71.0,37.0,86.0,2.9429,2.8429,3.61K,3.63K,155.0,71.81,2.42B,No,136.71,137.0,122.26,136.87,122.66,497
1078,CTCL.BO,243.0,255.0,1.50K,Producer Manufacturing,Metal Fabrication,70.0,27.0,55.0,76.0,4.0714,0.0,0.60K,0.38K,298.95,140.0,5.64B,No,272.62,250.45,205.06,252.24,214.58,499
1079,SMARTWORKS.NS,535.55,547.95,112.07K,Finance,Real Estate Development,70.0,79.0,77.0,76.0,17.0571,16.4536,130.31K,56.74K,619.0,361.5,61.26B,No,528.9,497.22,457.67,498.88,452.8,288
1080,JASH.NS,521.45,518.75,189.54K,Producer Manufacturing,Industrial Machinery,69.0,61.0,72.0,73.0,17.6,15.1143,198.53K,162.25K,572.85,327.1,32.80B,No,483.59,498.49,437.41,500.46,444.48,498
1081,BRAWN.BO,23.3,23.29,1.04K,Health Technology,Pharmaceuticals: Major,69.0,80.0,76.0,58.0,0.675,0.4393,0.65K,0.40K,24.37,17.71,69.91M,No,22.52,21.77,20.94,21.81,21.11,497
1082,ELGIEQUIP.NS,621.6,618.85,574.12K,Producer Manufacturing,Industrial Machinery,69.0,76.0,52.0,62.0,18.7857,18.6536,505.66K,536.59K,653.4,408.25,195.95B,No,621.55,597.53,536.52,602.98,563.56,500
1083,ORIENTLTD.NS,81.73,81.86,6.75K,Process Industries,Containers/Packaging,69.0,69.0,88.0,64.0,3.46,3.4043,17.95K,2.33K,102.3,53.72,817.30M,No,80.75,77.72,69.67,78.8,68.7,499
1084,JSFB.NS,514.75,533.95,348.58K,Finance,Regional Banks,69.0,29.0,60.0,80.0,19.1036,18.8393,950.24K,481.18K,606.95,330.0,54.44B,No,549.49,534.43,448.54,537.94,461.68,501
1085,TGIF.BO,109.0,100.1,3.60K,Process Industries,Agricultural Commodities/Milling,69.0,76.0,71.0,62.0,5.3371,4.8857,3.00K,4.08K,111.0,66.5,282.05M,No,101.97,101.76,91.87,101.95,94.71,498
1086,AGI.NS,778.05,796.15,203.40K,Process Industries,Containers/Packaging,69.0,77.0,79.0,83.0,33.5464,33.1714,172.93K,226.83K,939.0,465.0,50.34B,No,743.91,718.1,651.32,724.71,631.15,499
1087,MAGADSUGAR.NS,554.65,562.2,15.17K,Process Industries,Agricultural Commodities/Milling,69.0,71.0,77.0,64.0,28.8786,28.0214,44.89K,43.76K,634.95,417.0,7.82B,No,572.1,532.51,486.48,534.97,493.27,499
1088,AARTIPHARM.NS,825.75,829.65,285.34K,Health Technology,Pharmaceuticals: Major,69.0,25.0,84.0,61.0,33.2822,32.925,614.64K,465.43K,946.1,585.0,74.88B,No,846.88,764.58,721.9,763.74,710.42,500
1089,MATRIMONY.NS,510.6,515.75,7.12K,Technology Services,Internet Software/Services,69.0,33.0,83.0,67.0,17.05,16.5179,50.26K,12.08K,573.0,364.05,10.56B,No,527.24,476.87,466.02,484.06,440.41,499
1090,SKFINDUS.NS,2935.4,2971.7,42.28K,Producer Manufacturing,Auto Parts: Oem,69.0,75.0,79.0,68.0,117.15,117.15,49.61K,58.75K,3131.0,1994.1,145.12B,No,2874.79,2799.65,,2800.04,2495.65,190
1091,KIRIINDUS.NS,523.1,550.75,1186.41K,Process Industries,Chemicals: Specialty,69.0,89.0,84.0,73.0,37.925,36.5,815.99K,2482.26K,779.0,333.8,34.09B,No,502.32,445.06,452.81,449.79,417.21,501
1092,HAL.NS,4950.0,5000.5,688.33K,Electronic Technology,Aerospace & Defense,69.0,57.0,73.0,65.0,107.2429,95.4428,891.09K,916.22K,5149.9,3479.1,3310.44B,No,4928.6,4726.38,4384.01,4783.44,4382.67,500
1093,MAHLOG.NS,400.1,401.75,75.75K,Transportation,Air Freight/Couriers,69.0,45.0,75.0,39.0,10.8464,10.8464,294.49K,116.13K,450.0,275.05,39.72B,No,400.45,400.43,369.35,400.8,384.93,500
1094,TEXINFRA.NS,114.21,115.23,277.01K,Utilities,Electric Utilities,69.0,60.0,70.0,68.0,3.8007,3.5893,178.40K,319.31K,121.8,82.5,14.55B,No,111.56,112.8,102.24,112.46,102.84,499
1095,NORTHARC.NS,309.15,308.35,1348.62K,Finance,Finance/Rental/Leasing,69.0,77.0,60.0,71.0,12.3036,11.2357,1361.46K,4708.13K,334.0,206.0,49.97B,No,295.4,296.8,270.11,295.63,273.17,491
1096,AUTOIND.NS,84.25,86.11,80.11K,Producer Manufacturing,Auto Parts: Oem,69.0,11.0,73.0,62.0,5.0836,5.0836,160.28K,375.40K,104.0,48.35,3.82B,No,89.57,90.31,77.59,91.04,78.22,499
1097,PLASTIBLEN.NS,194.15,189.3,42.72K,Process Industries,Chemicals: Major Diversified,69.0,38.0,67.0,77.0,6.7064,6.6264,83.27K,25.75K,216.29,121.01,5.05B,No,189.86,190.54,166.48,191.64,168.25,501
1098,BBTCL.NS,235.33,228.05,3.14K,Process Industries,Containers/Packaging,69.0,69.0,51.0,76.0,9.9171,9.7586,12.49K,6.31K,262.0,156.0,4.83B,No,234.39,225.39,201.45,230.63,205.83,498
1099,ARCHIDPLY.NS,100.5,102.54,30.28K,Producer Manufacturing,Building Products,69.0,76.0,78.0,68.0,7.1043,6.9593,34.03K,31.07K,124.78,60.0,2.01B,No,102.29,90.47,84.88,91.69,82.84,499
1100,SAGARSOFT.BO,98.19,93.66,0.59K,Technology Services,Packaged Software,69.0,68.0,94.0,68.0,4.8229,4.6871,2.07K,0.96K,149.75,56.2,627.65M,No,96.22,85.5,85.72,87.84,79.53,497
1101,INDUSINDBK.NS,993.3,1004.0,972.48K,Finance,Major Banks,69.0,44.0,61.0,52.0,21.1071,19.5929,1960.10K,1485.84K,1077.85,710.6,773.92B,No,1005.22,1011.79,918.37,1009.57,929.13,501
1102,LYKALABS.NS,84.2,83.14,48.87K,Health Technology,Pharmaceuticals: Other,69.0,91.0,76.0,76.0,2.1057,1.4286,26.20K,18.36K,101.9,44.1,3.04B,No,74.43,70.02,67.68,70.89,64.24,498
1103,LMW.NS,17614.0,18032.0,7.77K,Producer Manufacturing,Industrial Machinery,69.0,60.0,65.0,61.0,602.5,599.4286,5.50K,6.09K,20151.0,11920.0,188.17B,No,19074.25,17364.62,15474.53,17479.9,15608.87,498
1104,GNFC.NS,570.75,574.6,432.04K,Process Industries,Chemicals: Specialty,69.0,66.0,69.0,75.0,15.1929,14.125,576.18K,743.23K,619.0,365.0,83.87B,No,586.18,545.11,495.11,545.33,498.32,501
1105,CANHLIFE.NS,152.36,149.49,463.05K,Finance,Life/Health Insurance,69.0,65.0,65.0,41.0,5.6343,5.625,1944.82K,1750.31K,166.69,106.0,144.36B,No,153.1,149.98,143.28,150.75,144.79,226
1106,SUPRAPFSL.BO,34.31,33.93,24.97K,Commercial Services,Miscellaneous Commercial Services,69.0,63.0,55.0,70.0,1.1143,1.1143,52.10K,53.75K,41.0,22.41,1.69B,No,33.6,33.57,29.41,33.85,29.66,497
1107,GANGAPA.BO,85.98,90.5,1.73K,Process Industries,Pulp & Paper,69.0,9.0,85.0,53.0,1.1793,0.6086,0.10K,0.18K,104.9,61.93,927.63M,No,96.73,92.22,81.37,94.05,80.27,498
1108,COSMOFE.BO,194.05,204.0,1.78K,Producer Manufacturing,Metal Fabrication,69.0,13.0,28.0,90.0,11.1429,11.0643,3.48K,2.82K,269.95,89.95,2.33B,No,206.15,211.5,165.08,208.94,168.74,497
1109,SPLPETRO.NS,828.15,813.55,413.43K,Process Industries,Industrial Specialties,69.0,89.0,78.0,66.0,26.5429,25.6036,215.81K,546.41K,979.0,462.3,155.73B,No,730.19,723.96,684.24,730.8,722.12,500
1110,KPIL.NS,1432.0,1408.5,138.40K,Industrial Services,Engineering & Construction,69.0,72.0,67.0,67.0,32.7,32.5714,278.33K,154.34K,1479.6,1007.1,244.55B,No,1395.88,1350.97,1235.24,1355.03,1272.78,499
1111,BECTORFOOD.NS,245.44,242.05,1400.07K,Consumer Non-Durables,Food: Specialty/Candy,69.0,61.0,87.0,67.0,9.7136,9.5729,5626.98K,1404.76K,285.04,165.0,75.28B,No,242.58,216.64,210.13,219.5,198.78,500
1112,GOKULAGRO.NS,226.4,230.56,248.04K,Process Industries,Agricultural Commodities/Milling,69.0,55.0,36.0,75.0,8.1171,8.1171,557.75K,407.36K,259.8,151.0,66.81B,No,238.36,225.87,203.53,226.96,213.52,500
1113,AVL.NS,603.55,623.1,579.07K,Retail Trade,Electronics/Appliance Stores,69.0,45.0,68.0,69.0,18.7893,18.6821,266.10K,260.10K,705.0,436.55,77.94B,No,602.14,619.08,541.06,615.8,555.67,459
1114,SKPMIL.BO,90.0,90.0,0.03K,Process Industries,Pulp & Paper,69.0,6.0,2.0,10.0,2.4593,1.6664,0.34K,0.05K,149.3,36.29,1.22B,No,96.48,100.49,108.15,100.62,108.0,497
1115,AXISCADES.NS,1869.7,1875.7,144.73K,Commercial Services,Miscellaneous Commercial Services,69.0,89.0,40.0,68.0,73.2357,67.3,203.14K,217.37K,2211.0,1063.3,79.52B,No,1649.1,1606.32,1583.59,1616.96,1699.37,500
1116,PREMEXPLN.NS,667.05,666.6,239.77K,Process Industries,Chemicals: Specialty,69.0,62.0,45.0,72.0,11.2,11.0107,671.34K,263.37K,829.8,378.4,35.88B,No,665.6,672.31,574.14,662.99,598.09,500
1117,M&MFIN.NS,359.25,363.75,2597.28K,Finance,Finance/Rental/Leasing,68.0,16.0,80.0,38.0,9.7893,9.6071,4468.74K,1840.64K,415.0,267.0,499.22B,No,377.5,369.5,344.48,369.7,334.72,501
1118,BRIGADE.NS,651.15,662.9,181.77K,Finance,Real Estate Development,68.0,75.0,85.0,71.0,31.625,30.9929,872.78K,1027.90K,802.01,450.75,212.38B,No,641.8,591.22,573.5,604.92,552.67,500
1119,IDFCFIRSTB.NS,86.84,86.0,14635.28K,Finance,Regional Banks,68.0,58.0,70.0,69.0,1.6686,1.6136,21068.78K,17684.15K,88.76,58.08,748.71B,No,85.59,83.8,77.36,84.04,75.1,501
1120,INGERRAND.NS,4604.8,4693.5,20.06K,Producer Manufacturing,Trucks/Construction/Farm Machinery,68.0,74.0,66.0,60.0,138.75,138.6714,26.38K,38.04K,4955.0,3063.3,145.36B,No,4703.28,4519.28,4018.07,4561.45,4261.29,501
1121,NARMADESH.BO,348.95,333.0,0.24K,Producer Manufacturing,Metal Fabrication,68.0,88.0,55.0,93.0,3.525,0.0464,4.40K,0.10K,446.75,150.0,1.08B,No,320.38,311.88,,314.43,275.97,158
1122,AUBANK.NS,1054.7,1060.5,1126.43K,Finance,Regional Banks,68.0,48.0,60.0,50.0,21.4214,21.3286,1799.02K,988.40K,1144.1,698.3,790.41B,No,1084.62,1060.68,1000.77,1060.75,1008.81,500
1123,DAPS.BO,24.49,24.49,20.00K,Commercial Services,Advertising/Marketing Services,68.0,52.0,52.0,77.0,0.3707,0.3329,1.25K,2.00K,26.5,12.01,126.73M,No,24.55,24.17,21.32,24.35,21.71,497
1124,SUPERBAK.BO,36.1,38.0,0.24K,Process Industries,Agricultural Commodities/Milling,68.0,89.0,68.0,51.0,1.2671,0.5736,0.23K,0.22K,43.11,28.4,109.08M,No,34.67,32.42,32.32,32.7,32.59,498
1125,NANTA.BO,357.35,340.35,94.80K,Distribution Services,Wholesale Distributors,68.0,52.0,13.0,68.0,19.8393,14.7571,17.01K,44.40K,651.4,234.0,1.83B,No,328.64,413.19,,401.73,389.5,174
1126,DICIND.NS,601.25,617.6,2.39K,Process Industries,Industrial Specialties,68.0,87.0,77.0,57.0,29.3357,28.6,9.59K,9.62K,638.95,450.5,5.52B,No,591.41,545.08,522.1,557.68,531.37,498
1127,REMAGNET.BO,3733.25,3721.2,0.79K,Non-Energy Minerals,Precious Metals,68.0,92.0,32.0,23.0,182.9322,179.5536,4.76K,6.97K,5900.0,1824.05,48.43B,No,3777.15,3753.5,4216.17,3723.48,4140.59,497
1128,ABSLAMC.NS,1088.5,1066.5,371.85K,Technology Services,Internet Software/Services,68.0,73.0,45.0,61.0,33.1357,31.6643,328.07K,227.82K,1224.9,708.0,314.97B,No,1030.44,1055.95,959.63,1056.96,1032.69,500
1129,HMT.NS,63.91,66.24,17.58K,Producer Manufacturing,Industrial Machinery,68.0,73.0,73.0,23.0,3.45,3.3279,18.92K,27.52K,72.95,41.0,76.95B,No,63.34,62.78,56.62,62.28,61.08,498
1130,CARBORUNIV.NS,1090.2,1094.1,210.27K,Process Industries,Industrial Specialties,68.0,30.0,54.0,74.0,37.8286,37.8286,273.25K,158.49K,1306.9,735.2,207.69B,No,1111.04,1099.2,956.27,1103.51,1006.24,500
1131,EQUITASBNK.NS,72.63,72.7,1259.64K,Finance,Regional Banks,68.0,42.0,45.0,64.0,1.485,1.485,3220.53K,1427.69K,83.9,51.25,83.10B,No,74.39,76.18,68.46,75.93,69.6,500
1132,INDIQUBE.NS,205.56,204.34,29.53K,Finance,Real Estate Development,68.0,82.0,87.0,64.0,7.7464,7.7464,119.32K,81.56K,243.8,131.15,43.58B,No,192.88,182.28,177.41,184.42,169.8,278
1133,OSWALOR.BO,117.45,117.45,0.00K,Process Industries,Agricultural Commodities/Milling,68.0,44.0,32.0,21.0,0.1643,0.0,0.00K,0.00K,143.0,66.92,1.52B,No,118.77,119.45,125.88,119.17,122.26,497
1134,CGPOWER.NS,914.55,926.95,1989.18K,Producer Manufacturing,Electrical Products,68.0,64.0,46.0,69.0,22.6429,20.7571,3819.35K,3054.21K,980.9,525.5,1440.83B,No,890.5,889.46,781.47,888.34,835.46,501
1135,RISHYRN.BO,61.8,70.99,0.06K,Finance,Financial Conglomerates,68.0,76.0,20.0,52.0,2.1971,0.7114,0.27K,0.03K,82.99,37.01,220.05M,No,64.76,67.96,65.08,67.89,71.73,497
1136,MPCOSEMB.BO,28.72,27.36,5.71K,Technology Services,Information Technology Services,68.0,94.0,74.0,54.0,0.3757,0.1736,1.36K,3.79K,28.72,20.52,102.96M,No,24.87,23.42,24.88,23.86,24.35,499
1137,JDCABLES.BO,200.35,198.65,47.20K,Producer Manufacturing,Electrical Products,68.0,22.0,61.0,58.0,8.1821,8.0786,78.80K,68.80K,254.35,130.0,4.52B,No,208.73,219.26,200.72,216.25,203.75,239
1138,RISHILASE.BO,142.6,141.6,14.11K,Producer Manufacturing,Building Products,68.0,85.0,68.0,78.0,6.3179,6.2679,6.59K,8.36K,149.95,90.0,1.42B,No,129.68,127.67,121.91,128.83,119.39,497
1139,ACSTECH.NS,57.86,59.99,530.65K,Process Industries,Textiles,68.0,,,,2.6914,2.5821,306.25K,278.71K,61.5,48.42,,No,,,,,,18
1140,HARSHA.NS,447.2,453.4,86.97K,Producer Manufacturing,Metal Fabrication,68.0,77.0,66.0,65.0,14.9964,14.9964,189.41K,205.69K,470.95,313.3,40.71B,No,440.12,425.72,393.78,427.1,398.83,499
1141,LUMAXIND.NS,5861.0,6214.0,76.47K,Producer Manufacturing,Auto Parts: Oem,68.0,45.0,68.0,44.0,265.4286,265.4286,17.55K,21.03K,6934.5,4061.0,54.79B,No,6014.85,5650.0,5464.02,5657.55,5471.5,499
1142,WEWORK.NS,676.95,674.7,114.31K,Finance,Real Estate Development,68.0,34.0,58.0,84.0,24.0893,23.6143,399.93K,398.14K,794.5,420.0,94.01B,No,680.24,705.88,598.08,704.78,597.9,229
1143,TRUSTEDGE.BO,140.0,138.45,0.45K,Finance,Finance/Rental/Leasing,68.0,79.0,37.0,24.0,5.3714,5.0536,4.23K,2.04K,178.5,78.0,1.29B,No,136.72,136.58,135.47,135.0,146.27,497
1144,ASHNOOR.BO,48.66,48.65,1.01K,Process Industries,Textiles,68.0,84.0,80.0,57.0,2.8857,2.845,2.25K,5.04K,54.0,34.5,775.27M,No,47.28,42.87,42.05,43.3,41.08,497
1145,HIPOLIN.BO,78.85,83.0,1.38K,Consumer Non-Durables,Household/Personal Care,68.0,1.0,35.0,84.0,5.1607,3.2864,6.12K,4.38K,118.8,44.83,246.90M,No,92.56,94.51,73.7,94.31,78.71,497
1146,ALEMBICLTD.NS,106.5,106.95,819.00K,Health Technology,Pharmaceuticals: Major,68.0,91.0,79.0,65.0,5.4714,5.3964,1112.52K,5013.91K,117.72,70.46,27.35B,No,98.87,92.8,92.11,93.97,89.83,501
1147,KHAZANCHI.BO,761.4,765.85,18.25K,Distribution Services,Wholesale Distributors,68.0,58.0,78.0,41.0,14.7179,14.5393,33.52K,21.88K,812.5,577.0,18.84B,No,781.77,715.43,705.4,730.18,686.92,497
1148,TATATECH.NS,779.05,787.65,739.84K,Technology Services,Packaged Software,68.0,22.0,51.0,74.0,27.0929,26.7464,1530.31K,1148.22K,891.0,507.4,316.33B,No,812.02,780.54,673.45,791.01,683.75,501
1149,TIL.NS,246.24,248.97,34.85K,Producer Manufacturing,Trucks/Construction/Farm Machinery,68.0,76.0,86.0,65.0,9.3864,8.85,1007.26K,99.39K,371.95,161.25,20.30B,No,238.93,231.64,224.73,235.02,211.26,499
1150,STARPAPER.NS,169.84,159.17,131.11K,Process Industries,Pulp & Paper,68.0,79.0,81.0,67.0,7.3714,6.7793,15.00K,25.56K,179.37,119.05,2.67B,No,150.68,147.83,146.03,149.7,141.59,500
1151,PESB.BO,260.5,263.95,12.00K,Finance,Investment Banks/Brokers,68.0,52.0,30.0,58.0,7.8964,7.1607,20.79K,21.28K,333.95,180.5,4.57B,No,257.13,259.33,248.0,260.39,262.73,498
1152,TAMBOLIIN.NS,299.95,285.7,17.33K,Finance,Investment Banks/Brokers,68.0,,,,11.9786,11.8871,14.17K,10.95K,299.95,238.0,,No,,,,,,18
1153,NDLVENTURE.NS,126.46,124.69,14.38K,Consumer Services,Cable/Satellite Tv,68.0,49.0,40.0,54.0,5.7671,5.7007,22.29K,12.45K,140.0,80.0,4.26B,No,122.5,126.23,114.43,126.15,123.8,497
1154,SUPERSHAKT.BO,299.9,299.9,0.90K,Non-Energy Minerals,Steel,67.0,88.0,79.0,76.0,5.2143,3.4929,0.05K,0.09K,353.95,180.05,3.46B,No,265.48,252.94,245.55,260.84,238.69,497
1155,ACCELERATE.BO,121.21,109.95,0.64K,Commercial Services,Miscellaneous Commercial Services,67.0,85.0,64.0,2.0,1.8321,0.0686,0.58K,2.11K,198.95,67.0,416.73M,No,101.05,100.76,122.75,102.48,135.69,496
1156,NAUKRI.NS,1265.0,1267.0,981.80K,Technology Services,Internet Software/Services,67.0,30.0,84.0,68.0,36.2214,33.6214,2231.10K,1364.87K,1433.6,908.3,819.39B,No,1331.93,1260.98,1150.49,1264.03,1082.15,501
1157,JINDRILL.NS,654.2,673.75,776.57K,Industrial Services,Contract Drilling,67.0,80.0,57.0,64.0,26.425,26.4,1146.14K,481.68K,704.4,440.1,18.96B,No,633.17,611.66,556.3,622.53,568.66,500
1158,RATNAMANI.NS,2823.0,2859.2,93.49K,Non-Energy Minerals,Steel,67.0,91.0,63.0,62.0,149.6,148.0857,80.43K,79.75K,3345.0,1936.5,197.87B,No,2570.57,2505.94,2428.12,2509.51,2512.75,499
1159,KPRMILL.NS,1127.3,1140.3,186.14K,Consumer Non-Durables,Apparel/Footwear,67.0,63.0,56.0,74.0,38.7643,36.4429,657.51K,308.60K,1334.0,796.1,386.13B,No,1138.88,1113.75,986.32,1114.38,1009.76,500
1160,NOVATEOR.BO,35.1,32.0,6.00K,Health Technology,Medical Specialties,67.0,72.0,57.0,53.0,0.2821,0.0,0.14K,0.90K,35.1,20.08,212.43M,No,32.75,32.81,30.51,32.99,32.24,495
1161,GOACARBON.NS,440.25,463.5,627.14K,Process Industries,Industrial Specialties,67.0,87.0,71.0,72.0,18.5714,17.3071,34.73K,131.72K,494.9,272.85,4.03B,No,371.42,378.27,377.67,380.68,371.39,499
1162,VRLLOG.NS,288.8,288.35,155.34K,Transportation,Trucking,67.0,31.0,79.0,45.0,7.6,7.5429,367.45K,166.99K,310.2,225.0,50.52B,No,294.74,269.86,261.07,272.08,257.55,499
1163,PARKERAC.BO,19.31,20.32,0.12K,Distribution Services,Wholesale Distributors,67.0,95.0,82.0,56.0,1.125,0.6557,1.10K,1.60K,23.48,12.58,92.28M,No,18.77,16.2,16.7,16.47,15.97,497
1164,KAJARIACER.NS,1243.9,1239.2,70.86K,Producer Manufacturing,Building Products,67.0,51.0,72.0,71.0,32.5,32.2929,278.93K,261.31K,1293.8,869.6,195.47B,No,1230.13,1221.33,1085.37,1219.89,1120.14,501
1165,TECHNICHEM.BO,52.17,49.69,22.00K,Process Industries,Chemicals: Major Diversified,67.0,86.0,90.0,59.0,1.795,1.025,7.22K,8.60K,61.93,34.25,903.65M,No,43.99,45.54,47.76,45.67,46.6,418
1166,MOL.NS,62.55,63.54,607.89K,Process Industries,Chemicals: Specialty,67.0,78.0,86.0,71.0,3.225,3.1929,1965.30K,2164.55K,87.75,36.5,15.91B,No,63.02,56.27,54.53,56.85,51.66,500
1167,ANJANI.BO,28.04,27.9,10.67K,Process Industries,Textiles,67.0,85.0,79.0,62.0,1.3364,1.3179,5.55K,8.94K,33.83,20.25,413.59M,No,25.83,24.33,24.27,24.65,24.6,497
1168,NPRFIN.BO,27.76,30.84,11.77K,Finance,Finance/Rental/Leasing,67.0,94.0,79.0,57.0,1.4836,0.8979,1.25K,5.30K,40.5,18.0,166.27M,No,21.29,21.18,24.25,21.36,22.26,497
1169,SSWRL.BO,25.31,25.17,0.28K,Non-Energy Minerals,Steel,67.0,12.0,78.0,70.0,1.3686,0.9543,6.38K,2.26K,43.16,16.6,83.81M,No,25.88,28.24,23.08,28.61,23.05,497
1170,ITL.NS,368.3,364.1,2.08K,Producer Manufacturing,Industrial Machinery,67.0,,,,19.3893,18.8857,3.27K,2.13K,377.0,311.1,,No,,,,,,18
1171,EBIX.NS,19.63,19.81,20.52K,Distribution Services,Wholesale Distributors,67.0,,,,1.2714,1.1143,87.20K,70.30K,22.83,16.03,,No,,,,,,18
1172,BEML.NS,2029.0,2097.8,403.57K,Producer Manufacturing,Trucks/Construction/Farm Machinery,67.0,73.0,71.0,67.0,69.6143,69.4071,382.91K,611.13K,2275.75,1355.0,168.99B,No,1985.01,1874.17,1769.89,1880.79,1765.78,501
1173,MAJESAUT.NS,372.15,360.5,3.13K,Commercial Services,Miscellaneous Commercial Services,67.0,23.0,66.0,,13.1607,12.9429,11.43K,3.15K,500.0,274.0,3.87B,No,359.83,390.28,,392.59,,101
1174,ALBERTDAVD.NS,850.0,850.55,1.63K,Health Technology,Pharmaceuticals: Major,67.0,75.0,76.0,66.0,28.1893,28.1893,10.18K,7.32K,931.85,579.9,4.85B,No,857.61,769.8,730.78,789.73,732.73,498
1175,MONGIPA.BO,19.5,19.07,4.10K,Finance,Investment Banks/Brokers,67.0,91.0,68.0,64.0,1.6064,1.5829,13.60K,16.66K,23.0,12.0,178.71M,No,18.41,16.9,16.11,17.23,16.18,497
1176,PARADEEP.NS,157.11,157.92,2246.47K,Process Industries,Chemicals: Agricultural,67.0,66.0,82.0,81.0,5.8757,5.5829,7981.26K,4549.15K,201.99,99.7,163.16B,No,154.8,148.04,136.21,149.12,132.16,500
1177,GRASIM.NS,3319.0,3300.0,1056.21K,Non-Energy Minerals,Construction Materials,67.0,54.0,57.0,64.0,63.4786,60.2928,814.43K,1044.22K,3411.1,2502.5,2251.12B,No,3293.35,3222.05,2947.5,3232.42,2995.99,500
1178,GANHOLD.BO,108.0,110.0,0.56K,Finance,Financial Conglomerates,67.0,49.0,45.0,83.0,7.2979,7.0871,1.01K,0.53K,123.65,60.2,96.23M,No,104.42,99.78,94.81,101.57,94.34,499
1179,MCFL.BO,107.35,111.8,4.80K,Process Industries,Agricultural Commodities/Milling,67.0,34.0,61.0,72.0,3.6964,2.325,24.19K,6.36K,129.0,72.12,1.16B,No,117.88,112.25,93.92,111.74,96.32,501
1180,ALPINEHOU.BO,119.9,119.9,0.00K,Consumer Durables,Homebuilding,67.0,7.0,79.0,75.0,4.1107,3.6071,2.53K,0.14K,155.9,74.12,2.08B,No,122.29,121.51,103.35,123.67,101.31,497
1181,NPST.NS,1718.5,1680.5,25.13K,Technology Services,Packaged Software,67.0,82.0,65.0,86.0,82.2072,81.6857,47.51K,48.57K,2199.8,846.6,35.85B,No,1648.2,1601.44,1373.19,1606.29,1369.82,498
1182,CLFL.BO,53.5,55.0,0.00K,Finance,Finance/Rental/Leasing,67.0,39.0,43.0,52.0,3.5136,2.8171,0.65K,0.10K,65.67,31.5,655.39M,No,58.34,57.57,49.07,57.1,51.9,497
1183,GARFIBRES.NS,784.5,814.6,216.49K,Producer Manufacturing,Miscellaneous Manufacturing,67.0,53.0,66.0,68.0,31.0,30.8964,143.37K,37.47K,863.4,579.75,76.61B,No,791.94,770.31,686.7,772.52,690.99,499
1184,ARVEE.NS,195.25,210.29,18.22K,Process Industries,Chemicals: Specialty,67.0,80.0,68.0,65.0,14.3114,13.4071,7.70K,22.87K,290.78,129.11,2.15B,No,173.41,165.09,168.83,164.61,161.85,498
1185,SUPERHOUSE.NS,171.67,180.05,37.44K,Consumer Non-Durables,Apparel/Footwear,67.0,73.0,66.0,56.0,9.4607,9.4507,15.48K,11.29K,201.95,128.55,1.89B,No,170.46,163.67,154.48,166.53,156.23,499
1186,PIXTRANS.NS,1728.3,1746.4,7.96K,Producer Manufacturing,Miscellaneous Manufacturing,67.0,8.0,58.0,61.0,51.7857,49.1357,110.22K,13.71K,2089.0,1252.0,23.55B,No,1817.37,1805.3,1561.75,1784.34,1624.43,498
1187,MAZDA.NS,261.0,271.7,6.14K,Producer Manufacturing,Industrial Machinery,67.0,73.0,71.0,73.0,11.4364,11.3686,35.92K,29.36K,308.0,159.2,5.23B,No,248.25,237.5,217.12,238.41,216.94,500
1188,KRISHNADEF.NS,1070.0,1087.2,65.19K,Electronic Technology,Aerospace & Defense,67.0,20.0,20.0,27.0,39.4214,34.95,149.96K,98.01K,1400.0,665.0,15.98B,No,1045.58,1168.45,1041.77,1150.05,1108.8,499
1189,AAYUSHBULL.BO,1263.4,1261.05,76.75K,Consumer Non-Durables,Apparel/Footwear,67.0,60.0,56.0,56.0,13.4929,13.4357,89.84K,76.75K,1287.0,956.25,19.35B,No,1265.0,1216.13,1147.47,1225.83,1175.85,497
1190,JKPAPER.NS,415.15,408.85,748.09K,Process Industries,Pulp & Paper,67.0,73.0,74.0,66.0,13.8643,13.5179,635.12K,756.04K,444.8,304.85,75.27B,No,396.75,386.31,361.18,389.82,366.23,500
1191,ANUHPHR.NS,91.21,96.74,400.13K,Health Technology,Pharmaceuticals: Major,66.0,88.0,71.0,57.0,4.7593,4.5429,115.64K,435.58K,99.5,67.0,9.14B,No,81.74,80.28,78.49,80.38,78.67,430
1192,JAINEX.BO,156.85,170.7,2.70K,Consumer Durables,Tools & Hardware,66.0,93.0,81.0,76.0,14.1429,14.0143,1.30K,3.12K,210.25,95.55,352.05M,No,144.7,130.1,124.99,133.2,123.65,497
1193,HIKAL.NS,234.78,240.69,772.39K,Health Technology,Pharmaceuticals: Major,66.0,80.0,83.0,72.0,13.6907,13.385,1554.67K,6556.88K,282.7,146.25,28.95B,No,217.72,222.27,207.1,223.43,201.43,500
1194,PGFOILQ.BO,230.4,232.45,4.78K,Process Industries,Containers/Packaging,66.0,74.0,67.0,32.0,10.0143,9.0393,20.08K,11.12K,294.0,165.5,2.72B,No,220.58,204.04,212.89,206.84,211.12,497
1195,MRPL.NS,181.32,184.46,31173.47K,Energy Minerals,Oil Refining/Marketing,66.0,65.0,68.0,25.0,6.5714,6.555,14005.80K,10258.34K,212.31,126.01,317.78B,No,174.54,169.17,166.92,171.57,171.23,501
1196,DYNAMIND.BO,126.95,130.0,1.81K,Process Industries,Industrial Specialties,66.0,89.0,69.0,73.0,7.7821,7.3,2.36K,10.11K,189.9,83.2,384.47M,No,108.89,108.97,109.88,111.12,106.74,497
1197,MANCREDIT.NS,218.58,220.19,155.28K,Finance,Finance/Rental/Leasing,66.0,13.0,42.0,69.0,10.6879,10.3407,376.82K,142.65K,287.27,152.06,4.62B,No,227.88,232.02,190.99,232.19,200.95,499
1198,POLYLINK.BO,23.51,23.46,15.94K,Process Industries,Chemicals: Specialty,66.0,72.0,64.0,65.0,1.5936,1.48,7.99K,6.50K,27.0,14.52,519.84M,No,22.42,22.02,20.26,22.12,20.37,497
1199,TARMAT.NS,60.66,59.71,27.56K,Industrial Services,Engineering & Construction,66.0,73.0,71.0,27.0,4.805,4.6807,52.01K,92.92K,73.9,46.26,1.52B,No,58.2,53.4,53.14,53.97,54.02,499
1200,KAKA.BO,218.0,219.0,3.00K,Producer Manufacturing,Miscellaneous Manufacturing,66.0,31.0,78.0,64.0,7.225,7.15,18.38K,10.90K,268.8,139.0,2.98B,No,228.26,219.81,197.64,220.26,192.04,497
1201,KOTHARIPET.NS,143.21,148.9,80.08K,Process Industries,Chemicals: Specialty,66.0,48.0,77.0,70.0,6.0036,5.9093,127.12K,135.15K,163.0,94.75,8.43B,No,135.76,135.97,126.32,136.29,126.92,498
1202,ADVANCE.NS,119.03,113.85,447.36K,Process Industries,Chemicals: Agricultural,66.0,57.0,77.0,53.0,4.7364,4.7321,369.89K,138.85K,154.0,84.1,7.65B,No,117.7,117.18,114.81,117.76,110.63,232
1203,FIVESTAR.NS,530.65,533.05,155.62K,Finance,Finance/Rental/Leasing,66.0,42.0,79.0,71.0,17.4179,17.05,1045.51K,545.08K,666.0,338.15,156.64B,No,528.46,541.03,490.97,539.33,474.18,499
1204,NATCAPSUQ.NS,190.74,194.26,7.49K,Health Technology,Pharmaceuticals: Other,66.0,89.0,79.0,67.0,16.0693,15.31,27.60K,57.08K,296.0,136.36,1.99B,No,184.47,162.79,163.44,164.84,158.64,389
1205,EPL.NS,245.25,246.7,1239.52K,Process Industries,Containers/Packaging,66.0,57.0,63.0,66.0,10.8614,9.7714,3822.44K,18050.61K,274.03,176.4,78.56B,No,251.07,241.45,220.86,241.18,225.65,500
1206,MANAPPURAM.NS,330.8,320.0,6951.46K,Finance,Finance/Rental/Leasing,66.0,27.0,62.0,68.0,11.0893,10.2286,5225.63K,4793.42K,381.55,245.15,310.73B,No,344.29,347.39,307.7,348.42,311.13,501
1207,PANORAMA.NS,52.92,47.56,1538.58K,Retail Trade,Specialty Stores,66.0,,,,3.9979,3.9464,357.99K,382.51K,56.2,40.0,,No,,,,,,18
1208,SUTLEJTEX.NS,39.64,39.95,26.59K,Process Industries,Textiles,66.0,67.0,65.0,74.0,1.7443,1.7429,39.62K,34.53K,42.93,24.0,6.58B,No,38.93,38.47,34.44,38.74,35.77,500
1209,EASTBUILD.BO,61.25,61.25,0.00K,Consumer Durables,Homebuilding,66.0,93.0,37.0,78.0,0.5586,0.1757,0.09K,0.00K,71.25,38.36,114.95M,No,59.01,56.0,56.34,55.57,56.0,495
1210,GFLLIMITED.NS,58.44,57.35,107.70K,Consumer Services,Movies/Entertainment,66.0,91.0,80.0,74.0,3.0736,3.05,91.11K,177.82K,81.0,37.25,6.42B,No,55.64,50.3,49.69,51.58,47.62,498
1211,TBOTEK.NS,1671.6,1721.1,100.20K,Technology Services,Internet Software/Services,66.0,69.0,80.0,75.0,54.6072,53.9786,282.12K,151.66K,1764.8,1004.2,178.50B,No,1699.95,1594.68,1429.3,1590.8,1365.56,501
1212,AARTECH.NS,52.07,52.5,43.42K,Commercial Services,Miscellaneous Commercial Services,66.0,74.0,81.0,66.0,2.2114,2.2114,132.27K,53.46K,64.75,33.51,1.65B,No,49.66,48.75,46.98,48.66,45.92,498
1213,KRBL.NS,423.25,434.45,472.64K,Process Industries,Agricultural Commodities/Milling,66.0,84.0,77.0,73.0,17.3036,16.3357,634.35K,593.60K,452.8,274.65,96.88B,No,416.88,384.35,364.2,388.14,359.5,499
1214,GEECEE.NS,370.05,363.95,2.13K,Finance,Real Estate Development,66.0,37.0,67.0,73.0,10.275,10.275,4.49K,2.53K,390.0,215.85,7.74B,No,368.45,357.83,322.39,358.54,319.78,499
1215,CARGOSOL.BO,24.61,24.61,4.00K,Transportation,Air Freight/Couriers,66.0,30.0,87.0,32.0,0.0921,0.0,2.56K,2.56K,27.9,15.3,251.02M,No,25.32,25.1,23.5,25.64,22.04,497
1216,ADANIPORTS.NS,1768.0,1775.0,2776.87K,Transportation,Other Transportation,66.0,72.0,37.0,62.0,41.7,38.7714,2227.19K,3361.63K,1891.1,1292.0,4073.40B,No,1693.86,1741.41,1611.97,1740.66,1664.71,500
1217,UNIONBANK.NS,179.2,183.89,8543.47K,Finance,Major Banks,66.0,36.0,57.0,34.0,4.6414,4.4029,13949.06K,8319.50K,205.49,132.5,1367.94B,No,185.72,177.32,172.81,178.16,176.46,501
1218,DUROPACK.BO,69.59,70.13,0.64K,Process Industries,Industrial Specialties,66.0,84.0,71.0,71.0,7.5693,7.1207,0.70K,1.43K,84.9,40.05,366.89M,No,65.99,61.13,57.84,62.43,55.31,496
1219,ZENTEC.NS,1749.9,1762.3,238.87K,Technology Services,Information Technology Services,66.0,37.0,45.0,65.0,57.4643,56.9643,618.31K,354.06K,2043.7,1223.0,157.39B,No,1847.09,1794.55,1565.43,1791.9,1653.17,500
1220,VERANDA.NS,230.51,233.79,90.89K,Commercial Services,Miscellaneous Commercial Services,66.0,23.0,53.0,77.0,9.1743,9.1171,581.86K,278.29K,272.5,130.02,22.25B,No,242.82,242.25,207.68,243.25,210.28,500
1221,IKS.NS,1783.7,1792.1,76.06K,Commercial Services,Miscellaneous Commercial Services,66.0,54.0,59.0,73.0,51.0714,51.0714,196.21K,148.04K,1933.0,1262.0,299.23B,No,1780.58,1813.05,1646.85,1810.34,1634.11,431
1222,GESHIP.NS,1400.2,1393.4,1103.99K,Transportation,Marine Shipping,66.0,78.0,48.0,41.0,35.6429,33.7714,817.17K,938.80K,1798.0,971.1,199.01B,No,1333.15,1363.21,1342.8,1360.17,1420.1,501
1223,GLENMARK.NS,2415.0,2435.0,262.10K,Health Technology,Pharmaceuticals: Major,66.0,71.0,66.0,54.0,61.9928,61.6642,540.07K,539.53K,2537.6,1792.6,681.57B,No,2406.83,2312.58,2174.31,2322.69,2246.94,501
1224,INDGN.NS,577.35,586.35,258.29K,Health Technology,Pharmaceuticals: Major,66.0,61.0,69.0,66.0,16.3786,16.3143,508.72K,1012.94K,615.5,414.0,139.03B,No,580.13,544.48,511.39,546.38,511.21,501
1225,SAIPARENT.NS,522.55,526.15,61.34K,Health Technology,Pharmaceuticals: Major,66.0,30.0,25.0,,18.8357,18.7179,212.09K,78.39K,706.0,400.0,23.09B,No,529.35,550.68,,545.29,,113
1226,GPTHEALTH.NS,161.29,162.63,145.90K,Health Services,Hospital/Nursing Management,66.0,63.0,63.0,71.0,4.2493,4.2207,161.28K,103.70K,175.0,115.0,13.23B,No,154.35,157.02,141.29,157.82,143.79,499
1227,SIMPLEXCAS.BO,106.1,104.05,1478.10K,Producer Manufacturing,Metal Fabrication,66.0,67.0,63.0,59.0,7.5607,7.4857,231.29K,340.44K,124.8,73.28,4.35B,No,108.18,104.97,99.04,105.62,99.57,500
1228,SHAHLON.BO,23.87,23.76,3.47K,Process Industries,Textiles,66.0,71.0,39.0,39.0,2.2436,2.23,34.00K,10.23K,32.89,16.5,2.13B,No,23.52,24.78,22.64,24.7,23.22,497
1229,ECLERX.NS,1899.8,1922.6,72.75K,Commercial Services,Miscellaneous Commercial Services,65.0,71.0,89.0,67.0,76.8214,75.6929,368.34K,296.69K,2497.5,1320.0,174.83B,No,1900.84,1821.46,1804.66,1855.13,1624.41,500
1230,GRINDWELL.NS,1907.7,1893.1,25.90K,Process Industries,Industrial Specialties,65.0,19.0,42.0,64.0,51.2,48.95,71.86K,16.86K,2455.0,1329.0,211.22B,No,2029.05,2061.87,1766.53,2056.61,1834.11,499
1231,DEEPAKSP.BO,135.15,135.45,1.38K,Process Industries,Textiles,65.0,72.0,74.0,55.0,6.1,6.1,4.36K,2.49K,154.0,88.65,971.64M,No,136.51,135.73,121.58,136.25,122.69,497
1232,ALKYLAMINE.NS,1920.3,1944.4,56.79K,Process Industries,Chemicals: Specialty,65.0,49.0,55.0,76.0,70.0929,69.6571,126.16K,76.27K,2116.8,1212.0,98.22B,No,1988.25,1910.74,1660.32,1921.06,1682.34,500
1233,HBEL.BO,28.6,27.35,6.25K,Commercial Services,Miscellaneous Commercial Services,65.0,98.0,78.0,79.0,0.9736,0.54,3.55K,5.38K,68.81,12.8,175.32M,No,23.36,18.32,19.32,19.34,18.58,498
1234,DMCC.NS,291.95,288.9,40.70K,Process Industries,Chemicals: Major Diversified,65.0,44.0,76.0,69.0,11.9286,11.9286,100.59K,91.87K,332.9,191.35,7.28B,No,289.93,279.18,257.43,282.68,262.21,499
1235,DHANBANK.NS,30.73,30.68,221.38K,Finance,Major Banks,65.0,30.0,33.0,71.0,0.8686,0.8471,1672.79K,452.25K,36.85,19.45,12.13B,No,32.19,33.03,28.64,32.87,29.83,501
1236,ORIRAIL.NS,122.3,126.65,86.32K,Producer Manufacturing,Building Products,65.0,,,,8.3221,8.3221,315.24K,113.72K,142.0,102.8,8.20B,No,,,,,,18
1237,HARDCAS.BO,831.0,819.9,0.04K,Process Industries,Industrial Specialties,65.0,46.0,52.0,60.0,56.475,55.5893,0.25K,0.11K,1048.0,602.25,564.64M,No,860.47,843.79,752.08,837.66,776.63,497
1238,RICOAUTO.NS,130.31,130.42,416.39K,Producer Manufacturing,Auto Parts: Oem,65.0,60.0,40.0,64.0,4.1307,4.1079,2406.92K,874.11K,157.99,78.92,17.63B,No,130.12,134.42,124.69,134.49,125.75,501
1239,LCL.NS,561.25,544.7,451.49K,Producer Manufacturing,Industrial Machinery,65.0,78.0,,,27.9536,27.1393,1870.89K,523.77K,604.7,461.0,59.30B,No,561.26,,,,,31
1240,PROCLB.BO,36.52,34.79,160.83K,Commercial Services,Miscellaneous Commercial Services,65.0,80.0,83.0,16.0,1.7736,0.8071,12.32K,37.80K,48.9,23.23,186.36M,No,31.08,29.61,33.3,30.39,32.35,497
1241,AGARWALEYE.NS,508.35,513.7,154.97K,Health Services,Medical/Nursing Services,65.0,51.0,72.0,52.0,12.85,12.85,988.12K,614.89K,568.0,401.0,161.14B,No,506.94,500.01,473.2,500.75,466.25,397
1242,STEL.NS,590.2,590.0,4.04K,Finance,Financial Conglomerates,65.0,80.0,59.0,54.0,30.9286,30.8679,8.48K,5.68K,689.95,380.0,10.89B,No,604.4,574.96,511.48,582.9,521.74,500
1243,ZENLABS.BO,32.77,32.4,0.25K,Health Technology,Pharmaceuticals: Generic,65.0,92.0,31.0,85.0,2.7129,2.5664,2.77K,3.13K,39.99,16.5,213.33M,No,27.57,29.36,25.74,29.42,27.19,497
1244,TELECANOR.BO,20.5,21.15,9.65K,Technology Services,Packaged Software,65.0,29.0,78.0,0.0,1.6664,1.5464,30.82K,23.36K,48.5,7.26,314.08M,No,21.47,23.2,29.61,23.13,28.32,497
1245,TIPSMUSIC.NS,658.4,650.8,528.03K,Consumer Services,Movies/Entertainment,65.0,48.0,49.0,70.0,16.9893,16.8786,532.06K,202.79K,741.0,481.15,84.16B,No,651.57,669.27,599.28,667.15,623.2,500
1246,BLUEJET.NS,575.3,575.3,248.90K,Health Technology,Pharmaceuticals: Major,65.0,46.0,68.0,81.0,15.0821,15.0786,954.64K,373.82K,721.0,325.0,99.79B,No,584.77,586.86,488.92,589.91,484.18,501
1247,MAITRI.BO,37.72,37.73,0.10K,Non-Energy Minerals,Aluminum,65.0,21.0,13.0,82.0,1.1629,0.3536,0.11K,0.09K,46.55,22.1,165.97M,No,42.2,40.43,35.39,40.95,36.91,497
1248,HINDALCO.NS,1014.0,1026.9,2172.53K,Non-Energy Minerals,Other Metals/Minerals,65.0,40.0,38.0,45.0,21.75,19.9536,5124.84K,2909.06K,1176.0,731.95,2250.91B,No,1030.22,1000.39,969.96,1001.44,996.56,500
1249,ARMAN.BO,117.05,116.9,22.09K,Process Industries,Textiles,65.0,61.0,55.0,40.0,6.5143,6.5071,31.54K,34.67K,121.0,80.85,609.89M,No,116.62,113.8,106.58,114.57,111.1,497
1250,BEMHY.BO,107.35,109.4,2.93K,Producer Manufacturing,Industrial Machinery,65.0,50.0,81.0,69.0,4.7,4.6357,14.92K,6.10K,146.0,59.99,4.69B,No,107.8,105.9,92.66,105.92,92.37,498
1251,LABELKRAFT.BO,62.0,62.0,2.00K,Distribution Services,Electronics Distributors,65.0,54.0,56.0,57.0,0.5,0.1429,1.00K,1.00K,66.5,45.6,201.13M,No,63.4,62.53,56.8,62.43,59.97,498
1252,PROZONER.NS,52.3,49.88,493.67K,Finance,Real Estate Development,65.0,90.0,60.0,58.0,2.8029,2.7421,244.13K,319.31K,72.77,39.55,7.98B,No,44.86,44.0,49.96,44.66,48.74,499
1253,KMSUGAR.NS,30.1,29.67,106.33K,Process Industries,Agricultural Commodities/Milling,65.0,78.0,67.0,62.0,1.8821,1.8593,279.96K,297.99K,36.5,23.0,2.77B,No,31.38,29.31,27.34,29.52,27.8,500
1254,HALDYNGL.NS,142.18,141.07,43.89K,Process Industries,Containers/Packaging,65.0,,,,5.9307,5.8986,52.15K,58.12K,149.45,124.0,,No,,,,,,18
1255,IMAGICAA.NS,53.2,54.8,683.60K,Consumer Services,Movies/Entertainment,65.0,82.0,81.0,72.0,3.0921,3.0907,1831.07K,5773.18K,62.0,36.84,30.10B,No,52.33,49.42,47.0,50.32,46.2,500
1256,APOLLOHOSP.NS,8900.0,8967.0,329.16K,Health Services,Hospital/Nursing Management,65.0,60.0,52.0,58.0,139.6071,127.1786,321.77K,284.29K,9050.0,6696.5,1279.68B,No,8787.8,8837.29,7921.42,8837.65,8246.48,500
1257,HINDZINC.NS,593.6,605.4,4557.27K,Non-Energy Minerals,Other Metals/Minerals,65.0,60.0,58.0,38.0,19.45,16.2322,4923.74K,5486.88K,733.0,433.55,2508.15B,No,591.09,564.45,582.9,570.29,573.31,501
1258,LTF.NS,311.3,310.4,4502.56K,Finance,Finance/Rental/Leasing,65.0,46.0,69.0,57.0,7.8929,7.4071,5869.01K,3920.41K,338.6,232.25,780.23B,No,315.18,314.89,294.01,311.6,290.47,501
1259,20MICRONS.NS,211.87,218.06,115.26K,Process Industries,Chemicals: Specialty,65.0,84.0,73.0,68.0,9.8029,9.7371,320.85K,170.82K,237.45,129.61,7.48B,No,209.52,203.27,186.64,204.02,184.69,499
1260,LLOYDSENT.NS,70.01,70.43,1003.18K,Distribution Services,Wholesale Distributors,65.0,14.0,56.0,79.0,2.2436,2.2229,4753.48K,2030.28K,84.7,40.69,106.87B,No,73.97,76.96,65.2,76.94,66.82,474
1261,TMCV.NS,439.25,444.95,4476.96K,Consumer Durables,Motor Vehicles,65.0,37.0,68.0,29.0,13.1393,12.8964,8583.43K,8029.51K,509.0,306.3,1617.67B,No,465.96,443.6,425.51,444.38,429.07,210
1262,ALUFLUOR.NS,497.15,500.1,2.39K,Non-Energy Minerals,Aluminum,65.0,,,,16.25,16.0964,7.36K,8.14K,509.9,430.0,,No,,,,,,18
1263,SUBAM.BO,203.35,210.0,1.60K,Process Industries,Pulp & Paper,65.0,26.0,21.0,57.0,6.2107,4.6393,11.86K,6.64K,244.0,126.85,5.59B,No,213.16,216.92,200.82,215.57,203.53,479
1264,FINEORG.NS,5156.0,5148.5,12.12K,Process Industries,Chemicals: Major Diversified,65.0,57.0,61.0,63.0,136.9643,136.6786,24.91K,20.98K,5407.0,3856.0,158.08B,No,5176.2,5059.79,4646.44,5075.68,4795.14,500
1265,GEOJITFSL.NS,79.47,80.12,255.87K,Finance,Investment Banks/Brokers,65.0,66.0,59.0,71.0,2.9336,2.9336,386.55K,422.70K,86.5,50.86,22.18B,No,81.38,79.73,72.06,79.7,72.01,499
1266,USHAMART.NS,495.75,498.65,781.89K,Producer Manufacturing,Metal Fabrication,64.0,42.0,48.0,61.0,13.7179,13.0286,598.15K,1102.06K,529.3,379.05,150.91B,No,497.02,501.8,457.94,498.34,467.03,500
1267,CRSTCHM.BO,136.45,135.5,1.99K,Health Technology,Pharmaceuticals: Other,64.0,78.0,34.0,82.0,6.4821,6.4321,1.31K,1.85K,154.55,73.01,409.35M,No,129.4,129.51,114.51,131.75,117.72,497
1268,GREENPLY.NS,296.7,293.65,114.72K,Producer Manufacturing,Building Products,64.0,73.0,44.0,81.0,9.3607,9.1964,217.70K,174.50K,334.4,176.42,37.06B,No,290.02,297.85,259.6,296.35,262.0,500
1269,GANECOS.NS,1048.6,1020.5,110.27K,Process Industries,Textiles,64.0,54.0,69.0,80.0,35.3857,35.3857,165.87K,102.90K,1358.4,653.55,28.04B,No,1049.22,1099.08,937.4,1097.99,982.94,500
1270,NUTRICIRCLE.BO,270.0,270.0,0.05K,Health Technology,Pharmaceuticals: Generic,64.0,58.0,24.0,4.0,4.0107,2.2429,0.04K,0.01K,411.4,156.45,3.00B,No,249.19,267.64,318.73,265.91,304.4,496
1271,GRPLTD.NS,1992.5,2026.9,0.61K,Producer Manufacturing,Miscellaneous Manufacturing,64.0,65.0,75.0,52.0,64.7714,64.4214,2.34K,1.05K,2360.6,1500.0,10.63B,No,2000.2,1967.08,1843.49,1997.72,1893.43,498
1272,SWRNASE.BO,89.3,89.99,0.00K,Finance,Financial Conglomerates,64.0,64.0,59.0,43.0,1.2679,0.8729,0.10K,0.02K,105.0,55.6,267.90M,No,88.69,90.88,83.91,90.18,85.78,497
1273,KAMATHOTEL.NS,224.68,226.46,79.79K,Consumer Services,Hotels/Resorts/Cruise Lines,64.0,93.0,89.0,64.0,14.1521,13.9864,75.96K,121.00K,329.8,140.2,6.62B,No,216.16,192.04,193.3,195.48,181.21,499
1274,INFORTEC.BO,89.0,82.0,0.11K,Technology Services,Information Technology Services,64.0,77.0,56.0,49.0,4.9729,4.8293,0.31K,0.42K,108.0,65.1,371.05M,No,83.05,81.88,81.65,81.83,82.96,497
1275,EASTSILK.NS,61.89,59.84,0.12K,Process Industries,Textiles,64.0,12.0,69.0,13.0,4.115,3.8071,1.21K,0.73K,99.25,37.19,309.45M,No,61.86,57.55,64.54,58.68,59.76,500
1276,UNIDT.NS,230.47,230.36,18.16K,Industrial Services,Oilfield Services/Equipment,64.0,50.0,34.0,69.0,11.565,11.2979,9.57K,20.42K,254.97,146.0,4.68B,No,223.48,225.33,206.34,225.42,209.42,498
1277,SCI.NS,285.2,287.35,1122.71K,Transportation,Air Freight/Couriers,64.0,34.0,36.0,63.0,8.7607,8.45,3412.04K,2595.16K,368.75,195.55,132.85B,No,290.94,288.95,268.34,290.04,284.54,501
1278,CHEMCON.NS,213.61,220.0,125.54K,Process Industries,Chemicals: Specialty,64.0,83.0,65.0,75.0,7.6836,7.1971,29.04K,39.09K,295.0,125.0,7.82B,No,197.87,189.35,181.89,189.56,175.94,498
1279,ONEPOINT.NS,57.74,58.07,660.41K,Commercial Services,Miscellaneous Commercial Services,64.0,38.0,46.0,65.0,1.9521,1.9521,1045.56K,806.39K,65.85,40.58,15.18B,No,56.17,56.28,54.06,56.44,54.54,500
1280,MNFL.BO,160.0,160.0,1.20K,Consumer Non-Durables,Food: Specialty/Candy,64.0,55.0,51.0,52.0,0.6036,0.5214,2.40K,0.72K,186.0,118.4,2.01B,No,160.37,160.67,,160.77,159.97,191
1281,PWL.NS,126.73,125.37,13199.90K,Commercial Services,Miscellaneous Commercial Services,64.0,62.0,75.0,81.0,5.18,4.8757,13643.16K,15056.27K,161.99,77.72,367.63B,No,121.92,128.15,116.13,127.86,111.88,206
1282,JAGSNPHARM.NS,232.99,235.39,47.33K,Health Technology,Pharmaceuticals: Generic,64.0,57.0,63.0,74.0,7.99,7.7793,508.58K,110.32K,264.5,155.0,15.37B,No,236.5,232.55,203.7,231.77,209.72,500
1283,MPDL.NS,32.11,30.59,0.43K,Industrial Services,Engineering & Construction,64.0,,,,2.8543,2.5457,6.20K,1.80K,45.29,23.26,238.02M,No,,,,,,18
1284,MRTX.BO,365.25,324.25,374.00K,Electronic Technology,Electronic Components,64.0,77.0,48.0,,21.3643,20.9464,165.47K,134.00K,483.9,283.1,6.39B,No,325.45,349.94,,353.06,,69
1285,EXIDEIND.NS,420.85,410.75,3848.54K,Producer Manufacturing,Auto Parts: Oem,64.0,6.0,60.0,73.0,11.4071,11.375,4319.45K,2461.05K,496.4,287.0,357.72B,No,442.68,443.37,373.29,446.79,380.93,501
1286,SLSTLQ.BO,31.82,31.82,0.00K,Process Industries,Textiles,64.0,63.0,84.0,71.0,0.5557,0.2236,0.11K,0.15K,45.99,23.0,106.05M,No,30.17,31.01,29.0,30.78,28.41,498
1287,NGIL.NS,34.68,35.04,11.13K,Consumer Non-Durables,Food: Specialty/Candy,64.0,4.0,13.0,76.0,2.5143,2.4793,28.39K,35.15K,43.89,22.01,608.22M,No,39.76,39.84,33.44,39.6,35.55,498
1288,BGDL.BO,127.4,115.85,257.23K,Consumer Durables,Homebuilding,64.0,96.0,83.0,76.0,15.1536,10.4414,57.41K,280.99K,340.3,78.2,12.90B,No,109.15,98.36,111.4,102.56,103.6,497
1289,KIRLOSIND.NS,3576.8,3634.1001,2.66K,Non-Energy Minerals,Steel,64.0,37.0,71.0,64.0,81.0214,78.8714,29.05K,3.92K,4574.8,2463.0,37.59B,No,3718.3,3824.99,3333.49,3791.0,3361.88,499
1290,SAPPHIRE.NS,224.11,227.61,418.23K,Consumer Services,Restaurants,64.0,32.0,85.0,59.0,9.785,9.72,1946.70K,882.67K,336.7,139.91,72.11B,No,235.01,209.01,201.15,211.43,190.2,500
1291,VTL.NS,575.6,583.0,287.50K,Process Industries,Textiles,64.0,39.0,25.0,47.0,18.575,17.9893,731.47K,2920.51K,688.0,385.5,166.62B,No,593.4,611.0,548.6,603.99,590.15,500
1292,WENDT.NS,8669.5,8230.5,98.89K,Producer Manufacturing,Industrial Machinery,64.0,76.0,81.0,72.0,295.25,278.6071,12.94K,7.60K,9897.0,5841.5,17.34B,No,8181.88,8035.2,7411.08,8104.6,7383.05,499
1293,AARTIDRUGS.NS,437.0,423.45,254.63K,Health Technology,Pharmaceuticals: Major,64.0,52.0,73.0,65.0,13.1786,12.7643,202.70K,152.02K,534.55,318.95,39.88B,No,420.1,413.55,386.71,418.35,384.32,500
1294,ASARFI.BO,198.95,200.65,57.00K,Health Services,Hospital/Nursing Management,64.0,6.0,13.0,63.0,11.5036,10.7286,37.53K,55.10K,256.95,123.0,3.91B,No,215.41,215.53,197.88,213.3,202.55,497
1295,LAXMIINDIA.NS,127.88,132.05,377.67K,Finance,Finance/Rental/Leasing,64.0,28.0,78.0,78.0,7.12,7.0929,151.45K,284.79K,180.9,71.06,6.70B,No,128.81,125.16,112.92,125.26,111.11,275
1296,SGIL.NS,602.0,600.55,3.24K,Non-Energy Minerals,Steel,64.0,50.0,60.0,62.0,22.3929,22.3929,11.93K,10.27K,630.2,420.0,9.35B,No,581.11,589.01,544.64,594.21,552.79,498
1297,SHIVATEX.NS,179.18,176.64,10.36K,Process Industries,Textiles,64.0,78.0,75.0,63.0,10.4243,10.4243,7.40K,19.20K,217.92,126.06,2.46B,No,172.16,161.77,162.75,165.01,157.65,498
1298,NIRMITEE.BO,130.0,108.7,1.80K,Commercial Services,Miscellaneous Commercial Services,64.0,82.0,66.0,36.0,4.3429,0.0643,1.32K,8.46K,130.0,79.0,468.15M,No,110.28,113.11,121.97,113.62,119.42,497
1299,AMBIKCO.NS,1606.9,1617.2,7.44K,Process Industries,Textiles,64.0,47.0,42.0,60.0,36.0786,35.8643,18.66K,9.03K,1931.0,1101.0,9.20B,No,1630.98,1689.42,1470.83,1695.7,1557.64,499
1300,LTFOODS.NS,441.5,453.55,337.03K,Process Industries,Agricultural Commodities/Milling,64.0,65.0,73.0,56.0,17.775,17.7536,1375.67K,646.79K,490.7,333.15,153.31B,No,439.86,412.45,398.99,415.86,403.83,501
1301,PHOENIXLTD.NS,1890.0,1885.3,383.37K,Finance,Real Estate Development,64.0,51.0,61.0,60.0,38.6857,38.4,626.07K,413.08K,2169.8,1465.6,676.01B,No,1915.93,1973.39,1808.55,1958.32,1809.4,499
1302,DREDGECORP.NS,1030.7,1040.5,57.46K,Transportation,Marine Shipping,63.0,43.0,38.0,45.0,36.8143,35.2072,195.00K,101.13K,1286.0,538.0,28.86B,No,1103.39,1076.25,1012.6,1078.76,1014.36,500
1303,KIRLPNU.NS,719.7,724.85,127.07K,Producer Manufacturing,Industrial Machinery,63.0,39.0,20.0,66.0,21.8393,21.8393,417.68K,156.80K,1098.55,495.05,93.51B,No,740.68,780.26,677.02,766.41,725.18,500
1304,HALEOSLABS.NS,1450.6,1470.9,0.17K,Health Technology,Biotechnology,63.0,56.0,49.0,58.0,57.4,57.25,1.20K,1.24K,1774.0,1091.1,4.39B,No,1474.58,1518.31,1396.07,1504.07,1434.19,498
1305,ONIDA.NS,32.98,34.26,466.28K,Electronic Technology,Telecommunications Equipment,63.0,6.0,21.0,69.0,1.6,1.5979,362.46K,319.43K,49.23,21.5,12.19B,No,35.78,38.11,33.51,37.27,35.28,500
1306,KOHINOOR.NS,30.17,30.87,154.09K,Process Industries,Agricultural Commodities/Milling,63.0,93.0,80.0,62.0,1.915,1.915,212.16K,156.26K,38.47,19.2,1.12B,No,32.57,27.17,25.82,27.91,25.84,499
1307,CARRARO.NS,551.95,538.85,125.40K,Producer Manufacturing,Auto Parts: Oem,63.0,73.0,57.0,56.0,17.2857,17.2857,167.54K,183.38K,667.55,416.0,31.38B,No,535.24,538.41,533.13,539.87,532.68,424
1308,VIPPYSP.BO,186.9,180.15,0.07K,Process Industries,Textiles,63.0,69.0,50.0,61.0,11.4143,9.1321,0.71K,0.30K,201.6,130.6,1.10B,No,184.01,176.46,165.51,177.03,167.56,497
1309,SNL.BO,419.55,413.85,2.58K,Producer Manufacturing,Auto Parts: Oem,63.0,76.0,61.0,58.0,10.4107,10.2464,1.83K,3.85K,428.95,299.7,1.52B,No,394.12,387.53,370.44,392.43,370.17,497
1310,CINELINE.NS,93.58,93.96,10.99K,Consumer Services,Movies/Entertainment,63.0,69.0,75.0,47.0,3.7029,3.6643,32.69K,85.70K,104.4,73.35,3.21B,No,90.31,85.84,84.71,87.56,84.69,500
1311,FUSION.NS,190.68,194.93,702.11K,Finance,Finance/Rental/Leasing,63.0,14.0,71.0,47.0,7.2457,7.125,953.81K,573.44K,243.0,136.5,30.84B,No,198.3,210.4,183.45,208.1,188.68,499
1312,ASIAPAK.BO,55.74,55.0,0.04K,Commercial Services,Miscellaneous Commercial Services,63.0,59.0,59.0,82.0,0.1786,0.1786,0.04K,0.04K,64.96,36.72,147.01M,No,55.04,53.52,50.47,54.21,50.19,497
1313,CRANEX.BO,81.56,85.66,3.47K,Producer Manufacturing,Trucks/Construction/Farm Machinery,63.0,8.0,58.0,67.0,4.9314,4.61,7.88K,4.77K,114.0,56.0,654.11M,No,83.66,88.46,78.08,86.8,80.44,497
1314,IFGLEXPOR.NS,212.54,214.65,56.19K,Producer Manufacturing,Industrial Machinery,63.0,43.0,69.0,74.0,10.1814,10.1814,141.01K,82.33K,338.0,119.68,15.32B,No,213.55,214.22,189.96,214.68,187.46,500
1315,SANATHAN.NS,483.1,480.35,210.46K,Process Industries,Textiles,63.0,59.0,75.0,62.0,19.6821,18.9821,61.76K,125.09K,551.95,352.6,40.78B,No,457.83,462.99,435.63,464.74,433.93,426
1316,MAKERSL.NS,177.97,184.89,8.19K,Health Technology,Pharmaceuticals: Major,63.0,,,,15.2536,15.0293,14.89K,5.50K,236.0,150.0,1.05B,No,,,,,,18
1317,AIRLTD.BO,567.2,567.2,0.00K,Consumer Durables,Homebuilding,63.0,44.0,25.0,19.0,0.4071,0.0,0.01K,0.01K,713.95,305.25,12.71B,No,570.92,577.65,620.17,575.8,600.42,497
1318,BAJAJHIND.NS,21.4,21.35,20860.04K,Process Industries,Agricultural Commodities/Milling,63.0,89.0,69.0,69.0,1.3543,1.3229,26990.64K,42647.58K,26.0,14.85,51.12B,No,21.53,19.05,18.23,19.17,18.32,501
1319,CHEVIOT.NS,1195.9,1184.9,1.41K,Process Industries,Textiles,63.0,62.0,63.0,61.0,29.1215,25.4643,3.84K,2.50K,1370.5,898.0,6.99B,No,1159.45,1148.23,1092.26,1151.16,1105.78,500
1320,DVL.NS,285.1,289.2,17.74K,Consumer Non-Durables,Food: Major Diversified,63.0,50.0,76.0,69.0,12.8021,12.5007,27.55K,21.72K,380.6,186.99,9.99B,No,279.23,260.18,253.59,262.67,244.2,498
1321,ZYDUSLIFE.NS,1117.8,1127.4,936.28K,Health Technology,Pharmaceuticals: Major,63.0,22.0,49.0,64.0,32.0143,31.55,1421.45K,1518.69K,1205.0,835.5,1115.01B,No,1138.35,1137.5,996.8,1132.82,1029.15,501
1322,BETXIND.BO,461.3,498.85,0.03K,Process Industries,Textiles,63.0,28.0,22.0,70.0,34.7929,33.0786,0.21K,0.09K,648.0,220.05,691.95M,No,490.39,482.24,397.32,480.07,436.69,497
1323,TLL.BO,297.35,294.0,27.60K,Health Technology,Pharmaceuticals: Major,63.0,85.0,77.0,52.0,10.0429,9.6143,33.46K,26.52K,328.0,229.95,3.55B,No,277.66,267.78,269.93,270.99,260.08,497
1324,PDSL.NS,348.2,345.7,160.84K,Consumer Non-Durables,Apparel/Footwear,63.0,22.0,70.0,61.0,10.6536,10.1536,353.93K,157.08K,418.5,246.05,49.18B,No,362.65,362.02,330.46,361.21,320.44,499
1325,GEEKAYWIRE.NS,28.62,27.91,49.53K,Non-Energy Minerals,Steel,63.0,92.0,85.0,68.0,1.9629,1.8979,141.10K,437.99K,39.5,18.51,2.99B,No,25.2,24.28,26.22,24.56,24.37,500
1326,ORGANICREC.BO,179.15,178.8,79.20K,Industrial Services,Environmental Services,63.0,82.0,70.0,58.0,8.4036,6.8929,89.00K,63.00K,199.97,137.33,2.79B,No,159.69,157.03,158.77,158.24,157.91,500
1327,AUSTENG.NS,127.04,122.95,5.66K,Producer Manufacturing,Metal Fabrication,63.0,,,,7.4164,7.345,2.97K,2.83K,139.0,110.0,,No,,,,,,18
1328,BAJFINANCE.NS,1043.5,1039.3,3902.18K,Finance,Finance/Rental/Leasing,63.0,34.0,70.0,50.0,18.4143,17.7286,8096.46K,5684.30K,1176.4,787.9,6491.52B,No,1071.32,1067.29,977.62,1067.47,972.35,501
1329,KONARKSY.BO,44.07,46.5,0.01K,Process Industries,Textiles,63.0,27.0,53.0,60.0,0.1736,0.0,0.00K,0.00K,50.35,32.0,255.96M,No,46.38,45.36,41.6,45.37,41.91,496
1330,OBEROIRLTY.NS,1792.0,1800.0,233.02K,Finance,Real Estate Development,63.0,52.0,65.0,62.0,38.2143,37.3714,543.32K,430.39K,1986.1,1391.2,651.58B,No,1866.19,1858.03,1675.24,1851.31,1698.15,500
1331,ANGELONE.NS,297.3,299.05,2559.34K,Finance,Investment Banks/Brokers,63.0,61.0,20.0,74.0,9.8393,9.0679,6614.51K,8127.78K,360.45,208.63,271.64B,No,291.74,307.07,285.93,303.91,297.13,500
1332,AEGEUS.BO,145.15,123.0,243.60K,Producer Manufacturing,Industrial Machinery,63.0,,,,12.8107,12.2821,219.00K,98.04K,173.75,111.0,1.22B,No,140.63,,,,,23
1333,WORTHPERI.NS,149.96,151.93,6.84K,Process Industries,Containers/Packaging,63.0,40.0,74.0,55.0,5.7686,5.6221,19.36K,6.44K,169.8,109.0,2.36B,No,154.74,148.39,138.77,150.89,138.63,498
1334,GODREJAGRO.NS,673.05,674.65,424.43K,Process Industries,Agricultural Commodities/Milling,63.0,90.0,75.0,55.0,26.8393,24.6464,417.20K,1545.75K,746.45,506.1,129.50B,No,617.78,584.72,580.71,588.54,586.33,500
1335,VIMTALABS.NS,634.95,628.15,104.74K,Commercial Services,Miscellaneous Commercial Services,63.0,49.0,76.0,79.0,23.7464,23.5822,437.92K,438.69K,851.0,376.05,28.37B,No,631.33,607.29,532.06,609.08,523.16,500
1336,KLASSROOM.BO,185.0,185.25,6.40K,Technology Services,Packaged Software,63.0,,,,12.7679,11.6214,69.50K,13.20K,224.0,158.45,1.72B,No,185.21,,,,,25
1337,JAMNAAUTO.NS,131.86,128.93,3397.34K,Producer Manufacturing,Auto Parts: Oem,63.0,70.0,68.0,35.0,3.6114,3.2143,2138.98K,1433.28K,152.6,89.74,52.72B,No,122.76,129.86,126.54,129.47,127.41,500
1338,AMBARPIL.BO,239.8,230.9,0.12K,Process Industries,Agricultural Commodities/Milling,63.0,78.0,86.0,78.0,15.65,13.5607,1.62K,0.25K,368.4,140.0,1.38B,No,240.74,216.46,204.49,217.2,190.97,497
1339,DEEP.NS,40.98,36.89,209.62K,Process Industries,Chemicals: Specialty,63.0,,,,2.355,2.3129,10.61K,10.12K,42.9,34.2,,No,,,,,,18
1340,MUTHOOTMF.NS,196.13,197.1,140.10K,Finance,Finance/Rental/Leasing,62.0,20.0,56.0,67.0,7.0929,7.0707,884.97K,363.94K,262.77,141.2,32.90B,No,205.91,222.66,191.13,221.41,193.27,499
1341,ANSALBU.NS,80.9,77.15,2.02K,Consumer Durables,Homebuilding,62.0,,,,7.7343,7.68,4.22K,6.51K,92.4,70.64,597.35M,No,,,,,,18
1342,EMERALD.BO,67.08,67.08,151.08K,Finance,Regional Banks,62.0,95.0,80.0,65.0,3.8614,3.7386,48.44K,70.41K,97.0,45.23,2.32B,No,53.31,53.53,62.12,54.29,57.01,497
1343,KOTARISUG.NS,29.47,28.36,109.66K,Process Industries,Agricultural Commodities/Milling,62.0,83.0,72.0,62.0,2.6843,2.5743,177.28K,91.30K,39.94,22.5,2.44B,No,30.52,27.55,26.38,27.75,26.16,500
1344,LASERPOWER.NS,290.65,296.65,479.20K,Producer Manufacturing,Electrical Products,62.0,65.0,,,12.8964,12.8714,3634.33K,660.60K,343.5,250.0,40.80B,No,315.79,,,,,41
1345,SHANKARA.NS,148.41,148.29,109.70K,Retail Trade,Home Improvement Chains,62.0,68.0,84.0,77.0,2.4571,2.4571,171.01K,83.09K,1048.6,98.25,3.60B,No,145.24,140.71,120.3,142.16,124.73,498
1346,PDMJEPAPER.NS,98.77,96.74,864.93K,Process Industries,Pulp & Paper,62.0,79.0,78.0,69.0,5.3629,4.9507,261.82K,893.65K,132.96,65.0,9.38B,No,91.65,90.65,86.63,91.69,84.55,499
1347,CNCRD.BO,2453.55,2494.5,15.40K,Electronic Technology,Electronic Equipment/Instruments,62.0,55.0,18.0,46.0,131.2143,126.1214,6.97K,7.77K,3069.85,1469.38,25.48B,No,2314.59,2493.83,2489.83,2452.72,2494.06,498
1348,TOTEM.BO,165.15,166.1,69.75K,Producer Manufacturing,Industrial Machinery,62.0,84.0,69.0,71.0,8.725,8.725,32.08K,52.40K,203.0,103.15,8.52B,No,143.61,141.05,140.44,141.47,139.47,498
1349,PIONRINV.NS,88.99,85.5,2.81K,Finance,Investment Banks/Brokers,62.0,,,,4.5521,3.6271,1.54K,1.58K,88.99,72.5,1.09B,No,,,,,,18
1350,ICL.BO,31.6,33.0,0.61K,Process Industries,Textiles,62.0,9.0,50.0,68.0,1.5164,1.4014,1.65K,0.37K,44.05,22.05,225.65M,No,34.16,35.27,30.24,35.24,31.63,497
1351,MCL.NS,59.86,58.95,59.43K,Non-Energy Minerals,Other Metals/Minerals,62.0,61.0,50.0,23.0,2.5914,2.5214,50.20K,77.50K,93.2,42.0,1.62B,No,58.38,56.25,61.28,56.5,59.41,500
1352,ZDHJERK.BO,24.02,25.0,10.11K,Health Services,Medical/Nursing Services,62.0,43.0,74.0,39.0,0.46,0.1179,2.65K,0.30K,35.86,19.53,98.44M,No,26.5,26.21,24.51,25.82,24.36,499
1353,DIANATEA.BO,29.77,30.01,4.08K,Process Industries,Agricultural Commodities/Milling,62.0,84.0,67.0,56.0,2.2207,2.1829,12.14K,16.12K,34.75,22.75,446.28M,No,29.7,27.1,26.88,27.59,26.6,497
1354,SASHWAT.BO,320.65,320.65,0.10K,Finance,Real Estate Development,62.0,13.0,29.0,56.0,1.2036,0.8107,0.05K,0.01K,355.25,252.95,98.19M,No,335.99,344.51,307.16,343.09,319.74,497
1355,SUNLOC.NS,75.5,78.0,0.17K,Health Technology,Pharmaceuticals: Major,62.0,,,,2.6729,2.6686,0.64K,1.02K,82.0,67.5,,No,,,,,,18
1356,ANDHRAPAP.NS,72.58,68.08,4498.65K,Process Industries,Pulp & Paper,62.0,90.0,75.0,54.0,4.0921,4.045,1115.57K,6195.39K,86.89,58.0,14.43B,No,63.0,61.99,64.23,62.28,63.45,500
1357,EIEL.NS,211.65,206.06,5826.73K,Industrial Services,Environmental Services,62.0,67.0,71.0,82.0,6.5721,5.7179,2471.77K,1907.38K,276.1,134.71,37.15B,No,198.1,212.83,194.22,211.96,193.6,446
1358,CITIUSINVT.BO,116.66,116.05,0.27K,Miscellaneous,Investment Trusts,62.0,70.0,64.0,,1.5093,1.3629,7.37K,8.95K,117.08,101.75,71.16B,No,114.53,111.42,,112.04,,96
1359,CRISIL.NS,4721.7,4690.6001,22.17K,Technology Services,Internet Software/Services,62.0,69.0,78.0,52.0,121.2928,117.9072,62.93K,78.90K,5115.0,3686.0,345.30B,No,4633.74,4438.04,4319.59,4490.39,4239.46,501
1360,SHEMAROO.NS,121.99,123.32,4.13K,Consumer Services,Movies/Entertainment,62.0,37.0,55.0,65.0,4.9443,4.8757,16.27K,7.01K,143.0,73.0,3.50B,No,127.45,124.29,109.79,123.61,111.01,498
1361,ONEINDIG.BO,139.0,140.35,2.40K,Industrial Services,Engineering & Construction,62.0,41.0,,,6.0764,4.4343,98.54K,15.00K,157.9,120.0,1.52B,No,140.26,,,,,26
1362,MODIS.NS,373.85,371.45,11.20K,Finance,Real Estate Development,62.0,21.0,60.0,56.0,12.45,12.45,77.88K,55.16K,429.05,276.0,7.32B,No,386.79,381.18,345.98,378.36,349.13,206
1363,GOKEX.NS,774.2,785.45,208.65K,Consumer Non-Durables,Apparel/Footwear,62.0,47.0,72.0,68.0,19.9857,19.4679,478.25K,196.54K,954.9,531.0,56.73B,No,786.26,807.71,736.39,802.4,731.55,500
1364,SUPRAJIT.NS,500.3,485.45,143.15K,Producer Manufacturing,Auto Parts: Oem,62.0,35.0,62.0,62.0,13.5143,13.3929,144.48K,67.49K,559.25,389.95,68.63B,No,502.28,501.38,456.75,502.49,457.89,500
1365,JAYBARMARU.NS,117.53,117.28,464.40K,Distribution Services,Wholesale Distributors,62.0,21.0,16.0,66.0,4.5821,4.3729,832.39K,235.77K,207.0,74.15,12.72B,No,124.5,149.41,113.92,144.14,121.69,499
1366,AXENTRA.BO,301.6,304.6,0.07K,Finance,Real Estate Development,62.0,39.0,19.0,12.0,0.4321,0.0,0.12K,0.01K,371.85,165.8,5.94B,No,306.58,312.54,343.53,310.8,335.26,497
1367,CENTEXT.NS,22.8,21.94,525.83K,Producer Manufacturing,Metal Fabrication,62.0,66.0,70.0,50.0,1.175,1.1414,303.39K,299.79K,34.75,15.67,1.82B,No,21.83,20.63,20.83,20.73,20.27,499
1368,MANIPALHOS.NS,733.25,729.95,1384.58K,Health Services,Hospital/Nursing Management,62.0,71.0,,,29.3,29.0322,4051.84K,1938.25K,815.0,625.45,964.50B,No,739.39,,,,,27
1369,ETHOSLTD.NS,2687.4,2744.0,68.03K,Retail Trade,Catalog/Specialty Distribution,62.0,32.0,67.0,61.0,76.4357,76.4357,84.68K,31.22K,3245.9,1919.4,71.91B,No,2833.66,2719.17,2586.94,2700.41,2479.74,499
1370,RELIGARE.NS,258.78,256.65,1469.90K,Finance,Multi-Line Insurance,62.0,84.0,64.0,66.0,7.8329,7.6193,1196.30K,1842.84K,280.0,196.51,88.30B,No,239.79,249.81,237.57,248.56,235.94,499
1371,JSWSTEEL.NS,1304.0,1310.0,1102.53K,Non-Energy Minerals,Steel,62.0,63.0,47.0,48.0,24.8857,23.8786,1608.71K,1522.20K,1351.0,1073.2,3183.04B,No,1306.44,1279.13,1229.22,1282.06,1251.37,501
1372,REXNORD.BO,85.95,83.0,5.22K,Producer Manufacturing,Industrial Machinery,62.0,74.0,42.0,78.0,3.7986,3.7986,1.87K,1.33K,98.4,49.0,1.14B,No,83.43,81.4,73.43,81.43,73.01,497
1373,INDBNK.BO,47.2,48.6,0.41K,Finance,Finance/Rental/Leasing,62.0,31.0,44.0,53.0,3.1086,3.0464,1.45K,0.61K,62.4,35.6,472.00M,No,49.69,50.41,44.99,50.13,46.94,497
1374,OCTAVIUSPL.BO,50.92,48.5,0.00K,Process Industries,Agricultural Commodities/Milling,62.0,85.0,44.0,61.0,0.4864,0.0,0.19K,0.19K,57.59,36.5,152.76M,No,46.87,45.62,44.63,46.09,44.94,498
1375,HALDER.NS,281.9,282.45,21.26K,Distribution Services,Food Distributors,62.0,62.0,73.0,43.0,18.3793,18.3793,26.14K,24.74K,319.0,210.0,3.51B,No,292.6,262.52,,268.47,252.35,162
1376,WESTLIFE.NS,561.95,561.5,29.58K,Consumer Services,Restaurants,61.0,38.0,81.0,57.0,20.8179,20.6821,165.40K,100.08K,767.2,398.4,87.22B,No,567.4,533.71,502.7,534.72,492.01,499
1377,HAWKINCOOK.NS,8408.0,8504.5,2.64K,Producer Manufacturing,Miscellaneous Manufacturing,61.0,63.0,64.0,,217.75,208.8214,1.71K,1.32K,9600.0,7109.0,44.46B,No,8230.48,8517.05,,8503.65,,100
1378,TATACAP.NS,363.15,363.0,664.00K,Finance,Finance/Rental/Leasing,61.0,50.0,67.0,57.0,6.5464,6.1,2764.24K,915.63K,390.2,296.0,1531.29B,No,367.27,361.64,339.41,363.55,339.41,230
1379,IRONWOOD.BO,46.01,46.0,3.09K,Consumer Services,Other Consumer Services,61.0,15.0,58.0,40.0,3.0814,3.0029,18.45K,13.91K,62.8,32.5,772.08M,No,48.65,50.66,47.04,49.89,46.36,497
1380,DWARKESH.NS,45.78,46.72,1541.19K,Process Industries,Agricultural Commodities/Milling,61.0,79.0,44.0,62.0,3.2921,3.2193,3039.97K,3744.66K,59.9,32.13,8.48B,No,49.29,44.95,41.63,44.95,43.58,499
1381,MEDICAMEQ.NS,307.5,312.9,204.86K,Health Technology,Pharmaceuticals: Major,61.0,93.0,87.0,45.0,17.635,17.2064,40.23K,115.16K,447.65,212.4,4.17B,No,253.29,246.63,291.6,250.78,257.58,499
1382,INVPRECQ.NS,1378.3,1351.3,0.89K,Producer Manufacturing,Metal Fabrication,61.0,,,,21.3214,11.2571,4.53K,1.69K,1378.3,1166.0,,No,,,,,,18
1383,POLICYBZR.NS,1800.0,1800.0,414.00K,Technology Services,Internet Software/Services,61.0,66.0,74.0,67.0,47.3214,43.1786,1765.93K,1035.23K,1964.2,1364.0,831.78B,No,1803.89,1680.74,1651.86,1688.13,1612.02,499
1384,SCANPRO.BO,114.5,118.65,0.10K,Industrial Services,Engineering & Construction,61.0,62.0,18.0,68.0,7.3571,6.3857,0.60K,0.51K,140.9,72.0,328.99M,No,123.51,115.37,107.52,116.16,117.46,496
1385,JUSTDIAL.NS,668.75,678.45,225.12K,Technology Services,Internet Software/Services,61.0,38.0,80.0,66.0,22.8964,21.4643,1792.96K,410.64K,878.6,480.5,56.88B,No,678.7,682.46,623.49,688.15,587.11,500
1386,SARLAPOLY.NS,101.31,101.46,31.69K,Process Industries,Textiles,61.0,56.0,54.0,65.0,3.0871,3.08,74.98K,60.98K,111.0,68.4,8.05B,No,100.81,101.2,91.57,100.29,93.28,500
1387,KAYA.NS,338.05,350.0,9.72K,Consumer Non-Durables,Household/Personal Care,61.0,79.0,86.0,46.0,18.575,17.4893,36.10K,11.16K,487.9,224.01,5.13B,No,343.87,295.55,304.47,300.35,280.25,500
1388,ALTIUSINVIT.BO,175.0,176.0,200.00K,Miscellaneous,Investment Trusts,61.0,60.0,49.0,56.0,2.9964,1.5893,15504.30K,73367.50K,180.0,142.0,533.29B,No,173.81,171.78,162.51,172.54,166.55,497
1389,CONCORD.BO,80.9,79.68,3.47K,Health Technology,Pharmaceuticals: Major,61.0,76.0,48.0,48.0,4.9036,4.8029,5.73K,4.43K,92.52,61.0,1.07B,No,77.1,74.12,78.07,74.69,77.28,497
1390,ASAHIINDIA.NS,976.2,968.75,220.95K,Consumer Durables,Home Furnishings,61.0,76.0,66.0,61.0,20.8643,20.8643,167.35K,148.24K,1074.0,775.1,248.86B,No,952.74,916.43,911.28,924.94,880.56,500
1391,SANDHAR.NS,627.25,625.0,168.92K,Consumer Durables,Motor Vehicles,61.0,57.0,10.0,67.0,22.2643,22.2643,284.62K,144.61K,763.2,424.0,37.85B,No,643.21,639.28,574.49,637.7,585.08,500
1392,PRIMAPLA.BO,136.65,136.35,2.69K,Consumer Durables,Home Furnishings,61.0,83.0,51.0,65.0,8.4179,8.3607,7.69K,16.75K,156.95,88.0,1.50B,No,135.71,127.26,119.07,129.31,119.41,497
1393,AASHKA.BO,84.99,86.0,1.00K,Health Services,Hospital/Nursing Management,61.0,88.0,66.0,56.0,3.6621,2.9929,2.97K,8.10K,99.5,59.0,1.99B,No,77.17,77.03,76.69,77.67,74.7,498
1394,GYFTR.NS,185.32,181.7,18.93K,Finance,Investment Banks/Brokers,61.0,86.0,,,8.6743,8.6714,78.01K,119.22K,193.9,139.69,14.23B,No,170.87,,,166.03,,45
1395,PCBL.NS,334.8,334.95,3384.97K,Process Industries,Industrial Specialties,61.0,67.0,75.0,62.0,9.325,8.6857,2112.09K,1831.17K,425.95,226.5,131.73B,No,321.16,321.55,298.2,318.93,297.43,500
1396,SKYIND.BO,95.86,97.44,1.74K,Process Industries,Textiles,61.0,61.0,71.0,57.0,4.61,4.5729,8.31K,2.36K,136.0,63.06,761.56M,No,93.54,95.73,88.61,94.88,88.21,497
1397,JETFREIGHT.NS,20.2,20.11,52.71K,Transportation,Airlines,61.0,14.0,22.0,54.0,0.915,0.8879,221.02K,146.45K,25.95,11.9,937.36M,No,21.81,22.3,19.75,22.12,20.58,499
1398,GOLDIAM.NS,327.8,329.8,299.74K,Consumer Durables,Other Consumer Specialties,61.0,6.0,48.0,74.0,9.825,9.6964,1370.68K,466.00K,398.2,198.75,49.35B,No,352.38,354.5,298.27,356.91,310.7,500
1399,SFL.NS,697.95,687.0,356.34K,Process Industries,Industrial Specialties,61.0,63.0,47.0,73.0,21.5714,21.5679,291.32K,418.16K,832.45,456.8,76.22B,No,662.97,717.3,613.62,709.62,627.68,500
1400,CREDITACC.NS,1403.2,1396.2,88.22K,Finance,Finance/Rental/Leasing,61.0,17.0,62.0,60.0,46.3929,45.15,366.55K,297.05K,1634.0,1113.0,224.88B,No,1453.89,1505.17,1346.43,1492.54,1358.31,500
1401,BAMBINO.BO,241.35,241.1,2.68K,Consumer Non-Durables,Food: Specialty/Candy,61.0,75.0,71.0,65.0,11.3179,11.2893,1.68K,3.21K,280.0,173.7,1.93B,No,222.39,215.77,215.65,219.26,208.4,497
1402,CIANAGRO.BO,1314.5,1338.05,32.70K,Process Industries,Agricultural Commodities/Milling,61.0,16.0,17.0,48.0,52.5857,51.525,64.54K,42.04K,3633.15,643.6,36.79B,No,1407.57,1457.03,1382.42,1440.09,1399.41,497
1403,SIGNPOST.NS,267.8,270.75,83.18K,Commercial Services,Advertising/Marketing Services,61.0,52.0,52.0,56.0,12.7143,12.5536,671.20K,556.39K,336.8,191.41,14.31B,No,260.98,282.96,252.28,280.92,265.68,499
1404,SHARDAMOTR.NS,946.25,909.3,220.32K,Producer Manufacturing,Auto Parts: Oem,61.0,76.0,77.0,56.0,26.0179,25.9643,60.34K,33.85K,1189.9,700.0,54.32B,No,898.21,883.91,875.75,889.4,856.97,499
1405,SATTRIX.BO,316.0,327.75,8.00K,Technology Services,Information Technology Services,61.0,15.0,12.0,9.0,11.3714,9.3964,6.49K,6.45K,451.0,210.0,3.59B,No,342.57,361.84,364.98,356.9,381.5,498
1406,GARGFUR.BO,150.1,152.35,2.09K,Non-Energy Minerals,Steel,61.0,75.0,80.0,34.0,13.5607,12.6107,11.10K,29.60K,198.0,108.65,751.81M,No,149.32,132.14,134.78,136.66,135.57,497
1407,DEVYANI.NS,135.92,137.17,978.91K,Consumer Services,Restaurants,61.0,33.0,81.0,59.0,5.1464,5.085,4706.34K,2478.97K,191.0,91.55,167.58B,No,142.07,127.37,122.73,128.9,118.64,500
1408,DENORA.NS,802.05,805.75,1.19K,Electronic Technology,Electronic Equipment/Instruments,61.0,19.0,60.0,58.0,27.3572,27.3572,10.79K,2.84K,960.35,559.0,4.26B,No,825.07,857.41,749.25,851.76,787.78,499
1409,EPACKPEB.NS,239.03,248.14,358.76K,Industrial Services,Engineering & Construction,61.0,58.0,43.0,82.0,9.2636,9.2086,1905.44K,487.62K,344.0,132.17,24.05B,No,230.17,244.17,223.86,243.5,210.04,235
1410,GODREJIND.NS,1122.3,1133.4,90.69K,Process Industries,Agricultural Commodities/Milling,61.0,8.0,63.0,62.0,37.7,36.7571,193.48K,102.14K,1443.0,744.2,378.05B,No,1179.13,1255.84,1068.29,1264.95,1094.02,500
1411,AIKPIPES.BO,31.54,33.2,1.60K,Producer Manufacturing,Miscellaneous Manufacturing,61.0,79.0,87.0,70.0,1.3507,0.9321,3.01K,2.08K,69.46,19.02,200.69M,No,28.85,26.57,26.75,26.91,25.88,500
1412,SANSTAR.NS,107.38,108.99,86.73K,Consumer Non-Durables,Food: Major Diversified,61.0,36.0,26.0,65.0,3.9886,3.9886,768.26K,211.07K,137.49,74.3,21.50B,No,108.51,110.91,99.13,109.91,101.88,501
1413,EMSLIMITED.NS,391.4,385.8,298.28K,Industrial Services,Engineering & Construction,61.0,52.0,83.0,78.0,12.9643,12.075,1224.87K,1059.06K,589.9,256.05,21.73B,No,381.55,400.54,364.42,400.37,350.19,500
1414,PARAGMILK.NS,264.85,253.6,7360.59K,Consumer Non-Durables,Food: Meat/Fish/Dairy,60.0,90.0,70.0,72.0,11.8571,11.7771,715.37K,1240.89K,376.95,177.84,33.51B,No,239.05,229.64,238.01,229.56,219.62,501
1415,PEOPLIN.BO,235.8,224.9,0.01K,Finance,Financial Conglomerates,60.0,63.0,49.0,45.0,0.0,0.0,0.01K,0.01K,235.8,171.95,47.16M,No,224.9,218.94,205.28,219.47,211.39,496
1416,GUJTERC.BO,40.99,39.49,1.33K,Health Technology,Pharmaceuticals: Major,60.0,80.0,83.0,44.0,3.085,2.9929,4.31K,2.60K,59.78,29.0,319.37M,No,38.42,36.99,38.97,38.08,36.67,497
1417,SATIA.NS,68.57,66.51,184.58K,Process Industries,Pulp & Paper,60.0,82.0,83.0,52.0,2.6514,2.4629,135.76K,262.73K,86.0,50.8,6.86B,No,60.03,59.63,62.28,60.95,61.25,499
1418,NESTLEIND.NS,1386.2,1393.0,568.93K,Consumer Non-Durables,Food: Major Diversified,60.0,20.0,48.0,51.0,29.2786,28.1429,1949.79K,1161.98K,1553.0,1145.0,2673.03B,No,1445.1,1464.82,1356.24,1460.3,1381.09,501
1419,HCG.NS,700.9,712.55,225.98K,Health Services,Hospital/Nursing Management,60.0,32.0,63.0,67.0,26.1036,25.9179,195.02K,154.86K,804.65,513.3,104.65B,No,712.71,687.86,634.97,687.35,622.26,500
1420,CYIENT.NS,1076.4,1075.1,187.03K,Technology Services,Packaged Software,60.0,93.0,79.0,65.0,52.7321,50.8107,903.46K,1139.76K,1284.7,750.3,112.06B,No,1019.88,919.07,965.72,928.57,898.4,501
1421,HERITGFOOD.NS,398.05,380.1,2055.22K,Consumer Non-Durables,Food: Meat/Fish/Dairy,60.0,79.0,80.0,70.0,14.5286,14.475,465.40K,918.25K,540.0,292.55,36.94B,No,373.94,351.88,365.93,358.5,339.24,500
1422,RVTH.NS,762.5,787.3,1.56K,Industrial Services,Oilfield Services/Equipment,60.0,71.0,64.0,65.0,27.4857,27.3857,1.04K,1.72K,1300.0,491.1,2.34B,No,738.3,725.84,681.74,725.74,670.6,498
1423,NEOINFRA.BO,42.5,44.3,3.03K,Finance,Real Estate Development,60.0,75.0,22.0,33.0,5.1257,4.9743,2.45K,4.79K,54.99,31.66,225.54M,No,41.63,41.16,40.39,41.06,42.25,497
1424,POLYMED.NS,1747.7,1724.0,99.92K,Health Technology,Medical Specialties,60.0,25.0,70.0,71.0,62.3857,62.3857,162.68K,222.48K,2107.8,1182.0,177.15B,No,1743.17,1718.12,1583.05,1709.74,1527.64,501
1425,LINCOLN.NS,634.4,637.5,27.78K,Health Technology,Pharmaceuticals: Major,60.0,73.0,42.0,41.0,15.3357,14.3857,54.21K,41.59K,770.0,440.0,12.71B,No,619.17,606.36,582.68,606.74,618.71,498
1426,NIITLTD.NS,94.09,94.99,140.97K,Commercial Services,Miscellaneous Commercial Services,60.0,56.0,61.0,80.0,3.9243,3.8914,1646.87K,462.63K,114.75,49.0,12.89B,No,97.71,97.59,83.36,97.12,81.51,501
1427,BORANA.NS,317.65,316.2,8.54K,Process Industries,Textiles,60.0,39.0,44.0,8.0,12.6393,12.1536,40.30K,25.35K,420.0,215.35,8.46B,No,312.49,317.77,328.46,318.33,331.69,324
1428,JAYSREETEA.NS,95.08,94.88,66.27K,Process Industries,Agricultural Commodities/Milling,60.0,74.0,70.0,66.0,5.0493,4.9914,84.09K,82.36K,112.7,70.55,2.75B,No,97.14,89.3,86.55,90.16,86.9,498
1429,NXST.BO,167.95,167.32,6.27K,Finance,Real Estate Investment Trusts,60.0,53.0,58.0,48.0,1.8393,1.6943,168.50K,636.98K,175.0,146.16,254.44B,No,167.55,166.76,160.37,166.75,159.95,497
1430,ABDL.NS,611.45,604.15,300.85K,Consumer Non-Durables,Beverages: Alcoholic,60.0,52.0,33.0,71.0,17.2607,16.8786,455.03K,211.08K,711.7,382.1,171.03B,No,607.78,621.86,560.2,613.07,560.05,500
1431,ULTRAMAR.NS,433.35,427.5,54.88K,Process Industries,Chemicals: Specialty,60.0,78.0,73.0,,18.3429,17.225,81.09K,123.77K,455.75,364.1,12.65B,No,420.9,400.03,,404.95,,101
1432,KKSHL.BO,43.0,42.0,9.00K,Health Services,Hospital/Nursing Management,60.0,75.0,38.0,71.0,1.1279,0.4957,3.66K,4.50K,51.9,29.0,292.77M,No,42.13,40.76,39.57,40.89,40.05,499
1433,CSURGSU.BO,97.05,92.45,0.25K,Health Technology,Medical Specialties,60.0,88.0,74.0,54.0,4.46,2.5329,0.16K,0.16K,124.9,73.04,354.07M,No,91.92,85.49,90.53,87.01,87.87,498
1434,IMPAL.NS,1127.7,1128.7,3.13K,Distribution Services,Wholesale Distributors,60.0,64.0,58.0,51.0,40.7072,40.2,4.20K,4.27K,1238.9,928.0,14.07B,No,1100.09,1108.23,1056.09,1100.39,1057.86,499
1435,INDGELA.BO,375.0,373.65,0.59K,Process Industries,Chemicals: Major Diversified,60.0,28.0,56.0,53.0,10.2964,9.9857,1.74K,1.15K,418.0,295.0,2.66B,No,374.58,373.41,351.74,373.35,356.71,497
1436,VARDHACRLC.NS,44.25,44.02,22.14K,Consumer Non-Durables,Apparel/Footwear,60.0,55.0,45.0,70.0,1.3029,1.2571,35.55K,36.38K,48.55,27.01,3.56B,No,44.05,44.21,39.88,43.99,40.4,500
1437,ASTERDM.NS,766.5,780.35,999.91K,Health Services,Hospital/Nursing Management,60.0,13.0,26.0,56.0,17.8357,17.7571,2283.02K,1442.55K,891.3,519.1,668.14B,No,778.84,800.92,701.58,799.09,742.23,500
1438,BSE.NS,3306.0,3289.8,2227.99K,Finance,Investment Banks/Brokers,60.0,19.0,10.0,63.0,104.7143,90.1286,3721.01K,4822.40K,4446.8,2021.5,1342.66B,No,3327.3,3515.82,3289.6,3485.52,3468.83,500
1439,CHOICEIN.NS,770.4,750.65,533.36K,Commercial Services,Miscellaneous Commercial Services,60.0,30.0,71.0,59.0,15.0643,14.9214,832.37K,325.20K,860.5,568.7,171.63B,No,781.93,800.29,744.94,803.58,729.22,500
1440,DHINDIA.BO,191.3,182.2,7.08K,Process Industries,Industrial Specialties,60.0,71.0,15.0,69.0,7.1679,5.975,6.20K,4.96K,304.8,121.5,1.96B,No,170.98,208.31,204.04,203.45,228.14,497
1441,GTECJAINX.NS,27.9,26.87,5.39K,Commercial Services,Miscellaneous Commercial Services,60.0,14.0,10.0,81.0,1.5843,1.5829,8.81K,4.28K,38.35,15.54,284.28M,No,28.84,28.48,23.7,28.58,24.17,497
1442,VAPIENTER.BO,118.75,124.95,0.23K,Finance,Finance/Rental/Leasing,60.0,1.0,78.0,48.0,7.2571,6.7714,0.94K,0.09K,172.85,89.55,270.92M,No,140.94,136.03,114.8,136.21,113.57,497
1443,VVIPIL.BO,139.5,136.55,13.80K,Industrial Services,Engineering & Construction,60.0,86.0,67.0,74.0,7.4286,7.1714,13.10K,30.36K,177.9,92.05,3.48B,No,130.08,129.03,120.84,129.2,122.23,498
1444,NATGENI.BO,60.45,58.5,0.00K,Non-Energy Minerals,Steel,60.0,33.0,22.0,48.0,2.0586,1.8479,0.18K,0.07K,72.92,34.53,270.98M,No,59.68,59.06,52.62,59.52,57.61,496
1445,LXCHEM.NS,170.63,178.56,1813.23K,Process Industries,Chemicals: Specialty,60.0,44.0,69.0,81.0,6.78,6.6864,1524.19K,1060.37K,241.0,107.6,47.42B,No,173.15,173.55,154.61,172.69,150.78,500
1446,SAVERA.BO,167.45,167.6,2.20K,Consumer Services,Hotels/Resorts/Cruise Lines,60.0,65.0,58.0,43.0,5.9071,5.7071,3.97K,5.13K,189.9,133.0,2.00B,No,166.18,163.93,156.0,164.76,160.79,497
1447,FEDFINA.NS,158.88,156.94,454.38K,Finance,Finance/Rental/Leasing,60.0,69.0,55.0,70.0,5.2221,5.1836,1555.33K,863.06K,178.48,119.07,59.60B,No,157.18,155.14,148.69,155.9,148.27,501
1448,HOCL.BO,37.06,36.98,26.25K,Process Industries,Chemicals: Specialty,60.0,39.0,40.0,69.0,1.2814,1.2807,43.09K,39.61K,46.6,21.05,2.49B,No,37.2,37.65,33.55,37.56,34.44,497
1449,MANGALAM.NS,34.88,31.71,284.79K,Health Technology,Pharmaceuticals: Major,60.0,93.0,79.0,49.0,2.4,2.3936,35.33K,34.54K,79.49,22.8,552.09M,No,30.01,28.44,30.32,28.95,29.43,499
1450,AIAENG.NS,4116.3,4172.1001,27.23K,Producer Manufacturing,Industrial Machinery,60.0,7.0,29.0,54.0,94.2071,92.5571,74.10K,49.91K,5180.0,3002.0,384.13B,No,4289.88,4529.95,4122.0,4469.44,4187.97,498
1451,UNIFIED.BO,377.35,378.35,31.60K,Technology Services,Information Technology Services,60.0,54.0,54.0,55.0,13.0143,12.2179,26.08K,54.48K,495.0,284.0,7.58B,No,374.11,371.8,368.95,372.83,368.07,322
1452,LUDLOWJUT.BO,330.0,333.85,4.83K,Process Industries,Textiles,59.0,26.0,51.0,84.0,16.9179,16.2607,3.52K,8.89K,454.2,162.0,3.56B,No,334.85,360.25,291.49,360.3,303.64,497
1453,TITAGARH.NS,859.2,876.35,970.70K,Producer Manufacturing,Trucks/Construction/Farm Machinery,59.0,64.0,46.0,70.0,29.0,28.7286,606.98K,808.70K,971.0,568.7,103.00B,No,844.49,844.1,795.92,842.9,785.93,501
1454,CLSEL.NS,302.55,305.2,57.91K,Process Industries,Agricultural Commodities/Milling,59.0,78.0,67.0,63.0,13.7714,13.6929,403.34K,118.57K,324.8,203.75,15.04B,No,296.21,288.54,270.82,286.71,275.25,498
1455,KIRANPR.BO,29.0,29.0,0.00K,Commercial Services,Commercial Printing/Forms,59.0,36.0,45.0,41.0,0.0,0.0,0.02K,0.02K,30.98,20.75,145.08M,No,29.0,29.63,27.46,29.54,28.2,495
1456,RAYMONDREL.NS,572.05,580.65,276.94K,Finance,Real Estate Development,59.0,48.0,36.0,80.0,26.4072,25.9536,637.36K,556.68K,734.9,349.0,38.07B,No,562.12,625.95,526.07,618.39,539.94,301
1457,VELJAN.NS,1919.4,1885.2,0.57K,Producer Manufacturing,Industrial Machinery,59.0,,,,63.5143,62.3143,0.55K,0.77K,1935.0,1750.3,,No,,,,,,18
1458,NIRLON.NS,620.05,619.7,3.62K,Finance,Real Estate Development,59.0,42.0,46.0,,13.2,11.5679,9.14K,12.36K,657.0,543.0,55.88B,No,630.19,626.79,,623.6,,100
1459,MUKANDLTD.NS,142.57,139.69,329.15K,Non-Energy Minerals,Steel,59.0,59.0,58.0,57.0,3.6179,3.5007,154.13K,72.95K,154.25,114.31,20.60B,No,136.29,137.95,133.75,138.72,134.59,500
1460,RIR.NS,177.38,184.9,2170.32K,Electronic Technology,Semiconductors,59.0,55.0,,,10.1136,9.7136,529.03K,1498.29K,203.83,154.0,14.11B,No,167.94,,,,,41
1461,GHVINFRA.BO,287.1,288.5,1.92K,Technology Services,Data Processing Services,59.0,74.0,82.0,22.0,7.7179,7.6786,40.92K,7.91K,368.5,173.3,23.09B,No,284.79,258.54,268.48,266.74,266.36,498
1462,PERSISTENT.NS,5509.5,5419.0,516.79K,Technology Services,Information Technology Services,59.0,57.0,71.0,55.0,160.5714,143.4643,732.35K,560.30K,6599.0,4244.5,860.75B,No,5616.27,5387.81,5424.97,5473.73,5114.22,501
1463,NARMP.BO,23.52,23.63,15.16K,Producer Manufacturing,Miscellaneous Manufacturing,59.0,85.0,67.0,47.0,0.5964,0.5736,91.59K,115.47K,34.55,14.56,852.13M,No,23.62,21.98,22.54,22.02,21.47,498
1464,RAINBOW.NS,1460.1,1451.1,75.65K,Health Services,Hospital/Nursing Management,59.0,42.0,59.0,64.0,35.2929,34.7786,98.25K,88.42K,1610.0,1084.0,148.13B,No,1448.97,1476.07,1327.23,1474.88,1343.94,499
1465,LAKSHMIEW.BO,2399.0,2400.0,0.11K,Producer Manufacturing,Industrial Machinery,59.0,85.0,41.0,73.0,85.8714,72.0643,0.08K,0.09K,2579.95,1681.2,1.60B,No,2157.1,2219.82,2121.97,2192.99,2110.66,497
1466,TVSSCS.NS,128.73,124.65,951.28K,Transportation,Air Freight/Couriers,59.0,61.0,56.0,58.0,5.84,5.6407,1455.81K,671.91K,146.5,90.32,56.80B,No,126.99,132.15,117.36,131.48,122.21,499
1467,SEJALLTD.NS,672.0,645.6,3.75K,Process Industries,Industrial Specialties,59.0,37.0,44.0,73.0,25.2036,25.1143,8.41K,5.93K,1036.7,381.0,7.88B,No,673.62,710.0,715.89,705.81,679.24,500
1468,TECHKGREEN.BO,142.0,130.55,16.80K,Commercial Services,Miscellaneous Commercial Services,59.0,69.0,39.0,66.0,5.5286,4.7964,4.93K,4.76K,194.05,95.5,1.05B,No,135.07,136.72,122.5,136.93,127.49,497
1469,PERMAGN.NS,869.5,843.3,3.54K,Producer Manufacturing,Industrial Machinery,59.0,,,,37.9107,37.0821,7.02K,3.39K,929.0,784.05,,No,,,,,,18
1470,GENUSPOWER.NS,326.15,329.0,786.88K,Electronic Technology,Electronic Equipment/Instruments,59.0,74.0,51.0,71.0,12.8143,12.7036,3588.99K,3112.97K,363.0,206.36,90.21B,No,331.15,320.16,296.4,322.98,300.04,501
1471,HMVL.NS,78.76,80.42,5.82K,Consumer Services,Publishing: Newspapers,59.0,6.0,40.0,62.0,3.625,3.4236,74.79K,18.60K,108.16,55.2,5.80B,No,88.21,91.09,74.89,89.69,76.64,498
1472,KANCHI.NS,403.75,405.5,4.13K,Process Industries,Chemicals: Specialty,59.0,,,,18.4679,16.9357,3.61K,4.05K,435.0,359.95,1.75B,No,,,,,,18
1473,CUMMINSIND.NS,5155.0,5170.5,814.11K,Producer Manufacturing,Auto Parts: Oem,59.0,36.0,23.0,48.0,104.6071,102.2857,456.49K,394.44K,6100.0,3833.0,1428.97B,No,5191.5,5381.08,4979.88,5350.55,5255.9,500
1474,INDIANHUME.NS,367.0,379.55,77.44K,Producer Manufacturing,Building Products,59.0,33.0,82.0,60.0,16.7607,16.7143,176.61K,44.34K,432.0,279.8,19.33B,No,379.78,381.72,359.35,383.81,343.01,499
1475,HCC.NS,22.81,23.43,19947.56K,Industrial Services,Engineering & Construction,59.0,84.0,39.0,78.0,1.1236,1.1071,35887.40K,48353.08K,30.0,13.65,59.75B,No,22.55,22.29,20.6,22.09,20.9,501
1476,MODIRUBBER.NS,125.39,125.89,0.81K,Consumer Durables,Automotive Aftermarket,59.0,65.0,43.0,55.0,9.9843,9.9407,3.89K,4.24K,167.5,98.41,3.14B,No,126.64,126.4,123.75,127.3,125.59,499
1477,KANCOTEA.NS,52.29,55.95,0.86K,Process Industries,Agricultural Commodities/Milling,59.0,,,,3.0914,2.9114,0.57K,0.19K,58.7,46.2,,No,,,,,,18
1478,TIGLOB.BO,186.1,174.9,5.89K,Consumer Non-Durables,Food: Major Diversified,59.0,80.0,69.0,48.0,7.7821,6.9036,0.87K,0.85K,209.7,142.3,943.10M,No,172.87,170.26,176.39,171.74,173.09,497
1479,SOUTLAT.BO,35.84,35.84,1.31K,Finance,Financial Conglomerates,59.0,96.0,75.0,75.0,1.2093,0.6379,1.83K,1.01K,89.88,19.58,263.75M,No,32.62,29.59,33.92,29.24,29.52,497
1480,KAVDEFENCE.NS,74.77,63.19,2358.79K,Electronic Technology,Telecommunications Equipment,59.0,92.0,80.0,62.0,4.6729,4.6279,166.68K,457.84K,162.87,51.51,4.50B,No,59.62,59.28,64.89,60.65,62.37,501
1481,ADINATH.BO,21.98,22.49,1.96K,Process Industries,Textiles,59.0,78.0,55.0,44.0,1.5664,1.565,1.27K,2.81K,31.61,15.46,149.78M,No,21.51,21.07,21.46,21.14,20.94,497
1482,VANDU.BO,62.25,63.9,144.00K,Consumer Non-Durables,Food: Specialty/Candy,59.0,69.0,76.0,56.0,2.8036,2.3829,49.78K,37.60K,77.0,40.0,1.11B,No,62.37,57.15,56.55,58.04,54.06,417
1483,POONAWALLA.NS,449.4,448.6,502.95K,Finance,Finance/Rental/Leasing,59.0,22.0,71.0,47.0,11.725,11.3214,1524.69K,771.59K,570.4,361.2,393.61B,No,474.3,473.97,442.18,474.24,436.25,501
1484,MOBAVENUE.BO,284.4,289.45,42.47K,Technology Services,Packaged Software,59.0,21.0,43.0,68.0,7.8464,7.7857,60.70K,33.45K,343.8,196.9,21.98B,No,305.94,308.99,264.01,306.86,272.69,500
1485,SOUTHWEST.NS,216.19,226.81,370.65K,Energy Minerals,Coal,59.0,31.0,17.0,56.0,10.6293,10.2257,392.81K,331.47K,275.0,121.0,7.06B,No,215.64,224.15,216.38,223.58,224.35,500
1486,MINDSPACE.BO,492.79,498.01,6.28K,Finance,Real Estate Investment Trusts,59.0,52.0,57.0,47.0,7.3379,7.1364,12.38K,11.89K,525.5,417.1,326.22B,No,495.9,493.65,477.24,493.35,474.96,497
1487,PARAGONF.BO,53.5,53.97,0.02K,Finance,Finance/Rental/Leasing,59.0,81.0,56.0,52.0,3.2057,2.6736,1.23K,0.23K,63.67,37.25,227.38M,No,54.19,51.59,50.68,52.92,51.05,498
1488,VIDHIING.NS,338.9,350.2,17.80K,Consumer Non-Durables,Food: Specialty/Candy,59.0,74.0,73.0,47.0,15.7071,15.3536,46.24K,44.43K,387.85,258.6,16.93B,No,337.66,319.77,313.37,323.99,306.66,498
1489,NUKLEUS.BO,204.95,205.0,1.20K,Finance,Real Estate Development,58.0,44.0,30.0,37.0,4.9929,3.4964,2.56K,0.84K,239.9,143.1,826.36M,No,204.64,211.22,204.25,209.95,208.0,377
1490,BERLDRG.BO,24.12,24.77,3.04K,Health Technology,Pharmaceuticals: Other,58.0,56.0,51.0,64.0,1.8943,1.8871,2.33K,2.73K,27.6,15.92,122.33M,No,23.34,22.66,22.1,22.96,21.97,497
1491,EICHERMOT.NS,7697.0,7734.5,289.06K,Consumer Durables,Motor Vehicles,58.0,38.0,57.0,38.0,144.1786,133.1071,558.56K,550.35K,8230.0,6442.0,2112.99B,No,7935.4,7775.21,7393.52,7787.35,7426.4,500
1492,MLKFOOD.NS,83.42,84.97,7.37K,Consumer Non-Durables,Food: Specialty/Candy,58.0,,,,4.2036,4.1736,8.92K,2.85K,93.0,75.25,,No,,,,,,18
1493,CBPL.BO,44.65,47.0,1.00K,Distribution Services,Medical Distributors,58.0,47.0,46.0,57.0,0.5607,0.0,3.20K,1.70K,52.71,29.7,336.89M,No,50.73,43.24,39.78,43.46,39.4,498
1494,CHALET.NS,875.55,889.7,119.74K,Consumer Services,Hotels/Resorts/Cruise Lines,58.0,73.0,75.0,57.0,26.8929,26.8929,176.17K,215.07K,1070.1,691.35,,No,876.42,851.74,823.58,854.84,803.92,500
1495,RAUNAQ.BO,43.0,43.3,5.00K,Industrial Services,Engineering & Construction,58.0,95.0,92.0,13.0,0.7114,0.3271,1.25K,0.50K,98.8,24.31,143.76M,No,39.82,34.23,45.33,36.43,40.91,496
1496,TAINWALCHM.NS,210.02,209.11,3.83K,Process Industries,Containers/Packaging,58.0,65.0,53.0,42.0,7.9843,7.9843,11.92K,2.22K,257.0,155.0,1.97B,No,212.1,208.33,195.4,207.47,199.42,498
1497,STEP2COR.BO,29.92,28.5,1.50K,Finance,Investment Banks/Brokers,58.0,92.0,69.0,34.0,1.805,1.0214,1.17K,4.61K,36.95,19.86,291.56M,No,25.35,23.13,28.32,23.78,27.61,498
1498,IZMO.NS,900.2,912.3,80.20K,Technology Services,Packaged Software,58.0,34.0,31.0,73.0,42.1571,41.9571,132.24K,216.97K,1374.7,562.0,13.49B,No,888.92,973.36,830.31,966.08,844.82,499
1499,MEGASTAR.NS,284.95,285.1,0.91K,Process Industries,Agricultural Commodities/Milling,58.0,12.0,23.0,64.0,10.225,10.0607,37.10K,2.44K,392.0,203.0,3.22B,No,305.28,329.04,280.48,325.0,299.16,499
1500,REFEXRENEW.BO,340.7,337.35,0.53K,Industrial Services,Engineering & Construction,58.0,68.0,64.0,74.0,0.7107,0.0,0.34K,0.14K,789.0,209.05,1.53B,No,333.07,323.47,297.96,326.03,300.3,496
1501,V2RETAIL.NS,218.13,219.67,528.18K,Retail Trade,Apparel/Footwear Retail,58.0,42.0,43.0,55.0,5.1593,5.0021,1115.54K,1095.77K,259.25,158.99,79.54B,No,219.64,221.16,215.87,219.15,214.0,500
1502,HEALTHX.NS,305.35,299.5,19.20K,Retail Trade,Internet Retail,58.0,59.0,60.0,50.0,12.4929,12.4929,9.32K,4.51K,363.0,252.5,9.71B,No,298.09,308.33,298.52,306.5,294.72,498
1503,GVBL.BO,31.5,30.2,0.88K,Health Technology,Biotechnology,58.0,70.0,69.0,49.0,1.195,0.9086,0.90K,0.46K,41.0,20.1,96.22M,No,29.96,29.46,27.33,29.77,28.23,497
1504,SURJIND.BO,58.94,59.02,2.82K,Process Industries,Agricultural Commodities/Milling,58.0,82.0,41.0,68.0,3.9679,3.8886,9.03K,7.18K,84.5,38.1,5.14B,No,60.19,57.01,50.74,57.43,52.87,497
1505,ELECTHERM.NS,943.0,965.0,13.57K,Non-Energy Minerals,Steel,58.0,22.0,5.0,77.0,29.0714,28.6857,37.62K,9.86K,1277.0,551.0,12.02B,No,1006.25,1036.77,871.19,1017.84,879.63,499
1506,JMA.NS,95.51,97.14,16.70K,Producer Manufacturing,Auto Parts: Oem,58.0,78.0,43.0,55.0,5.0936,5.0929,18.64K,45.20K,103.7,70.25,2.18B,No,91.14,89.59,85.51,90.4,88.18,498
1507,VASUPRADA.NS,103.0,103.0,0.05K,Consumer Non-Durables,Food: Specialty/Candy,58.0,,,,1.7114,0.3393,0.17K,0.24K,111.38,94.0,,No,,,,,,18
1508,BHILSPIN.BO,126.0,133.0,3.74K,Process Industries,Textiles,58.0,52.0,54.0,55.0,5.3536,5.2857,2.02K,1.44K,152.95,98.9,1.14B,No,130.88,128.78,117.22,129.42,119.63,497
1509,ONWARDTEC.NS,288.65,285.75,55.20K,Technology Services,Information Technology Services,58.0,58.0,69.0,58.0,8.775,8.775,335.32K,34.94K,355.0,208.25,6.33B,No,285.78,286.43,275.1,287.34,266.75,498
1510,RDBRL.BO,167.7,164.85,7.26K,Process Industries,Containers/Packaging,58.0,59.0,71.0,30.0,6.2607,6.2536,12.72K,6.72K,192.0,138.25,2.97B,No,168.64,164.41,163.68,165.93,161.21,497
1511,HAMPS.BO,25.5,25.5,16.00K,Health Technology,Pharmaceuticals: Major,58.0,67.0,45.0,79.0,0.785,0.1629,4.25K,2.80K,29.4,13.36,222.16M,No,24.31,24.92,22.5,25.09,23.71,427
1512,UVDRHOR.BO,38.31,36.57,14.93K,Producer Manufacturing,Industrial Machinery,58.0,72.0,30.0,47.0,2.0014,1.9486,3.72K,4.21K,62.69,28.1,2.64B,No,36.05,35.47,37.52,35.73,36.94,499
1513,MOLDTKPAC.NS,685.45,690.2,14.86K,Producer Manufacturing,Miscellaneous Manufacturing,58.0,58.0,45.0,63.0,19.7,19.5607,96.02K,57.05K,847.4,464.9,22.78B,No,695.98,690.33,619.25,693.67,636.24,499
1514,KRYSTAL.NS,624.45,634.25,4.59K,Commercial Services,Miscellaneous Commercial Services,58.0,56.0,62.0,46.0,26.9179,26.4071,36.39K,21.85K,696.0,500.0,8.72B,No,643.96,619.45,587.18,620.55,596.75,499
1515,ASHIANA.NS,347.9,349.1,19.18K,Finance,Real Estate Development,58.0,18.0,34.0,55.0,8.0393,7.4179,176.22K,29.36K,435.9,269.45,34.97B,No,362.78,374.16,336.77,370.31,351.28,500
1516,DIXON.NS,13500.0,13845.0,467.95K,Electronic Technology,Electronic Production Equipment,58.0,45.0,74.0,74.0,366.2143,363.5714,506.52K,262.62K,18471.0,9600.0,820.83B,No,14416.7,14074.24,12139.3,14121.5,12082.83,501
1517,CONCORDBIO.NS,1452.8,1464.5,106.00K,Commercial Services,Miscellaneous Commercial Services,58.0,60.0,58.0,63.0,48.0,46.5214,167.74K,128.43K,1704.0,987.0,151.99B,No,1497.12,1398.94,1263.67,1405.54,1238.31,500
1518,SIMPLXREA.NS,132.5,132.23,0.41K,Consumer Durables,Homebuilding,58.0,,,,5.9064,4.0929,0.10K,0.06K,149.98,116.1,,No,,,,,,17
1519,GREAVESCOT.NS,193.6,192.38,1099.46K,Producer Manufacturing,Trucks/Construction/Farm Machinery,58.0,54.0,56.0,69.0,5.1386,4.9943,2401.58K,750.58K,271.9,119.99,45.10B,No,194.3,215.96,182.45,216.67,183.4,501
1520,GANDHITUBE.NS,899.3,898.8,2.83K,Non-Energy Minerals,Steel,58.0,39.0,56.0,47.0,18.2393,18.0179,7.92K,5.23K,1010.0,681.05,10.15B,No,894.42,884.06,831.47,882.73,861.85,498
1521,RPSGVENT.NS,840.2,863.7,43.30K,Finance,Financial Conglomerates,58.0,24.0,32.0,72.0,24.3322,23.9357,28.02K,34.13K,1179.0,551.9,27.80B,No,859.49,886.93,823.78,882.32,857.86,500
1522,PSPPROJECT.NS,865.05,879.95,17.16K,Industrial Services,Engineering & Construction,58.0,22.0,36.0,68.0,24.1786,24.175,113.12K,39.86K,1143.0,569.2,34.29B,No,898.26,970.35,844.17,955.15,840.81,498
1523,COSYN.BO,23.7,24.0,2.20K,Technology Services,Packaged Software,58.0,85.0,67.0,58.0,1.5293,1.4871,2.51K,2.28K,27.5,18.65,177.75M,No,22.8,21.48,22.1,21.92,21.55,497
1524,STEELCITY.NS,91.4,84.07,183.22K,Finance,Investment Banks/Brokers,58.0,82.0,76.0,49.0,3.7664,3.6829,18.36K,9.04K,105.57,71.26,1.38B,No,84.15,80.64,83.54,81.42,81.03,498
1525,INTEGSW.BO,156.0,156.75,0.30K,Producer Manufacturing,Electrical Products,58.0,48.0,51.0,49.0,0.6679,0.025,0.08K,0.04K,168.95,102.6,449.53M,No,162.65,158.37,143.37,158.85,150.7,497
1526,HOMEFIRST.NS,1209.4,1202.3,168.56K,Finance,Finance/Rental/Leasing,57.0,63.0,72.0,59.0,32.1143,30.2643,203.16K,194.15K,1317.7,893.7,126.45B,No,1192.26,1199.89,1129.25,1200.93,1125.65,499
1527,SUPREMEINF.NS,88.73,85.54,287.42K,Industrial Services,Engineering & Construction,57.0,66.0,61.0,55.0,4.3836,4.3407,160.20K,51.96K,113.0,58.11,8.65B,No,86.12,84.73,81.46,85.25,79.69,499
1528,SPML.BO,158.35,154.9,6.00K,Distribution Services,Medical Distributors,57.0,50.0,5.0,,5.5107,4.5714,8.66K,7.90K,381.2,121.1,1.39B,No,155.36,169.22,,166.59,,115
1529,MENNPIS.NS,76.41,80.43,52.60K,Producer Manufacturing,Auto Parts: Oem,57.0,,,,3.8086,3.7136,114.05K,161.88K,85.8,69.55,,No,,,,,,18
1530,KRISHIVAL.NS,418.15,417.65,11.23K,Process Industries,Agricultural Commodities/Milling,57.0,67.0,48.0,73.0,8.45,8.2393,24.41K,22.13K,508.0,282.3,10.72B,No,404.29,399.21,373.36,402.24,370.16,499
1531,NATRAJPR.BO,38.39,39.9,4.33K,Process Industries,Agricultural Commodities/Milling,57.0,60.0,49.0,65.0,3.2371,3.1343,1.64K,2.47K,45.9,28.0,143.85M,No,40.35,38.29,35.59,38.7,37.04,497
1532,LANDMARK.NS,484.1,491.5,72.93K,Retail Trade,Specialty Stores,57.0,5.0,69.0,74.0,20.2429,19.6714,965.12K,76.72K,662.8,339.5,20.07B,No,509.41,507.35,445.32,505.3,436.05,499
1533,TNPL.NS,154.03,155.34,364.79K,Process Industries,Pulp & Paper,57.0,54.0,57.0,54.0,5.5679,5.3779,273.44K,659.50K,175.75,121.51,10.66B,No,145.16,147.44,143.15,147.92,143.66,499
1534,SHRINGARMS.NS,216.79,218.7,156.04K,Consumer Durables,Other Consumer Specialties,57.0,29.0,52.0,45.0,5.5471,5.4921,663.67K,391.31K,266.5,166.0,20.91B,No,221.41,224.5,216.98,223.8,213.45,246
1535,AVG.NS,182.49,173.8,37.46K,Transportation,Air Freight/Couriers,57.0,19.0,59.0,72.0,6.5971,6.5871,69.80K,14.50K,264.43,116.66,3.41B,No,184.12,196.91,171.33,193.68,172.0,499
1536,SHRICON.BO,193.0,194.45,0.00K,Industrial Services,Engineering & Construction,57.0,25.0,14.0,40.0,6.0964,2.4536,0.15K,0.07K,278.0,122.55,239.32M,No,184.13,189.71,193.51,191.02,195.93,497
1537,CCL.NS,1096.8,1104.7,86.62K,Consumer Non-Durables,Food: Specialty/Candy,57.0,44.0,32.0,49.0,32.0286,31.7286,203.83K,161.91K,1242.2,815.5,146.24B,No,1109.02,1150.62,1071.27,1141.61,1104.81,500
1538,IRMENERGY.NS,281.25,282.85,71.08K,Energy Minerals,Integrated Oil,57.0,33.0,65.0,73.0,9.0714,9.0714,161.24K,71.33K,393.0,165.4,11.55B,No,284.65,275.29,262.42,275.74,258.82,501
1539,VETO.NS,127.15,124.63,23.87K,Producer Manufacturing,Electrical Products,57.0,68.0,14.0,66.0,4.0764,4.0671,40.85K,25.34K,153.95,82.32,2.43B,No,125.83,124.52,113.74,124.89,116.2,500
1540,NCCBLUE.BO,23.62,23.62,0.80K,Consumer Non-Durables,Food: Meat/Fish/Dairy,57.0,94.0,65.0,34.0,0.5136,0.2357,0.44K,0.54K,40.25,17.1,183.06M,No,19.76,18.49,23.43,18.99,21.62,497
1541,MANINFRA.NS,128.66,128.72,1842.32K,Finance,Real Estate Development,57.0,88.0,73.0,71.0,4.3671,4.2971,2213.48K,3840.36K,160.39,77.12,51.94B,No,117.75,109.07,111.91,110.56,107.68,500
1542,PSPLATINA.BO,1098000.0,1085000.0,0.00K,Miscellaneous,Investment Trusts,57.0,56.0,55.0,40.0,6500.0,1928.5714,,0.00K,1105000.0,985001.0,3.69B,No,1098450.05,1088870.02,1052407.85,1088550.1,1061320.0,437
1543,INDOCO.NS,254.25,231.18,6015.13K,Health Technology,Pharmaceuticals: Major,57.0,87.0,51.0,69.0,17.3657,16.9636,783.33K,2278.88K,332.2,162.19,23.44B,No,237.41,236.84,221.9,240.37,220.58,500
1544,RAMCOIND.NS,319.55,319.45,75.11K,Non-Energy Minerals,Construction Materials,57.0,7.0,68.0,60.0,9.6714,9.4893,1070.66K,114.55K,398.05,230.65,27.75B,No,337.49,343.17,306.89,339.89,302.38,500
1545,DCI.NS,274.6,270.8,202.58K,Electronic Technology,Telecommunications Equipment,57.0,2.0,47.0,52.0,30.6929,29.9107,117.41K,578.61K,475.0,208.98,4.50B,No,362.19,324.52,281.49,331.24,300.47,498
1546,RISHDIGA.BO,36.57,35.0,0.04K,Non-Energy Minerals,Steel,57.0,52.0,67.0,51.0,1.91,1.6929,0.98K,0.10K,43.95,28.5,200.64M,No,36.78,35.46,35.06,35.67,34.69,497
1547,FERMENTA.NS,483.65,494.4,54.98K,Health Technology,Biotechnology,57.0,,,,27.35,27.275,103.06K,119.30K,537.75,442.05,,No,,,,,,18
1548,IBINFO.BO,33.6,32.26,1.49K,Consumer Non-Durables,Food: Major Diversified,57.0,2.0,1.0,0.0,2.6407,2.5693,3.02K,3.38K,82.03,17.36,43.03M,No,37.96,41.52,45.31,40.86,51.76,500
1549,TITANSEC.BO,41.0,41.7,30.43K,Finance,Investment Banks/Brokers,57.0,39.0,35.0,52.0,1.9514,1.9407,24.45K,30.36K,58.35,32.02,1.03B,No,41.19,41.86,41.54,41.97,43.6,497
1550,GILLANDERS.NS,102.37,102.2,2.57K,Consumer Non-Durables,Food: Major Diversified,57.0,81.0,67.0,61.0,5.865,5.8643,7.12K,6.31K,129.4,76.0,2.18B,No,99.57,93.43,94.07,94.65,91.75,499
1551,MOTOGENFIN.NS,26.87,27.04,15.85K,Finance,Real Estate Development,57.0,57.0,25.0,72.0,1.7914,1.7364,23.02K,100.44K,34.4,17.5,1.05B,No,27.16,27.19,24.74,27.07,25.41,500
1552,BFINVEST.NS,448.6,449.7,52.56K,Finance,Financial Conglomerates,57.0,36.0,54.0,60.0,13.3357,12.7357,157.21K,37.76K,584.7,315.0,16.90B,No,453.04,460.69,420.94,462.11,426.53,499
1553,ASHOKLEY.NS,166.12,167.0,16213.63K,Producer Manufacturing,Trucks/Construction/Farm Machinery,57.0,28.0,63.0,16.0,3.8964,3.7564,20205.11K,12182.25K,215.42,132.26,975.76B,No,172.49,166.65,171.69,166.3,167.61,501
1554,WALCHANNAG.NS,208.92,211.78,262.56K,Producer Manufacturing,Industrial Machinery,57.0,14.0,6.0,69.0,8.2429,8.0271,1478.87K,684.05K,315.8,131.15,14.17B,No,217.98,230.46,205.89,229.72,217.42,501
1555,GOKUL.NS,42.61,42.78,242.17K,Process Industries,Agricultural Commodities/Milling,57.0,72.0,56.0,47.0,2.2886,2.2836,189.06K,200.97K,46.8,31.0,4.22B,No,41.77,40.76,39.8,40.92,40.59,498
1556,NICCOPAR.NS,80.02,80.27,0.66K,Consumer Services,Movies/Entertainment,57.0,,,,6.2886,6.1264,25.68K,41.52K,98.99,72.0,3.74B,No,,,,,,18
1557,INDIGOPNTS.NS,1077.8,1111.2,74.56K,Process Industries,Industrial Specialties,57.0,36.0,66.0,65.0,37.8286,36.6,113.10K,70.55K,1345.9,708.05,51.45B,No,1150.16,1108.47,1028.79,1111.46,975.58,500
1558,KKCL.NS,501.7,513.55,27.39K,Consumer Non-Durables,Apparel/Footwear,57.0,29.0,71.0,47.0,15.7,15.1,53.41K,27.05K,595.0,408.35,30.92B,No,511.5,509.13,483.61,505.89,480.72,498
1559,INDIANB.NS,856.5,856.65,1180.23K,Finance,Major Banks,57.0,45.0,49.0,22.0,20.2107,18.2357,2187.14K,1133.93K,1000.9,690.45,1153.67B,No,878.71,853.52,862.07,864.57,873.85,500
1560,SEALMATIC.BO,380.0,380.0,4.86K,Producer Manufacturing,Industrial Machinery,57.0,29.0,63.0,54.0,8.6179,7.925,5.82K,5.35K,463.95,313.0,4.13B,No,392.7,389.89,378.68,392.87,382.76,499
1561,METROGLOBL.NS,140.97,142.31,1.45K,Distribution Services,Wholesale Distributors,57.0,72.0,61.0,,6.3179,6.2929,5.79K,0.88K,165.0,110.0,1.74B,No,141.08,135.91,,136.72,,101
1562,LGBBROSLTD.NS,1715.4,1729.7,9.00K,Producer Manufacturing,Electrical Products,57.0,80.0,70.0,25.0,44.6643,44.3214,25.27K,34.76K,2048.0,1314.9,54.72B,No,1660.3,1600.06,1710.25,1612.72,1662.47,500
1563,SMR.BO,98.0,100.0,2.00K,Consumer Durables,Other Consumer Specialties,56.0,84.0,73.0,,2.8864,1.8293,10.36K,4.90K,115.0,75.85,1.83B,No,94.04,90.36,,89.66,,69
1564,MAMATA.NS,409.45,419.4,36.32K,Producer Manufacturing,Industrial Machinery,56.0,37.0,70.0,42.0,12.5036,12.4714,67.94K,57.24K,515.0,297.0,10.08B,No,410.08,403.46,401.74,406.54,396.02,427
1565,ZFCVINDIA.NS,2528.4,2469.8999,81.47K,Producer Manufacturing,Auto Parts: Oem,56.0,40.0,50.0,45.0,66.3357,65.0214,169.92K,64.84K,3044.0,2050.33,287.75B,No,2583.83,2486.66,2449.9,2506.68,2458.37,500
1566,NITCO.NS,95.23,92.53,246.63K,Producer Manufacturing,Building Products,56.0,46.0,44.0,74.0,4.085,3.93,1501.46K,674.54K,123.59,64.0,24.05B,No,93.99,101.25,91.99,100.19,94.2,499
1567,AARVI.NS,143.11,142.04,4.12K,Commercial Services,Personnel Services,56.0,21.0,42.0,51.0,5.4893,5.4893,47.85K,23.39K,168.4,115.99,2.12B,No,148.04,150.51,134.69,150.27,137.84,498
1568,HTMEDIA.NS,24.32,24.67,84.71K,Consumer Services,Publishing: Newspapers,56.0,11.0,58.0,62.0,1.1364,1.1336,237.51K,99.92K,31.3,17.52,5.63B,No,26.38,26.02,23.23,25.94,23.25,498
1569,KIMS.NS,772.8,761.55,256.62K,Health Services,Hospital/Nursing Management,56.0,33.0,43.0,48.0,20.4143,20.0786,585.53K,549.34K,858.0,575.8,309.23B,No,775.82,794.35,714.48,793.1,744.09,500
1570,RELTD.NS,155.08,151.94,231.26K,Utilities,Alternative Power Generation,56.0,22.0,70.0,54.0,6.595,6.565,624.33K,163.69K,196.45,114.59,30.79B,No,158.77,167.22,149.98,166.39,148.8,500
1571,KEYCORP.BO,76.0,74.49,0.42K,Finance,Finance/Rental/Leasing,56.0,47.0,79.0,47.0,4.865,4.7921,1.37K,0.81K,130.1,56.3,456.00M,No,75.51,71.86,74.67,73.66,71.64,497
1572,SINGERIND.NS,74.02,74.38,381.60K,Consumer Durables,Electronics/Appliances,56.0,3.0,60.0,,4.1414,4.1414,139.11K,100.99K,91.3,57.15,,No,77.99,72.34,,72.61,,119
1573,INDOKEM.NS,620.45,623.45,2.60K,Process Industries,Industrial Specialties,56.0,,,,34.0393,33.5786,4.03K,3.76K,657.0,560.0,17.30B,No,,,,,,18
1574,WALCHPF.BO,139.0,138.0,0.50K,Commercial Services,Miscellaneous Commercial Services,56.0,34.0,46.0,73.0,5.4429,4.1714,1.10K,0.69K,160.0,79.05,403.64M,No,141.48,135.77,126.24,138.59,126.09,497
1575,SIGMA.NS,44.97,45.83,111.14K,Technology Services,Packaged Software,56.0,34.0,63.0,59.0,2.5579,2.5043,292.55K,131.71K,65.5,35.46,4.62B,No,46.96,43.78,45.42,44.88,42.5,499
1576,HIGHENE.BO,589.25,594.4,25.86K,Producer Manufacturing,Electrical Products,56.0,64.0,71.0,46.0,28.05,27.9429,11.21K,8.51K,675.0,470.0,5.28B,No,588.48,586.91,565.17,593.21,567.25,497
1577,RELIABVEN.BO,24.9,24.98,0.01K,Consumer Services,Hotels/Resorts/Cruise Lines,56.0,11.0,7.0,67.0,0.5107,0.2464,6.33K,2.73K,37.05,16.63,274.22M,No,25.97,25.65,22.91,25.7,23.69,497
1578,SVGLOBAL.NS,140.8,147.65,0.71K,Finance,Real Estate Development,56.0,,,,17.1829,15.1514,20.20K,33.87K,172.81,114.3,,No,,,,,,18
1579,KIRLOSBROS.NS,1818.3,1850.2,25.55K,Producer Manufacturing,Industrial Machinery,56.0,23.0,60.0,52.0,38.2786,37.6571,165.96K,26.30K,2189.2,1335.0,144.39B,No,1895.25,1893.94,1704.63,1880.33,1736.23,500
1580,PPAP.NS,242.75,244.4,11.34K,Producer Manufacturing,Auto Parts: Oem,56.0,4.0,38.0,56.0,10.4429,10.2071,164.60K,13.18K,379.5,176.0,3.44B,No,265.48,281.88,231.08,283.89,238.33,498
1581,SUNPHARMA.NS,1861.0,1864.9,1178.44K,Health Technology,Pharmaceuticals: Major,56.0,35.0,52.0,38.0,34.1357,32.5857,1985.03K,1586.76K,2046.9,1548.0,4465.16B,No,1906.28,1930.43,1805.75,1925.71,1830.29,501
1582,LIKHITHA.NS,213.71,221.61,76.82K,Industrial Services,Engineering & Construction,56.0,9.0,25.0,79.0,9.065,9.0421,65.95K,156.85K,272.0,131.45,8.44B,No,210.29,224.99,199.91,220.78,207.17,500
1583,SUNDRMBRAK.NS,725.1,730.55,0.92K,Producer Manufacturing,Auto Parts: Oem,56.0,16.0,45.0,64.0,29.3179,28.8393,2.62K,0.69K,920.0,460.0,2.85B,No,791.27,796.1,685.73,785.91,691.93,500
1584,PNGJL.NS,611.05,611.45,248.50K,Retail Trade,Specialty Stores,56.0,50.0,67.0,55.0,19.4893,18.8821,559.87K,676.56K,736.4,503.0,89.95B,No,604.19,615.63,593.21,617.16,594.68,496
1585,SAYAJIIND.NS,115.99,116.0,0.03K,Process Industries,Chemicals: Specialty,56.0,,,,3.67,3.3436,1.64K,1.20K,124.0,106.5,2.93B,No,,,,,,18
1586,CARERATING.NS,1693.0,1724.6,29.31K,Commercial Services,Financial Publishing/Services,56.0,55.0,54.0,43.0,55.8143,55.5786,50.48K,85.94K,1838.0,1392.7,50.99B,No,1694.07,1689.0,1627.16,1696.48,1646.13,499
1587,MODTHREAD.NS,51.62,53.91,4.69K,Process Industries,Textiles,56.0,82.0,74.0,31.0,4.4871,4.4114,12.78K,9.29K,65.65,35.61,1.80B,No,54.14,50.17,46.31,50.54,47.61,499
1588,PNB.NS,116.85,115.61,18228.40K,Finance,Major Banks,56.0,47.0,64.0,35.0,2.0814,2.0357,16483.84K,12767.02K,135.15,98.5,1342.95B,No,116.35,112.52,114.65,113.29,111.55,501
1589,SAGILITY.NS,44.41,45.2,9849.20K,Commercial Services,Miscellaneous Commercial Services,56.0,63.0,64.0,54.0,1.2564,1.23,24432.88K,25288.83K,57.89,35.83,207.90B,No,44.56,43.31,44.33,43.5,41.9,457
1590,PRESTIGE.NS,1543.6,1540.4,295.86K,Finance,Real Estate Development,56.0,41.0,66.0,59.0,47.5286,44.1429,724.24K,522.88K,1805.2,1090.0,664.88B,No,1592.02,1624.77,1497.01,1616.21,1459.05,501
1591,GUJCONT.BO,180.15,171.6,0.80K,Process Industries,Containers/Packaging,56.0,75.0,55.0,53.0,5.3964,2.7,0.64K,0.69K,180.65,142.6,1.02B,No,167.12,161.8,162.6,163.78,159.93,497
1592,BHAGCHEM.NS,258.2,262.55,25.91K,Process Industries,Chemicals: Agricultural,56.0,14.0,41.0,70.0,8.2179,8.0036,200.74K,66.71K,316.9,170.6,33.48B,No,276.97,278.71,242.48,277.7,248.77,498
1593,UNOMINDA.NS,1224.8,1229.0,474.37K,Producer Manufacturing,Auto Parts: Oem,56.0,51.0,73.0,53.0,27.4143,26.3286,828.53K,733.43K,1382.0,994.0,707.27B,No,1256.94,1211.2,1169.66,1216.89,1141.41,501
1594,PICCADIL.NS,600.5,599.8,127.72K,Process Industries,Agricultural Commodities/Milling,56.0,7.0,54.0,51.0,18.9143,18.825,312.76K,189.47K,809.7,515.0,59.19B,No,652.06,694.19,607.33,683.48,612.58,300
1595,VITAL.NS,55.96,55.46,24.03K,Process Industries,Chemicals: Specialty,56.0,73.0,46.0,65.0,3.8429,3.8429,6.80K,17.86K,69.4,35.4,1.34B,No,53.84,51.55,53.29,52.34,52.61,498
1596,UNITDSPR.NS,1400.0,1405.2,432.90K,Consumer Non-Durables,Beverages: Alcoholic,56.0,18.0,65.0,38.0,30.5143,29.8,829.27K,655.30K,1563.4,1210.8,994.08B,No,1498.83,1473.09,1376.41,1473.07,1367.67,501
1597,SURYODAY.NS,151.06,153.42,132.57K,Finance,Regional Banks,56.0,21.0,20.0,60.0,4.7657,4.6957,2042.31K,243.60K,218.0,115.41,16.06B,No,153.93,167.02,150.48,164.94,155.3,499
1598,CYBERTECH.NS,140.78,142.27,19.75K,Technology Services,Information Technology Services,56.0,65.0,53.0,72.0,3.5379,3.4343,25.27K,12.99K,274.8,95.3,4.26B,No,134.92,138.42,134.28,138.06,131.4,499
1599,TECHM.NS,1525.8,1508.0,1405.55K,Technology Services,Information Technology Services,56.0,27.0,60.0,54.0,39.7357,36.4714,2593.79K,2004.50K,1854.0,1304.1,1351.70B,No,1591.11,1574.64,1517.7,1585.39,1474.79,501
1600,KIRLFER.NS,466.1,467.25,75.30K,Non-Energy Minerals,Steel,55.0,71.0,65.0,,11.7821,11.7821,241.72K,144.35K,513.0,408.0,76.92B,No,447.7,457.07,,457.95,,106
1601,KIRANVYPAR.NS,206.99,204.87,8.87K,Finance,Investment Banks/Brokers,55.0,,,,7.3236,7.2971,4.79K,6.55K,212.0,194.0,,No,,,,,,18
1602,KILITCH.NS,185.03,188.45,10.19K,Health Technology,Pharmaceuticals: Major,55.0,40.0,45.0,59.0,7.2786,7.2336,57.25K,22.71K,219.5,117.25,6.47B,No,173.8,180.89,169.49,180.72,168.23,499
1603,ESABINDIA.NS,5824.0,5932.0,3.50K,Producer Manufacturing,Electrical Products,55.0,55.0,49.0,49.0,144.8571,144.8571,5.32K,5.04K,7319.5,4710.0,89.65B,No,6121.18,5870.61,5854.81,5880.2,5862.9,498
1604,YUG.BO,24.0,24.0,31.05K,Process Industries,Industrial Specialties,55.0,66.0,54.0,81.0,0.1129,0.0414,2.99K,5.17K,33.0,11.33,388.40M,No,23.35,24.17,20.25,23.95,19.37,497
1605,VINEETLAB.NS,35.79,37.14,61.16K,Process Industries,Chemicals: Specialty,55.0,35.0,49.0,60.0,1.9929,1.9929,64.15K,97.11K,49.99,27.96,687.39M,No,37.76,37.13,35.2,37.13,34.82,499
1606,TRANSFD.BO,407.0,407.0,0.08K,Consumer Non-Durables,Food: Specialty/Candy,55.0,4.0,20.0,15.0,15.7429,9.0786,0.05K,0.09K,570.0,232.05,58.97M,No,406.31,449.8,445.95,437.1,458.94,496
1607,PRAVEG.NS,266.5,263.8,25.34K,Health Technology,Pharmaceuticals: Major,55.0,,,,11.4036,11.2929,82.77K,74.08K,281.0,246.4,6.97B,No,,,,,,18
1608,21STCENMGM.NS,38.97,38.8,2.64K,Finance,Investment Banks/Brokers,55.0,20.0,76.0,58.0,1.2036,1.1521,6.49K,4.42K,55.06,28.25,409.19M,No,41.71,38.6,37.52,39.21,35.11,498
1609,AVIVA.BO,60.9,60.9,0.00K,Process Industries,Industrial Specialties,55.0,59.0,25.0,39.0,0.0,0.0,0.31K,0.31K,68.34,48.03,1.98B,No,60.79,60.47,58.96,60.53,60.8,496
1610,IIFLCAPS.NS,337.3,338.05,337.78K,Finance,Investment Banks/Brokers,55.0,57.0,36.0,50.0,4.15,4.1143,401.29K,393.76K,411.3,240.4,106.31B,No,336.23,336.96,327.81,337.0,322.88,499
1611,DAICHI.NS,341.05,352.0,1.12K,Process Industries,Chemicals: Specialty,55.0,,,,17.2679,16.9607,6.79K,7.36K,380.0,315.0,,No,,,,,,18
1612,ALGOQUANT.NS,63.94,63.79,1313.62K,Finance,Investment Banks/Brokers,55.0,32.0,70.0,43.0,2.3564,2.3564,1331.77K,1169.69K,71.01,47.8,17.97B,No,64.88,64.67,,65.15,59.37,171
1613,SENCO.NS,349.9,355.8,392.18K,Consumer Durables,Other Consumer Specialties,55.0,8.0,56.0,59.0,12.0536,11.7893,1781.87K,765.47K,430.0,276.0,57.35B,No,351.78,366.31,334.22,365.22,337.05,500
1614,RATHIST.BO,22.06,22.46,68.45K,Non-Energy Minerals,Steel,55.0,5.0,71.0,52.0,1.2243,1.2114,97.47K,77.12K,28.99,13.5,1.91B,No,24.47,24.17,22.66,24.44,21.11,497
1615,TEJASNET.NS,549.8,575.9,4075.99K,Electronic Technology,Telecommunications Equipment,55.0,67.0,25.0,68.0,29.2,26.925,4164.33K,9749.64K,644.75,294.0,97.70B,No,541.56,536.02,471.22,538.85,499.1,501
1616,BAPACK.BO,198.9,197.65,0.04K,Process Industries,Containers/Packaging,55.0,61.0,63.0,65.0,12.9286,12.3357,0.54K,0.20K,253.75,141.15,986.64M,No,202.61,194.43,189.02,196.09,180.73,497
1617,BENARAS.NS,10736.0,10520.0,0.34K,Consumer Services,Hotels/Resorts/Cruise Lines,55.0,,,,285.0,281.2143,0.09K,0.10K,11200.0,9965.0,13.96B,No,,,,,,18
1618,GMDCLTD.NS,580.4,574.55,4879.86K,Distribution Services,Wholesale Distributors,55.0,38.0,32.0,48.0,13.875,13.45,1158.99K,804.97K,771.9,466.4,184.57B,No,568.02,575.67,591.98,574.27,605.23,501
1619,BANKA.NS,77.93,77.56,14.08K,Industrial Services,Environmental Services,55.0,40.0,9.0,78.0,4.2607,4.1193,4.28K,4.32K,97.88,41.0,851.19M,No,79.04,85.37,73.68,84.41,76.45,498
1620,BALGOPAL.BO,187.0,184.65,0.13K,Producer Manufacturing,Industrial Machinery,55.0,25.0,72.0,50.0,6.6643,6.4464,1.98K,0.17K,272.95,130.0,4.35B,No,196.36,197.09,178.13,194.06,175.43,497
1621,REGAAL.NS,85.73,85.8,110.27K,Process Industries,Agricultural Commodities/Milling,55.0,45.0,59.0,74.0,3.6586,3.6586,227.18K,328.50K,111.88,57.27,8.83B,No,91.4,85.85,77.24,85.28,80.9,265
1622,NARPROP.BO,39.65,39.0,2.34K,Finance,Real Estate Development,55.0,47.0,64.0,61.0,2.6007,2.4214,0.53K,0.65K,44.87,28.9,281.77M,No,38.19,38.11,36.6,38.04,36.82,497
1623,QUINT.NS,39.23,39.51,5.77K,Producer Manufacturing,Trucks/Construction/Farm Machinery,55.0,,,,2.8214,2.7729,15.95K,6.43K,46.0,35.58,,No,,,,,,18
1624,KALYANI.NS,144.99,144.99,0.25K,Distribution Services,Wholesale Distributors,55.0,68.0,53.0,43.0,0.4929,0.0,0.00K,0.03K,144.99,138.09,144.99M,No,140.5,139.06,138.33,140.16,138.78,297
1625,SIMPLEXINF.NS,255.75,259.35,100.61K,Industrial Services,Engineering & Construction,55.0,42.0,48.0,75.0,12.335,11.765,145.57K,142.43K,330.0,137.0,20.23B,No,258.97,253.81,235.82,255.27,228.7,498
1626,NIBL.NS,30.58,30.6,3.43K,Producer Manufacturing,Metal Fabrication,55.0,19.0,40.0,26.0,1.6279,1.6279,32.61K,10.75K,40.8,25.3,740.97M,No,31.23,32.79,31.16,32.75,31.16,500
1627,SPACAPS.BO,200.4,200.45,0.01K,Finance,Investment Managers,55.0,26.0,43.0,26.0,0.7571,0.0,0.00K,0.00K,231.4,154.0,616.07M,No,206.25,209.75,208.79,208.19,208.39,497
1628,MUTHOOTCAP.NS,232.44,235.33,8.20K,Finance,Finance/Rental/Leasing,55.0,13.0,73.0,54.0,10.0057,10.0057,21.79K,9.66K,303.0,175.25,3.82B,No,245.83,236.03,228.85,237.39,215.32,499
1629,MTL.BO,108.0,105.3,28.80K,Retail Trade,Electronics/Appliance Stores,55.0,91.0,72.0,,6.0386,5.6786,16.99K,20.88K,127.26,76.0,1.13B,No,101.24,94.21,,95.54,,99
1630,CONART.BO,94.44,95.69,13.62K,Industrial Services,Engineering & Construction,55.0,18.0,34.0,77.0,5.6393,5.4179,8.65K,9.44K,119.0,60.0,593.08M,No,97.24,94.17,89.25,95.26,88.83,498
1631,FLEXFO.BO,46.0,45.97,2.56K,Consumer Non-Durables,Food: Specialty/Candy,55.0,54.0,64.0,52.0,2.8179,2.8157,4.72K,4.47K,68.9,29.36,572.70M,No,46.05,44.64,43.83,44.76,42.86,497
1632,JLHL.NS,281.0,282.0,23.19K,Health Services,Hospital/Nursing Management,55.0,14.0,56.0,53.0,10.5679,10.5679,182.93K,147.64K,340.0,235.6,92.12B,No,301.34,306.82,274.26,307.1,274.55,500
1633,MISHKA.BO,42.74,43.0,1.40K,Distribution Services,Wholesale Distributors,55.0,32.0,50.0,46.0,1.5886,1.525,1.40K,1.55K,50.0,32.05,617.59M,No,42.99,42.1,41.63,42.57,41.3,497
1634,ICICIAMC.NS,3033.5,3003.5,237.94K,Finance,Investment Managers,55.0,49.0,30.0,40.0,80.2785,72.5856,564.54K,965.99K,3611.0,2530.0,1499.33B,No,3108.42,3123.69,,3116.83,3159.71,183
1635,LGEINDIA.NS,1650.0,1647.8,794.84K,Consumer Durables,Electronics/Appliances,55.0,68.0,63.0,45.0,38.9,38.9,722.78K,463.94K,1755.0,1304.1,1119.97B,No,1665.36,1597.18,1544.5,1608.58,1562.81,229
1636,JUBLPHARMA.NS,1025.65,1019.0,173.36K,Health Technology,Pharmaceuticals: Major,55.0,85.0,57.0,65.0,31.8857,31.6714,235.45K,358.03K,1184.8,786.05,162.45B,No,909.06,943.31,959.43,939.83,927.93,500
1637,ASPINWALL.NS,250.15,251.25,1.16K,Transportation,Air Freight/Couriers,55.0,66.0,50.0,61.0,8.8579,8.6821,3.56K,1.93K,299.8,200.25,1.96B,No,251.68,248.65,233.81,247.35,234.7,498
1638,JSL.NS,762.15,783.3,960.36K,Non-Energy Minerals,Steel,54.0,70.0,64.0,38.0,21.05,21.05,620.66K,1237.61K,884.0,652.25,627.97B,No,727.59,725.35,748.89,728.2,731.14,500
1639,BNRUDY.BO,41.14,37.4,9.07K,Commercial Services,Miscellaneous Commercial Services,54.0,83.0,65.0,45.0,2.9357,2.6429,0.94K,1.27K,55.32,28.0,123.42M,No,38.41,36.69,36.37,36.98,34.4,497
1640,SAKHTISUG.NS,19.19,19.55,58.40K,Process Industries,Agricultural Commodities/Milling,54.0,84.0,63.0,64.0,1.135,1.1043,230.02K,267.01K,23.29,13.52,2.28B,No,20.09,18.28,17.73,18.3,17.36,500
1641,NMDC.NS,84.6,85.8,9866.61K,Non-Energy Minerals,Other Metals/Minerals,54.0,48.0,28.0,44.0,2.0893,2.0071,19278.39K,14389.75K,97.49,72.24,743.79B,No,85.3,84.85,83.85,84.67,85.17,501
1642,IPRINGLTD.NS,147.85,153.39,5.04K,Producer Manufacturing,Industrial Conglomerates,54.0,,,,13.7129,13.3964,7.37K,15.84K,187.0,138.0,1.87B,No,150.26,,,,,22
1643,MARKOLINES.NS,171.42,173.48,150.04K,Industrial Services,Engineering & Construction,54.0,45.0,53.0,56.0,5.2443,5.2443,339.72K,319.89K,191.75,131.65,3.78B,No,172.76,173.92,161.3,172.4,163.98,227
1644,TRADEUNO.BO,112.0,113.0,7.20K,Retail Trade,Apparel/Footwear Retail,54.0,5.0,77.0,36.0,4.3929,3.1821,11.81K,6.60K,161.95,87.0,2.00B,No,113.76,107.48,116.38,109.36,108.27,212
1645,DIAMONDYD.NS,1115.6,1123.6,14.17K,Consumer Non-Durables,Food: Specialty/Candy,54.0,21.0,39.0,55.0,28.75,28.75,40.06K,18.33K,1245.0,858.9,26.70B,No,1163.69,1167.27,1088.37,1167.34,1079.26,498
1646,PARNAXLAB.NS,127.48,130.0,1.78K,Health Technology,Pharmaceuticals: Major,54.0,,,,12.5229,11.9493,3.61K,5.24K,149.5,104.0,,No,,,,,,18
1647,FAALCON.BO,41.0,41.01,8.00K,Industrial Services,Engineering & Construction,54.0,73.0,76.0,31.0,1.9486,0.8586,19.91K,15.60K,62.22,27.75,399.55M,No,40.54,39.71,38.85,40.38,37.79,499
1648,PETRONET.NS,288.7,285.9,2585.06K,Utilities,Gas Distributors,54.0,67.0,60.0,35.0,5.8143,5.4714,2284.71K,1618.72K,326.4,235.35,433.05B,No,289.15,282.16,280.36,283.32,279.15,500
1649,OLAELEC.NS,39.15,37.31,180678.08K,Consumer Durables,Motor Vehicles,54.0,47.0,13.0,86.0,1.8714,1.8114,79363.14K,58376.60K,61.02,22.25,172.99B,No,38.29,39.1,35.98,39.02,36.29,501
1650,ELECTCAST.NS,79.86,78.24,1266.96K,Non-Energy Minerals,Steel,54.0,77.0,69.0,67.0,3.34,3.1779,1944.80K,3353.02K,103.95,60.15,49.37B,No,77.58,75.38,75.85,75.63,76.79,500
1651,EASTRED.BO,30.35,30.99,0.11K,Consumer Services,Other Consumer Services,54.0,55.0,61.0,44.0,2.8579,2.7936,1.09K,0.65K,35.99,23.2,158.82M,No,30.15,29.75,29.69,30.0,29.19,497
1652,BAGMANE.BO,107.77,107.11,7.57K,Finance,Real Estate Investment Trusts,54.0,46.0,56.0,,1.2607,1.2557,106.06K,125.96K,110.5,102.0,366.42B,No,106.94,105.93,,106.12,,86
1653,PIDILITIND.NS,1569.0,1572.0,475.43K,Process Industries,Industrial Specialties,54.0,20.0,51.0,52.0,32.3714,30.6429,949.77K,762.63K,1707.5,1259.0,1597.05B,No,1639.33,1625.17,1495.39,1617.69,1501.66,501
1654,GINNIFILA.NS,41.3,42.33,26.58K,Process Industries,Textiles,54.0,19.0,34.0,59.0,1.4936,1.4936,115.19K,44.33K,57.85,31.5,3.54B,No,44.03,46.86,42.13,45.85,43.11,498
1655,GLOBALLOG.BO,110.0,110.0,16.00K,Transportation,Air Freight/Couriers,54.0,30.0,3.0,24.0,1.3714,0.45,5.67K,3.68K,172.91,79.2,1.59B,No,111.48,121.94,,119.5,123.94,178
1656,NEAGI.NS,3469.0,3470.0,0.00K,Consumer Non-Durables,Food: Major Diversified,54.0,,,,94.4929,73.1429,0.04K,0.04K,3600.0,3256.0,,No,,,,,,18
1657,EVEREADY.NS,366.2,349.4,742.49K,Producer Manufacturing,Electrical Products,54.0,66.0,58.0,60.0,13.2929,13.2929,163.06K,116.80K,457.65,259.65,26.62B,No,342.38,349.14,330.54,348.81,331.34,500
1658,WIPL.NS,164.55,169.52,4.17K,Non-Energy Minerals,Forest Products,54.0,45.0,66.0,49.0,5.2286,4.8721,3.37K,0.86K,193.2,133.1,1.40B,No,166.03,168.07,156.85,167.41,159.24,498
1659,MARICO.NS,803.0,813.9,2060.12K,Consumer Non-Durables,Household/Personal Care,54.0,27.0,38.0,40.0,15.3607,14.6464,1925.34K,2102.76K,889.1,690.3,1042.28B,No,837.07,849.15,792.8,844.7,810.61,500
1660,SUMICHEM.NS,480.9,481.75,699.45K,Process Industries,Chemicals: Agricultural,54.0,7.0,57.0,64.0,14.5964,14.5786,1027.45K,150.16K,617.45,362.6,240.04B,No,523.38,520.56,457.54,520.77,463.04,500
1661,KOTIC.NS,151.21,135.54,804.02K,Process Industries,Chemicals: Agricultural,54.0,,,,9.2821,9.1679,13.91K,11.92K,159.97,128.85,16.33B,No,,,,,,18
1662,SHPLPUNE.BO,850.0,838.6,0.00K,Consumer Services,Hotels/Resorts/Cruise Lines,54.0,41.0,56.0,44.0,53.3964,51.6786,2.59K,0.12K,1100.0,631.0,2.59B,No,829.64,829.9,801.21,839.49,808.66,496
1663,ESCORP.BO,118.5,111.0,3.58K,Finance,Investment Managers,54.0,84.0,73.0,55.0,5.0821,4.6643,0.64K,0.43K,212.95,95.1,1.32B,No,112.31,106.51,113.33,108.51,107.35,498
1664,BAJAJFINSV.NS,1940.5,1927.0,652.17K,Finance,Life/Health Insurance,54.0,37.0,72.0,42.0,33.4643,31.8714,1178.86K,594.25K,2195.0,1597.0,3105.27B,No,1990.15,1960.58,1901.69,1963.8,1847.55,501
1665,MODWOOL.BO,63.01,64.61,0.03K,Process Industries,Textiles,54.0,49.0,76.0,32.0,1.1471,0.1171,0.01K,0.01K,74.75,51.6,57.34M,No,69.7,63.62,64.14,64.23,63.4,498
1666,WPIL.NS,444.2,427.75,144.40K,Producer Manufacturing,Industrial Machinery,54.0,,,,14.5607,14.3821,57.29K,38.13K,468.0,418.65,,No,,,,,,18
1667,ARYAMAN.NS,625.0,621.65,0.03K,Finance,Investment Banks/Brokers,54.0,,,,21.7893,19.925,0.27K,0.22K,674.95,570.0,7.65B,No,,,,,,18
1668,SBIN.NS,1009.7,1000.5,5503.57K,Finance,Regional Banks,54.0,25.0,44.0,20.0,16.8429,15.8857,10026.47K,7483.81K,1234.7,819.0,9320.15B,No,1036.8,1039.38,1041.09,1040.96,1048.04,501
1669,TEXRAIL.NS,117.77,115.16,3302.73K,Producer Manufacturing,Trucks/Construction/Farm Machinery,54.0,78.0,66.0,63.0,4.2979,4.1707,2310.91K,3372.73K,153.0,78.05,47.92B,No,110.21,111.47,112.13,111.45,106.16,501
1670,EMBASSY.BO,439.06,439.44,30.63K,Finance,Real Estate Investment Trusts,54.0,53.0,45.0,38.0,4.2979,4.2343,160.87K,170.48K,461.99,395.11,416.18B,No,439.21,441.57,434.48,442.28,433.93,497
1671,CONCOR.NS,504.15,510.0,932.91K,Transportation,Railroads,54.0,48.0,68.0,43.0,12.0929,11.425,2009.95K,1409.76K,569.8,421.45,383.97B,No,512.47,503.27,494.99,502.91,487.94,501
1672,SPCAPIT.BO,57.45,52.64,0.08K,Finance,Investment Banks/Brokers,54.0,83.0,63.0,32.0,2.0364,1.4621,0.60K,0.75K,76.79,46.53,345.40M,No,51.85,51.89,55.83,52.05,55.18,497
1673,KRITINUT.NS,81.98,82.05,12.54K,Process Industries,Agricultural Commodities/Milling,54.0,38.0,42.0,67.0,4.3843,4.2664,16.98K,10.10K,102.99,51.36,4.11B,No,85.25,81.83,78.19,81.59,79.97,498
1674,KOTAKBANK.NS,416.55,414.0,7755.24K,Finance,Major Banks,53.0,73.0,53.0,45.0,7.025,6.8929,14216.18K,13439.34K,453.2,345.5,4143.70B,No,410.75,396.3,400.55,399.2,390.68,501
1675,SURYALA.NS,398.55,401.05,0.98K,Process Industries,Textiles,53.0,,,,16.1786,14.6571,0.94K,1.15K,424.95,371.05,,No,,,,,,18
1676,POLYCAB.NS,8358.0,8354.0,259.25K,Producer Manufacturing,Electrical Products,53.0,14.0,16.0,35.0,234.8571,193.1786,362.71K,533.97K,10126.0,6663.0,1259.01B,No,8897.88,9061.63,8345.18,8925.65,8668.12,501
1677,GINISILK.BO,61.99,62.48,2.82K,Process Industries,Textiles,53.0,70.0,67.0,37.0,4.9929,4.6907,1.56K,2.34K,80.0,42.51,346.69M,No,59.87,57.62,58.76,58.1,57.48,497
1678,MANBA.NS,131.48,130.16,66.64K,Finance,Finance/Rental/Leasing,53.0,54.0,57.0,57.0,3.65,3.5829,177.04K,59.56K,154.0,98.0,6.61B,No,130.0,133.73,126.07,133.25,122.11,485
1679,ENDURANCE.NS,2715.9,2755.7,119.07K,Producer Manufacturing,Metal Fabrication,53.0,17.0,60.0,52.0,74.3786,74.35,135.53K,88.23K,3072.0,2142.8,382.03B,No,2896.97,2817.89,2593.8,2807.26,2595.19,500
1680,DHUNINV.NS,991.5,999.9,0.60K,Process Industries,Chemicals: Specialty,53.0,63.0,81.0,53.0,50.725,49.2822,3.25K,2.20K,1573.1,667.1,6.05B,No,1008.62,953.38,964.68,966.77,893.9,498
1681,SHILGRAVQ.NS,168.4,151.61,93.78K,Producer Manufacturing,Industrial Machinery,53.0,,,,9.5664,9.1593,4.37K,4.70K,179.7,143.0,1.04B,No,,,,,,18
1682,MAITHANALL.NS,1055.6,1077.0,80.37K,Non-Energy Minerals,Other Metals/Minerals,53.0,73.0,55.0,53.0,43.2357,42.5,88.94K,246.29K,1210.1,831.2,30.73B,No,1012.17,998.15,993.52,1002.67,992.68,501
1683,CEENIK.BO,238.9,242.5,0.23K,Consumer Non-Durables,Apparel/Footwear,53.0,41.0,82.0,35.0,13.4107,12.0429,1.28K,0.42K,465.6,133.15,960.38M,No,234.87,231.49,260.09,236.94,238.4,497
1684,ROSELABS.BO,23.18,22.08,4.40K,Finance,Real Estate Development,53.0,81.0,53.0,58.0,1.0421,0.8079,0.47K,0.32K,34.36,17.86,231.80M,No,21.6,22.01,22.02,21.9,21.73,497
1685,INDOAMIN.NS,127.87,127.25,26.96K,Process Industries,Chemicals: Major Diversified,53.0,43.0,42.0,69.0,4.1286,4.1107,84.47K,47.14K,149.0,81.9,9.28B,No,123.84,126.37,120.13,126.47,119.6,499
1686,NH.NS,1909.7,1890.6,140.23K,Health Services,Hospital/Nursing Management,53.0,65.0,47.0,50.0,42.6,39.2571,301.60K,227.95K,2093.3,1589.0,387.86B,No,1868.57,1935.55,1859.17,1928.13,1850.14,500
1687,IGARASHI.NS,408.3,410.3,39.72K,Producer Manufacturing,Auto Parts: Oem,53.0,17.0,61.0,69.0,11.4,11.4,458.53K,38.79K,558.0,271.05,12.85B,No,428.49,448.74,403.82,446.43,396.56,501
1688,DLF.NS,655.85,655.1,2508.32K,Finance,Real Estate Development,53.0,58.0,70.0,56.0,16.0893,14.1607,4232.61K,3895.13K,794.8,489.4,1623.43B,No,673.98,664.83,630.94,666.07,612.81,500
1689,OMFREIGHT.NS,87.32,87.75,9.81K,Transportation,Air Freight/Couriers,53.0,17.0,59.0,50.0,3.6657,3.6657,58.21K,5.58K,114.33,58.95,2.94B,No,91.15,92.2,87.64,91.74,85.33,232
1690,GROBTEA.NS,960.0,945.95,0.13K,Consumer Non-Durables,Food: Major Diversified,53.0,74.0,57.0,46.0,33.5393,31.2357,0.24K,0.27K,1236.2,805.0,1.12B,No,962.84,930.87,934.36,934.31,914.77,500
1691,KAJARIR.BO,33.31,33.57,4.94K,Non-Energy Minerals,Steel,53.0,56.0,22.0,58.0,1.6943,1.6814,5.55K,6.43K,41.8,20.15,1.18B,No,31.91,34.08,31.44,33.89,32.71,497
1692,UCIL.BO,103.0,103.1,3.21K,Finance,Investment Banks/Brokers,53.0,42.0,75.0,55.0,3.3893,2.2071,42.80K,10.19K,129.51,61.0,4.56B,No,102.17,108.15,101.31,109.2,100.15,498
1693,SUNDARMFIN.NS,4703.0,4728.0,17.63K,Finance,Finance/Rental/Leasing,53.0,71.0,67.0,17.0,86.7642,86.6642,65.62K,54.83K,5642.0,4000.0,518.35B,No,4573.25,4559.55,4788.36,4565.44,4662.14,500
1694,TUTIALKA.NS,58.48,58.38,22.12K,Process Industries,Chemicals: Specialty,53.0,,,,3.5557,3.4679,15.38K,16.17K,62.9,52.0,7.12B,No,,,,,,18
1695,JJFINCOR.BO,46.0,46.0,1.00K,Finance,Finance/Rental/Leasing,53.0,17.0,32.0,9.0,0.4279,0.3464,1.13K,0.22K,78.7,30.27,129.72M,No,47.02,50.55,48.26,50.4,51.37,497
1696,SHANKESH.NS,98.41,97.93,3637.80K,Consumer Durables,Other Consumer Specialties,53.0,,,,,,14737.54K,6522.88K,111.0,87.25,14.47B,No,,,,,,13
1697,RAMANEWS.NS,32.15,32.69,8.57K,Process Industries,Pulp & Paper,53.0,38.0,62.0,19.0,1.6171,1.5521,32.09K,32.22K,42.0,27.05,4.84B,No,32.12,30.8,31.15,30.72,31.35,498
1698,5PAISA.NS,332.5,334.3,28.30K,Finance,Investment Banks/Brokers,53.0,6.0,60.0,51.0,12.3286,12.2571,71.32K,59.64K,416.95,245.5,15.59B,No,363.58,367.82,336.03,363.16,332.6,500
1699,AJAXENGG.NS,589.5,578.05,58.80K,Producer Manufacturing,Trucks/Construction/Farm Machinery,53.0,67.0,61.0,64.0,17.7107,17.7,68.41K,68.16K,697.55,394.8,67.45B,No,576.26,574.44,546.99,574.4,534.39,389
1700,WARRENTEA.BO,47.0,45.62,1.11K,Process Industries,Agricultural Commodities/Milling,53.0,41.0,49.0,63.0,1.5186,1.3564,2.94K,2.01K,59.22,33.3,561.69M,No,46.96,47.56,43.53,47.36,43.37,497
1701,SODHACAP.BO,70.05,69.0,8.00K,Finance,Investment Banks/Brokers,53.0,69.0,80.0,42.0,2.1357,1.6407,7.06K,5.20K,148.97,48.1,556.55M,No,67.7,64.35,69.11,65.01,64.06,233
1702,BIOFILCHEM.NS,36.79,31.46,681.88K,Health Technology,Pharmaceuticals: Major,53.0,83.0,50.0,62.0,1.9343,1.9286,42.98K,20.54K,46.34,25.6,598.71M,No,32.11,32.7,33.34,32.76,32.86,499
1703,DHAVAL.BO,115.75,115.45,10.80K,Producer Manufacturing,Miscellaneous Manufacturing,53.0,73.0,,,7.925,7.8221,172.18K,75.96K,139.0,106.0,1.59B,No,119.91,,,,,26
1704,GAIL.NS,174.49,174.9,4397.23K,Utilities,Gas Distributors,53.0,46.0,51.0,58.0,3.3364,3.0857,8715.34K,6886.02K,186.87,134.36,1147.29B,No,173.83,173.86,166.26,173.59,165.09,501
1705,ICICIBANK.NS,1384.5,1389.1,10520.24K,Finance,Regional Banks,53.0,40.0,53.0,46.0,22.1357,20.5572,11876.45K,10622.54K,1480.0,1187.6,9937.53B,No,1419.2,1425.07,1356.26,1420.23,1342.52,501
1706,JUBLINGREA.NS,666.6,672.75,101.72K,Process Industries,Chemicals: Major Diversified,53.0,24.0,60.0,64.0,18.925,18.5857,414.73K,265.75K,795.0,537.3,105.13B,No,697.7,717.68,672.63,714.85,666.09,501
1707,PGEL.NS,542.0,542.5,786.30K,Electronic Technology,Electronic Production Equipment,53.0,10.0,68.0,39.0,13.4107,13.0357,2280.76K,1070.47K,644.4,436.55,155.28B,No,580.39,591.69,556.97,590.9,548.39,501
1708,MANAKCOAT.NS,124.37,126.42,2551.42K,Non-Energy Minerals,Steel,53.0,71.0,74.0,35.0,4.7679,4.7429,477.56K,291.24K,182.82,94.2,13.26B,No,122.82,121.84,118.49,122.33,113.32,499
1709,BALUFORGE.NS,536.65,541.55,613.03K,Producer Manufacturing,Trucks/Construction/Farm Machinery,53.0,86.0,76.0,59.0,33.0536,30.5179,1393.19K,1813.35K,697.0,341.05,65.14B,No,574.73,499.23,496.49,505.58,481.75,501
1710,NIBE.NS,1298.2,1313.3,34.80K,Process Industries,Textiles,53.0,13.0,9.0,72.0,42.8072,41.6357,109.18K,33.06K,1848.0,809.6,20.12B,No,1389.53,1450.74,1234.05,1443.95,1288.16,396
1711,SRHHYPOLTD.NS,517.1,531.9,18.40K,Process Industries,Chemicals: Specialty,53.0,65.0,55.0,60.0,16.1036,16.1,10.05K,19.61K,624.3,382.4,8.88B,No,493.65,492.95,487.84,495.85,485.43,499
1712,EXCELINDUS.NS,992.6,989.4,4.80K,Process Industries,Chemicals: Agricultural,52.0,30.0,61.0,53.0,29.025,29.025,26.85K,7.80K,1210.0,800.05,12.48B,No,1035.06,990.42,945.32,991.57,949.81,499
1713,BHARATROHAN.BO,121.0,122.0,6.40K,Technology Services,Packaged Software,52.0,57.0,61.0,19.0,4.0464,3.325,26.26K,9.28K,164.0,86.05,2.41B,No,124.21,123.82,125.19,122.65,125.04,236
1714,ACROW.BO,765.0,763.0,0.04K,Producer Manufacturing,Industrial Machinery,52.0,36.0,17.0,54.0,15.1036,10.75,0.05K,0.02K,918.0,586.15,489.60M,No,793.59,837.69,774.59,824.25,805.78,497
1715,ARVSMART.NS,597.05,605.25,42.07K,Finance,Real Estate Development,52.0,27.0,55.0,60.0,22.7286,22.425,239.40K,59.35K,707.85,486.8,27.38B,No,654.2,626.85,590.33,629.04,595.36,499
1716,SESHAPAPER.NS,246.96,243.68,102.35K,Process Industries,Pulp & Paper,52.0,72.0,62.0,25.0,7.2836,7.2836,128.69K,69.52K,293.11,209.96,15.58B,No,232.6,230.04,241.49,232.0,244.21,500
1717,OILCOUNTUB.NS,60.51,61.74,4.31K,Industrial Services,Oilfield Services/Equipment,52.0,54.0,58.0,70.0,2.3379,1.7314,34.00K,50.27K,83.69,35.65,3.40B,No,61.37,58.79,55.48,58.71,54.78,499
1718,KICL.NS,5083.5,5021.5,1.08K,Finance,Financial Conglomerates,52.0,33.0,46.0,44.0,137.0,136.3214,1.80K,0.88K,6554.9,4011.0,22.19B,No,5232.65,5374.5,4995.35,5367.2,5022.63,498
1719,GODREJPROP.NS,1872.0,1857.1,686.20K,Finance,Real Estate Development,52.0,23.0,66.0,53.0,57.6929,56.8786,696.22K,670.91K,2352.0,1434.0,563.90B,No,1991.55,2044.23,1861.45,2034.76,1830.59,501
1720,PREMIERENE.NS,967.9,975.9,992.96K,Electronic Technology,Semiconductors,52.0,29.0,30.0,72.0,27.2143,26.6786,1092.24K,954.35K,1134.0,660.0,436.96B,No,1010.46,1033.72,935.62,1034.62,979.74,501
1721,GMBREW.NS,912.5,917.7,19.97K,Consumer Non-Durables,Beverages: Alcoholic,52.0,59.0,52.0,23.0,18.5393,17.9322,56.41K,33.25K,1328.8,689.3,20.85B,No,893.74,909.75,971.43,905.53,943.8,500
1722,JINDALSTEL.NS,1137.0,1146.5,554.30K,Non-Energy Minerals,Steel,52.0,66.0,44.0,30.0,28.7786,26.3857,1130.88K,782.26K,1306.2,977.1,1156.88B,No,1142.03,1095.68,1129.98,1101.8,1156.85,500
1723,GNRL.NS,107.73,109.03,76.16K,Energy Minerals,Integrated Oil,52.0,,,,4.4457,4.3686,317.56K,502.76K,117.8,94.21,13.83B,No,,,,,,18
1724,BIRET.BO,337.1,341.15,12.91K,Finance,Real Estate Investment Trusts,52.0,45.0,53.0,33.0,3.6621,3.6621,57.31K,131.32K,376.5,311.26,279.75B,No,342.49,341.69,335.57,341.32,333.97,497
1725,MNIL.BO,35.35,35.03,6.23K,Finance,Real Estate Development,52.0,84.0,5.0,13.0,4.4436,4.4193,8.07K,19.74K,54.0,20.01,906.64M,No,33.08,32.72,38.22,32.79,37.92,497
1726,WINDMACHIN.NS,298.9,301.45,31.34K,Producer Manufacturing,Industrial Machinery,52.0,49.0,26.0,64.0,10.0321,10.0321,129.43K,46.42K,343.9,200.65,30.92B,No,308.0,302.05,278.89,301.22,283.98,499
1727,TSFINV.NS,441.15,422.9,183.35K,Finance,Financial Conglomerates,52.0,64.0,68.0,57.0,11.7893,11.7821,126.90K,58.22K,701.5,331.7,97.36B,No,413.87,438.22,422.8,435.87,408.73,500
1728,YESBANK.NS,22.3,22.42,47970.48K,Finance,Major Banks,52.0,41.0,38.0,53.0,0.3814,0.3593,78327.77K,51468.40K,25.78,17.2,699.96B,No,22.5,22.94,21.86,22.83,21.79,501
1729,PANCM.BO,118.0,121.45,0.03K,Non-Energy Minerals,Construction Materials,52.0,68.0,72.0,22.0,5.4464,3.0607,0.32K,0.48K,149.9,88.5,946.53M,No,112.35,108.87,117.29,110.79,112.61,497
1730,HARSHDEEP.BO,90.5,88.01,7.50K,Consumer Durables,Home Furnishings,52.0,82.0,65.0,39.0,1.7407,1.1379,9.09K,4.20K,108.0,75.5,1.46B,No,85.54,83.62,88.89,84.11,86.1,498
1731,ADVLIFE.BO,27.23,27.1,0.67K,Producer Manufacturing,Industrial Machinery,52.0,12.0,27.0,53.0,0.5921,0.3686,0.79K,0.05K,34.0,20.05,169.53M,No,28.43,29.77,27.17,29.57,28.52,497
1732,ECOPLAST.BO,492.5,501.45,0.39K,Process Industries,Containers/Packaging,52.0,60.0,65.0,58.0,29.075,24.9429,1.46K,3.10K,554.95,370.4,2.34B,No,447.18,468.67,468.26,470.68,463.42,497
1733,VADILENT.NS,10400.0,10401.0,0.10K,Consumer Non-Durables,Food: Specialty/Candy,52.0,,,,661.5,633.1429,0.05K,0.08K,12598.0,9401.0,8.97B,No,,,,,,17
1734,SAB.NS,175.05,183.0,0.01K,Industrial Services,Engineering & Construction,52.0,,,,5.5429,3.5336,0.09K,0.09K,192.6,165.0,2.66B,No,,,,,,16
1735,KVFORGE.BO,136.5,140.0,1.63K,Producer Manufacturing,Metal Fabrication,52.0,37.0,52.0,44.0,5.7714,5.6321,5.68K,1.81K,184.0,106.0,1.49B,No,138.31,148.06,136.71,145.42,136.9,497
1736,SWAGTAM.BO,60.8,65.51,0.01K,Finance,Real Estate Development,52.0,85.0,21.0,53.0,2.2464,0.6243,0.16K,0.01K,75.87,40.5,72.38M,No,60.25,57.01,60.82,56.92,61.91,498
1737,RUDRAGAS.BO,74.0,71.0,9.00K,Utilities,Gas Distributors,52.0,77.0,49.0,63.0,2.1179,1.5379,4.94K,6.50K,103.03,55.6,617.01M,No,71.83,72.0,71.78,71.83,72.29,498
1738,POLYCON.BO,24.9,25.5,1.58K,Producer Manufacturing,Miscellaneous Manufacturing,52.0,88.0,81.0,23.0,0.4086,0.2979,0.68K,0.32K,35.0,15.45,121.74M,No,23.89,22.93,24.61,22.83,22.53,498
1739,PREMCO.NS,386.3,386.05,0.74K,Process Industries,Textiles,52.0,,,,10.8929,10.5893,0.68K,0.76K,398.5,370.05,,No,,,,,,18
1740,GULPOLY.NS,176.68,179.86,155.34K,Consumer Non-Durables,Food: Specialty/Candy,52.0,23.0,13.0,51.0,5.2386,5.2386,580.29K,154.81K,227.63,121.5,10.99B,No,188.15,190.55,169.7,189.83,181.02,500
1741,GRAVITA.NS,1698.7,1696.4,117.00K,Non-Energy Minerals,Other Metals/Minerals,52.0,26.0,58.0,53.0,47.2429,47.1929,249.90K,183.45K,1913.6,1266.9,123.73B,No,1768.42,1760.64,1672.98,1759.91,1643.72,501
1742,INDHOTEL.NS,715.75,722.75,991.68K,Consumer Services,Hotels/Resorts/Cruise Lines,52.0,49.0,57.0,57.0,15.6572,14.6964,2169.11K,1969.17K,792.55,565.0,1035.41B,No,723.17,729.86,688.59,726.94,678.37,501
1743,CHOWGULSTM.BO,22.04,21.9,12.49K,Transportation,Marine Shipping,52.0,55.0,49.0,61.0,1.2386,1.2029,5.34K,4.26K,28.99,17.0,800.24M,No,22.38,22.49,21.58,22.28,21.94,497
1744,MSL.NS,149.0,148.0,1.41K,Process Industries,Agricultural Commodities/Milling,52.0,,,,7.6636,7.4186,0.35K,0.40K,160.0,134.5,1.64B,No,,,,,,18
1745,SSMD.BO,58.26,62.0,3.00K,Consumer Non-Durables,Food: Major Diversified,52.0,27.0,42.0,87.0,2.1179,1.24,4.97K,6.40K,80.45,30.1,504.89M,No,59.63,60.74,,60.52,59.11,194
1746,GANESHHOU.NS,772.95,758.5,23.06K,Consumer Durables,Homebuilding,52.0,58.0,46.0,62.0,25.7714,25.6822,83.40K,30.82K,899.7,500.0,64.45B,No,799.14,801.47,736.07,797.4,717.32,499
1747,AMAL.NS,760.6,740.8,6.25K,Process Industries,Chemicals: Specialty,52.0,,,,25.8786,25.7929,8.07K,6.60K,822.0,730.3,,No,,,,,,18
1748,APLLTD.NS,816.4,817.4,119.53K,Health Technology,Pharmaceuticals: Major,52.0,43.0,63.0,58.0,23.4107,23.2,130.91K,159.86K,998.0,635.8,160.47B,No,820.24,821.68,785.62,817.83,765.46,500
1749,SHILCTECH.NS,4158.6,4089.2,12.52K,Producer Manufacturing,Electrical Products,51.0,75.0,53.0,52.0,113.6714,112.4786,28.29K,18.98K,5399.0,2852.5,47.58B,No,4005.42,4251.42,4096.83,4246.19,4236.48,202
1750,SUMIT.NS,48.93,49.99,13.05K,Finance,Real Estate Development,51.0,26.0,77.0,71.0,2.99,2.9879,82.12K,21.52K,104.0,31.74,2.34B,No,51.46,51.12,51.53,51.67,47.28,498
1751,SAICAPI.NS,155.34,144.2,1.95K,Finance,Investment Banks/Brokers,51.0,,,,13.415,12.0464,0.60K,0.75K,170.05,133.5,,No,,,,,,18
1752,BLACKROSE.NS,111.79,112.02,11.49K,Distribution Services,Wholesale Distributors,51.0,,,,3.7571,3.7207,19.03K,14.57K,117.97,103.0,,No,,,,,,18
1753,EASUN.BO,50.0,48.25,0.01K,Finance,Financial Conglomerates,51.0,97.0,59.0,47.0,0.8757,0.0314,0.26K,0.01K,60.63,32.8,261.46M,No,42.66,44.26,46.56,43.82,43.31,498
1754,ROSSELLIND.NS,56.1,57.19,18.93K,Electronic Technology,Aerospace & Defense,51.0,49.0,50.0,64.0,3.5993,3.5986,83.63K,321.19K,73.0,40.0,2.11B,No,57.26,57.76,52.56,57.53,53.79,498
1755,SSDL.NS,67.84,56.54,296.35K,Distribution Services,Wholesale Distributors,51.0,67.0,79.0,55.0,2.6479,2.5079,40.12K,18.47K,91.69,46.15,2.69B,No,58.54,56.4,63.41,57.39,58.71,500
1756,BVCL.NS,43.44,44.02,19.53K,Non-Energy Minerals,Construction Materials,51.0,69.0,59.0,49.0,2.5493,2.5343,45.75K,113.79K,62.0,31.2,962.63M,No,42.49,42.13,42.32,42.18,41.84,498
1757,INFOBEAN.NS,155.2,155.56,144.22K,Technology Services,Packaged Software,51.0,24.0,27.0,36.0,7.3964,7.2314,588.81K,1304.26K,257.5,116.5,,No,158.41,162.23,173.38,162.41,164.15,500
1758,DELHIVERY.NS,447.7,451.2,1333.64K,Transportation,Air Freight/Couriers,51.0,30.0,49.0,45.0,9.9571,9.7286,4277.21K,1850.13K,524.0,374.45,335.46B,No,455.55,474.51,443.96,471.65,456.94,500
1759,KOTYARK.NS,31.13,31.77,139.78K,Process Industries,Industrial Specialties,51.0,1.0,10.0,56.0,1.6929,1.5114,257.93K,148.81K,45.5,17.38,3.52B,No,34.87,35.56,30.9,35.31,35.3,500
1760,AFFLE.NS,1594.0,1587.3,141.22K,Technology Services,Packaged Software,51.0,33.0,62.0,61.0,50.95,50.1,386.47K,634.77K,2185.9,1251.3,224.34B,No,1644.22,1589.83,1545.63,1590.8,1482.99,500
1761,JAGANLAM.BO,60.57,61.45,1.22K,Producer Manufacturing,Auto Parts: Oem,51.0,93.0,73.0,38.0,3.1743,3.1257,4.93K,2.25K,90.0,38.3,442.20M,No,61.84,52.86,57.22,53.66,53.05,497
1762,ARTSON.BO,165.25,163.25,4.63K,Producer Manufacturing,Industrial Machinery,51.0,62.0,53.0,58.0,7.7464,7.3643,16.84K,14.68K,227.5,125.3,6.10B,No,157.05,156.28,153.68,156.63,156.69,497
1763,HELLOJI.BO,127.0,127.95,9.60K,Consumer Services,Other Consumer Services,51.0,62.0,44.0,43.0,4.1964,3.925,3.15K,9.60K,151.5,100.0,435.61M,No,119.05,118.27,,117.65,121.51,187
1764,NSLNISP.NS,43.86,45.04,3873.02K,Non-Energy Minerals,Steel,51.0,51.0,31.0,56.0,1.9207,1.8671,6495.70K,20114.02K,53.75,33.01,128.54B,No,43.49,43.36,42.33,43.78,42.53,500
1765,GOLDCOINHF.BO,29.6,31.91,5.33K,Process Industries,Agricultural Commodities/Milling,51.0,35.0,23.0,24.0,3.1221,3.1214,2.69K,1.74K,38.49,20.02,44.41M,No,30.88,31.45,31.73,31.12,31.65,500
1766,AZTEC.BO,94.0,95.15,81.00K,Producer Manufacturing,Industrial Machinery,51.0,49.0,64.0,39.0,3.4007,2.9293,25.03K,21.10K,128.0,83.0,1.28B,No,96.42,98.49,99.16,97.64,96.13,499
1767,JSWENERGY.NS,530.45,534.8,973.88K,Utilities,Electric Utilities,51.0,32.0,33.0,50.0,12.6429,12.5,2345.18K,2702.77K,617.35,427.75,971.98B,No,539.39,548.57,522.51,547.59,538.15,501
1768,ASSAMENT.NS,826.95,790.0,0.00K,Finance,Investment Banks/Brokers,51.0,,,,30.7036,27.1357,0.02K,0.02K,857.75,705.0,,No,,,,,,18
1769,FAZE3Q.NS,486.4,484.8,8.75K,Process Industries,Textiles,51.0,3.0,24.0,48.0,14.6571,14.4821,28.52K,14.45K,650.05,322.1,11.81B,No,489.94,536.13,488.83,526.05,502.2,499
1770,LAKSELEC.BO,802.25,801.2,0.84K,Producer Manufacturing,Electrical Products,51.0,55.0,53.0,46.0,27.8714,27.7214,1.61K,1.46K,990.0,646.1,1.97B,No,824.32,812.1,786.2,820.96,801.21,497
1771,SAHLIBHFI.NS,82.33,82.88,22.39K,Finance,Finance/Rental/Leasing,51.0,67.0,60.0,,6.2736,5.9579,52.80K,261.85K,91.95,66.6,2.54B,No,78.14,78.31,,78.89,,108
1772,AXTEL.NS,425.1,436.05,6.89K,Producer Manufacturing,Industrial Machinery,51.0,,,,17.0571,15.9036,4.03K,5.26K,454.8,385.0,,No,,,,,,18
1773,PRINCEPIPE.NS,279.9,280.75,138.50K,Producer Manufacturing,Industrial Machinery,51.0,65.0,49.0,60.0,8.2964,8.1786,247.90K,174.98K,353.4,205.0,30.95B,No,286.86,275.63,261.05,275.66,262.89,499
1774,PANSARI.NS,293.0,281.2,1.89K,Technology Services,Packaged Software,51.0,24.0,52.0,35.0,15.5643,14.825,28.10K,0.86K,388.9,233.3,5.11B,No,308.99,329.12,301.74,325.42,300.04,498
1775,RRP.BO,8374.25,8458.7998,0.01K,Finance,Investment Banks/Brokers,51.0,44.0,22.0,12.0,6.1,0.0,0.00K,0.00K,11902.0,5553.3,114.09B,No,8514.49,8691.46,9740.57,8649.41,9274.9,497
1776,ERPSOFT.BO,72.0,72.76,0.07K,Technology Services,Packaged Software,51.0,70.0,68.0,79.0,1.0407,0.5314,0.13K,0.28K,110.8,42.94,285.12M,No,67.93,66.08,66.74,66.58,60.32,496
1777,BLKASHYAP.NS,55.55,55.41,421.32K,Industrial Services,Engineering & Construction,51.0,64.0,58.0,54.0,3.1171,2.9586,647.25K,1311.96K,71.31,40.32,12.53B,No,54.76,55.13,52.45,55.58,53.58,500
1778,TATASTEEL.NS,186.78,188.75,23326.67K,Non-Energy Minerals,Steel,51.0,55.0,31.0,29.0,4.8429,4.7893,26300.31K,33567.43K,224.4,160.06,2329.95B,No,185.53,186.79,193.21,186.56,197.44,501
1779,HISARSP.BO,52.37,49.88,0.20K,Process Industries,Textiles,51.0,72.0,50.0,15.0,0.98,0.145,0.19K,0.10K,66.4,40.3,195.60M,No,47.06,45.37,50.16,46.3,50.71,498
1780,PARSHVA.BO,183.6,183.6,0.00K,Distribution Services,Wholesale Distributors,51.0,76.0,57.0,53.0,2.55,2.1786,0.07K,0.03K,379.0,142.0,1.87B,No,175.89,175.26,170.86,174.83,172.35,496
1781,EXPLEOSOL.NS,883.8,877.6,17.44K,Technology Services,Information Technology Services,51.0,74.0,68.0,59.0,28.2214,27.0,168.92K,65.58K,1175.1,640.0,13.72B,No,881.84,844.87,864.01,841.77,814.16,499
1782,AMBICAAGAR.NS,25.49,25.05,35.46K,Process Industries,Chemicals: Major Diversified,51.0,65.0,53.0,45.0,1.5379,1.5371,15.72K,73.80K,29.68,20.0,437.85M,No,25.05,24.92,24.52,25.19,24.44,498
1783,BANKINDIA.NS,141.0,141.06,5320.67K,Finance,Major Banks,51.0,41.0,37.0,22.0,2.9671,2.9279,7899.34K,5121.22K,178.36,116.0,641.93B,No,142.99,142.35,147.6,143.05,146.35,501
1784,BEEKAY.NS,433.4,426.15,2.50K,Non-Energy Minerals,Steel,51.0,,,,19.6071,19.0714,3.05K,3.77K,449.8,390.2,,No,,,,,,18
1785,MACPLASQ.BO,277.3,266.4,2.47K,Producer Manufacturing,Auto Parts: Oem,51.0,59.0,66.0,50.0,9.3714,8.9214,1.07K,0.84K,444.0,214.9,1.70B,No,259.25,267.22,269.93,265.31,261.0,497
1786,SIHORA.BO,58.51,62.99,4.00K,Process Industries,Textiles,50.0,47.0,32.0,45.0,0.8586,0.3693,1.47K,0.20K,70.0,50.1,311.71M,No,61.63,60.06,59.35,60.05,59.71,226
1787,COALINDIA.NS,432.0,431.0,8810.18K,Energy Minerals,Coal,50.0,71.0,39.0,31.0,8.7714,8.275,7931.36K,15409.17K,491.25,369.6,2662.30B,No,410.21,417.63,430.95,417.44,439.44,501
1788,KNACK.NS,186.96,182.1,703.03K,Process Industries,Containers/Packaging,50.0,21.0,,,5.8179,5.6836,3004.43K,631.29K,222.0,180.33,22.88B,No,194.66,,,197.22,,47
1789,TGVSL.NS,107.45,106.92,158.11K,Process Industries,Chemicals: Specialty,50.0,,,,3.525,3.5143,179.77K,210.28K,114.24,102.5,11.51B,No,,,,,,18
1790,JINDALPOLY.NS,677.3,675.7,6.82K,Process Industries,Containers/Packaging,50.0,75.0,22.0,17.0,23.2679,22.7214,34.85K,34.94K,1026.45,365.0,29.66B,No,655.81,650.22,626.15,652.74,696.21,500
1791,TREL.NS,26.94,26.99,70.46K,Finance,Real Estate Development,50.0,51.0,52.0,54.0,1.2393,1.2379,123.56K,135.92K,33.51,21.47,6.62B,No,26.77,25.79,25.79,25.82,25.72,498
1792,INDIGO.NS,4945.0,4975.0,813.26K,Transportation,Airlines,50.0,26.0,60.0,54.0,107.4286,95.1429,939.23K,582.56K,5970.0,3895.2,1912.07B,No,5138.25,5214.5,4865.05,5155.75,4767.5,499
1793,BANSALWIRE.NS,311.4,304.35,59.56K,Non-Energy Minerals,Steel,50.0,38.0,52.0,66.0,7.85,7.7714,185.29K,69.68K,370.0,222.5,48.75B,No,318.23,322.12,300.25,320.07,299.63,499
1794,SHAYONAENG.BO,144.0,144.0,1.00K,Producer Manufacturing,Industrial Machinery,50.0,49.0,57.0,47.0,2.5929,1.7964,4.41K,7.70K,166.0,119.0,560.49M,No,139.69,140.99,,141.26,137.69,153
1795,VGUARD.NS,328.75,326.95,389.12K,Producer Manufacturing,Electrical Products,50.0,59.0,64.0,45.0,8.8714,8.675,1180.17K,665.09K,392.2,288.8,143.63B,No,334.38,317.92,320.95,318.68,317.14,499
1796,TATACOMM.NS,1764.4,1772.8,187.64K,Communications,Major Telecommunications,50.0,58.0,17.0,64.0,43.9143,43.8571,419.44K,267.96K,2110.0,1322.5,503.01B,No,1710.13,1769.28,1715.0,1754.89,1701.65,500
1797,HYUNDAI.NS,2205.0,2182.3999,907.56K,Consumer Durables,Motor Vehicles,50.0,48.0,66.0,42.0,53.4214,52.5571,738.09K,691.86K,2890.0,1658.0,1791.65B,No,2205.92,2116.4,2073.61,2140.68,2001.59,472
1798,GUJINTRX.BO,446.05,445.25,7.04K,Non-Energy Minerals,Steel,50.0,69.0,52.0,43.0,10.6964,10.1571,2.22K,6.34K,482.0,398.0,1.53B,No,429.03,431.39,435.07,430.82,434.8,497
1799,SARDAEN.NS,537.25,545.85,752.71K,Non-Energy Minerals,Steel,50.0,76.0,48.0,31.0,13.9464,13.675,750.66K,834.37K,639.75,453.1,189.32B,No,513.83,507.08,520.36,511.27,531.78,500
1800,SBFC.NS,98.48,99.59,716.17K,Finance,Finance/Rental/Leasing,50.0,69.0,60.0,44.0,3.7207,3.6636,1863.65K,3107.12K,123.0,79.6,109.15B,No,96.69,94.08,95.24,94.82,92.97,499
1801,RAJABAH.BO,4999.5,5050.0,0.01K,Finance,Real Estate Development,50.0,53.0,21.0,51.0,88.6964,36.25,0.03K,0.01K,6099.0,4135.1,1.25B,No,5028.3,5164.27,4847.27,5145.85,5002.91,498
1802,KEI.NS,4640.0,4669.5,999.93K,Producer Manufacturing,Electrical Products,50.0,3.0,15.0,28.0,199.7143,167.9072,473.15K,814.44K,5899.0,3728.7,443.59B,No,5356.05,5247.87,4808.87,5181.06,4989.25,501
1803,INDOSTAR.NS,246.89,247.49,90.90K,Finance,Finance/Rental/Leasing,50.0,51.0,53.0,59.0,8.9286,8.5814,156.64K,203.16K,292.0,179.03,39.91B,No,252.89,255.69,232.01,253.58,231.16,500
1804,IITLPROJ.BO,49.0,49.7,0.05K,Finance,Real Estate Development,50.0,54.0,70.0,36.0,1.2807,0.895,1.41K,0.15K,73.9,33.01,244.55M,No,49.51,50.86,49.58,50.69,45.2,496
1805,BCLIND.NS,35.12,35.49,253.70K,Consumer Non-Durables,Food: Major Diversified,50.0,31.0,21.0,68.0,1.0964,1.0886,2093.10K,471.87K,44.9,25.53,10.37B,No,36.49,36.13,32.87,36.08,33.59,499
1806,JOINDRE.BO,48.7,48.98,1.37K,Finance,Investment Banks/Brokers,50.0,45.0,38.0,56.0,1.605,1.605,4.22K,2.00K,61.95,39.5,673.84M,No,49.29,50.5,47.54,50.33,47.48,497
1807,JUNIPER.NS,227.39,213.41,1039.44K,Consumer Services,Hotels/Resorts/Cruise Lines,50.0,84.0,73.0,52.0,7.0871,7.0871,226.05K,212.10K,312.5,188.5,50.59B,No,210.61,202.03,215.37,203.93,204.83,501
1808,INCAP.BO,85.2,82.01,0.06K,Electronic Technology,Electronic Components,50.0,15.0,61.0,17.0,4.4043,3.5236,1.42K,0.78K,160.99,64.0,437.35M,No,86.55,91.44,86.79,90.09,90.37,497
1809,JYOTIRES.NS,875.9,865.45,5.33K,Process Industries,Industrial Specialties,50.0,,,,27.4179,27.0321,10.41K,6.61K,911.0,830.25,10.51B,No,,,,,,18
1810,SANDUMA.NS,196.74,201.01,364.72K,Non-Energy Minerals,Other Metals/Minerals,50.0,41.0,24.0,37.0,5.8029,5.7093,729.60K,484.11K,273.0,152.53,95.64B,No,200.43,202.39,210.69,200.94,206.4,501
1811,KSSMART.BO,113.15,110.5,3.65K,Process Industries,Pulp & Paper,50.0,61.0,3.0,1.0,6.4893,6.2,13.10K,9.16K,290.95,71.94,18.56B,No,107.63,114.8,175.75,114.48,179.92,497
1812,BAJAJHLDNG.NS,10992.0,11078.0,18.03K,Finance,Financial Conglomerates,50.0,32.0,61.0,44.0,261.7857,244.5714,51.08K,45.42K,13880.0,8588.0,1223.34B,No,11265.9,11056.76,10684.36,11062.6,10523.9,501
1813,SILL.BO,95.15,93.98,27.20K,Transportation,Air Freight/Couriers,50.0,71.0,,,2.5,2.17,61.62K,8.80K,102.0,74.0,1.17B,No,91.26,,,93.31,,48
1814,ARCL.NS,238.0,226.83,2.89K,Process Industries,Chemicals: Specialty,50.0,,,,12.8707,11.2321,0.41K,0.47K,239.8,216.89,1.90B,No,,,,,,18
1815,TRANSCOR.NS,25.05,25.95,6.33K,Commercial Services,Miscellaneous Commercial Services,50.0,,,,1.8493,1.7986,3.22K,3.88K,27.0,21.0,,No,,,,,,18
1816,LICHSGFIN.NS,552.3,555.0,2829.95K,Finance,Finance/Rental/Leasing,50.0,79.0,48.0,48.0,16.625,16.1072,2049.68K,3958.34K,598.2,458.9,303.80B,No,524.72,531.01,533.12,531.17,534.09,500
1817,BANARBEADS.NS,110.56,111.11,0.91K,Consumer Durables,Other Consumer Specialties,50.0,36.0,59.0,32.0,5.6143,5.6136,8.01K,7.25K,164.7,96.05,729.42M,No,113.24,113.63,114.86,115.03,111.47,498
1818,S&SPOWER.NS,342.6,342.05,3.17K,Producer Manufacturing,Electrical Products,50.0,73.0,12.0,42.0,23.6179,20.5071,4.03K,3.18K,468.9,193.5,4.23B,No,321.76,331.46,327.82,329.97,351.23,498
1819,SANJIVIN.BO,180.85,186.9,19.52K,Health Technology,Pharmaceuticals: Major,50.0,37.0,82.0,46.0,10.7214,10.7214,17.66K,27.26K,263.95,126.0,2.22B,No,190.57,171.88,175.84,173.93,164.07,497
1820,GRATEXI.BO,21.26,22.37,0.01K,Process Industries,Pulp & Paper,50.0,7.0,8.0,66.0,0.29,0.1836,0.69K,0.07K,28.06,17.1,64.52M,No,23.82,25.07,21.17,24.64,22.39,497
1821,SHINDL.NS,161.98,160.76,305.85K,Process Industries,Agricultural Commodities/Milling,50.0,,,,5.7507,5.7507,211.37K,262.12K,175.0,156.2,,No,,,,,,18
1822,AANCHALISP.BO,64.09,64.0,0.97K,Producer Manufacturing,Metal Fabrication,50.0,11.0,27.0,97.0,3.5607,3.5607,27.64K,12.22K,508.0,7.62,271.31M,No,68.35,76.69,82.25,73.53,54.02,500
1823,GPTINFRA.NS,113.47,111.39,239.26K,Industrial Services,Engineering & Construction,49.0,43.0,42.0,36.0,3.87,3.8179,305.32K,271.12K,150.0,96.22,14.34B,No,112.82,117.04,113.73,115.65,115.35,499
1824,FREDUN.NS,1461.2,1439.2,44.07K,Health Technology,Pharmaceuticals: Major,49.0,,,,72.2072,71.9857,25.90K,30.38K,1536.0,1320.1,,No,,,,,,18
1825,ARIGATO.BO,50.34,52.98,0.80K,Technology Services,Information Technology Services,49.0,16.0,27.0,64.0,4.6221,4.3779,0.56K,1.23K,69.0,32.45,306.88M,No,59.04,54.0,51.92,53.75,53.07,498
1826,SALGUTI.BO,28.99,27.65,0.01K,Process Industries,Textiles,49.0,1.0,17.0,42.0,1.2964,0.7579,0.07K,0.10K,38.47,21.37,218.49M,No,30.83,31.97,28.62,31.56,29.71,497
1827,ONEGLOBAL.NS,546.0,540.4,15.82K,Commercial Services,Miscellaneous Commercial Services,49.0,,,,26.9179,26.3607,21.38K,26.15K,580.0,494.0,10.67B,No,,,,,,18
1828,CDSL.NS,1355.0,1368.6,771.63K,Finance,Investment Banks/Brokers,49.0,56.0,67.0,52.0,33.1572,31.6215,1707.93K,1244.90K,1673.7,1116.3,283.20B,No,1378.3,1366.47,1339.57,1374.18,1298.09,500
1829,3MINDIA.NS,32800.0,33025.0,1.40K,Producer Manufacturing,Industrial Conglomerates,49.0,16.0,53.0,28.0,651.0714,649.2857,3.90K,2.56K,38030.0,28730.0,369.49B,No,33801.5,34777.9,33942.75,34543.0,33425.83,498
1830,ZUARIIND.NS,271.5,273.55,26.13K,Process Industries,Agricultural Commodities/Milling,49.0,70.0,66.0,51.0,10.8536,10.8357,65.17K,60.29K,416.0,210.0,8.09B,No,271.62,265.71,269.35,266.51,257.56,499
1831,ALFAICA.BO,84.55,89.0,0.08K,Producer Manufacturing,Miscellaneous Manufacturing,49.0,60.0,57.0,57.0,2.0071,1.4993,0.09K,0.05K,101.4,67.78,341.58M,No,87.01,81.58,80.18,81.9,79.81,497
1832,DEEPAKNTR.NS,1645.8,1641.9,414.99K,Process Industries,Chemicals: Specialty,49.0,21.0,46.0,49.0,50.9786,46.4214,325.80K,346.73K,1904.4,1280.0,224.48B,No,1732.78,1700.54,1631.84,1705.17,1634.94,499
1833,DEEPAKFERT.NS,1335.6,1357.8,150.64K,Process Industries,Chemicals: Agricultural,49.0,12.0,16.0,76.0,39.4214,38.1857,357.53K,287.99K,1681.0,866.4,168.77B,No,1431.63,1516.57,1292.42,1486.36,1324.29,500
1834,INOXGREEN.NS,178.12,175.76,2615.49K,Utilities,Alternative Power Generation,49.0,39.0,38.0,60.0,6.9421,6.92,1315.16K,1286.97K,279.0,132.58,71.51B,No,175.05,183.18,180.72,181.17,175.22,500
1835,STANROS.BO,68.6,68.5,0.01K,Finance,Investment Managers,49.0,22.0,51.0,49.0,2.1886,1.7393,0.27K,0.04K,82.75,54.31,272.20M,No,70.01,69.19,67.9,69.28,67.38,497
1836,JUBLCPL.NS,2101.0,2191.1001,11.34K,Process Industries,Chemicals: Agricultural,49.0,77.0,67.0,60.0,116.2286,116.2286,16.94K,10.45K,2790.0,1460.0,31.84B,No,2220.2,2059.98,1974.11,2067.46,1895.24,390
1837,GOWRALE.BO,91.0,89.8,0.00K,Finance,Investment Banks/Brokers,49.0,33.0,66.0,59.0,4.7307,4.5586,10.69K,2.00K,150.99,70.55,705.05M,No,90.89,95.01,93.77,94.32,90.51,497
1838,COCHINSHIP.NS,1520.4,1556.0,1052.39K,Producer Manufacturing,Trucks/Construction/Farm Machinery,49.0,58.0,59.0,41.0,36.6072,35.9643,1270.47K,682.02K,1979.9,1187.0,399.99B,No,1504.85,1462.5,1508.95,1468.68,1486.1,501
1839,SENINFO.BO,41.97,41.97,0.14K,Technology Services,Information Technology Services,49.0,68.0,62.0,69.0,0.0,0.0,0.11K,0.01K,63.44,28.44,211.95M,No,41.97,40.47,40.49,40.79,37.02,497
1840,SURAJ.BO,251.55,264.65,7.36K,Non-Energy Minerals,Steel,49.0,81.0,55.0,44.0,14.4893,13.8679,3.50K,2.94K,444.7,156.2,2.87B,No,257.31,238.15,228.32,239.34,232.25,497
1841,MASKINVEST.NS,148.62,153.29,0.05K,Finance,Finance/Rental/Leasing,49.0,46.0,41.0,51.0,7.1407,6.055,0.19K,0.40K,246.09,114.94,453.51M,No,147.88,150.47,148.6,149.66,147.17,498
1842,TERAI.NS,125.85,123.31,0.55K,Consumer Non-Durables,Food: Major Diversified,49.0,,,,11.1179,10.6579,0.38K,0.56K,140.0,103.0,865.76M,No,,,,,,18
1843,THERMAX.NS,3645.4,3638.6001,112.14K,Producer Manufacturing,Industrial Machinery,49.0,12.0,5.0,60.0,91.2143,90.8714,257.23K,126.49K,5277.8,2742.7,410.65B,No,3881.36,4205.9,3755.5,4159.08,4071.47,500
1844,LT.NS,3955.0,3922.6001,1375.98K,Industrial Services,Engineering & Construction,49.0,48.0,40.0,38.0,55.1142,53.8214,1803.96K,1353.24K,4440.0,3288.1,5441.55B,No,4025.55,3967.41,3983.03,3965.57,3958.04,501
1845,MPILCORPL.BO,488.6,479.1,0.00K,Commercial Services,Miscellaneous Commercial Services,49.0,94.0,5.0,66.0,4.4429,0.0321,0.02K,0.00K,639.2,324.7,279.27M,No,439.09,460.27,445.0,453.88,467.08,496
1846,COMPEAU.NS,360.0,364.65,0.90K,Retail Trade,Specialty Stores,49.0,,,,18.3393,18.1536,2.60K,2.30K,420.0,318.0,2.21B,No,,,,,,18
1847,ALICON.NS,740.6,737.65,53.81K,Producer Manufacturing,Auto Parts: Oem,49.0,60.0,71.0,39.0,29.0,28.9643,31.99K,28.89K,1022.0,580.0,12.10B,No,710.11,685.35,719.31,688.8,680.91,498
1848,EVERESTIND.NS,415.45,425.0,2.51K,Distribution Services,Wholesale Distributors,49.0,10.0,79.0,48.0,17.5679,17.425,37.31K,9.96K,750.0,284.9,6.59B,No,432.18,466.73,430.14,458.76,406.75,498
1849,IWP.NS,34.27,34.49,2.15K,Consumer Non-Durables,Food: Specialty/Candy,49.0,,,,1.7386,1.7329,12.20K,7.49K,36.5,32.8,2.19B,No,,,,,,18
1850,ISTLTD.NS,661.0,663.65,0.85K,Producer Manufacturing,Auto Parts: Oem,49.0,,,,36.575,36.575,0.84K,0.78K,749.95,605.0,7.71B,No,,,,,,18
1851,OPCHAINS.BO,30.9,29.5,5.00K,Distribution Services,Wholesale Distributors,49.0,67.0,51.0,37.0,0.1179,0.0,0.16K,1.00K,31.01,29.5,211.66M,No,29.73,29.74,30.5,29.84,30.33,498
1852,360ONE.NS,1094.9,1087.4,838.74K,Finance,Investment Managers,49.0,27.0,47.0,41.0,29.3429,27.9286,1090.05K,848.21K,1236.2,906.05,446.24B,No,1169.47,1145.26,1111.92,1145.93,1094.9,499
1853,JOCIL.NS,149.87,152.29,5.25K,Process Industries,Chemicals: Specialty,49.0,58.0,43.0,63.0,8.2686,8.2229,5.06K,19.66K,175.12,91.25,1.33B,No,151.45,148.17,138.57,148.29,136.71,499
1854,GGDPROP.BO,71.5,70.7,1.34K,Producer Manufacturing,Industrial Machinery,49.0,46.0,62.0,46.0,2.365,1.8257,1.33K,0.42K,91.8,46.5,340.44M,No,71.45,72.78,68.67,73.95,66.79,497
1855,GPPL.NS,162.27,158.59,1620.37K,Transportation,Marine Shipping,49.0,78.0,59.0,33.0,4.4407,4.0036,1713.64K,1779.14K,200.09,141.55,78.48B,No,163.44,156.09,163.61,157.15,156.67,500
1856,ATUL.NS,6356.0,6221.5,31.85K,Process Industries,Chemicals: Agricultural,49.0,22.0,35.0,35.0,131.7143,129.6071,45.20K,25.78K,7180.0,5560.5,187.13B,No,6507.1,6495.33,6419.16,6474.35,6573.0,500
1857,KSB.NS,804.2,806.7,88.86K,Producer Manufacturing,Industrial Machinery,49.0,50.0,39.0,46.0,23.225,23.0929,159.94K,199.39K,1028.3,666.65,139.96B,No,804.22,848.48,813.67,836.47,845.03,500
1858,ENS.BO,102.0,101.5,20.40K,Technology Services,Data Processing Services,49.0,,,,3.5379,3.4629,223.71K,62.88K,110.64,95.76,1.39B,No,,,,,,15
1859,PIONAGR.BO,24.37,25.65,0.05K,Process Industries,Agricultural Commodities/Milling,49.0,18.0,22.0,29.0,0.1521,0.0,0.00K,0.01K,27.64,21.69,107.18M,No,26.18,26.37,25.28,26.2,26.25,497
1860,GOTHIPL.BO,40.4,39.8,6.50K,Process Industries,Chemicals: Specialty,49.0,71.0,57.0,51.0,0.645,0.1821,0.33K,0.25K,49.01,33.25,412.08M,No,38.08,38.13,38.45,38.0,37.25,497
1861,TPLPLASTEH.NS,68.2,68.03,129.29K,Process Industries,Chemicals: Specialty,48.0,14.0,52.0,51.0,3.7357,3.48,172.10K,152.68K,90.33,50.01,5.32B,No,74.97,77.77,68.93,76.92,70.14,500
1862,NAHARCAP.NS,256.9,257.65,2.47K,Finance,Investment Managers,48.0,42.0,51.0,58.0,7.3029,7.1021,4.21K,3.50K,307.0,191.0,4.30B,No,257.47,254.57,248.11,254.32,246.48,498
1863,PANCHMAHQ.NS,290.0,290.0,0.06K,Non-Energy Minerals,Steel,48.0,,,,13.7036,13.7,0.27K,0.13K,331.0,253.95,,No,,,,,,17
1864,AMWILL.BO,43.0,42.9,6.00K,Consumer Non-Durables,Household/Personal Care,48.0,62.0,52.0,63.0,1.0886,1.0736,9.82K,6.00K,62.99,28.91,860.15M,No,43.23,42.49,39.06,42.47,38.23,392
1865,AUGMONT.NS,917.5,895.3,2401.88K,Retail Trade,Specialty Stores,48.0,,,,,,4298.94K,4298.94K,1019.8,851.0,,No,,,,,,9
1866,ARISINT.BO,397.15,397.15,0.07K,Producer Manufacturing,Auto Parts: Oem,48.0,51.0,61.0,49.0,1.4929,0.0,0.02K,0.01K,608.0,317.1,595.72M,No,411.78,404.0,382.15,403.92,384.68,497
1867,BARODARY.BO,123.8,122.85,0.69K,Process Industries,Textiles,48.0,40.0,34.0,57.0,3.9321,3.7786,1.09K,0.37K,148.4,100.1,2.84B,No,123.9,126.84,119.98,125.97,121.42,497
1868,CANTABIL.NS,240.06,238.8,53.43K,Consumer Non-Durables,Apparel/Footwear,48.0,71.0,64.0,28.0,6.5136,6.1371,287.43K,135.95K,321.5,208.5,20.08B,No,239.95,244.53,250.55,242.81,240.29,498
1869,MOSCHIP.NS,206.69,211.41,1246.34K,Electronic Technology,Semiconductors,48.0,57.0,42.0,64.0,6.68,6.5857,3398.38K,3294.95K,288.45,146.8,40.27B,No,210.92,218.22,202.39,217.52,202.82,398
1870,BAJAJST.NS,362.6,369.85,8.01K,Process Industries,Agricultural Commodities/Milling,48.0,,,,11.8964,11.6,9.97K,10.33K,378.0,343.0,,No,,,,,,18
1871,EARKART.BO,138.0,122.05,7.00K,Health Technology,Medical Specialties,48.0,49.0,72.0,24.0,4.1143,2.1893,1.45K,1.30K,265.95,104.35,1.90B,No,125.69,140.59,146.14,140.94,138.33,234
1872,RAJSREESUG.NS,33.66,35.22,30.56K,Process Industries,Agricultural Commodities/Milling,48.0,76.0,54.0,59.0,2.2979,2.2614,70.24K,50.84K,43.2,24.65,1.12B,No,36.31,33.08,32.37,33.02,31.98,500
1873,WSFX.BO,61.57,63.53,1.10K,Commercial Services,Miscellaneous Commercial Services,48.0,11.0,40.0,43.0,2.7329,2.6536,2.12K,2.50K,76.86,53.8,780.30M,No,64.8,64.37,62.31,64.26,62.52,497
1874,LYONSCO.BO,21.0,21.0,0.00K,Finance,Finance/Rental/Leasing,48.0,8.0,56.0,46.0,0.225,0.0679,0.07K,0.03K,35.29,17.43,98.24M,No,21.85,22.53,20.7,22.52,20.36,494
1875,AREXMIS.BO,122.05,122.85,0.18K,Process Industries,Textiles,48.0,8.0,69.0,49.0,3.2,1.925,0.19K,0.08K,161.0,95.5,439.22M,No,128.12,123.28,122.6,124.11,115.15,498
1876,FLUIDOM.BO,756.0,751.6,2.60K,Producer Manufacturing,Miscellaneous Manufacturing,48.0,4.0,29.0,68.0,28.0857,28.0857,4.69K,2.11K,1064.4,550.0,3.72B,No,769.7,858.23,743.59,854.85,761.01,497
1877,MALUPAPER.NS,34.39,34.81,47.26K,Process Industries,Pulp & Paper,48.0,77.0,60.0,52.0,1.5279,1.5143,36.90K,43.85K,44.11,27.0,600.95M,No,32.21,32.1,32.81,32.21,32.08,500
1878,INDSUCR.BO,79.27,79.04,0.74K,Process Industries,Agricultural Commodities/Milling,48.0,66.0,59.0,53.0,4.0321,3.96,8.94K,5.64K,97.0,61.31,1.38B,No,81.27,77.25,75.36,77.36,75.72,497
1879,VOGL.NS,36.37,36.27,23605.55K,Energy Minerals,Oil & Gas Production,48.0,31.0,,,1.7471,1.7271,68986.64K,38475.96K,47.6,30.42,141.99B,No,38.1,37.18,,36.93,,64
1880,GULFOILLUB.NS,1073.0,1081.1,49.77K,Energy Minerals,Oil Refining/Marketing,48.0,16.0,71.0,48.0,28.6786,26.7714,89.13K,77.45K,1329.0,865.0,53.17B,No,1127.8,1098.09,1057.15,1091.8,1016.21,501
1881,BALKRISIND.NS,2193.0,2208.6001,353.41K,Consumer Durables,Automotive Aftermarket,48.0,9.0,62.0,32.0,68.4929,66.5786,483.34K,1375.86K,2775.0,1970.0,423.94B,No,2330.49,2276.83,2292.06,2280.36,2238.09,499
1882,BOROLTD.NS,263.78,255.46,1213.72K,Producer Manufacturing,Miscellaneous Manufacturing,48.0,75.0,75.0,61.0,13.5864,13.4429,455.62K,382.85K,397.95,213.73,31.54B,No,250.63,243.68,250.85,243.91,238.79,500
1883,ENTRINT.BO,23.3,23.63,0.15K,Distribution Services,Wholesale Distributors,48.0,73.0,38.0,45.0,0.9021,0.6707,0.44K,0.36K,29.66,17.34,69.54M,No,21.15,20.54,21.84,20.66,21.37,497
1884,PENIND.NS,177.34,178.08,318.62K,Non-Energy Minerals,Steel,48.0,81.0,71.0,69.0,5.7836,5.685,468.89K,636.82K,279.9,129.1,24.03B,No,164.04,165.56,168.8,164.79,159.18,500
1885,IMFA.NS,1279.1,1301.2,78.60K,Non-Energy Minerals,Other Metals/Minerals,48.0,7.0,23.0,45.0,41.1214,40.8214,143.93K,98.58K,1679.9,1003.85,69.01B,No,1358.58,1383.39,1363.94,1374.96,1376.56,500
1886,TIMKEN.NS,3297.2,3173.3999,72.52K,Producer Manufacturing,Industrial Machinery,48.0,61.0,29.0,34.0,81.9429,81.9286,56.91K,27.16K,3925.0,2800.5,248.01B,No,3173.21,3187.38,3284.06,3195.28,3386.94,500
1887,NIVABUPA.NS,79.42,79.59,290.64K,Finance,Life/Health Insurance,48.0,30.0,32.0,53.0,1.6929,1.6929,1628.44K,480.42K,91.4,67.5,146.90B,No,81.81,84.46,79.42,83.91,80.4,454
1888,GOLDTECH.NS,46.5,47.5,10.61K,Technology Services,Information Technology Services,48.0,10.0,66.0,60.0,2.2279,2.1879,79.26K,11.04K,72.02,29.68,2.44B,No,48.7,53.95,46.77,52.89,45.83,499
1889,NHPC.NS,76.35,76.69,9025.94K,Utilities,Electric Utilities,48.0,51.0,54.0,41.0,1.445,1.4179,15476.92K,11324.50K,89.22,71.62,766.94B,No,76.3,77.86,77.89,77.45,77.53,501
1890,SIMPLXMIL.BO,5319.6,5599.5498,0.00K,Process Industries,Textiles,48.0,67.0,37.0,30.0,57.1785,0.1107,,,5599.55,4218.0,159.61M,No,5390.03,5179.57,5263.46,5205.84,5354.15,497
1891,ALKALI.NS,79.19,85.21,36.48K,Process Industries,Chemicals: Specialty,48.0,87.0,24.0,69.0,5.2407,3.7157,14.57K,68.80K,107.38,46.8,806.35M,No,69.63,73.8,73.03,72.15,70.66,498
1892,MAHLIFE.NS,359.65,370.1,67.94K,Finance,Real Estate Development,48.0,27.0,64.0,38.0,10.0357,10.0286,226.92K,76.50K,427.05,286.8,76.82B,No,370.63,375.75,362.68,376.05,352.51,501
1893,AVANTEL.NS,159.07,160.6,1221.46K,Electronic Technology,Telecommunications Equipment,48.0,56.0,34.0,53.0,4.1629,4.0,2004.24K,919.07K,215.0,117.05,42.27B,No,158.57,164.82,156.21,162.87,157.31,500
1894,TRAVELFOOD.NS,1285.9,1298.6,16.56K,Consumer Services,Restaurants,48.0,22.0,54.0,49.0,43.9357,43.8929,71.97K,95.79K,1470.9,1035.3,169.37B,No,1306.04,1317.08,1242.15,1317.38,1265.16,292
1895,SAMRATPH.BO,231.5,228.25,0.41K,Process Industries,Chemicals: Specialty,48.0,35.0,69.0,56.0,11.2893,10.6,2.24K,0.90K,333.0,190.0,715.27M,No,236.37,245.93,226.22,243.82,223.83,497
1896,SANDESH.NS,1021.1,1028.7,0.38K,Consumer Services,Publishing: Newspapers,48.0,28.0,60.0,44.0,37.3893,36.9929,2.94K,1.49K,1270.0,811.0,7.73B,No,1044.89,1020.06,1014.36,1024.34,995.74,498
1897,AMBER.NS,7280.0,7210.0,96.21K,Producer Manufacturing,Industrial Machinery,48.0,63.0,40.0,24.0,165.2143,160.2857,316.66K,184.42K,8974.0,5400.5,256.75B,No,7387.9,7453.03,7239.3,7472.15,7524.43,500
1898,BLACKBUCK.NS,585.9,580.05,279.73K,Technology Services,Packaged Software,47.0,64.0,60.0,39.0,16.7321,16.025,455.53K,302.34K,748.0,496.0,106.73B,No,592.28,574.01,586.38,578.36,569.94,450
1899,VRAJ.NS,126.31,124.5,20.88K,Non-Energy Minerals,Steel,47.0,62.0,57.0,49.0,3.915,3.9064,42.82K,16.27K,159.99,93.0,4.17B,No,123.07,124.45,124.4,124.51,122.43,501
1900,JGTL.BO,535.05,537.05,0.06K,Electronic Technology,Electronic Equipment/Instruments,47.0,58.0,59.0,50.0,16.6714,16.6179,1.11K,1.53K,668.0,433.0,2.42B,No,533.08,515.36,518.52,515.42,503.23,497
1901,AAATECH.NS,92.77,91.86,10.67K,Technology Services,Information Technology Services,47.0,31.0,27.0,36.0,2.7586,2.7586,20.84K,10.99K,136.0,76.11,1.19B,No,93.02,93.06,96.66,92.31,95.04,498
1902,MODIPON.BO,42.0,42.94,0.09K,Finance,Real Estate Development,47.0,91.0,7.0,68.0,1.3164,0.3771,0.27K,0.44K,65.77,29.26,486.22M,No,38.52,35.82,38.93,35.91,40.04,497
1903,HINDTIN.BO,114.95,115.55,3.86K,Process Industries,Containers/Packaging,47.0,79.0,58.0,41.0,5.4964,5.4607,9.02K,8.74K,162.0,87.05,1.20B,No,115.28,108.22,112.99,108.82,108.68,497
1904,GTNINDS.BO,23.4,24.38,2.01K,Process Industries,Textiles,47.0,35.0,35.0,44.0,1.3086,1.2514,3.71K,4.19K,30.62,17.0,468.00M,No,23.83,23.84,22.94,23.82,23.53,497
1905,SHIVAAGRO.NS,40.32,41.99,1.49K,Process Industries,Chemicals: Major Diversified,47.0,,,,3.4793,3.3657,5.66K,4.66K,45.9,37.0,,No,,,,,,18
1906,SILGO.NS,71.74,71.09,11.42K,Consumer Durables,Other Consumer Specialties,47.0,68.0,24.0,33.0,2.9757,2.8564,202.34K,175.32K,86.2,61.0,1.88B,No,71.4,72.33,73.91,72.37,74.31,499
1907,CLEAN.NS,848.45,825.7,950.46K,Process Industries,Chemicals: Specialty,47.0,69.0,68.0,54.0,23.1179,22.8607,429.48K,356.86K,1212.0,652.0,90.18B,No,833.1,791.01,797.88,793.27,771.67,500
1908,JINDCAP.BO,33.77,33.03,4.26K,Miscellaneous,Investment Trusts,47.0,77.0,48.0,45.0,2.8057,2.7536,3.65K,6.55K,49.0,26.18,243.42M,No,33.02,32.1,33.37,32.11,32.73,497
1909,BRIGHTBR.NS,255.75,261.7,0.79K,Process Industries,Industrial Specialties,47.0,,,,14.5471,14.4343,2.94K,3.38K,270.0,221.0,1.45B,No,,,,,,17
1910,JAGAJITIND.BO,150.1,151.3,13.52K,Consumer Non-Durables,Beverages: Alcoholic,47.0,9.0,64.0,41.0,7.7679,7.3607,21.66K,18.02K,241.95,116.0,7.02B,No,163.14,147.76,139.83,149.09,139.68,497
1911,INDPRUD.NS,6211.5,6164.5,0.06K,Finance,Investment Banks/Brokers,47.0,,,,159.0714,150.4643,0.06K,0.06K,6450.0,6100.0,,No,,,,,,18
1912,ARROWHEAD.BO,74.3,74.3,0.60K,Process Industries,Containers/Packaging,47.0,67.0,54.0,46.0,1.1929,0.9286,0.38K,0.84K,93.9,68.0,139.04M,No,72.73,71.15,72.45,72.03,71.47,497
1913,JHACC.BO,184.35,167.65,29.68K,Finance,Investment Banks/Brokers,47.0,66.0,56.0,34.0,10.6214,10.3429,1.90K,1.04K,242.95,146.0,2.05B,No,174.12,181.88,185.26,181.01,182.34,497
1914,DBSTOCKBRO.NS,28.0,28.03,2.33K,Finance,Investment Banks/Brokers,47.0,5.0,20.0,49.0,1.3764,1.3436,67.17K,9.45K,48.5,23.15,980.00M,No,30.06,33.72,28.56,33.15,29.91,498
1915,GOLDENCREST.BO,324.8,324.8,0.00K,Commercial Services,Miscellaneous Commercial Services,47.0,52.0,21.0,75.0,0.9321,0.0,0.01K,0.01K,378.0,224.8,1.70B,No,318.54,340.26,322.54,335.49,331.4,497
1916,APOORVA.NS,26.56,25.3,0.96K,Finance,Financial Conglomerates,47.0,,,,0.645,0.555,0.28K,0.18K,28.05,24.04,530.53M,No,,,,,,16
1917,HINDCON.NS,23.34,23.71,15.36K,Non-Energy Minerals,Construction Materials,47.0,60.0,69.0,64.0,1.5693,1.5443,23.82K,37.69K,37.75,15.66,1.19B,No,23.08,22.37,22.9,22.42,21.62,499
1918,BLIL.NS,71.42,72.01,117.23K,Commercial Services,Miscellaneous Commercial Services,47.0,,,,0.8086,0.7943,70.33K,78.08K,73.4,70.61,15.85B,No,,,,,,18
1919,SOUTHERNIN.BO,22.78,22.05,0.61K,Distribution Services,Electronics Distributors,47.0,78.0,48.0,44.0,1.1664,1.1221,0.94K,1.70K,40.01,18.75,114.36M,No,21.13,21.53,22.46,21.61,22.13,497
1920,BEL.NS,405.0,406.0,8713.65K,Electronic Technology,Aerospace & Defense,47.0,53.0,45.0,15.0,7.0071,6.4536,11798.22K,10357.40K,473.45,380.45,2960.46B,No,409.54,406.45,418.96,406.52,421.66,501
1921,POBS.BO,154.25,154.25,1.20K,Commercial Services,Miscellaneous Commercial Services,47.0,17.0,26.0,48.0,4.6107,0.0,0.09K,0.18K,191.9,109.0,244.09M,No,175.93,171.77,150.05,171.8,153.24,498
1922,DSSL.NS,1032.2,1022.0,22.89K,Technology Services,Information Technology Services,47.0,4.0,5.0,60.0,36.1286,36.1286,45.96K,30.37K,1924.8,781.0,13.15B,No,1085.44,1184.91,1113.81,1169.0,1169.47,499
1923,DOLFIN.BO,176.95,174.95,17.34K,Consumer Durables,Automotive Aftermarket,47.0,63.0,52.0,37.0,6.4214,6.2643,3.51K,5.93K,203.9,160.0,1.77B,No,168.81,169.21,173.27,170.4,171.91,497
1924,SALONA.NS,262.75,264.25,0.03K,Process Industries,Textiles,47.0,71.0,37.0,35.0,14.6236,13.765,1.55K,1.11K,320.0,200.0,1.38B,No,265.5,256.78,264.18,257.38,266.04,498
1925,FAIRCHEMOR.NS,634.5,636.85,5.53K,Process Industries,Chemicals: Specialty,47.0,5.0,63.0,54.0,15.6571,13.425,26.84K,11.70K,846.8,428.05,7.99B,No,667.0,714.91,640.36,705.6,620.98,498
1926,ACLD.BO,148.8,151.05,19.80K,Process Industries,Agricultural Commodities/Milling,47.0,65.0,40.0,59.0,6.9643,6.8643,26.07K,41.64K,230.0,106.0,3.03B,No,146.47,147.42,144.89,146.93,144.71,498
1927,OLECTRA.NS,1206.7,1206.6,243.35K,Consumer Durables,Motor Vehicles,47.0,7.0,31.0,73.0,40.0429,38.9286,609.55K,321.39K,1714.2,866.6,99.05B,No,1284.4,1341.26,1211.78,1319.91,1235.22,500
1928,CASTROLIND.NS,188.06,189.16,4597.80K,Energy Minerals,Oil Refining/Marketing,47.0,53.0,52.0,35.0,2.3779,2.3779,1988.27K,1781.10K,210.75,170.1,186.01B,No,187.31,186.5,185.4,186.85,184.64,501
1929,FORCEMOT.NS,18175.0,17355.0,222.76K,Consumer Durables,Motor Vehicles,47.0,51.0,55.0,14.0,413.4286,407.0,93.31K,67.11K,26450.0,14911.0,239.48B,No,17770.6,17999.28,19594.37,17961.2,19697.87,500
1930,TENNIND.NS,519.25,518.4,600.85K,Producer Manufacturing,Auto Parts: Oem,47.0,37.0,22.0,32.0,14.0036,13.9893,1940.64K,830.69K,657.0,438.05,209.57B,No,537.16,551.0,551.05,547.34,565.52,205
1931,ACGL.NS,1754.6,1795.1,0.76K,Producer Manufacturing,Auto Parts: Oem,47.0,,,,45.3643,44.65,0.58K,0.64K,1842.9,1715.5,,No,,,,,,18
1932,VLSFINANCE.NS,244.68,246.31,7.58K,Finance,Investment Banks/Brokers,47.0,26.0,57.0,41.0,4.9621,4.9129,15.10K,7.63K,339.0,198.81,7.68B,No,248.59,253.36,256.61,252.72,242.61,498
1933,PHOENXINTL.NS,30.15,30.2,1.80K,Finance,Real Estate Development,47.0,,,,2.935,2.9064,4.06K,2.30K,35.64,27.61,506.21M,No,,,,,,18
1934,NLCINDIA.NS,270.4,271.55,1072.53K,Utilities,Electric Utilities,47.0,45.0,13.0,52.0,6.4286,6.3571,2856.70K,1631.68K,387.8,230.0,374.95B,No,272.17,287.32,283.45,286.48,296.16,501
1935,JUSTO.BO,104.95,104.95,1.00K,Finance,Real Estate Development,46.0,88.0,64.0,51.0,3.795,2.9629,9.55K,2.10K,136.8,72.0,1.97B,No,103.49,93.5,96.23,94.32,95.69,234
1936,BASML.NS,25.0,24.59,38.40K,Process Industries,Textiles,46.0,23.0,41.0,62.0,0.8457,0.8043,118.62K,47.83K,31.9,17.05,2.00B,No,24.99,26.05,24.84,25.94,24.25,499
1937,ARIS.NS,126.98,127.85,2028.58K,Technology Services,Packaged Software,46.0,26.0,58.0,61.0,7.2107,7.1643,1320.69K,2278.82K,178.3,82.18,10.39B,No,136.26,127.4,120.67,128.82,121.45,305
1938,WAA.BO,51.89,51.46,23.20K,Utilities,Electric Utilities,46.0,86.0,49.0,42.0,2.1843,1.9443,8.59K,11.52K,78.7,40.9,688.41M,No,45.68,46.45,52.14,46.44,51.28,497
1939,JBMA.NS,604.25,614.25,219.69K,Producer Manufacturing,Auto Parts: Oem,46.0,38.0,18.0,59.0,14.5964,14.0786,762.38K,231.71K,790.0,477.0,142.90B,No,629.94,651.84,617.97,648.64,627.03,501
1940,BIOCON.NS,391.65,395.0,4737.46K,Health Technology,Pharmaceuticals: Major,46.0,19.0,30.0,34.0,8.2929,7.8786,4456.15K,3114.10K,447.15,337.05,637.72B,No,407.23,419.07,395.9,417.41,400.03,501
1941,JNPR.NS,259.05,260.5,177.80K,Utilities,Alternative Power Generation,46.0,62.0,,,12.2707,12.1064,5161.31K,1608.29K,282.0,232.11,147.40B,No,259.19,,,,,26
1942,AXISBANK.NS,1246.0,1238.5,4150.00K,Finance,Major Banks,46.0,59.0,27.0,27.0,23.4357,20.2643,6250.61K,4738.38K,1418.3,1069.0,3879.33B,No,1248.48,1264.15,1288.47,1259.42,1286.72,500
1943,MMTC.NS,62.23,62.76,1011.61K,Distribution Services,Wholesale Distributors,46.0,39.0,24.0,53.0,1.4193,1.3943,7050.84K,1746.47K,78.35,50.1,93.34B,No,63.49,63.56,63.23,63.6,63.5,501
1944,DRAGARWQ.NS,5306.0,5241.5,2.71K,Health Services,Medical/Nursing Services,46.0,,,,139.8929,138.1071,1.18K,1.30K,5500.0,5151.0,,No,,,,,,18
1945,YOGI.NS,155.37,161.94,0.18K,Finance,Real Estate Development,46.0,,,,7.5157,6.7957,0.99K,0.97K,180.0,130.01,,No,,,,,,18
1946,FINELINE.BO,65.11,67.5,0.85K,Electronic Technology,Electronic Components,46.0,39.0,78.0,8.0,4.4243,4.2657,3.55K,3.00K,103.66,48.22,313.03M,No,65.26,67.52,75.1,67.5,70.02,497
1947,GMRAIRPORT.NS,97.46,98.65,9680.39K,Transportation,Other Transportation,46.0,24.0,31.0,42.0,2.3071,2.2593,17020.71K,16207.47K,115.64,84.11,1029.08B,No,98.32,104.73,100.44,103.7,100.1,501
1948,EMMBI.NS,89.23,89.88,4.69K,Process Industries,Containers/Packaging,46.0,72.0,58.0,50.0,3.5857,3.1557,21.36K,13.02K,116.9,60.3,1.72B,No,86.06,87.71,89.14,87.34,85.08,498
1949,LATTEYS.NS,21.53,21.52,20.74K,Producer Manufacturing,Industrial Machinery,46.0,78.0,36.0,42.0,1.1771,1.1657,56.71K,45.88K,37.0,15.79,1.24B,No,21.92,20.91,21.76,20.92,21.27,498
1950,BDI.BO,110.0,107.0,1.20K,Producer Manufacturing,Miscellaneous Manufacturing,46.0,56.0,39.0,39.0,1.35,0.9214,3.30K,6.00K,114.5,98.0,1.56B,No,108.65,109.11,108.74,108.9,108.88,275
1951,IGCL.NS,72.4,72.74,105.78K,Process Industries,Chemicals: Agricultural,46.0,54.0,76.0,55.0,1.9757,1.9664,153.18K,86.72K,114.8,49.46,4.58B,No,72.29,72.67,69.22,72.91,65.81,298
1952,SUNRAKSHAK.NS,375.55,372.7,11.41K,Process Industries,Textiles,46.0,,,,9.0,8.5893,8.01K,7.75K,382.4,361.05,,No,,,,,,18
1953,VHL.NS,3443.0,3453.6001,0.51K,Finance,Investment Managers,46.0,49.0,44.0,46.0,137.8571,137.8571,0.76K,0.99K,4275.0,2870.0,10.99B,No,3491.06,3502.12,3438.13,3498.59,3416.27,499
1954,PATELRMART.NS,211.9,214.93,59.87K,Retail Trade,Food Retail,46.0,38.0,39.0,65.0,7.5629,7.5457,177.79K,72.80K,266.0,150.25,7.08B,No,225.38,223.88,204.24,222.94,203.3,262
1955,JAYUSH.BO,831.15,833.0,0.04K,Producer Manufacturing,Auto Parts: Oem,46.0,25.0,23.0,46.0,25.9536,24.0214,0.14K,0.05K,1601.75,641.7,3.21B,No,854.17,865.31,884.24,858.31,860.34,497
1956,AUROLAB.BO,256.95,256.75,3.02K,Health Technology,Pharmaceuticals: Major,46.0,71.0,43.0,17.0,12.8929,12.65,4.37K,9.83K,317.0,159.0,1.60B,No,240.66,241.25,255.15,242.66,258.92,497
1957,PSTITANIA.BO,1075000.0,1100000.0,0.00K,Miscellaneous,Investment Trusts,46.0,45.0,37.0,37.0,2142.8571,357.1429,,0.00K,1190000.0,1045500.0,4.80B,No,1098750.0,1118700.0,1089273.07,1117500.0,1097803.7,276
1958,DENTA.NS,287.45,283.2,152.51K,Industrial Services,Engineering & Construction,46.0,11.0,74.0,67.0,9.95,9.8,518.36K,122.62K,479.6,222.0,7.67B,No,282.31,316.43,292.99,313.41,284.03,404
1959,KAMADGIRI.BO,102.6,103.05,0.05K,Process Industries,Textiles,46.0,4.0,10.0,57.0,7.6929,4.9929,0.71K,0.23K,149.0,64.05,602.20M,No,109.37,116.55,100.17,116.33,105.51,498
1960,TRITURBINE.NS,560.85,565.05,1145.41K,Producer Manufacturing,Industrial Machinery,46.0,25.0,14.0,62.0,16.5322,16.4857,834.17K,468.48K,787.6,428.35,178.29B,No,577.68,603.68,562.51,595.7,578.87,500
1961,ASTAR.NS,587.75,575.1,0.05K,Commercial Services,Miscellaneous Commercial Services,46.0,,,,12.7,11.1643,0.07K,0.03K,619.5,570.0,9.41B,No,,,,,,18
1962,ALPHAIND.BO,139.05,139.1,0.60K,Producer Manufacturing,Metal Fabrication,46.0,28.0,11.0,18.0,0.0036,0.0,0.52K,0.06K,187.0,91.1,1.42B,No,139.99,144.84,150.91,143.37,157.12,496
1963,CERA.NS,5614.0,5698.5,2.85K,Consumer Durables,Home Furnishings,46.0,27.0,30.0,61.0,130.0,125.75,12.11K,6.15K,6740.0,4461.1,72.39B,No,5754.65,6020.76,5500.41,5935.9,5577.74,499
1964,VOITHPAPR.NS,1484.7,1488.4,0.45K,Process Industries,Textiles,46.0,,,,44.3857,43.1786,0.40K,0.49K,1696.0,1410.0,,No,,,,,,17
1965,SIKA.NS,1024.85,993.4,75.06K,Electronic Technology,Aerospace & Defense,46.0,,,,36.8143,36.7929,25.08K,24.04K,1078.9,962.5,,No,,,,,,18
1966,EKANSH.BO,206.9,207.55,2.31K,Industrial Services,Engineering & Construction,46.0,10.0,30.0,64.0,9.3607,8.9143,9.73K,2.86K,273.85,142.85,3.13B,No,218.96,228.9,210.45,227.27,211.79,497
1967,ANURAS.NS,1231.1,1229.6,33.51K,Health Technology,Pharmaceuticals: Major,46.0,62.0,42.0,30.0,18.8786,18.8786,308.06K,172.97K,1415.0,1045.2,140.16B,No,1240.14,1240.02,1280.32,1239.08,1274.08,500
1968,IITL.NS,147.23,147.09,109.49K,Finance,Financial Conglomerates,46.0,59.0,54.0,53.0,9.3857,9.3857,119.74K,105.84K,216.0,108.0,3.08B,No,151.42,141.24,146.86,140.82,142.82,498
1969,DISAQ.NS,11849.0,11929.0,0.28K,Producer Manufacturing,Industrial Machinery,46.0,61.0,55.0,,415.3571,388.1429,0.51K,0.36K,12864.0,10851.0,,No,11837.3,11969.16,,11990.5,,100
1970,JKIPL.NS,91.6,93.63,27.29K,Distribution Services,Wholesale Distributors,45.0,19.0,19.0,87.0,4.7614,4.7614,40.91K,65.41K,126.95,45.4,3.52B,No,101.47,99.31,87.97,98.83,86.5,236
1971,KPL.NS,3511.6,3577.0,18.18K,Health Technology,Pharmaceuticals: Major,45.0,,,,167.7785,165.5071,46.34K,41.99K,3798.9,3211.1,,No,,,,,,18
1972,ZFSTEERING.NS,743.4,680.05,96.97K,Producer Manufacturing,Auto Parts: Oem,45.0,82.0,68.0,,20.5857,20.4143,5.69K,4.80K,894.98,620.65,6.75B,No,674.15,673.83,,678.34,,101
1973,MASTERTR.NS,92.35,93.07,627.56K,Finance,Investment Banks/Brokers,45.0,88.0,75.0,57.0,4.6364,4.635,1505.46K,1609.44K,164.5,55.6,11.36B,No,83.78,83.71,89.18,85.35,81.39,439
1974,EPBIO.BO,105.85,99.95,0.50K,Producer Manufacturing,Industrial Machinery,45.0,82.0,65.0,49.0,5.5236,3.51,0.71K,1.30K,139.0,75.5,177.99M,No,97.46,99.53,98.8,98.86,98.61,498
1975,DAMODARIND.NS,29.49,29.02,1.75K,Process Industries,Textiles,45.0,66.0,41.0,59.0,1.1229,1.1086,4.42K,2.91K,38.8,20.0,687.12M,No,28.0,28.89,28.39,28.67,28.2,499
1976,PATELSAI.BO,274.3,272.45,3.79K,Producer Manufacturing,Industrial Machinery,45.0,58.0,36.0,56.0,11.1929,10.9214,9.66K,9.56K,420.0,180.1,1.50B,No,283.71,322.45,281.06,316.32,298.71,497
1977,BERVINL.BO,49.65,49.84,0.12K,Finance,Investment Banks/Brokers,45.0,94.0,66.0,20.0,2.7457,1.5771,0.35K,0.12K,73.5,37.21,292.84M,No,49.54,47.61,55.24,48.3,54.81,497
1978,KJMCFIN.NS,61.58,62.64,1.79K,Finance,Investment Banks/Brokers,45.0,,,,6.0393,5.98,4.21K,2.06K,84.5,55.35,294.71M,No,,,,,,18
1979,PUNJABCHEM.NS,1091.8,1096.1,2.53K,Process Industries,Chemicals: Agricultural,45.0,50.0,60.0,39.0,37.0143,36.3286,23.47K,3.98K,1533.9,876.6,13.39B,No,1113.35,1121.06,1105.38,1120.38,1067.97,497
1980,SURYALAXMI.NS,58.12,58.21,1.21K,Process Industries,Textiles,45.0,43.0,53.0,50.0,2.7714,2.545,9.04K,10.12K,69.7,43.0,1.09B,No,58.33,58.51,57.61,58.45,57.36,498
1981,PBMPOLY.NS,60.0,60.86,0.10K,Process Industries,Textiles,45.0,,,,3.845,3.69,0.49K,0.65K,72.2,56.53,412.74M,No,,,,,,18
1982,EVERFIN.BO,108.0,108.9,0.06K,Process Industries,Textiles,45.0,66.0,41.0,52.0,5.7929,4.8786,0.25K,0.42K,143.0,77.5,669.60M,No,106.26,109.64,106.52,108.53,106.08,497
1983,SAPPL.NS,286.05,287.5,4.76K,Process Industries,Pulp & Paper,45.0,,,,18.3,18.0393,1.17K,1.04K,309.0,270.0,2.54B,No,,,,,,18
1984,GLANCE.BO,178.25,170.0,0.13K,Finance,Finance/Rental/Leasing,45.0,86.0,64.0,21.0,4.9321,3.6214,0.15K,0.39K,251.95,141.15,402.11M,No,159.0,157.12,175.97,159.16,172.98,497
1985,BENGALASM.NS,6200.5,6149.5,4.10K,Consumer Durables,Automotive Aftermarket,45.0,,,,208.3929,207.25,0.87K,1.32K,6700.0,6113.5,,No,,,,,,18
1986,ROTO.NS,65.07,65.67,324.58K,Producer Manufacturing,Industrial Machinery,45.0,30.0,64.0,62.0,2.4407,2.4,3866.83K,431.11K,85.28,47.5,12.29B,No,65.24,67.08,62.3,66.36,61.82,500
1987,BAJEL.NS,177.42,183.93,237.38K,Industrial Services,Engineering & Construction,45.0,20.0,20.0,61.0,6.2393,6.0971,286.01K,257.79K,226.69,135.1,20.53B,No,186.73,184.98,175.74,184.86,178.72,501
1988,BANARISUG.NS,3590.4,3650.8,0.90K,Process Industries,Agricultural Commodities/Milling,45.0,64.0,39.0,36.0,168.35,160.6785,2.62K,2.57K,4338.0,3105.2,45.02B,No,3773.31,3599.59,3601.31,3623.02,3606.54,499
1989,SINCLAIR.NS,81.58,82.96,20.69K,Consumer Services,Hotels/Resorts/Cruise Lines,45.0,72.0,61.0,50.0,3.7279,3.6871,30.94K,61.66K,114.75,68.82,4.18B,No,79.19,76.76,77.99,77.07,76.83,500
1990,MERCURYLAB.BO,798.9,760.95,0.03K,Health Technology,Pharmaceuticals: Major,45.0,44.0,53.0,37.0,14.475,13.5536,0.12K,0.02K,942.9,620.55,958.68M,No,768.46,796.03,796.54,795.29,784.36,497
1991,SONAL.NS,90.08,88.58,0.24K,Finance,Finance/Rental/Leasing,45.0,,,,2.5593,2.3214,0.10K,0.09K,94.0,82.5,1.33B,No,,,,,,18
1992,TCMLMTD.BO,46.67,46.15,11.47K,Process Industries,Chemicals: Specialty,45.0,77.0,51.0,42.0,2.5221,2.4221,3.91K,9.24K,81.0,36.53,348.99M,No,43.36,43.65,49.89,43.43,44.94,497
1993,SCHAEFFLER.NS,3940.2,3933.8,19.47K,Producer Manufacturing,Metal Fabrication,45.0,32.0,46.0,21.0,68.7429,68.7429,68.09K,52.84K,4467.7,3518.4,615.87B,No,4013.2,4073.08,3998.18,4044.43,4077.37,500
1994,NUVOCO.NS,331.3,334.75,256.36K,Non-Energy Minerals,Construction Materials,45.0,51.0,59.0,57.0,9.8821,9.8571,1659.19K,560.24K,453.25,276.25,118.33B,No,328.91,336.7,328.87,337.73,320.55,501
1995,PACIFICI.NS,137.82,141.79,0.11K,Non-Energy Minerals,Construction Materials,45.0,,,,8.5943,8.3814,1.16K,0.42K,160.0,129.0,949.95M,No,,,,,,18
1996,ATLASCYCLE.NS,98.07,106.47,85.02K,Consumer Durables,Motor Vehicles,45.0,57.0,41.0,51.0,5.6036,5.6036,25.31K,129.63K,130.0,76.15,637.83M,No,97.91,97.77,96.3,97.34,96.4,498
1997,TALBROSENG.BO,624.75,639.3,1.53K,Non-Energy Minerals,Steel,45.0,21.0,24.0,33.0,19.1536,19.0179,2.59K,1.51K,766.0,560.5,3.17B,No,621.51,665.24,651.63,655.92,659.67,497
1998,KANDAGIRI.BO,42.95,42.95,0.45K,Process Industries,Textiles,45.0,63.0,59.0,27.0,0.1479,0.0436,0.10K,0.14K,51.72,37.55,165.33M,No,41.53,41.77,42.65,42.07,41.85,496
1999,THACKER.NS,1045.0,1017.0,0.04K,Finance,Finance/Rental/Leasing,45.0,,,,45.9428,39.5357,0.03K,0.04K,1107.0,950.0,1.14B,No,,,,,,17
2000,TEMPSENS.NS,581.3,588.65,2164.34K,Electronic Technology,Electronic Equipment/Instruments,45.0,,,,,,11654.21K,11654.21K,634.85,534.7,,No,,,,,,10
2001,LAPL.BO,127.1,117.05,165.60K,Producer Manufacturing,Auto Parts: Oem,45.0,,,,7.4429,7.2807,232.92K,75.60K,139.0,109.87,1.59B,No,119.82,,,,,21
2002,RAJPACK.BO,30.18,30.5,4.47K,Process Industries,Containers/Packaging,45.0,57.0,52.0,38.0,1.2979,1.1671,1.57K,0.90K,45.85,24.8,137.92M,No,29.1,28.79,31.47,28.72,29.3,497
2003,NAPEROL.BO,675.9,674.35,1.01K,Process Industries,Chemicals: Specialty,45.0,67.0,66.0,51.0,28.025,27.0964,1.16K,2.36K,990.0,490.1,3.88B,No,685.03,666.31,653.75,667.91,628.09,497
2004,VJLAXMIE.BO,40.98,40.9,2.26K,Producer Manufacturing,Industrial Machinery,45.0,73.0,62.0,48.0,1.53,0.9021,0.59K,0.52K,63.09,26.0,207.85M,No,39.09,38.3,40.85,38.81,37.54,497
2005,TRILIANCE.BO,46.99,45.18,0.25K,Finance,Investment Banks/Brokers,45.0,87.0,33.0,89.0,1.1079,0.9579,0.37K,0.03K,115.34,24.32,240.12M,No,44.86,43.18,52.11,42.75,41.46,497
2006,MARSONS.NS,125.38,135.08,6401.33K,Producer Manufacturing,Electrical Products,45.0,90.0,59.0,,8.5379,8.5379,2312.91K,4895.61K,175.4,100.25,21.58B,No,121.95,115.15,,117.58,,126
2007,HARISH.BO,63.07,65.79,1.54K,Producer Manufacturing,Industrial Machinery,45.0,9.0,39.0,31.0,3.6564,3.3564,2.35K,2.01K,75.5,52.4,210.40M,No,64.41,66.48,64.83,66.6,65.67,497
2008,PRIMESECU.NS,276.75,280.1,24.31K,Finance,Investment Banks/Brokers,44.0,26.0,32.0,37.0,9.7,9.7,36.61K,37.14K,325.0,248.0,9.40B,No,282.04,281.43,282.36,281.68,282.81,498
2009,PML.NS,486.75,487.95,0.22K,Commercial Services,Miscellaneous Commercial Services,44.0,,,,17.5286,16.1464,0.17K,0.15K,515.0,475.0,1.50B,No,,,,,,17
2010,ZODJRDMKJ.BO,37.98,37.15,24.32K,Non-Energy Minerals,Other Metals/Minerals,44.0,59.0,46.0,49.0,2.05,2.0279,25.62K,11.60K,51.47,28.4,416.85M,No,37.83,36.4,37.11,36.87,35.9,497
2011,TRITONV.NS,1133.3,1140.6,3.03K,Consumer Durables,Automotive Aftermarket,44.0,,,,43.0572,43.0572,3.23K,2.21K,1219.3,1100.0,,No,,,,,,18
2012,SUMEDHA.NS,39.0,40.01,4.59K,Finance,Investment Banks/Brokers,44.0,,,,2.0643,1.9686,2.81K,2.40K,45.0,36.6,,No,,,,,,18
2013,LIBORD.BO,20.25,20.3,0.78K,Finance,Investment Banks/Brokers,44.0,62.0,48.0,61.0,0.3971,0.3029,0.22K,0.15K,28.63,15.31,101.25M,No,20.31,20.05,18.89,20.01,18.51,497
2014,HEROMOTOCO.NS,5280.0,5218.0,501.14K,Consumer Durables,Motor Vehicles,44.0,13.0,59.0,27.0,127.2857,114.6429,704.51K,681.56K,6388.5,4671.5,1056.75B,No,5526.75,5346.77,5391.08,5368.61,5218.13,501
2015,AXELPOLY.BO,47.01,48.99,1.15K,Process Industries,Industrial Specialties,44.0,30.0,63.0,36.0,3.7614,3.3143,1.62K,0.60K,60.0,36.7,517.16M,No,48.93,46.34,45.74,46.88,45.1,497
2016,STCINDIA.NS,113.25,113.74,13.15K,Distribution Services,Food Distributors,44.0,33.0,41.0,42.0,2.9143,2.815,131.81K,22.80K,150.7,97.04,6.79B,No,116.85,118.9,118.67,118.29,117.29,500
2017,BHARATGEAR.NS,102.67,101.75,11.59K,Producer Manufacturing,Trucks/Construction/Farm Machinery,44.0,45.0,25.0,39.0,3.0343,3.0336,87.00K,13.46K,154.2,83.8,1.58B,No,102.47,113.21,110.51,110.8,110.69,500
2018,RAJKOTINV.BO,43.0,44.0,0.05K,Finance,Finance/Rental/Leasing,44.0,42.0,56.0,55.0,1.4721,1.3386,0.17K,0.15K,53.9,32.0,43.00M,No,43.46,44.86,43.22,44.41,43.53,497
2019,AMPVOLTS.BO,25.52,25.67,12.26K,Technology Services,Information Technology Services,44.0,29.0,7.0,25.0,1.5857,1.55,15.58K,21.09K,47.4,15.0,656.14M,No,27.35,27.19,27.24,27.03,29.79,497
2020,TIMETECHNO.NS,184.87,184.99,2051.14K,Process Industries,Containers/Packaging,44.0,11.0,63.0,50.0,4.7664,4.6243,3717.01K,2692.10K,249.15,154.0,91.26B,No,187.51,194.58,184.66,194.35,183.82,501
2021,SHETR.BO,105.05,104.1,0.41K,Process Industries,Containers/Packaging,44.0,85.0,68.0,53.0,4.5043,4.4907,6.35K,4.54K,142.9,83.8,945.80M,No,107.66,99.82,106.02,98.35,99.71,497
2022,DECOMIC.BO,60.31,57.44,1.00K,Commercial Services,Miscellaneous Commercial Services,44.0,59.0,50.0,34.0,2.2486,1.2471,0.29K,0.25K,85.0,47.0,253.30M,No,59.04,59.07,60.37,59.18,58.35,498
2023,WAKEFIT.NS,152.44,152.64,510.80K,Retail Trade,Specialty Stores,44.0,91.0,86.0,16.0,6.8664,6.8343,3410.51K,1535.45K,224.0,111.4,50.56B,No,143.83,134.24,,135.39,141.92,186
2024,SINDHUTRAD.NS,23.81,24.99,1495.99K,Transportation,Air Freight/Couriers,44.0,43.0,35.0,27.0,1.1657,1.1643,2233.58K,4197.11K,32.74,17.64,43.87B,No,24.37,24.82,23.63,24.58,24.44,499
2025,CENTURYPLY.NS,734.05,738.7,43.74K,Producer Manufacturing,Building Products,44.0,30.0,40.0,43.0,16.3821,16.3821,64.60K,35.08K,859.0,618.5,163.09B,No,751.41,769.77,766.11,771.5,753.2,499
2026,JSWDULUX.NS,3179.7,3179.2,6.74K,Process Industries,Industrial Specialties,44.0,57.0,39.0,57.0,59.9214,59.9214,22.81K,25.09K,3745.0,2658.7,144.80B,No,3137.56,3069.01,3067.85,3061.32,3028.31,500
2027,UPHOT.NS,1428.0,1400.0,0.26K,Consumer Services,Hotels/Resorts/Cruise Lines,44.0,,,,39.5714,29.5929,0.10K,0.17K,1500.0,1320.0,,No,,,,,,18
2028,MERCANTILE.NS,24.03,24.12,8.09K,Finance,Real Estate Development,44.0,,,,2.485,2.4543,173.06K,275.72K,29.37,22.25,,No,,,,,,17
2029,GALLARD.BO,165.15,167.0,25.00K,Producer Manufacturing,Industrial Machinery,44.0,45.0,64.0,59.0,6.8321,4.5179,11.09K,7.90K,245.95,110.0,1.57B,No,183.62,170.23,,171.38,157.31,198
2030,MAXHEALTH.NS,1038.6,1037.5,2578.81K,Health Services,Hospital/Nursing Management,44.0,54.0,47.0,35.0,24.2286,22.7928,1966.37K,1920.27K,1221.9,903.0,1010.88B,No,1007.87,1059.84,1039.69,1049.3,1031.83,500
2031,ISHITADR.BO,74.0,74.0,0.00K,Health Technology,Pharmaceuticals: Other,44.0,49.0,28.0,51.0,1.7707,1.3257,1.86K,1.29K,90.85,66.0,221.28M,No,73.32,73.63,74.83,74.05,75.48,497
2032,BANDHANBNK.NS,174.0,171.7,11852.72K,Finance,Major Banks,44.0,49.0,13.0,33.0,4.8421,4.7,12307.38K,7313.20K,220.76,134.25,280.34B,No,169.73,180.6,174.27,179.62,183.44,501
2033,HONAUT.NS,34150.0,34180.0,1.83K,Electronic Technology,Electronic Equipment/Instruments,44.0,14.0,33.0,56.0,798.2143,786.4286,5.12K,3.40K,41495.0,26220.0,302.14B,No,36030.0,37444.2,33848.15,37087.5,33869.33,498
2034,BASF.NS,3688.3,3746.0,18.73K,Process Industries,Chemicals: Specialty,44.0,21.0,65.0,50.0,83.75,83.75,42.92K,17.54K,4829.9,3122.2,159.65B,No,3860.77,3803.28,3689.34,3804.43,3628.42,501
2035,AHMDSTE.BO,172.35,168.35,0.93K,Producer Manufacturing,Building Products,44.0,63.0,60.0,48.0,10.5321,10.5214,5.16K,1.38K,238.4,84.0,2.60B,No,173.1,178.83,172.96,177.42,167.32,497
2036,YORKEXP.BO,60.35,57.48,2.02K,Process Industries,Textiles,44.0,39.0,64.0,24.0,2.0107,1.6714,0.44K,1.37K,79.0,47.1,202.94M,No,53.42,54.2,59.19,54.22,57.87,497
2037,SHRIKRISH.NS,37.39,36.15,0.16K,Finance,Real Estate Development,44.0,,,,2.7307,2.6129,0.86K,1.25K,42.87,35.6,1.05B,No,,,,,,16
2038,ATLANTAA.NS,37.51,38.11,20.11K,Industrial Services,Engineering & Construction,44.0,4.0,28.0,29.0,1.7671,1.7579,72.41K,54.16K,73.39,31.52,3.06B,No,38.65,38.51,40.79,37.9,39.34,499
2039,GENCON.NS,41.91,42.03,381.93K,Industrial Services,Engineering & Construction,44.0,72.0,67.0,30.0,2.9264,2.7493,335.80K,400.58K,59.96,36.35,2.39B,No,42.38,41.25,43.3,41.47,42.1,500
2040,SIRCA.NS,431.55,430.6,313.11K,Process Industries,Industrial Specialties,44.0,44.0,50.0,28.0,9.6571,9.55,364.37K,282.80K,539.0,385.0,24.57B,No,437.09,420.87,441.97,423.36,426.44,500
2041,DHARMAJ.NS,270.0,270.2,24.63K,Process Industries,Chemicals: Agricultural,44.0,39.0,35.0,49.0,6.2964,6.2964,52.22K,45.82K,353.0,210.65,9.13B,No,269.76,266.13,255.04,266.36,260.67,499
2042,SONALAD.BO,41.39,41.4,0.02K,Producer Manufacturing,Miscellaneous Manufacturing,44.0,55.0,39.0,63.0,1.9329,1.5429,2.10K,0.50K,54.9,30.4,250.86M,No,41.62,44.72,41.96,44.82,41.09,497
2043,IFBIND.NS,1283.2,1266.8,23.67K,Consumer Durables,Electronics/Appliances,44.0,25.0,49.0,62.0,34.0786,34.0786,82.86K,31.73K,2019.8,883.2,51.99B,No,1349.71,1344.97,1276.68,1343.34,1203.83,500
2044,NBIFIN.NS,2010.0,1993.0,5.04K,Finance,Financial Conglomerates,44.0,24.0,62.0,48.0,66.2286,66.2286,2.77K,2.73K,2991.0,1539.0,5.94B,No,2001.86,2075.64,2021.9,2100.56,1959.53,498
2045,MUNJALSHOW.NS,127.07,128.19,15.74K,Producer Manufacturing,Auto Parts: Oem,44.0,29.0,38.0,36.0,2.9721,2.9721,58.62K,27.13K,150.9,110.3,5.08B,No,131.78,133.98,128.32,133.36,129.69,500
2046,BAJAJHCARE.NS,333.3,333.7,62.43K,Health Technology,Pharmaceuticals: Major,44.0,60.0,64.0,43.0,9.4429,9.1679,509.18K,165.42K,515.9,272.35,11.22B,No,326.18,334.17,342.87,334.03,322.4,501
2047,STYRENIX.NS,2142.9,2146.5,28.56K,Process Industries,Chemicals: Specialty,43.0,37.0,43.0,58.0,59.0714,57.35,58.11K,45.12K,2653.8,1780.0,37.71B,No,2088.3,2243.55,2115.88,2216.76,2161.1,500
2048,CHEMCRUX.NS,85.52,82.57,4.53K,Process Industries,Chemicals: Major Diversified,43.0,,,,3.5521,3.5521,3.59K,3.70K,89.29,79.66,1.27B,No,,,,,,18
2049,SSFLPP.BO,114.5,114.5,2.78K,Finance,Finance/Rental/Leasing,43.0,9.0,33.0,22.0,0.0,0.0,1.07K,1.07K,182.0,67.1,10.15B,No,116.39,135.77,125.39,131.81,121.92,264
2050,GARUDA.NS,179.29,181.95,678.14K,Industrial Services,Engineering & Construction,43.0,45.0,60.0,46.0,6.905,6.6221,1159.02K,1768.47K,249.3,130.0,16.68B,No,180.11,178.66,178.6,178.02,173.05,477
2051,MADHUDIN.BO,36.35,35.39,0.27K,Finance,Real Estate Development,43.0,53.0,28.0,68.0,1.7636,1.6529,1.84K,0.73K,50.0,25.2,195.38M,No,35.89,36.84,35.11,36.16,35.39,497
2052,WONDERLA.NS,519.05,517.1,17.91K,Consumer Services,Movies/Entertainment,43.0,75.0,63.0,44.0,16.8679,16.7179,110.85K,94.00K,649.95,455.0,32.92B,No,510.6,491.16,506.13,496.11,499.53,499
2053,BENGALT.BO,142.0,138.0,0.00K,Consumer Non-Durables,Food: Major Diversified,43.0,43.0,40.0,31.0,3.5893,2.9429,0.34K,0.19K,169.0,128.1,1.28B,No,141.41,142.32,146.78,142.18,146.37,497
2054,FIL.BO,208.95,210.85,3.60K,Consumer Non-Durables,Apparel/Footwear,43.0,76.0,54.0,31.0,8.9536,8.3143,9.58K,5.10K,230.0,178.0,1.64B,No,202.0,207.33,,207.27,,137
2055,ARVINDFASN.NS,453.4,446.05,291.31K,Retail Trade,Apparel/Footwear Retail,43.0,59.0,44.0,46.0,14.0393,13.2179,276.08K,139.62K,579.0,366.2,60.62B,No,446.17,456.12,460.25,455.02,448.89,500
2056,WINSOMTX.BO,82.02,82.51,4.67K,Process Industries,Textiles,43.0,18.0,25.0,58.0,3.6621,3.5829,21.48K,3.24K,105.4,58.01,1.63B,No,84.12,89.99,81.75,88.57,83.03,497
2057,SANPA.BO,189.05,197.9,0.60K,Process Industries,Pulp & Paper,43.0,76.0,66.0,44.0,9.1821,6.9607,0.22K,0.13K,250.85,143.05,247.14M,No,194.15,172.19,175.67,174.83,170.22,498
2058,FMGOETZE.NS,443.55,455.45,501.87K,Producer Manufacturing,Industrial Machinery,43.0,17.0,45.0,58.0,38.8429,29.0214,1231.81K,3713.27K,641.1,358.0,24.68B,No,516.64,492.1,452.67,486.31,448.48,499
2059,LOYALTEX.NS,217.6,215.81,0.06K,Process Industries,Textiles,43.0,50.0,56.0,38.0,16.0393,15.0114,0.78K,1.06K,333.99,170.04,1.05B,No,216.0,210.91,213.3,211.32,210.65,498
2060,MGL.NS,1100.8,1084.3,198.41K,Utilities,Gas Distributors,43.0,42.0,49.0,44.0,25.6072,25.4286,267.21K,176.89K,1378.0,900.0,108.73B,No,1103.92,1108.24,1104.61,1110.67,1099.29,499
2061,KIOCL.NS,367.9,373.75,79.68K,Non-Energy Minerals,Steel,43.0,23.0,26.0,61.0,9.4429,9.2464,170.73K,73.12K,634.55,290.65,223.59B,No,382.13,378.79,370.81,377.16,374.09,501
2062,CHRTEDCA.BO,256.3,256.3,0.03K,Finance,Investment Banks/Brokers,43.0,24.0,47.0,32.0,9.3643,6.7036,0.06K,0.08K,439.0,225.05,771.87M,No,264.68,267.82,268.95,268.03,265.2,498
2063,PSCELESTIA.BO,1004000.0,1000000.0,0.00K,Finance,Real Estate Investment Trusts,43.0,50.0,43.0,,5407.0,150.0,0.00K,0.00K,1039999.0,999501.0,2.34B,No,1007347.57,1011630.81,,1012561.2,,99
2064,ATL.NS,24.61,24.89,127.83K,Transportation,Marine Shipping,43.0,55.0,50.0,41.0,1.5343,1.515,194.53K,297.18K,40.51,18.2,7.18B,No,25.1,24.23,24.94,24.3,24.4,498
2065,JENBURPH.NS,1026.8,1023.7,3.35K,Health Technology,Pharmaceuticals: Major,43.0,,,,28.7071,28.4143,1.07K,0.99K,1073.9,1000.0,,No,,,,,,18
2066,ZENIFIB.BO,54.87,53.3,1.32K,Process Industries,Textiles,43.0,75.0,49.0,51.0,2.0693,2.0329,2.88K,1.24K,72.05,45.0,216.41M,No,54.9,53.38,54.1,53.61,52.39,497
2067,NDGL.NS,2716.0,2727.6001,0.26K,Finance,Finance/Rental/Leasing,43.0,54.0,61.0,49.0,120.5571,119.4571,0.35K,0.16K,4050.0,2100.0,2.72B,No,2774.51,2761.25,2699.3,2786.22,2634.79,498
2068,DTIL.NS,144.2,143.99,8.99K,Process Industries,Agricultural Commodities/Milling,43.0,67.0,59.0,47.0,10.875,9.6329,19.76K,40.86K,198.9,102.0,1.52B,No,148.05,140.5,142.26,140.41,137.11,498
2069,PRIMIND.BO,40.73,40.98,3.84K,Finance,Real Estate Development,43.0,65.0,21.0,55.0,3.0821,2.9779,9.56K,6.49K,60.45,22.1,855.47M,No,40.0,41.66,41.34,41.5,41.19,497
2070,GREENLAM.NS,236.39,236.25,15.10K,Non-Energy Minerals,Forest Products,43.0,44.0,35.0,38.0,5.5243,5.1729,152.17K,53.59K,278.63,197.59,60.31B,No,247.09,251.44,241.46,251.85,238.83,498
2071,SPELS.NS,145.5,146.6,22.32K,Electronic Technology,Semiconductors,43.0,,,,5.8636,5.8579,44.16K,51.35K,157.0,140.1,6.71B,No,,,,,,16
2072,SHREMETAL.BO,38.01,35.94,1.82K,Producer Manufacturing,Metal Fabrication,43.0,61.0,30.0,10.0,4.5421,4.5,2.34K,2.24K,62.29,27.94,199.79M,No,37.93,38.09,42.06,38.36,40.43,497
2073,ATULAUTO.NS,449.65,456.1,96.55K,Consumer Durables,Motor Vehicles,43.0,17.0,47.0,38.0,10.4464,10.3393,225.38K,120.78K,596.55,380.05,12.48B,No,479.46,493.59,465.06,491.63,473.14,500
2074,VEEDOL.NS,1437.7,1437.0,5.20K,Energy Minerals,Oil Refining/Marketing,43.0,27.0,46.0,49.0,30.5929,29.2929,12.14K,7.18K,2035.0,1238.2,24.43B,No,1486.14,1457.17,1463.68,1458.51,1423.25,500
2075,LICI.NS,405.6,407.5,7665.39K,Finance,Life/Health Insurance,43.0,42.0,50.0,34.0,8.025,7.8214,9159.16K,6080.72K,468.48,360.75,5130.84B,No,414.55,419.14,415.53,419.49,410.95,501
2076,OBCL.NS,55.89,55.98,4.44K,Transportation,Trucking,43.0,72.0,28.0,37.0,2.8043,2.7686,17.15K,4.91K,62.0,46.51,1.18B,No,55.08,54.04,55.11,54.1,55.03,498
2077,BHARTIHEXA.NS,1539.2,1544.8,87.67K,Communications,Wireless Telecommunications,43.0,66.0,55.0,28.0,37.0143,36.7714,200.25K,61.57K,1955.6,1430.0,769.60B,No,1564.83,1573.85,1593.61,1576.11,1544.09,501
2078,BHAVIK.BO,147.0,147.0,2.00K,Distribution Services,Wholesale Distributors,43.0,67.0,27.0,27.0,1.2143,0.7857,7.01K,23.60K,175.05,121.1,2.99B,No,143.51,145.24,149.04,145.54,152.98,234
2079,WIREFABR.BO,162.0,162.0,0.00K,Process Industries,Textiles,43.0,88.0,65.0,51.0,4.8679,4.3,0.18K,0.25K,254.95,118.75,495.11M,No,147.96,140.12,153.19,143.21,147.43,497
2080,OXYGENTAPH.BO,53.8,54.38,7.75K,Health Technology,Pharmaceuticals: Major,43.0,3.0,75.0,46.0,3.05,3.0043,11.20K,13.47K,74.99,43.0,1.99B,No,59.96,54.33,54.03,54.74,52.94,497
2081,TEEAI.BO,112.6,113.6,0.21K,Process Industries,Chemicals: Agricultural,43.0,43.0,35.0,43.0,3.7321,3.5714,0.76K,0.26K,140.3,99.0,631.69M,No,114.43,115.58,114.78,115.27,114.23,497
2082,KNAGRI.NS,195.02,198.21,11.32K,Process Industries,Agricultural Commodities/Milling,42.0,34.0,44.0,43.0,8.7221,8.6929,14.94K,8.39K,244.0,148.3,4.88B,No,212.12,209.11,195.23,208.43,198.91,498
2083,COHANCE.NS,445.3,443.35,1241.20K,Health Technology,Pharmaceuticals: Major,42.0,37.0,52.0,85.0,15.225,14.75,1376.62K,907.80K,1008.7,266.7,170.37B,No,453.13,444.47,422.97,443.71,402.91,500
2084,KEMP.BO,1102.0,1000.0,0.00K,Finance,Real Estate Development,42.0,59.0,52.0,58.0,25.95,18.3036,0.01K,0.00K,1517.0,868.3,1.19B,No,1038.89,1076.64,1064.41,1064.85,1042.02,497
2085,PRABHHANS.BO,36.67,36.73,18.89K,Process Industries,Textiles,42.0,4.0,77.0,18.0,2.3936,2.0421,6.90K,2.52K,78.0,26.2,229.12M,No,38.84,36.9,35.13,37.03,33.75,497
2086,FRONTSP.NS,1255.0,1263.9,7.87K,Producer Manufacturing,Metal Fabrication,42.0,,,,36.3571,36.2429,15.94K,13.65K,1322.4,1241.1,14.83B,No,,,,,,18
2087,AKASH.NS,24.88,25.45,2.85K,Industrial Services,Engineering & Construction,42.0,27.0,30.0,38.0,1.0321,1.0171,7.36K,4.12K,36.0,22.8,419.54M,No,24.98,26.06,26.05,25.91,26.27,498
2088,PRAJIND.NS,326.85,326.7,459.63K,Industrial Services,Engineering & Construction,42.0,50.0,39.0,48.0,11.2679,11.175,933.42K,525.15K,427.65,273.0,60.08B,No,340.59,337.11,335.53,335.31,343.21,500
2089,INDSILHYD.BO,40.57,41.08,2.46K,Non-Energy Minerals,Other Metals/Minerals,42.0,65.0,47.0,45.0,1.2314,1.2043,11.57K,8.28K,54.0,29.5,1.13B,No,40.86,39.56,40.4,39.73,39.34,497
2090,ELIXIR.BO,101.27,102.16,2.24K,Finance,Investment Banks/Brokers,42.0,27.0,36.0,48.0,6.7364,6.6221,2.37K,1.40K,143.8,78.1,588.63M,No,101.61,110.23,106.24,108.45,107.24,497
2091,AFSL.NS,201.27,201.21,4.09K,Finance,Investment Managers,42.0,34.0,40.0,34.0,6.075,6.0664,12.69K,8.60K,227.0,194.41,10.23B,No,204.52,203.0,202.1,202.77,202.14,498
2092,HINDALUMI.NS,96.57,97.38,1.21K,Non-Energy Minerals,Aluminum,42.0,,,,3.4171,3.405,4.57K,5.42K,107.5,93.45,,No,,,,,,18
2093,ENRIN.NS,3179.1,3183.7,212.40K,Producer Manufacturing,Electrical Products,42.0,12.0,17.0,49.0,92.3286,91.1428,570.71K,479.98K,3968.0,2115.0,1132.14B,No,3313.32,3348.62,3078.89,3354.15,3233.99,309
2094,BHARTIARTL.NS,1839.0,1814.7,4588.01K,Communications,Wireless Telecommunications,42.0,30.0,48.0,31.0,34.5214,30.2857,6461.44K,6884.35K,2174.5,1740.5,11472.89B,No,1893.13,1917.46,1927.89,1915.88,1877.35,501
2095,BELDING.BO,989.15,983.95,2.27K,Producer Manufacturing,Metal Fabrication,42.0,75.0,2.0,1.0,39.2786,38.875,38.78K,11.87K,2400.0,446.8,14.32B,No,1001.37,1074.96,1486.98,1043.52,1379.29,498
2096,HRYNSHP.NS,99.32,99.95,1.27K,Distribution Services,Wholesale Distributors,42.0,,,,4.0664,4.0236,1.20K,0.58K,104.05,91.0,612.47M,No,,,,,,18
2097,SUNSHIEL.NS,1231.7,1225.3,3.25K,Process Industries,Chemicals: Major Diversified,42.0,,,,63.2,62.4786,2.40K,3.07K,1284.8,1130.0,,No,,,,,,18
2098,ROOPAIND.BO,45.79,45.83,2.37K,Health Technology,Pharmaceuticals: Major,42.0,45.0,37.0,48.0,2.6021,2.3179,0.74K,0.91K,63.4,38.1,360.16M,No,48.7,49.04,48.43,48.46,49.05,498
2099,IDENTIXWEB.BO,69.0,73.35,2.00K,Technology Services,Packaged Software,42.0,85.0,46.0,24.0,2.7429,1.8929,2.78K,3.80K,101.0,55.0,720.47M,No,65.88,65.43,70.62,65.44,71.56,357
2100,CAPITALSFB.NS,272.15,279.4,22.08K,Finance,Regional Banks,42.0,25.0,37.0,47.0,7.8,7.8,46.73K,22.72K,323.7,206.55,12.37B,No,282.83,290.57,271.47,288.33,273.15,499
2101,RELICTEC.BO,73.76,70.47,0.98K,Finance,Finance/Rental/Leasing,42.0,75.0,50.0,58.0,8.2657,8.1079,0.56K,0.78K,91.45,52.02,412.40M,No,69.81,66.56,71.94,65.87,68.83,499
2102,MKVENTURES.BO,1006.0,1001.0,0.03K,Finance,Finance/Rental/Leasing,42.0,22.0,63.0,65.0,38.2928,34.3786,0.96K,0.48K,1494.0,732.0,3.87B,No,1038.22,1086.44,1018.43,1079.37,1000.11,497
2103,TRIGYN.NS,57.03,57.39,31.72K,Technology Services,Information Technology Services,42.0,72.0,52.0,60.0,3.5786,3.5371,42.79K,74.35K,102.4,37.55,1.76B,No,57.54,55.46,57.58,55.9,54.41,499
2104,SSPRL.BO,123.8,114.95,29.00K,Consumer Services,Movies/Entertainment,42.0,22.0,,,5.5857,5.4536,178.21K,46.70K,138.9,110.1,2.81B,No,122.8,,,,,30
2105,EMKAY.NS,249.2,250.75,10.73K,Finance,Investment Managers,42.0,67.0,26.0,49.0,10.9814,10.8314,46.55K,54.87K,409.9,186.0,6.90B,No,247.48,248.2,249.61,248.65,240.04,499
2106,SANGAMFIN.BO,36.95,36.05,0.12K,Finance,Finance/Rental/Leasing,42.0,4.0,18.0,21.0,2.3179,2.2414,2.15K,1.31K,50.0,25.55,1.72B,No,40.42,39.86,38.16,39.47,39.54,497
2107,TEMBO.NS,57.12,57.45,345.67K,Producer Manufacturing,Metal Fabrication,42.0,24.0,55.0,44.0,2.37,2.37,2168.86K,2286.00K,83.7,43.34,11.06B,No,58.09,57.48,58.55,57.27,56.4,501
2108,GPIL.NS,252.23,253.04,1594.16K,Non-Energy Minerals,Steel,42.0,79.0,23.0,35.0,6.8543,6.8543,1585.33K,1593.44K,320.0,221.21,164.10B,No,244.91,245.35,262.15,243.51,265.46,501
2109,TURTLEMINT.NS,131.84,134.62,894.62K,Finance,Insurance Brokers/Services,42.0,52.0,,,7.1786,7.0307,2050.69K,1208.36K,160.0,110.41,,No,144.36,134.68,,135.02,,54
2110,WALLFORT.BO,82.5,80.42,1.04K,Finance,Investment Banks/Brokers,42.0,77.0,69.0,47.0,5.88,5.585,1.67K,0.91K,124.0,55.55,799.19M,No,84.61,81.35,79.26,80.64,77.07,497
2111,KAIRA.BO,1423.0,1490.0,0.01K,Process Industries,Containers/Packaging,42.0,11.0,37.0,50.0,30.1643,16.5786,0.25K,1.36K,1768.8,1120.0,1.31B,No,1551.21,1593.52,1460.35,1580.27,1453.19,499
2112,SILINV.NS,451.0,461.45,1.53K,Finance,Financial Conglomerates,42.0,71.0,60.0,50.0,20.6071,20.6,2.25K,2.01K,767.0,380.0,4.78B,No,466.92,440.39,451.42,445.12,435.32,499
2113,MAHSCOOTER.NS,13098.0,13270.0,4.08K,Producer Manufacturing,Industrial Machinery,42.0,33.0,59.0,36.0,339.4286,328.1429,3.95K,3.08K,18538.0,10901.0,149.69B,No,13398.35,13253.28,13140.75,13249.8,12798.83,499
2114,SELMC.NS,29.34,28.81,334.96K,Process Industries,Textiles,42.0,77.0,36.0,39.0,2.1121,2.1121,13.11K,53.23K,43.36,26.0,973.48M,No,27.71,28.06,29.79,28.04,29.64,497
2115,SHIVAMILLS.NS,60.38,60.47,0.21K,Process Industries,Textiles,42.0,43.0,31.0,53.0,2.7307,2.6436,1.65K,1.86K,77.01,43.01,521.79M,No,61.1,61.24,59.52,61.18,59.38,498
2116,LAHOTIOV.NS,41.14,41.37,32.79K,Process Industries,Textiles,42.0,,,,2.5493,2.5493,12.12K,16.78K,46.95,37.64,1.20B,No,,,,,,18
2117,TVSHLTD.NS,13134.0,13119.0,3.70K,Producer Manufacturing,Auto Parts: Oem,42.0,15.0,42.0,26.0,327.8571,310.7857,7.39K,7.70K,16297.0,12555.0,265.73B,No,13555.95,14093.22,14155.6,14000.3,13982.57,499
2118,LEAPIND.NS,140.96,144.91,2861.35K,Transportation,Air Freight/Couriers,42.0,,,,6.78,6.6164,14512.57K,5362.86K,172.29,140.29,62.10B,No,156.23,,,,,20
2119,SARTHAKGL.BO,32.5,32.85,0.24K,Finance,Investment Banks/Brokers,42.0,3.0,9.0,10.0,2.4271,2.1236,0.65K,0.98K,76.57,22.24,97.50M,No,37.7,38.32,38.1,38.15,39.14,496
2120,NNTL.BO,32.19,32.19,0.05K,Technology Services,Information Technology Services,42.0,25.0,10.0,54.0,0.1207,0.0,0.05K,0.05K,42.15,25.31,103.91M,No,32.8,34.52,34.2,34.06,32.88,497
2121,PRIMO.NS,21.7,21.27,167.03K,Process Industries,Chemicals: Specialty,41.0,12.0,18.0,66.0,0.9593,0.9593,185.27K,117.88K,26.9,16.1,5.26B,No,21.58,22.87,22.44,22.97,22.44,348
2122,SAMMAANCAP.NS,149.77,150.13,5093.29K,Finance,Finance/Rental/Leasing,41.0,24.0,14.0,42.0,4.4421,4.4,9894.73K,6524.67K,192.95,129.0,172.04B,No,150.95,158.61,153.42,157.32,156.67,501
2123,GUJARATPOLY.BO,62.02,64.27,1.36K,Electronic Technology,Electronic Components,41.0,14.0,62.0,50.0,3.7279,3.6143,6.13K,2.80K,104.6,43.0,530.27M,No,65.71,69.5,64.52,68.76,63.94,497
2124,NTPC.NS,335.0,334.5,6905.72K,Utilities,Electric Utilities,41.0,49.0,32.0,16.0,5.4893,5.4821,10490.76K,9754.12K,414.4,315.55,3248.38B,No,334.18,341.66,358.3,340.09,365.82,501
2125,IFBAGRO.NS,874.8,879.55,3.78K,Consumer Non-Durables,Beverages: Alcoholic,41.0,10.0,32.0,56.0,31.9643,31.7429,5.85K,5.67K,1790.0,679.15,8.19B,No,950.63,965.29,1029.84,960.31,911.33,500
2126,SPANDANA.NS,232.17,232.61,102.68K,Finance,Finance/Rental/Leasing,41.0,24.0,47.0,34.0,6.3207,6.1021,330.02K,75.12K,319.4,181.1,20.58B,No,241.02,264.23,250.97,258.65,246.76,500
2127,EXHICON.BO,481.2,480.15,25.00K,Commercial Services,Miscellaneous Commercial Services,41.0,60.0,61.0,32.0,19.9679,19.2679,23.84K,24.48K,595.0,390.0,7.11B,No,487.71,497.41,497.88,497.06,483.12,497
2128,SMARITIME.BO,22.5,23.5,1.60K,Transportation,Marine Shipping,41.0,45.0,77.0,79.0,0.29,0.0914,1.05K,0.80K,46.0,15.26,69.09M,No,23.18,22.42,23.42,22.3,20.08,499
2129,ALFREDHE.NS,2900.0,2945.0,0.10K,Producer Manufacturing,Industrial Machinery,41.0,,,,113.0286,108.1072,0.07K,0.07K,3151.0,2799.9,,No,,,,,,17
2130,TRADEWELL.BO,47.28,47.28,0.03K,Finance,Real Estate Development,41.0,78.0,69.0,3.0,0.6443,0.3214,0.14K,0.08K,102.74,40.0,142.05M,No,45.07,43.07,63.68,43.78,60.08,497
2131,GRSE.NS,2435.3,2493.8999,370.52K,Producer Manufacturing,Trucks/Construction/Farm Machinery,41.0,30.0,31.0,30.0,58.8,57.5857,565.97K,295.08K,3339.0,1963.7,278.97B,No,2578.21,2601.19,2561.48,2581.07,2596.18,500
2132,HELPAGE.BO,21.85,21.04,3.83K,Finance,Investment Banks/Brokers,41.0,69.0,39.0,28.0,1.3436,1.2907,0.55K,1.05K,33.8,18.0,217.35M,No,21.49,21.42,22.66,21.6,22.27,497
2133,NUTECGLOB.BO,25.22,25.22,0.03K,Process Industries,Textiles,41.0,69.0,38.0,39.0,0.2536,0.15,0.48K,0.00K,33.23,19.46,80.80M,No,24.41,24.36,25.05,24.72,24.82,496
2134,RAVALSUGAR.BO,940.0,932.5,0.08K,Consumer Non-Durables,Food: Specialty/Candy,41.0,38.0,43.0,37.0,29.7964,25.9964,0.06K,0.05K,1144.0,812.05,319.60M,No,948.42,961.89,948.73,967.41,951.87,497
2135,MIIL.NS,687.2,688.4,66.19K,Finance,Investment Managers,41.0,,,,27.0857,26.5322,84.58K,79.17K,742.9,666.55,14.93B,No,,,,,,18
2136,EMUDHRA.NS,497.9,511.5,167.41K,Technology Services,Packaged Software,41.0,31.0,54.0,63.0,18.1643,17.5964,242.49K,111.39K,710.1,364.55,40.85B,No,534.22,495.79,499.11,500.45,469.72,499
2137,ORISSAMINE.NS,4074.5,4153.5,5.99K,Non-Energy Minerals,Steel,41.0,15.0,54.0,47.0,132.9571,128.7571,24.77K,6.35K,6138.9,3100.5,24.45B,No,4498.1,4182.66,4237.31,4197.4,4026.46,500
2138,FORTIS.NS,902.45,915.0,962.38K,Health Services,Hospital/Nursing Management,41.0,39.0,19.0,38.0,17.0857,17.0536,1357.92K,1000.46K,1104.3,766.8,681.31B,No,913.94,936.36,913.37,933.96,920.23,500
2139,DATAMATICS.NS,780.45,773.05,84.19K,Technology Services,Packaged Software,41.0,15.0,47.0,58.0,22.6464,22.5321,122.22K,74.77K,1010.0,632.0,46.13B,No,795.4,827.86,777.06,828.79,777.48,501
2140,SHOPERSTOP.NS,377.55,379.3,19.66K,Retail Trade,Department Stores,41.0,12.0,48.0,65.0,14.9321,14.9321,141.62K,23.08K,572.0,275.95,41.61B,No,396.4,391.84,362.2,393.12,347.69,501
2141,MEHIF.BO,29.1,29.1,0.20K,Finance,Investment Banks/Brokers,41.0,76.0,29.0,40.0,0.1543,0.0443,0.08K,0.06K,36.82,24.06,145.50M,No,28.86,28.59,30.09,28.58,29.32,499
2142,PNTKYOR.BO,36.3,34.78,0.03K,Process Industries,Chemicals: Specialty,41.0,73.0,41.0,35.0,1.87,1.5021,0.55K,0.59K,57.0,28.49,227.70M,No,33.34,34.69,38.47,34.52,36.68,497
2143,HARRMALAYA.NS,186.8,187.72,6.41K,Process Industries,Agricultural Commodities/Milling,41.0,5.0,22.0,43.0,6.9186,6.855,18.20K,10.20K,237.9,153.66,3.45B,No,195.6,207.09,190.89,205.07,201.1,500
2144,ASAL.NS,466.55,468.3,5.67K,Producer Manufacturing,Auto Parts: Oem,41.0,22.0,28.0,43.0,13.7036,13.625,26.91K,16.40K,654.65,374.5,7.40B,No,485.68,502.78,482.31,498.86,484.05,501
2145,BHATEXT.BO,25.73,27.08,3.20K,Process Industries,Textiles,41.0,6.0,12.0,7.0,0.305,0.0,0.05K,0.33K,34.77,18.52,150.70M,No,28.68,29.47,30.7,29.13,30.27,497
2146,CWD.BO,308.1,310.3,14.50K,Technology Services,Packaged Software,41.0,47.0,51.0,29.0,13.6679,12.9429,24.17K,31.25K,425.0,254.0,7.03B,No,316.04,314.38,316.97,313.32,302.12,498
2147,CREST.NS,357.4,361.35,6.49K,Finance,Investment Managers,41.0,41.0,32.0,43.0,14.2607,14.2536,6.36K,3.27K,418.0,298.15,10.10B,No,363.04,370.02,364.44,368.92,360.51,498
2148,ONGC.NS,237.27,234.02,12770.40K,Energy Minerals,Oil Refining/Marketing,41.0,51.0,36.0,15.0,3.6607,3.4579,13365.35K,9230.22K,307.5,227.65,2984.92B,No,235.58,240.47,257.53,239.94,261.74,501
2149,PRECISIO.BO,164.0,164.05,0.31K,Electronic Technology,Telecommunications Equipment,41.0,2.0,28.0,59.0,9.6321,9.05,3.06K,1.13K,266.3,107.1,2.27B,No,170.34,196.35,173.5,192.14,166.71,497
2150,ABREL.NS,1337.4,1337.9,47.07K,Process Industries,Textiles,41.0,42.0,67.0,52.0,38.8214,37.3,198.21K,116.00K,1965.3,1080.1,147.89B,No,1383.63,1399.51,1396.81,1397.79,1326.57,501
2151,KMCSHIL.NS,137.45,138.25,85.88K,Health Services,Hospital/Nursing Management,41.0,,,,4.6993,4.6879,97.24K,79.66K,146.0,131.45,22.42B,No,,,,,,18
2152,ASTEC.NS,715.8,761.0,523.90K,Process Industries,Chemicals: Agricultural,41.0,87.0,28.0,54.0,38.4964,35.8393,140.38K,687.45K,941.75,513.4,15.95B,No,601.69,635.48,672.23,636.24,668.29,501
2153,LOTUSCHO.NS,597.1,587.7,1.26K,Consumer Non-Durables,Food: Specialty/Candy,41.0,,,,28.5893,28.3286,4.68K,6.17K,671.0,580.0,7.67B,No,,,,,,18
2154,LUXIND.NS,1109.2,1122.6,8.66K,Consumer Non-Durables,Apparel/Footwear,41.0,11.0,14.0,66.0,30.4286,29.9429,33.62K,18.65K,1823.35,824.05,33.36B,No,1188.95,1229.94,1172.27,1217.36,1210.84,500
2155,SHRADDHA.NS,150.02,151.05,9.40K,Electronic Technology,Electronic Equipment/Instruments,41.0,,,,11.47,11.4164,7.29K,10.24K,179.0,142.0,,No,,,,,,18
2156,KRT.BO,112.73,113.32,16.90K,Finance,Real Estate Investment Trusts,41.0,37.0,37.0,30.0,2.0043,1.8729,223.12K,630.91K,129.49,107.25,499.89B,No,113.78,115.52,118.55,115.43,116.33,266
2157,MODAIRY.BO,35.73,36.31,3.48K,Consumer Non-Durables,Food: Meat/Fish/Dairy,40.0,92.0,54.0,48.0,2.64,2.505,21.30K,10.90K,50.54,26.56,1.07B,No,36.01,32.89,35.29,32.68,34.32,497
2158,DIAMINESQ.NS,258.09,253.24,6.35K,Process Industries,Chemicals: Major Diversified,40.0,72.0,53.0,58.0,7.5971,7.4886,11.63K,6.69K,377.1,208.01,2.60B,No,243.02,250.51,251.14,250.89,249.61,497
2159,ZENOTECH.BO,44.67,45.39,10.27K,Health Technology,Pharmaceuticals: Major,40.0,60.0,44.0,38.0,2.0764,2.0764,8.61K,12.76K,56.99,33.55,2.73B,No,45.79,45.48,45.18,45.2,44.65,497
2160,TRANSWORLD.NS,164.64,168.0,0.63K,Transportation,Marine Shipping,40.0,68.0,51.0,66.0,4.365,2.0407,13.62K,5.19K,270.99,111.56,3.62B,No,171.04,164.63,165.6,165.12,156.89,499
2161,BERYLSE.BO,28.42,27.08,0.93K,Finance,Investment Banks/Brokers,40.0,2.0,45.0,41.0,1.9814,1.5557,1.29K,1.24K,41.83,22.0,137.83M,No,30.16,32.65,30.1,32.57,30.29,497
2162,CGVAK.NS,146.25,144.84,1.87K,Technology Services,Information Technology Services,40.0,,,,7.5671,7.4814,2.91K,2.30K,163.7,136.62,738.59M,No,,,,,,18
2163,NILACHAL.BO,37.25,37.6,0.43K,Non-Energy Minerals,Construction Materials,40.0,62.0,36.0,54.0,2.3357,1.84,0.58K,1.14K,56.92,28.88,758.46M,No,38.34,39.09,39.43,39.22,40.64,497
2164,HBPOR.NS,58.9,59.37,0.53K,Finance,Investment Banks/Brokers,40.0,,,,4.0036,3.9179,1.05K,0.80K,65.0,48.6,,No,,,,,,18
2165,RITES.NS,210.8,211.13,455.24K,Commercial Services,Miscellaneous Commercial Services,40.0,23.0,52.0,39.0,3.7243,3.6707,3935.65K,269.59K,280.9,175.0,101.31B,No,217.06,219.88,217.39,218.95,211.94,500
2166,LAGNAM.NS,72.53,74.53,18.62K,Process Industries,Textiles,40.0,9.0,19.0,47.0,2.8329,2.78,11.75K,5.97K,96.98,58.6,1.28B,No,76.11,81.17,75.83,80.84,76.89,498
2167,PORWAL.BO,51.21,52.58,5.17K,Producer Manufacturing,Auto Parts: Oem,40.0,30.0,58.0,38.0,2.0643,1.9793,17.39K,7.83K,70.88,42.3,773.27M,No,53.01,54.25,53.99,54.09,52.24,497
2168,AKCAPIT.NS,1702.5,1691.6,1.61K,Finance,Investment Banks/Brokers,40.0,,,,68.0643,65.5071,1.58K,1.40K,1800.0,1644.2,11.24B,No,,,,,,18
2169,MODINATUR.NS,355.3,349.1,4.30K,Process Industries,Agricultural Commodities/Milling,40.0,17.0,9.0,69.0,16.3036,15.3321,7.18K,12.27K,524.8,252.3,4.73B,No,354.75,385.44,,379.87,372.4,187
2170,PTL.NS,38.17,38.03,21.11K,Finance,Real Estate Development,40.0,46.0,29.0,36.0,0.7336,0.7314,46.81K,36.48K,43.77,36.1,5.05B,No,38.48,39.44,39.37,39.07,39.23,499
2171,LORDSCHLO.NS,139.08,139.66,13.34K,Process Industries,Chemicals: Specialty,40.0,50.0,50.0,53.0,5.9443,5.3679,18.68K,16.73K,233.0,108.0,3.99B,No,137.7,140.32,143.7,141.88,136.63,498
2172,ANDHRAPET.BO,45.51,47.01,51.99K,Process Industries,Chemicals: Specialty,40.0,55.0,30.0,52.0,2.275,2.2393,138.23K,131.55K,63.51,29.39,3.87B,No,42.59,45.55,44.04,45.15,42.0,497
2173,NIKKIGL.BO,19.09,19.5,0.20K,Finance,Investment Banks/Brokers,40.0,34.0,19.0,14.0,0.6579,0.5429,12.25K,0.43K,22.8,14.27,65.28M,No,19.34,18.75,19.94,18.76,20.79,498
2174,CEETAIN.BO,39.7,37.98,0.01K,Producer Manufacturing,Building Products,40.0,19.0,34.0,14.0,3.6543,3.3693,1.29K,0.78K,50.69,30.4,575.75M,No,39.97,39.24,40.66,39.83,42.02,497
2175,MSCTC.BO,64.14,61.09,4.56K,Non-Energy Minerals,Steel,40.0,32.0,73.0,2.0,3.7357,2.7271,4.32K,3.21K,123.4,38.5,447.36M,No,55.05,49.09,80.89,50.47,67.81,498
2176,KFBL.BO,40.24,41.5,1.97K,Consumer Non-Durables,Food: Specialty/Candy,40.0,13.0,44.0,45.0,1.9521,1.8964,7.12K,4.09K,53.0,30.2,603.60M,No,42.66,43.97,42.25,43.55,41.57,497
2177,ADL.NS,71.27,71.84,0.61K,Commercial Services,Miscellaneous Commercial Services,40.0,60.0,38.0,42.0,4.1129,3.9907,1.05K,0.85K,109.9,50.26,396.71M,No,72.67,71.7,72.44,71.42,70.59,498
2178,ASIANPAINT.NS,2498.1,2489.0,549.31K,Process Industries,Industrial Specialties,40.0,17.0,23.0,52.0,46.6643,43.5428,964.23K,596.85K,2985.7,2115.0,2394.79B,No,2592.51,2666.32,2593.11,2645.74,2537.7,501
2179,RAJRILTD.NS,21.19,21.42,2.43K,Process Industries,Textiles,40.0,37.0,50.0,24.0,0.7457,0.7321,14.48K,19.63K,28.9,19.41,11.93B,No,22.35,21.92,21.69,21.77,21.52,498
2180,PURVA.NS,214.16,216.25,148.03K,Finance,Real Estate Development,40.0,57.0,53.0,57.0,8.5107,7.6607,1069.18K,1906.13K,287.95,160.69,50.79B,No,217.32,217.71,219.79,218.11,210.24,499
2181,EPIGRAL.NS,1149.8,1163.9,36.00K,Process Industries,Chemicals: Agricultural,40.0,66.0,58.0,72.0,43.6929,43.3286,89.53K,46.20K,1808.8,807.0,49.60B,No,1174.28,1120.7,1134.22,1120.88,1085.15,499
2182,GSAUTO.BO,21.4,20.68,13.41K,Producer Manufacturing,Auto Parts: Oem,40.0,94.0,88.0,3.0,2.0693,1.8964,38.07K,88.82K,39.7,12.66,931.84M,No,17.6,15.82,25.56,16.63,23.03,497
2183,TAJGVK.NS,342.6,332.15,188.24K,Consumer Services,Hotels/Resorts/Cruise Lines,40.0,34.0,59.0,42.0,9.8179,9.6857,111.34K,74.45K,458.4,281.35,21.48B,No,341.16,351.97,351.3,352.35,336.26,500
2184,NIKHILAD.BO,81.13,82.51,3.57K,Process Industries,Industrial Specialties,40.0,58.0,34.0,68.0,4.0414,4.0043,13.64K,11.86K,122.0,56.78,3.73B,No,80.66,76.74,78.28,77.14,77.58,497
2185,BORORENEW.NS,502.2,501.95,292.83K,Process Industries,Industrial Specialties,40.0,9.0,26.0,63.0,14.7929,14.6643,652.95K,472.34K,721.0,374.4,73.92B,No,523.92,563.46,522.92,556.02,517.16,501
2186,TORNTPOWER.NS,1296.3,1305.7,110.60K,Utilities,Electric Utilities,40.0,43.0,26.0,16.0,34.3143,30.7286,380.83K,677.01K,1824.1,1188.0,653.21B,No,1264.22,1344.55,1412.76,1337.8,1440.1,500
2187,CIPLA.NS,1373.3,1363.1,826.13K,Health Technology,Pharmaceuticals: Other,40.0,27.0,38.0,42.0,22.7572,22.0,1232.35K,737.75K,1673.0,1165.7,1109.43B,No,1415.74,1434.1,1389.72,1426.97,1366.03,500
2188,JAIHIND.BO,43.56,41.85,54.21K,Process Industries,Textiles,40.0,86.0,68.0,13.0,5.2493,5.1893,27.01K,51.65K,60.0,31.0,280.76M,No,42.16,39.07,42.94,39.63,41.88,497
2189,NACLIND.NS,159.49,164.32,442.82K,Process Industries,Chemicals: Agricultural,40.0,24.0,37.0,73.0,6.2171,6.2171,1763.80K,294.93K,259.65,112.62,37.36B,No,169.85,188.26,166.97,184.56,167.32,501
2190,COFFEEDAY.NS,31.99,33.15,600.39K,Consumer Services,Restaurants,40.0,74.0,31.0,62.0,1.8929,1.8486,549.34K,983.65K,46.92,21.0,6.76B,No,30.37,31.08,30.7,30.91,29.36,501
2191,NATHBIOGEN.NS,152.51,151.67,2.25K,Process Industries,Agricultural Commodities/Milling,40.0,42.0,21.0,46.0,4.07,4.07,18.15K,12.08K,204.0,126.15,2.90B,No,153.88,158.67,156.93,157.39,158.87,499
2192,SALAUTO.BO,200.4,202.0,0.92K,Producer Manufacturing,Auto Parts: Oem,40.0,75.0,54.0,46.0,11.4464,10.6964,0.80K,0.43K,272.9,164.0,961.00M,No,198.22,188.36,200.28,190.37,193.62,498
2193,ARSSBL.NS,502.05,505.55,81.40K,Finance,Investment Banks/Brokers,40.0,59.0,27.0,47.0,15.2393,14.975,229.30K,128.78K,794.85,416.0,31.66B,No,512.31,523.03,552.64,517.41,524.93,238
2194,B2BSOFT.BO,22.79,22.98,10.85K,Technology Services,Information Technology Services,40.0,10.0,22.0,7.0,1.0214,1.015,20.39K,9.40K,38.0,15.81,384.45M,No,23.82,24.79,25.02,24.79,26.54,499
2195,VINYOFL.BO,50.8,51.11,1.56K,Process Industries,Industrial Specialties,39.0,40.0,31.0,56.0,3.0364,2.7664,0.74K,0.59K,69.9,35.95,219.41M,No,52.22,52.02,51.59,52.14,50.81,497
2196,UML.BO,57.0,59.99,286.00K,Retail Trade,Electronics/Appliance Stores,39.0,65.0,70.0,24.0,2.4143,1.9743,17.81K,37.80K,121.0,41.75,810.54M,No,59.13,55.36,58.14,55.51,54.28,275
2197,HPAL.NS,36.61,35.67,76.83K,Non-Energy Minerals,Construction Materials,39.0,28.0,52.0,46.0,1.6057,1.6057,74.22K,53.57K,53.0,26.52,3.36B,No,35.21,34.74,37.18,34.6,35.41,499
2198,MONTECARLO.NS,556.05,553.3,28.78K,Consumer Non-Durables,Apparel/Footwear,39.0,81.0,55.0,47.0,17.0179,16.8107,56.65K,80.74K,860.95,464.0,11.53B,No,545.73,536.41,575.24,536.55,542.88,499
2199,JAGSONSER.BO,51.0,52.95,0.04K,Finance,Regional Banks,39.0,15.0,36.0,30.0,1.6479,1.2186,0.41K,0.13K,83.0,45.0,928.48M,No,54.06,54.1,55.4,53.93,53.45,497
2200,SAHARAHOUS.BO,38.26,39.71,0.93K,Finance,Finance/Rental/Leasing,39.0,38.0,27.0,33.0,2.0579,1.98,3.54K,0.59K,64.82,30.0,267.82M,No,39.34,40.06,40.5,39.49,39.55,497
2201,MRP.BO,90.0,90.0,2.00K,Distribution Services,Food Distributors,39.0,54.0,40.0,34.0,1.7271,1.55,9.14K,10.40K,103.85,77.7,1.03B,No,89.66,90.13,91.46,90.48,90.43,497
2202,RUDRA.NS,20.0,19.98,74.63K,Non-Energy Minerals,Steel,39.0,42.0,67.0,59.0,1.035,1.02,150.07K,213.11K,29.7,14.63,2.01B,No,21.09,19.04,,19.06,18.79,182
2203,DUTRON.BO,107.15,102.05,0.34K,Producer Manufacturing,Miscellaneous Manufacturing,39.0,70.0,49.0,30.0,1.7464,1.1179,0.15K,0.12K,128.95,94.6,642.90M,No,102.92,102.51,106.48,102.05,105.88,497
2204,MSPL.NS,34.4,34.43,340.36K,Non-Energy Minerals,Steel,39.0,41.0,11.0,51.0,1.32,1.2686,1466.83K,954.15K,46.12,26.25,19.50B,No,34.62,36.25,35.77,35.53,36.35,498
2205,AIIL.NS,512.3,513.95,68.82K,Finance,Financial Conglomerates,39.0,21.0,37.0,66.0,18.4321,18.2321,870.43K,441.49K,683.0,400.0,435.06B,No,540.08,542.94,519.19,544.73,505.64,501
2206,MASFIN.NS,294.45,288.9,137.46K,Finance,Finance/Rental/Leasing,39.0,46.0,43.0,33.0,8.9393,8.9321,181.29K,412.15K,358.85,277.35,53.43B,No,298.03,308.59,313.83,305.96,311.25,500
2207,CAMS.NS,712.0,715.0,1370.99K,Technology Services,Information Technology Services,39.0,15.0,36.0,51.0,19.85,19.15,1266.46K,1454.72K,844.9,611.4,176.79B,No,750.47,769.16,745.18,762.48,744.26,500
2208,MAZDOCK.NS,2383.2,2408.8,395.85K,Producer Manufacturing,Trucks/Construction/Farm Machinery,39.0,25.0,44.0,30.0,59.8571,58.4929,806.29K,513.90K,3061.4,2057.4,961.34B,No,2527.14,2458.78,2461.42,2449.86,2452.27,500
2209,SHREERAMA.NS,45.88,45.0,208.00K,Process Industries,Containers/Packaging,39.0,89.0,65.0,23.0,2.72,2.6736,110.90K,129.67K,71.99,37.62,6.12B,No,43.78,41.99,49.17,42.47,45.46,499
2210,TCIEXP.NS,535.4,540.05,15.58K,Transportation,Air Freight/Couriers,39.0,49.0,55.0,36.0,17.0286,16.9393,203.86K,43.11K,780.0,447.55,20.57B,No,548.89,550.41,540.01,555.25,531.92,498
2211,VAIBHAVGBL.NS,215.96,214.25,257.97K,Consumer Durables,Other Consumer Specialties,39.0,17.0,32.0,36.0,5.4821,5.3364,471.98K,196.21K,293.25,174.13,36.22B,No,221.31,239.91,229.5,239.53,226.56,499
2212,TULASEEBIOE.BO,31.5,31.5,0.70K,Process Industries,Chemicals: Specialty,39.0,7.0,6.0,61.0,0.9821,0.2421,0.52K,0.54K,71.21,19.48,185.63M,No,30.04,41.75,36.85,39.76,33.93,498
2213,APOLSINHOT.NS,1228.9,1220.5,0.61K,Consumer Services,Hotels/Resorts/Cruise Lines,39.0,54.0,28.0,39.0,38.5214,38.5214,2.21K,0.94K,1450.1,950.0,3.20B,No,1213.9,1218.38,1211.47,1211.58,1189.08,498
2214,POOJAENT.BO,68.1,68.15,17.16K,Consumer Services,Movies/Entertainment,39.0,31.0,41.0,70.0,5.1429,4.76,11.68K,14.27K,126.95,47.0,4.36B,No,67.85,71.86,70.06,71.13,72.3,497
2215,DOLLAR.NS,271.8,273.1,81.68K,Consumer Non-Durables,Apparel/Footwear,39.0,28.0,63.0,37.0,6.7,6.6607,171.49K,75.75K,396.0,220.5,15.42B,No,269.27,268.17,289.64,268.41,270.3,499
2216,POWERGRID.NS,271.75,265.85,12182.95K,Utilities,Alternative Power Generation,39.0,59.0,28.0,21.0,4.8786,4.8679,8927.04K,8528.64K,324.95,250.0,2527.44B,No,266.79,276.29,284.65,275.29,290.95,500
2217,KFINTECH.NS,899.0,908.0,312.30K,Technology Services,Packaged Software,39.0,44.0,63.0,31.0,23.675,22.7357,1183.98K,695.21K,1215.0,784.95,155.41B,No,946.33,924.13,949.17,921.85,907.48,501
2218,ARIHANTCAP.NS,76.47,77.06,77.33K,Finance,Investment Banks/Brokers,39.0,62.0,77.0,42.0,2.5543,2.47,341.10K,155.25K,120.0,56.97,8.38B,No,77.24,76.1,77.0,76.88,72.34,500
2219,AMKAY.BO,51.6,50.5,2.00K,Health Technology,Medical Specialties,39.0,82.0,30.0,19.0,3.1229,2.8207,4.72K,18.40K,81.99,39.22,446.63M,No,49.39,49.42,56.96,49.51,54.39,499
2220,DHANFAB.BO,52.0,52.2,0.02K,Process Industries,Textiles,39.0,69.0,50.0,10.0,0.6664,0.4393,0.12K,0.03K,66.0,46.81,446.22M,No,51.46,50.86,54.17,50.87,53.04,498
2221,LTM.NS,4374.0,4412.0,402.42K,Technology Services,Data Processing Services,39.0,19.0,70.0,35.0,123.7071,116.8143,479.10K,411.28K,6429.5,3528.0,1296.72B,No,4538.31,4363.58,4769.87,4403.06,4270.19,501
2222,TRUECOLORS.BO,150.0,150.75,47.40K,Producer Manufacturing,Industrial Machinery,39.0,43.0,61.0,44.0,5.7286,5.6643,43.10K,24.18K,271.95,125.0,3.70B,No,151.14,156.1,174.07,154.42,159.44,236
2223,MUKTAARTS.NS,56.88,58.1,7.35K,Technology Services,Packaged Software,39.0,52.0,27.0,55.0,2.4179,2.2721,5.20K,3.78K,72.8,37.01,1.28B,No,57.03,56.1,57.04,55.85,54.86,499
2224,APLAB.BO,75.69,72.04,8.33K,Electronic Technology,Electronic Equipment/Instruments,39.0,87.0,3.0,50.0,7.4214,7.4064,4.88K,2.61K,122.0,57.83,1.90B,No,76.71,80.32,81.81,79.28,84.02,497
2225,TATAINVEST.NS,645.15,618.8,8164.27K,Finance,Investment Banks/Brokers,39.0,31.0,38.0,39.0,14.4536,14.1286,323.62K,154.27K,1184.7,538.85,326.42B,No,641.21,658.02,667.12,659.28,663.42,501
2226,NSL.BO,129.75,129.0,5.72K,Consumer Non-Durables,Beverages: Alcoholic,39.0,58.0,57.0,40.0,6.4036,6.125,12.51K,21.77K,192.85,96.6,2.08B,No,132.07,131.06,132.55,130.75,126.53,497
2227,SURANASOL.NS,25.63,25.78,15.43K,Electronic Technology,Semiconductors,39.0,44.0,31.0,58.0,0.8707,0.8707,69.53K,44.19K,36.5,18.31,1.26B,No,25.86,26.1,25.69,25.97,25.37,499
2228,POWERMECH.NS,2379.4,2430.1001,36.31K,Industrial Services,Engineering & Construction,39.0,43.0,20.0,60.0,77.2785,73.8857,91.40K,62.45K,3125.0,1717.7,75.23B,No,2461.42,2540.1,2364.04,2519.51,2413.88,499
2229,TVSELECT.NS,410.45,414.85,15.85K,Electronic Technology,Electronic Equipment/Instruments,39.0,12.0,25.0,55.0,12.525,12.5179,86.17K,25.39K,739.35,336.2,7.72B,No,434.45,471.84,448.15,467.24,447.02,499
2230,SAATVIKGL.NS,402.05,416.0,65.00K,Producer Manufacturing,Industrial Machinery,39.0,21.0,12.0,61.0,12.0321,11.8464,137.65K,51.11K,567.0,328.0,51.10B,No,416.28,430.91,420.36,430.84,430.2,240
2231,ENKEIWHEL.NS,392.2,402.9,4.53K,Producer Manufacturing,Auto Parts: Oem,39.0,,,,18.9071,18.2536,4.07K,5.46K,425.0,378.5,,No,,,,,,18
2232,BIRLANU.NS,1434.6,1407.8,22.82K,Non-Energy Minerals,Forest Products,38.0,5.0,67.0,35.0,48.7643,48.5786,21.22K,6.76K,2012.4,1190.1,10.82B,No,1489.74,1424.59,1481.11,1431.79,1409.22,498
2233,BCPL.NS,71.05,72.71,11.43K,Industrial Services,Engineering & Construction,38.0,61.0,26.0,,2.7421,2.7421,11.61K,14.76K,92.0,60.0,1.19B,No,69.99,70.29,,70.32,,117
2234,JUBLFOOD.NS,473.8,475.95,962.58K,Consumer Services,Restaurants,38.0,45.0,69.0,28.0,12.5107,12.0857,2645.57K,862.10K,658.0,408.55,,No,494.17,464.8,485.34,465.6,460.09,501
2235,ISFT.NS,81.17,82.55,135.44K,Retail Trade,Internet Retail,38.0,61.0,33.0,61.0,5.3286,5.3286,49.04K,114.80K,119.07,54.05,1.32B,No,86.58,81.19,81.59,81.32,77.27,498
2236,TECHNVISN.NS,4808.0,4928.5,0.14K,Technology Services,Data Processing Services,38.0,,,,273.0072,266.5786,0.44K,0.39K,5550.0,4636.0,30.17B,No,,,,,,18
2237,MANORG.NS,458.8,480.7,15.49K,Process Industries,Chemicals: Specialty,38.0,61.0,46.0,54.0,26.0571,26.0571,9.54K,12.39K,635.0,356.25,3.93B,No,478.53,500.42,481.43,493.89,482.61,499
2238,SAGARDEEP.NS,24.04,23.7,9.23K,Non-Energy Minerals,Other Metals/Minerals,38.0,43.0,36.0,39.0,1.1186,1.11,7.80K,8.05K,31.48,20.81,410.06M,No,23.76,24.22,24.74,24.11,24.09,499
2239,SBICARD.NS,666.3,668.4,1286.14K,Finance,Finance/Rental/Leasing,38.0,62.0,71.0,23.0,18.8036,18.1643,2092.79K,4767.62K,965.0,565.45,634.08B,No,646.61,640.73,705.99,645.19,655.64,500
2240,PASHUPATI.NS,80.24,81.0,141.76K,Process Industries,Textiles,38.0,34.0,19.0,9.0,2.5871,2.5871,107.57K,93.61K,118.35,67.1,12.67B,No,84.06,85.47,87.98,85.08,90.67,500
2241,BALAJITELE.NS,91.81,92.85,78.19K,Consumer Services,Movies/Entertainment,38.0,57.0,55.0,22.0,3.1036,3.0771,402.39K,261.11K,141.32,69.52,11.19B,No,93.1,89.96,95.19,90.32,93.09,500
2242,ASTRAL.NS,1459.0,1474.8,914.37K,Producer Manufacturing,Miscellaneous Manufacturing,38.0,62.0,35.0,15.0,30.9,30.8786,958.21K,1776.14K,1768.7,1311.6,391.96B,No,1520.57,1453.73,1507.47,1464.13,1535.37,500
2243,INTLCOMBQ.BO,499.7,495.05,0.49K,Producer Manufacturing,Trucks/Construction/Farm Machinery,38.0,47.0,49.0,60.0,19.7964,19.7286,1.94K,1.27K,891.0,346.0,1.19B,No,497.99,534.89,519.4,533.6,494.43,497
2244,LAFFANSQ.BO,29.27,27.89,1.41K,Process Industries,Chemicals: Specialty,38.0,76.0,49.0,22.0,2.1757,1.8193,3.61K,9.80K,41.78,23.0,234.16M,No,26.79,27.61,29.49,27.34,29.35,497
2245,PVSL.NS,100.53,100.6,10.01K,Retail Trade,Specialty Stores,38.0,4.0,59.0,45.0,4.6886,4.6886,57.93K,34.12K,163.0,82.41,7.16B,No,107.09,105.03,105.11,104.46,99.05,500
2246,RISHITECH.BO,40.0,40.0,2.01K,Process Industries,Containers/Packaging,38.0,48.0,50.0,28.0,2.1979,2.0157,2.20K,0.54K,55.49,32.0,295.64M,No,39.56,39.63,40.7,39.98,39.21,497
2247,WELTI.BO,23.37,23.37,0.01K,Consumer Non-Durables,Consumer Sundries,38.0,30.0,27.0,31.0,0.0871,0.0,0.00K,0.00K,29.05,17.15,103.79M,No,23.92,24.6,23.38,24.38,23.47,496
2248,RAMAPHO.NS,123.57,123.07,12.93K,Process Industries,Chemicals: Agricultural,38.0,57.0,46.0,47.0,3.7414,3.7029,35.05K,16.45K,217.19,103.5,4.37B,No,123.07,124.55,136.67,124.44,125.8,499
2249,ALLDIGI.NS,802.7,802.7,3.90K,Commercial Services,Miscellaneous Commercial Services,38.0,51.0,36.0,40.0,17.1036,17.1,9.76K,6.83K,1000.0,700.0,12.23B,No,808.47,817.55,819.82,811.47,808.76,497
2250,JAIBALAJI.NS,67.53,68.7,491.61K,Non-Energy Minerals,Steel,38.0,58.0,52.0,51.0,2.8843,2.8343,597.63K,1293.52K,108.0,53.65,61.60B,No,68.51,65.94,67.96,65.57,67.44,500
2251,RENUKA.NS,24.82,24.35,18009.21K,Process Industries,Agricultural Commodities/Milling,38.0,83.0,66.0,34.0,1.2921,1.275,14065.79K,22450.71K,33.3,21.05,52.83B,No,24.31,23.12,24.66,23.15,24.37,501
2252,MANKIND.NS,2238.4,2265.0,180.48K,Health Technology,Pharmaceuticals: Major,38.0,21.0,27.0,40.0,49.8143,47.0,403.99K,234.91K,2674.0,1909.7,924.56B,No,2368.17,2453.99,2282.59,2420.05,2315.49,499
2253,CANBK.NS,124.6,124.08,21999.14K,Finance,Major Banks,38.0,29.0,32.0,16.0,2.4564,2.4029,21961.87K,11690.84K,162.89,110.64,1130.20B,No,127.48,127.31,138.03,127.6,133.3,501
2254,LUPIN.NS,2077.8,2100.0,624.73K,Health Technology,Pharmaceuticals: Other,38.0,17.0,22.0,18.0,36.5642,36.2928,906.22K,780.31K,2529.5,1900.0,950.11B,No,2167.93,2319.58,2260.53,2288.46,2306.5,501
2255,HDFCAMC.NS,2433.8,2440.0,370.19K,Finance,Investment Managers,38.0,40.0,45.0,32.0,60.9715,56.45,863.43K,832.11K,2967.25,2205.6,1043.64B,No,2546.45,2590.7,2610.71,2563.5,2597.77,500
2256,NORBTEAEXP.NS,64.14,67.2,1.99K,Consumer Non-Durables,Food: Specialty/Candy,38.0,52.0,12.0,5.0,3.595,3.24,1.95K,0.90K,99.35,47.5,997.00M,No,67.49,68.04,77.94,67.79,76.72,498
2257,BHARAT.BO,24.0,23.85,9.63K,Finance,Investment Banks/Brokers,38.0,59.0,44.0,46.0,1.2429,1.1936,2.62K,2.62K,36.18,18.9,162.26M,No,23.43,23.8,25.22,23.91,23.94,497
2258,SPICELOUNG.BO,31.38,29.89,1076.58K,Retail Trade,Discount Stores,38.0,91.0,81.0,43.0,2.405,1.7621,245.84K,920.50K,72.2,16.21,21.88B,No,26.6,25.52,30.88,26.03,26.09,498
2259,HEIDELBERG.NS,158.79,159.86,467.70K,Non-Energy Minerals,Construction Materials,38.0,62.0,59.0,41.0,2.4007,2.3629,120.99K,238.98K,220.9,136.1,35.99B,No,159.63,158.2,160.93,157.78,155.87,501
2260,HORIZONIND.NS,55.55,55.67,1975.70K,Finance,Real Estate Development,38.0,,,,,,12960.15K,5828.56K,60.25,53.75,160.15B,No,,,,,,14
2261,ORIENTELEC.NS,173.64,175.11,45.43K,Consumer Durables,Electronics/Appliances,38.0,17.0,39.0,31.0,4.915,4.8186,709.07K,138.02K,217.51,149.05,37.05B,No,181.59,178.66,177.85,179.14,178.16,500
2262,SUKHJITS.NS,159.99,160.03,24.59K,Consumer Non-Durables,Food: Specialty/Candy,38.0,51.0,27.0,14.0,4.185,4.1779,19.58K,24.71K,231.1,137.3,5.00B,No,159.34,163.49,170.64,161.62,171.95,498
2263,NILE.NS,1457.0,1479.7,1.87K,Non-Energy Minerals,Other Metals/Minerals,38.0,,,,45.25,45.0715,3.41K,2.72K,1560.1,1437.1,4.37B,No,,,,,,18
2264,ICEMAKE.NS,727.9,725.7,17.73K,Producer Manufacturing,Industrial Machinery,38.0,13.0,24.0,15.0,21.225,20.825,33.84K,12.77K,920.0,660.3,11.49B,No,737.52,781.92,773.6,776.48,781.32,500
2265,ASTALLTD.BO,75.8,77.3,6.37K,Finance,Real Estate Development,38.0,8.0,34.0,34.0,3.7093,3.595,24.25K,21.57K,103.2,60.45,3.32B,No,80.58,81.62,78.87,80.88,77.18,497
2266,AZADIND.NS,86.79,89.26,43.61K,Non-Energy Minerals,Steel,38.0,,,,4.3364,4.3364,32.15K,36.91K,98.99,85.05,4.73B,No,,,,,,18
2267,SHREESHAY.BO,24.83,26.0,2.00K,Industrial Services,Engineering & Construction,38.0,88.0,24.0,40.0,1.5893,1.26,4.66K,16.80K,39.05,20.25,327.84M,No,25.56,26.39,26.84,26.09,26.47,497
2268,ARKADE.NS,122.94,122.95,154.76K,Consumer Durables,Homebuilding,37.0,31.0,61.0,54.0,4.0193,3.9407,485.37K,203.39K,185.3,92.62,22.83B,No,126.45,132.17,124.75,132.89,120.0,490
2269,SHK.NS,143.58,144.98,216.37K,Process Industries,Chemicals: Specialty,37.0,4.0,72.0,47.0,4.755,4.6657,861.28K,369.24K,257.44,111.98,19.87B,No,154.78,149.93,148.5,150.78,140.58,500
2270,SUDARCOLOR.NS,380.9,380.55,2.77K,Process Industries,Chemicals: Major Diversified,37.0,27.0,56.0,55.0,13.2893,13.2893,11.58K,8.51K,603.0,268.25,8.79B,No,393.19,381.45,379.03,385.65,360.19,499
2271,TANLA.NS,503.85,509.3,273.20K,Technology Services,Information Technology Services,37.0,5.0,41.0,56.0,19.1822,18.3893,1099.39K,464.30K,766.0,365.9,66.53B,No,542.62,566.41,515.88,565.64,511.9,501
2272,BANCOINDIA.NS,627.5,635.15,103.31K,Producer Manufacturing,Industrial Machinery,37.0,53.0,23.0,51.0,12.9321,12.925,165.55K,89.34K,879.8,502.0,89.76B,No,623.18,640.94,635.59,639.13,623.83,500
2273,SUYOG.NS,669.4,689.35,27.27K,Industrial Services,Engineering & Construction,37.0,3.0,36.0,24.0,29.6679,29.3929,36.96K,29.51K,921.15,526.5,7.84B,No,745.9,816.0,719.61,804.55,767.58,499
2274,NATPLASTI.BO,219.8,216.25,1.76K,Process Industries,Chemicals: Specialty,37.0,38.0,56.0,22.0,11.1143,11.0036,1.33K,1.28K,334.0,190.0,1.34B,No,223.08,224.91,239.08,225.26,224.8,497
2275,LOVABLE.NS,71.85,69.62,30.15K,Consumer Non-Durables,Apparel/Footwear,37.0,46.0,48.0,37.0,2.8407,2.8121,19.82K,14.46K,104.7,55.0,1.06B,No,71.95,73.52,74.04,73.09,72.19,499
2276,VSTL.NS,120.17,123.41,5.69K,Non-Energy Minerals,Steel,37.0,83.0,45.0,48.0,4.1736,4.1486,13.11K,18.95K,164.58,100.8,2.28B,No,113.28,111.85,119.02,112.25,116.17,500
2277,RELIABLE.NS,135.95,135.9,34.61K,Technology Services,Data Processing Services,37.0,21.0,25.0,51.0,6.355,6.355,43.49K,44.29K,175.0,104.74,1.40B,No,139.38,142.4,141.34,141.97,136.55,498
2278,KVTOYS.BO,267.25,272.75,4.80K,Consumer Durables,Recreational Products,37.0,55.0,49.0,51.0,9.9071,8.0321,11.27K,7.98K,363.9,180.0,1.68B,No,271.7,285.64,,283.57,260.87,185
2279,HDBFS.NS,677.7,675.05,261.70K,Finance,Finance/Rental/Leasing,37.0,48.0,58.0,39.0,13.2536,13.1107,812.17K,826.49K,801.1,555.3,561.44B,No,684.83,699.14,697.79,695.4,677.33,300
2280,EMPIND.NS,1062.5,1076.6,7.16K,Distribution Services,Food Distributors,37.0,,,,34.3143,30.0429,6.50K,8.53K,1248.0,1041.2,,No,,,,,,18
2281,CONSTRONIC.BO,50.39,47.48,0.12K,Distribution Services,Wholesale Distributors,37.0,57.0,58.0,39.0,4.0636,3.6443,1.56K,0.73K,70.34,40.0,631.34M,No,48.15,48.24,51.64,49.04,48.67,495
2282,STML.BO,76.95,77.0,2.40K,Communications,Specialty Telecommunications,37.0,82.0,66.0,50.0,1.3286,0.6857,2.10K,0.72K,132.0,49.0,744.58M,No,68.0,68.55,74.2,69.04,67.27,497
2283,GLOTTIS.NS,58.74,59.03,43.30K,Transportation,Marine Shipping,37.0,13.0,17.0,73.0,2.2907,2.2864,55.12K,52.00K,93.0,37.0,5.43B,No,63.52,65.52,58.97,65.33,59.6,234
2284,KREBSBIO.NS,61.47,60.14,79.98K,Health Technology,Pharmaceuticals: Major,37.0,79.0,32.0,56.0,3.4814,3.3936,9.55K,18.48K,82.49,38.33,1.33B,No,55.69,55.31,59.65,55.46,57.37,498
2285,ATGL.NS,602.7,612.3,461.13K,Utilities,Gas Distributors,37.0,16.0,9.0,66.0,14.2786,14.2393,1584.23K,600.79K,859.85,462.8,662.86B,No,633.86,664.73,614.6,654.4,634.51,500
2286,SPLIL.NS,30.5,31.33,1.64K,Consumer Non-Durables,Apparel/Footwear,37.0,47.0,53.0,54.0,1.9021,1.85,10.43K,12.95K,45.2,20.2,895.30M,No,31.35,31.5,31.21,31.48,30.15,498
2287,ASHIKAG.NS,411.3,412.65,190.66K,Miscellaneous,Miscellaneous,37.0,,,,16.3536,16.2857,37.65K,48.32K,451.0,402.1,,No,,,,,,18
2288,BALMLAWRIE.NS,174.08,175.6,434.18K,Producer Manufacturing,Industrial Conglomerates,37.0,57.0,46.0,35.0,3.1764,2.995,134.84K,194.75K,238.2,148.36,29.77B,No,175.37,176.39,177.39,175.75,176.84,500
2289,GUJRAFFIA.NS,41.17,40.9,3.93K,Producer Manufacturing,Miscellaneous Manufacturing,37.0,46.0,47.0,40.0,1.7186,1.7114,3.80K,1.37K,88.0,35.1,,No,41.07,40.34,42.84,40.59,40.13,495
2290,LINDEINDIA.NS,6227.5,6352.5,13.97K,Process Industries,Chemicals: Specialty,37.0,12.0,22.0,23.0,136.0,134.6429,26.79K,27.07K,8049.0,5673.0,531.11B,No,6518.88,6792.21,6715.93,6718.15,7000.12,499
2291,PYRAMID.NS,154.59,150.51,24.18K,Producer Manufacturing,Miscellaneous Manufacturing,37.0,16.0,29.0,38.0,4.3221,4.2429,136.84K,53.46K,198.69,131.8,5.70B,No,159.47,166.55,161.56,164.18,161.41,498
2292,HBESD.NS,71.26,72.81,0.84K,Consumer Services,Hotels/Resorts/Cruise Lines,37.0,,,,2.8243,2.5843,0.82K,0.72K,81.99,70.1,,No,,,,,,18
2293,HECPROJECT.NS,119.55,122.14,1.79K,Industrial Services,Engineering & Construction,37.0,7.0,47.0,44.0,6.6593,6.535,28.98K,19.17K,160.5,92.1,1.30B,No,120.23,127.81,123.05,125.3,122.7,499
2294,TIRUSTA.BO,140.9,136.9,0.01K,Consumer Non-Durables,Food: Specialty/Candy,37.0,40.0,71.0,18.0,6.6536,5.9643,1.06K,0.19K,218.9,115.4,1.35B,No,139.24,148.09,150.62,147.29,142.59,496
2295,DYNPRO.NS,237.05,235.09,19.63K,Consumer Non-Durables,Food: Specialty/Candy,37.0,17.0,45.0,47.0,10.5571,10.5,16.54K,19.33K,384.0,190.8,2.95B,No,231.94,239.12,237.53,238.77,232.56,499
2296,ULTRACEMCO.NS,10979.0,10900.0,270.86K,Non-Energy Minerals,Construction Materials,37.0,21.0,42.0,27.0,177.5714,167.7857,261.22K,274.10K,13110.0,10325.0,3229.69B,No,11422.5,11671.32,11752.92,11645.7,11575.37,501
2297,KCP.NS,162.21,161.91,59.88K,Producer Manufacturing,Industrial Conglomerates,37.0,73.0,43.0,43.0,6.3186,6.3064,180.50K,123.33K,207.8,125.0,20.91B,No,163.96,163.72,166.34,162.97,161.18,499
2298,SWARAJENG.NS,3551.0,3594.3,7.54K,Producer Manufacturing,Auto Parts: Oem,37.0,49.0,31.0,40.0,57.0214,53.3071,14.19K,9.83K,4545.0,3301.3,43.14B,No,3576.56,3640.09,3686.01,3614.84,3704.44,498
2299,RUCHIRA.NS,110.54,109.8,73.97K,Process Industries,Pulp & Paper,37.0,68.0,50.0,48.0,2.8957,2.8857,45.73K,79.84K,173.0,95.17,3.30B,No,104.72,105.95,112.53,106.3,109.58,500
2300,FRUTION.BO,33.26,34.88,0.01K,Finance,Investment Banks/Brokers,37.0,1.0,57.0,12.0,2.2093,1.8136,0.63K,0.30K,48.43,26.2,153.00M,No,39.6,39.41,36.56,39.55,36.18,498
2301,ALKEM.NS,5138.0,5139.0,41.34K,Health Technology,Pharmaceuticals: Major,37.0,23.0,33.0,24.0,84.8571,84.1071,135.82K,130.54K,5933.5,5075.0,614.32B,No,5311.3,5501.48,5512.78,5468.85,5433.57,499
2302,BRIGHT.BO,355.9,352.05,3.00K,Commercial Services,Advertising/Marketing Services,37.0,53.0,29.0,18.0,7.5036,6.6964,21.19K,23.02K,450.0,310.05,7.77B,No,352.62,361.29,384.79,360.2,376.51,499
2303,DHPIND.BO,511.35,516.0,1.42K,Producer Manufacturing,Miscellaneous Manufacturing,37.0,56.0,48.0,42.0,13.7572,13.4893,1.04K,1.51K,681.6,430.0,1.53B,No,510.96,515.4,523.76,517.55,516.67,497
2304,ARTNIRMAN.NS,39.87,40.52,0.57K,Consumer Durables,Homebuilding,37.0,37.0,43.0,37.0,2.0129,1.9986,1.77K,1.24K,66.97,29.39,995.00M,No,40.81,40.46,42.19,40.28,40.54,499
2305,SANCTRN.BO,671.6,674.95,0.00K,Transportation,Other Transportation,37.0,56.0,33.0,38.0,9.7143,7.3143,0.04K,0.03K,808.5,634.0,1.21B,No,681.65,707.62,713.45,704.1,714.25,497
2306,MARATHON.NS,438.5,436.9,113.73K,Finance,Real Estate Development,37.0,86.0,65.0,39.0,25.25,24.1786,202.55K,256.15K,685.4,344.05,29.57B,No,403.86,398.36,453.85,397.49,425.11,500
2307,SEIL.NS,195.02,195.28,213.87K,Commercial Services,Miscellaneous Commercial Services,36.0,,,,6.4171,6.3914,280.14K,279.27K,215.6,189.94,31.40B,No,,,,,,18
2308,HINDADH.NS,365.3,367.2,1.60K,Process Industries,Industrial Specialties,36.0,,,,13.9893,13.8607,19.57K,1.76K,402.65,342.0,1.87B,No,,,,,,18
2309,WHBRADY.NS,480.5,484.0,0.01K,Producer Manufacturing,Industrial Machinery,36.0,,,,17.9571,14.2036,0.09K,0.07K,589.9,477.0,1.23B,No,,,,,,18
2310,SUNDROP.NS,669.15,668.1,37.45K,Process Industries,Agricultural Commodities/Milling,36.0,51.0,47.0,47.0,17.0321,16.9607,22.00K,13.48K,874.0,556.0,25.22B,No,656.49,657.02,661.19,659.96,651.6,499
2311,SFSL.BO,78.52,98.0,4.50K,Producer Manufacturing,Industrial Conglomerates,36.0,58.0,34.0,7.0,7.6879,1.1407,2.27K,2.25K,143.46,63.0,163.95M,No,79.58,79.5,91.78,78.47,87.06,498
2312,HITECHGEAR.NS,579.45,582.45,1.41K,Producer Manufacturing,Auto Parts: Oem,36.0,71.0,41.0,25.0,22.925,22.925,3.41K,3.61K,897.45,521.25,10.91B,No,556.92,588.03,625.56,581.78,600.61,498
2313,MORARKFI.BO,65.0,67.5,1.46K,Finance,Financial Conglomerates,36.0,70.0,51.0,59.0,4.4286,4.3707,2.26K,1.08K,113.0,42.11,292.64M,No,64.15,62.59,63.12,62.48,57.68,497
2314,SRM.NS,447.7,452.85,35.91K,Industrial Services,Engineering & Construction,36.0,7.0,29.0,54.0,18.2929,18.2464,102.47K,107.21K,649.95,361.35,10.27B,No,464.46,487.28,482.81,483.84,475.07,500
2315,PEETISEC.BO,19.85,19.94,0.00K,Process Industries,Textiles,36.0,65.0,25.0,27.0,0.3186,0.2093,0.27K,0.51K,25.01,17.0,74.45M,No,20.12,19.2,20.36,19.4,19.55,497
2316,CMMHOSP.BO,38.25,37.89,0.25K,Health Services,Hospital/Nursing Management,36.0,46.0,33.0,25.0,2.2279,2.1386,1.33K,1.32K,57.48,31.51,285.69M,No,37.97,38.12,40.21,37.87,38.49,497
2317,INDIAHOME.BO,32.16,32.59,18.80K,Finance,Finance/Rental/Leasing,36.0,49.0,53.0,19.0,2.2179,2.1436,5.51K,6.47K,46.7,24.8,459.30M,No,31.63,31.25,32.97,31.04,31.5,497
2318,JITFINFRA.NS,300.95,304.95,38.70K,Transportation,Trucking,36.0,7.0,47.0,13.0,10.6679,10.5357,37.12K,13.75K,458.3,222.35,7.74B,No,311.86,331.1,310.04,327.66,320.22,499
2319,ALANSCOTT.BO,249.0,240.0,0.90K,Retail Trade,Specialty Stores,36.0,4.0,23.0,38.0,17.4786,14.4893,3.38K,2.48K,415.0,210.65,1.61B,No,302.68,320.46,296.5,311.43,282.2,497
2320,M&M.NS,3123.8,3150.0,2140.29K,Consumer Durables,Motor Vehicles,36.0,19.0,52.0,29.0,65.7071,62.7643,2447.41K,1984.68K,3839.9,2896.0,3750.94B,No,3302.82,3278.46,3320.02,3283.88,3189.51,501
2321,CSLFINANCE.NS,241.04,243.4,59.86K,Finance,Investment Banks/Brokers,36.0,75.0,55.0,33.0,9.2543,8.595,36.74K,68.18K,324.7,209.7,5.42B,No,231.79,223.69,248.43,225.29,232.55,498
2322,JMFINANCIL.NS,127.24,126.73,1485.16K,Finance,Investment Banks/Brokers,36.0,57.0,61.0,43.0,3.8757,3.8186,3042.44K,2747.20K,184.54,112.0,121.76B,No,129.0,126.88,131.39,126.38,128.07,500
2323,AADHARHFC.NS,462.7,471.9,418.94K,Finance,Finance/Rental/Leasing,36.0,20.0,40.0,26.0,11.8571,11.8571,476.71K,227.91K,563.0,430.15,202.76B,No,475.46,498.06,484.14,492.8,484.25,501
2324,SUPREMEIND.NS,3510.0,3516.8999,54.49K,Producer Manufacturing,Miscellaneous Manufacturing,36.0,62.0,45.0,18.0,82.2999,76.8285,209.32K,235.45K,4632.0,3140.0,446.06B,No,3568.27,3465.84,3566.71,3494.24,3607.47,500
2325,CORALFINAC.NS,32.88,32.69,15.84K,Finance,Investment Managers,36.0,49.0,52.0,30.0,1.62,1.62,79.80K,22.18K,50.9,25.01,1.33B,No,33.43,33.21,34.28,33.18,32.73,499
2326,SHRAJOI.BO,24.2,24.2,0.02K,Energy Minerals,Integrated Oil,36.0,74.0,66.0,5.0,0.0036,0.0,0.03K,0.00K,40.5,21.03,99.05M,No,23.89,22.83,26.88,23.1,23.62,496
2327,PAGEIND.NS,35750.0,35395.0,15.70K,Consumer Non-Durables,Apparel/Footwear,36.0,25.0,27.0,55.0,711.0714,701.4286,32.55K,20.84K,45890.0,29805.0,398.75B,No,35874.25,38445.3,36511.72,38011.0,36853.5,499
2328,HARYNACAP.BO,146.0,145.75,0.21K,Finance,Finance/Rental/Leasing,36.0,71.0,50.0,40.0,9.4179,8.3964,0.71K,0.74K,220.0,119.05,760.47M,No,143.23,142.47,150.88,143.52,144.84,497
2329,SARUPINDUS.BO,114.0,115.3,0.00K,Consumer Non-Durables,Apparel/Footwear,36.0,10.0,54.0,4.0,2.4714,1.5536,0.18K,0.03K,208.0,82.12,370.77M,No,119.67,122.78,144.37,121.68,136.98,496
2330,ABMKNO.NS,181.35,180.73,0.22K,Technology Services,Packaged Software,36.0,,,,7.4071,7.1543,0.97K,0.82K,200.0,180.0,3.63B,No,,,,,,18
2331,DODLA.NS,1090.1,1096.9,14.36K,Consumer Non-Durables,Food: Meat/Fish/Dairy,36.0,68.0,46.0,42.0,31.7143,31.4786,24.39K,29.58K,1487.4,964.1,65.76B,No,1097.35,1083.51,1121.81,1084.33,1080.67,498
2332,HPCOTTON.BO,96.9,95.65,1.68K,Process Industries,Textiles,36.0,41.0,35.0,25.0,4.0571,3.7643,0.91K,2.34K,132.0,91.0,380.04M,No,100.46,101.68,105.27,101.17,104.36,497
2333,JSWCEMENT.NS,120.77,120.7,681.23K,Non-Energy Minerals,Construction Materials,36.0,22.0,33.0,30.0,2.3143,2.2986,1874.59K,1049.68K,153.45,106.65,163.08B,No,124.75,130.98,124.44,130.38,126.78,269
2334,PRAENG.NS,22.2,22.92,59.68K,Consumer Durables,Homebuilding,36.0,81.0,60.0,34.0,1.5636,1.5486,79.46K,194.91K,33.88,17.0,1.55B,No,21.14,20.59,22.54,20.89,21.27,498
2335,SUNCLAY.NS,1295.2,1286.0,4.03K,Producer Manufacturing,Auto Parts: Oem,36.0,77.0,33.0,34.0,40.2714,40.2714,8.30K,6.47K,1942.0,1112.8,28.55B,No,1283.1,1302.58,1312.41,1299.87,1338.54,499
2336,HISARMETAL.NS,155.28,153.91,0.34K,Non-Energy Minerals,Steel,36.0,54.0,44.0,36.0,6.6636,6.4736,2.22K,2.57K,192.4,124.99,838.51M,No,154.27,152.75,156.17,152.78,152.56,498
2337,KACHCHH.BO,27.95,28.05,0.81K,Non-Energy Minerals,Other Metals/Minerals,36.0,76.0,42.0,36.0,1.9214,1.89,3.11K,4.79K,59.95,18.42,148.16M,No,28.44,27.05,27.89,27.16,28.4,497
2338,JAGRAN.NS,62.01,62.35,268.36K,Consumer Services,Publishing: Newspapers,36.0,44.0,42.0,33.0,0.8757,0.8271,218.58K,194.24K,78.9,59.5,13.50B,No,61.74,62.68,65.82,62.59,64.39,499
2339,ELEMARB.BO,190.0,191.0,0.09K,Producer Manufacturing,Building Products,36.0,71.0,40.0,41.0,9.2786,8.7107,0.31K,0.43K,248.95,132.7,562.97M,No,172.38,176.45,193.54,176.69,186.33,495
2340,COLAB.BO,132.4,133.7,2.71K,Distribution Services,Electronics Distributors,36.0,31.0,15.0,6.0,0.2857,0.0,0.18K,0.34K,204.6,96.8,27.01B,No,135.46,139.58,163.79,138.48,153.36,498
2341,GTV.BO,62.46,63.39,32.74K,Industrial Services,Engineering & Construction,36.0,13.0,8.0,45.0,2.8829,2.8757,63.97K,47.04K,83.9,41.55,3.17B,No,67.53,69.08,64.13,68.41,67.32,498
2342,HEXATRADEX.NS,156.88,156.24,0.66K,Distribution Services,Wholesale Distributors,36.0,51.0,42.0,29.0,4.3671,4.3014,4.01K,1.79K,194.89,147.26,8.67B,No,158.59,158.63,161.59,158.13,161.22,498
2343,ZUARI.NS,223.04,225.63,37.61K,Process Industries,Chemicals: Agricultural,36.0,60.0,53.0,53.0,7.1557,6.7493,251.75K,128.57K,345.6,175.1,9.38B,No,227.51,229.17,242.27,228.57,223.95,501
2344,SAMKRG.BO,114.85,114.0,2.25K,Producer Manufacturing,Auto Parts: Oem,35.0,49.0,33.0,33.0,2.9286,2.6857,2.54K,3.77K,148.0,99.95,1.13B,No,116.89,118.52,121.08,118.97,118.18,497
2345,MOHITPPR.BO,27.38,26.52,0.64K,Producer Manufacturing,Office Equipment/Supplies,35.0,33.0,39.0,26.0,1.225,1.145,0.91K,0.92K,38.79,23.75,383.32M,No,27.35,27.54,28.65,27.49,27.87,497
2346,NEXOME.BO,98.3,96.2,0.92K,Finance,Investment Banks/Brokers,35.0,6.0,21.0,69.0,8.0214,7.8786,2.91K,1.56K,161.25,68.6,1.06B,No,109.33,115.78,102.04,114.57,104.32,497
2347,PINELABS.NS,173.17,175.08,15907.57K,Technology Services,Packaged Software,35.0,61.0,72.0,32.0,7.1957,6.9893,22417.42K,24088.89K,284.0,134.73,199.81B,No,163.82,156.67,184.03,156.39,164.36,208
2348,NAVA.NS,558.35,561.15,96.40K,Utilities,Electric Utilities,35.0,46.0,37.0,34.0,15.0821,14.8072,292.31K,229.07K,739.4,501.65,158.19B,No,562.22,574.79,585.35,569.16,594.93,500
2349,RESPONIND.NS,169.54,169.59,2901.74K,Non-Energy Minerals,Forest Products,35.0,59.0,38.0,38.0,9.3643,9.185,1795.30K,5528.32K,240.9,117.25,45.20B,No,155.67,172.28,176.26,172.5,169.32,499
2350,BLUEDART.NS,4882.6,4928.3999,5.41K,Transportation,Air Freight/Couriers,35.0,36.0,49.0,20.0,89.9857,88.9714,22.56K,10.95K,7036.0,4628.5,115.85B,No,5029.74,5015.06,5223.63,5009.39,5095.59,500
2351,BAZELINTER.BO,22.12,22.85,0.63K,Finance,Finance/Rental/Leasing,35.0,86.0,69.0,59.0,2.4036,2.2629,8.75K,22.70K,45.41,16.5,212.29M,No,21.86,19.89,24.01,20.42,20.51,499
2352,EMIAC.BO,97.7,95.41,106.80K,Commercial Services,Advertising/Marketing Services,35.0,77.0,46.0,,2.3579,1.9471,26.46K,18.84K,121.0,87.0,1.20B,No,93.8,94.37,,95.1,,107
2353,JAYKAY.NS,165.09,168.94,235.34K,Commercial Services,Miscellaneous Commercial Services,35.0,76.0,33.0,58.0,10.6313,10.4463,315.96K,761.24K,219.7,115.52,23.28B,No,153.23,161.2,,160.76,160.39,194
2354,DLINKINDIA.NS,433.8,436.05,44.14K,Electronic Technology,Telecommunications Equipment,35.0,55.0,15.0,50.0,11.0036,10.6607,213.03K,90.80K,549.2,367.65,15.40B,No,438.04,456.19,440.57,449.0,449.57,500
2355,APOLLOTYRE.NS,419.55,422.25,284.23K,Consumer Durables,Automotive Aftermarket,35.0,29.0,58.0,28.0,10.6036,10.2929,979.42K,491.57K,540.5,365.3,265.40B,No,434.18,435.12,448.39,433.99,423.86,501
2356,VIVIANA.NS,769.15,769.55,24.00K,Industrial Services,Engineering & Construction,35.0,81.0,27.0,64.0,35.8857,35.1857,21.12K,21.25K,1860.0,565.0,7.72B,No,730.07,737.73,759.11,732.96,760.22,498
2357,BHARATWIRE.NS,173.2,171.84,111.59K,Producer Manufacturing,Metal Fabrication,35.0,17.0,13.0,44.0,6.1429,6.0193,214.46K,161.96K,262.0,148.01,11.91B,No,183.75,195.45,191.3,192.65,196.35,500
2358,BNALTD.NS,390.0,389.9,0.13K,Process Industries,Agricultural Commodities/Milling,35.0,,,,12.3214,7.1393,1.03K,1.51K,415.7,355.1,,No,,,,,,17
2359,AVAILFC.BO,143.35,140.95,7.17K,Finance,Finance/Rental/Leasing,35.0,73.0,26.0,43.0,6.9286,6.6714,5.58K,5.87K,174.0,122.15,1.46B,No,143.65,144.66,148.99,143.74,146.71,497
2360,RJSHAH.BO,490.0,490.0,0.10K,Industrial Services,Engineering & Construction,35.0,56.0,58.0,23.0,0.0,0.0,0.06K,0.06K,660.0,432.3,137.25M,No,488.62,488.29,506.83,489.02,489.62,497
2361,AUTOAXLES.NS,1657.9,1658.5,4.45K,Producer Manufacturing,Auto Parts: Oem,35.0,20.0,43.0,12.0,40.5072,40.2429,9.59K,6.04K,2115.0,1540.2,25.05B,No,1730.56,1781.25,1813.51,1763.73,1780.85,499
2362,BOROSCI.NS,125.29,127.19,124.47K,Process Industries,Containers/Packaging,35.0,27.0,8.0,59.0,4.9629,4.9064,204.19K,54.88K,180.8,96.64,11.14B,No,128.65,143.4,127.59,141.47,130.9,500
2363,RRPDEFENSE.BO,633.5,639.85,0.11K,Distribution Services,Wholesale Distributors,35.0,31.0,14.0,6.0,1.3786,0.0,0.02K,0.01K,984.4,464.5,8.69B,No,648.28,668.28,785.93,662.94,735.23,497
2364,AMCOIND.BO,64.03,65.3,0.46K,Producer Manufacturing,Industrial Machinery,35.0,22.0,35.0,20.0,3.5843,3.5829,2.12K,1.38K,104.99,56.5,263.16M,No,65.98,66.28,69.68,66.86,67.4,497
2365,RHIM.NS,378.7,376.9,233.45K,Producer Manufacturing,Miscellaneous Manufacturing,35.0,17.0,54.0,29.0,8.3214,8.3214,1768.22K,226.28K,508.3,323.05,78.20B,No,374.22,390.99,408.56,390.42,391.43,499
2366,KOTHARIPRO.NS,65.76,66.5,7.31K,Distribution Services,Wholesale Distributors,35.0,24.0,31.0,44.0,2.3164,2.3164,9.23K,6.32K,109.0,58.0,3.93B,No,67.86,68.15,69.88,68.08,69.05,499
2367,TEGA.NS,1721.6,1678.3,1131.94K,Distribution Services,Wholesale Distributors,35.0,69.0,45.0,34.0,66.35,61.8357,156.69K,314.99K,2125.0,1473.0,129.34B,No,1661.91,1627.21,1730.28,1633.8,1688.32,499
2368,ONESOURCE.NS,1541.9,1530.1,247.13K,Health Technology,Pharmaceuticals: Major,35.0,55.0,35.0,36.0,51.9,50.7,269.11K,414.31K,1925.0,1057.0,176.81B,No,1536.98,1593.84,1584.28,1583.58,1594.72,407
2369,GLOSTERLTD.NS,599.45,597.55,0.65K,Process Industries,Textiles,35.0,26.0,20.0,51.0,18.1,18.0071,3.86K,0.68K,756.45,495.0,6.56B,No,599.98,640.69,625.53,642.83,622.29,500
2370,UNIQUEO.BO,88.17,87.93,2.34K,Consumer Non-Durables,Food: Major Diversified,35.0,20.0,38.0,33.0,5.1036,5.0321,3.30K,1.86K,127.5,65.0,526.51M,No,90.53,85.48,91.29,85.38,88.69,497
2371,IDBI.NS,81.62,81.56,8232.50K,Finance,Major Banks,35.0,50.0,61.0,10.0,4.3893,4.3857,18647.19K,16677.39K,118.38,61.01,877.61B,No,86.92,85.34,88.31,85.24,82.78,501
2372,UPSURGE.BO,66.4,67.11,2.13K,Finance,Investment Banks/Brokers,35.0,4.0,62.0,25.0,4.2136,4.1907,17.17K,12.54K,102.0,54.59,1.46B,No,67.36,69.77,68.23,69.48,66.13,497
2373,BPCL.NS,303.0,303.55,3226.48K,Energy Minerals,Oil Refining/Marketing,35.0,35.0,46.0,20.0,7.4929,7.1821,6652.43K,4972.20K,391.65,266.6,1294.59B,No,313.93,314.68,327.5,314.46,311.33,501
2374,INDIANCARD.NS,209.36,216.81,0.81K,Producer Manufacturing,Industrial Machinery,35.0,50.0,34.0,43.0,8.1371,8.1007,4.51K,1.34K,303.05,153.0,1.24B,No,212.96,219.38,218.67,219.96,209.74,498
2375,COROMANDEL.NS,1961.9,1962.7,38.96K,Process Industries,Chemicals: Specialty,35.0,31.0,51.0,30.0,45.6429,45.6429,209.10K,108.38K,2499.0,1706.5,577.86B,No,1969.53,2020.38,2086.88,2013.16,1989.44,501
2376,STERPOW.BO,27.99,28.0,0.63K,Electronic Technology,Semiconductors,35.0,2.0,9.0,65.0,1.5936,1.5679,6.07K,7.46K,43.0,16.9,147.30M,No,31.16,34.2,29.73,33.89,30.31,497
2377,CILSEC.BO,36.81,39.97,1.83K,Finance,Investment Banks/Brokers,35.0,62.0,42.0,36.0,2.1729,2.1236,0.66K,0.73K,54.77,32.5,184.05M,No,37.39,36.76,39.52,36.71,37.65,497
2378,KUSUMGAR.NS,566.0,564.15,120.07K,Process Industries,Textiles,35.0,19.0,,,20.1714,20.1714,1333.53K,254.24K,659.5,548.0,,No,578.4,,,,,42
2379,NIRAVCOM.BO,686.85,723.0,0.01K,Non-Energy Minerals,Aluminum,35.0,35.0,7.0,55.0,20.15,15.6143,0.02K,0.00K,953.3,551.0,269.25M,No,684.28,710.53,720.21,711.19,734.95,498
2380,KINETICENG.BO,232.75,221.7,31.12K,Producer Manufacturing,Auto Parts: Oem,35.0,36.0,57.0,32.0,9.7571,9.7036,33.55K,23.94K,365.0,175.1,6.26B,No,230.68,258.46,262.0,253.03,245.91,497
2381,MANSIFIN.BO,62.67,65.95,0.21K,Finance,Finance/Rental/Leasing,34.0,58.0,48.0,19.0,1.9021,0.9093,0.24K,0.16K,111.95,56.26,221.53M,No,61.52,61.4,69.26,61.53,65.9,497
2382,ELDEHSG.NS,781.6,775.4,0.20K,Finance,Real Estate Development,34.0,62.0,29.0,20.0,30.6679,29.8714,3.73K,1.07K,1044.1,701.55,7.69B,No,795.02,788.12,838.28,786.96,813.29,498
2383,SHREEPAC.BO,144.25,142.95,6.03K,Health Technology,Medical Specialties,34.0,70.0,49.0,60.0,8.3679,8.3393,3.92K,2.36K,283.15,90.0,540.89M,No,137.17,138.86,150.14,140.02,133.5,497
2384,RUBFILA.NS,68.09,67.89,24.31K,Process Industries,Industrial Specialties,34.0,51.0,34.0,46.0,3.0221,3.0057,31.20K,54.88K,88.88,57.31,3.70B,No,68.02,70.91,71.1,71.09,70.25,498
2385,CAPFIN.BO,126.4,126.4,0.01K,Finance,Finance/Rental/Leasing,34.0,13.0,39.0,51.0,0.475,0.0,0.12K,0.12K,173.75,97.3,574.90M,No,132.46,137.36,135.05,137.44,130.53,497
2386,MPHASIS.NS,2291.7,2307.5,453.82K,Technology Services,Packaged Software,34.0,16.0,42.0,42.0,65.2214,58.1357,565.21K,486.70K,3037.2,2013.0,437.30B,No,2435.0,2394.46,2444.98,2396.52,2294.79,500
2387,INTLCONV.NS,77.16,76.96,28.12K,Producer Manufacturing,Miscellaneous Manufacturing,34.0,66.0,37.0,43.0,3.1221,3.1086,61.08K,82.84K,114.54,60.0,4.92B,No,77.68,77.12,79.44,77.42,77.14,500
2388,COASTCORP.NS,39.43,40.55,93.13K,Transportation,Marine Shipping,34.0,24.0,13.0,19.0,1.5121,1.4386,140.55K,65.51K,66.7,32.5,2.64B,No,40.94,46.0,48.21,44.98,49.11,499
2389,CPL.NS,66.38,67.81,138.56K,Producer Manufacturing,Miscellaneous Manufacturing,34.0,32.0,,,2.755,2.7407,92.24K,137.74K,75.74,61.45,,No,65.66,,,,,36
2390,MIRZAINT.NS,30.81,31.28,63.47K,Consumer Non-Durables,Apparel/Footwear,34.0,36.0,54.0,32.0,1.1457,1.1457,370.86K,93.19K,44.0,24.95,4.26B,No,31.33,33.83,34.0,33.68,32.52,500
2391,TTKPRESTIG.NS,540.2,541.35,31.88K,Consumer Durables,Home Furnishings,34.0,19.0,44.0,58.0,15.8429,15.7393,310.13K,63.62K,771.2,423.0,73.99B,No,583.72,619.32,569.14,608.88,547.81,500
2392,EMMESSA.BO,24.49,24.62,1.02K,Health Technology,Pharmaceuticals: Other,34.0,55.0,35.0,34.0,1.6736,1.6643,1.28K,1.93K,42.75,18.42,122.35M,No,24.13,24.56,26.27,24.52,25.03,497
2393,CHROME.BO,40.29,39.32,0.02K,Non-Energy Minerals,Other Metals/Minerals,34.0,53.0,41.0,27.0,3.2257,2.9671,1.12K,0.51K,57.7,36.0,660.53M,No,41.15,40.78,42.67,40.88,41.84,497
2394,DJML.NS,81.75,82.03,104.67K,Commercial Services,Commercial Printing/Forms,34.0,1.0,3.0,27.0,7.8886,7.4614,439.20K,169.93K,124.8,52.0,2.94B,No,86.12,101.3,90.16,100.71,97.83,499
2395,AJANTSOY.BO,23.11,23.13,35.02K,Consumer Non-Durables,Food: Specialty/Candy,34.0,60.0,55.0,39.0,1.2093,1.2029,43.55K,38.06K,39.87,16.0,1.86B,No,23.57,22.57,24.53,22.67,22.96,497
2396,TULSYAN.BO,27.64,29.09,3.59K,Non-Energy Minerals,Steel,34.0,5.0,7.0,71.0,1.4671,1.2521,4.05K,1.39K,49.35,17.1,454.99M,No,27.99,28.94,31.37,28.92,30.74,497
2397,OLYOI.BO,24.25,25.43,0.05K,Distribution Services,Food Distributors,34.0,55.0,58.0,7.0,0.7693,0.3793,0.04K,0.03K,38.68,20.52,69.21M,No,24.98,24.07,25.45,24.28,24.19,497
2398,GSFC.NS,160.38,160.03,1753.38K,Process Industries,Chemicals: Agricultural,34.0,53.0,39.0,43.0,2.8443,2.7693,746.19K,1023.30K,212.9,138.83,63.91B,No,160.11,160.01,167.3,159.44,162.51,501
2399,ECORECO.NS,437.25,444.45,14.41K,Industrial Services,Environmental Services,34.0,,,,17.2857,17.2857,9.76K,9.68K,493.6,435.0,8.44B,No,,,,,,18
2400,LAKSHMIMIL.NS,7800.0,7998.5,0.01K,Process Industries,Textiles,34.0,,,,,,0.03K,0.04K,8505.0,2405.0,,No,,,,,,13
2401,PANACEABIO.NS,388.65,393.8,101.09K,Health Technology,Pharmaceuticals: Major,34.0,42.0,3.0,57.0,12.9929,12.8464,260.19K,112.61K,647.0,292.4,23.81B,No,396.25,442.44,402.23,434.4,412.6,501
2402,LTTS.NS,3377.9,3364.0,47.58K,Commercial Services,Miscellaneous Commercial Services,34.0,22.0,47.0,46.0,81.7071,76.4142,146.60K,111.75K,4726.0,3010.0,358.32B,No,3523.69,3461.04,3656.02,3478.7,3420.14,500
2403,TARC.NS,128.56,129.78,496.36K,Finance,Real Estate Development,34.0,53.0,54.0,23.0,4.9421,4.6657,1700.99K,743.67K,186.3,109.1,37.94B,No,123.21,125.85,137.62,126.48,129.58,499
2404,ORKLAINDIA.NS,578.5,586.3,46.37K,Consumer Non-Durables,Food: Specialty/Candy,34.0,69.0,35.0,40.0,18.6607,18.5679,90.07K,144.92K,760.0,533.25,79.25B,No,575.42,575.62,599.22,573.02,598.1,214
2405,DDEVPLSTIK.NS,256.0,265.55,280.27K,Process Industries,Chemicals: Major Diversified,34.0,10.0,47.0,31.0,7.0,7.0,171.88K,73.79K,360.0,185.15,26.49B,No,274.04,279.58,267.97,276.81,258.95,413
2406,SAMHI.NS,160.2,152.43,14019.93K,Consumer Services,Hotels/Resorts/Cruise Lines,34.0,42.0,41.0,48.0,4.6379,4.6271,964.37K,863.73K,217.97,127.0,35.62B,No,157.68,166.99,166.79,166.35,160.75,500
2407,COCHMAL.BO,134.45,141.6,0.14K,Industrial Services,Oilfield Services/Equipment,34.0,60.0,35.0,45.0,15.9643,13.3607,0.20K,0.46K,173.4,110.2,238.23M,No,141.82,138.66,138.77,137.05,136.14,497
2408,GPAPL.BO,74.0,76.2,1.60K,Consumer Non-Durables,Food: Specialty/Candy,34.0,69.0,23.0,18.0,3.1757,2.0807,10.28K,15.68K,99.54,61.1,759.39M,No,72.78,73.76,80.69,74.22,77.37,234
2409,HPIL.NS,120.03,121.0,0.62K,Process Industries,Chemicals: Specialty,34.0,26.0,27.0,35.0,5.3043,5.1114,2.56K,0.77K,154.45,107.0,1.37B,No,124.93,125.15,128.68,124.94,126.82,499
2410,GKENERGY.NS,128.01,127.21,515.87K,Industrial Services,Engineering & Construction,34.0,54.0,19.0,66.0,5.1314,4.6529,728.71K,902.09K,239.6,87.2,25.96B,No,128.84,133.59,130.27,132.96,125.96,239
2411,CYBELEIND.BO,39.91,41.3,4.23K,Producer Manufacturing,Electrical Products,34.0,2.0,6.0,2.0,2.4664,2.4536,5.90K,3.94K,77.01,21.1,426.87M,No,38.37,42.41,43.09,41.83,45.93,497
2412,WAAREE.BO,206.7,207.6,10.15K,Process Industries,Industrial Specialties,34.0,20.0,11.0,74.0,6.4536,6.2571,8.21K,6.54K,398.0,131.25,2.23B,No,213.25,227.09,223.87,224.82,228.54,497
2413,JKIL.NS,483.4,483.55,23.68K,Industrial Services,Engineering & Construction,34.0,42.0,52.0,40.0,9.3821,9.25,92.47K,46.61K,672.0,425.0,36.58B,No,496.03,493.86,517.46,494.16,494.41,500
2414,KAMAHOLD.NS,2285.0,2297.5,5.13K,Process Industries,Industrial Specialties,34.0,,,,39.3428,39.3428,4.34K,4.51K,2474.8,2280.0,,No,,,,,,18
2415,ARE&M.NS,819.2,832.15,438.34K,Producer Manufacturing,Electrical Products,34.0,5.0,44.0,40.0,18.35,18.1607,853.05K,447.42K,1057.85,670.0,149.93B,No,895.24,898.07,863.13,898.3,845.24,501
2416,YATRA.NS,113.98,115.17,790.87K,Consumer Services,Other Consumer Services,34.0,53.0,72.0,43.0,4.4307,4.3343,1815.49K,1862.71K,202.0,89.9,17.89B,No,113.4,111.45,125.38,111.24,109.32,500
2417,AEL.BO,119.0,116.65,12.90K,Producer Manufacturing,Metal Fabrication,33.0,74.0,64.0,27.0,4.55,4.4036,7.99K,10.48K,178.0,94.0,1.51B,No,111.15,112.6,131.25,113.03,120.24,497
2418,NSIL.NS,5604.0,5621.0,1.72K,Finance,Financial Conglomerates,33.0,54.0,49.0,31.0,130.5714,130.5714,2.03K,1.67K,8730.0,4700.0,28.78B,No,5641.3,5558.72,5812.41,5563.1,5584.6,499
2419,SKPSEC.BO,99.8,100.4,0.62K,Finance,Investment Banks/Brokers,33.0,37.0,38.0,40.0,5.7764,5.6507,2.73K,1.92K,142.0,74.0,679.52M,No,101.53,106.74,104.33,105.78,102.37,497
2420,GRANDOAK.NS,36.88,36.26,3.73K,Finance,Finance/Rental/Leasing,33.0,,,,2.0707,2.0093,5.67K,4.70K,40.99,34.1,19.14B,No,,,,,,18
2421,CHOLAHLDNG.NS,1532.0,1530.6,44.66K,Finance,Finance/Rental/Leasing,33.0,33.0,57.0,29.0,36.6929,36.4643,170.75K,134.03K,2064.0,1305.0,287.68B,No,1537.7,1569.62,1641.11,1562.01,1571.59,500
2422,KHADIM.NS,123.08,120.68,74.07K,Consumer Non-Durables,Apparel/Footwear,33.0,95.0,81.0,61.0,4.5136,4.2171,50.08K,117.35K,295.8,77.47,2.26B,No,108.39,102.31,124.37,104.11,104.1,500
2423,POKARNA.NS,780.45,779.35,1363.17K,Producer Manufacturing,Building Products,33.0,2.0,29.0,16.0,37.7643,37.4786,101.02K,57.26K,1146.2,692.6,24.20B,No,867.83,931.75,893.91,918.37,903.85,500
2424,TRIDENT.NS,23.59,23.79,2209.04K,Process Industries,Textiles,33.0,32.0,40.0,35.0,0.3443,0.3293,5654.72K,2156.45K,30.94,21.98,120.20B,No,24.27,24.87,25.5,24.65,24.89,500
2425,CEEJAY.BO,165.55,164.5,0.21K,Finance,Finance/Rental/Leasing,33.0,29.0,34.0,45.0,9.2893,7.8786,0.31K,0.28K,208.0,151.8,571.15M,No,167.75,170.38,176.53,169.56,175.2,498
2426,FRONTCORP.BO,32.0,31.15,1.33K,Distribution Services,Wholesale Distributors,33.0,32.0,26.0,65.0,1.2864,1.2157,0.19K,0.40K,50.27,25.05,160.00M,No,33.21,34.02,33.76,33.68,32.84,497
2427,REPCOHOME.NS,353.8,356.8,64.22K,Finance,Finance/Rental/Leasing,33.0,38.0,28.0,33.0,8.9893,8.9607,139.94K,80.06K,455.9,333.6,22.13B,No,358.47,381.06,390.82,376.1,383.61,501
2428,KDML.BO,113.65,113.65,3.60K,Retail Trade,Specialty Stores,33.0,30.0,29.0,13.0,0.425,0.0964,0.06K,0.06K,132.9,113.65,2.61B,No,116.33,118.29,125.36,117.81,122.92,497
2429,MOHITIND.NS,23.55,23.23,4.35K,Process Industries,Textiles,33.0,14.0,53.0,33.0,1.535,1.5179,34.85K,11.11K,39.89,18.6,333.41M,No,23.85,23.76,24.6,23.85,23.49,498
2430,IOB.NS,32.86,32.98,1617.72K,Finance,Major Banks,33.0,42.0,42.0,33.0,0.5493,0.5457,3710.30K,2278.05K,41.8,31.2,632.77B,No,33.07,33.69,34.51,33.63,33.99,501
2431,AVEER.BO,551.05,551.05,0.51K,Consumer Non-Durables,Food: Major Diversified,33.0,12.0,42.0,43.0,9.2571,9.1071,0.45K,0.40K,774.95,475.5,2.47B,No,567.19,578.13,569.68,580.82,554.3,498
2432,MALPANI.BO,62.5,63.0,4.80K,Producer Manufacturing,Miscellaneous Manufacturing,33.0,31.0,36.0,17.0,2.7136,2.3493,6.62K,5.28K,85.9,48.1,673.59M,No,61.56,64.55,67.09,63.68,64.42,397
2433,SURYAAMBA.BO,116.5,119.9,0.01K,Process Industries,Textiles,33.0,31.0,43.0,42.0,4.0714,2.6607,0.30K,0.18K,158.55,100.4,341.57M,No,120.16,120.87,121.52,120.93,120.48,496
2434,COSCO.BO,188.95,195.4,1.18K,Consumer Durables,Recreational Products,33.0,46.0,45.0,33.0,11.4679,11.0179,0.70K,1.31K,260.0,160.0,786.22M,No,189.71,192.29,202.19,191.16,193.96,497
2435,NESCO.NS,1091.2,1096.9,46.57K,Producer Manufacturing,Industrial Machinery,33.0,67.0,41.0,37.0,30.25,27.9,54.26K,81.77K,1638.9,996.0,76.89B,No,1046.68,1064.37,1141.93,1062.18,1113.4,498
2436,POLYSPIN.NS,28.5,29.0,0.43K,Process Industries,Containers/Packaging,33.0,,,,1.9021,1.8621,0.84K,0.67K,34.79,28.0,,No,,,,,,18
2437,TATAPOWER.NS,367.0,370.0,2894.05K,Utilities,Electric Utilities,33.0,40.0,29.0,30.0,7.9679,7.5714,4868.46K,6536.65K,464.9,342.5,1172.69B,No,367.42,374.08,388.06,373.74,392.83,501
2438,KIFS.BO,115.85,114.85,0.03K,Finance,Finance/Rental/Leasing,33.0,71.0,47.0,26.0,6.2679,5.325,0.34K,0.15K,192.0,97.6,1.25B,No,110.47,111.13,118.66,111.52,117.61,497
2439,CLEDUCATE.NS,59.98,58.74,18.41K,Commercial Services,Miscellaneous Commercial Services,33.0,64.0,60.0,70.0,3.2093,3.1693,28.34K,17.77K,109.7,35.48,3.25B,No,61.14,59.04,59.41,59.68,51.9,498
2440,NAHARPOLY.NS,233.77,236.55,4.60K,Process Industries,Textiles,33.0,26.0,33.0,41.0,8.1536,8.0129,18.39K,9.46K,338.8,200.0,5.75B,No,242.27,252.35,246.6,249.1,248.15,499
2441,SML.BO,69.35,69.35,0.11K,Health Services,Medical/Nursing Services,33.0,25.0,29.0,80.0,0.26,0.0,0.23K,0.23K,114.15,43.82,295.77M,No,70.99,65.5,77.2,66.03,67.73,497
2442,ASHISHPO.BO,29.0,29.36,0.69K,Producer Manufacturing,Miscellaneous Manufacturing,33.0,67.0,49.0,16.0,2.5364,2.4771,2.16K,2.24K,46.0,26.15,98.53M,No,27.99,28.73,30.45,28.65,29.84,497
2443,DALBHARAT.NS,1745.3,1733.6,79.41K,Producer Manufacturing,Miscellaneous Manufacturing,33.0,33.0,58.0,23.0,61.0714,60.0214,283.83K,296.31K,2496.3,1605.0,327.64B,No,1822.1,1814.77,1909.46,1810.95,1828.65,499
2444,GAJANANSEC.BO,53.59,53.8,0.24K,Finance,Investment Banks/Brokers,33.0,58.0,34.0,29.0,3.9336,3.6257,1.39K,1.86K,78.0,40.0,166.24M,No,53.12,53.13,56.79,53.1,56.49,497
2445,MDRC.BO,66.17,60.84,168.00K,Health Services,Medical/Nursing Services,33.0,94.0,83.0,29.0,4.3236,3.9729,14.00K,35.04K,100.0,45.0,999.11M,No,51.71,51.36,,53.1,62.14,169
2446,SUGALDAM.BO,64.61,66.0,1.89K,Commercial Services,Miscellaneous Commercial Services,33.0,50.0,34.0,55.0,4.0307,3.3393,1.73K,1.32K,117.7,51.25,403.81M,No,63.88,62.78,64.31,62.79,62.37,497
2447,POLYCHEM.BO,1899.95,1899.0,0.01K,Process Industries,Chemicals: Major Diversified,33.0,39.0,45.0,28.0,69.9857,58.1286,0.07K,0.07K,2794.0,1811.1,767.67M,No,1906.94,1930.92,2009.78,1936.06,1994.32,498
2448,LESL.BO,21.46,21.55,18.00K,Industrial Services,Engineering & Construction,33.0,25.0,,,0.8629,0.6886,642.76K,120.60K,25.2,20.0,3.04B,No,21.75,22.2,,22.08,,56
2449,YASHINNO.BO,42.41,41.11,38.30K,Distribution Services,Wholesale Distributors,33.0,92.0,18.0,20.0,2.5864,2.5864,41.27K,46.96K,53.0,26.5,679.83M,No,39.03,35.84,40.37,37.1,41.77,497
2450,BHAGWOX.BO,35.8,37.08,0.42K,Energy Minerals,Oil & Gas Production,33.0,33.0,51.0,19.0,2.9457,2.7029,0.62K,0.70K,50.0,31.5,82.80M,No,37.95,36.94,38.32,37.15,36.54,497
2451,ZENITHEXPO.NS,204.98,204.98,0.01K,Consumer Non-Durables,Apparel/Footwear,33.0,3.0,45.0,47.0,6.0029,4.2293,0.63K,0.29K,300.0,174.0,1.11B,No,208.05,205.7,207.98,206.22,203.13,498
2452,PRADPME.NS,486.65,487.85,2.53K,Producer Manufacturing,Metal Fabrication,33.0,,,,15.2214,14.9107,6.51K,6.22K,543.9,480.1,,No,,,,,,18
2453,EUROPRATIK.NS,247.75,254.4,261.51K,Producer Manufacturing,Office Equipment/Supplies,33.0,5.0,22.0,44.0,9.2464,9.1786,200.13K,188.79K,390.0,205.1,25.32B,No,263.63,289.93,272.47,286.26,266.21,242
2454,VRL.BO,145.2,148.0,0.23K,Health Technology,Pharmaceuticals: Major,33.0,2.0,25.0,64.0,6.9643,6.8429,1.75K,0.82K,220.0,100.1,461.47M,No,158.06,167.23,152.95,165.72,145.6,497
2455,MRF.NS,128270.0,128315.0,2.10K,Consumer Durables,Automotive Aftermarket,32.0,46.0,51.0,25.0,2168.9286,2125.0,5.86K,4.44K,163600.0,122000.0,544.01B,No,131915.0,132597.1,136505.8,131928.5,131780.5,500
2456,SAKSOFT.NS,146.87,151.41,236.40K,Technology Services,Information Technology Services,32.0,14.0,59.0,53.0,4.5343,4.4929,6130.84K,264.76K,224.75,107.59,18.88B,No,157.92,166.31,160.35,164.41,148.42,501
2457,PNBGILTS.NS,80.36,79.46,476.46K,Finance,Investment Banks/Brokers,32.0,55.0,26.0,43.0,3.1457,3.12,665.71K,546.51K,106.0,58.6,14.47B,No,79.25,83.06,79.76,82.76,79.36,500
2458,SAKTHIFIN.BO,27.41,27.79,4.84K,Finance,Finance/Rental/Leasing,32.0,53.0,49.0,66.0,0.7521,0.7343,4.45K,5.21K,46.7,20.2,1.77B,No,27.68,28.01,29.28,27.87,26.34,497
2459,IRIS.NS,249.08,253.91,8.54K,Technology Services,Data Processing Services,32.0,58.0,63.0,35.0,11.4464,11.2243,45.08K,35.29K,388.1,203.0,5.12B,No,247.01,249.95,260.03,250.03,247.15,498
2460,WANBURY.NS,241.45,244.75,60.01K,Health Technology,Pharmaceuticals: Major,32.0,32.0,27.0,29.0,8.3357,8.2536,449.54K,101.50K,358.85,161.5,8.44B,No,255.11,281.85,256.25,278.18,266.9,499
2461,PLATIND.NS,221.04,226.04,34.91K,Process Industries,Chemicals: Major Diversified,32.0,55.0,41.0,44.0,9.7571,9.6907,89.95K,86.63K,342.4,183.5,12.52B,No,222.16,226.21,228.94,224.96,222.27,501
2462,KEYFINSERV.NS,242.95,247.4,0.60K,Finance,Investment Banks/Brokers,32.0,34.0,35.0,21.0,9.9786,9.8179,1.70K,0.87K,382.1,220.0,1.35B,No,255.55,258.88,274.09,255.57,263.25,499
2463,NCLIND.NS,178.11,179.12,32.64K,Non-Energy Minerals,Construction Materials,32.0,62.0,37.0,36.0,4.5664,4.5543,58.84K,36.41K,215.22,147.5,8.06B,No,175.37,179.93,184.13,179.65,178.72,499
2464,INDUSTOWER.NS,372.0,373.7,4490.95K,Finance,Finance/Rental/Leasing,32.0,41.0,18.0,12.0,8.9179,8.7321,5508.59K,3915.95K,481.5,337.8,981.04B,No,377.13,385.77,415.66,387.02,412.36,501
2465,BUTTERFLY.NS,610.35,616.3,5.44K,Consumer Durables,Electronics/Appliances,32.0,17.0,34.0,40.0,14.9643,14.9643,48.26K,13.48K,823.85,565.8,10.91B,No,637.23,690.88,650.6,686.46,652.4,499
2466,ASIIL.BO,24.79,24.66,7.29K,Non-Energy Minerals,Construction Materials,32.0,24.0,50.0,32.0,1.2029,1.2029,27.39K,20.36K,33.6,19.0,2.23B,No,24.92,25.11,25.94,24.9,24.92,497
2467,ERIS.NS,1356.6,1335.0,39.51K,Health Technology,Pharmaceuticals: Major,32.0,56.0,37.0,37.0,30.9143,30.9143,80.96K,65.47K,1740.0,1200.0,188.00B,No,1324.23,1378.34,1410.86,1370.41,1372.2,499
2468,SANDUPHQ.BO,37.86,37.3,1.22K,Health Technology,Pharmaceuticals: Other,32.0,36.0,14.0,50.0,1.7507,1.7357,2.82K,3.72K,50.0,30.0,365.77M,No,37.74,39.06,38.45,38.62,38.58,497
2469,REMSONSIND.NS,96.32,98.1,83.54K,Producer Manufacturing,Auto Parts: Oem,32.0,73.0,67.0,18.0,5.4543,5.3936,127.80K,194.30K,152.45,75.23,3.38B,No,89.08,85.16,100.03,86.61,93.06,500
2470,NTCIND.NS,131.7,132.41,0.56K,Consumer Non-Durables,Tobacco,32.0,,,,8.2079,8.19,2.75K,3.42K,147.0,126.3,,No,,,,,,18
2471,FSL.NS,251.35,254.75,331.19K,Commercial Services,Miscellaneous Commercial Services,32.0,18.0,49.0,60.0,7.4786,7.4786,2847.86K,713.21K,379.7,202.0,173.57B,No,266.51,270.55,269.76,268.98,246.95,501
2472,MADHAV.NS,36.89,34.82,27.93K,Non-Energy Minerals,Construction Materials,32.0,71.0,37.0,39.0,1.745,1.7214,4.13K,1.88K,49.84,29.0,330.05M,No,35.44,35.21,37.22,35.21,36.11,498
2473,NATHIND.BO,51.4,50.02,0.12K,Process Industries,Pulp & Paper,32.0,53.0,54.0,36.0,2.8893,2.55,3.14K,6.80K,83.0,42.0,976.60M,No,49.69,49.02,54.05,48.93,50.41,497
2474,PURSHOTTAM.BO,34.26,32.57,0.00K,Finance,Investment Banks/Brokers,32.0,53.0,32.0,32.0,1.7679,1.4293,19.82K,59.42K,44.93,30.0,254.32M,No,34.49,34.82,36.38,34.53,35.38,496
2475,CANFINHOME.NS,782.2,786.9,196.85K,Finance,Finance/Rental/Leasing,32.0,31.0,22.0,27.0,18.4071,18.3071,267.04K,252.83K,971.5,733.0,104.15B,No,808.64,836.01,867.04,831.31,846.45,500
2476,DECNGOLD.NS,225.88,219.36,1681.83K,Non-Energy Minerals,Precious Metals,32.0,,,,9.1793,9.0793,1700.35K,1155.70K,250.8,211.15,45.40B,No,,,,,,18
2477,RIKHAV.BO,46.75,44.7,49.60K,Finance,Investment Banks/Brokers,32.0,52.0,47.0,54.0,1.905,1.7979,30.62K,20.96K,77.5,34.0,1.79B,No,45.46,46.4,48.06,46.05,46.12,406
2478,STERTOOLS.NS,216.21,217.42,8.89K,Producer Manufacturing,Metal Fabrication,32.0,43.0,54.0,46.0,6.0721,6.04,131.65K,14.31K,361.95,155.0,7.86B,No,220.56,234.07,238.15,233.1,227.67,499
2479,AJWAFUN.BO,36.6,36.6,0.10K,Consumer Services,Movies/Entertainment,32.0,14.0,63.0,5.0,0.275,0.0,0.13K,0.13K,63.5,30.16,233.87M,No,37.75,40.3,43.54,39.83,40.68,496
2480,RSDFIN.NS,93.6,97.59,0.23K,Finance,Financial Conglomerates,32.0,,,,6.8093,6.1114,2.22K,1.98K,116.79,86.96,,No,,,,,,18
2481,DOMS.NS,2165.6,2190.8,14.55K,Producer Manufacturing,Office Equipment/Supplies,32.0,39.0,32.0,42.0,38.5786,38.3928,177.78K,59.64K,2755.0,2023.9,131.43B,No,2206.36,2246.89,2332.89,2237.87,2256.82,500
2482,DONEAR.NS,85.21,85.54,11.35K,Process Industries,Textiles,32.0,61.0,33.0,27.0,3.4357,3.3429,26.92K,37.09K,116.51,77.6,4.43B,No,86.37,85.55,89.95,86.07,88.5,499
2483,PGHL.NS,5425.5,5475.0,15.87K,Health Technology,Pharmaceuticals: Major,32.0,14.0,13.0,52.0,111.0357,109.3929,16.21K,8.78K,6975.0,4707.0,90.06B,No,5748.6,6219.15,5648.31,6161.8,5655.65,498
2484,STRATMONT.BO,65.09,64.69,40.19K,Energy Minerals,Coal,32.0,77.0,34.0,31.0,3.4157,2.645,84.87K,539.02K,92.0,45.31,1.85B,No,59.32,59.67,62.92,60.48,62.98,497
2485,TRUALT.NS,419.65,421.15,92.42K,Process Industries,Chemicals: Specialty,32.0,15.0,11.0,52.0,13.175,13.175,300.44K,121.94K,542.0,310.2,35.99B,No,441.13,442.32,432.83,439.39,445.76,235
2486,DEEPAKCHEM.BO,87.0,87.0,4.80K,Process Industries,Chemicals: Major Diversified,32.0,65.0,71.0,23.0,3.2836,2.7793,6.01K,6.32K,150.0,69.2,945.17M,No,82.3,80.45,91.73,80.93,85.92,498
2487,POLSON.BO,10692.5,11100.0,0.01K,Process Industries,Chemicals: Specialty,32.0,19.0,29.0,27.0,324.7537,198.7893,0.01K,0.01K,12643.1,9530.0,1.28B,No,11605.06,11141.49,11262.8,11155.52,11121.16,497
2488,VALENCIA.BO,59.0,57.0,1.50K,Consumer Non-Durables,Beverages: Non-Alcoholic,32.0,95.0,46.0,25.0,2.0579,0.9464,7.26K,14.10K,97.1,40.11,1.17B,No,51.72,51.5,62.35,50.22,58.32,496
2489,SHUBHAM.BO,39.95,39.69,20.45K,Process Industries,Textiles,32.0,83.0,37.0,3.0,2.5864,2.4121,9.51K,11.20K,79.0,34.1,484.27M,No,38.47,39.06,53.67,39.1,50.67,497
2490,RRECL.NS,126.0,132.04,0.06K,Finance,Real Estate Development,32.0,,,,10.4357,9.0736,0.67K,0.79K,151.99,126.0,3.31B,No,,,,,,18
2491,SEKURITIND.NS,112.43,111.7,20.28K,Consumer Durables,Home Furnishings,32.0,,,,2.9214,2.9,24.16K,27.45K,124.65,110.25,10.24B,No,,,,,,18
2492,SIMPLXPAP.BO,1330.0,1330.0,0.02K,Distribution Services,Wholesale Distributors,32.0,73.0,52.0,25.0,20.6143,10.2643,0.01K,0.00K,2094.0,1127.05,39.92M,No,1352.76,1284.87,1455.15,1307.53,1405.55,497
2493,RELIANCE.NS,1274.0,1279.0,9290.44K,Energy Minerals,Oil Refining/Marketing,31.0,36.0,42.0,17.0,21.9429,21.3072,12199.13K,13400.41K,1611.8,1249.8,17240.37B,No,1303.16,1302.13,1384.27,1306.46,1340.44,501
2494,PATELENG.NS,26.87,27.1,2215.24K,Industrial Services,Engineering & Construction,31.0,11.0,47.0,42.0,0.7671,0.7536,6585.94K,2296.25K,42.77,22.0,25.66B,No,27.9,29.13,28.55,28.44,27.87,500
2495,ESTER.NS,90.54,91.02,49.68K,Process Industries,Industrial Specialties,31.0,28.0,51.0,27.0,2.8614,2.8607,143.92K,80.52K,132.45,68.55,9.44B,No,94.28,92.09,94.81,91.71,92.32,501
2496,CEATLTD.NS,3295.7,3293.2,43.71K,Consumer Durables,Automotive Aftermarket,31.0,11.0,43.0,32.0,69.6072,66.2857,145.75K,57.89K,4438.0,3061.2,133.31B,No,3467.43,3569.77,3586.35,3529.07,3482.89,501
2497,AARON.NS,136.95,134.5,14.07K,Producer Manufacturing,Building Products,31.0,49.0,73.0,21.0,6.0414,5.8129,27.23K,9.89K,228.0,106.8,2.87B,No,134.84,129.58,143.92,131.54,133.17,498
2498,LOTUSEYE.NS,111.62,110.96,16.86K,Health Services,Medical/Nursing Services,31.0,24.0,8.0,37.0,3.8264,3.8264,30.68K,14.30K,147.0,97.59,2.32B,No,112.7,117.12,115.95,115.81,115.14,498
2499,SKILVEN.BO,21.0,21.0,0.02K,Utilities,Electric Utilities,31.0,32.0,20.0,15.0,0.0786,0.0071,0.00K,0.00K,30.43,20.9,83.30M,No,21.7,21.88,23.6,21.8,22.95,496
2500,HCLTECH.NS,1207.0,1229.8,2197.68K,Technology Services,Information Technology Services,31.0,10.0,63.0,16.0,35.3643,33.2357,3416.60K,2536.74K,1780.1,1030.0,3265.86B,No,1303.36,1280.69,1376.25,1282.15,1267.99,501
2501,POCL.NS,457.55,466.95,411.52K,Non-Energy Minerals,Other Metals/Minerals,31.0,23.0,32.0,46.0,14.35,14.1679,602.28K,364.44K,647.6,392.2,34.90B,No,491.5,519.49,513.17,508.92,503.48,500
2502,HBLENGINE.NS,720.9,730.1,1338.16K,Producer Manufacturing,Electrical Products,31.0,67.0,29.0,49.0,23.7857,23.3929,1282.03K,2804.54K,1122.0,613.0,199.83B,No,687.19,714.68,764.34,712.39,739.79,501
2503,SCANSTL.NS,57.82,56.32,29.41K,Non-Energy Minerals,Steel,31.0,,,,3.3164,3.3157,41.36K,30.02K,66.45,55.0,,No,,,,,,18
2504,HARIOMPIPE.NS,361.8,366.15,46.89K,Non-Energy Minerals,Steel,31.0,20.0,29.0,41.0,10.9036,10.8321,284.12K,107.98K,572.2,268.05,11.20B,No,352.41,377.37,366.09,374.19,357.89,500
2505,LFIC.NS,145.32,152.52,5.98K,Finance,Financial Conglomerates,31.0,70.0,39.0,56.0,7.3529,7.3,4.68K,20.15K,224.85,111.0,435.96M,No,138.62,140.63,145.66,140.94,138.62,499
2506,TARIL.NS,289.95,296.9,1129.65K,Producer Manufacturing,Electrical Products,31.0,51.0,26.0,40.0,9.2321,8.6893,3009.78K,2006.90K,552.0,224.05,87.03B,No,299.92,307.82,297.37,305.76,308.85,501
2507,ABHICAP.BO,110.8,108.1,0.01K,Finance,Finance/Rental/Leasing,31.0,60.0,34.0,19.0,8.8393,7.6071,0.87K,1.27K,157.0,91.0,767.25M,No,104.88,106.48,115.5,105.91,113.45,499
2508,PRODOCS.BO,151.2,151.2,1.00K,Commercial Services,Miscellaneous Commercial Services,31.0,24.0,30.0,6.0,3.425,0.8857,1.09K,1.90K,254.3,136.1,1.07B,No,159.32,164.15,,164.0,180.47,186
2509,MCLEODRUSS.NS,44.05,44.54,176.73K,Consumer Non-Durables,Food: Specialty/Candy,31.0,14.0,1.0,59.0,2.075,2.0271,231.48K,238.36K,78.41,28.5,4.60B,No,47.52,50.74,50.59,50.14,51.78,498
2510,GAJA.NS,155.33,158.69,1926.86K,Finance,Investment Managers,31.0,,,,,,8635.04K,3021.22K,191.65,149.51,,No,,,,,,12
2511,ESCORTS.NS,2958.4,2989.2,25.34K,Producer Manufacturing,Auto Parts: Oem,31.0,33.0,59.0,20.0,64.0571,64.0214,111.24K,76.33K,3987.8,2700.0,325.51B,No,3039.67,3014.38,3236.64,3009.29,3045.56,500
2512,ABCINDQ.BO,63.5,64.25,7.15K,Transportation,Air Freight/Couriers,31.0,50.0,32.0,36.0,2.515,2.3257,1.67K,0.88K,90.0,51.5,343.99M,No,64.17,64.7,66.93,64.52,64.15,497
2513,SUPERIRON.BO,37.7,37.7,1.20K,Non-Energy Minerals,Steel,31.0,66.0,8.0,59.0,0.755,0.2943,9.56K,2.64K,54.0,24.0,881.94M,No,37.82,39.48,39.89,39.46,40.07,368
2514,TYCHE.BO,112.45,110.0,3.03K,Health Technology,Pharmaceuticals: Major,31.0,12.0,20.0,40.0,5.7107,5.675,6.72K,5.32K,148.0,99.0,1.15B,No,106.35,117.75,119.0,115.94,120.21,497
2515,TEAMGTY.NS,235.32,238.43,0.98K,Finance,Financial Conglomerates,31.0,69.0,37.0,21.0,10.6443,10.6443,3.44K,0.62K,332.55,210.0,2.12B,No,234.96,228.67,253.99,229.23,245.69,498
2516,GICRE.NS,343.7,349.9,349.51K,Finance,Specialty Insurance,31.0,40.0,23.0,27.0,7.9179,7.5357,1351.84K,1760.11K,417.95,341.6,602.99B,No,353.77,357.48,373.82,356.16,372.0,500
2517,GLOBUSSPR.NS,837.55,849.8,88.14K,Consumer Non-Durables,Beverages: Alcoholic,31.0,38.0,41.0,30.0,19.3214,17.7072,115.81K,99.51K,1252.8,800.05,26.35B,No,897.0,901.34,933.65,897.39,906.34,499
2518,BERGEPAINT.NS,463.8,470.8,262.20K,Process Industries,Industrial Specialties,31.0,7.0,18.0,44.0,11.8964,11.8286,523.32K,244.09K,594.55,391.1,540.79B,No,508.13,511.05,497.18,505.29,486.25,500
2519,DEN.NS,27.05,27.21,269.17K,Consumer Services,Cable/Satellite Tv,31.0,52.0,46.0,36.0,0.8479,0.84,976.10K,325.52K,37.35,22.52,12.90B,No,27.76,27.89,28.51,27.74,27.77,498
2520,CROWN.NS,114.47,116.15,12.73K,Finance,Finance/Rental/Leasing,31.0,73.0,54.0,31.0,4.5193,4.3243,11.68K,20.35K,186.0,100.11,1.33B,No,108.15,111.21,121.38,111.14,117.41,498
2521,SBILIFE.NS,1700.6,1684.0,855.48K,Finance,Life/Health Insurance,31.0,23.0,45.0,16.0,34.7857,34.3286,960.12K,914.62K,2132.0,1674.5,1706.30B,No,1752.05,1809.29,1900.0,1811.3,1844.22,501
2522,METAINFO.BO,82.75,82.63,17.60K,Technology Services,Information Technology Services,31.0,10.0,77.0,21.0,4.5907,4.1979,25.24K,17.12K,179.95,53.17,1.56B,No,90.52,88.56,91.04,88.59,82.52,291
2523,BONLON.NS,40.25,40.1,5.63K,Producer Manufacturing,Electrical Products,31.0,46.0,31.0,43.0,2.435,2.4321,10.30K,5.73K,57.0,34.51,659.43M,No,40.65,41.12,,40.94,,138
2524,DAULAT.BO,29.16,28.23,4.01K,Finance,Investment Banks/Brokers,31.0,78.0,42.0,28.0,2.1814,1.915,0.99K,0.54K,42.0,24.1,145.80M,No,28.09,28.11,30.16,28.2,29.55,497
2525,DHABRIYA.NS,512.65,517.25,5.14K,Producer Manufacturing,Miscellaneous Manufacturing,31.0,,,,26.5143,26.3,24.90K,9.57K,603.0,485.0,5.55B,No,,,,,,18
2526,KANSHST.BO,47.41,46.77,2.44K,Non-Energy Minerals,Steel,31.0,30.0,14.0,17.0,3.42,3.3743,6.69K,17.73K,66.95,40.15,1.35B,No,46.32,49.75,53.44,49.19,52.46,497
2527,SBFL.BO,22.5,22.49,0.05K,Process Industries,Textiles,31.0,44.0,39.0,23.0,0.9464,0.9443,1.03K,0.48K,33.44,19.5,213.75M,No,22.39,22.81,24.28,23.01,23.81,497
2528,SRF.NS,2519.0,2520.0,210.83K,Process Industries,Industrial Specialties,31.0,46.0,28.0,29.0,40.9929,40.2714,435.57K,194.68K,3210.0,2355.0,746.65B,No,2579.76,2662.71,2719.74,2638.53,2620.51,500
2529,SHRJAGP.NS,643.45,652.0,0.47K,Process Industries,Textiles,31.0,,,,36.4036,35.2929,0.98K,1.21K,751.95,590.05,5.64B,No,,,,,,18
2530,JKCEMENT.NS,4915.5,4990.5,37.59K,Non-Energy Minerals,Construction Materials,30.0,19.0,51.0,21.0,115.0714,112.1429,65.10K,44.05K,7000.0,4671.5,379.81B,No,5173.25,5362.77,5455.75,5298.6,5345.17,500
2531,QGO.BO,39.82,39.36,0.17K,Finance,Financial Conglomerates,30.0,49.0,36.0,35.0,2.3093,2.1421,2.35K,3.70K,53.45,35.0,276.86M,No,40.45,41.53,42.07,41.14,41.19,497
2532,NDMETAL.BO,75.0,75.0,0.00K,Producer Manufacturing,Electrical Products,30.0,47.0,39.0,11.0,0.0357,0.0,0.00K,0.00K,99.55,75.0,186.00M,No,75.22,75.66,81.58,75.59,78.36,497
2533,NATCOPHARM.NS,818.65,826.3,236.46K,Health Technology,Pharmaceuticals: Major,30.0,15.0,33.0,10.0,19.5143,19.4071,532.14K,361.31K,1226.8,789.0,149.31B,No,864.32,909.22,948.94,897.09,974.86,500
2534,JAYANT.BO,71.5,75.0,3.75K,Industrial Services,Engineering & Construction,30.0,41.0,49.0,50.0,2.8614,2.2114,12.14K,6.22K,110.74,43.97,739.07M,No,69.97,72.24,68.31,70.88,65.14,497
2535,NHL.BO,75.0,75.0,1.60K,Consumer Services,Other Consumer Services,30.0,26.0,22.0,21.0,0.7857,0.0,1.27K,0.32K,98.76,56.8,266.85M,No,72.72,75.1,76.77,75.21,76.2,498
2536,VINYLINDIA.NS,221.63,222.62,4.74K,Distribution Services,Wholesale Distributors,30.0,18.0,23.0,48.0,6.6214,6.535,12.36K,5.81K,310.95,161.0,4.06B,No,232.89,242.29,237.22,239.23,237.61,498
2537,SUBROS.NS,712.6,729.0,45.63K,Producer Manufacturing,Industrial Machinery,30.0,24.0,44.0,35.0,17.1,16.85,252.12K,36.94K,1213.7,622.1,46.49B,No,728.57,775.53,779.96,769.55,754.14,499
2538,HCKKVENTURE.BO,30.4,32.0,0.06K,Technology Services,Packaged Software,30.0,6.0,5.0,26.0,2.2443,1.7164,1.39K,0.15K,50.15,25.18,112.78M,No,37.37,34.48,35.52,35.15,37.05,498
2539,VJTFEDU.BO,73.84,69.8,0.00K,Consumer Services,Other Consumer Services,30.0,79.0,72.0,9.0,3.4064,2.4779,0.54K,0.22K,127.95,54.61,1.30B,No,69.76,70.53,81.98,71.54,78.78,497
2540,ABANSENT.NS,27.78,27.99,12.64K,Distribution Services,Wholesale Distributors,30.0,,,,1.4886,1.4857,9.58K,6.44K,32.79,26.52,1.94B,No,,,,,,18
2541,NAVKARCORP.NS,93.85,94.3,339.32K,Transportation,Other Transportation,30.0,28.0,36.0,45.0,2.1936,2.1657,747.35K,183.97K,132.0,74.05,14.13B,No,96.88,101.63,98.35,100.23,97.66,500
2542,TIINDIA.NS,2652.0,2678.3,174.56K,Non-Energy Minerals,Steel,30.0,34.0,16.0,32.0,66.1428,62.3071,328.52K,210.05K,3419.9,2164.9,513.35B,No,2799.71,2837.4,2760.39,2794.83,2841.0,500
2543,BANSWRAS.NS,113.04,113.42,30.78K,Process Industries,Textiles,30.0,19.0,16.0,40.0,4.9636,4.8443,50.26K,30.07K,144.0,93.73,3.87B,No,117.18,122.72,118.07,121.16,119.94,498
2544,SOLIDSTON.BO,26.45,24.26,0.73K,Non-Energy Minerals,Construction Materials,30.0,71.0,41.0,44.0,3.1321,2.9571,0.94K,0.68K,39.95,21.66,142.30M,No,25.66,25.24,26.92,25.58,25.95,497
2545,KRYPTONQ.BO,34.72,35.0,5.87K,Consumer Durables,Automotive Aftermarket,30.0,37.0,43.0,30.0,1.7379,1.71,5.79K,4.17K,56.5,26.5,510.28M,No,34.9,36.87,37.51,36.77,36.66,497
2546,PFL.BO,27.85,27.95,3.00K,Industrial Services,Engineering & Construction,30.0,20.0,34.0,16.0,0.6057,0.2414,30.05K,5.70K,36.0,22.95,567.53M,No,29.11,30.32,30.06,29.98,29.1,488
2547,STARLOG.BO,37.77,37.71,1.50K,Transportation,Other Transportation,30.0,42.0,39.0,33.0,1.7929,1.7607,2.11K,3.14K,64.99,32.07,565.30M,No,38.32,38.59,38.67,38.53,38.89,497
2548,BAJAJHFL.NS,84.22,82.92,3727.90K,Finance,Finance/Rental/Leasing,30.0,51.0,45.0,35.0,1.2771,1.2771,3985.04K,2712.36K,117.0,72.65,701.44B,No,84.07,85.59,87.82,85.19,85.27,497
2549,IECEDU.BO,23.75,23.76,14.01K,Commercial Services,Miscellaneous Commercial Services,30.0,76.0,35.0,3.0,3.1971,3.1507,11.28K,59.02K,46.58,18.76,362.42M,No,23.77,22.6,25.2,22.89,25.48,497
2550,HMEML.BO,49.25,50.5,8.00K,Distribution Services,Wholesale Distributors,30.0,18.0,32.0,50.0,2.345,1.6179,10.05K,16.64K,70.8,36.47,674.69M,No,51.46,50.31,50.53,50.36,48.96,399
2551,DOLATALGO.NS,69.77,69.38,80.22K,Finance,Investment Banks/Brokers,30.0,52.0,31.0,22.0,2.4171,2.4093,138.05K,149.83K,95.76,64.96,12.28B,No,72.16,70.85,76.14,70.92,73.61,499
2552,TYROON.BO,81.9,84.8,0.13K,Process Industries,Agricultural Commodities/Milling,30.0,8.0,20.0,36.0,4.8471,4.3586,0.23K,0.23K,117.0,73.65,278.63M,No,87.76,88.08,90.74,87.34,88.6,498
2553,MARBU.BO,45.25,45.55,2.42K,Finance,Real Estate Development,30.0,53.0,55.0,24.0,2.7457,2.5464,1.11K,3.66K,68.0,36.12,233.21M,No,44.67,44.22,46.28,44.89,45.41,497
2554,HEXT.NS,502.95,509.9,174.99K,Technology Services,Packaged Software,30.0,11.0,48.0,49.0,16.5357,15.7929,1014.88K,459.36K,807.75,400.2,306.69B,No,543.09,553.43,567.14,548.81,503.52,387
2555,DCW.NS,47.06,48.14,1158.46K,Process Industries,Chemicals: Specialty,30.0,62.0,48.0,55.0,2.0436,2.0314,1387.77K,2437.57K,76.35,37.11,13.89B,No,45.71,46.57,48.68,46.24,46.02,501
2556,BNAGROCHEM.NS,212.0,214.0,0.42K,Process Industries,Agricultural Commodities/Milling,30.0,,,,11.4436,11.4357,12.82K,10.86K,249.0,203.01,20.73B,No,,,,,,18
2557,CRAVATEX.NS,318.3,325.4,1.42K,Retail Trade,Apparel/Footwear Retail,30.0,,,,18.6393,16.6893,0.34K,0.38K,372.5,300.0,,No,,,,,,18
2558,REFEX.NS,269.95,273.15,160.57K,Energy Minerals,Coal,30.0,20.0,15.0,68.0,8.7536,8.7036,641.97K,220.99K,415.0,188.0,37.04B,No,286.49,305.08,274.36,299.45,275.7,500
2559,PREVEST.BO,390.85,386.75,103.40K,Health Technology,Medical Specialties,30.0,64.0,55.0,23.0,13.0643,12.6964,10.65K,11.58K,604.0,318.15,4.69B,No,389.99,388.24,419.23,389.16,403.01,497
2560,BFUTILITIE.NS,544.45,521.85,482.65K,Industrial Services,Engineering & Construction,30.0,41.0,26.0,55.0,23.0786,22.6536,227.26K,508.39K,898.7,368.7,20.51B,No,525.3,559.76,558.28,555.98,538.81,500
2561,ARYACAPM.BO,417.0,419.95,0.17K,Finance,Investment Banks/Brokers,30.0,68.0,53.0,32.0,17.6143,16.4607,0.52K,0.60K,633.9,385.05,4.99B,No,419.32,410.64,437.8,412.68,421.44,497
2562,INDERGR.BO,21.8,21.9,0.01K,Finance,Finance/Rental/Leasing,30.0,1.0,59.0,10.0,0.6186,0.3893,0.77K,0.70K,35.44,15.38,110.33M,No,25.03,26.89,24.91,26.74,24.52,498
2563,SPIC.NS,69.3,70.13,456.75K,Process Industries,Chemicals: Agricultural,30.0,66.0,48.0,55.0,1.9107,1.875,433.73K,520.73K,112.69,55.1,14.11B,No,69.04,67.93,70.83,67.94,67.69,499
2564,PILANIINVS.NS,4235.8,4109.7998,2.59K,Finance,Financial Conglomerates,30.0,39.0,42.0,24.0,103.1072,98.8143,1.90K,2.60K,5980.0,4021.3,46.90B,No,4356.03,4359.75,4612.81,4365.65,4477.92,498
2565,ACCELYA.NS,1118.1,1119.9,5.26K,Technology Services,Packaged Software,30.0,44.0,42.0,22.0,17.6786,17.6786,6.39K,5.07K,1527.0,1012.4,16.69B,No,1132.12,1133.22,1190.73,1136.63,1146.1,500
2566,MUKESHB.NS,132.5,135.0,2.65K,Finance,Investment Banks/Brokers,30.0,,,,4.5671,3.415,26.07K,44.03K,147.0,127.0,923.64M,No,,,,,,18
2567,TVTODAY.NS,109.7,110.06,25.56K,Consumer Services,Broadcasting,29.0,37.0,53.0,31.0,4.2229,4.2229,72.28K,30.83K,154.29,93.5,6.55B,No,112.68,116.45,119.57,115.17,114.15,500
2568,HLEGLAS.NS,367.6,367.95,1484.34K,Producer Manufacturing,Industrial Machinery,29.0,41.0,45.0,62.0,13.1571,13.1571,346.26K,254.98K,661.95,250.0,25.53B,No,323.39,379.09,369.63,381.52,345.83,500
2569,PICCASUG.BO,35.63,35.33,0.60K,Process Industries,Agricultural Commodities/Milling,29.0,59.0,55.0,41.0,2.7336,2.7214,13.10K,3.36K,36.78,3.26,,No,36.93,35.39,36.94,35.21,35.82,497
2570,BELLACASA.NS,262.11,246.65,28.02K,Consumer Durables,Home Furnishings,29.0,76.0,71.0,37.0,13.3864,13.35,13.27K,11.35K,497.35,214.68,3.51B,No,236.71,242.26,283.54,242.42,252.16,287
2571,ABBOTINDIA.NS,25260.0,25225.0,7.22K,Health Technology,Pharmaceuticals: Major,29.0,14.0,33.0,23.0,437.8571,437.8571,10.62K,6.90K,31495.0,25150.0,536.76B,No,26245.75,27062.5,27041.78,26965.0,26580.33,500
2572,SCODATUBES.NS,129.21,130.99,92.02K,Non-Energy Minerals,Steel,29.0,40.0,57.0,49.0,4.8229,4.7321,263.41K,185.36K,185.07,110.0,7.74B,No,130.17,139.53,141.79,138.83,138.02,320
2573,VIRATCRA.BO,32.64,32.92,0.12K,Consumer Non-Durables,Tobacco,29.0,41.0,20.0,57.0,2.0857,2.0629,2.77K,2.60K,49.2,27.0,666.63M,No,33.28,35.68,35.83,35.14,35.08,497
2574,TATACONSUM.NS,999.6,1001.0,1001.68K,Consumer Non-Durables,Food: Specialty/Candy,29.0,28.0,23.0,18.0,15.9786,15.6714,1424.57K,1074.25K,1282.7,992.5,989.29B,No,1038.93,1072.84,1126.04,1063.27,1105.6,501
2575,AGIIL.NS,276.7,283.2,1376.63K,Finance,Real Estate Development,29.0,20.0,4.0,18.0,12.9679,12.8464,1756.43K,1418.62K,434.4,224.7,34.59B,No,286.76,307.63,313.27,305.25,333.86,501
2576,PANCARBON.BO,435.8,437.1,2.27K,Producer Manufacturing,Electrical Products,29.0,24.0,20.0,29.0,8.2,7.9607,3.81K,2.73K,525.6,421.05,2.09B,No,434.72,452.27,470.22,449.97,461.59,497
2577,3PLAND.NS,32.0,32.25,1.05K,Finance,Real Estate Development,29.0,52.0,43.0,41.0,1.0336,1.0336,4.16K,3.64K,47.5,28.51,,No,32.07,32.11,33.86,31.96,32.54,499
2578,APTUS.NS,252.2,258.28,1627.42K,Finance,Finance/Rental/Leasing,29.0,47.0,34.0,52.0,6.8479,6.6964,1175.56K,909.25K,343.55,193.03,126.31B,No,255.03,269.8,261.25,266.51,254.07,500
2579,ALKOSIGN.BO,58.93,64.15,7.88K,Producer Manufacturing,Miscellaneous Manufacturing,29.0,51.0,44.0,15.0,2.725,1.5164,8.16K,2.92K,84.8,50.07,636.00M,No,62.19,62.97,64.66,63.47,61.86,499
2580,METROBRAND.NS,952.1,959.0,27.11K,Retail Trade,Apparel/Footwear Retail,29.0,55.0,34.0,32.0,24.6143,24.2357,50.42K,28.12K,1340.4,883.0,259.54B,No,929.46,989.51,1035.57,983.65,1001.77,498
2581,SWELECTES.NS,568.15,576.6,11.01K,Producer Manufacturing,Electrical Products,29.0,3.0,20.0,50.0,19.8429,19.7607,26.04K,35.33K,977.0,483.1,8.83B,No,600.04,619.17,606.78,609.73,604.19,498
2582,DBL.NS,407.75,393.0,6472.60K,Industrial Services,Engineering & Construction,29.0,39.0,31.0,21.0,10.3536,9.1,518.06K,74.45K,585.0,381.55,66.24B,No,407.97,419.25,440.31,417.58,430.67,498
2583,CPEDU.NS,185.58,190.18,5.17K,Commercial Services,Miscellaneous Commercial Services,29.0,8.0,51.0,38.0,10.3479,10.2493,14.03K,5.22K,338.75,141.0,3.38B,No,192.73,197.29,207.33,196.14,190.79,254
2584,CESC.NS,147.58,149.67,1500.15K,Utilities,Electric Utilities,29.0,19.0,14.0,29.0,3.7114,3.6714,1515.40K,2062.19K,204.5,138.12,195.63B,No,154.03,160.26,164.59,158.68,164.84,500
2585,RTSPOWR.NS,88.07,88.66,1.84K,Producer Manufacturing,Electrical Products,29.0,,,,5.7093,5.6521,2.69K,2.48K,113.0,86.0,807.47M,No,,,,,,18
2586,HBSL.NS,54.37,52.86,3.05K,Finance,Investment Banks/Brokers,29.0,31.0,51.0,45.0,2.4936,2.4043,3.32K,3.06K,108.8,42.63,388.07M,No,54.41,52.62,59.21,53.04,54.66,499
2587,JIGAR.BO,60.9,60.9,8.00K,Producer Manufacturing,Electrical Products,29.0,39.0,20.0,22.0,1.5236,1.3643,0.84K,2.00K,76.9,50.0,548.83M,No,59.28,65.1,64.63,64.51,64.14,496
2588,XCHANGING.NS,63.62,63.28,69.09K,Technology Services,Information Technology Services,29.0,23.0,48.0,39.0,1.5807,1.4164,98.95K,90.09K,103.0,47.5,7.09B,No,61.95,64.08,67.86,63.94,63.26,499
2589,AIROLAM.NS,85.37,87.97,2.26K,Non-Energy Minerals,Forest Products,29.0,23.0,41.0,28.0,2.6457,2.6336,10.35K,2.66K,123.3,78.0,1.28B,No,87.91,88.55,90.6,87.8,87.09,498
2590,ASIAN.BO,34.18,34.58,0.14K,Commercial Services,Miscellaneous Commercial Services,29.0,50.0,32.0,22.0,1.8971,1.7671,1.10K,2.64K,49.0,29.1,119.19M,No,34.14,34.32,35.87,33.97,35.3,498
2591,BEDMUTHA.NS,105.37,108.39,5.44K,Non-Energy Minerals,Steel,29.0,14.0,33.0,9.0,4.4343,4.3529,3.41K,3.87K,150.01,94.55,3.40B,No,109.25,109.63,113.56,109.26,113.17,498
2592,MADALA.BO,191.2,184.8,0.26K,Technology Services,Information Technology Services,29.0,47.0,48.0,25.0,11.6821,10.8964,0.60K,0.55K,279.65,157.5,2.82B,No,187.93,193.07,202.5,192.44,192.98,497
2593,SUNILTX.BO,73.81,70.3,0.30K,Consumer Non-Durables,Apparel/Footwear,29.0,31.0,16.0,33.0,1.0436,0.1929,0.10K,0.01K,98.8,59.5,310.00M,No,73.89,79.11,81.25,78.23,78.4,499
2594,AMNPLST.NS,167.92,167.99,3.21K,Process Industries,Chemicals: Specialty,29.0,4.0,18.0,51.0,6.8114,6.8114,11.61K,4.07K,250.0,127.0,9.24B,No,181.04,191.08,180.41,190.55,177.93,500
2595,LACTOSE.BO,100.1,100.5,4.97K,Health Technology,Pharmaceuticals: Major,29.0,8.0,19.0,50.0,5.8071,5.8071,9.45K,17.09K,136.7,76.01,1.26B,No,102.4,102.48,104.03,102.84,102.15,497
2596,HINDCOMPOS.NS,381.45,387.05,3.42K,Producer Manufacturing,Auto Parts: Oem,29.0,20.0,28.0,23.0,13.6821,13.6821,9.22K,4.16K,550.0,347.1,5.63B,No,404.47,422.02,422.52,415.46,418.96,498
2597,DCMSHRIRAM.NS,1007.5,997.6,46.05K,Producer Manufacturing,Industrial Conglomerates,29.0,59.0,41.0,40.0,26.7143,26.6929,125.20K,82.50K,1414.4,945.1,156.02B,No,1032.48,1029.03,1107.56,1029.18,1071.99,500
2598,BLOIN.BO,30.5,30.5,0.03K,Non-Energy Minerals,Steel,29.0,32.0,28.0,34.0,0.7121,0.5886,1.20K,0.08K,44.97,27.59,202.52M,No,29.89,32.09,33.92,31.46,33.0,497
2599,INTEGRAEN.BO,176.75,177.4,45.66K,Producer Manufacturing,Industrial Machinery,29.0,87.0,6.0,56.0,10.275,9.9679,13.97K,13.69K,270.0,118.0,6.08B,No,166.09,173.44,180.63,170.99,181.5,497
2600,SHERVANI.NS,311.0,310.35,0.01K,Finance,Real Estate Development,29.0,,,,19.9286,18.0964,0.48K,0.11K,367.4,303.35,800.19M,No,,,,,,17
2601,INFLAME.BO,230.0,231.95,5.75K,Consumer Durables,Electronics/Appliances,29.0,73.0,49.0,7.0,11.8143,11.5,10.05K,6.50K,358.95,201.2,1.72B,No,226.7,229.39,270.12,230.78,252.59,497
2602,MFSL.NS,1479.9,1468.5,258.11K,Finance,Life/Health Insurance,29.0,49.0,28.0,15.0,35.6071,31.85,744.27K,541.79K,1892.5,1433.6,508.05B,No,1547.64,1547.93,1635.84,1539.88,1609.36,500
2603,GALLANTT.NS,553.25,557.1,52.21K,Non-Energy Minerals,Steel,29.0,24.0,10.0,42.0,18.4321,18.0857,129.57K,81.22K,948.0,496.25,133.49B,No,572.57,603.65,625.76,593.21,646.71,499
2604,STARIMAGIN.BO,81.0,82.24,33.00K,Health Services,Medical/Nursing Services,28.0,5.0,28.0,66.0,5.6457,5.3257,21.53K,29.30K,152.0,46.0,1.41B,No,88.62,90.4,83.84,88.65,78.0,266
2605,DHANROTO.BO,74.66,73.2,2.62K,Process Industries,Pulp & Paper,28.0,47.0,36.0,26.0,2.9307,2.8979,2.43K,2.34K,108.9,70.5,582.39M,No,73.89,74.11,81.34,74.43,78.65,498
2606,VHLTD.NS,119.52,119.2,18.36K,Consumer Services,Hotels/Resorts/Cruise Lines,28.0,47.0,13.0,9.0,3.4207,3.2071,35.74K,53.64K,155.36,111.55,8.57B,No,118.5,124.91,134.59,124.27,134.14,498
2607,MAFATIND.NS,122.85,121.6,37.26K,Process Industries,Textiles,28.0,43.0,39.0,,3.5221,3.5221,72.24K,28.54K,157.77,119.02,8.87B,No,122.18,129.14,,128.15,,100
2608,GUJCRED.BO,24.38,24.5,0.30K,Finance,Real Estate Development,28.0,77.0,44.0,11.0,1.0364,0.9293,0.79K,0.78K,33.49,20.85,73.14M,No,24.55,23.39,25.55,23.49,24.91,499
2609,YAASHVI.BO,80.95,80.67,64.00K,Consumer Durables,Other Consumer Specialties,28.0,70.0,25.0,,3.5671,3.1121,88.83K,78.88K,104.8,63.0,1.43B,No,83.14,79.08,,77.81,,73
2610,BDL.NS,1195.0,1218.1,1239.50K,Electronic Technology,Aerospace & Defense,28.0,18.0,48.0,17.0,35.7929,35.55,1432.87K,1053.04K,1654.0,1086.0,438.04B,No,1313.2,1301.84,1341.71,1290.24,1301.3,500
2611,RAMCOCEM.NS,869.75,866.85,555.76K,Non-Energy Minerals,Construction Materials,28.0,24.0,46.0,9.0,24.7286,24.4,235.58K,197.00K,1214.5,838.3,205.52B,No,894.47,914.71,980.05,908.49,941.15,499
2612,BOMBCYC.BO,1555.0,1562.0,0.01K,Consumer Services,Other Consumer Services,28.0,58.0,33.0,20.0,28.1571,22.4714,0.03K,0.04K,2019.65,1512.0,622.00M,No,1566.22,1566.7,1661.26,1560.15,1629.17,497
2613,ADVENZYMES.NS,303.35,299.5,461.63K,Consumer Non-Durables,Food: Specialty/Candy,28.0,60.0,9.0,39.0,7.6071,7.3214,324.34K,178.48K,419.0,251.95,33.64B,No,299.6,310.79,315.18,310.79,319.81,500
2614,CMRGREEN.NS,220.45,217.29,283.34K,Producer Manufacturing,Metal Fabrication,28.0,62.0,,,7.5207,7.4329,1788.27K,522.66K,268.96,205.25,,No,220.52,222.08,,220.11,,67
2615,LINKPH.BO,27.44,26.64,1.57K,Process Industries,Chemicals: Specialty,28.0,63.0,41.0,27.0,2.0036,1.7886,0.87K,2.41K,41.9,21.0,121.85M,No,27.3,26.89,28.31,26.88,27.3,497
2616,RUPA.NS,140.45,141.03,119.94K,Consumer Non-Durables,Apparel/Footwear,28.0,11.0,33.0,43.0,3.3757,3.26,213.34K,86.28K,212.84,109.21,11.17B,No,148.03,158.34,152.16,156.3,148.46,499
2617,JKTYRE.NS,357.65,356.25,361.29K,Consumer Durables,Automotive Aftermarket,28.0,18.0,44.0,8.0,6.6607,6.2536,973.76K,357.11K,611.9,351.0,103.11B,No,374.96,391.72,434.64,386.28,405.55,500
2618,INDTONER.BO,46.43,47.08,12.82K,Electronic Technology,Computer Peripherals,28.0,39.0,23.0,31.0,1.415,1.3436,30.46K,12.52K,62.0,43.08,2.41B,No,46.61,50.07,50.04,49.13,49.75,500
2619,AAVAS.NS,1286.1,1290.3,69.79K,Finance,Finance/Rental/Leasing,28.0,20.0,32.0,44.0,37.4786,37.1072,141.58K,183.38K,1771.9,1060.4,101.98B,No,1321.04,1393.75,1375.52,1373.61,1339.0,500
2620,PRSMJOHNSN.NS,115.22,112.45,1164.66K,Non-Energy Minerals,Construction Materials,28.0,77.0,40.0,20.0,2.5393,2.5321,1807.06K,298.22K,176.0,97.1,58.00B,No,110.09,110.17,122.6,109.92,119.45,499
2621,BLUECHIPT.BO,117.0,120.0,0.03K,Process Industries,Textiles,28.0,34.0,25.0,28.0,8.625,7.4143,0.31K,0.50K,160.0,100.2,230.55M,No,116.99,119.3,124.7,119.16,121.09,497
2622,DENISCHEM.BO,71.8,71.15,81.24K,Health Technology,Pharmaceuticals: Generic,28.0,69.0,39.0,32.0,2.2057,2.1936,24.70K,51.44K,100.0,56.1,996.34M,No,71.27,71.83,75.04,71.42,72.98,497
2623,JPOLYINVST.NS,996.7,994.05,2.79K,Finance,Investment Managers,28.0,36.0,26.0,20.0,40.7071,40.4857,14.04K,9.99K,1487.7,852.1,10.48B,No,993.89,1037.73,1070.09,1028.52,1083.76,498
2624,ONMOBILE.NS,46.99,47.35,17.66K,Communications,Specialty Telecommunications,28.0,0.0,33.0,30.0,1.0514,0.3443,425.45K,51.80K,84.0,40.21,5.00B,No,53.98,61.85,55.05,59.21,54.6,500
2625,KIMIABL.BO,29.52,29.48,0.63K,Health Technology,Pharmaceuticals: Major,28.0,81.0,14.0,32.0,1.0314,0.9664,4.34K,3.19K,43.28,23.2,1.40B,No,28.56,30.31,32.01,30.1,32.18,497
2626,VPRPL.NS,37.12,35.11,2530.85K,Industrial Services,Engineering & Construction,28.0,18.0,90.0,18.0,2.3257,2.2836,527.23K,762.57K,121.93,23.94,4.65B,No,34.24,30.78,42.14,30.89,35.49,500
2627,THOMASCOOK.NS,108.35,109.13,494.21K,Consumer Services,Other Consumer Services,28.0,50.0,41.0,60.0,4.8107,4.7814,1872.16K,1076.11K,180.2,86.35,50.49B,No,107.67,105.19,111.45,105.94,102.02,500
2628,SIYSIL.NS,547.0,530.45,34.02K,Process Industries,Textiles,28.0,7.0,19.0,48.0,19.3286,18.9786,59.45K,35.22K,848.8,433.35,24.82B,No,585.6,611.02,589.43,602.45,573.78,500
2629,SONATSOFTW.NS,260.1,267.7,1071.61K,Technology Services,Information Technology Services,28.0,3.0,51.0,42.0,11.1357,11.1143,3053.78K,1093.65K,421.5,207.15,71.99B,No,294.89,302.39,294.16,300.13,274.63,501
2630,ANIKINDS.NS,44.39,44.72,2.35K,Distribution Services,Wholesale Distributors,28.0,62.0,50.0,37.0,2.3714,2.3679,7.98K,11.90K,83.4,32.5,1.23B,No,44.81,43.77,45.97,43.72,43.44,499
2631,MARGOFIN.BO,62.99,64.69,0.43K,Finance,Financial Conglomerates,28.0,38.0,41.0,37.0,2.4893,2.1507,1.24K,1.29K,87.9,54.0,287.86M,No,66.12,65.86,67.09,65.38,65.77,497
2632,SBIFUNDS.NS,551.0,552.65,591.60K,Finance,Investment Managers,28.0,41.0,,,11.1357,10.9964,5184.04K,1500.07K,624.95,536.5,1122.29B,No,558.14,,,,,38
2633,KAYNES.NS,3499.0,3615.0,847.20K,Electronic Technology,Electronic Production Equipment,28.0,28.0,69.0,25.0,142.95,142.8,1258.66K,1025.27K,7705.0,2995.0,235.21B,No,3734.49,3577.76,3747.39,3614.93,3619.23,500
2634,MOBIKWIK.NS,194.68,195.3,722.29K,Commercial Services,Miscellaneous Commercial Services,28.0,28.0,47.0,45.0,5.3164,5.3164,1568.54K,589.19K,324.75,151.46,15.33B,No,194.4,202.63,205.89,202.39,197.07,433
2635,PHOSPHATE.BO,135.0,136.5,0.06K,Process Industries,Chemicals: Agricultural,28.0,51.0,17.0,40.0,3.675,3.3286,0.15K,0.10K,171.0,130.1,487.01M,No,137.31,140.34,142.34,140.71,142.97,497
2636,ISGEC.NS,810.15,784.55,160.58K,Industrial Services,Engineering & Construction,28.0,56.0,21.0,21.0,23.975,23.8107,52.72K,36.45K,1113.9,683.95,59.57B,No,772.37,828.32,885.5,816.82,911.65,499
2637,FORBESCO.BO,311.1,307.2,7.42K,Producer Manufacturing,Industrial Machinery,28.0,77.0,38.0,34.0,16.7857,14.1964,5.44K,8.84K,462.75,242.2,4.01B,No,278.0,280.16,322.29,280.9,312.26,497
2638,UNTTEMI.BO,32.5,32.5,0.05K,Finance,Finance/Rental/Leasing,28.0,33.0,29.0,6.0,0.1071,0.0,0.03K,0.03K,48.55,30.0,97.50M,No,33.17,33.91,38.3,33.76,37.61,497
2639,VAMSHIRU.BO,39.97,39.99,0.89K,Producer Manufacturing,Miscellaneous Manufacturing,28.0,54.0,35.0,16.0,2.05,1.9164,2.33K,1.42K,63.9,36.0,168.15M,No,39.98,40.7,43.39,40.56,41.91,497
2640,MAPROIN.BO,50.5,50.96,57.52K,Consumer Durables,Homebuilding,28.0,2.0,74.0,34.0,1.02,0.6,29.72K,10.59K,395.9,24.03,423.64M,No,54.02,47.9,50.02,50.03,46.54,497
2641,INSPIRISYS.NS,86.25,88.68,3.87K,Technology Services,Information Technology Services,27.0,5.0,5.0,42.0,5.1579,5.1579,5.47K,4.72K,133.9,69.92,3.42B,No,90.4,96.37,93.82,95.12,94.76,498
2642,GUJCRAFT.BO,95.5,95.5,0.04K,Process Industries,Containers/Packaging,27.0,64.0,46.0,29.0,3.45,3.2243,2.05K,1.47K,147.0,89.1,466.83M,No,94.71,94.57,103.81,94.1,98.38,497
2643,CCLINTER.BO,22.73,22.68,0.47K,Industrial Services,Engineering & Construction,27.0,39.0,22.0,39.0,1.2564,1.1514,1.32K,0.94K,35.76,20.0,436.25M,No,22.79,23.2,24.85,23.13,23.95,497
2644,SRIGEE.BO,83.0,81.2,8.40K,Producer Manufacturing,Industrial Machinery,27.0,78.0,48.0,41.0,4.095,3.6664,11.38K,10.80K,171.8,56.75,495.81M,No,83.74,80.61,80.8,80.53,77.84,335
2645,GMRP&UI.NS,96.51,94.82,1605.18K,Industrial Services,Engineering & Construction,27.0,57.0,27.0,20.0,3.4636,3.4636,1161.41K,2380.08K,136.95,86.8,75.38B,No,95.19,97.01,105.0,96.9,103.2,500
2646,GATEWAY.NS,53.65,53.51,347.94K,Transportation,Railroads,27.0,34.0,26.0,26.0,1.2579,1.2571,1213.03K,914.57K,66.25,48.1,26.81B,No,54.01,56.62,57.57,55.8,56.71,500
2647,YSL.BO,26851.0,27110.0,0.00K,Distribution Services,Wholesale Distributors,27.0,8.0,37.0,34.0,345.6789,216.1501,0.01K,0.00K,38599.95,24800.05,8.25B,No,28637.26,27589.39,28639.79,27656.01,28348.89,497
2648,CRAMC.NS,240.05,238.7,189.07K,Finance,Investment Managers,27.0,23.0,35.0,47.0,5.7,5.4964,876.74K,439.40K,353.4,214.2,47.87B,No,254.01,257.21,260.82,256.8,251.47,227
2649,SWIGGY.NS,279.0,282.75,11465.83K,Transportation,Air Freight/Couriers,27.0,53.0,67.0,21.0,8.1607,7.7679,21565.01K,36622.47K,474.0,235.75,730.98B,No,278.51,275.27,299.55,276.15,273.15,456
2650,HARLETH.BO,57.63,60.35,3.63K,Process Industries,Chemicals: Major Diversified,27.0,26.0,15.0,37.0,3.345,3.27,1.03K,0.71K,88.8,50.15,282.88M,No,59.39,61.23,62.28,60.68,62.02,497
2651,INDOFARM.NS,140.32,144.18,86.50K,Producer Manufacturing,Trucks/Construction/Farm Machinery,27.0,29.0,61.0,53.0,5.2693,4.7286,480.46K,317.75K,271.69,110.7,6.74B,No,139.03,149.88,152.75,148.91,140.39,419
2652,STOVACQ.BO,1648.8,1650.0,0.21K,Producer Manufacturing,Industrial Machinery,27.0,42.0,37.0,17.0,40.6143,40.175,0.24K,0.14K,2338.0,1391.6,3.44B,No,1661.2,1685.7,1801.47,1683.35,1721.18,497
2653,DHARNI.BO,55.0,55.0,3.00K,Finance,Investment Managers,27.0,5.0,10.0,18.0,0.0,0.0,1.55K,1.80K,66.05,52.5,1.12B,No,55.0,60.81,61.77,60.0,62.35,497
2654,ITI.NS,263.5,267.45,171.41K,Communications,Major Telecommunications,27.0,21.0,19.0,39.0,4.6607,4.5464,447.73K,148.37K,372.85,237.0,253.71B,No,274.51,280.41,288.66,277.65,282.74,500
2655,ROML.NS,42.13,42.18,1.35K,Process Industries,Agricultural Commodities/Milling,27.0,28.0,28.0,23.0,1.7914,1.7621,4.33K,5.13K,62.0,35.11,631.47M,No,42.89,44.1,45.48,43.83,44.37,499
2656,INTRGLB.BO,63.44,58.37,0.06K,Finance,Finance/Rental/Leasing,27.0,16.0,48.0,57.0,6.58,6.0643,1.68K,0.83K,107.0,45.6,860.52M,No,62.32,65.04,68.22,64.39,62.87,497
2657,SHIPROCKET.NS,129.17,132.37,2568.12K,Technology Services,Packaged Software,27.0,,,,8.1329,8.1329,37907.87K,15348.05K,156.9,124.0,93.98B,No,,,,,,17
2658,SHBAJRG.NS,159.5,158.99,0.47K,Non-Energy Minerals,Steel,27.0,,,,7.9614,7.8307,2.93K,3.49K,184.0,153.15,1.44B,No,,,,,,18
2659,STRGRENWO.BO,21.69,21.69,0.01K,Finance,Real Estate Development,27.0,55.0,68.0,22.0,0.615,0.195,0.13K,0.04K,38.9,16.25,91.96M,No,22.03,21.84,23.2,21.78,20.76,498
2660,TAIIND.BO,26.72,27.5,0.11K,Distribution Services,Wholesale Distributors,27.0,44.0,33.0,19.0,2.4586,2.295,0.96K,0.65K,36.89,20.7,160.32M,No,25.07,24.77,26.69,24.6,25.7,498
2661,JINDHOT.BO,63.2,63.3,0.01K,Consumer Services,Hotels/Resorts/Cruise Lines,27.0,65.0,43.0,29.0,3.2921,3.2321,1.69K,1.66K,93.0,54.0,442.40M,No,63.42,63.36,66.47,63.46,63.46,497
2662,STARTECK.NS,245.2,246.15,0.23K,Finance,Finance/Rental/Leasing,27.0,30.0,23.0,22.0,11.6,11.2536,6.33K,1.02K,349.95,215.1,2.43B,No,252.51,261.96,265.08,258.61,258.04,499
2663,ELNET.BO,308.5,314.15,2.08K,Finance,Real Estate Development,27.0,37.0,24.0,25.0,9.4571,9.2893,1.63K,2.96K,411.0,285.05,1.23B,No,313.77,319.52,332.03,318.15,327.4,497
2664,CHAMBLFERT.NS,417.75,415.6,523.09K,Process Industries,Chemicals: Specialty,27.0,28.0,17.0,33.0,8.3143,8.1393,582.25K,604.52K,559.0,399.75,167.37B,No,425.72,441.17,447.79,436.08,447.0,500
2665,IEX.NS,116.63,117.95,2468.68K,Finance,Investment Banks/Brokers,27.0,22.0,37.0,28.0,2.1071,2.1029,4981.72K,3784.26K,160.27,114.6,103.72B,No,121.14,123.45,127.68,123.18,124.25,501
2666,SHELTER.BO,30.62,31.26,21.00K,Health Technology,Pharmaceuticals: Major,27.0,87.0,45.0,23.0,1.5743,1.0686,22.08K,17.40K,46.88,23.0,515.54M,No,30.59,28.35,32.77,28.68,30.55,497
2667,KASTURI.BO,52.01,54.0,10.00K,Producer Manufacturing,Metal Fabrication,27.0,19.0,36.0,11.0,1.8679,1.3286,15.41K,10.80K,73.8,44.2,540.65M,No,53.36,52.35,,53.1,56.14,152
2668,IGIL.NS,311.2,311.5,433.51K,Commercial Services,Miscellaneous Commercial Services,27.0,16.0,12.0,22.0,9.6714,9.6214,601.84K,437.02K,392.0,287.0,134.49B,No,334.83,342.98,337.86,340.08,344.25,425
2669,VISHALBL.BO,56.29,55.51,3.17K,Producer Manufacturing,Metal Fabrication,27.0,81.0,21.0,44.0,3.9764,3.9093,2.29K,2.95K,80.0,38.87,607.43M,No,50.21,51.39,58.48,51.34,55.54,497
2670,IOC.NS,134.94,135.6,6622.72K,Energy Minerals,Integrated Oil,27.0,36.0,35.0,11.0,2.5214,2.42,11180.13K,6947.38K,188.96,130.22,,No,137.18,139.47,150.4,138.76,144.4,501
2671,HARIKANTA.BO,67.0,67.0,2.40K,Process Industries,Textiles,27.0,58.0,16.0,,3.4529,2.6764,56.62K,8.04K,91.84,57.62,661.00M,No,69.14,73.09,,72.76,,73
2672,CENTRALBK.NS,30.82,30.58,5493.95K,Finance,Major Banks,27.0,48.0,44.0,13.0,0.5193,0.5,10164.30K,5282.93K,40.92,29.32,278.96B,No,30.85,31.32,34.48,31.27,33.34,501
2673,SHREDIGCEM.NS,69.09,70.96,114.97K,Non-Energy Minerals,Construction Materials,27.0,35.0,41.0,46.0,3.6236,3.435,105.82K,149.06K,97.15,53.9,10.22B,No,72.87,73.34,75.3,73.49,71.51,500
2674,SDL.BO,29.3,30.84,0.94K,Health Technology,Medical Specialties,27.0,9.0,4.0,13.0,1.3879,0.7636,1.25K,0.56K,51.49,21.76,212.81M,No,30.43,33.62,34.87,32.72,35.46,499
2675,NTPCGREEN.NS,87.72,88.03,1225.02K,Utilities,Alternative Power Generation,27.0,32.0,19.0,35.0,1.2229,1.2043,4653.94K,1962.57K,119.95,84.0,739.16B,No,90.24,91.73,95.47,91.52,97.14,448
2676,WEWIN.NS,42.99,42.05,1.32K,Commercial Services,Miscellaneous Commercial Services,27.0,30.0,7.0,38.0,1.8843,1.8271,2.14K,1.46K,78.0,35.38,436.82M,No,44.87,45.73,47.78,45.66,48.99,499
2677,SRINACHA.BO,26.8,27.19,0.51K,Process Industries,Textiles,27.0,21.0,12.0,13.0,1.7264,1.3407,0.57K,0.40K,39.94,24.0,115.24M,No,26.69,27.49,30.14,27.09,29.83,497
2678,SHIVAGR.BO,24.0,25.69,0.58K,Producer Manufacturing,Metal Fabrication,27.0,54.0,40.0,7.0,1.7157,1.1129,0.46K,0.36K,35.99,19.21,120.33M,No,24.3,24.42,25.09,24.1,23.88,497
2679,SAMRATFORG.BO,218.45,229.9,0.15K,Producer Manufacturing,Industrial Machinery,26.0,61.0,9.0,46.0,4.5179,3.1107,0.04K,0.11K,323.95,162.25,1.09B,No,241.25,230.75,223.11,229.5,218.51,496
2680,GAGAN.BO,19.97,19.65,3.64K,Process Industries,Industrial Specialties,26.0,66.0,28.0,40.0,1.3107,1.2471,3.69K,3.26K,37.69,11.9,90.23M,No,19.88,19.97,20.98,19.83,20.24,497
2681,GMPL.BO,63.45,59.55,1.40K,Process Industries,Industrial Specialties,26.0,10.0,11.0,26.0,2.9,1.6986,1.94K,8.68K,91.8,52.3,854.01M,No,67.66,68.37,67.47,67.34,66.81,497
2682,THAKDEV.NS,138.99,138.5,0.74K,Consumer Durables,Homebuilding,26.0,,,,7.6257,6.4879,0.28K,0.18K,160.0,132.0,1.25B,No,,,,,,18
2683,CUBEXTUB.NS,77.2,79.99,75.59K,Non-Energy Minerals,Other Metals/Minerals,26.0,40.0,26.0,10.0,2.8821,2.8729,49.44K,42.26K,143.69,73.1,1.11B,No,78.71,78.94,92.6,78.54,87.28,499
2684,GGAUTO.BO,162.8,163.4,4.80K,Producer Manufacturing,Industrial Machinery,26.0,71.0,74.0,25.0,5.5786,5.4179,9.25K,4.47K,323.0,125.3,1.63B,No,162.0,162.05,188.02,162.07,159.61,497
2685,RIIL.NS,714.85,724.95,52.68K,Industrial Services,Oil & Gas Pipelines,26.0,36.0,22.0,44.0,16.7893,16.4214,117.31K,40.76K,964.0,617.35,10.79B,No,747.89,757.28,762.33,756.0,751.76,501
2686,BRAHMINFRA.NS,158.62,157.11,5.97K,Industrial Services,Engineering & Construction,26.0,,,,7.6636,7.415,20.62K,16.05K,184.0,151.2,,No,,,,,,18
2687,OMPOWER.NS,168.11,168.7,35.10K,Utilities,Electric Utilities,26.0,69.0,32.0,,6.2364,6.0436,125.81K,93.76K,206.0,158.01,,No,169.36,169.87,,170.64,,105
2688,POLYCHMP.BO,46.53,47.75,0.93K,Producer Manufacturing,Industrial Machinery,26.0,32.0,13.0,31.0,1.8886,1.7107,1.34K,0.52K,66.99,44.0,260.65M,No,47.36,48.92,50.8,48.48,50.37,497
2689,PANCHSHEEL.BO,110.65,105.55,12.41K,Health Technology,Pharmaceuticals: Major,26.0,23.0,25.0,45.0,6.175,5.9893,9.00K,23.80K,154.4,86.1,1.15B,No,115.42,116.86,118.57,115.85,116.85,497
2690,FOODSIN.NS,56.77,57.98,116.13K,Consumer Non-Durables,Food: Specialty/Candy,26.0,74.0,53.0,49.0,2.5971,2.5807,109.48K,117.12K,94.26,44.0,4.17B,No,54.94,56.15,60.24,56.26,56.96,499
2691,AVANTIFEED.NS,815.3,807.15,232.23K,Process Industries,Agricultural Commodities/Milling,26.0,27.0,5.0,4.0,25.75,25.4821,512.34K,383.06K,1593.8,631.65,111.08B,No,833.84,897.78,1050.03,888.23,1118.66,500
2692,ANUP.NS,1719.4,1744.5,16.78K,Producer Manufacturing,Industrial Machinery,26.0,14.0,30.0,59.0,50.7857,50.0786,49.19K,18.78K,2576.0,1422.3,34.44B,No,1796.79,1995.99,1980.18,1949.08,1916.62,499
2693,NWIL.BO,21.03,21.0,201.54K,Electronic Technology,Electronic Components,26.0,3.0,61.0,1.0,1.2279,1.2107,569.51K,262.28K,46.0,17.0,4.90B,No,21.95,24.1,31.14,23.54,30.1,497
2694,ABIRAFN.BO,34.54,35.98,3.00K,Finance,Finance/Rental/Leasing,26.0,72.0,44.0,45.0,1.8243,1.635,0.58K,1.69K,48.19,27.89,186.52M,No,33.79,32.73,34.59,32.89,32.66,498
2695,SOLIMAC.BO,93.41,94.0,2.30K,Producer Manufacturing,Industrial Machinery,26.0,7.0,43.0,25.0,5.1357,4.6457,4.72K,4.88K,141.0,72.2,424.28M,No,95.09,95.74,99.91,95.74,96.55,497
2696,VINATIORGA.NS,1312.4,1334.4,42.62K,Process Industries,Chemicals: Specialty,26.0,49.0,48.0,26.0,28.4714,28.1929,63.85K,48.08K,1849.9,1203.0,136.15B,No,1325.62,1322.59,1404.09,1319.95,1335.03,501
2697,AMJLAND.NS,38.32,38.98,10.98K,Finance,Real Estate Development,26.0,28.0,58.0,36.0,1.3521,1.3493,11.73K,7.99K,57.8,30.3,1.57B,No,38.88,38.49,41.6,38.66,38.87,498
2698,KRATIKAL.BO,163.3,159.3,9.00K,Technology Services,Packaged Software,26.0,59.0,,,6.0857,5.7893,76.79K,14.70K,199.0,153.05,1.81B,No,168.34,,,167.19,,48
2699,LINC.NS,97.3,98.1,12.36K,Consumer Non-Durables,Consumer Sundries,26.0,54.0,37.0,22.0,2.9586,2.8007,38.31K,16.54K,134.9,85.01,5.79B,No,96.23,101.28,105.13,100.26,101.66,499
2700,DMART.NS,3690.0,3735.0,265.10K,Retail Trade,Specialty Stores,26.0,18.0,27.0,22.0,79.5143,75.1714,574.17K,329.03K,4818.0,3529.0,2406.79B,No,3857.35,3935.5,4015.13,3912.94,4076.48,501
2701,SNOWMAN.NS,36.16,36.82,97.33K,Commercial Services,Miscellaneous Commercial Services,26.0,26.0,38.0,29.0,0.9893,0.9886,203.38K,111.55K,59.8,30.5,6.05B,No,37.29,37.43,38.67,37.4,37.9,500
2702,PRITHVIEXCH.BO,104.0,103.8,1.21K,Finance,Finance/Rental/Leasing,26.0,57.0,29.0,13.0,6.7,6.5871,1.25K,1.29K,179.95,91.0,857.96M,No,99.61,101.63,111.99,101.85,110.67,497
2703,NEWGEN.NS,507.9,512.85,531.11K,Technology Services,Packaged Software,26.0,18.0,63.0,50.0,19.8429,18.5286,2866.36K,1961.13K,1041.95,401.05,71.79B,No,526.83,529.79,567.0,533.48,491.95,500
2704,MULLER.BO,209.0,199.4,0.14K,Distribution Services,Wholesale Distributors,26.0,35.0,49.0,20.0,9.6179,7.975,0.05K,0.05K,264.0,188.1,130.62M,No,213.05,215.94,223.3,214.93,217.87,499
2705,COROENGG.BO,54.06,55.5,5.83K,Consumer Durables,Homebuilding,26.0,47.0,39.0,4.0,3.1679,3.1679,6.80K,5.80K,114.93,48.9,1.89B,No,56.7,55.43,73.62,54.98,70.45,497
2706,VIJSOLX.NS,625.9,642.5,1.93K,Process Industries,Agricultural Commodities/Milling,26.0,,,,27.7643,27.2286,0.41K,0.58K,719.9,611.0,,No,,,,,,18
2707,KRSNAA.NS,564.4,560.95,56.29K,Health Services,Medical/Nursing Services,26.0,47.0,54.0,23.0,16.3929,16.375,65.99K,55.48K,894.4,515.0,18.31B,No,557.13,553.33,616.65,555.52,571.83,500
2708,BRITANNIA.NS,5009.0,5090.0,262.98K,Consumer Non-Durables,Food: Specialty/Candy,26.0,11.0,38.0,12.0,94.8214,92.7143,285.51K,263.80K,6319.5,4997.0,1206.51B,No,5278.9,5378.61,5620.55,5341.35,5472.5,501
2709,SUNILAGR.BO,80.02,82.24,0.16K,Process Industries,Agricultural Commodities/Milling,26.0,14.0,25.0,14.0,4.27,3.4664,0.13K,0.24K,101.0,73.28,240.29M,No,84.84,84.59,86.06,84.64,84.53,497
2710,EXCELSOFT.NS,80.08,75.23,9549.73K,Technology Services,Packaged Software,26.0,73.0,48.0,36.0,2.9779,2.95,945.34K,1791.89K,142.59,66.4,9.22B,No,71.44,75.69,82.92,75.81,81.49,200
2711,RECLTD.NS,313.8,314.5,3526.53K,Finance,Finance/Rental/Leasing,26.0,16.0,21.0,27.0,6.8071,6.4214,5450.33K,5174.61K,390.5,304.05,826.31B,No,323.38,344.86,350.42,341.96,345.88,501
2712,BANG.NS,34.51,35.63,30.45K,Consumer Non-Durables,Apparel/Footwear,26.0,85.0,47.0,31.0,2.3836,2.3736,113.77K,110.77K,62.07,25.84,467.96M,No,32.44,30.62,38.23,30.78,34.23,499
2713,MARCLOIRE.BO,44.0,44.0,1.20K,Retail Trade,Apparel/Footwear Retail,26.0,93.0,56.0,2.0,1.2107,0.4693,1.56K,3.12K,83.0,32.0,312.40M,No,36.66,37.17,44.43,37.52,44.86,294
2714,EIKO.BO,45.9,46.22,6.80K,Process Industries,Chemicals: Specialty,26.0,20.0,15.0,22.0,1.8593,1.8057,10.05K,7.99K,64.44,44.75,678.88M,No,47.33,48.59,50.87,47.92,49.97,497
2715,SGFRL.BO,90.9,91.0,0.75K,Industrial Services,Engineering & Construction,26.0,35.0,30.0,17.0,5.27,4.19,7.42K,4.12K,146.9,83.2,2.26B,No,95.16,96.19,107.74,97.08,103.12,499
2716,SINTERCOM.NS,79.82,83.9,27.86K,Producer Manufacturing,Auto Parts: Oem,25.0,28.0,62.0,27.0,4.9193,4.7721,43.34K,21.37K,130.0,62.99,2.20B,No,80.41,80.7,85.54,80.7,78.72,498
2717,DCM.NS,76.2,74.99,3.41K,Technology Services,Information Technology Services,25.0,17.0,7.0,48.0,2.5007,2.4514,11.47K,20.32K,104.3,55.0,1.42B,No,79.37,86.53,84.55,84.71,81.27,498
2718,MANBRO.NS,51.06,48.57,498.41K,Consumer Non-Durables,Apparel/Footwear,25.0,,,,3.6321,3.6229,207.34K,155.15K,61.49,46.37,5.18B,No,,,,,,16
2719,MSUMI.NS,36.34,36.72,8336.16K,Producer Manufacturing,Auto Parts: Oem,25.0,11.0,40.0,17.0,0.8307,0.8171,14261.71K,8030.56K,53.59,35.7,240.99B,No,37.99,39.59,41.36,39.17,39.55,500
2720,JOSTS.BO,232.8,240.0,13.20K,Producer Manufacturing,Industrial Machinery,25.0,67.0,31.0,35.0,10.9929,10.675,10.40K,9.44K,396.0,188.1,2.75B,No,225.45,235.85,253.62,235.51,240.25,497
2721,DSINVEST.BO,364.1,371.5,0.01K,Finance,Investment Banks/Brokers,25.0,32.0,32.0,20.0,4.6464,3.05,0.03K,0.04K,461.6,299.55,114.72M,No,358.56,374.27,376.16,373.55,361.77,497
2722,CMLL.NS,470.8,486.3,333.63K,Energy Minerals,Coal,25.0,8.0,,,18.3357,18.325,2914.66K,339.59K,624.4,463.35,30.78B,No,507.24,,,,,35
2723,UNITEDTEA.NS,435.8,439.9,5.79K,Consumer Non-Durables,Food: Specialty/Candy,25.0,27.0,11.0,15.0,11.4786,10.9036,2.76K,2.85K,590.0,412.0,2.18B,No,450.33,464.08,487.93,460.07,498.15,498
2724,AHLEAST.NS,135.85,137.08,0.55K,Consumer Services,Hotels/Resorts/Cruise Lines,25.0,38.0,16.0,14.0,4.8271,4.7386,3.55K,3.70K,175.3,127.25,2.35B,No,139.17,142.16,147.96,141.41,151.83,498
2725,GILLETTE.NS,7385.5,7479.5,5.22K,Consumer Non-Durables,Household/Personal Care,25.0,43.0,35.0,20.0,130.8214,129.5,18.86K,16.25K,10553.0,7206.0,240.66B,No,7435.02,7631.02,7943.18,7590.35,7796.68,501
2726,PRIMEPRO.BO,25.1,24.44,3.00K,Finance,Real Estate Development,25.0,10.0,6.0,57.0,1.6871,1.5821,3.04K,3.30K,35.59,15.35,425.97M,No,24.85,26.7,25.56,26.46,24.7,497
2727,SPARKLEGR.BO,66.65,65.39,1.51K,Process Industries,Textiles,25.0,26.0,43.0,48.0,5.4143,5.2493,4.41K,2.86K,103.5,52.25,298.47M,No,64.17,65.57,72.66,64.32,70.74,497
2728,DRREDDY.NS,1143.0,1145.0,1684.78K,Health Technology,Pharmaceuticals: Major,25.0,33.0,20.0,16.0,17.65,16.7786,1982.22K,721.51K,1414.9,1101.0,952.11B,No,1169.35,1195.7,1252.85,1177.4,1254.47,501
2729,FIEMIND.NS,1986.8,2021.6,61.93K,Producer Manufacturing,Auto Parts: Oem,25.0,1.0,15.0,27.0,53.2143,52.3214,77.62K,62.80K,2674.8,1868.5,52.29B,No,2141.59,2263.03,2234.2,2246.71,2205.94,500
2730,BSHSL.NS,88.84,89.42,3.78K,Process Industries,Chemicals: Agricultural,25.0,56.0,26.0,44.0,3.7093,3.6436,6.16K,8.71K,139.0,59.16,9.32B,No,89.35,88.48,93.44,88.75,90.65,498
2731,RELAXO.NS,326.9,326.1,638.93K,Consumer Non-Durables,Apparel/Footwear,25.0,2.0,33.0,39.0,11.2643,11.0357,1657.44K,146.94K,503.95,236.5,81.38B,No,364.01,388.42,357.14,386.63,341.82,499
2732,EMAMIREAL.NS,72.31,69.0,43.86K,Finance,Real Estate Development,25.0,34.0,13.0,61.0,2.7129,2.6086,11.73K,14.24K,121.35,48.2,3.76B,No,70.23,75.44,77.44,74.34,76.33,499
2733,SHVFL.BO,25.25,24.05,0.02K,Finance,Finance/Rental/Leasing,25.0,75.0,3.0,15.0,0.2093,0.1214,0.08K,0.07K,40.39,19.89,255.02M,No,23.75,24.78,28.23,24.51,28.73,499
2734,LIBERTSHOE.NS,229.41,233.05,20.77K,Consumer Non-Durables,Apparel/Footwear,25.0,26.0,36.0,40.0,7.24,7.0679,82.40K,17.43K,404.95,210.5,3.91B,No,240.21,253.94,256.0,252.36,250.25,499
2735,AWL.NS,185.7,187.52,781.89K,Process Industries,Agricultural Commodities/Milling,25.0,38.0,41.0,44.0,5.1943,5.1686,3721.26K,2198.56K,282.9,171.19,239.89B,No,192.13,190.78,201.57,190.33,189.82,500
2736,EPIC.BO,32.86,33.19,4.15K,Producer Manufacturing,Electrical Products,25.0,41.0,35.0,51.0,1.5286,1.5214,6.88K,4.57K,55.64,25.2,261.07M,No,33.57,34.45,37.31,34.06,35.99,497
2737,EVANS.BO,77.0,76.0,9.00K,Consumer Services,Other Consumer Services,25.0,74.0,76.0,25.0,1.6879,1.1636,4.51K,1.50K,175.0,60.0,422.58M,No,76.92,71.05,92.63,72.18,77.32,495
2738,BAYERCROP.NS,3978.4,3951.1001,13.60K,Process Industries,Chemicals: Agricultural,25.0,40.0,26.0,15.0,56.2357,56.2357,32.47K,15.78K,5489.0,3935.0,178.80B,No,4034.32,4134.14,4419.47,4112.74,4395.66,500
2739,NAVNETEDUL.NS,127.69,127.0,41.29K,Producer Manufacturing,Office Equipment/Supplies,25.0,38.0,20.0,22.0,2.3864,2.3721,213.96K,116.20K,166.0,121.5,28.25B,No,132.9,138.33,141.96,136.87,139.64,500
2740,ACTIVE.BO,105.8,107.4,3.16K,Consumer Non-Durables,Apparel/Footwear,25.0,26.0,8.0,59.0,6.6179,6.4143,6.26K,4.09K,156.0,86.0,1.64B,No,110.6,114.48,115.49,113.14,118.17,497
2741,RELICAB.BO,36.04,36.94,3.48K,Producer Manufacturing,Metal Fabrication,25.0,60.0,32.0,46.0,2.0593,2.0543,8.07K,5.31K,77.0,30.25,363.81M,No,36.42,37.03,38.87,36.98,36.67,497
2742,CEWATER.NS,279.9,280.3,285.67K,Industrial Services,Environmental Services,25.0,74.0,61.0,51.0,11.0893,11.0464,219.83K,83.83K,539.9,235.0,5.79B,No,268.09,286.81,330.53,285.85,294.42,426
2743,SOBHA.NS,1235.7,1229.5,181.08K,Finance,Real Estate Development,25.0,22.0,28.0,26.0,32.0929,31.3429,166.45K,73.22K,1732.0,1130.0,132.16B,No,1272.98,1354.45,1396.72,1343.93,1356.56,500
2744,EKI.NS,70.73,71.38,15.67K,Utilities,Electric Utilities,25.0,,,,3.7721,3.7721,12.79K,14.08K,82.5,70.0,,No,,,,,,18
2745,MURUDCERA.NS,30.0,30.83,10.19K,Producer Manufacturing,Building Products,25.0,29.0,35.0,29.0,1.285,1.285,22.68K,19.20K,47.5,25.16,1.82B,No,30.25,30.71,32.28,30.59,31.39,500
2746,JIOFIN.NS,230.25,231.0,8970.91K,Finance,Financial Conglomerates,25.0,17.0,43.0,29.0,4.035,3.5621,15798.13K,11411.16K,321.6,223.3,1520.37B,No,241.0,243.21,254.38,243.41,241.96,500
2747,KSOLVES.NS,259.1,269.45,59.53K,Technology Services,Packaged Software,25.0,28.0,23.0,20.0,8.8679,8.6,80.29K,31.01K,353.99,245.75,6.15B,No,271.66,280.64,287.91,277.72,287.99,500
2748,GKWLIMITED.NS,1556.3,1588.8,0.11K,Transportation,Other Transportation,25.0,28.0,10.0,25.0,48.8214,43.4857,0.95K,3.21K,1985.4,1375.0,9.29B,No,1591.69,1643.79,1672.71,1635.4,1656.72,498
2749,SEMAC.NS,279.85,279.85,0.13K,Producer Manufacturing,Trucks/Construction/Farm Machinery,25.0,19.0,18.0,66.0,11.4929,10.8107,0.57K,0.99K,545.65,205.0,872.38M,No,292.54,308.37,295.44,303.24,296.02,498
2750,PIGL.NS,104.11,104.98,58.35K,Industrial Services,Engineering & Construction,24.0,29.0,48.0,42.0,4.815,4.6386,87.07K,62.85K,189.7,88.05,2.20B,No,102.51,107.12,112.42,106.26,107.52,500
2751,SHREECEM.NS,22785.0,22950.0,9.99K,Non-Energy Minerals,Construction Materials,24.0,12.0,31.0,27.0,526.4286,512.8571,24.65K,16.36K,30285.0,22550.0,822.10B,No,23958.75,25483.4,25517.47,25165.0,24917.17,501
2752,ENERGYINF.BO,72.84,73.61,1375.00K,Miscellaneous,Investment Trusts,24.0,38.0,27.0,17.0,0.4836,0.4407,1465.62K,1072.50K,97.47,71.59,48.37B,No,73.83,75.29,80.43,74.82,77.61,497
2753,RMDRIP.NS,23.33,23.89,400.76K,Producer Manufacturing,Industrial Machinery,24.0,94.0,83.0,7.0,1.0136,0.9414,976.23K,378.13K,72.22,14.81,9.99B,No,19.93,19.21,31.95,19.44,22.99,500
2754,ADVANIHOTR.NS,48.43,48.74,24.65K,Consumer Services,Hotels/Resorts/Cruise Lines,24.0,39.0,28.0,24.0,1.2586,1.2586,29.95K,23.34K,65.5,47.0,4.48B,No,49.69,50.92,53.62,50.66,52.19,500
2755,ADARSHPL.BO,26.02,27.49,0.45K,Producer Manufacturing,Trucks/Construction/Farm Machinery,24.0,8.0,14.0,9.0,1.6021,1.5986,3.78K,2.17K,44.9,23.8,257.90M,No,27.42,29.0,30.44,29.24,30.3,497
2756,SJVN.NS,67.2,66.88,3717.91K,Utilities,Electric Utilities,24.0,54.0,30.0,27.0,1.255,1.2243,2028.86K,2132.68K,95.58,63.02,264.08B,No,65.83,67.92,72.64,67.47,71.45,500
2757,XTGLOBAL.NS,30.04,30.87,29.61K,Technology Services,Information Technology Services,24.0,28.0,55.0,18.0,2.0086,2.0021,96.76K,146.20K,46.25,25.2,4.03B,No,30.19,30.16,31.27,30.27,30.84,496
2758,INA.NS,93.0,90.72,604.18K,Electronic Technology,Semiconductors,24.0,9.0,7.0,,3.615,3.5907,1621.30K,546.56K,161.81,79.75,20.50B,No,92.83,105.12,,104.68,,130
2759,KUANTUM.NS,75.49,75.61,86.75K,Process Industries,Pulp & Paper,24.0,10.0,48.0,19.0,2.8879,2.7279,123.97K,128.88K,121.29,65.01,6.59B,No,75.21,77.19,82.42,77.04,78.43,498
2760,PSB.NS,22.6,22.64,1124.31K,Finance,Major Banks,24.0,33.0,31.0,24.0,0.4321,0.425,1549.47K,1197.82K,32.46,20.5,160.36B,No,23.13,23.75,25.2,23.65,24.15,501
2761,PTC.NS,153.69,153.12,1568.99K,Utilities,Electric Utilities,24.0,23.0,8.0,33.0,3.0607,2.9857,1793.23K,1958.24K,229.51,149.59,45.49B,No,156.34,167.04,173.18,167.05,176.3,501
2762,NGIND.BO,115.7,115.05,0.93K,Health Services,Hospital/Nursing Management,24.0,53.0,36.0,14.0,3.2571,3.1643,0.70K,0.81K,162.0,110.2,387.65M,No,115.39,115.17,126.85,114.83,122.72,497
2763,NIPPOBATRY.NS,322.45,323.0,1.94K,Producer Manufacturing,Electrical Products,24.0,41.0,32.0,42.0,10.2179,10.0821,2.69K,1.50K,490.0,257.0,2.42B,No,326.82,330.58,353.57,329.05,335.04,499
2764,OMINFRAL.NS,80.8,81.67,56.81K,Industrial Services,Engineering & Construction,24.0,26.0,41.0,37.0,2.7829,2.7786,141.32K,42.94K,144.0,71.5,7.78B,No,83.59,86.84,89.24,86.04,87.12,499
2765,PFC.NS,352.8,351.4,7280.72K,Finance,Finance/Rental/Leasing,24.0,26.0,11.0,17.0,7.9964,7.3321,7334.52K,9909.31K,486.5,329.9,1164.28B,No,358.6,389.44,402.04,386.7,414.71,501
2766,MASTEK.NS,1610.0,1623.5,76.02K,Technology Services,Information Technology Services,24.0,11.0,50.0,39.0,85.65,84.9643,195.88K,803.42K,2562.2,1334.2,49.92B,No,1722.21,1745.37,1779.11,1767.21,1654.72,501
2767,FABTECH.NS,147.42,147.65,213.57K,Health Technology,Biotechnology,24.0,58.0,46.0,47.0,4.5571,4.5571,216.03K,69.56K,262.8,132.7,6.55B,No,147.3,150.64,165.22,150.13,152.2,233
2768,LAKHOTIA.BO,51.51,52.0,0.13K,Process Industries,Textiles,24.0,10.0,11.0,25.0,7.0164,6.7664,10.79K,0.52K,185.7,46.5,539.52M,No,55.93,57.96,63.07,57.33,61.27,497
2769,INDIACEM.NS,347.95,351.55,36.13K,Non-Energy Minerals,Construction Materials,24.0,16.0,18.0,21.0,7.6464,7.1714,249.82K,116.28K,485.8,342.35,161.74B,No,366.25,381.38,402.03,382.03,385.85,500
2770,BI.NS,89.83,91.66,26.34K,Process Industries,Containers/Packaging,24.0,,,,5.6836,5.1436,151.51K,72.17K,111.51,85.0,2.12B,No,,,,,,18
2771,SPL.BO,23.0,22.75,48.00K,Process Industries,Containers/Packaging,24.0,34.0,56.0,45.0,0.7679,0.5536,23.23K,33.12K,45.69,15.75,447.76M,No,22.35,22.51,24.38,22.44,22.07,499
2772,EMBDL.NS,57.6,57.34,1393.72K,Finance,Real Estate Development,24.0,11.0,46.0,37.0,1.9707,1.9457,2799.08K,3461.79K,105.7,39.46,,No,61.19,62.21,60.89,61.91,58.29,500
2773,JETKINGQ.BO,123.25,126.5,18.09K,Consumer Services,Other Consumer Services,24.0,88.0,72.0,24.0,12.6271,11.3979,10.73K,23.07K,339.9,90.55,776.93M,No,119.64,107.33,123.25,112.05,114.2,497
2774,SHRISTI.BO,28.8,27.13,0.70K,Consumer Durables,Homebuilding,24.0,62.0,9.0,35.0,2.1421,1.975,0.79K,1.19K,39.0,23.2,639.36M,No,29.37,29.6,30.23,29.58,30.03,497
2775,FLOMIC.BO,43.7,43.02,0.74K,Transportation,Air Freight/Couriers,24.0,63.0,11.0,38.0,5.3329,5.2829,1.46K,1.36K,75.0,35.0,793.96M,No,43.29,45.58,48.61,44.95,46.85,497
2776,EMERGENT.BO,382.0,402.0,0.07K,Commercial Services,Miscellaneous Commercial Services,24.0,60.0,42.0,58.0,24.8214,18.3321,0.07K,0.02K,747.7,314.7,1.75B,No,380.01,399.28,445.83,399.02,425.62,497
2777,CRESCENTIS.BO,105.95,101.3,1.16K,Finance,Investment Banks/Brokers,24.0,40.0,17.0,20.0,5.4,5.2714,4.14K,1.20K,144.7,95.35,1.80B,No,104.22,108.14,115.54,107.79,116.96,497
2778,FACT.NS,789.95,786.4,167.50K,Process Industries,Chemicals: Agricultural,24.0,34.0,16.0,59.0,31.1786,29.9464,964.31K,186.58K,1058.6,652.1,511.15B,No,808.49,826.84,842.28,817.94,836.95,500
2779,WAAREERTL.NS,833.85,833.5,94.94K,Utilities,Alternative Power Generation,24.0,24.0,16.0,41.0,14.6964,14.3214,190.20K,99.13K,1358.0,779.5,87.04B,No,868.0,921.09,937.97,910.77,930.79,356
2780,CSM.NS,94.96,93.31,892.77K,Technology Services,Information Technology Services,24.0,25.0,,,2.5407,2.5343,333.53K,79.63K,113.0,92.28,4.90B,No,96.93,99.61,,99.77,,51
2781,MULTIBASE.BO,174.2,175.65,4.55K,Process Industries,Industrial Specialties,24.0,17.0,34.0,34.0,6.325,6.325,6.51K,7.80K,265.0,156.0,2.20B,No,181.31,180.7,195.16,179.39,184.66,497
2782,DHILLON.BO,33.25,29.0,3.20K,Transportation,Air Freight/Couriers,24.0,80.0,45.0,45.0,0.8021,0.3107,3.80K,1.28K,57.6,27.0,130.34M,No,30.79,32.14,35.3,31.86,33.25,233
2783,ORICONENT.NS,51.65,52.08,19.89K,Producer Manufacturing,Miscellaneous Manufacturing,24.0,44.0,22.0,10.0,2.3607,2.3593,79.26K,56.10K,73.12,48.81,8.16B,No,54.64,55.08,60.71,54.96,60.65,499
2784,KAUSHALYA.NS,840.55,872.0,0.06K,Industrial Services,Engineering & Construction,24.0,13.0,42.0,36.0,29.2714,28.0536,1.16K,0.17K,1435.95,750.0,291.09M,No,876.89,928.01,880.05,903.19,876.45,498
2785,SSTL.BO,23.1,23.18,40.00K,Distribution Services,Wholesale Distributors,24.0,79.0,37.0,71.0,1.3014,0.9729,13.52K,31.00K,39.81,15.45,576.98M,No,21.32,20.22,22.1,20.51,20.51,498
2786,VISACHROME.NS,34.9,35.09,26.01K,Non-Energy Minerals,Steel,24.0,23.0,11.0,30.0,2.255,2.0036,183.25K,468.02K,73.68,27.05,5.09B,No,37.73,38.54,41.64,37.87,39.36,499
2787,NCC.NS,143.15,145.33,2615.66K,Consumer Durables,Homebuilding,24.0,53.0,31.0,36.0,4.795,4.7236,2186.07K,2295.42K,222.31,130.0,89.88B,No,145.66,143.95,151.07,144.06,149.09,501
2788,BHANDERI.BO,125.0,127.0,9.60K,Finance,Real Estate Development,24.0,12.0,16.0,11.0,1.6429,0.0,3.17K,7.20K,154.0,125.0,324.58M,No,133.8,137.52,144.19,136.6,140.3,499
2789,KANSAINER.NS,191.11,191.2,109.22K,Process Industries,Industrial Specialties,24.0,14.0,15.0,38.0,4.4457,4.3779,327.64K,415.77K,264.0,157.91,154.57B,No,198.72,201.82,208.83,199.79,200.58,498
2790,PARKHOTELS.NS,111.63,111.64,74.99K,Consumer Services,Hotels/Resorts/Cruise Lines,23.0,27.0,36.0,27.0,3.4014,3.4014,162.59K,141.65K,164.1,95.1,23.82B,No,114.08,120.09,122.38,118.77,118.31,501
2791,MAANALU.NS,110.79,111.27,92.72K,Non-Energy Minerals,Aluminum,23.0,14.0,20.0,13.0,4.9479,4.9436,62.64K,77.90K,184.74,103.01,6.65B,No,118.3,119.7,136.79,118.91,129.86,499
2792,MALLCOM.NS,976.3,977.85,1.44K,Consumer Non-Durables,Apparel/Footwear,23.0,48.0,44.0,22.0,42.0714,40.7679,4.13K,6.99K,1520.0,929.0,6.09B,No,983.46,1006.65,1074.05,1005.41,1036.69,498
2793,IREDA.NS,113.32,111.99,5079.98K,Finance,Finance/Rental/Leasing,23.0,37.0,28.0,32.0,2.3736,2.1243,4688.78K,3506.24K,163.35,108.65,318.34B,No,115.09,118.9,126.42,118.31,123.0,501
2794,WHIRLPOOL.NS,795.65,795.0,113.04K,Consumer Durables,Electronics/Appliances,23.0,55.0,49.0,18.0,23.8929,23.4321,385.86K,813.34K,1437.0,751.0,100.98B,No,789.54,791.6,853.66,792.67,836.2,500
2795,SUBSM.BO,56.62,59.6,0.01K,Process Industries,Textiles,23.0,2.0,1.0,74.0,1.1514,0.4657,0.01K,0.09K,95.0,36.56,240.10M,No,66.0,75.11,66.78,72.9,67.95,499
2796,THEINVEST.NS,97.34,97.46,5.41K,Finance,Investment Banks/Brokers,23.0,57.0,52.0,37.0,3.5243,3.5007,6.81K,6.08K,159.29,89.0,5.09B,No,96.68,97.31,103.8,97.16,99.57,498
2797,ANNAINFRA.BO,27.23,27.5,5.08K,Finance,Real Estate Investment Trusts,23.0,74.0,5.0,25.0,3.7357,3.5414,0.91K,0.43K,39.9,21.9,103.47M,No,28.34,28.69,30.23,28.74,31.63,498
2798,BMWVENTLTD.NS,54.59,54.18,26.34K,Distribution Services,Wholesale Distributors,23.0,25.0,27.0,32.0,1.2964,1.2936,70.08K,48.05K,78.0,48.0,4.73B,No,56.28,57.38,58.52,57.13,58.7,237
2799,UTIAMC.NS,921.45,900.9,208.61K,Finance,Investment Managers,23.0,56.0,45.0,28.0,14.275,14.2607,220.58K,150.88K,1418.0,866.0,118.44B,No,892.24,917.07,989.74,911.63,944.65,501
2800,CIEINDIA.NS,381.8,381.65,321.23K,Producer Manufacturing,Auto Parts: Oem,23.0,22.0,14.0,11.0,6.4607,6.4607,415.06K,222.88K,526.0,380.6,144.84B,No,395.43,422.23,438.79,413.68,446.45,498
2801,IVALUE.NS,226.62,233.71,83.32K,Technology Services,Information Technology Services,23.0,2.0,37.0,34.0,11.8257,11.8157,543.87K,181.86K,340.0,207.35,12.38B,No,258.54,275.31,257.56,272.89,253.65,240
2802,RIDDHICORP.BO,57.0,58.0,0.22K,Transportation,Other Transportation,23.0,32.0,21.0,21.0,2.4079,2.2829,1.02K,1.42K,82.65,50.75,676.42M,No,58.19,59.26,62.84,59.33,60.72,497
2803,MGIL.BO,40.87,37.6,42.51K,Finance,Investment Banks/Brokers,23.0,81.0,47.0,46.0,5.0257,4.9971,10.09K,35.29K,78.43,26.51,204.36M,No,37.13,38.06,43.08,38.1,39.58,497
2804,KTIL.BO,63.58,62.0,0.34K,Distribution Services,Wholesale Distributors,23.0,71.0,39.0,40.0,2.6336,2.5686,1.91K,3.88K,107.0,53.6,694.71M,No,60.24,61.19,68.02,61.28,63.67,497
2805,SOURCENTRL.BO,108.9,107.8,0.20K,Health Technology,Pharmaceuticals: Other,23.0,56.0,51.0,18.0,8.0143,7.9357,2.89K,8.28K,170.0,96.55,700.98M,No,108.63,110.14,121.63,109.97,115.45,497
2806,REDTAPE.NS,115.06,116.57,148.57K,Retail Trade,Apparel/Footwear Retail,23.0,15.0,13.0,31.0,3.5986,3.445,425.56K,356.23K,163.5,107.53,63.61B,No,121.59,128.34,126.54,127.55,127.1,500
2807,GUJHOTE.BO,180.55,183.2,0.05K,Consumer Services,Hotels/Resorts/Cruise Lines,23.0,45.0,38.0,33.0,4.1786,3.8607,1.36K,0.66K,318.9,165.5,683.84M,No,182.44,185.14,193.58,185.31,187.01,497
2808,VAML.NS,437.05,445.3,4112.69K,Non-Energy Minerals,Aluminum,23.0,31.0,,,11.85,11.3179,11584.60K,6973.36K,537.0,423.15,1706.31B,No,442.61,448.3,,446.04,,64
2809,EVERESTO.BO,275.0,272.95,1.18K,Distribution Services,Medical Distributors,23.0,19.0,54.0,20.0,13.6393,12.8857,2.06K,1.21K,536.4,197.0,2.67B,No,286.92,294.92,328.46,291.82,279.21,497
2810,CENTRUM.NS,21.91,22.4,617.59K,Finance,Investment Managers,23.0,3.0,45.0,32.0,0.7479,0.7479,884.87K,200.06K,38.5,19.66,10.40B,No,23.28,23.95,25.02,23.78,24.25,500
2811,GRINFRA.NS,850.55,858.5,44.74K,Industrial Services,Engineering & Construction,23.0,40.0,43.0,21.0,24.1821,23.9071,34.02K,19.33K,1345.0,785.0,82.30B,No,876.86,886.51,928.16,877.89,895.83,500
2812,UCOBANK.NS,23.93,23.98,3530.92K,Finance,Regional Banks,23.0,19.0,29.0,17.0,0.4971,0.4629,7448.70K,4734.50K,34.2,22.22,300.07B,No,25.29,25.94,27.02,25.71,26.06,500
2813,PSPL.BO,51.1,51.1,2.00K,Transportation,Air Freight/Couriers,23.0,9.0,40.0,13.0,0.5,0.0071,0.30K,0.30K,83.99,46.7,151.99M,No,53.86,52.49,56.54,52.72,55.36,368
2814,DELTAMAGNT.NS,56.82,57.1,10.08K,Producer Manufacturing,Metal Fabrication,23.0,32.0,33.0,37.0,3.2521,3.2107,9.00K,2.51K,92.5,45.51,616.56M,No,57.79,58.31,61.57,57.85,58.89,498
2815,ASHSI.BO,23.09,23.16,1.75K,Non-Energy Minerals,Steel,23.0,60.0,30.0,41.0,2.0557,2.0557,2.15K,2.17K,37.2,17.0,288.62M,No,23.14,22.54,24.83,22.66,23.28,497
2816,INTERARCH.NS,1729.4,1761.0,27.91K,Producer Manufacturing,Building Products,23.0,60.0,37.0,33.0,44.6143,43.9929,53.60K,55.54K,2762.6,1600.0,29.08B,No,1709.71,1770.44,1942.03,1761.1,1828.73,499
2817,FINKURVE.NS,66.73,67.57,129.66K,Finance,Finance/Rental/Leasing,23.0,77.0,57.0,44.0,5.315,5.315,124.47K,119.81K,134.9,48.02,9.35B,No,73.32,67.01,75.24,67.5,66.35,233
2818,KPT.BO,463.05,470.8,2.17K,Consumer Durables,Tools & Hardware,23.0,24.0,56.0,15.0,18.075,18.075,6.21K,3.34K,767.0,335.0,1.57B,No,478.51,506.38,529.65,501.03,496.57,497
2819,MUTHOOTFIN.NS,2841.5,2815.0,408.11K,Finance,Finance/Rental/Leasing,23.0,49.0,29.0,15.0,86.4142,78.9142,1083.97K,722.85K,4149.5,2671.0,1140.77B,No,2968.29,2986.43,3375.37,2982.55,3197.37,501
2820,EIHAHOTELS.NS,291.55,293.3,9.36K,Consumer Services,Hotels/Resorts/Cruise Lines,23.0,49.0,38.0,21.0,8.1071,8.0964,17.05K,15.16K,416.0,266.65,17.77B,No,297.84,308.2,323.56,304.95,312.2,499
2821,BLEL.NS,441.6,456.75,563.08K,Non-Energy Minerals,Steel,23.0,,,,26.8893,26.6786,6118.94K,1709.24K,548.0,431.1,,No,,,,,,17
2822,MARUTI.NS,12590.0,12618.0,338.60K,Consumer Durables,Motor Vehicles,23.0,16.0,31.0,22.0,244.0,238.9286,447.39K,455.75K,17370.0,12201.0,3958.33B,No,13274.45,13652.6,14219.74,13542.9,13471.37,501
2823,INDTERRAIN.NS,28.68,29.34,15.02K,Consumer Non-Durables,Apparel/Footwear,23.0,14.0,22.0,30.0,0.9471,0.9243,35.11K,15.86K,42.62,24.56,1.45B,No,30.36,30.61,32.19,30.11,30.93,498
2824,HGS.NS,383.85,384.75,5.88K,Commercial Services,Miscellaneous Commercial Services,23.0,25.0,17.0,50.0,11.075,11.0143,53.51K,18.70K,546.35,342.05,17.86B,No,399.83,413.58,414.02,411.52,403.35,499
2825,NEXXUS.BO,77.9,77.9,1.20K,Non-Energy Minerals,Construction Materials,23.0,31.0,62.0,25.0,0.2929,0.0,1.37K,0.12K,130.0,64.23,541.44M,No,79.13,74.81,89.31,75.62,85.33,481
2826,UNITEDINT.BO,67.0,67.0,0.32K,Technology Services,Information Technology Services,22.0,45.0,23.0,30.0,3.6693,3.4321,0.23K,0.17K,97.88,62.0,122.68M,No,67.24,67.67,72.04,67.68,70.49,497
2827,GLOBECIVIL.NS,44.55,44.72,23.74K,Industrial Services,Engineering & Construction,22.0,65.0,65.0,26.0,2.2479,2.2464,55.92K,79.78K,80.45,33.5,2.66B,No,45.29,42.7,47.94,42.44,44.06,300
2828,CMXLTD.BO,21.15,20.21,6.81K,Finance,Financial Conglomerates,22.0,57.0,84.0,2.0,1.8264,1.7371,9.78K,7.42K,69.13,15.1,239.92M,No,23.63,22.35,33.21,21.92,25.52,497
2829,WILLAMAGOR.NS,24.49,24.02,6.07K,Finance,Financial Conglomerates,22.0,39.0,28.0,26.0,1.7214,1.6957,2.50K,3.49K,37.5,21.11,268.32M,No,24.57,25.44,27.31,25.35,26.28,498
2830,CINDHO.BO,49.5,51.8,0.18K,Consumer Services,Hotels/Resorts/Cruise Lines,22.0,18.0,51.0,19.0,0.88,0.5064,0.15K,0.04K,68.49,45.75,178.20M,No,51.93,52.64,54.28,52.71,52.41,497
2831,AHASOLAR.BO,72.15,75.0,1.20K,Technology Services,Packaged Software,22.0,15.0,22.0,37.0,4.1386,2.7579,1.60K,3.08K,116.85,58.9,222.39M,No,76.76,77.52,81.62,76.65,77.85,498
2832,DEFRAIL.BO,72.5,72.5,4.80K,Producer Manufacturing,Miscellaneous Manufacturing,22.0,66.0,40.0,17.0,2.1993,1.56,6.60K,7.36K,122.0,64.15,509.27M,No,70.48,70.23,,70.19,76.56,162
2833,GHCL.NS,424.7,426.3,92.30K,Process Industries,Textiles,22.0,47.0,43.0,23.0,8.325,8.1321,189.59K,120.02K,667.2,416.6,38.93B,No,436.35,435.49,484.01,435.43,453.33,500
2834,HERCULES.BO,119.3,120.2,11.84K,Producer Manufacturing,Trucks/Construction/Farm Machinery,22.0,36.0,40.0,33.0,3.4857,3.4786,7.39K,6.97K,226.0,85.85,3.82B,No,121.27,119.91,129.25,119.96,120.52,497
2835,NAM.BO,74.91,78.85,0.00K,Finance,Investment Banks/Brokers,22.0,4.0,24.0,45.0,2.7971,1.9321,0.10K,0.03K,105.97,68.0,403.91M,No,85.35,87.65,83.96,87.57,83.35,496
2836,BIRLAMONEY.NS,122.9,123.25,24.30K,Finance,Investment Banks/Brokers,22.0,21.0,37.0,28.0,3.6279,3.595,83.05K,34.28K,188.85,95.0,6.94B,No,127.54,133.67,135.17,132.27,132.57,499
2837,BANKBARODA.NS,237.62,234.1,8948.77K,Finance,Major Banks,22.0,31.0,15.0,10.0,4.3521,4.12,10625.69K,8297.80K,325.5,234.05,1228.82B,No,241.27,244.66,273.82,245.12,265.09,501
2838,INSECTICID.NS,612.5,623.6,11.62K,Process Industries,Chemicals: Agricultural,22.0,38.0,12.0,36.0,23.2322,22.8321,28.73K,45.89K,800.6,518.6,17.82B,No,606.62,629.25,659.38,628.78,653.24,499
2839,HITECH.NS,77.4,76.79,1896.13K,Non-Energy Minerals,Steel,22.0,52.0,14.0,33.0,2.7107,2.6757,765.93K,1108.91K,127.5,70.14,15.69B,No,78.32,82.72,85.89,82.11,84.47,501
2840,KNRCON.NS,123.68,122.9,2822.15K,Industrial Services,Engineering & Construction,22.0,22.0,43.0,37.0,4.8607,4.8407,1349.38K,1757.09K,220.0,108.65,34.78B,No,124.46,126.38,133.66,126.7,126.72,501
2841,PRERINFRA.BO,24.0,23.52,2.82K,Consumer Durables,Homebuilding,22.0,32.0,15.0,30.0,1.1036,1.0393,12.49K,6.24K,36.98,19.03,867.06M,No,24.59,25.62,25.86,25.18,24.87,497
2842,JAMSHRI.BO,75.84,76.45,0.13K,Finance,Real Estate Development,22.0,50.0,30.0,26.0,1.705,1.5393,0.68K,0.53K,109.11,68.0,529.86M,No,75.37,76.55,82.17,76.23,77.89,497
2843,DCXINDIA.NS,167.56,171.27,339.54K,Producer Manufacturing,Electrical Products,22.0,28.0,31.0,17.0,5.11,4.7236,770.31K,439.52K,286.0,153.3,18.66B,No,173.49,181.85,183.66,179.29,185.58,500
2844,TIPSFILMS.NS,327.4,326.65,1.39K,Consumer Services,Movies/Entertainment,22.0,8.0,30.0,26.0,11.3714,11.3714,17.49K,3.22K,479.25,276.75,1.42B,No,340.3,348.82,365.93,352.66,352.13,498
2845,RCCL.BO,29.89,28.84,0.22K,Utilities,Gas Distributors,22.0,25.0,27.0,23.0,1.48,1.3343,0.41K,1.01K,44.89,27.0,100.48M,No,31.17,31.67,33.28,31.52,32.13,497
2846,CHEMFAB.NS,384.5,373.75,14.63K,Process Industries,Chemicals: Specialty,22.0,62.0,38.0,38.0,20.1071,20.0071,3.62K,4.09K,703.0,290.35,5.53B,No,365.84,369.25,397.33,369.91,381.13,498
2847,AROGRANITE.NS,24.19,24.04,11.21K,Non-Energy Minerals,Construction Materials,22.0,32.0,36.0,31.0,0.9286,0.9286,8.76K,9.34K,45.63,18.67,370.11M,No,24.78,25.1,26.75,25.03,25.26,498
2848,KOKUYOCMLN.NS,78.94,78.9,16.11K,Consumer Durables,Tools & Hardware,22.0,39.0,29.0,40.0,2.5029,2.4829,40.09K,37.55K,117.93,71.05,7.92B,No,80.25,83.42,85.71,82.76,84.25,500
2849,TRENT.NS,2818.7,2820.0,503.79K,Retail Trade,Apparel/Footwear Retail,22.0,29.0,51.0,54.0,52.5143,51.1357,1337.56K,687.41K,5248.0,2183.67,1503.02B,No,2886.77,2943.27,2955.48,2911.03,2792.1,501
2850,RUNGTAIR.BO,49.84,49.85,0.02K,Producer Manufacturing,Industrial Machinery,22.0,41.0,25.0,33.0,2.5136,2.3643,0.83K,0.61K,68.99,43.0,992.90M,No,49.29,50.08,53.25,49.51,51.04,497
2851,UPL.NS,575.3,575.7,1242.05K,Process Industries,Chemicals: Agricultural,22.0,57.0,31.0,20.0,10.6429,10.5321,2202.21K,2165.74K,812.2,557.95,486.29B,No,573.52,586.71,655.83,585.15,616.18,501
2852,ZODIACLOTH.NS,70.42,71.03,8.77K,Consumer Non-Durables,Apparel/Footwear,22.0,17.0,31.0,25.0,2.3693,2.33,13.78K,3.90K,119.45,58.5,1.93B,No,73.41,75.84,78.55,75.23,75.47,498
2853,BIZOTIC.BO,100.64,95.85,98.40K,Consumer Non-Durables,Apparel/Footwear,22.0,37.0,7.0,2.0,6.8257,4.9514,61.35K,50.76K,175.5,72.83,5.82B,No,107.27,102.77,137.33,99.71,126.6,500
2854,IGL.NS,153.46,152.92,622.24K,Utilities,Gas Distributors,22.0,55.0,29.0,32.0,3.3214,2.85,2295.44K,2256.95K,223.5,141.74,214.84B,No,150.55,151.83,166.14,151.91,157.94,500
2855,VERITAS.BO,167.0,164.4,5.92K,Distribution Services,Wholesale Distributors,22.0,55.0,52.0,35.0,4.1071,3.95,3.90K,2.89K,373.5,132.2,4.48B,No,165.36,171.27,173.01,170.94,167.56,497
2856,BALAXI.NS,23.24,23.68,39.29K,Distribution Services,Medical Distributors,22.0,47.0,40.0,61.0,1.4586,1.4129,37.70K,86.51K,47.71,15.2,1.28B,No,23.45,23.82,24.77,23.81,23.3,498
2857,JTEKTINDIA.NS,119.93,121.26,172.95K,Consumer Durables,Automotive Aftermarket,22.0,5.0,38.0,21.0,3.0007,2.9271,726.09K,177.22K,187.95,117.0,33.27B,No,125.9,134.15,136.12,131.87,132.62,500
2858,UFO.NS,63.08,63.13,6.76K,Consumer Services,Movies/Entertainment,22.0,25.0,14.0,25.0,2.2364,2.2364,43.42K,33.75K,92.97,53.75,2.45B,No,65.54,67.37,72.39,66.45,69.14,499
2859,TUSALDAH.BO,131.25,125.0,0.01K,Consumer Non-Durables,Apparel/Footwear,22.0,24.0,14.0,31.0,5.0857,2.6571,0.66K,0.14K,248.95,100.5,307.58M,No,129.33,137.68,145.23,135.65,139.91,497
2860,EKC.NS,102.39,103.3,88.96K,Producer Manufacturing,Industrial Machinery,22.0,18.0,31.0,33.0,2.5264,2.5193,330.94K,118.73K,154.55,90.25,11.49B,No,108.21,110.66,113.43,109.58,111.84,500
2861,BSL.NS,122.06,123.25,3.58K,Process Industries,Textiles,22.0,52.0,39.0,26.0,3.9429,3.925,6.20K,8.28K,205.0,98.0,1.26B,No,122.71,124.8,132.71,124.09,124.58,498
2862,BLUESTARCO.NS,1514.0,1456.9,997.41K,Producer Manufacturing,Industrial Machinery,22.0,58.0,33.0,7.0,38.0071,36.9143,460.91K,501.02K,2032.9,1432.3,311.27B,No,1491.04,1581.08,1715.15,1567.92,1669.65,500
2863,VPL.BO,32.0,32.0,1.20K,Process Industries,Agricultural Commodities/Milling,22.0,5.0,39.0,19.0,0.1429,0.0,1.46K,0.12K,55.0,30.1,198.07M,No,33.85,33.82,35.85,33.68,34.07,497
2864,RIYAASAT.BO,70.35,70.35,12.00K,Consumer Non-Durables,Apparel/Footwear,22.0,85.0,,,3.1643,2.4621,8.85K,1.68K,84.8,53.02,755.87M,No,63.57,63.12,,62.32,,50
2865,SANINFRA.BO,49.78,48.25,5.71K,Distribution Services,Wholesale Distributors,21.0,44.0,76.0,6.0,2.4714,2.4693,5.68K,3.19K,99.0,38.88,786.56M,No,49.4,50.1,63.7,49.98,59.38,500
2866,CAPRO.BO,46.77,49.09,1.56K,Commercial Services,Miscellaneous Commercial Services,21.0,43.0,29.0,3.0,1.8914,1.3943,0.34K,0.74K,81.0,37.1,215.14M,No,44.52,47.12,53.92,47.48,50.44,497
2867,HINDPETRO.NS,352.65,348.9,2991.39K,Energy Minerals,Oil Refining/Marketing,21.0,15.0,22.0,20.0,7.5179,7.1607,6137.70K,4284.73K,508.45,316.2,750.38B,No,363.51,381.94,404.12,376.95,380.23,501
2868,PWASML.BO,22.0,22.9,3.21K,Process Industries,Textiles,21.0,35.0,19.0,27.0,1.7357,1.6421,2.63K,3.62K,33.4,17.86,225.71M,No,22.77,22.65,23.83,22.51,22.96,497
2869,SOMATEX.NS,84.48,84.05,3.74K,Process Industries,Textiles,21.0,15.0,17.0,9.0,4.8436,4.2907,16.31K,18.29K,161.25,62.15,2.87B,No,86.35,94.89,105.62,94.73,99.56,498
2870,SANOFICONR.NS,4089.6,4049.5,4.99K,Health Technology,Pharmaceuticals: Major,21.0,18.0,18.0,21.0,105.75,104.0714,10.88K,4.64K,5357.0,3975.0,94.32B,No,4195.47,4424.82,4476.46,4410.6,4508.48,497
2871,NIRAJ.NS,27.76,28.07,20.04K,Industrial Services,Engineering & Construction,21.0,35.0,33.0,32.0,1.275,1.2721,40.71K,28.24K,51.98,20.15,1.66B,No,28.61,28.97,30.81,28.75,28.81,499
2872,VINAYAKPOL.BO,21.3,21.3,0.07K,Process Industries,Containers/Packaging,21.0,21.0,42.0,26.0,0.6043,0.2129,0.12K,0.04K,37.38,19.16,65.63M,No,22.57,22.86,24.27,22.74,22.83,497
2873,BHARATCOAL.NS,33.42,33.79,3217.38K,Energy Minerals,Coal,21.0,50.0,19.0,38.0,0.8057,0.7943,16349.75K,4607.50K,45.09,29.74,,No,33.82,34.91,,34.69,35.54,163
2874,TCS.NS,2204.1,2208.0,2490.35K,Technology Services,Information Technology Services,21.0,27.0,50.0,14.0,55.95,50.8929,3944.41K,2615.29K,3350.0,1976.8,7974.63B,No,2298.1,2286.2,2579.06,2292.37,2344.37,501
2875,POONADAL.BO,58.77,59.38,5.30K,Process Industries,Agricultural Commodities/Milling,21.0,32.0,28.0,11.0,2.7993,2.2564,0.57K,1.30K,93.2,57.0,335.46M,No,61.49,62.36,64.93,62.37,64.46,497
2876,GANGESSECU.NS,115.62,115.99,1.95K,Consumer Non-Durables,Food: Specialty/Candy,21.0,46.0,34.0,32.0,4.1314,3.8121,2.38K,3.02K,178.15,103.31,1.16B,No,119.14,118.14,124.93,117.29,120.25,498
2877,JWL.NS,241.56,241.01,990.15K,Producer Manufacturing,Trucks/Construction/Farm Machinery,21.0,24.0,17.0,11.0,6.0121,5.8986,1080.43K,646.81K,358.25,235.65,103.24B,No,245.69,251.58,277.3,251.03,267.1,501
2878,POEL.NS,140.7,143.02,19.53K,Process Industries,Chemicals: Specialty,21.0,,,,7.3507,7.2636,30.78K,29.98K,168.97,140.0,4.34B,No,,,,,,18
2879,MHEL.BO,55.0,60.8,2.25K,Producer Manufacturing,Trucks/Construction/Farm Machinery,21.0,6.0,15.0,19.0,0.6436,0.0036,0.35K,0.97K,84.8,47.3,214.70M,No,63.22,64.13,63.98,63.08,61.62,497
2880,VESUVIUS.NS,416.1,420.85,123.84K,Non-Energy Minerals,Construction Materials,21.0,17.0,23.0,11.0,12.0857,12.0,84.67K,70.32K,607.9,403.95,84.45B,No,425.61,445.62,472.19,440.33,468.64,499
2881,SWSOLAR.NS,182.65,182.03,2401.69K,Industrial Services,Engineering & Construction,21.0,14.0,27.0,37.0,6.0914,6.0771,1963.96K,643.76K,272.8,148.0,42.66B,No,193.18,208.43,203.53,203.4,200.83,500
2882,ITCHOTELS.NS,154.13,155.31,1212.01K,Consumer Services,Hotels/Resorts/Cruise Lines,21.0,18.0,46.0,23.0,3.1757,3.0621,3067.83K,1572.09K,251.23,137.3,321.05B,No,162.03,167.55,171.46,166.05,162.29,403
2883,ICICIPRULI.NS,471.0,462.5,2174.11K,Finance,Life/Health Insurance,21.0,27.0,46.0,7.0,15.2821,13.2679,1712.17K,1415.75K,706.8,455.3,683.32B,No,499.73,502.21,563.55,502.02,526.72,500
2884,ADMANUM.BO,51.92,53.2,6.75K,Finance,Finance/Rental/Leasing,21.0,26.0,11.0,41.0,2.4943,2.4114,2.96K,1.58K,75.97,42.2,389.40M,No,54.03,56.14,55.99,55.95,55.79,497
2885,SHRIRAMPPS.NS,72.62,72.51,214.06K,Finance,Real Estate Development,21.0,5.0,15.0,30.0,2.2529,2.1464,588.77K,534.54K,99.44,60.57,12.39B,No,76.47,82.64,82.06,81.22,81.62,500
2886,TEAMLEASE.NS,1253.9,1281.5,11.45K,Commercial Services,Personnel Services,21.0,56.0,15.0,53.0,35.9571,35.7214,34.19K,23.27K,1944.3,1065.2,19.16B,No,1253.58,1300.31,1364.39,1288.56,1287.6,499
2887,GEMAROMA.NS,165.09,164.83,111.55K,Process Industries,Chemicals: Major Diversified,21.0,40.0,36.0,15.0,6.4671,6.4671,447.83K,71.40K,317.0,133.0,8.62B,No,168.35,179.85,170.72,178.59,173.35,261
2888,EIDPARRY.NS,733.95,756.7,342.02K,Process Industries,Chemicals: Agricultural,21.0,32.0,47.0,21.0,27.85,27.475,533.51K,460.67K,1118.0,698.2,130.61B,No,788.05,778.46,845.9,772.59,789.04,500
2889,SITAENT.BO,131.0,130.1,1.01K,Finance,Investment Banks/Brokers,21.0,11.0,24.0,10.0,11.2321,10.8214,1.83K,1.80K,203.4,122.0,393.00M,No,138.2,141.68,152.27,139.49,150.15,497
2890,MYMONEY.BO,35.08,38.35,0.10K,Finance,Investment Banks/Brokers,21.0,75.0,9.0,29.0,3.1286,2.8457,0.80K,1.44K,54.9,30.85,589.35M,No,35.61,36.68,40.47,36.09,40.13,497
2891,QUESTCAP.BO,250.5,250.0,0.18K,Finance,Investment Banks/Brokers,21.0,26.0,21.0,30.0,5.7643,5.0107,1.01K,0.47K,357.85,222.0,2.50B,No,256.13,264.73,271.71,261.96,263.25,497
2892,PALASHSECU.NS,87.99,88.86,0.42K,Consumer Non-Durables,Food: Specialty/Candy,21.0,33.0,26.0,34.0,3.9736,3.7543,1.85K,1.25K,132.7,79.01,880.17M,No,89.39,89.73,95.92,89.97,92.41,499
2893,PFS.NS,27.47,27.21,584.08K,Finance,Finance/Rental/Leasing,21.0,35.0,21.0,29.0,0.6907,0.6743,525.13K,522.47K,40.5,23.85,17.64B,No,27.6,28.76,30.61,28.4,29.39,500
2894,GUJPETR.BO,52.53,54.82,0.21K,Process Industries,Chemicals: Specialty,21.0,29.0,24.0,17.0,2.3321,1.7564,1.38K,0.45K,81.51,50.0,313.56M,No,53.19,54.56,58.0,54.14,57.37,497
2895,ACI.NS,480.55,481.25,159.58K,Process Industries,Chemicals: Major Diversified,21.0,26.0,18.0,16.0,17.2893,17.2893,334.43K,609.21K,726.0,477.0,59.33B,No,496.8,522.26,546.81,513.52,549.9,499
2896,GOKAKTEX.BO,58.5,59.95,0.07K,Process Industries,Textiles,21.0,47.0,42.0,22.0,5.5707,5.4129,1.43K,2.27K,95.0,51.0,380.21M,No,58.36,60.48,65.75,59.22,63.65,497
2897,CROMPTON.NS,230.0,232.96,2557.07K,Producer Manufacturing,Industrial Machinery,21.0,27.0,19.0,24.0,6.7964,6.7693,3455.61K,3634.84K,320.15,217.4,148.10B,No,239.19,251.29,257.13,247.42,258.0,500
2898,ACME.BO,28.62,28.42,2.80K,Finance,Finance/Rental/Leasing,21.0,46.0,35.0,25.0,1.5664,1.5429,1.40K,1.32K,42.16,26.8,736.79M,No,28.93,29.55,32.22,29.37,30.41,497
2899,KAYCEEI.BO,800.65,810.4,0.29K,Producer Manufacturing,Electrical Products,21.0,23.0,21.0,35.0,32.9964,32.8964,0.91K,0.82K,1317.0,632.3,2.54B,No,827.39,873.94,864.23,873.62,862.08,497
2900,SPMLINFRA.NS,173.0,173.93,97.09K,Industrial Services,Engineering & Construction,21.0,22.0,26.0,36.0,6.435,6.435,289.64K,235.08K,288.75,151.01,14.56B,No,184.16,191.19,188.4,189.78,190.55,500
2901,MCPL.BO,85.0,81.55,6.00K,Retail Trade,Home Improvement Chains,21.0,46.0,7.0,47.0,3.8971,1.98,15.44K,1.60K,126.2,60.0,1.17B,No,90.51,90.01,87.3,88.56,84.49,500
2902,RAJOOENG.NS,54.89,55.9,176.99K,Producer Manufacturing,Industrial Machinery,20.0,76.0,48.0,22.0,2.4079,2.3779,238.35K,290.21K,103.69,46.0,9.81B,No,50.84,51.36,58.89,51.63,55.97,324
2903,ENIL.NS,101.74,100.72,10.98K,Consumer Services,Broadcasting,20.0,55.0,25.0,30.0,4.0793,3.9171,39.27K,35.82K,166.45,98.57,4.85B,No,101.85,104.55,110.48,104.19,108.0,499
2904,PANAENERG.BO,262.8,265.25,1.43K,Producer Manufacturing,Electrical Products,20.0,61.0,24.0,19.0,6.5429,6.2429,3.55K,2.34K,399.0,240.0,1.97B,No,261.26,257.96,290.49,256.98,278.3,497
2905,BONDADA.BO,289.35,288.6,157.00K,Industrial Services,Engineering & Construction,20.0,53.0,21.0,34.0,10.7643,10.4464,157.97K,130.92K,503.0,216.0,32.31B,No,283.76,294.79,322.73,291.71,311.66,497
2906,RAP.BO,32.25,32.49,1.62K,Finance,Real Estate Development,20.0,3.0,8.0,16.0,3.5057,3.2307,2.46K,3.95K,49.1,23.45,189.66M,No,35.84,37.01,36.98,36.59,36.31,497
2907,SHAKTIPUMP.NS,503.2,467.8,13940.74K,Producer Manufacturing,Industrial Machinery,20.0,49.0,30.0,42.0,13.5036,11.6929,947.32K,321.32K,915.0,456.35,62.09B,No,488.2,520.0,567.95,518.92,526.68,501
2908,BBTC.NS,1434.7,1448.8,32.94K,Consumer Non-Durables,Food: Major Diversified,20.0,38.0,31.0,18.0,45.6786,42.3,273.83K,1570.44K,2135.0,1314.6,100.10B,No,1476.34,1493.4,1610.26,1486.46,1519.99,500
2909,HAWAENG.BO,78.23,76.0,0.05K,Producer Manufacturing,Industrial Machinery,20.0,53.0,24.0,32.0,4.4879,3.2786,0.59K,0.48K,130.0,63.4,275.87M,No,78.87,80.39,85.5,80.19,81.07,497
2910,TRF.NS,220.8,228.79,26.86K,Producer Manufacturing,Trucks/Construction/Farm Machinery,20.0,27.0,38.0,24.0,5.3893,5.3893,25.02K,7.30K,405.0,215.5,2.43B,No,229.15,232.87,255.53,231.14,240.78,500
2911,NATIONSTD.NS,115.89,114.4,78.11K,Finance,Real Estate Development,20.0,,,,6.7271,6.5186,103.64K,44.19K,148.1,98.27,2.32B,No,,,,,,18
2912,PRAKASH.NS,123.78,126.41,461.51K,Non-Energy Minerals,Steel,20.0,59.0,16.0,39.0,3.665,3.6257,483.67K,362.07K,177.0,110.24,22.17B,No,128.46,127.18,133.5,127.46,133.67,501
2913,KATRSPG.BO,94.1,96.0,0.52K,Process Industries,Textiles,20.0,10.0,20.0,26.0,3.9743,3.2643,0.14K,0.17K,148.0,80.0,268.18M,No,103.33,103.32,102.33,102.97,102.34,497
2914,RAGHUSYN.BO,92.76,92.74,3.38K,Process Industries,Textiles,20.0,27.0,25.0,10.0,4.4329,4.3957,2.50K,1.70K,130.0,89.0,3.59B,No,94.29,97.51,103.1,96.79,100.72,497
2915,PERFEPA.BO,70.9,76.0,2.18K,Process Industries,Containers/Packaging,20.0,8.0,50.0,14.0,6.8693,6.4229,0.56K,0.28K,105.25,66.0,472.16M,No,77.72,74.9,80.95,74.87,78.14,498
2916,SWADPOL.BO,36.42,37.0,2.74K,Process Industries,Textiles,20.0,29.0,46.0,40.0,2.3257,2.2507,4.23K,5.47K,68.49,27.0,1.42B,No,36.65,36.86,39.17,36.98,36.0,497
2917,MAPMYINDIA.NS,939.9,955.2,121.89K,Commercial Services,Miscellaneous Commercial Services,20.0,22.0,63.0,26.0,37.3143,37.3143,597.09K,186.25K,1998.0,795.0,51.47B,No,983.21,1041.3,1134.0,1042.11,962.9,499
2918,PROSTARM.NS,134.78,135.64,217.95K,Producer Manufacturing,Electrical Products,20.0,30.0,34.0,42.0,5.4329,5.3907,216.20K,198.26K,237.0,114.64,7.94B,No,134.98,133.09,148.07,133.41,139.41,320
2919,NAGREEKEXP.NS,22.33,22.42,9.70K,Process Industries,Textiles,20.0,50.0,10.0,24.0,1.2543,1.235,56.61K,54.88K,40.0,17.5,697.80M,No,22.64,23.0,25.02,23.07,24.56,499
2920,UNISEM.BO,48.9,48.9,2.00K,Process Industries,Agricultural Commodities/Milling,20.0,45.0,31.0,6.0,0.5429,0.0821,4.38K,0.80K,67.91,45.83,554.13M,No,48.81,50.71,,50.67,55.09,182
2921,OCEANIC.BO,52.9,50.7,7.49K,Consumer Non-Durables,Food: Specialty/Candy,20.0,51.0,19.0,14.0,3.63,3.4593,4.00K,4.33K,78.14,50.0,595.12M,No,54.5,54.4,60.42,54.55,57.71,498
2922,FINPIPE.NS,157.08,156.71,286.15K,Producer Manufacturing,Miscellaneous Manufacturing,20.0,39.0,23.0,13.0,3.7343,3.7286,739.28K,454.20K,222.5,147.54,97.12B,No,159.35,163.45,171.97,162.05,170.63,498
2923,CONTROLPR.NS,572.95,587.4,20.56K,Electronic Technology,Computer Peripherals,20.0,56.0,31.0,21.0,17.9143,17.8679,101.15K,23.80K,899.0,517.0,9.16B,No,588.12,605.58,642.31,596.09,620.38,498
2924,FRACTAL.NS,766.65,777.65,244.08K,Technology Services,Packaged Software,20.0,24.0,7.0,31.0,22.1679,21.7714,369.63K,318.82K,1118.0,733.7,131.84B,No,823.76,828.44,,824.85,871.24,144
2925,AASTAFIN.BO,31.51,31.79,6.12K,Finance,Finance/Rental/Leasing,20.0,30.0,40.0,25.0,1.7929,1.79,14.36K,7.35K,51.0,27.8,489.58M,No,32.04,33.72,36.18,33.84,34.29,497
2926,CHLLTD.BO,27.95,26.66,0.21K,Consumer Services,Hotels/Resorts/Cruise Lines,20.0,53.0,28.0,17.0,2.0507,1.8314,0.76K,0.54K,44.6,23.63,1.53B,No,27.97,27.82,30.75,27.87,29.72,497
2927,ATIL.BO,92.45,101.0,8.00K,Producer Manufacturing,Trucks/Construction/Farm Machinery,20.0,3.0,55.0,24.0,5.0271,4.0929,23.45K,7.80K,156.0,77.0,1.27B,No,103.38,97.7,,96.87,94.1,175
2928,METALCO.BO,51.5,52.8,2.51K,Non-Energy Minerals,Steel,20.0,44.0,29.0,26.0,2.7571,2.7364,1.06K,0.97K,78.9,44.5,377.33M,No,52.94,52.22,58.15,52.73,54.59,497
2929,STARCEMENT.NS,194.68,192.32,219.25K,Non-Energy Minerals,Construction Materials,20.0,48.0,25.0,28.0,5.505,5.2543,322.10K,498.28K,279.55,180.12,78.69B,No,192.53,199.69,212.72,198.77,210.23,499
2930,GANVERSE.BO,23.6,24.65,11.25K,Finance,Real Estate Development,20.0,16.0,27.0,41.0,0.9679,0.6421,19.20K,10.75K,39.85,16.6,,No,25.34,27.64,26.89,27.02,26.2,498
2931,NAGREEKCAP.NS,22.87,22.66,0.97K,Finance,Investment Banks/Brokers,20.0,48.0,8.0,20.0,1.4443,1.4264,8.06K,3.93K,42.75,19.3,288.51M,No,23.05,23.27,26.18,23.09,25.72,498
2932,TECHNOE.NS,977.85,985.3,258.21K,Industrial Services,Engineering & Construction,20.0,21.0,32.0,16.0,26.2071,25.2964,196.57K,136.56K,1488.1,870.0,113.72B,No,985.62,1010.03,1082.6,1006.13,1092.82,500
2933,BEARDSELL.NS,24.39,24.96,14.89K,Process Industries,Industrial Specialties,20.0,24.0,17.0,36.0,1.4636,1.455,23.12K,17.04K,38.6,20.02,961.87M,No,25.5,26.71,27.22,26.37,26.29,500
2934,TEXELIN.BO,64.14,63.47,7.00K,Consumer Durables,Home Furnishings,20.0,23.0,58.0,15.0,3.1957,3.16,26.57K,15.17K,114.85,55.98,903.82M,No,65.27,69.78,74.55,68.35,71.33,497
2935,ORIENTTECH.NS,235.36,229.65,266.34K,Technology Services,Information Technology Services,20.0,16.0,28.0,19.0,6.7536,6.6157,790.27K,107.69K,466.73,220.8,10.78B,No,241.94,254.54,286.52,252.84,265.78,501
2936,VIPIND.NS,301.55,305.0,348.28K,Consumer Durables,Other Consumer Specialties,20.0,42.0,35.0,12.0,9.4893,9.4893,266.57K,352.68K,454.3,278.25,42.84B,No,306.49,304.12,330.77,303.93,315.96,500
2937,BAJAJELEC.NS,337.75,339.8,142.09K,Consumer Durables,Electronics/Appliances,20.0,22.0,62.0,25.0,9.8929,9.7071,395.71K,122.60K,653.8,301.0,38.98B,No,341.06,339.67,378.42,341.12,351.17,501
2938,VISVEN.BO,40.0,40.0,0.00K,Commercial Services,Miscellaneous Commercial Services,19.0,20.0,62.0,8.0,2.6379,2.1843,1.80K,0.71K,77.58,33.15,124.73M,No,42.73,40.88,46.98,41.3,42.31,497
2939,AMITSEC.BO,39.25,39.3,0.10K,Commercial Services,Miscellaneous Commercial Services,19.0,28.0,5.0,10.0,2.6993,2.2671,0.31K,0.04K,67.16,27.21,278.68M,No,43.02,44.28,48.0,43.46,49.62,497
2940,PFIZER.NS,4095.4,4171.0,267.08K,Health Technology,Pharmaceuticals: Major,19.0,4.0,17.0,13.0,116.0928,112.5571,41.54K,45.28K,5578.5,4080.0,187.36B,No,4700.29,4709.77,4770.59,4688.83,4718.39,499
2941,SCOOBEEDAY.BO,65.25,67.77,0.37K,Consumer Non-Durables,Apparel/Footwear,19.0,20.0,25.0,24.0,2.9129,2.595,1.09K,0.46K,92.95,61.11,1.10B,No,66.5,68.88,72.38,69.08,69.82,497
2942,INDRAMEDCO.NS,360.0,360.2,107.00K,Health Services,Hospital/Nursing Management,19.0,26.0,30.0,20.0,7.6821,7.6286,297.63K,188.53K,640.85,342.0,33.00B,No,365.55,370.64,401.09,368.41,386.82,500
2943,VRUDDHI.BO,190.0,190.0,0.50K,Non-Energy Minerals,Steel,19.0,30.0,4.0,31.0,1.725,0.8964,0.83K,0.10K,249.0,144.0,479.48M,No,196.18,211.84,213.0,209.53,210.11,497
2944,ZBINTXPP.BO,1747.25,1839.2,0.00K,Process Industries,Textiles,19.0,78.0,22.0,13.0,38.3571,13.0357,0.00K,0.00K,2837.3,1579.0,1.24B,No,1779.59,1697.56,2084.63,1721.2,1944.25,496
2945,KARMAENG.NS,37.88,37.82,69.18K,Utilities,Electric Utilities,19.0,36.0,23.0,30.0,2.0907,2.0629,5.14K,3.04K,73.7,34.38,438.27M,No,38.42,38.8,43.7,38.81,42.15,498
2946,ASSOCER.BO,167.75,171.0,0.22K,Non-Energy Minerals,Construction Materials,19.0,52.0,38.0,13.0,5.45,4.4679,0.08K,0.14K,246.8,140.0,343.00M,No,161.85,165.68,185.58,165.34,175.61,496
2947,GARWAOFFS.BO,45.01,44.47,8.32K,Industrial Services,Oilfield Services/Equipment,19.0,20.0,35.0,26.0,2.0886,2.0693,17.11K,9.99K,88.0,31.36,1.38B,No,48.28,47.63,50.29,47.49,47.72,497
2948,UNIAUTO.BO,49.57,49.34,16.93K,Non-Energy Minerals,Steel,19.0,38.0,27.0,19.0,4.2171,4.2171,9.03K,7.20K,71.4,41.9,616.38M,No,52.13,52.33,55.92,51.68,53.82,497
2949,KAKATCEM.NS,109.42,110.97,5.44K,Non-Energy Minerals,Construction Materials,19.0,57.0,17.0,39.0,4.24,4.11,2.53K,2.63K,165.55,85.0,850.62M,No,112.54,115.83,119.38,115.07,116.11,499
2950,NFL.NS,69.45,69.98,737.44K,Process Industries,Chemicals: Agricultural,19.0,39.0,26.0,29.0,1.29,1.2057,953.40K,400.71K,101.4,63.35,34.07B,No,70.77,71.81,76.87,71.32,73.66,500
2951,SCHAND.NS,135.42,135.01,11.63K,Consumer Services,Publishing: Books/Magazines,19.0,42.0,28.0,18.0,4.2307,4.21,30.72K,23.59K,200.0,130.05,4.78B,No,136.46,142.78,154.08,141.85,150.55,498
2952,LAXMIDENTL.NS,202.56,201.14,94.78K,Health Services,Medical/Nursing Services,19.0,58.0,19.0,57.0,5.5729,5.5393,144.30K,75.98K,377.05,155.88,11.15B,No,197.69,209.78,215.98,208.79,205.17,411
2953,CITADEL.BO,38.5,38.86,1.77K,Finance,Real Estate Development,19.0,74.0,47.0,32.0,3.4043,3.3736,2.65K,3.10K,73.4,31.23,346.50M,No,36.88,36.48,40.21,36.46,38.73,497
2954,ZSARACOM.NS,11190.0,11002.0,0.03K,Finance,Financial Conglomerates,19.0,,,,627.5714,623.7857,0.07K,0.08K,13418.0,9808.0,12.26B,No,,,,,,18
2955,MCLOUD.NS,25.99,25.94,1095.39K,Technology Services,Information Technology Services,19.0,12.0,74.0,53.0,0.9207,0.9193,8774.97K,1881.13K,87.0,19.4,15.31B,No,27.63,28.47,26.32,28.18,26.29,396
2956,HUDCO.NS,174.08,175.35,1349.10K,Finance,Finance/Rental/Leasing,19.0,15.0,12.0,33.0,4.2707,4.1929,2351.61K,1953.47K,246.85,159.0,348.49B,No,183.08,194.29,201.16,191.55,195.33,501
2957,NETLINK.BO,152.25,156.05,0.50K,Technology Services,Packaged Software,19.0,18.0,3.0,8.0,9.05,8.9071,0.76K,0.78K,230.9,136.1,385.07M,No,162.14,171.24,179.1,169.6,183.52,497
2958,NDRAUTO.NS,702.25,714.9,16.99K,Producer Manufacturing,Auto Parts: Oem,19.0,5.0,16.0,33.0,21.7536,21.4679,28.97K,13.27K,1186.6,605.05,16.75B,No,747.91,798.46,778.53,785.77,771.34,499
2959,NELCAST.NS,110.0,113.94,147.09K,Non-Energy Minerals,Steel,19.0,15.0,7.0,29.0,3.9093,3.815,333.31K,144.27K,173.2,85.98,9.60B,No,116.64,124.41,122.11,123.22,129.05,499
2960,MEGRISOFT.BO,79.8,76.89,0.17K,Technology Services,Information Technology Services,19.0,43.0,36.0,12.0,4.34,3.8307,0.41K,0.10K,119.0,59.05,250.63M,No,77.66,80.42,87.35,80.32,82.25,497
2961,ACML.BO,32.7,31.82,6.00K,Retail Trade,Food Retail,19.0,68.0,29.0,37.0,0.5321,0.0157,1.53K,1.20K,56.0,29.5,478.53M,No,33.11,32.58,35.49,32.41,33.62,497
2962,GOPAL.NS,260.5,261.85,86.92K,Consumer Non-Durables,Food: Specialty/Candy,19.0,33.0,26.0,20.0,6.15,6.1321,139.16K,112.03K,393.0,247.55,32.48B,No,273.46,270.51,289.92,269.73,279.03,500
2963,HINDUNILVR.NS,1942.3,1945.0,1232.30K,Consumer Non-Durables,Household/Personal Care,19.0,28.0,19.0,16.0,28.2571,26.3571,1594.27K,1345.20K,2667.2,1936.0,4563.61B,No,2007.86,2079.69,2219.5,2065.48,2155.57,500
2964,REGENCERAM.NS,36.05,35.49,3.71K,Producer Manufacturing,Building Products,19.0,81.0,18.0,13.0,2.8364,2.7721,11.77K,2.51K,54.99,30.0,953.22M,No,35.12,35.68,41.93,35.18,39.98,499
2965,DAMCAPITAL.NS,142.78,144.87,189.01K,Finance,Regional Banks,19.0,45.0,38.0,47.0,4.3214,4.32,405.69K,203.93K,286.0,119.22,10.09B,No,145.59,151.44,163.79,150.53,149.14,427
2966,ODIGMA.NS,22.33,22.47,35.87K,Technology Services,Internet Software/Services,19.0,55.0,54.0,24.0,1.2136,1.2129,18.14K,20.26K,56.09,20.0,698.00M,No,22.63,22.94,26.21,22.94,24.5,435
2967,COLPAL.NS,1808.5,1800.0,125.82K,Consumer Non-Durables,Household/Personal Care,19.0,15.0,16.0,11.0,34.6643,32.5214,390.21K,431.42K,2413.8,1782.0,491.89B,No,1867.72,1981.66,2058.87,1962.16,2028.06,501
2968,ANDREWYU.NS,26.77,26.73,35.80K,Producer Manufacturing,Industrial Machinery,19.0,,,,1.3879,1.3779,99.24K,101.81K,31.35,24.51,13.09B,No,27.65,,,,,22
2969,MAXIND.NS,147.42,148.65,45.76K,Health Services,Medical/Nursing Services,19.0,7.0,30.0,35.0,4.9571,4.955,131.72K,50.87K,241.57,120.0,8.30B,No,150.6,160.5,163.81,160.35,157.13,498
2970,CITIZEN.BO,198.55,209.0,0.40K,Commercial Services,Advertising/Marketing Services,19.0,1.0,9.0,6.0,10.5214,9.3857,1.58K,1.19K,318.45,182.1,2.79B,No,221.25,262.88,261.65,258.87,251.58,499
2971,SAMPANN.NS,24.11,23.99,30.61K,Producer Manufacturing,Miscellaneous Manufacturing,19.0,15.0,17.0,16.0,1.1407,1.1043,52.02K,16.09K,43.44,23.67,1.23B,No,25.55,26.76,29.16,26.42,27.75,498
2972,BLUECLOUDS.NS,19.5,19.7,1030.85K,Process Industries,Agricultural Commodities/Milling,19.0,,,,0.91,0.8671,2358.43K,1755.61K,23.99,19.3,,No,,,,,,18
2973,SUZLON.NS,44.22,45.45,43620.97K,Producer Manufacturing,Electrical Products,19.0,25.0,7.0,51.0,0.9743,0.9493,64805.85K,39463.21K,61.5,38.19,607.84B,No,46.51,49.16,50.02,48.45,49.58,501
2974,NKIND.NS,56.6,58.07,1.87K,Process Industries,Agricultural Commodities/Milling,19.0,27.0,17.0,28.0,5.7229,5.3893,6.66K,1.86K,87.78,49.66,340.16M,No,59.27,60.62,64.0,60.52,63.29,499
2975,WAAREEENER.NS,2548.0,2568.0,628.78K,Electronic Technology,Semiconductors,19.0,34.0,11.0,29.0,53.0714,52.8571,731.03K,480.70K,3865.0,2403.0,732.94B,No,2631.41,2706.51,2923.98,2704.6,2932.6,468
2976,RUDRAECO.BO,21.09,21.66,122.10K,Process Industries,Textiles,18.0,84.0,34.0,33.0,1.5864,1.4764,114.54K,162.75K,37.76,13.96,2.52B,No,20.95,19.28,21.43,19.56,20.09,497
2977,KDGREEN.BO,50.51,49.99,14.80K,Consumer Non-Durables,Apparel/Footwear,18.0,48.0,2.0,3.0,3.28,3.0614,110.82K,22.36K,99.4,36.38,5.13B,No,55.04,53.15,63.67,53.31,68.2,499
2978,NITINCAST.BO,478.55,455.8,1.41K,Non-Energy Minerals,Steel,18.0,90.0,8.0,17.0,19.2071,11.85,1.09K,1.42K,650.0,260.0,2.46B,No,337.19,449.33,516.46,443.83,518.87,497
2979,RIBATEX.BO,66.0,64.25,1.23K,Process Industries,Textiles,18.0,2.0,32.0,16.0,4.1143,3.8743,11.71K,7.99K,95.9,49.02,637.09M,No,70.31,77.34,73.63,75.86,71.11,497
2980,GICHSGFIN.NS,136.12,137.15,77.13K,Finance,Finance/Rental/Leasing,18.0,17.0,16.0,21.0,3.7464,3.7421,131.53K,90.33K,184.0,130.05,7.33B,No,139.78,145.69,154.76,144.65,148.93,500
2981,GITARENEW.BO,70.4,70.01,0.95K,Utilities,Electric Utilities,18.0,30.0,18.0,43.0,2.6079,2.565,0.86K,0.99K,115.0,60.11,289.51M,No,70.66,72.92,79.63,72.86,77.29,497
2982,BOMDYEING.NS,112.51,112.86,326.80K,Process Industries,Textiles,18.0,40.0,18.0,49.0,3.6779,3.6343,780.69K,1818.13K,195.45,92.0,23.24B,No,113.32,118.86,120.68,118.72,117.85,501
2983,LIKHAMI.BO,298.9,298.9,0.00K,Commercial Services,Miscellaneous Commercial Services,18.0,52.0,22.0,7.0,1.0607,0.0,0.00K,0.00K,431.0,269.85,2.97B,No,292.13,297.0,331.31,296.57,338.28,497
2984,ROUTE.NS,500.75,502.75,59.37K,Communications,Major Telecommunications,18.0,30.0,36.0,43.0,13.9714,13.7571,788.34K,126.92K,890.4,410.7,31.55B,No,504.53,532.42,554.76,526.36,512.1,500
2985,FDC.NS,345.35,354.3,115.27K,Health Technology,Pharmaceuticals: Major,18.0,35.0,19.0,28.0,9.8429,9.7786,225.31K,140.41K,527.8,312.95,56.23B,No,346.26,383.49,382.86,377.84,372.39,499
2986,ROSSARI.NS,449.5,452.1,46.88K,Process Industries,Chemicals: Specialty,18.0,12.0,21.0,30.0,13.475,13.3822,100.54K,84.00K,690.3,375.0,24.90B,No,485.57,503.47,514.99,497.63,494.28,500
2987,TCI.NS,856.9,867.95,21.74K,Transportation,Trucking,18.0,19.0,23.0,16.0,22.6321,22.6321,31.77K,20.92K,1242.0,853.0,65.84B,No,891.0,913.52,974.04,906.74,940.6,499
2988,ORIBEVER.BO,166.6,166.3,0.97K,Consumer Non-Durables,Beverages: Non-Alcoholic,18.0,8.0,28.0,6.0,5.7143,5.575,1.35K,1.30K,291.25,157.0,360.26M,No,177.18,181.14,196.47,179.61,199.7,497
2989,ICODEX.BO,38.74,36.43,34.80K,Technology Services,Packaged Software,18.0,41.0,14.0,40.0,2.33,1.9986,7.67K,12.36K,60.79,29.01,605.78M,No,37.44,38.21,43.12,38.29,41.22,265
2990,THRIVE.BO,85.5,90.0,1.62K,Consumer Non-Durables,Household/Personal Care,18.0,74.0,35.0,7.0,6.5629,5.4793,3.58K,3.88K,149.45,61.0,967.82M,No,79.15,83.81,105.7,82.88,100.1,497
2991,SIGNATURE.NS,772.35,786.8,193.21K,Finance,Real Estate Development,18.0,31.0,38.0,14.0,21.3786,21.05,398.97K,211.80K,1158.0,705.2,108.66B,No,788.37,797.83,884.89,800.23,820.67,498
2992,NDTV.NS,72.29,73.73,48.45K,Consumer Services,Broadcasting,18.0,27.0,21.0,23.0,2.3657,2.3593,236.53K,81.85K,134.5,58.75,8.16B,No,74.0,76.79,80.72,76.62,77.69,500
2993,CAMPUS.NS,213.68,214.86,588.81K,Consumer Non-Durables,Apparel/Footwear,18.0,44.0,21.0,16.0,4.8886,4.2643,1420.28K,342.01K,289.05,212.15,65.32B,No,222.06,223.86,243.87,223.99,235.8,500
2994,RRFIN.BO,66.97,64.35,0.84K,Finance,Insurance Brokers/Services,18.0,13.0,76.0,11.0,4.0164,3.69,2.53K,1.16K,263.7,49.62,740.74M,No,67.15,74.88,95.69,72.57,77.59,497
2995,MEIL.NS,280.2,283.45,23.53K,Electronic Technology,Electronic Components,18.0,61.0,20.0,64.0,13.9071,13.5143,51.90K,72.99K,547.9,206.26,7.74B,No,279.39,286.44,300.8,284.06,282.39,260
2996,VMSTMT.NS,44.09,44.11,9.84K,Non-Energy Minerals,Steel,18.0,10.0,43.0,43.0,1.2729,1.2729,49.01K,41.73K,105.0,33.5,2.19B,No,46.64,46.14,47.49,46.11,45.46,241
2997,DUNCANENG.BO,340.0,349.55,12.82K,Producer Manufacturing,Industrial Machinery,18.0,40.0,21.0,12.0,15.0179,14.95,1.22K,1.88K,539.0,319.3,1.26B,No,357.94,369.08,404.46,365.94,384.37,498
2998,VBL.NS,410.5,407.0,7712.74K,Consumer Non-Durables,Beverages: Non-Alcoholic,18.0,24.0,6.0,23.0,11.0893,10.8071,6562.11K,6871.83K,555.8,381.0,1388.50B,No,419.68,443.36,469.33,438.02,463.9,501
2999,DBCORP.NS,189.67,190.55,65.36K,Consumer Services,Publishing: Newspapers,18.0,13.0,28.0,19.0,4.2864,4.2757,408.00K,61.01K,287.9,184.51,33.81B,No,202.19,205.52,220.85,205.04,207.68,499
3000,AERONEU.NS,70.03,70.41,99.36K,Process Industries,Containers/Packaging,18.0,4.0,7.0,39.0,5.3821,5.1957,53.15K,38.50K,112.94,63.21,1.81B,No,80.47,84.41,80.09,83.39,82.41,499
3001,NLFL.BO,38.08,38.64,0.94K,Finance,Finance/Rental/Leasing,18.0,65.0,26.0,8.0,2.7179,2.6307,3.35K,1.62K,59.99,34.35,249.74M,No,38.87,38.84,43.57,38.78,41.54,497
3002,JYOTI.BO,60.0,59.95,15.14K,Producer Manufacturing,Electrical Products,18.0,86.0,47.0,30.0,3.6829,3.5964,33.26K,62.72K,102.8,48.5,1.39B,No,59.89,57.64,68.22,58.34,62.52,497
3003,SAMINDUS.BO,39.88,37.81,0.45K,Finance,Real Estate Development,18.0,58.0,17.0,32.0,2.7114,2.2757,0.44K,0.36K,67.9,34.55,442.21M,No,39.74,40.68,43.79,40.61,41.93,497
3004,VGCL.NS,49.42,48.27,4.21K,Finance,Investment Managers,18.0,,,,4.4136,4.4136,8.91K,9.60K,62.95,48.15,1.13B,No,,,,,,18
3005,HAVELLS.NS,1116.0,1120.4,1093.51K,Producer Manufacturing,Electrical Products,18.0,9.0,37.0,12.0,30.5786,27.2714,1037.92K,1094.83K,1621.1,1105.5,700.36B,No,1232.51,1229.33,1289.26,1221.02,1237.44,500
3006,DSFCL.NS,25.49,26.24,68.63K,Process Industries,Chemicals: Major Diversified,18.0,51.0,62.0,28.0,0.7693,0.7664,54.26K,41.76K,52.5,17.28,2.22B,No,26.44,25.8,,25.84,25.71,143
3007,VSFPROJ.BO,32.65,31.41,0.01K,Industrial Services,Engineering & Construction,18.0,53.0,38.0,9.0,2.3907,2.2786,1.00K,3.16K,52.99,28.25,536.83M,No,31.46,33.79,37.38,33.87,35.24,497
3008,MIL.BO,24.85,25.42,2.60K,Finance,Financial Conglomerates,18.0,4.0,41.0,5.0,2.4,2.4,5.51K,2.56K,43.0,20.61,248.50M,No,27.1,27.07,29.51,27.05,27.32,497
3009,SELECTRIC.BO,1888.55,1919.25,3.15K,Electronic Technology,Electronic Production Equipment,18.0,2.0,,,102.1643,101.5607,15.09K,7.99K,2578.15,1804.15,22.84B,No,1948.59,,,,,38
3010,KEL.BO,24.17,25.44,0.00K,Producer Manufacturing,Industrial Machinery,18.0,2.0,19.0,46.0,0.9707,0.6714,0.04K,0.11K,40.38,21.88,169.69M,No,28.05,28.12,27.85,27.68,27.29,498
3011,NUCLEUS.NS,701.05,706.1,13.97K,Technology Services,Information Technology Services,18.0,59.0,24.0,23.0,15.8214,15.1786,44.08K,22.29K,1084.8,682.0,18.46B,No,728.83,731.52,807.37,723.43,764.2,499
3012,MADRASFERT.NS,62.6,63.03,54.20K,Process Industries,Chemicals: Agricultural,18.0,26.0,24.0,38.0,2.2129,2.1121,100.56K,55.70K,93.49,52.56,10.08B,No,65.57,66.66,69.46,66.14,66.43,498
3013,MAHEPC.NS,102.65,102.14,22.17K,Producer Manufacturing,Trucks/Construction/Farm Machinery,17.0,35.0,33.0,21.0,2.7479,2.7429,39.95K,17.39K,160.8,91.91,2.87B,No,105.28,109.27,116.95,107.75,112.95,500
3014,ZOTA.NS,1099.5,1114.3,37.28K,Health Technology,Pharmaceuticals: Major,17.0,9.0,21.0,22.0,39.4357,38.1714,74.66K,64.16K,1740.0,1022.0,33.35B,No,1099.06,1234.36,1301.62,1211.84,1230.93,499
3015,TREJHARA.NS,145.33,147.76,7.55K,Technology Services,Information Technology Services,17.0,9.0,57.0,12.0,7.6314,7.4371,29.16K,19.19K,284.85,128.4,3.50B,No,153.29,147.07,175.93,148.25,154.81,498
3016,DIGITIDE.NS,88.28,92.69,360.52K,Commercial Services,Miscellaneous Commercial Services,17.0,5.0,59.0,40.0,3.7807,3.7807,1816.97K,214.16K,201.25,69.9,13.17B,No,96.92,100.43,102.71,99.72,93.03,314
3017,INCREDIBLE.NS,30.98,32.17,9.79K,Non-Energy Minerals,Steel,17.0,36.0,18.0,25.0,1.9514,1.9429,6.00K,5.63K,49.79,28.1,1.45B,No,32.45,32.86,35.2,32.63,33.71,498
3018,DPWIRES.NS,153.47,153.54,3.72K,Producer Manufacturing,Metal Fabrication,17.0,20.0,17.0,50.0,5.3014,5.3007,30.88K,5.09K,297.7,125.02,2.38B,No,157.08,166.29,174.99,163.59,167.56,498
3019,VOLTAS.NS,1158.5,1143.8,517.42K,Producer Manufacturing,Industrial Machinery,17.0,13.0,21.0,9.0,25.3286,24.9643,909.70K,811.26K,1582.5,1131.4,383.33B,No,1207.56,1270.48,1349.13,1265.43,1325.56,501
3020,SUMMITSEC.NS,1438.6,1411.8,5.41K,Miscellaneous,Investment Trusts,17.0,47.0,41.0,17.0,36.7857,36.5429,3.40K,3.88K,2495.0,1312.0,15.75B,No,1426.79,1476.49,1639.8,1470.58,1537.82,500
3021,HONDAPOWER.NS,1969.5,1964.2,2.82K,Producer Manufacturing,Electrical Products,17.0,25.0,18.0,27.0,47.6142,47.1571,4.05K,3.10K,2949.0,1816.6,19.98B,No,2048.94,2088.82,2182.92,2077.99,2141.01,498
3022,DGCONTENT.NS,24.09,24.72,7.99K,Commercial Services,Commercial Printing/Forms,17.0,29.0,32.0,29.0,1.7086,1.6521,27.64K,47.59K,39.57,21.61,1.40B,No,24.47,24.92,27.73,24.82,26.37,498
3023,GOLDENTOBC.NS,24.5,25.1,0.14K,Finance,Real Estate Development,17.0,58.0,34.0,12.0,1.2036,1.1571,2.30K,2.56K,37.5,20.34,433.18M,No,24.75,24.94,27.59,25.09,26.0,498
3024,ROLCOEN.BO,524.75,499.8,0.15K,Producer Manufacturing,Metal Fabrication,17.0,39.0,33.0,11.0,12.5857,3.9857,0.07K,0.23K,914.3,476.0,396.71M,No,528.07,534.19,604.01,532.22,593.39,496
3025,RADIANTCMS.NS,37.53,40.25,577.44K,Commercial Services,Miscellaneous Commercial Services,17.0,47.0,30.0,41.0,2.3293,2.1064,218.96K,539.08K,57.49,32.33,4.00B,No,37.92,37.91,42.02,37.76,38.81,500
3026,GENESYS.NS,299.67,274.31,9166.14K,Technology Services,Packaged Software,17.0,96.0,31.0,49.0,23.3936,22.0971,1202.15K,2125.63K,612.0,168.5,20.04B,No,220.5,250.04,299.34,247.97,267.99,501
3027,ICRA.NS,4726.2,4776.5,25.29K,Commercial Services,Financial Publishing/Services,17.0,25.0,24.0,17.0,142.1143,140.8143,34.87K,37.57K,6982.0,4692.0,45.49B,No,4944.64,5041.6,5488.36,5004.88,5227.73,498
3028,GVELECTRIC.BO,140.2,141.6,26.00K,Industrial Services,Engineering & Construction,17.0,,,,6.9536,6.55,191.52K,47.80K,165.9,122.0,1.58B,No,136.66,,,,,22
3029,EASTINDIA.BO,93.65,93.72,4.12K,Process Industries,Containers/Packaging,17.0,5.0,11.0,14.0,3.8671,3.36,10.70K,50.65K,126.85,85.15,1.38B,No,102.9,101.13,103.9,101.45,104.86,497
3030,ALPA.NS,62.62,63.24,8.80K,Health Technology,Pharmaceuticals: Major,17.0,21.0,24.0,34.0,2.58,2.58,16.52K,14.82K,96.8,46.1,1.32B,No,62.76,65.95,68.68,65.5,65.81,498
3031,PACEDIGITK.NS,159.0,160.68,517.50K,Utilities,Electric Utilities,17.0,7.0,12.0,38.0,5.0107,4.9757,2470.47K,694.06K,231.95,139.81,34.32B,No,172.17,188.8,183.59,186.51,180.44,235
3032,AFFORDABLE.NS,162.34,161.71,29.02K,Producer Manufacturing,Industrial Machinery,17.0,9.0,25.0,25.0,6.9371,6.8657,18.28K,16.79K,297.0,119.71,1.92B,No,164.55,177.2,181.06,176.91,172.05,468
3033,MIDWESTLTD.NS,1065.5,1059.1,77.45K,Non-Energy Minerals,Construction Materials,17.0,36.0,13.0,30.0,34.1,34.1,18.91K,20.50K,1859.9,1026.0,38.53B,No,1103.61,1190.83,1313.38,1174.0,1237.89,221
3034,INTELLECT.NS,685.05,684.9,188.88K,Technology Services,Packaged Software,17.0,43.0,26.0,36.0,16.7607,16.6179,441.52K,374.47K,1244.6,595.2,96.15B,No,686.17,719.36,776.79,713.55,710.11,501
3035,RCF.NS,112.57,112.64,1662.37K,Process Industries,Chemicals: Agricultural,17.0,13.0,18.0,34.0,3.2914,3.1,1717.65K,1573.52K,157.9,106.0,62.10B,No,118.32,124.2,129.14,122.73,125.03,500
3036,SHRDAIS.BO,156.35,154.55,0.34K,Non-Energy Minerals,Steel,17.0,58.0,17.0,27.0,9.6214,8.3464,0.69K,0.41K,289.5,125.0,793.76M,No,150.78,155.3,167.21,154.47,157.86,497
3037,SUNTECK.NS,289.8,291.7,102.39K,Finance,Real Estate Development,17.0,45.0,54.0,7.0,7.775,7.4286,316.68K,100.35K,472.5,270.75,42.55B,No,300.34,306.75,344.98,303.96,318.76,500
3038,GODAVARIB.NS,235.82,238.46,78.23K,Process Industries,Agricultural Commodities/Milling,17.0,14.0,12.0,12.0,6.7393,6.705,272.82K,74.14K,353.0,227.42,12.07B,No,242.05,255.73,278.24,252.19,283.68,465
3039,AUTOINT.BO,282.95,282.5,0.59K,Finance,Finance/Rental/Leasing,17.0,38.0,16.0,3.0,15.9429,14.6464,1.09K,0.57K,1031.0,230.79,984.90M,No,293.89,312.3,463.43,306.64,364.29,498
3040,KLRFM.BO,87.6,84.74,0.12K,Process Industries,Agricultural Commodities/Milling,17.0,52.0,40.0,12.0,3.8421,3.8393,3.71K,2.14K,145.0,76.2,792.03M,No,85.77,90.63,98.63,90.76,98.67,497
3041,ELECON.NS,420.5,419.4,155.88K,Producer Manufacturing,Electrical Products,17.0,33.0,6.0,39.0,13.5964,13.3929,630.50K,1006.23K,634.9,352.0,94.36B,No,428.67,445.77,459.41,441.68,459.62,501
3042,TRANSFRE.BO,19.63,20.07,0.15K,Process Industries,Containers/Packaging,17.0,58.0,12.0,22.0,1.3564,1.3043,1.47K,0.92K,32.0,17.13,142.95M,No,19.79,19.99,22.06,20.0,21.49,497
3043,ASITCFIN.BO,102.5,102.5,0.07K,Finance,Investment Banks/Brokers,17.0,21.0,16.0,14.0,3.7857,3.0857,1.00K,2.09K,164.0,92.0,845.22M,No,107.41,111.92,121.91,111.44,116.45,497
3044,DAIKAFFI.BO,46.5,46.88,0.04K,Process Industries,Chemicals: Specialty,17.0,70.0,66.0,57.0,1.2471,0.5636,6.02K,7.62K,165.0,28.48,279.00M,No,44.61,45.59,50.93,45.33,43.55,497
3045,ASHAPURMIN.NS,542.05,550.6,268.97K,Non-Energy Minerals,Other Metals/Minerals,17.0,5.0,6.0,42.0,20.1107,19.9464,466.81K,340.91K,924.9,455.1,51.78B,No,572.51,638.0,655.33,634.28,615.16,501
3046,INDIASHLTR.NS,672.15,668.2,109.63K,Finance,Finance/Rental/Leasing,17.0,48.0,12.0,30.0,17.5,17.3,129.36K,91.93K,924.0,620.15,73.38B,No,663.48,716.54,766.65,710.27,747.52,499
3047,CTLLAB.BO,35.1,35.1,1.20K,Health Services,Medical/Nursing Services,17.0,9.0,21.0,9.0,0.5786,0.0,0.60K,0.36K,48.46,28.55,80.11M,No,37.11,39.26,39.95,38.53,39.64,498
3048,ELCIDIN.NS,106400.0,108000.0,0.01K,Finance,Financial Conglomerates,17.0,30.0,23.0,,2233.9286,2166.4286,0.01K,0.01K,137000.0,105340.0,,No,108357.25,110470.4,,110016.5,,101
3049,ACCEDERE.BO,57.23,54.51,0.46K,Distribution Services,Electronics Distributors,17.0,3.0,27.0,41.0,3.2693,0.0,7.04K,1.70K,91.42,42.11,261.59M,No,67.1,66.67,66.66,64.17,61.59,499
3050,SHARDACROP.NS,781.35,783.5,72.79K,Distribution Services,Wholesale Distributors,16.0,45.0,12.0,6.0,20.8321,20.5536,182.23K,117.63K,1297.0,755.55,70.49B,No,778.09,829.53,937.41,820.13,938.43,500
3051,WEALTH.NS,839.3,848.35,1.60K,Finance,Investment Managers,16.0,14.0,21.0,18.0,21.1393,20.6786,1.95K,1.14K,1294.8,774.95,8.94B,No,859.02,915.91,924.56,903.62,924.84,500
3052,SUNTV.NS,455.55,449.3,289.94K,Consumer Services,Broadcasting,16.0,29.0,19.0,6.0,11.025,10.0929,334.59K,477.78K,660.7,447.7,179.53B,No,469.97,486.43,543.91,483.83,537.78,500
3053,LEMONTREE.NS,105.7,106.17,1097.03K,Consumer Services,Hotels/Resorts/Cruise Lines,16.0,40.0,45.0,28.0,2.1271,2.0921,3575.85K,3560.86K,179.59,99.61,83.70B,No,107.48,110.91,122.62,109.65,111.61,500
3054,SAINIK.BO,34.29,34.2,0.61K,Finance,Finance/Rental/Leasing,16.0,33.0,23.0,25.0,3.6707,3.4579,1.38K,1.23K,57.9,27.05,373.08M,No,35.35,36.49,38.05,36.11,37.47,498
3055,RAILTEL.NS,262.7,263.8,543.22K,Communications,Major Telecommunications,16.0,18.0,16.0,20.0,6.0179,5.4821,817.79K,411.69K,412.9,245.0,84.31B,No,277.07,288.57,313.36,284.53,299.25,500
3056,JARO.NS,456.25,437.95,185.40K,Technology Services,Internet Software/Services,16.0,63.0,7.0,48.0,15.075,14.9179,124.44K,102.88K,890.0,383.5,10.16B,No,451.28,470.09,486.47,468.37,473.42,236
3057,RAYALEMA.BO,28.75,28.19,0.94K,Consumer Services,Hotels/Resorts/Cruise Lines,16.0,48.0,27.0,31.0,1.8986,1.8564,1.35K,1.09K,48.0,22.1,570.18M,No,28.08,28.83,32.0,28.74,29.79,497
3058,HEMIPROP.NS,120.95,123.18,409.04K,Finance,Real Estate Development,16.0,10.0,16.0,15.0,2.6579,2.565,377.03K,263.36K,190.69,111.2,34.49B,No,128.85,133.74,135.25,132.22,135.11,500
3059,BOMBWIR.BO,40.83,42.29,0.62K,Producer Manufacturing,Metal Fabrication,16.0,18.0,11.0,20.0,1.7936,1.7414,0.85K,0.81K,62.99,35.56,218.01M,No,42.9,45.54,47.38,45.11,46.54,497
3060,APCL.NS,98.61,100.41,4.07K,Non-Energy Minerals,Construction Materials,16.0,31.0,26.0,12.0,3.2043,3.2014,8.58K,5.46K,148.78,97.25,2.90B,No,101.79,102.91,116.6,101.88,110.95,498
3061,DHANUKA.NS,979.7,975.4,12.87K,Process Industries,Chemicals: Specialty,16.0,28.0,24.0,35.0,22.4679,22.4679,33.88K,23.04K,1620.4,889.6,43.67B,No,992.26,1015.31,1074.23,1007.56,1035.79,498
3062,ALLTIME.NS,210.16,213.54,29.91K,Producer Manufacturing,Miscellaneous Manufacturing,16.0,37.0,20.0,34.0,8.2514,8.1514,119.10K,183.92K,314.7,186.0,13.77B,No,207.11,221.31,235.24,218.25,224.97,269
3063,ROHLTD.NS,307.2,304.75,11.86K,Consumer Services,Hotels/Resorts/Cruise Lines,16.0,48.0,39.0,21.0,8.3786,8.3607,24.84K,15.92K,562.95,269.4,8.43B,No,303.81,312.94,345.33,311.82,327.22,498
3064,SAFARI.NS,1501.6,1534.2,13.72K,Consumer Durables,Other Consumer Specialties,16.0,55.0,38.0,19.0,37.3357,37.3357,43.82K,29.49K,2507.1,1363.1,73.57B,No,1506.22,1551.13,1745.4,1540.38,1561.87,498
3065,LAKESHORE.BO,63.0,64.79,1.00K,Process Industries,Agricultural Commodities/Milling,16.0,2.0,37.0,13.0,4.1029,4.0543,2.53K,4.30K,114.63,55.45,220.54M,No,68.97,73.11,74.46,72.22,70.33,497
3066,YASHHTEJ.BO,51.26,52.8,7.20K,Process Industries,Agricultural Commodities/Milling,16.0,6.0,56.0,15.0,2.0564,1.5314,17.08K,12.00K,97.1,34.74,1.18B,No,54.42,54.27,,54.61,,136
3067,GOLECHA.BO,26.32,26.46,0.01K,Finance,Finance/Rental/Leasing,16.0,35.0,5.0,30.0,0.0879,0.0,1.29K,0.00K,38.2,17.05,144.76M,No,27.19,27.91,28.11,27.82,29.65,498
3068,ATENPAPERS.BO,20.5,19.86,3.60K,Distribution Services,Wholesale Distributors,16.0,44.0,11.0,45.0,0.8136,0.4957,3.11K,3.24K,32.8,14.01,211.15M,No,20.24,21.09,22.07,20.96,20.88,305
3069,YASHCHEM.BO,52.29,51.26,7.42K,Process Industries,Chemicals: Specialty,16.0,72.0,62.0,13.0,3.8543,3.7457,2.11K,4.24K,111.0,39.96,535.63M,No,49.65,50.14,60.24,50.15,53.85,497
3070,SUDAI.BO,45.1,43.12,1.37K,Non-Energy Minerals,Aluminum,16.0,96.0,52.0,17.0,2.5557,1.9236,6.08K,13.13K,109.7,28.25,377.39M,No,40.52,36.08,50.45,36.94,44.63,497
3071,ADDIND.NS,74.83,79.0,3.92K,Process Industries,Textiles,16.0,,,,9.3479,8.43,1.02K,0.73K,94.6,71.05,,No,,,,,,18
3072,SOMICONVEY.NS,92.76,90.87,99.32K,Producer Manufacturing,Miscellaneous Manufacturing,16.0,43.0,30.0,21.0,5.4471,5.4329,47.84K,12.46K,169.4,80.16,1.13B,No,91.38,94.84,106.42,94.39,101.64,499
3073,CSBBANK.NS,307.6,311.1,353.96K,Finance,Major Banks,16.0,31.0,12.0,11.0,11.6893,11.1714,524.44K,567.91K,574.4,306.2,52.13B,No,327.13,337.04,381.69,333.2,356.09,500
3074,ROSEMER.BO,55.74,59.0,0.06K,Producer Manufacturing,Industrial Machinery,16.0,13.0,10.0,16.0,4.4379,4.1629,6.58K,2.52K,91.0,52.31,439.57M,No,60.52,63.25,67.34,62.63,65.13,497
3075,HGM.NS,49.57,50.49,1.33K,Technology Services,Data Processing Services,16.0,61.0,29.0,26.0,3.6836,3.6836,7.13K,16.38K,82.4,42.0,624.33M,No,46.77,48.54,56.08,48.46,52.26,499
3076,VARYAA.BO,28.6,28.6,2.00K,Consumer Durables,Other Consumer Specialties,16.0,71.0,53.0,60.0,1.2764,0.4964,1.56K,1.60K,48.0,24.02,136.99M,No,27.2,28.16,31.14,27.74,29.61,499
3077,BLAL.NS,161.23,161.34,12.61K,Finance,Investment Managers,16.0,27.0,15.0,18.0,2.9393,2.9393,21.12K,27.47K,229.88,155.5,6.71B,No,166.23,173.75,185.94,171.24,179.33,500
3078,NATPLAS.BO,40.03,40.0,0.45K,Producer Manufacturing,Miscellaneous Manufacturing,16.0,34.0,29.0,15.0,1.605,1.5493,2.79K,2.86K,62.2,37.0,365.46M,No,40.4,41.69,46.55,41.42,43.9,497
3079,AMBUJACEM.NS,395.6,397.0,1427.02K,Non-Energy Minerals,Construction Materials,16.0,27.0,30.0,15.0,6.8643,6.8179,2544.57K,1259.83K,600.8,394.0,982.99B,No,407.39,422.62,466.5,421.1,435.23,501
3080,ZWELCAST.BO,650.0,654.0,0.05K,Non-Energy Minerals,Construction Materials,16.0,42.0,22.0,25.0,18.0214,14.6893,0.12K,0.13K,1096.9,595.65,414.80M,No,631.54,669.2,726.79,663.89,690.8,496
3081,DCAL.NS,167.49,170.59,133.19K,Health Technology,Pharmaceuticals: Major,16.0,9.0,22.0,42.0,5.525,5.525,380.33K,267.98K,321.95,128.5,26.26B,No,174.93,184.57,194.51,183.17,177.46,500
3082,BIRLACORPN.NS,836.7,836.9,27.52K,Non-Energy Minerals,Construction Materials,16.0,22.0,17.0,35.0,20.9179,20.3357,89.69K,53.06K,1346.1,769.6,64.43B,No,879.04,917.96,977.13,914.13,935.07,500
3083,SARTHAKIND.BO,24.8,26.0,3.26K,Producer Manufacturing,Industrial Machinery,16.0,24.0,30.0,14.0,0.7514,0.6864,0.56K,1.03K,43.9,21.2,230.44M,No,25.9,25.74,28.36,25.51,26.52,495
3084,THOMASCOTT.NS,243.9,250.6,123.62K,Consumer Non-Durables,Apparel/Footwear,16.0,1.0,34.0,25.0,11.2714,11.2714,73.66K,39.27K,459.8,230.0,3.62B,No,276.34,299.83,299.18,297.27,285.42,501
3085,RHL.NS,166.59,167.0,0.82K,Consumer Services,Hotels/Resorts/Cruise Lines,16.0,47.0,26.0,19.0,5.4471,5.3807,9.77K,3.24K,274.85,160.98,2.88B,No,167.98,171.34,183.63,169.63,177.98,499
3086,FUTSOL.BO,40.37,42.49,0.01K,Commercial Services,Miscellaneous Commercial Services,16.0,21.0,5.0,33.0,1.1093,0.7986,0.08K,0.05K,61.95,33.25,422.81M,No,43.08,44.12,43.87,43.13,42.55,496
3087,JISLDVREQS.NS,20.84,21.54,6.61K,Producer Manufacturing,Trucks/Construction/Farm Machinery,16.0,50.0,18.0,35.0,1.145,1.1357,43.74K,84.08K,35.48,18.5,15.29B,No,21.24,21.92,23.7,21.88,22.68,500
3088,SERVOTECH.NS,77.62,77.84,221.23K,Producer Manufacturing,Electrical Products,15.0,24.0,6.0,56.0,1.9964,1.9943,809.80K,301.16K,141.5,57.51,17.53B,No,80.8,88.48,84.58,86.83,86.62,500
3089,VENTIVE.NS,569.8,569.7,49.11K,Consumer Services,Hotels/Resorts/Cruise Lines,15.0,38.0,26.0,11.0,18.9571,18.3357,29.81K,28.20K,793.95,542.6,133.07B,No,583.0,603.45,660.15,598.09,624.19,426
3090,OVAL.BO,48.55,48.9,6.40K,Industrial Services,Engineering & Construction,15.0,5.0,5.0,49.0,1.2307,1.0457,5.70K,16.32K,78.6,42.5,1.01B,No,52.69,53.96,55.15,53.29,52.98,254
3091,SURYAROSNI.NS,216.05,219.57,321.02K,Non-Energy Minerals,Steel,15.0,38.0,9.0,41.0,4.8936,4.8936,641.71K,388.40K,314.5,187.35,47.02B,No,218.9,234.27,242.05,232.93,235.5,501
3092,MHLXMIRU.NS,158.31,164.88,13.23K,Process Industries,Industrial Specialties,15.0,60.0,17.0,24.0,6.6629,6.5814,87.12K,9.62K,244.65,105.53,1.68B,No,180.15,158.28,178.85,159.85,167.07,498
3093,CALCOM.BO,72.3,71.98,0.19K,Producer Manufacturing,Electrical Products,15.0,12.0,24.0,27.0,3.88,3.8543,5.59K,2.15K,147.5,67.01,1.01B,No,71.45,74.97,88.82,74.1,78.14,497
3094,RTFL.BO,41.4,39.43,0.28K,Finance,Finance/Rental/Leasing,15.0,4.0,14.0,7.0,1.6157,1.1221,0.12K,0.09K,63.36,39.43,525.48M,No,46.29,47.79,49.34,47.12,49.78,497
3095,DESCO.BO,161.25,153.6,28.50K,Industrial Services,Engineering & Construction,15.0,17.0,6.0,42.0,6.5643,6.3679,19.92K,19.85K,293.65,122.0,1.24B,No,172.21,183.47,190.79,181.56,190.98,360
3096,HINDHARD.BO,726.3,709.65,0.68K,Electronic Technology,Electronic Equipment/Instruments,15.0,40.0,18.0,15.0,28.0607,27.6179,0.65K,0.77K,1330.0,657.05,1.09B,No,708.93,769.08,821.06,756.27,794.14,497
3097,BPL.NS,47.36,48.03,41.99K,Electronic Technology,Telecommunications Equipment,15.0,10.0,23.0,18.0,1.9136,1.9107,69.94K,44.55K,89.32,37.61,2.32B,No,49.83,52.85,54.84,52.05,52.54,500
3098,EIHOTEL.NS,285.05,289.35,131.49K,Consumer Services,Hotels/Resorts/Cruise Lines,15.0,34.0,37.0,18.0,8.6571,8.3964,239.06K,348.36K,413.95,271.15,178.26B,No,295.33,314.04,325.65,310.63,312.89,501
3099,JINDALPHOT.NS,1001.6,1019.2,1.49K,Finance,Financial Conglomerates,15.0,28.0,20.0,22.0,36.4286,36.2714,8.36K,1.94K,1616.6,971.1,10.31B,No,1036.23,1075.05,1206.28,1061.01,1098.65,498
3100,VMM.NS,103.4,103.18,4750.44K,Retail Trade,Apparel/Footwear Retail,15.0,36.0,14.0,25.0,3.6479,3.1993,12973.72K,10327.79K,153.4,98.77,484.36B,No,106.43,109.75,118.91,107.82,113.45,433
3101,RKSWAMY.NS,91.47,93.04,24.82K,Commercial Services,Advertising/Marketing Services,15.0,16.0,25.0,26.0,3.025,3.025,64.22K,34.53K,163.89,67.15,4.62B,No,94.02,99.35,100.27,98.21,95.23,500
3102,RELCHEMQ.NS,113.69,115.38,0.99K,Process Industries,Textiles,15.0,15.0,29.0,29.0,5.0757,5.0336,7.12K,2.38K,167.7,105.01,857.63M,No,114.64,123.12,125.96,121.88,122.65,499
3103,AIMCOPEST.BO,46.8,46.3,2.80K,Process Industries,Chemicals: Agricultural,15.0,35.0,11.0,28.0,2.2907,2.2279,2.50K,2.44K,82.9,36.0,457.82M,No,46.92,49.27,51.96,48.47,50.02,497
3104,BRIGHOTEL.NS,56.36,56.43,103.65K,Consumer Services,Hotels/Resorts/Cruise Lines,15.0,32.0,22.0,28.0,1.5343,1.5029,122.55K,110.21K,88.27,54.36,21.41B,No,58.99,60.56,63.47,59.92,61.49,277
3105,VEDPOWER.NS,33.96,34.28,10905.19K,Utilities,Electric Utilities,15.0,21.0,,,0.9236,0.9214,36975.35K,12001.58K,49.88,33.06,132.59B,No,35.61,36.92,,36.24,,64
3106,RASANDIK.BO,54.5,56.9,0.12K,Producer Manufacturing,Auto Parts: Oem,15.0,7.0,12.0,26.0,3.8407,3.4829,1.50K,4.49K,92.45,47.05,325.64M,No,59.58,61.62,62.47,61.28,61.8,497
3107,SAUMYA.BO,121.0,121.0,0.00K,Finance,Investment Banks/Brokers,15.0,87.0,8.0,17.0,3.4893,2.7143,0.13K,0.03K,169.5,102.05,835.74M,No,115.0,117.17,134.89,116.27,126.53,495
3108,WEBELSOLAR.NS,75.39,78.36,1980.42K,Electronic Technology,Semiconductors,15.0,10.0,3.0,77.0,3.3893,3.3757,2025.72K,2362.10K,137.9,50.4,32.73B,No,78.89,90.31,88.96,89.26,89.81,501
3109,GUJAPOLLO.NS,338.35,345.0,8.32K,Producer Manufacturing,Trucks/Construction/Farm Machinery,15.0,36.0,24.0,19.0,13.9286,13.3536,9.80K,9.52K,512.0,300.5,4.39B,No,347.61,352.35,392.38,353.42,383.6,498
3110,TRANSVOY.BO,90.0,92.15,7.20K,Transportation,Air Freight/Couriers,15.0,54.0,46.0,11.0,2.3814,1.6879,4.21K,1.60K,166.78,80.0,239.67M,No,90.58,96.62,103.96,95.9,100.05,498
3111,INDBANK.NS,27.72,26.61,201.92K,Finance,Investment Banks/Brokers,15.0,4.0,10.0,14.0,1.1207,1.1207,60.45K,121.40K,47.15,26.4,1.23B,No,30.65,32.11,33.83,31.83,32.89,501
3112,PGCRL.BO,115.5,114.85,0.60K,Consumer Services,Hotels/Resorts/Cruise Lines,15.0,40.0,12.0,38.0,1.1321,0.6786,8.54K,1.68K,183.65,82.1,309.21M,No,113.39,109.51,122.05,110.22,120.09,495
3113,NBCC.NS,83.94,83.6,4865.18K,Commercial Services,Miscellaneous Commercial Services,15.0,17.0,7.0,32.0,1.5971,1.53,8709.17K,4233.95K,125.85,77.18,226.64B,No,87.18,92.57,98.2,91.73,93.72,501
3114,ANIRITPP.BO,23.0,23.0,0.00K,Process Industries,Textiles,15.0,39.0,4.0,52.0,0.4214,0.2507,2.07K,0.96K,31.85,16.96,414.00M,No,22.02,22.86,,22.44,24.3,162
3115,JAYTEX.BO,21.5,21.89,0.05K,Process Industries,Textiles,15.0,38.0,8.0,10.0,0.0507,0.0,0.07K,0.01K,27.0,21.5,8.23B,No,22.04,23.02,25.33,22.67,24.93,497
3116,FLAIR.NS,238.54,238.56,98.15K,Producer Manufacturing,Office Equipment/Supplies,15.0,35.0,18.0,8.0,5.7507,5.7507,161.05K,118.71K,345.0,234.95,25.14B,No,247.66,252.23,290.89,251.84,285.06,500
3117,TOKYOPLAST.NS,76.81,74.65,0.30K,Producer Manufacturing,Miscellaneous Manufacturing,15.0,30.0,23.0,37.0,3.4064,3.2414,1.65K,0.91K,140.85,53.86,729.80M,No,77.33,80.19,89.78,78.86,81.6,498
3118,MISHDESIGN.BO,36.0,36.5,0.50K,Retail Trade,Apparel/Footwear Retail,15.0,88.0,57.0,3.0,1.9514,1.145,1.29K,1.95K,70.75,28.08,124.06M,No,34.61,32.76,40.88,33.57,38.06,499
3119,CAPILLARY.NS,459.9,460.3,151.22K,Technology Services,Packaged Software,15.0,8.0,22.0,16.0,16.5893,16.5893,706.82K,198.85K,798.95,438.15,36.55B,No,496.01,506.26,552.89,502.04,517.24,203
3120,RAL.BO,40.35,38.43,6.00K,Retail Trade,Specialty Stores,15.0,60.0,26.0,53.0,0.6921,0.1764,1.11K,1.20K,71.5,31.03,107.17M,No,39.06,43.59,46.81,42.89,43.94,499
3121,ATISHAY.BO,147.2,150.35,2.08K,Technology Services,Information Technology Services,15.0,13.0,2.0,5.0,7.35,7.2679,4.43K,1.93K,235.0,119.4,1.62B,No,154.0,168.96,190.55,163.09,190.03,497
3122,SCILAL.NS,38.46,38.43,200.73K,Miscellaneous,Miscellaneous,15.0,31.0,13.0,17.0,0.8736,0.8486,215.77K,184.61K,55.0,34.3,17.91B,No,39.78,41.02,44.21,40.68,43.3,499
3123,FUTURSEC.BO,29.32,27.93,1.50K,Finance,Investment Banks/Brokers,15.0,95.0,13.0,6.0,0.9971,0.6379,0.19K,0.36K,40.2,20.91,57.17M,No,24.23,25.47,33.99,25.19,32.66,498
3124,NSDL.BO,805.65,810.2,295.70K,Finance,Savings Banks,15.0,51.0,39.0,21.0,9.7036,9.5179,514.93K,376.18K,1330.0,788.0,161.13B,No,812.33,821.42,906.9,819.57,854.46,273
3125,ACC.NS,1254.3,1257.7,110.01K,Non-Energy Minerals,Construction Materials,14.0,26.0,31.0,12.0,20.4714,18.9643,158.73K,117.74K,1987.0,1250.1,235.54B,No,1293.26,1337.67,1486.71,1329.66,1378.26,500
3126,RAJESH.BO,802.7,809.5,19.60K,Industrial Services,Engineering & Construction,14.0,36.0,32.0,18.0,21.1143,20.7821,30.84K,25.64K,1624.95,750.0,14.45B,No,807.44,831.48,916.21,834.64,873.68,439
3127,DBREALTY.NS,100.19,99.26,1079.19K,Finance,Real Estate Development,14.0,10.0,20.0,32.0,3.9071,3.8971,838.31K,1501.87K,183.9,83.5,54.34B,No,104.48,110.46,112.38,110.45,110.02,501
3128,CHEMTECH.BO,63.86,65.8,25.68K,Producer Manufacturing,Industrial Machinery,14.0,10.0,15.0,35.0,5.0643,5.035,17.66K,35.95K,140.0,53.7,1.18B,No,65.07,70.0,75.24,67.96,73.15,497
3129,PAKKA.NS,76.28,78.13,93.91K,Process Industries,Pulp & Paper,14.0,74.0,36.0,24.0,3.9307,3.695,151.56K,139.84K,178.84,69.1,3.64B,No,80.24,75.75,88.86,74.63,83.46,499
3130,RVHL.NS,39.45,40.23,13.47K,Consumer Durables,Homebuilding,14.0,16.0,9.0,38.0,2.4843,2.465,21.26K,11.37K,71.36,28.5,2.42B,No,40.73,43.25,44.36,42.97,41.55,498
3131,SALZERELEC.NS,550.15,552.15,30.61K,Producer Manufacturing,Electrical Products,14.0,39.0,16.0,21.0,15.0857,15.0857,48.02K,44.90K,952.5,488.8,9.73B,No,557.21,579.72,624.2,575.67,610.06,500
3132,ORIENTCEM.NS,126.06,126.28,320.95K,Non-Energy Minerals,Construction Materials,14.0,29.0,30.0,18.0,2.9229,2.9071,231.92K,180.88K,237.29,122.32,25.90B,No,129.68,134.05,145.89,133.37,137.47,500
3133,SWADEIN.BO,72.73,72.64,1.20K,Process Industries,Textiles,14.0,4.0,5.0,3.0,6.7143,6.5879,5.30K,4.39K,164.0,50.84,1.68B,No,79.13,82.18,106.39,81.36,93.1,497
3134,VSTIND.NS,206.46,208.59,96.79K,Consumer Non-Durables,Tobacco,14.0,31.0,7.0,23.0,2.6629,2.6493,302.73K,96.35K,286.78,200.0,35.00B,No,210.25,224.49,239.87,220.61,236.93,501
3135,BLS.NS,235.63,236.45,500.90K,Technology Services,Data Processing Services,14.0,13.0,20.0,26.0,8.8521,8.845,2068.17K,1017.85K,372.45,218.9,96.97B,No,248.83,246.05,272.32,246.3,259.52,501
3136,APTECHT.NS,87.49,89.07,54.61K,Commercial Services,Miscellaneous Commercial Services,14.0,22.0,5.0,47.0,2.7943,2.7893,201.06K,58.95K,134.5,69.1,5.07B,No,91.3,93.98,94.26,92.84,94.46,501
3137,SOUTHMG.BO,72.91,77.5,1.03K,Non-Energy Minerals,Other Metals/Minerals,14.0,69.0,15.0,27.0,7.1686,7.0836,0.99K,1.01K,131.4,61.15,218.73M,No,74.23,73.29,81.82,72.71,77.37,497
3138,EFCIL.NS,188.04,189.52,109.91K,Distribution Services,Wholesale Distributors,14.0,71.0,47.0,11.0,8.135,8.0771,480.67K,400.20K,335.85,171.42,27.82B,No,193.5,192.37,219.33,191.21,196.62,266
3139,ARTEFACT.BO,51.45,51.66,13.31K,Industrial Services,Engineering & Construction,14.0,34.0,20.0,13.0,2.2986,2.2871,4.47K,6.70K,74.3,49.7,374.30M,No,52.97,53.64,58.83,53.35,57.68,497
3140,LERTHAI.BO,428.45,451.0,0.14K,Finance,Financial Conglomerates,14.0,1.0,12.0,5.0,34.9071,25.1607,0.01K,0.03K,774.0,408.85,299.92M,No,526.33,541.9,564.35,526.9,565.97,499
3141,SHREYANIND.NS,135.46,132.98,8.07K,Process Industries,Pulp & Paper,14.0,32.0,39.0,20.0,4.6,4.5343,8.07K,7.53K,247.22,121.76,1.87B,No,128.14,134.89,152.86,134.06,145.61,499
3142,APLABPP.BO,52.51,55.51,0.12K,Electronic Technology,Electronic Equipment/Instruments,14.0,95.0,1.0,20.0,4.3214,4.1014,5.16K,0.94K,97.0,35.54,1.43B,No,54.8,56.19,63.46,54.99,63.8,292
3143,NIITMTS.NS,224.64,221.54,64.72K,Commercial Services,Miscellaneous Commercial Services,14.0,18.0,54.0,5.0,6.9721,6.8986,365.60K,140.08K,443.9,203.3,30.96B,No,230.26,236.5,302.64,234.82,262.29,498
3144,CONTCHM.BO,56.53,59.5,0.01K,Technology Services,Packaged Software,14.0,44.0,12.0,9.0,1.7586,1.2043,0.07K,0.15K,87.08,54.92,127.14M,No,60.33,60.77,66.16,60.19,62.82,498
3145,BIKAJI.NS,566.15,571.7,429.65K,Consumer Non-Durables,Food: Specialty/Candy,14.0,18.0,9.0,23.0,13.9357,13.35,152.95K,253.35K,801.3,565.0,141.95B,No,601.35,624.01,657.64,616.58,636.77,499
3146,SANOFI.NS,3106.0,3104.2,10.87K,Health Technology,Pharmaceuticals: Major,14.0,36.0,45.0,11.0,55.9429,55.7571,23.60K,19.01K,5113.5,3054.0,71.53B,No,3194.33,3299.97,3603.18,3291.39,3371.88,500
3147,MOIL.NS,250.18,251.95,780.13K,Non-Energy Minerals,Other Metals/Minerals,14.0,13.0,15.0,14.0,7.0093,6.8693,1172.33K,883.89K,404.9,242.35,50.91B,No,257.26,268.36,302.33,265.95,287.0,500
3148,ABRIL.BO,32.85,32.88,6.00K,Process Industries,Pulp & Paper,14.0,32.0,25.0,28.0,1.2607,0.8329,7.41K,10.60K,56.9,25.5,262.20M,No,33.95,34.94,37.62,34.4,36.01,252
3149,SPINAROO.BO,48.9,45.27,4.00K,Non-Energy Minerals,Aluminum,14.0,56.0,8.0,6.0,2.6621,2.0021,4.59K,2.80K,76.0,26.6,342.01M,No,48.54,52.78,52.54,52.75,57.15,355
3150,USHAKIRA.BO,31.53,30.03,2.31K,Finance,Investment Banks/Brokers,14.0,83.0,26.0,1.0,0.6036,0.3864,0.41K,0.26K,60.5,25.37,80.23M,No,30.01,30.96,42.63,31.09,41.57,498
3151,THREEMPAPE.BO,24.99,24.2,4.00K,Process Industries,Pulp & Paper,14.0,67.0,36.0,24.0,0.64,0.4886,6.94K,5.40K,42.6,18.27,480.74M,No,24.33,24.84,28.13,24.69,25.41,499
3152,SYSTMTXC.NS,71.11,69.72,21.78K,Finance,Investment Banks/Brokers,14.0,89.0,59.0,39.0,2.4643,1.7443,12.92K,15.39K,177.9,51.89,9.72B,No,59.86,60.81,82.06,61.58,65.66,235
3153,VIPCLOTHNG.NS,21.26,21.47,102.19K,Consumer Non-Durables,Apparel/Footwear,14.0,70.0,10.0,56.0,0.9564,0.9393,59.92K,77.73K,41.2,14.05,1.92B,No,20.5,21.57,24.48,21.19,22.11,499
3154,AJMERA.NS,118.74,117.12,613.43K,Finance,Real Estate Development,14.0,43.0,55.0,30.0,3.6307,3.5821,534.92K,348.15K,221.4,98.03,23.37B,No,117.39,123.6,139.23,122.41,123.16,500
3155,CAPACITE.NS,196.25,199.59,257.18K,Industrial Services,Engineering & Construction,14.0,23.0,23.0,16.0,9.4629,8.7107,574.86K,461.15K,334.0,180.0,16.60B,No,211.47,219.35,234.8,216.4,227.82,500
3156,SHALBY.NS,145.96,148.48,87.77K,Health Services,Hospital/Nursing Management,14.0,15.0,15.0,31.0,4.2893,4.1929,65.61K,54.05K,274.7,125.82,15.69B,No,153.12,160.4,167.61,157.92,158.36,500
3157,MANGALCOMP.BO,41.5,43.5,3.00K,Finance,Finance/Rental/Leasing,14.0,43.0,23.0,15.0,0.4393,0.0,0.84K,0.84K,59.25,41.0,564.65M,No,43.26,44.21,48.41,43.92,47.97,450
3158,LOYAL.BO,141.7,144.35,2.71K,Producer Manufacturing,Industrial Machinery,14.0,20.0,18.0,8.0,6.2607,6.2607,5.12K,4.27K,236.6,141.0,1.53B,No,149.47,153.88,171.7,152.66,167.15,497
3159,MAHAPEXLTD.NS,56.23,52.53,79.71K,Finance,Finance/Rental/Leasing,14.0,72.0,72.0,1.0,4.0671,3.9564,22.00K,15.90K,117.89,42.0,1.58B,No,55.97,49.7,67.15,49.73,55.0,498
3160,HORIZON.BO,120.65,110.95,48.00K,Producer Manufacturing,Miscellaneous Manufacturing,14.0,20.0,,,6.1893,5.8107,158.67K,28.80K,164.6,103.0,2.35B,No,121.38,133.39,,133.28,,60
3161,ASGARD.BO,33.33,32.9,34.46K,Producer Manufacturing,Metal Fabrication,14.0,78.0,35.0,10.0,1.4071,1.4071,86.25K,58.10K,63.0,27.21,10.38B,No,31.83,31.71,41.03,31.8,36.7,497
3162,BAJAJINDEF.NS,221.03,221.46,19.30K,Producer Manufacturing,Trucks/Construction/Farm Machinery,13.0,31.0,21.0,34.0,8.0586,7.9507,32.40K,14.51K,442.6,207.25,7.07B,No,220.73,230.2,270.5,228.55,249.03,385
3163,MEDICO.NS,35.42,35.44,378.56K,Health Technology,Pharmaceuticals: Major,13.0,2.0,11.0,14.0,2.395,2.3921,328.60K,510.00K,56.88,30.22,2.94B,No,41.49,42.05,44.4,41.83,41.88,499
3164,WSI.NS,58.83,59.11,29.57K,Producer Manufacturing,Electrical Products,13.0,65.0,10.0,12.0,2.4779,2.4779,55.29K,47.55K,95.0,53.8,4.46B,No,60.33,61.38,71.42,61.34,66.88,498
3165,GRAUWEIL.NS,76.48,72.67,1085.24K,Process Industries,Chemicals: Specialty,13.0,83.0,56.0,,3.3607,3.3257,416.35K,303.01K,115.6,62.09,34.68B,No,69.48,73.19,,73.53,,106
3166,KGVL.BO,43.0,43.01,8.40K,Finance,Financial Conglomerates,13.0,4.0,8.0,29.0,0.4764,0.0629,0.64K,0.72K,80.0,39.0,300.06M,No,46.59,48.05,49.69,47.5,49.32,478
3167,VGL.NS,57.78,54.77,279.23K,Process Industries,Textiles,13.0,33.0,9.0,19.0,3.6186,3.5943,81.94K,28.64K,92.5,43.7,2.98B,No,57.18,60.15,64.58,59.3,61.43,500
3168,LAOPALA.NS,162.4,167.46,236.40K,Consumer Durables,Home Furnishings,13.0,6.0,27.0,12.0,4.5643,4.4757,292.86K,135.23K,259.7,162.0,18.03B,No,175.21,182.04,187.79,180.4,181.44,501
3169,MPKSTEELS.BO,95.0,95.2,1.60K,Non-Energy Minerals,Steel,13.0,44.0,6.0,9.0,2.7107,2.0357,12.62K,13.60K,152.8,73.65,967.19M,No,94.61,102.28,118.67,102.37,115.75,233
3170,JAIPURKURT.NS,25.03,24.65,7.23K,Consumer Non-Durables,Apparel/Footwear,13.0,10.0,15.0,8.0,1.0979,1.0979,23.87K,17.48K,42.74,24.0,432.06M,No,26.44,27.09,30.69,26.89,29.25,497
3171,ASIANTILES.NS,50.39,50.47,3887.68K,Producer Manufacturing,Building Products,13.0,32.0,10.0,8.0,1.7857,1.7279,9315.65K,4228.85K,79.06,42.5,14.94B,No,48.38,50.24,62.07,50.5,58.84,501
3172,AAIL.BO,89.44,87.53,3.11K,Consumer Durables,Tools & Hardware,13.0,2.0,44.0,25.0,4.1121,4.0257,9.06K,3.15K,204.6,74.05,964.88M,No,93.13,99.87,101.74,100.21,95.05,497
3173,SILVOAK.BO,75.99,76.44,0.28K,Consumer Non-Durables,Beverages: Alcoholic,13.0,46.0,34.0,12.0,5.4543,5.3286,0.60K,0.58K,151.0,60.04,288.02M,No,74.05,75.73,85.05,75.59,80.92,497
3174,BBL.NS,2231.2,2245.5,11.55K,Producer Manufacturing,Electrical Products,13.0,37.0,8.0,28.0,57.6357,57.5357,32.01K,20.66K,3411.0,2051.7,25.22B,No,2317.72,2466.95,2620.35,2435.12,2565.38,500
3175,BHASKAGR.BO,105.5,106.65,2.93K,Process Industries,Chemicals: Agricultural,13.0,19.0,6.0,11.0,8.7536,8.4321,1.83K,2.13K,199.9,92.0,549.62M,No,111.02,116.12,133.6,115.57,139.63,497
3176,DECCANCE.NS,571.75,565.5,21.45K,Non-Energy Minerals,Construction Materials,13.0,62.0,40.0,12.0,15.9143,15.8643,21.03K,17.29K,1164.9,525.0,8.01B,No,561.43,564.0,641.94,564.88,608.85,498
3177,NAPL.BO,190.25,190.15,1.40K,Consumer Non-Durables,Food: Specialty/Candy,13.0,61.0,30.0,19.0,12.3786,12.2607,37.46K,5.97K,365.0,121.0,1.01B,No,190.44,195.63,204.14,198.11,186.68,497
3178,JISLJALEQS.NS,30.02,30.51,1430.54K,Producer Manufacturing,Trucks/Construction/Farm Machinery,13.0,75.0,43.0,15.0,1.32,1.295,3591.61K,6491.37K,59.0,26.11,22.02B,No,28.63,30.03,33.91,29.78,31.58,500
3179,CHENFERRO.BO,79.02,73.89,5.73K,Non-Energy Minerals,Steel,13.0,59.0,23.0,29.0,4.8929,4.6736,1.12K,0.51K,144.5,57.0,284.83M,No,76.49,80.09,90.53,79.19,84.37,497
3180,ASALCBR.NS,698.25,686.7,75.97K,Consumer Non-Durables,Beverages: Alcoholic,13.0,35.0,11.0,22.0,17.5786,17.5786,30.45K,20.84K,1277.0,660.65,14.02B,No,712.56,763.47,834.55,752.08,799.48,499
3181,UBL.NS,1256.7,1266.7,43.03K,Consumer Non-Durables,Beverages: Alcoholic,13.0,13.0,29.0,4.0,31.7929,31.5214,126.07K,142.63K,1847.9,1245.0,332.28B,No,1325.05,1361.11,1472.15,1348.24,1423.44,500
3182,EMAMILTD.NS,370.85,369.1,3326.94K,Consumer Non-Durables,Household/Personal Care,13.0,25.0,33.0,11.0,11.8714,11.8214,901.90K,1959.19K,614.0,361.15,161.88B,No,385.47,399.8,444.34,397.15,415.21,501
3183,ASHOKA.NS,113.53,113.58,492.18K,Industrial Services,Engineering & Construction,13.0,41.0,37.0,26.0,3.6671,3.225,3024.90K,11449.72K,214.5,101.0,31.87B,No,114.42,120.24,135.43,118.42,123.8,500
3184,AGRITECH.NS,99.08,98.25,3.42K,Process Industries,Agricultural Commodities/Milling,13.0,17.0,9.0,21.0,4.2007,4.0979,3.43K,3.25K,187.19,92.52,588.54M,No,101.88,107.56,120.33,106.59,111.2,498
3185,SWANAGRO.BO,41.0,40.0,8.00K,Producer Manufacturing,Trucks/Construction/Farm Machinery,13.0,24.0,43.0,19.0,1.0907,0.6543,4.28K,6.00K,70.0,38.5,779.67M,No,42.31,42.95,47.98,42.91,44.01,498
3186,PAOS.BO,42.0,42.5,0.08K,Consumer Non-Durables,Household/Personal Care,13.0,25.0,8.0,7.0,1.035,0.6793,0.33K,0.53K,60.1,38.14,256.35M,No,41.59,44.72,49.68,44.3,48.45,498
3187,JAMESWARREN.BO,251.65,251.1,3.61K,Consumer Non-Durables,Food: Major Diversified,13.0,31.0,24.0,13.0,7.6929,7.6929,1.25K,1.40K,385.4,248.05,931.10M,No,258.19,262.44,294.62,261.43,276.69,497
3188,LEHAR.BO,203.1,199.45,13.89K,Consumer Non-Durables,Apparel/Footwear,13.0,19.0,4.0,16.0,10.1893,9.7643,20.72K,23.46K,285.0,160.0,3.59B,No,207.52,228.73,230.35,226.41,228.48,497
3189,COMRADE.BO,36.0,35.7,3.00K,Producer Manufacturing,Industrial Machinery,13.0,4.0,65.0,19.0,0.5679,0.1307,5.62K,3.40K,111.27,20.54,280.04M,No,38.61,36.48,42.27,37.89,35.42,498
3190,ICICIGI.NS,1465.0,1474.0,312.76K,Finance,Specialty Insurance,13.0,12.0,11.0,7.0,28.4214,27.05,1065.51K,741.18K,2064.9,1459.1,731.91B,No,1573.74,1645.05,1801.53,1614.69,1744.0,500
3191,BROOKS.NS,63.85,62.99,24.31K,Health Technology,Pharmaceuticals: Major,13.0,74.0,36.0,44.0,3.2957,3.2436,27.78K,32.87K,163.9,36.3,1.88B,No,63.35,65.01,68.21,64.66,62.84,499
3192,ODYSSEY.BO,41.76,40.66,7.52K,Technology Services,Packaged Software,13.0,84.0,62.0,11.0,2.1757,2.1686,17.32K,9.05K,94.5,33.4,665.74M,No,37.1,38.99,48.93,39.09,42.93,497
3193,HINDMILL.BO,139.85,138.7,0.02K,Process Industries,Textiles,13.0,9.0,13.0,14.0,11.6536,11.0179,0.39K,1.22K,189.55,127.7,232.79M,No,150.19,156.99,164.83,154.38,159.44,497
3194,SAFFRON.BO,24.78,24.92,7.00K,Finance,Real Estate Development,13.0,20.0,14.0,9.0,1.6286,1.535,2.92K,1.43K,104.13,22.11,178.05M,No,25.96,26.78,31.1,26.5,29.12,497
3195,JYOTHYLAB.NS,195.65,195.1,488.14K,Consumer Non-Durables,Household/Personal Care,13.0,45.0,39.0,9.0,5.985,5.9421,958.29K,1672.78K,328.05,188.1,71.85B,No,204.61,202.09,231.28,201.36,215.7,501
3196,ZEEL.NS,80.95,85.71,22752.60K,Consumer Services,Broadcasting,13.0,4.0,3.0,35.0,4.6857,4.425,34376.37K,30657.92K,121.8,68.0,77.75B,No,97.47,100.3,93.02,100.3,93.86,501
3197,KZLFIN.BO,17.1,18.0,0.00K,Finance,Finance/Rental/Leasing,13.0,55.0,25.0,36.0,0.4286,0.0671,0.14K,0.22K,29.92,14.52,52.00M,No,20.13,18.07,19.92,17.84,18.29,498
3198,COMMAND.BO,21.0,21.0,4.00K,Producer Manufacturing,Miscellaneous Manufacturing,12.0,35.0,20.0,15.0,0.0607,0.0,0.19K,0.19K,32.68,21.0,196.91M,No,21.38,22.12,24.11,21.94,22.85,497
3199,DELTACORP.NS,54.34,55.25,781.94K,Consumer Services,Movies/Entertainment,12.0,13.0,11.0,31.0,1.6679,1.6536,1477.43K,727.45K,86.4,48.3,14.55B,No,58.3,61.51,64.94,60.77,63.23,501
3200,VASWANI.NS,46.41,45.75,33.00K,Non-Energy Minerals,Steel,12.0,15.0,6.0,14.0,2.0514,1.9679,34.42K,20.92K,69.99,44.5,1.53B,No,47.91,51.01,55.04,50.49,54.35,498
3201,AMRUTANJAN.NS,493.25,504.0,53.90K,Health Technology,Pharmaceuticals: Other,12.0,21.0,14.0,17.0,16.7321,16.2964,93.41K,60.63K,774.3,482.8,14.25B,No,507.37,519.24,571.71,516.72,540.11,500
3202,TCIIND.BO,1185.0,1130.0,0.01K,Finance,Real Estate Development,12.0,18.0,7.0,12.0,49.5071,38.3143,0.14K,0.17K,1601.0,1111.1,1.06B,No,1240.7,1278.01,1391.62,1269.7,1374.53,497
3203,KUNSTOFF.BO,19.24,19.96,0.24K,Producer Manufacturing,Miscellaneous Manufacturing,12.0,37.0,7.0,17.0,1.6171,1.5679,0.94K,0.81K,32.5,18.0,132.56M,No,20.54,21.78,22.77,21.51,22.51,497
3204,BGRENERGY.NS,243.22,248.87,42.43K,Industrial Services,Engineering & Construction,12.0,25.0,4.0,6.0,13.3807,12.0993,50.16K,63.36K,490.8,220.0,17.55B,No,247.88,270.78,312.83,268.04,294.43,498
3205,SWANCORP.NS,298.15,277.65,53151.63K,Utilities,Electric Utilities,12.0,41.0,31.0,13.0,9.7786,9.6536,975.04K,867.00K,506.0,273.65,93.46B,No,294.79,305.68,357.61,304.21,323.79,501
3206,ITHL.BO,281.85,281.15,4.57K,Consumer Services,Other Consumer Services,12.0,19.0,26.0,14.0,8.525,8.4893,2.37K,2.67K,508.0,266.0,2.25B,No,298.15,307.44,330.57,305.77,314.29,497
3207,HDFCBANK.NS,693.8,687.1,27103.19K,Finance,Major Banks,12.0,33.0,20.0,10.0,12.8107,11.5929,31029.46K,33603.04K,1020.5,686.2,10694.27B,No,715.04,748.03,832.62,744.66,777.7,501
3208,UNITDCR.BO,22.4,21.52,0.04K,Finance,Finance/Rental/Leasing,12.0,9.0,5.0,10.0,0.9864,0.8871,0.74K,0.63K,37.83,19.0,119.34M,No,23.32,25.48,27.2,25.1,26.06,497
3209,CONTPTR.BO,75.45,77.7,0.21K,Energy Minerals,Oil Refining/Marketing,12.0,32.0,12.0,17.0,4.2207,3.8036,2.73K,1.26K,125.0,65.0,638.90M,No,77.23,77.55,90.67,77.34,85.67,497
3210,BATAINDIA.NS,653.25,661.05,78.56K,Consumer Non-Durables,Apparel/Footwear,12.0,18.0,40.0,19.0,11.2429,11.1964,623.26K,109.54K,1282.5,605.0,83.96B,No,692.39,695.68,766.94,695.48,704.87,501
3211,EUROBOND.NS,150.0,150.15,0.93K,Non-Energy Minerals,Aluminum,12.0,24.0,15.0,24.0,8.1193,8.1193,7.07K,6.29K,247.99,126.3,3.68B,No,154.17,159.96,169.86,158.86,165.78,498
3212,HINDAPL.BO,90.9,91.0,0.08K,Process Industries,Textiles,12.0,3.0,8.0,11.0,5.9236,5.9236,0.26K,0.07K,238.0,75.35,911.36M,No,101.14,105.95,109.29,104.1,101.36,497
3213,IPL.NS,135.74,136.06,45.37K,Process Industries,Chemicals: Agricultural,12.0,31.0,12.0,18.0,2.97,2.7657,218.98K,82.46K,240.25,125.0,15.63B,No,138.4,146.66,156.95,145.23,151.46,499
3214,HUBTOWN.NS,183.22,184.0,202.03K,Finance,Real Estate Development,12.0,61.0,44.0,14.0,7.0064,6.9914,602.32K,482.45K,339.4,168.15,26.04B,No,186.54,192.58,212.81,190.93,199.56,500
3215,UNICK.BO,43.01,43.01,0.00K,Commercial Services,Miscellaneous Commercial Services,12.0,40.0,15.0,28.0,1.1279,0.3386,0.15K,0.09K,74.5,39.0,235.91M,No,45.97,45.31,48.11,44.97,44.92,498
3216,IRCTC.NS,467.75,469.5,675.83K,Consumer Services,Other Consumer Services,12.0,16.0,17.0,13.0,6.5286,6.2893,859.09K,582.13K,739.0,467.0,374.20B,No,483.98,495.69,561.95,492.62,522.97,500
3217,JAINREC.NS,291.45,295.85,516.45K,Non-Energy Minerals,Other Metals/Minerals,12.0,37.0,19.0,3.0,10.775,10.6857,1835.73K,1465.83K,593.95,272.55,100.58B,No,289.17,315.07,384.71,311.37,382.47,235
3218,SURAJLTD.NS,200.66,204.06,3.23K,Non-Energy Minerals,Steel,12.0,19.0,13.0,17.0,8.5286,8.2471,2.05K,2.38K,348.65,192.0,3.68B,No,206.49,217.55,233.46,215.92,227.83,499
3219,RODIUM.BO,144.15,133.7,1.83K,Finance,Real Estate Development,12.0,14.0,5.0,9.0,16.6929,16.5643,1.06K,1.44K,224.8,125.0,468.18M,No,148.71,159.64,165.7,159.18,165.73,497
3220,SCDL.BO,63.5,63.0,52.80K,Industrial Services,Engineering & Construction,12.0,18.0,7.0,,3.1014,3.0643,66.70K,23.20K,107.98,54.25,1.26B,No,65.48,69.57,,68.93,,107
3221,BRISK.BO,69.88,67.12,3.20K,Distribution Services,Electronics Distributors,12.0,15.0,3.0,37.0,1.8357,1.08,1.26K,1.52K,111.9,64.5,139.76M,No,71.81,79.92,78.77,77.98,77.8,498
3222,FISCHER.NS,34.9,34.78,451.55K,Process Industries,Chemicals: Specialty,12.0,22.0,37.0,34.0,1.4714,1.4714,1897.76K,556.87K,124.7,31.05,23.89B,No,36.7,37.66,38.65,37.62,37.47,294
3223,STUDDS.NS,418.4,414.6,46.75K,Consumer Durables,Recreational Products,12.0,52.0,10.0,10.0,10.4679,10.4679,64.16K,44.28K,600.0,410.0,16.47B,No,438.32,443.44,484.5,441.01,466.2,213
3224,LOGICA.BO,150.0,152.75,0.60K,Retail Trade,Electronics/Appliance Stores,12.0,42.0,25.0,6.0,3.9,2.4357,14.51K,13.02K,243.55,141.0,2.67B,No,165.77,162.59,188.22,161.39,176.78,497
3225,7TEC.BO,33.43,34.04,1.92K,Technology Services,Information Technology Services,12.0,71.0,10.0,22.0,1.5171,1.5057,21.72K,5.26K,49.7,30.06,363.68M,No,33.17,34.94,38.41,34.08,35.66,497
3226,DABUR.NS,376.45,371.55,2118.84K,Consumer Non-Durables,Household/Personal Care,12.0,18.0,18.0,9.0,6.1679,6.1,1989.47K,2032.84K,548.4,368.05,667.81B,No,388.89,411.75,457.08,407.45,435.52,501
3227,RESPONSINF.BO,20.9,21.56,1.15K,Commercial Services,Miscellaneous Commercial Services,12.0,70.0,19.0,16.0,1.31,1.0957,1.66K,2.71K,42.61,16.4,176.55M,No,20.0,19.77,24.95,19.77,22.3,497
3228,VSTTILLERS.NS,4081.3,4074.3,5.90K,Producer Manufacturing,Trucks/Construction/Farm Machinery,12.0,19.0,23.0,8.0,90.9927,90.8285,9.60K,7.29K,6374.0,4062.1,35.31B,No,4315.21,4427.09,5083.66,4411.27,4808.02,500
3229,TATACHEM.NS,610.55,603.05,692.58K,Process Industries,Chemicals: Agricultural,12.0,16.0,8.0,15.0,14.9071,14.3464,714.32K,602.00K,1026.65,580.3,155.54B,No,634.33,666.27,712.83,664.07,697.21,501
3230,KARBON.BO,109.0,102.5,75.20K,Producer Manufacturing,Metal Fabrication,12.0,56.0,56.0,5.0,6.3757,4.2707,12.81K,13.44K,208.1,92.6,1.54B,No,108.68,107.69,136.83,104.82,122.45,247
3231,GOCOLORS.NS,318.45,325.85,53.67K,Consumer Non-Durables,Apparel/Footwear,12.0,49.0,23.0,48.0,11.6857,11.6464,624.79K,85.44K,746.0,237.05,16.75B,No,333.04,334.43,354.22,331.56,317.95,499
3232,ZODIAC.NS,230.88,233.46,6.53K,Producer Manufacturing,Building Products,12.0,28.0,11.0,40.0,10.1029,9.8564,12.25K,9.61K,415.0,205.55,,No,244.74,252.45,276.22,251.98,268.83,495
3233,STDBAT.BO,40.2,40.14,0.57K,Producer Manufacturing,Electrical Products,12.0,12.0,7.0,22.0,2.8929,2.8929,1.49K,2.06K,66.0,35.95,207.88M,No,43.17,46.2,47.35,45.75,47.4,497
3234,DFL.BO,38.65,36.81,6.16K,Finance,Financial Conglomerates,12.0,77.0,15.0,14.0,1.1814,0.745,1.76K,7.79K,61.9,34.25,135.28M,No,39.48,38.63,45.21,38.57,42.64,496
3235,PHARMAID.BO,30.09,30.21,10.65K,Health Technology,Pharmaceuticals: Major,12.0,11.0,53.0,17.0,2.4329,2.4329,12.24K,5.22K,66.0,25.6,1.06B,No,31.88,32.5,36.0,32.29,31.81,497
3236,INNOVANA.NS,309.3,303.2,92.39K,Technology Services,Packaged Software,11.0,24.0,33.0,11.0,15.2643,15.0571,9.84K,13.86K,564.8,290.0,6.39B,No,310.22,321.04,366.47,321.43,348.78,498
3237,TANAA.NS,251.5,272.75,64.78K,Electronic Technology,Aerospace & Defense,11.0,,,,11.5857,11.5464,9.55K,10.85K,322.0,243.25,,No,,,,,,18
3238,KALPATARU.NS,267.4,266.35,19.84K,Finance,Real Estate Development,11.0,26.0,13.0,20.0,6.9107,6.8714,141.31K,32.19K,429.3,258.0,55.06B,No,277.78,282.02,316.39,280.35,305.07,300
3239,JUNGLECAMP.BO,40.75,42.79,9.60K,Consumer Services,Hotels/Resorts/Cruise Lines,11.0,7.0,8.0,36.0,1.7364,1.1671,6.55K,5.44K,64.35,38.05,631.56M,No,44.61,46.29,48.01,46.28,48.1,431
3240,JOLYPLS.BO,40.35,40.0,0.17K,Distribution Services,Wholesale Distributors,11.0,23.0,52.0,75.0,2.6371,1.43,0.55K,0.41K,182.55,18.24,269.39M,No,44.76,41.52,41.67,42.46,35.39,398
3241,FIBERWEB.NS,26.98,26.11,24.08K,Producer Manufacturing,Industrial Conglomerates,11.0,16.0,35.0,4.0,1.0793,1.0686,25.91K,13.71K,49.9,25.17,776.80M,No,26.57,28.92,34.0,28.63,32.63,498
3242,HDFCLIFE.NS,526.15,514.0,4121.68K,Finance,Multi-Line Insurance,11.0,46.0,32.0,8.0,12.1321,11.6893,3370.67K,3315.18K,796.9,508.7,1142.82B,No,540.13,548.51,635.97,548.61,591.25,501
3243,MICEL.NS,35.85,36.0,72.50K,Health Technology,Medical Specialties,11.0,48.0,12.0,42.0,1.1436,0.7721,294.14K,200.63K,77.18,29.97,10.68B,No,37.18,37.33,40.14,37.38,39.26,500
3244,MIVENMACH.BO,68.11,64.87,0.00K,Producer Manufacturing,Industrial Machinery,11.0,1.0,2.0,19.0,3.7964,2.3707,0.58K,1.10K,103.38,53.25,204.57M,No,73.24,79.08,80.97,78.08,79.49,498
3245,INFY.NS,1036.5,1035.0,8997.42K,Technology Services,Information Technology Services,11.0,10.0,28.0,7.0,29.3143,24.5357,12159.92K,8658.00K,1728.0,982.4,4198.14B,No,1118.74,1113.76,1297.13,1111.13,1172.75,501
3246,CLARA.BO,30.0,32.5,4.15K,Process Industries,Containers/Packaging,11.0,13.0,12.0,7.0,0.8129,0.5721,4.47K,2.49K,44.57,27.0,770.19M,No,32.95,33.64,37.35,33.21,36.26,498
3247,HINDUST.BO,39.6,39.35,2.60K,Process Industries,Agricultural Commodities/Milling,11.0,60.0,24.0,30.0,2.1564,2.1364,2.75K,1.16K,70.99,33.36,174.25M,No,38.58,39.39,45.83,39.05,42.86,497
3248,HERANBA.NS,172.3,173.93,18.57K,Process Industries,Chemicals: Agricultural,11.0,50.0,28.0,18.0,6.9514,6.6629,44.96K,33.60K,338.0,155.38,6.89B,No,170.72,175.94,201.2,174.94,187.15,500
3249,QUESTFLOW.BO,161.45,167.65,22.80K,Producer Manufacturing,Industrial Machinery,11.0,4.0,4.0,46.0,10.2821,8.5607,12.15K,34.96K,300.0,116.2,1.66B,No,166.94,191.31,195.11,187.93,193.9,497
3250,MEAPL.BO,24.89,25.0,20.73K,Finance,Investment Banks/Brokers,11.0,4.0,10.0,6.0,1.4829,1.4814,28.80K,21.10K,49.89,23.21,384.55M,No,26.12,27.71,32.83,27.4,32.74,497
3251,MEDIASSIST.NS,323.05,328.65,112.67K,Finance,Investment Managers,11.0,19.0,15.0,45.0,11.3821,11.3821,165.90K,186.09K,575.55,293.0,24.13B,No,341.73,350.27,380.28,348.39,352.75,500
3252,FORTISMLR.BO,45.09,44.7,13.97K,Health Services,Hospital/Nursing Management,11.0,18.0,14.0,16.0,1.4679,1.4679,6.17K,6.03K,76.0,40.75,845.07M,No,46.85,48.96,53.8,48.44,51.59,497
3253,UNIECOM.NS,84.77,85.5,121.85K,Technology Services,Packaged Software,11.0,20.0,31.0,15.0,3.0207,3.0207,1164.46K,310.08K,152.99,78.51,9.53B,No,86.29,86.43,97.51,86.18,91.04,501
3254,TRACXN.NS,28.61,29.15,267.17K,Technology Services,Internet Software/Services,11.0,36.0,23.0,17.0,0.8564,0.8486,135.87K,186.65K,55.9,25.39,3.06B,No,29.4,29.78,33.52,29.62,31.23,500
3255,HOWARHO.BO,18.26,18.4,0.01K,Consumer Services,Hotels/Resorts/Cruise Lines,11.0,35.0,5.0,4.0,1.1343,0.8579,0.84K,0.57K,33.9,16.74,166.41M,No,18.79,20.13,22.82,19.92,22.99,499
3256,WEIZMANIND.NS,71.57,72.57,1.68K,Process Industries,Textiles,11.0,19.0,18.0,15.0,2.6771,2.6086,2.37K,1.07K,117.9,65.21,1.11B,No,75.23,77.31,84.67,76.6,80.38,499
3257,INTENTECH.NS,79.12,78.96,16.62K,Technology Services,Information Technology Services,11.0,35.0,6.0,12.0,4.315,4.2671,37.52K,14.23K,149.9,66.3,1.85B,No,81.05,86.45,100.76,85.69,93.9,498
3258,SRECR.BO,26.41,27.78,0.50K,Non-Energy Minerals,Construction Materials,11.0,63.0,3.0,10.0,0.9229,0.6236,0.19K,0.48K,51.5,22.25,110.92M,No,24.35,27.06,34.06,26.58,31.67,499
3259,GODREJCP.NS,869.9,863.8,696.74K,Consumer Non-Durables,Household/Personal Care,11.0,35.0,11.0,8.0,17.0286,16.05,1527.21K,1931.62K,1273.9,855.15,890.17B,No,907.61,998.02,1083.3,987.04,1036.19,501
3260,PRIYALT.BO,19.0,19.72,0.06K,Distribution Services,Electronics Distributors,11.0,16.0,2.0,24.0,0.9607,0.45,0.09K,0.07K,34.65,16.73,57.04M,No,21.16,22.55,22.41,22.13,22.8,498
3261,MUFTI.NS,74.09,74.66,86.21K,Retail Trade,Apparel/Footwear Retail,11.0,22.0,11.0,18.0,2.7386,2.6521,108.63K,86.78K,122.0,63.06,4.85B,No,75.72,80.87,85.78,80.1,81.52,500
3262,JAICORPLTD.NS,96.84,97.5,249.18K,Process Industries,Containers/Packaging,11.0,29.0,16.0,31.0,2.4207,2.3557,432.40K,249.26K,173.4,88.0,17.00B,No,99.98,103.67,113.06,102.34,107.82,500
3263,MINDTECK.NS,160.0,162.68,45.82K,Technology Services,Information Technology Services,11.0,4.0,5.0,11.0,6.295,6.2193,56.86K,27.68K,307.68,145.13,5.11B,No,171.02,187.77,200.05,184.79,194.14,499
3264,HPL.NS,295.8,298.65,64.68K,Electronic Technology,Electronic Equipment/Instruments,11.0,16.0,12.0,24.0,7.6464,7.4607,139.59K,77.84K,507.9,255.55,19.02B,No,308.26,328.4,347.89,325.28,336.7,500
3265,DEVX.NS,32.99,33.63,92.17K,Finance,Real Estate Development,11.0,29.0,21.0,13.0,1.6757,1.6379,107.35K,149.09K,64.05,29.95,3.12B,No,33.83,34.18,38.15,34.2,37.06,246
3266,SKFINDIA.NS,1531.6,1533.5,15.80K,Producer Manufacturing,Metal Fabrication,11.0,55.0,36.0,23.0,32.4786,32.4786,70.72K,43.35K,5074.0,1404.0,75.72B,No,1570.62,1542.37,1667.72,1536.84,1609.35,501
3267,SBGLP.NS,22.44,23.99,485.62K,Finance,Real Estate Development,11.0,10.0,12.0,9.0,1.9343,1.9343,25.18K,23.36K,40.9,18.35,3.89B,No,24.32,24.79,28.13,24.63,25.93,498
3268,HAPPSTMNDS.NS,332.4,339.5,806.14K,Technology Services,Data Processing Services,11.0,6.0,33.0,29.0,17.8429,17.4179,1993.72K,3711.07K,583.4,330.2,49.95B,No,394.4,386.46,396.35,388.25,376.13,501
3269,WIPRO.NS,166.3,167.0,9575.23K,Technology Services,Information Technology Services,11.0,15.0,27.0,11.0,4.0579,3.4429,15241.84K,9796.82K,273.1,166.0,1645.21B,No,177.72,178.93,207.25,178.82,189.48,501
3270,AWHCL.NS,373.15,376.15,43.90K,Transportation,Trucking,11.0,36.0,11.0,8.0,9.7571,9.4964,112.59K,70.57K,616.0,361.0,10.59B,No,380.36,416.31,464.85,409.13,452.12,500
3271,KHAICHEM.NS,52.68,52.97,63.27K,Process Industries,Chemicals: Agricultural,11.0,64.0,32.0,34.0,2.1564,2.1064,170.94K,132.06K,135.8,42.92,5.11B,No,55.08,52.25,59.94,51.9,53.87,499
3272,SHRADHA.NS,31.19,30.84,19.80K,Industrial Services,Engineering & Construction,11.0,22.0,24.0,20.0,1.7293,1.7293,70.23K,16.57K,58.95,26.34,2.53B,No,32.54,33.61,36.31,33.52,34.63,498
3273,INNOVISION.NS,266.8,280.3,55.16K,Transportation,Other Transportation,11.0,21.0,27.0,,14.0143,11.8857,51.36K,184.70K,470.0,246.2,6.35B,No,263.39,277.52,,274.79,,120
3274,LGT.BO,40.9,40.0,4.80K,Consumer Services,Other Consumer Services,10.0,61.0,55.0,4.0,0.8643,0.4964,15.34K,4.20K,85.5,36.0,383.35M,No,39.36,41.39,53.26,41.77,47.6,261
3275,RPPINFRA.NS,63.03,62.0,348.04K,Industrial Services,Engineering & Construction,10.0,75.0,54.0,19.0,2.9586,2.93,182.58K,304.51K,153.0,53.0,3.13B,No,57.33,60.16,75.68,59.47,67.11,499
3276,ASTRAZEN.NS,6860.5,6876.5,2.29K,Health Technology,Pharmaceuticals: Major,10.0,7.0,8.0,8.0,142.1429,140.7143,10.94K,5.45K,9849.5,6801.0,171.51B,No,7213.05,7759.05,8379.23,7651.7,8170.8,499
3277,HARAFIN.BO,58.0,58.0,0.10K,Finance,Finance/Rental/Leasing,10.0,11.0,14.0,5.0,0.8243,0.0,0.05K,0.26K,93.97,55.06,12.04B,No,63.46,64.68,73.01,64.19,67.36,498
3278,TIRUMALCHM.NS,157.52,157.81,474.49K,Process Industries,Chemicals: Specialty,10.0,41.0,31.0,28.0,6.545,6.5407,726.28K,634.43K,328.8,143.5,18.99B,No,157.42,164.95,191.14,163.12,179.03,499
3279,RALLIS.NS,203.06,204.01,593.07K,Process Industries,Chemicals: Agricultural,10.0,41.0,19.0,8.0,4.0136,4.0136,945.56K,730.01K,344.4,201.95,39.49B,No,209.73,217.69,246.02,215.81,237.9,501
3280,ZMILGFIN.BO,44.0,43.85,17.12K,Finance,Financial Conglomerates,10.0,16.0,47.0,5.0,3.3514,3.3457,79.73K,56.15K,108.9,35.36,947.81M,No,46.57,44.33,54.23,44.08,50.83,497
3281,UNIENTER.NS,91.55,92.56,4.20K,Producer Manufacturing,Industrial Conglomerates,10.0,30.0,17.0,17.0,3.18,3.1371,10.75K,6.32K,158.0,87.51,12.73B,No,94.6,98.71,111.96,97.04,101.69,499
3282,GARNET.BO,54.34,56.79,3.87K,Finance,Real Estate Development,10.0,4.0,2.0,1.0,3.2314,2.86,5.69K,2.69K,116.0,46.0,755.45M,No,54.77,62.71,74.89,61.49,76.71,497
3283,SURAJEST.NS,177.0,169.91,362.66K,Industrial Services,Engineering & Construction,10.0,5.0,29.0,13.0,6.645,6.4086,103.71K,202.93K,319.0,166.25,8.49B,No,192.08,197.54,217.95,195.86,205.97,501
3284,IRCON.NS,115.21,115.08,1890.54K,Industrial Services,Engineering & Construction,10.0,18.0,13.0,10.0,2.9279,2.89,1443.18K,1262.39K,189.5,114.5,108.36B,No,121.12,126.01,142.21,125.04,134.69,501
3285,GLOBALVECT.NS,138.35,139.03,5.52K,Industrial Services,Oilfield Services/Equipment,10.0,5.0,13.0,18.0,4.4729,4.4293,13.21K,7.02K,248.0,129.0,1.94B,No,145.97,153.75,171.07,151.51,162.07,498
3286,TCFCFINQ.BO,24.95,25.51,1.17K,Finance,Financial Conglomerates,10.0,41.0,23.0,33.0,1.6079,1.5243,3.48K,1.86K,51.57,22.02,235.81M,No,25.65,25.84,30.45,26.0,27.41,500
3287,SHIVTEXCHEM.BO,120.85,121.0,9.20K,Distribution Services,Wholesale Distributors,10.0,75.0,33.0,27.0,5.775,4.9929,5.72K,8.76K,292.0,95.0,2.80B,No,111.83,115.53,132.77,114.83,125.86,474
3288,JSLL.NS,518.3,506.2,992.92K,Health Services,Medical/Nursing Services,10.0,37.0,13.0,14.0,17.6679,17.1179,714.72K,500.65K,849.5,492.0,64.43B,No,510.86,546.42,632.2,547.15,600.66,500
3289,AIHL.BO,33.0,33.01,0.10K,Distribution Services,Wholesale Distributors,10.0,35.0,10.0,3.0,1.3807,0.7271,1.33K,0.03K,51.92,27.1,69.00M,No,35.61,33.54,42.02,33.89,41.69,497
3290,PANELEC.BO,27.7,26.09,1.53K,Electronic Technology,Electronic Components,10.0,67.0,60.0,3.0,3.3314,3.2864,1.62K,2.25K,69.8,21.73,110.80M,No,26.04,26.16,34.02,26.24,30.02,497
3291,JKAGRI.BO,285.3,290.3,0.09K,Process Industries,Agricultural Commodities/Milling,10.0,28.0,20.0,20.0,15.4393,15.4107,1.29K,0.52K,569.85,275.0,1.34B,No,292.5,304.87,336.76,305.04,320.19,497
3292,UMAEXPORTS.NS,22.12,22.57,14.97K,Distribution Services,Wholesale Distributors,10.0,79.0,45.0,31.0,0.825,0.5114,41.91K,11.58K,55.9,18.12,747.87M,No,23.84,21.93,27.57,22.03,23.65,498
3293,ANNAPURNA.NS,135.03,137.68,39.91K,Consumer Non-Durables,Food: Specialty/Candy,10.0,4.0,38.0,9.0,7.2421,7.22,60.97K,49.34K,287.0,120.75,2.95B,No,147.96,140.2,167.95,140.38,151.88,498
3294,SRSOLTD.BO,73.0,71.81,5.60K,Finance,Finance/Rental/Leasing,10.0,34.0,47.0,9.0,4.5921,3.3321,5.66K,6.08K,229.0,57.0,833.60M,No,78.96,81.23,92.25,80.28,83.69,498
3295,ITC.NS,259.3,260.8,17444.12K,Consumer Non-Durables,Tobacco,10.0,27.0,23.0,12.0,5.1143,4.6857,13917.15K,14600.62K,426.4,255.5,3248.97B,No,266.91,276.5,312.01,275.0,292.02,501
3296,MORGAN.BO,44.39,45.99,1.82K,Finance,Financial Conglomerates,10.0,53.0,30.0,12.0,2.2664,2.1229,1.92K,1.69K,92.9,35.0,439.40M,No,45.18,45.21,55.8,45.29,48.6,497
3297,SAURASHCEM.NS,55.48,55.78,29.54K,Non-Energy Minerals,Construction Materials,10.0,17.0,29.0,18.0,1.8693,1.865,296.32K,81.59K,116.74,47.65,6.18B,No,57.12,58.26,65.24,58.38,59.72,500
3298,AUSTERE.BO,41.8,41.5,10.00K,Technology Services,Packaged Software,10.0,52.0,12.0,19.0,0.6836,0.4957,6.97K,6.40K,79.32,38.11,437.99M,No,40.71,41.48,46.82,41.45,45.32,249
3299,ATVPR.BO,25.0,25.29,14.49K,Producer Manufacturing,Industrial Machinery,10.0,31.0,18.0,6.0,1.8171,1.8171,21.22K,16.95K,44.4,21.55,1.33B,No,26.42,25.46,31.81,25.57,29.22,497
3300,EUREKAFORB.NS,397.35,399.35,147.59K,Producer Manufacturing,Industrial Machinery,10.0,7.0,22.0,22.0,14.1821,14.0107,158.84K,120.88K,668.3,395.6,76.94B,No,420.87,441.5,497.76,434.82,459.68,499
3301,SAMBANDAM.NS,113.01,113.01,0.20K,Process Industries,Textiles,10.0,,,,,,10.43K,0.60K,161.9,80.05,,No,,,,,,13
3302,USK.NS,20.56,20.86,32.73K,Industrial Services,Engineering & Construction,10.0,35.0,12.0,8.0,0.8607,0.8607,18.35K,15.57K,35.17,18.97,1.14B,No,21.27,21.9,22.97,21.67,23.15,498
3303,HMAAGRO.NS,19.98,20.02,10117.07K,Distribution Services,Food Distributors,10.0,16.0,18.0,9.0,0.795,0.795,1471.68K,1799.83K,34.24,19.09,10.01B,No,21.34,21.5,24.65,21.6,23.16,499
3304,WCIL.NS,84.42,84.14,102.13K,Transportation,Air Freight/Couriers,10.0,49.0,21.0,13.0,2.3857,2.3764,59.09K,67.20K,147.29,77.02,8.61B,No,85.35,89.26,102.25,88.47,95.69,491
3305,ARDEE.NS,52.62,53.27,3002.21K,Non-Energy Minerals,Other Metals/Minerals,10.0,,,,2.855,2.8271,13496.77K,4259.17K,73.19,52.39,16.59B,No,58.06,,,,,22
3306,CONTILI.BO,19.76,20.15,0.61K,Distribution Services,Food Distributors,10.0,56.0,14.0,6.0,2.2079,2.1929,3.84K,6.75K,42.0,18.97,305.73M,No,19.92,20.78,23.77,20.72,23.57,497
3307,SDBL.NS,70.87,71.68,425.58K,Consumer Non-Durables,Beverages: Alcoholic,10.0,50.0,25.0,23.0,2.15,2.15,1618.83K,591.13K,142.6,61.8,14.73B,No,72.93,71.58,83.74,71.68,76.95,501
3308,IXIGO.NS,161.92,167.54,1880.56K,Technology Services,Internet Software/Services,10.0,16.0,23.0,27.0,5.8557,5.6571,1539.21K,1464.15K,339.15,151.27,71.41B,No,166.63,184.86,193.82,180.19,176.86,501
3309,STARDELTA.BO,447.85,451.75,1.60K,Producer Manufacturing,Electrical Products,10.0,1.0,4.0,26.0,22.3964,22.3964,3.81K,2.47K,718.8,392.55,1.34B,No,481.22,550.05,554.47,540.54,552.0,497
3310,AHLADA.NS,35.29,35.48,8.68K,Producer Manufacturing,Building Products,10.0,11.0,15.0,12.0,1.6936,1.6936,15.35K,12.06K,72.0,31.22,455.98M,No,37.72,37.96,43.58,37.65,40.48,500
3311,VAHH.BO,51.94,52.2,8.00K,Process Industries,Chemicals: Major Diversified,9.0,34.0,,,2.3343,1.6179,56.41K,11.00K,73.98,45.0,431.41M,No,52.22,53.95,,53.65,,66
3312,RSSOFTWARE.NS,29.21,29.48,11.43K,Technology Services,Packaged Software,9.0,22.0,24.0,20.0,1.6436,1.5836,26.53K,59.17K,82.0,21.93,754.53M,No,30.68,31.75,36.91,31.36,32.61,500
3313,GODFRYPHLP.NS,1972.0,1978.5,190.82K,Consumer Non-Durables,Tobacco,9.0,11.0,17.0,29.0,41.3,39.7143,350.44K,145.63K,3947.0,1832.1,307.60B,No,2087.23,2128.76,2238.61,2118.69,2166.23,500
3314,DHANLAXMI.NS,55.0,25.0,,Process Industries,Agricultural Commodities/Milling,9.0,16.0,5.0,40.0,1.0,0.675,16.50K,3.60K,55.0,20.05,,No,24.95,25.14,28.19,24.87,26.96,431
3315,SMLT.NS,61.44,62.15,5.76K,Non-Energy Minerals,Steel,9.0,12.0,17.0,17.0,2.945,2.8907,7.01K,7.78K,122.85,56.61,841.10M,No,66.82,67.62,73.66,67.47,69.55,500
3316,PNCINFRA.NS,177.41,179.0,188.66K,Industrial Services,Engineering & Construction,9.0,2.0,17.0,18.0,5.8457,5.7436,636.44K,463.78K,325.0,158.17,45.51B,No,197.71,222.57,220.07,217.73,210.5,500
3317,JUPITERIN.BO,39.3,39.12,19.42K,Technology Services,Packaged Software,9.0,3.0,2.0,11.0,2.8771,2.6464,23.88K,37.93K,81.55,30.1,393.79M,No,39.32,47.65,49.36,46.16,53.41,497
3318,COARO.BO,24.04,24.04,0.40K,Transportation,Trucking,9.0,6.0,25.0,4.0,0.0043,0.0043,0.06K,0.06K,41.75,23.4,99.68M,No,24.67,26.46,30.38,26.49,28.89,497
3319,DREAMFOLKS.NS,67.12,68.55,30.28K,Transportation,Other Transportation,9.0,42.0,41.0,18.0,2.5021,2.4607,60.39K,47.02K,160.0,56.0,3.58B,No,67.19,68.06,82.42,67.89,72.72,499
3320,SIYARAM.BO,35.0,35.1,42.00K,Non-Energy Minerals,Other Metals/Minerals,9.0,15.0,55.0,16.0,2.1879,2.1664,55.24K,54.90K,119.5,31.95,762.62M,No,35.98,38.7,43.71,37.94,38.68,498
3321,GTPL.NS,59.75,58.29,98.57K,Communications,Specialty Telecommunications,9.0,84.0,24.0,32.0,2.14,2.12,78.00K,138.52K,118.95,50.85,6.72B,No,55.6,58.44,70.65,58.42,62.38,500
3322,SHLOKKA.BO,24.0,25.0,1.20K,Process Industries,Chemicals: Specialty,9.0,68.0,56.0,19.0,0.9779,0.6836,17.06K,45.12K,90.0,21.1,513.81M,No,24.87,24.08,28.11,24.29,24.53,224
3323,NIMBSPROJ.NS,157.56,155.84,114.75K,Finance,Real Estate Development,9.0,5.0,5.0,,9.2486,8.97,25.18K,57.25K,231.23,141.04,3.04B,No,167.06,181.33,,178.89,,112
3324,SINNAR.BO,689.8,689.85,0.01K,Consumer Non-Durables,Tobacco,9.0,43.0,18.0,16.0,19.5607,14.125,0.02K,0.00K,996.0,613.0,275.92M,No,694.55,718.25,774.17,708.47,757.44,497
3325,RATNABHUMI.BO,174.0,174.0,0.01K,Finance,Real Estate Development,9.0,52.0,1.0,21.0,0.0,0.0,0.01K,0.01K,318.0,174.0,2.38B,No,174.0,182.66,222.31,178.66,220.31,496
3326,AGARIND.NS,433.85,447.25,37.58K,Process Industries,Chemicals: Specialty,9.0,5.0,32.0,26.0,15.5286,15.3714,173.67K,41.03K,1006.0,360.0,6.49B,No,469.18,495.33,545.92,485.17,470.59,498
3327,CLENON.BO,39.76,40.57,0.14K,Producer Manufacturing,Electrical Products,9.0,10.0,10.0,3.0,0.355,0.2971,0.33K,0.12K,62.96,38.55,434.99M,No,41.96,44.7,51.62,44.26,49.56,497
3328,NAGTECH.BO,38.11,38.15,0.39K,Process Industries,Agricultural Commodities/Milling,9.0,6.0,4.0,6.0,2.5314,2.31,11.44K,3.04K,57.41,34.59,1.17B,No,41.33,42.89,46.59,42.9,45.95,498
3329,ADCOUNTY.BO,92.67,92.75,90.40K,Commercial Services,Advertising/Marketing Services,9.0,78.0,25.0,14.0,4.9879,4.8929,40.99K,19.68K,282.0,73.0,2.09B,No,84.9,88.07,111.89,88.67,106.19,296
3330,HILLTONE.BO,39.02,39.44,1.62K,Process Industries,Chemicals: Specialty,9.0,33.0,25.0,5.0,4.0236,3.9943,42.21K,19.06K,93.0,37.5,514.20M,No,40.04,41.28,53.6,41.37,46.48,423
3331,MEDPLUS.NS,658.05,669.95,61.42K,Retail Trade,Drugstore Chains,9.0,41.0,3.0,8.0,20.3571,19.675,231.70K,116.18K,1022.2,648.0,79.02B,No,669.93,719.38,812.59,712.22,811.89,498
3332,KSCL.NS,718.05,722.05,49.51K,Process Industries,Agricultural Commodities/Milling,9.0,14.0,7.0,28.0,17.9286,17.2714,212.99K,76.22K,1225.0,705.1,36.65B,No,761.89,804.66,872.82,788.48,845.06,499
3333,MBEL.NS,259.35,265.15,146.19K,Producer Manufacturing,Building Products,9.0,40.0,21.0,18.0,8.1071,8.1071,209.84K,102.84K,535.9,223.05,14.82B,No,271.79,290.82,315.64,287.44,296.71,275
3334,REPRO.NS,306.9,314.0,154.40K,Commercial Services,Commercial Printing/Forms,9.0,21.0,13.0,7.0,11.7536,11.7107,18.41K,16.99K,590.0,301.0,4.40B,No,318.17,348.17,387.15,343.87,360.04,498
3335,SYMPHONY.NS,606.95,618.6,96.15K,Producer Manufacturing,Industrial Machinery,9.0,31.0,20.0,10.0,17.3179,16.9072,163.13K,561.88K,970.45,564.0,41.68B,No,601.29,651.72,767.5,645.09,715.7,500
3336,RSYSTEMS.NS,243.05,243.27,107.92K,Technology Services,Information Technology Services,9.0,51.0,40.0,26.0,8.2943,7.96,456.73K,221.93K,465.0,213.52,28.80B,No,244.58,246.78,298.96,247.97,260.17,500
3337,1STCUS.BO,62.74,60.99,0.01K,Finance,Investment Banks/Brokers,9.0,39.0,10.0,6.0,4.7557,4.6357,0.26K,0.13K,103.0,54.55,94.11M,No,61.57,64.78,74.99,63.6,71.86,497
3338,UMIYA.BO,25.37,25.62,0.22K,Non-Energy Minerals,Steel,9.0,77.0,1.0,9.0,1.9371,1.8743,22.50K,10.79K,45.36,19.67,328.71M,No,23.65,25.98,30.79,25.37,31.28,497
3339,IRFC.NS,81.08,81.39,8515.57K,Finance,Finance/Rental/Leasing,9.0,21.0,12.0,10.0,1.4279,1.3729,10337.18K,7034.35K,137.17,80.76,1059.59B,No,84.58,87.12,101.78,86.62,94.84,500
3340,GANESHCP.NS,166.98,167.58,317.44K,Process Industries,Agricultural Commodities/Milling,9.0,64.0,11.0,37.0,7.5129,7.3986,149.59K,233.48K,309.95,152.0,6.75B,No,166.66,172.52,194.83,171.7,183.73,237
3341,RUSTOMJEE.NS,350.5,352.35,18.77K,Finance,Real Estate Development,9.0,31.0,21.0,19.0,10.4071,10.0536,308.69K,84.34K,634.0,350.0,44.25B,No,372.45,392.82,432.48,386.85,394.77,498
3342,FINOPB.NS,139.95,137.64,463.69K,Finance,Regional Banks,9.0,7.0,56.0,7.0,4.7093,4.7014,3116.72K,235.66K,339.0,110.03,11.65B,No,144.44,152.37,178.03,150.77,146.96,500
3343,CENTUPLE.BO,35.99,35.48,7.83K,Distribution Services,Medical Distributors,9.0,0.0,22.0,3.0,2.5193,2.415,4.26K,1.43K,144.4,32.0,196.80M,No,37.86,38.23,65.03,37.2,45.16,497
3344,SAGCEM.NS,150.34,150.94,50.09K,Non-Energy Minerals,Construction Materials,9.0,6.0,17.0,10.0,5.37,5.3664,54.08K,65.99K,289.7,148.0,19.65B,No,161.4,170.75,184.57,168.8,175.79,499
3345,ARIHANTSUP.NS,219.65,221.8,8.02K,Finance,Real Estate Development,9.0,5.0,14.0,16.0,10.6464,10.325,20.79K,15.66K,465.0,188.8,9.50B,No,246.41,255.61,270.21,252.15,252.04,498
3346,URAVIDEF.NS,115.0,115.0,3.26K,Producer Manufacturing,Electrical Products,9.0,69.0,42.0,9.0,4.9271,4.4529,48.09K,7.29K,399.5,101.0,1.31B,No,111.2,113.82,142.61,112.55,124.98,498
3347,DCMSRIND.NS,41.76,42.41,241.44K,Process Industries,Agricultural Commodities/Milling,9.0,40.0,62.0,60.0,2.8143,2.7893,248.75K,207.40K,181.9,31.9,3.63B,No,46.85,43.39,55.14,42.94,40.04,500
3348,INNOVATORS.BO,114.0,114.15,26.40K,Process Industries,Industrial Specialties,8.0,17.0,24.0,15.0,3.7214,3.1929,17.81K,20.48K,234.6,102.0,2.15B,No,115.47,117.46,146.98,117.48,130.34,497
3349,GODIGIT.NS,250.75,253.3,92.96K,Finance,Multi-Line Insurance,8.0,34.0,10.0,5.0,6.4893,6.4643,686.53K,179.22K,381.4,244.2,231.82B,No,257.64,270.74,311.37,267.06,301.0,500
3350,SRD.NS,38.5,39.33,61.67K,Distribution Services,Wholesale Distributors,8.0,33.0,42.0,7.0,1.4279,1.4043,36.36K,22.69K,76.7,36.0,2.46B,No,39.79,39.09,48.04,38.9,42.03,478
3351,GARNETINT.BO,59.0,58.0,1.08K,Process Industries,Textiles,8.0,42.0,6.0,28.0,3.5021,3.0836,6.81K,6.17K,126.95,42.0,1.16B,No,57.48,61.02,60.61,60.58,59.52,497
3352,MBLINFRA.NS,23.13,23.27,13.59K,Industrial Services,Engineering & Construction,8.0,28.0,16.0,24.0,1.3871,1.3871,33.84K,43.60K,52.48,18.37,3.61B,No,23.65,24.64,26.82,24.51,25.2,500
3353,SYNGENE.NS,384.0,386.8,187.71K,Commercial Services,Miscellaneous Commercial Services,8.0,27.0,11.0,26.0,8.9857,8.9321,1048.78K,467.56K,678.95,375.25,154.56B,No,399.34,406.73,472.5,402.58,422.96,501
3354,AEONXDIGI.BO,110.95,111.0,0.72K,Process Industries,Chemicals: Specialty,8.0,30.0,19.0,16.0,7.75,7.6536,2.68K,3.03K,242.0,99.0,514.24M,No,111.49,116.08,134.83,115.06,122.67,497
3355,STANLEY.NS,137.43,138.41,89.31K,Consumer Durables,Home Furnishings,8.0,40.0,36.0,24.0,3.4179,3.4079,165.41K,67.88K,320.45,123.0,7.85B,No,136.96,147.1,163.98,145.93,147.57,500
3356,ITCONS.BO,286.25,292.25,16.60K,Commercial Services,Personnel Services,8.0,33.0,13.0,8.0,19.5214,18.6571,36.11K,67.30K,620.0,230.5,2.58B,No,285.19,281.22,350.78,282.07,311.65,497
3357,TIGERLOGS.NS,27.73,27.36,64.52K,Transportation,Air Freight/Couriers,8.0,74.0,6.0,33.0,1.5779,1.5779,151.39K,93.35K,56.69,22.9,2.93B,No,28.59,29.69,32.67,29.45,31.68,246
3358,UVS.BO,81.12,81.95,0.24K,Distribution Services,Wholesale Distributors,8.0,5.0,7.0,11.0,5.2136,5.21,24.38K,13.90K,161.95,72.55,3.09B,No,83.07,87.92,98.02,87.71,89.79,497
3359,VASCONEQ.NS,30.15,29.7,225.47K,Industrial Services,Engineering & Construction,8.0,28.0,13.0,15.0,0.9764,0.9514,294.43K,242.41K,74.59,26.75,7.00B,No,30.75,31.98,37.36,32.01,34.25,500
3360,ANIRIT.BO,44.0,44.0,0.01K,Process Industries,Textiles,8.0,46.0,3.0,44.0,0.875,0.6871,1.53K,2.31K,99.0,33.25,792.00M,No,42.83,44.54,50.08,43.88,49.04,497
3361,TARACHAND.NS,47.24,47.05,59.32K,Finance,Finance/Rental/Leasing,8.0,34.0,14.0,10.0,1.525,1.525,115.18K,52.00K,103.67,46.01,3.72B,No,47.84,52.08,61.57,51.14,56.48,499
3362,ADSL.NS,98.54,99.68,91.28K,Technology Services,Information Technology Services,8.0,8.0,11.0,27.0,3.3093,3.2643,264.17K,83.90K,209.53,86.27,5.58B,No,106.2,113.09,123.33,111.7,114.92,501
3363,EDVENSWA.BO,22.3,22.27,7.07K,Technology Services,Information Technology Services,8.0,54.0,23.0,41.0,1.1193,1.085,10.30K,10.99K,51.0,19.01,651.52M,No,21.08,22.07,26.92,21.76,25.02,497
3364,TOLINS.NS,90.96,91.45,31.88K,Consumer Durables,Automotive Aftermarket,8.0,15.0,19.0,20.0,2.4414,2.3936,62.03K,37.35K,202.0,83.04,3.59B,No,94.44,99.62,111.52,98.54,102.78,496
3365,DEVIT.NS,23.97,23.9,75.38K,Technology Services,Information Technology Services,8.0,11.0,13.0,23.0,1.1236,1.1093,62.96K,33.03K,45.0,22.25,1.35B,No,24.98,26.39,29.68,25.89,27.25,499
3366,FOCUS.NS,61.97,60.92,99.88K,Producer Manufacturing,Electrical Products,8.0,18.0,2.0,28.0,2.63,2.5936,54.99K,48.77K,99.9,57.06,4.16B,No,66.26,71.35,74.49,69.93,74.52,498
3367,TOUCHWOOD.NS,61.16,61.0,1.42K,Commercial Services,Miscellaneous Commercial Services,8.0,16.0,15.0,15.0,2.52,2.4921,1.99K,1.28K,128.0,57.6,677.73M,No,61.54,65.25,78.76,65.01,69.84,499
3368,BSOFT.NS,275.8,277.2,854.24K,Technology Services,Packaged Software,8.0,10.0,16.0,5.0,9.4679,9.1286,1793.08K,1222.34K,474.0,270.2,77.13B,No,295.03,296.76,357.38,296.33,330.04,501
3369,DUROPLY.BO,109.87,107.54,9.87K,Non-Energy Minerals,Forest Products,8.0,69.0,13.0,11.0,4.605,4.26,5.32K,2.14K,205.0,97.0,1.19B,No,102.34,107.66,137.1,106.7,125.69,497
3370,KERALAYUR.BO,176.75,176.1,5.84K,Health Technology,Pharmaceuticals: Other,8.0,84.0,50.0,12.0,9.7679,9.1321,23.75K,18.15K,503.9,145.0,2.30B,No,178.25,168.47,224.0,168.08,190.63,497
3371,PIIND.NS,2365.0,2394.0,275.51K,Process Industries,Chemicals: Specialty,8.0,33.0,10.0,6.0,51.3643,50.95,255.36K,184.44K,3832.9,2352.0,358.79B,No,2448.44,2587.24,2931.09,2572.52,2802.92,501
3372,CELLO.NS,338.9,337.4,141.11K,Consumer Durables,Home Furnishings,8.0,15.0,20.0,13.0,8.0429,8.0286,881.44K,200.52K,673.8,336.0,74.86B,No,352.82,357.56,429.97,356.5,387.77,499
3373,NACDAC.BO,21.7,23.87,76.00K,Consumer Durables,Homebuilding,8.0,8.0,6.0,17.0,0.705,0.2557,11.38K,4.40K,55.13,21.12,228.40M,No,23.69,24.34,28.49,24.21,25.93,426
3374,TTML.NS,35.91,36.13,1247.28K,Communications,Specialty Telecommunications,8.0,28.0,5.0,22.0,1.19,1.1721,3734.14K,6603.37K,60.62,31.22,70.20B,No,37.61,39.11,42.75,38.91,40.87,501
3375,MTNL.NS,25.1,25.21,458.17K,Communications,Major Telecommunications,8.0,23.0,8.0,32.0,0.7229,0.7171,1240.93K,917.06K,46.44,21.26,15.81B,No,26.47,27.37,30.29,27.14,28.5,501
3376,RADIXIND.BO,133.7,136.45,0.03K,Consumer Non-Durables,Consumer Sundries,8.0,32.0,3.0,4.0,7.3071,6.6286,0.21K,0.13K,226.4,126.55,2.01B,No,141.59,146.45,175.52,142.06,172.78,498
3377,AUTOPINS.BO,141.1,134.4,0.13K,Producer Manufacturing,Metal Fabrication,8.0,88.0,1.0,22.0,6.6,5.0857,0.16K,0.06K,270.1,105.3,805.27M,No,121.88,149.01,162.61,142.99,170.08,497
3378,SIEL.NS,29.35,29.35,0.38K,Process Industries,Containers/Packaging,8.0,,,,1.7807,1.4236,3.79K,1.75K,44.54,29.0,,No,,,,,,17
3379,XELPMOC.NS,76.21,77.47,17.65K,Technology Services,Information Technology Services,8.0,25.0,12.0,2.0,4.3093,4.2636,13.38K,10.63K,155.5,74.0,1.13B,No,79.77,81.25,105.32,80.58,93.91,498
3380,BALAJEE.NS,25.53,25.5,41.72K,Process Industries,Containers/Packaging,8.0,30.0,19.0,24.0,0.8564,0.8564,35.98K,21.80K,54.48,21.1,2.08B,No,26.35,27.29,31.38,27.17,28.61,497
3381,BHARATAGRI.BO,22.45,22.31,4.38K,Process Industries,Chemicals: Agricultural,8.0,48.0,4.0,18.0,1.32,1.3186,21.32K,18.55K,35.4,20.0,1.19B,No,22.81,23.33,26.7,23.12,25.88,497
3382,ZENSARTECH.NS,427.4,436.95,865.16K,Technology Services,Packaged Software,8.0,7.0,31.0,7.0,14.1071,13.8643,4452.14K,851.12K,868.95,423.0,96.93B,No,467.88,490.28,563.59,487.31,509.91,501
3383,HGINFRA.NS,487.25,478.55,83.58K,Industrial Services,Engineering & Construction,8.0,11.0,16.0,33.0,10.1,9.9071,145.67K,50.31K,1049.95,429.5,31.75B,No,499.13,530.38,604.44,523.94,546.67,500
3384,AFCONS.NS,260.85,274.15,3868.15K,Industrial Services,Engineering & Construction,8.0,43.0,7.0,23.0,8.675,8.475,1135.93K,579.75K,479.4,259.1,95.94B,No,281.54,284.68,321.66,282.0,301.95,463
3385,KGPETRO.BO,155.7,156.0,0.15K,Process Industries,Textiles,7.0,3.0,16.0,4.0,4.2107,4.2107,0.04K,0.18K,284.0,152.9,812.91M,No,167.73,173.93,199.38,171.96,191.5,497
3386,MUNCAPM.BO,99.75,99.75,0.00K,Finance,Investment Banks/Brokers,7.0,35.0,13.0,9.0,1.0536,0.7143,0.01K,0.01K,169.95,95.0,914.31M,No,98.15,101.48,120.85,101.3,111.29,497
3387,SRAMSET.BO,252.95,260.05,3.24K,Finance,Investment Managers,7.0,14.0,17.0,18.0,13.5607,13.2464,3.38K,2.69K,519.0,251.2,4.33B,No,281.32,283.82,318.32,282.49,296.61,497
3388,SHRIGANG.BO,55.0,56.99,28.44K,Consumer Non-Durables,Food: Specialty/Candy,7.0,8.0,13.0,3.0,3.2436,2.9793,17.20K,19.55K,109.0,54.4,1.17B,No,61.34,63.84,72.2,62.37,72.96,497
3389,MAGNUS.BO,21.73,20.7,28.67K,Commercial Services,Miscellaneous Commercial Services,7.0,0.0,0.0,0.0,1.7043,0.6986,64.27K,58.11K,223.4,8.33,73.45M,No,28.6,46.73,74.38,42.01,88.76,498
3390,NIDHGRN.BO,268.55,261.5,0.46K,Finance,Investment Banks/Brokers,7.0,5.0,1.0,31.0,19.3929,17.8536,0.51K,0.44K,480.75,181.45,2.15B,No,280.38,312.03,336.64,308.65,315.83,498
3391,NISMGMT.BO,46.0,46.0,2.40K,Commercial Services,Miscellaneous Commercial Services,7.0,37.0,30.0,11.0,1.9143,1.3643,5.68K,3.48K,103.0,36.2,910.80M,No,46.98,46.83,57.25,47.5,50.38,255
3392,GEMENVIRO.BO,33.4,34.49,32.00K,Transportation,Trucking,7.0,28.0,9.0,14.0,1.4086,1.4086,7.11K,8.48K,74.44,31.83,753.18M,No,34.66,36.15,42.5,35.82,39.71,498
3393,RVNL.NS,205.6,207.0,5008.95K,Industrial Services,Engineering & Construction,7.0,12.0,22.0,5.0,5.2471,4.8557,4926.08K,4707.41K,400.7,203.83,428.68B,No,217.18,223.98,276.96,222.65,255.82,500
3394,CNINFOTECH.BO,80.0,80.0,12.40K,Technology Services,Information Technology Services,7.0,15.0,3.0,20.0,2.4764,2.41,19.18K,9.96K,127.85,70.0,1.95B,No,82.32,87.98,94.22,86.65,90.19,403
3395,TATAELXSI.NS,3409.0,3383.0,208.93K,Technology Services,Information Technology Services,7.0,19.0,11.0,7.0,86.3643,81.7286,344.27K,170.33K,5950.0,3353.9,212.38B,No,3613.73,3632.92,4401.98,3631.81,4048.54,501
3396,TRANSRAILL.NS,419.2,424.05,357.53K,Industrial Services,Engineering & Construction,7.0,13.0,17.0,11.0,11.7107,11.5964,404.12K,487.61K,823.0,416.05,56.28B,No,446.05,474.39,520.24,469.86,506.5,427
3397,SHREE.BO,52.0,52.1,2.00K,Distribution Services,Wholesale Distributors,7.0,67.0,5.0,36.0,3.2521,2.5864,2.93K,5.90K,114.0,40.0,179.92M,No,46.75,50.34,63.73,49.72,55.96,499
3398,KISAN.BO,23.52,23.06,31.85K,Producer Manufacturing,Miscellaneous Manufacturing,7.0,70.0,2.0,21.0,0.8343,0.4043,101.90K,18.93K,43.65,21.02,2.81B,No,24.63,24.16,28.49,24.09,28.85,497
3399,HILINFRA.NS,42.59,43.28,101.36K,Transportation,Other Transportation,7.0,31.0,19.0,14.0,1.3829,1.3507,51.45K,55.97K,91.3,40.6,3.05B,No,44.74,45.1,51.08,44.7,48.15,270
3400,SULA.NS,138.28,139.35,341.49K,Process Industries,Agricultural Commodities/Milling,7.0,16.0,20.0,12.0,3.5421,3.2986,386.17K,286.41K,292.74,138.07,11.68B,No,146.5,151.68,172.59,150.8,158.59,500
3401,SALORAINTL.BO,24.9,24.43,0.38K,Electronic Technology,Telecommunications Equipment,7.0,35.0,18.0,9.0,1.4521,1.3564,1.54K,1.81K,47.0,23.15,219.30M,No,26.79,28.41,31.4,27.97,29.38,497
3402,SHARMEH.BO,90.42,93.5,0.32K,Health Services,Hospital/Nursing Management,7.0,33.0,9.0,32.0,5.2879,4.8664,0.31K,0.27K,203.25,80.15,296.92M,No,94.87,97.84,106.89,97.07,100.12,497
3403,GREENPANEL.NS,159.99,160.67,645.67K,Non-Energy Minerals,Forest Products,7.0,8.0,9.0,9.0,5.2971,5.0,245.71K,386.09K,333.8,154.55,19.62B,No,161.51,180.72,203.68,178.02,193.02,500
3404,CASPIAN.BO,33.99,33.71,0.87K,Commercial Services,Personnel Services,7.0,59.0,16.0,37.0,2.075,2.055,2.56K,3.28K,120.0,28.82,430.31M,No,34.74,34.72,44.61,34.87,36.06,498
3405,MONIND.BO,20.9,19.95,0.04K,Non-Energy Minerals,Other Metals/Minerals,7.0,4.0,7.0,4.0,0.6186,0.3579,0.06K,0.02K,31.04,18.96,76.94M,No,21.34,24.26,27.69,23.88,26.88,498
3406,KRITI.NS,62.9,60.95,4.60K,Producer Manufacturing,Miscellaneous Manufacturing,7.0,19.0,17.0,6.0,3.1636,3.1636,15.97K,15.55K,155.9,53.0,3.31B,No,63.78,66.59,76.12,66.35,73.08,498
3407,PIONEEREMB.NS,20.42,20.83,15.98K,Consumer Non-Durables,Apparel/Footwear,7.0,13.0,7.0,12.0,0.7336,0.7314,16.54K,14.51K,39.2,19.61,629.25M,No,21.88,22.71,25.43,22.57,24.24,499
3408,SHRAAITECH.BO,23.03,23.04,73.91K,Distribution Services,Electronics Distributors,7.0,29.0,11.0,7.0,1.0429,1.0343,19.06K,14.68K,43.5,21.5,1.40B,No,23.89,24.33,28.34,24.11,27.08,497
3409,GARWAMAR.BO,19.15,19.25,1.81K,Producer Manufacturing,Trucks/Construction/Farm Machinery,7.0,16.0,19.0,5.0,1.1029,1.0943,4.91K,2.60K,36.5,17.0,110.42M,No,19.78,20.8,23.77,20.53,22.47,497
3410,ARENTERP.NS,32.6,34.99,5.30K,Non-Energy Minerals,Construction Materials,7.0,4.0,18.0,8.0,1.7264,1.7036,10.59K,0.97K,60.79,30.01,105.42M,No,36.46,37.4,40.71,37.83,38.65,498
3411,KITEX.NS,125.65,126.68,188.99K,Process Industries,Textiles,7.0,27.0,14.0,5.0,3.7571,3.6479,744.62K,513.37K,232.7,122.75,25.07B,No,127.68,140.08,164.3,138.37,155.55,500
3412,STAL.BO,31.17,32.55,6.40K,Producer Manufacturing,Metal Fabrication,7.0,43.0,54.0,14.0,1.63,1.2457,14.05K,8.32K,86.99,27.0,400.22M,No,32.92,33.75,43.92,34.16,37.37,498
3413,INDIAMART.NS,1637.7,1671.9,135.77K,Retail Trade,Internet Retail,7.0,19.0,8.0,7.0,31.2571,29.95,116.60K,64.67K,2630.0,1626.0,984.96B,No,1740.67,1801.32,2046.61,1780.19,1961.42,500
3414,INOXWIND.NS,76.02,77.39,9771.40K,Producer Manufacturing,Electrical Products,7.0,63.0,14.0,22.0,2.1043,2.0979,12930.01K,15980.63K,159.3,68.0,131.38B,No,73.8,76.85,95.25,76.33,85.72,501
3415,VIKRAN.NS,57.64,58.5,769.22K,Industrial Services,Engineering & Construction,7.0,8.0,9.0,25.0,1.805,1.795,2961.95K,1146.47K,118.4,51.1,14.87B,No,60.01,67.43,75.27,66.47,67.36,257
3416,RESGEN.BO,45.8,47.95,15.00K,Process Industries,Chemicals: Major Diversified,7.0,43.0,20.0,9.0,1.7157,1.625,23.92K,17.32K,94.73,42.51,960.65M,No,45.94,47.72,57.67,47.69,54.14,497
3417,ADTECH.BO,46.87,48.28,8.60K,Electronic Technology,Semiconductors,7.0,9.0,5.0,23.0,2.7936,2.75,4.19K,4.22K,93.0,45.02,558.40M,No,50.76,53.75,59.25,53.02,56.75,498
3418,SANBLUE.BO,31.08,29.6,0.03K,Distribution Services,Wholesale Distributors,7.0,77.0,19.0,7.0,0.2271,0.0421,0.05K,0.10K,59.32,27.95,155.39M,No,28.35,28.97,37.81,28.98,33.9,498
3419,ICONIKSPEV.BO,37.04,38.25,11.13K,Commercial Services,Miscellaneous Commercial Services,7.0,17.0,15.0,8.0,2.2079,2.2079,32.65K,16.25K,91.03,28.2,1.25B,No,37.44,36.19,45.35,35.52,39.39,497
3420,ALPHALOGIC.BO,40.08,40.53,2.42K,Commercial Services,Miscellaneous Commercial Services,7.0,25.0,10.0,51.0,2.5093,2.5086,4.63K,4.13K,93.5,32.5,2.51B,No,40.86,41.94,49.02,41.39,46.18,497
3421,JKLAKSHMI.NS,505.9,499.2,89.49K,Non-Energy Minerals,Construction Materials,7.0,20.0,12.0,9.0,11.3571,10.8607,207.93K,166.82K,927.75,495.2,62.80B,No,536.13,555.85,651.57,550.65,600.27,500
3422,JSWHL.NS,11444.0,11344.0,4.37K,Finance,Investment Banks/Brokers,6.0,36.0,28.0,4.0,422.7857,422.7143,3.92K,6.12K,22790.0,10530.0,127.01B,No,11558.3,11510.44,14658.35,11403.3,12801.83,500
3423,MACH.BO,60.0,53.1,4.50K,Consumer Services,Hotels/Resorts/Cruise Lines,6.0,1.0,2.0,7.0,4.8307,3.7164,2.34K,5.25K,98.55,49.5,381.39M,No,73.48,80.22,82.76,76.86,81.46,498
3424,VERTOZ.NS,39.42,38.1,128.86K,Commercial Services,Advertising/Marketing Services,6.0,79.0,11.0,30.0,2.1236,2.0579,52.57K,53.44K,86.75,27.02,3.36B,No,37.83,37.16,49.01,37.15,41.19,499
3425,TMPV.NS,300.5,303.0,7509.13K,Consumer Durables,Motor Vehicles,6.0,9.0,5.0,18.0,5.875,5.7321,10233.55K,6907.86K,739.7,294.3,1106.71B,No,314.81,328.72,348.99,326.79,344.09,501
3426,RTNINDIA.NS,27.6,27.61,599.16K,Commercial Services,Miscellaneous Commercial Services,6.0,18.0,4.0,50.0,0.7364,0.7157,1561.84K,1966.88K,59.42,24.4,38.11B,No,29.44,31.01,34.13,30.63,31.89,501
3427,MRCAGRO.BO,29.19,28.86,105.77K,Distribution Services,Wholesale Distributors,6.0,27.0,9.0,3.0,1.9571,1.945,97.23K,108.32K,54.5,25.7,914.45M,No,30.05,33.51,39.86,32.93,36.32,497
3428,ABLBL.NS,84.0,84.26,410.33K,Retail Trade,Apparel/Footwear Retail,6.0,23.0,13.0,13.0,2.0093,1.9479,851.48K,606.00K,150.79,82.61,102.03B,No,85.8,91.11,103.92,90.25,97.23,306
3429,GRMOVER.NS,87.48,88.14,1190.96K,Process Industries,Agricultural Commodities/Milling,6.0,23.0,40.0,1.0,2.7964,2.7657,1525.75K,1116.86K,185.45,81.95,18.15B,No,87.74,90.77,137.39,89.77,128.03,500
3430,PRECAM.NS,118.05,119.91,86.11K,Producer Manufacturing,Auto Parts: Oem,6.0,9.0,8.0,26.0,4.6764,4.65,142.05K,141.15K,238.8,103.98,11.21B,No,126.94,136.38,145.73,134.44,140.91,501
3431,ABFRL.NS,50.89,51.33,2524.53K,Retail Trade,Apparel/Footwear Retail,6.0,11.0,12.0,11.0,1.5936,1.5793,5667.98K,4781.97K,94.95,50.2,61.92B,No,53.18,56.82,64.14,56.44,60.4,501
3432,VALPLAST.BO,37.0,36.5,2.00K,Industrial Services,Engineering & Construction,6.0,26.0,11.0,7.0,1.5579,1.23,13.12K,9.80K,67.99,30.8,726.23M,No,37.4,38.61,47.31,38.53,44.04,232
3433,INDOUS.NS,79.54,80.25,5.67K,Process Industries,Agricultural Commodities/Milling,6.0,49.0,19.0,6.0,4.8979,4.8979,23.36K,16.65K,159.0,70.0,1.59B,No,81.45,83.5,105.66,82.76,98.07,486
3434,HIMATSEIDE.NS,68.85,69.44,246.43K,Process Industries,Textiles,6.0,15.0,22.0,8.0,1.7693,1.7614,871.31K,344.95K,134.2,68.0,8.66B,No,70.88,77.85,91.15,76.86,82.6,501
3435,BIGBLOC.NS,40.57,40.82,38.22K,Non-Energy Minerals,Construction Materials,6.0,8.0,10.0,9.0,1.3786,1.3579,69.96K,37.14K,80.0,38.0,5.74B,No,42.61,45.28,53.52,44.67,48.74,500
3436,PRITI.NS,34.06,33.47,28.19K,Consumer Durables,Home Furnishings,6.0,25.0,15.0,12.0,1.2321,1.185,5.28K,3.96K,85.0,31.5,454.81M,No,34.04,36.4,45.09,36.15,40.61,498
3437,VASHISHTHA.BO,64.01,67.5,2.40K,Consumer Non-Durables,Apparel/Footwear,6.0,78.0,5.0,48.0,1.2679,0.1936,5.70K,2.76K,227.0,52.11,150.86M,No,65.17,60.35,76.96,61.04,62.79,247
3438,BYKE.NS,31.62,32.11,43.19K,Consumer Services,Hotels/Resorts/Cruise Lines,6.0,37.0,27.0,7.0,1.4693,1.4614,38.14K,38.78K,73.4,26.25,1.65B,No,31.7,32.68,40.54,32.68,35.4,498
3439,BRADYM.BO,653.0,674.55,0.38K,Producer Manufacturing,Industrial Machinery,6.0,16.0,8.0,15.0,37.0893,36.5821,0.18K,0.19K,1375.0,650.0,1.47B,No,697.22,720.79,811.98,708.79,785.98,497
3440,GTTDATA.BO,38.84,38.41,6.74K,Consumer Services,Movies/Entertainment,6.0,7.0,31.0,4.0,2.2057,2.1293,27.16K,19.64K,101.8,36.1,1.62B,No,43.79,43.07,55.78,42.93,48.03,497
3441,ISHANCH.NS,44.82,44.82,17.30K,Distribution Services,Wholesale Distributors,6.0,12.0,4.0,7.0,2.7607,2.7043,52.69K,52.59K,83.37,41.71,1.22B,No,45.49,49.91,58.0,49.25,55.56,365
3442,NSBBPO.BO,59.2,59.4,1.00K,Commercial Services,Miscellaneous Commercial Services,6.0,8.0,20.0,8.0,0.6936,0.22,1.23K,6.40K,127.5,59.2,1.18B,No,64.17,65.43,75.32,65.2,68.68,231
3443,BLT.BO,26.8,25.7,4.80K,Transportation,Trucking,6.0,35.0,16.0,8.0,0.2414,0.1471,1.80K,0.96K,66.75,20.6,128.53M,No,26.95,28.32,33.49,27.83,29.58,269
3444,KEMISTAR.BO,49.15,53.0,0.17K,Process Industries,Chemicals: Agricultural,6.0,58.0,22.0,3.0,4.8171,4.6893,2.69K,4.04K,107.0,45.1,528.82M,No,51.17,50.16,63.43,50.2,59.01,497
3445,KEERTHI.BO,39.78,40.04,0.60K,Non-Energy Minerals,Construction Materials,6.0,66.0,39.0,3.0,2.3579,1.9557,1.34K,0.93K,77.03,34.5,318.91M,No,40.38,39.76,50.93,40.18,45.72,497
3446,RAYMONDLSL.NS,687.65,670.45,570.58K,Consumer Non-Durables,Apparel/Footwear,6.0,36.0,15.0,13.0,32.3072,32.3072,186.79K,405.24K,1350.0,628.25,41.88B,No,697.63,717.96,840.4,713.63,767.44,501
3447,NEELKANTH.BO,31.55,31.55,0.75K,Process Industries,Agricultural Commodities/Milling,6.0,2.0,15.0,2.0,2.7636,2.4493,0.31K,0.26K,57.0,27.16,137.53M,No,37.06,38.36,43.2,37.69,39.38,498
3448,HRHYGIENE.BO,65.0,65.0,25.60K,Consumer Non-Durables,Household/Personal Care,6.0,3.0,,,3.1314,2.4443,192.31K,20.00K,89.99,62.0,1.48B,No,68.26,,,,,26
3449,PRIMAINNO.BO,27.35,28.45,20.11K,Producer Manufacturing,Miscellaneous Manufacturing,6.0,,,,3.5486,3.5443,27.90K,26.63K,40.95,25.0,300.86M,No,29.59,,,,,25
3450,GKB.NS,65.09,66.43,5.47K,Health Technology,Medical Specialties,6.0,,,,3.4457,3.0743,1.91K,4.06K,88.4,60.3,328.09M,No,67.12,,,,,22
3451,NVENTURES.BO,81.8,81.9,2.25K,Distribution Services,Wholesale Distributors,6.0,18.0,5.0,8.0,1.85,1.0679,17.66K,1.80K,163.3,64.5,382.01M,No,84.06,89.47,102.95,89.04,101.64,498
3452,RPOWER.NS,21.84,22.01,14922.77K,Utilities,Electric Utilities,6.0,25.0,9.0,30.0,0.575,0.5686,29507.27K,18964.97K,50.73,20.17,90.33B,No,22.36,23.46,27.4,23.42,24.97,501
3453,ATAM.NS,53.7,55.64,11.46K,Producer Manufacturing,Industrial Machinery,6.0,5.0,4.0,23.0,3.0536,2.9414,12.57K,13.08K,111.0,48.5,615.56M,No,56.11,62.57,69.71,60.59,64.7,499
3454,LATENTVIEW.NS,255.8,260.15,287.81K,Commercial Services,Miscellaneous Commercial Services,6.0,8.0,16.0,13.0,7.8357,7.3643,924.98K,600.96K,517.5,248.0,52.97B,No,274.05,289.69,342.53,288.04,298.62,500
3455,NEPLOG.BO,35.7,35.0,2.00K,Transportation,Trucking,6.0,75.0,38.0,19.0,1.235,0.76,7.11K,3.10K,100.8,31.5,489.09M,No,34.1,34.65,,34.69,39.92,179
3456,AAYUSH.BO,26.15,25.61,159.08K,Retail Trade,Specialty Stores,6.0,86.0,21.0,13.0,2.8307,2.5843,140.41K,379.79K,77.81,21.2,1.27B,No,24.79,24.36,32.95,24.58,29.61,497
3457,CENLUB.BO,178.9,181.4,3.45K,Producer Manufacturing,Industrial Machinery,6.0,11.0,3.0,29.0,10.6071,10.6071,5.34K,3.92K,339.5,137.0,834.19M,No,189.17,201.39,211.55,198.71,205.11,497
3458,CRIZAC.NS,179.7,176.04,242.66K,Technology Services,Internet Software/Services,6.0,48.0,16.0,13.0,6.7029,6.0629,344.93K,407.19K,363.45,159.95,31.44B,No,171.58,183.18,220.12,181.83,201.67,295
3459,RACE.NS,96.43,96.38,3.62K,Process Industries,Textiles,5.0,12.0,18.0,13.0,3.9471,3.945,8.06K,18.85K,250.0,84.11,1.66B,No,100.35,105.95,118.4,104.76,112.23,498
3460,PROTEAN.NS,492.75,493.35,207.57K,Technology Services,Information Technology Services,5.0,10.0,7.0,21.0,15.725,15.4,274.41K,277.82K,939.8,444.0,20.02B,No,530.17,566.7,609.73,557.84,563.45,397
3461,SPENCERS.NS,28.64,29.22,81.41K,Retail Trade,Food Retail,5.0,17.0,8.0,23.0,1.3629,1.3629,48.32K,32.43K,61.4,24.38,2.58B,No,29.93,32.41,35.26,31.64,33.42,500
3462,LUXURY.BO,64.0,64.0,6.40K,Consumer Durables,Other Consumer Specialties,5.0,75.0,16.0,50.0,2.5007,2.1936,6.03K,7.20K,168.0,52.5,528.31M,No,60.96,64.49,,65.37,67.13,187
3463,PANHR.BO,48.2,49.0,1.60K,Commercial Services,Personnel Services,5.0,8.0,6.0,6.0,0.8821,0.4307,6.83K,5.12K,85.5,43.0,347.57M,No,52.42,53.82,,53.69,58.99,145
3464,GOGIACAPGL.BO,50.0,50.0,16.48K,Finance,Investment Banks/Brokers,5.0,51.0,28.0,2.0,0.3464,0.1786,0.34K,2.00K,100.25,45.45,316.06M,No,48.74,49.19,66.54,49.39,60.54,497
3465,GOODYEAR.NS,724.7,729.35,3.64K,Consumer Durables,Automotive Aftermarket,5.0,12.0,43.0,,16.2393,16.2393,12.86K,4.65K,1273.7,711.25,16.72B,No,748.76,785.62,,780.92,,107
3466,GORANIN.BO,42.14,44.44,0.00K,Consumer Durables,Electronics/Appliances,5.0,4.0,11.0,5.0,3.7264,2.9993,1.30K,5.79K,83.3,40.3,225.98M,No,45.27,46.36,53.75,45.72,49.88,497
3467,ANKIN.BO,19.91,20.1,8.50K,Technology Services,Information Technology Services,5.0,29.0,47.0,10.0,1.3136,1.2757,32.15K,55.70K,65.7,18.58,1.03B,No,21.27,21.59,28.0,21.41,23.31,497
3468,NDASEC.BO,25.0,26.58,1.42K,Finance,Investment Banks/Brokers,5.0,21.0,5.0,5.0,1.605,1.3807,4.38K,1.24K,51.35,24.0,148.71M,No,26.53,29.08,32.91,28.42,33.25,497
3469,DRONACHRYA.BO,32.11,32.34,31.00K,Electronic Technology,Aerospace & Defense,5.0,15.0,4.0,28.0,1.1186,1.0614,31.27K,28.20K,71.75,28.97,770.27M,No,34.35,36.23,38.48,35.63,36.81,497
3470,VEEFIN.BO,229.0,234.85,12.20K,Technology Services,Packaged Software,5.0,2.0,3.0,14.0,12.2179,12.2179,40.02K,48.54K,411.1,211.05,5.85B,No,240.15,280.41,304.23,272.33,286.98,497
3471,SOLARIUM.BO,146.3,145.0,7.20K,Electronic Technology,Semiconductors,5.0,14.0,9.0,38.0,6.8607,6.8429,16.47K,16.17K,376.0,129.15,3.05B,No,152.06,165.3,191.44,163.46,175.08,390
3472,ADVENTHTL.NS,132.39,130.32,70.22K,Industrial Services,Engineering & Construction,5.0,21.0,50.0,5.0,5.2736,5.2664,337.64K,140.91K,345.05,120.02,7.14B,No,135.96,142.35,169.71,141.91,150.01,209
3473,GSLSEC.BO,35.25,37.0,0.07K,Finance,Financial Conglomerates,5.0,16.0,2.0,3.0,0.935,0.5364,0.37K,0.65K,58.98,33.21,150.70M,No,35.76,40.55,47.14,38.59,44.82,498
3474,SHINEFASH.BO,21.9,21.04,12.00K,Process Industries,Textiles,5.0,46.0,33.0,14.0,1.1236,0.7671,9.81K,10.40K,51.45,16.75,588.32M,No,25.29,23.45,28.74,23.7,25.35,497
3475,SCBL.BO,28.14,29.62,1.62K,Non-Energy Minerals,Other Metals/Minerals,5.0,3.0,0.0,1.0,0.5571,0.4514,0.53K,0.22K,64.13,6.75,30.20M,No,31.39,36.02,40.63,34.15,43.32,496
3476,WESTLEIRES.BO,72.0,72.0,0.25K,Technology Services,Packaged Software,5.0,24.0,9.0,7.0,2.135,1.4921,0.09K,0.03K,144.85,68.5,219.84M,No,73.7,79.41,96.88,78.97,86.03,496
3477,LGHL.NS,189.49,172.23,52.14K,Consumer Durables,Other Consumer Specialties,5.0,42.0,9.0,4.0,9.8364,9.3943,21.14K,9.09K,399.58,168.0,9.49B,No,178.47,196.05,247.13,193.11,230.47,499
3478,RAVEL.BO,105.25,105.25,1.00K,Consumer Non-Durables,Household/Personal Care,5.0,9.0,32.0,3.0,4.0714,3.3536,7.80K,15.50K,215.0,100.0,721.91M,No,110.17,114.16,,113.33,141.3,190
3479,DMR.BO,28.48,27.99,3.90K,Industrial Services,Engineering & Construction,5.0,72.0,9.0,5.0,0.7679,0.5564,5.97K,6.04K,60.0,24.05,295.99M,No,26.52,28.43,36.35,27.97,33.25,498
3480,STANBIK.BO,24.0,24.0,12.00K,Distribution Services,Food Distributors,5.0,6.0,3.0,5.0,1.7864,0.5886,3.44K,1.60K,39.4,23.01,319.80M,No,26.48,28.39,,27.84,30.64,180
3481,SKRABUL.BO,23.28,23.28,0.00K,Consumer Durables,Other Consumer Specialties,5.0,7.0,1.0,5.0,0.3086,0.1686,0.21K,0.11K,50.38,21.02,116.76M,No,23.55,27.51,35.66,25.86,35.29,495
3482,AEIM.BO,81.71,83.32,39.16K,Commercial Services,Miscellaneous Commercial Services,5.0,10.0,4.0,6.0,3.7186,3.7186,44.51K,28.25K,195.0,80.0,2.26B,No,86.34,89.96,114.0,89.64,106.8,497
3483,MHRIL.NS,196.57,199.36,313.22K,Consumer Services,Other Consumer Services,5.0,8.0,10.0,4.0,5.43,5.4286,166.19K,158.58K,368.9,193.0,39.64B,No,213.16,220.8,257.32,218.88,238.23,501
3484,QUICKHEAL.NS,147.48,152.36,73.08K,Technology Services,Packaged Software,5.0,48.0,15.0,28.0,6.1186,5.6857,67.14K,136.90K,371.4,125.0,8.00B,No,143.05,152.98,187.03,151.04,164.25,501
3485,GLPL.BO,36.75,38.0,12.00K,Distribution Services,Medical Distributors,5.0,13.0,6.0,,1.4286,1.04,70.69K,30.30K,60.0,33.0,352.80M,No,39.68,40.04,,40.1,,83
3486,VIKRAMSOLR.NS,165.61,166.59,960.79K,Electronic Technology,Semiconductors,5.0,66.0,6.0,28.0,4.61,4.5729,4093.82K,1988.40K,382.0,155.38,60.01B,No,170.5,177.14,203.52,176.05,191.81,262
3487,KRRAIL.BO,21.87,21.85,32.56K,Industrial Services,Engineering & Construction,5.0,34.0,8.0,14.0,1.0457,1.0214,45.21K,21.42K,51.9,19.92,914.34M,No,22.57,24.21,28.73,23.92,26.57,497
3488,ZAGGLE.NS,183.93,177.06,2600.96K,Technology Services,Packaged Software,5.0,15.0,27.0,10.0,6.5921,6.5857,2427.40K,1010.94K,405.4,154.36,24.78B,No,186.03,198.41,248.67,198.37,215.98,500
3489,SRGHFL.NS,195.0,243.75,126.91K,Finance,Finance/Rental/Leasing,5.0,1.0,2.0,5.0,12.7393,11.0071,4.95K,2.02K,335.0,195.0,3.06B,No,253.7,281.47,276.49,273.52,274.89,497
3490,OSWALGREEN.NS,19.79,20.15,119.83K,Finance,Real Estate Development,5.0,20.0,12.0,8.0,0.6564,0.645,207.39K,126.04K,43.79,19.5,5.08B,No,20.66,21.27,26.1,21.06,23.84,500
3491,OSIAJEE.BO,270.25,280.1,3.46K,Process Industries,Textiles,5.0,43.0,1.0,2.0,19.7643,19.4321,34.95K,9.25K,495.5,181.0,1.46B,No,256.37,297.85,388.08,286.12,374.6,497
3492,SRTL.NS,37.39,37.02,38.34K,Process Industries,Textiles,5.0,27.0,23.0,2.0,1.5814,1.5814,48.35K,53.65K,73.36,35.87,1.49B,No,38.56,39.69,,39.45,,134
3493,SEVL.BO,35.49,35.49,3.60K,Consumer Durables,Motor Vehicles,5.0,22.0,9.0,4.0,1.5243,1.21,10.95K,7.08K,82.12,28.0,438.61M,No,35.18,37.22,50.42,37.0,44.58,298
3494,ZR2.BO,122.35,116.55,0.58K,Process Industries,Chemicals: Specialty,5.0,83.0,26.0,19.0,6.4886,6.1221,0.16K,0.08K,419.2,90.0,436.65M,No,116.66,115.57,158.48,116.38,126.35,497
3495,ADVANCETL.BO,64.1,64.0,10.80K,Producer Manufacturing,Metal Fabrication,5.0,63.0,,,4.0779,3.2614,68.57K,32.04K,94.0,56.32,578.80M,No,70.14,,,,,29
3496,NETWORK18.NS,26.83,26.92,2799.85K,Consumer Services,Broadcasting,5.0,25.0,13.0,10.0,1.0629,1.0257,5306.03K,6541.20K,58.1,26.76,41.44B,No,28.56,29.45,34.33,29.17,31.56,501
3497,JSLINDL.BO,768.7,765.95,0.13K,Producer Manufacturing,Electrical Products,4.0,10.0,4.0,7.0,26.6357,21.3357,0.10K,0.08K,1360.0,701.0,902.35M,No,844.5,867.16,979.77,855.25,946.45,498
3498,MANRAJH.BO,34.0,34.0,0.00K,Finance,Finance/Rental/Leasing,4.0,32.0,7.0,4.0,0.0,0.0,0.34K,0.34K,61.84,31.39,170.00M,No,34.0,37.58,43.61,36.53,40.37,495
3499,OLYMPTX.BO,23.26,23.23,9.04K,Process Industries,Textiles,4.0,1.0,3.0,8.0,2.385,2.37,2.91K,12.45K,41.85,21.25,140.11M,No,27.4,28.72,30.8,28.23,29.54,497
3500,SPTRSHI.BO,26.4,25.5,0.29K,Process Industries,Agricultural Commodities/Milling,4.0,70.0,8.0,1.0,2.1421,2.0114,3.86K,2.50K,49.0,19.5,898.18M,No,22.53,24.03,34.41,23.27,32.75,497
3501,ALFATRAN.BO,34.04,34.29,5.42K,Producer Manufacturing,Electrical Products,4.0,3.0,2.0,6.0,2.06,2.0414,10.07K,6.72K,65.98,27.03,311.49M,No,35.3,38.37,41.18,37.97,42.52,497
3502,KRUPALU.BO,29.9,30.0,16.00K,Non-Energy Minerals,Other Metals/Minerals,4.0,88.0,9.0,6.0,0.5893,0.2186,2.85K,7.84K,63.4,25.15,175.57M,No,29.27,29.41,36.36,29.06,31.55,247
3503,PGHH.NS,7581.5,7615.0,5.96K,Consumer Non-Durables,Household/Personal Care,4.0,13.0,12.0,4.0,129.9286,129.9286,17.38K,14.86K,14509.0,7562.0,246.10B,No,7995.75,8446.61,10279.91,8368.25,9375.08,500
3504,EPACK.NS,188.14,188.15,314.13K,Producer Manufacturing,Industrial Machinery,4.0,11.0,9.0,8.0,5.1936,5.1936,996.75K,458.25K,394.05,184.86,18.11B,No,196.39,218.34,241.82,215.61,230.94,501
3505,LEXGLOBAL.BO,133.4,140.4,0.03K,Finance,Financial Conglomerates,4.0,0.0,4.0,2.0,11.7286,8.8821,0.21K,0.60K,232.2,80.45,1.33B,No,170.55,186.6,165.59,180.68,167.23,498
3506,RAMINFO.BO,42.55,43.49,0.73K,Technology Services,Packaged Software,4.0,37.0,20.0,5.0,1.8807,1.78,6.32K,5.64K,99.5,42.09,348.48M,No,43.79,44.51,55.97,44.47,49.73,497
3507,TRIVENI.NS,263.95,268.8,411.01K,Process Industries,Agricultural Commodities/Milling,4.0,80.0,2.0,3.0,11.705,11.6843,918.79K,795.10K,490.1,220.05,58.16B,No,280.83,319.28,364.07,302.31,361.36,500
3508,PRIMEFRESH.BO,163.85,166.8,10.98K,Transportation,Other Transportation,4.0,9.0,3.0,2.0,9.9464,9.9357,10.69K,6.02K,324.5,156.05,2.28B,No,172.9,187.61,224.98,184.6,213.3,497
3509,MEHUL.BO,51.4,50.5,1.60K,Process Industries,Chemicals: Specialty,4.0,41.0,4.0,6.0,1.2779,0.2443,2.33K,3.36K,92.5,50.0,542.22M,No,53.64,56.17,65.86,55.02,61.51,274
3510,ATHENAGLO.BO,51.6,51.25,1.84K,Technology Services,Information Technology Services,4.0,13.0,9.0,4.0,3.1921,3.1171,4.29K,0.97K,98.9,49.6,759.12M,No,55.01,56.39,69.48,55.25,64.15,497
3511,KPIGREEN.NS,287.5,291.55,834.58K,Utilities,Alternative Power Generation,4.0,3.0,3.0,11.0,8.5893,8.2179,898.16K,784.21K,542.25,286.5,56.83B,No,308.94,357.56,402.34,348.92,389.28,500
3512,CIFL.NS,20.19,20.12,95.08K,Finance,Finance/Rental/Leasing,4.0,20.0,16.0,4.0,0.9014,0.9014,124.69K,216.81K,39.69,19.56,7.90B,No,20.49,21.1,27.38,20.89,24.54,350
3513,STARSOURCE.BO,73.49,75.56,0.14K,Health Technology,Pharmaceuticals: Major,4.0,24.0,1.0,12.0,5.8443,5.6893,0.97K,0.22K,152.9,72.0,110.23M,No,84.75,82.35,103.99,82.72,97.6,498
3514,SAMPAT.BO,37.24,36.11,10.80K,Non-Energy Minerals,Aluminum,4.0,42.0,35.0,4.0,0.9336,0.4729,9.54K,6.00K,120.0,33.02,315.84M,No,38.14,37.27,50.24,37.42,43.08,239
3515,NOVAAGRI.NS,23.09,23.12,16.14K,Process Industries,Chemicals: Agricultural,4.0,25.0,13.0,11.0,1.015,0.9979,53.16K,55.01K,52.0,18.12,2.08B,No,24.29,23.84,29.4,23.67,26.03,499
3516,NOL.BO,58.0,57.93,0.16K,Process Industries,Chemicals: Specialty,4.0,45.0,7.0,16.0,2.8571,2.6836,8.37K,1.04K,132.5,42.5,292.46M,No,58.41,58.1,72.44,58.04,64.07,497
3517,GICL.NS,24.33,24.4,218.96K,Transportation,Trucking,4.0,82.0,61.0,1.0,1.0693,1.0664,265.83K,236.57K,169.95,15.61,2.72B,No,23.82,20.26,35.45,20.81,31.66,498
3518,KRANTI.BO,47.06,48.79,3.11K,Producer Manufacturing,Auto Parts: Oem,4.0,23.0,7.0,8.0,2.8771,2.8193,19.18K,2.13K,98.15,45.0,600.50M,No,48.91,53.25,63.6,52.18,58.07,497
3519,ELIN.NS,92.62,96.29,217.30K,Electronic Technology,Electronic Production Equipment,4.0,47.0,19.0,5.0,4.0321,3.9336,337.17K,267.60K,234.0,92.2,4.60B,No,98.9,100.39,125.65,100.19,110.9,499
3520,CEINSYS.NS,685.0,688.1,70.25K,Industrial Services,Engineering & Construction,4.0,18.0,4.0,8.0,27.7714,26.3929,68.78K,60.23K,1249.9,672.0,14.34B,No,727.15,814.17,,805.61,927.69,141
3521,AHLUCONT.NS,592.3,596.15,34.73K,Industrial Services,Engineering & Construction,4.0,0.0,3.0,7.0,23.1214,22.6179,64.96K,100.72K,1077.95,590.0,39.68B,No,664.26,767.09,828.5,753.36,782.92,500
3522,PATANJALI.NS,339.75,341.0,1115.85K,Process Industries,Agricultural Commodities/Milling,4.0,38.0,7.0,3.0,5.2357,5.0821,4720.80K,1906.06K,614.9,328.2,369.61B,No,346.97,358.56,458.01,353.53,425.71,501
3523,EUPHORIAIT.BO,26.7,28.55,7.20K,Technology Services,Information Technology Services,4.0,3.0,5.0,12.0,0.8543,0.2814,1.78K,1.68K,56.0,22.53,77.48M,No,30.33,29.54,33.86,29.26,31.28,498
3524,RAJESHEXPO.NS,79.35,79.05,67.13K,Consumer Durables,Other Consumer Specialties,4.0,34.0,55.0,4.0,3.4207,3.2921,308.89K,141.77K,237.88,72.63,23.43B,No,79.3,84.66,124.97,83.7,101.26,501
3525,SRICC.BO,35.3,35.5,1.10K,Non-Energy Minerals,Construction Materials,4.0,13.0,5.0,21.0,2.5086,2.3114,1.61K,0.50K,99.29,29.11,317.70M,No,36.61,36.37,49.24,36.45,44.5,497
3526,BLUECOAST.NS,21.83,22.5,4.01K,Consumer Services,Hotels/Resorts/Cruise Lines,4.0,8.0,3.0,43.0,1.3307,1.22,1.90K,1.16K,71.47,18.57,429.60M,No,23.24,25.3,28.11,24.86,25.92,498
3527,CMSINFO.NS,227.69,231.25,955.09K,Finance,Investment Managers,4.0,6.0,5.0,6.0,6.9293,6.6979,743.31K,1245.90K,429.65,226.7,36.44B,No,246.13,261.09,300.41,257.3,283.36,500
3528,CHEMPLASTS.NS,176.15,176.88,347.62K,Process Industries,Chemicals: Major Diversified,4.0,63.0,17.0,9.0,7.5329,6.8943,819.83K,2129.06K,451.3,166.15,27.85B,No,176.98,189.3,233.78,186.7,219.77,500
3529,SALEM.BO,25.41,26.2,1.63K,Finance,Finance/Rental/Leasing,4.0,0.0,4.0,8.0,3.4603,2.6651,2.23K,10.82K,46.49,23.0,373.27M,No,30.11,34.12,35.68,32.83,35.15,498
3530,UGROCAP.NS,83.17,83.44,114.16K,Finance,Finance/Rental/Leasing,4.0,12.0,16.0,10.0,2.1557,2.1514,312.01K,180.81K,192.5,80.12,12.71B,No,87.19,92.37,116.45,91.66,97.56,500
3531,HINDWAREAP.NS,181.67,179.66,253.47K,Producer Manufacturing,Building Products,4.0,7.0,10.0,16.0,5.8829,5.71,368.11K,87.05K,392.7,170.5,15.20B,No,191.0,213.26,231.58,207.83,218.01,499
3532,AURIONPRO.NS,671.15,664.95,84.19K,Technology Services,Information Technology Services,4.0,25.0,14.0,7.0,21.1893,21.0464,227.54K,237.05K,1296.8,663.0,36.11B,No,695.35,756.05,876.19,748.94,811.86,501
3533,RAMKY.NS,335.9,339.0,15.02K,Industrial Services,Engineering & Construction,4.0,5.0,6.0,5.0,12.2643,11.7107,50.26K,43.77K,705.0,333.0,23.24B,No,366.38,380.25,460.84,376.88,431.94,498
3534,ABCOTS.NS,205.55,205.71,5.62K,Consumer Non-Durables,Apparel/Footwear,3.0,64.0,49.0,1.0,9.6471,9.5536,74.34K,8.28K,504.0,196.81,4.51B,No,207.63,205.93,314.08,203.66,273.69,499
3535,ACEENGITEC.BO,95.3,95.3,0.00K,Technology Services,Information Technology Services,3.0,2.0,3.0,4.0,1.2557,0.3121,0.09K,0.03K,165.5,86.45,81.85M,No,95.66,114.22,128.18,111.13,125.66,497
3536,AWFIS.NS,249.6,253.9,318.59K,Finance,Real Estate Development,3.0,17.0,9.0,30.0,9.8464,9.6357,258.73K,253.61K,639.4,229.05,17.86B,No,261.77,275.56,344.0,271.15,296.49,501
3537,BHARATRAS.NS,1168.2,1167.0,39.67K,Process Industries,Chemicals: Agricultural,3.0,5.0,10.0,12.0,34.7215,34.7215,10.58K,15.86K,2987.5,1148.1,19.42B,No,1251.1,1297.16,1610.1,1276.79,1368.1,499
3538,SUNSKY.BO,38.49,35.0,3.00K,Transportation,Air Freight/Couriers,3.0,49.0,9.0,1.0,1.8064,0.7093,8.62K,15.75K,96.0,29.04,478.62M,No,35.16,38.28,58.5,38.26,53.75,231
3539,DARJEELING.BO,25.13,26.45,2.79K,Industrial Services,Engineering & Construction,3.0,94.0,3.0,48.0,2.1207,1.8593,6.96K,8.14K,75.47,11.72,197.57M,No,26.44,22.18,31.94,21.87,29.38,497
3540,OSWALAGRO.NS,34.34,35.83,61.36K,Finance,Real Estate Development,3.0,16.0,6.0,6.0,1.345,1.345,38.40K,39.04K,81.0,33.4,4.62B,No,36.95,38.61,46.71,38.04,42.79,500
3541,BCONCEPTS.NS,154.5,161.36,24.84K,Consumer Durables,Home Furnishings,3.0,9.0,12.0,2.0,9.4679,9.4679,17.46K,13.68K,449.0,151.6,1.93B,No,161.42,179.28,238.04,176.48,206.4,498
3542,KALAMANDIR.NS,83.64,84.92,564.32K,Retail Trade,Apparel/Footwear Retail,3.0,39.0,6.0,10.0,1.9736,1.9364,701.27K,266.93K,223.03,83.48,12.32B,No,86.11,90.31,110.56,88.99,99.64,500
3543,KEC.NS,413.45,393.2,2447.35K,Industrial Services,Engineering & Construction,3.0,26.0,8.0,7.0,11.5107,11.2821,1196.91K,821.32K,937.8,389.15,110.06B,No,419.67,456.54,561.12,454.16,513.97,501
3544,RONI.BO,32.23,29.65,5.40K,Distribution Services,Wholesale Distributors,3.0,25.0,4.0,6.0,2.7471,2.0114,8.35K,31.86K,77.5,19.15,370.42M,No,30.08,34.51,43.94,33.64,40.97,500
3545,KAMATS.BO,33.33,34.2,6.15K,Consumer Services,Restaurants,3.0,9.0,10.0,2.0,2.485,2.3893,7.18K,4.92K,67.44,30.2,606.58M,No,35.56,37.47,46.4,37.13,41.9,497
3546,TFSL.BO,23.46,22.35,0.00K,Finance,Finance/Rental/Leasing,3.0,0.0,0.0,1.0,1.6243,0.94,0.68K,0.28K,53.96,18.05,70.39M,No,31.06,36.52,41.68,35.26,40.44,498
3547,BINNYMILLS.BO,205.1,207.05,0.04K,Process Industries,Textiles,3.0,0.0,0.0,2.0,10.5536,7.0643,0.02K,0.03K,378.8,169.35,529.83M,No,264.03,308.37,291.31,298.78,310.62,497
3548,ECOSMOBLTY.NS,111.73,111.44,36.27K,Finance,Finance/Rental/Leasing,3.0,11.0,19.0,10.0,3.715,3.6714,62.84K,108.50K,294.6,103.94,6.70B,No,113.18,123.78,151.78,122.17,129.7,501
3549,MANOJJEWEL.BO,30.45,28.54,30.00K,Retail Trade,Specialty Stores,3.0,34.0,4.0,3.0,1.7371,1.4364,29.25K,24.80K,59.52,21.58,355.69M,No,28.43,30.25,42.01,30.11,39.27,337
3550,AGROPHOS.NS,23.37,21.72,84.18K,Process Industries,Chemicals: Agricultural,3.0,4.0,4.0,5.0,1.8,1.7529,22.48K,43.38K,47.47,21.0,473.81M,No,25.78,27.89,32.56,27.47,30.19,499
3551,CAMLINFINE.NS,103.57,103.8,320.14K,Process Industries,Chemicals: Specialty,3.0,36.0,4.0,6.0,3.3029,3.3029,1238.58K,734.47K,235.0,96.21,19.89B,No,105.21,117.53,131.93,115.34,123.16,500
3552,ACL.NS,42.68,43.21,8.42K,Non-Energy Minerals,Construction Materials,3.0,10.0,6.0,9.0,1.2657,1.2507,15.27K,14.06K,100.01,40.5,3.93B,No,44.5,47.01,55.71,46.23,51.17,498
3553,CUPIDALBV.BO,27.43,27.41,65.85K,Finance,Financial Conglomerates,3.0,46.0,16.0,24.0,1.4007,1.4007,77.16K,70.60K,109.9,19.34,2.51B,No,27.02,28.53,35.27,28.12,29.17,497
3554,CANDOUR.BO,61.77,62.56,18.90K,Process Industries,Textiles,3.0,11.0,15.0,0.0,3.8871,3.8871,18.81K,11.11K,165.0,58.06,1.51B,No,65.89,73.24,117.14,72.05,104.26,497
3555,APTPACK.BO,70.97,68.97,2.73K,Producer Manufacturing,Miscellaneous Manufacturing,3.0,50.0,1.0,2.0,4.9071,4.7907,5.71K,1.40K,198.35,55.5,838.40M,No,69.47,70.63,109.33,70.17,113.39,498
3556,REPL.NS,60.87,60.1,9.56K,Industrial Services,Engineering & Construction,3.0,20.0,14.0,5.0,3.7429,3.69,4.58K,5.16K,168.0,59.0,1.10B,No,63.15,64.47,83.72,64.27,71.5,499
3557,YAJUR.BO,39.0,40.6,13.60K,Process Industries,Textiles,3.0,82.0,42.0,17.0,1.9693,1.5664,20.66K,30.16K,139.2,32.01,884.63M,No,37.41,37.5,,37.36,43.2,164
3558,CURAA.NS,75.88,75.88,0.00K,Technology Services,Information Technology Services,3.0,64.0,35.0,13.0,5.5007,5.205,0.85K,0.67K,235.2,60.0,751.21M,No,71.33,73.42,92.95,73.36,87.33,498
3559,FIRSTCRY.NS,171.38,172.52,814.72K,Retail Trade,Apparel/Footwear Retail,3.0,2.0,6.0,9.0,6.2064,6.1014,1699.01K,2756.17K,406.0,168.15,83.16B,No,187.35,202.47,236.9,199.8,218.9,501
3560,EY.BO,558.0,532.0,0.02K,Consumer Durables,Other Consumer Specialties,3.0,3.0,2.0,1.0,30.7822,24.9107,0.06K,0.14K,1061.3,505.9,1.12B,No,635.15,683.1,817.94,659.1,769.0,497
3561,PCL.BO,37.99,37.99,2.00K,Process Industries,Agricultural Commodities/Milling,3.0,7.0,12.0,3.0,2.4493,1.905,3.44K,11.00K,95.0,31.17,233.09M,No,35.92,41.43,53.38,40.67,47.85,497
3562,TCC.NS,53.62,51.5,56803.08K,Distribution Services,Wholesale Distributors,3.0,72.0,4.0,3.0,5.3296,5.3074,1319.83K,4948.90K,105.28,39.37,,No,48.14,54.38,,53.45,,134
3563,KPGEL.BO,268.55,275.1,92.50K,Producer Manufacturing,Metal Fabrication,3.0,9.0,3.0,8.0,13.0929,12.8429,89.75K,114.35K,626.65,246.05,13.43B,No,270.54,313.98,378.75,306.88,360.1,498
3564,SONALIS.BO,37.22,40.9,22.00K,Consumer Non-Durables,Food: Specialty/Candy,3.0,3.0,2.0,4.0,1.6536,1.1821,9.06K,10.40K,92.0,37.21,176.76M,No,41.9,43.35,53.45,43.64,49.3,498
3565,RAMSONS.BO,78.0,79.5,0.88K,Finance,Investment Banks/Brokers,3.0,12.0,8.0,4.0,6.4721,5.6379,0.63K,0.45K,448.85,59.35,234.51M,No,84.43,87.75,110.27,86.86,92.95,497
3566,GARGI.BO,567.3,584.85,9.00K,Retail Trade,Specialty Stores,3.0,38.0,2.0,6.0,20.2964,19.5464,15.21K,17.79K,1197.0,532.15,5.94B,No,566.1,629.67,843.19,614.3,767.78,497
3567,SKYBIOTECH.BO,120.8,120.8,0.01K,Process Industries,Textiles,3.0,2.0,1.0,12.0,2.5821,2.1179,0.18K,0.12K,220.0,116.45,231.33M,No,131.62,149.18,157.01,143.94,150.99,499
3568,SKCIL.BO,98.39,93.0,0.61K,Non-Energy Minerals,Construction Materials,3.0,27.0,1.0,3.0,6.7393,6.5136,18.88K,1.00K,286.75,90.0,1.72B,No,96.65,108.95,150.37,106.88,134.64,497
3569,SOLARWORLD.NS,140.98,145.59,292.78K,Industrial Services,Engineering & Construction,3.0,8.0,5.0,14.0,5.0936,5.0264,610.58K,250.16K,388.5,139.19,12.22B,No,149.19,175.3,206.97,172.22,183.14,237
3570,VEDL.NS,269.05,272.5,4829.41K,Non-Energy Minerals,Aluminum,3.0,44.0,15.0,0.0,7.8714,7.25,16811.80K,9517.40K,795.0,249.7,1050.59B,No,273.27,270.78,482.23,270.89,428.16,501
3571,SHANTIDENM.BO,33.1,34.0,14.00K,Process Industries,Textiles,2.0,15.0,9.0,1.0,0.775,0.4,9.94K,6.40K,75.0,30.0,558.99M,No,36.22,37.58,49.53,36.69,45.71,498
3572,GEL.BO,25.1,24.51,9.00K,Distribution Services,Wholesale Distributors,2.0,18.0,3.0,5.0,1.0379,0.9464,69.05K,5.10K,46.19,23.3,618.66M,No,26.42,29.71,34.89,28.94,33.94,498
3573,CARGOTRANS.BO,68.34,68.59,3.75K,Transportation,Air Freight/Couriers,2.0,2.0,2.0,0.0,1.3279,0.7607,1.92K,1.27K,179.8,68.0,404.69M,No,78.1,85.57,128.44,84.31,118.39,497
3574,RAINBOWF.BO,31.75,32.6,2.18K,Finance,Real Estate Development,2.0,3.0,6.0,4.0,2.4286,2.3821,5.84K,5.44K,95.72,30.57,1.58B,No,35.91,37.43,45.15,37.07,41.55,497
3575,ALSL.BO,39.11,40.18,1.55K,Finance,Investment Banks/Brokers,2.0,0.0,0.0,3.0,4.47,4.47,31.13K,13.81K,79.3,38.07,1.82B,No,48.92,59.08,59.25,56.25,61.04,497
3576,ESPIRE.BO,153.55,149.35,0.73K,Consumer Services,Hotels/Resorts/Cruise Lines,2.0,26.0,11.0,1.0,10.5393,10.0929,1.02K,0.70K,529.85,141.35,2.29B,No,157.72,164.28,230.54,162.3,209.72,497
3577,WAAREEINDO.NS,258.25,261.1,59.05K,Electronic Technology,Electronic Equipment/Instruments,2.0,5.0,2.0,10.0,10.9143,10.5286,76.69K,82.86K,725.0,257.5,10.74B,No,278.44,323.95,400.74,314.56,370.64,500
3578,RETINA.BO,36.0,37.32,50.00K,Process Industries,Industrial Specialties,2.0,12.0,6.0,2.0,2.9671,2.6121,21.19K,37.60K,77.95,35.11,552.24M,No,39.63,40.65,53.43,40.14,48.08,498
3579,DHRUV.NS,22.79,23.0,1.90K,Industrial Services,Engineering & Construction,2.0,29.0,5.0,5.0,1.2343,1.1986,8.42K,4.87K,59.67,22.02,432.25M,No,23.84,24.71,32.94,24.14,28.26,499
3580,SYSCHEM.BO,30.77,31.71,7.29K,Health Technology,Pharmaceuticals: Major,2.0,50.0,2.0,3.0,1.4079,1.405,50.86K,21.17K,61.0,29.29,1.65B,No,31.25,36.53,45.56,35.82,43.39,497
3581,KPEL.NS,224.13,232.83,438.82K,Utilities,Alternative Power Generation,2.0,7.0,1.0,19.0,9.8564,9.8564,278.76K,273.86K,463.25,223.0,15.20B,No,247.38,285.14,318.06,279.23,310.19,451
3582,NISUS.BO,157.15,157.95,16.00K,Finance,Financial Conglomerates,2.0,10.0,5.0,15.0,6.5179,6.225,26.20K,19.52K,383.5,142.65,3.75B,No,164.91,180.36,225.22,176.82,198.27,435
3583,YURANUS.BO,69.14,65.85,0.00K,Finance,Real Estate Development,2.0,0.0,0.0,0.0,3.6821,1.3907,1.99K,1.51K,165.0,59.35,241.99M,No,76.29,92.03,124.35,88.83,118.18,498
3584,RDEL.BO,28.28,28.78,10.80K,Producer Manufacturing,Office Equipment/Supplies,2.0,2.0,15.0,15.0,0.9929,0.64,3.28K,2.52K,80.0,23.5,244.34M,No,31.57,33.26,,32.6,34.14,185
3585,SOLVEX.BO,20.95,20.95,1.60K,Process Industries,Agricultural Commodities/Milling,2.0,83.0,2.0,14.0,0.2436,0.21,7.55K,0.32K,68.0,16.68,187.54M,No,20.5,21.8,27.2,21.42,24.02,233
3586,OMEGAIN.BO,24.37,25.65,803.67K,Technology Services,Information Technology Services,2.0,0.0,0.0,0.0,1.8257,0.4464,339.92K,377.61K,112.06,17.32,2.03B,No,30.3,37.69,54.42,36.04,57.16,499
3587,ENVAIREL.BO,45.53,44.64,0.11K,Producer Manufacturing,Industrial Machinery,2.0,34.0,0.0,21.0,0.6771,0.27,2.31K,1.04K,128.95,36.68,211.26M,No,43.74,53.8,64.53,51.04,61.3,496
3588,MEERA.BO,30.99,31.5,8.38K,Producer Manufacturing,Industrial Machinery,2.0,22.0,2.0,16.0,2.3736,2.3721,9.38K,15.44K,103.46,30.13,661.87M,No,34.08,38.51,52.91,37.49,47.06,499
3589,SILVERTUC.NS,152.0,159.96,2242.46K,Technology Services,Packaged Software,2.0,1.0,6.0,48.0,9.9979,9.8007,512.33K,454.22K,1117.45,100.5,19.28B,No,180.58,189.14,246.08,186.81,161.97,500
3590,MITTALSTL.BO,24.9,25.05,3.00K,Non-Energy Minerals,Steel,2.0,21.0,4.0,24.0,1.8286,1.4393,5.22K,4.00K,114.4,22.63,288.03M,No,26.11,27.5,32.4,27.2,29.58,228
3591,MANIVENI.BO,25.35,25.5,36.00K,Process Industries,Agricultural Commodities/Milling,2.0,1.0,2.0,,2.1564,1.6743,38.16K,27.00K,44.66,23.35,496.16M,No,29.28,31.17,,30.59,,74
3592,OSWALPUMPS.NS,283.6,282.75,919.17K,Producer Manufacturing,Industrial Machinery,2.0,28.0,3.0,29.0,8.5143,8.4107,698.82K,498.44K,840.0,272.05,32.33B,No,291.03,334.28,389.93,328.2,355.61,308
3593,KPITTECH.NS,550.95,553.1,1113.74K,Technology Services,Packaged Software,2.0,15.0,3.0,8.0,14.3821,14.0786,3446.03K,1654.48K,1328.0,543.0,149.98B,No,585.19,585.36,810.41,586.64,677.54,501
3594,GUJENERGY.NS,254.8,258.97,2197.52K,Utilities,Gas Distributors,2.0,23.0,1.0,3.0,7.2636,7.12,1379.77K,1790.86K,452.0,246.15,239.06B,No,261.4,271.1,356.99,269.48,335.58,500
3595,REXSEAL.BO,105.0,105.0,0.50K,Producer Manufacturing,Industrial Machinery,2.0,8.0,3.0,2.0,1.7857,1.3571,1.85K,1.85K,216.0,105.0,271.42M,No,110.55,127.22,153.26,121.5,143.3,496
3596,KANISHK.BO,23.96,22.88,6.40K,Non-Energy Minerals,Aluminum,2.0,45.0,4.0,3.0,0.9143,0.475,4.65K,10.56K,58.4,22.55,322.02M,No,23.93,25.52,,25.39,30.21,150
3597,SOLEX.NS,705.25,715.6,22.36K,Producer Manufacturing,Building Products,2.0,2.0,2.0,10.0,34.3322,34.3322,38.01K,36.67K,1985.0,651.2,7.62B,No,768.12,884.78,1111.58,858.46,1028.95,498
3598,DECPO.BO,23.0,24.14,0.16K,Process Industries,Containers/Packaging,2.0,3.0,1.0,2.0,0.485,0.1886,0.13K,0.50K,46.5,20.28,48.65M,No,23.4,27.56,32.24,26.87,32.18,498
3599,WEL.NS,74.2,72.85,1201.82K,Electronic Technology,Electronic Equipment/Instruments,2.0,0.0,6.0,1.0,13.2414,10.2986,3353.75K,15554.45K,183.53,68.04,9.94B,No,113.48,112.04,122.39,109.67,108.35,500
3600,TERASOFT.NS,253.55,255.4,14.18K,Technology Services,Information Technology Services,2.0,0.0,1.0,4.0,17.1286,17.1286,21.88K,25.55K,598.0,250.4,3.17B,No,300.1,357.02,382.83,347.79,358.99,500
3601,SAFECURE.BO,20.55,20.53,4.80K,Commercial Services,Miscellaneous Commercial Services,2.0,25.0,14.0,1.0,0.9071,0.6636,4.24K,6.12K,81.6,20.5,206.32M,No,21.85,22.78,29.62,22.7,26.82,212
3602,KINGSINFR.BO,83.95,84.42,9.62K,Process Industries,Agricultural Commodities/Milling,2.0,1.0,1.0,4.0,3.7879,3.7593,16.33K,11.49K,175.2,82.32,2.06B,No,87.82,104.56,121.78,101.71,116.64,497
3603,PIOTEX.BO,29.0,26.0,2.40K,Process Industries,Textiles,2.0,20.0,6.0,2.0,1.84,1.1936,1.01K,3.12K,74.0,24.0,148.00M,No,30.1,30.92,43.52,30.87,37.03,498
3604,IMEC.BO,102.0,101.95,0.21K,Non-Energy Minerals,Steel,2.0,38.0,1.0,1.0,6.2607,6.1464,1.55K,0.97K,448.35,98.05,193.80M,No,103.84,108.76,176.29,106.25,146.51,497
3605,WATERBASE.NS,46.55,47.17,7.84K,Process Industries,Agricultural Commodities/Milling,2.0,,,,2.5079,2.5079,22.63K,19.89K,74.9,44.11,1.93B,No,51.24,,,,,22
3606,SAFE.BO,125.0,128.25,11.50K,Technology Services,Internet Software/Services,2.0,2.0,6.0,2.0,6.0429,5.8679,2.92K,6.85K,348.0,112.8,711.88M,No,142.68,153.43,186.61,149.82,168.45,490
3607,ATALREAL.NS,15.27,16.96,503.95K,Consumer Durables,Homebuilding,2.0,0.0,0.0,3.0,2.3479,1.8771,10278.55K,16380.19K,36.7,15.27,1.89B,No,30.3,30.92,27.36,30.62,27.97,498
3608,ROYAL.BO,95.0,96.05,1.00K,Distribution Services,Medical Distributors,1.0,54.0,29.0,1.0,3.5857,2.4893,3.69K,2.90K,267.75,83.1,508.26M,No,96.01,101.71,147.14,102.63,128.79,498
3609,MONIKA.BO,152.6,153.0,1.60K,Distribution Services,Food Distributors,1.0,33.0,2.0,2.0,6.3214,5.5857,18.52K,14.60K,335.0,146.0,3.27B,No,157.1,187.36,239.88,181.56,219.95,283
3610,RMC.NS,215.96,222.51,104.69K,Producer Manufacturing,Electrical Products,1.0,0.0,3.0,,11.6721,11.6721,73.90K,60.33K,530.0,211.35,2.28B,No,242.51,272.05,,266.87,,114
3611,VANDAN.BO,22.91,24.38,4.80K,Consumer Non-Durables,Food: Specialty/Candy,1.0,52.0,3.0,2.0,0.7093,0.6729,10.24K,4.08K,65.99,19.81,192.10M,No,24.32,24.43,36.4,24.43,31.44,295
3612,MEHSECU.BO,21.05,21.05,0.40K,Finance,Investment Banks/Brokers,1.0,14.0,7.0,1.0,0.3171,0.2393,0.03K,0.05K,54.0,21.03,65.03M,No,22.23,22.7,33.02,22.55,28.05,497
3613,TANVI.BO,46.55,49.0,1.00K,Distribution Services,Food Distributors,1.0,29.0,1.0,2.0,0.5107,0.0,4.69K,0.10K,97.2,46.55,597.18M,No,48.66,53.54,67.27,52.05,61.04,498
3614,ANUBHAV.BO,46.0,46.0,12.80K,Non-Energy Minerals,Steel,1.0,12.0,,,1.0743,0.8243,44.29K,2.24K,80.0,42.05,506.00M,No,48.98,51.02,,50.47,,54
3615,SUPREME.NS,34.7,35.17,38.83K,Finance,Real Estate Development,1.0,3.0,4.0,3.0,1.8243,1.8243,68.81K,41.16K,97.84,34.32,1.35B,No,38.47,42.86,54.55,42.1,48.05,398
3616,TTC.BO,185.3,193.9,0.30K,Commercial Services,Miscellaneous Commercial Services,1.0,22.0,7.0,1.0,13.0143,10.9643,2.76K,3.81K,445.0,135.0,350.22M,No,182.47,200.0,277.85,197.37,245.55,433
3617,CHTR.BO,39.0,39.0,3.60K,Commercial Services,Advertising/Marketing Services,1.0,1.0,4.0,2.0,1.6929,1.2671,14.34K,7.56K,156.75,38.0,551.61M,No,42.64,45.94,61.03,45.47,53.8,234
3618,RFL.BO,90.5,95.0,0.10K,Finance,Finance/Rental/Leasing,1.0,1.0,0.0,2.0,7.4286,6.1964,0.23K,0.80K,195.0,86.1,278.92M,No,122.3,129.78,132.87,123.31,128.57,496
3619,GBLOGISTIC.BO,23.9,25.09,8.40K,Transportation,Air Freight/Couriers,1.0,35.0,2.0,2.0,0.9421,0.7129,17.16K,9.48K,66.57,22.51,195.85M,No,24.39,25.89,38.22,25.65,33.57,400
3620,DEL.BO,120.0,129.85,0.15K,Producer Manufacturing,Electrical Products,1.0,6.0,2.0,4.0,8.1429,5.9286,1.77K,0.23K,438.15,100.35,1.70B,No,131.85,130.37,172.73,129.56,157.43,497
3621,SHAMFOAM.BO,59.0,61.98,38.00K,Consumer Durables,Home Furnishings,1.0,,,,5.4236,4.4543,193.65K,42.50K,109.0,58.01,677.95M,No,,,,,,18
3622,ZAPPFRESH.BO,63.57,63.89,27.60K,Retail Trade,Food Retail,1.0,6.0,4.0,2.0,3.6443,3.4121,64.99K,81.48K,208.0,61.0,1.42B,No,69.02,74.32,105.06,73.13,90.71,230
3623,LOGICIEL.BO,30.0,28.0,0.60K,Technology Services,Packaged Software,1.0,19.0,4.0,21.0,1.6557,1.49,2.95K,1.92K,154.4,28.0,224.04M,No,31.04,32.1,,31.82,38.54,191
3624,GUJJUBHAI.BO,99.3,100.45,6.06K,Producer Manufacturing,Industrial Machinery,1.0,1.0,9.0,0.0,7.9214,7.9214,94.24K,115.71K,271.0,97.05,2.08B,No,117.11,123.66,173.68,122.55,155.49,497
3625,HBGHOTELS.BO,65.46,68.2,20.70K,Consumer Services,Hotels/Resorts/Cruise Lines,1.0,1.0,2.0,3.0,6.1443,5.9264,11.18K,18.91K,214.4,62.01,1.34B,No,79.33,84.44,100.43,82.71,89.56,497
3626,TRL.BO,61.99,62.5,14.26K,Producer Manufacturing,Building Products,1.0,5.0,2.0,2.0,3.015,3.0057,20.86K,7.79K,223.9,55.73,768.54M,No,64.29,70.2,95.33,68.8,89.21,497
3627,ALPINETEX.NS,58.22,59.63,125.78K,Process Industries,Textiles,1.0,30.0,,,3.7221,3.7171,320.55K,415.04K,105.0,50.46,2.23B,No,57.4,,,,,38
3628,CRIMSON.BO,24.84,24.84,4.90K,Non-Energy Minerals,Steel,1.0,0.0,0.0,1.0,0.8957,0.035,0.16K,0.97K,61.35,24.84,110.00M,No,34.09,40.95,46.65,38.32,46.03,496
3629,AASTHA.NS,79.29,81.46,263.31K,Process Industries,Textiles,1.0,74.0,,,4.7557,3.8193,3134.10K,1168.11K,140.01,70.0,,No,77.67,,,87.68,,49
3630,DAVIN.BO,20.44,21.0,8.00K,Consumer Non-Durables,Apparel/Footwear,1.0,1.0,1.0,2.0,1.45,0.4929,3.91K,10.00K,56.35,20.44,135.17M,No,24.71,27.81,33.82,27.29,30.64,416
3631,INDAGIV.BO,36.5,36.5,0.02K,Technology Services,Information Technology Services,1.0,10.0,1.0,4.0,0.6471,0.2664,0.06K,0.36K,86.45,34.12,111.58M,No,40.39,41.99,55.12,40.75,46.77,499
3632,RAJKSYN.BO,21.45,21.03,0.00K,Process Industries,Textiles,1.0,43.0,1.0,2.0,2.2479,2.1679,4.13K,1.63K,54.97,19.01,141.61M,No,21.54,23.2,34.62,22.64,31.17,497
3633,AUREATE.BO,36.5,37.0,18.00K,Distribution Services,Wholesale Distributors,1.0,59.0,1.0,,2.2493,1.6929,89.59K,51.40K,70.0,26.29,473.98M,No,36.43,34.98,,35.72,,69
3634,MISQUITA.BO,55.34,55.34,3.00K,Distribution Services,Electronics Distributors,1.0,3.0,1.0,1.0,2.5293,1.6329,0.98K,0.30K,142.0,50.26,259.43M,No,64.53,75.62,102.52,72.61,96.65,496
3635,SVJ.BO,193.7,199.0,0.50K,Consumer Non-Durables,Food: Major Diversified,1.0,46.0,0.0,0.0,5.9893,3.9643,6.53K,0.93K,583.55,171.45,1.08B,No,199.73,199.01,395.57,194.07,343.63,495
3636,METHODHUB.BO,60.11,65.3,71.40K,Technology Services,Information Technology Services,1.0,4.0,2.0,1.0,3.7964,3.6579,29.42K,49.14K,171.95,58.8,1.13B,No,67.95,73.96,,72.59,85.21,186
3637,CMBL.BO,40.85,43.0,0.78K,Finance,Regional Banks,1.0,10.0,4.0,4.0,1.7264,1.0529,0.27K,0.12K,414.3,40.85,2.59B,No,45.61,47.58,111.7,46.97,52.44,497
3638,MONEYBOXX.NS,37.15,44.81,1459.08K,Finance,Regional Banks,1.0,0.0,0.0,1.0,4.5214,4.2314,35.97K,60.57K,91.5,35.85,2.59B,No,55.01,58.19,64.14,56.88,64.57,226
3639,AICHAMP.BO,19.58,18.71,2.79K,Process Industries,Textiles,1.0,0.0,0.0,5.0,1.6421,1.5271,3.68K,11.44K,61.8,18.08,602.16M,No,25.43,31.78,33.47,30.89,31.05,497
3640,SPITZE.BO,40.25,38.34,112.00K,Consumer Durables,Home Furnishings,1.0,54.0,1.0,5.0,1.79,1.4914,46.45K,53.20K,251.0,29.64,2.43B,No,32.84,44.41,103.31,42.79,70.15,497
3641,MOPSHOP.BO,66.6,74.0,3.00K,Distribution Services,Wholesale Distributors,1.0,,,,,,16.82K,3.10K,137.0,66.6,479.52M,No,,,,,,12
3642,RKEC.NS,19.17,19.96,73.56K,Industrial Services,Engineering & Construction,1.0,1.0,2.0,1.0,1.6593,1.6007,51.32K,42.72K,81.5,19.05,459.90M,No,22.07,24.92,36.98,24.57,31.22,500
3643,SEML.BO,39.23,39.28,18.00K,Distribution Services,Wholesale Distributors,1.0,70.0,10.0,2.0,2.0179,1.8529,15.97K,13.39K,364.0,31.98,751.65M,No,36.11,40.79,113.23,40.32,57.58,497
3644,SCARNOSE.BO,35.82,35.82,1.00K,Consumer Non-Durables,Apparel/Footwear,1.0,12.0,0.0,1.0,0.2621,0.0,1.06K,0.10K,89.9,35.82,112.84M,No,36.61,57.35,67.68,52.69,68.23,497
3645,RFIL.BO,28.2,29.3,22.00K,Consumer Non-Durables,Apparel/Footwear,0.0,3.0,1.0,,1.1614,0.8,25.69K,17.80K,64.0,26.7,292.43M,No,32.7,34.89,,34.25,,72
3646,RELINFRA.NS,54.75,55.86,323.19K,Utilities,Electric Utilities,0.0,1.0,1.0,1.0,1.8414,1.7871,292.52K,226.85K,274.45,54.75,22.35B,No,60.83,64.48,95.46,63.88,74.96,500
3647,NMSGLOBAL.BO,39.12,40.94,16.88K,Distribution Services,Food Distributors,0.0,0.0,0.0,1.0,2.8979,2.655,15.99K,6.38K,103.94,36.85,117.58M,No,42.07,58.5,71.45,54.6,71.33,497
3648,SEEMAX.BO,52.74,53.7,2.00K,Finance,Finance/Rental/Leasing,0.0,20.0,,,1.25,0.6386,31.83K,2.90K,112.8,49.05,232.06M,No,56.14,,,61.66,,47
3649,JIVIAL.BO,77.99,78.0,6.00K,Non-Energy Minerals,Aluminum,0.0,57.0,,,2.5979,2.1729,39.46K,5.52K,164.6,71.5,364.18M,No,81.43,90.07,,84.78,,51
3650,OLATECH.BO,67.0,70.0,5.55K,Technology Services,Data Processing Services,0.0,36.0,1.0,0.0,2.9393,1.3493,10.64K,6.38K,290.9,58.0,298.19M,No,65.74,68.54,146.9,66.56,111.16,496
3651,GVL.BO,34.0,33.94,1.00K,Distribution Services,Wholesale Distributors,0.0,5.0,3.0,0.0,1.0579,0.6293,5.48K,9.20K,141.8,30.6,441.63M,No,37.98,41.02,75.44,40.09,63.39,499
3652,HEG.NS,249.65,262.75,1892.54K,Electronic Technology,Electronic Components,0.0,0.0,0.0,1.0,56.4571,22.5786,1982.19K,2133.59K,753.9,249.65,48.18B,No,625.94,622.0,574.87,623.38,582.82,501
3653,KIAASA.BO,30.0,29.0,19.00K,Retail Trade,Apparel/Footwear Retail,0.0,23.0,3.0,0.0,1.6679,1.5643,26.66K,20.40K,123.0,28.21,546.90M,No,30.92,33.19,,32.64,,133
3654,DHANWEL.BO,44.27,55.33,346.80K,Process Industries,Agricultural Commodities/Milling,0.0,,,,,,23.02K,3.36K,99.0,44.27,,No,,,,,,12
3655,LEMERITE.NS,20.71,21.26,268.75K,Process Industries,Textiles,0.0,11.0,8.0,0.0,1.1493,1.1493,709.59K,162.76K,107.57,19.52,2.59B,No,21.99,22.16,65.71,21.88,53.46,500
3656,ARL.BO,40.0,40.73,11.68K,Process Industries,Textiles,0.0,23.0,9.0,0.0,1.9786,1.9771,32.38K,19.28K,470.0,38.79,876.34M,No,42.6,46.94,149.94,45.85,59.83,497
3657,ABRFL.BO,38.85,38.48,1.20K,Consumer Non-Durables,Food: Specialty/Candy,0.0,54.0,0.0,1.0,1.0543,0.1693,3.41K,2.64K,150.0,36.92,200.23M,No,39.92,42.78,77.72,42.16,62.98,300
3658,TRANSPACT.BO,86.0,86.0,1.00K,Health Technology,Medical Specialties,0.0,3.0,0.0,0.0,0.9843,0.3236,1.36K,0.10K,236.1,81.47,33.26M,No,90.45,131.19,164.96,119.25,171.65,497
3659,MALA.BO,54.56,58.0,22.00K,Process Industries,Textiles,0.0,1.0,,,2.1586,1.66,132.58K,11.40K,139.65,53.5,540.42M,No,64.44,,,,,32
3660,LELAVOIR.BO,82.0,80.39,21.52K,Process Industries,Agricultural Commodities/Milling,0.0,98.0,0.0,0.0,5.72,4.5457,11.30K,19.45K,336.6,33.86,284.38M,No,73.29,68.53,166.29,66.24,148.66,497
3661,GSLSU.NS,27.22,27.84,53.33K,Non-Energy Minerals,Construction Materials,0.0,40.0,0.0,0.0,1.8993,1.8929,183.73K,172.18K,139.67,23.06,1.15B,No,29.82,30.57,64.59,29.76,48.55,498
3662,CCME.BO,28.58,27.49,8.91K,Producer Manufacturing,Miscellaneous Manufacturing,0.0,0.0,0.0,0.0,2.2107,0.6307,9.13K,14.40K,181.3,26.41,1.29B,No,44.74,82.9,94.94,75.61,93.43,497
3663,DHRUVCA.BO,86.71,86.98,4.32K,Finance,Finance/Rental/Leasing,0.0,36.0,0.0,0.0,4.9586,4.845,9.57K,6.64K,445.5,76.15,623.47M,No,86.96,153.28,232.16,132.47,263.03,497
3664,GPSL.BO,55.69,56.77,10.20K,Consumer Non-Durables,Consumer Sundries,0.0,1.0,1.0,0.0,2.6243,1.63,7.58K,5.04K,365.0,54.25,416.56M,No,67.58,86.51,176.17,82.94,137.68,498
3665,QTFOODS.BO,41.0,43.15,13.20K,Consumer Non-Durables,Food: Specialty/Candy,0.0,,,,4.3029,0.6257,55.65K,68.16K,115.0,41.0,290.17M,No,,,,,,17
3666,LIOTECH.BO,88.0,86.51,2.40K,Consumer Durables,Tools & Hardware,0.0,6.0,,,2.3729,2.2529,16.07K,4.76K,257.0,85.7,343.24M,No,94.86,107.2,,102.82,,57
3667,GULFLLOYDS.BO,33.7,34.68,21.60K,Commercial Services,Miscellaneous Commercial Services,0.0,2.0,,,2.0064,1.7157,62.47K,35.28K,100.0,32.65,226.77M,No,37.26,,,,,34
3668,QRIL.BO,29.0,29.0,1.00K,Producer Manufacturing,Industrial Machinery,0.0,2.0,0.0,0.0,1.1771,0.4393,0.72K,0.35K,134.5,28.55,73.95M,No,33.86,40.56,75.45,37.79,52.77,496
3669,TTFL.BO,23.07,22.1,32.21K,Process Industries,Textiles,0.0,64.0,1.0,0.0,1.5664,1.4786,22.96K,22.59K,379.0,21.3,345.95M,No,23.33,27.01,105.22,25.99,42.46,497
3670,EKENNIS.BO,39.9,42.0,2.40K,Technology Services,Information Technology Services,0.0,0.0,0.0,0.0,2.2993,0.1229,0.61K,2.48K,168.0,39.66,55.86M,No,57.12,69.22,126.11,64.2,113.74,499
3671,INDIAGLYCO.NS,310.4,301.3,395.57K,Process Industries,Chemicals: Specialty,0.0,0.0,0.0,0.0,99.8714,33.4357,221.08K,256.68K,1222.0,217.0,20.81B,No,875.92,1022.01,981.8,963.26,962.97,500
3672,BCCL.BO,29.93,30.36,5.60K,Process Industries,Chemicals: Specialty,0.0,67.0,1.0,0.0,1.6843,1.2836,22.91K,37.96K,430.0,22.31,429.13M,No,27.55,34.23,150.07,32.86,77.93,497
3673,BHUDEVI.BO,76.75,80.75,0.60K,Process Industries,Textiles,0.0,0.0,0.0,0.0,6.3143,0.0,20.10K,1.48K,305.15,76.75,352.22M,No,133.75,151.21,225.0,141.56,204.36,497
3674,KSE.NS,178.69,177.85,13.61K,Process Industries,Agricultural Commodities/Milling,0.0,,,,6.9014,6.4329,25.43K,15.79K,665.4,173.31,5.72B,No,231.1,,,,,22
3675,UHMVL.BO,32.74,32.13,6.40K,Consumer Services,Other Consumer Services,0.0,19.0,,,1.3943,1.37,40.05K,14.40K,132.8,30.5,217.58M,No,33.89,36.52,,35.18,,66
3676,INLCM.BO,305.6,321.5,5.03K,Distribution Services,Wholesale Distributors,0.0,0.0,0.0,0.0,27.2286,21.2036,2.27K,6.14K,2640.75,291.65,817.48M,No,407.66,556.84,1165.97,516.24,921.18,497
3677,MIZVEN.BO,37.2,39.0,6.01K,Industrial Services,Engineering & Construction,0.0,53.0,0.0,0.0,2.7314,2.0857,21.80K,23.78K,284.75,27.56,818.21M,No,36.71,62.46,124.07,55.07,124.04,497
3678,AQYLON.NS,21.88,22.61,387.33K,Consumer Services,Movies/Entertainment,0.0,7.0,0.0,0.0,1.4629,1.3157,2878.96K,1797.56K,1714.9,19.66,5.55B,No,23.01,28.28,271.0,26.59,52.08,499
3679,INDOTHAI.NS,43.43,41.37,97.38K,Finance,Investment Banks/Brokers,0.0,0.0,0.0,0.0,2.6314,0.4914,1999.13K,2554.62K,466.35,33.97,5.59B,No,53.44,137.24,246.89,122.97,216.77,499
3680,LORDSMARK.BO,82.95,83.12,148.22K,Finance,Investment Banks/Brokers,0.0,11.0,0.0,0.0,3.6171,3.5514,646.37K,419.29K,12757.0,60.0,35.45B,No,83.25,1605.67,9969.17,84.11,8532.7,499
3681,CPML.BO,98.0,103.15,16.25K,Consumer Services,Movies/Entertainment,0.0,0.0,0.0,0.0,9.15,2.1893,1.31K,0.66K,3289.95,98.0,1.05B,No,173.01,455.19,2120.49,370.1,1701.34,497
