Rank,Ticker,Price,Prev_Close,DVol,Sector,Industry,RS Percentile,1M_RS Percentile,3M_RS Percentile,6M_RS Percentile,ATR,ADR,AvgVol,AvgVol10,52WKH,52WKL,MCAP,IPO,SMA20,SMA50,SMA200,SMA10W,SMA30W,History_Days
1,MRUTR.BO,96.3,98.25,1.16K,Finance,Investment Banks/Brokers,98.0,73.0,98.0,98.0,3.445,1.4614,21.66K,64.85K,115.3,0.85,69.57B,No,98.07,87.08,36.69,91.49,51.28,496
2,SOURCEIND.BO,55.25,54.17,0.17K,Consumer Durables,Home Furnishings,98.0,97.0,98.0,98.0,1.0107,0.0036,0.37K,0.31K,55.25,4.18,630.02M,No,45.46,35.45,15.76,39.79,21.8,497
3,APOLLOIN.BO,92.4,88.0,0.79K,Process Industries,Agricultural Commodities/Milling,98.0,0.0,85.0,98.0,4.5521,0.0586,3.38K,5.84K,146.05,5.16,960.96M,No,94.79,111.34,49.97,109.6,68.2,496
4,SALSAIN.BO,337.0,353.85,1.34K,Finance,Financial Conglomerates,98.0,9.0,88.0,28.0,22.7607,21.3,0.59K,0.16K,828.95,14.58,2.35B,No,360.12,349.55,284.72,358.78,372.45,496
5,SAMTELIN.BO,38.99,39.45,4.65K,Producer Manufacturing,Miscellaneous Manufacturing,98.0,33.0,3.0,95.0,0.8907,0.6043,12.66K,4.86K,72.95,1.89,276.36M,No,38.94,46.26,28.65,43.32,38.15,268
6,ARIHANT.NS,858.8,887.75,6.74K,Finance,Real Estate Development,98.0,3.0,48.0,,58.5464,58.3179,6.30K,1.94K,1225.0,39.65,9.33B,No,951.13,967.91,,980.62,,108
7,JTLDEFENCE.BO,873.8,891.6,2.39K,Non-Energy Minerals,Other Metals/Minerals,98.0,98.0,98.0,98.0,33.4607,12.5893,4.10K,8.60K,924.0,55.58,9.20B,No,659.98,633.12,282.08,672.37,389.73,497
8,AXISOL.BO,616.5,614.65,14.48K,Technology Services,Information Technology Services,98.0,87.0,96.0,98.0,14.8429,5.0036,6.21K,6.25K,667.75,28.2,29.14B,No,592.43,459.99,261.52,500.05,339.77,497
9,ISERA.BO,143.9,143.9,0.20K,Technology Services,Packaged Software,98.0,55.0,88.0,98.0,0.0,0.0,2.55K,0.02K,143.9,5.36,1.21B,No,143.9,143.79,75.51,143.9,101.08,495
10,SESHACHAL.BO,63.33,66.66,0.00K,Technology Services,Information Technology Services,98.0,6.0,2.0,2.0,0.25,0.0,0.63K,0.63K,105.31,2.39,4.40M,No,69.33,71.61,77.64,72.44,88.12,497
11,MODMA.BO,39.51,41.51,0.90K,Producer Manufacturing,Metal Fabrication,98.0,14.0,0.0,97.0,1.89,1.1207,1.51K,2.27K,85.79,2.18,4.60B,No,47.78,49.44,35.16,46.49,46.92,496
12,VINRKLB.BO,58.35,59.4,1.36K,Health Technology,Pharmaceuticals: Major,98.0,98.0,93.0,93.0,1.1986,0.2421,2.47K,8.75K,59.4,4.5,648.60M,No,49.34,37.83,28.8,40.83,38.5,496
13,TANDHANIN.BO,149.0,155.0,0.23K,Finance,Investment Banks/Brokers,98.0,83.0,70.0,98.0,10.1714,8.1643,7.45K,11.08K,175.0,10.48,7.42B,No,145.69,147.44,79.31,147.69,108.47,496
14,MAXGROW.BO,188.75,192.6,290.49K,Commercial Services,Personnel Services,98.0,98.0,98.0,98.0,5.0114,0.7193,26.15K,6.45K,196.45,14.05,7.54B,No,152.94,108.87,64.78,126.61,76.84,496
15,HARCR.BO,32.48,31.85,0.28K,Producer Manufacturing,Auto Parts: Oem,98.0,98.0,99.0,98.0,0.6893,0.0,0.17K,0.22K,32.48,3.82,341.04M,No,25.89,18.0,9.79,20.81,12.07,497
16,ASIACAP.BO,125.85,123.4,0.12K,Finance,Finance/Rental/Leasing,98.0,93.0,98.0,98.0,2.255,0.6207,0.69K,0.17K,125.85,17.37,389.13M,No,112.72,98.45,51.63,104.12,68.67,496
17,LIPPISYS.BO,217.0,219.1,13.48K,Producer Manufacturing,Industrial Machinery,98.0,28.0,91.0,98.0,11.1821,9.5071,18.95K,16.16K,281.2,23.81,1.52B,No,221.27,233.7,104.64,234.22,139.0,495
18,STLTECH.NS,852.55,897.4,3615.45K,Technology Services,Information Technology Services,98.0,94.0,90.0,98.0,46.9464,39.1036,2091.59K,1801.28K,912.0,84.6,438.26B,No,722.22,631.4,356.02,677.8,475.9,498
19,INDUSFINL.BO,290.8,285.1,5.97K,Finance,Investment Banks/Brokers,98.0,97.0,98.0,98.0,5.3179,0.4893,8.34K,5.08K,290.8,38.94,2.69B,No,239.58,193.31,102.07,213.05,130.77,495
20,NEWMKTAVE.BO,67.05,67.05,0.00K,Finance,Investment Managers,98.0,89.0,97.0,98.0,0.185,0.0,,,67.05,9.1,686.59M,No,65.59,53.45,26.73,57.14,35.09,497
21,SANGINITA.NS,66.98,65.67,23.72K,Process Industries,Chemicals: Specialty,98.0,92.0,97.0,98.0,2.4843,1.105,294.25K,311.01K,68.02,9.26,1.73B,No,58.17,57.65,28.95,59.78,37.55,497
22,APPL.BO,346.65,339.9,9.60K,Distribution Services,Medical Distributors,98.0,95.0,95.0,97.0,7.3964,3.3071,14.99K,19.88K,346.65,32.32,5.95B,No,313.15,279.74,171.01,293.51,212.7,240
23,KARTKIN.BO,7850.0,7843.3999,0.01K,Finance,Financial Conglomerates,98.0,28.0,50.0,98.0,416.4714,207.6322,0.02K,0.02K,10741.85,1087.8,1.92B,No,8628.99,8752.37,5090.92,8533.75,6734.68,497
24,PANKAJPO.BO,136.8,144.0,11.24K,Producer Manufacturing,Miscellaneous Manufacturing,98.0,96.0,97.0,95.0,8.0136,2.7943,18.81K,22.18K,179.05,16.42,758.41M,No,126.43,100.43,67.18,110.55,79.83,495
25,DUKEOFS.BO,70.41,69.03,5.87K,Retail Trade,Specialty Stores,98.0,97.0,98.0,98.0,1.2879,0.0014,7.93K,2.95K,70.41,13.12,694.05M,No,57.94,44.49,24.94,50.3,30.7,495
26,RANJITSE.BO,55.75,58.52,0.23K,Finance,Finance/Rental/Leasing,98.0,18.0,12.0,0.0,1.4736,1.2307,0.14K,0.10K,122.1,6.24,149.82M,No,61.24,60.77,,60.49,73.35,196
27,SANCODE.BO,690.95,677.45,10.00K,Technology Services,Information Technology Services,98.0,96.0,98.0,97.0,10.4179,0.95,2.06K,3.30K,690.95,91.95,5.15B,No,585.91,481.29,278.5,528.84,349.48,495
28,BATLIBOI.NS,83.95,85.91,26.11K,Producer Manufacturing,Industrial Machinery,98.0,41.0,64.0,,4.1671,4.0457,82.97K,46.98K,106.5,15.7,3.96B,No,86.89,86.27,,86.36,,108
29,SIGMAADV.NS,794.65,832.45,315.00K,Technology Services,Information Technology Services,98.0,91.0,95.0,98.0,42.5643,39.1857,333.29K,198.96K,867.0,140.1,140.05B,No,743.39,659.68,360.31,692.02,445.73,498
30,CUPID.NS,284.4,280.0,10867.45K,Consumer Non-Durables,Household/Personal Care,98.0,47.0,96.0,97.0,9.3836,9.38,32682.76K,11303.85K,299.0,40.32,382.42B,No,281.17,253.2,142.84,262.93,170.65,499
31,SHANTAI.BO,90.25,91.16,90.72K,Process Industries,Textiles,98.0,49.0,35.0,93.0,0.2386,0.1214,5.34K,17.26K,102.01,11.69,676.88M,No,91.2,92.09,63.98,91.78,82.77,497
32,PARMSILK.BO,323.4,325.0,0.00K,Process Industries,Textiles,98.0,31.0,95.0,98.0,12.9429,11.6214,1.04K,0.13K,472.35,58.24,970.56M,No,326.75,341.5,171.66,328.72,214.29,364
33,GLITTEKG.BO,74.73,76.25,2.56K,Non-Energy Minerals,Construction Materials,98.0,81.0,95.0,71.0,2.9057,2.0257,12.99K,24.05K,83.3,8.64,1.94B,No,68.41,62.57,43.7,66.59,53.6,495
34,PARMAX.BO,135.05,133.75,6.33K,Health Technology,Pharmaceuticals: Major,98.0,89.0,98.0,98.0,0.2786,0.0036,12.00K,0.22K,135.05,22.6,505.26M,No,131.33,114.53,57.02,119.53,68.43,496
35,SIMANDHAR.BO,150.4,151.5,0.01K,Distribution Services,Wholesale Distributors,98.0,54.0,27.0,65.0,6.0179,4.5607,1.92K,0.29K,189.1,21.5,459.76M,No,152.79,148.66,,150.33,141.78,182
36,PURPLEWAVE.BO,387.0,406.8,2.00K,Technology Services,Packaged Software,98.0,94.0,98.0,98.0,18.4107,9.5679,36.05K,8.00K,431.0,95.1,3.58B,No,373.95,253.75,,287.78,172.97,193
37,HIKLASS.BO,91.5,91.5,2.51K,Finance,Investment Banks/Brokers,98.0,76.0,66.0,94.0,1.7914,1.695,11.96K,46.40K,108.35,13.39,2.76B,No,90.54,83.64,62.08,86.65,78.61,496
38,BODALCHEM.NS,176.66,172.4,2889.91K,Process Industries,Industrial Specialties,98.0,99.0,98.0,98.0,14.2021,11.8514,1628.81K,8797.91K,189.68,42.81,22.25B,No,119.47,87.65,65.34,102.3,75.88,497
39,BLISSGVS.NS,684.95,720.95,217.58K,Health Technology,Pharmaceuticals: Major,97.0,95.0,94.0,97.0,36.2714,35.2,536.32K,394.02K,728.0,118.0,72.83B,No,618.64,540.33,329.03,565.46,405.35,498
40,SHENTRA.BO,119.15,125.4,0.01K,Process Industries,Chemicals: Specialty,97.0,22.0,81.0,93.0,1.0964,0.4714,0.13K,0.08K,134.85,16.65,528.80M,No,130.43,127.01,78.68,128.3,95.31,238
41,TRANSCHEM.BO,374.5,381.15,0.56K,Health Technology,Pharmaceuticals: Other,97.0,92.0,88.0,95.0,13.925,13.2571,5.88K,4.09K,388.0,57.95,4.58B,No,346.97,336.06,225.27,342.97,258.38,495
42,SURBHIN.BO,104.89,110.18,2.97K,Process Industries,Textiles,97.0,23.0,18.0,95.0,5.72,2.9464,3.82K,2.27K,249.65,16.25,360.55M,No,93.86,97.08,81.43,102.38,104.88,496
43,TBZ.NS,524.45,526.3,1933.58K,Consumer Durables,Other Consumer Specialties,97.0,98.0,98.0,98.0,41.4464,33.3214,2941.51K,6428.47K,583.05,110.5,35.00B,No,369.75,301.71,192.8,343.05,217.9,498
44,STELLANT.BO,1012.4,1010.45,1.42K,Finance,Investment Banks/Brokers,97.0,83.0,96.0,84.0,61.3036,61.2321,8.08K,3.42K,1104.6,135.6,5.76B,No,1036.48,856.24,628.25,920.23,702.29,496
45,PHCAP.BO,1062.85,1043.5,1.02K,Finance,Investment Banks/Brokers,97.0,78.0,73.0,91.0,50.5429,50.4357,3.87K,5.21K,1158.9,165.05,3.19B,No,1067.54,1025.12,707.31,1042.42,845.81,495
46,STEELCO.BO,238.3,233.65,16.94K,Non-Energy Minerals,Steel,97.0,96.0,91.0,96.0,6.8786,3.6286,11.85K,10.25K,269.1,15.0,1.50B,No,240.02,180.0,117.86,193.83,150.0,497
47,INDSWFTLAB.NS,378.75,385.35,366.12K,Health Technology,Pharmaceuticals: Major,97.0,94.0,98.0,96.0,21.3679,20.1871,1428.06K,814.45K,404.0,87.15,32.94B,No,356.61,286.1,170.8,302.84,204.66,497
48,EMROCK.BO,258.0,258.0,1.21K,Consumer Durables,Homebuilding,97.0,39.0,37.0,50.0,9.6714,8.2964,2.60K,1.80K,305.95,25.39,4.08B,No,266.55,262.19,249.14,261.57,269.22,495
49,VIVAA.BO,134.0,134.0,2.00K,Consumer Non-Durables,Apparel/Footwear,97.0,90.0,98.0,98.0,1.0036,0.1429,6.51K,2.00K,134.0,31.84,527.62M,No,124.95,109.73,58.19,116.18,68.89,497
50,PHOTON.BO,355.0,351.5,0.04K,Finance,Investment Managers,97.0,75.0,98.0,97.0,0.7393,0.0,0.07K,0.03K,355.0,90.0,965.85M,No,347.05,328.57,174.69,339.71,206.87,497
51,NEELKAN.BO,59.85,59.16,0.14K,Non-Energy Minerals,Construction Materials,97.0,57.0,97.0,97.0,1.8107,1.2914,5.37K,1.77K,63.0,14.02,301.87M,No,59.56,52.92,28.9,54.77,34.81,495
52,TRADWIN.BO,465.7,475.2,0.01K,Consumer Services,Other Consumer Services,97.0,1.0,4.0,5.0,11.4464,2.5179,0.06K,0.10K,846.45,47.04,1.40B,No,556.62,580.23,565.02,562.77,584.15,497
53,AJCJEWEL.BO,283.75,270.25,7.20K,Consumer Durables,Other Consumer Specialties,97.0,98.0,98.0,96.0,10.3821,3.4214,12.04K,4.44K,283.75,71.15,1.72B,No,203.31,150.75,112.32,173.85,125.15,301
54,SETL.NS,444.75,468.15,193.06K,Health Technology,Medical Specialties,97.0,97.0,98.0,98.0,21.4393,17.3929,1387.99K,1445.52K,468.15,104.56,88.72B,No,369.9,317.16,187.78,339.21,216.1,417
55,SPICEISLIN.BO,89.85,91.8,33.59K,Process Industries,Textiles,97.0,29.0,38.0,92.0,6.3057,6.0507,65.49K,66.47K,110.0,14.2,2.80B,No,96.97,98.74,67.5,96.99,79.92,498
56,PARMESHWAR.BO,326.95,330.05,41.00K,Non-Energy Minerals,Other Metals/Minerals,97.0,98.0,95.0,97.0,22.1464,19.5143,23.84K,46.80K,342.85,64.71,5.00B,No,275.12,224.81,172.47,240.7,191.74,415
57,KELENRG.BO,11565.3,11801.2998,0.15K,Process Industries,Industrial Specialties,97.0,52.0,98.0,98.0,313.7035,102.3714,1.97K,0.90K,14800.0,2900.0,11.57B,No,13260.7,10744.09,5789.45,11146.62,6878.23,495
58,MODISONLTD.NS,478.15,503.05,76.96K,Industrial Services,Engineering & Construction,97.0,96.0,95.0,98.0,32.9572,30.9893,152.70K,408.98K,546.0,114.0,15.52B,No,450.02,355.11,223.19,370.93,258.58,498
59,VOLKAI.BO,170.4,162.3,1.52K,Distribution Services,Wholesale Distributors,97.0,98.0,97.0,98.0,11.7071,9.9221,9.87K,12.21K,190.3,40.0,201.58M,No,150.5,114.93,69.5,126.42,83.27,495
60,DATIWARE.BO,61.0,61.0,0.40K,Process Industries,Agricultural Commodities/Milling,97.0,87.0,98.0,96.0,0.4229,0.0729,0.19K,0.14K,61.0,17.78,305.00M,No,58.26,48.19,30.09,52.2,34.63,497
61,KABRAEXTRU.NS,650.85,723.15,313.14K,Producer Manufacturing,Industrial Machinery,97.0,93.0,98.0,96.0,39.6643,38.7072,330.47K,380.43K,741.9,180.0,22.76B,No,602.14,476.14,292.78,519.13,330.69,498
62,SKM.BO,480.0,486.5,4.00K,Process Industries,Chemicals: Major Diversified,97.0,87.0,86.0,98.0,12.5964,11.0536,19.30K,26.20K,502.0,102.05,5.88B,No,453.1,448.48,274.21,457.26,335.82,226
63,RSCINT.BO,85.95,84.27,0.55K,Process Industries,Chemicals: Specialty,97.0,97.0,98.0,97.0,1.7007,0.3393,12.38K,21.70K,85.95,22.42,494.19M,No,73.19,56.51,45.09,63.48,39.9,495
64,KUBERJI.BO,46.55,49.0,3.75K,Finance,Financial Conglomerates,97.0,97.0,97.0,98.0,2.9986,1.6971,30.64K,73.27K,56.22,10.51,159.81M,No,47.04,32.56,20.85,36.98,24.85,495
65,SJCORP.BO,188.1,186.25,0.06K,Consumer Durables,Other Consumer Specialties,97.0,75.0,98.0,96.0,0.3893,0.1286,0.63K,0.27K,188.1,61.75,8.16B,No,183.91,176.48,98.87,181.26,114.48,498
66,SAPL.BO,5717.8,5445.6499,0.02K,Producer Manufacturing,Industrial Machinery,97.0,97.0,98.0,96.0,220.8465,148.6572,0.29K,0.01K,5717.9,1840.95,27.24B,No,4256.75,3813.4,2567.78,4157.7,2923.41,496
67,STDSFAC.BO,136.8,130.29,3.57K,Consumer Non-Durables,Household/Personal Care,97.0,98.0,98.0,96.0,7.6729,2.9471,8.17K,32.89K,136.8,44.1,1.13B,No,81.68,63.97,54.93,75.3,59.73,495
68,NOVARTIND.NS,2188.0,2391.3,135.59K,Health Technology,Pharmaceuticals: Major,97.0,96.0,95.0,,143.3643,135.7143,95.62K,425.85K,2588.8,672.25,54.02B,No,1706.93,1638.49,,1707.17,,108
69,BHAGYANGR.NS,405.0,422.55,183.19K,Producer Manufacturing,Electrical Products,97.0,82.0,83.0,95.0,16.8893,15.8821,141.09K,222.65K,432.3,90.0,13.57B,No,391.39,387.66,257.41,393.33,302.04,498
70,NATHUEC.BO,39.26,39.45,0.04K,Transportation,Air Freight/Couriers,97.0,84.0,54.0,97.0,0.5071,0.3821,3.87K,1.03K,40.23,8.5,162.74M,No,37.79,35.07,22.62,35.66,27.3,495
71,SHAHFOOD.BO,399.0,390.0,2.53K,Consumer Non-Durables,Food: Specialty/Candy,97.0,85.0,98.0,96.0,29.0143,25.3429,1.10K,1.33K,439.0,97.55,9.30B,No,386.07,372.64,215.04,385.46,247.74,497
72,PRARUH.BO,137.75,131.2,44.00K,Technology Services,Information Technology Services,97.0,98.0,98.0,96.0,6.4429,3.245,39.78K,47.40K,140.05,45.0,1.92B,No,106.44,82.12,60.19,92.26,65.96,238
73,ARVAYA.BO,115.95,122.0,1.24K,Distribution Services,Medical Distributors,97.0,75.0,97.0,94.0,5.5143,3.8214,0.52K,0.65K,145.0,27.94,5.57B,No,118.05,114.84,69.2,119.44,78.83,497
74,INDOSMC.BO,497.8,528.1,73.00K,Producer Manufacturing,Electrical Products,97.0,70.0,94.0,97.0,26.4071,25.0107,70.22K,57.20K,533.8,134.0,11.38B,No,500.82,461.63,,473.67,317.28,162
75,SMTEL.BO,360.9,344.75,4.14K,Commercial Services,Miscellaneous Commercial Services,97.0,7.0,15.0,8.0,24.0893,22.6357,0.99K,1.37K,594.35,50.23,6.52B,No,369.74,425.64,364.98,412.64,419.13,496
76,ZELIO.BO,871.95,845.55,20.00K,Consumer Durables,Motor Vehicles,96.0,84.0,93.0,95.0,21.45,14.5536,21.22K,9.85K,900.6,154.9,18.44B,No,860.68,782.09,512.74,814.87,576.12,233
77,ACFSL.BO,63.2,60.2,2.40K,Finance,Investment Banks/Brokers,96.0,3.0,93.0,97.0,0.4179,0.0007,0.67K,0.13K,82.09,20.04,,No,59.49,60.38,33.0,62.61,39.04,498
78,SUGSLLOYD.BO,289.2,277.55,122.00K,Utilities,Alternative Power Generation,96.0,98.0,98.0,97.0,18.4357,17.6357,69.73K,78.90K,296.8,82.5,6.71B,No,218.11,177.54,129.13,193.42,144.23,255
79,AHLWEST.NS,506.4,505.0,0.88K,Consumer Services,Hotels/Resorts/Cruise Lines,96.0,30.0,28.0,98.0,27.2714,24.7357,0.66K,0.71K,751.4,137.0,5.90B,No,529.82,547.5,350.51,540.61,437.6,498
80,BAFNAPH.NS,307.3,301.45,12.18K,Health Technology,Pharmaceuticals: Major,96.0,89.0,97.0,97.0,10.5036,7.1571,20.81K,10.91K,318.5,94.77,7.27B,No,282.1,258.71,167.89,270.78,185.97,496
81,SHHARICH.BO,266.75,280.75,45.09K,Process Industries,Chemicals: Specialty,96.0,97.0,98.0,96.0,13.9464,5.6714,12.10K,43.70K,300.95,87.65,1.68B,No,210.82,169.01,126.32,189.99,134.94,495
82,HIIL.BO,472.35,467.7,3.58K,Producer Manufacturing,Electrical Products,96.0,75.0,74.0,97.0,0.9857,0.0,0.59K,0.07K,472.35,121.33,10.22B,No,461.76,448.45,294.31,451.98,358.35,499
83,WELCORP.NS,2413.3,2676.6001,3340.39K,Producer Manufacturing,Industrial Machinery,96.0,94.0,96.0,97.0,136.35,132.6214,1745.17K,2139.20K,2784.8,710.0,636.40B,No,2421.11,1987.18,1256.18,2090.83,1476.69,499
84,RAPICUT.BO,335.25,342.05,6.72K,Non-Energy Minerals,Other Metals/Minerals,96.0,78.0,96.0,95.0,7.7821,5.1857,10.27K,15.43K,376.8,66.66,1.80B,No,349.81,298.02,191.37,309.46,224.86,495
85,KANELIND.BO,71.7,75.0,0.86K,Process Industries,Agricultural Commodities/Milling,96.0,72.0,94.0,98.0,5.7971,4.8436,3.41K,2.42K,92.0,10.0,1.13B,No,76.79,67.49,38.73,70.59,43.29,497
86,COSPOWER.BO,2550.0,2520.0,3.38K,Producer Manufacturing,Electrical Products,96.0,95.0,92.0,96.0,71.325,52.0893,0.74K,1.66K,2646.0,595.0,4.68B,No,2047.97,1967.32,1326.42,2070.16,1537.65,496
87,INTEGFD.BO,14.3,14.55,1.20K,Process Industries,Agricultural Commodities/Milling,96.0,64.0,48.0,97.0,0.5611,0.3918,37.54K,122.04K,16.32,2.07,2.68B,No,14.4,14.45,9.27,14.38,11.81,499
88,DIACABS.NS,387.5,369.05,1385.81K,Producer Manufacturing,Electrical Products,96.0,76.0,96.0,96.0,17.0964,16.6571,4876.94K,1016.91K,387.5,115.57,231.75B,No,348.43,314.39,194.44,336.79,225.23,498
89,TEJASSVI.BO,61.05,63.9,6.76K,Process Industries,Textiles,96.0,11.0,93.0,91.0,4.8943,4.7086,60.44K,4.61K,74.0,13.8,3.55B,No,64.52,62.73,39.53,63.58,46.83,495
90,CELLA.BO,38.29,40.3,19.25K,Process Industries,Pulp & Paper,96.0,97.0,97.0,97.0,2.8707,2.2257,30.57K,68.78K,44.7,11.65,771.59M,No,33.55,27.85,18.04,30.44,20.6,495
91,UFBL.NS,679.15,698.85,42.48K,Consumer Services,Restaurants,96.0,14.0,71.0,97.0,41.5036,40.3357,137.03K,49.69K,850.0,172.34,26.57B,No,746.33,733.87,418.69,730.56,517.51,496
92,HFCL.NS,222.01,233.69,5196.82K,Electronic Technology,Telecommunications Equipment,96.0,58.0,78.0,97.0,12.2057,11.0557,22313.79K,10210.25K,256.7,59.82,339.73B,No,235.51,220.39,133.5,220.16,161.81,499
93,KETOMOTORS.BO,267.8,276.95,2.91K,Process Industries,Chemicals: Agricultural,96.0,90.0,94.0,97.0,21.275,16.7607,6.07K,14.20K,367.85,91.4,18.86B,No,299.83,254.92,144.41,260.1,170.38,497
94,RAMGOPOLY.BO,28.4,28.93,3.57K,Producer Manufacturing,Miscellaneous Manufacturing,96.0,2.0,97.0,82.0,0.6471,0.2379,10.60K,3.81K,38.49,5.12,411.80M,No,32.79,27.61,20.69,29.16,22.81,495
95,MEGAMONT.BO,184.05,184.05,0.04K,Non-Energy Minerals,Forest Products,96.0,91.0,85.0,95.0,7.2893,6.7,0.59K,1.14K,206.0,40.1,6.14B,No,167.03,161.47,121.33,163.19,151.88,495
96,VEERHEALTH.BO,50.94,50.68,59.61K,Health Technology,Pharmaceuticals: Other,96.0,83.0,97.0,96.0,2.2871,2.2871,148.36K,91.91K,52.0,16.7,1.02B,No,49.49,44.79,27.05,46.63,31.31,495
97,BEEZAASAN.BO,572.0,560.8,12.00K,Process Industries,Industrial Specialties,96.0,91.0,96.0,96.0,11.0821,1.775,19.38K,18.48K,585.0,177.05,8.67B,No,545.66,454.12,292.49,480.69,327.36,381
98,MTARTECH.NS,6947.0,7312.5,155.22K,Electronic Technology,Aerospace & Defense,96.0,44.0,39.0,91.0,320.5357,274.5357,413.47K,120.36K,8714.0,1659.1,213.69B,No,7092.98,6674.37,5091.64,6716.55,6142.93,498
99,RGIL.BO,55.5,56.0,0.14K,Process Industries,Pulp & Paper,96.0,53.0,90.0,95.0,1.5807,1.1321,44.55K,0.82K,63.8,13.29,3.65B,No,56.62,56.74,37.79,57.42,42.8,498
100,BIRLACABLE.NS,377.95,392.35,1025.10K,Producer Manufacturing,Electrical Products,96.0,93.0,97.0,97.0,20.7543,14.6407,167.32K,536.90K,411.95,104.0,11.34B,No,317.57,255.5,178.57,284.49,204.69,497
101,MOREPENLAB.NS,106.22,115.78,18621.81K,Health Technology,Pharmaceuticals: Major,96.0,93.0,97.0,96.0,7.6229,7.5529,20764.55K,23136.86K,122.55,33.05,58.20B,No,105.11,81.12,51.96,87.21,58.68,499
102,SPECTRUM.NS,3173.6,3022.5,29.03K,Electronic Technology,Electronic Equipment/Instruments,96.0,96.0,97.0,95.0,148.0357,119.1571,41.30K,13.84K,3173.6,1050.0,54.23B,No,2357.79,2277.74,1580.74,2408.47,1793.37,496
103,CAPRICORN.BO,30.8,30.2,12.98K,Technology Services,Information Technology Services,96.0,97.0,98.0,96.0,0.5593,0.0121,224.36K,898.75K,30.8,9.41,861.54M,No,25.38,20.62,15.6,22.53,15.41,497
104,CALSOFT.NS,37.86,38.74,473.18K,Technology Services,Information Technology Services,96.0,98.0,96.0,97.0,2.3086,1.3814,213.98K,361.67K,43.13,10.9,2.34B,No,34.25,26.86,19.06,29.27,21.35,497
105,SWANDEF.NS,2650.5,2727.8999,21.10K,Producer Manufacturing,Trucks/Construction/Farm Machinery,96.0,80.0,87.0,71.0,126.9571,126.9571,21.60K,30.43K,2750.0,549.65,139.63B,No,2457.6,2418.99,1949.43,2494.7,2145.44,496
106,SWASTIKAAL.BO,117.8,124.0,8.00K,Producer Manufacturing,Metal Fabrication,96.0,97.0,98.0,94.0,7.1779,3.0679,20.63K,27.40K,144.25,39.0,961.72M,No,119.68,100.51,69.08,104.96,72.39,284
107,KSHINTL.NS,1058.85,1170.9,500.05K,Producer Manufacturing,Electrical Products,96.0,69.0,83.0,96.0,57.5036,55.8643,355.68K,332.22K,1198.0,330.0,71.74B,No,1032.22,948.43,,981.21,750.89,183
108,SHILPAMED.NS,911.9,961.15,756.71K,Health Technology,Pharmaceuticals: Major,96.0,84.0,95.0,96.0,46.1571,46.1571,1822.07K,1344.45K,980.1,259.5,178.35B,No,899.9,761.87,484.42,797.54,567.31,499
109,SWASTIKA.BO,152.9,155.35,12.51K,Finance,Investment Banks/Brokers,96.0,25.0,98.0,96.0,8.4143,8.3643,93.77K,10.18K,195.0,43.65,3.07B,No,172.18,134.73,82.33,148.47,90.26,495
110,SAKAR.NS,1137.55,1158.55,119.00K,Health Technology,Pharmaceuticals: Major,96.0,92.0,88.0,94.0,68.5571,60.5821,172.24K,324.96K,1211.0,330.0,24.97B,No,974.04,913.74,649.02,946.41,756.43,498
111,KANORICHEM.NS,178.12,169.64,67.45K,Process Industries,Chemicals: Specialty,96.0,87.0,96.0,97.0,8.4086,7.4564,50.13K,49.98K,180.99,56.0,7.78B,No,158.9,151.03,99.14,156.42,111.94,498
112,MENONBE.NS,304.35,297.5,65.39K,Producer Manufacturing,Metal Fabrication,96.0,94.0,96.0,96.0,19.8093,19.3629,108.89K,97.75K,324.0,101.5,17.06B,No,284.83,239.35,155.2,257.36,177.03,497
113,KREONFIN.BO,87.95,86.64,5.52K,Finance,Finance/Rental/Leasing,95.0,62.0,88.0,97.0,5.415,5.3886,12.02K,4.15K,96.89,23.92,104.04M,No,85.15,84.3,48.27,85.98,56.49,495
114,RUBICON.NS,1815.6,1835.4,200.38K,Health Technology,Biotechnology,95.0,85.0,88.0,95.0,76.9571,75.4429,337.58K,209.04K,1899.0,570.75,299.74B,No,1795.62,1630.58,1062.64,1657.15,1224.76,227
115,ATHERENERG.NS,1568.5,1656.0,3711.98K,Consumer Durables,Motor Vehicles,95.0,71.0,94.0,94.0,73.2643,67.5143,4931.05K,6623.23K,1744.0,534.5,621.31B,No,1565.34,1419.92,959.4,1463.1,1089.36,343
116,XTRANET.NS,276.09,271.34,2631.82K,Technology Services,Information Technology Services,95.0,98.0,,,23.97,23.6729,2368.45K,4984.95K,304.8,122.5,14.44B,No,209.77,,,,,33
117,CYIENTDLM.NS,882.7,904.4,467.44K,Electronic Technology,Electronic Production Equipment,95.0,91.0,97.0,97.0,49.5643,48.6821,888.50K,930.47K,1009.0,265.2,70.05B,No,822.7,707.12,467.18,748.57,508.96,498
118,SKYGOLD.NS,789.4,827.4,773.73K,Consumer Durables,Other Consumer Specialties,95.0,67.0,93.0,95.0,37.45,37.3857,1228.88K,973.46K,868.8,259.0,122.26B,No,802.35,726.32,478.73,742.47,545.4,499
119,NORTHLINK.BO,42.77,43.64,0.00K,Commercial Services,Miscellaneous Commercial Services,95.0,98.0,97.0,97.0,1.8479,0.4471,0.15K,0.61K,50.0,14.31,224.54M,No,34.35,28.33,20.0,30.84,22.95,497
120,INDCEMCAP.BO,31.17,31.8,133.06K,Finance,Financial Conglomerates,95.0,91.0,97.0,96.0,0.6714,0.1614,54.14K,68.35K,32.43,9.14,676.58M,No,26.93,22.76,16.05,24.78,17.49,495
121,JAYKAILASH.BO,65.0,67.09,46.40K,Consumer Non-Durables,Food: Specialty/Candy,95.0,89.0,92.0,98.0,4.3236,3.5657,59.28K,44.64K,75.65,10.73,324.80M,No,66.79,49.35,30.77,54.71,34.96,496
122,MSAFE.BO,300.0,294.85,101.00K,Producer Manufacturing,Building Products,95.0,96.0,97.0,96.0,13.75,13.1893,52.54K,56.70K,309.55,102.0,6.12B,No,248.34,216.18,,228.62,171.93,153
123,ATVOENT.BO,41.04,40.74,51.97K,Consumer Non-Durables,Apparel/Footwear,95.0,88.0,95.0,94.0,2.3879,2.31,69.28K,86.94K,45.89,12.0,4.39B,No,40.99,35.81,24.62,36.97,28.69,495
124,EXATO.BO,716.3,753.95,12.50K,Technology Services,Packaged Software,95.0,89.0,96.0,92.0,37.5536,34.6393,44.47K,20.50K,785.95,266.0,7.21B,No,734.66,635.64,,662.77,471.02,193
125,MODINSU.BO,436.75,449.5,38.04K,Producer Manufacturing,Electrical Products,95.0,37.0,54.0,91.0,23.3893,20.825,60.24K,58.59K,579.0,110.5,20.59B,No,431.6,470.93,334.74,464.63,395.01,495
126,SMEL.BO,21.05,20.05,5.00K,Commercial Services,Commercial Printing/Forms,95.0,98.0,96.0,94.0,0.4214,0.0107,2.46K,2.00K,21.05,7.91,231.55M,No,18.54,14.49,11.31,15.16,12.6,495
127,WHEELS.NS,2129.1,2230.1001,383.87K,Producer Manufacturing,Auto Parts: Oem,95.0,97.0,88.0,95.0,140.0643,138.6571,355.78K,1488.54K,2498.0,705.85,52.02B,No,1723.18,1551.87,1211.64,1629.04,1394.9,499
128,NRL.NS,135.35,133.06,118.55K,Non-Energy Minerals,Other Metals/Minerals,95.0,88.0,96.0,96.0,4.1614,3.5864,102.39K,106.17K,138.0,45.1,9.35B,No,123.61,114.07,72.35,119.13,81.33,497
129,SHARP.BO,126.5,125.25,22.48K,Consumer Durables,Electronics/Appliances,95.0,75.0,70.0,97.0,0.2607,0.0893,5.39K,1.54K,126.5,36.0,3.28B,No,123.69,121.27,78.74,122.03,94.91,496
130,PVP.NS,61.58,64.82,853.09K,Technology Services,Information Technology Services,95.0,98.0,97.0,95.0,4.76,4.1779,1879.05K,3012.32K,71.9,23.0,16.04B,No,58.3,41.23,33.13,45.84,34.37,498
131,TELGE.BO,216.0,215.65,9.60K,Industrial Services,Engineering & Construction,95.0,94.0,97.0,94.0,10.2429,9.3679,27.81K,26.88K,233.45,77.05,2.11B,No,195.69,176.62,123.75,182.63,133.3,237
132,YASHO.NS,3883.4,4187.5,72.05K,Consumer Non-Durables,Food: Specialty/Candy,95.0,22.0,90.0,97.0,213.4,212.75,56.35K,35.96K,4994.0,1130.0,46.82B,No,4244.31,3772.96,2217.07,3925.36,2609.25,495
133,JUJHARLOGI.BO,203.05,203.55,7.04K,Process Industries,Industrial Specialties,95.0,0.0,25.0,84.0,16.4357,15.6464,3.30K,3.13K,324.0,55.23,,No,233.97,265.68,180.56,255.98,205.72,495
134,DIGILOGIC.BO,191.05,187.35,49.20K,Electronic Technology,Electronic Equipment/Instruments,95.0,81.0,94.0,93.0,3.8714,0.9464,74.36K,24.24K,214.8,72.95,5.53B,No,187.32,158.01,,164.71,123.18,158
135,TRUEGREEN.BO,197.9,201.15,26.27K,Process Industries,Textiles,95.0,72.0,61.0,80.0,13.2929,13.1607,19.07K,17.68K,255.0,53.82,6.52B,No,223.24,201.73,136.85,204.38,171.29,495
136,AEROFLEX.NS,507.6,563.95,1836.31K,Producer Manufacturing,Industrial Machinery,95.0,86.0,64.0,95.0,30.7143,30.1536,1594.26K,1300.50K,584.15,158.0,67.17B,No,523.15,465.78,325.53,480.7,391.08,498
137,CHEMIESYNT.BO,94.01,89.54,0.00K,Process Industries,Chemicals: Specialty,95.0,87.0,86.0,94.0,0.3043,0.0,0.01K,0.01K,94.01,30.98,288.61M,No,86.61,78.86,55.46,81.92,63.97,497
138,E2E.NS,579.85,610.35,635.68K,Technology Services,Information Technology Services,95.0,24.0,94.0,95.0,28.6357,28.0714,1519.01K,768.08K,698.0,183.36,119.13B,No,617.24,545.15,343.73,571.08,402.03,498
139,ADMACH.BO,459.0,475.0,9.00K,Producer Manufacturing,Industrial Machinery,95.0,92.0,93.0,95.0,14.1643,11.6714,8.29K,7.62K,475.0,179.0,3.11B,No,406.15,385.54,,406.7,296.6,176
140,ASMTEC.BO,6502.85,6895.1001,74.37K,Technology Services,Information Technology Services,95.0,95.0,96.0,97.0,410.2785,348.6429,32.82K,57.66K,7248.0,2099.9,94.87B,No,5226.8,4789.2,3472.44,5122.25,3773.67,495
141,JOJO.BO,217.3,221.7,0.76K,Consumer Services,Movies/Entertainment,95.0,95.0,97.0,93.0,7.6143,5.5214,76.42K,91.73K,230.0,69.25,14.99B,No,188.56,152.48,125.74,168.55,131.12,498
142,ANSINDUS.BO,28.42,29.91,0.07K,Consumer Non-Durables,Food: Major Diversified,95.0,98.0,98.0,88.0,1.6179,0.2486,0.69K,2.72K,36.61,9.4,263.04M,No,25.09,16.8,16.37,19.35,17.08,497
143,RAYMOND.NS,995.95,1002.8,22725.25K,Process Industries,Textiles,95.0,97.0,95.0,96.0,62.9322,58.2536,1452.82K,6300.68K,1122.0,320.0,66.28B,No,713.82,651.99,499.42,703.33,550.57,498
144,CCAL.BO,42.38,41.55,6.00K,Distribution Services,Wholesale Distributors,95.0,95.0,94.0,93.0,0.7036,0.0,10.95K,8.40K,42.38,15.68,691.50M,No,37.13,32.06,22.38,33.08,24.45,496
145,VIKRAMTH.BO,356.5,339.55,42.52K,Health Technology,Pharmaceuticals: Major,95.0,94.0,97.0,95.0,13.8036,12.4857,28.36K,17.43K,356.5,133.2,11.18B,No,299.16,268.62,192.07,285.35,210.91,495
146,OMNI.NS,540.3,549.75,457.57K,Producer Manufacturing,Metal Fabrication,95.0,31.0,71.0,96.0,24.4964,24.1143,1121.42K,587.17K,764.85,176.25,66.82B,No,555.58,569.16,,567.85,,134
147,SCPL.NS,636.05,646.8,3.94K,Consumer Non-Durables,Food: Meat/Fish/Dairy,95.0,65.0,82.0,92.0,30.2393,30.2,69.69K,10.06K,690.0,190.03,6.68B,No,653.2,601.11,413.95,622.68,472.07,496
148,KRISHNA.BO,44.3,45.2,0.10K,Industrial Services,Engineering & Construction,95.0,93.0,84.0,93.0,1.885,1.0721,17.80K,16.48K,51.72,12.44,478.44M,No,43.61,42.34,28.67,42.79,32.5,495
149,SVRL.BO,500.0,510.0,9.24K,Process Industries,Agricultural Commodities/Milling,95.0,22.0,97.0,93.0,29.8071,29.6393,19.70K,15.14K,559.7,207.0,11.06B,No,513.32,457.8,315.13,478.11,334.43,496
150,DANLAW.BO,1609.7,1670.25,8.34K,Technology Services,Packaged Software,94.0,84.0,95.0,97.0,118.3,108.8571,5.51K,7.04K,1839.0,428.0,7.84B,No,1587.92,1281.65,891.24,1378.01,980.82,495
151,TFCILTD.NS,138.18,141.49,9686.06K,Finance,Finance/Rental/Leasing,94.0,91.0,96.0,94.0,5.1229,5.035,12360.19K,7783.03K,147.65,51.0,63.97B,No,137.58,111.93,80.55,120.35,88.24,498
152,MACPOWER.NS,1882.3,1843.0,51.65K,Producer Manufacturing,Industrial Machinery,94.0,80.0,97.0,93.0,113.05,111.2786,58.66K,32.85K,2050.0,761.0,18.83B,No,1904.43,1637.74,1163.45,1707.19,1275.26,497
153,MAYUR.BO,36.59,37.57,19.78K,Consumer Non-Durables,Apparel/Footwear,94.0,97.0,97.0,93.0,2.5821,2.1936,15.90K,19.40K,39.69,12.75,176.91M,No,30.85,26.09,22.38,27.98,22.98,495
154,GTIL.BO,133.0,140.0,83.20K,Producer Manufacturing,Metal Fabrication,94.0,98.0,97.0,96.0,10.4164,9.6579,76.11K,185.44K,149.9,43.52,1.81B,No,108.59,91.28,,98.93,74.56,167
155,PAISALO.NS,84.47,84.23,14460.02K,Finance,Finance/Rental/Leasing,94.0,92.0,91.0,96.0,2.965,2.9143,15385.25K,18788.51K,85.25,30.0,77.22B,No,72.65,71.6,49.58,73.06,56.46,499
156,SANSERA.NS,3871.7,4129.8999,276.13K,Producer Manufacturing,Auto Parts: Oem,94.0,69.0,87.0,90.0,166.0285,153.5214,263.93K,213.24K,4183.6,1364.2,241.61B,No,3921.63,3610.58,2595.72,3705.89,2963.75,498
157,AVALON.NS,2160.7,2264.5,355.96K,Electronic Technology,Electronic Production Equipment,94.0,85.0,82.0,95.0,125.7214,118.3286,443.94K,545.90K,2424.0,777.3,144.51B,No,2222.0,1954.02,1334.41,2021.68,1540.78,498
158,RAJVI.BO,28.4,28.4,0.10K,Finance,Investment Banks/Brokers,94.0,96.0,93.0,94.0,0.585,0.0,0.01K,0.06K,28.4,12.44,179.64M,No,23.06,20.87,16.04,21.99,17.91,497
159,CRYOGENIC.BO,386.9,394.75,30.75K,Industrial Services,Oilfield Services/Equipment,94.0,84.0,91.0,94.0,8.3321,3.1357,16.99K,17.32K,408.45,141.05,5.52B,No,378.24,340.14,229.23,350.3,255.82,294
160,LTELEVATOR.BO,358.65,377.5,43.20K,Producer Manufacturing,Building Products,94.0,85.0,93.0,93.0,16.525,13.1607,53.62K,50.40K,380.4,125.33,6.87B,No,335.13,297.82,223.61,313.61,240.1,245
161,CORDSCABLE.NS,354.25,373.4,181.21K,Producer Manufacturing,Electrical Products,94.0,98.0,95.0,94.0,31.7729,31.44,139.69K,742.55K,394.9,127.01,4.58B,No,292.94,243.58,198.96,258.26,211.17,498
162,AMRAPLIN.BO,37.37,38.22,6.21K,Technology Services,Packaged Software,94.0,49.0,55.0,96.0,2.5086,2.4814,20.12K,16.53K,44.77,12.65,1.92B,No,34.44,35.16,22.28,35.69,25.95,495
163,KAPSTON.NS,563.45,588.2,45.33K,Commercial Services,Miscellaneous Commercial Services,94.0,46.0,95.0,93.0,25.5821,24.75,71.15K,78.50K,600.0,242.21,17.15B,No,549.47,501.17,373.71,529.58,396.97,498
164,QUANTDIA.BO,44.27,46.59,5.50K,Process Industries,Containers/Packaging,94.0,94.0,97.0,92.0,1.7864,1.4436,4.09K,3.19K,48.9,16.24,134.36M,No,39.29,33.54,23.79,36.32,25.58,495
165,GALAGEX.BO,97.2,94.9,0.81K,Producer Manufacturing,Metal Fabrication,94.0,97.0,94.0,95.0,8.6564,8.3936,104.75K,66.95K,108.0,36.56,1.54B,No,83.51,73.29,56.98,78.13,62.19,496
166,RPTECH.NS,797.35,819.65,376.95K,Distribution Services,Electronics Distributors,94.0,42.0,80.0,94.0,40.2893,39.625,1467.41K,324.86K,967.7,299.85,52.95B,No,821.44,814.78,535.39,822.27,614.1,499
167,SBCL.NS,1020.2,1087.0,482.85K,Non-Energy Minerals,Other Metals/Minerals,94.0,65.0,90.0,95.0,66.5107,65.9036,666.12K,385.85K,1215.7,368.6,58.77B,No,1058.43,902.4,622.62,947.42,708.58,497
168,INDORAMA.NS,82.81,86.5,4750.05K,Process Industries,Textiles,94.0,97.0,96.0,95.0,6.8379,6.7321,701.93K,2269.47K,96.5,29.0,21.62B,No,68.92,59.49,45.64,63.89,47.38,499
169,CONFIPET.NS,86.1,89.22,4869.33K,Retail Trade,Specialty Stores,94.0,90.0,83.0,97.0,4.475,4.44,3661.01K,5000.85K,91.65,28.06,28.61B,No,80.37,78.1,54.75,79.68,64.09,499
170,SHREEJISPG.NS,684.0,691.75,3269.50K,Transportation,Other Transportation,94.0,73.0,92.0,91.0,25.5321,25.4036,1048.51K,1232.15K,721.5,222.0,111.44B,No,659.56,632.99,452.87,652.26,498.89,264
171,IDREAM.BO,517.75,523.1,0.05K,Consumer Services,Movies/Entertainment,94.0,6.0,89.0,87.0,9.4143,1.925,0.20K,0.26K,659.0,168.05,140.08B,No,603.6,612.95,391.46,598.33,446.21,496
172,CPPLUS.NS,3663.4,3825.5,182.87K,Consumer Durables,Electronics/Appliances,94.0,72.0,69.0,95.0,161.8857,161.3857,232.12K,235.32K,4094.0,1227.0,433.38B,No,3612.76,3593.45,2461.6,3602.21,2890.68,278
173,SHARDUL.NS,54.17,55.43,27.35K,Finance,Investment Banks/Brokers,94.0,71.0,97.0,,1.6307,1.6279,17.78K,14.53K,60.0,23.05,4.74B,No,53.32,48.65,,50.86,,103
174,GENUSPRIME.BO,48.87,51.44,16.07K,Industrial Services,Engineering & Construction,94.0,96.0,95.0,94.0,2.8143,1.3993,13.88K,13.28K,59.8,16.3,3.81B,No,42.76,36.11,27.85,38.62,30.81,495
175,RATNAVEER.NS,289.6,288.3,6485.64K,Non-Energy Minerals,Steel,94.0,95.0,96.0,94.0,18.6357,18.2029,6482.45K,4153.94K,316.0,130.5,24.31B,No,282.1,227.17,175.24,242.05,187.65,497
176,UNIVASTU.NS,145.37,153.0,72.67K,Industrial Services,Engineering & Construction,94.0,40.0,96.0,94.0,8.9614,8.915,199.79K,84.15K,178.98,56.02,5.23B,No,162.68,139.58,87.25,147.08,97.97,497
177,GAYAPROJ.NS,26.15,26.03,3617.47K,Industrial Services,Engineering & Construction,94.0,94.0,75.0,93.0,1.2907,1.23,638.05K,1334.65K,27.33,10.47,12.14B,No,22.53,21.33,16.92,22.19,19.29,498
178,FCL.NS,53.88,57.72,29467.37K,Process Industries,Industrial Specialties,94.0,92.0,83.0,95.0,3.3486,3.2836,15847.01K,28500.08K,62.4,19.1,62.74B,No,50.99,44.21,31.55,46.32,35.12,499
179,MAHASTEEL.NS,1294.5,1276.1,10.12K,Non-Energy Minerals,Steel,94.0,93.0,94.0,77.0,87.1214,83.8071,13.65K,8.36K,1421.0,384.15,21.27B,No,1251.38,1043.56,894.74,1102.06,950.69,496
180,PPARIVAH.BO,291.0,298.75,12.00K,Transportation,Marine Shipping,94.0,81.0,95.0,91.0,8.4643,8.3929,35.66K,13.92K,303.0,125.0,3.30B,No,288.52,254.94,186.39,265.11,199.78,367
181,CFL.BO,74.7,71.15,10.94K,Process Industries,Industrial Specialties,94.0,97.0,90.0,88.0,2.2136,1.8729,6.57K,34.42K,74.7,20.5,657.93M,No,54.07,50.92,50.4,54.03,51.84,496
182,KKPLASTICK.BO,54.4,51.81,0.07K,Producer Manufacturing,Miscellaneous Manufacturing,94.0,75.0,97.0,92.0,0.185,0.185,0.23K,0.06K,54.4,22.61,300.75M,No,51.94,46.62,32.69,49.69,35.79,498
183,COMSYN.NS,289.8,299.15,208.07K,Process Industries,Containers/Packaging,94.0,63.0,96.0,91.0,15.335,15.335,967.37K,494.64K,314.85,136.44,11.69B,No,293.04,244.76,178.7,255.42,191.89,498
184,RPEL.NS,1622.4,1845.2,225.91K,Process Industries,Chemicals: Major Diversified,94.0,86.0,88.0,95.0,118.1643,117.4143,98.29K,150.44K,1943.7,561.3,74.50B,No,1707.7,1460.34,1008.89,1523.67,1089.93,498
185,DRL.BO,36.91,38.85,120.11K,Distribution Services,Wholesale Distributors,94.0,95.0,97.0,90.0,2.825,2.5114,74.46K,10.24K,41.75,15.12,270.02M,No,36.2,30.94,23.44,32.01,25.87,495
186,CITURGIA.BO,106.55,106.55,0.10K,Process Industries,Chemicals: Specialty,94.0,38.0,17.0,5.0,0.225,0.0,0.01K,0.01K,212.0,31.64,14.07B,No,108.39,111.5,92.91,110.52,119.22,496
187,AMALGAM.BO,137.2,138.55,0.07K,Commercial Services,Miscellaneous Commercial Services,93.0,41.0,91.0,96.0,0.2929,0.0964,0.76K,0.76K,147.91,38.9,380.94M,No,140.34,130.16,82.34,136.18,88.22,498
188,VALIANTLAB.NS,122.63,127.91,104.96K,Health Technology,Pharmaceuticals: Major,93.0,97.0,96.0,94.0,7.0486,6.3129,94.07K,176.96K,129.9,49.51,6.66B,No,103.77,80.3,69.71,88.46,73.81,497
189,NEXUSSURGL.BO,34.15,33.46,10.83K,Distribution Services,Medical Distributors,93.0,98.0,96.0,92.0,3.4121,3.0,8.28K,30.73K,35.4,13.26,186.87M,No,24.37,21.23,18.99,22.92,20.64,495
190,INCON.BO,26.0,27.0,2.41K,Producer Manufacturing,Industrial Machinery,93.0,49.0,96.0,93.0,0.9714,0.6779,4.00K,0.74K,37.04,10.85,112.50M,No,28.31,29.35,18.31,28.07,20.34,495
191,GANDHAR.NS,260.45,272.7,886.07K,Process Industries,Industrial Specialties,93.0,77.0,95.0,93.0,8.6379,8.3914,3134.06K,1032.53K,303.17,115.0,25.49B,No,260.41,241.45,171.26,250.96,184.81,499
192,IOLCP.NS,179.52,194.31,5315.19K,Process Industries,Chemicals: Specialty,93.0,81.0,91.0,95.0,12.3707,11.9921,5295.54K,4945.24K,219.04,67.19,52.69B,No,187.62,170.25,112.3,171.56,127.07,499
193,AFLTD.BO,84.9,82.95,45.00K,Producer Manufacturing,Auto Parts: Oem,93.0,97.0,96.0,,4.3471,3.3407,32.19K,49.20K,85.0,40.85,1.15B,No,60.21,59.05,,62.8,,77
194,ANTELOPUS.NS,1057.8,1139.35,1129.30K,Energy Minerals,Integrated Oil,93.0,96.0,90.0,91.0,82.7536,80.1107,1216.04K,6902.79K,1218.3,357.0,37.19B,No,913.56,864.26,664.62,886.05,750.09,499
195,AKSHARCHEM.NS,401.8,423.4,8.14K,Process Industries,Chemicals: Specialty,93.0,96.0,97.0,94.0,23.8021,18.4586,13.57K,26.73K,472.0,141.3,3.23B,No,368.29,298.12,236.08,322.76,242.9,497
196,SAYAJIHOTL.NS,322.7,326.8,0.60K,Consumer Services,Hotels/Resorts/Cruise Lines,93.0,59.0,65.0,,23.3393,21.7571,0.24K,0.11K,365.2,138.7,5.65B,No,319.24,311.04,,315.49,,108
197,VTMLTD.NS,42.17,48.42,235.19K,Process Industries,Textiles,93.0,,,,4.0629,3.9993,32.03K,36.52K,61.9,22.95,4.24B,No,52.29,,,,,24
198,CALLISTA.BO,144.7,138.35,3.03K,Consumer Durables,Home Furnishings,93.0,8.0,9.0,6.0,3.55,1.5643,6.43K,18.11K,225.95,36.12,1.38B,No,149.96,166.08,158.5,159.4,172.79,495
199,EBGNG.NS,671.45,679.65,1306.51K,Technology Services,Information Technology Services,93.0,90.0,93.0,90.0,37.7893,37.4072,818.74K,1067.57K,712.0,239.0,76.55B,No,624.4,590.54,431.6,592.85,491.24,281
200,INDOTECH.NS,3377.2,3522.8999,30.61K,Producer Manufacturing,Electrical Products,93.0,53.0,84.0,95.0,146.5572,144.85,27.26K,14.22K,4030.0,1100.0,35.87B,No,3682.95,3539.03,2297.9,3584.62,2657.49,497
201,ONELIFECAP.NS,33.15,32.76,13.97K,Finance,Investment Managers,93.0,53.0,79.0,94.0,2.1129,2.0671,52.53K,27.78K,40.1,11.15,1.24B,No,32.42,34.48,22.91,33.89,26.06,498
202,MANAKSTEEL.NS,112.02,117.91,57.39K,Non-Energy Minerals,Steel,93.0,95.0,95.0,93.0,5.7121,4.9407,110.15K,318.96K,120.76,45.11,7.34B,No,98.23,85.62,68.98,90.37,73.01,497
203,KOVAI.NS,6019.0,6203.5,11.36K,Health Services,Hospital/Nursing Management,93.0,68.0,61.0,,154.4286,152.5357,5.94K,5.34K,6444.0,2576.65,65.86B,No,6068.4,5979.84,,5997.5,,108
204,RAJPALAYAM.NS,759.0,775.95,1.35K,Process Industries,Textiles,93.0,20.0,30.0,,24.1679,23.8286,1.69K,1.72K,875.0,314.45,7.00B,No,798.52,814.01,,809.4,,108
205,INDIAHOMES.BO,26.74,26.9,287.87K,Non-Energy Minerals,Steel,93.0,68.0,80.0,90.0,1.9257,1.9121,906.68K,1713.23K,31.89,9.04,10.64B,No,26.49,24.28,18.33,24.93,21.18,495
206,UTLSOLAR.NS,421.9,447.8,342.04K,Electronic Technology,Semiconductors,93.0,58.0,88.0,94.0,19.3214,19.2,429.79K,254.44K,494.25,172.0,129.48B,No,447.93,409.65,283.68,416.96,317.66,206
207,QMSMEDI.NS,165.82,157.98,87.53K,Distribution Services,Medical Distributors,93.0,94.0,96.0,92.0,7.1671,7.14,28.50K,20.98K,165.87,68.95,3.21B,No,151.27,127.92,98.24,136.33,104.12,497
208,KMEW.NS,2730.5,2869.2,78.39K,Producer Manufacturing,Trucks/Construction/Farm Machinery,93.0,60.0,89.0,88.0,147.9785,145.0714,121.50K,87.44K,3175.0,1084.6,69.26B,No,2874.54,2641.75,2012.96,2696.83,2139.28,443
209,JAFINANCE.BO,135.45,134.5,0.61K,Finance,Finance/Rental/Leasing,93.0,81.0,94.0,89.0,6.3821,5.5714,0.75K,1.68K,143.99,50.35,1.44B,No,125.41,108.96,87.41,115.75,94.76,495
210,AMRAFIN.BO,28.79,27.42,1.20K,Finance,Finance/Rental/Leasing,93.0,3.0,69.0,95.0,0.8571,0.0,0.76K,0.67K,37.5,12.72,386.94M,No,28.59,31.26,19.18,31.19,21.97,498
211,MMP.NS,457.7,469.95,68.00K,Non-Energy Minerals,Other Metals/Minerals,93.0,96.0,96.0,93.0,29.525,26.2643,93.79K,169.50K,498.0,185.2,11.63B,No,409.71,342.32,275.86,365.85,291.43,496
212,TDPOWERSYS.NS,725.5,804.9,5769.45K,Producer Manufacturing,Electrical Products,93.0,51.0,83.0,90.0,39.0821,38.3857,2554.89K,1822.86K,817.55,262.6,226.69B,No,755.09,659.53,518.87,684.95,590.77,499
213,UNIVPHOTO.NS,566.75,540.15,15.45K,Consumer Durables,Electronics/Appliances,93.0,92.0,93.0,57.0,26.6571,22.7429,1.34K,2.48K,580.0,180.6,6.20B,No,481.41,456.06,371.77,483.48,437.05,497
214,MARINE.NS,376.75,419.15,1229.64K,Distribution Services,Wholesale Distributors,93.0,66.0,93.0,93.0,24.95,24.75,1072.35K,1127.26K,450.0,150.86,52.72B,No,397.34,328.98,241.33,348.86,264.31,498
215,SHADOWFAX.NS,241.15,253.4,3355.40K,Technology Services,Packaged Software,93.0,43.0,73.0,94.0,10.4664,10.4593,7783.02K,2651.61K,268.65,98.55,141.53B,No,253.62,238.69,,242.8,192.63,159
216,RUBYMILLS.NS,432.4,455.1,13.64K,Process Industries,Textiles,93.0,90.0,86.0,94.0,27.7536,26.95,22.11K,36.29K,499.05,169.02,14.46B,No,410.6,392.16,273.86,404.5,306.58,496
217,SALSTEEL.NS,71.07,74.81,351.89K,Non-Energy Minerals,Steel,93.0,69.0,79.0,88.0,4.7164,4.5636,381.50K,591.26K,86.25,26.1,10.29B,No,76.96,65.92,52.3,67.69,57.49,496
218,RECODE.BO,380.0,373.35,10.40K,Retail Trade,Specialty Stores,93.0,95.0,97.0,,15.6143,14.075,52.99K,21.44K,380.0,171.0,4.04B,No,325.44,263.54,,287.4,,90
219,MILLWORKS.BO,1158.4,1175.3,75.60K,Producer Manufacturing,Metal Fabrication,93.0,97.0,,,64.625,62.975,229.57K,152.24K,1234.0,628.9,20.40B,No,968.21,,,,,40
220,LAURUSLABS.NS,1926.9,1969.0,1536.71K,Health Technology,Pharmaceuticals: Major,93.0,73.0,90.0,91.0,56.6929,53.6429,2760.54K,4780.50K,1981.8,823.1,1041.13B,No,1877.42,1759.05,1295.81,1805.52,1422.98,498
221,HAPPYFORGE.NS,2074.3,2169.0,75.02K,Producer Manufacturing,Metal Fabrication,93.0,58.0,94.0,86.0,106.9643,105.6643,120.12K,88.81K,2470.0,888.75,195.82B,No,2256.36,1933.95,1426.64,1985.99,1565.84,499
222,AMEENJI.BO,221.0,220.0,22.80K,Producer Manufacturing,Miscellaneous Manufacturing,93.0,90.0,95.0,91.0,7.4214,5.6,18.70K,9.84K,236.0,96.05,2.49B,No,216.77,173.74,142.75,183.87,151.86,235
223,JINDWORLD.NS,49.44,52.88,10260.77K,Process Industries,Textiles,93.0,96.0,95.0,94.0,4.7507,4.5364,21957.50K,67502.74K,61.99,17.85,49.57B,No,43.8,38.64,29.91,41.56,31.29,499
224,VENUSREM.NS,1545.4,1616.3,34.83K,Health Technology,Pharmaceuticals: Major,93.0,16.0,11.0,93.0,82.3714,78.6929,48.40K,23.78K,2044.3,424.0,20.68B,No,1670.77,1666.81,1159.64,1654.43,1341.09,496
225,CHOKSI.BO,217.05,215.05,3.49K,Health Technology,Medical Specialties,92.0,51.0,93.0,79.0,16.8464,14.8536,6.61K,3.77K,266.45,75.0,1.24B,No,238.39,218.0,156.85,225.35,176.04,495
226,SICAGEN.NS,53.98,53.53,13.89K,Distribution Services,Wholesale Distributors,92.0,14.0,50.0,,2.2529,2.2457,71.32K,26.94K,74.06,24.35,2.14B,No,55.62,54.66,,56.09,,107
227,MANINDS.NS,808.2,866.1,1027.04K,Producer Manufacturing,Industrial Machinery,92.0,96.0,91.0,93.0,54.4322,52.5071,869.90K,1877.59K,944.0,302.05,60.62B,No,749.34,629.03,496.39,669.01,554.55,498
228,NEETUYOSHI.BO,205.2,216.0,148.80K,Non-Energy Minerals,Steel,92.0,95.0,91.0,95.0,11.0714,11.0143,92.48K,131.84K,217.45,71.3,7.96B,No,176.56,165.03,122.36,174.02,133.88,298
229,HPBL.BO,332.45,316.65,7.84K,Process Industries,Containers/Packaging,92.0,98.0,94.0,91.0,16.1929,13.5464,17.76K,10.48K,336.45,140.1,3.55B,No,273.28,221.89,202.62,243.25,220.29,495
230,BCCFUBA.BO,264.9,260.8,74.43K,Electronic Technology,Electronic Components,92.0,87.0,96.0,91.0,13.4429,12.8714,36.24K,42.33K,273.8,102.0,5.27B,No,238.78,211.41,169.99,224.06,173.96,495
231,AVADHSUGAR.NS,732.7,769.6,195.99K,Process Industries,Agricultural Commodities/Milling,92.0,88.0,94.0,89.0,42.3679,40.5857,253.27K,147.27K,884.8,306.05,14.67B,No,800.14,654.81,474.12,679.41,533.35,497
232,DEEDEV.NS,607.4,639.35,225.83K,Producer Manufacturing,Industrial Machinery,92.0,44.0,15.0,92.0,33.7429,33.6964,170.44K,336.81K,760.0,183.0,45.70B,No,642.16,655.98,436.81,644.27,530.45,498
233,SW1.BO,158.55,158.55,0.01K,Finance,Investment Banks/Brokers,92.0,82.0,95.0,86.0,4.8179,3.0179,0.83K,0.17K,195.0,74.4,142.70M,No,158.82,161.65,113.11,162.75,119.51,497
234,GSTL.BO,32.5,33.88,31.94K,Technology Services,Information Technology Services,92.0,76.0,86.0,89.0,2.3829,2.1743,60.06K,73.63K,40.15,13.67,1.12B,No,35.42,29.76,22.67,30.49,25.28,495
235,PARAS.NS,1339.2,1435.6,1276.31K,Electronic Technology,Aerospace & Defense,92.0,61.0,80.0,92.0,75.5857,69.3143,2528.07K,1122.97K,1585.0,580.5,107.92B,No,1451.04,1332.09,914.03,1341.16,1030.32,498
236,MUNOTHFI.BO,59.96,59.96,0.04K,Finance,Regional Banks,92.0,92.0,97.0,94.0,0.6479,0.205,0.08K,0.03K,69.49,16.4,307.91M,No,56.28,47.32,35.55,51.05,35.31,495
237,IRISDOREME.NS,58.09,61.47,514.74K,Consumer Non-Durables,Apparel/Footwear,92.0,65.0,93.0,92.0,2.4086,2.3029,1041.48K,918.93K,65.0,26.35,11.06B,No,59.21,53.36,39.32,55.86,42.13,496
238,INLANPR.BO,78.68,82.82,0.13K,Commercial Services,Commercial Printing/Forms,92.0,91.0,93.0,91.0,3.3343,2.8843,1.62K,0.16K,117.8,22.01,388.98M,No,75.85,68.27,51.19,71.66,56.98,497
239,AEGISLOG.NS,1323.5,1353.6,701.47K,Distribution Services,Wholesale Distributors,92.0,73.0,88.0,94.0,57.2286,57.1929,1801.21K,922.68K,1497.8,576.1,464.55B,No,1310.05,1311.48,888.71,1327.05,969.93,497
240,ELFIN.BO,93.9,93.9,3.00K,Process Industries,Agricultural Commodities/Milling,92.0,90.0,84.0,,2.4057,1.5786,11.90K,9.00K,106.0,47.3,1.82B,No,95.14,85.77,,88.28,,128
241,UNIPARTS.NS,865.7,897.45,115.81K,Producer Manufacturing,Auto Parts: Oem,92.0,75.0,86.0,92.0,36.9714,35.3643,193.00K,220.77K,915.95,399.8,39.06B,No,854.89,776.54,581.55,804.98,636.67,497
242,COVANCE.BO,146.95,142.9,2.35K,Technology Services,Information Technology Services,92.0,0.0,20.0,15.0,12.1214,10.8,9.40K,7.73K,270.0,38.0,3.25B,No,165.71,207.65,165.25,196.35,181.33,385
243,GLEN.BO,124.6,128.0,31.20K,Process Industries,Containers/Packaging,92.0,79.0,96.0,91.0,4.785,4.4743,55.31K,38.52K,134.0,58.0,3.00B,No,122.81,100.76,81.49,107.71,83.51,291
244,KALYANIFRG.NS,1044.3,1021.65,7.65K,Producer Manufacturing,Auto Parts: Oem,92.0,98.0,96.0,91.0,91.7322,78.55,9.35K,40.12K,1192.25,523.6,3.80B,No,854.3,714.13,637.52,769.46,658.36,497
245,GCSL.NS,601.55,600.7,1181.05K,Finance,Investment Banks/Brokers,92.0,88.0,90.0,87.0,17.2393,16.8643,686.52K,679.06K,616.9,213.15,14.13B,No,557.61,529.64,404.48,544.66,438.81,256
246,CSL.BO,23.56,24.8,20.04K,Finance,Finance/Rental/Leasing,92.0,98.0,96.0,80.0,1.7236,1.4721,160.68K,290.91K,24.8,10.86,748.10M,No,20.35,15.72,14.73,17.2,15.27,495
247,VINDHYATEL.NS,2617.7,2813.5,100.07K,Industrial Services,Engineering & Construction,92.0,82.0,81.0,94.0,151.2571,150.0,81.90K,122.73K,2952.6,963.9,31.02B,No,2606.99,2294.02,1669.4,2352.5,1826.41,499
248,BLUSPRING.NS,125.27,131.48,214.82K,Commercial Services,Miscellaneous Commercial Services,92.0,86.0,89.0,96.0,8.9171,8.835,976.91K,566.43K,139.8,43.98,18.73B,No,128.2,118.57,81.21,121.1,89.73,316
249,RISHABH.NS,779.5,829.6,224.44K,Producer Manufacturing,Electrical Products,92.0,90.0,90.0,92.0,39.3286,34.9286,316.41K,374.92K,852.0,315.0,30.16B,No,726.51,677.68,505.09,688.52,555.71,496
250,SUVEN.NS,333.45,355.55,870.62K,Health Technology,Pharmaceuticals: Major,92.0,68.0,83.0,95.0,18.1679,18.0964,1290.80K,812.59K,403.35,124.11,94.22B,No,363.36,341.26,227.75,341.49,258.98,498
251,CORDELIA.NS,112.33,112.85,2989.68K,Consumer Services,Hotels/Resorts/Cruise Lines,92.0,95.0,,,5.2886,5.0871,6791.62K,2151.40K,115.49,62.31,81.32B,No,102.62,90.94,,94.52,,54
252,TANFACIND.BO,3461.5,3379.55,20.14K,Process Industries,Chemicals: Specialty,92.0,56.0,95.0,90.0,172.3964,156.55,28.05K,19.87K,3648.0,1632.6,74.88B,No,3271.11,2992.66,2343.25,3155.67,2497.21,497
253,ARROWGREEN.NS,838.55,813.0,225.21K,Process Industries,Containers/Packaging,92.0,79.0,92.0,94.0,34.6036,34.4036,24.52K,21.90K,883.85,341.95,12.65B,No,747.0,729.42,555.33,756.26,595.29,497
254,AMARJOTHI.NS,148.09,150.14,3.05K,Process Industries,Textiles,92.0,,,,5.9021,5.8979,1.80K,2.70K,166.0,88.4,999.61M,No,158.64,,,,,24
255,AIRFLOA.BO,522.5,542.55,85.50K,Producer Manufacturing,Trucks/Construction/Farm Machinery,92.0,97.0,94.0,91.0,34.175,33.5,111.67K,153.25K,592.9,246.0,12.52B,No,470.01,382.5,329.23,409.62,342.64,246
256,OAL.NS,510.95,532.1,101.32K,Process Industries,Chemicals: Specialty,92.0,96.0,93.0,93.0,40.0214,39.4571,70.87K,99.33K,559.8,228.0,17.20B,No,437.16,392.02,317.17,421.35,338.48,497
257,SRMENERGY.BO,28.48,29.97,4.17K,Utilities,Electric Utilities,92.0,94.0,93.0,87.0,1.7714,1.4707,14.28K,19.53K,33.11,11.69,258.03M,No,25.39,24.06,20.0,24.79,21.16,496
258,TRISHAKT.BO,241.6,252.7,80.25K,Industrial Services,Oilfield Services/Equipment,92.0,71.0,94.0,91.0,16.0429,15.6929,50.67K,31.31K,284.9,114.9,4.08B,No,249.82,225.02,165.7,232.62,177.17,495
259,ENTERO.NS,1802.1,1815.4,144.36K,Distribution Services,Medical Distributors,92.0,93.0,95.0,89.0,76.7143,76.1857,228.37K,200.83K,1920.0,944.0,78.43B,No,1703.84,1438.38,1211.71,1498.41,1284.53,498
260,DIKSHA.BO,200.0,200.0,6.00K,Producer Manufacturing,Miscellaneous Manufacturing,92.0,96.0,,,7.1214,6.3107,36.34K,7.20K,206.0,100.05,1.04B,No,173.22,143.54,,146.6,,58
261,SGMART.NS,722.1,750.95,198.31K,Utilities,Electric Utilities,92.0,53.0,82.0,86.0,34.3536,34.3536,555.37K,280.80K,860.6,313.1,91.01B,No,803.15,734.06,537.91,740.64,614.18,251
262,QLL.BO,619.2,556.35,56.40K,Commercial Services,Miscellaneous Commercial Services,91.0,96.0,94.0,92.0,28.2036,26.9571,10.84K,26.44K,628.5,258.55,7.21B,No,468.82,457.15,391.93,472.84,407.03,497
263,YASHHV.BO,943.75,945.55,109.00K,Producer Manufacturing,Electrical Products,91.0,61.0,83.0,93.0,33.4786,32.3,106.22K,84.60K,1025.0,366.0,27.02B,No,944.11,940.75,653.22,943.01,748.56,431
264,MBAPL.NS,155.82,160.87,1205.86K,Process Industries,Chemicals: Agricultural,91.0,27.0,89.0,88.0,5.8579,5.8579,1321.54K,927.05K,174.94,74.63,68.27B,No,163.3,154.78,111.12,158.65,123.54,499
265,TIRUPATIFL.NS,68.52,69.12,263.97K,Producer Manufacturing,Industrial Conglomerates,91.0,73.0,92.0,89.0,3.2721,3.245,803.72K,175.39K,83.9,30.11,8.68B,No,68.37,69.8,47.86,69.58,53.81,496
266,DOLPHIN.NS,651.05,649.0,52.53K,Industrial Services,Oilfield Services/Equipment,91.0,95.0,95.0,79.0,40.0107,39.2929,69.83K,101.46K,741.4,322.0,26.04B,No,627.67,490.89,429.27,529.86,444.16,498
267,UNIVCABLES.NS,1417.3,1492.5,235.07K,Electronic Technology,Electronic Components,91.0,8.0,79.0,94.0,76.3643,74.8928,202.03K,148.67K,1774.9,576.0,49.17B,No,1594.55,1443.38,1026.92,1458.73,1110.18,499
268,SEDEMAC.NS,2950.7,2906.2,95.64K,Producer Manufacturing,Auto Parts: Oem,91.0,32.0,65.0,,117.6428,113.7214,151.05K,174.06K,3368.9,1413.1,130.33B,No,3017.46,2887.57,,2898.52,,130
269,SYRMA.NS,1507.7,1589.3,1180.20K,Electronic Technology,Electronic Production Equipment,91.0,70.0,76.0,93.0,57.2857,47.65,1500.97K,2250.39K,1660.0,634.5,290.42B,No,1494.61,1437.46,1045.31,1437.2,1173.02,498
270,EMIL.NS,185.06,188.38,1398.14K,Retail Trade,Electronics/Appliance Stores,91.0,47.0,95.0,92.0,8.8643,8.7279,6012.61K,2543.00K,196.74,84.9,71.20B,No,183.7,159.19,119.26,165.51,128.6,498
271,JATTAINDUS.BO,577.0,577.35,0.13K,Process Industries,Textiles,91.0,90.0,91.0,76.0,53.7,52.9607,0.28K,0.40K,652.0,201.2,2.53B,No,531.87,473.95,421.73,496.78,442.23,497
272,SURAJINDPP.BO,23.0,23.74,5.31K,Nan,Nan,91.0,94.0,81.0,96.0,1.3043,1.2129,21.82K,10.29K,24.33,6.5,3.83B,No,21.71,19.3,15.06,20.02,18.15,209
273,WELINV.NS,2276.0,2322.0,0.29K,Finance,Investment Banks/Brokers,91.0,91.0,85.0,90.0,76.0857,59.1571,2.73K,0.32K,2367.1,980.35,8.35B,No,2167.46,1972.52,1577.13,2041.1,1717.23,496
274,SWITCHTE.BO,123.0,127.0,4.50K,Producer Manufacturing,Electrical Products,91.0,79.0,87.0,86.0,8.5393,7.8786,5.45K,2.11K,156.1,40.0,301.35M,No,119.45,124.69,89.48,121.44,99.66,495
275,AETHER.NS,1583.1,1674.7,405.22K,Process Industries,Chemicals: Major Diversified,91.0,62.0,89.0,86.0,61.7929,61.5214,388.22K,220.54K,1717.0,726.45,210.12B,No,1646.24,1559.1,1180.29,1586.59,1300.83,498
276,SPORTKING.NS,201.01,214.77,471.32K,Process Industries,Textiles,91.0,63.0,70.0,91.0,10.8421,10.4521,678.90K,370.31K,241.51,78.17,25.58B,No,219.01,208.61,146.31,210.75,169.49,497
277,BAIKAKAJI.BO,312.2,299.0,103.20K,Process Industries,Containers/Packaging,91.0,95.0,94.0,89.0,21.7036,19.7821,73.30K,84.18K,328.9,143.1,6.68B,No,280.02,239.64,,254.71,205.51,176
278,HITECHCORP.NS,327.9,334.5,8.27K,Producer Manufacturing,Miscellaneous Manufacturing,91.0,58.0,64.0,95.0,7.7107,7.7107,15.91K,8.05K,345.0,112.0,5.63B,No,333.9,326.47,216.71,328.11,240.67,496
279,FILATEX.NS,82.41,87.41,8356.81K,Process Industries,Textiles,91.0,65.0,94.0,92.0,5.3407,5.2529,4911.46K,5148.44K,91.3,36.26,36.59B,No,79.22,75.71,53.95,79.31,57.29,498
280,DEEPINDS.NS,730.4,774.4,492.05K,Industrial Services,Oilfield Services/Equipment,91.0,83.0,92.0,94.0,39.975,38.9321,545.85K,705.85K,825.0,330.0,46.75B,No,711.27,609.25,477.56,651.39,516.45,498
281,MIDEASTP.BO,37.1,36.95,0.15K,Finance,Investment Banks/Brokers,91.0,87.0,83.0,94.0,1.7993,1.5207,17.79K,7.80K,46.11,13.85,186.61M,No,34.71,36.74,25.53,36.7,29.19,495
282,KOPRAN.NS,249.9,235.26,15857.46K,Health Technology,Pharmaceuticals: Major,91.0,96.0,89.0,93.0,14.0343,13.66,245.27K,858.15K,267.0,107.0,12.07B,No,214.69,201.82,163.08,208.04,175.73,498
283,GULFPETRO.NS,61.01,64.08,139.26K,Energy Minerals,Oil Refining/Marketing,91.0,57.0,92.0,93.0,3.4986,3.4386,192.19K,128.71K,71.4,23.25,3.11B,No,66.19,54.44,39.3,57.46,41.95,497
284,RDGAIL.BO,150.5,145.0,2.40K,Process Industries,Agricultural Commodities/Milling,91.0,71.0,93.0,77.0,1.4286,0.6786,4.80K,0.80K,151.0,54.5,1.34B,No,145.93,127.46,106.98,131.28,115.63,236
285,SMLMAH.NS,6254.0,6583.0,45.54K,Consumer Durables,Motor Vehicles,91.0,91.0,94.0,85.0,316.8214,310.1071,166.32K,172.26K,6654.0,2719.0,90.51B,No,5662.2,5045.72,4248.79,5394.97,4459.81,499
286,GALLOPENT.BO,38.11,38.2,0.61K,Finance,Real Estate Development,91.0,78.0,91.0,89.0,2.1807,1.8829,0.53K,0.58K,42.0,16.36,190.98M,No,37.38,36.72,26.01,37.61,28.74,497
287,GRERENEW.BO,179.25,185.0,49.20K,Electronic Technology,Semiconductors,91.0,62.0,77.0,91.0,7.375,6.7036,27.37K,21.48K,194.15,77.5,2.56B,No,172.41,172.31,,175.24,143.03,162
288,GRAVISSHO.NS,46.97,42.7,124.92K,Consumer Services,Hotels/Resorts/Cruise Lines,91.0,,,,2.8979,2.2786,75.02K,141.47K,46.97,27.9,3.31B,No,31.32,,,,,20
289,TITANBIO.BO,416.1,437.15,15.82K,Health Technology,Biotechnology,91.0,78.0,34.0,67.0,21.2786,19.2286,25.70K,38.15K,555.65,163.0,17.19B,No,403.75,407.4,352.58,414.91,419.05,497
290,ANANDPROJ.BO,39.81,37.92,0.10K,Utilities,Electric Utilities,91.0,94.0,95.0,87.0,0.135,0.0,0.00K,0.00K,39.81,24.48,37.19M,No,37.41,31.78,26.33,33.48,27.56,498
291,EMAINDIA.BO,629.05,641.85,0.39K,Producer Manufacturing,Industrial Machinery,91.0,71.0,16.0,83.0,18.325,16.5071,1.15K,0.76K,876.75,203.0,632.20M,No,679.66,705.13,576.95,681.95,634.16,496
292,NITINSPIN.NS,643.15,651.05,182.68K,Process Industries,Textiles,91.0,88.0,78.0,90.0,21.6393,21.6393,182.33K,148.35K,665.5,302.2,36.16B,No,624.07,579.53,449.29,590.82,503.6,498
293,SMARTLINK.NS,233.41,230.3,25.78K,Electronic Technology,Telecommunications Equipment,91.0,71.0,91.0,92.0,12.0486,12.0486,7.62K,8.22K,241.81,103.5,2.33B,No,219.92,212.19,156.45,218.2,169.8,498
294,INOVSYNTH.BO,144.05,142.65,107.23K,Miscellaneous,Miscellaneous,91.0,75.0,82.0,95.0,0.2964,0.0,29.04K,13.28K,144.05,50.1,13.38B,No,140.86,136.85,94.79,137.92,103.09,496
295,SATANIBRG.BO,288.7,285.85,0.97K,Producer Manufacturing,Metal Fabrication,91.0,70.0,64.0,33.0,0.8036,0.4357,0.12K,0.26K,310.25,103.1,5.77B,No,282.45,277.85,269.29,279.41,282.33,498
296,NATFIT.BO,258.6,249.45,44.01K,Producer Manufacturing,Metal Fabrication,91.0,98.0,95.0,87.0,14.4571,11.4,22.41K,53.34K,266.8,133.6,2.35B,No,205.7,176.38,164.49,190.39,167.58,495
297,INDOBORAX.NS,460.8,484.55,103.15K,Process Industries,Chemicals: Specialty,91.0,81.0,84.0,91.0,26.3464,26.3464,635.90K,230.42K,542.8,225.31,14.79B,No,494.18,452.08,321.63,454.97,353.13,498
298,ROSSTECH.NS,1265.4,1214.3,1062.80K,Electronic Technology,Telecommunications Equipment,91.0,89.0,85.0,90.0,52.8036,52.6036,266.15K,185.62K,1308.2,551.9,47.88B,No,1131.96,1063.43,866.57,1090.34,957.63,440
299,CHOKSILA.BO,199.95,190.45,26.85K,Commercial Services,Miscellaneous Commercial Services,90.0,98.0,95.0,93.0,9.6607,8.65,10.21K,38.33K,209.95,81.85,1.39B,No,154.76,132.04,118.73,141.78,121.05,495
300,TIMESGREEN.BO,76.95,76.95,20.00K,Process Industries,Agricultural Commodities/Milling,90.0,32.0,92.0,88.0,1.8871,1.6193,10.86K,4.44K,83.0,37.27,428.95M,No,80.15,76.71,55.03,78.19,59.07,498
301,CTL.BO,28.24,29.19,12.02K,Finance,Finance/Rental/Leasing,90.0,48.0,96.0,89.0,1.8136,1.7886,344.97K,35.99K,32.24,14.3,3.64B,No,28.61,27.42,21.76,27.95,20.7,496
302,GSBFIN.BO,52.37,53.7,1.11K,Finance,Investment Banks/Brokers,90.0,90.0,94.0,85.0,3.0171,2.6679,8.28K,5.22K,58.45,29.5,314.22M,No,48.31,45.04,37.5,47.05,39.25,495
303,SBC.NS,47.73,48.33,9914.59K,Distribution Services,Wholesale Distributors,90.0,92.0,85.0,82.0,1.38,1.2779,10294.89K,9136.34K,49.38,21.03,22.73B,No,42.75,42.1,34.91,43.0,38.09,498
304,PANACHE.NS,529.0,519.0,11.04K,Electronic Technology,Computer Peripherals,90.0,77.0,91.0,88.0,12.5464,10.2429,14.97K,3.85K,559.4,237.7,8.06B,No,529.16,478.62,373.5,489.96,395.89,496
305,STLNETWORK.NS,37.2,36.6,14921.70K,Communications,Major Telecommunications,90.0,96.0,87.0,92.0,1.5821,1.395,1328.23K,4424.14K,38.43,15.75,18.16B,No,28.76,26.49,24.23,28.07,25.63,258
306,BHAGERIA.NS,306.5,317.05,176.16K,Process Industries,Chemicals: Specialty,90.0,97.0,90.0,93.0,18.4486,14.3486,89.56K,246.22K,342.0,127.51,13.38B,No,256.43,228.6,185.64,243.1,197.01,497
307,ZIMLAB.NS,133.61,139.22,146.08K,Health Technology,Pharmaceuticals: Generic,90.0,91.0,79.0,93.0,8.1964,8.1736,78.16K,188.26K,144.49,59.31,7.15B,No,125.97,119.63,92.16,122.27,101.72,497
308,TECHNOCRAT.BO,388.2,408.6,55.00K,Producer Manufacturing,Industrial Machinery,90.0,,,,29.4857,24.8464,443.81K,245.90K,455.0,218.5,6.79B,No,,,,,,17
309,CHANDNIMACH.BO,95.49,96.5,2.26K,Producer Manufacturing,Industrial Machinery,90.0,9.0,89.0,78.0,6.555,6.4979,15.32K,5.96K,127.74,31.0,672.09M,No,98.68,100.95,79.05,102.37,82.29,495
310,DEVSON.BO,330.6,348.0,61.20K,Process Industries,Chemicals: Specialty,90.0,95.0,,,21.725,21.3714,183.46K,77.16K,363.35,186.35,4.49B,No,293.72,,,269.14,,43
311,CITIPOR.BO,46.95,47.02,0.00K,Finance,Finance/Rental/Leasing,90.0,61.0,86.0,49.0,1.0771,0.5136,0.09K,0.01K,52.94,17.5,145.55M,No,48.18,42.79,37.73,44.24,41.19,495
312,SHTL.BO,114.05,114.05,25.20K,Producer Manufacturing,Industrial Machinery,90.0,88.0,94.0,95.0,5.6807,5.45,7.10K,21.36K,115.95,38.43,645.34M,No,103.99,91.77,71.79,94.9,75.43,208
313,IIRM.BO,145.55,144.05,16.03K,Producer Manufacturing,Miscellaneous Manufacturing,90.0,85.0,84.0,89.0,6.8464,6.8464,27.89K,38.76K,151.85,68.0,9.92B,No,133.56,132.99,103.44,136.79,113.6,495
314,SUPER.BO,1224.2,1249.8,0.12K,Process Industries,Textiles,90.0,83.0,90.0,92.0,56.5857,55.4929,1.29K,0.83K,1298.5,530.0,3.76B,No,1221.23,1105.78,811.81,1150.58,874.93,495
315,SIMMOND.BO,236.05,239.95,9.06K,Producer Manufacturing,Metal Fabrication,90.0,88.0,91.0,88.0,15.6214,14.4,14.79K,37.00K,265.0,101.4,2.64B,No,219.07,202.66,162.51,208.72,180.38,495
316,BIRLAPREC.NS,58.36,61.43,189.28K,Producer Manufacturing,Industrial Machinery,90.0,,,,4.7036,4.6279,471.47K,588.76K,63.49,35.65,3.99B,No,48.78,,,,,20
317,VALSONQ.BO,42.99,42.34,0.01K,Process Industries,Textiles,90.0,62.0,92.0,86.0,3.1379,3.0557,8.66K,8.52K,47.8,23.58,329.34M,No,42.79,38.37,31.35,39.52,33.14,496
318,ESSEX.BO,50.99,50.73,40.00K,Consumer Non-Durables,Food: Meat/Fish/Dairy,90.0,92.0,75.0,89.0,3.6207,3.595,50.67K,115.60K,54.75,18.25,778.21M,No,47.09,43.21,34.75,44.42,39.66,272
319,KENNAMET.NS,4266.4,4682.3999,50.08K,Producer Manufacturing,Metal Fabrication,90.0,88.0,91.0,,294.6143,291.2786,37.14K,41.72K,5136.0,2405.2,93.77B,No,4320.76,3509.87,,3748.78,,108
320,BLSE.NS,310.1,312.8,302.39K,Technology Services,Internet Software/Services,90.0,55.0,89.0,94.0,10.8036,10.7643,842.89K,300.14K,331.3,124.3,28.11B,No,318.88,300.7,217.07,307.22,230.9,499
321,KRN.NS,1514.0,1593.6,232.76K,Producer Manufacturing,Industrial Machinery,90.0,70.0,83.0,87.0,80.1786,78.7643,155.97K,245.45K,1687.0,589.8,99.10B,No,1547.58,1372.88,1058.85,1411.3,1212.22,487
322,SSWL.NS,339.0,370.65,1724.31K,Producer Manufacturing,Auto Parts: Oem,90.0,82.0,91.0,90.0,18.0929,17.8357,1700.87K,4271.97K,384.15,169.0,53.31B,No,328.38,302.58,230.7,314.83,246.4,497
323,REMIEDEL.BO,255.9,262.9,3.01K,Non-Energy Minerals,Steel,90.0,93.0,90.0,90.0,14.7964,14.6036,5.01K,3.43K,268.7,118.4,3.44B,No,235.26,211.3,165.9,222.92,182.74,495
324,ACUTAAS.NS,3266.2,3383.7,264.22K,Health Technology,Pharmaceuticals: Major,90.0,75.0,63.0,81.0,128.2929,127.2358,365.89K,330.00K,3740.0,1302.0,267.41B,No,3245.87,3321.48,2580.53,3278.63,2923.73,498
325,IBULLSLTD.NS,27.44,26.14,2593.01K,Finance,Real Estate Development,90.0,65.0,76.0,96.0,1.21,1.1171,10342.76K,17195.34K,32.5,8.9,61.50B,No,26.13,27.85,19.18,27.45,21.24,499
326,PRECWIRE.NS,440.05,462.55,413.68K,Producer Manufacturing,Electrical Products,90.0,35.0,69.0,69.0,27.8071,27.5714,702.05K,881.24K,524.9,179.52,80.44B,No,459.57,417.11,345.9,430.01,390.61,498
327,VLL.BO,61.0,61.0,0.01K,Finance,Finance/Rental/Leasing,90.0,82.0,73.0,93.0,1.0707,0.3871,0.04K,0.00K,70.3,21.03,1.58B,No,58.32,59.42,46.57,58.93,52.01,496
328,SENORES.NS,1416.1,1467.3,162.03K,Health Technology,Pharmaceuticals: Major,90.0,43.0,74.0,92.0,52.4714,52.4643,275.54K,246.09K,1599.0,662.45,65.22B,No,1480.04,1433.32,1039.3,1422.58,1141.84,428
329,PANIDPR.BO,92.0,92.0,0.03K,Distribution Services,Electronics Distributors,90.0,80.0,70.0,96.0,2.1271,1.5021,0.08K,0.12K,96.4,35.24,128.80M,No,86.58,88.01,68.81,88.89,74.71,444
330,OVOBELE.BO,249.6,245.0,11.11K,Consumer Non-Durables,Food: Specialty/Candy,90.0,92.0,92.0,90.0,16.8643,15.8286,11.99K,11.97K,284.5,105.6,2.37B,No,256.45,214.07,173.91,221.26,175.68,495
331,RITESHIN.BO,84.97,80.95,38.47K,Process Industries,Chemicals: Specialty,90.0,86.0,90.0,87.0,3.3543,3.2229,11.72K,5.29K,87.98,39.0,796.41M,No,78.28,75.61,63.84,77.97,63.86,495
332,SOTL.NS,688.3,716.25,243.43K,Process Industries,Chemicals: Specialty,90.0,54.0,75.0,92.0,45.0321,44.6893,813.64K,2188.57K,850.1,285.8,47.19B,No,703.78,662.14,464.44,679.92,512.27,499
333,HYPERSOFT.BO,177.55,186.85,11.51K,Commercial Services,Miscellaneous Commercial Services,90.0,5.0,14.0,91.0,12.2679,11.7929,14.21K,12.18K,230.05,51.25,14.99B,No,200.05,206.78,137.87,203.43,166.78,495
334,MARBLE.BO,174.2,169.15,83.57K,Distribution Services,Wholesale Distributors,90.0,97.0,97.0,89.0,13.4643,11.6607,89.40K,412.64K,185.0,83.9,4.53B,No,124.12,124.14,120.25,129.04,111.19,495
335,ZKHANDEN.BO,193.8,191.95,0.00K,Process Industries,Agricultural Commodities/Milling,90.0,98.0,64.0,84.0,3.0786,2.1857,0.25K,0.25K,200.0,67.01,164.75M,No,178.43,162.77,152.98,163.9,166.17,497
336,LOKESHMACH.NS,332.2,347.15,24.27K,Technology Services,Information Technology Services,89.0,43.0,83.0,84.0,22.5893,21.9571,36.00K,94.58K,385.8,138.96,7.24B,No,334.44,336.07,243.42,337.62,277.99,497
337,APIL.BO,55.02,52.4,0.07K,Consumer Durables,Electronics/Appliances,89.0,75.0,76.0,71.0,0.1871,0.1871,0.08K,0.00K,55.02,23.64,181.94M,No,52.53,51.07,42.39,51.67,47.22,497
338,NITTAGELA.NS,1693.0,1645.3,14.08K,Consumer Non-Durables,Food: Specialty/Candy,89.0,79.0,75.0,,68.2072,66.4143,11.61K,3.67K,2087.2,882.0,15.37B,No,1616.06,1729.26,,1725.33,,102
339,COLINZ.BO,75.0,72.5,1.79K,Health Technology,Pharmaceuticals: Major,89.0,19.0,87.0,91.0,3.6186,3.4036,5.27K,1.81K,87.91,36.11,188.93M,No,74.09,76.58,57.82,77.02,60.51,495
340,ACESEPP.BO,103.22,103.22,13.09K,Technology Services,Data Processing Services,89.0,68.0,98.0,9.0,0.0,0.0,20.45K,20.45K,153.85,25.51,2.45B,No,102.6,81.27,,88.28,81.2,180
341,CHEMBONDCH.NS,264.75,262.2,15.60K,Process Industries,Chemicals: Major Diversified,89.0,54.0,92.0,91.0,14.4321,14.375,16.64K,7.50K,290.0,104.85,7.12B,No,265.17,253.81,184.46,255.52,199.12,286
342,PREMIERPOL.NS,81.9,85.91,359.42K,Non-Energy Minerals,Forest Products,89.0,86.0,92.0,75.0,5.3993,5.2014,565.24K,325.03K,98.8,38.0,8.58B,No,89.57,78.51,59.3,81.2,65.88,497
343,SHREEREF.BO,371.7,400.3,430.50K,Producer Manufacturing,Industrial Machinery,89.0,90.0,57.0,92.0,21.5071,21.3321,281.93K,237.95K,438.95,161.0,13.31B,No,398.94,360.84,257.11,363.28,286.42,278
344,AMANTA.NS,193.8,197.75,15.94K,Health Technology,Pharmaceuticals: Major,89.0,92.0,86.0,92.0,4.0279,1.2214,84.47K,31.97K,209.95,92.0,7.53B,No,192.21,177.38,133.05,178.87,145.49,252
345,CNL.NS,1068.6,1116.9,20.38K,Distribution Services,Electronics Distributors,89.0,10.0,92.0,88.0,64.5357,64.1072,279.04K,39.75K,1328.0,525.0,16.05B,No,1204.95,1073.73,770.63,1114.74,807.19,496
346,MARKSANS.NS,312.85,329.4,2295.47K,Health Technology,Pharmaceuticals: Major,89.0,71.0,84.0,91.0,14.4929,14.0964,3375.10K,2744.90K,349.95,155.0,141.77B,No,326.53,292.49,219.34,299.86,238.19,498
347,WSTCSTPAPR.NS,713.3,713.8,375.04K,Producer Manufacturing,Office Equipment/Supplies,89.0,89.0,90.0,89.0,30.2393,29.875,281.22K,371.77K,734.0,375.0,47.11B,No,646.48,596.84,486.01,618.1,521.37,498
348,UEL.NS,215.54,206.64,50.14K,Utilities,Alternative Power Generation,89.0,11.0,92.0,74.0,12.3214,7.2071,21.64K,27.77K,284.2,92.32,28.75B,No,201.32,179.02,155.51,192.57,163.85,497
349,NAGPI.BO,183.95,190.0,1.18K,Electronic Technology,Electronic Equipment/Instruments,89.0,32.0,82.0,76.0,9.8571,9.0,6.51K,2.56K,214.9,80.16,2.41B,No,199.4,173.71,148.65,179.22,158.54,495
350,KRISHNACAP.BO,50.35,53.0,0.45K,Finance,Investment Banks/Brokers,89.0,93.0,17.0,90.0,2.115,1.4379,3.50K,0.55K,59.27,18.16,159.03M,No,45.59,46.41,39.95,46.63,46.41,497
351,OMAXE.NS,118.04,123.98,801.15K,Finance,Real Estate Development,89.0,91.0,93.0,85.0,10.8636,10.5029,4396.81K,9357.59K,138.89,62.5,21.68B,No,116.29,100.09,82.14,106.56,87.43,497
352,TIMEX.NS,605.65,631.7,315.22K,Consumer Durables,Other Consumer Specialties,89.0,88.0,83.0,,31.0822,30.7286,407.20K,390.00K,687.8,323.0,61.14B,No,621.78,580.06,,588.67,,102
353,CFEL.NS,47.41,49.3,171.13K,Process Industries,Textiles,89.0,,,,3.4429,3.3086,110.25K,187.09K,52.8,28.16,1.19B,No,,,,,,19
354,IKOMA.BO,62.59,61.89,70.00K,Producer Manufacturing,Building Products,89.0,28.0,43.0,98.0,3.3921,3.3779,94.74K,71.68K,85.5,13.81,1.45B,No,62.47,65.37,46.13,65.01,52.93,495
355,GALXBRG.BO,939.15,910.4,6.47K,Producer Manufacturing,Metal Fabrication,89.0,77.0,95.0,92.0,41.7679,38.6857,2.27K,1.08K,1096.4,412.2,2.99B,No,884.83,902.91,622.88,889.4,660.44,495
356,SUSAN.BO,303.15,319.1,75.00K,Producer Manufacturing,Electrical Products,89.0,85.0,,,19.7536,17.7357,313.70K,92.40K,366.55,180.6,6.16B,No,318.51,269.08,,282.95,,63
357,RACLGEAR.NS,1755.2,1756.7,219.10K,Producer Manufacturing,Auto Parts: Oem,89.0,93.0,87.0,71.0,93.4286,93.4,58.90K,151.14K,1856.0,900.1,20.73B,No,1547.99,1423.42,1274.08,1492.75,1365.48,441
358,LANCORHOL.NS,36.04,36.95,37.07K,Finance,Real Estate Development,89.0,93.0,91.0,90.0,2.7786,2.6021,250.63K,519.64K,41.75,18.12,2.65B,No,33.8,29.23,25.76,31.0,26.26,497
359,VPAL.BO,206.15,217.0,54.40K,Retail Trade,Food Retail,89.0,64.0,92.0,,8.5214,6.8036,45.38K,25.44K,260.45,116.95,3.42B,No,226.49,194.16,,202.08,,79
360,NINSYS.NS,710.75,710.7,3.82K,Technology Services,Packaged Software,89.0,58.0,54.0,95.0,21.775,21.775,5.39K,3.93K,935.0,281.05,13.20B,No,716.03,781.11,546.61,759.25,620.16,497
361,KIRLOSENG.NS,2041.6,2168.6001,639.04K,Producer Manufacturing,Electrical Products,89.0,58.0,63.0,79.0,94.05,93.7786,803.28K,481.33K,2720.0,865.55,297.09B,No,2134.78,2197.16,1679.54,2152.58,1881.34,497
362,GROVY.BO,66.0,63.19,1.66K,Finance,Real Estate Development,89.0,92.0,93.0,91.0,3.5579,3.37,5.24K,1.40K,78.6,32.0,1.16B,No,65.25,57.46,46.78,59.37,48.12,495
363,WELSPUNLIV.NS,201.63,207.68,5087.53K,Consumer Non-Durables,Consumer Sundries,89.0,92.0,90.0,88.0,7.0657,6.915,5771.52K,4457.41K,216.0,107.1,191.16B,No,197.24,176.98,144.55,180.8,150.69,499
364,SOBME.BO,1325.0,1393.3,0.68K,Non-Energy Minerals,Construction Materials,89.0,84.0,93.0,92.0,76.8143,66.5607,0.95K,1.62K,1595.0,679.0,13.78B,No,1326.54,1128.78,920.65,1201.78,971.67,495
365,KRISHANA.NS,177.2,179.66,700.16K,Process Industries,Chemicals: Agricultural,89.0,34.0,86.0,90.0,6.9943,6.9943,1456.72K,573.68K,206.39,86.2,54.78B,No,190.25,172.52,128.54,178.71,141.63,498
366,AMDIND.NS,69.64,64.03,1440.69K,Producer Manufacturing,Miscellaneous Manufacturing,89.0,93.0,92.0,90.0,4.6557,4.5293,40.47K,108.25K,74.39,33.77,1.33B,No,56.79,51.27,46.58,54.23,47.11,497
367,GEE.BO,125.4,132.0,35.86K,Producer Manufacturing,Industrial Machinery,89.0,14.0,92.0,92.0,5.9143,5.9143,91.70K,32.23K,143.05,53.61,6.52B,No,132.44,122.21,88.08,125.76,94.03,496
368,APARINDS.NS,16550.0,17500.0,100.69K,Electronic Technology,Electronic Equipment/Instruments,89.0,45.0,59.0,88.0,696.5714,678.5,158.41K,114.93K,18465.0,6801.0,692.99B,No,17199.0,15709.72,12049.59,16152.5,13662.72,498
369,UNJHAFOR.BO,33.3,33.68,5.27K,Distribution Services,Food Distributors,89.0,92.0,96.0,86.0,1.5821,0.8721,7.38K,11.91K,36.38,17.52,149.20M,No,28.62,26.54,22.85,27.74,22.92,496
370,GKSL.NS,173.6,171.09,851.57K,Health Services,Hospital/Nursing Management,89.0,93.0,89.0,86.0,7.4864,7.42,503.92K,703.32K,183.05,98.36,13.69B,No,163.55,144.17,,148.58,130.84,179
371,AKUMS.NS,765.65,776.35,345.05K,Health Technology,Biotechnology,89.0,75.0,85.0,82.0,25.8393,25.4571,351.21K,358.58K,796.55,409.3,117.22B,No,760.6,717.81,552.49,726.5,603.87,496
372,KSR.NS,44.4,42.4,100.47K,Consumer Non-Durables,Apparel/Footwear,89.0,97.0,92.0,62.0,2.4621,2.3043,48.40K,174.49K,44.52,14.04,816.00M,No,32.54,30.58,,33.05,33.68,199
373,GLAND.NS,2895.5,2922.3,497.96K,Health Technology,Pharmaceuticals: Major,88.0,50.0,87.0,89.0,89.3857,88.9,745.75K,841.15K,3042.0,1573.6,477.66B,No,2891.21,2700.33,2083.15,2736.04,2228.97,498
374,RML.NS,1306.5,1360.0,36.15K,Producer Manufacturing,Auto Parts: Oem,88.0,89.0,90.0,86.0,60.65,56.5214,148.80K,377.20K,1440.0,608.5,36.11B,No,1186.79,1175.45,915.31,1182.16,984.18,498
375,BENCHMARK.BO,46.92,46.92,2.00K,Technology Services,Information Technology Services,88.0,93.0,84.0,92.0,1.4179,0.4743,4.63K,6.20K,47.88,18.0,322.06M,No,39.81,39.8,30.89,39.7,31.82,497
376,AZAD.NS,2704.9,2849.1001,427.17K,Producer Manufacturing,Metal Fabrication,88.0,58.0,85.0,88.0,104.0857,102.9929,596.21K,361.21K,2986.6,1360.0,174.69B,No,2811.47,2580.7,1982.23,2628.76,2168.0,499
377,MILKYMIST.NS,278.14,292.77,10774.77K,Consumer Non-Durables,Food: Meat/Fish/Dairy,88.0,,,,19.0071,18.1457,29966.53K,22850.21K,304.7,165.0,214.12B,No,233.76,,,,,20
378,SUDEEPPHRM.NS,1142.7,1202.8,124.96K,Health Technology,Pharmaceuticals: Other,88.0,70.0,90.0,91.0,65.5643,63.5143,293.13K,321.37K,1378.0,524.05,129.07B,No,1197.71,1024.74,755.62,1057.08,814.6,200
379,SONACOMS.NS,790.0,788.0,1634.95K,Producer Manufacturing,Auto Parts: Oem,88.0,59.0,87.0,83.0,21.1143,20.225,2349.18K,1377.72K,844.0,402.3,493.06B,No,805.27,765.66,595.43,780.18,642.01,499
380,PAYTM.NS,1730.0,1807.5,3225.92K,Finance,Finance/Rental/Leasing,88.0,74.0,94.0,88.0,66.9143,65.1429,3981.55K,3856.49K,1840.0,930.6,1109.16B,No,1664.85,1493.1,1245.83,1549.87,1255.87,498
381,RSL.NS,181.63,190.1,670.94K,Non-Energy Minerals,Steel,88.0,83.0,90.0,,6.8257,6.7893,473.73K,316.02K,193.09,101.7,15.18B,No,176.49,155.08,,161.61,,124
382,AFCOM.BO,1427.65,1540.5,166.68K,Transportation,Airlines,88.0,39.0,85.0,94.0,83.9428,82.4107,108.54K,74.04K,1711.0,637.85,40.99B,No,1581.01,1481.89,1025.55,1484.13,1113.54,496
383,QUESS.NS,342.1,348.0,783.20K,Commercial Services,Personnel Services,88.0,65.0,89.0,89.0,19.8429,19.7714,958.90K,627.38K,388.75,166.3,51.10B,No,353.61,327.01,239.0,332.07,253.17,499
384,ASIANENE.NS,485.25,535.1,853.69K,Energy Minerals,Oil & Gas Production,88.0,90.0,87.0,90.0,31.9964,31.7536,510.68K,612.93K,565.7,230.0,23.58B,No,492.02,419.94,330.75,438.27,358.18,498
385,BLUESTONE.NS,828.55,890.35,950.18K,Retail Trade,Specialty Stores,88.0,52.0,94.0,86.0,40.5286,40.4143,4045.38K,816.37K,926.0,399.8,126.58B,No,830.44,775.15,563.0,805.02,607.01,268
386,VENUSPIPES.NS,1941.6,2020.1,238.54K,Non-Energy Minerals,Steel,88.0,92.0,89.0,92.0,96.2643,85.1786,165.74K,287.31K,2044.4,890.0,40.22B,No,1685.6,1687.59,1351.39,1703.99,1448.79,497
387,SAILIFE.NS,1541.5,1585.0,433.17K,Commercial Services,Miscellaneous Commercial Services,88.0,77.0,85.0,83.0,59.1,59.0714,610.77K,1382.93K,1697.0,783.85,327.41B,No,1523.02,1402.31,1105.41,1428.83,1204.39,435
388,AMIC.BO,2296.75,2357.25,49.00K,Producer Manufacturing,Metal Fabrication,88.0,86.0,90.0,88.0,88.25,86.0393,67.87K,101.34K,2408.0,1065.0,29.85B,No,2087.16,1926.7,1600.7,1988.01,1702.55,496
389,CFF.BO,974.9,957.2,61.00K,Industrial Services,Engineering & Construction,88.0,41.0,87.0,91.0,29.675,28.4786,38.88K,19.28K,1073.0,445.0,20.45B,No,1002.12,966.59,723.58,978.74,800.63,495
390,GNA.NS,532.6,551.1,183.81K,Producer Manufacturing,Auto Parts: Oem,88.0,57.0,91.0,68.0,20.25,20.2179,647.54K,234.38K,601.65,295.0,22.86B,No,550.34,533.26,420.93,541.99,452.79,498
391,GRWRHITECH.NS,6603.5,6921.5,31.95K,Process Industries,Chemicals: Specialty,88.0,24.0,61.0,87.0,224.0357,220.3214,68.85K,57.53K,7990.0,2690.7,153.42B,No,7061.88,7044.19,5017.97,7004.6,5671.12,498
392,ATHARVA.BO,109.94,111.63,50.00K,Producer Manufacturing,Miscellaneous Manufacturing,88.0,97.0,,,6.6121,6.0064,152.98K,75.40K,118.9,69.0,1.85B,No,87.9,81.91,,85.27,,50
393,REDINGTON.NS,378.95,393.7,4337.52K,Distribution Services,Electronics Distributors,88.0,86.0,94.0,83.0,14.475,14.0643,7687.59K,7415.08K,403.25,191.31,296.25B,No,363.26,327.53,268.41,340.51,272.03,499
394,CHENNPETRO.NS,1471.8,1572.9,2061.46K,Energy Minerals,Oil Refining/Marketing,88.0,84.0,83.0,86.0,70.6714,70.0857,2018.72K,2456.29K,1677.5,716.8,219.17B,No,1436.71,1320.79,1064.9,1350.48,1153.82,499
395,UNIMECH.NS,1538.5,1610.0,269.48K,Producer Manufacturing,Industrial Machinery,88.0,64.0,89.0,90.0,67.5286,66.8929,210.09K,280.98K,1652.8,695.0,78.31B,No,1514.52,1377.69,1055.06,1437.11,1127.25,426
396,RRKABEL.NS,2381.3,2424.3999,208.23K,Producer Manufacturing,Electrical Products,88.0,5.0,68.0,87.0,108.8285,107.4785,690.33K,885.05K,2983.8,1181.6,269.34B,No,2703.71,2585.34,1878.76,2601.91,2068.29,497
397,NRBBEARING.NS,480.85,514.65,504.75K,Producer Manufacturing,Auto Parts: Oem,88.0,74.0,74.0,90.0,20.1679,19.85,509.00K,494.61K,519.0,212.55,46.61B,No,477.57,449.64,340.38,453.36,369.11,498
398,DIVGIITTS.NS,1106.3,1188.3,113.52K,Producer Manufacturing,Auto Parts: Oem,88.0,21.0,85.0,82.0,71.2,69.5714,299.64K,197.26K,1329.8,573.7,33.83B,No,1211.29,1082.72,793.07,1109.36,879.12,496
399,HIGHNESS.BO,214.55,218.9,16.80K,Electronic Technology,Semiconductors,88.0,81.0,85.0,,7.6071,4.4107,26.74K,18.48K,223.25,107.5,1.11B,No,192.44,186.86,,190.34,,115
400,CHMBBRW.BO,34.47,35.55,10.77K,Consumer Non-Durables,Beverages: Alcoholic,88.0,2.0,93.0,74.0,2.4243,2.0207,16.87K,15.52K,49.6,15.03,258.14M,No,36.39,38.9,28.51,39.67,32.01,495
401,NILKAMAL.NS,2017.9,2050.8,19.59K,Consumer Durables,Home Furnishings,88.0,81.0,94.0,84.0,75.3286,73.6,126.60K,27.04K,2149.5,1050.5,30.21B,No,2048.97,1799.4,1447.1,1886.44,1480.22,497
402,SREEL.NS,316.61,333.27,15.95K,Retail Trade,Apparel/Footwear Retail,88.0,95.0,94.0,87.0,22.1029,19.9043,39.83K,142.56K,400.0,165.25,7.33B,No,272.85,240.35,212.01,251.74,212.74,496
403,KDDL.NS,3756.5,3881.8999,23.87K,Consumer Durables,Other Consumer Specialties,88.0,41.0,87.0,86.0,114.4857,113.8,48.10K,24.87K,4155.5,1990.0,46.20B,No,3920.8,3615.12,2762.45,3688.98,2959.94,497
404,JLL.BO,86.24,88.98,0.20K,Finance,Finance/Rental/Leasing,88.0,1.0,66.0,90.0,6.5829,4.6157,2.13K,3.51K,169.1,35.0,259.49M,No,91.79,121.4,77.2,113.18,88.35,496
405,TMB.NS,868.35,910.9,209.45K,Finance,Regional Banks,88.0,69.0,73.0,76.0,27.9893,26.9893,359.90K,188.80K,954.2,420.0,137.50B,No,893.8,854.64,692.98,865.52,749.12,497
406,GOLKUNDIA.BO,330.0,330.05,4.54K,Consumer Durables,Other Consumer Specialties,88.0,87.0,89.0,63.0,17.7357,16.3571,6.91K,6.33K,355.6,156.0,2.30B,No,322.07,284.7,252.63,292.58,274.57,495
407,NCML.BO,130.0,131.8,1.60K,Non-Energy Minerals,Steel,88.0,96.0,88.0,88.0,8.39,6.57,18.29K,86.72K,148.7,64.6,3.24B,No,106.0,91.51,91.13,98.83,91.22,248
408,NEOGEN.NS,2310.3,2373.0,264.40K,Process Industries,Chemicals: Specialty,88.0,80.0,73.0,85.0,94.8,91.8857,173.17K,171.34K,2483.9,966.7,63.26B,No,2230.13,2146.82,1623.5,2175.94,1817.93,498
409,LENSKART.NS,685.4,681.75,6455.93K,Health Technology,Medical Specialties,88.0,85.0,89.0,76.0,19.9286,19.5786,8436.54K,17108.71K,703.5,356.1,1187.13B,No,665.72,603.28,514.69,618.57,549.66,214
410,NEULANDLAB.NS,22595.0,23535.0,54.65K,Health Technology,Pharmaceuticals: Major,88.0,51.0,87.0,91.0,723.7143,689.7857,65.57K,42.69K,24225.0,11500.0,289.89B,No,23247.7,21233.36,16603.36,21749.4,17581.87,498
411,HANNAH.BO,111.0,110.0,8.00K,Health Services,Hospital/Nursing Management,87.0,68.0,72.0,92.0,3.2393,2.2893,18.67K,19.00K,128.8,55.99,2.52B,No,114.1,111.32,,110.23,90.88,155
412,JASCH.BO,280.0,290.15,0.95K,Process Industries,Textiles,87.0,40.0,81.0,89.0,12.7429,12.125,7.34K,2.85K,343.65,126.05,1.90B,No,292.14,291.21,203.05,289.72,221.5,495
413,ASTONEALAB.BO,285.0,289.0,4.00K,Health Technology,Pharmaceuticals: Major,87.0,69.0,65.0,90.0,5.4786,4.8179,2.78K,8.10K,301.3,118.0,3.00B,No,278.78,275.9,203.72,276.23,224.26,322
414,PARKHOSPS.NS,279.15,279.3,530.23K,Health Services,Hospital/Nursing Management,87.0,57.0,60.0,76.0,8.8107,8.7714,801.91K,584.02K,305.0,138.1,120.57B,No,281.78,282.87,,283.02,254.92,187
415,SHIVAUM.NS,470.0,465.4,0.81K,Producer Manufacturing,Metal Fabrication,87.0,76.0,85.0,89.0,19.1786,18.4179,36.55K,106.38K,484.9,275.0,6.39B,No,450.26,432.96,348.83,438.95,376.06,496
416,JAUSPOL.BO,20.5,22.75,3.48K,Process Industries,Containers/Packaging,87.0,10.0,17.0,2.0,2.2936,2.1986,3.19K,1.02K,37.11,6.84,94.82M,No,22.61,23.77,22.4,23.19,25.73,495
417,GARGFUR.BO,195.55,172.5,129.04K,Non-Energy Minerals,Steel,87.0,97.0,95.0,74.0,16.8643,16.025,11.62K,11.61K,207.0,108.65,979.45M,No,154.25,134.91,135.13,147.07,137.36,495
418,SERA.BO,58.04,57.71,46.61K,Non-Energy Minerals,Other Metals/Minerals,87.0,95.0,89.0,86.0,4.4236,4.285,97.75K,229.37K,61.9,31.31,760.24M,No,50.68,44.69,41.17,46.49,42.14,495
419,GMMPFAUDLR.NS,1348.0,1307.9,1156.98K,Producer Manufacturing,Industrial Machinery,87.0,95.0,96.0,84.0,58.0464,49.7464,291.74K,595.82K,1384.8,735.0,60.60B,No,1109.75,953.62,934.69,1035.79,908.89,497
420,CONSOFINVT.NS,302.0,301.5,8.39K,Finance,Financial Conglomerates,87.0,84.0,88.0,72.0,12.4393,10.4643,16.96K,17.64K,320.0,152.0,9.76B,No,280.75,279.56,224.9,286.32,246.53,496
421,PGIL.NS,1141.4,1187.7,82.39K,Consumer Non-Durables,Apparel/Footwear,87.0,27.0,89.0,83.0,52.6071,51.8429,351.16K,230.22K,1269.8,600.0,105.44B,No,1171.38,1108.43,879.85,1132.81,925.3,499
422,ACMESOLAR.NS,420.4,402.3,5261.56K,Industrial Services,Engineering & Construction,87.0,85.0,83.0,91.0,17.3036,17.1786,2014.23K,1946.22K,430.5,195.9,296.92B,No,400.33,383.5,296.62,389.24,329.7,458
423,SYSTEMATIC.BO,274.45,271.85,72.00K,Producer Manufacturing,Metal Fabrication,87.0,89.0,92.0,89.0,16.1107,15.8107,43.90K,98.58K,296.0,125.0,6.13B,No,246.44,218.66,190.81,228.76,198.16,237
424,BAJAJCON.NS,503.8,520.5,824.68K,Consumer Non-Durables,Household/Personal Care,87.0,42.0,17.0,75.0,21.3071,21.2,933.00K,1198.81K,692.0,225.67,65.81B,No,489.13,530.84,438.11,513.52,498.71,498
425,DLTNCBL.BO,732.05,727.5,28.24K,Producer Manufacturing,Electrical Products,87.0,92.0,96.0,89.0,42.7786,38.7393,12.98K,20.19K,824.0,336.0,6.32B,No,605.15,507.94,498.03,553.3,466.92,495
426,AERPACE.BO,35.43,36.15,277.95K,Distribution Services,Wholesale Distributors,87.0,79.0,86.0,85.0,1.26,0.7543,630.16K,382.04K,42.44,16.7,5.45B,No,36.79,34.33,27.28,34.86,28.2,495
427,GHCLTEXTIL.NS,119.62,130.76,1302.63K,Process Industries,Textiles,87.0,56.0,87.0,86.0,5.94,5.7336,969.31K,808.83K,144.59,65.26,11.43B,No,129.56,120.56,91.52,122.33,98.99,497
428,NRAIL.NS,638.85,627.9,113.59K,Process Industries,Containers/Packaging,87.0,93.0,91.0,81.0,37.1714,36.4321,21.12K,60.09K,685.0,357.3,10.87B,No,538.45,496.13,464.66,533.07,476.99,497
429,ASAHISONG.NS,354.55,363.95,8.66K,Process Industries,Chemicals: Specialty,87.0,69.0,89.0,88.0,14.3179,13.0679,41.83K,18.46K,413.95,179.64,4.18B,No,368.12,340.3,264.54,354.76,274.73,497
430,LOTUSDEV.NS,213.54,209.27,2311.47K,Finance,Real Estate Development,87.0,92.0,93.0,85.0,9.7993,9.6886,2604.05K,2263.24K,219.73,102.2,104.36B,No,186.02,175.4,151.2,184.62,151.8,277
431,MMFL.NS,593.8,631.7,198.76K,Producer Manufacturing,Metal Fabrication,87.0,42.0,84.0,74.0,27.3821,26.8786,172.38K,130.45K,687.95,288.1,28.67B,No,637.67,588.53,471.29,599.5,504.81,498
432,BRRL.BO,935.0,920.0,0.40K,Consumer Durables,Homebuilding,87.0,72.0,47.0,62.0,37.1321,31.9964,4.17K,2.78K,1011.0,260.3,9.66B,No,910.35,888.81,802.81,893.32,912.19,495
433,VEL.BO,64.08,64.06,2.56K,Distribution Services,Wholesale Distributors,87.0,46.0,58.0,83.0,3.6507,3.5779,29.26K,27.95K,72.0,29.05,1.65B,No,65.98,63.54,50.91,64.79,55.28,495
434,FINCABLES.NS,1339.9,1424.0,1265.81K,Producer Manufacturing,Electrical Products,87.0,79.0,85.0,82.0,69.8429,66.7,1105.36K,1683.87K,1498.0,700.8,204.92B,No,1293.32,1151.72,961.91,1181.78,1055.96,499
435,VEDANTASSET.BO,65.44,66.73,1.50K,Finance,Investment Managers,87.0,24.0,90.0,87.0,1.4679,0.195,6.55K,1.50K,93.6,33.0,180.72M,No,65.47,75.47,52.29,73.97,54.94,494
436,INDNIPPON.NS,1279.0,1358.9,96.03K,Producer Manufacturing,Auto Parts: Oem,87.0,87.0,90.0,86.0,80.05,76.8,127.19K,492.60K,1564.0,675.0,28.93B,No,1140.28,1151.25,896.54,1183.44,954.13,497
437,FOSECOC.BO,1982.85,1977.15,10.28K,Producer Manufacturing,Miscellaneous Manufacturing,87.0,93.0,95.0,84.0,107.5643,106.3893,5.51K,10.89K,2115.0,1155.0,11.10B,No,1732.46,1536.7,1419.84,1618.27,1413.39,495
438,RESONANCE.BO,159.0,167.25,18.53K,Process Industries,Chemicals: Specialty,87.0,23.0,80.0,89.0,10.2857,9.575,20.39K,17.82K,188.5,77.0,1.84B,No,166.47,155.09,118.75,157.12,126.56,495
439,RAMRAT.NS,515.85,532.4,217.04K,Producer Manufacturing,Electrical Products,87.0,81.0,86.0,84.0,32.0072,31.6072,321.85K,328.02K,602.45,268.0,48.15B,No,527.15,472.39,380.66,488.82,415.02,498
440,KISSHT.NS,339.55,328.7,4238.94K,Finance,Finance/Rental/Leasing,87.0,82.0,84.0,,14.4929,14.2571,1993.32K,1506.92K,351.5,190.0,60.19B,No,312.18,315.34,,317.28,,92
441,ICIL.NS,427.1,443.25,281.51K,Process Industries,Textiles,87.0,82.0,81.0,88.0,24.5286,24.4929,1350.76K,916.55K,474.65,216.9,84.59B,No,436.46,419.42,322.91,419.91,343.56,498
442,PCCOSMA.BO,499.55,499.6,1.19K,Consumer Non-Durables,Household/Personal Care,87.0,91.0,95.0,83.0,24.375,24.375,2.37K,3.47K,552.0,285.55,1.32B,No,453.35,384.51,353.23,413.19,355.25,495
443,BALAMINES.NS,2105.7,2276.5,256.75K,Process Industries,Chemicals: Specialty,87.0,55.0,56.0,93.0,120.4571,118.5285,280.13K,285.72K,2629.8,968.1,68.23B,No,2318.39,2250.28,1582.5,2213.64,1764.66,499
444,ADOR.NS,1548.2,1603.7,31.26K,Producer Manufacturing,Miscellaneous Manufacturing,87.0,71.0,87.0,84.0,70.1714,67.5357,57.96K,58.54K,1766.4,848.0,26.94B,No,1624.66,1511.13,1169.4,1542.41,1227.65,498
445,ATLANTAELE.NS,1660.0,1777.8,106.06K,Producer Manufacturing,Electrical Products,87.0,56.0,20.0,88.0,77.8286,76.6571,133.06K,141.55K,2152.6,707.6,127.65B,No,1796.2,1702.32,1366.13,1702.68,1590.75,240
446,JUMBO.BO,89.82,89.66,2.36K,Process Industries,Containers/Packaging,87.0,69.0,94.0,82.0,4.8629,4.8629,10.44K,3.77K,105.0,49.06,752.13M,No,89.88,80.72,66.95,84.68,67.79,495
447,CEMPRO.NS,1207.1,1244.3,270.24K,Industrial Services,Engineering & Construction,87.0,29.0,61.0,94.0,49.8857,49.7643,509.27K,283.09K,1649.2,503.3,207.36B,No,1268.1,1363.42,938.41,1322.4,1025.34,499
448,KINETRU.BO,47.36,49.85,0.06K,Finance,Finance/Rental/Leasing,86.0,81.0,88.0,60.0,2.6143,1.64,1.54K,0.53K,75.82,25.47,159.13M,No,55.62,45.95,42.79,48.48,41.33,495
449,HONASA.NS,457.25,471.15,707.82K,Retail Trade,Specialty Stores,86.0,21.0,75.0,85.0,15.9893,15.8214,1590.83K,865.39K,509.8,248.4,149.07B,No,475.83,469.05,361.83,469.75,397.8,498
450,ARCHITORG.BO,66.23,67.81,15.38K,Process Industries,Chemicals: Specialty,86.0,76.0,84.0,89.0,2.4764,2.3979,27.30K,41.26K,69.0,34.0,1.36B,No,64.43,60.54,49.06,61.34,52.51,495
451,KALYANKJIL.NS,604.2,601.15,8521.63K,Retail Trade,Specialty Stores,86.0,56.0,94.0,84.0,22.5464,21.9572,22334.78K,9069.49K,648.95,327.05,623.99B,No,603.57,575.1,453.97,599.86,462.13,498
452,WELENT.NS,737.6,786.2,4638.25K,Industrial Services,Engineering & Construction,86.0,95.0,88.0,83.0,35.9643,35.9643,517.27K,728.82K,825.0,412.0,100.03B,No,705.47,641.15,536.63,660.71,560.41,499
453,RNITAI.BO,94.94,99.93,57.70K,Producer Manufacturing,Electrical Products,86.0,91.0,91.0,92.0,4.42,4.2593,147.94K,136.16K,130.2,37.0,8.05B,No,91.15,74.98,61.69,80.45,67.87,495
454,INOXINDIA.NS,1992.8,2246.6001,530.95K,Producer Manufacturing,Industrial Machinery,86.0,69.0,68.0,87.0,127.2072,124.4643,379.71K,374.83K,2339.5,1068.2,181.19B,No,2090.3,2004.32,1504.26,2033.35,1669.41,498
455,VISL.NS,31.68,33.34,18471.43K,Non-Energy Minerals,Steel,86.0,8.0,,,1.6729,1.6721,54199.85K,21841.26K,44.78,19.06,123.88B,No,35.9,34.96,,34.43,,66
456,BRGIL.BO,181.0,183.3,5.00K,Industrial Services,Engineering & Construction,86.0,40.0,91.0,90.0,8.3429,7.3643,57.95K,50.60K,203.0,89.06,4.31B,No,188.96,167.77,127.62,172.41,134.54,415
457,SIZEMASTER.BO,334.55,352.15,1.71K,Producer Manufacturing,Miscellaneous Manufacturing,86.0,97.0,18.0,66.0,22.4964,20.0821,0.58K,1.26K,415.0,119.95,3.35B,No,273.65,297.54,288.15,294.96,327.89,495
458,RAMAVISION.BO,170.0,173.9,0.35K,Distribution Services,Medical Distributors,86.0,86.0,84.0,71.0,12.5786,11.9464,3.99K,4.64K,190.85,79.6,1.77B,No,166.98,150.67,141.51,157.03,147.93,495
459,DIVISLAB.NS,9198.0,9322.0,380.79K,Health Technology,Pharmaceuticals: Major,86.0,81.0,89.0,79.0,230.3571,210.5,467.23K,489.88K,9615.0,5636.5,2441.78B,No,9070.9,8251.43,6862.38,8476.0,7135.58,498
460,QPOWER.NS,1355.2,1426.5,415.50K,Producer Manufacturing,Electrical Products,86.0,81.0,69.0,87.0,75.4571,74.3071,201.39K,337.67K,1570.0,581.0,104.95B,No,1401.49,1259.07,1022.71,1278.89,1151.45,387
461,SBECSUG.BO,61.7,61.85,3.78K,Process Industries,Agricultural Commodities/Milling,86.0,8.0,15.0,93.0,3.3407,3.0643,10.13K,4.30K,88.84,26.85,2.94B,No,65.89,65.94,43.75,64.0,48.86,495
462,PANAMAPET.NS,450.75,483.15,455.96K,Process Industries,Industrial Specialties,86.0,31.0,78.0,87.0,19.6179,19.1714,845.98K,298.95K,599.6,229.0,27.27B,No,482.83,469.85,346.37,473.7,372.54,498
463,MITSU.BO,166.15,172.5,33.38K,Producer Manufacturing,Miscellaneous Manufacturing,86.0,65.0,70.0,89.0,7.7071,7.5607,31.87K,27.44K,201.05,80.3,2.26B,No,181.21,161.23,127.59,164.46,137.36,495
464,SHALPAINTS.NS,81.79,85.73,88.27K,Process Industries,Industrial Specialties,86.0,35.0,94.0,86.0,3.7414,3.3443,507.10K,163.83K,95.95,35.21,6.85B,No,82.88,73.78,60.17,77.29,59.34,498
465,SPENTA.BO,147.25,144.4,0.41K,Consumer Non-Durables,Apparel/Footwear,86.0,90.0,89.0,87.0,5.8857,3.0179,1.40K,0.85K,169.7,71.1,407.05M,No,127.66,125.41,101.76,129.87,108.21,495
466,SHREEPUSHK.NS,501.45,486.9,310.94K,Process Industries,Chemicals: Specialty,86.0,94.0,87.0,85.0,29.6643,29.45,76.78K,145.96K,545.2,272.45,16.22B,No,458.46,425.47,373.46,429.9,382.44,499
467,DIGJAMLMTD.NS,65.0,68.42,123.96K,Process Industries,Textiles,86.0,95.0,92.0,86.0,3.7886,3.5814,52.00K,206.36K,73.19,36.03,1.30B,No,53.06,48.73,46.84,51.86,47.09,496
468,INFINITY.BO,534.0,538.5,2.40K,Technology Services,Packaged Software,86.0,96.0,86.0,78.0,14.3,13.6714,3.88K,5.08K,539.0,294.0,2.91B,No,497.75,428.95,393.51,446.55,397.72,234
469,NOVUS.BO,209.95,209.3,299.00K,Technology Services,Packaged Software,86.0,96.0,91.0,,14.9571,14.2536,61.40K,107.30K,224.0,126.95,3.26B,No,185.34,156.16,,167.11,,119
470,MWL.NS,41.03,40.6,7107.35K,Non-Energy Minerals,Steel,86.0,59.0,68.0,83.0,2.6486,2.6486,1225.26K,2329.19K,48.0,20.0,12.19B,No,39.75,38.83,32.33,39.39,34.66,498
471,WABAG.NS,2103.4,2277.8999,894.25K,Industrial Services,Engineering & Construction,86.0,83.0,80.0,88.0,98.7714,97.8786,890.22K,882.33K,2319.0,1033.0,131.44B,No,2057.73,2033.65,1552.35,2034.78,1696.25,499
472,SHANTIGEAR.NS,679.25,714.95,102.64K,Producer Manufacturing,Auto Parts: Oem,86.0,98.0,93.0,80.0,40.2071,39.5429,369.07K,487.94K,743.0,384.0,52.13B,No,565.98,477.46,459.28,505.33,468.15,498
473,ARVIND.NS,550.6,575.1,1581.07K,Process Industries,Textiles,86.0,44.0,72.0,87.0,23.9143,23.8429,815.35K,680.83K,607.15,277.9,144.33B,No,551.76,542.92,428.07,546.77,470.95,499
474,PFOCUS.NS,319.0,310.85,1807.00K,Consumer Services,Movies/Entertainment,86.0,89.0,87.0,59.0,11.9179,11.7536,849.51K,1002.51K,367.0,161.01,248.43B,No,297.01,285.78,263.09,295.13,280.3,497
475,MANORAMA.NS,1987.1,2055.7,151.41K,Consumer Non-Durables,Food: Specialty/Candy,86.0,92.0,86.0,80.0,73.5572,71.1643,454.06K,356.47K,2149.5,1060.6,125.43B,No,1950.72,1746.19,1475.7,1800.77,1547.19,498
476,PPEL.BO,704.35,706.95,98.80K,Producer Manufacturing,Metal Fabrication,86.0,92.0,,,40.3286,39.9964,292.91K,133.72K,729.5,447.0,14.05B,No,652.44,,,,,30
477,SEAMECLTD.NS,1736.9,1788.4,83.53K,Industrial Services,Oilfield Services/Equipment,86.0,87.0,67.0,73.0,58.0786,57.9643,96.17K,101.57K,1849.0,771.75,44.32B,No,1696.57,1549.13,1387.23,1597.84,1518.05,496
478,VSSL.NS,389.1,397.45,203.09K,Non-Energy Minerals,Steel,86.0,90.0,89.0,87.0,19.8536,19.65,315.24K,973.44K,423.85,206.4,37.62B,No,362.68,328.13,281.46,344.25,288.56,497
479,PURPLEFIN.BO,73.97,74.41,13.31K,Finance,Finance/Rental/Leasing,86.0,64.0,71.0,72.0,2.8457,2.7707,86.45K,42.70K,78.5,33.0,4.97B,No,72.13,71.46,62.53,72.36,66.25,496
480,AMAGI.NS,569.4,578.35,291.60K,Technology Services,Packaged Software,86.0,32.0,87.0,81.0,20.375,20.0607,909.16K,482.24K,727.4,310.2,123.18B,No,575.82,600.56,,595.99,472.42,163
481,MCX.NS,3173.5,3276.0,1746.74K,Finance,Investment Banks/Brokers,86.0,82.0,71.0,68.0,106.2643,102.3071,2612.20K,2014.81K,3480.0,1521.4,807.70B,No,3251.66,2964.04,2683.3,2996.11,2851.07,499
482,AEQUS.NS,221.52,225.97,2199.66K,Electronic Technology,Aerospace & Defense,86.0,13.0,73.0,89.0,8.1,8.0057,5795.32K,2418.38K,274.39,113.3,145.06B,No,244.89,241.33,,237.96,198.4,192
483,OFSS.NS,11803.0,11763.0,231.28K,Technology Services,Packaged Software,86.0,60.0,83.0,89.0,325.0714,306.6429,323.62K,217.51K,12540.0,6234.5,1027.84B,No,11883.95,11630.7,9087.86,11678.0,9734.08,499
484,3IINFOLTD.NS,23.99,22.85,733.48K,Technology Services,Information Technology Services,86.0,15.0,88.0,91.0,0.9593,0.9436,780.50K,187.98K,27.8,12.68,4.98B,No,23.24,22.34,17.62,23.04,18.56,497
485,GRANULES.NS,872.6,909.3,2105.77K,Health Technology,Pharmaceuticals: Other,85.0,66.0,77.0,81.0,28.55,28.3036,1160.01K,1992.19K,923.65,510.55,216.23B,No,855.93,859.08,702.4,859.62,755.65,498
486,EMERALL.BO,268.0,279.0,0.17K,Consumer Services,Hotels/Resorts/Cruise Lines,85.0,73.0,93.0,85.0,14.2643,13.3143,2.59K,0.88K,325.0,151.0,4.02B,No,285.91,226.08,200.89,242.05,203.81,495
487,JGCHEM.NS,564.65,592.05,249.74K,Process Industries,Chemicals: Specialty,85.0,30.0,87.0,85.0,35.8893,35.5429,588.35K,389.42K,675.0,298.4,22.13B,No,608.6,549.09,418.56,564.16,448.42,498
488,KAMDHENU.NS,38.66,39.09,432.69K,Non-Energy Minerals,Steel,85.0,88.0,84.0,88.0,1.9529,1.9271,907.70K,964.07K,40.95,16.15,10.90B,No,36.62,35.02,26.65,36.23,28.47,498
489,ICDSLTD.NS,63.15,62.52,2.40K,Finance,Finance/Rental/Leasing,85.0,98.0,92.0,88.0,5.0929,4.1393,8.35K,47.79K,77.69,36.4,822.64M,No,50.55,44.51,43.91,48.24,45.39,496
490,UNITEDTE.BO,22.77,21.69,1.32K,Process Industries,Textiles,85.0,94.0,93.0,80.0,0.2207,0.0,0.88K,0.20K,22.77,13.3,68.31M,No,20.4,17.77,16.87,18.48,16.63,498
491,SGFIN.NS,629.75,660.75,271.96K,Finance,Investment Banks/Brokers,85.0,39.0,67.0,85.0,20.5643,20.5643,493.93K,156.95K,727.45,323.0,41.50B,No,679.01,671.36,519.22,670.39,573.66,278
492,LAXMIPATI.BO,444.4,444.4,0.50K,Producer Manufacturing,Trucks/Construction/Farm Machinery,85.0,35.0,92.0,84.0,3.5286,0.3571,1.54K,0.06K,585.0,209.0,2.56B,No,458.63,480.7,350.39,471.74,365.75,498
493,CRAFTSMAN.NS,11099.0,11669.0,74.00K,Producer Manufacturing,Trucks/Construction/Farm Machinery,85.0,79.0,79.0,83.0,445.7143,440.3929,66.67K,70.01K,11999.0,6324.0,290.29B,No,11045.62,10234.45,8449.17,10492.5,8942.27,496
494,AYMSYNTEX.NS,269.1,281.65,73.04K,Process Industries,Textiles,85.0,75.0,81.0,78.0,20.6964,20.6464,101.78K,361.81K,330.0,141.53,15.82B,No,279.09,258.05,209.31,262.0,227.85,497
495,RAIN.NS,196.74,215.97,5273.06K,Process Industries,Industrial Specialties,85.0,26.0,39.0,87.0,10.2214,10.0536,5270.94K,5162.62K,252.0,99.9,66.17B,No,206.88,212.46,161.74,212.29,172.26,498
496,APMIN.BO,58.04,56.8,17.64K,Process Industries,Textiles,85.0,70.0,79.0,82.0,2.4571,2.4521,8.63K,9.24K,61.0,34.6,1.25B,No,57.53,53.04,44.44,54.34,47.26,495
497,MOLDTECH.NS,197.03,207.39,28.73K,Industrial Services,Engineering & Construction,85.0,74.0,94.0,84.0,11.7064,11.2307,162.73K,66.46K,227.0,101.1,5.68B,No,196.76,167.49,142.92,178.67,143.74,496
498,SRIKPRIND.NS,29.22,30.75,3.69K,Non-Energy Minerals,Construction Materials,85.0,,,,2.6221,2.2914,48.13K,88.49K,36.8,19.4,,No,25.86,,,,,20
499,KTKBANK.NS,315.95,325.35,3508.28K,Finance,Regional Banks,85.0,67.0,74.0,76.0,9.9643,9.75,2566.18K,2167.66K,345.9,170.0,119.49B,No,330.52,304.44,247.69,309.73,269.49,499
500,CAPRIHANS.BO,116.5,118.8,1.69K,Process Industries,Containers/Packaging,85.0,89.0,92.0,90.0,6.61,5.1379,9.51K,2.81K,140.0,50.3,2.05B,No,119.46,94.64,82.99,99.6,82.19,495
501,VARROC.NS,836.0,872.0,278.44K,Producer Manufacturing,Auto Parts: Oem,85.0,59.0,91.0,88.0,38.9786,37.9679,539.12K,513.87K,896.0,462.0,127.74B,No,837.09,754.01,614.84,780.04,629.39,497
502,RAMBHAJO.NS,253.22,269.28,537.64K,Consumer Durables,Other Consumer Specialties,85.0,96.0,,,22.645,22.3143,1490.00K,1212.87K,289.0,161.6,,No,237.98,209.01,,216.86,,54
503,ESAFSFB.NS,38.98,39.61,435.39K,Finance,Regional Banks,85.0,64.0,84.0,84.0,1.5729,1.5579,3065.65K,404.27K,44.99,19.78,20.11B,No,42.11,39.46,30.2,40.35,31.85,498
504,ABHIFIN.BO,65.99,66.65,0.05K,Finance,Investment Banks/Brokers,85.0,84.0,77.0,86.0,3.675,2.8557,0.71K,0.95K,72.9,39.57,304.39M,No,61.7,57.75,49.66,58.11,52.52,496
505,GRAMEVA.BO,90.5,90.97,1.19K,Producer Manufacturing,Industrial Conglomerates,85.0,80.0,84.0,85.0,4.7221,4.5636,1.20K,0.71K,116.0,45.51,434.35M,No,86.95,91.7,71.0,91.56,76.66,495
506,VALIANTORG.NS,388.35,396.3,74.86K,Process Industries,Chemicals: Specialty,85.0,87.0,89.0,90.0,18.2357,17.2786,42.89K,77.12K,414.0,195.0,10.89B,No,320.35,296.77,271.54,311.95,281.18,496
507,VICTMILL.BO,8230.0,8471.0,0.13K,Process Industries,Textiles,85.0,97.0,94.0,73.0,496.4215,485.0751,0.16K,0.22K,9448.95,4501.0,811.15M,No,8168.95,6331.78,5975.63,6870.25,6008.99,495
508,RBA.NS,95.23,98.05,2819.88K,Consumer Services,Restaurants,85.0,48.0,89.0,84.0,4.1529,4.13,12916.69K,3139.34K,111.15,57.15,67.81B,No,100.51,85.85,70.67,88.79,74.1,497
509,TALBROAUTO.NS,421.3,423.75,454.53K,Producer Manufacturing,Industrial Machinery,85.0,62.0,79.0,89.0,15.2429,14.8071,276.17K,277.03K,451.6,219.9,26.01B,No,415.56,411.99,324.44,413.1,346.54,499
510,GLOBAL.NS,126.23,126.91,86.90K,Commercial Services,Miscellaneous Commercial Services,85.0,92.0,83.0,62.0,6.415,6.4086,97.75K,237.46K,129.4,55.3,6.43B,No,114.16,107.0,99.37,110.31,105.36,497
511,EMMFORCE.BO,174.0,181.0,8.40K,Producer Manufacturing,Auto Parts: Oem,85.0,20.0,92.0,75.0,6.1786,5.4929,28.30K,10.20K,201.05,105.0,3.57B,No,182.68,181.79,142.08,181.02,146.11,496
512,ASTRAMICRO.NS,1593.8,1680.6,496.88K,Electronic Technology,Telecommunications Equipment,85.0,24.0,67.0,84.0,58.9429,57.9072,653.33K,369.31K,1960.0,851.0,151.32B,No,1690.75,1735.65,1258.41,1734.73,1405.5,499
513,VALIANT.BO,1246.0,1323.5,12.84K,Electronic Technology,Telecommunications Equipment,85.0,67.0,59.0,59.0,77.1,74.3143,17.21K,21.49K,1359.8,606.73,14.57B,No,1202.47,1110.42,1007.5,1135.16,1084.64,496
514,FUNDVISER.BO,395.0,386.0,0.30K,Finance,Real Estate Investment Trusts,85.0,47.0,67.0,70.0,24.7357,24.5929,0.48K,0.18K,484.4,179.5,3.12B,No,414.69,401.47,340.98,400.24,392.26,495
515,BUILDPRO.NS,1283.0,1252.5,95.75K,Distribution Services,Wholesale Distributors,85.0,69.0,84.0,74.0,52.7071,50.8357,104.06K,100.63K,1380.0,636.0,31.11B,No,1268.03,1253.69,,1263.04,1127.21,170
516,SHILINDORE.BO,1284.0,1284.0,1.05K,Consumer Services,Hotels/Resorts/Cruise Lines,85.0,90.0,74.0,86.0,37.3821,23.0536,1.50K,0.19K,1430.0,702.05,3.91B,No,1226.83,1253.72,994.04,1240.57,1078.09,496
517,ELANTAS.NS,13481.0,14513.0,9.23K,Process Industries,Industrial Specialties,85.0,87.0,88.0,,755.8571,735.3571,3.64K,7.39K,14890.0,8900.0,106.87B,No,12275.65,11012.94,,11527.35,,103
518,SONAMLTD.NS,72.55,72.9,37.70K,Consumer Durables,Other Consumer Specialties,85.0,96.0,87.0,75.0,5.3271,4.8193,121.74K,257.90K,80.32,37.4,2.90B,No,68.35,60.18,51.71,62.38,56.51,496
519,CORONA.NS,2217.9,2236.1001,90.92K,Health Technology,Pharmaceuticals: Major,85.0,71.0,85.0,76.0,71.2143,66.8357,53.62K,86.39K,2292.4,1336.6,,No,2122.18,2094.1,,2124.61,1845.84,188
520,KHAITANLTD.NS,158.94,162.51,5.04K,Consumer Durables,Electronics/Appliances,85.0,84.0,83.0,89.0,9.7871,9.7771,6.17K,8.74K,178.0,85.0,798.02M,No,152.49,142.52,118.85,145.35,128.03,496
521,YUKEN.NS,1077.6,1113.75,43.27K,Producer Manufacturing,Industrial Machinery,85.0,93.0,94.0,82.0,52.3393,51.2928,16.80K,30.20K,1134.7,584.1,14.64B,No,980.38,844.99,776.44,898.0,773.43,497
522,PAR.NS,133.88,140.92,26.11K,Process Industries,Chemicals: Specialty,84.0,95.0,91.0,80.0,12.47,10.2571,72.07K,339.99K,180.0,78.05,1.65B,No,122.39,107.26,96.14,113.13,97.48,496
523,SAHYADRI.NS,363.15,390.9,27.61K,Non-Energy Minerals,Construction Materials,84.0,59.0,87.0,84.0,21.1429,20.9107,19.72K,27.30K,408.95,200.1,3.98B,No,366.8,329.13,276.57,342.61,288.52,496
524,MAWANASUG.NS,129.0,134.63,195.21K,Consumer Non-Durables,Food: Specialty/Candy,84.0,84.0,79.0,85.0,7.7857,7.7571,299.01K,354.21K,164.0,75.08,5.05B,No,141.5,124.22,99.97,126.94,108.2,499
525,IL&FSENGG.NS,39.17,38.54,25.78K,Industrial Services,Engineering & Construction,84.0,85.0,87.0,88.0,1.5721,1.5393,35.55K,41.39K,39.98,21.0,5.14B,No,36.44,33.67,28.35,35.6,29.95,496
526,THANGAMAYL.NS,4912.0,5126.0,100.16K,Consumer Durables,Other Consumer Specialties,84.0,19.0,29.0,77.0,174.1786,173.7857,220.07K,81.14K,7430.0,1939.5,152.67B,No,5346.77,5748.49,4406.67,5556.9,4785.94,499
527,SHAREINDIA.NS,197.2,198.93,4209.58K,Finance,Investment Banks/Brokers,84.0,87.0,91.0,81.0,8.4286,8.2086,4721.49K,10446.04K,212.33,115.36,43.15B,No,176.82,176.3,152.45,179.89,152.38,498
528,BHEL.NS,412.85,431.0,7338.82K,Producer Manufacturing,Electrical Products,84.0,52.0,67.0,86.0,13.1893,12.7679,11533.80K,6129.69K,446.5,229.12,1437.57B,No,424.51,415.58,339.45,419.2,367.35,499
529,ELPROINTL.NS,172.85,173.24,17.26K,Electronic Technology,Electronic Components,84.0,56.0,57.0,,2.4793,2.3729,50.23K,15.22K,180.89,102.0,29.29B,No,174.5,175.23,,175.33,,103
530,HRS.BO,255.9,256.45,12.00K,Non-Energy Minerals,Aluminum,84.0,68.0,66.0,38.0,4.3536,3.0857,26.99K,58.84K,292.6,126.0,4.93B,No,252.35,250.02,,251.34,246.5,184
531,ALPHAGEO.NS,298.85,310.25,7.70K,Industrial Services,Oilfield Services/Equipment,84.0,70.0,92.0,83.0,16.1064,15.5279,36.80K,12.46K,368.0,164.8,1.90B,No,318.34,260.84,225.21,272.51,228.4,497
532,PLAZACABLE.NS,61.38,62.97,226.44K,Producer Manufacturing,Electrical Products,84.0,87.0,85.0,89.0,3.9257,3.8243,66.25K,211.71K,66.0,27.0,2.69B,No,56.16,49.58,43.48,52.37,45.67,497
533,PAUSHAKLTD.NS,682.8,729.6,35.15K,Process Industries,Chemicals: Major Diversified,84.0,26.0,93.0,87.0,39.2107,39.025,72.09K,48.81K,826.75,342.5,16.84B,No,761.9,675.51,,692.87,539.26,198
534,KOURA.BO,50.0,50.0,8.00K,Consumer Durables,Other Consumer Specialties,84.0,92.0,91.0,72.0,1.2321,0.9029,6.86K,7.00K,52.2,30.05,301.82M,No,49.69,41.6,37.87,43.35,39.21,497
535,UFLEX.NS,636.1,653.45,129.48K,Process Industries,Containers/Packaging,84.0,94.0,92.0,79.0,33.0929,33.0464,559.59K,454.51K,723.5,330.0,45.93B,No,643.73,537.02,466.73,557.91,467.09,497
536,ECOFINITY.BO,70.85,69.94,30.49K,Distribution Services,Wholesale Distributors,84.0,63.0,91.0,74.0,3.6136,3.57,18.97K,27.64K,73.49,34.51,493.32M,No,70.08,65.13,52.95,67.62,56.93,495
537,CJGEL.BO,24.52,25.79,1.07K,Consumer Non-Durables,Food: Specialty/Candy,84.0,84.0,73.0,79.0,2.1664,2.0893,1.88K,2.73K,29.0,13.91,118.02M,No,24.08,22.45,18.94,22.77,19.96,495
538,ALIVUS.NS,1347.8,1386.8,79.32K,Health Technology,Pharmaceuticals: Major,84.0,53.0,85.0,79.0,55.3643,55.0786,157.17K,300.13K,1493.8,819.0,165.47B,No,1380.8,1275.81,1052.97,1291.3,1121.47,497
539,SUNDRMFAST.NS,1237.3,1270.0,130.04K,Producer Manufacturing,Auto Parts: Oem,84.0,64.0,92.0,81.0,43.5071,42.3571,206.91K,320.36K,1347.2,730.1,259.99B,No,1224.03,1094.64,933.44,1133.92,941.96,497
540,JINDALSAW.NS,289.0,311.95,2583.86K,Non-Energy Minerals,Steel,84.0,80.0,77.0,80.0,13.1393,12.9464,2252.50K,2299.53K,320.0,153.0,184.27B,No,299.05,278.15,221.6,282.68,244.44,499
541,DYNAVSN.BO,254.7,249.0,0.42K,Finance,Real Estate Development,84.0,91.0,87.0,81.0,7.1179,6.4571,0.62K,0.40K,260.0,145.0,978.05M,No,242.43,219.82,193.11,228.23,196.49,495
542,FILTRON.BO,72.39,73.86,0.38K,Producer Manufacturing,Industrial Machinery,84.0,29.0,11.0,6.0,1.06,0.5436,0.70K,0.38K,106.41,22.21,4.60B,No,76.35,72.45,87.23,72.35,85.29,497
543,INNOVACAP.NS,1140.1,1147.2,216.52K,Health Technology,Pharmaceuticals: Major,84.0,83.0,79.0,87.0,50.6214,50.4857,72.81K,121.51K,1236.1,622.0,65.24B,No,1100.1,1028.78,828.27,1047.42,885.9,498
544,CENTUM.NS,4010.6,4192.0,42.58K,Electronic Technology,Electronic Components,84.0,86.0,72.0,78.0,193.0643,187.8643,61.24K,145.08K,4450.0,2044.2,59.20B,No,3689.48,3664.43,2993.7,3709.03,3322.2,497
545,LUMAXTECH.NS,1991.3,1993.7,233.22K,Producer Manufacturing,Auto Parts: Oem,84.0,53.0,83.0,75.0,78.2214,78.2214,252.45K,175.09K,2148.7,1083.2,135.72B,No,1982.33,1761.34,1635.87,1811.3,1694.16,498
546,IVP.NS,209.79,214.47,6.60K,Process Industries,Chemicals: Specialty,84.0,89.0,86.0,88.0,8.9079,7.9886,26.75K,24.63K,222.0,110.0,2.17B,No,197.25,176.82,154.85,180.96,159.46,497
547,ANANDRATHI.NS,2183.9,2211.0,126.77K,Finance,Investment Managers,84.0,59.0,82.0,78.0,40.0928,39.5786,363.99K,233.59K,2255.0,1353.85,362.62B,No,2192.76,2129.51,1761.33,2147.69,1887.25,498
548,SOFTTECH.NS,474.95,452.35,13.38K,Technology Services,Packaged Software,84.0,86.0,78.0,91.0,14.8357,14.5429,2.97K,3.91K,489.9,215.0,6.57B,No,426.57,423.09,360.73,429.23,384.02,496
549,PRABHA.NS,239.42,244.64,307.26K,Energy Minerals,Oil & Gas Production,84.0,97.0,93.0,85.0,15.0979,14.9807,511.23K,1721.24K,262.8,137.91,37.37B,No,221.38,178.74,168.88,188.56,168.33,371
550,BIL.NS,1027.55,1073.0,12.08K,Consumer Non-Durables,Consumer Sundries,84.0,91.0,92.0,80.0,61.3286,60.2036,14.77K,43.06K,1150.0,602.0,13.78B,No,906.14,821.14,770.96,856.02,779.01,497
551,RADICO.NS,4360.0,4368.1001,242.24K,Consumer Non-Durables,Beverages: Alcoholic,84.0,33.0,82.0,82.0,95.5214,93.2429,380.31K,225.67K,4747.0,2500.0,584.16B,No,4541.96,4393.77,3459.55,4414.59,3650.99,498
552,GANESHBE.NS,125.35,131.63,119.03K,Process Industries,Chemicals: Specialty,84.0,83.0,79.0,87.0,7.1714,6.9557,652.41K,249.30K,135.85,68.4,9.02B,No,122.19,115.05,94.43,119.03,102.33,497
553,SRGFFL.BO,33.55,36.31,6.00K,Finance,Finance/Rental/Leasing,84.0,93.0,95.0,59.0,2.4064,2.2057,2.71K,8.40K,38.9,17.3,180.34M,No,30.31,26.96,25.86,27.34,24.85,496
554,BGWTATO.BO,655.9,655.0,0.94K,Non-Energy Minerals,Steel,84.0,39.0,86.0,70.0,37.1607,37.1286,2.57K,1.42K,733.9,365.65,1.89B,No,666.09,631.72,564.97,657.79,573.47,495
555,SIGIND.NS,68.99,70.79,11.17K,Process Industries,Chemicals: Specialty,84.0,64.0,90.0,83.0,3.8371,3.8279,49.34K,18.86K,74.99,40.66,2.03B,No,70.56,59.99,52.0,63.14,53.16,496
556,AMS.BO,49.0,50.0,2.03K,Producer Manufacturing,Auto Parts: Oem,84.0,0.0,8.0,80.0,2.5129,0.9107,0.42K,0.57K,81.46,25.77,161.82M,No,60.78,60.38,46.37,61.16,54.77,495
557,APOLLOFI.BO,532.45,561.9,1.86K,Finance,Finance/Rental/Leasing,84.0,98.0,93.0,79.0,28.6429,26.0,1.18K,2.92K,602.0,299.0,1.99B,No,407.8,370.29,372.65,397.58,368.81,495
558,MPSLTD.NS,2522.6,2608.5,19.90K,Consumer Services,Publishing: Books/Magazines,84.0,24.0,90.0,90.0,93.9786,93.1286,71.21K,15.67K,2979.0,1336.1,42.82B,No,2722.6,2566.84,1973.38,2666.82,2027.24,496
559,HSIL.BO,435.05,468.25,10.40K,Health Technology,Medical Specialties,83.0,90.0,79.0,88.0,27.2357,22.15,23.66K,64.80K,497.0,215.0,6.32B,No,387.32,378.28,326.75,386.47,347.6,495
560,STYLAMIND.NS,3281.2,3329.8999,31.65K,Non-Energy Minerals,Forest Products,83.0,23.0,54.0,82.0,109.4214,108.8357,78.46K,34.66K,4150.0,1621.0,55.65B,No,3461.8,3424.5,2673.54,3433.77,2889.79,498
561,HIRECT.NS,1204.9,1245.4,59.70K,Producer Manufacturing,Electrical Products,83.0,45.0,64.0,88.0,45.55,45.1286,170.87K,68.59K,1399.0,565.2,41.42B,No,1245.14,1239.85,932.54,1263.51,1039.1,498
562,CAMEXLTD.BO,48.85,49.52,3.67K,Process Industries,Textiles,83.0,91.0,76.0,86.0,3.3414,3.0143,12.58K,68.31K,54.4,26.37,498.69M,No,42.03,41.24,35.77,42.36,37.73,495
563,APCOTEXIND.NS,576.7,601.15,118.18K,Process Industries,Chemicals: Specialty,83.0,52.0,72.0,85.0,23.6357,23.4607,292.25K,191.72K,712.0,310.45,29.90B,No,619.52,591.93,455.66,597.94,493.58,497
564,QUADFUTURE.NS,484.6,478.5,4009.60K,Producer Manufacturing,Electrical Products,83.0,95.0,78.0,86.0,26.8107,26.4107,1330.59K,1484.01K,519.6,248.55,19.38B,No,417.9,396.19,337.29,404.95,355.06,417
565,JSTL.BO,81.0,81.76,23.13K,Health Services,Medical/Nursing Services,83.0,50.0,56.0,70.0,3.7457,3.7179,19.39K,28.55K,93.9,32.85,1.61B,No,75.98,75.24,72.15,76.02,75.75,495
566,TECHNOCRAF.NS,424.35,442.3,1500.32K,Industrial Services,Engineering & Construction,83.0,,,,22.3207,21.9793,3374.66K,1705.74K,459.8,284.0,16.81B,No,370.4,,,,,22
567,RALEGRA.BO,59.9,60.0,1.02K,Non-Energy Minerals,Construction Materials,83.0,54.0,74.0,82.0,2.6693,2.3629,1.03K,2.12K,75.99,32.7,634.10M,No,55.4,57.35,48.42,57.84,50.1,495
568,AUSOMENT.NS,151.73,152.59,5.05K,Finance,Investment Banks/Brokers,83.0,69.0,85.0,84.0,6.8321,6.7757,5.29K,9.69K,178.0,93.0,2.07B,No,150.58,139.86,122.88,145.03,126.8,497
569,KVSCASTING.BO,85.98,90.5,50.00K,Non-Energy Minerals,Steel,83.0,78.0,87.0,84.0,4.9871,4.5071,68.79K,106.60K,96.0,48.01,1.61B,No,88.1,75.06,62.69,78.47,64.72,235
570,RAJSEC.BO,57.9,57.8,29.44K,Utilities,Gas Distributors,83.0,80.0,77.0,87.0,1.0186,0.8286,236.16K,417.91K,66.99,29.0,4.45B,No,56.72,55.44,45.73,55.81,49.0,495
571,CARNATIN.BO,103.17,98.26,1.16K,Producer Manufacturing,Metal Fabrication,83.0,75.0,76.0,68.0,0.7014,0.6486,0.23K,0.00K,103.17,21.07,356.68M,No,98.51,95.76,82.29,96.88,89.23,498
572,IYKOTHITE.BO,23.26,22.16,0.87K,Producer Manufacturing,Miscellaneous Manufacturing,83.0,75.0,76.0,82.0,0.0786,0.0,0.50K,0.65K,23.26,10.0,471.71M,No,22.21,21.6,17.54,21.85,19.54,497
573,GDLLEAS.BO,59.01,62.11,0.01K,Finance,Finance/Rental/Leasing,83.0,16.0,10.0,2.0,3.0629,2.7979,0.30K,0.22K,169.8,19.92,295.65M,No,64.88,64.83,90.59,64.92,73.64,495
574,HIMTEK.BO,275.85,290.35,14.53K,Producer Manufacturing,Auto Parts: Oem,83.0,78.0,88.0,78.0,12.6464,12.025,31.31K,26.73K,299.9,177.0,2.85B,No,271.79,253.99,219.75,263.31,223.67,495
575,AAREYDRUGS.NS,98.82,98.89,212.87K,Health Technology,Pharmaceuticals: Major,83.0,89.0,83.0,79.0,4.45,4.3421,108.68K,228.04K,101.29,50.31,3.30B,No,88.79,83.91,77.22,85.93,80.75,496
576,ARIES.NS,473.3,475.6,25.73K,Process Industries,Chemicals: Agricultural,83.0,92.0,91.0,77.0,32.7429,32.4,68.41K,94.10K,524.75,285.35,6.15B,No,470.01,396.96,354.08,416.21,370.73,496
577,HATSUN.NS,1275.0,1224.4,874.60K,Consumer Non-Durables,Food: Meat/Fish/Dairy,83.0,94.0,90.0,77.0,65.8714,65.1071,60.89K,108.92K,1349.7,855.3,284.00B,No,1123.51,998.42,954.73,1045.08,968.55,498
578,NAZARA.NS,357.4,370.3,1006.43K,Technology Services,Packaged Software,83.0,64.0,82.0,81.0,12.0714,12.0643,2477.13K,1710.00K,380.0,215.7,137.49B,No,362.61,337.88,283.85,347.95,296.36,498
579,ADCINDIA.BO,2259.0,2299.95,0.23K,Electronic Technology,Telecommunications Equipment,83.0,16.0,30.0,89.0,41.0679,29.3178,1.39K,0.59K,2678.35,1150.25,10.39B,No,2392.55,2311.74,1808.46,2309.7,2009.84,495
580,SHAHALLOYS.NS,91.05,92.62,43.78K,Non-Energy Minerals,Steel,83.0,92.0,89.0,86.0,8.0186,7.5086,88.96K,253.60K,116.85,53.1,1.80B,No,91.58,78.59,70.09,81.05,72.05,497
581,DCBBANK.NS,221.89,226.37,845.00K,Finance,Regional Banks,83.0,91.0,81.0,71.0,7.4614,7.27,1959.35K,2309.24K,234.8,122.4,71.49B,No,213.54,198.53,185.73,202.25,187.8,499
582,SWARAJ.NS,318.4,335.15,3.19K,Process Industries,Textiles,83.0,8.0,83.0,51.0,12.1321,10.9357,151.89K,81.96K,386.75,158.5,8.41B,No,360.79,357.67,291.38,356.56,306.08,496
583,OCCLLTD.NS,151.64,159.41,57.15K,Process Industries,Chemicals: Specialty,83.0,59.0,73.0,90.0,5.8386,5.6764,73.51K,50.46K,183.03,75.71,7.57B,No,161.68,152.57,113.62,154.74,121.06,466
584,WEPSOLN.BO,32.52,34.07,8.70K,Electronic Technology,Computer Peripherals,83.0,89.0,87.0,84.0,1.9743,1.3143,51.89K,124.59K,39.58,17.65,1.20B,No,33.1,30.78,24.93,31.91,26.35,495
585,CHORDIA.BO,100.82,105.97,3.92K,Consumer Non-Durables,Food: Major Diversified,83.0,96.0,89.0,76.0,5.3257,4.3936,2.99K,3.52K,117.11,63.67,406.13M,No,82.74,75.18,72.92,79.49,73.49,495
586,MACHLTD.BO,160.95,169.55,9.60K,Commercial Services,Miscellaneous Commercial Services,83.0,31.0,69.0,78.0,7.75,7.5929,15.51K,11.58K,199.0,90.0,3.39B,No,164.93,157.55,131.47,160.31,141.54,496
587,PKTEA.NS,1024.6,1121.75,3.65K,Process Industries,Agricultural Commodities/Milling,83.0,97.0,88.0,73.0,99.3571,87.4393,3.39K,17.71K,1169.0,605.0,3.17B,No,827.69,758.42,774.84,786.4,787.12,496
588,SOTEFIN.BO,290.35,297.25,23.40K,Producer Manufacturing,Industrial Machinery,83.0,90.0,,,17.3786,16.8464,143.89K,62.16K,314.0,197.1,5.27B,No,262.29,,,,,38
589,TNPETRO.NS,125.71,128.9,1021.99K,Process Industries,Chemicals: Specialty,83.0,86.0,90.0,81.0,9.28,9.1979,1322.65K,6135.94K,146.99,78.67,11.31B,No,123.7,108.5,96.95,111.23,96.26,499
590,EIMCOELECO.NS,2242.2,2325.5,26.47K,Producer Manufacturing,Trucks/Construction/Farm Machinery,83.0,90.0,90.0,80.0,80.5929,79.8072,62.43K,29.78K,2380.0,1405.5,12.93B,No,2221.49,1985.54,1702.34,2045.9,1756.56,496
591,BHATIA.BO,34.21,32.96,489.62K,Retail Trade,Electronics/Appliance Stores,83.0,94.0,86.0,85.0,1.49,1.4871,104.75K,198.28K,34.98,17.99,4.81B,No,31.05,27.07,24.35,28.33,24.97,495
592,STHINPA.BO,118.0,118.8,18.21K,Process Industries,Pulp & Paper,83.0,89.0,80.0,75.0,6.2643,6.2643,16.16K,14.37K,136.0,65.1,2.21B,No,117.36,109.9,96.32,111.62,99.77,495
593,JAYATMA.BO,27.13,27.13,0.09K,Process Industries,Textiles,83.0,33.0,0.0,90.0,0.1014,0.1014,0.08K,0.08K,70.18,13.33,81.39M,No,27.84,33.06,28.97,30.43,34.68,496
594,NGLFINE.NS,2581.8,2657.2,7.74K,Health Technology,Pharmaceuticals: Major,83.0,1.0,13.0,53.0,143.3285,141.8642,13.68K,14.69K,3602.0,1271.0,15.95B,No,2829.6,3087.6,2373.96,3036.29,2703.8,498
595,PTCIL.NS,22560.0,23630.0,34.72K,Producer Manufacturing,Metal Fabrication,83.0,90.0,80.0,71.0,1054.2857,1052.0714,30.26K,48.26K,24125.0,14461.0,338.23B,No,21843.0,19554.78,17951.67,20429.5,18064.8,497
596,TVSSRICHAK.NS,4960.5,5146.0,5.60K,Consumer Durables,Automotive Aftermarket,83.0,93.0,82.0,76.0,257.1714,254.0714,33.21K,22.48K,5760.0,2891.3,37.98B,No,5130.17,4482.31,4112.62,4598.22,4086.48,497
597,BALRAMCHIN.NS,677.1,691.4,1081.85K,Process Industries,Agricultural Commodities/Milling,82.0,81.0,81.0,72.0,35.6179,35.0357,2934.45K,7282.04K,780.95,393.55,143.27B,No,688.35,641.41,523.88,650.24,559.61,499
598,UNITEDPOLY.NS,42.75,43.28,129.16K,Process Industries,Textiles,82.0,95.0,86.0,87.0,2.3136,2.3071,83.48K,128.07K,51.16,20.6,9.81B,No,38.78,33.72,30.82,35.59,31.9,496
599,SMRUTHIORG.BO,156.9,160.1,10.89K,Health Technology,Pharmaceuticals: Major,82.0,92.0,88.0,76.0,10.7607,10.4964,8.40K,23.31K,175.3,95.0,1.80B,No,141.55,127.86,119.64,132.5,121.45,495
600,GOCLCORP.NS,435.65,441.55,209.87K,Process Industries,Industrial Specialties,82.0,82.0,68.0,89.0,14.7036,13.1857,229.59K,717.35K,459.9,223.35,21.60B,No,410.59,407.93,332.34,413.16,356.75,498
601,RGL.NS,151.77,155.49,1223.85K,Consumer Durables,Other Consumer Specialties,82.0,92.0,88.0,80.0,10.4271,10.1721,1622.35K,1243.25K,163.45,85.0,16.30B,No,140.91,127.65,115.8,132.93,115.5,499
602,LLOYDSENGG.NS,79.71,82.76,4653.95K,Industrial Services,Engineering & Construction,82.0,11.0,72.0,90.0,3.0314,2.955,16690.64K,5301.97K,99.75,37.4,123.52B,No,86.23,88.51,65.17,87.95,70.79,498
603,GOODLUCK.NS,519.15,516.85,708.82K,Non-Energy Minerals,Steel,82.0,89.0,79.0,82.0,23.6536,23.6536,830.82K,761.69K,557.37,305.0,51.77B,No,476.28,489.26,419.95,491.94,443.25,499
604,ECOBOAR.BO,61.84,59.61,5.96K,Non-Energy Minerals,Forest Products,82.0,85.0,73.0,54.0,3.3114,3.23,7.72K,8.36K,77.8,31.5,1.63B,No,62.23,58.05,56.62,58.43,60.31,495
605,REGENCY.BO,46.03,46.31,61.70K,Finance,Investment Banks/Brokers,82.0,71.0,86.0,88.0,1.9993,1.9993,136.20K,82.44K,48.8,22.71,3.69B,No,46.6,44.37,35.1,45.26,36.27,495
606,PAJSON.BO,212.0,211.0,12.00K,Consumer Non-Durables,Food: Specialty/Candy,82.0,84.0,77.0,42.0,8.2679,6.0393,8.93K,13.38K,255.0,120.05,5.05B,No,205.02,193.55,,197.2,190.38,184
607,BDH.BO,505.1,510.75,0.34K,Health Technology,Pharmaceuticals: Other,82.0,32.0,72.0,77.0,25.7536,25.2107,3.35K,0.64K,610.0,340.15,2.91B,No,523.33,543.1,431.4,543.43,446.48,495
608,CARTRADE.NS,3017.1,3087.8999,337.65K,Technology Services,Internet Software/Services,82.0,82.0,86.0,89.0,130.6214,122.0285,738.99K,356.46K,3290.5,1600.0,146.37B,No,3005.07,2875.74,2376.81,2885.89,2286.52,498
609,SHIVAM.BO,112.0,119.35,4.50K,Non-Energy Minerals,Construction Materials,82.0,90.0,57.0,50.0,4.6179,4.1071,9.00K,19.50K,130.4,59.0,1.90B,No,104.3,102.4,96.42,102.28,107.47,497
610,WINDLAS.NS,1098.15,1129.25,83.58K,Health Technology,Pharmaceuticals: Major,82.0,88.0,87.0,81.0,44.7072,43.375,140.57K,295.57K,1181.9,697.4,22.66B,No,1048.21,940.34,835.83,973.81,861.23,498
611,OCTAWARE.BO,59.37,59.37,1.60K,Technology Services,Information Technology Services,82.0,26.0,29.0,16.0,1.3293,0.0,0.15K,0.53K,98.53,25.46,213.17M,No,57.54,61.18,64.72,61.11,63.56,497
612,EXPOEAPL.BO,91.45,87.7,19.32K,Producer Manufacturing,Industrial Machinery,82.0,83.0,90.0,82.0,6.185,6.1721,33.02K,31.19K,111.0,46.4,2.37B,No,90.7,81.59,67.64,83.5,69.83,495
613,BALPHARMA.NS,107.44,107.42,107.63K,Health Technology,Pharmaceuticals: Major,82.0,92.0,80.0,83.0,7.075,7.0529,68.96K,218.01K,124.6,60.0,1.71B,No,91.08,88.43,79.1,91.2,82.22,497
614,TIIL.NS,3128.6,3250.2,24.76K,Producer Manufacturing,Metal Fabrication,82.0,81.0,83.0,82.0,133.4857,133.4857,39.40K,36.59K,3565.3,1868.5,70.93B,No,3252.38,2860.97,2468.69,2965.23,2586.81,496
615,SHRIPISTON.NS,4275.4,4371.5,76.63K,Producer Manufacturing,Auto Parts: Oem,82.0,41.0,75.0,79.0,141.5856,139.9142,68.23K,64.56K,4785.8,2525.8,198.32B,No,4525.01,4398.65,3523.53,4396.63,3766.45,497
616,AYE.NS,177.25,179.46,1154.93K,Finance,Finance/Rental/Leasing,82.0,69.0,66.0,86.0,9.2371,9.1114,1704.96K,1155.18K,197.29,88.22,43.35B,No,176.72,172.84,,174.54,146.9,146
617,MEESHO.NS,212.4,217.08,20740.81K,Retail Trade,Apparel/Footwear Retail,82.0,84.0,85.0,83.0,7.6807,7.6807,18722.50K,18363.02K,254.4,125.56,982.61B,No,208.36,196.5,,199.06,181.07,192
618,ALCHCORP.BO,36.97,35.21,1.28K,Distribution Services,Wholesale Distributors,82.0,75.0,76.0,75.0,0.1257,0.1257,0.23K,0.02K,36.97,22.73,181.68M,No,35.3,34.32,29.88,34.72,31.45,498
619,HRMNYCP.BO,107.8,102.7,0.15K,Finance,Financial Conglomerates,82.0,75.0,76.0,75.0,0.3664,0.0,0.34K,0.22K,107.8,66.26,1.31B,No,102.98,100.11,87.16,101.28,91.72,498
620,INANISEC.BO,29.79,29.79,0.17K,Finance,Investment Banks/Brokers,82.0,88.0,91.0,73.0,0.2293,0.0429,0.50K,0.00K,33.86,18.46,135.77M,No,31.33,25.45,23.42,26.48,23.59,496
621,SHAMROIN.BO,27.25,25.96,0.76K,Health Technology,Pharmaceuticals: Major,82.0,75.0,76.0,75.0,0.0921,0.0,3.75K,0.04K,27.25,16.77,147.92M,No,26.02,25.3,22.04,25.6,23.19,498
622,DYNAMATECH.NS,12071.0,12097.0,22.67K,Producer Manufacturing,Industrial Machinery,82.0,80.0,77.0,65.0,420.6429,414.0714,15.73K,18.59K,12875.0,6701.0,81.98B,No,11660.25,11040.58,10213.43,11254.1,10767.48,498
623,JNKINDIA.NS,415.05,422.4,142.54K,Producer Manufacturing,Building Products,82.0,21.0,16.0,89.0,17.1393,17.125,447.18K,80.10K,558.0,200.92,23.22B,No,440.35,452.94,339.76,442.93,381.89,498
624,APOLLO.NS,386.6,422.25,9560.98K,Electronic Technology,Electronic Production Equipment,82.0,53.0,25.0,91.0,13.7929,13.5429,9111.48K,7239.85K,466.5,179.5,143.66B,No,393.46,394.22,312.21,394.91,339.51,499
625,DATAPATTNS.NS,4358.8,4829.2002,1100.26K,Electronic Technology,Electronic Production Equipment,82.0,45.0,49.0,70.0,200.9714,196.1429,937.13K,695.57K,5000.0,2131.0,244.02B,No,4671.3,4501.98,3647.59,4501.55,4074.13,498
626,SHUKRAPHAR.NS,55.27,53.94,2366.08K,Health Technology,Pharmaceuticals: Major,82.0,,,,2.9357,2.8893,2324.47K,3654.86K,58.2,40.06,24.36B,No,47.92,,,,,22
627,EXICOM.NS,168.43,182.28,1644.03K,Producer Manufacturing,Electrical Products,82.0,84.0,54.0,92.0,9.7414,9.6821,2972.18K,2197.14K,189.17,75.6,23.43B,No,166.86,163.26,127.89,164.72,137.44,499
628,OSCARGLO.BO,22.68,21.6,4.60K,Process Industries,Textiles,82.0,75.0,76.0,75.0,0.0771,0.0021,0.74K,0.49K,22.68,10.45,74.84M,No,21.65,21.05,18.34,21.3,19.3,498
629,EMMVEE.NS,328.55,346.0,2890.17K,Electronic Technology,Semiconductors,82.0,68.0,48.0,85.0,11.3679,11.3679,2589.53K,1936.14K,371.55,171.51,227.47B,No,327.37,327.48,263.91,328.19,290.37,208
630,OPTIEMUS.NS,604.95,566.25,1979.32K,Distribution Services,Electronics Distributors,82.0,83.0,91.0,89.0,24.1071,23.775,293.76K,134.18K,713.0,288.0,54.55B,No,567.77,577.44,468.81,581.0,468.64,497
631,INTSTOIL.BO,49.91,48.06,9.60K,Transportation,Trucking,82.0,94.0,77.0,85.0,5.5686,4.6636,7.97K,14.79K,67.95,28.0,249.17M,No,49.94,43.46,36.44,45.59,38.64,495
632,AUROPHARMA.NS,1660.0,1679.8,438.73K,Health Technology,Pharmaceuticals: Other,82.0,61.0,78.0,72.0,41.1572,39.4214,1092.02K,882.18K,1717.0,1066.8,955.13B,No,1649.76,1609.0,1387.11,1618.52,1482.48,497
633,TIRTPLS.BO,24.5,25.21,0.48K,Process Industries,Containers/Packaging,82.0,34.0,22.0,52.0,1.7357,1.7093,4.40K,3.83K,37.3,12.3,109.04M,No,26.15,27.42,25.23,26.98,26.89,495
634,PARACABLES.NS,61.31,64.87,1879.17K,Producer Manufacturing,Electrical Products,81.0,34.0,33.0,91.0,3.6086,3.6086,2177.67K,2778.48K,75.7,28.3,20.06B,No,63.66,64.67,49.31,64.16,54.73,499
635,NAVINFLUOR.NS,8228.0,8543.5,111.38K,Process Industries,Chemicals: Specialty,81.0,60.0,74.0,72.0,235.9643,234.1071,201.05K,142.29K,8949.5,4498.5,422.16B,No,8485.98,8074.04,6870.71,8122.55,7234.43,498
636,RAAJMEDI.BO,100.23,99.85,1.44K,Health Technology,Medical Specialties,81.0,96.0,88.0,58.0,3.73,2.8186,1.60K,3.55K,104.45,64.08,1.65B,No,89.49,78.92,80.25,83.01,81.03,497
637,WOCKPHARMA.NS,2064.1,2179.3999,851.79K,Health Technology,Pharmaceuticals: Major,81.0,78.0,67.0,85.0,94.6429,92.7429,898.71K,1552.06K,2422.3,1086.7,335.40B,No,1992.37,1938.9,1609.19,1985.89,1708.41,499
638,KWIL.NS,40.83,43.04,11058.91K,Consumer Non-Durables,Food: Meat/Fish/Dairy,81.0,86.0,70.0,83.0,2.0179,2.0157,20425.55K,16310.01K,50.68,22.24,95.93B,No,43.41,37.29,,38.64,31.93,146
639,MEEIND.BO,394.15,394.9,7.39K,Consumer Non-Durables,Apparel/Footwear,81.0,57.0,,,29.1286,28.3178,9.96K,4.64K,445.9,281.99,4.43B,No,397.37,,,,,35
640,MANALIPETC.NS,80.19,84.93,1729.99K,Process Industries,Chemicals: Specialty,81.0,88.0,79.0,86.0,5.6693,5.6079,3903.94K,20068.44K,93.0,39.13,13.79B,No,80.18,71.06,60.77,72.66,61.55,499
641,PRICOLLTD.NS,740.75,761.4,392.67K,Producer Manufacturing,Auto Parts: Oem,81.0,49.0,85.0,73.0,26.9464,26.8107,581.42K,395.76K,823.0,499.9,,No,778.45,715.92,620.61,730.56,626.0,497
642,SRDAPRT.BO,118.24,112.61,2.08K,Process Industries,Agricultural Commodities/Milling,81.0,88.0,84.0,89.0,2.5221,0.6943,5.93K,23.78K,136.1,59.95,1.06B,No,100.09,98.73,85.31,101.75,90.49,497
643,SANCF.BO,49.25,49.25,0.03K,Finance,Investment Banks/Brokers,81.0,6.0,16.0,70.0,0.4107,0.1636,0.00K,0.00K,64.95,24.0,155.14M,No,53.01,55.37,45.51,54.35,50.06,495
644,LADDERUP.NS,66.88,74.31,62.13K,Finance,Investment Managers,81.0,,,,5.9357,4.6686,4.37K,8.10K,80.98,42.7,709.09M,No,52.94,,,,,20
645,NYKAA.NS,336.2,344.5,2338.41K,Retail Trade,Internet Retail,81.0,66.0,82.0,73.0,7.6821,7.3893,7028.74K,4579.29K,349.55,227.9,963.30B,No,335.81,330.98,279.75,332.51,291.04,498
646,WORKMATES.BO,446.65,470.15,43.20K,Technology Services,Packaged Software,81.0,94.0,93.0,77.0,20.6821,19.1107,23.55K,64.02K,514.0,264.0,5.77B,No,364.71,342.61,343.42,363.21,333.23,206
647,SHRIDINE.BO,366.0,371.0,1.23K,Process Industries,Textiles,81.0,65.0,78.0,87.0,10.0714,9.5821,2.01K,0.21K,403.7,206.35,2.05B,No,373.92,360.01,293.65,364.74,317.27,495
648,CPCAP.NS,140.17,135.08,81.56K,Consumer Services,Other Consumer Services,81.0,62.0,90.0,85.0,8.0114,7.4343,38.89K,44.61K,144.4,73.51,2.55B,No,124.29,118.03,104.11,121.03,103.05,497
649,RATEGAIN.NS,878.65,878.25,262.66K,Technology Services,Packaged Software,81.0,58.0,65.0,90.0,32.95,32.9,508.23K,414.73K,1050.0,437.0,104.05B,No,910.85,924.45,712.74,919.33,744.49,497
650,SMAUTO.BO,30.95,30.95,4.00K,Producer Manufacturing,Auto Parts: Oem,81.0,66.0,81.0,88.0,1.0693,0.7643,4.16K,4.00K,33.9,15.05,423.64M,No,31.01,27.42,24.71,27.81,25.08,496
651,ARTEMISMED.NS,330.55,344.9,380.38K,Health Services,Hospital/Nursing Management,81.0,74.0,84.0,78.0,12.9357,12.9357,349.84K,501.09K,362.0,203.35,,No,328.42,305.79,265.87,312.82,270.45,493
652,BGDL.BO,152.05,140.1,291.22K,Consumer Durables,Homebuilding,81.0,98.0,93.0,88.0,16.2079,10.5921,66.20K,325.82K,340.3,78.2,15.40B,No,115.04,100.47,111.24,109.51,105.87,495
653,PRISMMEDI.BO,29.11,29.78,7.06K,Finance,Financial Conglomerates,81.0,82.0,66.0,68.0,1.6214,1.5529,6.28K,6.02K,34.49,15.51,176.51M,No,29.23,28.47,25.26,28.73,28.59,495
654,PASUPTAC.NS,70.48,67.08,665.88K,Process Industries,Textiles,81.0,89.0,57.0,81.0,2.6021,2.5179,73.53K,79.90K,78.95,40.41,6.28B,No,64.05,61.59,55.39,62.49,57.31,497
655,TNSTLTU.BO,32.5,34.11,0.60K,Non-Energy Minerals,Steel,81.0,91.0,88.0,77.0,0.6671,0.2364,0.10K,0.09K,45.71,17.81,166.56M,No,28.7,26.36,28.66,27.87,23.89,497
656,CGCL.NS,255.1,266.0,2889.14K,Finance,Finance/Rental/Leasing,81.0,86.0,78.0,82.0,12.7043,12.425,5731.90K,5291.90K,287.45,151.1,245.45B,No,253.09,245.05,199.94,246.68,210.09,499
657,ASKAUTOLTD.NS,604.7,624.55,480.30K,Producer Manufacturing,Auto Parts: Oem,81.0,33.0,87.0,82.0,24.2893,23.95,757.42K,275.76K,687.7,375.3,119.21B,No,624.87,575.78,479.21,590.14,489.89,499
658,DESIFARMS.BO,635.3,605.05,0.79K,Transportation,Air Freight/Couriers,81.0,64.0,56.0,19.0,6.5786,6.5786,0.14K,0.04K,793.05,255.35,628.69M,No,618.69,619.28,673.42,618.83,646.62,497
659,NOVELIX.BO,79.88,77.5,8.11K,Health Technology,Pharmaceuticals: Major,81.0,80.0,35.0,82.0,4.4407,4.2943,5.12K,3.89K,92.0,38.0,2.27B,No,78.51,73.69,63.61,74.51,65.59,495
660,PIRAMALFIN.NS,2224.4,2255.6001,257.64K,Finance,Finance/Rental/Leasing,81.0,80.0,72.0,68.0,69.2714,68.1857,366.88K,478.37K,2326.4,1260.0,525.28B,No,2216.85,2150.55,1901.45,2161.68,2000.05,215
661,GRAPHITE.NS,781.5,825.8,1871.41K,Process Industries,Industrial Specialties,81.0,78.0,78.0,67.0,39.6036,36.3893,2011.09K,6348.34K,874.35,516.2,152.69B,No,736.57,691.58,660.68,715.3,687.4,498
662,DIFFNKG.NS,427.25,449.5,231.43K,Producer Manufacturing,Industrial Machinery,81.0,82.0,76.0,87.0,28.4286,28.0429,371.21K,1356.49K,519.9,216.8,15.86B,No,433.5,411.22,330.21,415.63,348.4,484
663,STOVEKRAFT.NS,804.7,814.9,105.25K,Consumer Durables,Electronics/Appliances,81.0,72.0,81.0,88.0,29.7393,29.1893,227.59K,210.93K,877.0,447.05,26.64B,No,811.1,793.03,622.85,789.84,654.89,497
664,CHATHA.BO,105.0,110.5,3.00K,Consumer Non-Durables,Food: Meat/Fish/Dairy,81.0,29.0,90.0,79.0,5.015,4.1614,28.44K,8.70K,127.99,60.0,2.53B,No,112.68,103.01,84.89,103.98,87.46,496
665,VIJAYA.NS,1443.7,1502.0,116.09K,Health Services,Medical/Nursing Services,81.0,52.0,72.0,82.0,47.1857,47.1857,250.21K,165.98K,1578.0,848.0,148.70B,No,1489.74,1423.76,1169.65,1422.06,1242.44,498
666,INDOMIM.NS,975.65,1018.2,1439.88K,Producer Manufacturing,Industrial Machinery,81.0,87.0,,,44.8464,43.7571,6121.05K,2222.45K,1028.5,700.0,482.44B,No,927.96,,,,,33
667,AEROENTER.NS,116.93,137.09,1914.37K,Producer Manufacturing,Industrial Machinery,81.0,23.0,69.0,86.0,9.8314,9.7436,1266.19K,1255.37K,159.6,62.2,13.23B,No,139.53,129.88,100.12,130.07,108.02,498
668,EMAMIPAP.NS,113.0,116.0,25.98K,Process Industries,Pulp & Paper,81.0,71.0,88.0,82.0,5.4593,5.0936,133.33K,33.83K,133.7,55.0,6.84B,No,115.47,108.62,88.25,111.35,89.46,476
669,MAGNAELQ.BO,1327.9,1398.8,0.83K,Producer Manufacturing,Metal Fabrication,81.0,61.0,84.0,79.0,79.7322,74.9607,2.37K,1.94K,1465.0,706.0,5.62B,No,1357.71,1268.09,1053.74,1293.02,1135.26,495
670,MAXESTATES.NS,568.9,560.45,257.35K,Finance,Real Estate Development,81.0,94.0,83.0,83.0,27.3643,27.3643,199.58K,196.65K,579.0,305.45,93.06B,No,532.45,461.84,426.1,473.45,427.31,497
671,ORIENTBELL.NS,390.45,401.95,55.43K,Producer Manufacturing,Building Products,80.0,82.0,82.0,80.0,19.2857,19.0393,26.80K,67.26K,434.95,246.55,5.74B,No,384.03,347.44,309.01,356.6,321.37,497
672,SHAILY.NS,3181.8,3279.5,108.51K,Process Industries,Chemicals: Specialty,80.0,37.0,69.0,87.0,113.1857,111.9643,247.65K,154.33K,3615.2,1770.9,146.35B,No,3300.93,3134.67,2559.9,3165.0,2715.07,499
673,MSTCLTD.NS,701.2,738.55,387.78K,Retail Trade,Internet Retail,80.0,85.0,51.0,87.0,36.8964,36.625,822.64K,404.04K,805.0,362.15,49.36B,No,731.17,662.98,527.63,663.97,548.97,499
674,CEIGALL.NS,382.25,380.4,317.00K,Industrial Services,Engineering & Construction,80.0,91.0,60.0,76.0,13.15,12.825,532.49K,775.80K,405.7,222.61,66.59B,No,345.48,342.83,311.79,344.68,333.14,497
675,FABCLEAN.BO,454.15,469.3,13.60K,Producer Manufacturing,Building Products,80.0,82.0,63.0,90.0,22.4,18.2464,9.96K,34.12K,500.0,203.25,5.59B,No,423.11,402.96,332.14,408.91,344.37,416
676,SOVERDIA.BO,29.74,29.65,4.05K,Consumer Durables,Other Consumer Specialties,80.0,86.0,92.0,81.0,2.11,1.9743,5.04K,5.54K,39.5,18.21,172.14M,No,26.95,25.08,23.42,26.4,23.27,495
677,FLUOROCHEM.NS,4601.3,4773.2002,130.55K,Process Industries,Chemicals: Specialty,80.0,52.0,83.0,78.0,158.1572,157.9857,194.26K,164.19K,4958.9,2916.6,505.45B,No,4689.12,4483.92,3732.45,4566.29,3880.69,498
678,AEGISVOPAK.NS,302.0,295.1,4447.60K,Transportation,Air Freight/Couriers,80.0,85.0,85.0,84.0,12.1107,12.1107,1846.79K,1285.84K,311.49,158.0,334.61B,No,279.12,282.83,232.73,283.62,232.6,324
679,DHOOTTRANS.NS,1555.9,1728.7,1964.39K,Producer Manufacturing,Electrical Products,80.0,,,,109.5821,107.3179,6851.92K,3187.85K,1735.3,1131.0,318.26B,No,1520.04,,,,,21
680,BETA.NS,2105.2,2118.5,34.75K,Health Technology,Pharmaceuticals: Major,80.0,3.0,75.0,92.0,110.7143,106.95,45.20K,22.21K,2807.9,990.1,21.25B,No,2234.91,2292.35,1669.17,2267.19,1740.48,497
681,TATVA.NS,1547.3,1608.7,42.35K,Process Industries,Chemicals: Specialty,80.0,18.0,86.0,74.0,71.5714,71.5714,149.78K,52.55K,1838.1,981.5,36.19B,No,1629.86,1619.04,1341.12,1645.57,1356.67,499
682,KINGFA.NS,5754.0,6197.0,37.30K,Process Industries,Chemicals: Specialty,80.0,42.0,75.0,78.0,204.1786,199.7143,13.96K,15.56K,6347.0,3649.9,77.97B,No,5967.02,5532.01,4784.73,5656.15,5081.82,496
683,RETAGGIO.BO,52.0,52.0,3.00K,Consumer Durables,Other Consumer Specialties,80.0,73.0,14.0,75.0,1.5021,0.6679,10.00K,4.80K,72.68,18.0,1.07B,No,48.42,49.79,48.54,49.69,52.21,357
684,PRABHATAM.BO,27.7,26.39,0.00K,Process Industries,Pulp & Paper,80.0,75.0,76.0,71.0,0.0936,0.0,0.02K,0.02K,27.7,17.9,6.14B,No,26.46,25.72,22.81,26.02,23.82,498
685,IPCALAB.NS,1932.4,1968.5,274.48K,Health Technology,Pharmaceuticals: Major,80.0,84.0,84.0,68.0,43.8429,43.3143,384.40K,187.99K,2001.5,1251.6,490.26B,No,1945.53,1848.72,1599.83,1860.88,1670.12,498
686,TCPLPACK.NS,3692.1,3871.0,5.61K,Commercial Services,Commercial Printing/Forms,80.0,10.0,92.0,83.0,151.3286,138.9072,19.60K,11.47K,4410.9,2200.0,33.53B,No,3946.69,3552.04,2939.46,3641.14,2977.08,497
687,DYCL.NS,432.6,455.45,406.39K,Producer Manufacturing,Electrical Products,80.0,40.0,88.0,84.0,31.5571,30.4357,1502.98K,1975.78K,560.0,236.8,20.96B,No,469.82,428.64,346.86,435.86,360.8,498
688,NBL.BO,136.8,144.0,8.40K,Technology Services,Packaged Software,80.0,58.0,97.0,85.0,5.0179,1.6893,17.37K,8.40K,193.95,70.0,1.62B,No,141.53,140.4,115.18,138.45,110.9,496
689,BRPL.BO,150.5,144.95,13.18K,Producer Manufacturing,Building Products,80.0,86.0,83.0,74.0,11.0964,10.85,16.72K,19.75K,163.9,98.1,1.98B,No,144.94,133.01,120.07,137.33,125.96,495
690,SIGACHI.NS,31.51,37.93,20491.83K,Health Technology,Pharmaceuticals: Major,80.0,87.0,92.0,87.0,2.4986,2.4821,2261.97K,4702.67K,46.0,16.65,12.05B,No,32.5,28.06,25.15,29.63,23.91,497
691,SHOORA.BO,72.03,68.6,3.00K,Consumer Durables,Other Consumer Specialties,80.0,29.0,34.0,80.0,0.775,0.0,5.59K,25.50K,98.2,34.25,333.04M,No,72.05,78.74,61.4,76.43,66.52,497
692,AGRIBIO.BO,327.65,323.45,4.50K,Distribution Services,Wholesale Distributors,80.0,70.0,71.0,69.0,7.0714,6.7464,13.91K,10.65K,340.0,201.3,3.57B,No,326.53,320.42,274.67,323.15,297.53,495
693,SJS.NS,2311.7,2354.0,151.44K,Producer Manufacturing,Auto Parts: Oem,80.0,45.0,62.0,76.0,75.0642,74.9857,128.89K,122.59K,2590.0,1417.3,74.55B,No,2440.5,2363.93,1947.49,2385.99,2045.93,497
694,CRSTCHM.BO,154.45,140.25,13.30K,Health Technology,Pharmaceuticals: Other,80.0,88.0,60.0,89.0,8.1429,7.9321,1.25K,1.95K,161.0,73.01,463.35M,No,130.7,130.22,114.78,134.46,119.95,495
695,MOLBIO.NS,1356.8,1438.2,3774.19K,Health Technology,Medical Specialties,80.0,,,,114.4786,112.2214,4902.62K,4876.13K,1686.8,926.35,156.36B,No,1176.86,,,,,21
696,EMCURE.NS,1993.0,1978.9,239.11K,Health Technology,Pharmaceuticals: Major,80.0,70.0,76.0,70.0,47.3143,45.8786,170.11K,133.39K,2048.0,1260.0,378.09B,No,1893.21,1895.57,1655.57,1916.69,1743.49,498
697,YATHARTH.NS,981.8,966.3,693.73K,Health Services,Hospital/Nursing Management,80.0,88.0,78.0,80.0,38.675,37.775,350.53K,295.58K,1024.85,538.25,94.60B,No,938.5,882.2,764.55,897.82,811.76,498
698,VIDYAWIRES.NS,85.12,88.25,706.75K,Non-Energy Minerals,Other Metals/Minerals,80.0,39.0,21.0,85.0,3.4429,3.31,1198.14K,1007.12K,117.35,42.51,18.10B,No,88.22,90.98,,89.97,82.97,192
699,COCKERILL.NS,8286.0,8191.0,34.98K,Non-Energy Minerals,Steel,80.0,46.0,26.0,,299.25,295.0714,10.94K,6.15K,10871.5,5015.25,,No,8101.6,8711.09,,8576.3,,104
700,ESHAMEDIA.BO,36.7,38.48,0.45K,Commercial Services,Miscellaneous Commercial Services,80.0,1.0,95.0,82.0,0.8679,0.2471,7.64K,0.23K,65.67,20.83,286.51M,No,44.53,43.62,34.5,44.5,32.98,496
701,FEDERALBNK.NS,343.0,344.5,3089.70K,Finance,Major Banks,80.0,51.0,66.0,69.0,6.3964,5.9929,6204.01K,4844.14K,371.7,189.05,847.24B,No,349.17,348.9,300.36,350.54,313.4,499
702,HUHTAMAKI.NS,242.15,254.4,241.51K,Process Industries,Containers/Packaging,80.0,8.0,89.0,78.0,11.1214,10.8393,1220.85K,318.36K,330.0,148.6,18.29B,No,263.98,264.75,204.73,269.46,208.16,498
703,ASPIRA.BO,99.75,95.0,5.65K,Health Services,Medical/Nursing Services,80.0,55.0,16.0,90.0,3.8979,3.01,5.14K,0.93K,135.88,49.0,1.03B,No,92.96,99.94,82.58,99.48,90.7,495
704,DACHEPALLI.BO,93.0,93.0,1.20K,Consumer Services,Publishing: Books/Magazines,80.0,85.0,81.0,84.0,4.5021,3.7514,20.09K,13.44K,98.0,48.1,1.39B,No,83.62,81.09,,82.37,75.21,177
705,SOLARINDS.NS,19250.0,22290.0,1304.31K,Process Industries,Industrial Specialties,80.0,45.0,75.0,73.0,751.0,748.5,146.50K,168.98K,22700.0,11646.0,1741.93B,No,20742.3,19465.08,15897.97,19725.6,17196.43,498
706,RAPID.BO,132.0,136.0,1.60K,Transportation,Air Freight/Couriers,80.0,55.0,48.0,24.0,2.1,1.1321,0.46K,1.52K,147.0,62.0,503.08M,No,136.94,134.17,126.85,133.6,136.26,495
707,IFINSEC.BO,231.05,249.2,1.40K,Finance,Finance/Rental/Leasing,79.0,73.0,73.0,71.0,19.5893,17.1464,0.52K,0.54K,284.95,140.1,6.74B,No,234.72,226.92,196.48,228.0,204.59,497
708,MACIND.BO,405.9,425.0,0.11K,Process Industries,Chemicals: Agricultural,79.0,91.0,61.0,67.0,13.7857,7.1357,0.14K,0.26K,449.4,221.2,300.72M,No,366.74,345.8,313.17,357.9,337.5,496
709,ANG.BO,36.5,35.92,3.35K,Health Technology,Pharmaceuticals: Major,79.0,88.0,80.0,86.0,1.1207,0.865,11.44K,3.69K,49.69,17.63,476.63M,No,30.97,32.65,28.64,33.09,29.45,495
710,EFORU.BO,109.2,99.2,0.00K,Distribution Services,Wholesale Distributors,79.0,50.0,42.0,51.0,0.9893,0.1179,5.82K,5.82K,109.2,43.82,822.00M,No,96.28,95.56,84.44,96.23,90.98,495
711,DIVSHKT.BO,67.94,71.1,2.81K,Non-Energy Minerals,Construction Materials,79.0,96.0,93.0,76.0,5.0964,3.7736,9.11K,49.12K,86.76,44.0,697.67M,No,57.36,52.83,51.54,56.11,51.84,495
712,NEPHROPLUS.NS,734.95,765.35,306.49K,Health Services,Medical/Nursing Services,79.0,76.0,51.0,69.0,27.8929,27.5322,196.29K,286.81K,781.5,446.0,73.91B,No,705.97,685.43,,696.51,632.91,186
713,LALITHAA.NS,321.7,338.6,946.95K,Retail Trade,Specialty Stores,79.0,,,,17.68,16.1657,21937.58K,15003.57K,343.9,240.35,180.06B,No,,,,,,16
714,CLEANMAX.NS,1321.5,1431.0,405.83K,Utilities,Alternative Power Generation,79.0,76.0,57.0,83.0,70.9071,68.8643,253.63K,346.27K,1536.0,727.1,154.97B,No,1295.13,1309.86,,1324.52,,135
715,IKIO.NS,211.06,223.87,349.50K,Producer Manufacturing,Electrical Products,79.0,61.0,86.0,85.0,13.0393,12.9429,1901.70K,996.90K,238.8,103.53,16.31B,No,205.75,205.78,167.91,208.61,170.18,498
716,MAIDEN.BO,105.0,106.25,12.00K,Non-Energy Minerals,Steel,79.0,41.0,86.0,66.0,3.5736,3.4293,24.32K,13.70K,125.0,63.52,1.49B,No,108.4,100.97,88.16,103.51,88.31,495
717,UGARSUGAR.NS,53.22,54.3,1193.77K,Process Industries,Agricultural Commodities/Milling,79.0,83.0,86.0,78.0,4.5436,4.5057,698.24K,1760.65K,62.1,33.75,5.99B,No,53.91,46.92,41.74,48.51,42.91,499
718,QUINT.NS,48.24,40.2,43.33K,Producer Manufacturing,Trucks/Construction/Farm Machinery,79.0,,,,2.9507,2.845,15.26K,6.39K,48.24,35.58,,No,40.24,,,,,20
719,MOTHERSON.NS,158.15,164.45,13749.49K,Producer Manufacturing,Auto Parts: Oem,79.0,34.0,66.0,72.0,4.1614,3.9843,18572.85K,11997.87K,173.27,101.01,1665.51B,No,165.47,157.06,133.61,159.56,140.16,499
720,APOLLOPIPE.NS,520.2,554.9,406.25K,Producer Manufacturing,Miscellaneous Manufacturing,79.0,67.0,62.0,65.0,23.3929,23.3393,294.57K,169.99K,668.8,252.1,22.85B,No,599.9,543.08,428.57,544.63,487.21,499
721,STEELCAS.NS,312.75,325.25,49.97K,Non-Energy Minerals,Steel,79.0,13.0,67.0,77.0,15.5786,15.5286,229.60K,87.50K,364.0,176.02,31.65B,No,338.87,326.07,266.78,326.6,290.81,497
722,SBVCL.BO,138.5,137.0,4.20K,Producer Manufacturing,Industrial Machinery,79.0,96.0,83.0,84.0,5.1607,4.2071,5.94K,6.06K,140.8,60.3,1.13B,No,121.81,111.38,100.39,116.1,102.25,497
723,NELCO.NS,924.3,947.25,220.10K,Electronic Technology,Electronic Production Equipment,79.0,13.0,85.0,84.0,39.9714,39.4571,639.03K,371.94K,1120.0,500.1,21.09B,No,942.43,942.25,756.72,944.98,781.1,498
724,SUDARSHAN.BO,39.44,39.45,292.00K,Health Technology,Pharmaceuticals: Major,79.0,82.0,64.0,84.0,1.8536,1.8043,542.67K,860.40K,42.79,18.5,10.04B,No,39.05,38.65,30.85,38.64,33.78,495
725,GAUDIUMIVF.NS,114.42,117.75,217.26K,Health Services,Medical/Nursing Services,79.0,29.0,72.0,78.0,6.895,6.7179,159.27K,192.17K,163.18,69.18,8.33B,No,117.74,127.99,,126.91,109.8,137
726,INFONATIVE.BO,36.9,35.9,1.60K,Technology Services,Internet Software/Services,79.0,49.0,89.0,82.0,1.0193,0.5407,6.50K,4.16K,42.27,23.1,437.18M,No,35.2,34.37,30.22,35.26,29.84,357
727,PNBHOUSING.NS,1145.0,1178.9,321.84K,Finance,Finance/Rental/Leasing,79.0,55.0,73.0,80.0,31.0714,30.2429,914.18K,844.43K,1211.5,729.6,298.62B,No,1163.08,1125.74,978.5,1133.45,1013.2,498
728,VIKRAMAR.BO,90.77,92.69,1.22K,Process Industries,Chemicals: Specialty,79.0,83.0,92.0,80.0,5.4343,4.96,3.38K,5.16K,101.7,53.11,284.64M,No,84.55,77.45,69.62,79.99,70.17,378
729,NIRAJISPAT.NS,300.0,300.3,0.67K,Producer Manufacturing,Miscellaneous Manufacturing,79.0,96.0,93.0,68.0,25.2793,5.6757,0.27K,0.76K,429.65,155.0,180.00M,No,291.98,237.13,226.73,253.1,230.79,496
730,VISHNU.NS,682.8,713.95,102.97K,Process Industries,Chemicals: Specialty,79.0,87.0,74.0,79.0,26.1393,25.3357,137.97K,251.41K,744.0,443.7,45.96B,No,663.89,631.2,567.25,642.63,589.42,498
731,MODAIRY.BO,47.55,42.87,351.04K,Consumer Non-Durables,Food: Meat/Fish/Dairy,79.0,97.0,89.0,80.0,3.3064,3.0521,26.19K,38.34K,51.44,26.56,1.52B,No,37.33,33.28,35.33,34.96,35.08,495
732,SPAL.NS,973.8,1023.0,53.92K,Consumer Non-Durables,Apparel/Footwear,79.0,66.0,73.0,78.0,52.3072,50.1822,243.33K,90.15K,1221.9,600.0,24.48B,No,992.08,1021.79,828.7,998.13,882.99,497
733,VADILALIND.NS,7035.5,6960.5,32.30K,Consumer Non-Durables,Food: Specialty/Candy,79.0,20.0,77.0,78.0,270.2143,259.6429,24.47K,19.00K,8447.0,3996.0,50.57B,No,7459.98,7149.52,5491.67,7256.6,5788.06,496
734,ANTHEM.NS,942.85,940.9,599.18K,Health Technology,Biotechnology,79.0,76.0,82.0,80.0,32.6643,32.4179,784.84K,975.09K,977.55,579.15,529.61B,No,916.09,848.46,737.22,867.65,778.89,289
735,KERNEX.NS,1656.3,1732.1,124.69K,Electronic Technology,Computer Communications,79.0,1.0,10.0,87.0,96.1286,89.4,325.80K,291.98K,2580.0,850.0,27.83B,No,1790.36,2058.61,1504.92,1995.21,1643.13,498
736,AEROPLANE.NS,199.72,205.13,920.84K,Process Industries,Agricultural Commodities/Milling,79.0,72.0,93.0,,8.2964,8.2007,832.41K,1129.19K,209.44,117.02,20.68B,No,185.74,185.86,,190.96,,116
737,AARTISURF.NS,513.2,506.65,14.97K,Process Industries,Chemicals: Major Diversified,79.0,3.0,87.0,79.0,27.525,27.3107,41.46K,20.82K,677.7,316.0,4.35B,No,544.14,485.7,416.32,505.21,425.31,496
738,SOLARA.NS,715.8,749.15,696.74K,Health Technology,Pharmaceuticals: Major,79.0,96.0,81.0,85.0,37.5321,37.5321,452.62K,815.04K,774.0,422.0,34.54B,No,645.67,578.22,536.48,593.59,541.03,499
739,YAANENT.BO,116.3,124.55,0.48K,Consumer Services,Other Consumer Services,79.0,49.0,83.0,69.0,5.9821,3.9536,2.51K,0.63K,136.4,70.0,360.53M,No,120.42,112.31,103.01,114.93,104.46,495
740,SCHNEIDER.NS,1193.1,1227.0,233.45K,Producer Manufacturing,Electrical Products,79.0,9.0,48.0,72.0,46.9857,46.6643,446.50K,251.64K,1548.0,571.85,285.28B,No,1206.37,1305.65,1049.75,1278.21,1189.62,498
741,PATELCHEM.BO,105.65,107.35,35.20K,Process Industries,Chemicals: Major Diversified,79.0,87.0,81.0,83.0,4.4807,4.1807,28.85K,43.36K,120.89,56.1,2.63B,No,103.55,97.29,84.78,98.87,86.98,278
742,TARSONS.NS,303.15,311.2,98.30K,Process Industries,Containers/Packaging,79.0,49.0,92.0,85.0,13.625,13.2429,1107.02K,124.68K,375.0,164.45,16.13B,No,334.59,319.62,240.69,321.45,251.28,498
743,ORIENTHOT.NS,138.98,141.35,1117.54K,Consumer Services,Hotels/Resorts/Cruise Lines,79.0,85.0,78.0,82.0,3.545,3.545,2351.09K,661.90K,148.8,80.0,24.82B,No,138.91,134.68,112.1,134.16,114.33,499
744,DHANCOT.BO,142.15,142.15,0.00K,Finance,Investment Banks/Brokers,79.0,42.0,86.0,90.0,0.6321,0.0,0.02K,0.00K,215.9,66.85,692.46M,No,144.95,129.51,115.8,131.78,111.9,494
745,BOSCHLTD.NS,47070.0,48385.0,30.22K,Producer Manufacturing,Auto Parts: Oem,78.0,60.0,80.0,81.0,1170.7143,1088.2143,39.60K,37.00K,50000.0,28610.0,,No,48349.75,44823.0,38402.72,45286.0,39389.5,498
746,THEJO.NS,2175.2,2192.6001,14.88K,Distribution Services,Wholesale Distributors,78.0,75.0,88.0,73.0,63.8071,63.4714,10.24K,7.12K,2286.6,1443.6,23.60B,No,2102.72,2029.74,1779.01,2082.81,1822.7,496
747,MAHESHWARI.NS,70.3,70.71,9.10K,Transportation,Air Freight/Couriers,78.0,46.0,48.0,88.0,2.295,2.2943,19.09K,8.32K,76.81,39.04,2.04B,No,72.34,72.73,56.41,72.33,60.84,496
748,IDEAFORGE.NS,704.25,733.95,238.68K,Electronic Technology,Aerospace & Defense,78.0,19.0,10.0,86.0,27.7857,27.5964,304.42K,278.96K,992.25,366.0,35.01B,No,784.23,831.99,631.27,815.74,706.67,498
749,ANL.BO,274.0,270.0,2.00K,Health Technology,Biotechnology,78.0,43.0,64.0,81.0,8.575,5.15,6.35K,3.50K,313.0,150.1,1.98B,No,280.37,279.48,,280.31,249.26,154
750,IGPL.NS,525.25,547.05,69.17K,Process Industries,Chemicals: Specialty,78.0,87.0,80.0,85.0,22.775,22.6536,75.19K,103.97K,590.0,315.0,16.17B,No,522.8,482.9,418.84,494.92,439.62,496
751,ORCHPHARMA.NS,988.2,1003.05,135.72K,Health Technology,Pharmaceuticals: Major,78.0,43.0,58.0,92.0,48.9214,48.2107,172.87K,50.11K,1133.0,480.0,50.12B,No,981.38,1002.09,787.93,998.75,803.17,498
752,SATIN.NS,214.88,216.68,158.81K,Finance,Finance/Rental/Leasing,78.0,50.0,33.0,80.0,7.3586,7.3293,490.09K,223.86K,274.14,135.81,23.63B,No,221.76,237.59,190.22,231.99,206.38,497
753,UNIABEXAL.BO,4398.1,4599.7002,0.86K,Producer Manufacturing,Metal Fabrication,78.0,45.0,60.0,83.0,225.5608,211.6822,1.03K,1.45K,5750.0,2667.0,8.69B,No,4763.22,4893.05,3767.38,4728.7,4027.77,495
754,NOVATEOR.BO,35.1,35.1,6.00K,Health Technology,Medical Specialties,78.0,75.0,60.0,53.0,0.2821,0.0,0.14K,0.67K,35.1,20.08,212.43M,No,33.2,32.99,30.71,33.21,32.37,495
755,ACCELERATE.BO,127.27,115.44,2.56K,Commercial Services,Miscellaneous Commercial Services,78.0,93.0,80.0,2.0,2.6629,0.2307,0.60K,2.37K,198.95,67.0,437.56M,No,103.17,101.61,123.26,103.66,136.08,494
756,RIDDHI.BO,750.4,740.0,0.87K,Process Industries,Pulp & Paper,78.0,53.0,40.0,84.0,35.8429,35.7786,4.25K,1.05K,861.95,405.0,5.35B,No,755.08,745.31,609.06,753.46,666.17,495
757,PIPAN.BO,185.15,183.35,0.09K,Distribution Services,Wholesale Distributors,78.0,65.0,60.0,55.0,0.1286,0.0,0.01K,0.01K,185.15,90.23,3.25B,No,183.44,182.38,173.69,182.81,176.22,498
758,SANGAMIND.NS,565.65,574.4,34.76K,Process Industries,Textiles,78.0,38.0,65.0,72.0,18.0643,17.8036,113.87K,18.99K,672.5,391.2,27.89B,No,578.97,592.66,504.79,597.52,527.61,496
759,ISTRNETWK.BO,48.08,46.88,34.71K,Commercial Services,Miscellaneous Commercial Services,78.0,80.0,48.0,43.0,4.0193,3.9193,34.00K,26.88K,72.15,14.76,3.51B,No,50.03,48.46,47.24,48.35,46.81,495
760,THEMISMED.NS,121.57,128.25,127.35K,Health Technology,Pharmaceuticals: Major,78.0,89.0,78.0,82.0,6.9857,6.3686,435.71K,620.37K,148.0,64.95,11.29B,No,120.33,114.87,99.7,114.22,101.43,498
761,TIRUFOAM.BO,91.3,96.1,0.00K,Consumer Durables,Home Furnishings,78.0,48.0,90.0,59.0,4.9836,2.3607,1.04K,0.23K,134.4,56.1,402.36M,No,106.32,91.65,82.97,95.24,83.62,496
762,MUKKA.NS,31.39,32.17,2279.99K,Consumer Non-Durables,Food: Meat/Fish/Dairy,78.0,90.0,84.0,76.0,2.0821,2.0607,761.01K,2596.82K,33.29,18.27,9.42B,No,27.96,25.31,23.79,26.48,24.07,498
763,OMAXAUTO.NS,169.0,172.93,63.65K,Producer Manufacturing,Auto Parts: Oem,78.0,5.0,4.0,87.0,8.9936,8.5571,67.14K,66.26K,263.4,84.5,3.62B,No,186.29,203.56,155.92,194.35,176.71,497
764,JAIPAN.BO,37.23,38.83,6.55K,Consumer Durables,Electronics/Appliances,78.0,67.0,89.0,83.0,1.9879,1.9086,23.44K,3.69K,45.0,22.5,227.10M,No,38.75,36.53,29.53,37.17,30.66,495
765,RBLBANK.NS,403.6,412.55,1247.88K,Finance,Major Banks,78.0,73.0,68.0,73.0,9.2393,8.7429,5005.14K,5173.22K,420.4,261.6,625.96B,No,394.34,382.42,336.8,387.63,351.8,498
766,ARMANFIN.NS,1918.1,2011.3,37.94K,Finance,Finance/Rental/Leasing,78.0,41.0,76.0,78.0,73.0929,69.6786,45.84K,22.70K,2158.6,1301.0,20.12B,No,1979.72,1952.25,1672.06,1981.75,1726.17,497
767,TEXMOPIPES.NS,60.56,60.08,669.44K,Producer Manufacturing,Miscellaneous Manufacturing,78.0,95.0,87.0,75.0,3.5129,3.44,120.04K,567.38K,64.5,33.0,1.77B,No,49.12,45.78,45.77,47.59,45.26,497
768,LLOYDSME.NS,1778.8,1799.6,587.09K,Non-Energy Minerals,Steel,78.0,28.0,55.0,82.0,42.2786,41.9214,502.98K,304.87K,2125.0,1042.9,1000.73B,No,1830.88,1892.17,1557.15,1895.02,1687.48,499
769,PNGSREVA.NS,494.2,512.7,228.69K,Consumer Durables,Other Consumer Specialties,78.0,9.0,86.0,69.0,28.7,28.2786,369.81K,194.54K,644.0,324.25,15.67B,No,534.29,489.52,,493.64,,135
770,BEPL.NS,120.69,128.08,1830.68K,Process Industries,Industrial Specialties,78.0,50.0,82.0,81.0,5.5236,5.3514,4761.56K,2126.38K,138.5,74.2,30.03B,No,126.23,119.95,97.95,122.38,103.26,499
771,RBZJEWEL.NS,165.7,174.19,82.35K,Consumer Durables,Other Consumer Specialties,78.0,89.0,81.0,77.0,14.9293,13.985,698.60K,3651.11K,204.7,100.0,6.63B,No,160.59,152.55,138.74,155.72,139.41,497
772,PROCLB.BO,40.25,38.34,17.24K,Commercial Services,Miscellaneous Commercial Services,78.0,90.0,93.0,39.0,1.7657,0.5357,15.01K,46.38K,48.9,23.23,205.40M,No,31.62,30.09,33.29,31.89,32.41,495
773,SAMBHV.NS,128.96,131.08,1638.70K,Non-Energy Minerals,Steel,78.0,78.0,81.0,78.0,5.2721,5.2564,1552.58K,1733.21K,141.32,81.42,38.00B,No,128.62,122.73,107.57,123.84,113.38,301
774,UCAL.NS,137.54,143.43,17.02K,Producer Manufacturing,Auto Parts: Oem,78.0,80.0,90.0,77.0,7.1329,6.7607,37.97K,15.27K,163.8,77.0,3.04B,No,146.98,129.67,111.96,133.53,112.65,495
775,GUJALKALI.NS,692.7,705.0,138.63K,Process Industries,Chemicals: Specialty,78.0,57.0,67.0,84.0,25.5179,24.9893,110.75K,125.01K,815.0,409.15,50.87B,No,705.94,671.27,596.63,681.44,645.79,498
776,APL.BO,107.5,109.0,8.00K,Distribution Services,Medical Distributors,78.0,95.0,90.0,76.0,10.3314,9.8771,33.37K,52.40K,126.1,60.0,1.17B,No,102.31,84.5,81.74,88.5,81.33,290
777,RSWM.NS,209.41,218.23,38.34K,Process Industries,Textiles,78.0,73.0,55.0,80.0,8.2021,7.84,59.97K,58.53K,238.0,120.0,9.86B,No,205.49,207.78,170.28,209.48,180.2,497
778,TIERRA.BO,52.04,52.85,13.24K,Process Industries,Agricultural Commodities/Milling,78.0,94.0,86.0,72.0,5.885,5.885,35.25K,95.36K,64.85,34.35,3.38B,No,48.95,44.1,44.18,45.35,42.61,495
779,HEXAGON.NS,64.54,67.99,140.02K,Health Technology,Pharmaceuticals: Major,78.0,64.0,,,2.9707,2.97,1491.13K,347.03K,78.25,48.1,7.93B,No,67.66,67.33,,66.57,,67
780,MPCOSEMB.BO,31.21,30.14,23.51K,Technology Services,Information Technology Services,78.0,97.0,86.0,66.0,0.6986,0.4964,4.58K,23.96K,31.64,20.52,111.88M,No,25.73,23.74,24.93,24.84,24.59,497
781,KANPRPLA.NS,246.0,264.6,24.60K,Producer Manufacturing,Miscellaneous Manufacturing,78.0,38.0,87.0,75.0,15.3164,15.0129,52.94K,23.92K,283.14,151.25,6.02B,No,259.68,229.85,200.03,238.22,207.39,496
782,ROLEXRINGS.NS,166.47,171.37,1102.46K,Producer Manufacturing,Metal Fabrication,78.0,32.0,78.0,77.0,6.7936,6.5436,3392.57K,1269.33K,189.4,99.79,43.67B,No,177.51,160.43,139.4,164.09,145.66,498
783,GVPIL.NS,620.05,652.65,211.63K,Industrial Services,Engineering & Construction,77.0,3.0,1.0,74.0,25.5536,25.3072,277.65K,178.90K,1084.0,270.9,41.68B,No,653.52,733.11,581.55,709.05,676.18,499
784,PHRMASI.BO,85.0,86.2,0.88K,Health Technology,Pharmaceuticals: Major,77.0,63.0,17.0,38.0,6.3357,4.9171,0.72K,1.87K,131.75,30.01,580.29M,No,83.81,86.84,93.41,84.88,89.12,495
785,SAMOR.BO,88.59,91.5,0.27K,Distribution Services,Wholesale Distributors,77.0,43.0,36.0,69.0,3.9936,3.9236,0.41K,0.78K,104.99,48.55,2.00B,No,91.46,91.68,83.3,90.89,88.23,495
786,SHANMUGA.BO,50.25,50.25,84.00K,Health Services,Hospital/Nursing Management,77.0,89.0,88.0,76.0,1.5707,1.4893,11.08K,17.20K,56.76,34.0,684.05M,No,44.55,44.31,41.66,45.2,40.82,387
787,PITTIENG.NS,1109.3,1167.9,110.10K,Producer Manufacturing,Industrial Machinery,77.0,74.0,74.0,73.0,48.8071,44.8036,119.79K,272.75K,1228.0,675.0,40.95B,No,1105.35,1013.51,904.18,1032.41,946.62,496
788,NETWEB.NS,4614.0,5027.0,1906.12K,Electronic Technology,Computer Peripherals,77.0,15.0,53.0,78.0,222.5286,214.3786,1591.38K,1382.25K,5813.0,2822.3,274.28B,No,5189.31,4773.2,3930.7,4862.86,4277.59,498
789,OMNITEX.BO,734.2,754.3,0.17K,Process Industries,Textiles,77.0,45.0,37.0,56.0,33.725,30.65,0.80K,0.72K,892.0,371.25,3.09B,No,752.25,765.47,689.81,759.96,756.05,495
790,SGRL.NS,657.6,659.2,15.69K,Health Technology,Pharmaceuticals: Major,77.0,,,,46.2822,42.4714,26.24K,44.84K,722.0,490.0,8.44B,No,602.18,,,,,20
791,ADON.BO,102.98,105.78,286.00K,Distribution Services,Food Distributors,77.0,91.0,,,5.2421,4.6229,252.56K,97.60K,113.2,75.25,2.37B,No,87.21,85.17,,89.11,,51
792,ACEALPHA.BO,133.3,134.5,1.00K,Technology Services,Packaged Software,77.0,48.0,63.0,76.0,2.4571,1.7036,10.11K,2.40K,142.5,80.05,2.34B,No,134.05,131.09,109.04,132.19,115.7,299
793,ENGINERSIN.NS,262.45,268.95,2407.28K,Industrial Services,Engineering & Construction,77.0,82.0,72.0,73.0,10.415,10.415,3818.70K,9317.62K,289.65,163.55,147.51B,No,259.8,243.8,221.35,246.9,234.0,498
794,UNIVSTAR.BO,197.95,190.1,1.09K,Consumer Non-Durables,Food: Specialty/Candy,77.0,59.0,48.0,78.0,7.2964,7.2,0.95K,1.53K,219.9,109.6,831.39M,No,191.37,195.41,159.76,197.08,172.51,496
795,RACHIT.BO,174.0,180.0,26.00K,Consumer Non-Durables,Apparel/Footwear,77.0,21.0,15.0,83.0,5.5,3.1857,3.10K,2.60K,222.1,83.35,859.06M,No,187.82,196.08,160.24,191.66,172.54,255
796,TOTAL.NS,75.6,76.78,1.24K,Transportation,Air Freight/Couriers,77.0,91.0,92.0,70.0,3.9107,3.6929,21.91K,13.60K,87.89,45.0,1.22B,No,71.49,62.06,61.57,65.32,57.88,496
797,EQUIPPP.NS,23.4,22.57,21.35K,Technology Services,Internet Software/Services,77.0,85.0,84.0,82.0,1.2664,1.2421,29.01K,17.26K,25.89,13.85,2.41B,No,23.18,23.19,19.59,23.18,19.46,497
798,STALLION.NS,213.84,225.09,255.50K,Distribution Services,Wholesale Distributors,77.0,30.0,72.0,92.0,9.8007,9.0843,2266.68K,378.60K,423.8,99.32,24.82B,No,218.79,228.54,184.02,229.05,178.63,410
799,RASRESOR.BO,54.0,56.99,0.88K,Consumer Services,Hotels/Resorts/Cruise Lines,77.0,54.0,55.0,78.0,3.9021,2.8564,0.90K,0.32K,64.9,33.34,214.37M,No,55.05,55.42,47.08,55.08,49.97,495
800,BELRISE.NS,226.66,228.0,2660.84K,Producer Manufacturing,Auto Parts: Oem,77.0,14.0,42.0,61.0,5.6764,5.5736,4402.96K,2691.84K,268.2,142.59,219.21B,No,231.14,235.07,205.51,234.86,219.45,327
801,DAPS.BO,24.49,24.49,20.00K,Commercial Services,Advertising/Marketing Services,77.0,56.0,56.0,86.0,0.3707,0.3329,1.27K,1.27K,26.5,12.01,126.73M,No,24.55,24.26,21.41,24.41,21.91,497
802,GKL.BO,37.91,38.25,112.86K,Consumer Durables,Other Consumer Specialties,77.0,96.0,58.0,38.0,1.8536,1.575,44.80K,112.44K,49.49,19.2,570.15M,No,31.91,31.23,36.42,31.58,36.11,495
803,LALPATHLAB.NS,1906.4,1909.0,171.21K,Health Services,Medical/Nursing Services,77.0,49.0,78.0,77.0,49.2,48.9214,476.06K,213.93K,1988.9,1272.6,318.89B,No,1908.69,1846.01,1566.24,1871.79,1622.34,498
804,GOODRICKE.BO,218.35,217.35,3.59K,Process Industries,Agricultural Commodities/Milling,77.0,62.0,81.0,81.0,11.4179,10.9679,11.53K,15.01K,249.95,142.05,4.72B,No,227.35,203.14,176.29,207.86,181.88,495
805,UNIROYAL.BO,25.0,25.59,1.16K,Process Industries,Textiles,77.0,82.0,88.0,64.0,2.3857,2.205,1.85K,0.53K,29.0,16.7,206.72M,No,25.19,21.98,20.51,23.03,20.96,495
806,MVELECTRO.NS,777.0,841.7,1768.16K,Producer Manufacturing,Trucks/Construction/Farm Machinery,77.0,95.0,,,82.8143,81.5607,6821.19K,9229.77K,948.0,516.55,21.20B,No,702.76,,,,,28
807,MDRC.BO,84.77,77.07,72.00K,Health Services,Medical/Nursing Services,77.0,98.0,93.0,74.0,5.8807,5.1064,19.17K,63.52K,100.0,45.0,1.28B,No,54.77,52.52,,57.46,62.82,171
808,VISAKAIND.NS,88.47,90.45,124.95K,Process Industries,Industrial Specialties,77.0,29.0,78.0,83.0,3.5357,3.4479,550.21K,249.80K,104.41,50.2,7.64B,No,91.63,88.12,72.4,89.67,75.52,497
809,RRMETAL.BO,48.35,46.06,6.69K,Distribution Services,Food Distributors,77.0,0.0,46.0,92.0,1.415,0.4457,12.88K,6.40K,77.81,23.8,435.58M,No,54.34,60.18,39.24,59.15,43.72,495
810,NURECA.NS,322.2,332.75,5.71K,Health Technology,Medical Specialties,77.0,33.0,89.0,66.0,17.1857,16.9107,35.28K,8.11K,358.0,204.0,3.22B,No,323.98,308.95,279.78,322.93,277.78,497
811,INDAG.BO,125.05,131.3,11.95K,Producer Manufacturing,Miscellaneous Manufacturing,77.0,95.0,91.0,78.0,7.8079,7.4229,11.38K,17.85K,146.75,77.36,3.28B,No,120.1,106.04,103.3,110.93,98.31,495
812,GABRIEL.NS,1300.5,1346.4,212.31K,Producer Manufacturing,Auto Parts: Oem,77.0,18.0,74.0,80.0,59.2929,59.1072,536.26K,295.15K,1600.0,795.7,249.22B,No,1383.12,1393.73,1103.66,1388.9,1151.63,498
813,POWERINDIA.NS,30790.0,31435.0,97.90K,Electronic Technology,Electronic Equipment/Instruments,77.0,10.0,24.0,66.0,879.6429,813.5714,134.04K,93.40K,38785.0,16111.0,1372.38B,No,32904.25,32794.9,27923.1,32501.5,31498.73,498
814,HINDCOPPER.NS,492.1,514.5,6981.52K,Non-Energy Minerals,Other Metals/Minerals,77.0,30.0,44.0,21.0,18.2,15.9429,9029.55K,10153.60K,760.05,276.25,475.87B,No,535.4,516.66,519.9,516.05,523.21,499
815,DCMNVL.NS,172.6,178.77,11.85K,Process Industries,Textiles,77.0,54.0,70.0,85.0,10.3243,10.2379,16.44K,21.44K,198.58,95.6,3.22B,No,180.91,163.47,142.25,166.79,146.61,498
816,SANTETX.BO,156.0,159.8,2.23K,Process Industries,Textiles,77.0,88.0,79.0,61.0,11.6179,11.55,1.00K,1.53K,179.4,98.25,887.64M,No,157.04,145.79,137.09,151.28,139.42,495
817,PARSHWANA.BO,99.45,94.85,0.54K,Consumer Durables,Homebuilding,77.0,96.0,89.0,43.0,4.3979,3.6093,0.25K,0.25K,115.55,52.0,311.46M,No,86.59,77.74,88.36,81.87,85.09,495
818,MARIS.BO,38.53,38.62,7.78K,Process Industries,Textiles,77.0,90.0,85.0,74.0,3.1243,2.9793,8.89K,12.39K,45.0,23.6,305.34M,No,38.62,33.29,30.54,34.87,30.91,495
819,KARURVYSYA.NS,324.45,333.8,1974.95K,Finance,Regional Banks,77.0,51.0,71.0,48.0,8.8071,8.6893,3659.94K,1362.55K,358.65,204.8,313.64B,No,341.15,332.28,297.33,334.7,305.9,499
820,VEGA.BO,61.95,61.95,0.12K,Distribution Services,Wholesale Distributors,76.0,62.0,52.0,37.0,0.0,0.0,1.04K,3.31K,62.45,38.66,3.15B,No,61.95,61.95,58.46,61.95,62.12,498
821,63MOONS.NS,864.0,908.9,310.65K,Technology Services,Packaged Software,76.0,80.0,86.0,78.0,43.3536,42.7821,775.43K,606.92K,966.0,467.0,39.81B,No,812.76,788.34,693.05,822.92,691.64,498
822,MANGLMCEM.NS,989.4,1028.0,49.67K,Non-Energy Minerals,Construction Materials,76.0,83.0,77.0,62.0,41.6286,41.2143,130.90K,148.57K,1120.0,679.35,27.21B,No,1025.21,980.52,864.81,995.9,913.08,496
823,RISHIROOP.BO,123.75,122.15,6.83K,Process Industries,Chemicals: Specialty,76.0,82.0,88.0,79.0,5.2736,4.8407,5.09K,10.98K,135.9,71.5,1.13B,No,111.66,103.37,96.81,107.97,96.55,495
824,MSECL.BO,269.3,290.55,22.20K,Commercial Services,Miscellaneous Commercial Services,76.0,90.0,85.0,74.0,17.7321,17.1679,19.63K,68.34K,331.05,165.0,3.81B,No,257.39,237.75,219.93,244.59,227.23,281
825,CRAZY.BO,56.5,59.0,33.00K,Consumer Non-Durables,Food: Specialty/Candy,76.0,34.0,,,1.5779,1.4429,117.41K,41.00K,70.0,42.47,1.35B,No,59.17,58.17,,59.21,,53
826,CAPLIPOINT.NS,2570.6,2754.8999,216.53K,Health Technology,Pharmaceuticals: Major,76.0,70.0,68.0,84.0,113.2857,112.9071,165.85K,421.33K,2877.3,1500.3,195.40B,No,2623.72,2594.4,2066.25,2586.7,2167.01,497
827,SAENTER.BO,51.28,51.4,0.00K,Distribution Services,Wholesale Distributors,76.0,94.0,68.0,81.0,0.3486,0.3486,0.05K,0.05K,56.53,31.8,205.12M,No,50.23,44.83,43.85,46.3,43.96,496
828,MAYURUNIQ.NS,745.2,740.05,314.45K,Process Industries,Textiles,76.0,56.0,36.0,79.0,28.9536,28.6429,118.26K,122.23K,907.0,471.2,32.38B,No,746.58,777.0,634.41,758.65,683.78,496
829,CTE.NS,39.96,41.37,2.94K,Technology Services,Information Technology Services,76.0,78.0,83.0,85.0,2.9143,2.6271,20.34K,14.73K,59.93,20.51,769.26M,No,44.45,37.86,34.34,39.28,32.85,496
830,UNICHEMLAB.NS,519.05,539.7,57.81K,Health Technology,Pharmaceuticals: Major,76.0,44.0,77.0,84.0,27.525,27.525,440.43K,140.81K,687.2,278.2,36.54B,No,539.28,545.15,427.31,536.91,432.78,499
831,SCAGRO.BO,25.36,24.16,0.74K,Consumer Non-Durables,Food: Meat/Fish/Dairy,76.0,2.0,79.0,18.0,0.705,0.4371,13.21K,2.12K,43.8,14.82,1.93B,No,27.42,29.37,28.52,29.33,28.04,495
832,SPECIALITY.NS,137.63,141.7,9.05K,Consumer Services,Restaurants,76.0,35.0,85.0,75.0,6.9279,6.6464,91.98K,26.07K,167.46,82.7,6.64B,No,140.32,137.5,115.35,138.84,117.4,497
833,MILEFUR.BO,27.7,27.1,3.00K,Consumer Durables,Home Furnishings,76.0,81.0,65.0,34.0,1.3857,0.9907,15.86K,31.20K,31.66,13.22,257.53M,No,23.98,25.87,27.6,25.8,27.41,495
834,AVTNPL.NS,86.24,90.13,279.71K,Consumer Non-Durables,Food: Specialty/Candy,76.0,91.0,79.0,79.0,4.6086,4.5943,235.96K,451.02K,97.0,53.5,13.13B,No,88.51,77.93,69.16,80.48,70.95,496
835,EIGHTY.BO,42.0,42.0,3.00K,Consumer Durables,Other Consumer Specialties,76.0,82.0,56.0,77.0,1.5193,0.175,4.05K,4.50K,49.9,22.2,428.37M,No,38.11,40.64,34.83,40.25,35.31,496
836,ADANIPOWER.NS,202.0,209.97,14410.40K,Utilities,Electric Utilities,76.0,54.0,30.0,80.0,7.0164,6.6829,24538.40K,22687.72K,254.2,125.2,3895.51B,No,207.14,210.6,185.01,209.1,201.91,499
837,SUNITATOOL.BO,983.35,965.05,10.00K,Producer Manufacturing,Industrial Machinery,76.0,51.0,87.0,41.0,54.4964,48.6107,12.12K,9.86K,1150.0,553.0,6.18B,No,1004.61,958.59,831.91,977.4,882.66,495
838,SHIVALIK.NS,353.9,362.05,97.90K,Process Industries,Chemicals: Agricultural,76.0,96.0,94.0,68.0,23.85,23.185,53.85K,136.38K,491.9,206.4,5.59B,No,307.83,267.8,283.39,286.37,263.23,498
839,RAPIDIN.BO,95.6,99.9,0.04K,Finance,Investment Banks/Brokers,76.0,88.0,79.0,68.0,2.8386,1.7014,0.07K,0.05K,141.75,58.83,205.52M,No,89.14,81.64,84.43,82.67,80.85,494
840,ADANIENSOL.NS,1347.5,1373.0,822.62K,Utilities,Electric Utilities,76.0,5.0,29.0,75.0,56.0143,54.1286,2973.05K,5842.56K,1789.0,803.1,1647.93B,No,1473.88,1584.29,1268.13,1556.97,1383.02,499
841,GUFICBIO.NS,425.1,425.1,60.59K,Health Technology,Pharmaceuticals: Major,76.0,57.0,78.0,81.0,15.7607,15.7607,256.19K,182.70K,467.8,268.0,42.63B,No,423.38,407.14,340.75,412.71,349.27,498
842,JYOTICNC.NS,961.45,985.0,550.28K,Producer Manufacturing,Metal Fabrication,76.0,88.0,89.0,67.0,41.3464,40.2071,1251.54K,1077.01K,1058.85,580.1,218.66B,No,992.91,882.06,821.85,897.5,790.39,499
843,PPLPHARMA.NS,203.47,211.35,3102.57K,Health Technology,Pharmaceuticals: Major,76.0,43.0,81.0,73.0,7.6057,7.1329,7957.28K,5155.34K,231.93,132.3,269.60B,No,213.05,199.26,172.37,203.39,174.71,498
844,CITYSQUARE.BO,159.4,167.75,5.60K,Retail Trade,Food Retail,76.0,96.0,79.0,10.0,7.8214,6.9714,2.07K,5.60K,222.2,78.81,1.42B,No,137.08,127.32,156.85,131.04,158.61,248
845,KSL.NS,930.45,968.75,163.41K,Non-Energy Minerals,Steel,76.0,84.0,76.0,72.0,47.1,46.9357,81.28K,171.27K,992.6,574.0,40.72B,No,905.31,895.48,790.77,898.96,816.88,499
846,VIRAT.NS,421.6,450.05,7.55K,Consumer Non-Durables,Apparel/Footwear,76.0,,,,32.0821,32.0821,16.77K,6.75K,494.4,268.05,6.12B,No,427.11,,,,,20
847,JTLIND.NS,82.47,88.68,3225.84K,Non-Energy Minerals,Steel,76.0,82.0,66.0,83.0,4.76,4.7086,3369.26K,4284.15K,94.0,40.25,32.42B,No,84.61,79.51,69.61,80.75,72.3,498
848,VISTARAMAR.BO,188.1,206.85,21.25K,Finance,Investment Banks/Brokers,76.0,5.0,53.0,38.0,12.9036,12.7179,5.57K,4.42K,254.9,91.15,1.08B,No,207.7,211.54,175.2,209.43,199.75,495
849,NAPSGLOBAL.BO,51.5,51.0,1.60K,Process Industries,Textiles,76.0,70.0,90.0,75.0,3.1421,2.3236,5.51K,10.56K,65.0,34.6,228.14M,No,54.36,46.25,43.67,47.47,42.21,376
850,TASTYBITE.NS,9927.0,10273.0,3.83K,Consumer Non-Durables,Food: Specialty/Candy,76.0,82.0,81.0,76.0,336.0,333.5,9.06K,3.36K,10544.0,6430.0,25.47B,No,10049.35,9480.97,8057.88,9677.15,8272.57,497
851,RPGLIFE.NS,2718.8,2698.6001,60.66K,Health Technology,Pharmaceuticals: Major,76.0,44.0,78.0,79.0,117.9928,116.6928,24.62K,20.34K,3082.0,1733.0,44.97B,No,2664.1,2731.16,2287.98,2732.18,2344.26,498
852,AJANTPHARM.NS,3510.4,3533.3999,78.12K,Health Technology,Pharmaceuticals: Major,76.0,49.0,75.0,62.0,94.1428,92.8214,106.19K,65.04K,3796.0,2329.9,438.66B,No,3572.99,3497.13,3045.44,3512.15,3170.09,497
853,TACENT.BO,51.59,51.59,0.75K,Process Industries,Textiles,76.0,75.0,62.0,66.0,0.175,0.0,0.01K,0.01K,51.59,34.95,181.20M,No,50.49,49.68,44.24,49.87,46.25,498
854,VENKEYS.NS,1713.6,1787.2,115.20K,Process Industries,Agricultural Commodities/Milling,76.0,86.0,82.0,73.0,68.2572,67.7072,84.61K,218.44K,1814.9,1165.0,24.14B,No,1620.78,1552.45,1473.34,1579.66,1476.39,497
855,ARFIN.NS,82.72,85.98,1085.97K,Non-Energy Minerals,Aluminum,76.0,54.0,20.0,42.0,3.93,3.8907,1788.11K,1322.12K,106.2,41.79,13.96B,No,86.37,86.94,82.28,86.71,87.09,286
856,VOLTAMP.NS,10596.0,11217.0,26.14K,Producer Manufacturing,Electrical Products,76.0,76.0,66.0,66.0,458.8929,455.9643,46.27K,29.55K,12863.0,6666.0,107.20B,No,10846.62,10127.58,9149.06,10387.0,9847.43,498
857,KCPSUGIND.NS,30.39,31.09,47.62K,Process Industries,Agricultural Commodities/Milling,75.0,59.0,88.0,71.0,1.5607,1.5607,471.78K,100.76K,36.47,21.45,3.47B,No,32.35,29.29,25.54,30.24,25.98,498
858,NANTA.BO,377.3,375.2,121.80K,Distribution Services,Wholesale Distributors,75.0,91.0,11.0,75.0,21.3643,15.8143,20.23K,63.06K,651.4,234.0,1.94B,No,335.68,404.74,,387.89,392.67,176
859,ASIANHOTNR.NS,385.45,378.8,111.28K,Consumer Services,Hotels/Resorts/Cruise Lines,75.0,94.0,85.0,77.0,26.45,26.4321,69.92K,151.63K,423.8,247.5,16.43B,No,343.78,323.41,308.75,327.95,307.91,496
860,RKFORGE.NS,688.2,711.2,685.09K,Producer Manufacturing,Metal Fabrication,75.0,34.0,79.0,66.0,27.3643,26.3464,1375.05K,780.74K,772.8,460.15,125.12B,No,727.06,672.99,576.94,684.78,599.54,499
861,POWERICA.NS,532.75,569.35,169.22K,Producer Manufacturing,Electrical Products,75.0,47.0,70.0,,22.5179,22.0964,324.97K,199.91K,676.95,365.1,67.42B,No,529.77,543.48,,541.68,,116
862,AURUM.NS,221.36,224.02,121.75K,Technology Services,Packaged Software,75.0,55.0,76.0,73.0,7.3607,7.3607,304.31K,91.97K,264.64,151.9,16.99B,No,227.49,227.06,192.65,225.83,198.49,498
863,DHAMPURE.BO,131.1,136.3,9.49K,Process Industries,Agricultural Commodities/Milling,75.0,15.0,67.0,57.0,9.0607,9.0607,8.93K,9.00K,167.0,82.0,1.14B,No,144.74,134.25,116.81,134.85,124.7,495
864,STYLEBAAZA.NS,376.05,388.1,431.28K,Retail Trade,Apparel/Footwear Retail,75.0,69.0,73.0,76.0,15.975,15.975,804.06K,712.37K,447.1,229.95,28.62B,No,401.14,342.8,320.89,352.82,333.4,499
865,DEEP.NS,45.13,46.08,112.05K,Process Industries,Chemicals: Specialty,75.0,,,,3.0264,2.9971,44.03K,74.97K,49.17,34.2,1.09B,No,37.66,,,,,20
866,TRANSPEK.NS,1336.7,1344.9,1.08K,Process Industries,Chemicals: Specialty,75.0,90.0,88.0,,67.8286,65.6143,14.91K,5.61K,1475.0,952.3,7.47B,No,1342.89,1207.12,,1259.51,,103
867,MODRNSH.BO,44.42,46.5,0.01K,Finance,Investment Banks/Brokers,75.0,93.0,63.0,88.0,3.4514,3.2521,2.30K,7.27K,49.57,24.7,130.20M,No,39.27,36.77,35.39,37.48,33.62,496
868,SMSPHARMA.NS,410.15,463.45,4315.16K,Health Technology,Pharmaceuticals: Major,75.0,86.0,69.0,36.0,25.475,25.2679,572.73K,1724.37K,482.0,242.25,38.41B,No,379.52,381.36,368.86,386.05,389.89,498
869,GROWW.NS,197.59,200.24,30381.77K,Miscellaneous,Investment Trusts,75.0,63.0,51.0,70.0,5.1871,4.8493,36971.92K,45317.17K,227.2,112.0,1223.39B,No,195.18,197.19,181.99,197.18,190.94,212
870,BPLPHARMA.NS,1543.4,1505.1,2.21K,Health Technology,Pharmaceuticals: Major,75.0,,,,78.2572,76.1357,2.16K,2.19K,1649.0,1201.1,,No,1478.14,,,,,20
871,APIS.BO,50.35,50.94,12.14K,Consumer Non-Durables,Food: Major Diversified,75.0,14.0,13.0,17.0,2.6193,2.6186,10.26K,6.33K,110.42,22.19,6.94B,No,53.47,54.86,61.71,53.6,58.53,496
872,ANDHRSUGAR.NS,94.66,96.38,366.35K,Process Industries,Chemicals: Specialty,75.0,29.0,75.0,70.0,3.835,3.8071,916.85K,554.52K,107.23,66.5,12.83B,No,98.53,92.26,82.46,92.85,86.27,499
873,IFCI.NS,76.95,82.29,81169.70K,Finance,Finance/Rental/Leasing,75.0,60.0,21.0,79.0,7.0021,6.965,67092.74K,187343.30K,107.5,46.23,207.33B,No,87.61,79.6,65.28,80.12,70.15,499
874,SANGHVIMOV.NS,401.5,426.5,514.44K,Finance,Finance/Rental/Leasing,75.0,4.0,41.0,88.0,19.5714,19.4857,456.84K,248.76K,528.0,223.8,34.76B,No,455.3,455.48,354.04,445.48,368.85,499
875,THYROCARE.NS,544.45,549.7,194.38K,Health Services,Medical/Nursing Services,75.0,18.0,56.0,81.0,16.4429,16.3179,756.89K,285.46K,662.0,342.55,86.66B,No,580.37,574.58,475.98,571.13,486.29,498
876,THELEELA.NS,522.45,542.3,189.58K,Consumer Services,Hotels/Resorts/Cruise Lines,75.0,68.0,75.0,63.0,18.1929,18.0929,575.92K,468.39K,582.85,384.5,174.48B,No,549.6,515.89,450.1,521.88,464.81,323
877,CUB.NS,225.78,227.32,1260.65K,Finance,Regional Banks,75.0,80.0,71.0,65.0,8.58,8.3343,3134.11K,2739.42K,248.85,151.95,223.70B,No,226.99,221.96,206.44,220.02,203.55,499
878,MANYAVAR.NS,566.65,582.35,399.11K,Retail Trade,Internet Retail,75.0,81.0,89.0,85.0,20.8179,20.4036,1163.60K,381.22K,779.0,329.2,137.68B,No,555.37,484.32,465.73,509.7,437.96,497
879,POLYPLEX.NS,1093.8,1134.2,46.03K,Process Industries,Chemicals: Specialty,75.0,34.0,80.0,75.0,34.4072,33.3929,133.98K,58.12K,1264.0,740.0,35.64B,No,1169.31,1131.46,932.88,1140.67,982.24,498
880,CHEMBOND.NS,195.52,217.12,32.13K,Process Industries,Chemicals: Major Diversified,75.0,81.0,84.0,79.0,15.7521,14.2229,13.39K,55.09K,236.8,105.15,2.63B,No,181.35,179.69,162.55,180.52,165.11,497
881,BIMETAL.NS,640.0,640.5,0.19K,Producer Manufacturing,Auto Parts: Oem,75.0,62.0,52.0,,26.0357,24.8536,0.91K,0.53K,750.75,470.9,2.45B,No,631.72,649.37,,648.45,,107
882,GSPCROP.NS,472.35,471.25,389.14K,Process Industries,Chemicals: Agricultural,75.0,2.0,60.0,,33.4,33.4,399.31K,563.29K,667.95,328.0,21.97B,No,584.58,551.02,,558.29,,121
883,PRECOT.NS,656.1,658.3,3.29K,Process Industries,Textiles,75.0,7.0,27.0,79.0,32.0786,32.075,7.17K,3.79K,899.0,300.05,7.87B,No,693.02,760.35,588.02,740.03,663.73,496
884,SUDARSCHEM.NS,1183.2,1248.2,176.48K,Process Industries,Chemicals: Specialty,75.0,76.0,86.0,76.0,48.6214,48.5714,409.05K,471.91K,1603.0,726.4,94.19B,No,1226.5,1118.49,955.51,1147.65,968.73,498
885,MARALOVER.NS,60.0,62.41,15.94K,Process Industries,Textiles,75.0,86.0,62.0,81.0,4.0493,3.8336,22.50K,65.48K,68.89,34.11,2.49B,No,57.21,56.03,49.11,57.26,51.85,496
886,SRMCL.BO,56.39,56.55,1.16K,Finance,Real Estate Development,75.0,67.0,51.0,81.0,3.03,2.95,5.03K,5.23K,64.8,32.6,401.40M,No,55.84,56.23,46.89,56.34,49.23,495
887,ORBTEXP.NS,234.42,237.0,1.39K,Process Industries,Textiles,75.0,38.0,82.0,81.0,9.2914,9.1886,36.44K,2.08K,278.61,135.0,6.01B,No,235.9,237.92,194.21,237.27,197.32,496
888,FRATELLI.BO,123.7,129.85,5.97K,Distribution Services,Food Distributors,75.0,89.0,84.0,83.0,8.0107,7.9179,31.27K,29.93K,161.8,61.9,5.38B,No,122.14,108.88,95.92,113.14,94.55,495
889,DALMIASUG.NS,398.2,417.35,191.35K,Process Industries,Agricultural Commodities/Milling,75.0,35.0,78.0,67.0,22.6357,22.4036,659.46K,323.51K,520.0,261.4,32.23B,No,460.26,412.37,345.54,413.71,368.8,497
890,PALCO.BO,151.0,157.55,2.87K,Distribution Services,Wholesale Distributors,75.0,31.0,69.0,85.0,9.4857,8.4714,2.02K,2.49K,193.2,88.85,604.00M,No,151.56,144.77,131.94,148.27,136.25,495
891,OSWALEA.BO,78.64,78.64,0.20K,Finance,Finance/Rental/Leasing,75.0,55.0,56.0,68.0,0.0,0.0,0.03K,0.03K,78.64,55.92,39.32M,No,78.64,77.52,69.62,77.89,73.38,497
892,GUJTHEM.NS,430.45,422.65,666.58K,Health Technology,Pharmaceuticals: Major,75.0,92.0,75.0,81.0,23.1464,22.675,310.05K,1043.22K,479.0,225.05,56.02B,No,412.13,381.98,361.53,384.96,357.53,386
893,BBOX.NS,745.8,800.8,1510.21K,Technology Services,Information Technology Services,75.0,32.0,4.0,79.0,36.3571,35.6393,422.87K,503.26K,1103.0,444.3,132.45B,No,752.22,785.25,686.64,768.02,750.81,499
894,HESTERBIO.NS,2171.8,2264.8999,4.44K,Health Technology,Pharmaceuticals: Major,74.0,13.0,62.0,83.0,104.9428,101.6214,30.82K,13.53K,2683.6,1239.3,,No,2319.72,2370.06,1831.63,2363.74,1939.37,497
895,GAEL.NS,158.72,163.08,602.71K,Consumer Non-Durables,Food: Specialty/Candy,74.0,25.0,54.0,63.0,5.8679,5.7814,1405.54K,786.33K,184.99,101.2,72.80B,No,171.17,164.92,148.63,164.57,155.57,499
896,ACESOFT.BO,203.8,205.2,32.01K,Technology Services,Data Processing Services,74.0,77.0,96.0,35.0,10.4464,9.875,59.83K,30.05K,378.8,106.0,4.83B,No,190.38,162.45,173.21,177.37,158.23,495
897,FORINTL.BO,82.0,80.5,0.39K,Transportation,Air Freight/Couriers,74.0,69.0,65.0,72.0,2.5364,2.3257,0.74K,2.00K,92.0,52.0,577.28M,No,78.9,78.7,70.89,79.69,75.11,495
898,SSL.BO,49.05,48.6,9.60K,Commercial Services,Miscellaneous Commercial Services,74.0,77.0,95.0,54.0,1.9036,1.7493,11.68K,13.44K,74.0,29.35,601.85M,No,47.38,40.47,43.26,42.24,39.28,496
899,SIMPLEXCAS.BO,113.05,113.7,894.20K,Producer Manufacturing,Metal Fabrication,74.0,83.0,75.0,69.0,8.4536,8.4071,260.07K,440.02K,132.0,73.28,4.63B,No,109.05,105.25,99.06,107.3,100.71,498
900,TINNARUBR.NS,965.0,1034.05,86.01K,Process Industries,Industrial Specialties,74.0,13.0,69.0,79.0,45.7822,45.7822,140.11K,64.10K,1322.0,527.45,17.39B,No,1023.39,1048.24,825.86,1046.09,853.55,353
901,KROSS.NS,228.87,239.07,885.63K,Producer Manufacturing,Auto Parts: Oem,74.0,81.0,83.0,62.0,10.0243,10.0007,1006.85K,1326.88K,243.29,150.52,14.76B,No,213.76,204.03,193.58,210.79,194.14,499
902,METSL.BO,162.65,162.75,12.47K,Electronic Technology,Semiconductors,74.0,89.0,78.0,65.0,7.9179,7.8607,7.04K,6.74K,169.0,106.5,896.24M,No,155.87,150.32,136.61,152.93,142.94,495
903,MUFIN.NS,132.49,134.76,330.49K,Finance,Finance/Rental/Leasing,74.0,51.0,66.0,68.0,3.2021,3.1621,1090.43K,529.03K,141.5,85.13,26.25B,No,136.33,133.05,119.62,134.06,122.01,499
904,RAJRATAN.NS,485.1,498.15,153.89K,Producer Manufacturing,Metal Fabrication,74.0,34.0,66.0,67.0,19.7393,19.5393,176.69K,104.04K,563.95,305.55,24.63B,No,498.21,499.82,450.35,498.99,444.8,498
905,ABMINTLLTD.NS,52.0,52.5,0.05K,Industrial Services,Engineering & Construction,74.0,1.0,84.0,60.0,1.7729,1.0007,2.69K,0.19K,72.8,34.0,489.22M,No,55.36,48.96,44.63,50.15,45.83,497
906,SOMANYCERA.NS,550.8,565.2,76.89K,Producer Manufacturing,Building Products,74.0,77.0,64.0,84.0,17.6643,17.4357,178.52K,109.66K,576.8,332.0,22.59B,No,547.6,524.42,457.58,528.46,481.17,496
907,SHYAMMETL.NS,1050.5,1074.8,231.84K,Producer Manufacturing,Metal Fabrication,74.0,74.0,69.0,73.0,33.9786,33.9429,539.71K,277.04K,1111.0,746.0,292.38B,No,1049.36,1027.27,903.59,1036.31,935.9,499
908,UJJIVANSFB.NS,64.07,65.54,7608.19K,Finance,Regional Banks,74.0,18.0,73.0,59.0,2.4171,2.3857,18816.85K,16588.64K,73.94,43.85,125.00B,No,67.81,67.84,59.69,68.39,60.49,498
909,COFORGE.NS,1775.5,1846.5,4583.14K,Technology Services,Information Technology Services,74.0,52.0,81.0,86.0,65.2714,57.3643,3211.61K,2788.91K,2021.2,1008.1,786.51B,No,1899.58,1741.79,1524.1,1780.32,1458.76,499
910,VIRYA.BO,805.55,805.55,0.01K,Industrial Services,Engineering & Construction,74.0,34.0,64.0,68.0,15.8821,9.6571,0.01K,0.00K,896.75,349.7,1.21B,No,844.65,789.24,644.28,802.87,656.07,496
911,PVRINOX.NS,1221.0,1237.1,291.96K,Consumer Services,Movies/Entertainment,74.0,72.0,86.0,62.0,48.8572,45.4072,484.42K,954.96K,1284.5,907.4,119.90B,No,1218.38,1138.85,1038.9,1164.68,1045.78,498
912,NAHARSPING.NS,261.65,273.1,17.04K,Process Industries,Textiles,74.0,10.0,59.0,73.0,11.1143,10.9964,35.61K,46.02K,349.0,149.2,9.44B,No,289.35,287.91,236.45,286.44,257.02,497
913,ACCORDTS.BO,64.08,67.75,48.00K,Producer Manufacturing,Electrical Products,74.0,64.0,72.0,68.0,3.2014,3.0579,90.90K,70.20K,80.01,45.0,1.32B,No,63.74,60.69,,61.45,,135
914,REXNORD.BO,92.87,86.96,36.00K,Producer Manufacturing,Industrial Machinery,74.0,88.0,64.0,86.0,4.3657,4.1414,1.86K,1.98K,98.4,49.0,1.23B,No,84.34,81.64,73.54,82.71,74.03,495
915,TECHNICHEM.BO,57.5,54.77,118.00K,Process Industries,Chemicals: Major Diversified,74.0,93.0,91.0,72.0,1.9971,1.1057,7.94K,13.60K,61.93,34.25,995.97M,No,45.1,45.83,47.79,46.98,47.1,420
916,TITAN.NS,4856.0,5009.5,504.32K,Consumer Durables,Other Consumer Specialties,74.0,44.0,73.0,61.0,81.55,79.4643,796.90K,494.75K,5186.7,3303.1,4308.79B,No,5051.49,4905.08,4353.58,4932.83,4500.62,499
917,ACE.NS,1132.1,1129.0,332.64K,Producer Manufacturing,Trucks/Construction/Farm Machinery,74.0,75.0,81.0,73.0,41.0214,41.0214,505.69K,294.43K,1196.0,745.1,134.75B,No,1139.02,1080.66,945.5,1098.63,967.18,498
918,BETXIND.BO,486.85,461.3,0.21K,Process Industries,Textiles,74.0,70.0,50.0,71.0,35.0,33.2857,0.21K,0.08K,648.0,220.05,730.28M,No,491.43,482.93,397.85,482.63,437.54,494
919,URBANCO.NS,158.22,166.89,4150.90K,Technology Services,Packaged Software,74.0,82.0,82.0,78.0,7.5679,7.5336,8971.44K,8997.03K,201.18,100.7,232.99B,No,165.63,147.84,131.7,151.08,134.13,249
920,STYL.NS,360.2,387.4,155.80K,Technology Services,Packaged Software,74.0,12.0,84.0,77.0,18.0286,18.0286,209.44K,105.73K,437.45,209.11,58.28B,No,388.12,382.9,294.32,387.24,304.16,240
921,ELLEN.NS,355.1,380.2,1197.21K,Process Industries,Chemicals: Specialty,74.0,78.0,85.0,84.0,18.2714,17.8357,636.23K,1109.78K,550.55,175.0,50.05B,No,331.55,305.3,280.55,317.23,273.57,302
922,MONGIPA.BO,20.01,20.27,0.24K,Finance,Investment Banks/Brokers,74.0,94.0,76.0,74.0,1.5914,1.5679,13.41K,3.70K,23.0,12.0,183.38M,No,18.85,17.08,16.16,17.74,16.32,495
923,ETERNAL.NS,315.25,323.5,12535.53K,Technology Services,Internet Software/Services,74.0,58.0,83.0,78.0,7.4536,7.4357,33691.75K,43159.71K,368.45,212.6,2902.00B,No,324.26,309.27,274.04,312.01,269.65,498
924,GBLINFRA.BO,102.01,100.01,0.04K,Commercial Services,Miscellaneous Commercial Services,74.0,97.0,98.0,2.0,2.005,0.4143,0.45K,0.92K,173.0,15.0,144.28M,No,83.93,67.42,95.5,74.03,61.07,496
925,ICON.BO,71.1,71.01,2.40K,Commercial Services,Miscellaneous Commercial Services,74.0,13.0,42.0,65.0,2.2507,1.2514,11.16K,3.00K,85.0,38.05,558.82M,No,71.15,73.2,60.74,73.34,65.93,301
926,FEDDERSHOL.NS,49.14,48.51,1518.18K,Finance,Financial Conglomerates,74.0,,,,1.5064,1.2271,1179.85K,2000.52K,50.32,39.0,9.90B,No,44.55,,,,,20
927,GTECJAINX.NS,29.31,26.65,20.22K,Commercial Services,Miscellaneous Commercial Services,74.0,74.0,49.0,81.0,1.7786,1.7771,8.99K,4.33K,38.35,15.54,298.64M,No,28.79,28.45,23.74,28.81,24.43,495
928,AMPL.BO,36.02,35.78,269.75K,Finance,Investment Managers,74.0,89.0,81.0,63.0,2.5243,2.3836,267.23K,157.16K,42.4,24.36,2.21B,No,30.24,31.42,30.1,31.85,30.46,495
929,MKEXIM.NS,64.52,64.99,4.90K,Process Industries,Textiles,74.0,,,,4.3636,4.3479,20.41K,18.65K,68.69,52.0,2.60B,No,61.46,,,,,20
930,BHARATSE.NS,208.62,217.47,128.46K,Producer Manufacturing,Auto Parts: Oem,74.0,5.0,74.0,64.0,9.0321,9.0321,969.50K,186.95K,263.18,133.6,13.10B,No,222.49,226.81,189.55,224.62,198.09,368
931,GIPCL.NS,188.31,199.72,638.71K,Utilities,Electric Utilities,73.0,79.0,76.0,79.0,8.2636,8.0293,657.41K,611.81K,211.71,119.9,29.23B,No,192.33,174.75,155.45,178.6,159.47,498
932,SUNFLAG.NS,331.55,337.2,103.77K,Non-Energy Minerals,Steel,73.0,31.0,30.0,80.0,10.8286,10.7607,191.22K,158.87K,428.0,192.15,59.75B,No,345.4,352.1,301.95,351.77,320.45,499
933,DPABHUSHAN.NS,1337.5,1340.6,18.91K,Retail Trade,Specialty Stores,73.0,53.0,91.0,74.0,55.2214,54.4286,87.50K,23.24K,1670.0,866.1,30.53B,No,1433.39,1371.94,1215.91,1391.24,1140.81,497
934,SWATIPRO.BO,38.45,40.47,20.83K,Finance,Financial Conglomerates,73.0,1.0,78.0,68.0,2.9236,1.9721,46.71K,54.89K,73.23,24.6,388.34M,No,50.15,40.52,34.03,41.54,35.57,495
935,HSCL.NS,637.25,664.9,7504.65K,Process Industries,Industrial Specialties,73.0,3.0,34.0,78.0,18.8536,18.8536,9351.73K,4421.27K,819.5,418.5,321.54B,No,676.64,714.73,571.42,711.6,615.19,499
936,SVLL.NS,790.4,785.05,1.17K,Transportation,Air Freight/Couriers,73.0,73.0,71.0,81.0,23.7679,23.3607,13.82K,1.98K,897.45,445.15,9.08B,No,787.35,754.96,658.74,769.54,656.71,496
937,ROBU.BO,1035.05,1105.0,3.63K,Retail Trade,Electronics/Appliance Stores,73.0,16.0,27.0,57.0,46.4571,45.6571,7.73K,5.49K,1315.0,636.36,10.72B,No,1096.61,1140.2,947.15,1124.78,1029.72,497
938,SHARVAYA.BO,141.1,148.5,0.60K,Non-Energy Minerals,Other Metals/Minerals,73.0,46.0,95.0,63.0,5.6893,4.6464,22.88K,12.42K,209.0,78.0,1.42B,No,145.48,130.07,129.22,135.98,117.4,251
939,TAALTECH.NS,5012.4,5375.5,20.90K,Transportation,Airlines,73.0,,,,259.3428,254.9285,10.28K,15.65K,5550.0,4169.4,,No,4550.29,,,,,20
940,SUPERBAK.BO,37.0,36.1,0.10K,Process Industries,Agricultural Commodities/Milling,73.0,91.0,74.0,59.0,1.3,0.8271,0.22K,0.23K,43.11,28.4,111.80M,No,35.32,32.43,32.37,32.79,32.62,496
941,PALREDTEC.NS,49.81,52.0,4.45K,Distribution Services,Electronics Distributors,73.0,49.0,67.0,86.0,3.0871,3.0536,5.73K,3.48K,73.6,27.45,609.30M,No,54.17,51.47,43.2,50.9,44.23,497
942,ADANIENT.NS,2928.6,3060.0,1782.50K,Distribution Services,Wholesale Distributors,73.0,45.0,52.0,81.0,98.9285,96.8785,1772.36K,3105.91K,3245.0,1753.0,4167.32B,No,3003.51,3043.58,2535.06,3034.38,2679.47,499
943,CREATIVE.BO,660.3,658.95,0.23K,Non-Energy Minerals,Steel,73.0,84.0,82.0,65.0,20.2286,20.2286,0.20K,0.19K,687.85,481.5,858.39M,No,645.41,601.3,569.04,613.7,576.18,495
944,KECL.NS,119.47,124.21,107.88K,Producer Manufacturing,Electrical Products,73.0,5.0,77.0,79.0,5.8771,5.8729,199.29K,114.16K,155.0,75.47,7.93B,No,128.62,129.98,109.28,130.6,114.9,498
945,PRUDENT.NS,3251.5,3385.0,43.26K,Finance,Investment Managers,73.0,52.0,67.0,81.0,197.4643,196.2357,37.81K,38.64K,4105.5,2121.0,134.63B,No,3359.55,3202.99,2745.45,3243.21,2849.85,497
946,VIPULORG.BO,260.05,268.9,4.04K,Process Industries,Industrial Specialties,73.0,80.0,44.0,78.0,12.9107,12.8714,9.87K,17.89K,309.0,156.8,4.96B,No,263.59,254.34,222.9,255.05,225.61,495
947,COCHINM.BO,302.3,307.7,10.42K,Non-Energy Minerals,Other Metals/Minerals,73.0,68.0,83.0,72.0,9.55,9.1607,11.00K,13.24K,330.0,197.1,2.37B,No,303.38,277.89,263.24,285.49,263.19,495
948,SHANTIGOLD.NS,247.89,258.17,888.32K,Consumer Durables,Other Consumer Specialties,73.0,61.0,70.0,67.0,13.3114,12.48,1727.82K,1729.61K,280.75,155.0,19.02B,No,254.69,233.86,212.23,238.71,216.79,280
949,SECMARK.NS,142.98,141.31,0.80K,Technology Services,Information Technology Services,73.0,84.0,73.0,63.0,12.9707,11.7279,5.04K,16.15K,179.5,95.05,1.57B,No,138.33,130.98,120.83,134.5,125.81,497
950,ACSTECH.NS,59.45,58.29,274.30K,Process Industries,Textiles,73.0,,,,2.7114,2.6029,313.58K,325.38K,61.5,48.42,,No,52.78,,,,,20
951,MINDACORP.NS,678.95,705.45,184.05K,Producer Manufacturing,Auto Parts: Oem,73.0,42.0,57.0,75.0,20.3679,20.1571,467.33K,206.85K,769.0,468.5,159.80B,No,712.18,704.13,604.62,701.52,615.6,497
952,TORNTPHARM.NS,4850.0,4965.5,396.99K,Health Technology,Pharmaceuticals: Major,73.0,62.0,69.0,52.0,105.0357,98.8929,559.65K,290.84K,5250.0,3480.6,1844.78B,No,4949.93,4948.44,4378.15,4922.33,4557.19,499
953,PASUSPG.BO,36.74,35.82,0.05K,Process Industries,Textiles,73.0,75.0,85.0,67.0,1.1807,0.7171,0.26K,0.19K,40.99,25.67,343.04M,No,34.93,33.47,31.06,34.31,30.37,495
954,RISHILASE.BO,144.0,141.55,4.87K,Producer Manufacturing,Building Products,73.0,91.0,80.0,78.0,7.2214,7.1714,6.24K,9.61K,149.0,90.0,1.44B,No,131.97,128.38,122.09,129.97,120.65,495
955,HBEL.BO,28.6,28.6,1.25K,Commercial Services,Miscellaneous Commercial Services,73.0,98.0,86.0,82.0,0.7843,0.425,3.77K,5.75K,62.11,12.8,175.32M,No,24.44,18.84,19.36,20.77,18.79,496
956,JAINEX.BO,161.4,162.0,0.79K,Consumer Durables,Tools & Hardware,73.0,94.0,89.0,77.0,13.1107,12.9821,1.36K,2.92K,210.25,95.55,362.26M,No,148.31,131.77,124.98,137.93,125.18,495
957,MUNJALAU.NS,103.8,106.64,299.37K,Producer Manufacturing,Auto Parts: Oem,73.0,8.0,63.0,70.0,4.4914,4.4371,2552.68K,566.86K,130.6,67.2,10.38B,No,112.77,107.81,88.73,107.84,93.13,498
958,MERCURYEV.NS,40.87,41.86,1208.97K,Distribution Services,Wholesale Distributors,73.0,86.0,85.0,,2.575,2.5371,326.01K,1287.36K,44.05,30.16,7.76B,No,38.47,36.7,,37.53,,75
959,PONNIERODE.NS,351.8,371.1,20.41K,Process Industries,Agricultural Commodities/Milling,73.0,73.0,70.0,70.0,19.9821,19.7036,46.29K,37.21K,455.0,252.4,3.02B,No,386.48,347.52,301.19,353.2,316.96,496
960,MVGJL.NS,196.05,197.37,407.12K,Retail Trade,Specialty Stores,73.0,93.0,85.0,69.0,15.11,13.1907,244.78K,1154.01K,233.99,129.1,9.58B,No,168.45,164.51,165.51,168.44,160.58,496
961,STAR.NS,1150.6,1183.4,421.47K,Health Technology,Pharmaceuticals: Major,73.0,90.0,62.0,71.0,45.2714,45.1929,338.87K,531.22K,1231.0,768.65,106.05B,No,1058.74,1045.02,990.55,1049.12,1037.53,499
962,DHAMPURSUG.NS,156.61,163.59,529.24K,Process Industries,Agricultural Commodities/Milling,73.0,49.0,68.0,66.0,8.9943,8.6386,774.18K,840.87K,199.92,110.0,10.07B,No,173.75,157.74,138.0,158.01,145.15,499
963,NAHARINDUS.NS,127.37,131.62,15.03K,Process Industries,Textiles,73.0,77.0,68.0,77.0,6.7107,6.7107,38.06K,22.69K,154.0,83.05,5.50B,No,131.99,123.85,110.98,125.38,113.77,497
964,DCMSIL.NS,69.25,71.04,117.33K,Process Industries,Textiles,73.0,5.0,67.0,52.0,4.2521,4.2186,53.87K,89.94K,105.27,49.5,6.02B,No,72.29,76.76,,76.35,70.47,144
965,INDCTST.BO,61.81,62.5,0.13K,Producer Manufacturing,Trucks/Construction/Farm Machinery,73.0,25.0,84.0,68.0,4.7064,4.3493,1.11K,0.67K,76.16,43.55,248.31M,No,63.41,57.95,52.85,59.08,54.7,495
966,7SEASL.BO,94.22,100.97,31.97K,Technology Services,Packaged Software,73.0,93.0,81.0,77.0,7.4336,7.4186,28.11K,90.49K,112.89,63.0,2.18B,No,88.05,80.07,78.78,82.88,79.34,495
967,PJL.BO,325.0,325.0,0.75K,Consumer Durables,Other Consumer Specialties,73.0,74.0,67.0,65.0,0.0714,0.0,0.13K,0.13K,325.0,209.0,1.40B,No,319.95,279.55,270.35,293.24,277.41,497
968,RANEHOLDIN.NS,1669.0,1696.2,14.53K,Producer Manufacturing,Auto Parts: Oem,72.0,59.0,69.0,77.0,55.3429,55.1143,23.91K,23.43K,1894.5,981.0,23.83B,No,1622.57,1702.58,1405.63,1688.75,1435.82,499
969,NATRAJPR.BO,41.56,39.0,1.96K,Process Industries,Agricultural Commodities/Milling,72.0,78.0,75.0,73.0,3.0936,2.9907,1.71K,2.80K,45.9,28.0,155.73M,No,40.32,38.34,35.61,39.32,37.35,495
970,GANHOLD.BO,116.13,111.0,1.22K,Finance,Financial Conglomerates,72.0,78.0,70.0,87.0,7.1086,6.5943,1.04K,0.42K,123.65,60.2,103.47M,No,104.58,100.62,95.01,105.2,96.01,497
971,CORALAB.BO,565.55,585.0,1.71K,Health Technology,Pharmaceuticals: Other,72.0,60.0,74.0,69.0,31.5857,31.5857,1.59K,1.62K,679.0,360.0,2.02B,No,612.5,594.11,493.74,592.82,510.57,495
972,KIRLOSIND.NS,3834.0,3828.3,37.16K,Non-Energy Minerals,Steel,72.0,64.0,80.0,75.0,121.7286,119.5786,39.54K,67.41K,4574.8,2463.0,40.29B,No,3723.38,3814.3,3336.68,3786.12,3399.0,497
973,KESAR.BO,1156.95,1179.95,13.50K,Finance,Real Estate Development,72.0,31.0,38.0,36.0,51.4643,50.1,69.03K,192.69K,1341.0,700.0,36.15B,No,1177.32,1223.91,1184.83,1211.83,1207.2,495
974,CENTENKA.NS,550.4,565.4,41.98K,Process Industries,Chemicals: Specialty,72.0,38.0,71.0,75.0,21.475,19.8679,352.76K,1216.82K,671.65,371.2,12.03B,No,568.8,570.06,479.91,574.67,497.52,497
975,KRONOX.NS,170.36,175.92,39.39K,Process Industries,Chemicals: Specialty,72.0,86.0,71.0,83.0,10.3321,10.2707,735.46K,131.75K,223.42,96.0,6.32B,No,181.26,165.47,140.3,169.74,144.63,498
976,MAHALIFE.BO,176.1,177.75,8.40K,Process Industries,Chemicals: Agricultural,72.0,37.0,56.0,53.0,8.6571,7.7464,29.47K,21.60K,205.05,111.0,4.12B,No,185.58,177.4,171.5,176.34,171.18,206
977,GOELCONS.BO,400.0,400.0,29.60K,Industrial Services,Engineering & Construction,72.0,13.0,40.0,80.0,16.2786,14.0179,9.26K,12.20K,505.5,249.25,5.78B,No,412.4,444.88,356.08,431.18,377.3,253
978,COSMICCRF.BO,1279.95,1342.75,5.10K,Non-Energy Minerals,Steel,72.0,65.0,81.0,77.0,64.6393,57.6321,8.39K,10.03K,1519.95,550.0,12.16B,No,1310.45,1320.12,1085.53,1316.98,1057.29,495
979,NPL.BO,605.75,631.5,0.71K,Process Industries,Chemicals: Specialty,72.0,37.0,71.0,86.0,28.4786,28.475,1.31K,0.70K,701.5,350.0,3.48B,No,631.63,603.42,510.95,607.89,534.86,495
980,ARCHIDPLY.NS,100.21,101.96,16.13K,Producer Manufacturing,Building Products,72.0,80.0,82.0,69.0,6.1493,6.0043,33.52K,20.01K,124.78,60.0,2.00B,No,103.09,91.31,84.99,93.69,83.45,497
981,NUVAMA.NS,1668.2,1737.2,217.22K,Finance,Investment Managers,72.0,52.0,53.0,76.0,63.1857,61.8429,461.73K,382.35K,2066.0,1096.9,307.70B,No,1768.56,1799.13,1511.95,1772.94,1562.15,498
982,EIFFL.NS,275.6,281.2,0.04K,Consumer Non-Durables,Food: Specialty/Candy,72.0,50.0,73.0,65.0,9.2143,5.2786,31.33K,2.06K,381.96,204.98,6.83B,No,274.15,294.65,259.6,289.81,266.08,496
983,ORIENTLTD.NS,82.9,82.75,0.12K,Process Industries,Containers/Packaging,72.0,84.0,89.0,65.0,3.4086,3.3529,18.11K,2.46K,102.3,53.72,829.00M,No,81.57,78.27,69.68,80.09,69.48,497
984,ELGIEQUIP.NS,612.05,617.7,626.26K,Producer Manufacturing,Industrial Machinery,72.0,77.0,53.0,63.0,19.8786,19.7464,513.98K,470.62K,653.4,408.25,192.94B,No,623.73,598.68,537.77,606.16,566.09,498
985,3BBLACKBIO.NS,1355.8,1419.9,10.02K,Process Industries,Chemicals: Agricultural,72.0,,,,83.0286,80.5214,23.00K,24.68K,1588.9,1099.5,,No,1366.78,,,,,20
986,GALADAFIN.BO,28.76,30.27,1.94K,Finance,Financial Conglomerates,72.0,0.0,81.0,73.0,1.3629,0.9671,0.22K,0.19K,43.89,19.7,86.28M,No,34.2,37.14,31.6,36.25,31.36,495
987,ASHNOOR.BO,49.86,49.02,19.95K,Process Industries,Textiles,72.0,80.0,84.0,66.0,2.8593,2.8521,2.37K,4.99K,54.0,34.5,794.39M,No,47.56,43.31,42.09,44.52,41.3,495
988,CLFL.BO,53.3,53.0,0.11K,Finance,Finance/Rental/Leasing,72.0,30.0,57.0,42.0,3.6957,3.2429,0.61K,0.12K,65.67,31.5,652.94M,No,57.96,57.44,49.13,56.64,52.37,495
989,SUPRIYA.NS,874.95,901.75,166.21K,Health Technology,Pharmaceuticals: Major,72.0,80.0,31.0,80.0,31.0536,27.525,362.15K,390.40K,1085.0,545.5,70.42B,No,830.05,846.57,761.89,849.05,783.54,497
990,NATGENI.BO,62.4,61.34,0.00K,Non-Energy Minerals,Steel,72.0,68.0,53.0,59.0,1.75,1.3207,0.18K,0.03K,72.92,34.53,279.72M,No,59.67,59.37,52.87,60.21,58.3,495
991,MAHSEAMLES.NS,701.1,728.9,328.73K,Non-Energy Minerals,Steel,72.0,87.0,72.0,71.0,27.2857,27.2214,252.91K,637.94K,738.6,500.7,93.95B,No,656.92,614.8,590.7,633.35,617.54,498
992,GODAVARI.BO,108.9,119.04,9.73K,Health Technology,Pharmaceuticals: Major,72.0,82.0,27.0,73.0,7.4621,6.9321,6.03K,19.67K,135.25,69.7,1.19B,No,103.95,109.44,101.46,109.14,110.0,495
993,SPARC.NS,188.0,196.01,626.71K,Health Technology,Pharmaceuticals: Major,72.0,39.0,8.0,82.0,8.3321,8.2729,1759.06K,1090.36K,289.0,108.0,61.01B,No,197.87,214.13,170.51,205.67,184.19,499
994,TGIF.BO,107.0,104.0,4.80K,Process Industries,Agricultural Commodities/Milling,72.0,74.0,61.0,63.0,5.65,5.225,3.07K,4.56K,111.0,66.5,276.87M,No,102.32,102.04,92.07,101.65,95.11,496
995,MANOMAY.NS,228.71,234.19,116.86K,Process Industries,Textiles,72.0,74.0,82.0,48.0,8.8,8.6779,105.85K,188.89K,259.88,160.25,4.13B,No,223.62,209.02,209.13,217.84,207.87,496
996,EASTSILK.NS,63.5,64.0,2.25K,Process Industries,Textiles,72.0,65.0,85.0,22.0,4.2314,3.9486,1.22K,0.61K,99.25,39.04,317.50M,No,62.12,58.13,64.43,60.14,59.82,498
997,PREMEXPLN.NS,668.3,668.0,192.98K,Process Industries,Chemicals: Specialty,72.0,67.0,47.0,76.0,10.6679,10.4786,654.03K,281.51K,829.8,378.4,35.94B,No,666.97,667.83,575.45,661.17,604.71,498
998,SURAKSHA.NS,323.05,323.75,70.38K,Health Services,Medical/Nursing Services,72.0,77.0,80.0,67.0,11.9286,11.9286,157.76K,89.58K,349.0,224.1,16.82B,No,329.7,289.21,278.84,296.38,281.21,442
999,APLAPOLLO.NS,2119.3,2153.5,433.95K,Non-Energy Minerals,Steel,72.0,66.0,76.0,46.0,64.4286,61.9286,633.98K,763.65K,2301.4,1653.3,588.44B,No,2176.26,2003.65,1959.94,2041.84,1971.9,499
1000,RISHYRN.BO,61.8,72.99,0.06K,Finance,Financial Conglomerates,72.0,69.0,24.0,65.0,1.0886,0.2857,0.28K,0.04K,82.99,37.01,220.05M,No,65.36,67.4,65.48,67.59,72.08,497
1001,ADVAIT.NS,2007.0,2065.0,34.91K,Producer Manufacturing,Electrical Products,72.0,42.0,13.0,67.0,93.5071,90.7857,53.88K,49.17K,2485.0,1351.0,21.95B,No,2114.09,2167.54,,2144.67,2027.87,164
1002,GYANDEV.BO,51.0,51.0,0.22K,Finance,Real Estate Development,72.0,57.0,77.0,85.0,2.5036,2.1229,0.49K,0.57K,67.45,27.62,153.00M,No,49.17,51.24,43.49,52.04,46.07,495
1003,SUPRAPFSL.BO,33.96,34.17,36.40K,Commercial Services,Miscellaneous Commercial Services,72.0,66.0,63.0,73.0,1.0364,1.0364,51.56K,47.78K,41.0,22.41,1.67B,No,33.64,33.56,29.46,33.83,29.82,495
1004,MAHABANK.NS,79.56,84.2,14568.93K,Finance,Major Banks,72.0,58.0,29.0,62.0,2.6857,2.6343,15878.81K,17942.35K,94.5,53.85,611.94B,No,82.96,81.36,73.75,81.24,78.47,499
1005,BRAWN.BO,23.0,22.14,1.10K,Health Technology,Pharmaceuticals: Major,72.0,87.0,78.0,64.0,0.6643,0.505,0.65K,0.47K,24.37,17.71,69.01M,No,22.74,21.89,20.96,21.89,21.21,495
1006,MONARCH.NS,366.5,373.95,73.91K,Finance,Investment Banks/Brokers,71.0,47.0,68.0,80.0,11.4214,11.0286,217.32K,124.94K,406.95,235.45,29.07B,No,379.46,375.23,319.92,377.01,328.98,497
1007,DEEPAKSP.BO,139.7,135.8,8.51K,Process Industries,Textiles,71.0,79.0,81.0,67.0,6.275,6.275,4.32K,2.47K,154.0,88.65,1.00B,No,137.3,135.9,121.68,136.75,123.32,495
1008,PESB.BO,269.0,267.75,20.80K,Finance,Investment Banks/Brokers,71.0,66.0,42.0,60.0,7.6429,6.9071,21.45K,22.08K,333.95,180.5,4.72B,No,257.76,258.86,248.54,261.27,263.93,496
1009,LAMBODHARA.NS,130.33,137.37,16.28K,Process Industries,Textiles,71.0,88.0,82.0,72.0,7.9964,7.8236,41.73K,12.44K,151.96,81.8,1.35B,No,131.37,120.49,112.41,122.76,110.53,497
1010,AMBALALSA.NS,38.59,40.33,45.06K,Health Technology,Pharmaceuticals: Major,71.0,23.0,80.0,,2.1136,2.1136,171.22K,44.52K,49.98,30.15,2.96B,No,43.71,39.17,,39.91,,103
1011,KANCOTEA.NS,56.8,52.29,1.09K,Process Industries,Agricultural Commodities/Milling,71.0,,,,2.7879,2.7529,0.56K,0.27K,58.7,46.2,,No,54.98,,,,,21
1012,PRIMIND.BO,49.28,44.8,202.23K,Finance,Real Estate Development,71.0,94.0,63.0,77.0,3.2693,2.92,83.45K,472.28K,60.35,22.1,1.04B,No,40.89,41.88,41.44,42.33,41.64,495
1013,LYKISLTD.BO,49.06,50.91,28.75K,Consumer Non-Durables,Food: Major Diversified,71.0,59.0,66.0,43.0,2.1007,2.0429,20.97K,15.53K,61.8,29.21,950.55M,No,52.03,48.52,45.54,49.25,47.37,495
1014,KIRIINDUS.NS,522.85,537.35,551.24K,Process Industries,Chemicals: Specialty,71.0,93.0,88.0,72.0,37.1214,35.85,856.41K,2535.94K,779.0,333.8,34.07B,No,514.23,450.97,452.31,464.72,419.92,499
1015,DBOL.NS,113.26,118.55,264.14K,Process Industries,Agricultural Commodities/Milling,71.0,45.0,49.0,56.0,5.6621,5.5807,210.93K,254.09K,139.0,69.0,7.45B,No,125.56,115.72,103.9,115.86,112.62,497
1016,ACEMEN.BO,114.5,112.95,32.75K,Distribution Services,Wholesale Distributors,71.0,68.0,75.0,58.0,5.2071,5.1107,17.42K,50.75K,123.9,85.75,1.48B,No,117.32,107.47,99.64,110.61,102.06,495
1017,BHARATFORG.NS,1877.2,1944.9,292.24K,Producer Manufacturing,Metal Fabrication,71.0,21.0,37.0,45.0,54.9285,51.7214,1178.80K,1111.56K,2295.0,1179.0,897.47B,No,2016.01,2095.88,1826.43,2075.09,1960.34,498
1018,HILIKS.BO,61.44,64.56,14.29K,Commercial Services,Miscellaneous Commercial Services,71.0,9.0,69.0,78.0,4.1186,4.04,21.27K,9.96K,89.6,38.63,660.48M,No,65.25,70.21,56.69,67.87,59.04,495
1019,CANHLIFE.NS,151.78,151.92,591.38K,Finance,Life/Health Insurance,71.0,67.0,69.0,41.0,5.9471,5.9379,1978.67K,1346.34K,166.69,106.0,143.81B,No,153.4,150.37,143.55,151.48,144.85,228
1020,SASKEN.NS,1722.2,1783.6,55.35K,Technology Services,Information Technology Services,71.0,9.0,10.0,83.0,78.0286,78.0286,36.03K,20.33K,2780.2,991.0,26.16B,No,1876.47,1904.5,1595.22,1864.81,1699.38,497
1021,GANGAPA.BO,85.98,85.98,1.73K,Process Industries,Pulp & Paper,71.0,18.0,87.0,57.0,1.0014,0.6086,0.10K,0.20K,104.9,61.93,927.63M,No,95.12,93.12,81.32,94.2,80.45,497
1022,TEXINFRA.NS,114.07,115.52,226.22K,Utilities,Electric Utilities,71.0,70.0,73.0,68.0,3.7107,3.4993,184.30K,351.42K,121.8,82.5,14.54B,No,112.09,112.9,102.38,112.54,103.54,497
1023,ONIXSOLAR.NS,416.75,438.65,279.19K,Producer Manufacturing,Industrial Machinery,71.0,,,,21.7571,17.9857,398.15K,464.49K,464.2,262.45,15.36B,No,363.33,,,,,20
1024,SKMEGGPROD.NS,231.9,241.3,116.38K,Process Industries,Agricultural Commodities/Milling,71.0,16.0,41.0,82.0,10.6729,10.6214,754.80K,251.46K,372.0,143.1,,No,255.95,275.0,215.03,263.49,221.72,499
1025,AVL.NS,611.2,616.45,421.29K,Retail Trade,Electronics/Appliance Stores,71.0,52.0,60.0,74.0,20.1464,20.1464,268.07K,302.32K,705.0,436.55,78.93B,No,601.86,617.86,541.82,614.63,560.27,461
1026,BTTL.NS,40.78,42.5,10.56K,Process Industries,Textiles,71.0,38.0,80.0,,1.9071,1.8907,50.89K,4.77K,58.23,30.0,2.38B,No,43.16,46.46,,44.98,,103
1027,CHEMKART.BO,171.5,163.35,16.80K,Health Technology,Pharmaceuticals: Other,71.0,17.0,83.0,87.0,5.8357,4.2321,8.60K,5.70K,231.0,87.0,2.07B,No,181.46,187.75,143.71,186.12,148.11,292
1028,CTCL.BO,243.0,243.0,1.50K,Producer Manufacturing,Metal Fabrication,71.0,19.0,73.0,76.0,3.2857,0.0,0.55K,0.33K,298.95,140.0,5.64B,No,269.0,251.77,205.84,254.44,216.01,498
1029,MITCON.NS,80.0,80.15,0.75K,Commercial Services,Miscellaneous Commercial Services,71.0,71.0,55.0,82.0,4.0086,3.8557,4.23K,11.06K,91.7,49.56,1.39B,No,78.94,76.96,71.12,77.29,74.04,496
1030,MEDANTA.NS,1418.1,1447.2,65.51K,Health Services,Hospital/Nursing Management,71.0,64.0,77.0,71.0,54.6357,51.0143,272.99K,287.89K,1544.0,956.0,381.07B,No,1442.32,1406.44,1220.33,1418.87,1249.68,497
1031,IONEXCHANG.NS,432.0,445.7,401.64K,Producer Manufacturing,Industrial Machinery,71.0,88.0,79.0,60.0,18.7571,18.6429,907.10K,1040.10K,486.0,312.7,,No,393.48,405.84,380.28,405.28,387.05,498
1032,J&KBANK.NS,144.75,145.27,3036.95K,Finance,Regional Banks,71.0,25.0,28.0,64.0,3.88,3.5721,4514.87K,1838.41K,201.75,97.35,159.40B,No,148.12,160.13,131.38,156.5,143.99,498
1033,ZYDUSWELL.NS,549.95,552.0,260.00K,Consumer Non-Durables,Food: Major Diversified,71.0,80.0,67.0,79.0,16.5571,16.15,803.18K,977.75K,611.85,367.55,174.97B,No,530.43,546.3,481.63,542.22,504.79,499
1034,SIS.NS,414.9,419.3,450.78K,Commercial Services,Miscellaneous Commercial Services,71.0,42.0,45.0,79.0,10.4607,10.3286,341.69K,413.14K,480.95,257.05,58.10B,No,422.25,428.85,366.85,427.2,382.08,497
1035,MYSORPETRO.NS,134.05,141.1,3.37K,Distribution Services,Wholesale Distributors,71.0,,,,8.0279,5.5364,55.38K,8.74K,182.03,111.0,,No,,,,,,19
1036,PRIVISCL.NS,3452.2,3556.1001,98.06K,Process Industries,Chemicals: Major Diversified,71.0,52.0,51.0,62.0,97.1072,96.9143,70.80K,83.45K,3785.3,2326.1,134.85B,No,3448.67,3556.75,3199.42,3532.84,3326.44,497
1037,ORIENTCER.NS,44.79,46.01,89.20K,Non-Energy Minerals,Aluminum,71.0,80.0,74.0,65.0,2.4007,2.3686,86.15K,120.04K,56.64,34.0,5.36B,No,44.9,42.81,41.66,43.57,40.98,496
1038,COSMOFE.BO,192.2,193.15,2.08K,Producer Manufacturing,Metal Fabrication,71.0,16.0,24.0,93.0,11.8143,11.7357,3.28K,3.42K,269.95,89.95,2.31B,No,204.25,210.92,165.51,206.54,170.82,495
1039,MRTX.BO,376.65,387.85,203.00K,Electronic Technology,Electronic Components,71.0,87.0,43.0,,22.8964,22.4786,165.09K,176.00K,483.9,283.1,6.59B,No,330.91,348.93,,352.34,,71
1040,RITCO.NS,291.35,300.7,60.57K,Transportation,Trucking,71.0,47.0,74.0,76.0,12.4607,11.4893,142.91K,123.42K,331.15,167.1,8.29B,No,308.54,295.37,255.13,297.92,253.82,496
1041,SUPERSHAKT.BO,299.9,299.9,0.90K,Non-Energy Minerals,Steel,71.0,89.0,81.0,74.0,5.2143,3.4929,0.05K,0.10K,353.95,180.05,3.46B,No,275.28,257.73,245.71,266.83,240.36,497
1042,IKS.NS,1783.0,1740.6,172.26K,Commercial Services,Miscellaneous Commercial Services,71.0,47.0,69.0,71.0,53.4,52.8929,197.77K,134.90K,1933.0,1262.0,299.11B,No,1773.25,1808.76,1647.91,1791.52,1638.96,433
1043,NARMADESH.BO,348.95,348.95,0.24K,Producer Manufacturing,Metal Fabrication,70.0,84.0,75.0,93.0,2.2607,0.0,4.43K,0.11K,446.75,150.0,1.08B,No,326.22,313.44,,318.2,281.42,161
1044,OIL.NS,485.6,489.8,1965.76K,Energy Minerals,Oil Refining/Marketing,70.0,71.0,77.0,37.0,13.8464,13.5929,3230.68K,3122.01K,531.0,393.0,789.88B,No,484.21,462.39,457.47,467.65,465.89,499
1045,PARKERAC.BO,20.1,19.31,0.30K,Distribution Services,Wholesale Distributors,70.0,94.0,89.0,66.0,1.0614,0.665,1.04K,1.41K,23.48,12.58,96.06M,No,19.19,16.41,16.72,17.03,16.1,495
1046,SHAWGELTIN.BO,461.25,464.25,2.39K,Consumer Non-Durables,Food: Specialty/Candy,70.0,30.0,42.0,72.0,12.625,12.4036,7.15K,3.68K,545.0,327.3,2.79B,No,473.54,491.05,414.12,485.18,438.04,495
1047,VIYASH.NS,246.9,257.6,3287.68K,Health Technology,Pharmaceuticals: Major,70.0,46.0,53.0,69.0,8.275,7.6607,4559.52K,3080.14K,298.0,178.13,108.66B,No,263.69,265.23,230.43,261.79,239.34,499
1048,ALBERTDAVD.NS,851.9,844.35,5.78K,Health Technology,Pharmaceuticals: Major,70.0,77.0,78.0,70.0,27.6179,27.6179,10.17K,4.94K,931.85,579.9,4.86B,No,861.69,775.03,731.42,804.25,736.75,496
1049,MOTILALOFS.NS,990.8,1026.5,581.25K,Technology Services,Internet Software/Services,70.0,82.0,63.0,78.0,30.3929,29.5357,1140.95K,739.04K,1097.1,614.9,596.78B,No,1012.58,952.32,851.93,954.73,863.52,499
1050,TVSMOTOR.NS,4050.0,4125.0,495.95K,Consumer Durables,Motor Vehicles,70.0,34.0,79.0,56.0,120.1356,119.9214,1114.47K,918.35K,4484.5,3228.0,,No,4262.48,4115.47,3730.75,4155.17,3742.68,499
1051,ALPINEHOU.BO,118.0,114.05,0.04K,Consumer Durables,Homebuilding,70.0,12.0,84.0,74.0,4.5679,4.175,2.57K,0.19K,155.9,74.12,2.04B,No,120.47,122.52,103.21,124.78,101.94,495
1052,HINDOILEXP.NS,175.72,185.22,844.33K,Energy Minerals,Integrated Oil,70.0,88.0,71.0,62.0,8.8529,8.7686,1310.79K,5171.36K,201.44,117.5,23.24B,No,170.93,163.63,155.3,165.15,157.24,499
1053,SKPMIL.BO,90.0,90.0,0.65K,Process Industries,Pulp & Paper,70.0,8.0,4.0,16.0,1.82,1.3129,0.28K,0.05K,149.3,42.0,1.22B,No,95.01,100.07,108.29,99.64,107.01,495
1054,SSWRL.BO,25.59,25.88,3.78K,Non-Energy Minerals,Steel,70.0,20.0,86.0,75.0,1.355,1.0564,6.41K,2.15K,43.16,16.6,84.74M,No,25.7,28.46,23.07,28.53,23.27,495
1055,FOSECOIND.NS,6223.5,6194.5,11.95K,Process Industries,Chemicals: Major Diversified,70.0,86.0,82.0,66.0,289.5,281.8929,8.54K,13.15K,6580.0,4300.0,47.14B,No,5967.07,5516.32,5056.87,5678.4,5209.04,497
1056,SAREGAMA.NS,485.5,505.5,194.27K,Consumer Services,Movies/Entertainment,70.0,24.0,62.0,82.0,18.5857,18.2286,700.19K,462.05K,574.5,307.05,93.20B,No,499.82,504.36,404.28,504.38,428.23,497
1057,GARFIBRES.NS,785.5,795.7,70.58K,Producer Manufacturing,Miscellaneous Manufacturing,70.0,74.0,76.0,70.0,27.9714,27.8679,147.34K,58.96K,863.4,579.75,76.70B,No,795.62,772.86,687.55,779.75,695.62,497
1058,GALAPREC.NS,992.1,1031.0,25.82K,Producer Manufacturing,Metal Fabrication,70.0,57.0,41.0,75.0,43.8643,43.8643,64.19K,26.34K,1260.0,671.2,12.71B,No,1040.42,1086.13,881.73,1062.98,930.68,498
1059,GVT&D.NS,4246.9,4548.1001,1106.29K,Producer Manufacturing,Electrical Products,70.0,51.0,22.0,55.0,180.0929,151.5143,1062.43K,1081.72K,5650.0,2523.2,1087.40B,No,4336.5,4367.66,3997.83,4308.48,4385.2,499
1060,GLAXO.NS,2818.9,2828.3999,39.81K,Health Technology,Pharmaceuticals: Major,70.0,77.0,87.0,58.0,81.8501,79.8643,125.08K,77.14K,3120.7,2088.1,477.54B,No,2940.89,2702.21,2488.26,2752.7,2496.37,498
1061,VGIL.BO,140.0,142.2,1.25K,Finance,Real Estate Development,70.0,87.0,47.0,88.0,2.9464,2.6893,3.56K,2.42K,155.0,71.81,2.39B,No,138.46,136.92,122.26,136.94,124.52,495
1062,MKPMOB.BO,143.45,144.0,0.06K,Finance,Financial Conglomerates,70.0,34.0,80.0,75.0,11.1321,10.6179,0.14K,0.37K,162.75,97.0,489.31M,No,145.74,144.62,124.95,145.38,123.99,496
1063,ABB.NS,7005.0,7274.0,195.02K,Producer Manufacturing,Electrical Products,70.0,22.0,55.0,57.0,171.6071,162.6786,304.36K,182.17K,7924.5,4637.5,1484.42B,No,7449.93,7402.53,6455.6,7403.7,6961.92,498
1064,FIVESTAR.NS,541.95,551.05,513.64K,Finance,Finance/Rental/Leasing,70.0,59.0,77.0,78.0,18.8679,18.5,860.41K,586.50K,666.0,338.15,159.98B,No,528.34,541.0,490.33,540.92,478.27,497
1065,DHOOTIN.BO,257.2,269.7,3.34K,Distribution Services,Wholesale Distributors,70.0,13.0,72.0,74.0,12.5929,12.5464,3.73K,1.72K,322.15,132.2,1.62B,No,282.01,260.79,220.71,263.45,220.2,495
1066,VMART.NS,789.85,808.95,122.38K,Retail Trade,Specialty Stores,70.0,52.0,67.0,84.0,25.2857,25.2857,151.90K,67.38K,888.0,457.9,62.85B,No,827.72,795.88,687.4,793.83,689.84,497
1067,ZENLABS.BO,32.7,29.85,5.59K,Health Technology,Pharmaceuticals: Generic,70.0,93.0,43.0,83.0,3.0621,2.9043,2.25K,3.29K,39.99,16.5,212.88M,No,28.07,29.19,25.75,28.92,27.48,495
1068,NEOINFRA.BO,45.86,43.19,0.23K,Finance,Real Estate Development,70.0,89.0,67.0,71.0,4.685,4.5221,2.62K,5.53K,54.99,31.66,243.37M,No,42.18,41.18,40.48,41.81,42.46,495
1069,HIPOLIN.BO,76.99,75.0,1.19K,Consumer Non-Durables,Household/Personal Care,70.0,1.0,51.0,82.0,5.4579,4.0479,6.24K,3.92K,118.8,44.83,241.08M,No,89.72,94.73,73.75,93.96,78.99,495
1070,ANJANI.BO,28.08,28.02,4.01K,Process Industries,Textiles,70.0,90.0,82.0,65.0,1.33,1.3114,5.93K,9.54K,33.83,20.25,414.18M,No,26.23,24.52,24.32,25.15,24.75,495
1071,KAKA.BO,220.05,216.0,2.50K,Producer Manufacturing,Miscellaneous Manufacturing,70.0,41.0,80.0,67.0,5.8286,5.6893,18.29K,5.35K,268.8,139.0,3.01B,No,226.73,220.0,197.57,220.36,192.9,495
1072,MANCREDIT.NS,215.36,219.9,141.40K,Finance,Finance/Rental/Leasing,70.0,19.0,46.0,68.0,10.9043,10.5743,369.07K,86.86K,287.27,152.06,4.55B,No,225.9,230.91,191.41,230.12,202.26,497
1073,ACKNIT.BO,320.7,308.45,1.24K,Consumer Non-Durables,Apparel/Footwear,70.0,72.0,68.0,60.0,16.0607,14.3179,0.74K,0.41K,357.0,224.95,974.93M,No,331.78,317.18,284.61,318.18,296.24,495
1074,AAYUSHBULL.BO,1265.9,1260.2,86.12K,Consumer Non-Durables,Apparel/Footwear,70.0,66.0,66.0,58.0,15.1714,15.1143,89.15K,77.26K,1298.7,956.25,19.38B,No,1266.63,1220.3,1149.77,1235.62,1180.74,495
1075,NOCIL.NS,183.6,189.65,1291.36K,Process Industries,Chemicals: Specialty,70.0,87.0,75.0,77.0,7.1471,7.055,1640.62K,2167.18K,204.5,125.31,30.67B,No,172.37,169.2,161.07,169.47,166.27,499
1076,SHAHLON.BO,23.95,23.89,1.30K,Process Industries,Textiles,70.0,83.0,61.0,50.0,2.0657,2.0521,33.19K,9.61K,32.89,16.5,2.14B,No,23.58,24.66,22.69,24.31,23.19,495
1077,RADHIKAJWE.NS,75.47,83.21,1325.25K,Consumer Durables,Other Consumer Specialties,70.0,81.0,87.0,64.0,6.8671,6.7464,2409.16K,7165.75K,99.65,50.01,8.92B,No,74.26,69.77,66.42,71.82,63.98,497
1078,KJMCCORP.BO,60.0,59.0,0.21K,Finance,Investment Banks/Brokers,70.0,76.0,69.0,73.0,5.9807,5.895,1.40K,0.90K,83.49,41.0,235.59M,No,63.46,58.19,53.92,59.8,54.79,495
1079,SOUTHBANK.NS,45.0,46.18,12741.43K,Finance,Major Banks,70.0,54.0,42.0,57.0,1.2471,1.2371,13504.35K,9749.43K,49.9,28.5,117.87B,No,45.87,46.13,42.15,45.95,42.71,499
1080,ANSALBU.NS,84.0,82.0,10.07K,Consumer Durables,Homebuilding,69.0,,,,8.0379,7.9764,3.90K,5.65K,92.4,70.64,620.24M,No,77.95,,,,,20
1081,EMUDHRA.NS,592.85,494.05,1550.53K,Technology Services,Packaged Software,69.0,85.0,86.0,79.0,23.6393,20.4536,246.20K,112.34K,710.1,364.55,48.64B,No,536.15,500.06,498.36,513.78,473.81,497
1082,MATRIMONY.NS,497.8,514.8,13.54K,Technology Services,Internet Software/Services,69.0,29.0,84.0,68.0,15.5464,15.0143,48.24K,11.45K,573.0,364.05,10.29B,No,524.05,480.34,466.18,490.56,441.86,497
1083,GOKULAGRO.NS,218.69,226.76,250.53K,Process Industries,Agricultural Commodities/Milling,69.0,30.0,47.0,75.0,8.4207,8.4207,547.28K,357.76K,259.8,151.0,64.53B,No,237.29,226.36,203.74,227.1,215.06,498
1084,RAYMONDREL.NS,584.0,583.55,2719.84K,Finance,Real Estate Development,69.0,64.0,44.0,82.0,27.7214,27.2786,633.34K,620.09K,734.9,349.0,38.87B,No,562.55,621.72,526.86,607.94,545.11,303
1085,PIXTRANS.NS,1734.0,1722.1,12.97K,Producer Manufacturing,Miscellaneous Manufacturing,69.0,19.0,65.0,64.0,50.8143,48.1643,111.68K,11.45K,2089.0,1252.0,23.63B,No,1799.06,1801.51,1564.56,1775.12,1631.25,496
1086,SUPERHOUSE.NS,169.83,169.66,4.38K,Consumer Non-Durables,Apparel/Footwear,69.0,65.0,72.0,63.0,9.3536,9.3436,16.29K,14.39K,201.95,128.55,1.87B,No,170.56,164.3,154.61,167.53,156.4,497
1087,TI.NS,510.75,521.6,786.87K,Consumer Non-Durables,Beverages: Alcoholic,69.0,27.0,78.0,57.0,20.6893,20.0,798.98K,476.02K,594.55,381.55,126.61B,No,555.61,503.8,458.12,511.89,465.96,498
1088,SAIL.NS,173.0,179.0,10209.16K,Non-Energy Minerals,Steel,69.0,67.0,43.0,56.0,7.2243,7.13,19436.18K,18992.44K,209.7,124.0,714.58B,No,185.89,175.03,166.09,176.19,174.61,499
1089,IDFCFIRSTB.NS,84.8,86.21,25179.86K,Finance,Regional Banks,69.0,56.0,70.0,70.0,1.71,1.6471,20303.06K,18108.98K,88.76,58.08,731.16B,No,85.6,83.98,77.41,84.37,75.12,499
1090,MANAKALUCO.NS,35.47,36.87,91.64K,Non-Energy Minerals,Other Metals/Minerals,69.0,12.0,18.0,72.0,2.1986,2.1979,130.17K,102.56K,68.12,21.73,2.32B,No,38.06,37.35,34.15,37.48,34.08,498
1091,TBOTEK.NS,1656.1,1679.5,81.14K,Technology Services,Internet Software/Services,69.0,65.0,77.0,76.0,54.15,53.5214,246.37K,158.74K,1764.8,1004.2,176.84B,No,1700.07,1600.57,1429.04,1606.71,1375.74,499
1092,ITL.NS,367.5,369.25,0.41K,Producer Manufacturing,Industrial Machinery,69.0,,,,14.7357,14.5464,3.24K,2.19K,378.95,311.1,,No,357.36,,,,,20
1093,CARYSIL.NS,1126.8,1161.9,73.08K,Consumer Durables,Home Furnishings,69.0,41.0,42.0,73.0,39.6286,39.0929,115.59K,94.33K,1280.9,732.1,32.05B,No,1148.93,1164.68,993.92,1153.28,1033.82,499
1094,KPRMILL.NS,1120.2,1109.1,204.36K,Consumer Non-Durables,Apparel/Footwear,69.0,71.0,64.0,75.0,36.7214,34.0286,660.06K,303.11K,1334.0,796.1,383.69B,No,1140.61,1111.03,986.59,1113.57,1015.38,498
1095,LUMAXIND.NS,5766.5,5879.5,12.30K,Producer Manufacturing,Auto Parts: Oem,69.0,56.0,66.0,56.0,267.0714,267.0714,18.68K,27.31K,6934.5,4150.1,53.90B,No,6014.88,5668.51,5469.5,5697.95,5459.89,497
1096,IIFL.NS,581.05,600.6,2152.09K,Finance,Finance/Rental/Leasing,69.0,26.0,71.0,64.0,28.3178,27.7179,2551.82K,3583.67K,705.0,409.1,247.11B,No,638.58,605.85,537.89,613.52,525.44,499
1097,NATIONALUM.NS,350.55,361.0,3638.77K,Non-Energy Minerals,Aluminum,69.0,30.0,43.0,18.0,11.7679,10.6964,8792.50K,5966.62K,445.15,198.68,643.83B,No,380.51,369.22,367.71,366.59,381.99,499
1098,SANSTAR.NS,110.76,110.53,130.37K,Consumer Non-Durables,Food: Major Diversified,69.0,58.0,44.0,73.0,4.0114,4.0114,761.51K,216.00K,137.49,74.3,22.18B,No,108.54,110.63,99.31,109.98,102.75,499
1099,ASIAPAK.BO,57.5,55.74,0.01K,Commercial Services,Miscellaneous Commercial Services,69.0,70.0,69.0,84.0,0.3043,0.1786,0.04K,0.01K,64.69,36.72,151.65M,No,55.16,53.75,50.51,54.39,50.25,494
1100,JAYNECOIND.NS,88.63,89.97,2853.94K,Non-Energy Minerals,Steel,69.0,59.0,50.0,63.0,4.0171,3.705,5325.91K,8396.76K,117.0,64.4,86.06B,No,95.27,91.55,87.04,91.1,90.46,499
1101,BEMHY.BO,107.8,109.0,4.70K,Producer Manufacturing,Industrial Machinery,69.0,79.0,82.0,74.0,4.7607,4.6964,15.13K,6.47K,146.0,59.99,4.71B,No,108.34,106.11,92.68,106.95,93.18,496
1102,TIPSMUSIC.NS,659.15,661.55,210.30K,Consumer Services,Movies/Entertainment,69.0,53.0,58.0,72.0,17.7536,17.6429,544.88K,237.13K,741.0,481.15,84.21B,No,650.46,668.45,600.67,662.22,626.81,498
1103,GRPLTD.NS,2046.2,1925.1,20.05K,Producer Manufacturing,Miscellaneous Manufacturing,69.0,69.0,81.0,62.0,68.8572,68.5214,2.36K,1.12K,2360.6,1500.0,10.91B,No,1998.65,1972.67,1844.43,2003.4,1899.61,496
1104,SMCGLOBAL.NS,81.94,86.0,1251.20K,Finance,Investment Banks/Brokers,69.0,72.0,73.0,58.0,3.42,3.2671,1303.95K,4785.77K,95.0,54.44,17.16B,No,81.11,79.3,73.8,80.65,71.41,496
1105,CLCIND.NS,47.67,48.93,0.26K,Process Industries,Textiles,69.0,54.0,73.0,97.0,0.7036,0.5121,5.25K,0.21K,280.0,8.54,4.96M,No,48.03,51.3,86.41,50.74,35.61,499
1106,HALEOSLABS.NS,1488.9,1462.5,1.96K,Health Technology,Biotechnology,69.0,65.0,61.0,62.0,55.8072,55.1214,1.20K,1.12K,1774.0,1091.1,4.50B,No,1474.18,1511.58,1396.87,1494.49,1440.88,496
1107,SKIPPER.NS,534.15,551.55,1092.38K,Producer Manufacturing,Metal Fabrication,69.0,66.0,44.0,84.0,25.9679,25.6929,964.27K,2299.89K,616.8,327.05,65.25B,No,559.89,546.02,461.97,541.54,483.62,498
1108,PROZONER.NS,52.72,52.88,309.34K,Finance,Real Estate Development,69.0,93.0,71.0,58.0,2.9257,2.865,251.05K,349.26K,72.77,39.55,8.05B,No,45.97,44.22,49.94,45.57,48.82,497
1109,LYKALABS.NS,81.25,82.9,3.89K,Health Technology,Pharmaceuticals: Other,69.0,91.0,74.0,80.0,2.1157,1.6036,24.77K,22.17K,101.9,44.1,2.94B,No,75.9,70.43,67.68,71.78,64.81,496
1110,ANANTRAJ.NS,585.9,598.35,1793.12K,Consumer Durables,Homebuilding,69.0,30.0,68.0,66.0,20.5929,19.6214,2613.95K,4190.74K,743.65,403.0,210.85B,No,613.4,606.2,541.83,608.99,540.66,499
1111,ABDL.NS,631.6,632.5,522.43K,Consumer Non-Durables,Beverages: Alcoholic,69.0,75.0,54.0,73.0,17.5214,17.3572,413.82K,270.42K,711.7,382.1,176.66B,No,610.48,619.99,559.96,613.45,565.11,498
1112,XPROINDIA.NS,1268.2,1294.7,54.20K,Process Industries,Industrial Specialties,69.0,88.0,30.0,81.0,65.1571,65.0929,130.47K,265.70K,1574.8,788.05,29.77B,No,1216.34,1267.64,1101.3,1264.91,1169.99,499
1113,JSWINFRA.NS,325.85,343.15,3395.98K,Industrial Services,Engineering & Construction,69.0,44.0,72.0,68.0,9.5143,9.4321,4051.47K,2484.93K,355.8,233.42,754.40B,No,336.19,333.84,287.92,333.28,296.91,499
1114,WEWORK.NS,673.55,670.25,304.82K,Finance,Real Estate Development,69.0,39.0,63.0,79.0,23.4571,22.8036,402.68K,365.39K,794.5,420.0,93.54B,No,676.61,703.22,598.78,698.26,602.4,231
1115,SMARTWORKS.NS,518.7,530.75,39.48K,Finance,Real Estate Development,69.0,77.0,67.0,73.0,15.0321,14.4107,132.28K,64.38K,619.0,361.5,59.33B,No,532.19,499.26,457.85,503.7,455.35,290
1116,NCCBLUE.BO,24.8,23.62,1.50K,Consumer Non-Durables,Food: Meat/Fish/Dairy,69.0,95.0,84.0,28.0,0.5193,0.2079,0.35K,0.51K,40.25,17.1,192.20M,No,20.9,18.92,23.43,19.72,21.7,497
1117,SWARNSAR.NS,38.74,39.66,17.38K,Consumer Durables,Other Consumer Specialties,68.0,,,,2.6779,2.5786,33.79K,60.83K,45.7,32.0,,No,36.31,,,,,20
1118,NITIRAJ.NS,225.91,233.25,4.44K,Electronic Technology,Electronic Equipment/Instruments,68.0,81.0,77.0,43.0,13.5543,13.195,5.11K,9.21K,241.0,168.0,2.32B,No,210.29,208.43,198.75,214.58,206.19,496
1119,MEDICAMEQ.NS,318.2,323.05,154.18K,Health Technology,Pharmaceuticals: Major,68.0,95.0,91.0,54.0,20.7071,20.2786,46.09K,144.80K,447.65,212.4,4.32B,No,261.28,249.1,290.72,259.62,258.17,497
1120,ALPHAIND.BO,155.0,139.05,2.40K,Producer Manufacturing,Metal Fabrication,68.0,84.0,72.0,38.0,1.3607,1.3571,0.37K,0.12K,187.0,91.1,1.58B,No,139.92,144.57,151.72,145.02,156.82,496
1121,SLSTLQ.BO,32.84,33.0,1.01K,Process Industries,Textiles,68.0,85.0,86.0,75.0,0.6564,0.4214,0.10K,0.14K,45.99,23.0,109.45M,No,30.51,31.03,28.98,30.79,28.58,496
1122,MEDICAPQ.NS,28.53,31.7,34.47K,Health Technology,Pharmaceuticals: Major,68.0,,,,3.0243,2.8621,37.00K,67.38K,36.8,20.33,355.77M,No,26.96,,,,,20
1123,ITDC.NS,653.45,690.85,186.74K,Consumer Services,Hotels/Resorts/Cruise Lines,68.0,32.0,69.0,79.0,30.8179,29.8714,1927.58K,1209.60K,822.0,368.0,56.05B,No,665.01,695.99,584.53,691.57,599.49,497
1124,BAPACK.BO,209.1,200.0,0.04K,Process Industries,Containers/Packaging,68.0,76.0,79.0,73.0,13.05,12.4357,0.55K,0.32K,253.75,141.15,1.04B,No,203.52,195.47,188.74,199.13,182.03,495
1125,PURETROP.BO,169.6,170.35,4.52K,Distribution Services,Food Distributors,68.0,81.0,71.0,34.0,8.2179,7.5321,6.13K,13.28K,200.0,107.1,1.17B,No,166.98,161.07,166.62,163.16,166.0,495
1126,NORTHARC.NS,294.2,305.1,1045.89K,Finance,Finance/Rental/Leasing,68.0,73.0,50.0,64.0,12.5429,11.3679,1392.77K,3953.42K,334.0,206.0,47.55B,No,297.37,296.45,270.44,292.12,274.49,493
1127,TRUSTEDGE.BO,133.5,140.0,0.03K,Finance,Finance/Rental/Leasing,68.0,54.0,44.0,22.0,5.5107,5.1286,4.24K,1.85K,178.5,78.0,1.23B,No,137.2,136.26,136.03,134.35,145.62,495
1128,CHEMCON.NS,213.88,217.23,72.43K,Process Industries,Chemicals: Specialty,68.0,85.0,70.0,76.0,8.9664,8.7136,30.44K,55.06K,295.0,125.0,7.83B,No,200.3,190.48,181.87,192.91,177.53,496
1129,HARDCAS.BO,831.0,824.75,0.14K,Process Industries,Industrial Specialties,68.0,50.0,64.0,66.0,54.7071,53.3857,0.25K,0.07K,1048.0,602.25,564.64M,No,857.8,843.25,753.42,836.28,781.29,495
1130,MAZDA.NS,255.9,255.25,14.21K,Producer Manufacturing,Industrial Machinery,68.0,81.0,72.0,74.0,12.3543,12.2864,36.08K,27.87K,308.0,159.2,5.12B,No,250.22,238.52,217.31,239.2,218.33,498
1131,NIACL.NS,185.41,198.39,3481.41K,Finance,Multi-Line Insurance,68.0,71.0,76.0,75.0,14.4671,14.3629,10154.37K,21760.15K,242.6,116.97,305.56B,No,194.57,183.89,162.44,186.2,167.33,499
1132,VOEPL.NS,495.0,515.35,79.66K,Health Technology,Medical Specialties,68.0,51.0,,,34.0607,33.9464,171.73K,101.45K,593.45,428.65,16.95B,No,530.42,502.74,,510.6,,54
1133,COSMOFIRST.NS,861.35,874.9,54.10K,Process Industries,Containers/Packaging,68.0,37.0,78.0,72.0,31.6929,31.4214,129.72K,103.38K,996.0,560.8,22.36B,No,924.3,893.82,746.05,895.66,779.92,497
1134,MAHLOG.NS,387.25,397.2,147.29K,Transportation,Air Freight/Couriers,68.0,42.0,72.0,35.0,11.2107,11.1964,292.98K,114.15K,450.0,275.05,38.45B,No,399.1,400.5,370.04,400.51,383.91,498
1135,LMW.NS,17103.0,17727.0,2.53K,Producer Manufacturing,Industrial Machinery,68.0,23.0,67.0,62.0,631.7857,628.7143,5.69K,7.00K,20151.0,11920.0,182.71B,No,18932.35,17431.64,15496.75,17588.1,15670.07,496
1136,KONARKSY.BO,43.84,44.07,0.01K,Process Industries,Textiles,68.0,37.0,61.0,67.0,0.25,0.06,0.00K,0.00K,50.35,32.0,254.62M,No,45.76,45.37,41.77,45.36,41.99,497
1137,PWL.NS,130.72,136.1,7983.06K,Commercial Services,Miscellaneous Commercial Services,68.0,85.0,80.0,85.0,5.9893,5.685,14461.55K,18041.62K,161.99,77.72,379.21B,No,123.41,128.18,116.16,127.12,113.2,208
1138,KHAZANCHI.BO,744.55,755.0,27.75K,Distribution Services,Wholesale Distributors,68.0,50.0,79.0,43.0,14.5536,14.1607,33.58K,21.57K,812.5,577.0,18.43B,No,778.89,720.65,705.55,741.26,685.77,495
1139,EDELWEISS.NS,127.4,132.43,9384.32K,Finance,Investment Banks/Brokers,68.0,73.0,64.0,61.0,6.6079,6.4507,5693.07K,12651.82K,140.9,98.0,120.59B,No,129.25,123.01,115.26,124.19,117.81,499
1140,JAIHIND.BO,49.83,49.76,66.61K,Process Industries,Textiles,68.0,94.0,90.0,49.0,5.8057,5.7457,28.88K,50.90K,60.0,31.0,321.17M,No,43.27,39.57,42.95,41.65,41.94,495
1141,DICIND.NS,593.15,602.1,6.06K,Process Industries,Industrial Specialties,68.0,70.0,75.0,61.0,29.3822,28.6464,9.78K,9.00K,638.95,450.5,5.44B,No,593.93,548.16,522.91,564.82,532.83,496
1142,AUBANK.NS,1028.0,1058.9,815.78K,Finance,Regional Banks,68.0,33.0,51.0,54.0,23.6571,23.5643,1745.36K,1029.87K,1144.1,698.3,770.40B,No,1079.97,1060.11,1001.72,1056.76,1008.9,498
1143,SHRIRAMFIN.NS,979.8,1028.6,5925.39K,Finance,Finance/Rental/Leasing,68.0,10.0,47.0,28.0,32.2214,30.0357,4825.74K,4239.65K,1153.7,603.15,2305.51B,No,1073.9,1069.83,999.0,1059.0,1009.37,499
1144,BBTCL.NS,224.92,227.51,4.94K,Process Industries,Containers/Packaging,68.0,51.0,58.0,74.0,9.6329,9.3786,12.41K,6.41K,262.0,156.0,4.61B,No,233.23,225.49,201.64,230.21,207.05,496
1145,METROPOLIS.NS,572.5,585.5,118.08K,Health Services,Medical/Nursing Services,68.0,69.0,68.0,70.0,15.0107,14.6786,296.74K,263.00K,609.05,412.25,118.77B,No,574.33,571.52,510.3,569.88,522.94,498
1146,JSFB.NS,488.65,516.85,344.32K,Finance,Regional Banks,68.0,6.0,62.0,75.0,20.9143,20.65,969.85K,483.53K,606.95,330.0,51.68B,No,543.43,536.04,449.04,539.6,465.29,499
1147,PANJON.BO,22.39,23.4,1.43K,Health Technology,Pharmaceuticals: Major,68.0,88.0,75.0,16.0,1.605,1.4636,15.00K,21.94K,30.0,16.1,384.31M,No,21.26,19.72,21.15,20.27,21.87,495
1148,INDBNK.BO,49.16,49.0,0.45K,Finance,Finance/Rental/Leasing,68.0,36.0,63.0,55.0,3.1514,3.0736,1.44K,0.79K,62.4,35.6,491.60M,No,49.51,50.55,45.09,49.89,47.24,495
1149,PLASTIBLEN.NS,185.18,192.78,24.24K,Process Industries,Chemicals: Major Diversified,68.0,29.0,66.0,72.0,7.265,7.185,84.94K,29.45K,216.29,121.01,4.81B,No,189.21,190.99,166.69,191.74,169.31,499
1150,SHIVATEX.NS,180.5,178.05,3.01K,Process Industries,Textiles,68.0,86.0,79.0,66.0,10.7843,10.7843,7.58K,19.18K,217.92,126.06,2.48B,No,173.95,163.04,162.65,167.62,158.13,496
1151,VVIPIL.BO,145.25,139.0,43.20K,Industrial Services,Engineering & Construction,68.0,92.0,77.0,71.0,7.8857,7.6286,13.18K,24.48K,177.9,92.05,3.63B,No,132.49,128.67,120.93,129.29,123.09,496
1152,EBIX.NS,19.3,19.99,15.40K,Distribution Services,Wholesale Distributors,68.0,,,,1.2864,1.2729,79.34K,54.42K,22.83,16.03,,No,20.03,,,,,20
1153,GESHIP.NS,1390.4,1412.2,1189.60K,Transportation,Marine Shipping,67.0,80.0,49.0,33.0,34.5786,33.5429,819.51K,931.49K,1798.0,971.1,197.12B,No,1345.31,1362.25,1345.86,1358.32,1423.94,499
1154,VINCOFE.NS,166.54,174.35,2128.09K,Distribution Services,Wholesale Distributors,67.0,85.0,67.0,70.0,9.3014,9.2557,2739.94K,3729.75K,189.4,120.24,24.26B,No,169.54,160.84,150.15,161.21,147.41,476
1155,HNDFDS.NS,598.15,618.7,67.52K,Consumer Non-Durables,Food: Specialty/Candy,67.0,63.0,66.0,69.0,19.9143,19.5571,100.65K,116.50K,677.75,442.0,72.47B,No,630.13,594.35,530.97,598.9,542.84,497
1156,ADANIGREEN.NS,1255.0,1281.3,979.41K,Utilities,Alternative Power Generation,67.0,30.0,17.0,81.0,41.2,40.5072,2171.70K,1732.25K,1631.5,765.0,2067.21B,No,1294.73,1377.63,1186.8,1348.1,1269.35,499
1157,AARNAV.NS,29.79,30.56,6.50K,Finance,Investment Banks/Brokers,67.0,38.0,80.0,57.0,1.7821,1.735,95.98K,13.01K,37.4,21.0,,No,32.64,30.74,,31.03,26.48,136
1158,HMT.NS,61.09,63.36,10.85K,Producer Manufacturing,Industrial Machinery,67.0,74.0,68.0,35.0,3.5164,3.3943,19.26K,24.47K,72.95,41.0,21.72B,No,63.7,62.53,56.74,61.88,61.51,496
1159,TTKHLTCARE.NS,1074.6,1115.4,33.87K,Health Technology,Pharmaceuticals: Major,67.0,37.0,82.0,70.0,58.0429,57.9357,34.68K,84.03K,1247.0,735.0,15.18B,No,1118.49,1062.27,966.8,1082.15,949.83,497
1160,TIL.NS,244.6,255.3,58.05K,Producer Manufacturing,Trucks/Construction/Farm Machinery,67.0,80.0,88.0,68.0,10.2229,9.9114,1024.26K,106.78K,371.95,161.25,20.17B,No,240.6,233.32,224.43,238.75,211.37,497
1161,AVAX.BO,31.64,33.3,5.00K,Distribution Services,Wholesale Distributors,67.0,0.0,1.0,17.0,2.4793,1.9071,5.94K,8.40K,55.4,14.96,263.03M,No,42.04,46.94,41.33,46.09,45.8,415
1162,SKFINDUS.NS,2833.8,2887.7,56.18K,Producer Manufacturing,Auto Parts: Oem,67.0,76.0,75.0,70.0,117.3928,117.3928,50.73K,59.84K,3131.0,1994.1,140.10B,No,2890.4,2800.19,,2795.61,2505.65,192
1163,MCFL.BO,105.0,105.0,1.20K,Process Industries,Agricultural Commodities/Milling,67.0,21.0,66.0,72.0,3.0857,1.7679,22.17K,5.88K,129.0,72.12,1.13B,No,116.83,112.04,93.96,110.96,97.07,499
1164,AGARWALEYE.NS,502.05,508.4,195.77K,Health Services,Medical/Nursing Services,67.0,57.0,75.0,56.0,14.0679,14.0679,1005.92K,496.63K,568.0,401.0,159.14B,No,507.06,501.04,473.19,502.81,468.12,399
1165,NAUKRI.NS,1261.5,1250.8,1716.94K,Technology Services,Internet Software/Services,67.0,34.0,85.0,72.0,38.6643,35.0929,2242.95K,1236.29K,1433.6,908.3,817.12B,No,1322.61,1270.03,1149.64,1268.35,1087.9,499
1166,SNL.BO,422.55,429.05,2.37K,Producer Manufacturing,Auto Parts: Oem,67.0,82.0,73.0,63.0,11.975,11.8714,1.93K,4.37K,440.0,299.7,1.53B,No,398.02,389.19,370.96,397.57,371.95,495
1167,BAMBINO.BO,250.5,262.15,2.62K,Consumer Non-Durables,Food: Specialty/Candy,67.0,87.0,80.0,69.0,13.5964,13.5679,1.92K,4.73K,280.0,173.7,2.01B,No,226.18,217.87,215.62,225.58,210.31,495
1168,GPTHEALTH.NS,159.45,159.38,140.50K,Health Services,Hospital/Nursing Management,67.0,67.0,68.0,70.0,4.5079,4.4729,164.55K,116.04K,175.0,115.0,13.08B,No,154.82,157.05,141.47,157.76,144.81,497
1169,NPST.NS,1639.5,1686.1,27.59K,Technology Services,Packaged Software,67.0,63.0,50.0,86.0,85.1571,84.6357,46.04K,44.94K,2138.5,846.6,34.21B,No,1653.39,1599.17,1374.01,1605.03,1382.82,496
1170,SIMRAN.BO,179.65,187.15,1.82K,Process Industries,Agricultural Commodities/Milling,67.0,83.0,77.0,62.0,11.5429,11.0393,5.79K,12.76K,198.0,131.6,864.12M,No,167.28,159.13,163.24,163.28,159.46,495
1171,STARHEALTH.NS,540.8,562.7,873.27K,Finance,Life/Health Insurance,67.0,29.0,57.0,65.0,15.8857,15.8357,617.93K,378.46K,624.9,416.55,318.21B,No,571.79,581.89,510.84,573.26,532.34,498
1172,HALDYNGL.NS,141.68,145.7,39.54K,Process Industries,Containers/Packaging,67.0,,,,6.1836,6.1514,51.18K,55.13K,149.79,124.0,,No,138.38,,,,,20
1173,TATATECH.NS,759.3,762.15,1235.08K,Technology Services,Packaged Software,67.0,11.0,50.0,75.0,26.7286,26.2357,1518.33K,995.34K,891.0,507.4,308.32B,No,802.62,782.43,674.25,793.4,688.24,499
1174,ABCAPITAL.NS,378.8,395.0,2529.54K,Finance,Multi-Line Insurance,67.0,30.0,58.0,59.0,9.5679,8.6929,3839.21K,2847.34K,430.7,277.7,1037.03B,No,402.33,403.66,362.47,400.6,366.8,498
1175,FORBESCO.BO,378.55,317.85,73.20K,Producer Manufacturing,Industrial Machinery,67.0,92.0,76.0,54.0,21.4179,17.8893,5.69K,9.91K,462.75,242.2,4.88B,No,282.19,281.94,322.3,289.68,313.37,495
1176,TOTEM.BO,166.6,161.2,168.92K,Producer Manufacturing,Industrial Machinery,67.0,86.0,68.0,76.0,10.5286,10.2571,33.26K,58.58K,203.0,103.15,8.60B,No,145.18,141.36,140.4,142.83,140.44,496
1177,GLENMARK.NS,2371.7,2419.2,275.62K,Health Technology,Pharmaceuticals: Major,67.0,68.0,71.0,45.0,61.0142,60.6857,534.57K,474.92K,2537.6,1792.6,669.35B,No,2414.01,2318.76,2178.93,2331.99,2258.03,499
1178,SPLPETRO.NS,789.35,818.35,169.94K,Process Industries,Industrial Specialties,67.0,83.0,73.0,58.0,30.2143,29.275,225.11K,577.22K,979.0,462.3,148.43B,No,738.42,727.39,685.64,735.4,726.04,498
1179,M&MFIN.NS,342.3,356.15,1375.69K,Finance,Finance/Rental/Leasing,67.0,11.0,76.0,32.0,10.5714,10.2714,4486.60K,2089.74K,415.0,269.5,475.67B,No,373.47,370.15,344.4,369.53,333.56,499
1180,TAMBOLIIN.NS,291.55,306.85,5.79K,Finance,Investment Banks/Brokers,67.0,,,,13.7907,13.5479,14.66K,8.78K,318.85,238.0,,No,261.42,,,,,20
1181,CARGOSOL.BO,24.61,24.61,4.00K,Transportation,Air Freight/Couriers,67.0,32.0,87.0,31.0,0.0921,0.0,2.60K,2.60K,27.9,15.3,251.02M,No,25.06,25.47,23.44,25.42,22.03,497
1182,INDGN.NS,571.5,578.35,317.96K,Health Technology,Pharmaceuticals: Major,67.0,69.0,72.0,69.0,16.5964,16.5322,517.71K,825.72K,615.5,414.0,137.62B,No,581.75,547.43,511.9,552.7,514.13,499
1183,NIYOGIN.BO,51.47,53.57,18.01K,Finance,Finance/Rental/Leasing,67.0,27.0,71.0,83.0,4.6821,4.6129,103.69K,100.48K,73.62,30.2,5.73B,No,55.89,49.31,46.73,50.84,45.55,495
1184,MAITRI.BO,37.5,37.72,0.00K,Non-Energy Minerals,Aluminum,67.0,11.0,18.0,87.0,0.8714,0.3393,0.12K,0.06K,46.55,22.1,165.00M,No,40.94,40.41,35.36,41.14,37.21,497
1185,ELGIRUBCO.NS,55.83,58.48,47.59K,Producer Manufacturing,Miscellaneous Manufacturing,67.0,37.0,69.0,75.0,3.6164,3.6164,103.90K,74.08K,72.69,32.72,2.79B,No,59.22,59.05,49.03,59.15,51.27,498
1186,ONIDA.NS,33.33,32.18,1068.89K,Electronic Technology,Telecommunications Equipment,67.0,24.0,24.0,75.0,1.5479,1.5457,364.85K,318.14K,49.23,21.5,12.32B,No,35.44,37.66,33.59,36.31,35.39,498
1187,AARTIPHARM.NS,789.45,826.95,386.00K,Health Technology,Pharmaceuticals: Major,67.0,20.0,82.0,60.0,32.1607,31.8036,626.72K,453.25K,946.1,585.0,71.59B,No,841.46,768.84,723.04,771.86,713.48,498
1188,ARCL.NS,262.39,249.9,1.51K,Process Industries,Chemicals: Specialty,67.0,,,,13.1429,11.2543,0.68K,1.05K,262.39,216.89,2.10B,No,233.4,,,,,20
1189,INDUSINDBK.NS,956.5,978.2,1511.22K,Finance,Major Banks,67.0,32.0,60.0,51.0,22.4071,20.5643,1927.85K,1612.07K,1077.85,710.6,745.25B,No,1000.39,1010.8,919.5,1002.13,929.64,499
1190,MANAKSIA.NS,68.01,70.95,62.78K,Non-Energy Minerals,Steel,67.0,87.0,74.0,67.0,3.3557,3.1643,44.89K,175.62K,73.4,42.1,4.46B,No,61.14,58.75,59.54,60.37,58.16,497
1191,AXISCADES.NS,1717.7,1831.8,176.31K,Commercial Services,Miscellaneous Commercial Services,66.0,86.0,27.0,61.0,80.6143,74.4643,203.22K,227.00K,2211.0,1063.3,73.06B,No,1675.86,1610.72,1587.12,1624.61,1708.28,498
1192,BMW.BO,51.21,54.38,201.16K,Non-Energy Minerals,Steel,66.0,56.0,10.0,85.0,2.7521,2.7157,237.70K,315.90K,65.19,26.06,11.53B,No,50.9,51.82,45.13,51.46,47.98,495
1193,ARMAN.BO,114.95,117.45,1.86K,Process Industries,Textiles,66.0,47.0,65.0,40.0,5.0214,5.0143,29.39K,31.84K,121.0,80.85,598.95M,No,116.49,114.07,106.87,115.29,111.13,495
1194,INDIQUBE.NS,199.43,202.87,30.15K,Finance,Real Estate Development,66.0,84.0,82.0,67.0,7.6436,7.6107,121.14K,62.05K,243.8,131.15,42.28B,No,195.06,183.54,177.17,186.28,170.45,280
1195,KAJARIACER.NS,1213.6,1226.4,99.56K,Producer Manufacturing,Building Products,66.0,47.0,66.0,69.0,32.2643,32.0571,280.16K,252.97K,1293.8,869.6,190.71B,No,1226.88,1221.77,1086.68,1217.7,1126.89,499
1196,SIEMENS.NS,3770.0,3957.0,347.35K,Producer Manufacturing,Electrical Products,66.0,42.0,61.0,59.0,93.4,91.3785,373.78K,269.80K,4149.4,2826.0,1342.57B,No,3984.1,3837.99,3480.72,3870.17,3642.41,498
1197,APEX.NS,358.95,368.5,81.88K,Consumer Non-Durables,Food: Meat/Fish/Dairy,66.0,52.0,15.0,41.0,12.5429,12.2071,310.06K,136.81K,514.5,219.86,11.22B,No,384.62,386.62,377.65,383.93,404.93,498
1198,EASTBUILD.BO,61.25,61.25,0.00K,Consumer Durables,Homebuilding,66.0,93.0,41.0,77.0,0.2043,0.0029,0.09K,0.09K,71.25,38.36,114.95M,No,61.17,56.22,56.68,56.32,56.26,495
1199,PANORAMA.NS,51.92,53.78,572.75K,Retail Trade,Specialty Stores,66.0,,,,4.3321,4.2807,441.04K,560.08K,56.2,40.0,13.53B,No,47.15,,,,,20
1200,EQUITASBNK.NS,71.35,73.15,1749.57K,Finance,Regional Banks,66.0,35.0,29.0,66.0,1.5307,1.5307,2901.85K,1125.59K,83.9,51.25,81.63B,No,74.09,76.0,68.53,74.9,69.75,498
1201,ALUFLUOR.NS,492.55,487.4,4.71K,Non-Energy Minerals,Aluminum,66.0,,,,15.1429,15.0214,7.17K,7.12K,509.9,430.0,,No,477.8,,,,,20
1202,SUNLOC.NS,76.49,75.5,0.51K,Health Technology,Pharmaceuticals: Major,66.0,,,,2.4564,2.4521,0.63K,0.99K,82.0,67.5,,No,74.87,,,,,20
1203,NIRMITEE.BO,130.0,130.0,1.80K,Commercial Services,Miscellaneous Commercial Services,66.0,85.0,70.0,35.0,4.3429,0.0643,1.34K,0.30K,130.0,79.0,468.15M,No,113.28,114.31,122.05,115.12,119.46,497
1204,ANUHPHR.NS,90.33,94.86,208.79K,Health Technology,Pharmaceuticals: Major,66.0,90.0,73.0,59.0,5.2636,5.0571,119.67K,449.69K,99.5,67.0,9.05B,No,83.4,80.78,78.65,81.9,79.3,432
1205,VRLLOG.NS,283.6,288.3,109.96K,Transportation,Trucking,66.0,35.0,79.0,50.0,7.4572,7.4,369.38K,148.31K,310.2,225.0,49.61B,No,293.44,271.78,261.27,277.27,257.55,497
1206,GAMCO.BO,46.22,47.99,71.28K,Finance,Investment Banks/Brokers,66.0,45.0,60.0,63.0,2.1979,2.1757,61.59K,41.20K,56.49,32.65,2.50B,No,49.04,49.4,42.77,49.0,44.12,496
1207,JINDALPOLY.NS,737.9,671.3,345.79K,Process Industries,Containers/Packaging,66.0,86.0,52.0,16.0,28.4322,27.8857,30.30K,35.28K,1026.45,365.0,32.31B,No,661.88,653.64,627.95,654.1,704.27,498
1208,MIDHANI.NS,405.85,447.4,2746.95K,Non-Energy Minerals,Other Metals/Minerals,66.0,23.0,35.0,63.0,19.7,19.0929,1712.13K,5007.24K,482.4,266.65,76.03B,No,428.54,418.68,376.99,416.23,392.08,498
1209,WELSPLSOL.NS,53.52,55.59,746.48K,Non-Energy Minerals,Steel,66.0,,,,3.1721,3.1571,1566.41K,1322.19K,61.99,46.78,,No,53.58,,,,,20
1210,VIMTALABS.NS,616.0,629.6,121.15K,Commercial Services,Miscellaneous Commercial Services,66.0,50.0,73.0,77.0,23.6857,23.5214,428.22K,437.34K,851.0,376.05,27.53B,No,631.1,608.76,532.11,613.54,527.87,498
1211,PEOPLIN.BO,235.8,224.9,0.01K,Finance,Financial Conglomerates,66.0,55.0,52.0,53.0,0.0,0.0,0.01K,0.01K,235.8,171.95,47.16M,No,224.9,219.47,205.78,220.13,212.17,496
1212,UDAYJEW.NS,161.6,172.04,66.82K,Consumer Durables,Other Consumer Specialties,66.0,,,,12.3407,11.7821,79.79K,144.57K,180.89,115.04,,No,148.99,,,,,20
1213,APOLLOHOSP.NS,8714.0,8836.0,246.96K,Health Services,Hospital/Nursing Management,66.0,66.0,58.0,56.0,151.1786,138.75,320.33K,279.87K,9050.0,6696.5,1252.94B,No,8789.27,8836.5,7935.56,8818.55,8280.97,498
1214,TARMAT.NS,58.29,59.6,25.46K,Industrial Services,Engineering & Construction,66.0,19.0,73.0,41.0,4.8493,4.725,53.44K,85.83K,73.9,46.26,1.46B,No,57.93,53.79,53.21,54.77,54.1,497
1215,ADFFOODS.NS,261.3,269.55,65.59K,Consumer Non-Durables,Food: Specialty/Candy,66.0,61.0,33.0,78.0,9.4679,9.2821,447.23K,111.85K,346.95,153.1,28.71B,No,270.06,282.23,241.05,273.7,255.37,498
1216,AUSTENG.NS,127.31,135.29,6.84K,Producer Manufacturing,Metal Fabrication,66.0,,,,8.7493,8.6779,3.28K,3.31K,139.0,110.0,,No,124.11,,,,,20
1217,NDLVENTURE.NS,118.87,125.43,40.64K,Consumer Services,Cable/Satellite Tv,66.0,32.0,31.0,41.0,6.295,6.2286,23.23K,17.23K,140.0,80.0,4.00B,No,121.97,125.79,114.73,124.73,123.92,495
1218,CMPDI.NS,203.74,215.23,1647.92K,Commercial Services,Miscellaneous Commercial Services,66.0,8.0,8.0,,9.6329,9.5757,3193.36K,2497.47K,283.69,150.16,,No,230.45,243.39,,235.81,,118
1219,PRIMAPLA.BO,137.95,138.1,7.34K,Consumer Durables,Home Furnishings,66.0,87.0,62.0,67.0,8.7857,8.7286,7.99K,11.65K,156.95,88.0,1.52B,No,137.19,128.05,119.18,131.26,120.14,495
1220,JKPAPER.NS,402.1,414.25,256.53K,Process Industries,Pulp & Paper,66.0,76.0,74.0,62.0,14.8321,14.4857,655.29K,815.51K,444.8,304.85,72.91B,No,399.53,388.64,361.61,393.4,368.2,498
1221,ABSLAMC.NS,1037.9,1109.9,129.49K,Technology Services,Internet Software/Services,66.0,65.0,29.0,50.0,39.3857,37.4929,312.75K,277.68K,1224.9,708.0,300.33B,No,1035.95,1051.51,963.09,1048.23,1037.4,498
1222,MNFL.BO,163.05,153.05,4.80K,Consumer Non-Durables,Food: Specialty/Candy,66.0,64.0,57.0,51.0,1.4464,0.3857,2.90K,12.12K,186.0,118.4,2.04B,No,160.03,160.7,,160.23,160.34,195
1223,EXIDEIND.NS,409.2,412.65,1537.46K,Producer Manufacturing,Auto Parts: Oem,66.0,8.0,63.0,72.0,11.6571,11.4536,4370.80K,2177.01K,496.4,287.0,347.82B,No,436.19,443.16,373.73,444.45,383.08,499
1224,PPL.NS,277.45,285.55,35.47K,Producer Manufacturing,Miscellaneous Manufacturing,66.0,75.0,66.0,80.0,9.275,8.4857,153.37K,31.64K,334.4,163.21,6.64B,No,269.69,267.72,231.85,268.82,234.09,497
1225,MPDL.NS,31.75,32.11,0.81K,Industrial Services,Engineering & Construction,66.0,,,,2.2743,1.975,5.61K,1.49K,45.29,23.26,235.35M,No,33.32,,,,,20
1226,SSMD.BO,61.99,58.26,3.00K,Consumer Non-Durables,Food: Major Diversified,66.0,55.0,55.0,90.0,2.355,1.5071,4.78K,6.80K,80.45,30.1,537.21M,No,59.63,60.72,,60.9,59.24,195
1227,KOLTEPATIL.NS,420.8,436.85,69.33K,Finance,Real Estate Development,66.0,8.0,77.0,71.0,16.5964,16.125,337.39K,175.28K,554.6,292.25,37.32B,No,450.5,422.42,379.24,430.29,381.06,496
1228,ADINATH.BO,22.49,22.74,2.20K,Process Industries,Textiles,66.0,70.0,65.0,63.0,1.4393,1.3821,1.27K,2.64K,31.61,15.46,153.25M,No,21.64,21.13,21.42,21.38,20.98,495
1229,STEL.NS,597.9,611.1,3.00K,Finance,Financial Conglomerates,65.0,79.0,45.0,64.0,30.7964,30.7357,7.06K,5.50K,689.95,380.0,11.03B,No,607.77,576.33,512.53,588.49,526.17,498
1230,BEML.NS,1939.3,2023.4,234.25K,Producer Manufacturing,Trucks/Construction/Farm Machinery,65.0,71.0,69.0,63.0,73.3571,73.15,392.44K,611.83K,2275.75,1355.0,161.52B,No,1994.0,1879.02,1771.11,1887.9,1773.35,499
1231,ZYDUSLIFE.NS,1099.0,1119.1,522.30K,Health Technology,Pharmaceuticals: Major,65.0,47.0,57.0,62.0,32.1572,31.8714,1431.89K,1270.31K,1205.0,835.5,1096.26B,No,1135.92,1136.09,998.5,1127.77,1035.8,499
1232,KPIL.NS,1380.2,1435.7,110.46K,Industrial Services,Engineering & Construction,65.0,65.0,64.0,67.0,35.9643,35.8357,279.71K,157.14K,1479.6,1007.1,235.70B,No,1400.81,1352.2,1237.19,1358.22,1281.06,497
1233,ECLERX.NS,1894.8,1899.6,202.42K,Commercial Services,Miscellaneous Commercial Services,65.0,66.0,88.0,65.0,79.1786,78.05,368.62K,277.74K,2497.5,1320.0,174.37B,No,1902.24,1839.75,1801.49,1882.42,1628.34,498
1234,PUNJCOMMU.BO,57.96,62.34,5.83K,Electronic Technology,Telecommunications Equipment,65.0,85.0,78.0,57.0,4.4671,4.3114,2.83K,5.49K,74.01,40.1,696.89M,No,56.85,52.0,54.01,53.73,51.45,495
1235,AIRLTD.BO,567.2,567.2,0.00K,Consumer Durables,Homebuilding,65.0,46.0,28.0,20.0,0.0,0.0,0.01K,0.01K,713.95,324.0,12.71B,No,568.63,575.8,617.48,574.08,598.22,497
1236,TMCV.NS,427.15,434.55,4286.01K,Consumer Durables,Motor Vehicles,65.0,18.0,63.0,30.0,14.25,13.8429,8097.52K,7568.20K,509.0,306.3,1573.10B,No,461.81,443.6,426.48,444.37,427.39,212
1237,RUDRAGAS.BO,80.0,80.0,3.00K,Utilities,Gas Distributors,65.0,86.0,63.0,72.0,2.6179,1.9736,5.03K,6.60K,103.03,55.6,667.04M,No,72.64,72.27,71.88,72.65,72.95,496
1238,CHOLAFIN.NS,1791.6,1845.9,1709.06K,Finance,Finance/Rental/Leasing,65.0,30.0,68.0,55.0,47.2,45.1143,1441.73K,1266.03K,1952.5,1299.4,1530.14B,No,1851.97,1835.85,1681.94,1834.21,1672.57,498
1239,POLYLINK.BO,22.82,23.43,0.92K,Process Industries,Chemicals: Specialty,65.0,69.0,70.0,72.0,1.5679,1.4793,8.15K,7.97K,26.77,14.52,504.58M,No,22.52,22.07,20.28,22.3,20.51,495
1240,FUSION.NS,188.18,189.72,495.69K,Finance,Finance/Rental/Leasing,65.0,26.0,64.0,54.0,7.2893,7.1686,964.41K,671.35K,243.0,136.5,30.43B,No,197.04,209.05,183.68,203.42,188.82,497
1241,GRASIM.NS,3171.0,3281.8999,1332.79K,Non-Energy Minerals,Construction Materials,65.0,51.0,53.0,61.0,65.25,60.1714,817.65K,1060.52K,3411.1,2502.5,2150.74B,No,3290.71,3224.11,2952.61,3224.45,3006.02,498
1242,JETFREIGHT.NS,20.03,20.07,76.48K,Transportation,Airlines,65.0,18.0,34.0,51.0,0.8579,0.8307,217.73K,143.62K,25.95,11.9,929.47M,No,21.59,22.22,19.77,22.05,20.65,497
1243,CYIENT.NS,1078.9,1059.4,857.65K,Technology Services,Packaged Software,65.0,93.0,79.0,60.0,49.0357,46.775,871.88K,721.72K,1284.7,750.3,112.32B,No,1040.05,926.63,965.26,950.64,900.85,499
1244,ORIRAIL.NS,119.03,124.11,99.41K,Producer Manufacturing,Building Products,65.0,,,,7.6064,7.6064,295.28K,114.70K,142.0,102.8,7.98B,No,122.82,,,,,20
1245,TELECANOR.BO,18.51,19.48,16.09K,Technology Services,Packaged Software,65.0,60.0,77.0,0.0,1.6329,1.5157,30.61K,25.11K,48.5,7.26,283.59M,No,21.47,23.01,29.6,22.48,27.48,495
1246,HAL.NS,4695.0,4905.0,808.86K,Electronic Technology,Aerospace & Defense,65.0,40.0,70.0,61.0,112.8857,100.3714,891.78K,977.76K,5149.9,3479.1,3139.90B,No,4909.85,4741.13,4387.21,4797.76,4398.67,498
1247,LABELKRAFT.BO,62.0,62.0,2.00K,Distribution Services,Electronics Distributors,65.0,55.0,60.0,56.0,0.5,0.1429,1.01K,0.89K,66.5,45.6,201.13M,No,63.4,62.57,56.94,62.35,60.24,496
1248,SASHWAT.BO,320.65,320.65,0.10K,Finance,Real Estate Development,65.0,14.0,32.0,56.0,1.2036,0.8107,0.03K,0.03K,355.25,252.95,98.19M,No,329.07,343.09,308.27,341.32,321.14,497
1249,LIKHITHA.NS,222.22,217.07,176.19K,Industrial Services,Engineering & Construction,65.0,51.0,42.0,83.0,10.8143,10.7914,67.46K,155.96K,272.0,131.45,8.77B,No,210.01,223.19,200.08,219.04,209.44,498
1250,AARTIIND.NS,468.7,492.7,789.27K,Process Industries,Chemicals: Major Diversified,65.0,10.0,38.0,54.0,16.0857,15.7286,1194.01K,640.45K,551.75,338.05,170.01B,No,517.46,502.63,446.59,501.8,470.92,498
1251,ADVANCE.NS,113.95,117.85,66.28K,Process Industries,Chemicals: Agricultural,65.0,43.0,78.0,51.0,4.6979,4.6936,380.44K,155.25K,154.0,84.1,7.33B,No,117.49,117.23,114.72,117.99,109.9,234
1252,BLUEJET.NS,550.65,568.55,364.89K,Health Technology,Pharmaceuticals: Major,65.0,35.0,68.0,80.0,14.75,14.5536,852.17K,365.26K,717.0,325.0,95.52B,No,581.84,586.89,488.79,581.89,490.45,499
1253,ANGELONE.NS,297.5,305.0,5535.54K,Finance,Investment Banks/Brokers,65.0,68.0,15.0,74.0,10.9643,10.1929,6442.67K,8314.67K,360.45,208.63,271.93B,No,292.9,305.16,286.22,299.82,298.99,498
1254,VAPIENTER.BO,118.45,124.65,0.44K,Finance,Finance/Rental/Leasing,65.0,3.0,78.0,43.0,6.4179,5.1786,0.96K,0.11K,172.85,89.55,270.24M,No,137.94,136.22,114.85,137.53,114.55,495
1255,SAIPARENT.NS,506.35,523.35,74.69K,Health Technology,Pharmaceuticals: Major,65.0,25.0,24.0,,18.8679,18.5714,204.53K,56.30K,706.0,400.0,22.37B,No,525.65,546.69,,537.2,,115
1256,DOLLEX.NS,37.4,38.45,53.12K,Process Industries,Agricultural Commodities/Milling,65.0,89.0,81.0,63.0,1.9786,1.7714,71.86K,89.52K,43.55,26.0,1.49B,No,35.28,32.27,33.45,33.36,31.63,497
1257,KRISHNADEF.NS,1027.8,1065.5,121.17K,Electronic Technology,Aerospace & Defense,65.0,43.0,16.0,20.0,42.4357,37.9643,147.41K,98.18K,1400.0,665.0,15.35B,No,1042.68,1160.98,1044.4,1120.86,1106.14,497
1258,MAJESAUT.NS,357.9,366.7,1.62K,Commercial Services,Miscellaneous Commercial Services,65.0,37.0,64.0,,14.2393,14.0214,11.64K,2.82K,500.0,274.0,3.72B,No,359.02,391.22,,392.94,,103
1259,HISARSP.BO,54.75,52.37,12.00K,Process Industries,Textiles,65.0,84.0,68.0,31.0,0.9793,0.1443,0.18K,0.12K,66.4,40.3,204.49M,No,47.64,45.76,50.17,47.31,50.5,497
1260,ADANIPORTS.NS,1713.8,1764.6,1608.19K,Transportation,Other Transportation,65.0,71.0,40.0,65.0,45.5357,42.6071,2238.35K,3275.57K,1891.1,1292.0,3948.53B,No,1699.88,1735.83,1614.41,1728.89,1671.34,498
1261,GALAXYSURF.NS,2127.3,2187.3,22.68K,Consumer Non-Durables,Household/Personal Care,65.0,67.0,80.0,58.0,82.3356,82.2428,46.19K,45.12K,2648.0,1510.0,75.42B,No,2280.57,2114.65,1934.53,2148.84,1937.23,496
1262,RAMCOSYS.NS,567.8,594.55,46.82K,Technology Services,Information Technology Services,65.0,41.0,60.0,74.0,21.9536,21.0857,1990.99K,98.75K,967.5,342.1,21.35B,No,577.24,661.18,538.66,621.01,533.83,498
1263,BHAGWOX.BO,40.79,39.2,4.49K,Energy Minerals,Oil & Gas Production,65.0,81.0,84.0,44.0,2.905,2.5086,0.63K,0.80K,50.0,31.5,94.35M,No,38.16,37.14,38.31,38.31,36.66,495
1264,NETLINK.BO,191.9,182.7,19.68K,Technology Services,Packaged Software,65.0,88.0,50.0,49.0,12.5893,11.7679,0.82K,1.27K,230.9,136.1,485.36M,No,164.33,171.53,179.41,173.68,184.54,495
1265,SUBAM.BO,196.8,203.0,4.80K,Process Industries,Pulp & Paper,65.0,16.0,23.0,61.0,6.0571,4.5821,10.97K,4.88K,244.0,126.85,5.41B,No,211.4,216.1,200.76,213.77,204.34,481
1266,REMAGNET.BO,3589.15,3589.1499,2.12K,Non-Energy Minerals,Precious Metals,64.0,83.0,32.0,21.0,178.05,172.2964,4.83K,5.32K,5900.0,1989.05,46.56B,No,3800.73,3731.11,4221.88,3667.94,4116.95,495
1267,GEEKAYWIRE.NS,29.34,27.83,463.84K,Non-Energy Minerals,Steel,64.0,93.0,83.0,76.0,2.2314,2.1657,140.41K,371.70K,38.12,18.51,3.07B,No,25.78,24.42,26.19,24.89,24.45,498
1268,DREDGECORP.NS,994.0,1039.7,75.01K,Transportation,Marine Shipping,64.0,32.0,28.0,45.0,38.9929,37.3858,182.97K,92.67K,1286.0,538.0,27.83B,No,1093.54,1073.28,1014.55,1074.18,1015.89,498
1269,ONEPOINT.NS,56.68,56.39,5465.54K,Commercial Services,Miscellaneous Commercial Services,64.0,48.0,40.0,65.0,2.2093,2.2064,1000.70K,778.67K,65.85,40.58,14.90B,No,56.04,56.2,54.11,56.59,54.79,498
1270,MODTHREAD.NS,52.13,52.92,5.84K,Process Industries,Textiles,64.0,80.0,79.0,30.0,3.765,3.6893,13.07K,6.38K,65.65,35.61,1.81B,No,54.1,50.37,46.38,51.1,48.0,497
1271,OSWALOR.BO,117.45,117.45,0.00K,Process Industries,Agricultural Commodities/Milling,64.0,46.0,36.0,21.0,0.0821,0.0,0.00K,0.00K,143.0,71.0,1.52B,No,118.31,119.17,125.42,118.94,121.9,497
1272,SHANKARA.NS,149.83,148.29,415.74K,Retail Trade,Home Improvement Chains,64.0,77.0,87.0,80.0,2.425,2.425,175.41K,80.95K,1021.35,98.25,3.63B,No,146.02,141.51,120.59,144.06,126.21,496
1273,RISHDIGA.BO,37.98,36.49,0.00K,Non-Energy Minerals,Steel,64.0,78.0,79.0,49.0,1.7764,1.5593,0.95K,0.10K,43.95,28.5,208.37M,No,36.88,35.62,35.08,35.91,34.82,495
1274,DYNAMIND.BO,117.15,119.95,0.35K,Process Industries,Industrial Specialties,64.0,83.0,59.0,70.0,8.2036,7.8643,2.42K,9.87K,189.9,83.2,354.79M,No,109.91,109.17,109.77,111.56,106.75,495
1275,KAVDEFENCE.NS,75.17,69.33,2090.48K,Electronic Technology,Telecommunications Equipment,64.0,95.0,81.0,63.0,5.8286,5.7143,223.44K,810.95K,162.87,51.51,4.52B,No,61.16,59.62,64.7,61.34,62.46,499
1276,ARTSON.BO,176.15,167.9,39.66K,Producer Manufacturing,Industrial Machinery,64.0,85.0,65.0,70.0,8.7714,8.3893,16.89K,18.07K,227.5,125.3,6.50B,No,158.27,156.41,153.73,158.7,157.88,495
1277,EPL.NS,235.9,239.3,1961.57K,Process Industries,Containers/Packaging,64.0,45.0,60.0,64.0,10.2857,9.1564,3897.76K,18168.15K,274.03,176.4,75.56B,No,250.45,241.38,221.2,240.42,226.22,498
1278,MANAPPURAM.NS,318.85,329.0,3725.64K,Finance,Finance/Rental/Leasing,64.0,23.0,54.0,66.0,11.2071,10.2821,5293.55K,4602.06K,381.55,245.15,299.51B,No,341.81,346.87,308.07,346.0,311.48,499
1279,GOLDIAM.NS,324.15,325.0,797.58K,Consumer Durables,Other Consumer Specialties,64.0,16.0,32.0,76.0,10.7714,10.6429,1187.94K,479.06K,398.2,198.75,48.80B,No,348.41,353.53,298.62,351.25,311.89,498
1280,VERANDA.NS,218.28,225.24,149.16K,Commercial Services,Miscellaneous Commercial Services,64.0,18.0,28.0,77.0,9.0371,9.0371,572.13K,279.40K,272.5,130.02,21.07B,No,240.56,241.24,207.85,240.75,211.04,498
1281,UTTAMSUGAR.NS,256.65,279.85,240.79K,Process Industries,Agricultural Commodities/Milling,64.0,49.0,67.0,71.0,17.8271,17.8129,271.15K,283.59K,359.3,181.1,9.79B,No,298.65,263.15,240.5,264.49,244.59,498
1282,DHANBANK.NS,29.79,31.15,593.06K,Finance,Major Banks,64.0,26.0,33.0,69.0,0.9257,0.9093,1651.99K,415.38K,36.85,19.45,11.76B,No,32.0,32.89,28.68,32.42,30.04,499
1283,JINDRILL.NS,598.65,633.25,319.55K,Industrial Services,Contract Drilling,64.0,63.0,51.0,55.0,31.3286,31.3036,1193.23K,711.55K,704.4,440.1,17.35B,No,635.55,614.17,556.77,620.0,572.33,498
1284,INVPRECQ.NS,1377.7,1405.8,8.85K,Producer Manufacturing,Metal Fabrication,64.0,,,,21.5857,9.4214,4.33K,1.78K,1405.8,1166.0,,No,1309.9,,,,,20
1285,CBPL.BO,45.0,44.65,2.00K,Distribution Services,Medical Distributors,64.0,13.0,51.0,64.0,0.5857,0.0,3.29K,0.90K,52.71,29.7,339.53M,No,50.08,43.25,39.84,43.49,39.41,496
1286,PATELSAI.BO,302.5,275.0,9.18K,Producer Manufacturing,Industrial Machinery,64.0,76.0,57.0,73.0,11.8571,9.6214,9.65K,7.71K,420.0,180.1,1.65B,No,284.16,319.12,281.75,306.39,301.48,495
1287,FINEORG.NS,5153.5,5167.5,18.01K,Process Industries,Chemicals: Major Diversified,64.0,61.0,62.0,64.0,118.0928,117.8071,25.05K,19.17K,5407.0,3856.0,158.01B,No,5177.08,5058.23,4653.67,5092.23,4818.29,498
1288,SWAGTAM.BO,62.5,62.5,0.00K,Finance,Real Estate Development,64.0,90.0,62.0,65.0,2.3657,0.7436,0.16K,0.02K,75.87,40.5,74.41M,No,61.19,56.97,60.96,57.73,62.02,496
1289,LUDLOWJUT.BO,321.95,320.1,0.56K,Process Industries,Textiles,64.0,33.0,50.0,83.0,17.0679,16.5786,3.70K,9.70K,440.75,162.0,3.47B,No,332.75,359.19,291.27,354.43,307.2,495
1290,AUTOIND.NS,79.11,82.83,129.91K,Producer Manufacturing,Auto Parts: Oem,64.0,1.0,58.0,60.0,4.8093,4.8093,163.03K,372.23K,104.0,48.35,3.59B,No,87.58,90.13,77.76,89.05,78.18,497
1291,SANDHAR.NS,610.35,618.6,119.24K,Consumer Durables,Motor Vehicles,64.0,58.0,19.0,66.0,20.4607,20.2964,262.32K,142.35K,763.2,424.0,36.83B,No,641.91,635.33,575.31,630.62,589.35,498
1292,HAWKINCOOK.NS,8381.5,8411.5,2.48K,Producer Manufacturing,Miscellaneous Manufacturing,64.0,62.0,66.0,,218.75,209.8214,1.78K,1.73K,9600.0,7109.0,44.32B,No,8235.58,8496.92,,8454.3,,102
1293,SICALLOG.NS,94.42,98.0,12.47K,Transportation,Other Transportation,64.0,3.0,58.0,79.0,6.0321,5.1643,63.81K,33.55K,122.5,60.11,7.53B,No,103.71,102.08,84.09,103.56,82.76,496
1294,USHAMART.NS,480.25,494.5,604.75K,Producer Manufacturing,Metal Fabrication,64.0,47.0,45.0,59.0,13.5143,12.8179,632.52K,1250.92K,529.3,380.0,146.19B,No,496.5,500.96,458.62,495.23,469.58,498
1295,IMAGICAA.NS,50.43,52.33,686.20K,Consumer Services,Movies/Entertainment,64.0,76.0,77.0,60.0,3.0436,3.0386,1857.65K,977.71K,62.0,36.84,28.54B,No,52.73,49.56,47.03,50.62,46.3,498
1296,ZDHJERK.BO,24.01,24.5,0.50K,Health Services,Medical/Nursing Services,64.0,15.0,75.0,50.0,0.4629,0.1043,2.83K,1.27K,35.86,19.53,98.40M,No,26.18,26.1,24.52,25.53,24.31,497
1297,SUTLEJTEX.NS,38.28,39.27,68.46K,Process Industries,Textiles,64.0,61.0,56.0,69.0,1.81,1.8086,38.74K,33.90K,42.93,24.0,6.36B,No,38.98,38.51,34.49,38.74,35.97,498
1298,UNIONBANK.NS,175.0,178.1,4444.14K,Finance,Major Banks,64.0,31.0,58.0,32.0,4.6743,4.4357,13886.10K,8854.52K,205.49,133.0,1335.88B,No,184.56,177.9,173.03,179.1,175.79,499
1299,IGARASHI.NS,437.05,414.3,13011.27K,Producer Manufacturing,Auto Parts: Oem,64.0,42.0,76.0,76.0,15.625,15.625,464.33K,39.89K,558.0,271.05,13.76B,No,425.46,446.06,403.34,443.2,399.09,499
1300,SUMEDHA.NS,43.09,41.4,12.04K,Finance,Investment Banks/Brokers,64.0,,,,2.1514,2.0664,3.04K,3.21K,45.5,36.6,,No,39.48,,,,,20
1301,MOBAVENUE.BO,279.95,278.0,20.13K,Technology Services,Packaged Software,64.0,8.0,37.0,60.0,8.7107,8.65,55.62K,34.31K,343.8,196.9,21.64B,No,301.52,307.93,264.5,301.15,272.88,498
1302,BSE.NS,3310.0,3384.0,3900.49K,Finance,Investment Banks/Brokers,64.0,38.0,9.0,61.0,117.95,103.9071,3729.51K,4750.63K,4446.8,2021.5,1344.29B,No,3314.51,3496.67,3294.43,3443.16,3490.44,498
1303,HINDALCO.NS,958.7,981.5,2244.52K,Non-Energy Minerals,Other Metals/Minerals,63.0,25.0,39.0,40.0,23.4179,20.7357,4926.82K,3069.45K,1176.0,731.95,2128.16B,No,1023.45,1001.15,971.71,997.31,996.24,498
1304,RATNAMANI.NS,2691.4,2811.3999,55.25K,Non-Energy Minerals,Steel,63.0,89.0,60.0,63.0,133.4429,131.9286,83.53K,79.29K,3345.0,1936.5,188.65B,No,2613.21,2516.05,2432.44,2508.11,2518.58,497
1305,INGERRAND.NS,4344.3,4573.0,31.53K,Producer Manufacturing,Trucks/Construction/Farm Machinery,63.0,35.0,48.0,55.0,151.1571,151.0785,25.35K,27.29K,4955.0,3063.3,137.14B,No,4694.84,4521.69,4024.61,4547.5,4276.92,499
1306,KOHINOOR.NS,29.58,30.85,72.80K,Process Industries,Agricultural Commodities/Milling,63.0,78.0,76.0,64.0,1.8007,1.8007,213.86K,155.83K,38.47,19.2,1.10B,No,32.81,27.4,25.84,28.5,25.99,497
1307,SAGILITY.NS,45.6,45.2,23893.33K,Commercial Services,Miscellaneous Commercial Services,63.0,80.0,75.0,58.0,1.3664,1.3393,24675.22K,18750.65K,57.89,35.83,213.47B,No,44.87,43.49,44.28,43.88,41.95,459
1308,YORKEXP.BO,66.1,63.35,2.81K,Process Industries,Textiles,63.0,85.0,78.0,51.0,2.5321,2.1929,0.57K,2.18K,79.0,47.1,222.28M,No,53.97,54.7,59.21,55.78,57.84,495
1309,DVL.NS,282.7,286.2,13.90K,Consumer Non-Durables,Food: Major Diversified,63.0,71.0,78.0,73.0,11.8343,11.58,27.72K,17.70K,380.6,186.99,9.90B,No,280.64,261.98,253.46,266.93,245.4,496
1310,MANINFRA.NS,124.83,126.87,1734.61K,Finance,Real Estate Development,63.0,89.0,71.0,69.0,4.3307,4.2121,2137.39K,3245.95K,160.39,77.12,50.20B,No,119.82,109.91,111.91,112.4,108.07,498
1311,SBLI.BO,43.53,46.0,14.40K,Finance,Real Estate Development,63.0,4.0,59.0,69.0,3.7357,2.9357,3.85K,6.36K,54.6,30.55,35.31M,No,48.19,47.3,41.21,47.31,43.43,496
1312,JJFINCOR.BO,46.0,46.0,1.00K,Finance,Finance/Rental/Leasing,63.0,17.0,41.0,11.0,0.41,0.3464,0.55K,0.34K,78.7,30.27,129.72M,No,46.69,50.6,48.32,50.6,50.41,495
1313,KKSHL.BO,44.0,43.0,12.00K,Health Services,Hospital/Nursing Management,63.0,61.0,46.0,74.0,0.9179,0.2179,3.52K,4.80K,51.9,29.0,299.58M,No,42.04,40.96,39.64,41.29,40.32,498
1314,AMBIKCO.NS,1579.6,1593.1,10.23K,Process Industries,Textiles,63.0,58.0,44.0,61.0,32.9214,32.7072,18.73K,9.86K,1931.0,1101.0,9.04B,No,1630.1,1683.19,1473.8,1677.82,1563.15,497
1315,MINDSPACE.BO,496.61,492.2,9.17K,Finance,Real Estate Investment Trusts,63.0,63.0,66.0,51.0,7.3129,7.1079,12.46K,11.46K,525.5,431.01,328.75B,No,495.78,494.03,477.54,494.07,475.13,495
1316,JAGSNPHARM.NS,225.83,232.89,56.97K,Health Technology,Pharmaceuticals: Generic,63.0,54.0,64.0,71.0,8.0514,7.9936,512.95K,104.36K,264.5,155.0,14.90B,No,236.6,232.29,204.0,231.06,211.47,498
1317,EASUN.BO,52.5,50.0,3.00K,Finance,Financial Conglomerates,63.0,98.0,69.0,55.0,0.7779,0.0307,0.23K,0.01K,60.63,32.8,274.53M,No,44.51,44.11,46.52,43.02,43.42,496
1318,STARPAPER.NS,160.27,168.44,14.40K,Process Industries,Pulp & Paper,63.0,78.0,77.0,64.0,7.9214,7.3293,17.58K,36.82K,179.37,119.05,2.50B,No,152.21,148.82,146.04,151.68,142.08,498
1319,GEOJITFSL.NS,77.27,78.6,214.76K,Finance,Investment Banks/Brokers,63.0,48.0,54.0,71.0,2.7486,2.7486,383.19K,350.87K,86.5,50.86,21.57B,No,81.16,79.67,72.13,79.4,72.36,497
1320,SPICELOUNG.BO,34.58,32.94,919.15K,Retail Trade,Discount Stores,63.0,86.0,91.0,60.0,2.1614,1.2914,282.25K,1004.36K,72.2,16.21,24.11B,No,27.06,25.86,30.55,27.2,26.08,496
1321,KIRLPNU.NS,698.15,719.9,172.16K,Producer Manufacturing,Industrial Machinery,63.0,29.0,18.0,69.0,21.825,21.7214,416.97K,163.55K,1098.55,495.05,90.71B,No,735.79,771.73,678.72,747.07,729.42,498
1322,SPML.BO,162.75,166.0,12.00K,Distribution Services,Medical Distributors,63.0,61.0,7.0,,6.3143,5.6,9.52K,13.50K,381.2,121.1,1.43B,No,155.4,168.35,,165.28,,117
1323,MAKERSL.NS,173.77,185.87,4.84K,Health Technology,Pharmaceuticals: Major,63.0,,,,12.9707,12.9336,14.00K,5.40K,236.0,150.0,1.03B,No,189.25,,,,,20
1324,CITIUSINVT.BO,115.25,115.7,1.18K,Miscellaneous,Investment Trusts,63.0,69.0,69.0,,1.5479,1.3586,7.13K,7.30K,117.08,101.75,70.30B,No,114.8,111.77,,112.67,,98
1325,AARTIDRUGS.NS,426.35,428.5,143.54K,Health Technology,Pharmaceuticals: Major,63.0,60.0,74.0,65.0,13.9964,13.5821,205.81K,180.64K,534.55,318.95,38.91B,No,420.64,415.23,386.63,420.45,385.84,498
1326,KMSUGAR.NS,29.1,30.41,227.20K,Process Industries,Agricultural Commodities/Milling,63.0,74.0,65.0,58.0,1.7,1.6764,284.39K,246.35K,36.5,23.0,2.68B,No,31.59,29.46,27.37,29.65,27.96,498
1327,AASHKA.BO,83.28,84.98,1.00K,Health Services,Hospital/Nursing Management,63.0,88.0,72.0,65.0,3.7364,2.945,3.06K,8.30K,99.5,59.0,1.95B,No,78.38,77.14,76.7,77.81,74.91,496
1328,ALEMBICLTD.NS,100.51,104.33,840.62K,Health Technology,Pharmaceuticals: Major,63.0,88.0,74.0,62.0,5.6029,5.485,1144.54K,4811.63K,117.72,70.46,25.81B,No,100.26,93.2,92.14,94.81,89.98,499
1329,AARVI.NS,141.39,141.85,5.23K,Commercial Services,Personnel Services,63.0,24.0,43.0,50.0,5.2829,5.2829,44.36K,21.44K,168.4,115.99,2.09B,No,146.79,150.43,134.74,148.76,138.28,496
1330,NARMP.BO,23.49,23.57,38.05K,Producer Manufacturing,Miscellaneous Manufacturing,63.0,74.0,67.0,48.0,0.5943,0.5714,91.27K,90.14K,34.55,14.56,851.04M,No,23.73,21.97,22.53,22.19,21.45,496
1331,AGI.NS,736.65,762.65,91.71K,Process Industries,Containers/Packaging,63.0,75.0,72.0,80.0,31.0786,30.6571,169.87K,209.21K,939.0,465.0,47.66B,No,748.59,719.88,651.3,725.48,636.09,497
1332,SAPPHIRE.NS,222.37,225.74,399.70K,Consumer Services,Restaurants,63.0,41.0,85.0,71.0,9.6136,9.6136,1916.41K,671.63K,330.75,139.91,71.55B,No,234.02,210.55,200.82,215.56,190.43,498
1333,UDS.NS,197.04,207.5,95.02K,Commercial Services,Miscellaneous Commercial Services,63.0,34.0,68.0,73.0,9.8221,8.3779,403.73K,545.43K,264.67,125.1,13.31B,No,218.89,208.21,177.38,210.19,180.67,497
1334,BHILSPIN.BO,126.05,129.75,0.17K,Process Industries,Textiles,63.0,52.0,69.0,61.0,4.8714,4.8036,1.96K,2.33K,152.95,98.9,1.14B,No,130.72,128.87,117.42,129.5,120.29,495
1335,CARBORUNIV.NS,1031.8,1075.2,188.03K,Process Industries,Industrial Specialties,63.0,16.0,46.0,72.0,38.9286,38.9286,271.28K,168.47K,1306.9,735.2,196.56B,No,1102.68,1095.66,958.24,1096.07,1012.02,498
1336,TLL.BO,284.05,302.5,292.80K,Health Technology,Pharmaceuticals: Major,63.0,81.0,72.0,58.0,11.3821,10.7786,33.46K,30.66K,328.0,229.95,3.40B,No,280.69,268.97,269.8,273.62,260.96,495
1337,PGFOILQ.BO,214.95,221.4,8.76K,Process Industries,Containers/Packaging,63.0,45.0,62.0,27.0,10.7143,9.7321,20.26K,10.84K,294.0,165.5,2.54B,No,220.44,204.71,213.16,208.19,210.32,495
1338,NATCAPSUQ.NS,180.43,189.39,15.66K,Health Technology,Pharmaceuticals: Other,63.0,91.0,80.0,62.0,16.0229,15.4021,28.10K,25.48K,296.0,136.36,1.88B,No,188.04,164.17,163.49,168.25,159.34,391
1339,LLOYDSENT.NS,67.64,69.79,1887.02K,Distribution Services,Wholesale Distributors,63.0,13.0,42.0,77.0,2.2521,2.2314,4783.68K,2088.95K,84.7,40.69,103.26B,No,73.24,76.65,65.32,75.87,67.23,476
1340,PDMJEPAPER.NS,96.81,97.7,1160.44K,Process Industries,Pulp & Paper,62.0,79.0,78.0,70.0,5.8543,5.4779,280.44K,944.59K,130.0,65.0,9.19B,No,92.44,91.19,86.59,92.88,84.95,497
1341,INDGELA.BO,370.2,376.1,0.61K,Process Industries,Chemicals: Major Diversified,62.0,31.0,59.0,56.0,9.0393,8.4357,1.76K,1.03K,418.0,295.0,2.63B,No,371.91,373.63,352.0,373.97,357.45,495
1342,CINELINE.NS,91.81,96.31,12.90K,Consumer Services,Movies/Entertainment,62.0,68.0,76.0,49.0,4.2257,4.1871,33.23K,84.91K,104.4,73.35,3.50B,No,90.8,86.35,84.81,89.11,85.06,498
1343,PIONRINV.NS,87.21,88.99,1.78K,Finance,Investment Banks/Brokers,62.0,,,,4.3993,3.3471,1.62K,1.93K,88.99,72.5,1.07B,No,,,,,,19
1344,WENDT.NS,8580.0,8812.5,38.27K,Producer Manufacturing,Industrial Machinery,62.0,80.0,67.0,74.0,320.1071,308.4286,11.05K,18.18K,9839.0,5841.5,17.16B,No,8255.65,8059.63,7418.0,8192.7,7446.07,497
1345,NXST.BO,167.46,167.05,21.48K,Finance,Real Estate Investment Trusts,62.0,58.0,67.0,52.0,1.9879,1.8529,170.78K,637.63K,175.0,150.2,253.70B,No,167.42,166.9,160.42,166.94,160.13,495
1346,MEGASTAR.NS,285.5,277.5,11.10K,Process Industries,Agricultural Commodities/Milling,62.0,34.0,22.0,66.0,12.9107,12.8821,29.05K,2.26K,392.0,203.0,3.22B,No,302.44,325.48,280.81,314.47,300.8,497
1347,LCL.NS,535.5,553.05,297.50K,Producer Manufacturing,Industrial Machinery,62.0,65.0,,,26.4714,25.5607,1775.50K,521.01K,604.7,461.0,56.58B,No,561.93,,,,,33
1348,AREXMIS.BO,129.0,123.0,0.59K,Process Industries,Textiles,62.0,31.0,82.0,59.0,3.3964,2.1179,0.19K,0.11K,157.0,95.5,464.23M,No,127.21,123.84,122.45,125.9,115.04,496
1349,GANECOS.NS,1007.0,1013.3,80.71K,Process Industries,Textiles,62.0,29.0,68.0,76.0,36.4429,35.6786,165.47K,109.17K,1338.0,653.55,26.92B,No,1042.78,1100.54,938.43,1084.29,990.59,498
1350,RPPL.NS,20.0,20.74,77.28K,Process Industries,Containers/Packaging,62.0,7.0,56.0,69.0,1.0643,1.0443,142.89K,36.00K,26.97,14.25,1.48B,No,22.67,22.57,18.66,22.47,19.1,497
1351,ANDHRAPAP.NS,71.64,73.36,1506.44K,Process Industries,Pulp & Paper,62.0,91.0,75.0,57.0,4.3086,4.265,1230.27K,6789.35K,86.89,58.0,14.25B,No,64.27,62.4,64.27,63.31,63.58,498
1352,TRANSFD.BO,415.0,410.0,0.15K,Consumer Non-Durables,Food: Specialty/Candy,62.0,54.0,13.0,21.0,12.9357,7.9679,0.05K,0.09K,570.0,232.05,60.13M,No,403.9,444.34,447.1,430.9,458.09,495
1353,MNIL.BO,37.37,35.79,20.14K,Finance,Real Estate Development,62.0,94.0,32.0,23.0,4.35,4.3257,8.45K,20.20K,54.0,20.01,958.45M,No,33.77,32.81,38.28,33.27,37.82,495
1354,CREDITACC.NS,1409.6,1424.2,188.40K,Finance,Finance/Rental/Leasing,62.0,24.0,57.0,61.0,44.5143,43.3071,360.01K,230.76K,1634.0,1113.0,225.90B,No,1440.99,1499.83,1346.81,1482.66,1363.13,498
1355,KVTOYS.BO,293.7,300.95,16.80K,Consumer Durables,Recreational Products,62.0,79.0,76.0,63.0,14.1964,12.7571,11.96K,12.06K,363.9,180.0,1.84B,No,274.11,286.21,,284.01,262.35,187
1356,BANKA.NS,77.86,81.78,2.70K,Industrial Services,Environmental Services,62.0,40.0,20.0,83.0,4.395,4.2536,4.36K,5.55K,97.88,41.0,850.42M,No,78.85,84.83,73.74,83.38,77.14,496
1357,JUSTDIAL.NS,661.85,665.55,149.64K,Technology Services,Internet Software/Services,62.0,52.0,82.0,67.0,23.0179,21.5857,1822.68K,360.60K,878.6,480.5,56.29B,No,677.13,686.9,622.69,697.61,588.96,498
1358,INDOBELL.BO,71.81,72.26,6.75K,Non-Energy Minerals,Construction Materials,62.0,48.0,88.0,68.0,3.8707,2.6464,15.23K,18.30K,118.95,44.75,452.40M,No,75.81,72.37,64.75,74.68,66.39,415
1359,MAGADSUGAR.NS,520.15,543.8,18.12K,Process Industries,Agricultural Commodities/Milling,62.0,44.0,74.0,60.0,27.225,26.3679,45.70K,38.22K,634.95,417.0,7.33B,No,570.99,534.92,486.89,535.22,495.98,497
1360,GODREJIND.NS,1104.0,1126.8,51.24K,Process Industries,Agricultural Commodities/Milling,62.0,12.0,58.0,65.0,35.8071,34.8643,192.97K,100.48K,1443.0,744.2,371.88B,No,1165.26,1252.02,1069.05,1234.03,1096.49,498
1361,WESTLIFE.NS,556.1,569.6,84.07K,Consumer Services,Restaurants,62.0,38.0,78.0,62.0,22.6607,22.525,279.43K,814.58K,763.8,398.4,86.32B,No,565.1,535.92,502.72,540.33,493.88,497
1362,HAMPS.BO,25.5,25.5,16.00K,Health Technology,Pharmaceuticals: Major,62.0,70.0,45.0,79.0,0.4493,0.1629,3.94K,3.11K,28.82,13.36,222.16M,No,24.59,24.86,22.52,25.08,23.93,431
1363,TATACAP.NS,353.35,362.9,1237.14K,Finance,Finance/Rental/Leasing,62.0,48.0,62.0,53.0,7.5321,7.0857,2709.84K,760.74K,390.2,296.0,1489.97B,No,366.91,361.98,339.75,362.8,339.68,232
1364,KILITCH.NS,190.2,185.97,28.65K,Health Technology,Pharmaceuticals: Major,62.0,59.0,59.0,65.0,7.8543,7.8093,53.17K,24.33K,219.5,117.25,6.65B,No,173.97,180.7,169.59,181.52,169.37,497
1365,GUJTERC.BO,41.0,41.5,0.01K,Health Technology,Pharmaceuticals: Major,62.0,84.0,77.0,50.0,3.2036,3.1164,4.19K,2.73K,59.78,29.0,319.44M,No,38.76,37.3,38.94,38.86,36.71,495
1366,GNFC.NS,540.6,562.4,486.11K,Process Industries,Chemicals: Specialty,62.0,39.0,55.0,69.0,15.2143,13.7714,585.16K,733.41K,619.0,365.0,79.44B,No,582.85,546.17,495.69,548.3,500.59,499
1367,GILLANDERS.NS,102.91,103.58,3.73K,Consumer Non-Durables,Food: Major Diversified,62.0,89.0,73.0,67.0,6.0607,6.06,7.44K,4.89K,129.4,76.0,2.20B,No,101.03,93.93,93.93,95.92,92.02,497
1368,REPONO.BO,75.39,78.9,13.20K,Transportation,Other Transportation,62.0,21.0,84.0,74.0,3.1871,2.9421,50.40K,15.24K,107.0,43.06,774.95M,No,81.76,80.82,69.15,79.56,70.15,277
1369,ALTIUSINVIT.BO,170.51,175.0,2325.00K,Miscellaneous,Investment Trusts,62.0,59.0,52.0,52.0,2.7329,1.6257,15742.46K,81519.44K,180.0,142.0,519.61B,No,174.26,172.13,162.9,172.66,166.73,497
1370,ASAHIINDIA.NS,958.8,985.8,181.95K,Consumer Durables,Home Furnishings,62.0,78.0,66.0,53.0,22.5071,22.5071,175.01K,164.42K,1074.0,775.1,244.42B,No,957.96,920.07,910.72,930.29,881.22,498
1371,CHEVIOT.NS,1172.3,1207.8,1.30K,Process Industries,Textiles,62.0,65.0,65.0,63.0,33.8214,30.1643,3.86K,2.55K,1370.5,898.0,6.85B,No,1162.57,1150.78,1093.28,1156.31,1109.18,498
1372,LTF.NS,296.8,309.1,3856.82K,Finance,Finance/Rental/Leasing,62.0,47.0,55.0,54.0,8.5571,8.0714,5725.23K,4150.11K,338.6,234.9,743.79B,No,314.41,313.76,293.96,308.93,290.36,499
1373,HIGHENE.BO,601.95,594.1,20.82K,Producer Manufacturing,Electrical Products,62.0,73.0,75.0,53.0,26.8929,26.825,11.34K,10.51K,675.0,470.0,5.40B,No,590.76,588.56,565.1,594.58,568.97,495
1374,VIPPYSP.BO,182.4,186.9,0.53K,Process Industries,Textiles,62.0,68.0,57.0,57.0,11.5929,9.3679,0.71K,0.28K,201.6,130.6,1.07B,No,184.37,176.49,165.63,176.58,167.41,494
1375,JASH.NS,496.1,514.05,94.63K,Producer Manufacturing,Industrial Machinery,62.0,69.0,49.0,77.0,17.95,15.3893,185.21K,178.42K,572.85,327.1,31.21B,No,485.41,498.73,437.81,496.06,447.45,496
1376,BENARAS.NS,11001.0,11085.0,0.25K,Consumer Services,Hotels/Resorts/Cruise Lines,62.0,,,,354.1429,348.6429,0.13K,0.16K,11499.0,9965.0,14.30B,No,10332.3,,,,,20
1377,CGPOWER.NS,858.0,909.0,3473.82K,Producer Manufacturing,Electrical Products,62.0,45.0,31.0,61.0,26.3,24.2679,3812.56K,2703.30K,980.9,525.5,1351.74B,No,889.4,888.44,783.46,881.93,840.13,499
1378,LODHA.NS,1064.8,1116.9,1479.74K,Finance,Real Estate Development,61.0,9.0,76.0,63.0,46.7929,44.3786,2613.46K,1775.64K,1344.95,650.8,1063.97B,No,1213.09,1206.25,1018.41,1195.91,996.93,498
1379,KIRANPR.BO,29.0,29.0,0.00K,Commercial Services,Commercial Printing/Forms,61.0,55.0,48.0,47.0,0.0,0.0,0.02K,0.02K,30.98,20.75,145.08M,No,29.0,29.54,27.5,29.43,28.24,495
1380,VARDHACRLC.NS,43.25,44.06,42.07K,Consumer Non-Durables,Apparel/Footwear,61.0,54.0,43.0,71.0,1.3571,1.3164,34.93K,32.19K,48.55,27.01,3.48B,No,43.98,44.17,39.92,43.94,40.59,498
1381,GEECEE.NS,350.1,364.55,2.01K,Finance,Real Estate Development,61.0,32.0,68.0,71.0,11.1321,11.1321,4.52K,2.60K,390.0,215.85,7.32B,No,366.86,358.12,322.34,358.1,321.52,497
1382,WIPL.NS,168.72,169.58,0.47K,Non-Energy Minerals,Forest Products,61.0,65.0,70.0,55.0,5.0536,4.6971,3.44K,0.81K,193.2,133.1,1.43B,No,166.18,167.77,156.9,167.56,160.08,496
1383,GFLLIMITED.NS,54.69,58.27,88.31K,Consumer Services,Movies/Entertainment,61.0,78.0,77.0,68.0,3.1107,3.0871,91.28K,191.97K,81.0,37.25,6.00B,No,56.18,50.73,49.65,52.45,47.85,496
1384,SUPRAJIT.NS,480.05,488.9,113.38K,Producer Manufacturing,Auto Parts: Oem,61.0,23.0,61.0,58.0,14.5929,14.2357,142.92K,80.90K,559.25,389.95,65.85B,No,498.46,501.45,457.04,498.45,459.72,498
1385,20MICRONS.NS,201.29,207.86,111.27K,Process Industries,Chemicals: Specialty,61.0,83.0,65.0,65.0,9.875,9.8007,319.14K,159.35K,237.45,129.61,7.10B,No,211.28,203.33,186.82,203.91,185.31,497
1386,RAINBOW.NS,1453.7,1444.9,72.37K,Health Services,Hospital/Nursing Management,61.0,62.0,57.0,67.0,34.1714,33.6571,95.24K,90.45K,1610.0,1084.0,147.48B,No,1448.16,1476.83,1328.25,1471.69,1351.99,497
1387,ASTERDM.NS,741.25,763.05,1030.66K,Health Services,Hospital/Nursing Management,61.0,18.0,38.0,56.0,17.7464,17.6607,2299.61K,1252.62K,891.3,519.1,646.13B,No,771.73,799.32,702.48,791.98,745.79,498
1388,PHOENIXLTD.NS,1833.6,1890.0,366.86K,Finance,Real Estate Development,61.0,48.0,49.0,60.0,43.5786,43.2929,634.06K,451.47K,2169.8,1465.6,655.84B,No,1911.12,1964.79,1810.12,1927.79,1812.75,497
1389,RICOAUTO.NS,128.58,134.17,643.51K,Producer Manufacturing,Auto Parts: Oem,61.0,50.0,45.0,58.0,4.7107,4.6879,2350.07K,934.48K,157.99,78.92,17.39B,No,130.01,134.21,124.94,134.44,126.03,499
1390,TECHM.NS,1575.9,1541.0,2576.73K,Technology Services,Information Technology Services,61.0,46.0,69.0,61.0,44.6,38.8429,2586.34K,1806.34K,1854.0,1304.1,1396.09B,No,1584.82,1580.64,1518.13,1599.02,1479.26,499
1391,CONCORD.BO,79.47,79.67,6.71K,Health Technology,Pharmaceuticals: Major,61.0,86.0,45.0,45.0,4.595,4.4943,5.58K,3.60K,92.52,61.0,1.05B,No,77.89,74.24,78.09,75.43,77.07,495
1392,LAXMIINDIA.NS,121.59,129.07,330.86K,Finance,Finance/Rental/Leasing,61.0,51.0,66.0,79.0,6.965,6.9379,160.05K,315.27K,180.9,71.06,6.37B,No,128.3,125.5,112.83,126.45,111.85,277
1393,VASUPRADA.NS,103.0,103.0,0.05K,Consumer Non-Durables,Food: Specialty/Candy,61.0,,,,1.7114,0.3393,0.16K,0.04K,111.38,94.0,,No,99.32,,,,,20
1394,SANATHAN.NS,461.4,472.1,58.34K,Process Industries,Textiles,61.0,52.0,75.0,53.0,20.4286,19.7286,67.41K,157.76K,546.2,352.6,38.94B,No,457.76,463.78,435.51,465.27,434.91,428
1395,MISHKA.BO,42.9,43.0,1.89K,Distribution Services,Wholesale Distributors,61.0,61.0,64.0,47.0,1.0929,1.0107,1.25K,1.68K,50.0,32.05,619.91M,No,43.0,42.22,41.59,42.88,41.38,495
1396,KIMS.NS,766.85,768.95,493.21K,Health Services,Hospital/Nursing Management,61.0,40.0,51.0,56.0,19.7464,19.4107,574.44K,436.04K,858.0,575.8,306.85B,No,771.78,791.29,715.36,787.91,746.44,498
1397,SKYIND.BO,94.26,96.1,1.76K,Process Industries,Textiles,61.0,78.0,65.0,52.0,4.9429,4.9057,8.16K,2.58K,136.0,63.06,748.85M,No,94.06,95.87,88.65,95.36,88.52,495
1398,ONEINDIG.BO,135.0,134.3,7.20K,Industrial Services,Engineering & Construction,61.0,8.0,,,5.9979,4.3764,91.82K,14.28K,157.9,120.0,1.47B,No,138.41,,,,,28
1399,HARSHA.NS,424.7,445.0,103.10K,Producer Manufacturing,Metal Fabrication,61.0,74.0,55.0,64.0,16.0679,16.0214,182.87K,199.05K,470.95,313.3,38.67B,No,442.72,426.45,394.25,426.57,400.25,497
1400,HCG.NS,678.3,693.9,69.86K,Health Services,Hospital/Nursing Management,61.0,35.0,67.0,62.0,25.9357,25.75,197.53K,165.88K,804.65,513.3,101.27B,No,709.53,689.23,634.54,687.84,625.01,498
1401,LXCHEM.NS,167.83,175.56,901.05K,Process Industries,Chemicals: Specialty,61.0,46.0,68.0,77.0,7.3164,7.2229,1572.37K,1259.81K,225.25,107.6,46.64B,No,172.82,173.94,154.5,174.42,151.96,498
1402,UPHOT.NS,1550.0,1499.0,0.01K,Consumer Services,Hotels/Resorts/Cruise Lines,61.0,,,,43.9572,38.0929,0.11K,0.19K,1550.0,1320.0,,No,1421.0,,,,,20
1403,UNIFIED.BO,372.3,379.4,29.60K,Technology Services,Information Technology Services,61.0,57.0,55.0,56.0,13.025,12.3321,26.02K,59.36K,495.0,284.0,7.48B,No,373.99,371.53,368.75,373.52,368.82,324
1404,DEVYANI.NS,136.22,137.97,2125.39K,Consumer Services,Restaurants,61.0,55.0,82.0,67.0,5.035,5.025,4719.56K,1504.87K,183.98,91.55,167.95B,No,141.67,128.28,122.7,131.48,118.81,498
1405,REFEXRENEW.BO,344.1,340.7,1.49K,Industrial Services,Engineering & Construction,61.0,75.0,74.0,78.0,0.7179,0.0,0.34K,0.06K,789.0,209.05,1.55B,No,336.38,326.68,296.7,329.27,302.77,497
1406,PNGJL.NS,611.6,613.2,655.05K,Retail Trade,Specialty Stores,61.0,61.0,70.0,49.0,19.4143,19.2036,567.66K,609.00K,736.4,503.0,90.03B,No,604.38,617.15,593.11,619.73,596.39,498
1407,NICCOPAR.NS,80.51,83.0,1.41K,Consumer Services,Movies/Entertainment,61.0,,,,5.8286,5.6664,23.03K,40.62K,98.99,72.0,3.77B,No,81.63,,,,,20
1408,SHARDAMOTR.NS,933.15,943.75,147.92K,Producer Manufacturing,Auto Parts: Oem,61.0,77.0,76.0,57.0,27.9607,27.9072,64.36K,59.33K,1189.9,700.0,53.57B,No,903.05,885.36,876.01,895.7,856.17,497
1409,CONCORDBIO.NS,1473.0,1505.7,97.03K,Commercial Services,Miscellaneous Commercial Services,61.0,65.0,65.0,67.0,52.9,51.4214,162.30K,149.04K,1704.0,987.0,154.10B,No,1500.76,1407.29,1264.36,1427.66,1252.58,498
1410,PARADEEP.NS,149.34,155.96,2126.42K,Process Industries,Chemicals: Agricultural,61.0,66.0,77.0,77.0,6.1264,5.7814,8062.75K,3713.19K,201.99,99.7,155.09B,No,155.31,148.41,136.18,149.76,133.16,498
1411,SCI.NS,269.05,280.6,1966.32K,Transportation,Air Freight/Couriers,61.0,26.0,22.0,55.0,9.2071,8.7643,3066.74K,1966.10K,368.75,195.55,125.32B,No,289.49,288.03,268.78,287.99,284.86,499
1412,FAALCON.BO,43.05,41.0,24.00K,Industrial Services,Engineering & Construction,61.0,74.0,80.0,43.0,2.0721,1.1186,20.35K,16.00K,62.22,27.75,419.53M,No,40.68,40.0,38.86,40.58,37.85,496
1413,HERITGFOOD.NS,393.85,417.4,572.71K,Consumer Non-Durables,Food: Meat/Fish/Dairy,61.0,82.0,82.0,71.0,17.2929,17.2393,547.77K,1464.15K,540.0,292.55,36.55B,No,378.57,354.69,365.28,366.15,341.65,498
1414,ALKYLAMINE.NS,1775.7,1867.5,85.64K,Process Industries,Chemicals: Specialty,61.0,28.0,47.0,74.0,65.2429,64.7714,127.37K,78.49K,2116.8,1212.0,90.82B,No,1978.41,1910.51,1661.42,1897.75,1689.21,498
1415,SIGNPOST.NS,264.65,276.25,57.01K,Commercial Services,Advertising/Marketing Services,60.0,56.0,59.0,58.0,14.2357,14.075,672.97K,568.66K,336.8,191.41,14.15B,No,261.28,281.97,252.83,276.47,266.68,497
1416,GODREJAGRO.NS,645.3,675.85,210.48K,Process Industries,Agricultural Commodities/Milling,60.0,88.0,74.0,51.0,29.3643,27.1714,430.75K,1581.70K,740.0,506.1,124.16B,No,626.7,588.87,581.48,597.14,586.73,498
1417,SENINFO.BO,44.06,41.97,0.09K,Technology Services,Information Technology Services,60.0,75.0,76.0,81.0,0.1493,0.0,0.10K,0.01K,63.44,28.44,222.50M,No,42.07,40.9,40.22,41.38,37.23,498
1418,SIMPLXREA.NS,132.27,137.0,0.17K,Consumer Durables,Homebuilding,60.0,,,,6.4564,5.15,0.11K,0.10K,149.98,116.1,,No,,,,,,19
1419,JAYAGROGN.NS,227.39,244.13,34.95K,Process Industries,Agricultural Commodities/Milling,60.0,63.0,60.0,67.0,13.6121,13.51,20.30K,62.07K,265.0,147.26,6.82B,No,230.76,224.71,204.23,226.11,209.14,496
1420,CONART.BO,93.36,94.59,4.01K,Industrial Services,Engineering & Construction,60.0,34.0,43.0,82.0,5.8436,5.6393,8.89K,9.94K,119.0,60.0,586.30M,No,96.82,94.19,89.09,95.2,89.29,496
1421,UVDRHOR.BO,38.0,39.22,15.15K,Producer Manufacturing,Industrial Machinery,60.0,79.0,45.0,54.0,2.1564,2.09,4.08K,6.43K,62.69,28.1,2.62B,No,36.28,35.59,37.59,36.27,36.8,497
1422,OML.BO,27.36,28.79,9.60K,Industrial Services,Environmental Services,60.0,8.0,76.0,91.0,1.2029,0.6843,14.83K,7.68K,85.0,13.75,215.11M,No,29.27,30.93,24.2,30.68,24.11,235
1423,CLN.BO,440.0,456.4,5.40K,Producer Manufacturing,Electrical Products,60.0,6.0,69.0,78.0,20.5464,16.9821,3.75K,2.60K,598.95,260.0,4.64B,No,532.63,515.12,417.53,508.08,422.85,402
1424,RPSGVENT.NS,829.35,831.8,38.75K,Finance,Financial Conglomerates,60.0,25.0,36.0,76.0,26.1143,25.7179,28.70K,36.54K,1179.0,551.9,27.44B,No,852.82,886.88,824.15,875.07,861.58,498
1425,SCANPRO.BO,113.9,116.75,0.15K,Industrial Services,Engineering & Construction,60.0,36.0,37.0,74.0,5.3393,4.3679,0.59K,0.50K,140.9,72.0,327.27M,No,122.49,114.93,107.94,116.85,118.0,495
1426,POLYMED.NS,1704.6,1738.5,49.16K,Health Technology,Medical Specialties,60.0,41.0,74.0,70.0,60.6786,60.2143,154.96K,208.76K,2107.8,1182.0,172.78B,No,1739.33,1719.67,1580.93,1712.45,1542.29,499
1427,UNIDT.NS,216.49,230.95,42.89K,Industrial Services,Oilfield Services/Equipment,60.0,43.0,36.0,64.0,12.2179,11.9507,9.17K,22.86K,254.97,146.0,4.40B,No,223.33,225.76,206.59,224.41,210.5,496
1428,INTEGSW.BO,160.0,156.0,0.26K,Producer Manufacturing,Electrical Products,60.0,48.0,65.0,57.0,1.7571,1.1143,0.08K,0.03K,168.25,102.6,461.06M,No,160.51,159.05,144.18,159.85,151.26,498
1429,CNCRD.BO,2378.2,2405.45,3.10K,Electronic Technology,Electronic Equipment/Instruments,60.0,52.0,17.0,50.0,127.0821,121.9893,6.96K,8.14K,3069.85,1469.38,24.69B,No,2309.03,2475.47,2490.01,2406.55,2486.4,496
1430,CRISIL.NS,4596.9,4697.8999,45.90K,Technology Services,Internet Software/Services,60.0,69.0,75.0,48.0,126.7357,123.35,62.91K,55.97K,5115.0,3686.0,336.17B,No,4650.27,4464.23,4321.2,4537.96,4239.67,499
1431,JAMNAAUTO.NS,129.06,135.46,3183.90K,Producer Manufacturing,Auto Parts: Oem,60.0,68.0,59.0,43.0,4.3843,3.9871,2222.96K,2242.82K,152.6,89.74,51.60B,No,123.49,129.59,126.8,129.08,127.03,498
1432,PINELABS.NS,193.8,202.17,62779.02K,Technology Services,Packaged Software,60.0,89.0,86.0,56.0,9.615,9.3679,26376.23K,49359.74K,284.0,134.73,223.62B,No,167.24,158.45,183.59,164.14,165.05,210
1433,PARSHVA.BO,188.5,183.6,0.07K,Distribution Services,Wholesale Distributors,60.0,83.0,65.0,57.0,3.0071,2.2857,0.07K,0.01K,379.0,142.0,1.92B,No,178.05,175.24,171.03,175.32,172.52,495
1434,BRIGADE.NS,612.25,638.65,201.82K,Finance,Real Estate Development,60.0,72.0,79.0,66.0,31.9036,31.2179,877.23K,1035.75K,802.01,450.75,199.69B,No,645.29,595.94,572.96,607.44,554.14,498
1435,TATAINVEST.NS,718.35,650.9,24516.31K,Finance,Investment Banks/Brokers,60.0,79.0,66.0,59.0,21.3822,17.5393,436.79K,985.71K,1184.7,538.85,363.45B,No,643.58,658.77,666.34,662.31,663.99,499
1436,SHRINGARMS.NS,211.05,217.27,157.93K,Consumer Durables,Other Consumer Specialties,60.0,37.0,49.0,43.0,5.7143,5.6593,640.65K,307.07K,266.5,166.0,20.35B,No,220.3,223.84,216.87,222.06,212.3,248
1437,PSPLATINA.BO,1098000.0,1098000.0,0.00K,Miscellaneous,Investment Trusts,60.0,57.0,57.0,48.0,6142.8571,1928.5714,,0.00K,1105000.0,985001.0,3.69B,No,1098350.05,1090190.02,1053367.85,1090850.1,1062920.0,439
1438,BAGMANE.BO,109.86,108.87,165.66K,Finance,Real Estate Investment Trusts,60.0,67.0,66.0,,1.4264,1.4214,106.16K,20.91K,110.5,102.0,373.52B,No,107.12,106.16,,106.88,,88
1439,WSFX.BO,64.31,62.95,5.87K,Commercial Services,Miscellaneous Commercial Services,60.0,22.0,61.0,47.0,2.7743,2.6814,2.12K,2.30K,76.86,53.8,815.03M,No,64.32,64.44,62.33,64.58,62.6,495
1440,ASSOCIATED.BO,111.0,111.0,0.50K,Process Industries,Industrial Specialties,60.0,81.0,64.0,57.0,0.0,0.0,0.52K,0.52K,129.99,72.0,150.07M,No,108.4,101.54,101.51,103.15,100.42,497
1441,GRINDWELL.NS,1825.9,1885.8,25.74K,Process Industries,Industrial Specialties,60.0,7.0,27.0,64.0,56.0929,53.8429,70.81K,18.10K,2455.0,1329.0,202.16B,No,1998.95,2050.87,1769.35,2031.15,1838.49,497
1442,HOCL.BO,36.06,36.87,47.57K,Process Industries,Chemicals: Specialty,60.0,46.0,40.0,68.0,1.2943,1.2936,42.20K,40.70K,46.6,21.05,2.42B,No,37.1,37.59,33.61,37.44,34.66,495
1443,ICICIAMC.NS,3065.0,3041.5,840.14K,Finance,Investment Managers,60.0,56.0,40.0,41.0,78.5642,70.8714,554.03K,450.35K,3611.0,2530.0,1514.90B,No,3102.05,3113.22,,3108.17,3161.35,185
1444,IIFLCAPS.NS,336.5,339.05,305.46K,Finance,Investment Banks/Brokers,60.0,63.0,50.0,56.0,4.3143,4.2786,392.30K,435.30K,411.3,240.4,106.06B,No,336.5,336.9,328.17,336.99,323.45,497
1445,ELECTHERM.NS,945.35,956.3,16.11K,Non-Energy Minerals,Steel,60.0,32.0,15.0,83.0,30.625,30.475,30.71K,31.90K,1277.0,551.0,12.05B,No,1000.58,1028.97,872.22,1001.75,887.09,497
1446,CSURGSU.BO,97.05,97.05,0.10K,Health Technology,Medical Specialties,60.0,86.0,84.0,45.0,4.1179,2.2264,0.15K,0.20K,124.9,73.04,354.07M,No,93.23,86.17,90.48,88.71,87.95,496
1447,PODDARMENT.NS,270.1,279.85,22.47K,Process Industries,Industrial Specialties,60.0,65.0,62.0,67.0,18.3036,16.6357,12.85K,46.83K,333.4,201.1,2.87B,No,261.86,255.88,249.9,258.03,247.59,496
1448,LTFOODS.NS,421.05,438.1,376.66K,Process Industries,Agricultural Commodities/Milling,60.0,62.0,71.0,53.0,14.0,13.8964,1353.92K,640.62K,490.7,333.15,146.21B,No,440.97,414.47,399.24,418.71,403.94,499
1449,GREENPLY.NS,280.1,290.25,133.63K,Producer Manufacturing,Building Products,60.0,55.0,41.0,81.0,9.8571,9.5714,204.85K,188.91K,334.4,176.42,34.99B,No,290.27,296.77,259.56,292.04,263.69,498
1450,RAMCOIND.NS,318.4,322.25,83.19K,Non-Energy Minerals,Construction Materials,60.0,15.0,68.0,60.0,9.3679,9.1857,1083.37K,113.94K,398.05,230.65,27.65B,No,333.81,342.56,306.87,335.22,302.84,498
1451,SGIL.NS,590.9,592.2,16.57K,Non-Energy Minerals,Steel,60.0,83.0,62.0,62.0,21.2679,21.2679,11.79K,8.31K,630.2,420.0,9.18B,No,585.29,590.26,545.13,591.94,555.16,496
1452,MUTHOOTMF.NS,187.61,196.48,333.36K,Finance,Finance/Rental/Leasing,59.0,18.0,30.0,63.0,8.0271,8.005,891.51K,307.12K,262.77,141.2,31.47B,No,204.29,221.6,191.12,216.68,193.44,497
1453,MTL.BO,110.0,108.0,14.40K,Retail Trade,Electronics/Appliance Stores,59.0,92.0,78.0,,2.9886,2.6286,17.58K,16.67K,127.26,76.0,1.15B,No,104.28,95.62,,97.94,,102
1454,LGBBROSLTD.NS,1703.2,1711.0,21.28K,Producer Manufacturing,Electrical Products,59.0,79.0,70.0,19.0,42.7786,42.4357,24.81K,28.18K,2048.0,1314.9,54.33B,No,1671.62,1603.93,1708.67,1624.07,1657.37,498
1455,OILCOUNTUB.NS,62.4,61.2,14.79K,Industrial Services,Oilfield Services/Equipment,59.0,73.0,69.0,76.0,2.2729,1.6664,32.62K,45.73K,83.6,35.65,3.51B,No,61.61,58.92,55.48,59.49,55.23,497
1456,TUTIALKA.NS,59.78,59.19,6.63K,Process Industries,Chemicals: Specialty,59.0,,,,3.5414,3.4536,15.17K,14.48K,62.9,52.0,7.28B,No,58.08,,,,,20
1457,MRPL.NS,166.81,175.86,8732.30K,Energy Minerals,Oil Refining/Marketing,59.0,51.0,55.0,19.0,7.6536,7.6371,14508.67K,14322.70K,212.31,126.1,292.35B,No,174.29,170.01,167.03,171.46,170.23,499
1458,BECTORFOOD.NS,223.4,242.5,2295.49K,Consumer Non-Durables,Food: Specialty/Candy,59.0,30.0,81.0,64.0,10.3643,10.045,5710.31K,1310.04K,279.9,165.0,68.52B,No,241.84,218.82,209.9,224.61,198.9,498
1459,EMERALD.BO,65.11,64.03,42.10K,Finance,Regional Banks,59.0,95.0,80.0,69.0,4.2243,4.1014,50.28K,82.50K,97.0,45.23,2.25B,No,54.73,53.95,61.91,54.81,56.94,495
1460,DENORA.NS,812.95,798.45,2.68K,Electronic Technology,Electronic Equipment/Instruments,59.0,44.0,53.0,61.0,28.6,28.6,9.93K,3.12K,960.35,559.0,4.32B,No,821.29,854.76,750.54,844.05,794.4,497
1461,SARLAPOLY.NS,96.7,100.22,102.41K,Process Industries,Textiles,59.0,41.0,49.0,65.0,3.2864,3.2793,74.21K,70.35K,111.0,68.4,7.69B,No,100.52,101.0,91.67,99.58,93.63,498
1462,DUROPACK.BO,66.05,67.33,0.63K,Process Industries,Industrial Specialties,59.0,76.0,71.0,71.0,6.7721,6.6114,0.67K,1.39K,84.9,40.05,348.23M,No,66.8,61.67,57.86,63.08,55.59,495
1463,CHOWGULSTM.BO,22.28,21.77,2.42K,Transportation,Marine Shipping,59.0,52.0,66.0,62.0,1.305,1.2693,5.53K,4.47K,28.99,17.0,808.95M,No,22.3,22.46,21.58,22.27,22.02,495
1464,TVSSCS.NS,127.16,130.49,527.92K,Transportation,Air Freight/Couriers,59.0,60.0,39.0,64.0,5.1636,4.9643,1474.33K,898.37K,146.5,90.32,56.11B,No,127.33,131.83,117.58,130.2,122.43,497
1465,STEP2COR.BO,28.45,29.92,0.08K,Finance,Investment Banks/Brokers,59.0,93.0,75.0,45.0,1.6093,0.7207,1.21K,3.95K,36.95,19.86,277.24M,No,26.35,23.58,28.31,24.43,27.59,497
1466,ULTRAMAR.NS,416.2,428.55,39.35K,Process Industries,Chemicals: Specialty,59.0,73.0,71.0,,18.35,17.15,83.08K,116.51K,455.75,364.1,12.15B,No,423.51,401.49,,406.66,,103
1467,ZFCVINDIA.NS,2511.5,2548.2,78.07K,Producer Manufacturing,Auto Parts: Oem,59.0,44.0,52.0,51.0,67.05,65.7357,170.34K,64.30K,3044.0,2050.33,285.82B,No,2574.17,2490.86,2453.8,2526.43,2458.05,498
1468,BAJFINANCE.NS,1009.2,1034.5,5789.65K,Finance,Finance/Rental/Leasing,59.0,29.0,63.0,56.0,20.0071,18.7214,7913.93K,5638.27K,1176.4,787.9,6278.15B,No,1064.69,1066.95,977.62,1065.44,971.35,499
1469,SIHORA.BO,61.35,58.51,4.00K,Process Industries,Textiles,59.0,66.0,62.0,55.0,1.065,0.3729,1.59K,0.80K,70.0,50.1,326.84M,No,61.7,60.1,59.35,60.34,59.8,227
1470,RDBRL.BO,166.3,168.45,3.79K,Process Industries,Containers/Packaging,59.0,66.0,70.0,37.0,6.6714,6.6714,12.78K,6.59K,192.0,138.25,2.95B,No,168.68,165.01,163.75,166.9,161.43,495
1471,HALDER.NS,265.9,276.15,20.91K,Distribution Services,Food Distributors,59.0,12.0,75.0,38.0,19.6664,19.6664,25.74K,25.59K,319.0,210.0,3.31B,No,289.86,263.97,,271.13,252.42,164
1472,TAINWALCHM.NS,205.0,207.79,6.23K,Process Industries,Containers/Packaging,59.0,64.0,59.0,41.0,7.0514,7.0514,11.98K,2.13K,257.0,155.0,1.92B,No,212.29,208.57,195.5,208.41,199.97,496
1473,JDCABLES.BO,190.0,192.7,60.80K,Producer Manufacturing,Electrical Products,59.0,22.0,49.0,55.0,8.7,8.5464,77.85K,75.36K,254.35,130.0,4.28B,No,207.08,217.17,200.85,209.52,203.39,241
1474,SWRNASE.BO,84.84,89.3,0.00K,Finance,Financial Conglomerates,59.0,40.0,45.0,35.0,1.5864,0.8729,0.10K,0.02K,105.0,55.6,254.52M,No,88.48,90.67,83.94,89.73,85.63,494
1475,MOL.NS,58.86,62.52,828.27K,Process Industries,Chemicals: Specialty,59.0,66.0,79.0,72.0,3.2279,3.2121,1985.87K,2145.83K,87.75,36.5,14.97B,No,63.02,56.79,54.46,58.03,51.89,498
1476,OMFREIGHT.NS,86.51,89.12,3.93K,Transportation,Air Freight/Couriers,59.0,15.0,62.0,54.0,3.7464,3.7021,58.29K,6.55K,114.33,58.95,2.91B,No,90.31,91.65,87.63,90.98,85.3,234
1477,GYFTR.NS,178.62,175.73,26.81K,Finance,Investment Banks/Brokers,59.0,83.0,,,9.8414,9.8414,76.06K,121.50K,193.9,139.69,13.72B,No,172.38,,,166.01,,47
1478,SURJIND.BO,57.1,58.48,3.63K,Process Industries,Agricultural Commodities/Milling,59.0,80.0,44.0,62.0,3.5364,3.4571,9.18K,7.22K,84.5,38.1,4.98B,No,60.68,57.07,50.84,57.77,52.99,495
1479,EMSLIMITED.NS,373.95,383.1,200.79K,Industrial Services,Engineering & Construction,59.0,66.0,81.0,80.0,13.2143,12.3,1243.91K,1079.22K,589.9,256.05,20.77B,No,382.81,398.66,363.77,391.12,352.13,498
1480,ADVLIFE.BO,27.23,27.23,0.00K,Producer Manufacturing,Industrial Machinery,59.0,5.0,38.0,53.0,0.4893,0.295,0.72K,0.13K,34.0,20.05,169.53M,No,28.03,29.59,27.18,29.42,28.63,495
1481,AXENTRA.BO,298.6,301.6,0.00K,Finance,Real Estate Development,59.0,49.0,28.0,13.0,0.6464,0.0,0.07K,0.01K,371.85,175.85,5.88B,No,304.92,310.36,342.22,308.64,333.18,498
1482,NESTLEIND.NS,1362.0,1383.3,1596.67K,Consumer Non-Durables,Food: Major Diversified,59.0,21.0,48.0,53.0,30.2929,29.1571,1917.29K,1234.47K,1553.0,1145.0,2626.36B,No,1433.91,1461.05,1357.25,1450.69,1383.26,499
1483,SINGERIND.NS,74.98,76.16,66.64K,Consumer Durables,Electronics/Appliances,59.0,18.0,61.0,,4.0971,4.0971,146.62K,123.98K,91.3,57.15,,No,77.34,72.57,,73.52,,121
1484,INFORTEC.BO,81.3,89.0,0.14K,Technology Services,Information Technology Services,59.0,60.0,59.0,39.0,5.615,5.4071,0.29K,0.30K,108.0,66.65,338.95M,No,83.26,82.12,81.66,81.66,83.06,495
1485,AIKPIPES.BO,29.97,31.54,1.60K,Producer Manufacturing,Miscellaneous Manufacturing,59.0,82.0,86.0,72.0,1.1436,0.9129,2.82K,1.60K,68.5,19.02,190.70M,No,29.54,27.06,26.71,27.83,26.13,499
1486,ETHOSLTD.NS,2574.1,2635.3999,26.48K,Retail Trade,Catalog/Specialty Distribution,59.0,25.0,62.0,62.0,77.2286,75.8429,87.42K,39.36K,3245.9,1919.4,68.88B,No,2816.34,2723.39,2582.75,2704.87,2481.74,497
1487,KRISHIVAL.NS,419.5,419.95,7.46K,Process Industries,Agricultural Commodities/Milling,59.0,71.0,59.0,74.0,6.9679,6.9679,24.86K,20.30K,508.0,282.3,10.75B,No,405.63,399.89,372.89,404.81,373.22,497
1488,CRANEX.BO,78.22,81.18,3.14K,Producer Manufacturing,Trucks/Construction/Farm Machinery,59.0,7.0,44.0,65.0,4.8814,4.5593,7.74K,3.86K,114.0,56.0,627.32M,No,82.64,87.73,78.18,85.39,80.47,495
1489,VETO.NS,125.14,125.81,35.41K,Producer Manufacturing,Electrical Products,58.0,64.0,20.0,69.0,4.0229,4.0229,34.98K,23.95K,153.95,82.32,2.39B,No,125.98,124.5,113.88,124.91,116.88,498
1490,ARYAMAN.NS,632.0,635.0,0.01K,Finance,Investment Banks/Brokers,58.0,,,,20.3679,18.2893,0.24K,0.17K,674.95,570.0,7.74B,No,622.53,,,,,20
1491,KOTYARK.NS,32.49,32.19,118.67K,Process Industries,Industrial Specialties,58.0,1.0,21.0,60.0,1.7507,1.61,250.14K,156.49K,45.5,17.38,3.67B,No,33.95,35.34,31.01,35.11,35.7,498
1492,GHVINFRA.BO,280.45,286.15,1.78K,Technology Services,Data Processing Services,58.0,72.0,83.0,21.0,9.0036,9.0036,39.17K,5.89K,368.5,173.3,22.55B,No,285.95,261.75,268.21,274.41,264.47,496
1493,HINDZINC.NS,560.9,576.45,2400.07K,Non-Energy Minerals,Other Metals/Minerals,58.0,60.0,52.0,29.0,19.8143,15.9964,5001.92K,5552.09K,733.0,445.6,2369.98B,No,591.49,565.66,583.86,570.97,571.79,499
1494,CARRARO.NS,521.0,538.45,95.34K,Producer Manufacturing,Auto Parts: Oem,58.0,65.0,46.0,50.0,18.3536,18.1964,170.13K,138.48K,667.55,416.0,29.62B,No,536.81,537.66,533.13,533.7,532.04,426
1495,JHACC.BO,195.0,191.75,42.40K,Finance,Investment Banks/Brokers,58.0,79.0,79.0,49.0,10.5357,10.2607,2.70K,6.41K,242.95,146.0,2.16B,No,175.53,181.63,185.38,182.7,183.09,495
1496,RATHIST.BO,22.01,21.62,30.66K,Non-Energy Minerals,Steel,58.0,6.0,78.0,63.0,1.1343,1.1214,99.89K,79.24K,28.99,13.5,1.90B,No,24.03,24.29,22.61,24.45,21.08,495
1497,CHOICEIN.NS,740.4,759.8,180.47K,Commercial Services,Miscellaneous Commercial Services,58.0,26.0,62.0,57.0,15.6822,15.4357,799.14K,346.18K,860.5,568.7,164.94B,No,776.53,798.42,744.49,793.06,726.71,498
1498,SUMIT.NS,50.61,49.4,25.09K,Finance,Real Estate Development,58.0,60.0,85.0,81.0,3.1714,3.1407,70.86K,17.53K,104.0,31.74,2.42B,No,51.37,51.35,51.27,52.1,47.43,496
1499,DIAMONDYD.NS,1107.4,1108.4,11.21K,Consumer Non-Durables,Food: Specialty/Candy,58.0,33.0,51.0,56.0,32.5072,32.1072,40.00K,15.67K,1245.0,858.9,26.50B,No,1155.7,1163.65,1089.27,1158.28,1080.02,496
1500,MANIPALHOS.NS,701.7,717.35,588.97K,Health Services,Hospital/Nursing Management,58.0,57.0,,,28.1679,28.0393,3837.77K,1796.21K,815.0,625.45,923.00B,No,738.85,,,,,29
1501,DMCC.NS,265.5,287.55,109.99K,Process Industries,Chemicals: Major Diversified,58.0,19.0,59.0,63.0,12.7536,12.7536,100.59K,47.95K,332.9,191.35,6.62B,No,288.19,280.15,257.61,282.42,262.81,497
1502,BAJAJHIND.NS,19.71,20.94,19882.81K,Process Industries,Agricultural Commodities/Milling,58.0,87.0,52.0,62.0,1.1629,1.14,27570.30K,37455.70K,26.0,14.85,47.08B,No,21.8,19.15,18.22,19.36,18.45,499
1503,MENNPIS.NS,75.17,78.65,44.76K,Producer Manufacturing,Auto Parts: Oem,58.0,,,,4.3629,4.2064,109.41K,155.44K,85.8,69.55,,No,74.75,,,,,20
1504,JAGAJITIND.BO,157.0,149.55,15.60K,Consumer Non-Durables,Beverages: Alcoholic,58.0,9.0,73.0,56.0,7.5321,7.1429,21.51K,13.74K,241.95,116.0,7.34B,No,160.79,148.49,139.69,151.36,140.48,495
1505,MCL.NS,56.53,57.92,39.75K,Non-Energy Minerals,Other Metals/Minerals,58.0,56.0,41.0,21.0,2.7007,2.6307,49.85K,74.37K,93.2,42.0,1.53B,No,58.22,56.33,61.42,56.51,59.15,498
1506,NIRLON.NS,600.65,607.5,3.07K,Finance,Real Estate Development,58.0,43.0,46.0,,14.1536,12.9,9.23K,12.17K,657.0,543.0,54.13B,No,628.19,626.15,,620.48,,102
1507,ZENTEC.NS,1638.9,1722.6,529.88K,Technology Services,Information Technology Services,58.0,17.0,31.0,59.0,59.8071,58.6857,597.72K,355.03K,2043.7,1223.0,147.41B,No,1830.72,1791.38,1568.22,1765.02,1662.82,498
1508,KALYANI.NS,144.99,144.99,0.25K,Distribution Services,Wholesale Distributors,58.0,71.0,56.0,43.0,0.4929,0.0,0.00K,0.00K,144.99,138.09,144.99M,No,141.89,139.61,138.47,140.85,139.01,301
1509,KANCHI.NS,392.5,390.75,1.28K,Process Industries,Chemicals: Specialty,58.0,,,,20.0929,18.6964,3.56K,2.74K,435.0,359.95,1.70B,No,398.28,,,,,20
1510,SATIA.NS,66.51,68.01,106.26K,Process Industries,Pulp & Paper,58.0,82.0,80.0,51.0,2.6636,2.465,137.90K,261.59K,85.73,50.8,6.65B,No,60.72,60.09,62.26,62.0,61.23,497
1511,VITAL.NS,53.76,55.65,6.75K,Process Industries,Chemicals: Specialty,58.0,63.0,58.0,68.0,3.5279,3.5279,7.23K,19.00K,69.4,35.4,1.29B,No,53.91,51.84,53.27,52.18,52.68,496
1512,BLACKBUCK.NS,611.9,628.15,1772.31K,Technology Services,Packaged Software,58.0,79.0,72.0,48.0,20.0821,19.375,515.40K,724.79K,748.0,496.0,111.47B,No,597.25,576.6,585.8,585.89,571.7,452
1513,ERPSOFT.BO,72.0,72.0,0.07K,Technology Services,Packaged Software,58.0,70.0,71.0,78.0,1.0407,0.5314,0.13K,0.30K,110.8,42.94,285.12M,No,68.42,66.62,66.31,67.49,60.66,495
1514,NH.NS,1894.9,1869.2,249.60K,Health Services,Hospital/Nursing Management,58.0,71.0,55.0,52.0,42.95,39.75,295.21K,207.94K,2093.3,1589.0,384.85B,No,1873.59,1931.05,1858.37,1910.84,1851.06,498
1515,SIGMA.NS,44.9,44.19,139.13K,Technology Services,Packaged Software,58.0,55.0,72.0,60.0,2.1764,2.1314,296.81K,96.61K,65.5,35.46,4.61B,No,46.82,44.03,45.34,45.46,42.6,497
1516,POLICYBZR.NS,1736.0,1797.3,750.56K,Technology Services,Internet Software/Services,58.0,60.0,70.0,63.0,50.4643,46.3214,1751.55K,925.12K,1964.2,1364.0,802.21B,No,1806.3,1685.94,1651.79,1703.42,1619.35,497
1517,V2RETAIL.NS,212.12,218.0,925.31K,Retail Trade,Apparel/Footwear Retail,58.0,51.0,31.0,52.0,5.7364,5.5793,1078.67K,1081.58K,259.25,160.81,77.35B,No,219.46,220.56,215.57,218.33,214.44,498
1518,SURYALA.NS,401.0,395.25,0.04K,Process Industries,Textiles,58.0,,,,17.3964,16.3571,0.93K,1.28K,424.95,371.05,,No,394.0,,,,,20
1519,AARTECH.NS,50.83,51.99,43.35K,Commercial Services,Miscellaneous Commercial Services,58.0,60.0,82.0,68.0,2.0657,2.0657,134.19K,47.06K,64.75,33.51,1.61B,No,49.74,48.89,47.0,48.81,46.13,496
1520,KRITINUT.NS,80.78,80.52,9.66K,Process Industries,Agricultural Commodities/Milling,58.0,51.0,47.0,71.0,4.1514,4.0336,17.02K,10.96K,102.99,51.36,4.05B,No,85.06,81.71,78.16,81.8,80.28,496
1521,WORTHPERI.NS,142.83,145.82,3.58K,Process Industries,Containers/Packaging,58.0,36.0,70.0,47.0,5.9686,5.8221,19.55K,6.25K,169.8,109.0,2.25B,No,153.87,148.72,138.75,151.21,138.58,496
1522,SANGAMFIN.BO,38.0,37.75,0.73K,Finance,Finance/Rental/Leasing,58.0,6.0,42.0,31.0,1.9757,1.8814,2.13K,1.30K,50.0,25.55,1.77B,No,39.81,39.79,38.24,39.49,39.54,495
1523,YESBANK.NS,23.07,23.48,95352.55K,Finance,Major Banks,58.0,66.0,45.0,61.0,0.5379,0.5157,78632.86K,69309.08K,25.78,17.2,724.13B,No,22.55,22.9,21.86,22.86,21.9,499
1524,SAVERA.BO,161.5,163.7,0.57K,Consumer Services,Hotels/Resorts/Cruise Lines,58.0,53.0,58.0,43.0,5.8643,5.5714,4.07K,6.33K,189.9,133.0,1.93B,No,165.86,164.04,156.16,164.38,160.96,495
1525,FSL.NS,283.35,247.6,33930.63K,Commercial Services,Miscellaneous Commercial Services,57.0,77.0,77.0,71.0,9.925,9.7179,2854.71K,683.63K,379.7,202.0,195.66B,No,266.31,271.38,268.9,270.97,248.17,499
1526,GUJINTRX.BO,453.5,449.4,16.12K,Non-Energy Minerals,Steel,57.0,80.0,63.0,41.0,11.2571,10.5286,2.47K,7.84K,482.0,398.0,1.56B,No,432.29,431.62,435.55,432.91,435.61,495
1527,VELJAN.NS,1856.1,1890.0,0.59K,Producer Manufacturing,Industrial Machinery,57.0,,,,67.0714,66.9286,0.56K,0.56K,1950.0,1750.3,,No,1833.98,,,,,20
1528,TRANSCOR.NS,25.75,25.39,1.16K,Commercial Services,Miscellaneous Commercial Services,57.0,,,,1.7186,1.6893,3.51K,3.56K,27.0,21.0,,No,25.01,,,,,20
1529,RIR.NS,171.5,177.26,512.75K,Electronic Technology,Semiconductors,57.0,71.0,,,10.6343,10.2343,563.93K,1723.33K,203.83,154.0,13.65B,No,168.41,,,164.44,,43
1530,COSYN.BO,23.08,23.69,1.58K,Technology Services,Packaged Software,57.0,80.0,67.0,44.0,1.3993,1.3543,2.50K,2.21K,27.5,18.65,173.10M,No,23.02,21.62,22.1,22.26,21.53,495
1531,NUTRICIRCLE.BO,270.0,270.0,0.05K,Health Technology,Pharmaceuticals: Generic,57.0,73.0,27.0,4.0,2.8893,1.4607,0.04K,0.01K,411.4,159.55,3.00B,No,252.68,266.44,319.73,264.41,300.22,496
1532,AEGEUS.BO,136.7,143.9,40.80K,Producer Manufacturing,Industrial Machinery,57.0,,,,12.3464,11.7536,215.95K,115.92K,173.75,111.0,1.14B,No,139.27,,,,,25
1533,PERSISTENT.NS,5477.5,5516.0,812.28K,Technology Services,Information Technology Services,57.0,53.0,70.0,59.0,174.9286,158.3214,730.89K,530.62K,6599.0,4244.5,855.76B,No,5608.45,5419.71,5415.7,5516.74,5127.29,499
1534,GREAVESCOT.NS,187.13,192.25,743.10K,Producer Manufacturing,Trucks/Construction/Farm Machinery,57.0,44.0,48.0,71.0,5.3107,5.1664,2400.33K,764.05K,271.9,119.99,43.59B,No,193.8,214.53,182.32,208.89,184.21,499
1535,DIANATEA.BO,28.26,29.61,0.91K,Process Industries,Agricultural Commodities/Milling,57.0,48.0,67.0,61.0,2.2521,2.2171,12.27K,9.64K,34.75,22.75,423.65M,No,29.69,27.2,26.88,27.89,26.61,495
1536,SFL.NS,668.25,691.55,159.79K,Process Industries,Industrial Specialties,57.0,44.0,38.0,72.0,23.1607,23.1571,287.35K,451.38K,832.45,456.8,72.98B,No,661.16,713.9,614.39,699.27,630.98,498
1537,APLLTD.NS,824.75,810.95,165.47K,Health Technology,Pharmaceuticals: Major,57.0,58.0,72.0,61.0,25.0857,24.9393,129.51K,146.09K,998.0,635.8,162.12B,No,818.91,821.55,784.7,816.02,767.34,498
1538,21STCENMGM.NS,39.0,38.39,1.66K,Finance,Investment Banks/Brokers,57.0,20.0,81.0,58.0,1.1786,1.1286,6.54K,3.93K,54.47,28.25,409.50M,No,41.21,38.88,37.52,39.86,35.18,496
1539,INDOKEM.NS,611.7,613.85,3.60K,Process Industries,Industrial Specialties,57.0,,,,31.525,31.1714,3.92K,4.05K,657.0,560.0,17.06B,No,612.05,,,,,20
1540,TNPL.NS,152.39,153.27,239.81K,Process Industries,Pulp & Paper,57.0,80.0,63.0,56.0,5.6757,5.4857,283.69K,684.01K,175.75,121.51,10.55B,No,146.3,147.68,143.25,148.71,144.11,497
1541,SHOPERSTOP.NS,398.5,375.45,2755.92K,Retail Trade,Department Stores,57.0,33.0,67.0,72.0,18.7357,18.7357,142.06K,22.15K,572.0,275.95,43.92B,No,392.27,393.12,361.8,396.24,349.7,499
1542,TIGLOB.BO,186.15,179.15,9.27K,Consumer Non-Durables,Food: Major Diversified,57.0,78.0,75.0,37.0,9.1286,8.2857,0.85K,1.50K,209.7,142.3,943.35M,No,174.0,170.91,176.42,172.84,172.69,495
1543,RELIGARE.NS,247.55,256.81,583.56K,Finance,Multi-Line Insurance,57.0,76.0,58.0,57.0,8.0757,7.86,1195.75K,1623.45K,280.0,196.51,85.34B,No,241.56,249.39,237.65,246.07,236.76,497
1544,RAJKOTINV.BO,43.0,42.75,0.50K,Finance,Finance/Rental/Leasing,57.0,29.0,50.0,58.0,1.7321,1.5864,0.14K,0.15K,53.9,32.0,43.00M,No,43.21,44.66,43.24,44.2,43.62,495
1545,ONWARDTEC.NS,281.55,283.65,20.08K,Technology Services,Information Technology Services,57.0,53.0,72.0,59.0,8.875,8.7679,339.92K,35.39K,355.0,208.25,6.18B,No,285.46,286.27,275.16,286.55,266.19,496
1546,KIRLFER.NS,464.85,465.1,211.12K,Non-Energy Minerals,Steel,57.0,79.0,66.0,,11.75,11.75,239.60K,155.56K,513.0,408.0,76.70B,No,450.81,456.99,,457.52,,108
1547,IFGLEXPOR.NS,200.33,206.08,26.28K,Producer Manufacturing,Industrial Machinery,57.0,18.0,59.0,72.0,9.6043,9.58,143.55K,88.21K,338.0,119.68,14.44B,No,211.45,213.74,189.84,210.96,187.98,498
1548,BORANA.NS,303.5,313.4,56.89K,Process Industries,Textiles,57.0,38.0,43.0,6.0,13.8607,13.375,40.10K,24.32K,420.0,215.35,8.09B,No,311.28,317.68,328.65,317.91,328.84,326
1549,SOUTLAT.BO,34.43,35.13,0.03K,Finance,Financial Conglomerates,57.0,93.0,77.0,66.0,0.9971,0.4243,1.82K,0.61K,89.88,19.58,253.38M,No,33.32,29.55,33.46,29.2,29.57,495
1550,GANDHITUBE.NS,871.2,887.75,3.74K,Non-Energy Minerals,Steel,57.0,56.0,58.0,48.0,18.1464,17.925,7.87K,5.17K,1010.0,681.05,9.83B,No,894.09,884.75,832.62,883.18,860.89,496
1551,ECOPLAST.BO,485.6,497.05,0.38K,Process Industries,Containers/Packaging,57.0,76.0,65.0,60.0,27.8857,23.7536,1.44K,2.97K,554.95,370.4,2.31B,No,450.83,469.9,468.2,472.19,464.58,495
1552,FEDFINA.NS,153.51,158.53,598.57K,Finance,Finance/Rental/Leasing,57.0,66.0,39.0,63.0,5.3971,5.3843,1544.60K,872.98K,178.48,119.07,57.58B,No,157.63,155.28,148.77,155.28,148.91,499
1553,INDIGOPNTS.NS,1061.9,1089.3,62.09K,Process Industries,Industrial Specialties,57.0,35.0,63.0,70.0,38.6,37.3714,112.89K,72.25K,1345.9,708.05,50.69B,No,1143.77,1108.63,1026.63,1113.56,979.9,498
1554,KRBL.NS,397.15,421.05,697.12K,Process Industries,Agricultural Commodities/Milling,57.0,78.0,64.0,70.0,16.8286,16.0393,621.85K,513.63K,452.8,274.65,90.90B,No,419.85,385.6,364.16,391.01,360.54,497
1555,KAYA.NS,316.1,331.7,4.82K,Consumer Non-Durables,Household/Personal Care,57.0,77.0,82.0,34.0,16.7357,15.5179,35.80K,10.50K,487.9,224.01,4.80B,No,344.59,298.76,303.68,307.16,279.57,498
1556,SATTRIX.BO,310.0,310.0,0.50K,Technology Services,Information Technology Services,57.0,20.0,11.0,7.0,12.2107,10.4107,6.65K,7.70K,451.0,226.05,3.52B,No,339.47,360.2,365.39,351.86,377.0,496
1557,EMBASSY.BO,439.55,439.2,118.00K,Finance,Real Estate Investment Trusts,57.0,52.0,57.0,47.0,4.3679,4.3043,165.68K,172.64K,461.99,400.28,416.65B,No,438.08,441.26,434.54,441.24,434.13,495
1558,GOKEX.NS,743.3,785.5,222.94K,Consumer Non-Durables,Apparel/Footwear,57.0,40.0,58.0,62.0,24.0214,23.4893,459.94K,213.10K,954.9,531.0,54.47B,No,784.37,803.57,734.77,794.58,730.39,498
1559,VTL.NS,547.0,566.2,162.88K,Process Industries,Textiles,57.0,29.0,18.0,41.0,19.3536,18.6036,726.10K,2943.36K,688.0,385.5,158.34B,No,589.99,606.78,549.88,594.13,590.19,498
1560,PREMCO.NS,391.35,394.0,0.48K,Process Industries,Textiles,57.0,,,,12.0964,12.0071,0.66K,0.80K,409.95,370.05,,No,386.3,,,,,20
1561,SPACAPS.BO,200.4,200.4,0.01K,Finance,Investment Managers,57.0,32.0,47.0,27.0,0.7571,0.0,0.00K,0.00K,231.4,154.0,616.07M,No,204.13,208.95,208.68,206.74,208.13,497
1562,ESABINDIA.NS,5751.0,5884.0,5.65K,Producer Manufacturing,Electrical Products,57.0,28.0,52.0,51.0,143.6786,143.6786,5.37K,4.91K,7319.5,4710.0,88.53B,No,6080.2,5870.29,5856.2,5886.9,5873.73,496
1563,SUNPHARMA.NS,1835.0,1840.0,1436.84K,Health Technology,Pharmaceuticals: Major,57.0,39.0,57.0,37.0,34.1072,32.0929,1974.21K,1624.30K,2046.9,1548.0,4402.78B,No,1899.43,1927.58,1806.05,1913.56,1833.27,499
1564,HEALTHX.NS,305.55,308.15,1.37K,Retail Trade,Internet Retail,56.0,72.0,56.0,52.0,12.75,12.75,9.19K,6.28K,363.0,252.5,9.72B,No,299.53,308.07,298.43,305.01,295.5,496
1565,STANROS.BO,69.98,70.0,0.12K,Finance,Investment Managers,56.0,64.0,56.0,52.0,2.0829,1.6321,0.27K,0.05K,82.75,54.31,277.68M,No,70.05,69.24,67.92,69.87,67.6,495
1566,INDIANB.NS,836.75,853.5,753.42K,Finance,Major Banks,56.0,32.0,49.0,22.0,21.5072,19.5322,2155.23K,1304.67K,1000.9,692.15,1127.07B,No,873.63,855.05,861.72,860.87,870.09,498
1567,PARAGMILK.NS,252.15,268.5,1542.38K,Consumer Non-Durables,Food: Meat/Fish/Dairy,56.0,91.0,70.0,67.0,12.4729,12.4729,864.42K,2138.49K,376.95,177.84,31.90B,No,244.18,230.62,237.26,231.97,221.64,499
1568,EASTRED.BO,30.8,28.88,0.05K,Consumer Services,Other Consumer Services,56.0,69.0,71.0,47.0,3.0793,3.015,1.15K,0.91K,35.99,23.2,161.17M,No,30.11,29.78,29.66,29.98,29.17,495
1569,MODIRUBBER.NS,121.46,123.91,2.58K,Consumer Durables,Automotive Aftermarket,56.0,67.0,43.0,53.0,7.6293,7.5857,3.92K,3.69K,167.5,98.41,3.04B,No,126.97,125.98,123.85,126.28,125.47,497
1570,VANDU.BO,60.47,62.3,44.00K,Consumer Non-Durables,Food: Specialty/Candy,56.0,63.0,72.0,59.0,2.6643,2.2943,51.65K,39.80K,77.0,40.0,1.08B,No,62.51,57.51,56.47,58.9,54.21,419
1571,NARPROP.BO,39.0,39.0,0.27K,Finance,Real Estate Development,56.0,62.0,59.0,56.0,2.15,2.025,0.56K,0.88K,44.8,28.9,277.15M,No,38.2,38.11,36.64,38.0,36.91,495
1572,SAKHTISUG.NS,18.95,19.9,134.26K,Process Industries,Agricultural Commodities/Milling,56.0,84.0,62.0,67.0,1.1414,1.1379,234.23K,238.21K,23.29,13.52,2.26B,No,20.3,18.37,17.74,18.59,17.46,498
1573,EICHERMOT.NS,7452.5,7530.0,353.47K,Consumer Durables,Motor Vehicles,56.0,27.0,47.0,37.0,148.4643,132.8214,555.10K,553.04K,8230.0,6442.0,2045.87B,No,7876.2,7783.07,7396.35,7779.35,7404.7,498
1574,IRONWOOD.BO,44.36,48.19,23.07K,Consumer Services,Other Consumer Services,56.0,21.0,51.0,41.0,3.3707,3.2921,15.66K,4.52K,62.8,33.51,744.39M,No,48.38,50.61,47.06,49.0,46.23,495
1575,JSWSTEEL.NS,1229.2,1265.0,1029.90K,Non-Energy Minerals,Steel,56.0,47.0,45.0,44.0,26.8357,24.7714,1610.56K,1385.37K,1351.0,1073.2,3000.45B,No,1303.76,1279.55,1230.12,1276.54,1249.85,499
1576,IRMENERGY.NS,266.5,280.25,78.83K,Energy Minerals,Integrated Oil,56.0,20.0,49.0,68.0,9.9964,9.9964,152.78K,73.03K,393.0,165.4,10.94B,No,282.68,275.41,262.24,275.94,259.75,499
1577,RAJABAH.BO,5025.0,4999.5,0.02K,Finance,Real Estate Development,56.0,61.0,12.0,54.0,60.8714,35.925,0.03K,0.01K,6099.0,4135.1,1.26B,No,5023.78,5133.78,4860.79,5138.35,5027.91,498
1578,BHAGCHEM.NS,250.0,258.75,54.53K,Process Industries,Chemicals: Agricultural,56.0,21.0,43.0,69.0,8.6071,8.3929,196.73K,58.74K,316.9,170.6,32.42B,No,274.11,277.57,242.53,273.16,250.28,496
1579,ASPINWALL.NS,250.85,260.5,2.96K,Transportation,Air Freight/Couriers,56.0,76.0,44.0,60.0,10.3729,10.1971,2.93K,1.96K,299.8,200.25,1.96B,No,253.55,248.84,233.84,248.91,236.29,496
1580,AMWILL.BO,44.0,43.0,1.20K,Consumer Non-Durables,Household/Personal Care,56.0,75.0,60.0,68.0,0.8664,0.78,8.88K,6.00K,62.99,28.91,880.16M,No,43.29,42.55,39.06,42.79,38.53,395
1581,ALGOQUANT.NS,64.13,64.61,1386.38K,Finance,Investment Banks/Brokers,56.0,49.0,73.0,57.0,2.4786,2.4786,1315.87K,1236.55K,71.01,47.8,18.03B,No,64.7,64.94,,65.74,59.6,173
1582,FERMENTA.NS,471.0,474.65,59.77K,Health Technology,Biotechnology,56.0,,,,25.7464,25.6714,97.91K,102.38K,537.75,442.05,13.50B,No,483.21,,,,,20
1583,CCL.NS,1060.9,1081.0,118.85K,Consumer Non-Durables,Food: Specialty/Candy,56.0,30.0,37.0,42.0,32.3,31.4429,189.30K,155.00K,1242.2,815.5,141.46B,No,1102.3,1146.27,1071.94,1124.72,1106.52,498
1584,TSFINV.NS,442.95,437.25,92.83K,Finance,Financial Conglomerates,56.0,77.0,69.0,58.0,12.225,12.1321,130.72K,77.05K,701.5,331.7,97.76B,No,416.2,437.67,421.9,432.24,409.5,498
1585,HMVL.NS,78.03,79.9,2.54K,Consumer Services,Publishing: Newspapers,56.0,10.0,39.0,70.0,3.6821,3.5321,68.49K,18.66K,108.16,55.2,5.75B,No,87.3,90.68,74.97,88.54,76.92,496
1586,GUJCONT.BO,175.05,180.15,0.20K,Process Industries,Containers/Packaging,56.0,77.0,51.0,46.0,5.7607,2.7,0.64K,0.67K,180.65,142.6,989.03M,No,168.22,162.89,162.63,163.28,159.76,495
1587,INDOCO.NS,241.39,263.02,354.38K,Health Technology,Pharmaceuticals: Major,56.0,81.0,54.0,67.0,19.8714,19.4693,724.80K,3337.56K,325.0,162.19,22.25B,No,240.55,237.17,221.84,239.36,222.31,498
1588,LASERPOWER.NS,271.9,289.75,1156.48K,Producer Manufacturing,Electrical Products,56.0,17.0,,,13.9929,13.9679,3489.01K,668.20K,343.5,250.0,38.17B,No,312.51,,,301.4,,43
1589,LYONSCO.BO,21.25,21.0,0.20K,Finance,Finance/Rental/Leasing,56.0,14.0,71.0,57.0,0.1629,0.0679,0.06K,0.03K,35.29,17.43,99.41M,No,21.56,22.45,20.68,22.2,20.34,495
1590,PNB.NS,114.7,116.75,12024.63K,Finance,Major Banks,56.0,49.0,65.0,35.0,2.2157,2.17,16011.51K,13792.41K,135.15,98.5,1318.24B,No,116.16,112.95,114.56,114.21,111.05,499
1591,MARICO.NS,791.25,802.1,1532.78K,Consumer Non-Durables,Household/Personal Care,56.0,25.0,47.0,40.0,15.8786,15.1643,1928.55K,2008.45K,889.1,690.3,1027.02B,No,830.25,847.13,793.44,838.49,810.68,498
1592,TECHKGREEN.BO,133.3,142.0,8.00K,Commercial Services,Miscellaneous Commercial Services,56.0,63.0,30.0,63.0,5.525,4.7214,5.16K,6.44K,194.05,95.5,984.12M,No,135.76,136.82,122.8,137.36,127.76,496
1593,OBEROIRLTY.NS,1668.5,1741.1,362.40K,Finance,Real Estate Development,56.0,19.0,48.0,55.0,44.7357,43.0357,533.65K,454.68K,1986.1,1391.2,606.67B,No,1847.82,1848.47,1675.83,1820.59,1701.3,498
1594,JAYSREETEA.NS,91.64,92.9,40.74K,Process Industries,Agricultural Commodities/Milling,56.0,67.0,60.0,59.0,4.8593,4.8029,85.06K,80.13K,112.7,70.55,2.65B,No,97.26,89.56,86.55,90.77,87.14,496
1595,LANDMARK.NS,470.35,487.95,61.40K,Retail Trade,Specialty Stores,56.0,13.0,71.0,72.0,18.5786,18.0071,979.09K,79.13K,662.8,339.5,19.50B,No,505.15,508.8,444.72,510.32,438.09,497
1596,SAYAJIIND.NS,113.51,118.9,0.31K,Process Industries,Chemicals: Specialty,56.0,,,,3.6736,3.2821,1.48K,1.13K,124.0,106.5,2.87B,No,115.96,,,,,20
1597,MODIS.NS,354.4,365.5,14.47K,Finance,Real Estate Development,56.0,13.0,59.0,58.0,12.8393,12.8,79.06K,30.67K,429.05,276.0,6.94B,No,382.01,381.99,345.89,378.1,349.83,208
1598,AXTEL.NS,429.65,440.2,21.38K,Producer Manufacturing,Industrial Machinery,56.0,,,,20.9,19.7464,5.03K,7.05K,458.8,385.0,,No,408.45,,,,,20
1599,JUBLCPL.NS,2082.0,2105.8,4.59K,Process Industries,Chemicals: Agricultural,56.0,9.0,72.0,61.0,110.4929,110.4929,17.30K,11.71K,2790.0,1460.0,31.55B,No,2192.09,2057.52,1971.88,2067.16,1903.19,392
1600,VINEETLAB.NS,35.61,37.02,164.34K,Process Industries,Chemicals: Specialty,56.0,29.0,62.0,64.0,2.0071,1.97,66.02K,99.18K,49.99,27.96,683.94M,No,37.6,37.23,35.14,37.59,34.98,497
1601,AJAXENGG.NS,581.6,590.6,70.41K,Producer Manufacturing,Trucks/Construction/Farm Machinery,55.0,60.0,61.0,64.0,18.6,18.5929,69.19K,72.56K,697.55,394.8,66.54B,No,577.39,576.34,546.55,578.15,537.53,391
1602,HOMEFIRST.NS,1175.3,1184.5,137.21K,Finance,Finance/Rental/Leasing,55.0,62.0,63.0,53.0,36.05,33.1714,200.29K,233.70K,1317.7,893.7,122.89B,No,1192.66,1198.96,1129.78,1193.7,1125.33,497
1603,MUKANDLTD.NS,135.62,139.48,53.68K,Non-Energy Minerals,Steel,55.0,62.0,52.0,57.0,4.0693,3.8436,155.79K,103.61K,154.25,114.31,19.60B,No,136.55,138.13,133.8,138.69,134.68,498
1604,JOINDRE.BO,49.0,49.0,0.76K,Finance,Investment Banks/Brokers,55.0,58.0,55.0,61.0,1.3736,1.3736,4.14K,1.30K,56.1,39.5,677.99M,No,49.23,50.52,47.51,49.92,47.7,495
1605,TATACOMM.NS,1748.2,1761.6,285.95K,Communications,Major Telecommunications,55.0,59.0,28.0,63.0,46.4,46.3429,410.72K,253.87K,2110.0,1322.5,498.39B,No,1711.81,1762.58,1714.16,1743.81,1703.61,498
1606,CYBERTECH.NS,140.43,140.53,14.91K,Technology Services,Information Technology Services,55.0,72.0,55.0,75.0,3.9621,3.8586,25.13K,15.18K,274.8,95.3,4.25B,No,135.5,138.22,134.26,138.02,132.0,497
1607,WINDMACHIN.NS,300.7,300.65,472.75K,Producer Manufacturing,Industrial Machinery,55.0,63.0,33.0,67.0,10.9321,10.9321,127.91K,47.17K,343.9,200.65,31.11B,No,307.94,301.7,279.13,300.3,285.96,497
1608,BIRET.BO,336.59,336.18,18.16K,Finance,Real Estate Investment Trusts,55.0,50.0,63.0,37.0,3.9386,3.9386,58.22K,85.10K,376.5,311.26,279.33B,No,341.55,341.66,335.71,341.09,333.42,495
1609,GVBL.BO,30.1,31.5,0.74K,Health Technology,Biotechnology,55.0,72.0,55.0,64.0,1.2207,0.8986,0.92K,0.66K,41.0,20.1,91.94M,No,30.07,29.52,27.36,29.79,28.36,495
1610,LIBORD.BO,20.25,20.25,0.42K,Finance,Investment Banks/Brokers,55.0,65.0,51.0,61.0,0.3957,0.3014,0.23K,0.15K,28.63,15.31,101.25M,No,20.39,20.04,18.79,20.01,18.51,496
1611,ROSSELLIND.NS,56.65,55.06,68.65K,Electronic Technology,Aerospace & Defense,55.0,67.0,60.0,66.0,3.6164,3.6157,85.24K,48.65K,73.0,40.0,2.14B,No,57.28,57.68,52.55,57.47,54.18,496
1612,SHEMAROO.NS,114.78,120.57,11.46K,Consumer Services,Movies/Entertainment,55.0,18.0,45.0,62.0,5.0279,5.0064,15.11K,7.47K,143.0,73.0,3.30B,No,126.39,124.03,109.83,122.07,111.6,496
1613,KRYSTAL.NS,607.8,614.45,8.33K,Commercial Services,Miscellaneous Commercial Services,55.0,52.0,64.0,42.0,25.0893,24.5786,35.44K,21.17K,696.0,500.0,8.49B,No,643.05,619.75,587.91,620.27,596.34,497
1614,IWP.NS,34.85,34.41,7.14K,Consumer Non-Durables,Food: Specialty/Candy,55.0,,,,1.71,1.7043,11.38K,7.46K,36.5,32.8,2.23B,No,34.4,,,,,20
1615,CHALET.NS,845.15,877.25,51.73K,Consumer Services,Hotels/Resorts/Cruise Lines,55.0,69.0,73.0,59.0,28.4357,28.4357,160.99K,207.74K,1070.1,691.35,,No,880.1,852.75,823.39,855.55,803.36,498
1616,LINCOLN.NS,602.6,623.5,62.53K,Health Technology,Pharmaceuticals: Major,55.0,50.0,33.0,32.0,16.4572,15.5071,53.69K,44.24K,770.0,440.0,12.07B,No,618.83,605.99,583.57,604.36,617.68,496
1617,EIEL.NS,196.91,207.11,875.24K,Industrial Services,Environmental Services,55.0,61.0,56.0,70.0,7.5943,6.5507,2596.04K,2560.37K,276.1,134.71,34.56B,No,198.46,211.39,194.07,206.75,194.64,448
1618,SODHACAP.BO,70.0,70.0,2.00K,Finance,Investment Banks/Brokers,55.0,79.0,82.0,47.0,2.3536,1.855,7.24K,5.00K,148.97,48.1,556.15M,No,68.1,64.87,68.8,66.55,63.93,235
1619,SHPLPUNE.BO,849.0,850.0,0.00K,Consumer Services,Hotels/Resorts/Cruise Lines,55.0,83.0,49.0,32.0,49.3857,47.4893,2.62K,0.12K,1100.0,631.0,2.59B,No,835.53,831.43,802.2,838.99,808.49,495
1620,TITANSEC.BO,40.34,39.97,28.43K,Finance,Investment Banks/Brokers,55.0,46.0,38.0,54.0,2.0329,2.0293,24.62K,31.05K,58.35,32.02,1.01B,No,41.07,41.77,41.53,41.62,43.6,495
1621,PDSL.NS,334.25,348.2,70.65K,Consumer Non-Durables,Apparel/Footwear,55.0,18.0,61.0,60.0,10.8714,10.3714,358.66K,140.90K,418.5,246.05,47.21B,No,359.67,360.95,330.17,358.95,321.39,497
1622,VADILENT.NS,10400.0,10400.0,0.01K,Consumer Non-Durables,Food: Specialty/Candy,55.0,,,,668.7143,640.3571,0.05K,0.06K,12598.0,9401.0,8.97B,No,,,,,,19
1623,SAB.NS,175.05,175.05,0.01K,Industrial Services,Engineering & Construction,55.0,,,,4.1371,2.7836,0.08K,0.08K,192.6,165.0,2.66B,No,,,,,,19
1624,INDIANHUME.NS,354.0,369.55,31.49K,Producer Manufacturing,Building Products,55.0,45.0,72.0,56.0,14.45,14.4393,169.51K,52.02K,432.0,279.8,18.65B,No,379.11,382.53,359.18,382.76,342.83,497
1625,NAGREEKCAP.NS,27.38,24.9,47.60K,Finance,Investment Banks/Brokers,55.0,92.0,47.0,59.0,1.6636,1.6457,7.48K,5.14K,42.75,19.3,345.41M,No,23.36,23.32,26.17,23.64,25.79,496
1626,ASHIANA.NS,341.9,346.75,26.21K,Finance,Real Estate Development,55.0,38.0,38.0,58.0,7.8536,7.2071,177.84K,30.01K,435.9,269.45,34.37B,No,360.99,372.44,337.2,366.92,351.77,498
1627,PERMAGN.NS,827.7,864.65,2.72K,Producer Manufacturing,Industrial Machinery,55.0,,,,37.65,36.8214,6.57K,3.45K,929.0,784.05,,No,868.47,,,,,20
1628,SOUTHWEST.NS,201.59,213.35,304.32K,Energy Minerals,Coal,55.0,20.0,9.0,35.0,11.09,10.6879,343.47K,363.34K,275.0,121.0,6.58B,No,214.21,223.59,216.54,220.79,224.76,498
1629,KOTHARIPET.NS,130.35,138.57,123.36K,Process Industries,Chemicals: Specialty,55.0,10.0,66.0,61.0,6.7043,6.625,121.08K,138.95K,159.77,94.75,7.67B,No,134.53,136.23,126.27,135.81,127.07,496
1630,KAMADGIRI.BO,101.0,102.6,0.02K,Process Industries,Textiles,55.0,18.0,10.0,61.0,6.7571,3.9857,0.72K,0.21K,149.0,64.05,592.81M,No,107.65,116.14,100.37,115.32,106.21,497
1631,JKIPL.NS,95.18,91.64,16.19K,Distribution Services,Wholesale Distributors,55.0,36.0,16.0,90.0,4.7986,4.7479,39.80K,33.91K,126.95,45.4,3.65B,No,100.91,99.07,87.79,98.58,87.36,238
1632,HIKAL.NS,212.22,224.95,851.81K,Health Technology,Pharmaceuticals: Major,55.0,49.0,73.0,61.0,14.685,14.2086,1596.00K,6692.34K,282.7,146.25,26.17B,No,218.04,222.17,207.06,219.2,201.44,498
1633,IMPAL.NS,1077.8,1113.2,2.16K,Distribution Services,Wholesale Distributors,55.0,67.0,49.0,48.0,42.5429,42.0357,4.21K,4.28K,1238.9,928.0,13.45B,No,1103.26,1107.45,1056.6,1092.08,1059.15,497
1634,WALCHPF.BO,131.0,133.7,1.12K,Commercial Services,Miscellaneous Commercial Services,55.0,33.0,43.0,69.0,5.6143,4.5107,1.09K,0.70K,160.0,79.05,380.41M,No,140.71,135.91,126.26,138.55,126.38,495
1635,SILL.BO,96.0,95.5,11.20K,Transportation,Air Freight/Couriers,55.0,83.0,,,1.8286,1.4986,59.82K,11.20K,102.0,74.0,1.18B,No,92.09,92.63,,93.17,,50
1636,JAYUSH.BO,863.85,831.45,0.31K,Producer Manufacturing,Auto Parts: Oem,55.0,57.0,45.0,53.0,25.6429,23.7107,0.14K,0.03K,1601.75,663.0,3.34B,No,851.59,863.82,882.04,857.78,859.96,495
1637,NPRFIN.BO,24.7,24.99,1.60K,Finance,Finance/Rental/Leasing,55.0,90.0,80.0,54.0,1.8136,1.2279,1.44K,6.68K,40.5,18.0,147.94M,No,21.67,21.35,24.21,21.48,22.13,495
1638,BAJAJHLDNG.NS,11100.0,11134.0,56.87K,Finance,Financial Conglomerates,54.0,46.0,65.0,51.0,232.0,214.7857,51.03K,43.49K,13880.0,8588.0,1235.36B,No,11234.9,11063.48,10680.64,11121.4,10525.7,499
1639,GMBREW.NS,905.7,910.9,19.54K,Consumer Non-Durables,Beverages: Alcoholic,54.0,65.0,50.0,23.0,18.4,17.7929,56.53K,34.60K,1328.8,698.55,20.69B,No,895.01,906.93,970.37,901.95,939.89,498
1640,EPACKPEB.NS,221.26,240.44,705.26K,Industrial Services,Engineering & Construction,54.0,45.0,25.0,76.0,10.8079,10.7529,1209.08K,568.31K,344.0,132.17,22.27B,No,230.7,243.08,222.99,239.21,211.18,237
1641,BEEKAY.NS,435.15,425.6,2.97K,Non-Energy Minerals,Steel,54.0,,,,20.1107,19.9036,4.19K,5.67K,449.8,390.2,,No,424.11,,,,,20
1642,NIVABUPA.NS,81.5,79.93,1415.60K,Finance,Life/Health Insurance,54.0,54.0,45.0,57.0,1.895,1.895,1595.66K,504.23K,91.4,67.5,150.75B,No,81.61,84.24,79.47,83.46,80.57,456
1643,BANARBEADS.NS,110.92,107.56,3.82K,Consumer Durables,Other Consumer Specialties,54.0,54.0,70.0,34.0,6.2164,6.0164,7.96K,1.52K,164.7,96.05,731.80M,No,112.9,113.97,114.63,114.26,110.99,496
1644,BFINVEST.NS,435.5,448.3,25.75K,Finance,Financial Conglomerates,54.0,35.0,47.0,58.0,14.6964,14.0964,158.83K,42.00K,584.7,315.0,16.40B,No,450.86,460.13,420.99,456.91,427.63,497
1645,METROGLOBL.NS,134.31,138.58,0.75K,Distribution Services,Wholesale Distributors,54.0,25.0,58.0,,7.1579,7.1329,5.92K,1.52K,165.0,110.0,1.66B,No,139.68,136.15,,136.57,,103
1646,LGEINDIA.NS,1629.6,1636.8,617.14K,Consumer Durables,Electronics/Appliances,54.0,35.0,61.0,41.0,36.2143,36.2143,733.26K,411.84K,1755.0,1304.1,1106.13B,No,1658.81,1600.35,1544.48,1613.75,1565.05,231
1647,POONAWALLA.NS,434.6,445.25,858.78K,Finance,Finance/Rental/Leasing,54.0,10.0,67.0,44.0,11.8357,11.4107,1515.81K,785.75K,570.4,361.2,380.65B,No,468.53,472.82,441.91,469.59,434.89,499
1648,AMBARPIL.BO,218.4,227.85,0.05K,Process Industries,Agricultural Commodities/Milling,54.0,78.0,83.0,74.0,14.0643,10.9214,1.55K,0.20K,368.4,140.0,1.26B,No,241.75,216.61,203.83,218.3,191.72,495
1649,YASHINNO.BO,42.41,41.15,2.04K,Distribution Services,Wholesale Distributors,54.0,94.0,56.0,24.0,2.3379,2.3379,39.70K,34.24K,52.44,26.5,679.83M,No,39.94,36.27,40.35,38.37,41.77,495
1650,UNITDSPR.NS,1370.6,1395.0,342.92K,Consumer Non-Durables,Beverages: Alcoholic,54.0,15.0,64.0,35.0,32.2643,31.55,827.64K,620.86K,1563.4,1210.8,973.20B,No,1483.06,1471.99,1375.71,1471.06,1367.21,499
1651,HTMEDIA.NS,23.55,24.92,254.90K,Consumer Services,Publishing: Newspapers,54.0,15.0,62.0,57.0,1.2379,1.235,243.25K,104.60K,31.3,17.52,5.45B,No,26.16,26.05,23.23,25.81,23.33,496
1652,MOLDTKPAC.NS,652.1,676.45,53.18K,Producer Manufacturing,Miscellaneous Manufacturing,54.0,35.0,37.0,66.0,18.4679,18.3,93.73K,45.06K,837.0,464.9,21.67B,No,692.97,688.56,619.73,691.04,638.8,497
1653,ASSAMENT.NS,826.95,826.95,0.00K,Finance,Investment Banks/Brokers,54.0,,,,27.9179,24.35,0.01K,0.00K,857.75,705.0,,No,794.24,,,,,20
1654,FLEXFO.BO,45.57,46.81,0.73K,Consumer Non-Durables,Food: Specialty/Candy,54.0,68.0,68.0,54.0,2.955,2.955,4.69K,4.42K,68.9,29.36,567.35M,No,46.18,44.68,43.78,45.08,43.01,495
1655,NIBL.NS,31.06,33.23,45.82K,Producer Manufacturing,Metal Fabrication,54.0,42.0,54.0,34.0,2.0364,2.0364,39.82K,52.47K,40.8,25.3,752.60M,No,31.15,32.85,31.16,33.06,31.24,498
1656,CARERATING.NS,1635.7,1650.5,28.19K,Commercial Services,Financial Publishing/Services,54.0,38.0,50.0,41.0,51.9715,50.8214,51.27K,89.04K,1838.0,1392.7,49.21B,No,1686.1,1688.45,1628.57,1690.64,1645.59,497
1657,PANCHMAHQ.NS,293.4,280.0,0.70K,Non-Energy Minerals,Steel,54.0,,,,15.4036,15.4,0.24K,0.10K,331.0,253.95,,No,293.93,,,,,20
1658,KOTAKBANK.NS,409.8,419.0,14363.75K,Finance,Major Banks,54.0,74.0,54.0,48.0,7.75,7.6179,14050.09K,10547.91K,453.2,345.5,4076.55B,No,413.0,397.32,400.48,402.67,390.38,499
1659,KIRANVYPAR.NS,200.75,207.02,3.18K,Finance,Investment Banks/Brokers,54.0,,,,8.935,8.9086,4.86K,7.29K,212.0,182.6,,No,202.24,,,,,20
1660,PPAP.NS,228.05,238.85,25.26K,Producer Manufacturing,Auto Parts: Oem,54.0,2.0,37.0,57.0,10.6786,10.4179,134.67K,13.17K,379.5,176.0,3.23B,No,259.75,281.1,231.09,273.97,238.55,496
1661,CLSEL.NS,281.6,296.5,80.06K,Process Industries,Agricultural Commodities/Milling,54.0,62.0,45.0,57.0,12.3857,12.1321,145.92K,94.65K,324.8,203.75,14.00B,No,297.13,288.42,271.12,285.46,275.38,496
1662,PSPPROJECT.NS,821.3,846.4,58.31K,Industrial Services,Engineering & Construction,54.0,16.0,25.0,63.0,25.4429,25.4357,109.77K,41.63K,1143.0,569.2,32.56B,No,889.59,962.5,843.65,928.5,841.99,496
1663,ICL.BO,28.87,30.38,0.41K,Process Industries,Textiles,54.0,7.0,38.0,53.0,1.4071,1.2664,1.68K,0.52K,44.05,22.05,206.16M,No,33.78,35.19,30.25,34.82,31.63,495
1664,INDHOTEL.NS,715.0,718.5,2423.34K,Consumer Services,Hotels/Resorts/Cruise Lines,54.0,58.0,59.0,58.0,17.025,16.0643,2100.53K,1763.99K,791.45,565.0,1034.32B,No,722.84,729.2,688.42,723.48,679.8,499
1665,PCBL.NS,314.05,331.05,962.66K,Process Industries,Industrial Specialties,54.0,61.0,60.0,59.0,10.3321,9.525,2142.22K,2203.83K,425.95,226.5,123.57B,No,322.19,321.66,298.15,319.0,297.59,498
1666,SHERVANI.NS,349.5,348.85,0.38K,Finance,Real Estate Development,54.0,,,,20.2536,18.4214,0.64K,0.46K,374.0,303.35,899.25M,No,,,,,,19
1667,MANBA.NS,133.87,132.47,104.73K,Finance,Finance/Rental/Leasing,54.0,69.0,63.0,61.0,3.6407,3.5736,168.24K,59.49K,154.0,98.0,6.73B,No,130.29,133.51,126.04,132.93,122.48,487
1668,LAKSHMIEW.BO,2305.0,2350.0,0.02K,Producer Manufacturing,Industrial Machinery,54.0,83.0,40.0,71.0,107.0036,98.4821,0.07K,0.11K,2579.95,1681.2,1.54B,No,2181.11,2216.92,2121.72,2186.11,2123.83,495
1669,KAMATHOTEL.NS,207.6,224.2,118.26K,Consumer Services,Hotels/Resorts/Cruise Lines,54.0,84.0,81.0,55.0,13.1014,13.1014,76.48K,106.86K,329.8,140.2,6.12B,No,218.58,193.32,193.11,197.3,181.82,497
1670,SAICAPI.NS,154.5,152.18,0.13K,Finance,Investment Banks/Brokers,54.0,,,,12.5586,11.435,0.66K,0.93K,170.05,133.5,,No,149.47,,,,,20
1671,UNOMINDA.NS,1159.7,1201.6,417.03K,Producer Manufacturing,Auto Parts: Oem,54.0,32.0,66.0,49.0,30.5286,29.1714,801.70K,685.23K,1382.0,994.0,669.69B,No,1249.5,1213.15,1168.31,1213.93,1139.45,499
1672,ASARFI.BO,187.0,191.9,35.00K,Health Services,Hospital/Nursing Management,54.0,3.0,12.0,60.0,10.7536,9.9393,36.97K,59.80K,256.95,123.0,3.68B,No,211.13,214.43,197.73,209.64,202.92,495
1673,ACROW.BO,768.9,765.0,0.10K,Producer Manufacturing,Industrial Machinery,54.0,47.0,19.0,58.0,10.025,8.2357,0.05K,0.03K,918.0,586.15,492.10M,No,785.75,830.41,774.99,818.32,807.08,496
1674,JAYBARMARU.NS,112.34,116.58,383.08K,Distribution Services,Wholesale Distributors,54.0,6.0,3.0,63.0,5.0293,4.82,754.36K,260.22K,207.0,74.15,12.16B,No,122.87,147.15,114.19,136.5,121.93,497
1675,AIAENG.NS,3899.3,4096.6001,43.97K,Producer Manufacturing,Industrial Machinery,53.0,12.0,21.0,44.0,102.3428,100.6928,73.28K,48.92K,5180.0,3034.0,,No,4243.78,4498.78,4124.81,4389.05,4185.66,496
1676,YUG.BO,24.0,24.0,31.05K,Process Industries,Industrial Specialties,53.0,69.0,48.0,81.0,0.1129,0.0414,2.71K,5.75K,33.0,11.33,388.40M,No,23.55,23.97,20.25,23.81,19.59,497
1677,KLASSROOM.BO,170.0,175.1,12.00K,Technology Services,Packaged Software,53.0,72.0,,,12.3,11.5036,64.74K,11.12K,224.0,158.45,1.58B,No,185.97,,,,,27
1678,GLOBALLOG.BO,106.15,106.0,1.60K,Transportation,Air Freight/Couriers,53.0,53.0,4.0,27.0,1.6679,0.45,5.76K,3.52K,172.91,79.2,1.53B,No,111.01,119.91,,116.41,123.34,181
1679,APOORVA.NS,27.02,27.63,0.30K,Finance,Financial Conglomerates,53.0,,,,0.7471,0.6571,0.31K,0.29K,28.18,24.04,539.72M,No,,,,,,18
1680,ORGANICREC.BO,164.0,172.55,45.00K,Industrial Services,Environmental Services,53.0,70.0,66.0,49.0,8.2679,6.6036,88.43K,64.89K,199.97,137.33,2.56B,No,160.55,157.58,158.74,158.15,157.75,498
1681,AVIVA.BO,60.9,60.9,0.05K,Process Industries,Industrial Specialties,53.0,61.0,34.0,40.0,0.0,0.0,0.31K,0.31K,68.34,48.99,1.98B,No,60.9,60.38,59.11,60.45,60.93,497
1682,IITLPROJ.BO,49.0,49.0,0.00K,Finance,Real Estate Development,53.0,87.0,77.0,64.0,0.5221,0.5214,1.39K,0.13K,73.9,33.01,244.55M,No,50.44,50.74,49.46,50.13,45.16,497
1683,NGIL.NS,33.01,33.42,8.37K,Consumer Non-Durables,Food: Specialty/Candy,53.0,2.0,22.0,77.0,2.45,2.415,29.03K,22.09K,43.89,22.01,578.93M,No,38.87,39.51,33.49,38.78,35.74,496
1684,JNPR.NS,264.5,265.35,840.79K,Utilities,Alternative Power Generation,53.0,75.0,,,12.4357,12.2714,4814.23K,696.23K,282.0,232.11,150.50B,No,261.03,,,,,28
1685,SONALAD.BO,43.05,42.12,8.51K,Producer Manufacturing,Miscellaneous Manufacturing,53.0,59.0,61.0,60.0,2.085,1.6436,2.09K,0.45K,54.9,30.4,260.93M,No,41.45,44.49,41.88,44.4,41.38,495
1686,TRADEUNO.BO,110.0,109.25,14.40K,Retail Trade,Apparel/Footwear Retail,53.0,51.0,76.0,34.0,3.5893,2.3786,11.48K,5.16K,161.95,87.0,1.97B,No,112.68,108.53,116.22,109.89,107.91,215
1687,OCTAVIUSPL.BO,45.97,48.38,0.10K,Process Industries,Agricultural Commodities/Milling,53.0,73.0,52.0,51.0,0.6829,0.0,0.20K,0.10K,57.59,36.5,137.91M,No,47.17,45.71,44.64,45.95,44.82,496
1688,YOGI.NS,158.58,157.13,0.39K,Finance,Real Estate Development,53.0,,,,7.9407,7.1943,1.06K,1.17K,180.0,130.01,,No,161.06,,,,,20
1689,EXCELINDUS.NS,965.7,980.8,12.03K,Process Industries,Chemicals: Agricultural,53.0,40.0,61.0,49.0,27.9929,27.9929,27.22K,7.86K,1210.0,800.05,12.14B,No,1032.18,992.89,945.74,995.76,950.42,497
1690,GTNINDS.BO,23.5,23.99,0.13K,Process Industries,Textiles,53.0,54.0,48.0,45.0,1.4329,1.3836,3.68K,4.12K,30.62,17.0,470.00M,No,23.83,23.93,22.95,24.04,23.62,495
1691,GENUSPOWER.NS,306.5,323.1,1644.40K,Electronic Technology,Electronic Equipment/Instruments,53.0,57.0,37.0,64.0,13.6464,13.5357,3645.38K,2273.66K,363.0,206.36,84.78B,No,331.26,319.96,296.33,321.62,301.47,499
1692,DCI.NS,264.7,271.7,4003.98K,Electronic Technology,Telecommunications Equipment,53.0,1.0,47.0,49.0,32.8429,32.4786,123.73K,453.18K,475.0,208.98,4.34B,No,352.44,324.19,281.74,328.39,300.09,496
1693,INFOBEAN.NS,153.13,154.01,416.75K,Technology Services,Packaged Software,53.0,34.0,25.0,49.0,7.71,7.545,586.40K,441.92K,257.5,116.5,,No,157.48,161.86,173.49,161.27,161.83,498
1694,GOTHIPL.BO,39.95,40.4,0.30K,Process Industries,Chemicals: Specialty,53.0,74.0,65.0,53.0,0.5807,0.235,0.43K,0.87K,47.5,33.25,407.49M,No,38.4,38.26,38.48,38.12,37.31,496
1695,GLANCE.BO,182.0,178.25,0.13K,Finance,Finance/Rental/Leasing,53.0,89.0,62.0,20.0,4.9429,3.7143,0.16K,0.20K,251.95,141.15,410.57M,No,161.69,158.01,175.8,159.53,173.11,495
1696,BAJAJST.NS,365.3,365.65,7.41K,Process Industries,Agricultural Commodities/Milling,53.0,,,,12.2821,11.9857,9.86K,9.76K,378.0,343.0,,No,358.2,,,,,20
1697,MLKFOOD.NS,78.84,80.64,5.09K,Consumer Non-Durables,Food: Specialty/Candy,53.0,,,,4.5421,4.5121,8.54K,2.95K,93.0,75.0,,No,85.01,,,,,20
1698,POBS.BO,154.25,154.25,1.20K,Commercial Services,Miscellaneous Commercial Services,53.0,26.0,29.0,45.0,4.6107,0.0,0.10K,0.20K,191.9,109.0,244.09M,No,174.32,171.13,150.11,170.73,153.55,497
1699,GAIL.NS,170.88,173.62,6196.21K,Utilities,Gas Distributors,53.0,51.0,46.0,59.0,3.3771,3.1264,8462.38K,6657.56K,186.87,134.36,1123.55B,No,173.7,173.77,166.14,173.22,165.14,499
1700,KKCL.NS,498.6,494.9,108.12K,Consumer Non-Durables,Apparel/Footwear,53.0,43.0,67.0,49.0,16.0214,15.4214,53.67K,27.22K,595.0,408.35,30.73B,No,509.47,508.75,483.53,505.16,479.83,496
1701,ESCORP.BO,111.75,117.95,1.51K,Finance,Investment Managers,53.0,70.0,68.0,54.0,5.5821,5.3071,0.62K,0.72K,212.95,95.1,1.24B,No,112.86,106.95,112.87,109.34,107.23,496
1702,SESHAPAPER.NS,242.8,251.14,43.58K,Process Industries,Pulp & Paper,53.0,73.0,71.0,33.0,8.1886,8.1886,134.16K,93.30K,293.11,209.96,15.31B,No,234.33,230.69,241.51,234.24,243.24,498
1703,NITCO.NS,88.24,93.71,463.77K,Producer Manufacturing,Building Products,53.0,44.0,32.0,70.0,4.1414,3.9471,1497.84K,461.31K,123.59,64.0,22.29B,No,93.83,100.22,92.06,98.21,94.47,497
1704,SUNDRMBRAK.NS,690.1,713.65,1.68K,Producer Manufacturing,Auto Parts: Oem,53.0,4.0,34.0,65.0,30.2321,29.7536,2.61K,0.79K,920.0,460.0,2.72B,No,775.45,791.54,685.34,776.05,693.64,498
1705,PARNAXLAB.NS,123.87,127.0,1.66K,Health Technology,Pharmaceuticals: Major,53.0,,,,12.0443,11.6707,3.49K,5.42K,149.5,104.0,,No,128.44,,,,,20
1706,MANGALAM.NS,33.54,36.46,109.83K,Health Technology,Pharmaceuticals: Major,53.0,91.0,74.0,41.0,2.6414,2.635,45.25K,91.86K,77.6,22.8,530.88M,No,30.72,28.71,30.29,29.68,29.54,497
1707,DHINDIA.BO,185.85,194.85,3.70K,Process Industries,Industrial Specialties,53.0,68.0,15.0,68.0,7.7286,6.5357,6.37K,6.36K,304.8,121.5,1.90B,No,171.78,205.47,204.52,195.93,229.83,495
1708,PANCM.BO,117.7,112.25,0.60K,Non-Energy Minerals,Construction Materials,53.0,83.0,82.0,39.0,5.9393,4.0714,0.28K,0.20K,149.9,88.5,944.12M,No,113.38,109.81,117.19,112.69,111.84,495
1709,VIDHIING.NS,320.65,334.45,23.68K,Consumer Non-Durables,Food: Specialty/Candy,53.0,73.0,71.0,51.0,14.3929,13.9964,47.39K,26.82K,387.85,258.6,16.01B,No,339.55,321.5,312.98,326.0,306.85,496
1710,SEALMATIC.BO,376.05,370.3,12.42K,Producer Manufacturing,Industrial Machinery,53.0,35.0,57.0,59.0,8.7393,8.0464,4.81K,5.54K,463.95,313.0,4.08B,No,389.76,390.38,378.33,391.4,382.07,497
1711,AANCHALISP.BO,66.11,66.46,11.26K,Producer Manufacturing,Metal Fabrication,53.0,37.0,23.0,97.0,3.6814,3.6814,28.31K,8.29K,508.0,7.62,279.87M,No,67.93,74.89,77.84,71.48,55.69,498
1712,RELIABVEN.BO,23.93,24.41,1.42K,Consumer Services,Hotels/Resorts/Cruise Lines,52.0,13.0,20.0,68.0,0.505,0.2093,5.34K,2.14K,37.05,16.63,263.54M,No,25.64,25.54,22.93,25.44,23.75,495
1713,MANAKCOAT.NS,124.19,128.53,148.60K,Non-Energy Minerals,Steel,52.0,76.0,76.0,50.0,5.2486,5.2236,528.33K,569.34K,182.82,94.2,13.24B,No,123.75,122.22,118.42,122.87,113.52,497
1714,DAICHI.NS,328.6,337.15,2.06K,Process Industries,Chemicals: Specialty,52.0,,,,16.8714,16.5571,6.20K,6.79K,380.0,315.0,,No,342.13,,,,,20
1715,SHINDL.NS,161.48,163.02,154.15K,Process Industries,Agricultural Commodities/Milling,52.0,,,,5.66,5.66,218.83K,275.07K,175.0,156.2,,No,162.43,,,,,20
1716,SAGARSOFT.BO,89.89,90.0,0.85K,Technology Services,Packaged Software,52.0,38.0,84.0,57.0,5.5771,5.3986,2.10K,1.34K,149.75,56.2,574.60M,No,95.82,86.14,85.55,88.98,79.33,495
1717,JLHL.NS,275.55,279.15,62.20K,Health Services,Hospital/Nursing Management,52.0,10.0,60.0,53.0,10.4714,10.4714,184.37K,131.16K,340.0,235.6,90.33B,No,297.49,306.27,274.09,305.36,275.6,498
1718,COMPEAU.NS,360.0,362.0,0.01K,Retail Trade,Specialty Stores,52.0,,,,15.9679,15.7107,2.42K,2.29K,420.0,318.0,2.21B,No,357.04,,,,,20
1719,BERLDRG.BO,23.24,23.99,1.59K,Health Technology,Pharmaceuticals: Other,52.0,63.0,50.0,59.0,2.0586,2.0514,2.41K,2.83K,27.6,15.92,117.87M,No,23.4,22.73,22.11,22.83,22.02,495
1720,PIDILITIND.NS,1521.1,1566.9,455.84K,Process Industries,Industrial Specialties,52.0,17.0,46.0,51.0,35.0714,33.2643,919.59K,718.92K,1707.5,1259.0,1548.30B,No,1625.63,1622.63,1496.05,1609.74,1503.46,499
1721,ISTLTD.NS,661.2,662.2,0.31K,Producer Manufacturing,Auto Parts: Oem,52.0,,,,33.65,33.65,0.83K,0.86K,749.95,605.0,7.71B,No,658.31,,,,,20
1722,OPCHAINS.BO,30.9,30.9,5.00K,Distribution Services,Wholesale Distributors,52.0,68.0,54.0,34.0,0.1179,0.0,0.16K,0.56K,31.01,29.5,211.66M,No,29.9,29.81,30.5,29.95,30.32,497
1723,WIREFABR.BO,162.0,162.0,0.00K,Process Industries,Textiles,52.0,86.0,69.0,49.0,4.1643,3.5964,0.18K,0.09K,254.95,118.75,495.11M,No,151.46,141.29,152.98,145.41,147.66,496
1724,WARRENTEA.BO,45.63,45.7,5.00K,Process Industries,Agricultural Commodities/Milling,52.0,37.0,49.0,65.0,1.6143,1.3879,2.83K,1.98K,57.9,33.3,545.32M,No,46.75,47.51,43.52,47.12,43.41,495
1725,TERAI.NS,125.63,126.9,0.06K,Consumer Non-Durables,Food: Major Diversified,52.0,,,,10.08,9.4793,0.38K,0.62K,140.0,103.0,864.25M,No,125.46,,,,,20
1726,EVERFIN.BO,108.85,108.0,0.03K,Process Industries,Textiles,52.0,39.0,51.0,55.0,4.2107,3.7786,0.26K,0.17K,143.0,77.5,674.87M,No,106.15,108.89,106.53,107.24,106.72,496
1727,PML.NS,498.55,482.45,0.10K,Commercial Services,Miscellaneous Commercial Services,52.0,,,,17.275,15.9857,0.18K,0.18K,515.0,475.0,1.54B,No,,,,,,19
1728,JMA.NS,88.96,93.22,15.45K,Producer Manufacturing,Auto Parts: Oem,52.0,59.0,38.0,50.0,5.5079,5.5071,16.87K,26.20K,103.7,70.25,2.03B,No,91.38,89.69,85.55,90.04,88.04,496
1729,BHARATROHAN.BO,119.1,121.0,22.40K,Technology Services,Packaged Software,52.0,73.0,56.0,21.0,4.6536,4.2179,26.51K,9.42K,164.0,86.05,2.37B,No,124.51,123.58,125.19,122.66,124.66,239
1730,MODWOOL.BO,63.01,63.01,0.03K,Process Industries,Textiles,52.0,49.0,79.0,30.0,1.1457,0.1171,0.01K,0.01K,74.75,51.6,57.34M,No,69.31,63.88,64.06,64.88,63.23,496
1731,LAKSELEC.BO,799.15,816.15,0.95K,Producer Manufacturing,Electrical Products,52.0,48.0,65.0,46.0,28.8643,28.7143,1.63K,1.22K,965.0,646.1,1.96B,No,822.75,812.58,786.98,817.52,803.18,495
1732,BALAJITELE.NS,95.48,90.63,1605.73K,Consumer Services,Movies/Entertainment,52.0,70.0,74.0,32.0,3.3929,3.3664,396.42K,267.46K,141.32,69.52,11.64B,No,93.15,90.02,94.94,90.52,92.9,498
1733,PRAVEG.NS,255.95,263.05,31.82K,Health Technology,Pharmaceuticals: Major,52.0,,,,11.6393,11.5286,77.39K,36.53K,281.0,246.4,6.69B,No,264.53,,,,,20
1734,PIONAGR.BO,23.16,24.37,0.10K,Process Industries,Agricultural Commodities/Milling,52.0,20.0,25.0,29.0,0.1521,0.0,0.00K,0.01K,27.64,21.69,101.86M,No,25.76,26.2,25.33,25.99,26.23,497
1735,GPPL.NS,161.18,161.32,3554.77K,Transportation,Marine Shipping,52.0,77.0,59.0,39.0,4.5957,4.1586,1733.19K,1790.06K,200.09,141.55,77.95B,No,164.04,156.37,163.43,157.74,156.16,498
1736,SENCO.NS,336.4,346.4,504.14K,Consumer Durables,Other Consumer Specialties,52.0,43.0,43.0,58.0,10.6929,10.5429,1800.47K,770.60K,430.0,276.0,55.14B,No,351.24,366.81,334.51,362.29,337.28,498
1737,DIXON.NS,13180.0,13425.0,431.54K,Electronic Technology,Electronic Production Equipment,52.0,31.0,67.0,66.0,358.7857,355.4286,508.31K,314.07K,18471.0,9600.0,801.37B,No,14339.2,14091.14,12124.98,14089.9,12150.6,499
1738,HELLOJI.BO,127.0,127.0,9.60K,Consumer Services,Other Consumer Services,52.0,81.0,54.0,38.0,4.1964,3.925,3.03K,4.27K,151.5,100.0,435.61M,No,121.46,117.56,,117.48,121.34,191
1739,JUBLPHARMA.NS,1011.95,1025.2,190.71K,Health Technology,Pharmaceuticals: Major,52.0,89.0,60.0,68.0,30.9679,30.7536,241.94K,377.46K,1184.8,786.05,160.28B,No,924.28,945.04,958.65,944.55,932.56,498
1740,PRABHHANS.BO,36.93,35.35,18.60K,Process Industries,Textiles,52.0,20.0,83.0,32.0,2.3464,2.1443,7.54K,6.49K,78.0,26.2,230.75M,No,38.36,37.07,35.05,37.16,33.64,495
1741,SIKA.NS,1040.05,1085.55,46.60K,Electronic Technology,Aerospace & Defense,52.0,,,,45.2321,45.2321,60.85K,93.62K,1111.0,962.5,,No,1013.13,,,,,20
1742,PBMPOLY.NS,61.0,60.0,0.07K,Process Industries,Textiles,52.0,,,,3.9571,3.8021,0.45K,0.42K,72.2,56.53,419.62M,No,,,,,,19
1743,DBSTOCKBRO.NS,27.8,27.61,11.00K,Finance,Investment Banks/Brokers,52.0,7.0,21.0,51.0,1.3464,1.3136,67.86K,8.56K,48.5,23.15,973.00M,No,29.56,33.41,28.58,31.62,29.99,496
1744,DHAVAL.BO,112.75,114.0,104.40K,Producer Manufacturing,Miscellaneous Manufacturing,52.0,73.0,,,7.24,7.2007,160.58K,66.84K,139.0,106.0,1.55B,No,120.18,,,,,28
1745,SUNDARMFIN.NS,4695.0,4710.7002,64.08K,Finance,Finance/Rental/Leasing,52.0,71.0,62.0,16.0,98.8642,98.7642,60.80K,49.41K,5642.0,4000.0,517.47B,No,4592.71,4564.37,4787.95,4578.22,4646.3,498
1746,AMKAY.BO,57.16,49.6,12.00K,Health Technology,Medical Specialties,52.0,92.0,61.0,38.0,3.605,2.9886,4.86K,13.80K,81.99,39.22,494.76M,No,50.13,49.45,57.02,50.17,54.23,497
1747,AVG.NS,169.21,176.41,5.31K,Transportation,Air Freight/Couriers,52.0,4.0,51.0,68.0,6.9186,6.9086,56.08K,16.59K,264.43,116.66,3.17B,No,180.78,195.15,171.11,189.01,172.86,497
1748,PRIMESECU.NS,277.5,283.05,4.27K,Finance,Investment Banks/Brokers,52.0,44.0,45.0,41.0,10.0286,9.8821,37.99K,46.70K,325.0,248.0,9.42B,No,281.5,281.15,282.1,282.05,282.95,496
1749,MACPLASQ.BO,273.25,269.9,0.59K,Producer Manufacturing,Auto Parts: Oem,51.0,78.0,67.0,50.0,9.7786,9.3071,1.09K,1.02K,444.0,214.9,1.68B,No,260.71,266.71,269.48,264.59,260.92,495
1750,ENS.BO,101.6,101.8,36.00K,Technology Services,Data Processing Services,51.0,,,,2.39,2.315,199.72K,48.24K,110.64,95.76,1.38B,No,,,,,,17
1751,GINNIFILA.NS,42.18,41.0,37.54K,Process Industries,Textiles,51.0,53.0,44.0,72.0,1.5436,1.5436,115.08K,44.21K,57.85,31.5,3.61B,No,43.78,46.4,42.15,44.75,43.2,496
1752,OLAELEC.NS,38.03,38.54,60984.56K,Consumer Durables,Motor Vehicles,51.0,53.0,24.0,85.0,1.8943,1.8343,72372.66K,71701.66K,61.0,22.25,168.04B,No,38.23,38.9,35.95,38.72,36.66,499
1753,BENGALT.BO,142.5,141.5,0.02K,Consumer Non-Durables,Food: Major Diversified,51.0,52.0,56.0,18.0,3.2321,2.55,0.23K,0.10K,169.0,128.1,1.28B,No,141.23,142.36,146.83,141.99,145.87,495
1754,CUMMINSIND.NS,4874.0,5070.0,304.70K,Producer Manufacturing,Auto Parts: Oem,51.0,25.0,16.0,45.0,115.25,112.7143,467.54K,415.16K,6100.0,3833.0,1351.07B,No,5152.95,5358.83,4986.0,5267.3,5257.73,498
1755,SURYODAY.NS,144.81,148.05,322.48K,Finance,Regional Banks,51.0,29.0,15.0,52.0,4.855,4.7093,2071.73K,239.09K,218.0,115.41,15.39B,No,153.15,165.56,150.53,160.69,155.96,497
1756,RELTD.NS,148.9,155.64,106.57K,Utilities,Alternative Power Generation,51.0,19.0,62.0,49.0,6.715,6.685,605.98K,178.52K,196.45,114.59,29.57B,No,157.77,166.41,149.99,163.93,148.87,498
1757,GROBTEA.NS,941.7,945.85,0.03K,Consumer Non-Durables,Food: Major Diversified,51.0,67.0,64.0,53.0,34.8714,32.7286,0.25K,0.24K,1236.2,805.0,1.09B,No,962.96,931.47,933.52,936.62,913.79,498
1758,LICHSGFIN.NS,542.0,562.9,4654.56K,Finance,Finance/Rental/Leasing,51.0,80.0,47.0,49.0,18.1643,18.1643,2237.89K,4257.35K,598.2,458.9,298.13B,No,529.86,530.98,533.12,531.52,535.03,498
1759,HINDCON.NS,23.74,24.09,23.56K,Non-Energy Minerals,Construction Materials,51.0,73.0,71.0,69.0,1.6957,1.6707,23.96K,33.30K,37.75,15.66,1.22B,No,23.2,22.46,22.85,22.76,21.73,497
1760,ICICIBANK.NS,1350.4,1379.3,10086.34K,Finance,Regional Banks,51.0,40.0,56.0,44.0,24.0857,22.5071,11227.08K,10370.50K,1480.0,1187.6,9692.77B,No,1414.07,1422.9,1356.08,1414.63,1340.87,499
1761,BENGALASM.NS,6286.5,6265.0,0.37K,Consumer Durables,Automotive Aftermarket,51.0,,,,227.25,227.1429,1.00K,1.67K,6700.0,6105.0,,No,6285.4,,,,,20
1762,VOGL.NS,34.83,36.71,23281.17K,Energy Minerals,Oil & Gas Production,51.0,33.0,,,1.7164,1.7079,68407.92K,29616.76K,47.6,30.42,135.98B,No,37.94,36.98,,36.58,,66
1763,S&SPOWER.NS,332.85,350.35,2.99K,Producer Manufacturing,Electrical Products,51.0,72.0,24.0,24.0,22.65,21.2179,4.08K,3.20K,468.9,193.5,4.11B,No,323.62,330.62,328.64,327.18,351.63,496
1764,JINDCAP.BO,34.0,33.56,3.50K,Miscellaneous,Investment Trusts,51.0,85.0,58.0,53.0,2.8579,2.83,3.68K,4.92K,49.0,26.18,245.08M,No,33.32,32.18,33.34,32.26,32.73,495
1765,POLYCAB.NS,8143.5,8241.0,301.73K,Producer Manufacturing,Electrical Products,51.0,12.0,17.0,52.0,248.2143,203.75,370.24K,526.88K,10126.0,6663.0,1226.70B,No,8786.6,9006.67,8352.01,8807.25,8673.37,499
1766,SARTHAKGL.BO,32.5,32.5,0.00K,Finance,Investment Banks/Brokers,51.0,4.0,26.0,11.0,1.8336,1.53,0.59K,1.07K,76.57,22.24,97.50M,No,36.21,38.12,37.75,37.77,39.05,496
1767,GPTINFRA.NS,111.72,112.21,131.23K,Industrial Services,Engineering & Construction,51.0,43.0,44.0,45.0,3.9793,3.8936,310.09K,287.63K,150.0,96.22,14.12B,No,112.39,116.31,113.76,114.31,114.97,497
1768,KEYCORP.BO,71.52,75.28,0.85K,Finance,Finance/Rental/Leasing,51.0,65.0,77.0,43.0,4.6793,4.3586,1.35K,0.83K,127.1,56.3,429.12M,No,75.62,72.38,74.71,74.83,71.17,495
1769,WPIL.NS,428.55,435.25,30.78K,Producer Manufacturing,Industrial Machinery,51.0,,,,13.9143,13.8107,61.59K,37.01K,468.0,418.65,,No,441.98,,,,,20
1770,DSSL.NS,1034.4,1059.1,38.86K,Technology Services,Information Technology Services,51.0,4.0,9.0,58.0,41.1357,41.1357,40.56K,32.91K,1924.8,781.0,13.18B,No,1067.33,1173.56,1115.07,1142.62,1173.3,497
1771,HARISH.BO,62.87,63.0,1.42K,Producer Manufacturing,Industrial Machinery,51.0,23.0,46.0,35.0,3.8843,3.5843,2.32K,2.12K,75.5,52.4,209.73M,No,63.86,66.32,64.81,66.25,65.62,495
1772,PETRONET.NS,283.95,287.2,1170.48K,Utilities,Gas Distributors,51.0,67.0,51.0,36.0,6.0714,5.6214,2092.53K,1640.13K,326.4,235.35,425.93B,No,289.61,282.56,280.48,283.67,278.35,498
1773,HYUNDAI.NS,2140.0,2174.0,451.66K,Consumer Durables,Motor Vehicles,51.0,49.0,68.0,47.0,56.1857,54.6428,728.18K,652.71K,2890.0,1658.0,1738.84B,No,2202.17,2122.72,2072.07,2153.09,1995.44,474
1774,IITL.NS,148.84,149.01,96.95K,Finance,Financial Conglomerates,51.0,67.0,63.0,59.0,9.1621,9.1621,119.53K,104.06K,216.0,108.0,3.11B,No,151.61,141.89,146.68,143.13,143.52,496
1775,PSTITANIA.BO,1075000.0,1075000.0,0.00K,Miscellaneous,Investment Trusts,51.0,51.0,50.0,33.0,2500.0,714.2857,,0.00K,1190000.0,1045500.0,4.80B,No,1095000.0,1117800.0,1089498.07,1106000.0,1096970.37,279
1776,VRAJ.NS,125.08,125.5,18.61K,Non-Energy Minerals,Steel,51.0,66.0,54.0,47.0,3.9893,3.9807,43.56K,16.91K,159.99,93.0,4.13B,No,123.38,124.86,124.31,125.24,122.24,499
1777,DHUNINV.NS,978.45,995.0,0.57K,Process Industries,Chemicals: Specialty,51.0,34.0,80.0,59.0,52.0714,50.6286,3.27K,0.93K,1573.1,667.1,5.97B,No,1001.99,957.62,962.04,966.02,893.72,496
1778,ARIHANTCAP.NS,81.45,79.0,1185.06K,Finance,Investment Banks/Brokers,51.0,81.0,74.0,55.0,2.9579,2.8643,292.39K,156.03K,120.0,56.97,8.93B,No,77.81,76.51,76.8,77.77,72.64,498
1779,KOTARISUG.NS,27.48,28.57,42.26K,Process Industries,Agricultural Commodities/Milling,51.0,72.0,65.0,55.0,2.0986,2.0364,180.31K,85.69K,39.94,22.5,2.28B,No,30.68,27.65,26.37,27.82,26.21,498
1780,JINDALSTEL.NS,1095.0,1120.5,816.29K,Non-Energy Minerals,Steel,51.0,60.0,41.0,26.0,33.9,30.5429,1103.25K,674.05K,1306.2,977.1,1114.15B,No,1143.23,1098.03,1130.73,1104.52,1152.23,498
1781,SALGUTI.BO,30.4,27.65,0.01K,Process Industries,Textiles,51.0,2.0,20.0,45.0,0.8457,0.4029,0.07K,0.10K,38.47,21.37,229.12M,No,29.85,31.85,28.65,31.28,29.76,496
1782,GRAVITA.NS,1639.0,1668.2,126.74K,Non-Energy Minerals,Other Metals/Minerals,51.0,23.0,50.0,51.0,50.0786,49.2643,250.97K,186.47K,1913.6,1266.9,119.38B,No,1752.98,1756.87,1671.12,1735.3,1644.47,499
1783,GGDPROP.BO,70.6,71.5,0.10K,Producer Manufacturing,Industrial Machinery,51.0,40.0,70.0,48.0,2.2879,1.8429,1.39K,0.67K,89.99,46.5,336.15M,No,71.39,73.02,68.6,72.93,66.93,495
1784,KIRLOSBROS.NS,1728.0,1784.0,80.12K,Producer Manufacturing,Industrial Machinery,51.0,16.0,49.0,54.0,40.9714,39.8429,166.25K,27.05K,2189.2,1335.0,137.22B,No,1878.8,1888.76,1705.25,1857.65,1739.38,498
1785,ARROWHEAD.BO,74.3,74.3,0.60K,Process Industries,Containers/Packaging,51.0,70.0,61.0,46.0,1.1214,0.9286,0.35K,0.07K,93.9,68.0,139.04M,No,73.39,71.5,72.3,72.46,71.61,497
1786,MAMATA.NS,396.65,407.85,46.87K,Producer Manufacturing,Industrial Machinery,51.0,30.0,67.0,42.0,13.4,13.3679,67.47K,52.43K,515.0,297.0,9.76B,No,408.7,403.44,401.56,408.04,395.56,429
1787,JBMA.NS,603.9,620.3,226.95K,Producer Manufacturing,Auto Parts: Oem,50.0,48.0,24.0,61.0,16.925,16.8036,696.54K,312.62K,790.0,477.0,142.82B,No,628.94,648.4,617.91,642.16,628.68,499
1788,KAJARIR.BO,31.89,32.66,7.26K,Non-Energy Minerals,Steel,50.0,78.0,20.0,58.0,1.82,1.8129,5.65K,6.60K,41.8,20.15,1.13B,No,32.11,33.88,31.47,33.43,32.76,495
1789,JUSTO.BO,100.0,101.0,3.00K,Finance,Real Estate Development,50.0,85.0,70.0,37.0,1.5464,0.4429,9.46K,1.90K,136.8,72.0,1.88B,No,105.57,95.03,95.86,95.56,95.56,238
1790,IZMO.NS,896.05,906.8,182.55K,Technology Services,Packaged Software,50.0,37.0,20.0,65.0,44.6,44.4,128.00K,222.78K,1374.7,562.0,13.42B,No,884.6,969.3,830.38,955.36,845.84,497
1791,GULPOLY.NS,170.03,174.84,150.85K,Consumer Non-Durables,Food: Specialty/Candy,50.0,19.0,11.0,47.0,4.725,4.7207,573.12K,159.36K,227.63,121.5,10.57B,No,186.39,189.65,170.06,187.64,181.52,498
1792,PRIMO.NS,22.31,23.71,179.45K,Process Industries,Chemicals: Specialty,50.0,10.0,35.0,71.0,1.2364,1.2364,205.66K,274.66K,26.9,16.1,5.41B,No,21.44,22.82,22.44,23.0,22.55,350
1793,CASTROLIND.NS,187.82,188.03,2080.99K,Energy Minerals,Oil Refining/Marketing,50.0,63.0,56.0,39.0,2.365,2.365,2024.63K,2051.55K,210.75,170.1,185.78B,No,187.39,186.64,185.37,187.25,184.64,499
1794,TEEAI.BO,115.0,116.6,0.00K,Process Industries,Chemicals: Agricultural,50.0,62.0,54.0,46.0,4.3179,4.0179,0.71K,0.32K,140.3,99.0,645.15M,No,114.62,115.6,114.76,114.89,114.36,495
1795,MPILCORPL.BO,488.6,488.6,0.00K,Commercial Services,Miscellaneous Commercial Services,50.0,94.0,6.0,73.0,3.8357,0.0321,0.01K,0.00K,639.2,324.7,279.27M,No,459.55,455.26,446.13,449.02,471.39,496
1796,ARVEE.NS,168.6,180.69,5.65K,Process Industries,Chemicals: Specialty,50.0,61.0,51.0,50.0,15.3357,14.3643,7.57K,25.05K,290.78,129.11,1.86B,No,174.13,165.53,168.94,164.01,161.41,496
1797,SANDESH.NS,1018.8,1014.6,0.50K,Consumer Services,Publishing: Newspapers,50.0,38.0,65.0,50.0,38.5679,38.1714,3.01K,1.48K,1270.0,811.0,7.71B,No,1038.76,1021.23,1013.31,1027.49,996.15,496
1798,SURAJ.BO,245.2,250.45,1.65K,Non-Energy Minerals,Steel,50.0,68.0,57.0,47.0,15.15,14.5286,3.67K,3.54K,444.7,156.2,2.80B,No,258.47,238.89,227.96,240.68,232.64,495
1799,AAATECH.NS,91.98,91.88,189.71K,Technology Services,Information Technology Services,50.0,67.0,41.0,34.0,2.8764,2.8764,20.48K,9.19K,136.0,76.11,1.18B,No,93.09,92.81,96.69,91.89,94.52,496
1800,MOTOGENFIN.NS,25.15,25.59,41.48K,Finance,Real Estate Development,50.0,45.0,22.0,68.0,1.9457,1.9057,23.15K,103.69K,34.4,17.5,981.30M,No,27.09,27.06,24.75,26.58,25.49,498
1801,ASHOKLEY.NS,156.65,163.75,17909.95K,Producer Manufacturing,Trucks/Construction/Farm Machinery,50.0,22.0,51.0,14.0,4.59,4.3729,18782.75K,13111.62K,215.42,133.99,,No,171.07,166.45,171.75,165.98,165.79,499
1802,TITAGARH.NS,811.45,842.15,476.27K,Producer Manufacturing,Trucks/Construction/Farm Machinery,50.0,50.0,30.0,66.0,29.8679,29.1607,597.82K,884.68K,971.0,568.7,97.28B,No,844.55,842.26,795.76,838.76,787.62,499
1803,INDOAMIN.NS,122.67,126.92,29.98K,Process Industries,Chemicals: Major Diversified,50.0,36.0,36.0,64.0,4.0564,4.0564,82.65K,47.26K,149.0,81.9,8.90B,No,123.31,126.1,120.15,125.91,119.87,497
1804,EXPLEOSOL.NS,862.6,889.5,33.12K,Technology Services,Information Technology Services,50.0,76.0,61.0,57.0,28.6429,27.4214,170.91K,65.01K,1175.1,640.0,13.39B,No,882.49,847.12,862.26,847.51,815.46,497
1805,SANPA.BO,189.95,189.05,0.18K,Process Industries,Pulp & Paper,50.0,79.0,64.0,38.0,8.5714,7.0107,0.23K,0.20K,245.0,143.05,248.31M,No,194.46,172.98,175.63,174.92,170.25,495
1806,BANSALWIRE.NS,303.7,309.35,82.92K,Non-Energy Minerals,Steel,50.0,41.0,53.0,65.0,8.3786,8.2714,185.69K,73.18K,370.0,222.5,47.55B,No,316.78,319.81,300.14,317.12,300.77,497
1807,SAPPL.NS,287.6,290.8,1.74K,Process Industries,Pulp & Paper,50.0,,,,17.1786,16.9179,1.30K,1.47K,309.0,270.0,2.56B,No,284.95,,,,,20
1808,JGTL.BO,530.0,535.65,0.74K,Electronic Technology,Electronic Equipment/Instruments,50.0,62.0,63.0,43.0,16.9214,16.8214,1.10K,1.32K,668.0,433.0,2.40B,No,533.36,516.53,517.78,518.68,504.41,495
1809,RAMANEWS.NS,30.94,30.95,16.17K,Process Industries,Pulp & Paper,50.0,49.0,60.0,10.0,1.685,1.62,32.57K,34.30K,42.0,27.05,4.66B,No,32.04,30.89,31.18,30.77,31.3,496
1810,FLUIDOM.BO,760.35,760.9,4.12K,Producer Manufacturing,Miscellaneous Manufacturing,50.0,7.0,40.0,74.0,25.2036,25.2036,4.66K,2.34K,1064.4,550.0,3.75B,No,756.02,851.35,743.58,841.14,766.97,495
1811,DEEPAKFERT.NS,1284.8,1320.4,232.54K,Process Industries,Chemicals: Agricultural,50.0,13.0,17.0,73.0,40.7357,39.5571,339.75K,294.98K,1681.0,866.4,162.35B,No,1414.25,1502.4,1291.6,1460.7,1333.26,498
1812,ENTRINT.BO,23.3,23.3,0.15K,Distribution Services,Wholesale Distributors,50.0,74.0,42.0,48.0,0.8086,0.5943,0.45K,0.35K,29.66,17.34,69.54M,No,21.43,20.67,21.86,20.9,21.41,495
1813,SONAL.NS,90.5,86.25,0.10K,Finance,Finance/Rental/Leasing,50.0,,,,2.0479,1.5064,0.10K,0.13K,94.0,82.5,1.33B,No,88.76,,,,,20
1814,HCC.NS,21.32,22.73,20538.72K,Industrial Services,Engineering & Construction,50.0,79.0,15.0,73.0,1.1207,1.1043,35116.33K,28310.29K,30.0,13.65,55.85B,No,22.75,22.18,20.6,21.83,20.98,499
1815,TATASTEEL.NS,183.65,183.0,31851.03K,Non-Energy Minerals,Steel,50.0,61.0,38.0,27.0,5.0593,4.8286,26112.35K,31022.69K,224.4,160.06,2290.91B,No,185.39,186.51,193.35,185.42,196.49,499
1816,NAHARCAP.NS,252.65,258.9,6.63K,Finance,Investment Managers,50.0,53.0,50.0,60.0,7.6957,7.56,4.21K,3.42K,307.0,191.0,4.23B,No,257.36,254.85,247.95,255.05,246.94,496
1817,SHANKESH.NS,94.35,101.3,5761.35K,Consumer Durables,Other Consumer Specialties,50.0,,,,7.6571,7.4636,16740.38K,11344.23K,115.9,87.25,13.87B,No,,,,,,15
1818,BDI.BO,110.0,110.0,1.20K,Producer Manufacturing,Miscellaneous Manufacturing,50.0,55.0,42.0,45.0,1.0929,0.7429,3.24K,0.53K,114.5,98.0,1.56B,No,109.0,109.09,108.76,108.85,108.93,277
1819,NEAGI.NS,3308.0,3435.0,0.01K,Consumer Non-Durables,Food: Major Diversified,50.0,,,,91.7786,68.5714,0.04K,0.02K,3600.0,3256.0,,No,3393.01,,,,,20
1820,SBIN.NS,968.0,995.7,9993.22K,Finance,Regional Banks,50.0,20.0,42.0,18.0,17.9286,16.4714,9803.98K,7835.52K,1234.7,821.65,8935.24B,No,1028.55,1037.1,1041.12,1032.76,1039.3,499
1821,LT.NS,3850.7,3930.7,1848.31K,Industrial Services,Engineering & Construction,50.0,39.0,33.0,37.0,62.9357,61.1428,1726.31K,1404.95K,4440.0,3288.1,5298.05B,No,4007.44,3961.68,3981.22,3953.63,3939.57,499
1822,CONCOR.NS,483.7,499.25,565.84K,Transportation,Railroads,50.0,25.0,62.0,42.0,12.775,12.0607,1990.62K,1062.50K,569.8,421.45,368.39B,No,509.04,503.54,494.74,504.41,487.13,499
1823,SUPREMEINF.NS,81.4,85.04,33.79K,Industrial Services,Engineering & Construction,50.0,24.0,53.0,54.0,4.2914,4.2379,148.77K,66.66K,113.0,58.11,7.94B,No,85.44,84.77,81.35,84.98,79.54,497
1824,OBCL.NS,56.58,55.78,18.53K,Transportation,Trucking,49.0,77.0,40.0,44.0,2.5936,2.5793,16.56K,5.37K,62.0,46.51,1.19B,No,55.3,54.06,55.14,54.37,55.07,496
1825,AHMDSTE.BO,168.5,173.1,2.54K,Producer Manufacturing,Building Products,49.0,50.0,65.0,51.0,10.7643,10.7607,5.27K,1.52K,238.4,84.0,2.54B,No,172.62,177.43,172.94,172.94,167.4,495
1826,ENDURANCE.NS,2614.6,2692.6001,45.52K,Producer Manufacturing,Metal Fabrication,49.0,12.0,52.0,49.0,72.7,72.6714,133.27K,87.56K,3072.0,2142.8,367.78B,No,2868.62,2817.96,2593.45,2797.75,2599.39,498
1827,NIKHILAD.BO,80.5,82.9,5.35K,Process Industries,Industrial Specialties,49.0,74.0,46.0,69.0,3.7414,3.7207,13.52K,12.01K,122.0,56.78,3.70B,No,81.11,76.95,78.1,78.09,78.26,495
1828,VPL.BO,36.45,32.0,7.20K,Process Industries,Agricultural Commodities/Milling,49.0,79.0,64.0,52.0,0.5607,0.4179,1.43K,0.13K,55.0,30.1,225.61M,No,33.52,33.61,35.61,33.97,34.08,498
1829,PICCADIL.NS,585.65,602.15,118.99K,Process Industries,Agricultural Commodities/Milling,49.0,22.0,56.0,50.0,18.2429,18.1536,317.83K,193.85K,809.7,515.0,57.73B,No,644.59,691.61,607.15,675.03,612.46,302
1830,HLEGLAS.NS,395.4,404.35,745.01K,Producer Manufacturing,Industrial Machinery,49.0,90.0,57.0,70.0,17.4143,17.4143,380.06K,481.34K,661.95,250.0,27.46B,No,330.38,379.62,369.04,382.83,349.49,498
1831,SPCAPIT.BO,52.71,54.63,3.83K,Finance,Investment Banks/Brokers,49.0,62.0,38.0,24.0,2.2921,1.925,0.60K,0.55K,76.79,46.55,316.90M,No,51.93,51.9,55.77,51.82,54.85,495
1832,PURSHOTTAM.BO,35.5,33.85,1.16K,Finance,Investment Banks/Brokers,49.0,62.0,62.0,51.0,1.5086,1.1043,19.90K,59.41K,44.93,30.0,263.53M,No,34.2,34.75,36.33,34.51,35.11,495
1833,AZTEC.BO,94.0,96.0,4.00K,Producer Manufacturing,Industrial Machinery,49.0,60.0,69.0,35.0,3.6793,3.2293,26.41K,25.30K,128.0,83.0,1.28B,No,96.4,97.88,99.09,97.69,95.95,497
1834,INCAP.BO,84.0,85.6,0.37K,Electronic Technology,Electronic Components,49.0,27.0,56.0,34.0,4.7286,4.415,1.38K,0.55K,160.99,64.0,431.19M,No,86.13,90.68,86.73,88.65,90.81,495
1835,GMDCLTD.NS,553.45,575.35,947.59K,Distribution Services,Wholesale Distributors,49.0,40.0,26.0,40.0,14.6679,14.0607,1181.21K,1229.07K,771.9,466.4,176.00B,No,566.72,574.22,592.22,570.13,604.59,499
1836,NHPC.NS,76.04,76.38,8553.36K,Utilities,Electric Utilities,49.0,56.0,57.0,43.0,1.4814,1.4543,14773.18K,11770.75K,89.22,71.62,763.82B,No,76.25,77.71,77.88,77.08,77.59,499
1837,MODIPON.BO,39.9,42.0,0.00K,Finance,Real Estate Development,49.0,89.0,7.0,68.0,1.4664,0.5271,0.27K,0.45K,65.77,29.26,461.91M,No,38.92,35.81,38.94,35.91,40.04,494
1838,OXYGENTAPH.BO,53.44,55.88,10.48K,Health Technology,Pharmaceuticals: Major,49.0,2.0,72.0,44.0,2.8221,2.7757,10.53K,13.40K,74.0,43.0,1.98B,No,58.79,54.6,53.98,55.46,53.07,495
1839,PARAGONF.BO,52.12,53.75,0.00K,Finance,Finance/Rental/Leasing,49.0,73.0,70.0,52.0,3.2093,2.8836,1.21K,0.24K,63.67,37.25,221.51M,No,54.49,51.85,50.7,52.99,51.18,496
1840,CANTABIL.NS,240.3,240.21,198.19K,Consumer Non-Durables,Apparel/Footwear,49.0,74.0,70.0,34.0,6.5164,6.14,292.49K,144.06K,321.5,208.5,20.10B,No,240.61,243.48,250.46,241.74,238.86,496
1841,NMDC.NS,80.5,82.4,10436.10K,Non-Energy Minerals,Other Metals/Minerals,49.0,40.0,31.0,38.0,2.2114,2.0714,18827.41K,13259.65K,97.49,72.24,707.74B,No,84.95,84.7,83.93,84.01,85.11,499
1842,SANJIVIN.BO,177.3,180.65,1.49K,Health Technology,Pharmaceuticals: Major,49.0,29.0,77.0,41.0,11.525,11.525,18.81K,34.21K,263.95,126.0,2.18B,No,189.11,172.85,175.75,177.24,163.45,495
1843,FIL.BO,208.95,208.95,3.60K,Consumer Non-Durables,Apparel/Footwear,49.0,70.0,54.0,27.0,7.5607,7.0571,9.73K,2.40K,230.0,178.0,1.64B,No,202.91,207.13,,206.5,211.03,139
1844,MARKOLINES.NS,163.08,170.86,160.47K,Industrial Services,Engineering & Construction,49.0,30.0,42.0,47.0,5.4993,5.4993,329.93K,315.69K,191.75,131.65,3.59B,No,172.12,173.34,161.47,171.98,164.04,229
1845,GOACARBON.NS,384.9,413.4,47.92K,Process Industries,Industrial Specialties,49.0,74.0,49.0,62.0,23.1107,21.8464,46.94K,208.72K,494.9,272.85,3.52B,No,374.84,378.6,377.6,376.24,370.43,497
1846,VGUARD.NS,321.9,323.7,439.50K,Producer Manufacturing,Electrical Products,49.0,49.0,64.0,42.0,8.9929,8.6714,1204.51K,670.89K,392.2,288.8,140.64B,No,333.74,318.55,320.73,319.81,317.19,497
1847,SVGLOBAL.NS,131.84,133.35,2.54K,Finance,Real Estate Development,49.0,,,,18.4543,16.4336,18.21K,33.91K,172.81,114.3,,No,134.81,,,,,20
1848,SUGALDAM.BO,67.5,65.0,0.48K,Commercial Services,Miscellaneous Commercial Services,49.0,66.0,64.0,38.0,3.5,2.8621,1.56K,1.33K,117.7,51.25,421.88M,No,63.95,63.0,64.28,63.55,62.4,495
1849,MUTHOOTCAP.NS,222.9,226.85,11.45K,Finance,Finance/Rental/Leasing,49.0,9.0,72.0,54.0,10.2964,10.2964,21.58K,9.77K,303.0,175.25,3.67B,No,242.64,236.39,228.45,236.88,214.82,497
1850,BAJAJFINSV.NS,1855.5,1913.5,486.12K,Finance,Life/Health Insurance,49.0,27.0,61.0,43.0,37.5143,35.1643,1155.39K,637.00K,2195.0,1597.0,2969.25B,No,1977.93,1960.64,1899.59,1955.05,1839.88,499
1851,SHRICON.BO,174.8,184.0,0.53K,Industrial Services,Engineering & Construction,49.0,54.0,14.0,25.0,5.5643,2.2036,0.15K,0.05K,278.0,122.55,216.75M,No,185.0,189.22,194.02,189.55,194.88,496
1852,MERCURYLAB.BO,780.0,780.0,0.05K,Health Technology,Pharmaceuticals: Major,49.0,70.0,58.0,41.0,13.3607,11.0893,0.12K,0.02K,942.9,620.55,936.00M,No,770.39,794.89,795.81,790.5,782.54,495
1853,FMGOETZE.NS,445.65,461.0,274.58K,Producer Manufacturing,Industrial Machinery,49.0,50.0,56.0,59.0,36.175,27.1714,1265.75K,1854.88K,641.1,358.0,24.79B,No,516.42,491.82,452.56,487.27,449.75,497
1854,TALBROSENG.BO,625.55,634.95,0.58K,Non-Energy Minerals,Steel,49.0,27.0,37.0,36.0,18.6107,18.475,2.57K,1.53K,766.0,560.5,3.18B,No,619.13,662.14,651.78,649.55,658.65,495
1855,CERA.NS,5572.0,5587.5,4.10K,Consumer Durables,Home Furnishings,49.0,35.0,25.0,66.0,121.4643,117.2143,10.99K,5.23K,6740.0,4461.1,71.85B,No,5722.75,5985.23,5501.38,5859.1,5592.74,497
1856,TRITURBINE.NS,546.9,569.65,1820.48K,Producer Manufacturing,Industrial Machinery,49.0,28.0,12.0,61.0,18.3072,18.2607,847.03K,432.12K,787.6,428.35,173.86B,No,574.29,599.56,562.69,590.66,581.06,498
1857,BARODARY.BO,121.05,124.25,1.24K,Process Industries,Textiles,49.0,37.0,42.0,61.0,4.1714,4.1214,1.01K,0.45K,148.4,100.1,2.77B,No,123.53,126.55,119.98,125.2,121.7,495
1858,STEELCITY.NS,86.12,90.3,17.88K,Finance,Investment Banks/Brokers,49.0,73.0,72.0,48.0,4.1929,4.1093,21.83K,28.08K,105.57,71.26,1.30B,No,84.66,80.99,83.48,82.09,80.95,496
1859,AIIL.NS,529.85,544.35,279.49K,Finance,Financial Conglomerates,49.0,33.0,44.0,60.0,21.7071,21.1286,540.04K,1022.67K,683.0,400.0,449.96B,No,537.97,543.48,519.13,549.51,507.5,499
1860,TGVSL.NS,103.91,105.91,127.83K,Process Industries,Chemicals: Specialty,49.0,,,,3.5393,3.5286,172.87K,211.58K,114.24,102.5,11.13B,No,106.18,,,,,20
1861,AMBICAAGAR.NS,24.94,24.99,8.11K,Process Industries,Chemicals: Major Diversified,48.0,63.0,50.0,49.0,1.6207,1.62,16.45K,79.33K,29.68,20.0,428.40M,No,25.05,24.91,24.51,25.15,24.42,496
1862,INDIGO.NS,4776.0,4973.0,860.30K,Transportation,Airlines,48.0,15.0,47.0,53.0,118.2857,105.3214,894.47K,695.26K,5970.0,3895.2,1846.72B,No,5091.7,5192.07,4855.9,5104.95,4765.81,497
1863,RVTH.NS,680.5,740.95,4.98K,Industrial Services,Oilfield Services/Equipment,48.0,30.0,45.0,58.0,36.4607,36.3607,1.04K,1.83K,1300.0,491.1,2.09B,No,735.49,724.12,681.1,719.39,672.18,497
1864,ARISINT.BO,397.15,397.15,0.07K,Producer Manufacturing,Auto Parts: Oem,48.0,32.0,44.0,49.0,1.4929,0.0,0.01K,0.01K,608.0,317.1,595.72M,No,407.6,403.92,379.88,403.82,385.15,497
1865,ACGL.NS,1732.1,1785.7,0.94K,Producer Manufacturing,Auto Parts: Oem,48.0,,,,65.0,64.2857,0.69K,0.88K,1961.9,1702.0,,No,1786.7,,,,,20
1866,GANESHHOU.NS,745.1,763.4,26.11K,Consumer Durables,Homebuilding,48.0,23.0,46.0,62.0,25.975,25.7893,84.47K,29.72K,899.7,500.0,62.13B,No,791.94,799.82,735.63,783.98,718.05,497
1867,SHILCTECH.NS,4078.3,4174.3999,15.00K,Producer Manufacturing,Electrical Products,48.0,73.0,48.0,47.0,123.3143,122.6143,27.78K,16.79K,5399.0,2852.5,46.66B,No,4029.29,4240.86,4096.94,4207.17,4243.11,204
1868,KAIRA.BO,1455.15,1489.0,0.24K,Process Industries,Containers/Packaging,48.0,11.0,43.0,59.0,39.5143,24.825,0.25K,1.36K,1768.8,1120.0,1.34B,No,1533.42,1585.81,1460.11,1568.88,1457.19,497
1869,DWARKESH.NS,41.72,44.74,3029.93K,Process Industries,Agricultural Commodities/Milling,48.0,51.0,35.0,47.0,2.9093,2.9093,3110.29K,3539.04K,59.9,32.13,7.73B,No,49.32,44.92,41.66,44.75,43.73,497
1870,NIKKIGL.BO,19.5,18.62,0.11K,Finance,Investment Banks/Brokers,48.0,21.0,30.0,18.0,0.7857,0.6021,10.75K,0.40K,22.8,14.27,66.68M,No,19.15,18.72,19.97,18.86,20.7,496
1871,SHILGRAVQ.NS,159.62,163.94,3.50K,Producer Manufacturing,Industrial Machinery,48.0,,,,9.6771,9.27,9.12K,14.34K,179.7,143.0,981.63M,No,160.03,,,,,20
1872,INDOSTAR.NS,233.07,244.38,94.43K,Finance,Finance/Rental/Leasing,48.0,34.0,41.0,55.0,9.1264,8.7793,154.08K,192.38K,292.0,179.03,37.68B,No,252.36,254.89,232.15,249.68,231.06,498
1873,PATELRMART.NS,207.44,211.05,61.87K,Retail Trade,Food Retail,48.0,36.0,36.0,66.0,7.2957,7.275,171.33K,77.68K,266.0,150.25,6.93B,No,223.87,222.74,203.75,221.06,204.06,264
1874,SMARITIME.BO,22.5,22.5,1.60K,Transportation,Marine Shipping,48.0,45.0,80.0,77.0,0.2364,0.0914,1.07K,0.53K,46.0,15.26,69.09M,No,23.05,22.33,23.16,22.35,20.28,498
1875,KVFORGE.BO,131.6,132.4,1.58K,Producer Manufacturing,Metal Fabrication,48.0,43.0,47.0,48.0,6.1964,6.0393,5.74K,1.74K,184.0,106.0,1.44B,No,137.64,146.78,136.72,141.94,136.84,495
1876,AFSL.NS,201.03,201.0,7.90K,Finance,Investment Managers,48.0,39.0,52.0,36.0,5.9321,5.9236,12.85K,9.61K,227.0,194.41,10.30B,No,203.77,203.0,202.09,202.73,202.14,496
1877,BANKINDIA.NS,137.61,140.0,4475.66K,Finance,Major Banks,48.0,41.0,40.0,19.0,3.0114,2.9079,7735.77K,5178.66K,178.36,116.0,626.49B,No,142.48,142.22,147.51,142.22,145.18,499
1878,GOKUL.NS,39.92,42.03,194.90K,Process Industries,Agricultural Commodities/Milling,48.0,66.0,46.0,37.0,2.1457,2.1457,190.51K,206.86K,46.8,31.0,3.95B,No,41.96,40.73,39.82,40.68,40.58,496
1879,GOLDENCREST.BO,324.8,324.8,0.00K,Commercial Services,Miscellaneous Commercial Services,48.0,69.0,19.0,66.0,0.9321,0.0,0.01K,0.01K,378.0,224.8,1.70B,No,321.07,336.36,322.26,330.62,333.99,497
1880,IFBIND.NS,1272.0,1300.1,43.23K,Consumer Durables,Electronics/Appliances,48.0,26.0,53.0,66.0,37.7928,37.7928,77.14K,35.01K,2019.8,883.2,51.54B,No,1339.84,1344.95,1272.43,1334.18,1208.16,498
1881,HBPOR.NS,59.99,59.99,1.36K,Finance,Investment Banks/Brokers,48.0,,,,4.065,3.9793,1.00K,0.80K,65.0,48.6,645.75M,No,60.29,,,,,20
1882,FRUTION.BO,33.28,31.7,0.38K,Finance,Investment Banks/Brokers,48.0,1.0,66.0,26.0,2.1621,1.655,0.63K,0.30K,48.43,26.2,153.09M,No,38.35,39.53,36.6,39.32,36.02,496
1883,JSL.NS,723.55,756.1,547.46K,Non-Energy Minerals,Steel,48.0,55.0,59.0,40.0,23.4179,23.4179,642.35K,1437.21K,884.0,652.25,596.17B,No,727.91,727.15,748.73,728.3,729.68,498
1884,DHARMAJ.NS,268.25,269.35,39.75K,Process Industries,Chemicals: Agricultural,48.0,51.0,44.0,53.0,6.2,6.2,53.42K,41.61K,345.0,210.65,9.07B,No,269.38,266.38,255.29,267.12,261.75,497
1885,TEXRAIL.NS,110.71,117.81,2149.51K,Producer Manufacturing,Trucks/Construction/Farm Machinery,48.0,76.0,58.0,57.0,4.6043,4.4771,2352.51K,3604.60K,153.0,78.05,45.04B,No,111.05,111.36,111.99,110.89,106.15,499
1886,TAIIND.BO,27.48,29.65,0.18K,Distribution Services,Wholesale Distributors,48.0,71.0,47.0,37.0,2.8679,2.6936,0.98K,0.53K,36.79,20.7,164.88M,No,25.33,24.93,26.67,25.45,25.69,496
1887,SSPRL.BO,124.9,124.0,409.00K,Consumer Services,Movies/Entertainment,48.0,60.0,,,5.0857,4.9393,167.90K,45.20K,138.9,110.1,2.83B,No,122.49,,,,,32
1888,KJMCFIN.NS,60.95,60.51,0.21K,Finance,Investment Banks/Brokers,48.0,,,,4.5886,4.5293,3.95K,1.53K,84.5,55.35,291.69M,No,65.56,,,,,20
1889,RAJPACK.BO,30.1,30.5,1.12K,Process Industries,Containers/Packaging,48.0,83.0,57.0,49.0,1.3664,1.2357,1.68K,1.48K,45.85,24.8,137.55M,No,29.22,28.87,31.34,29.02,29.26,495
1890,SRHHYPOLTD.NS,497.4,523.8,59.41K,Process Industries,Chemicals: Specialty,48.0,64.0,52.0,60.0,18.9214,18.8179,10.49K,20.85K,619.95,382.4,8.54B,No,495.17,493.83,487.81,496.65,486.18,497
1891,AXISBANK.NS,1222.9,1246.0,5698.00K,Finance,Major Banks,48.0,62.0,26.0,27.0,25.1643,21.9929,6103.12K,4584.75K,1418.3,1104.0,3807.41B,No,1249.97,1259.44,1288.03,1249.34,1281.87,498
1892,JOCIL.NS,142.39,149.89,8.18K,Process Industries,Chemicals: Specialty,48.0,49.0,35.0,55.0,8.6664,8.6207,5.23K,20.22K,175.12,91.25,1.26B,No,151.33,148.15,138.54,147.73,136.98,497
1893,OLECTRA.NS,1179.2,1209.5,381.70K,Consumer Durables,Motor Vehicles,48.0,6.0,33.0,70.0,40.6571,40.0,601.59K,331.44K,1714.2,866.6,96.79B,No,1268.31,1328.48,1210.96,1295.75,1240.81,498
1894,GNRL.NS,102.54,104.29,71.24K,Energy Minerals,Integrated Oil,48.0,,,,4.6314,4.5543,293.55K,511.63K,117.8,94.21,13.17B,No,101.89,,,,,20
1895,SCHAEFFLER.NS,3916.4,3950.5,50.30K,Producer Manufacturing,Metal Fabrication,48.0,41.0,45.0,29.0,69.5071,69.5071,67.23K,44.25K,4467.7,3518.4,612.15B,No,3998.82,4065.03,3998.44,4028.6,4078.63,498
1896,THERMAX.NS,3559.4,3682.0,211.94K,Producer Manufacturing,Industrial Machinery,48.0,12.0,5.0,55.0,105.9429,105.6,253.39K,137.35K,5277.8,2742.7,400.96B,No,3834.12,4163.85,3762.62,4037.78,4086.28,498
1897,MGIL.BO,44.69,44.52,18.27K,Finance,Investment Banks/Brokers,48.0,92.0,77.0,64.0,5.3343,5.2143,11.55K,30.43K,78.43,26.51,223.46M,No,38.05,38.28,42.93,39.01,39.7,495
1898,ELEMARB.BO,193.2,187.0,0.04K,Producer Manufacturing,Building Products,47.0,83.0,57.0,46.0,8.8821,8.4571,0.32K,0.43K,248.95,132.7,572.45M,No,175.51,176.58,192.96,178.01,185.84,495
1899,ISHITADR.BO,73.75,74.0,0.01K,Health Technology,Pharmaceuticals: Other,47.0,63.0,41.0,38.0,1.7457,1.3207,1.85K,1.14K,90.85,66.0,220.53M,No,73.45,73.62,74.84,74.03,75.48,494
1900,AFFLE.NS,1536.4,1567.6,132.65K,Technology Services,Packaged Software,47.0,33.0,59.0,54.0,52.3643,50.9571,378.71K,627.51K,2185.9,1251.3,216.23B,No,1633.83,1593.45,1544.4,1593.76,1483.78,498
1901,MANKIND.NS,2280.5,2280.0,446.43K,Health Technology,Pharmaceuticals: Major,47.0,39.0,42.0,43.0,53.2071,50.3928,406.50K,254.74K,2674.0,1909.7,941.84B,No,2354.71,2444.89,2283.07,2399.75,2325.42,497
1902,COALINDIA.NS,419.25,426.4,6126.44K,Energy Minerals,Coal,47.0,70.0,36.0,27.0,9.1893,8.6929,7845.21K,12383.68K,491.25,369.6,2583.72B,No,411.72,417.13,431.4,415.88,439.11,499
1903,VOITHPAPR.NS,1465.4,1459.6,0.61K,Process Industries,Textiles,47.0,,,,45.5357,44.0286,0.40K,0.47K,1696.0,1410.0,,No,,,,,,19
1904,UML.BO,57.39,60.0,8.00K,Retail Trade,Electronics/Appliance Stores,47.0,42.0,77.0,26.0,2.4921,2.0586,22.29K,58.40K,121.0,41.75,816.09M,No,59.03,55.58,57.97,56.54,54.24,277
1905,KEMP.BO,1102.0,1102.0,0.00K,Finance,Real Estate Development,47.0,63.0,55.0,58.0,15.0857,11.1786,0.01K,0.00K,1500.0,868.3,1.19B,No,1043.97,1071.68,1061.33,1061.24,1047.25,497
1906,TENNIND.NS,512.9,506.35,1307.70K,Producer Manufacturing,Auto Parts: Oem,47.0,40.0,30.0,32.0,14.2607,13.9321,1949.63K,820.80K,657.0,438.05,207.01B,No,533.79,547.38,551.24,538.38,563.76,207
1907,BIOCON.NS,382.0,390.65,2543.01K,Health Technology,Pharmaceuticals: Major,47.0,24.0,32.0,31.0,8.7571,8.4143,4554.25K,3564.31K,447.15,337.05,,No,404.42,417.5,395.78,413.66,399.94,499
1908,INDPRUD.NS,6081.0,6250.0,0.07K,Finance,Investment Banks/Brokers,47.0,,,,149.0714,137.7143,0.06K,0.06K,6450.0,6080.0,,No,6243.5,,,,,20
1909,JYOTIRES.NS,843.5,867.85,7.78K,Process Industries,Industrial Specialties,47.0,,,,26.1893,25.8036,10.01K,6.89K,911.0,830.25,10.12B,No,867.96,,,,,20
1910,MOSCHIP.NS,203.02,210.29,1146.15K,Electronic Technology,Semiconductors,47.0,50.0,38.0,62.0,7.4443,7.3521,3402.65K,1566.17K,288.45,146.8,39.56B,No,210.58,217.37,202.29,214.5,203.31,400
1911,SHETR.BO,101.5,100.15,0.22K,Process Industries,Containers/Packaging,47.0,83.0,73.0,41.0,4.1057,4.0171,6.66K,4.54K,142.9,83.8,913.83M,No,108.47,99.89,105.88,98.84,99.28,495
1912,KSB.NS,787.95,804.2,181.98K,Producer Manufacturing,Industrial Machinery,47.0,54.0,32.0,45.0,23.7929,23.6607,154.15K,193.82K,1028.3,666.65,137.13B,No,803.62,842.67,814.19,821.24,847.32,498
1913,SHRADDHA.NS,151.89,152.67,7.55K,Electronic Technology,Electronic Equipment/Instruments,47.0,,,,9.7114,9.6579,7.29K,7.19K,179.0,142.0,,No,154.58,,,,,20
1914,KICL.NS,4846.5,5040.5,1.57K,Finance,Financial Conglomerates,47.0,14.0,36.0,42.0,138.7143,138.0,1.73K,0.82K,6554.9,4011.0,21.16B,No,5188.8,5354.97,4992.54,5291.9,5019.34,496
1915,SHELTER.BO,33.55,30.81,144.00K,Health Technology,Pharmaceuticals: Major,47.0,94.0,73.0,38.0,1.3029,0.7964,21.71K,15.00K,46.51,23.0,564.87M,No,31.25,28.47,32.67,29.35,30.35,495
1916,FAZE3Q.NS,467.85,489.45,16.50K,Process Industries,Textiles,47.0,43.0,17.0,42.0,15.475,15.3,28.13K,13.43K,650.05,322.1,11.36B,No,488.95,530.64,488.2,514.23,499.5,497
1917,ZFSTEERING.NS,762.05,764.75,21.61K,Producer Manufacturing,Auto Parts: Oem,47.0,87.0,67.0,,24.7607,24.5893,7.03K,15.69K,894.98,620.65,6.91B,No,683.95,676.35,,690.31,,103
1918,CDSL.NS,1311.0,1360.0,1264.62K,Finance,Investment Banks/Brokers,47.0,49.0,60.0,48.0,34.1929,32.6572,1678.55K,1166.52K,1673.7,1116.3,274.00B,No,1377.12,1365.86,1336.96,1362.59,1297.95,498
1919,UCIL.BO,102.0,102.9,0.02K,Finance,Investment Banks/Brokers,47.0,78.0,68.0,49.0,3.1036,1.9214,34.38K,10.62K,129.51,61.0,4.52B,No,102.57,108.09,101.25,106.69,100.31,496
1920,RRP.BO,8290.55,8458.7998,0.01K,Finance,Investment Banks/Brokers,47.0,45.0,30.0,12.0,12.0179,0.0,0.00K,0.00K,11902.0,5893.15,112.95B,No,8467.47,8637.33,9664.76,8589.01,9213.4,498
1921,PACIFICI.NS,136.0,140.0,0.07K,Non-Energy Minerals,Construction Materials,47.0,,,,9.0,8.7029,1.06K,0.33K,160.0,129.0,937.40M,No,140.37,,,,,20
1922,ONESOURCE.NS,1599.6,1592.2,724.75K,Health Technology,Pharmaceuticals: Major,47.0,69.0,53.0,51.0,59.8357,58.6357,279.34K,496.18K,1925.0,1057.0,183.43B,No,1540.7,1591.03,1584.15,1585.88,1607.4,409
1923,MARBU.BO,46.31,45.4,0.21K,Finance,Real Estate Development,47.0,77.0,69.0,36.0,3.1307,2.8664,1.19K,0.66K,66.0,36.12,238.68M,No,44.82,44.33,46.21,45.32,45.3,495
1924,PREMIERENE.NS,945.0,974.2,569.73K,Electronic Technology,Semiconductors,47.0,29.0,27.0,63.0,27.8357,27.2,1103.07K,825.90K,1134.0,660.0,426.62B,No,1004.78,1030.71,935.37,1018.03,985.82,499
1925,WELTI.BO,23.37,23.37,0.01K,Consumer Non-Durables,Consumer Sundries,47.0,33.0,31.0,30.0,0.0,0.0,0.00K,0.00K,29.05,17.15,103.79M,No,23.68,24.48,23.41,24.36,23.46,496
1926,KRT.BO,113.45,113.28,42.31K,Finance,Real Estate Investment Trusts,47.0,52.0,47.0,32.0,1.9421,1.8107,227.29K,633.30K,129.49,108.0,503.08B,No,113.53,115.44,118.51,115.26,115.98,268
1927,GARUDA.NS,176.05,181.9,384.19K,Industrial Services,Engineering & Construction,47.0,44.0,59.0,44.0,7.1371,6.8543,1187.07K,1843.20K,249.3,130.0,16.38B,No,179.73,178.6,178.18,178.17,172.89,479
1928,CLEAN.NS,820.3,842.05,281.50K,Process Industries,Chemicals: Specialty,47.0,53.0,60.0,53.0,24.1393,23.8821,446.81K,443.52K,1212.0,652.0,87.18B,No,833.32,793.25,796.97,797.66,775.09,498
1929,HINDTIN.BO,111.0,115.95,7.15K,Process Industries,Containers/Packaging,47.0,76.0,62.0,51.0,5.425,5.3893,9.09K,6.03K,162.0,87.05,1.15B,No,115.92,108.5,113.01,109.26,108.2,495
1930,SAHARAHOUS.BO,38.63,39.5,3.02K,Finance,Finance/Rental/Leasing,47.0,47.0,48.0,45.0,1.8307,1.7579,3.57K,0.63K,64.82,30.0,270.41M,No,39.29,39.86,40.4,39.34,39.51,495
1931,ROTO.NS,63.01,64.29,289.94K,Producer Manufacturing,Industrial Machinery,47.0,41.0,43.0,61.0,2.5557,2.515,3607.74K,461.94K,85.28,47.5,11.90B,No,64.99,66.78,62.33,65.66,61.91,498
1932,DOLFIN.BO,173.4,178.45,1.56K,Consumer Durables,Automotive Aftermarket,47.0,68.0,56.0,41.0,7.4357,7.3107,3.79K,6.68K,203.9,160.0,1.74B,No,169.31,169.43,173.29,170.86,171.98,495
1933,NIBE.NS,1224.4,1282.4,39.05K,Process Industries,Textiles,47.0,4.0,5.0,53.0,42.1429,40.9572,98.83K,34.30K,1848.0,809.6,18.98B,No,1368.41,1435.72,1235.52,1404.01,1293.12,398
1934,INOXGREEN.NS,173.22,178.21,1508.68K,Utilities,Alternative Power Generation,47.0,29.0,24.0,62.0,7.3136,7.2721,1283.66K,1320.13K,279.0,132.58,69.55B,No,173.92,182.21,180.29,179.34,174.95,498
1935,KEI.NS,4500.0,4578.0,371.23K,Producer Manufacturing,Electrical Products,46.0,2.0,15.0,44.0,207.8714,172.8857,502.75K,975.25K,5899.0,3728.7,430.20B,No,5231.3,5219.0,4812.92,5109.91,4978.65,499
1936,ARIS.NS,120.63,125.46,1323.09K,Technology Services,Packaged Software,46.0,17.0,53.0,55.0,7.2979,7.2514,1313.90K,1854.36K,178.3,82.18,9.87B,No,135.05,127.83,120.47,129.8,121.55,307
1937,ALFAICA.BO,80.33,84.55,0.09K,Producer Manufacturing,Miscellaneous Manufacturing,46.0,20.0,49.0,36.0,2.3,1.5007,0.09K,0.03K,101.4,67.78,324.53M,No,86.51,81.71,80.16,81.47,79.67,495
1938,HEROMOTOCO.NS,5166.0,5221.5,665.92K,Consumer Durables,Motor Vehicles,46.0,15.0,58.0,24.0,132.6786,118.1071,705.80K,662.71K,6388.5,4671.5,1033.93B,No,5469.38,5358.58,5381.58,5384.45,5206.21,499
1939,KNACK.NS,178.58,183.27,656.45K,Process Industries,Containers/Packaging,46.0,8.0,,,5.4236,5.2021,2902.85K,644.97K,222.0,177.27,21.85B,No,191.97,,,193.75,,49
1940,WAKEFIT.NS,148.61,155.13,422.26K,Retail Trade,Specialty Stores,46.0,92.0,80.0,16.0,6.8307,6.7986,3401.27K,1437.06K,224.0,111.4,49.29B,No,146.72,135.32,,137.54,140.12,188
1941,JUBLINGREA.NS,630.5,658.4,164.65K,Process Industries,Chemicals: Major Diversified,46.0,7.0,46.0,53.0,18.8214,18.475,411.27K,275.94K,795.0,537.3,99.44B,No,688.65,716.06,671.87,704.85,666.76,499
1942,SUMICHEM.NS,451.95,476.4,263.90K,Process Industries,Chemicals: Agricultural,46.0,5.0,41.0,60.0,14.5929,14.5107,1050.60K,229.04K,617.45,362.6,225.59B,No,514.4,520.26,457.65,514.15,464.39,498
1943,MUNJALSHOW.NS,125.28,127.66,18.57K,Producer Manufacturing,Auto Parts: Oem,46.0,17.0,45.0,39.0,2.9557,2.9557,58.08K,27.01K,150.9,110.3,5.01B,No,130.51,133.81,128.33,132.54,129.64,498
1944,DISAQ.NS,11677.0,11688.0,0.29K,Producer Manufacturing,Industrial Machinery,46.0,61.0,56.0,,411.5,384.2857,0.49K,0.30K,12864.0,10851.0,,No,11840.45,11951.34,,11909.1,,102
1945,APOLSINHOT.NS,1214.5,1226.7,0.64K,Consumer Services,Hotels/Resorts/Cruise Lines,46.0,56.0,40.0,45.0,39.5643,39.5643,2.23K,0.89K,1450.1,950.0,3.16B,No,1213.92,1217.24,1210.69,1211.79,1186.89,496
1946,SUKHJITS.NS,161.72,159.78,29.47K,Consumer Non-Durables,Food: Specialty/Candy,46.0,65.0,40.0,26.0,4.2764,4.1914,19.75K,26.61K,231.1,137.3,5.05B,No,159.41,162.85,170.74,160.44,171.64,496
1947,POLYCON.BO,24.4,24.9,0.04K,Producer Manufacturing,Miscellaneous Manufacturing,46.0,91.0,75.0,12.0,0.3657,0.2407,0.69K,0.48K,35.0,15.45,119.29M,No,24.35,23.0,24.57,23.18,22.41,496
1948,DEEPAKNTR.NS,1561.3,1587.8,208.89K,Process Industries,Chemicals: Specialty,46.0,25.0,37.0,47.0,51.1714,45.85,338.46K,379.03K,1904.4,1280.0,212.95B,No,1718.98,1700.91,1631.56,1691.1,1631.59,497
1949,VHL.NS,3403.0,3447.8999,0.49K,Finance,Investment Managers,46.0,56.0,47.0,54.0,130.0785,130.0785,0.76K,0.95K,4275.0,2870.0,10.86B,No,3488.91,3496.27,3435.64,3485.52,3417.85,497
1950,ENKEIWHEL.NS,398.55,399.0,2.74K,Producer Manufacturing,Auto Parts: Oem,46.0,,,,18.1393,17.4964,4.02K,3.57K,425.0,378.5,,No,400.33,,,,,20
1951,ZENIFIB.BO,54.1,55.0,3.45K,Process Industries,Textiles,46.0,70.0,61.0,49.0,1.86,1.8236,2.93K,1.23K,72.0,45.0,213.38M,No,54.97,53.47,54.01,53.78,52.37,495
1952,MAXHEALTH.NS,1030.0,1037.7,2836.28K,Health Services,Hospital/Nursing Management,46.0,67.0,53.0,37.0,23.8143,22.3786,2016.31K,2100.64K,1221.9,903.0,1002.51B,No,1010.16,1055.58,1038.43,1041.4,1029.87,498
1953,TPLPLASTEH.NS,65.27,68.48,153.58K,Process Industries,Chemicals: Specialty,46.0,7.0,46.0,44.0,3.3614,3.1564,176.78K,140.32K,90.33,50.01,5.09B,No,73.96,77.24,68.92,75.22,70.03,498
1954,BRIGHTBR.NS,248.5,255.25,1.18K,Process Industries,Industrial Specialties,46.0,,,,12.3021,11.9464,2.74K,3.45K,270.0,221.0,1.41B,No,,,,,,19
1955,SHIVAMILLS.NS,61.12,61.47,1.40K,Process Industries,Textiles,46.0,67.0,43.0,55.0,2.8036,2.7164,1.55K,1.83K,77.01,43.01,528.19M,No,61.12,61.26,59.48,61.5,59.59,496
1956,BNRUDY.BO,37.92,37.06,3.54K,Commercial Services,Miscellaneous Commercial Services,46.0,44.0,78.0,39.0,3.1793,2.8864,1.28K,3.84K,52.3,28.0,113.76M,No,38.37,36.76,36.33,36.78,34.23,495
1957,BALUFORGE.NS,498.2,533.4,876.96K,Producer Manufacturing,Trucks/Construction/Farm Machinery,46.0,64.0,71.0,50.0,29.2464,27.9964,1398.95K,1550.84K,696.7,341.05,60.48B,No,575.95,501.34,495.4,508.56,481.84,499
1958,WALCHANNAG.NS,200.03,210.1,668.22K,Producer Manufacturing,Industrial Machinery,46.0,14.0,5.0,67.0,9.0286,8.8129,1356.31K,709.08K,315.8,131.15,13.58B,No,216.05,229.07,206.3,223.75,218.37,499
1959,KFBL.BO,41.23,41.85,2.54K,Consumer Non-Durables,Food: Specialty/Candy,46.0,44.0,54.0,57.0,1.8636,1.8079,7.26K,4.25K,53.0,30.2,618.45M,No,42.49,43.83,42.21,43.46,41.6,495
1960,TEJASNET.NS,521.25,552.65,2712.63K,Electronic Technology,Telecommunications Equipment,46.0,47.0,27.0,53.0,31.2821,29.0071,3768.76K,5992.56K,644.75,294.0,92.71B,No,542.19,534.23,471.66,534.79,505.67,499
1961,ATULAUTO.NS,438.45,445.6,132.60K,Consumer Durables,Motor Vehicles,46.0,11.0,38.0,42.0,11.6107,11.5214,226.17K,125.04K,596.55,380.05,12.17B,No,473.92,491.58,464.93,485.94,471.78,498
1962,DAMODARIND.NS,28.53,28.8,0.97K,Process Industries,Textiles,46.0,62.0,34.0,63.0,1.1386,1.1243,4.49K,2.94K,38.8,20.0,664.75M,No,28.06,28.78,28.37,28.34,28.29,497
1963,BOROLTD.NS,248.33,257.48,135.26K,Producer Manufacturing,Miscellaneous Manufacturing,46.0,67.0,70.0,36.0,14.1914,13.9836,480.93K,343.68K,397.95,213.73,29.70B,No,251.79,243.98,250.15,244.91,238.32,498
1964,TREL.NS,25.71,26.97,82.72K,Finance,Real Estate Development,46.0,55.0,51.0,47.0,1.3071,1.3057,125.91K,134.26K,33.51,21.47,6.32B,No,26.8,25.78,25.79,25.84,25.8,496
1965,IDENTIXWEB.BO,69.0,69.0,2.00K,Technology Services,Packaged Software,46.0,86.0,49.0,5.0,1.6321,0.8714,2.76K,1.33K,101.0,55.0,720.47M,No,67.69,65.65,70.65,65.36,71.66,361
1966,EMMBI.NS,90.39,88.95,5.00K,Process Industries,Containers/Packaging,46.0,77.0,65.0,54.0,3.7779,3.3314,21.72K,13.87K,116.9,60.3,1.74B,No,86.47,87.52,89.01,87.36,85.06,496
1967,CAPITALSFB.NS,269.7,271.35,31.68K,Finance,Regional Banks,46.0,36.0,32.0,50.0,7.8571,7.8571,45.78K,19.57K,323.7,206.55,12.26B,No,281.52,289.73,271.39,285.79,273.32,497
1968,SHREESHAY.BO,24.83,26.0,2.00K,Industrial Services,Engineering & Construction,46.0,89.0,27.0,36.0,0.6779,0.35,4.73K,0.67K,39.05,20.25,327.84M,No,25.97,26.27,26.72,25.89,26.39,496
1969,BANDHANBNK.NS,172.45,176.52,10324.58K,Finance,Major Banks,46.0,56.0,8.0,28.0,5.1407,4.9986,12598.27K,10218.83K,220.76,134.25,277.84B,No,169.79,179.42,174.51,176.12,183.56,499
1970,TATACHEM.NS,734.9,612.45,1823.50K,Process Industries,Chemicals: Agricultural,46.0,82.0,55.0,48.0,23.2286,13.9214,678.48K,529.44K,1026.65,580.3,187.22B,No,635.02,665.43,711.45,665.65,697.9,499
1971,AKCAPIT.NS,1714.1,1708.4,1.38K,Finance,Investment Banks/Brokers,46.0,,,,70.0286,67.4714,1.55K,1.20K,1800.0,1644.2,11.31B,No,1729.8,,,,,20
1972,SALONA.NS,257.15,260.05,0.07K,Process Industries,Textiles,46.0,60.0,49.0,26.0,14.0936,13.23,1.55K,0.29K,320.0,200.0,1.35B,No,265.46,257.09,264.07,257.56,266.31,496
1973,IFBAGRO.NS,861.1,884.45,2.76K,Consumer Non-Durables,Beverages: Alcoholic,45.0,6.0,35.0,59.0,31.7286,31.5072,5.73K,4.48K,1790.0,679.15,8.07B,No,935.39,961.88,1024.25,951.63,908.92,498
1974,UPSURGE.BO,68.24,65.46,75.21K,Finance,Investment Banks/Brokers,45.0,42.0,73.0,29.0,3.8771,3.8543,17.02K,4.83K,94.8,54.59,1.50B,No,67.06,69.75,68.1,68.91,65.89,495
1975,CHRTEDCA.BO,246.25,256.3,0.03K,Finance,Investment Banks/Brokers,45.0,14.0,49.0,22.0,7.7143,4.3893,0.06K,0.06K,439.0,225.05,741.61M,No,261.32,267.05,267.8,266.46,263.94,497
1976,JSWDULUX.NS,3133.8,3155.1001,50.94K,Process Industries,Industrial Specialties,45.0,63.0,44.0,52.0,61.5856,61.0356,22.18K,25.93K,3745.0,2658.7,142.71B,No,3137.46,3064.06,3065.21,3078.89,3030.14,498
1977,GRATEXI.BO,20.34,21.37,2.75K,Process Industries,Pulp & Paper,45.0,4.0,8.0,62.0,0.3643,0.185,0.70K,0.07K,28.06,17.1,61.73M,No,23.28,24.76,21.2,24.08,22.49,496
1978,CIANAGRO.BO,1255.55,1316.1,49.09K,Process Industries,Agricultural Commodities/Milling,45.0,5.0,6.0,50.0,58.3107,57.4643,65.31K,46.43K,3633.15,643.6,35.14B,No,1387.99,1442.82,1380.52,1402.82,1396.09,495
1979,MKVENTURES.BO,976.1,988.5,0.37K,Finance,Finance/Rental/Leasing,45.0,26.0,61.0,60.0,44.8643,41.35,0.96K,0.38K,1494.0,732.0,3.75B,No,1029.7,1077.99,1016.34,1057.81,999.93,495
1980,BLACKROSE.NS,105.75,108.14,20.34K,Distribution Services,Wholesale Distributors,45.0,,,,3.9207,3.8571,19.20K,17.24K,117.97,103.0,,No,112.07,,,,,20
1981,KPL.NS,3430.6,3643.3,57.69K,Health Technology,Pharmaceuticals: Major,45.0,,,,190.05,187.7785,44.68K,43.65K,3798.9,3211.1,,No,3431.96,,,,,20
1982,ZUARIIND.NS,265.3,273.15,47.90K,Process Industries,Agricultural Commodities/Milling,45.0,69.0,63.0,52.0,10.0429,10.025,65.68K,56.91K,416.0,210.0,7.90B,No,272.7,265.94,268.89,266.3,257.99,497
1983,KANDAGIRI.BO,41.65,42.95,0.00K,Process Industries,Textiles,45.0,76.0,62.0,27.0,0.2407,0.0436,0.10K,0.10K,51.72,37.55,160.32M,No,42.23,42.03,42.49,41.86,41.81,497
1984,SAMRATPH.BO,221.9,227.15,0.42K,Process Industries,Chemicals: Specialty,45.0,28.0,70.0,44.0,11.7929,11.4571,2.15K,0.88K,333.0,190.0,685.60M,No,235.25,244.95,225.77,240.18,224.35,495
1985,MAITHANALL.NS,1006.05,1045.85,80.11K,Non-Energy Minerals,Other Metals/Minerals,45.0,71.0,41.0,47.0,46.3464,45.7464,87.25K,258.03K,1210.1,831.2,29.29B,No,1017.2,998.82,994.2,998.88,991.98,499
1986,5PAISA.NS,313.2,326.55,40.80K,Finance,Investment Banks/Brokers,45.0,3.0,44.0,42.0,12.3929,12.2714,71.81K,62.79K,416.95,245.5,14.68B,No,357.34,365.25,335.84,357.31,332.05,498
1987,NIITLTD.NS,87.32,92.49,391.01K,Commercial Services,Miscellaneous Commercial Services,45.0,23.0,13.0,73.0,3.855,3.8293,1627.60K,327.09K,114.41,49.0,11.96B,No,97.14,96.97,83.29,95.61,81.9,499
1988,HONAUT.NS,33595.0,34580.0,2.65K,Electronic Technology,Electronic Equipment/Instruments,45.0,20.0,36.0,53.0,871.4286,859.6429,5.02K,3.46K,41495.0,26220.0,297.23B,No,35719.0,37226.5,33837.03,36672.5,33973.67,496
1989,GULFOILLUB.NS,1057.3,1060.7,43.29K,Energy Minerals,Oil Refining/Marketing,45.0,22.0,66.0,44.0,29.9143,28.0071,88.02K,78.40K,1329.0,865.0,52.40B,No,1117.0,1097.79,1055.92,1091.62,1015.03,499
1990,WONDERLA.NS,514.2,520.95,73.99K,Consumer Services,Movies/Entertainment,45.0,82.0,63.0,33.0,16.1607,16.0179,112.74K,51.30K,645.95,455.0,32.61B,No,515.4,491.99,505.74,500.29,500.58,497
1991,TRAVELFOOD.NS,1227.4,1253.6,18.61K,Consumer Services,Restaurants,45.0,17.0,33.0,42.0,44.2286,44.1214,64.97K,40.76K,1470.9,1035.3,161.66B,No,1293.93,1313.89,1240.98,1305.85,1264.29,294
1992,ZODJRDMKJ.BO,37.12,38.0,1.68K,Non-Energy Minerals,Other Metals/Minerals,45.0,54.0,49.0,56.0,1.8471,1.8243,25.16K,13.41K,51.47,28.4,407.42M,No,37.83,36.48,37.03,36.97,35.87,495
1993,IMFA.NS,1220.8,1243.5,142.33K,Non-Energy Minerals,Other Metals/Minerals,45.0,7.0,16.0,38.0,40.5214,40.1,143.05K,102.80K,1679.9,1015.0,65.87B,No,1339.86,1378.02,1363.76,1353.39,1373.8,498
1994,MALUPAPER.NS,32.96,34.53,11.02K,Process Industries,Pulp & Paper,45.0,72.0,55.0,42.0,1.6521,1.6443,38.22K,48.79K,44.11,27.0,575.96M,No,32.41,32.21,32.77,32.46,32.12,498
1995,STRGRENWO.BO,22.5,21.69,0.00K,Finance,Real Estate Development,45.0,68.0,78.0,32.0,0.5936,0.195,0.14K,0.03K,38.9,16.25,95.39M,No,22.02,21.81,23.13,21.86,20.79,496
1996,PSCELESTIA.BO,992000.0,1004000.0,0.00K,Finance,Real Estate Investment Trusts,45.0,45.0,45.0,,6335.5714,792.7857,0.00K,0.00K,1039999.0,991000.0,2.31B,No,1006647.57,1011290.81,,1011361.2,,100
1997,RAVALSUGAR.BO,925.45,940.05,0.04K,Consumer Non-Durables,Food: Specialty/Candy,45.0,42.0,46.0,37.0,25.4679,21.9929,0.06K,0.07K,1144.0,812.05,314.65M,No,943.86,960.45,947.87,961.56,951.17,495
1998,TULSYAN.BO,27.58,29.0,0.64K,Non-Energy Minerals,Steel,45.0,31.0,12.0,80.0,1.4793,1.2593,4.17K,0.99K,49.35,17.1,459.67M,No,27.84,28.91,31.3,29.18,30.82,495
1999,PANSARI.NS,282.15,281.5,0.31K,Technology Services,Packaged Software,45.0,16.0,55.0,31.0,16.3429,15.5679,28.51K,1.22K,388.9,233.3,4.92B,No,305.78,327.92,301.52,316.2,299.2,496
2000,KUNSTOFF.BO,21.53,20.98,1.02K,Producer Manufacturing,Miscellaneous Manufacturing,45.0,84.0,28.0,33.0,1.5821,1.4221,0.97K,0.81K,32.5,18.0,148.34M,No,20.73,21.69,22.74,21.5,22.49,495
2001,IPRINGLTD.NS,137.02,145.87,1.94K,Producer Manufacturing,Industrial Conglomerates,45.0,,,,14.1857,13.8071,7.07K,16.00K,187.0,136.0,1.74B,No,150.26,,,,,24
2002,SBFC.NS,94.43,98.19,630.79K,Finance,Finance/Rental/Leasing,45.0,61.0,56.0,42.0,3.9707,3.9136,1875.33K,2319.27K,123.0,79.6,104.66B,No,96.89,94.28,95.12,95.04,92.9,497
2003,360ONE.NS,1052.1,1091.0,896.21K,Finance,Investment Managers,45.0,15.0,35.0,38.0,31.0714,29.6571,1078.05K,941.64K,1236.2,906.05,428.80B,No,1158.47,1144.53,1111.38,1137.85,1093.16,497
2004,AMBER.NS,7000.0,7245.0,145.91K,Producer Manufacturing,Industrial Machinery,45.0,51.0,32.0,28.0,179.1429,172.8571,304.92K,117.03K,8974.0,5400.5,246.87B,No,7380.3,7440.17,7238.32,7390.75,7501.58,498
2005,TURTLEMINT.NS,131.04,136.12,357.55K,Finance,Insurance Brokers/Services,45.0,40.0,,,7.2364,7.0886,2003.10K,752.33K,160.0,110.41,,No,143.34,134.52,,134.87,,56
2006,RAUNAQ.BO,40.85,43.0,1.00K,Industrial Services,Engineering & Construction,45.0,93.0,91.0,13.0,0.175,0.0,1.19K,0.56K,85.78,24.31,136.57M,No,42.15,35.91,44.93,37.42,40.55,497
2007,WALLFORT.BO,78.78,79.09,0.05K,Finance,Investment Banks/Brokers,45.0,50.0,54.0,40.0,5.9907,5.6957,1.66K,0.91K,120.0,55.55,763.16M,No,84.35,81.32,79.12,80.37,76.82,495
2008,CAPFIN.BO,126.4,126.4,0.01K,Finance,Finance/Rental/Leasing,45.0,19.0,61.0,56.0,0.475,0.0,0.04K,0.04K,173.75,97.3,574.90M,No,129.39,137.15,134.2,136.72,130.63,498
2009,BHAVIK.BO,144.0,144.0,1.00K,Distribution Services,Wholesale Distributors,44.0,68.0,36.0,30.0,1.2179,0.7179,7.17K,23.30K,175.05,121.1,2.93B,No,143.8,144.96,149.07,144.64,153.18,236
2010,GINISILK.BO,59.5,60.47,0.12K,Process Industries,Textiles,44.0,76.0,74.0,42.0,5.03,4.7071,1.59K,1.98K,80.0,42.51,332.76M,No,60.22,57.7,58.69,58.2,57.38,495
2011,BHARTIHEXA.NS,1505.5,1545.0,47.84K,Communications,Wireless Telecommunications,44.0,29.0,59.0,34.0,39.3,39.0571,200.36K,69.90K,1955.6,1430.0,752.75B,No,1554.25,1576.44,1591.2,1566.77,1538.19,499
2012,EKANSH.BO,200.0,203.65,0.15K,Industrial Services,Engineering & Construction,44.0,9.0,32.0,69.0,8.7571,8.2643,9.69K,2.83K,273.5,142.85,3.03B,No,216.04,227.25,210.24,222.95,211.95,495
2013,IBINFO.BO,31.01,32.14,2.97K,Consumer Non-Durables,Food: Major Diversified,44.0,3.0,1.0,0.0,2.4364,2.3536,3.12K,3.39K,82.03,17.36,39.72M,No,37.2,41.15,45.42,39.99,51.07,498
2014,DELHIVERY.NS,420.5,439.0,4660.57K,Transportation,Air Freight/Couriers,44.0,19.0,34.0,37.0,11.4536,11.2036,4216.22K,1543.64K,524.0,374.45,315.08B,No,452.19,471.37,444.11,460.8,456.31,498
2015,TULASEEBIOE.BO,32.72,32.08,0.50K,Process Industries,Chemicals: Specialty,44.0,18.0,5.0,66.0,0.9371,0.2093,0.54K,0.63K,71.21,19.48,192.82M,No,29.64,40.69,36.55,37.6,34.0,496
2016,DLF.NS,620.85,644.5,3661.34K,Finance,Real Estate Development,44.0,33.0,54.0,49.0,18.3786,16.1321,4171.53K,4313.73K,794.8,489.4,1536.80B,No,670.8,663.45,630.01,658.44,612.15,498
2017,TRADEWELL.BO,47.05,47.28,0.00K,Finance,Real Estate Development,44.0,82.0,76.0,2.0,0.5071,0.3214,0.14K,0.09K,102.74,40.62,141.36M,No,46.13,43.73,63.19,44.43,58.84,498
2018,EXHICON.BO,471.0,477.65,15.75K,Commercial Services,Miscellaneous Commercial Services,44.0,48.0,60.0,33.0,17.0214,16.0607,23.63K,18.25K,595.0,390.0,6.96B,No,486.32,497.19,497.83,491.83,480.4,495
2019,ONGC.NS,235.95,232.5,14505.73K,Energy Minerals,Oil Refining/Marketing,44.0,60.0,41.0,16.0,4.3,4.0379,13102.26K,11334.36K,307.5,227.65,2968.32B,No,235.26,240.2,257.41,238.56,260.16,499
2020,MSL.NS,140.0,141.56,0.41K,Process Industries,Agricultural Commodities/Milling,44.0,,,,6.9107,6.6314,0.40K,0.55K,160.0,134.0,1.54B,No,143.56,,,,,20
2021,DRAGARWQ.NS,5137.0,5306.5,1.75K,Health Services,Medical/Nursing Services,44.0,,,,149.0,147.2143,1.25K,1.44K,5500.0,5105.5,,No,5302.98,,,,,20
2022,ONEGLOBAL.NS,518.5,540.45,19.23K,Commercial Services,Miscellaneous Commercial Services,44.0,,,,28.1929,27.5643,20.49K,27.46K,580.0,494.0,10.13B,No,538.93,,,,,20
2023,HARSHDEEP.BO,87.1,90.01,6.00K,Consumer Durables,Home Furnishings,44.0,68.0,63.0,42.0,1.5386,0.7964,8.98K,3.60K,108.0,75.5,1.40B,No,86.21,83.78,88.85,84.58,85.84,497
2024,SAHLIBHFI.NS,77.91,81.67,41.40K,Finance,Finance/Rental/Leasing,44.0,74.0,59.0,,5.93,5.6143,53.94K,264.87K,91.95,66.6,2.41B,No,78.81,78.33,,78.67,,110
2025,HINDADH.NS,371.95,369.1,5.61K,Process Industries,Industrial Specialties,44.0,,,,16.1,15.9714,17.76K,1.78K,402.65,342.0,1.90B,No,360.83,,,,,20
2026,SHAYONAENG.BO,138.0,140.0,1.00K,Producer Manufacturing,Industrial Machinery,44.0,51.0,49.0,46.0,3.0143,1.7929,3.81K,6.90K,166.0,119.0,537.13M,No,139.68,140.81,,140.3,137.19,156
2027,SIRCA.NS,418.15,427.35,200.97K,Process Industries,Industrial Specialties,44.0,46.0,51.0,31.0,9.6179,9.5107,361.03K,226.70K,539.0,385.0,23.81B,No,436.35,421.7,441.01,425.4,424.94,498
2028,ELECTCAST.NS,75.23,77.62,1363.78K,Non-Energy Minerals,Steel,44.0,71.0,43.0,64.0,3.4429,3.2757,1824.90K,2856.69K,103.0,60.15,46.51B,No,78.05,75.31,75.87,75.2,76.87,498
2029,LOYALTEX.NS,210.0,213.83,0.07K,Process Industries,Textiles,44.0,32.0,58.0,40.0,14.7336,13.5036,0.80K,0.64K,333.99,170.04,1.01B,No,215.02,211.17,213.24,212.13,209.92,496
2030,ANDHRAPET.BO,44.74,45.75,36.47K,Process Industries,Chemicals: Specialty,44.0,58.0,23.0,59.0,2.1179,2.0821,133.07K,128.22K,63.51,29.39,3.80B,No,42.63,45.61,43.99,44.73,42.09,495
2031,POLSON.BO,11050.0,10692.5,0.01K,Process Industries,Chemicals: Specialty,44.0,28.0,42.0,25.0,324.6572,227.1429,0.01K,0.02K,12643.1,9530.0,1.33B,No,11569.57,11154.49,11258.05,11191.27,11133.08,494
2032,TRUECOLORS.BO,147.45,149.15,27.00K,Producer Manufacturing,Industrial Machinery,44.0,44.0,71.0,51.0,5.4821,5.4214,40.84K,30.00K,271.95,125.0,3.64B,No,150.9,154.98,173.01,152.56,158.59,238
2033,NEXOME.BO,96.5,101.0,0.09K,Finance,Investment Banks/Brokers,44.0,3.0,32.0,66.0,7.3964,7.0607,2.70K,1.32K,154.35,68.6,1.04B,No,107.29,115.02,102.01,112.69,104.65,495
2034,3MINDIA.NS,31590.0,32710.0,2.10K,Producer Manufacturing,Industrial Conglomerates,44.0,11.0,52.0,27.0,703.2143,701.4286,3.92K,2.29K,38030.0,28730.0,355.86B,No,33441.25,34680.0,33910.22,34156.0,33271.0,496
2035,MAHLIFE.NS,345.9,353.05,92.19K,Finance,Real Estate Development,44.0,17.0,55.0,32.0,10.6643,10.6571,230.05K,84.78K,427.05,286.8,73.88B,No,367.0,374.88,362.07,372.09,351.52,499
2036,JAGANLAM.BO,56.73,58.55,1.67K,Producer Manufacturing,Auto Parts: Oem,44.0,66.0,74.0,40.0,3.4857,3.4036,4.93K,2.45K,90.0,38.3,414.16M,No,61.92,53.23,57.07,54.51,52.74,495
2037,AMAL.NS,713.3,738.7,7.29K,Process Industries,Chemicals: Specialty,44.0,,,,25.3214,24.5572,7.98K,6.50K,822.0,702.65,,No,751.03,,,,,20
2038,PASHUPATI.NS,80.04,80.73,67.29K,Process Industries,Textiles,44.0,40.0,31.0,10.0,2.8029,2.8029,93.27K,119.77K,118.35,67.5,12.63B,No,83.66,85.19,87.98,84.39,90.22,498
2039,NBIFIN.NS,1978.5,2020.0,5.21K,Finance,Financial Conglomerates,44.0,33.0,65.0,50.0,61.6786,61.6786,2.89K,3.21K,2991.0,1539.0,5.85B,No,1991.45,2080.37,2018.49,2069.27,1962.16,496
2040,BAJAJHCARE.NS,320.9,334.05,95.07K,Health Technology,Pharmaceuticals: Major,44.0,50.0,65.0,43.0,10.7464,10.4714,509.13K,173.18K,515.9,272.35,10.80B,No,326.31,333.65,341.88,331.32,321.38,499
2041,AXELPOLY.BO,45.04,46.61,2.06K,Process Industries,Industrial Specialties,44.0,32.0,63.0,36.0,3.8721,3.34,1.65K,0.60K,60.0,36.7,495.49M,No,48.66,46.53,45.7,46.87,45.07,495
2042,NSLNISP.NS,41.45,43.66,3741.11K,Non-Energy Minerals,Steel,44.0,24.0,20.0,55.0,2.0814,2.0336,6396.56K,6445.87K,53.75,33.01,121.47B,No,43.26,43.29,42.33,43.57,42.61,498
2043,INDSUCR.BO,75.55,78.4,1.51K,Process Industries,Agricultural Commodities/Milling,44.0,39.0,44.0,42.0,3.4279,3.3621,8.85K,3.94K,96.5,61.31,1.31B,No,81.17,77.38,75.31,77.33,75.8,495
2044,ALLDIGI.NS,799.5,797.3,2.91K,Commercial Services,Miscellaneous Commercial Services,44.0,56.0,46.0,47.0,16.2071,16.2071,9.90K,5.32K,1000.0,700.0,12.18B,No,807.11,816.73,819.36,810.3,806.8,495
2045,BI.NS,97.56,92.92,29.67K,Process Industries,Containers/Packaging,44.0,,,,5.43,4.89,138.59K,71.41K,111.51,85.0,2.30B,No,93.26,,,,,20
2046,BHARTIARTL.NS,1830.4,1831.1,4051.09K,Communications,Wireless Telecommunications,44.0,25.0,51.0,39.0,34.6857,30.45,6445.45K,6274.90K,2174.5,1740.5,11419.24B,No,1878.14,1913.97,1924.99,1906.09,1872.19,499
2047,DIAMINESQ.NS,251.8,258.27,9.66K,Process Industries,Chemicals: Major Diversified,43.0,74.0,52.0,58.0,7.9471,7.8386,11.73K,5.67K,377.1,208.01,2.53B,No,244.41,249.98,250.97,249.12,250.12,495
2048,BCLIND.NS,32.95,34.18,648.44K,Consumer Non-Durables,Food: Major Diversified,43.0,19.0,18.0,60.0,1.1021,1.0914,1999.15K,467.20K,44.9,25.53,9.73B,No,36.24,36.04,32.86,35.85,33.69,497
2049,DHPIND.BO,508.0,514.25,0.87K,Producer Manufacturing,Miscellaneous Manufacturing,43.0,50.0,55.0,44.0,14.2929,13.5822,1.07K,1.61K,650.0,430.0,1.52B,No,509.85,514.87,523.09,515.93,516.87,495
2050,DHANFAB.BO,53.04,53.04,0.01K,Process Industries,Textiles,43.0,76.0,56.0,17.0,0.6036,0.3143,0.12K,0.02K,66.0,46.81,455.14M,No,51.74,50.99,54.09,51.06,53.04,496
2051,SUNRAKSHAK.NS,362.45,377.05,8.17K,Process Industries,Textiles,43.0,,,,10.2464,10.225,8.52K,9.73K,382.4,350.1,,No,372.74,,,,,20
2052,MRP.BO,90.0,90.0,9.00K,Distribution Services,Food Distributors,43.0,62.0,52.0,38.0,1.3507,1.2079,9.19K,9.55K,103.85,77.7,1.03B,No,89.53,89.95,91.37,90.03,90.36,496
2053,WINSOMTX.BO,81.21,81.06,2.05K,Process Industries,Textiles,43.0,39.0,23.0,59.0,3.475,3.3957,21.70K,3.40K,105.4,58.01,1.61B,No,83.62,89.4,81.71,87.34,83.18,495
2054,ZENOTECH.BO,44.26,44.98,6.50K,Health Technology,Pharmaceuticals: Major,43.0,64.0,49.0,48.0,2.1071,2.1071,8.56K,8.90K,56.99,33.55,2.70B,No,45.87,45.46,45.14,45.2,44.59,495
2055,RUDRA.NS,20.16,20.49,28.64K,Non-Energy Minerals,Steel,43.0,17.0,71.0,60.0,0.9464,0.9314,153.31K,148.41K,29.7,14.63,2.02B,No,20.81,19.16,,19.39,18.88,184
2056,ASHISHPO.BO,29.5,27.83,0.06K,Producer Manufacturing,Miscellaneous Manufacturing,43.0,69.0,61.0,35.0,2.6121,2.4343,2.19K,2.08K,46.0,26.15,100.23M,No,27.94,28.66,30.4,28.57,29.75,495
2057,MONTECARLO.NS,552.35,555.45,63.62K,Consumer Non-Durables,Apparel/Footwear,43.0,81.0,57.0,47.0,15.5143,15.3071,56.71K,73.28K,860.95,464.0,11.45B,No,549.49,536.27,572.82,537.56,542.07,497
2058,SILGO.NS,69.08,70.01,259.42K,Consumer Durables,Other Consumer Specialties,43.0,58.0,32.0,27.0,2.8871,2.745,186.87K,158.41K,86.2,61.0,1.81B,No,71.39,72.07,73.98,71.62,74.09,497
2059,HINDALUMI.NS,95.09,96.18,2.23K,Non-Energy Minerals,Aluminum,43.0,,,,3.7036,3.7029,4.29K,5.55K,107.5,93.45,,No,97.89,,,,,20
2060,SUNILTX.BO,77.5,73.81,0.20K,Consumer Non-Durables,Apparel/Footwear,43.0,59.0,36.0,44.0,1.5707,0.72,0.10K,0.04K,98.8,59.5,325.50M,No,73.46,78.68,81.15,77.33,78.35,497
2061,AUROLAB.BO,243.2,253.8,2.99K,Health Technology,Pharmaceuticals: Major,43.0,65.0,31.0,16.0,14.0857,13.8429,4.84K,13.54K,317.0,159.0,1.52B,No,241.57,241.01,255.12,241.79,257.22,495
2062,RAJRILTD.NS,20.97,21.1,2.09K,Process Industries,Textiles,43.0,55.0,59.0,28.0,0.7193,0.7057,14.37K,9.93K,28.9,19.41,11.81B,No,22.31,21.82,21.66,21.67,21.43,496
2063,FORTIS.NS,880.1,887.8,842.49K,Health Services,Hospital/Nursing Management,43.0,50.0,27.0,39.0,17.8036,17.5964,1360.14K,998.74K,1104.3,766.8,664.44B,No,910.58,932.72,912.94,923.7,918.38,498
2064,AMPVOLTS.BO,24.32,25.82,9.42K,Technology Services,Information Technology Services,43.0,16.0,11.0,21.0,1.6414,1.6057,16.51K,23.53K,47.4,15.0,625.29M,No,27.05,27.02,27.27,26.79,29.82,495
2065,PTL.NS,38.15,38.43,23.14K,Finance,Real Estate Development,43.0,54.0,34.0,42.0,0.72,0.7179,44.77K,36.18K,43.77,36.1,5.05B,No,38.44,39.27,39.36,38.89,39.24,497
2066,ACLD.BO,152.1,156.7,31.20K,Process Industries,Agricultural Commodities/Milling,43.0,78.0,34.0,64.0,7.75,7.65,26.09K,36.48K,230.0,106.0,3.10B,No,147.66,147.29,144.75,147.52,145.31,496
2067,BIOFILCHEM.NS,33.65,34.51,33.20K,Health Technology,Pharmaceuticals: Major,43.0,77.0,37.0,54.0,2.0829,2.0829,45.28K,92.88K,46.34,25.6,547.61M,No,32.34,32.71,33.31,32.49,32.77,497
2068,GALLARD.BO,160.0,161.0,11.00K,Producer Manufacturing,Industrial Machinery,43.0,4.0,64.0,58.0,7.8536,5.2429,11.27K,10.10K,245.95,110.0,1.52B,No,180.35,169.81,165.36,169.77,157.05,200
2069,CAMS.NS,717.35,711.0,1972.86K,Technology Services,Information Technology Services,43.0,30.0,33.0,51.0,21.3321,20.6321,1285.14K,1328.69K,844.9,611.4,178.20B,No,745.13,765.8,744.49,755.06,744.13,498
2070,ATL.NS,24.33,25.18,162.06K,Transportation,Marine Shipping,43.0,70.0,50.0,44.0,1.3579,1.3386,194.52K,268.36K,40.51,18.2,7.10B,No,25.21,24.26,24.91,24.45,24.39,496
2071,MPHASIS.NS,2378.0,2295.0,1176.83K,Technology Services,Packaged Software,43.0,33.0,58.0,52.0,72.9285,61.7,566.00K,441.30K,3037.2,2013.0,453.76B,No,2414.35,2397.08,2440.36,2402.46,2295.04,498
2072,MMTC.NS,60.77,61.92,973.98K,Distribution Services,Wholesale Distributors,43.0,36.0,9.0,52.0,1.4871,1.4621,5370.91K,1766.23K,78.35,50.1,91.15B,No,63.22,63.34,63.23,63.13,63.44,499
2073,NSL.BO,130.2,129.35,10.48K,Consumer Non-Durables,Beverages: Alcoholic,43.0,57.0,63.0,54.0,6.1214,5.8429,12.49K,20.90K,192.85,96.6,2.09B,No,132.01,131.11,132.22,131.02,126.61,495
2074,SUNSHIEL.NS,1209.3,1200.2,4.50K,Process Industries,Chemicals: Major Diversified,43.0,,,,62.8643,62.0857,2.56K,3.55K,1284.8,1130.0,,No,1202.97,,,,,20
2075,ADL.NS,71.16,71.54,3.18K,Commercial Services,Miscellaneous Commercial Services,43.0,64.0,53.0,45.0,4.5864,4.4643,1.07K,0.86K,109.9,50.26,396.09M,No,72.79,71.76,72.39,71.66,70.59,496
2076,GLOTTIS.NS,59.03,59.04,26.44K,Transportation,Marine Shipping,43.0,21.0,23.0,74.0,2.2221,2.2179,50.34K,52.87K,93.0,37.0,5.45B,No,62.86,65.22,58.89,64.61,59.91,236
2077,COCHMAL.BO,142.95,141.7,0.17K,Industrial Services,Oilfield Services/Equipment,43.0,80.0,55.0,53.0,15.4357,13.4464,0.20K,0.30K,173.4,110.2,253.29M,No,142.77,139.03,138.73,138.9,137.1,495
2078,SHREMETAL.BO,36.48,36.38,1.08K,Producer Manufacturing,Metal Fabrication,43.0,31.0,48.0,12.0,4.6486,4.6064,2.03K,2.51K,62.29,27.94,191.75M,No,37.7,37.99,42.05,38.14,39.96,495
2079,SILINV.NS,444.95,463.8,1.49K,Finance,Financial Conglomerates,43.0,70.0,63.0,51.0,21.175,21.175,2.28K,1.91K,767.0,380.0,4.71B,No,468.73,441.72,450.58,448.89,435.83,497
2080,CMMHOSP.BO,36.76,37.94,1.02K,Health Services,Hospital/Nursing Management,43.0,48.0,57.0,26.0,2.2557,2.1636,1.28K,1.24K,57.48,31.51,274.56M,No,37.83,38.05,40.15,37.66,38.24,495
2081,GENCON.NS,39.67,41.01,239.29K,Industrial Services,Engineering & Construction,43.0,64.0,59.0,24.0,2.8779,2.7007,338.20K,356.64K,59.96,36.35,2.26B,No,42.47,41.12,43.27,41.19,41.54,498
2082,NLCINDIA.NS,261.05,264.4,1336.34K,Utilities,Electric Utilities,43.0,38.0,14.0,46.0,6.8071,6.6393,2443.92K,1698.52K,387.8,230.0,361.98B,No,270.79,285.4,283.6,280.5,295.83,499
2083,FAIRCHEMOR.NS,608.85,623.95,5.99K,Process Industries,Chemicals: Specialty,42.0,7.0,53.0,54.0,16.2643,13.8536,27.11K,12.19K,846.8,428.05,7.67B,No,657.79,709.98,639.88,695.38,621.18,496
2084,ALKEM.NS,5161.0,5087.5,253.04K,Health Technology,Pharmaceuticals: Major,42.0,39.0,44.0,25.0,91.3214,86.0714,138.33K,118.77K,5933.5,5051.0,617.07B,No,5282.85,5485.19,5507.4,5412.95,5424.18,497
2085,CREST.NS,354.65,355.25,6.24K,Finance,Investment Managers,42.0,51.0,34.0,43.0,14.5964,14.5893,5.89K,3.44K,418.0,298.15,10.03B,No,362.29,368.92,364.4,367.1,360.91,496
2086,TORNTPOWER.NS,1300.9,1297.6,436.54K,Utilities,Electric Utilities,42.0,56.0,37.0,21.0,35.5429,31.9572,377.35K,658.00K,1824.1,1188.0,655.53B,No,1262.79,1341.31,1412.71,1326.08,1432.55,498
2087,JSWENERGY.NS,505.0,526.45,897.08K,Utilities,Electric Utilities,42.0,18.0,28.0,43.0,13.4143,13.025,2271.14K,2468.77K,617.35,427.75,925.35B,No,535.19,547.25,522.79,542.35,538.39,499
2088,DECOMIC.BO,60.31,60.31,1.00K,Commercial Services,Miscellaneous Commercial Services,42.0,57.0,65.0,28.0,1.975,0.9736,0.31K,0.15K,85.0,47.0,253.30M,No,59.07,59.16,60.32,59.55,58.34,496
2089,EVEREADY.NS,336.75,363.0,204.79K,Producer Manufacturing,Electrical Products,42.0,36.0,47.0,48.0,14.5643,14.5607,168.90K,199.12K,446.0,259.65,24.48B,No,341.9,348.63,330.71,346.04,331.6,498
2090,ARVSMART.NS,564.15,598.05,232.82K,Finance,Real Estate Development,42.0,7.0,40.0,50.0,23.0286,22.0179,243.77K,48.41K,707.85,486.8,25.88B,No,646.38,625.93,590.34,624.31,595.17,497
2091,SIMPLXMIL.BO,5053.65,5319.6001,0.00K,Process Industries,Textiles,42.0,60.0,36.0,27.0,38.9929,0.0,,,5599.55,4218.0,151.63M,No,5436.88,5164.71,5264.66,5169.71,5340.84,498
2092,GOLDCOINHF.BO,28.33,29.75,0.76K,Process Industries,Agricultural Commodities/Milling,42.0,14.0,25.0,20.0,2.9007,2.9,2.85K,2.43K,38.49,20.02,42.51M,No,30.56,31.3,31.71,30.52,31.54,498
2093,KSSMART.BO,109.45,114.8,7.38K,Process Industries,Pulp & Paper,42.0,72.0,4.0,1.0,6.8,6.6143,12.99K,5.41K,290.95,71.94,17.96B,No,108.5,114.07,176.08,113.08,174.73,495
2094,ATUL.NS,6081.5,6244.5,34.39K,Process Industries,Chemicals: Agricultural,42.0,12.0,33.0,40.0,141.1429,136.9643,46.20K,25.64K,7180.0,5560.5,179.05B,No,6441.8,6481.33,6421.24,6447.75,6552.63,498
2095,PUNJABCHEM.NS,1041.2,1065.3,9.56K,Process Industries,Chemicals: Agricultural,42.0,41.0,54.0,34.0,36.1071,35.4357,23.38K,3.30K,1533.9,876.6,12.77B,No,1109.23,1119.17,1102.76,1111.08,1067.66,495
2096,DATAMATICS.NS,766.25,760.2,1393.48K,Technology Services,Packaged Software,42.0,13.0,44.0,52.0,28.8536,28.5607,123.33K,79.82K,1010.0,632.0,45.29B,No,785.8,825.24,776.22,813.35,775.94,499
2097,EVERESTIND.NS,399.0,408.0,9.60K,Distribution Services,Wholesale Distributors,42.0,9.0,75.0,49.0,16.5286,16.3857,35.96K,10.47K,750.0,284.9,6.33B,No,426.5,462.99,428.67,448.73,406.59,496
2098,FRONTSP.NS,1226.6,1240.0,19.13K,Producer Manufacturing,Metal Fabrication,42.0,,,,36.4429,36.4,15.24K,12.55K,1322.4,1195.4,14.49B,No,1268.25,,,,,20
2099,ALICON.NS,697.2,733.4,11.86K,Producer Manufacturing,Auto Parts: Oem,42.0,35.0,63.0,35.0,31.4393,31.4036,33.26K,32.31K,1022.0,580.0,11.39B,No,708.59,687.96,717.56,694.54,677.16,496
2100,BIZOTIC.BO,110.95,105.67,32.40K,Consumer Non-Durables,Apparel/Footwear,42.0,64.0,37.0,3.0,5.7836,3.4671,64.78K,66.84K,175.5,73.33,6.42B,No,106.87,102.45,136.9,100.54,125.08,498
2101,RIKHAV.BO,47.5,48.0,4.80K,Finance,Investment Banks/Brokers,42.0,72.0,51.0,63.0,1.96,1.8343,30.93K,27.20K,77.5,34.0,1.82B,No,45.7,46.35,47.94,46.3,46.25,408
2102,CGVAK.NS,144.31,145.83,2.09K,Technology Services,Information Technology Services,42.0,,,,7.4707,7.385,2.80K,1.99K,163.7,136.62,728.79M,No,148.89,,,,,20
2103,JUNIPER.NS,214.84,221.12,124.45K,Consumer Services,Hotels/Resorts/Cruise Lines,42.0,84.0,69.0,49.0,7.5771,7.5771,241.29K,269.06K,312.5,188.5,47.80B,No,213.16,202.89,215.12,204.9,204.38,499
2104,EVANS.BO,80.5,77.65,7.00K,Consumer Services,Other Consumer Services,42.0,84.0,80.0,46.0,1.0993,0.5643,4.59K,2.30K,175.0,60.0,441.78M,No,78.03,72.05,91.44,73.35,76.5,495
2105,PENIND.NS,167.3,175.54,338.24K,Non-Energy Minerals,Steel,42.0,82.0,60.0,58.0,6.0529,6.0179,471.38K,607.76K,279.9,129.1,22.58B,No,165.99,165.55,168.25,164.12,159.72,498
2106,TVSELECT.NS,399.4,413.85,27.98K,Electronic Technology,Electronic Equipment/Instruments,42.0,10.0,23.0,44.0,13.2286,13.2214,85.37K,25.03K,739.35,336.2,7.52B,No,429.59,467.77,446.68,456.36,447.54,497
2107,NUKLEUS.BO,186.0,204.8,1.20K,Finance,Real Estate Development,42.0,13.0,21.0,22.0,7.9036,5.3393,2.61K,0.96K,239.9,149.2,749.95M,No,202.97,209.86,204.53,206.75,207.66,380
2108,PRAJIND.NS,318.0,322.15,504.70K,Industrial Services,Engineering & Construction,42.0,57.0,39.0,41.0,9.6821,9.4536,877.88K,496.83K,427.65,273.0,58.45B,No,339.76,335.65,335.49,331.06,343.27,498
2109,HBESD.NS,71.5,72.99,0.65K,Consumer Services,Hotels/Resorts/Cruise Lines,42.0,,,,3.7193,3.4793,0.81K,0.76K,81.99,60.51,,No,74.57,,,,,20
2110,PHOSPHATE.BO,138.0,138.0,0.22K,Process Industries,Chemicals: Agricultural,42.0,69.0,45.0,39.0,2.9929,2.4321,0.13K,0.10K,169.5,130.1,497.83M,No,137.36,139.5,142.28,139.91,142.87,495
2111,IECEDU.BO,23.5,24.15,3.66K,Commercial Services,Miscellaneous Commercial Services,42.0,79.0,39.0,4.0,3.19,3.1614,11.75K,60.80K,46.58,19.5,358.61M,No,23.93,22.67,25.12,23.03,25.4,495
2112,SHRAJOI.BO,24.2,24.2,0.02K,Energy Minerals,Integrated Oil,42.0,77.0,69.0,7.0,0.0036,0.0,0.03K,0.03K,40.5,21.03,99.05M,No,24.18,23.06,26.77,23.31,23.09,496
2113,SINCLAIR.NS,78.41,80.28,46.80K,Consumer Services,Hotels/Resorts/Cruise Lines,42.0,74.0,59.0,48.0,3.5871,3.5871,30.45K,43.04K,112.48,68.82,4.02B,No,79.66,76.92,77.94,77.2,76.93,498
2114,ASTAR.NS,562.5,583.0,0.16K,Commercial Services,Miscellaneous Commercial Services,42.0,,,,13.625,12.1,0.08K,0.04K,619.5,560.05,9.00B,No,590.11,,,,,20
2115,CENTEXT.NS,19.98,20.36,888.52K,Producer Manufacturing,Metal Fabrication,42.0,33.0,51.0,38.0,1.1312,1.0504,316.84K,450.89K,34.75,15.67,1.60B,No,21.18,20.58,20.72,20.6,20.15,499
2116,SOUTHERNIN.BO,21.54,22.44,0.76K,Distribution Services,Electronics Distributors,42.0,72.0,53.0,39.0,1.2343,1.19,0.94K,1.69K,40.01,18.75,108.13M,No,21.23,21.53,22.44,21.43,22.11,495
2117,PRESTIGE.NS,1417.0,1498.0,409.92K,Finance,Real Estate Development,42.0,14.0,37.0,54.0,56.1857,52.1643,714.64K,573.33K,1805.2,1090.0,610.34B,No,1578.55,1615.64,1494.9,1580.03,1455.2,499
2118,TYROON.BO,86.97,81.9,0.04K,Process Industries,Agricultural Commodities/Milling,42.0,61.0,52.0,39.0,4.5164,3.6657,0.23K,0.24K,117.0,73.65,295.88M,No,87.25,87.86,90.58,87.01,88.43,497
2119,MORARKFI.BO,64.4,64.52,0.55K,Finance,Financial Conglomerates,42.0,78.0,47.0,71.0,4.7243,4.6886,2.04K,1.19K,113.0,42.11,289.94M,No,64.54,62.62,62.87,62.87,57.75,495
2120,TIMETECHNO.NS,176.3,180.8,1721.77K,Process Industries,Containers/Packaging,42.0,22.0,50.0,41.0,4.9657,4.7536,3659.07K,2356.98K,249.15,154.0,87.03B,No,186.22,194.52,184.44,193.14,183.02,499
2121,GUJRAFFIA.NS,40.26,41.72,0.61K,Producer Manufacturing,Miscellaneous Manufacturing,41.0,30.0,52.0,48.0,1.6779,1.6707,3.85K,2.26K,88.0,35.1,,No,40.95,40.36,42.76,40.77,40.09,493
2122,ELDEHSG.NS,780.3,783.5,1.01K,Finance,Real Estate Development,41.0,67.0,48.0,26.0,30.3321,29.5357,3.75K,0.89K,1044.1,701.55,7.67B,No,796.91,787.2,838.19,784.25,809.13,496
2123,GRSE.NS,2358.8,2427.5,270.71K,Producer Manufacturing,Trucks/Construction/Farm Machinery,41.0,17.0,23.0,29.0,61.4071,60.1929,555.92K,319.77K,3339.0,1963.7,270.21B,No,2554.98,2586.52,2558.07,2549.97,2591.97,498
2124,MASTERTR.NS,87.55,90.61,1302.44K,Finance,Investment Banks/Brokers,41.0,85.0,73.0,60.0,5.0871,5.0693,1417.40K,1671.44K,164.5,55.6,10.77B,No,84.84,84.23,88.96,84.61,81.23,441
2125,PFL.BO,28.1,27.33,3.00K,Industrial Services,Engineering & Construction,41.0,35.0,61.0,32.0,0.6157,0.2414,30.24K,5.70K,36.0,22.95,572.62M,No,28.94,30.15,30.05,29.58,28.92,490
2126,SARDAEN.NS,501.35,524.15,380.37K,Non-Energy Minerals,Steel,41.0,44.0,42.0,25.0,15.0643,14.5964,761.98K,917.03K,639.75,453.1,176.67B,No,512.38,507.42,520.62,510.0,530.99,498
2127,CIPLA.NS,1351.0,1366.0,1225.04K,Health Technology,Pharmaceuticals: Other,41.0,29.0,47.0,42.0,21.1072,20.0929,1241.75K,897.37K,1673.0,1165.7,1091.42B,No,1406.15,1430.16,1388.15,1417.4,1366.12,498
2128,CEEJAY.BO,165.55,165.55,0.00K,Finance,Finance/Rental/Leasing,41.0,20.0,40.0,44.0,9.2893,7.8786,0.29K,0.29K,208.0,151.8,571.15M,No,167.03,170.23,176.41,169.56,175.2,495
2129,POOJAENT.BO,68.05,71.0,16.88K,Consumer Services,Movies/Entertainment,41.0,28.0,53.0,74.0,5.9293,5.5464,12.29K,14.17K,124.45,47.0,4.35B,No,67.51,71.51,69.89,70.63,72.93,495
2130,PEETISEC.BO,20.0,19.85,1.70K,Process Industries,Textiles,41.0,63.0,41.0,23.0,0.4657,0.3564,0.28K,0.55K,25.01,17.0,75.01M,No,20.12,19.28,20.35,19.6,19.55,495
2131,RAJSREESUG.NS,32.82,33.13,35.21K,Process Industries,Agricultural Commodities/Milling,41.0,62.0,45.0,59.0,2.0271,1.9907,70.66K,47.27K,43.2,24.65,1.09B,No,36.25,33.14,32.32,33.12,32.15,498
2132,ONMOBILE.NS,49.35,47.0,77.68K,Communications,Specialty Telecommunications,41.0,2.0,49.0,40.0,1.1257,0.56,427.73K,54.13K,84.0,40.21,5.25B,No,52.43,60.63,54.95,57.3,54.53,498
2133,ROSELABS.BO,20.99,22.09,0.51K,Finance,Real Estate Development,41.0,64.0,53.0,38.0,1.2829,1.0486,0.63K,1.27K,34.36,17.86,209.90M,No,21.72,21.99,22.0,21.73,21.7,495
2134,WAAREE.BO,207.95,205.45,9.80K,Process Industries,Industrial Specialties,41.0,33.0,7.0,80.0,6.4,6.2179,7.95K,7.26K,398.0,131.25,2.24B,No,211.83,225.42,223.64,221.19,229.81,495
2135,QUESTFLOW.BO,187.0,177.55,71.20K,Producer Manufacturing,Industrial Machinery,41.0,51.0,21.0,71.0,11.65,10.0607,12.84K,38.48K,299.0,116.2,1.92B,No,166.02,190.49,194.78,184.32,194.54,495
2136,VLSFINANCE.NS,235.33,244.0,23.05K,Finance,Investment Banks/Brokers,41.0,14.0,55.0,39.0,5.5429,5.4936,15.12K,7.71K,339.0,198.81,7.38B,No,246.34,252.72,256.14,250.8,241.73,496
2137,JAGSONSER.BO,50.0,51.0,0.12K,Finance,Regional Banks,41.0,7.0,49.0,36.0,1.2771,1.0657,0.37K,0.08K,83.0,45.0,910.27M,No,52.94,54.2,55.19,54.33,53.11,496
2138,DENTA.NS,276.3,287.75,83.24K,Industrial Services,Engineering & Construction,41.0,31.0,58.0,48.0,11.2107,11.0607,525.57K,129.63K,479.6,222.0,7.38B,No,281.38,313.72,292.01,305.76,284.82,406
2139,GPAPL.BO,73.0,70.4,8.00K,Consumer Non-Durables,Food: Specialty/Candy,41.0,67.0,36.0,20.0,3.8829,2.5736,10.49K,16.48K,99.54,61.1,749.13M,No,72.88,73.69,80.49,73.66,76.79,236
2140,BALGOPAL.BO,174.7,194.1,112.25K,Producer Manufacturing,Industrial Machinery,41.0,22.0,65.0,48.0,7.8179,7.5929,1.95K,0.20K,272.95,130.0,4.06B,No,195.44,195.94,178.16,193.76,175.36,495
2141,HARRMALAYA.NS,182.6,185.81,9.46K,Process Industries,Agricultural Commodities/Milling,41.0,4.0,23.0,40.0,6.945,6.9264,18.08K,8.23K,237.9,153.66,3.37B,No,192.94,206.42,191.0,202.92,201.26,498
2142,MEHIF.BO,29.01,29.15,0.13K,Finance,Investment Banks/Brokers,41.0,70.0,40.0,42.0,0.1721,0.1121,0.09K,0.14K,36.82,24.06,145.05M,No,28.95,28.59,30.09,28.59,29.29,497
2143,KHADIM.NS,123.43,121.01,47.60K,Consumer Non-Durables,Apparel/Footwear,41.0,95.0,75.0,57.0,4.345,3.9136,46.28K,96.76K,295.8,77.47,2.27B,No,110.98,102.81,123.52,106.2,103.52,498
2144,VINYOFL.BO,49.01,50.83,3.54K,Process Industries,Industrial Specialties,41.0,25.0,39.0,60.0,2.8079,2.5614,0.75K,0.70K,69.9,35.95,211.67M,No,51.86,51.95,51.51,51.94,50.75,495
2145,EMKAY.NS,241.45,250.9,26.57K,Finance,Investment Managers,41.0,63.0,13.0,54.0,11.4471,11.2971,38.55K,48.62K,409.9,186.0,6.72B,No,248.2,247.58,249.15,245.88,240.37,497
2146,CWD.BO,300.2,311.2,28.50K,Technology Services,Packaged Software,41.0,49.0,51.0,30.0,12.2036,11.3321,24.27K,30.00K,425.0,254.0,6.85B,No,315.66,313.58,316.28,312.51,302.85,496
2147,PGEL.NS,518.0,545.0,837.29K,Electronic Technology,Electronic Production Equipment,41.0,8.0,49.0,27.0,15.5857,15.2107,2164.59K,1074.03K,644.4,436.55,148.41B,No,572.79,590.29,556.34,584.68,545.28,499
2148,PORWAL.BO,50.26,51.82,2.19K,Producer Manufacturing,Auto Parts: Oem,41.0,23.0,53.0,41.0,2.3757,2.2907,17.11K,6.39K,70.88,42.3,758.93M,No,52.62,53.98,53.89,53.42,52.1,495
2149,SOUTHMG.BO,80.91,79.99,0.86K,Non-Energy Minerals,Other Metals/Minerals,41.0,88.0,57.0,44.0,7.8286,7.6657,1.04K,1.21K,131.4,61.15,242.73M,No,75.25,73.49,81.58,74.14,77.48,495
2150,THACKER.NS,1000.0,1038.0,0.04K,Finance,Finance/Rental/Leasing,41.0,,,,48.3,44.75,0.03K,0.04K,1107.0,950.0,1.09B,No,1038.18,,,,,20
2151,NORBTEAEXP.NS,64.5,64.4,1.57K,Consumer Non-Durables,Food: Specialty/Candy,41.0,77.0,19.0,5.0,3.73,3.4364,2.02K,1.39K,99.35,47.5,1.00B,No,67.74,67.77,77.91,67.16,75.66,496
2152,BLKASHYAP.NS,51.5,53.91,679.07K,Industrial Services,Engineering & Construction,41.0,59.0,40.0,39.0,3.375,3.185,654.04K,1006.93K,68.78,40.32,11.61B,No,54.85,55.04,52.5,55.04,53.58,498
2153,TIMKEN.NS,3151.2,3302.3999,60.80K,Producer Manufacturing,Industrial Machinery,41.0,44.0,21.0,24.0,91.9,91.8857,58.23K,32.38K,3925.0,2800.5,237.03B,No,3167.57,3181.49,3285.06,3190.42,3386.98,498
2154,ANURAS.NS,1170.4,1219.4,493.23K,Health Technology,Pharmaceuticals: Major,41.0,47.0,35.0,20.0,25.4643,25.4643,299.98K,191.29K,1415.0,1045.2,133.25B,No,1239.31,1237.04,1279.99,1228.15,1269.87,498
2155,MUKTAARTS.NS,57.2,58.57,3.15K,Technology Services,Packaged Software,41.0,57.0,29.0,61.0,2.5257,2.4457,4.91K,4.34K,72.74,37.01,1.29B,No,57.1,56.18,56.98,56.4,54.9,497
2156,RELIABLE.NS,134.92,137.04,3.66K,Technology Services,Data Processing Services,41.0,35.0,21.0,56.0,5.6907,5.6907,40.19K,36.62K,175.0,104.74,1.39B,No,138.81,141.98,141.38,141.06,136.1,496
2157,HRYNSHP.NS,96.38,100.84,1.21K,Distribution Services,Wholesale Distributors,41.0,,,,4.3279,4.285,1.19K,0.77K,104.05,91.0,594.34M,No,100.44,,,,,20
2158,RISHITECH.BO,39.69,39.7,1.77K,Process Industries,Containers/Packaging,40.0,45.0,54.0,44.0,1.9371,1.7336,2.19K,0.58K,55.49,32.0,293.35M,No,39.42,39.57,40.64,40.14,39.14,495
2159,LINKPH.BO,27.0,26.17,0.28K,Process Industries,Chemicals: Specialty,40.0,66.0,50.0,33.0,1.9793,1.7643,0.90K,2.58K,41.9,21.0,119.90M,No,27.37,26.87,28.24,26.78,27.19,495
2160,ABBOTINDIA.NS,26125.0,25550.0,10.73K,Health Technology,Pharmaceuticals: Major,40.0,38.0,51.0,35.0,460.7143,460.7143,10.70K,7.46K,31355.0,25135.0,555.14B,No,26095.5,27063.6,26999.0,26890.0,26584.33,498
2161,GOKAKTEX.BO,64.35,58.5,14.83K,Process Industries,Textiles,40.0,77.0,66.0,36.0,5.4207,5.0164,1.42K,2.16K,95.0,51.0,418.23M,No,58.49,60.13,65.53,59.29,63.53,495
2162,SHREEPAC.BO,147.05,140.55,5.13K,Health Technology,Medical Specialties,40.0,71.0,60.0,66.0,8.3679,8.3393,3.67K,2.85K,283.15,90.0,551.39M,No,137.83,139.42,149.04,139.15,133.94,495
2163,LUPIN.NS,2063.2,2095.0,599.55K,Health Technology,Pharmaceuticals: Other,40.0,27.0,29.0,17.0,39.9357,39.8071,903.11K,773.73K,2529.5,1900.0,943.43B,No,2151.13,2303.39,2260.6,2246.87,2301.86,499
2164,ARIGATO.BO,45.59,47.97,5.61K,Technology Services,Information Technology Services,40.0,9.0,27.0,38.0,4.7614,4.595,0.57K,1.31K,69.0,32.45,277.93M,No,58.43,53.68,51.89,53.18,53.27,496
2165,HEXATRADEX.NS,156.06,155.81,5.21K,Distribution Services,Wholesale Distributors,40.0,58.0,38.0,34.0,4.2257,4.17,3.92K,1.84K,194.89,147.26,8.62B,No,158.46,158.55,161.48,157.81,160.93,496
2166,CENTURYPLY.NS,711.05,717.05,37.26K,Producer Manufacturing,Building Products,40.0,31.0,39.0,46.0,15.9643,15.9607,64.86K,30.96K,859.0,618.5,157.98B,No,746.8,767.72,765.54,761.9,751.24,497
2167,BANARISUG.NS,3411.1,3517.6001,1.03K,Process Industries,Agricultural Commodities/Milling,40.0,56.0,36.0,30.0,141.1571,136.2928,2.67K,1.87K,4338.0,3105.2,42.77B,No,3774.12,3598.28,3599.94,3606.95,3597.79,497
2168,SINDHUTRAD.NS,23.53,23.99,385.85K,Transportation,Air Freight/Couriers,40.0,57.0,37.0,29.0,1.1407,1.1393,2326.05K,4128.95K,32.74,17.64,43.35B,No,24.37,24.7,23.63,24.33,24.38,497
2169,BRIGHT.BO,350.0,350.0,9.38K,Commercial Services,Advertising/Marketing Services,40.0,50.0,36.0,17.0,7.0179,6.5393,19.98K,12.97K,450.0,310.05,7.64B,No,351.45,360.38,384.35,356.81,374.14,497
2170,NTPC.NS,329.5,333.4,8431.81K,Utilities,Electric Utilities,40.0,48.0,35.0,16.0,5.625,5.6107,10194.81K,8917.13K,414.4,315.55,3195.05B,No,333.48,340.66,358.35,338.43,364.32,499
2171,STCINDIA.NS,111.26,112.6,11.96K,Distribution Services,Food Distributors,40.0,43.0,26.0,41.0,2.8036,2.7114,122.16K,21.23K,150.7,97.04,6.68B,No,116.39,118.29,118.6,117.12,117.05,498
2172,MASFIN.NS,294.9,295.95,140.21K,Finance,Finance/Rental/Leasing,40.0,49.0,40.0,31.0,9.0321,9.025,185.49K,383.79K,358.85,277.35,53.51B,No,297.32,307.59,313.71,303.35,310.05,498
2173,MARSONS.NS,121.3,127.24,2628.93K,Producer Manufacturing,Electrical Products,40.0,88.0,64.0,,8.7879,8.7879,2293.51K,4600.58K,175.4,100.25,20.88B,No,123.91,115.59,,118.01,,128
2174,GGAUTO.BO,172.2,174.9,78.04K,Producer Manufacturing,Industrial Machinery,40.0,86.0,80.0,49.0,6.3357,6.275,9.59K,6.56K,323.0,125.3,1.72B,No,164.17,163.17,187.0,163.63,159.39,495
2175,ALFREDHE.NS,2820.0,2845.0,0.07K,Producer Manufacturing,Industrial Machinery,40.0,,,,117.9072,113.9215,0.07K,0.09K,3151.0,2750.0,,No,2924.96,,,,,20
2176,POLYSPIN.NS,28.95,29.58,0.81K,Process Industries,Containers/Packaging,40.0,,,,1.7629,1.7264,0.83K,0.73K,34.79,27.53,,No,29.59,,,,,20
2177,HISARMETAL.NS,155.53,157.2,0.33K,Non-Energy Minerals,Steel,40.0,72.0,46.0,40.0,6.9493,6.6364,1.86K,2.25K,192.4,124.99,839.86M,No,154.85,152.82,155.98,153.25,152.16,496
2178,RJSHAH.BO,490.0,490.0,0.10K,Industrial Services,Engineering & Construction,40.0,59.0,63.0,22.0,0.0,0.0,0.06K,0.06K,660.0,432.3,137.25M,No,489.73,488.97,504.64,489.62,488.35,497
2179,LTM.NS,4346.6,4275.0,663.15K,Technology Services,Data Processing Services,40.0,26.0,69.0,40.0,139.9857,129.1286,477.31K,361.01K,6429.5,3528.0,1288.60B,No,4498.64,4386.31,4753.4,4424.1,4248.79,499
2180,FRONTCORP.BO,33.38,32.0,0.07K,Distribution Services,Wholesale Distributors,40.0,58.0,57.0,67.0,1.5729,1.5036,0.19K,0.56K,49.53,25.05,166.90M,No,33.19,33.92,33.7,33.48,32.94,495
2181,KEYFINSERV.NS,246.6,239.2,0.34K,Finance,Investment Banks/Brokers,40.0,30.0,44.0,27.0,10.4643,10.3036,1.64K,0.99K,382.1,220.0,1.37B,No,253.2,257.82,273.66,253.39,261.66,497
2182,MANBRO.NS,51.06,50.01,498.41K,Consumer Non-Durables,Apparel/Footwear,40.0,,,,3.7721,3.7721,201.13K,152.03K,61.49,46.37,5.18B,No,,,,,,18
2183,NAPEROL.BO,648.1,654.2,0.48K,Process Industries,Chemicals: Specialty,40.0,52.0,62.0,56.0,27.2857,26.3571,1.18K,1.86K,990.0,490.1,3.72B,No,682.76,665.91,651.95,664.76,627.66,495
2184,ALKOSIGN.BO,64.5,58.93,1.12K,Producer Manufacturing,Miscellaneous Manufacturing,40.0,67.0,53.0,14.0,2.725,1.5164,8.12K,2.88K,84.8,50.07,696.12M,No,62.06,63.08,64.55,62.77,61.43,497
2185,SANDUMA.NS,181.98,190.35,1125.89K,Non-Energy Minerals,Other Metals/Minerals,40.0,25.0,16.0,21.0,6.065,5.8721,713.20K,499.73K,273.0,156.0,88.46B,No,199.1,201.43,210.47,198.17,205.53,499
2186,SURYALAXMI.NS,55.46,56.28,4.78K,Process Industries,Textiles,40.0,47.0,35.0,46.0,3.19,2.9636,8.69K,9.14K,69.7,43.0,1.04B,No,58.23,58.41,57.57,57.96,57.17,496
2187,CEATLTD.NS,3282.5,3278.5,60.25K,Consumer Durables,Automotive Aftermarket,40.0,14.0,43.0,24.0,67.8214,64.4286,137.55K,58.03K,4438.0,3061.2,132.78B,No,3430.62,3548.93,3580.37,3468.94,3465.28,499
2188,NTCIND.NS,134.11,134.91,2.43K,Consumer Non-Durables,Tobacco,40.0,,,,7.7536,7.7357,2.52K,3.33K,147.0,126.3,,No,135.9,,,,,20
2189,SHIVAAGRO.NS,37.9,39.69,1.55K,Process Industries,Chemicals: Major Diversified,40.0,,,,3.1029,2.9893,5.44K,5.13K,45.9,37.0,378.73M,No,41.17,,,,,20
2190,SIMPLEXINF.NS,242.85,255.1,110.51K,Industrial Services,Engineering & Construction,40.0,49.0,39.0,77.0,13.1386,12.5686,146.99K,98.87K,330.0,137.0,19.21B,No,258.82,253.15,235.45,252.32,229.85,496
2191,BASF.NS,3539.4,3661.5,17.62K,Process Industries,Chemicals: Specialty,40.0,9.0,58.0,41.0,89.7857,89.3928,43.43K,19.18K,4829.9,3122.2,153.21B,No,3814.86,3801.2,3683.49,3801.31,3626.38,499
2192,BELDING.BO,978.4,983.9,4.32K,Producer Manufacturing,Metal Fabrication,40.0,83.0,5.0,1.0,30.5429,30.1286,39.45K,11.10K,2400.0,469.1,14.17B,No,1007.36,1056.11,1480.45,1000.31,1343.44,496
2193,JUBLFOOD.NS,466.0,470.25,471.24K,Consumer Services,Restaurants,40.0,27.0,71.0,35.0,12.5393,12.0464,2626.15K,781.06K,637.3,408.55,306.48B,No,490.2,466.17,483.96,468.04,457.75,499
2194,CEENIK.BO,234.0,232.3,0.13K,Consumer Non-Durables,Apparel/Footwear,40.0,46.0,84.0,62.0,14.3214,12.9536,1.24K,0.30K,465.6,133.15,940.68M,No,233.92,233.72,258.81,244.0,235.92,495
2195,HARYNACAP.BO,145.65,147.4,0.54K,Finance,Finance/Rental/Leasing,40.0,71.0,52.0,50.0,8.7357,7.7143,0.71K,0.64K,220.0,119.05,758.64M,No,143.42,142.57,150.57,143.57,144.85,495
2196,ARTNIRMAN.NS,39.78,39.92,0.83K,Consumer Durables,Homebuilding,39.0,47.0,54.0,55.0,1.7421,1.7279,1.70K,1.40K,66.97,29.39,992.75M,No,40.68,40.38,42.08,40.2,40.46,497
2197,AUTOAXLES.NS,1661.6,1678.0,3.81K,Producer Manufacturing,Auto Parts: Oem,39.0,31.0,39.0,17.0,43.3929,43.1286,9.39K,6.46K,2115.0,1540.2,25.11B,No,1719.27,1775.81,1814.2,1754.53,1769.46,497
2198,KNAGRI.NS,192.52,193.74,6.86K,Process Industries,Agricultural Commodities/Milling,39.0,18.0,35.0,47.0,7.6364,7.6071,14.62K,8.32K,244.0,148.3,4.81B,No,209.41,208.23,195.18,206.82,198.8,496
2199,BERVINL.BO,44.82,47.17,2.05K,Finance,Investment Banks/Brokers,39.0,81.0,67.0,16.0,2.9543,1.9429,0.35K,0.11K,73.5,37.21,264.35M,No,49.98,47.59,55.15,47.15,54.23,495
2200,BLIL.NS,67.13,68.44,144.75K,Commercial Services,Miscellaneous Commercial Services,39.0,,,,1.105,0.9957,79.02K,98.15K,73.4,67.0,14.90B,No,71.56,,,,,20
2201,BASML.NS,23.51,24.6,73.69K,Process Industries,Textiles,39.0,37.0,42.0,58.0,0.8793,0.8379,112.22K,44.38K,31.9,17.05,1.88B,No,24.92,25.96,24.8,25.61,24.21,497
2202,REGAAL.NS,79.72,83.71,301.74K,Process Industries,Agricultural Commodities/Milling,39.0,28.0,47.0,51.0,3.7643,3.7536,234.00K,336.26K,107.29,57.27,8.21B,No,90.75,85.76,77.23,84.94,81.5,267
2203,PHOENXINTL.NS,28.4,29.85,4.67K,Finance,Real Estate Development,39.0,,,,2.4343,2.4057,3.83K,2.36K,35.64,27.5,476.82M,No,30.25,,,,,20
2204,MIIL.NS,666.1,676.45,89.89K,Finance,Investment Managers,39.0,,,,28.6679,28.1143,83.18K,76.44K,742.9,658.2,14.47B,No,706.18,,,,,20
2205,INDUSTOWER.NS,379.0,388.0,3806.86K,Finance,Finance/Rental/Leasing,39.0,55.0,33.0,15.0,9.7357,9.55,5681.31K,4940.66K,481.5,337.8,999.50B,No,377.26,385.72,415.44,385.91,409.72,499
2206,HARIKANTA.BO,65.0,65.11,3.60K,Process Industries,Textiles,39.0,29.0,43.0,,3.5271,2.6793,57.07K,8.16K,91.84,57.62,641.27M,No,68.5,72.61,,70.57,,75
2207,TEMBO.NS,55.52,56.08,967.19K,Producer Manufacturing,Metal Fabrication,39.0,23.0,48.0,47.0,2.1914,2.1829,2134.39K,2285.44K,83.7,43.34,10.75B,No,57.61,57.42,58.36,57.14,56.41,499
2208,WHBRADY.NS,477.0,480.5,0.02K,Producer Manufacturing,Industrial Machinery,39.0,,,,9.0607,7.5071,0.08K,0.05K,589.9,477.0,1.22B,No,496.1,,,,,21
2209,MOHITIND.NS,23.68,23.23,6.21K,Process Industries,Textiles,39.0,47.0,61.0,37.0,1.535,1.5179,35.62K,8.91K,37.98,18.6,335.25M,No,23.77,23.74,24.53,23.89,23.43,496
2210,AJWAFUN.BO,36.6,36.6,0.10K,Consumer Services,Movies/Entertainment,39.0,15.0,75.0,7.0,0.0,0.0,0.07K,0.07K,63.5,30.16,233.87M,No,36.98,40.06,43.44,38.99,40.25,496
2211,B2BSOFT.BO,22.29,22.46,24.78K,Technology Services,Information Technology Services,39.0,12.0,26.0,6.0,1.135,1.1286,20.19K,10.17K,38.0,15.81,376.02M,No,23.55,24.72,25.04,24.59,26.26,497
2212,ASHIKAG.NS,406.6,415.45,16.66K,Miscellaneous,Miscellaneous,39.0,,,,17.1107,17.0429,45.62K,65.48K,451.0,399.0,,No,426.42,,,,,20
2213,GUJPETR.BO,55.79,52.52,0.49K,Process Industries,Chemicals: Specialty,39.0,64.0,41.0,25.0,2.1,1.3614,1.40K,0.36K,81.51,50.0,333.02M,No,53.14,54.41,57.94,54.14,57.23,495
2214,SUDARCOLOR.NS,375.1,378.4,5.73K,Process Industries,Chemicals: Major Diversified,39.0,27.0,61.0,56.0,14.5321,14.5321,11.72K,7.36K,599.8,268.25,8.66B,No,389.82,381.99,378.1,385.86,360.62,497
2215,INDSILHYD.BO,39.24,39.5,3.18K,Non-Energy Minerals,Other Metals/Minerals,39.0,48.0,47.0,46.0,1.3443,1.3171,11.61K,8.07K,54.0,29.5,1.09B,No,40.78,39.54,40.34,39.77,39.32,495
2216,LAGNAM.NS,71.15,72.56,8.60K,Process Industries,Textiles,39.0,22.0,22.0,45.0,2.9471,2.8943,12.00K,7.24K,96.98,58.6,1.26B,No,75.45,80.85,75.75,79.86,76.69,496
2217,INTRGLB.BO,66.78,64.92,0.01K,Finance,Finance/Rental/Leasing,39.0,88.0,59.0,65.0,5.685,5.0364,1.72K,0.70K,107.0,45.6,905.82M,No,62.85,64.76,68.07,64.19,63.15,495
2218,HCLTECH.NS,1253.7,1206.1,4443.10K,Technology Services,Information Technology Services,39.0,26.0,68.0,25.0,39.5286,34.2643,3414.81K,2444.19K,1780.1,1030.0,3392.22B,No,1292.1,1284.42,1372.31,1291.02,1261.87,499
2219,RITES.NS,206.53,209.15,262.77K,Commercial Services,Miscellaneous Commercial Services,39.0,27.0,50.0,43.0,3.82,3.7657,3994.33K,307.56K,278.3,175.0,99.26B,No,215.56,219.33,217.09,216.77,211.48,498
2220,GREENLAM.NS,226.57,234.63,75.21K,Non-Energy Minerals,Forest Products,39.0,16.0,26.0,38.0,6.1,5.7486,139.04K,45.34K,278.63,197.59,57.81B,No,244.91,250.14,241.29,248.54,238.22,496
2221,POWERMECH.NS,2336.4,2421.3,39.03K,Industrial Services,Engineering & Construction,39.0,40.0,11.0,63.0,81.4,78.0071,78.36K,60.44K,3120.0,1717.7,73.87B,No,2453.55,2527.84,2364.43,2493.34,2420.31,497
2222,SMR.BO,90.5,94.63,25.00K,Consumer Durables,Other Consumer Specialties,39.0,72.0,68.0,,3.9671,2.7329,10.40K,5.80K,115.0,75.85,1.69B,No,93.73,90.36,,89.18,,71
2223,NDGL.NS,2655.5,2692.2,0.17K,Finance,Finance/Rental/Leasing,39.0,22.0,53.0,54.0,122.4357,120.55,0.34K,0.17K,4050.0,2100.0,2.66B,No,2749.57,2762.53,2691.29,2755.26,2635.95,496
2224,DAULAT.BO,28.86,29.16,0.05K,Finance,Investment Banks/Brokers,39.0,84.0,55.0,24.0,1.8407,1.6793,1.05K,0.94K,42.0,24.1,144.30M,No,28.25,28.08,30.14,28.19,29.51,495
2225,BEL.NS,382.9,404.35,16726.93K,Electronic Technology,Aerospace & Defense,39.0,30.0,39.0,13.0,7.8107,7.2071,11825.84K,10291.55K,473.45,380.45,2798.91B,No,407.74,405.33,418.75,403.26,419.7,499
2226,NILE.NS,1431.9,1452.1,1.97K,Non-Energy Minerals,Other Metals/Minerals,39.0,,,,43.2429,43.0643,3.25K,2.53K,1560.1,1430.0,4.30B,No,1483.2,,,,,20
2227,NUVOCO.NS,313.75,330.15,321.44K,Non-Energy Minerals,Construction Materials,39.0,37.0,55.0,46.0,11.0679,11.0429,1671.45K,532.93K,453.25,276.25,112.06B,No,327.97,336.77,328.53,336.97,319.9,499
2228,MANSIFIN.BO,62.98,62.67,0.54K,Finance,Finance/Rental/Leasing,39.0,61.0,58.0,27.0,2.0807,1.2664,0.18K,0.23K,111.95,56.26,222.63M,No,61.57,61.38,69.22,61.56,65.91,494
2229,MAHSCOOTER.NS,12882.0,12964.0,4.59K,Producer Manufacturing,Industrial Machinery,39.0,47.0,58.0,40.0,355.9286,344.6429,3.83K,2.86K,18499.0,10901.0,147.22B,No,13357.15,13249.1,13127.8,13210.7,12777.23,497
2230,DODLA.NS,1080.3,1090.8,23.43K,Consumer Non-Durables,Food: Meat/Fish/Dairy,39.0,50.0,49.0,48.0,33.3,33.0643,24.69K,25.87K,1475.0,964.1,65.17B,No,1094.95,1081.98,1120.68,1080.62,1077.94,496
2231,BALKRISIND.NS,2129.0,2164.6001,166.03K,Consumer Durables,Automotive Aftermarket,38.0,13.0,45.0,30.0,68.15,66.0286,476.84K,1304.43K,2775.0,1970.0,411.57B,No,2306.49,2273.69,2290.68,2265.13,2224.95,497
2232,CANFINHOME.NS,784.8,779.75,203.61K,Finance,Finance/Rental/Leasing,38.0,42.0,29.0,25.0,17.2357,17.1357,269.63K,277.53K,971.5,738.3,104.50B,No,804.73,831.65,866.0,817.4,843.0,498
2233,SUNDROP.NS,653.4,662.0,5.39K,Process Industries,Agricultural Commodities/Milling,38.0,56.0,51.0,46.0,16.4643,16.3929,22.39K,15.07K,874.0,556.0,24.63B,No,656.1,657.68,660.29,661.95,650.93,497
2234,ASAL.NS,447.85,462.4,16.40K,Producer Manufacturing,Auto Parts: Oem,38.0,17.0,26.0,45.0,13.7393,13.5857,26.80K,15.01K,654.65,374.5,7.10B,No,480.94,500.44,481.74,490.86,482.92,499
2235,HPIL.NS,119.77,123.87,0.35K,Process Industries,Chemicals: Specialty,38.0,48.0,41.0,34.0,5.5086,5.315,2.58K,0.56K,154.45,107.0,1.37B,No,124.67,125.0,128.51,124.95,126.59,497
2236,TRILIANCE.BO,45.09,46.99,0.01K,Finance,Investment Banks/Brokers,38.0,74.0,38.0,89.0,1.1179,0.9343,0.36K,0.07K,115.34,24.32,230.41M,No,44.89,43.13,51.85,42.51,41.38,494
2237,GMRAIRPORT.NS,92.97,97.98,10370.15K,Transportation,Other Transportation,38.0,24.0,20.0,35.0,2.5736,2.5257,16547.97K,14902.96K,115.64,84.11,981.67B,No,97.72,104.03,100.33,101.8,99.89,499
2238,INTLCOMBQ.BO,490.4,492.1,0.34K,Producer Manufacturing,Trucks/Construction/Farm Machinery,38.0,44.0,57.0,64.0,19.5893,19.5214,1.93K,0.98K,891.0,346.0,1.17B,No,495.97,534.21,518.23,520.29,495.52,495
2239,SAINIK.BO,37.28,35.13,71.50K,Finance,Finance/Rental/Leasing,38.0,79.0,37.0,46.0,3.4557,3.19,1.42K,0.87K,57.9,27.05,405.61M,No,35.46,36.38,38.05,36.13,37.5,496
2240,REDTAPE.NS,120.87,116.1,33802.00K,Retail Trade,Apparel/Footwear Retail,38.0,50.0,25.0,46.0,4.7779,4.6243,417.16K,305.45K,163.5,107.53,66.82B,No,121.12,127.55,126.39,126.18,126.96,498
2241,ARSSBL.NS,479.65,490.25,149.60K,Finance,Investment Banks/Brokers,38.0,36.0,23.0,35.0,13.8607,13.6857,224.89K,133.99K,794.85,416.0,30.25B,No,509.93,519.69,550.44,507.15,523.01,240
2242,HELPAGE.BO,21.02,21.1,2.31K,Finance,Investment Banks/Brokers,38.0,62.0,36.0,22.0,1.5579,1.505,0.61K,1.44K,33.8,18.0,209.10M,No,21.46,21.4,22.61,21.46,22.21,495
2243,GOLDTECH.NS,42.75,45.0,33.13K,Technology Services,Information Technology Services,38.0,6.0,56.0,52.0,2.1643,2.1221,76.42K,14.82K,72.02,29.68,2.24B,No,48.12,53.06,46.64,50.92,45.83,497
2244,DDEVPLSTIK.NS,250.65,256.8,77.12K,Process Industries,Chemicals: Major Diversified,38.0,19.0,51.0,31.0,7.0571,7.0571,172.72K,108.95K,360.0,185.15,25.94B,No,272.1,278.5,267.75,273.48,257.97,415
2245,SURYAAMBA.BO,116.8,122.0,0.22K,Process Industries,Textiles,38.0,50.0,49.0,27.0,4.6857,3.2643,0.30K,0.16K,151.25,100.4,342.45M,No,119.93,120.7,121.39,121.6,120.46,495
2246,SAGARDEEP.NS,23.65,23.79,4.37K,Non-Energy Minerals,Other Metals/Minerals,38.0,53.0,37.0,39.0,1.0029,1.0014,7.96K,6.21K,31.48,20.81,403.41M,No,23.74,24.18,24.72,24.01,24.02,497
2247,FORCEMOT.NS,17245.0,17705.0,68.02K,Consumer Durables,Motor Vehicles,38.0,31.0,35.0,8.0,450.0,434.5,92.27K,87.89K,26450.0,14911.0,227.22B,No,17673.8,17934.86,19600.35,17821.7,19441.2,498
2248,KMCSHIL.NS,132.8,138.47,108.61K,Health Services,Hospital/Nursing Management,38.0,,,,4.7607,4.7493,100.01K,90.73K,146.0,131.45,21.66B,No,137.53,,,,,20
2249,CAPRO.BO,49.08,49.09,0.00K,Commercial Services,Miscellaneous Commercial Services,38.0,80.0,53.0,6.0,2.0429,1.545,0.35K,0.59K,81.0,37.1,225.77M,No,44.88,47.25,53.9,47.47,49.85,495
2250,NIRAVCOM.BO,686.85,686.85,0.01K,Non-Energy Minerals,Aluminum,38.0,35.0,7.0,53.0,15.5393,11.0929,0.02K,0.00K,953.3,551.0,269.25M,No,681.13,707.72,719.74,711.87,738.1,497
2251,LICI.NS,391.5,404.1,12168.65K,Finance,Life/Health Insurance,38.0,37.0,42.0,33.0,8.275,8.0714,9441.68K,5514.22K,468.48,360.75,2476.24B,No,413.15,417.87,415.02,414.18,409.4,499
2252,BLUEDART.NS,4843.5,4830.8999,7.94K,Transportation,Air Freight/Couriers,38.0,40.0,49.0,23.0,93.15,90.3928,22.24K,9.81K,7036.0,4628.5,114.93B,No,5001.36,5013.54,5214.68,4996.73,5067.05,498
2253,SAATVIKGL.NS,389.55,395.95,105.06K,Producer Manufacturing,Industrial Machinery,38.0,22.0,12.0,55.0,12.1429,11.9571,131.37K,56.96K,567.0,328.0,49.51B,No,414.06,429.14,420.18,424.27,429.55,242
2254,DJML.NS,78.66,82.39,92.79K,Commercial Services,Commercial Printing/Forms,38.0,1.0,2.0,21.0,6.0143,5.5914,426.31K,146.23K,124.8,52.0,2.83B,No,83.6,99.71,90.23,97.31,97.46,497
2255,GPIL.NS,237.16,244.45,1827.37K,Non-Energy Minerals,Steel,38.0,63.0,19.0,26.0,7.5929,7.3471,1592.60K,1761.16K,320.0,221.21,154.30B,No,244.68,244.75,262.19,241.02,264.34,499
2256,STARLOG.BO,38.45,39.4,4.51K,Transportation,Other Transportation,38.0,55.0,57.0,35.0,1.735,1.635,2.12K,2.46K,64.99,32.07,575.48M,No,38.31,38.64,38.62,38.8,38.95,495
2257,ATLANTAA.NS,36.74,37.22,26.47K,Industrial Services,Engineering & Construction,38.0,32.0,30.0,31.0,1.7507,1.7414,71.33K,53.41K,73.39,31.52,2.99B,No,38.37,38.41,40.75,37.63,39.23,497
2258,MYMONEY.BO,38.88,37.44,0.21K,Finance,Investment Banks/Brokers,38.0,87.0,37.0,55.0,2.9771,2.4679,0.81K,1.46K,54.9,30.85,653.20M,No,35.94,36.56,40.45,36.58,40.2,495
2259,PRINCEPIPE.NS,259.05,266.65,208.76K,Producer Manufacturing,Industrial Machinery,38.0,26.0,34.0,47.0,9.3821,9.1607,244.84K,177.14K,352.2,205.0,28.65B,No,284.86,274.97,260.88,273.48,262.42,497
2260,MASKINVEST.NS,140.8,145.36,0.19K,Finance,Finance/Rental/Leasing,38.0,42.0,40.0,57.0,8.4421,7.7379,0.20K,0.47K,246.09,114.94,429.65M,No,147.41,150.07,148.49,147.92,146.82,496
2261,VHLTD.NS,120.81,118.98,34.70K,Consumer Services,Hotels/Resorts/Cruise Lines,38.0,52.0,21.0,11.0,3.6379,3.4243,36.71K,47.68K,155.36,111.55,8.66B,No,118.46,124.44,134.52,123.45,133.51,496
2262,KCP.NS,159.15,162.4,118.49K,Producer Manufacturing,Industrial Conglomerates,38.0,70.0,40.0,48.0,5.3343,5.3343,181.09K,115.81K,207.8,125.0,20.52B,No,164.48,163.33,166.14,161.85,161.04,497
2263,DTIL.NS,138.3,142.91,9.71K,Process Industries,Agricultural Commodities/Milling,38.0,71.0,57.0,48.0,10.705,9.4629,20.18K,10.98K,193.79,102.0,1.45B,No,148.63,140.42,142.08,140.38,137.04,496
2264,JAGRAN.NS,61.72,62.09,189.79K,Consumer Services,Publishing: Newspapers,38.0,53.0,44.0,34.0,0.9493,0.9007,211.13K,211.46K,78.9,59.5,13.43B,No,61.66,62.57,65.74,62.38,64.33,497
2265,NUTECGLOB.BO,25.22,25.22,0.03K,Process Industries,Textiles,38.0,82.0,18.0,38.0,0.0171,0.0,0.34K,0.00K,33.23,19.46,80.80M,No,25.04,24.33,25.03,24.78,24.6,496
2266,NNTL.BO,31.5,32.19,0.10K,Technology Services,Information Technology Services,38.0,40.0,13.0,55.0,0.0493,0.0,0.05K,0.05K,42.15,25.31,101.68M,No,32.49,33.93,34.14,33.41,32.98,498
2267,SELMC.NS,27.79,29.25,6.24K,Process Industries,Textiles,38.0,65.0,33.0,27.0,1.6279,1.5386,12.77K,57.22K,43.36,26.0,922.05M,No,27.99,28.01,29.77,27.99,29.47,497
2268,XCHANGING.NS,64.5,62.34,511.22K,Technology Services,Information Technology Services,38.0,54.0,51.0,46.0,1.8686,1.7043,99.13K,99.39K,103.0,47.5,7.19B,No,61.81,64.06,67.63,63.78,63.14,497
2269,AVEER.BO,551.1,551.1,0.71K,Consumer Non-Durables,Food: Major Diversified,38.0,36.0,52.0,46.0,6.2,6.0464,0.46K,0.40K,773.3,475.5,2.47B,No,562.07,577.11,568.26,580.43,555.64,497
2270,LOTUSCHO.NS,574.9,589.45,2.71K,Consumer Non-Durables,Food: Specialty/Candy,37.0,,,,29.1143,28.8536,4.33K,6.17K,671.0,570.0,7.38B,No,614.49,,,,,20
2271,BIRLANU.NS,1395.5,1448.4,8.25K,Non-Energy Minerals,Forest Products,37.0,7.0,53.0,42.0,49.0571,48.8714,21.28K,8.70K,2012.4,1190.1,,No,1472.4,1426.96,1478.19,1440.75,1403.71,496
2272,CORALFINAC.NS,32.77,32.16,13.22K,Finance,Investment Managers,37.0,57.0,55.0,43.0,1.5193,1.5193,81.11K,16.80K,49.88,25.01,1.32B,No,33.37,33.18,34.23,32.99,32.67,497
2273,ADARSHPL.BO,26.65,26.5,0.56K,Producer Manufacturing,Trucks/Construction/Farm Machinery,37.0,43.0,29.0,11.0,1.5107,1.5064,3.77K,1.51K,44.9,23.8,264.14M,No,27.21,28.86,30.44,28.84,30.16,495
2274,FINELINE.BO,63.57,65.73,2.72K,Electronic Technology,Electronic Components,37.0,64.0,82.0,10.0,4.3143,4.1557,3.27K,1.79K,103.66,48.22,305.63M,No,65.31,67.37,74.97,67.71,69.17,495
2275,SANCTRN.BO,671.0,671.05,0.01K,Transportation,Other Transportation,37.0,42.0,45.0,39.0,12.1464,9.7429,0.04K,0.03K,808.5,634.0,1.21B,No,678.37,701.91,712.26,693.7,712.92,496
2276,PVSL.NS,97.93,101.3,12.72K,Retail Trade,Specialty Stores,37.0,5.0,58.0,45.0,4.6536,4.6393,57.54K,25.95K,163.0,82.41,6.97B,No,105.43,105.26,104.78,104.99,99.34,498
2277,LATTEYS.NS,20.52,21.8,67.56K,Producer Manufacturing,Industrial Machinery,37.0,54.0,34.0,44.0,1.255,1.2393,56.71K,41.01K,37.0,15.79,1.18B,No,21.97,20.92,21.76,20.95,21.23,496
2278,DOLLAR.NS,262.95,273.55,46.83K,Consumer Non-Durables,Apparel/Footwear,37.0,48.0,60.0,41.0,7.8107,7.7714,172.47K,84.78K,396.0,220.5,14.91B,No,268.84,267.98,288.78,267.91,269.07,497
2279,VRL.BO,149.9,146.95,0.60K,Health Technology,Pharmaceuticals: Major,37.0,4.0,26.0,70.0,7.2321,7.1107,1.61K,0.76K,220.0,100.1,476.41M,No,154.69,166.28,152.31,163.4,146.31,495
2280,CEETAIN.BO,38.77,38.99,0.27K,Producer Manufacturing,Building Products,37.0,38.0,24.0,14.0,4.5193,4.2379,1.30K,0.72K,50.69,30.4,562.26M,No,39.71,39.43,40.69,39.96,41.73,495
2281,ASTALLTD.BO,74.97,76.2,17.78K,Finance,Real Estate Development,37.0,7.0,33.0,33.0,3.4886,3.3743,21.89K,19.69K,103.2,60.45,3.28B,No,79.41,81.18,78.75,80.19,77.05,495
2282,KDML.BO,113.65,113.65,3.60K,Retail Trade,Specialty Stores,37.0,32.0,33.0,13.0,0.0,0.0,0.06K,0.06K,132.9,113.65,2.61B,No,115.14,117.81,125.11,117.22,122.28,497
2283,HEXT.NS,517.5,497.05,441.01K,Technology Services,Packaged Software,37.0,21.0,60.0,64.0,15.1821,14.7036,1010.46K,453.45K,807.75,400.2,315.57B,No,537.28,552.08,564.8,544.94,503.21,389
2284,SWARAJENG.NS,3569.2,3576.0,7.50K,Producer Manufacturing,Auto Parts: Oem,37.0,56.0,36.0,44.0,60.4357,57.1928,13.63K,10.64K,4545.0,3301.3,43.37B,No,3571.0,3622.13,3684.46,3596.32,3705.75,496
2285,BHARAT.BO,23.44,23.5,2.50K,Finance,Investment Banks/Brokers,37.0,60.0,47.0,47.0,1.2157,1.1664,2.64K,3.46K,36.18,18.9,158.47M,No,23.43,23.77,25.16,23.73,23.82,495
2286,ORKLAINDIA.NS,582.3,591.25,34.46K,Consumer Non-Durables,Food: Specialty/Candy,37.0,76.0,34.0,49.0,17.6822,17.6786,89.11K,89.25K,760.0,533.25,79.77B,No,579.39,574.86,598.49,573.2,598.59,216
2287,EMPIND.NS,1038.3,1054.0,3.78K,Distribution Services,Food Distributors,37.0,,,,33.65,29.5929,6.33K,8.72K,1248.0,1020.1,,No,1167.03,,,,,20
2288,JENBURPH.NS,974.1,1003.9,4.11K,Health Technology,Pharmaceuticals: Major,37.0,,,,29.5929,29.3,1.23K,1.38K,1073.9,971.0,,No,1036.07,,,,,20
2289,GICRE.NS,338.2,349.4,369.15K,Finance,Specialty Insurance,37.0,50.0,21.0,26.0,8.9214,8.5393,1369.34K,1630.53K,417.95,337.1,593.34B,No,353.13,356.82,373.39,354.05,370.77,498
2290,SURANASOL.NS,25.02,25.51,24.58K,Electronic Technology,Semiconductors,37.0,49.0,32.0,61.0,0.8736,0.8736,69.15K,42.76K,36.5,18.31,1.23B,No,25.82,26.03,25.65,25.88,25.43,497
2291,ASIANPAINT.NS,2402.8,2472.5,539.05K,Process Industries,Industrial Specialties,37.0,15.0,22.0,49.0,51.6071,46.7143,925.58K,616.32K,2985.7,2115.0,2303.43B,No,2567.08,2653.97,2588.72,2615.68,2536.0,499
2292,SPELS.NS,138.37,145.65,17.25K,Electronic Technology,Semiconductors,37.0,,,,4.8457,4.32,39.51K,25.09K,157.0,138.37,6.38B,No,147.02,,,,,20
2293,HDBFS.NS,664.7,669.2,220.61K,Finance,Finance/Rental/Leasing,37.0,47.0,38.0,39.0,13.425,13.0536,728.82K,600.70K,801.1,555.3,550.67B,No,682.99,695.99,696.88,685.48,675.23,302
2294,CANBK.NS,122.37,124.0,12692.98K,Finance,Major Banks,37.0,30.0,33.0,17.0,2.3607,2.275,21379.00K,12515.09K,162.89,112.51,1109.98B,No,126.68,127.16,137.75,126.9,132.22,499
2295,LAHOTIOV.NS,39.28,40.55,13.28K,Process Industries,Textiles,37.0,,,,2.5907,2.5907,13.15K,20.52K,46.95,37.64,1.15B,No,41.76,,,,,20
2296,NATCOPHARM.NS,819.15,815.35,434.61K,Health Technology,Pharmaceuticals: Major,37.0,9.0,44.0,9.0,19.6464,19.6464,510.33K,373.62K,1226.8,789.0,149.40B,No,853.3,904.59,948.31,880.26,972.33,498
2297,LEAPIND.NS,134.61,144.34,3443.72K,Transportation,Air Freight/Couriers,37.0,,,,7.465,7.3014,13465.42K,4603.24K,172.29,132.92,59.30B,No,155.16,,,,,22
2298,VEEDOL.NS,1382.5,1428.5,15.29K,Energy Minerals,Oil Refining/Marketing,37.0,28.0,43.0,45.0,32.6857,31.3857,12.05K,7.49K,2035.0,1238.2,23.50B,No,1476.15,1455.03,1461.29,1450.36,1421.63,498
2299,SKILVEN.BO,21.0,21.0,0.00K,Utilities,Electric Utilities,37.0,42.0,41.0,25.0,0.0786,0.0071,0.00K,0.00K,30.43,20.9,83.30M,No,21.45,21.78,23.42,21.7,22.85,497
2300,ELIXIR.BO,100.74,100.0,1.69K,Finance,Investment Banks/Brokers,37.0,68.0,23.0,52.0,6.4464,6.3321,2.35K,1.46K,143.8,78.1,585.55M,No,101.51,109.39,106.28,106.49,106.96,495
2301,SKPSEC.BO,96.7,101.75,1.25K,Finance,Investment Banks/Brokers,37.0,39.0,33.0,48.0,5.17,5.1157,2.74K,0.82K,142.0,74.0,658.41M,No,101.15,106.07,104.18,104.55,102.27,495
2302,RENUKA.NS,23.49,24.87,11641.40K,Process Industries,Agricultural Commodities/Milling,37.0,79.0,51.0,29.0,1.2221,1.205,13806.81K,21354.76K,33.3,21.05,50.00B,No,24.48,23.17,24.63,23.23,24.36,499
2303,IDBI.NS,82.95,83.43,49477.24K,Finance,Major Banks,37.0,63.0,67.0,12.0,4.2657,4.2621,18859.14K,16964.91K,118.38,61.01,891.91B,No,87.01,85.32,88.12,85.43,81.84,499
2304,VJLAXMIE.BO,39.03,39.02,0.03K,Producer Manufacturing,Industrial Machinery,37.0,53.0,66.0,52.0,1.6086,0.98,0.64K,0.88K,63.09,26.0,197.96M,No,39.01,38.38,40.75,38.76,37.44,495
2305,JAYKAY.NS,158.45,165.32,519.03K,Commercial Services,Miscellaneous Commercial Services,37.0,78.0,39.0,58.0,10.702,10.517,319.92K,656.43K,219.7,115.52,22.34B,No,154.17,160.57,,158.11,160.4,196
2306,SEJALLTD.NS,618.35,646.3,6.10K,Process Industries,Industrial Specialties,36.0,23.0,26.0,68.0,26.9036,26.8143,7.84K,6.46K,1036.7,381.0,7.25B,No,668.91,705.58,712.67,689.59,678.05,498
2307,ALKALI.NS,73.45,77.25,10.85K,Process Industries,Chemicals: Specialty,36.0,75.0,18.0,65.0,5.73,4.1757,15.37K,74.30K,107.38,46.8,747.91M,No,70.32,73.43,72.95,70.91,70.71,496
2308,POWERGRID.NS,262.8,269.1,10517.89K,Utilities,Alternative Power Generation,36.0,56.0,32.0,19.0,4.4643,4.4107,9017.14K,9666.59K,324.95,250.0,2444.20B,No,266.76,275.41,284.57,273.0,289.65,498
2309,HBLENGINE.NS,720.15,722.2,1095.19K,Producer Manufacturing,Electrical Products,36.0,77.0,28.0,49.0,24.3357,23.9429,1291.79K,2889.34K,1122.0,613.0,199.62B,No,691.66,711.04,762.74,707.95,739.83,499
2310,NDMETAL.BO,75.0,75.0,0.01K,Producer Manufacturing,Electrical Products,36.0,59.0,50.0,19.0,0.0,0.0,0.00K,0.00K,99.55,75.0,186.00M,No,75.1,75.58,81.29,75.5,77.55,498
2311,CONSTRONIC.BO,48.0,49.58,2.71K,Distribution Services,Wholesale Distributors,36.0,37.0,71.0,23.0,2.5586,2.2129,1.45K,0.74K,70.34,40.0,601.39M,No,47.93,48.49,51.35,48.91,48.58,495
2312,ENRIN.NS,3028.7,3181.3,304.93K,Producer Manufacturing,Electrical Products,36.0,8.0,15.0,42.0,95.0214,93.8357,564.99K,392.67K,3968.0,2115.0,1078.58B,No,3266.72,3338.79,3078.81,3304.55,3242.54,311
2313,KAMAHOLD.NS,2269.7,2273.5,8.84K,Process Industries,Industrial Specialties,36.0,,,,41.2214,41.2214,4.30K,4.47K,2474.8,2241.1,,No,2361.2,,,,,20
2314,TTKPRESTIG.NS,540.0,537.3,65.50K,Consumer Durables,Home Furnishings,36.0,18.0,54.0,56.0,15.9857,15.8822,314.40K,63.38K,771.2,423.0,73.96B,No,577.74,615.46,567.92,599.47,547.91,498
2315,PGHL.NS,5408.0,5411.5,10.41K,Health Technology,Pharmaceuticals: Major,36.0,24.0,20.0,55.0,119.3571,117.8214,16.20K,9.02K,6975.0,4707.0,89.77B,No,5696.8,6179.3,5643.92,6017.3,5668.13,496
2316,MGL.NS,1071.7,1084.3,66.53K,Utilities,Gas Distributors,36.0,41.0,38.0,44.0,24.1072,23.95,266.03K,161.84K,1378.0,900.0,105.86B,No,1098.49,1105.92,1103.31,1103.56,1096.68,497
2317,UNISEM.BO,51.0,48.9,8.00K,Process Industries,Agricultural Commodities/Milling,36.0,63.0,57.0,12.0,0.6214,0.2321,4.22K,1.40K,67.91,45.83,577.93M,No,48.8,50.79,,50.88,55.16,184
2318,HECPROJECT.NS,117.53,119.04,3.55K,Industrial Services,Engineering & Construction,36.0,7.0,44.0,45.0,6.84,6.7157,29.28K,19.48K,160.5,92.1,1.27B,No,118.66,126.94,122.91,124.07,122.73,497
2319,TANLA.NS,490.55,502.8,453.21K,Technology Services,Information Technology Services,36.0,5.0,35.0,55.0,18.625,17.8322,1112.26K,410.26K,766.0,365.9,64.78B,No,534.51,564.6,515.15,559.56,513.09,499
2320,PLATIND.NS,218.88,221.05,39.05K,Process Industries,Chemicals: Major Diversified,36.0,66.0,39.0,40.0,9.3414,9.275,88.95K,70.96K,342.4,183.5,12.02B,No,222.68,225.58,228.38,224.05,222.02,499
2321,EARKART.BO,131.3,127.05,5.00K,Health Technology,Medical Specialties,36.0,33.0,70.0,26.0,5.5714,3.2714,1.41K,2.10K,265.95,104.35,1.81B,No,124.62,139.36,145.56,136.97,137.37,236
2322,PRAENG.NS,21.51,21.93,47.24K,Consumer Durables,Homebuilding,36.0,81.0,59.0,34.0,1.6479,1.6329,80.69K,201.28K,33.88,17.0,1.50B,No,21.31,20.66,22.44,21.04,21.22,496
2323,SAMMAANCAP.NS,141.96,147.3,5164.01K,Finance,Finance/Rental/Leasing,36.0,30.0,8.0,33.0,4.7214,4.6507,9556.26K,6446.36K,192.95,129.0,163.07B,No,150.12,157.35,153.3,154.62,156.19,499
2324,AZADIND.NS,84.11,87.13,12.41K,Non-Energy Minerals,Steel,36.0,,,,5.0314,5.0314,32.85K,38.49K,98.99,81.5,4.58B,No,90.06,,,,,20
2325,UNITDCR.BO,24.58,23.5,0.01K,Finance,Finance/Rental/Leasing,36.0,49.0,33.0,33.0,1.0286,0.8514,0.74K,0.55K,37.83,19.0,130.96M,No,23.25,25.34,27.13,24.96,25.92,495
2326,PAGEIND.NS,34580.0,35365.0,12.82K,Consumer Non-Durables,Apparel/Footwear,36.0,34.0,25.0,52.0,773.2143,739.2857,32.68K,19.42K,45890.0,29805.0,385.70B,No,35666.0,38138.0,36474.47,37491.0,36902.0,497
2327,PYRAMID.NS,154.96,157.74,41.09K,Producer Manufacturing,Miscellaneous Manufacturing,36.0,44.0,33.0,46.0,4.7257,4.6464,140.32K,59.49K,198.69,131.8,5.71B,No,158.88,165.99,161.45,163.44,161.61,496
2328,CYBELEIND.BO,38.36,40.3,3.08K,Producer Manufacturing,Electrical Products,36.0,39.0,7.0,1.0,2.745,2.745,5.79K,4.07K,77.01,21.1,410.29M,No,38.36,42.13,43.13,41.5,45.79,495
2329,TATAPOWER.NS,363.0,364.65,3709.56K,Utilities,Electric Utilities,36.0,39.0,29.0,27.0,8.4643,8.0679,4695.30K,5015.07K,464.9,342.5,1159.91B,No,365.63,373.58,387.78,371.67,392.25,499
2330,NATPLASTI.BO,216.15,219.2,1.27K,Process Industries,Chemicals: Specialty,36.0,32.0,64.0,18.0,10.3464,10.15,1.36K,1.59K,334.0,190.0,1.31B,No,221.7,225.14,238.14,225.47,223.2,495
2331,SSDL.NS,60.22,62.59,41.43K,Distribution Services,Wholesale Distributors,36.0,27.0,61.0,36.0,3.4543,3.3143,53.72K,97.65K,91.69,46.15,2.38B,No,58.35,56.59,63.21,57.32,58.38,498
2332,BAJAJHFL.NS,84.0,84.11,3993.17K,Finance,Finance/Rental/Leasing,36.0,59.0,48.0,37.0,1.4457,1.4457,3997.89K,2994.68K,117.0,72.65,699.61B,No,84.06,85.33,87.61,84.77,85.13,499
2333,FREDUN.NS,1327.9,1412.2,66.07K,Health Technology,Pharmaceuticals: Major,36.0,,,,76.9572,75.9357,26.82K,34.32K,1536.0,1308.1,,No,1446.33,,,,,20
2334,SHREERAMA.NS,44.23,47.12,84.44K,Process Industries,Containers/Packaging,36.0,84.0,62.0,22.0,2.88,2.8307,113.19K,149.83K,71.99,37.62,5.90B,No,44.16,42.08,49.1,42.7,45.07,497
2335,DUTRON.BO,102.25,103.65,0.10K,Producer Manufacturing,Miscellaneous Manufacturing,36.0,59.0,50.0,21.0,2.0,1.3321,0.15K,0.09K,128.95,94.6,613.50M,No,102.92,102.43,106.39,101.85,105.44,495
2336,LOVABLE.NS,70.91,71.73,10.86K,Consumer Non-Durables,Apparel/Footwear,36.0,57.0,52.0,47.0,2.9464,2.9179,20.90K,17.33K,104.7,55.0,1.05B,No,71.86,73.18,73.92,72.41,72.0,497
2337,SEIL.NS,190.09,192.68,382.76K,Commercial Services,Miscellaneous Commercial Services,36.0,,,,6.2886,6.2629,268.43K,272.36K,215.6,188.3,30.60B,No,202.85,,,,,20
2338,ULTRACEMCO.NS,10697.0,11000.0,335.16K,Non-Energy Minerals,Construction Materials,36.0,26.0,39.0,25.0,205.2143,195.4286,259.99K,267.95K,13110.0,10325.0,3146.73B,No,11342.35,11637.58,11744.53,11546.4,11507.1,499
2339,TARC.NS,126.61,131.39,473.32K,Finance,Real Estate Development,36.0,61.0,48.0,24.0,5.1786,4.9021,1731.33K,777.37K,186.3,109.1,37.36B,No,123.51,125.93,137.6,127.0,128.66,497
2340,ROML.NS,43.0,42.69,0.14K,Process Industries,Agricultural Commodities/Milling,36.0,46.0,40.0,26.0,1.5771,1.5457,4.23K,3.08K,62.0,35.11,644.51M,No,42.74,44.0,45.4,43.65,44.36,497
2341,MANORG.NS,454.3,466.45,11.51K,Process Industries,Chemicals: Specialty,36.0,64.0,32.0,54.0,25.6893,25.6893,9.82K,12.83K,635.0,356.25,3.89B,No,479.48,497.76,481.52,486.59,483.96,497
2342,MOBIKWIK.NS,200.86,209.7,3070.66K,Commercial Services,Miscellaneous Commercial Services,36.0,56.0,56.0,54.0,7.7864,7.7864,1821.83K,2364.11K,324.75,151.46,15.82B,No,194.63,202.79,205.58,201.83,197.3,435
2343,ATLASCYCLE.NS,91.02,95.71,26.41K,Consumer Durables,Motor Vehicles,36.0,36.0,28.0,54.0,5.9464,5.9464,26.95K,140.40K,130.0,76.15,591.98M,No,97.59,97.6,96.29,96.48,96.34,496
2344,BERYLSE.BO,29.25,29.4,4.19K,Finance,Investment Banks/Brokers,36.0,5.0,53.0,47.0,1.8636,1.5343,1.34K,1.39K,41.83,22.0,141.85M,No,29.68,32.67,30.1,32.6,30.45,495
2345,COHANCE.NS,423.6,440.2,383.86K,Health Technology,Pharmaceuticals: Major,35.0,42.0,50.0,79.0,14.65,14.3643,1405.71K,1020.63K,996.0,266.7,162.07B,No,452.08,443.6,421.65,440.38,406.68,498
2346,FINKURVE.NS,72.68,72.49,389.22K,Finance,Finance/Rental/Leasing,35.0,60.0,57.0,65.0,5.605,5.605,140.35K,174.90K,134.9,48.02,10.19B,No,73.29,67.22,74.9,68.82,66.26,235
2347,SSFLPP.BO,114.5,114.5,2.78K,Finance,Finance/Rental/Leasing,35.0,21.0,39.0,45.0,0.0,0.0,1.07K,1.07K,182.0,67.1,10.15B,No,114.5,133.19,125.0,126.72,121.48,268
2348,CHEMCRUX.NS,80.23,82.4,5.11K,Process Industries,Chemicals: Major Diversified,35.0,,,,3.7321,3.7321,3.62K,3.65K,89.29,79.66,1.19B,No,83.9,,,,,20
2349,IGIL.NS,313.1,314.3,503.70K,Commercial Services,Miscellaneous Commercial Services,35.0,20.0,18.0,29.0,9.6643,9.6143,599.42K,449.61K,392.0,287.0,135.31B,No,331.15,341.22,337.72,337.01,343.74,427
2350,LAKHOTIA.BO,55.0,53.41,0.14K,Process Industries,Textiles,35.0,62.0,19.0,46.0,6.805,6.555,10.94K,0.53K,185.7,46.5,576.07M,No,55.76,57.65,62.9,56.82,61.17,495
2351,ASTEC.NS,673.7,699.8,47.01K,Process Industries,Chemicals: Agricultural,35.0,86.0,18.0,50.0,40.3179,37.6607,150.03K,744.36K,941.75,513.4,15.01B,No,611.63,634.76,670.36,633.09,669.11,499
2352,SALAUTO.BO,194.0,196.1,0.06K,Producer Manufacturing,Auto Parts: Oem,35.0,77.0,54.0,46.0,10.225,9.475,0.84K,0.54K,272.9,164.0,930.31M,No,198.52,188.67,199.85,191.04,193.37,496
2353,COFFEEDAY.NS,30.37,31.67,691.95K,Consumer Services,Restaurants,35.0,75.0,30.0,61.0,1.925,1.8686,517.38K,1037.05K,46.57,21.0,6.42B,No,30.54,31.02,30.65,30.72,29.3,499
2354,SPANDANA.NS,226.96,235.37,188.23K,Finance,Finance/Rental/Leasing,35.0,20.0,40.0,36.0,6.4229,6.2043,305.62K,80.73K,319.4,181.1,20.12B,No,239.3,261.77,250.57,251.08,245.92,498
2355,BPCL.NS,298.65,304.5,3512.66K,Energy Minerals,Oil Refining/Marketing,35.0,31.0,43.0,23.0,7.8643,7.5536,6247.52K,4786.07K,391.65,266.6,1276.01B,No,312.29,314.41,326.85,313.5,309.12,499
2356,ATGL.NS,580.15,594.8,517.20K,Utilities,Gas Distributors,35.0,14.0,9.0,67.0,14.5679,14.4393,1422.09K,586.90K,859.85,462.8,638.05B,No,627.16,659.13,614.42,639.24,636.28,498
2357,PRECISIO.BO,162.85,164.05,0.96K,Electronic Technology,Telecommunications Equipment,35.0,6.0,17.0,66.0,9.6107,9.0286,3.08K,1.07K,266.3,107.1,2.26B,No,167.82,194.23,173.25,186.2,167.19,495
2358,VMSTMT.NS,47.46,44.12,161.88K,Non-Energy Minerals,Steel,35.0,27.0,60.0,57.0,1.3621,1.3029,49.17K,40.63K,105.0,33.5,2.36B,No,46.15,46.06,47.33,46.23,45.43,243
2359,HORIZONIND.NS,53.59,55.67,3992.82K,Finance,Real Estate Development,35.0,,,,2.2186,2.2186,11601.60K,5282.70K,60.25,53.1,154.49B,No,,,,,,16
2360,LUXIND.NS,1056.7,1098.6,34.77K,Consumer Non-Durables,Apparel/Footwear,35.0,11.0,11.0,65.0,34.9715,34.6,32.14K,17.63K,1823.35,824.05,31.78B,No,1176.85,1223.39,1171.46,1194.32,1214.61,498
2361,STRATMONT.BO,62.53,65.1,0.92K,Energy Minerals,Coal,35.0,59.0,43.0,20.0,3.7264,3.0721,86.89K,543.21K,92.0,45.31,1.78B,No,59.47,59.91,62.91,60.84,62.92,495
2362,BNALTD.NS,381.65,400.6,0.04K,Process Industries,Agricultural Commodities/Milling,35.0,,,,13.9107,8.5929,0.92K,0.68K,415.7,355.1,,No,,,,,,19
2363,VJTFEDU.BO,73.84,73.84,0.00K,Consumer Services,Other Consumer Services,35.0,80.0,74.0,8.0,3.1043,2.2493,0.52K,0.22K,127.95,54.61,1.30B,No,70.01,70.81,81.8,71.54,78.78,494
2364,BVCL.NS,40.8,42.05,18.12K,Non-Energy Minerals,Construction Materials,35.0,60.0,46.0,45.0,2.67,2.655,46.37K,70.22K,56.99,31.2,904.13M,No,42.54,42.04,42.31,41.83,41.7,496
2365,SHVFL.BO,25.25,25.25,0.02K,Finance,Finance/Rental/Leasing,35.0,77.0,6.0,14.0,0.2093,0.1214,0.08K,0.06K,40.39,19.89,255.02M,No,23.93,24.69,28.17,24.45,28.71,497
2366,CHROME.BO,40.5,41.19,0.24K,Non-Energy Minerals,Other Metals/Minerals,35.0,52.0,52.0,34.0,3.3336,3.0607,0.90K,0.41K,57.7,36.0,663.97M,No,41.09,40.86,42.62,41.15,41.81,495
2367,RSDFIN.NS,93.1,94.0,0.09K,Finance,Financial Conglomerates,35.0,,,,6.8514,6.4664,2.02K,1.25K,116.79,86.96,,No,98.47,,,,,20
2368,NGIND.BO,115.45,115.95,1.15K,Health Services,Hospital/Nursing Management,35.0,63.0,43.0,10.0,3.2036,3.1143,0.72K,0.77K,162.0,110.2,386.82M,No,115.56,115.09,126.64,114.95,121.66,495
2369,UNIQUEO.BO,84.91,88.09,1.34K,Consumer Non-Durables,Food: Major Diversified,35.0,46.0,42.0,48.0,5.1607,5.0893,3.27K,2.08K,127.5,65.0,505.47M,No,90.43,85.69,91.2,85.97,88.53,495
2370,SOLIDSTON.BO,25.5,26.0,0.14K,Non-Energy Minerals,Construction Materials,35.0,71.0,45.0,25.0,2.8443,2.7029,0.85K,0.62K,39.95,21.66,137.19M,No,25.75,25.29,26.84,25.62,25.85,495
2371,ARKADE.NS,116.42,122.03,193.94K,Consumer Durables,Homebuilding,35.0,10.0,55.0,53.0,4.0486,3.9721,488.16K,212.34K,185.3,92.62,21.61B,No,125.21,131.96,124.31,131.18,119.89,492
2372,M&M.NS,3029.5,3107.0,2176.72K,Consumer Durables,Motor Vehicles,35.0,13.0,45.0,29.0,69.5857,66.6429,2350.22K,1970.18K,3839.9,2896.0,3637.71B,No,3268.71,3274.43,3313.86,3272.21,3176.17,499
2373,COROMANDEL.NS,1939.1,1929.0,93.76K,Process Industries,Chemicals: Specialty,35.0,28.0,39.0,30.0,42.1643,41.3715,197.14K,98.79K,2499.0,1706.5,571.14B,No,1953.28,2015.95,2082.89,1997.0,1977.15,499
2374,BANCOINDIA.NS,587.65,615.0,144.34K,Producer Manufacturing,Industrial Machinery,35.0,39.0,21.0,40.0,15.1786,14.5679,142.04K,99.20K,879.8,502.0,84.06B,No,621.85,637.67,634.81,628.46,621.32,498
2375,KOTHARIPRO.NS,65.03,65.78,2.31K,Distribution Services,Wholesale Distributors,35.0,35.0,34.0,46.0,2.2593,2.2593,9.16K,6.69K,109.0,58.0,3.88B,No,67.49,67.96,69.74,67.6,68.78,497
2376,BCPL.NS,68.27,70.01,7.60K,Industrial Services,Engineering & Construction,35.0,33.0,29.0,,2.9714,2.9714,11.24K,16.07K,92.0,60.0,1.14B,No,69.6,70.14,,69.85,,119
2377,STYRENIX.NS,2034.2,2113.1001,22.21K,Process Industries,Chemicals: Specialty,35.0,30.0,36.0,48.0,61.8857,59.0643,58.87K,41.89K,2653.0,1780.0,35.79B,No,2076.83,2233.75,2116.09,2190.07,2162.95,498
2378,TAJGVK.NS,325.85,334.8,58.03K,Consumer Services,Hotels/Resorts/Cruise Lines,35.0,30.0,46.0,45.0,10.2536,10.0786,113.45K,89.79K,450.0,281.35,20.43B,No,339.56,351.5,350.61,346.98,335.19,498
2379,SONATSOFTW.NS,281.3,265.85,6788.53K,Technology Services,Information Technology Services,35.0,9.0,29.0,58.0,12.5321,12.0393,3102.16K,1038.86K,421.5,207.15,77.86B,No,289.93,302.23,293.3,300.3,274.67,499
2380,INDTONER.BO,47.04,46.99,5.39K,Electronic Technology,Computer Peripherals,35.0,59.0,27.0,38.0,1.4329,1.3614,30.19K,11.78K,62.0,43.08,2.44B,No,46.55,49.6,49.99,48.02,49.69,498
2381,ABANSENT.NS,27.83,28.09,5.28K,Distribution Services,Wholesale Distributors,34.0,,,,1.4921,1.4893,9.62K,7.50K,32.79,26.52,1.94B,No,27.96,,,,,20
2382,LINDEINDIA.NS,6080.0,6227.5,15.28K,Process Industries,Chemicals: Specialty,34.0,22.0,22.0,25.0,137.0,135.6429,26.56K,26.97K,8049.0,5673.0,518.53B,No,6465.02,6750.98,6718.54,6622.85,6976.32,497
2383,KFINTECH.NS,884.8,900.0,761.35K,Technology Services,Packaged Software,34.0,35.0,58.0,29.0,23.7357,22.7964,1181.72K,612.93K,1215.0,784.95,152.96B,No,939.92,924.59,947.41,920.32,903.42,499
2384,CRAVATEX.NS,319.5,323.95,0.23K,Retail Trade,Apparel/Footwear Retail,34.0,,,,18.2821,16.3464,0.38K,0.53K,372.5,300.0,,No,332.45,,,,,20
2385,RELICTEC.BO,68.01,67.66,0.05K,Finance,Finance/Rental/Leasing,34.0,85.0,20.0,34.0,8.1236,7.9986,0.58K,0.83K,91.45,52.02,380.26M,No,70.39,66.52,71.81,65.32,68.19,497
2386,HMEML.BO,48.01,50.12,1.60K,Distribution Services,Wholesale Distributors,34.0,20.0,43.0,45.0,2.5486,1.7779,10.18K,18.08K,70.8,36.47,657.70M,No,51.16,50.21,50.42,50.6,48.91,401
2387,LAFFANSQ.BO,28.9,26.97,3.39K,Process Industries,Chemicals: Specialty,34.0,78.0,59.0,30.0,2.3843,1.9471,3.73K,9.83K,39.71,23.0,231.20M,No,26.89,27.55,29.44,27.28,29.17,495
2388,MODINATUR.NS,338.0,339.7,7.81K,Process Industries,Agricultural Commodities/Milling,34.0,6.0,11.0,64.0,16.1179,15.5214,7.42K,10.05K,524.8,252.3,4.50B,No,349.57,382.05,,371.32,372.51,189
2389,STARIMAGIN.BO,77.99,79.49,12.00K,Health Services,Medical/Nursing Services,34.0,4.0,32.0,67.0,5.9864,5.6929,20.97K,31.40K,152.0,46.0,1.36B,No,86.85,89.62,83.28,86.92,78.07,268
2390,NATHBIOGEN.NS,146.81,147.78,7.16K,Process Industries,Agricultural Commodities/Milling,34.0,39.0,20.0,36.0,4.3893,4.2779,18.40K,10.85K,204.0,126.15,2.79B,No,153.1,157.92,156.89,155.12,158.7,497
2391,TRUALT.NS,411.65,416.35,224.11K,Process Industries,Chemicals: Specialty,34.0,7.0,14.0,47.0,13.7571,13.7571,290.69K,126.87K,542.0,310.2,35.30B,No,434.49,440.27,432.46,436.14,445.73,237
2392,ARVINDFASN.NS,428.5,446.5,218.58K,Retail Trade,Apparel/Footwear Retail,34.0,41.0,34.0,46.0,13.7036,13.4571,288.12K,200.60K,579.0,366.2,57.29B,No,445.03,454.72,459.47,450.58,447.85,498
2393,ORISSAMINE.NS,3877.9,3955.2,10.02K,Non-Energy Minerals,Steel,34.0,2.0,44.0,47.0,131.5642,127.3642,25.18K,6.56K,6138.9,3100.5,23.27B,No,4395.42,4181.36,4227.24,4194.44,4010.73,498
2394,TRITONV.NS,1051.5,1092.1,5.61K,Consumer Durables,Automotive Aftermarket,34.0,,,,44.9429,44.9429,3.30K,2.41K,1219.3,1040.0,,No,1134.67,,,,,20
2395,ACCELYA.NS,1112.2,1118.4,4.99K,Technology Services,Packaged Software,34.0,53.0,52.0,26.0,16.8429,16.8429,6.44K,4.97K,1527.0,1012.4,16.60B,No,1129.97,1133.18,1188.98,1136.99,1143.75,498
2396,MUKESHB.NS,133.0,132.5,0.01K,Finance,Investment Banks/Brokers,34.0,,,,4.1386,3.4507,23.47K,44.21K,147.0,127.0,927.13M,No,,,,,,19
2397,TVSHLTD.NS,12488.0,13024.0,6.04K,Producer Manufacturing,Auto Parts: Oem,34.0,15.0,36.0,18.0,363.8571,345.7143,7.50K,7.17K,16297.0,12402.0,252.66B,No,13428.25,14034.86,14137.92,13836.5,13921.9,497
2398,MRF.NS,125795.0,128290.0,2.92K,Consumer Durables,Automotive Aftermarket,34.0,35.0,48.0,24.0,2152.8571,2108.9286,5.60K,4.43K,163600.0,122000.0,533.51B,No,131294.0,132272.9,136229.88,131067.5,131094.67,498
2399,JAYANT.BO,70.0,68.9,8.25K,Industrial Services,Engineering & Construction,34.0,60.0,22.0,60.0,2.78,2.0336,8.43K,7.28K,110.74,43.97,723.57M,No,69.9,72.08,68.29,70.2,65.22,495
2400,AUGMONT.NS,832.25,886.15,925.39K,Retail Trade,Specialty Stores,34.0,,,,,,3796.45K,3796.45K,1019.8,825.3,,No,,,,,,11
2401,KUSUMGAR.NS,552.35,568.1,213.15K,Process Industries,Textiles,34.0,25.0,,,18.2322,18.2322,1278.26K,216.12K,659.5,548.0,,No,574.72,,,583.9,,44
2402,BAJEL.NS,168.87,179.89,305.65K,Industrial Services,Engineering & Construction,34.0,16.0,17.0,56.0,6.9993,6.9493,284.04K,197.65K,226.69,135.1,19.54B,No,185.45,184.37,175.71,183.06,178.99,499
2403,TECHNVISN.NS,4591.5,4788.0,0.74K,Technology Services,Data Processing Services,34.0,,,,265.5,258.5357,0.41K,0.34K,5550.0,4549.0,28.81B,No,4991.01,,,,,20
2404,AADHARHFC.NS,448.35,456.8,231.53K,Finance,Finance/Rental/Leasing,34.0,18.0,34.0,25.0,12.0607,11.9214,463.33K,261.25K,563.0,430.15,196.47B,No,471.43,493.92,483.81,483.59,483.01,499
2405,SAKSOFT.NS,142.25,146.49,505.36K,Technology Services,Information Technology Services,34.0,8.0,51.0,50.0,4.8157,4.7743,6223.25K,242.81K,224.75,107.59,18.28B,No,155.82,165.11,159.77,161.49,147.97,499
2406,ORIENTELEC.NS,169.17,173.56,138.91K,Consumer Durables,Electronics/Appliances,34.0,15.0,36.0,34.0,5.1343,5.0379,718.86K,122.90K,217.51,149.05,36.10B,No,179.84,178.38,177.61,178.21,177.9,498
2407,SBFL.BO,22.5,22.5,0.05K,Process Industries,Textiles,34.0,37.0,44.0,26.0,0.7021,0.7,1.00K,0.45K,33.44,19.5,213.75M,No,22.28,22.85,24.24,23.11,23.68,495
2408,SHRJAGP.NS,641.45,647.0,0.45K,Process Industries,Textiles,34.0,,,,38.9107,37.8,0.91K,1.20K,751.95,590.05,5.62B,No,660.54,,,,,20
2409,ARYACAPM.BO,416.9,423.0,0.08K,Finance,Investment Banks/Brokers,34.0,72.0,51.0,39.0,15.6893,14.5357,0.52K,0.21K,595.5,385.05,4.99B,No,421.17,410.74,437.12,414.2,420.77,495
2410,REFEX.NS,265.85,273.55,184.64K,Energy Minerals,Coal,34.0,16.0,14.0,69.0,8.4607,8.4107,629.58K,206.16K,415.0,188.0,36.48B,No,283.46,301.67,273.83,291.92,276.69,498
2411,AVANTEL.NS,144.5,156.46,1852.64K,Electronic Technology,Telecommunications Equipment,34.0,22.0,18.0,39.0,5.2086,4.9529,2000.01K,1029.07K,215.0,117.05,38.40B,No,157.82,163.64,156.18,159.04,157.19,498
2412,AVAILFC.BO,139.6,142.05,5.64K,Finance,Finance/Rental/Leasing,34.0,68.0,29.0,44.0,7.075,6.8179,5.73K,2.99K,174.0,122.15,1.42B,No,144.02,144.2,148.86,142.5,146.44,495
2413,FUTSOL.BO,42.8,42.38,0.10K,Commercial Services,Miscellaneous Commercial Services,34.0,36.0,30.0,57.0,0.7921,0.3229,0.08K,0.04K,61.95,33.25,448.26M,No,42.42,43.75,43.77,43.29,42.62,495
2414,HPAL.NS,35.41,37.91,64.53K,Non-Energy Minerals,Construction Materials,34.0,39.0,40.0,52.0,1.8571,1.8293,83.62K,110.06K,53.0,26.52,3.25B,No,35.25,34.77,37.08,34.8,35.39,497
2415,PURVA.NS,205.56,212.06,188.43K,Finance,Real Estate Development,34.0,37.0,43.0,51.0,7.7114,6.8514,1086.82K,1916.43K,287.3,160.69,48.75B,No,216.39,217.33,219.41,216.05,209.36,497
2416,CILSEC.BO,36.7,36.05,1.65K,Finance,Investment Banks/Brokers,34.0,68.0,44.0,51.0,2.4793,2.405,0.67K,0.92K,54.77,32.5,183.50M,No,37.43,36.77,39.42,36.7,37.46,495
2417,VIJSOLX.NS,640.0,633.7,0.56K,Process Industries,Agricultural Commodities/Milling,34.0,,,,28.3893,27.9714,0.50K,0.76K,719.9,610.0,,No,679.1,,,,,20
2418,VGL.NS,66.21,66.82,361.51K,Process Industries,Textiles,34.0,84.0,23.0,52.0,4.6629,4.6629,111.71K,260.37K,92.5,43.7,3.41B,No,57.91,60.24,64.51,60.48,61.78,498
2419,TEAMGTY.NS,235.08,235.0,0.47K,Finance,Financial Conglomerates,33.0,72.0,47.0,26.0,10.2893,10.2893,3.47K,0.54K,332.55,210.0,2.11B,No,235.77,228.78,253.76,229.32,245.14,496
2420,ECORECO.NS,427.4,435.5,6.44K,Industrial Services,Environmental Services,33.0,,,,17.1714,17.1714,9.95K,10.23K,493.6,423.05,8.25B,No,454.68,,,,,20
2421,JIGAR.BO,59.95,60.9,6.00K,Producer Manufacturing,Electrical Products,33.0,55.0,20.0,38.0,1.9807,1.7536,0.95K,2.40K,76.9,50.0,540.27M,No,59.37,64.42,64.56,64.41,64.11,495
2422,GLOSTERLTD.NS,575.1,583.1,2.49K,Process Industries,Textiles,33.0,20.0,16.0,46.0,18.0214,17.9286,3.83K,0.76K,756.45,495.0,6.29B,No,595.17,636.31,625.15,632.21,621.72,498
2423,LESL.BO,21.1,21.51,18.00K,Industrial Services,Engineering & Construction,33.0,45.0,,,0.62,0.45,620.53K,95.40K,25.2,20.0,2.99B,No,21.68,22.18,,21.88,,59
2424,INDIANCARD.NS,207.35,212.45,0.59K,Producer Manufacturing,Industrial Machinery,33.0,45.0,33.0,50.0,7.7157,7.6793,4.34K,1.24K,288.85,153.0,1.23B,No,212.02,218.91,218.22,217.46,209.42,496
2425,JINDALPHOT.NS,1099.6,1010.9,83.63K,Finance,Financial Conglomerates,33.0,69.0,52.0,17.0,43.8571,43.7,8.24K,1.62K,1616.6,971.1,11.32B,No,1035.16,1070.26,1202.77,1057.3,1090.32,496
2426,MARGOFIN.BO,63.01,63.0,0.26K,Finance,Financial Conglomerates,33.0,48.0,50.0,28.0,2.7964,2.5571,1.21K,1.23K,87.9,54.0,287.96M,No,65.72,65.57,66.97,65.33,65.77,495
2427,JSWCEMENT.NS,116.88,118.87,928.04K,Non-Energy Minerals,Construction Materials,33.0,17.0,29.0,32.0,2.3414,2.3236,1722.43K,1086.72K,152.9,106.65,157.83B,No,123.66,130.23,124.46,128.06,126.55,271
2428,BOMBCYC.BO,1552.4,1598.9,0.01K,Consumer Services,Other Consumer Services,33.0,65.0,41.0,24.0,32.1964,25.1893,0.03K,0.04K,2000.0,1512.0,620.96M,No,1570.15,1566.68,1659.45,1564.78,1624.51,495
2429,DECNGOLD.NS,222.82,229.73,2417.68K,Non-Energy Minerals,Precious Metals,33.0,,,,9.7529,9.6529,1773.50K,1305.19K,250.8,211.15,44.78B,No,228.09,,,,,20
2430,KATRSPG.BO,97.2,98.55,0.17K,Process Industries,Textiles,33.0,19.0,39.0,40.0,4.2386,3.525,0.14K,0.26K,148.0,80.0,277.02M,No,102.34,103.06,102.15,102.58,102.23,495
2431,TCMLMTD.BO,44.58,45.09,0.34K,Process Industries,Chemicals: Specialty,33.0,76.0,40.0,46.0,2.5436,2.4436,3.97K,10.57K,81.0,36.53,333.36M,No,43.62,43.67,49.59,43.34,44.71,495
2432,AKASH.NS,24.56,24.86,1.71K,Industrial Services,Engineering & Construction,33.0,33.0,37.0,42.0,1.0314,1.0164,6.80K,4.32K,36.0,22.8,414.14M,No,24.91,25.99,26.03,25.6,26.17,496
2433,CCLINTER.BO,22.95,22.5,0.45K,Industrial Services,Engineering & Construction,33.0,44.0,49.0,45.0,1.0857,0.9779,1.24K,1.03K,35.76,20.0,440.47M,No,22.69,23.16,24.79,23.06,23.9,495
2434,MASTEK.NS,1652.1,1626.3,341.31K,Technology Services,Information Technology Services,33.0,18.0,52.0,45.0,89.95,88.1357,200.51K,269.51K,2555.5,1334.2,51.23B,No,1703.93,1746.58,1773.25,1766.04,1653.3,499
2435,NESCO.NS,1087.7,1102.2,77.28K,Producer Manufacturing,Industrial Machinery,33.0,74.0,49.0,40.0,32.8929,30.5429,54.50K,65.91K,1575.3,996.0,76.64B,No,1052.22,1063.33,1140.29,1062.15,1111.93,496
2436,HMAAGRO.NS,23.41,20.07,35602.48K,Distribution Services,Food Distributors,33.0,79.0,56.0,31.0,0.9971,0.9971,1662.42K,2505.58K,34.24,19.09,11.72B,No,21.21,21.48,24.56,21.75,23.02,497
2437,REPCOHOME.NS,348.75,359.6,159.66K,Finance,Finance/Rental/Leasing,33.0,50.0,26.0,30.0,9.7857,9.7571,137.18K,72.97K,455.9,333.6,21.82B,No,358.53,378.03,390.21,370.65,382.42,499
2438,COLAB.BO,131.1,132.4,0.66K,Distribution Services,Electronics Distributors,33.0,41.0,22.0,7.0,0.2821,0.0,0.17K,0.30K,204.6,102.71,26.74B,No,134.12,138.21,162.12,137.12,151.86,499
2439,ASTRAL.NS,1379.6,1411.4,607.73K,Producer Manufacturing,Miscellaneous Manufacturing,33.0,10.0,25.0,13.0,34.2,33.9643,974.40K,1850.13K,1768.7,1311.6,370.63B,No,1502.7,1454.59,1506.77,1463.95,1525.21,498
2440,SHIVAGR.BO,23.05,24.0,0.18K,Producer Manufacturing,Metal Fabrication,33.0,59.0,24.0,32.0,2.1179,1.5157,0.40K,0.41K,35.99,19.21,115.56M,No,24.33,24.45,25.02,23.93,23.82,495
2441,HDFCAMC.NS,2409.0,2403.8999,652.19K,Finance,Investment Managers,33.0,46.0,32.0,31.0,64.9357,59.7643,826.99K,667.99K,2967.25,2205.6,1033.00B,No,2537.87,2575.77,2608.04,2525.29,2586.55,498
2442,ICEMAKE.NS,695.55,730.1,33.05K,Producer Manufacturing,Industrial Machinery,33.0,8.0,30.0,13.0,22.4036,21.8536,33.47K,12.32K,920.0,660.3,10.98B,No,730.65,778.98,773.91,769.82,776.4,498
2443,BHARATGEAR.NS,100.29,101.14,14.64K,Producer Manufacturing,Trucks/Construction/Farm Machinery,33.0,53.0,22.0,36.0,3.04,3.0393,87.50K,13.66K,154.2,83.8,1.54B,No,102.26,111.87,110.43,108.48,110.24,498
2444,NATHIND.BO,51.0,51.2,3.92K,Process Industries,Pulp & Paper,33.0,66.0,61.0,37.0,2.8307,2.6471,3.18K,6.54K,81.5,42.0,969.00M,No,49.84,49.13,53.83,49.39,50.23,495
2445,OLYOI.BO,24.25,24.25,0.05K,Distribution Services,Food Distributors,33.0,56.0,61.0,6.0,0.6829,0.3793,0.05K,0.01K,37.95,20.52,69.21M,No,24.98,24.11,25.36,24.36,24.04,496
2446,LORDSCHLO.NS,131.1,137.67,11.71K,Process Industries,Chemicals: Specialty,33.0,39.0,41.0,49.0,6.0921,5.5157,18.53K,16.11K,233.0,108.0,3.76B,No,137.3,140.31,143.27,141.04,136.88,496
2447,SANDUPHQ.BO,36.99,37.01,1.40K,Health Technology,Pharmaceuticals: Other,33.0,68.0,17.0,49.0,1.685,1.67,2.81K,3.23K,50.0,30.0,357.36M,No,37.78,38.88,38.43,38.14,38.56,495
2448,AJANTSOY.BO,22.47,22.84,32.33K,Consumer Non-Durables,Food: Specialty/Candy,33.0,64.0,58.0,38.0,1.2021,1.1957,44.61K,30.98K,39.87,16.0,1.81B,No,23.57,22.6,24.45,22.67,22.88,495
2449,RCCL.BO,30.64,30.07,0.05K,Utilities,Gas Distributors,33.0,43.0,54.0,37.0,1.7507,1.605,0.43K,1.11K,44.89,27.0,103.00M,No,31.0,31.54,33.21,31.51,32.02,495
2450,SUNCLAY.NS,1250.2,1298.3,6.58K,Producer Manufacturing,Auto Parts: Oem,33.0,60.0,38.0,33.0,43.1143,43.1143,8.25K,6.23K,1942.0,1112.8,27.56B,No,1283.54,1299.38,1312.69,1290.6,1335.17,497
2451,METAINFO.BO,83.0,86.87,12.00K,Technology Services,Information Technology Services,33.0,27.0,79.0,34.0,4.6179,4.1364,25.82K,20.16K,179.95,53.17,1.57B,No,89.9,88.88,90.56,88.6,82.3,293
2452,EPIGRAL.NS,1092.2,1131.1,49.51K,Process Industries,Chemicals: Agricultural,33.0,52.0,41.0,67.0,41.5286,41.1643,89.84K,40.45K,1808.8,807.0,47.12B,No,1174.7,1123.95,1130.81,1130.47,1089.58,497
2453,GODREJPROP.NS,1659.3,1748.0,1070.83K,Finance,Real Estate Development,33.0,5.0,34.0,37.0,71.85,69.8214,728.52K,860.79K,2352.0,1434.0,499.83B,No,1959.71,2031.52,1857.44,1974.99,1820.91,499
2454,POLYCHMP.BO,47.45,49.81,1.95K,Producer Manufacturing,Industrial Machinery,33.0,61.0,30.0,49.0,2.1679,1.99,1.41K,0.83K,66.99,44.0,265.80M,No,47.47,48.74,50.71,48.42,50.45,495
2455,AMCOIND.BO,61.94,61.89,0.67K,Producer Manufacturing,Industrial Machinery,33.0,32.0,48.0,28.0,3.8464,3.845,2.16K,1.56K,104.99,56.5,254.57M,No,65.59,66.29,69.49,66.54,66.98,495
2456,MSPL.NS,32.96,33.96,721.97K,Non-Energy Minerals,Steel,32.0,49.0,7.0,47.0,1.4271,1.3757,1230.00K,816.31K,46.12,26.25,18.68B,No,34.59,35.88,35.76,34.87,36.37,496
2457,APLAB.BO,73.67,74.73,8.95K,Electronic Technology,Electronic Equipment/Instruments,32.0,83.0,5.0,49.0,7.5336,7.5186,5.01K,3.52K,122.0,57.83,1.85B,No,77.37,79.51,81.75,77.32,83.9,495
2458,EMIAC.BO,94.0,97.7,4.80K,Commercial Services,Advertising/Marketing Services,32.0,64.0,48.0,,2.2021,1.74,27.85K,25.80K,121.0,87.0,1.15B,No,94.12,94.34,,95.15,,109
2459,ABMKNO.NS,174.71,181.45,2.68K,Technology Services,Packaged Software,32.0,,,,7.6143,7.3614,0.96K,0.86K,200.0,170.0,3.49B,No,187.63,,,,,20
2460,RRPDEFENSE.BO,627.2,633.5,0.01K,Distribution Services,Wholesale Distributors,32.0,40.0,22.0,7.0,1.3643,0.0,0.02K,0.01K,984.4,492.85,8.60B,No,641.83,661.62,777.81,656.34,727.91,498
2461,BEDMUTHA.NS,104.42,103.94,3.66K,Non-Energy Minerals,Steel,32.0,20.0,43.0,12.0,4.5564,4.475,3.48K,4.83K,145.0,94.55,3.37B,No,108.2,109.39,113.54,108.69,111.98,496
2462,KRYPTONQ.BO,34.84,33.08,2.19K,Consumer Durables,Automotive Aftermarket,32.0,36.0,48.0,36.0,1.7364,1.6629,5.87K,4.08K,56.49,26.5,512.05M,No,34.63,36.71,37.41,36.02,36.45,495
2463,KIOCL.NS,340.8,355.9,91.77K,Non-Energy Minerals,Steel,32.0,11.0,14.0,51.0,10.575,10.1964,169.05K,84.51K,634.55,290.65,207.12B,No,378.08,377.23,370.66,371.94,373.69,499
2464,IRIS.NS,237.78,245.39,28.02K,Technology Services,Data Processing Services,32.0,57.0,56.0,34.0,11.7664,11.5386,44.64K,33.33K,388.1,203.0,4.89B,No,247.19,248.76,259.33,247.69,246.02,496
2465,DYNPRO.NS,227.94,232.18,20.26K,Consumer Non-Durables,Food: Specialty/Candy,32.0,44.0,48.0,42.0,10.0171,9.8136,16.09K,19.83K,372.5,190.8,2.83B,No,231.49,238.86,237.2,237.74,232.47,497
2466,RAMAPHO.NS,118.86,122.67,28.80K,Process Industries,Chemicals: Agricultural,32.0,58.0,38.0,38.0,3.8821,3.8436,34.09K,15.05K,217.19,103.5,4.21B,No,123.15,124.28,136.13,123.72,125.15,497
2467,SAMRATFORG.BO,215.65,226.95,0.04K,Producer Manufacturing,Industrial Machinery,32.0,46.0,27.0,39.0,5.6286,3.65,0.04K,0.15K,323.95,162.25,1.08B,No,240.65,229.79,222.38,228.22,217.68,495
2468,DLINKINDIA.NS,417.05,434.25,109.74K,Electronic Technology,Telecommunications Equipment,32.0,60.0,11.0,43.0,11.0679,10.8893,211.05K,88.65K,549.2,367.65,14.81B,No,438.65,452.25,440.54,440.11,449.76,498
2469,RRECL.NS,123.7,133.8,0.16K,Finance,Real Estate Development,32.0,,,,11.4557,10.0936,0.65K,0.82K,151.99,121.2,3.25B,No,137.32,,,,,20
2470,METROBRAND.NS,944.45,940.2,34.58K,Retail Trade,Apparel/Footwear Retail,32.0,62.0,38.0,38.0,25.3393,24.8107,57.41K,72.00K,1340.4,883.0,257.45B,No,929.3,985.97,1033.52,970.94,998.33,496
2471,MARATHON.NS,414.0,435.45,56.87K,Finance,Real Estate Development,32.0,85.0,56.0,32.0,22.1893,21.7786,203.94K,238.45K,685.4,344.05,27.92B,No,409.61,398.43,452.51,397.58,423.84,498
2472,UNIAUTO.BO,50.75,49.86,77.64K,Non-Energy Minerals,Steel,32.0,47.0,43.0,20.0,4.3021,4.3021,9.30K,6.93K,70.8,41.9,631.05M,No,51.94,52.23,55.79,51.57,53.61,495
2473,GAJANANSEC.BO,53.9,53.39,0.23K,Finance,Investment Banks/Brokers,32.0,68.0,46.0,32.0,4.1107,3.8029,1.32K,1.90K,78.0,40.0,167.20M,No,53.31,53.14,56.81,52.95,56.47,495
2474,LAKSHMIMIL.NS,7565.0,7800.0,0.10K,Process Industries,Textiles,32.0,,,,293.5714,260.0,0.03K,0.04K,8505.0,2405.0,,No,,,,,,16
2475,INTLCONV.NS,76.04,78.27,38.33K,Producer Manufacturing,Miscellaneous Manufacturing,32.0,73.0,39.0,42.0,3.2321,3.2186,61.57K,55.84K,114.54,60.0,4.85B,No,77.96,77.04,79.34,77.12,77.01,498
2476,NACLIND.NS,149.92,157.62,481.19K,Process Industries,Chemicals: Agricultural,32.0,18.0,22.0,65.0,5.8314,5.7886,1786.52K,320.95K,245.0,112.62,35.12B,No,168.23,185.57,166.61,175.91,167.59,499
2477,VIRATCRA.BO,32.88,32.21,0.97K,Consumer Non-Durables,Tobacco,32.0,48.0,38.0,60.0,1.6521,1.6264,2.77K,2.20K,49.2,27.0,671.53M,No,33.16,35.43,35.74,34.6,35.07,495
2478,VSTL.NS,114.88,119.71,12.48K,Non-Energy Minerals,Steel,32.0,77.0,39.0,41.0,4.5771,4.5521,12.91K,18.72K,164.58,100.8,2.18B,No,114.28,111.96,118.86,112.25,116.09,498
2479,LACTOSE.BO,99.05,100.95,2.60K,Health Technology,Pharmaceuticals: Major,32.0,34.0,29.0,47.0,5.5964,5.5964,9.68K,12.80K,136.7,76.01,1.25B,No,101.75,102.35,103.75,102.83,102.24,495
2480,RUCHIRA.NS,105.44,108.83,37.22K,Process Industries,Pulp & Paper,32.0,65.0,45.0,38.0,3.355,3.335,45.04K,88.41K,173.0,95.17,3.15B,No,105.13,105.96,112.39,106.1,109.55,498
2481,ARE&M.NS,799.55,813.9,408.09K,Producer Manufacturing,Electrical Products,32.0,6.0,42.0,39.0,19.8679,19.4786,858.83K,438.90K,1057.85,670.0,146.34B,No,881.33,896.21,861.72,888.72,843.17,499
2482,KASTURI.BO,52.01,52.01,2.00K,Producer Manufacturing,Metal Fabrication,32.0,22.0,49.0,9.0,1.5579,1.1414,14.29K,7.55K,73.8,44.2,540.65M,No,52.61,52.38,,53.44,55.55,156
2483,TUSALDAH.BO,130.15,137.0,0.00K,Consumer Non-Durables,Apparel/Footwear,32.0,13.0,54.0,26.0,5.5143,3.5357,0.45K,0.19K,248.95,100.5,305.00M,No,127.92,137.11,145.03,134.24,139.56,495
2484,BHARATWIRE.NS,168.08,172.48,169.27K,Producer Manufacturing,Metal Fabrication,32.0,13.0,8.0,44.0,6.825,6.7014,213.26K,155.05K,262.0,148.01,11.56B,No,181.85,193.75,191.2,187.75,195.97,498
2485,SAKTHIFIN.BO,27.35,27.36,1.49K,Finance,Finance/Rental/Leasing,32.0,55.0,52.0,70.0,0.84,0.8221,4.37K,5.43K,46.7,20.2,1.77B,No,27.64,27.96,29.14,27.71,26.41,495
2486,GLOBUSSPR.NS,820.55,839.75,116.62K,Consumer Non-Durables,Beverages: Alcoholic,32.0,34.0,41.0,32.0,21.7179,20.1036,116.88K,105.88K,1252.8,800.05,25.82B,No,892.73,897.79,931.45,887.06,902.06,497
2487,REMSONSIND.NS,92.13,96.32,145.65K,Producer Manufacturing,Auto Parts: Oem,32.0,73.0,55.0,13.0,5.9243,5.8636,127.84K,196.84K,152.45,75.23,3.23B,No,89.68,85.6,99.76,87.74,92.32,498
2488,MAFATIND.NS,122.15,122.57,58.69K,Process Industries,Textiles,32.0,59.0,40.0,,3.5871,3.5871,72.52K,28.97K,157.77,119.02,8.82B,No,122.07,128.37,,126.57,,102
2489,SUNSHINE.NS,333.95,407.8,7185.58K,Consumer Services,Movies/Entertainment,32.0,,,,43.5964,42.0821,4461.97K,3066.62K,524.95,326.25,10.40B,No,,,,,,15
2490,APOLLOTYRE.NS,406.2,417.65,329.81K,Consumer Durables,Automotive Aftermarket,32.0,23.0,47.0,26.0,9.7036,9.5571,940.28K,408.61K,540.5,365.3,256.95B,No,431.33,433.52,447.3,430.41,422.16,499
2491,CLEDUCATE.NS,57.14,59.18,24.86K,Commercial Services,Miscellaneous Commercial Services,32.0,42.0,61.0,56.0,3.2407,3.2007,28.71K,15.40K,104.1,35.48,3.10B,No,61.02,59.23,59.15,59.38,52.17,496
2492,IOB.NS,32.38,33.07,2198.22K,Finance,Major Banks,32.0,45.0,41.0,31.0,0.6029,0.5993,3646.49K,2323.15K,41.8,31.2,623.53B,No,32.98,33.62,34.44,33.43,33.87,499
2493,GMPL.BO,63.45,63.45,1.40K,Process Industries,Industrial Specialties,31.0,10.0,13.0,41.0,2.9,1.6986,1.91K,1.17K,91.8,52.3,854.01M,No,66.38,67.98,67.25,66.99,66.77,496
2494,SUPERIRON.BO,37.7,37.5,2.40K,Non-Energy Minerals,Steel,31.0,67.0,12.0,61.0,0.7443,0.4236,9.07K,3.48K,54.0,24.0,881.94M,No,37.88,39.28,39.9,39.01,40.07,370
2495,TRANSWORLD.NS,162.12,165.0,1.52K,Transportation,Marine Shipping,31.0,72.0,34.0,66.0,3.5729,2.1629,11.73K,4.92K,270.99,111.56,3.56B,No,171.79,164.56,165.07,165.66,157.57,497
2496,AAVAS.NS,1270.3,1275.1,114.64K,Finance,Finance/Rental/Leasing,31.0,14.0,28.0,47.0,37.9,37.4429,116.24K,126.42K,1771.9,1060.4,100.73B,No,1306.85,1384.46,1372.18,1346.95,1338.31,498
2497,MERCANTILE.NS,22.02,23.86,3.58K,Finance,Real Estate Development,31.0,,,,2.5621,2.5436,154.50K,276.36K,29.37,21.0,,No,,,,,,19
2498,JINDHOT.BO,62.35,65.95,3.50K,Consumer Services,Hotels/Resorts/Cruise Lines,31.0,57.0,45.0,33.0,3.7129,3.6529,1.73K,1.58K,93.0,54.0,436.45M,No,63.6,63.4,66.32,63.72,63.47,495
2499,CMXLTD.BO,22.92,21.9,3.69K,Finance,Financial Conglomerates,31.0,58.0,85.0,5.0,1.8036,1.7143,9.41K,7.55K,69.13,15.1,260.00M,No,23.5,22.22,32.96,21.89,25.29,495
2500,MALPANI.BO,60.1,62.06,4.80K,Producer Manufacturing,Miscellaneous Manufacturing,31.0,17.0,54.0,15.0,2.7921,2.5064,6.07K,6.24K,85.9,48.1,647.73M,No,60.97,64.29,66.94,63.03,63.99,399
2501,HARIOMPIPE.NS,351.6,359.2,64.03K,Non-Energy Minerals,Steel,31.0,46.0,11.0,51.0,11.5321,11.4429,253.74K,102.63K,572.2,268.05,10.89B,No,352.09,375.63,366.21,370.74,357.17,498
2502,DHABRIYA.NS,503.7,503.1,5.24K,Producer Manufacturing,Miscellaneous Manufacturing,31.0,,,,23.7214,23.5071,22.69K,8.12K,603.0,485.0,5.45B,No,535.44,,,,,20
2503,MADHAV.NS,35.18,36.29,1.16K,Non-Energy Minerals,Construction Materials,31.0,55.0,42.0,32.0,1.7586,1.735,4.48K,4.41K,47.5,29.0,314.76M,No,35.47,35.18,37.16,35.04,36.0,496
2504,BERGEPAINT.NS,447.1,458.05,220.72K,Process Industries,Industrial Specialties,31.0,4.0,19.0,43.0,12.225,12.1571,521.12K,256.18K,594.55,391.1,521.32B,No,498.82,508.35,495.98,499.7,485.78,498
2505,BFUTILITIE.NS,528.2,548.9,40.18K,Industrial Services,Engineering & Construction,31.0,37.0,19.0,58.0,25.875,25.45,233.44K,572.05K,898.7,368.7,19.90B,No,524.46,557.78,557.2,551.37,539.59,498
2506,PANACEABIO.NS,375.75,397.65,291.94K,Health Technology,Pharmaceuticals: Major,31.0,38.0,2.0,50.0,14.9357,14.7393,230.18K,116.19K,647.0,292.4,23.01B,No,394.44,436.2,402.34,418.22,414.05,499
2507,JKIL.NS,473.15,475.85,61.53K,Industrial Services,Engineering & Construction,31.0,40.0,46.0,30.0,10.0214,9.7714,83.14K,41.30K,672.0,425.0,35.80B,No,493.69,493.17,516.33,490.65,491.71,498
2508,CINDHO.BO,48.5,49.0,0.01K,Consumer Services,Hotels/Resorts/Cruise Lines,31.0,30.0,59.0,22.0,0.465,0.2579,0.14K,0.04K,68.49,45.75,174.60M,No,51.3,52.49,53.98,52.25,52.32,497
2509,EUROPRATIK.NS,240.5,245.7,231.44K,Producer Manufacturing,Office Equipment/Supplies,31.0,5.0,20.0,35.0,10.1679,10.1536,201.17K,195.84K,390.0,205.1,24.58B,No,259.38,287.3,271.27,278.75,265.54,244
2510,JMFINANCIL.NS,121.21,124.47,2796.74K,Finance,Investment Banks/Brokers,31.0,34.0,47.0,39.0,4.0193,3.8693,2989.77K,2666.49K,183.35,112.0,115.99B,No,128.49,126.59,131.19,125.76,127.52,498
2511,SHRIKRISH.NS,34.22,37.0,0.92K,Finance,Real Estate Development,31.0,,,,2.9871,2.7929,0.80K,0.90K,42.87,34.01,958.16M,No,,,,,,18
2512,BAZELINTER.BO,21.59,21.02,1.03K,Finance,Finance/Rental/Leasing,31.0,88.0,59.0,50.0,2.3071,2.0907,8.75K,3.39K,45.41,16.5,207.20M,No,22.12,19.97,23.85,20.6,20.06,497
2513,CHOLAHLDNG.NS,1510.8,1528.6,79.30K,Finance,Finance/Rental/Leasing,31.0,41.0,43.0,33.0,38.8571,38.6286,162.39K,116.90K,2064.0,1305.0,283.69B,No,1530.58,1563.19,1637.83,1547.54,1565.68,498
2514,BOROSCI.NS,120.02,125.28,61.78K,Process Industries,Containers/Packaging,31.0,16.0,6.0,56.0,5.0614,5.005,202.56K,61.77K,180.8,96.64,10.68B,No,127.59,141.71,127.56,137.66,131.16,498
2515,DENISCHEM.BO,70.46,71.44,21.60K,Health Technology,Pharmaceuticals: Generic,31.0,60.0,43.0,35.0,1.9921,1.98,26.61K,59.91K,100.0,56.1,977.75M,No,71.31,71.66,74.89,70.81,72.66,495
2516,DOMS.NS,2120.4,2121.0,19.48K,Producer Manufacturing,Office Equipment/Supplies,31.0,42.0,32.0,39.0,41.0429,40.8214,163.99K,59.98K,2755.0,2023.9,128.68B,No,2196.72,2238.89,2328.72,2207.83,2248.91,498
2517,LOTUSEYE.NS,110.59,113.9,16.67K,Health Services,Medical/Nursing Services,31.0,39.0,7.0,42.0,4.0043,4.0043,19.64K,12.03K,147.0,97.59,2.30B,No,112.33,116.54,116.01,115.27,114.99,496
2518,PICCASUG.BO,35.23,34.99,0.58K,Process Industries,Agricultural Commodities/Milling,31.0,54.0,41.0,48.0,2.2564,2.2271,13.10K,3.36K,35.6,3.26,,No,36.9,35.41,36.83,35.26,35.84,495
2519,BHATEXT.BO,24.45,25.73,0.10K,Process Industries,Textiles,31.0,4.0,10.0,8.0,0.2893,0.0,0.05K,0.35K,34.77,19.44,143.21M,No,27.55,29.02,30.58,28.58,29.99,498
2520,SPL.BO,22.6,23.75,1.60K,Process Industries,Containers/Packaging,31.0,35.0,49.0,54.0,0.7964,0.6029,25.95K,47.68K,45.69,15.75,439.98M,No,22.37,22.51,24.29,22.52,21.96,497
2521,IGCL.NS,65.59,67.61,238.45K,Process Industries,Chemicals: Agricultural,31.0,27.0,56.0,44.0,2.42,2.4093,155.24K,113.65K,112.9,49.46,4.15B,No,71.83,72.54,68.98,71.8,65.66,300
2522,PNBGILTS.NS,76.29,80.34,569.21K,Finance,Investment Banks/Brokers,31.0,44.0,14.0,41.0,3.3386,3.3129,576.13K,564.86K,106.0,58.6,13.73B,No,79.13,82.57,79.69,81.6,79.28,498
2523,AIROLAM.NS,84.21,84.25,2.78K,Non-Energy Minerals,Forest Products,31.0,30.0,47.0,32.0,3.0736,3.0614,10.53K,2.53K,117.5,78.0,1.26B,No,87.43,88.22,90.41,87.21,86.78,496
2524,INCREDIBLE.NS,33.46,33.58,3.06K,Non-Energy Minerals,Steel,31.0,74.0,42.0,35.0,2.01,1.9964,6.42K,7.16K,49.79,28.1,1.56B,No,32.59,32.88,35.12,32.92,33.69,496
2525,OMPOWER.NS,168.2,171.54,103.03K,Utilities,Electric Utilities,31.0,56.0,39.0,,6.6036,6.4107,122.23K,86.21K,206.0,158.01,,No,169.45,169.54,,170.19,,107
2526,CMLL.NS,474.7,474.15,292.04K,Energy Minerals,Coal,31.0,18.0,,,17.5357,17.525,2770.09K,369.48K,624.4,460.0,31.03B,No,502.58,,,,,37
2527,TRIDENT.NS,23.12,23.39,2842.24K,Process Industries,Textiles,31.0,34.0,38.0,38.0,0.3471,0.3321,5586.52K,2204.30K,30.94,21.98,117.81B,No,24.14,24.73,25.45,24.39,24.8,498
2528,MAZDOCK.NS,2236.0,2339.0,762.21K,Producer Manufacturing,Trucks/Construction/Farm Machinery,31.0,10.0,31.0,22.0,66.0285,63.55,804.21K,514.40K,3061.4,2057.4,901.96B,No,2498.34,2448.31,2457.59,2427.03,2446.66,498
2529,RELICAB.BO,36.0,35.67,2.77K,Producer Manufacturing,Metal Fabrication,30.0,67.0,53.0,52.0,2.0643,2.0593,7.29K,4.34K,77.0,30.25,363.41M,No,36.34,36.88,38.76,36.57,36.59,495
2530,SUPREMEIND.NS,3300.0,3364.3999,157.94K,Producer Manufacturing,Miscellaneous Manufacturing,30.0,37.0,35.0,14.0,91.7071,85.4571,210.52K,211.76K,4632.0,3140.0,419.37B,No,3548.69,3469.04,3565.58,3477.72,3582.0,498
2531,TVTODAY.NS,105.68,109.3,93.07K,Consumer Services,Broadcasting,30.0,34.0,51.0,26.0,3.6657,3.6657,69.77K,28.52K,154.29,93.5,6.31B,No,112.26,115.61,119.25,113.32,113.47,498
2532,DONEAR.NS,82.46,85.03,15.98K,Process Industries,Textiles,30.0,49.0,31.0,24.0,3.1057,3.0129,26.51K,37.76K,116.51,77.6,4.29B,No,86.13,85.42,89.78,85.76,88.13,497
2533,NITINCAST.BO,506.7,502.45,10.24K,Non-Energy Minerals,Steel,30.0,97.0,25.0,30.0,22.2393,13.5643,1.15K,1.58K,650.0,260.0,2.61B,No,353.46,446.99,516.77,440.19,519.83,495
2534,YASHHTEJ.BO,54.05,53.39,3.60K,Process Industries,Agricultural Commodities/Milling,30.0,63.0,53.0,41.0,2.1243,1.665,16.82K,9.36K,97.1,34.74,1.25B,No,54.35,54.58,,55.46,58.54,138
2535,KUANTUM.NS,75.99,76.43,324.56K,Process Industries,Pulp & Paper,30.0,40.0,53.0,26.0,3.13,2.97,127.43K,135.75K,121.29,65.01,6.63B,No,74.8,77.18,82.19,77.17,77.97,496
2536,NAHARPOLY.NS,226.24,231.87,9.18K,Process Industries,Textiles,30.0,29.0,33.0,31.0,8.4629,8.3543,18.59K,9.05K,338.8,200.0,5.56B,No,241.13,251.33,246.32,246.23,247.6,497
2537,RAMCOCEM.NS,859.55,866.65,187.59K,Non-Energy Minerals,Construction Materials,30.0,38.0,38.0,16.0,23.7214,23.3929,241.08K,187.79K,1214.5,838.3,203.11B,No,889.98,911.42,978.59,899.92,932.57,497
2538,SOURCENTRL.BO,112.0,107.0,4.00K,Health Technology,Pharmaceuticals: Other,30.0,69.0,59.0,17.0,7.3107,7.1,2.79K,6.03K,170.0,96.55,720.94M,No,108.42,109.82,121.38,109.85,114.85,495
2539,JAIBALAJI.NS,62.25,65.07,672.65K,Non-Energy Minerals,Steel,30.0,20.0,29.0,43.0,3.0071,2.9571,610.51K,1179.81K,107.0,53.65,56.79B,No,67.91,65.72,67.92,64.94,67.33,498
2540,SUNILAGR.BO,79.79,76.5,0.06K,Process Industries,Agricultural Commodities/Milling,30.0,19.0,39.0,15.0,4.6857,3.8807,0.14K,0.16K,101.0,72.7,239.60M,No,83.8,84.32,85.97,83.9,84.04,495
2541,NSIL.NS,5409.5,5551.0,1.65K,Finance,Financial Conglomerates,30.0,55.0,42.0,30.0,129.8929,129.8929,2.02K,1.79K,8730.0,4700.0,27.78B,No,5639.8,5560.57,5800.29,5551.85,5564.35,497
2542,AHLEAST.NS,133.56,133.95,1.16K,Consumer Services,Hotels/Resorts/Cruise Lines,30.0,38.0,22.0,13.0,4.4986,4.41,3.48K,3.41K,175.3,127.25,2.31B,No,138.58,141.72,147.91,140.33,150.86,496
2543,PRADPME.NS,469.35,486.9,5.37K,Producer Manufacturing,Metal Fabrication,30.0,,,,17.6893,17.3786,6.08K,4.93K,543.9,465.3,,No,499.96,,,,,20
2544,ASSOCER.BO,167.6,171.0,0.00K,Non-Energy Minerals,Construction Materials,30.0,73.0,49.0,14.0,4.6036,3.4107,0.08K,0.11K,246.8,140.0,342.70M,No,163.04,165.5,184.74,165.62,174.64,495
2545,DRREDDY.NS,1145.0,1165.5,1810.86K,Health Technology,Pharmaceuticals: Major,30.0,41.0,27.0,15.0,20.0571,19.1857,2016.96K,957.61K,1414.9,1101.0,953.77B,No,1165.28,1187.07,1251.91,1169.72,1250.71,499
2546,APTUS.NS,244.83,249.11,1042.33K,Finance,Finance/Rental/Leasing,30.0,46.0,26.0,48.0,7.1057,6.9043,1165.13K,1062.98K,336.6,193.03,122.62B,No,254.51,268.14,260.91,262.3,254.06,498
2547,HINDCOMPOS.NS,379.45,376.45,2.56K,Producer Manufacturing,Auto Parts: Oem,30.0,25.0,28.0,27.0,12.8179,12.8179,9.38K,4.52K,550.0,347.1,5.60B,No,401.03,418.94,421.76,409.11,416.94,496
2548,SIMPLXPAP.BO,1330.0,1330.0,0.00K,Distribution Services,Wholesale Distributors,30.0,66.0,62.0,28.0,10.35,0.0,0.01K,0.01K,2089.0,1127.05,39.92M,No,1353.01,1291.58,1450.06,1309.28,1400.05,496
2549,RELCHEMQ.NS,120.7,110.23,138.31K,Process Industries,Textiles,30.0,66.0,20.0,52.0,6.4,6.16,4.00K,2.69K,167.7,105.01,910.51M,No,114.29,122.39,125.71,120.48,122.45,497
2550,JPOLYINVST.NS,967.05,989.5,23.36K,Finance,Investment Managers,30.0,22.0,25.0,4.0,40.8393,40.6607,14.06K,5.07K,1487.7,852.1,10.17B,No,988.0,1032.01,1070.29,1015.79,1073.14,496
2551,VINYLINDIA.NS,218.59,219.93,7.21K,Distribution Services,Wholesale Distributors,30.0,22.0,20.0,52.0,6.6714,6.585,11.41K,5.83K,310.95,161.0,4.01B,No,230.86,240.61,236.89,235.23,237.44,496
2552,VISHALBL.BO,55.49,56.0,1.29K,Producer Manufacturing,Metal Fabrication,30.0,86.0,25.0,42.0,4.1193,4.0536,2.39K,3.13K,80.0,38.87,598.79M,No,50.8,51.2,58.32,51.41,55.37,495
2553,VAIBHAVGBL.NS,209.3,212.58,158.83K,Consumer Durables,Other Consumer Specialties,30.0,17.0,19.0,33.0,5.6629,5.5171,464.61K,211.66K,293.25,174.13,35.10B,No,219.32,238.89,229.26,233.98,225.6,497
2554,XTGLOBAL.NS,29.45,29.53,82.38K,Technology Services,Information Technology Services,30.0,43.0,54.0,16.0,2.1121,2.1114,97.32K,87.50K,46.25,25.2,3.95B,No,30.12,30.16,31.21,30.41,30.85,498
2555,GUJCRAFT.BO,95.17,94.79,1.20K,Process Industries,Containers/Packaging,30.0,63.0,47.0,38.0,3.9464,3.7207,2.00K,0.93K,147.0,89.1,465.22M,No,94.87,94.47,103.53,93.95,98.03,495
2556,ASIIL.BO,24.25,25.01,7.21K,Non-Energy Minerals,Construction Materials,30.0,50.0,45.0,33.0,1.1579,1.1579,26.96K,17.00K,33.6,19.0,2.18B,No,24.88,25.13,25.89,24.94,24.81,495
2557,SUYOG.NS,643.6,650.5,26.00K,Industrial Services,Engineering & Construction,30.0,2.0,19.0,26.0,29.9321,29.6571,37.82K,33.67K,921.15,526.5,7.54B,No,728.33,806.68,719.57,779.81,766.8,497
2558,HITECHGEAR.NS,551.8,567.45,1.88K,Producer Manufacturing,Auto Parts: Oem,30.0,61.0,43.0,23.0,22.5286,22.5286,3.22K,2.70K,897.45,521.25,10.38B,No,557.77,582.08,623.91,570.77,596.08,496
2559,TEMPSENS.NS,523.65,584.8,2632.42K,Electronic Technology,Electronic Equipment/Instruments,30.0,,,,,,9945.98K,5832.17K,634.85,517.25,,No,,,,,,12
2560,RAP.BO,33.45,32.4,1.70K,Finance,Real Estate Development,30.0,6.0,15.0,33.0,3.6479,3.4936,2.38K,4.01K,49.1,23.45,196.72M,No,35.15,36.91,36.84,36.56,36.24,495
2561,MOHITPPR.BO,26.06,26.56,0.69K,Producer Manufacturing,Office Equipment/Supplies,30.0,24.0,35.0,25.0,1.1121,1.0336,0.77K,0.58K,38.79,23.75,364.84M,No,27.16,27.51,28.58,27.38,27.76,495
2562,BLOIN.BO,31.5,32.33,0.11K,Non-Energy Minerals,Steel,30.0,62.0,31.0,48.0,0.8614,0.7543,1.21K,0.16K,44.97,27.59,209.16M,No,29.86,31.75,33.79,31.48,32.98,497
2563,POLYCHEM.BO,1857.0,1877.0,0.04K,Process Industries,Chemicals: Major Diversified,30.0,41.0,32.0,32.0,59.7071,52.55,0.06K,0.07K,2794.0,1811.1,750.31M,No,1899.18,1927.46,2007.05,1927.3,1989.79,496
2564,SAMKRG.BO,111.0,114.45,3.00K,Producer Manufacturing,Auto Parts: Oem,30.0,41.0,30.0,35.0,2.9857,2.7786,2.45K,3.55K,148.0,99.95,1.09B,No,116.4,118.21,120.87,118.09,117.7,495
2565,MSCTC.BO,59.73,60.94,0.53K,Non-Energy Minerals,Steel,30.0,53.0,79.0,1.0,3.7643,2.8457,4.47K,3.37K,123.4,38.5,4.75B,No,55.15,49.74,80.3,52.06,66.14,496
2566,GUJCRED.BO,23.75,23.24,0.10K,Finance,Real Estate Development,30.0,66.0,50.0,11.0,0.8957,0.6714,0.81K,0.83K,33.49,20.85,71.25M,No,24.61,23.45,25.49,23.65,24.89,497
2567,GKWLIMITED.NS,1554.0,1584.8,0.42K,Transportation,Other Transportation,30.0,40.0,16.0,29.0,50.4929,45.1571,0.90K,3.22K,1985.4,1375.0,9.27B,No,1586.36,1637.97,1671.56,1613.76,1653.38,496
2568,ROOPAIND.BO,43.79,46.0,1.39K,Health Technology,Pharmaceuticals: Major,29.0,16.0,27.0,35.0,2.3429,2.0586,0.78K,1.33K,63.4,38.1,344.43M,No,48.3,48.82,48.41,48.19,49.04,496
2569,EASTINDIA.BO,94.49,92.81,12.54K,Process Industries,Containers/Packaging,29.0,2.0,29.0,15.0,3.5571,3.05,11.05K,25.61K,126.85,85.15,1.40B,No,100.32,101.0,103.76,101.01,104.4,495
2570,GATEWAY.NS,52.49,53.35,541.20K,Transportation,Railroads,29.0,42.0,22.0,25.0,1.2471,1.2464,1191.97K,817.28K,66.25,48.1,26.23B,No,53.81,56.27,57.5,55.15,56.46,498
2571,ESCORTS.NS,2835.8,2899.7,49.95K,Producer Manufacturing,Auto Parts: Oem,29.0,25.0,55.0,15.0,68.1071,67.4357,106.96K,63.06K,3987.8,2700.0,312.02B,No,3016.09,3010.8,3228.7,2992.82,3024.2,498
2572,DBL.NS,399.6,403.35,222.79K,Industrial Services,Engineering & Construction,29.0,47.0,33.0,18.0,11.2036,9.9286,626.18K,722.48K,585.0,381.55,64.91B,No,406.8,417.74,439.96,414.47,428.91,496
2573,SHIPROCKET.NS,127.82,133.99,2795.53K,Technology Services,Packaged Software,29.0,,,,8.1807,8.1807,34328.78K,14585.65K,156.9,124.0,93.00B,No,,,,,,19
2574,TRIGYN.NS,52.58,56.1,58.39K,Technology Services,Information Technology Services,29.0,35.0,39.0,52.0,3.9314,3.89,43.28K,55.91K,102.4,37.55,1.62B,No,57.37,55.51,57.42,55.82,54.25,497
2575,RHIM.NS,361.6,375.8,156.17K,Producer Manufacturing,Miscellaneous Manufacturing,29.0,28.0,43.0,30.0,8.9929,8.975,1790.11K,220.03K,508.3,323.05,74.67B,No,372.52,389.99,407.68,384.25,388.1,497
2576,MADHUDIN.BO,34.06,35.6,1.62K,Finance,Real Estate Development,29.0,40.0,12.0,55.0,1.6821,1.5714,1.77K,0.38K,50.0,25.2,183.07M,No,35.84,36.52,35.09,35.76,35.46,495
2577,ISFT.NS,76.59,79.48,115.25K,Retail Trade,Internet Retail,29.0,61.0,28.0,56.0,5.2986,5.2986,53.51K,114.65K,119.07,54.05,1.25B,No,86.43,81.22,81.49,81.02,77.08,496
2578,KEL.BO,25.35,24.17,0.02K,Producer Manufacturing,Industrial Machinery,29.0,4.0,39.0,31.0,1.0407,0.6714,0.04K,0.12K,40.38,21.88,177.97M,No,26.75,27.93,27.71,27.53,27.29,498
2579,DEEPAKCHEM.BO,85.0,83.7,2.40K,Process Industries,Chemicals: Major Diversified,29.0,41.0,70.0,28.0,3.3264,2.7079,5.40K,6.24K,150.0,69.2,923.44M,No,81.91,80.7,91.53,81.4,85.14,496
2580,RTSPOWR.NS,86.1,87.94,0.67K,Producer Manufacturing,Electrical Products,29.0,,,,5.75,5.7479,2.63K,1.94K,113.0,80.3,789.41M,No,90.69,,,,,20
2581,NAVKARCORP.NS,91.58,93.58,261.22K,Transportation,Other Transportation,29.0,28.0,25.0,43.0,2.315,2.2871,715.88K,208.10K,132.0,74.05,13.78B,No,96.21,100.88,98.26,98.44,97.51,498
2582,DCM.NS,76.42,75.0,18.82K,Technology Services,Information Technology Services,29.0,28.0,9.0,69.0,2.4764,2.4407,11.56K,19.27K,104.3,55.0,1.43B,No,78.67,85.65,84.33,82.43,81.02,496
2583,STML.BO,72.0,76.95,1.20K,Communications,Specialty Telecommunications,29.0,73.0,61.0,36.0,1.0036,0.0071,2.13K,0.72K,124.0,49.0,696.69M,No,68.64,68.92,74.04,68.55,67.11,495
2584,BALMLAWRIE.NS,164.24,168.72,203.54K,Producer Manufacturing,Industrial Conglomerates,29.0,39.0,34.0,26.0,3.5986,3.2064,140.60K,167.83K,226.87,148.36,28.09B,No,174.67,175.76,177.19,173.71,176.13,498
2585,GKENERGY.NS,123.57,127.85,220.67K,Industrial Services,Engineering & Construction,29.0,47.0,14.0,55.0,5.2779,4.8714,700.68K,323.90K,239.6,87.2,25.06B,No,128.81,132.97,129.82,130.95,126.08,241
2586,ABREL.NS,1232.5,1281.6,197.64K,Process Industries,Textiles,29.0,11.0,38.0,44.0,39.0429,36.2857,195.78K,136.07K,1965.3,1080.1,136.29B,No,1369.08,1393.33,1391.79,1370.76,1322.43,499
2587,PRITHVIEXCH.BO,99.9,100.95,0.55K,Finance,Finance/Rental/Leasing,29.0,44.0,29.0,12.0,7.4836,7.4121,1.25K,0.88K,156.4,91.0,824.14M,No,99.53,101.41,111.81,101.18,110.03,495
2588,AMNPLST.NS,165.52,165.26,1.45K,Process Industries,Chemicals: Specialty,29.0,8.0,18.0,53.0,6.4986,6.4986,11.32K,4.00K,250.0,127.0,9.11B,No,178.65,190.04,180.08,186.07,177.88,498
2589,TIRUSTA.BO,132.2,140.9,0.22K,Consumer Non-Durables,Food: Specialty/Candy,29.0,25.0,66.0,14.0,6.1036,5.3321,1.03K,0.11K,218.9,115.4,1.27B,No,138.29,148.92,149.98,144.75,141.33,496
2590,EPIC.BO,32.61,32.03,1.32K,Producer Manufacturing,Electrical Products,29.0,26.0,33.0,54.0,1.4279,1.4236,6.80K,3.83K,55.64,25.2,259.08M,No,33.29,34.28,37.19,33.62,35.84,495
2591,SHRISTI.BO,28.44,28.8,0.55K,Consumer Durables,Homebuilding,29.0,47.0,21.0,33.0,2.0257,1.8586,0.76K,1.02K,38.95,23.2,631.37M,No,29.29,29.56,30.21,29.47,29.95,495
2592,MULTIBASE.BO,172.2,175.95,2.66K,Process Industries,Industrial Specialties,29.0,11.0,40.0,37.0,6.4821,6.4821,6.56K,5.88K,265.0,156.0,2.17B,No,179.2,180.49,194.65,179.11,183.29,495
2593,PAOS.BO,44.98,44.1,0.69K,Consumer Non-Durables,Household/Personal Care,29.0,60.0,26.0,18.0,1.1986,0.8521,0.34K,0.24K,60.1,38.14,274.54M,No,41.51,44.48,49.57,43.97,48.08,496
2594,NCLIND.NS,173.02,175.05,39.68K,Non-Energy Minerals,Construction Materials,29.0,60.0,34.0,29.0,4.9136,4.8857,58.66K,39.09K,214.8,147.5,7.83B,No,175.46,179.25,183.86,177.97,178.15,497
2595,TYCHE.BO,108.35,108.95,1.83K,Health Technology,Pharmaceuticals: Major,29.0,72.0,18.0,40.0,5.5143,5.4821,6.78K,5.55K,148.0,99.0,1.11B,No,106.76,117.05,118.88,114.22,119.82,495
2596,CMRGREEN.NS,212.76,216.58,282.72K,Producer Manufacturing,Metal Fabrication,29.0,59.0,30.0,,7.6286,7.5536,1464.10K,475.97K,268.96,205.25,,No,220.56,221.07,,218.65,,69
2597,MULLER.BO,206.4,217.25,0.12K,Distribution Services,Wholesale Distributors,29.0,39.0,46.0,20.0,9.7607,8.7143,0.05K,0.07K,264.0,188.1,129.00M,No,212.43,215.62,223.17,214.39,217.79,497
2598,HCKKVENTURE.BO,28.88,28.88,0.00K,Technology Services,Packaged Software,29.0,2.0,12.0,29.0,2.21,1.7536,0.73K,0.17K,50.15,25.18,107.14M,No,36.6,34.52,35.5,35.37,36.8,496
2599,ORICONENT.NS,51.31,51.39,18.90K,Producer Manufacturing,Miscellaneous Manufacturing,29.0,58.0,27.0,7.0,2.3657,2.3643,72.82K,27.61K,73.12,48.81,8.11B,No,54.53,54.86,60.66,54.56,60.17,497
2600,PRIYALT.BO,19.9,19.0,0.13K,Distribution Services,Electronics Distributors,29.0,41.0,5.0,35.0,0.73,0.2493,0.09K,0.07K,34.65,16.73,59.75M,No,20.78,22.3,22.31,21.76,22.75,497
2601,POCL.NS,435.3,454.15,443.03K,Non-Energy Minerals,Other Metals/Minerals,29.0,12.0,16.0,40.0,16.2929,16.1107,594.70K,377.36K,647.6,392.2,33.20B,No,486.67,514.8,512.33,495.11,502.31,498
2602,TEGA.NS,1671.1,1729.1,138.92K,Distribution Services,Wholesale Distributors,29.0,62.0,37.0,33.0,68.9786,64.4643,178.76K,425.99K,2125.0,1473.0,125.55B,No,1663.25,1628.93,1728.62,1634.76,1689.79,497
2603,CHAMBLFERT.NS,416.65,418.8,447.31K,Process Industries,Chemicals: Specialty,29.0,35.0,22.0,34.0,8.3964,8.2214,573.06K,631.10K,559.0,399.75,166.93B,No,423.19,438.71,447.53,432.48,445.78,498
2604,DMART.NS,3680.0,3688.0,496.58K,Retail Trade,Specialty Stores,29.0,20.0,22.0,25.0,78.4928,74.15,581.39K,357.19K,4818.0,3529.0,2400.27B,No,3823.0,3921.68,4011.84,3872.63,4070.2,499
2605,SBILIFE.NS,1654.1,1684.7,1139.18K,Finance,Life/Health Insurance,28.0,26.0,38.0,14.0,34.4714,33.6928,935.72K,832.96K,2132.0,1652.9,1659.64B,No,1739.71,1804.53,1896.53,1788.83,1829.5,499
2606,UNTTEMI.BO,32.5,32.5,0.05K,Finance,Finance/Rental/Leasing,28.0,35.0,33.0,4.0,0.0,0.0,0.03K,0.03K,48.55,30.0,97.50M,No,32.88,33.84,38.32,33.6,37.26,497
2607,NAVA.NS,536.95,551.85,261.10K,Utilities,Electric Utilities,28.0,28.0,25.0,31.0,15.225,14.7107,287.45K,181.32K,739.4,501.65,152.12B,No,558.97,571.71,585.58,562.23,593.71,498
2608,ESTER.NS,87.03,89.89,59.98K,Process Industries,Industrial Specialties,28.0,8.0,42.0,20.0,3.0507,3.0457,144.86K,76.90K,132.45,68.55,9.08B,No,93.12,91.89,94.62,91.29,91.84,499
2609,HARLETH.BO,57.48,57.22,2.20K,Process Industries,Chemicals: Major Diversified,28.0,36.0,19.0,55.0,3.8479,3.78,1.09K,0.96K,88.8,50.15,282.14M,No,59.03,60.93,62.13,60.4,61.99,495
2610,RESPONIND.NS,160.82,173.27,957.62K,Non-Energy Minerals,Forest Products,28.0,48.0,30.0,32.0,10.5164,10.315,1890.19K,5971.25K,240.9,117.25,42.88B,No,156.13,170.43,176.03,170.12,168.72,497
2611,BUTTERFLY.NS,580.25,586.25,89.94K,Consumer Durables,Electronics/Appliances,28.0,7.0,32.0,33.0,19.5321,19.5143,48.81K,14.35K,823.85,565.8,10.37B,No,627.53,686.89,649.42,668.91,650.84,497
2612,NHL.BO,68.0,75.0,1.60K,Consumer Services,Other Consumer Services,28.0,5.0,16.0,23.0,1.2857,0.0,1.29K,0.18K,98.76,56.8,241.94M,No,71.5,74.41,76.63,73.96,75.81,499
2613,ASHSI.BO,22.21,24.2,0.58K,Non-Energy Minerals,Steel,28.0,47.0,39.0,30.0,2.2471,2.2114,2.12K,2.00K,33.39,17.0,277.62M,No,23.17,22.52,24.77,22.84,23.22,495
2614,SPLIL.NS,28.84,30.05,13.44K,Consumer Non-Durables,Apparel/Footwear,28.0,19.0,31.0,48.0,1.9664,1.9143,10.41K,8.34K,45.2,20.2,846.57M,No,31.11,31.41,31.12,31.11,30.11,496
2615,DHARNI.BO,55.0,55.0,3.00K,Finance,Investment Managers,28.0,55.0,11.0,18.0,0.0,0.0,1.57K,0.67K,66.05,52.5,1.12B,No,55.0,60.01,61.69,59.0,62.14,497
2616,BLUECHIPT.BO,114.2,110.0,0.27K,Process Industries,Textiles,28.0,45.0,34.0,22.0,8.1107,6.8214,0.31K,0.50K,160.0,100.2,225.03M,No,116.51,118.92,124.47,117.79,120.46,495
2617,PRODOCS.BO,150.0,151.2,1.00K,Commercial Services,Miscellaneous Commercial Services,28.0,27.0,30.0,10.0,3.2036,0.8857,1.03K,2.22K,254.3,136.1,1.06B,No,157.71,163.12,,162.3,178.04,189
2618,MIRZAINT.NS,29.4,30.63,298.80K,Consumer Non-Durables,Apparel/Footwear,28.0,28.0,45.0,24.0,1.2036,1.2036,374.87K,86.68K,44.0,24.95,4.06B,No,31.17,33.63,33.89,32.61,32.32,498
2619,DCMSHRIRAM.NS,994.1,1000.0,54.35K,Producer Manufacturing,Industrial Conglomerates,28.0,48.0,41.0,37.0,24.3929,24.2,125.76K,76.38K,1414.4,945.1,153.94B,No,1030.03,1028.04,1105.28,1022.35,1068.48,498
2620,DALBHARAT.NS,1687.4,1746.6,56.70K,Producer Manufacturing,Miscellaneous Manufacturing,28.0,26.0,48.0,24.0,62.4429,61.3929,262.25K,280.02K,2496.3,1605.0,316.77B,No,1809.97,1813.19,1906.42,1801.17,1815.94,497
2621,RAL.BO,42.35,40.35,4.80K,Retail Trade,Specialty Stores,28.0,84.0,40.0,41.0,0.9664,0.4507,1.28K,2.28K,71.5,31.03,112.48M,No,39.29,43.34,46.72,43.09,44.0,496
2622,DEN.NS,26.62,26.98,260.93K,Consumer Services,Cable/Satellite Tv,28.0,45.0,28.0,36.0,0.7907,0.7886,697.67K,313.20K,37.35,22.52,12.69B,No,27.68,27.78,28.47,27.48,27.7,496
2623,CPL.NS,62.83,64.79,22.22K,Producer Manufacturing,Miscellaneous Manufacturing,28.0,25.0,,,2.6064,2.5921,94.17K,136.04K,75.74,61.45,,No,65.2,,,,,38
2624,KIMIABL.BO,28.4,27.61,0.18K,Health Technology,Pharmaceuticals: Major,28.0,56.0,17.0,23.0,1.2857,1.2207,4.50K,3.80K,43.28,23.2,1.34B,No,28.48,30.14,31.97,29.64,31.93,495
2625,SPIC.NS,67.38,69.0,418.10K,Process Industries,Chemicals: Agricultural,28.0,59.0,46.0,46.0,1.955,1.9193,426.11K,538.28K,106.6,55.1,13.72B,No,69.08,67.86,70.66,67.81,67.57,497
2626,SRF.NS,2455.2,2482.3999,149.88K,Process Industries,Industrial Specialties,28.0,36.0,27.0,30.0,45.0357,43.5286,429.87K,207.04K,3210.0,2355.0,727.74B,No,2565.9,2649.59,2716.41,2602.93,2611.49,498
2627,MAPROIN.BO,50.0,50.0,0.32K,Consumer Durables,Homebuilding,28.0,3.0,74.0,36.0,1.0393,0.7343,31.00K,16.15K,96.65,24.03,419.45M,No,52.82,48.82,50.05,52.2,46.44,495
2628,GSFC.NS,151.55,155.95,1068.19K,Process Industries,Chemicals: Agricultural,28.0,37.0,30.0,27.0,3.2364,2.9536,786.21K,1219.39K,212.9,138.83,60.39B,No,159.48,159.68,166.99,158.06,161.68,499
2629,ERIS.NS,1310.1,1355.5,44.18K,Health Technology,Pharmaceuticals: Major,28.0,45.0,42.0,32.0,33.8572,33.8572,80.39K,58.11K,1740.0,1200.0,181.56B,No,1322.14,1374.04,1407.51,1358.19,1371.08,497
2630,ZENITHEXPO.NS,196.35,205.0,0.24K,Consumer Non-Durables,Apparel/Footwear,28.0,10.0,34.0,50.0,6.1786,4.7271,0.62K,0.30K,294.6,174.0,1.06B,No,206.02,205.75,207.58,205.63,203.2,496
2631,VALENCIA.BO,60.0,59.0,3.00K,Consumer Non-Durables,Beverages: Non-Alcoholic,28.0,95.0,37.0,44.0,0.7857,0.4464,7.29K,2.33K,97.1,40.11,1.19B,No,54.9,51.07,62.03,50.64,58.2,496
2632,KAYNES.NS,3392.0,3505.0,689.38K,Electronic Technology,Electronic Production Equipment,28.0,19.0,70.0,19.0,144.2929,144.1429,1268.95K,1006.36K,7705.0,2995.0,228.02B,No,3708.3,3585.85,3724.0,3621.12,3603.47,498
2633,KINETICENG.BO,219.95,229.35,24.67K,Producer Manufacturing,Auto Parts: Oem,28.0,28.0,53.0,31.0,10.5464,10.4536,38.52K,50.34K,365.0,175.1,5.92B,No,229.33,253.85,261.61,244.37,244.04,495
2634,RELIANCE.NS,1235.3,1257.5,13705.39K,Energy Minerals,Oil Refining/Marketing,28.0,36.0,36.0,19.0,22.6857,21.5786,11985.37K,13397.62K,1611.8,1235.3,,No,1296.5,1299.48,1381.07,1297.56,1333.75,499
2635,IOC.NS,132.03,135.11,10862.55K,Energy Minerals,Integrated Oil,28.0,38.0,30.0,11.0,2.6621,2.5643,10725.69K,7306.47K,188.96,130.22,1864.43B,No,136.64,139.14,150.09,138.09,143.02,499
2636,EPBIO.BO,95.16,105.85,4.50K,Producer Manufacturing,Industrial Machinery,28.0,14.0,28.0,37.0,5.8843,3.7207,0.70K,1.28K,139.0,75.5,160.01M,No,97.83,99.68,98.86,98.39,98.28,497
2637,AGIIL.NS,264.15,272.95,382.89K,Finance,Real Estate Development,28.0,11.0,3.0,14.0,13.075,12.8464,1692.88K,1390.39K,434.4,224.7,33.02B,No,283.44,304.18,313.2,296.73,333.41,499
2638,TRANSFRE.BO,20.6,19.85,0.60K,Process Industries,Containers/Packaging,28.0,79.0,28.0,30.0,1.4086,1.3636,1.29K,0.64K,32.0,17.13,150.01M,No,19.86,19.99,22.01,20.08,21.46,495
2639,INDOFARM.NS,136.07,141.66,71.83K,Producer Manufacturing,Trucks/Construction/Farm Machinery,28.0,31.0,59.0,50.0,5.6043,5.0636,488.09K,326.18K,271.69,110.7,6.54B,No,138.42,148.82,152.06,146.92,140.23,421
2640,BANSWRAS.NS,110.03,112.84,9.08K,Process Industries,Textiles,28.0,24.0,12.0,37.0,4.8121,4.6929,49.27K,28.53K,144.0,93.73,3.77B,No,116.51,121.87,117.98,120.18,119.81,496
2641,VGCL.NS,51.5,50.0,3.50K,Finance,Investment Managers,28.0,,,,3.9936,3.9936,8.22K,6.26K,62.95,48.15,1.18B,No,54.69,,,,,20
2642,PATELENG.NS,26.08,26.61,1902.74K,Industrial Services,Engineering & Construction,27.0,23.0,38.0,43.0,0.845,0.8221,6601.52K,2065.05K,42.77,22.0,24.91B,No,27.69,28.81,28.49,27.85,27.82,498
2643,EMMESSA.BO,23.6,23.58,1.17K,Health Technology,Pharmaceuticals: Other,27.0,54.0,31.0,29.0,1.83,1.8207,1.21K,1.86K,42.75,18.42,117.91M,No,24.11,24.52,26.19,24.32,24.91,495
2644,PREVEST.BO,382.45,407.0,17.20K,Health Technology,Medical Specialties,27.0,53.0,53.0,29.0,15.0036,14.6357,13.23K,26.44K,604.0,318.15,4.59B,No,390.88,388.64,418.71,390.91,400.3,495
2645,HERCULES.BO,118.3,118.65,4.72K,Producer Manufacturing,Trucks/Construction/Farm Machinery,27.0,39.0,44.0,39.0,3.475,3.4679,7.51K,7.84K,226.0,85.85,3.79B,No,120.72,119.84,128.8,119.97,120.17,495
2646,WAA.BO,47.12,49.46,5.60K,Utilities,Electric Utilities,27.0,74.0,24.0,31.0,2.6657,2.3393,8.86K,14.00K,78.7,40.9,625.13M,No,46.0,46.33,52.11,45.87,51.0,495
2647,NTPCGREEN.NS,85.86,86.94,2072.03K,Utilities,Alternative Power Generation,27.0,31.0,22.0,35.0,1.1486,1.13,4629.37K,1988.66K,119.95,84.0,723.48B,No,89.67,91.37,95.39,90.62,96.97,450
2648,BHANDERI.BO,125.0,125.0,9.60K,Finance,Real Estate Development,27.0,12.0,20.0,13.0,1.2857,0.0,3.37K,5.60K,154.0,125.0,324.58M,No,132.3,136.92,143.91,135.1,139.37,497
2649,HEIDELBERG.NS,145.97,149.8,283.21K,Non-Energy Minerals,Construction Materials,27.0,27.0,43.0,25.0,3.4793,2.8814,130.18K,292.37K,216.99,136.1,33.08B,No,158.5,157.76,160.57,155.72,154.97,499
2650,SPARKLEGR.BO,65.0,69.0,1.21K,Process Industries,Textiles,27.0,74.0,41.0,31.0,5.5757,5.3929,4.45K,2.28K,103.5,52.25,291.08M,No,64.9,65.45,72.65,64.57,70.51,495
2651,NEXXUS.BO,77.9,77.9,1.20K,Non-Energy Minerals,Construction Materials,27.0,32.0,60.0,25.0,0.0,0.0,1.20K,0.13K,130.0,64.23,541.44M,No,78.31,75.2,88.63,76.31,84.89,485
2652,PTC.NS,152.41,152.78,1609.95K,Utilities,Electric Utilities,27.0,36.0,7.0,32.0,3.1007,3.0229,1801.17K,2003.31K,229.51,149.59,45.11B,No,155.49,166.1,173.1,164.95,175.72,499
2653,TCIEXP.NS,494.3,514.6,25.49K,Transportation,Air Freight/Couriers,27.0,14.0,36.0,33.0,19.0393,18.9286,207.36K,39.49K,780.0,447.55,19.00B,No,543.47,550.21,539.03,546.62,528.79,496
2654,COSCO.BO,184.15,190.0,0.53K,Consumer Durables,Recreational Products,27.0,41.0,27.0,43.0,10.7143,10.2679,0.61K,1.37K,260.0,160.0,766.25M,No,189.2,191.46,201.72,189.55,193.17,495
2655,ADDIND.NS,79.0,77.48,0.01K,Process Industries,Textiles,27.0,,,,8.1686,7.4521,1.21K,1.21K,94.6,71.05,852.93M,No,82.13,,,,,20
2656,RHL.NS,175.23,166.85,17.79K,Consumer Services,Hotels/Resorts/Cruise Lines,27.0,69.0,50.0,31.0,6.0957,5.9136,9.87K,3.12K,273.9,160.98,3.03B,No,168.18,170.96,183.22,169.32,177.41,497
2657,GRANDOAK.NS,34.89,35.16,6.53K,Finance,Finance/Rental/Leasing,27.0,,,,2.0071,1.8943,5.41K,3.38K,40.99,33.41,18.10B,No,36.36,,,,,20
2658,ITI.NS,255.4,262.85,160.66K,Communications,Major Telecommunications,27.0,21.0,16.0,38.0,5.4786,5.3643,436.57K,151.73K,372.85,237.0,245.91B,No,272.51,278.82,288.14,274.1,281.88,498
2659,NAVNETEDUL.NS,124.1,127.85,90.75K,Producer Manufacturing,Office Equipment/Supplies,27.0,25.0,17.0,21.0,2.5407,2.5229,212.80K,113.33K,166.0,121.5,27.45B,No,132.04,137.4,141.73,134.29,138.67,498
2660,SRIGEE.BO,81.49,79.69,3.60K,Producer Manufacturing,Industrial Machinery,27.0,79.0,52.0,46.0,4.1529,3.7021,10.55K,12.24K,165.45,56.75,486.79M,No,83.89,80.54,80.66,80.05,77.78,337
2661,THOMASCOOK.NS,103.37,108.63,987.60K,Consumer Services,Other Consumer Services,27.0,43.0,40.0,55.0,3.8757,3.8757,1744.06K,992.30K,175.0,86.35,48.62B,No,107.57,105.22,111.0,106.01,101.78,498
2662,RASANDIK.BO,58.53,58.85,0.28K,Producer Manufacturing,Auto Parts: Oem,27.0,24.0,24.0,51.0,4.3293,4.0571,1.53K,3.82K,92.45,47.05,349.72M,No,59.0,61.39,62.35,61.13,61.83,495
2663,TATACONSUM.NS,986.1,991.0,1567.51K,Consumer Non-Durables,Food: Specialty/Candy,27.0,23.0,22.0,23.0,16.2071,15.9572,1422.59K,1068.26K,1282.7,986.0,975.93B,No,1030.18,1067.69,1124.11,1049.83,1099.64,499
2664,KRATIKAL.BO,160.7,157.6,25.00K,Technology Services,Packaged Software,27.0,67.0,,,6.3321,6.2429,74.12K,14.00K,199.0,153.05,1.78B,No,167.53,167.81,,164.69,,50
2665,ANIRITPP.BO,23.0,23.0,0.00K,Process Industries,Textiles,27.0,50.0,8.0,53.0,0.2386,0.0679,2.08K,0.26K,31.85,16.96,414.00M,No,22.01,22.57,,22.43,24.3,166
2666,BAYERCROP.NS,3941.1,3974.1001,9.35K,Process Industries,Chemicals: Agricultural,27.0,46.0,31.0,16.0,58.6428,58.6428,32.95K,16.24K,5489.0,3926.6,177.12B,No,4023.52,4126.61,4413.07,4093.43,4366.88,498
2667,TEXELIN.BO,65.07,63.74,24.40K,Consumer Durables,Home Furnishings,27.0,60.0,74.0,17.0,3.61,3.5743,26.14K,14.81K,114.85,55.98,916.92M,No,65.14,69.13,74.33,67.6,70.72,495
2668,DSINVEST.BO,365.0,364.1,0.00K,Finance,Investment Banks/Brokers,27.0,49.0,32.0,25.0,4.5036,3.4786,0.03K,0.04K,461.6,299.55,115.00M,No,356.49,373.6,375.24,372.96,361.43,497
2669,KPT.BO,455.65,463.45,1.59K,Consumer Durables,Tools & Hardware,27.0,37.0,64.0,15.0,17.0321,17.0321,6.17K,3.23K,765.0,335.0,1.55B,No,476.62,504.53,527.96,490.73,492.21,495
2670,SCANSTL.NS,55.18,56.34,24.62K,Non-Energy Minerals,Steel,27.0,,,,3.04,2.97,39.66K,31.37K,66.45,54.9,,No,59.99,,,,,20
2671,KAKATCEM.NS,109.69,109.57,1.41K,Non-Energy Minerals,Construction Materials,27.0,77.0,22.0,44.0,4.1307,4.0779,2.54K,2.64K,165.55,85.0,852.71M,No,112.93,115.49,119.14,114.59,115.85,497
2672,SRM.NS,419.9,439.35,63.61K,Industrial Services,Engineering & Construction,27.0,9.0,14.0,55.0,19.2286,19.1821,100.72K,88.50K,649.95,361.35,9.64B,No,459.66,484.27,481.23,474.93,474.39,498
2673,SBIFUNDS.NS,536.5,544.3,1079.49K,Finance,Investment Managers,27.0,43.0,,,10.9214,10.7107,4952.75K,1281.78K,624.95,533.1,1092.76B,No,556.36,,,,,40
2674,DHANROTO.BO,75.55,77.0,1.06K,Process Industries,Pulp & Paper,27.0,59.0,41.0,34.0,3.0586,3.0207,2.47K,2.23K,101.12,70.5,589.34M,No,73.92,74.18,81.18,74.79,78.45,496
2675,MEGRISOFT.BO,81.5,81.5,0.01K,Technology Services,Information Technology Services,27.0,60.0,53.0,16.0,4.7757,4.2664,0.41K,0.17K,114.0,59.05,255.97M,No,77.63,80.35,87.18,80.4,82.04,495
2676,CRAMC.NS,232.4,238.9,341.06K,Finance,Investment Managers,27.0,21.0,35.0,32.0,5.725,5.5179,878.28K,426.28K,353.4,214.2,46.34B,No,252.07,256.48,260.16,254.58,250.54,229
2677,THEINVEST.NS,96.18,96.8,4.71K,Finance,Investment Banks/Brokers,27.0,62.0,47.0,33.0,3.8471,3.8236,6.63K,6.56K,159.29,89.0,5.02B,No,96.52,97.19,103.56,96.8,99.52,496
2678,RUNGTAIR.BO,49.25,49.7,0.28K,Producer Manufacturing,Industrial Machinery,26.0,43.0,45.0,30.0,2.4929,2.3229,0.78K,0.56K,68.99,43.0,981.15M,No,49.26,49.98,53.13,49.18,50.84,495
2679,UNITEDTEA.NS,425.65,432.95,6.15K,Consumer Non-Durables,Food: Specialty/Candy,26.0,29.0,16.0,11.0,12.275,11.7,2.81K,3.32K,590.0,412.0,2.13B,No,447.37,461.87,487.81,454.84,494.82,496
2680,RMDRIP.NS,23.5,23.55,385.00K,Producer Manufacturing,Industrial Machinery,26.0,94.0,80.0,17.0,0.9536,0.8693,950.98K,392.47K,72.22,14.81,10.06B,No,20.5,19.34,31.72,19.88,21.44,498
2681,SWIGGY.NS,275.0,278.2,13233.62K,Transportation,Air Freight/Couriers,26.0,58.0,65.0,31.0,8.2036,7.8107,21703.06K,38095.13K,474.0,235.75,720.50B,No,278.42,276.4,298.42,276.25,271.5,458
2682,ELNET.BO,306.65,303.55,2.76K,Finance,Real Estate Development,26.0,46.0,28.0,26.0,9.2536,9.0857,1.61K,2.82K,407.0,285.05,1.23B,No,312.49,318.28,331.57,315.6,325.61,495
2683,STOVACQ.BO,1610.1,1653.1,0.25K,Producer Manufacturing,Industrial Machinery,26.0,53.0,52.0,22.0,39.8393,38.5714,0.23K,0.18K,2299.0,1391.6,3.36B,No,1659.58,1682.64,1797.75,1674.78,1710.84,495
2684,3PLAND.NS,30.8,31.24,7.54K,Finance,Real Estate Development,26.0,41.0,45.0,37.0,1.3629,1.3629,4.32K,4.95K,46.89,28.51,,No,31.95,32.03,33.77,31.78,32.39,497
2685,ACML.BO,32.7,32.7,6.00K,Retail Trade,Food Retail,26.0,59.0,32.0,32.0,0.0857,0.015,1.54K,1.33K,56.0,29.5,478.53M,No,32.64,32.48,35.24,32.48,33.51,497
2686,ZODIACLOTH.NS,69.67,69.54,5.49K,Consumer Non-Durables,Apparel/Footwear,26.0,21.0,37.0,31.0,2.2993,2.2586,13.96K,4.11K,119.45,58.5,1.91B,No,72.76,75.48,78.33,74.3,75.06,496
2687,PRIMEPRO.BO,25.06,25.19,11.06K,Finance,Real Estate Development,26.0,30.0,6.0,64.0,1.8579,1.83,2.86K,3.38K,35.59,15.35,425.30M,No,24.63,26.53,25.54,26.25,24.73,495
2688,ORIENTTECH.NS,242.28,249.64,345.01K,Technology Services,Information Technology Services,26.0,32.0,35.0,20.0,9.7857,9.6479,936.16K,940.82K,466.73,220.8,11.10B,No,240.86,253.97,285.69,253.3,263.94,499
2689,JETKINGQ.BO,123.0,129.4,20.34K,Consumer Services,Other Consumer Services,26.0,91.0,72.0,35.0,11.8671,10.8279,11.27K,23.40K,339.9,90.55,775.35M,No,122.08,108.34,122.96,115.46,113.91,495
2690,SEKURITIND.NS,106.86,110.34,52.69K,Consumer Durables,Home Furnishings,26.0,,,,3.3329,3.3114,25.33K,30.20K,124.65,105.05,9.74B,No,115.32,,,,,20
2691,COCHINSHIP.NS,1325.0,1381.0,1989.13K,Producer Manufacturing,Trucks/Construction/Farm Machinery,26.0,13.0,35.0,21.0,48.0714,46.6857,1364.44K,1251.63K,1979.9,1187.0,348.58B,No,1492.44,1456.01,1505.72,1445.44,1475.04,499
2692,SAMHI.NS,152.73,157.07,468.43K,Consumer Services,Hotels/Resorts/Cruise Lines,26.0,29.0,29.0,37.0,5.0186,4.9936,1181.26K,2185.19K,217.3,127.0,33.96B,No,156.77,166.12,166.54,164.0,160.23,498
2693,HINDMILL.BO,145.85,144.45,0.00K,Process Industries,Textiles,26.0,26.0,31.0,20.0,10.5929,9.875,0.39K,1.03K,189.0,127.7,242.77M,No,148.88,156.24,164.53,153.32,158.66,495
2694,PANCHSHEEL.BO,107.15,109.0,6.75K,Health Technology,Pharmaceuticals: Major,26.0,13.0,27.0,43.0,5.8929,5.7071,9.19K,24.22K,154.4,86.1,1.11B,No,114.04,116.47,118.27,114.16,116.69,495
2695,ADVENZYMES.NS,287.7,293.4,247.16K,Consumer Non-Durables,Food: Specialty/Candy,26.0,43.0,7.0,36.0,8.0929,7.8071,335.19K,206.72K,419.0,251.95,31.87B,No,298.39,309.8,314.95,305.58,318.64,498
2696,ATENPAPERS.BO,21.0,20.8,4.80K,Distribution Services,Wholesale Distributors,26.0,56.0,26.0,53.0,1.1379,0.8271,3.35K,4.68K,32.8,14.01,216.30M,No,20.22,21.02,21.96,20.78,20.85,308
2697,KAUSHALYA.NS,834.5,825.2,0.12K,Industrial Services,Engineering & Construction,26.0,18.0,46.0,40.0,27.9,26.6429,1.18K,0.19K,1435.95,750.0,288.99M,No,868.11,922.61,878.71,881.66,875.66,496
2698,RUBFILA.NS,63.56,68.51,102.20K,Process Industries,Industrial Specialties,26.0,39.0,23.0,36.0,3.0786,3.05,32.34K,58.65K,88.88,57.31,3.45B,No,67.92,70.62,71.01,69.91,70.13,496
2699,HBSL.NS,52.85,52.91,0.35K,Finance,Investment Banks/Brokers,26.0,26.0,47.0,45.0,2.5579,2.4414,3.40K,3.30K,108.8,42.63,377.23M,No,53.92,52.64,58.96,53.03,54.31,497
2700,SML.BO,69.35,69.35,0.11K,Health Services,Medical/Nursing Services,26.0,32.0,33.0,70.0,0.0,0.0,0.23K,0.23K,114.15,43.82,295.77M,No,70.26,65.43,76.52,65.98,67.84,497
2701,HGS.NS,381.6,381.45,8.60K,Commercial Services,Miscellaneous Commercial Services,26.0,37.0,25.0,41.0,10.4464,10.3857,48.73K,18.13K,545.0,342.05,17.75B,No,397.32,412.12,413.03,408.11,402.95,497
2702,BSHSL.NS,85.42,88.8,3.44K,Process Industries,Chemicals: Agricultural,26.0,35.0,30.0,42.0,4.09,4.0243,6.39K,9.46K,139.0,59.16,8.96B,No,89.06,88.36,93.2,88.56,90.43,496
2703,GUJHOTE.BO,178.7,181.3,0.91K,Consumer Services,Hotels/Resorts/Cruise Lines,26.0,55.0,46.0,29.0,4.925,4.6071,1.30K,0.49K,318.9,165.5,676.83M,No,182.02,184.92,193.19,184.41,186.67,495
2704,TCS.NS,2251.0,2200.8,5403.75K,Technology Services,Information Technology Services,26.0,40.0,58.0,22.0,61.3572,52.7143,3952.79K,2551.48K,3350.0,1976.8,,No,2286.98,2292.22,2569.82,2310.24,2329.76,499
2705,ADVANIHOTR.NS,47.98,49.18,35.02K,Consumer Services,Hotels/Resorts/Cruise Lines,26.0,26.0,31.0,23.0,1.3893,1.3807,29.34K,21.02K,65.5,47.0,4.44B,No,49.45,50.71,53.57,50.26,51.98,498
2706,DUNCANENG.BO,342.15,348.5,0.58K,Producer Manufacturing,Industrial Machinery,26.0,37.0,31.0,19.0,13.2429,13.1714,1.44K,2.97K,539.0,319.3,1.26B,No,356.54,368.09,403.74,363.27,380.1,496
2707,BLEL.NS,439.65,442.15,646.12K,Non-Energy Minerals,Steel,26.0,,,,23.2607,23.05,5511.13K,1407.69K,548.0,429.0,,No,,,,,,19
2708,MADALA.BO,185.0,186.0,0.13K,Technology Services,Information Technology Services,26.0,63.0,37.0,25.0,12.3214,11.1786,0.58K,0.56K,279.65,157.5,2.73B,No,187.68,192.51,201.82,190.85,192.01,496
2709,LTTS.NS,3312.2,3337.3999,60.38K,Commercial Services,Miscellaneous Commercial Services,26.0,26.0,46.0,48.0,85.1428,79.2928,147.51K,111.21K,4726.0,3010.0,351.38B,No,3502.09,3466.57,3646.58,3478.05,3415.98,498
2710,ANNAINFRA.BO,27.03,28.0,3.43K,Finance,Real Estate Investment Trusts,26.0,69.0,3.0,30.0,3.5221,3.2729,0.96K,0.87K,39.9,21.9,102.71M,No,28.37,28.59,30.22,28.14,31.29,496
2711,COASTCORP.NS,37.32,39.09,132.60K,Transportation,Marine Shipping,26.0,17.0,6.0,16.0,1.5907,1.5171,136.06K,72.33K,66.7,32.5,2.50B,No,40.58,45.46,48.15,43.6,48.72,497
2712,INDERGR.BO,21.37,21.8,0.03K,Finance,Finance/Rental/Leasing,26.0,1.0,65.0,9.0,0.6329,0.4207,0.57K,0.73K,35.44,15.38,108.15M,No,24.01,26.8,24.84,26.26,24.36,497
2713,PRSMJOHNSN.NS,112.14,113.35,251.46K,Non-Energy Minerals,Construction Materials,26.0,78.0,36.0,19.0,2.4007,2.3243,1846.31K,377.68K,176.0,97.1,56.45B,No,110.85,110.05,122.34,109.68,118.96,497
2714,SARUPINDUS.BO,108.3,114.0,0.00K,Consumer Non-Durables,Apparel/Footwear,26.0,8.0,44.0,3.0,2.4607,1.5464,0.17K,0.04K,208.0,82.12,352.23M,No,116.7,120.81,143.67,119.07,135.19,496
2715,SUBROS.NS,682.55,703.75,29.66K,Producer Manufacturing,Industrial Machinery,26.0,18.0,31.0,35.0,18.1286,17.6107,254.80K,37.45K,1213.7,622.1,44.53B,No,722.03,769.32,778.52,754.75,749.78,497
2716,SWADEIN.BO,77.0,76.28,1.12K,Process Industries,Textiles,26.0,15.0,18.0,5.0,7.0236,6.8971,5.12K,4.36K,164.0,50.84,1.78B,No,78.03,81.9,106.05,81.21,91.59,495
2717,NEWGEN.NS,499.35,501.4,1693.63K,Technology Services,Packaged Software,25.0,27.0,64.0,51.0,20.4286,19.1571,2897.41K,981.00K,1041.95,401.05,70.49B,No,522.99,530.55,563.17,531.05,489.81,498
2718,GOLDENTOBC.NS,25.0,25.49,0.58K,Finance,Real Estate Development,25.0,54.0,42.0,17.0,1.24,1.1871,2.26K,2.54K,36.57,20.34,442.02M,No,24.75,24.93,27.51,25.09,25.91,496
2719,AWL.NS,183.14,185.02,1154.00K,Process Industries,Agricultural Commodities/Milling,25.0,41.0,42.0,43.0,4.89,4.8643,3652.81K,1991.95K,282.9,171.19,236.58B,No,191.32,190.64,200.74,189.58,189.29,498
2720,SHK.NS,135.89,141.22,298.43K,Process Industries,Chemicals: Specialty,25.0,2.0,55.0,44.0,4.9036,4.77,850.49K,360.02K,255.79,111.98,18.81B,No,151.41,150.22,148.17,151.04,139.78,498
2721,GILLETTE.NS,7248.5,7307.0,11.15K,Consumer Non-Durables,Household/Personal Care,25.0,40.0,39.0,21.0,131.7857,129.25,18.33K,14.36K,10553.0,7206.0,236.19B,No,7404.32,7614.47,7930.0,7522.85,7754.2,499
2722,BEARDSELL.NS,24.27,24.67,15.64K,Process Industries,Industrial Specialties,25.0,53.0,15.0,43.0,1.4543,1.4464,22.86K,15.49K,38.6,20.02,957.14M,No,25.47,26.52,27.17,26.02,26.2,498
2723,UCOBANK.NS,23.72,24.12,3373.51K,Finance,Regional Banks,25.0,22.0,29.0,20.0,0.53,0.4957,7447.77K,4827.29K,34.2,22.22,297.44B,No,25.08,25.82,26.95,25.43,25.89,498
2724,CPEDU.NS,176.34,177.74,1.86K,Commercial Services,Miscellaneous Commercial Services,25.0,8.0,44.0,29.0,9.5764,9.4507,14.26K,4.56K,338.75,141.0,3.21B,No,189.79,196.21,206.32,193.31,189.68,256
2725,SWELECTES.NS,551.4,567.4,14.84K,Producer Manufacturing,Electrical Products,25.0,3.0,18.0,51.0,20.6679,20.5857,26.08K,29.94K,977.0,483.1,8.57B,No,591.08,615.77,605.36,600.29,604.27,496
2726,MFSL.NS,1425.9,1477.0,557.24K,Finance,Life/Health Insurance,25.0,37.0,21.0,12.0,38.15,34.3929,740.09K,498.76K,1892.5,1425.9,489.51B,No,1540.26,1541.69,1633.18,1518.87,1595.15,498
2727,RECLTD.NS,308.5,312.7,4663.00K,Finance,Finance/Rental/Leasing,25.0,26.0,20.0,24.0,6.7679,6.3821,5467.95K,4922.59K,390.5,304.05,,No,320.69,342.69,349.94,337.5,344.32,499
2728,PANCARBON.BO,418.05,432.9,6.27K,Producer Manufacturing,Electrical Products,25.0,17.0,19.0,26.0,8.6071,8.3107,3.72K,2.60K,525.6,417.0,2.01B,No,431.23,450.58,469.56,444.51,459.63,495
2729,ENERGYINF.BO,72.51,72.49,300.00K,Miscellaneous,Investment Trusts,25.0,50.0,34.0,18.0,0.555,0.5121,1460.71K,1177.50K,97.47,71.59,48.15B,No,73.64,75.08,80.28,74.07,77.23,495
2730,EKI.NS,69.5,69.28,11.05K,Utilities,Electric Utilities,25.0,,,,3.73,3.73,13.05K,14.05K,82.5,68.13,,No,74.51,,,,,20
2731,FDC.NS,349.7,341.45,470.18K,Health Technology,Pharmaceuticals: Major,25.0,51.0,29.0,26.0,10.2,10.0964,223.01K,144.02K,527.8,312.95,56.93B,No,345.17,379.95,382.18,369.19,371.62,497
2732,RIYAASAT.BO,70.35,70.35,12.00K,Consumer Non-Durables,Apparel/Footwear,25.0,92.0,,,1.1643,1.0621,8.51K,1.47K,84.8,53.02,755.87M,No,66.16,62.69,,63.41,,54
2733,KOTIC.NS,126.62,133.82,23.20K,Process Industries,Chemicals: Agricultural,25.0,,,,9.0114,8.7221,61.22K,102.73K,159.97,125.15,13.68B,No,141.56,,,,,20
2734,KREBSBIO.NS,56.27,58.72,7.98K,Health Technology,Pharmaceuticals: Major,25.0,64.0,16.0,43.0,3.8693,3.8036,10.89K,25.77K,82.49,38.33,1.21B,No,55.91,55.26,59.57,55.26,57.2,496
2735,BONLON.NS,38.56,40.1,6.02K,Producer Manufacturing,Electrical Products,25.0,21.0,13.0,36.0,2.5421,2.5393,10.13K,5.09K,57.0,34.51,631.74M,No,40.36,41.0,,40.61,42.75,140
2736,UTIAMC.NS,911.1,910.0,109.60K,Finance,Investment Managers,25.0,62.0,44.0,24.0,14.7464,14.6286,226.33K,165.85K,1418.0,866.0,117.11B,No,892.52,914.13,987.34,901.17,939.06,499
2737,PWASML.BO,21.8,22.02,1.13K,Process Industries,Textiles,25.0,58.0,28.0,37.0,1.6407,1.5664,2.70K,3.91K,33.4,17.86,223.66M,No,22.76,22.62,23.77,22.48,22.91,495
2738,BRITANNIA.NS,4947.5,4962.0,209.21K,Consumer Non-Durables,Food: Specialty/Candy,25.0,14.0,41.0,12.0,90.9643,88.8571,285.18K,262.70K,6271.0,4945.0,1191.70B,No,5220.43,5360.13,5611.56,5296.1,5432.57,499
2739,ALLTIME.NS,213.38,221.15,111.41K,Producer Manufacturing,Miscellaneous Manufacturing,25.0,57.0,19.0,36.0,9.5886,9.4886,89.90K,207.49K,314.7,186.0,13.98B,No,207.4,219.82,234.66,217.04,224.22,271
2740,SCODATUBES.NS,126.23,129.82,123.44K,Non-Energy Minerals,Steel,25.0,38.0,40.0,40.0,5.1886,5.13,252.30K,166.13K,185.07,110.0,7.56B,No,129.82,138.62,141.37,136.61,137.62,322
2741,LINC.NS,95.02,95.61,5.42K,Consumer Non-Durables,Consumer Sundries,25.0,49.0,39.0,23.0,3.1871,3.035,38.42K,13.80K,134.9,85.01,5.65B,No,95.97,100.59,104.9,98.83,101.17,497
2742,ASIAN.BO,32.79,34.33,3.41K,Commercial Services,Miscellaneous Commercial Services,25.0,48.0,26.0,28.0,1.8286,1.6986,1.12K,2.48K,49.0,29.1,114.35M,No,34.09,34.29,35.82,33.81,35.21,496
2743,SITAENT.BO,133.2,132.7,0.10K,Finance,Investment Banks/Brokers,25.0,40.0,56.0,11.0,10.6429,10.2321,1.71K,1.92K,201.7,122.0,399.60M,No,137.54,141.14,152.04,138.23,149.41,495
2744,SPMLINFRA.NS,168.47,171.63,163.27K,Industrial Services,Engineering & Construction,25.0,19.0,27.0,46.0,6.1793,6.1593,279.05K,220.37K,288.1,151.01,14.18B,No,182.3,190.09,188.1,187.18,190.17,498
2745,ZUARI.NS,212.4,220.42,102.94K,Process Industries,Chemicals: Agricultural,25.0,44.0,29.0,39.0,6.8707,6.3929,251.38K,91.95K,345.6,175.1,8.93B,No,226.98,228.25,241.69,225.93,223.25,499
2746,FIEMIND.NS,1938.1,2009.5,61.05K,Producer Manufacturing,Auto Parts: Oem,25.0,3.0,10.0,23.0,56.9214,56.0286,76.56K,58.35K,2674.8,1868.5,51.01B,No,2100.83,2251.51,2231.31,2217.8,2195.22,498
2747,JKTYRE.NS,345.25,353.95,438.00K,Consumer Durables,Automotive Aftermarket,25.0,19.0,23.0,8.0,6.8964,6.5107,916.57K,367.90K,611.9,343.1,99.53B,No,371.54,389.12,433.65,379.41,398.99,498
2748,WEWIN.NS,40.83,42.46,2.60K,Commercial Services,Miscellaneous Commercial Services,25.0,12.0,10.0,36.0,1.9421,1.885,2.00K,1.62K,78.0,35.38,414.87M,No,44.4,45.46,47.75,45.06,48.9,497
2749,PALASHSECU.NS,88.72,85.92,1.48K,Consumer Non-Durables,Food: Specialty/Candy,25.0,54.0,27.0,38.0,4.1343,3.9193,1.90K,0.76K,132.7,79.01,887.48M,No,89.07,89.56,95.66,89.38,92.1,497
2750,AHASOLAR.BO,69.58,71.0,0.40K,Technology Services,Packaged Software,25.0,10.0,31.0,34.0,3.79,2.4036,1.64K,3.08K,114.2,58.9,214.47M,No,75.79,77.53,81.41,75.59,77.46,496
2751,RVHL.NS,39.16,39.46,6.41K,Consumer Durables,Homebuilding,25.0,28.0,13.0,33.0,2.3257,2.3064,18.87K,9.28K,71.36,28.5,2.40B,No,40.37,43.02,44.17,42.38,41.53,496
2752,EXCELSOFT.NS,77.63,81.03,2340.12K,Technology Services,Packaged Software,25.0,74.0,48.0,32.0,3.6057,3.5779,1119.72K,2902.25K,142.59,66.4,8.93B,No,72.02,75.57,82.46,75.74,81.26,202
2753,PILANIINVS.NS,4081.8,4191.6001,2.46K,Finance,Financial Conglomerates,25.0,19.0,35.0,23.0,110.7643,106.4714,1.92K,2.79K,5980.0,4021.3,45.19B,No,4315.68,4348.16,4601.8,4325.96,4459.97,496
2754,JAMSHRI.BO,73.98,73.65,1.44K,Finance,Real Estate Development,24.0,43.0,29.0,28.0,1.8214,1.6557,0.68K,0.58K,109.11,68.0,516.86M,No,75.09,76.27,81.9,75.64,77.58,495
2755,MCLEODRUSS.NS,41.57,43.28,364.86K,Consumer Non-Durables,Food: Specialty/Candy,24.0,17.0,1.0,46.0,1.9664,1.9186,229.93K,245.08K,78.41,28.5,4.34B,No,47.12,50.16,50.49,48.73,51.73,496
2756,SHBAJRG.NS,153.96,155.85,1.50K,Non-Energy Minerals,Steel,24.0,,,,7.1143,6.9836,2.82K,3.27K,184.0,153.0,1.39B,No,164.03,,,,,20
2757,YATRA.NS,107.96,115.42,969.48K,Consumer Services,Other Consumer Services,24.0,30.0,54.0,36.0,4.6929,4.5964,1757.55K,1849.37K,202.0,89.9,16.94B,No,113.07,111.26,124.79,110.76,108.06,498
2758,STARTECK.NS,238.9,240.65,0.13K,Finance,Finance/Rental/Leasing,24.0,20.0,28.0,28.0,11.3357,11.1643,6.15K,0.30K,349.95,215.1,2.37B,No,250.41,260.08,264.51,254.01,256.84,497
2759,CUBEXTUB.NS,75.08,77.1,50.13K,Non-Energy Minerals,Other Metals/Minerals,24.0,22.0,20.0,9.0,2.9464,2.91,49.18K,45.77K,143.69,73.1,1.08B,No,78.05,78.69,92.51,77.95,86.1,497
2760,CENTRALBK.NS,30.46,30.74,5053.54K,Finance,Major Banks,24.0,48.0,42.0,12.0,0.4971,0.4779,9760.99K,4965.73K,40.92,29.32,275.71B,No,30.78,31.24,34.4,31.05,33.08,499
2761,JARO.NS,469.95,454.05,330.87K,Technology Services,Internet Software/Services,24.0,71.0,19.0,57.0,14.3607,14.2536,125.14K,109.01K,890.0,383.5,10.47B,No,452.35,468.14,484.6,463.07,474.09,238
2762,PERFEPA.BO,69.02,72.99,0.15K,Process Industries,Containers/Packaging,24.0,6.0,35.0,11.0,6.0829,5.6364,0.61K,0.61K,105.25,66.0,459.64M,No,76.58,74.98,80.76,74.76,77.76,496
2763,STERPOW.BO,26.06,27.1,1.60K,Electronic Technology,Semiconductors,24.0,1.0,3.0,69.0,1.6186,1.6171,5.95K,7.41K,43.0,16.9,137.14M,No,30.21,33.91,29.68,32.76,30.36,495
2764,BSL.NS,119.35,120.39,2.78K,Process Industries,Textiles,24.0,52.0,44.0,28.0,4.3079,4.29,6.26K,8.59K,205.0,98.0,1.23B,No,122.47,124.35,132.05,123.06,124.09,496
2765,BALAXI.NS,23.12,23.39,26.07K,Distribution Services,Medical Distributors,24.0,46.0,45.0,60.0,1.5929,1.5479,37.64K,92.37K,47.71,15.2,1.28B,No,23.38,23.8,24.63,23.72,23.41,496
2766,LIKHAMI.BO,298.9,298.9,0.00K,Commercial Services,Miscellaneous Commercial Services,24.0,55.0,25.0,7.0,0.9607,0.0,,,431.0,269.85,2.97B,No,292.11,296.65,331.02,296.26,336.0,497
2767,COLPAL.NS,1820.3,1797.4,670.43K,Consumer Non-Durables,Household/Personal Care,24.0,25.0,21.0,18.0,37.7429,35.0214,385.71K,414.67K,2379.2,1782.0,495.10B,No,1851.35,1971.48,2055.17,1937.84,2015.1,499
2768,YSL.BO,26000.0,26386.0,0.01K,Distribution Services,Wholesale Distributors,24.0,9.0,34.0,33.0,348.4609,158.1501,0.01K,0.01K,38599.95,24800.05,7.99B,No,28236.06,27567.14,28536.72,27540.51,28263.43,495
2769,VINATIORGA.NS,1261.4,1294.3,41.51K,Process Industries,Chemicals: Specialty,24.0,35.0,40.0,19.0,31.6929,31.4143,62.59K,54.99K,1849.9,1203.0,130.86B,No,1319.29,1320.36,1400.95,1310.97,1326.26,499
2770,DESCO.BO,173.85,169.3,68.00K,Industrial Services,Engineering & Construction,24.0,38.0,10.0,60.0,6.325,5.8964,20.44K,25.60K,293.65,122.0,1.33B,No,171.21,181.87,190.51,178.95,191.76,362
2771,POKARNA.NS,758.25,804.15,102.76K,Producer Manufacturing,Building Products,24.0,2.0,21.0,16.0,34.8429,34.5572,124.24K,215.71K,1146.2,692.6,23.51B,No,849.89,922.01,892.45,892.3,896.46,498
2772,QGO.BO,38.98,39.13,2.10K,Finance,Financial Conglomerates,24.0,49.0,16.0,25.0,2.0686,1.9007,2.12K,3.09K,53.45,35.0,271.02M,No,40.38,41.4,42.02,40.77,41.05,495
2773,ALANSCOTT.BO,237.95,250.45,2.27K,Retail Trade,Specialty Stores,24.0,2.0,17.0,43.0,16.4893,13.4929,3.40K,2.79K,415.0,210.65,1.53B,No,295.46,314.97,296.11,303.27,281.31,495
2774,NIPPOBATRY.NS,320.85,317.85,1.62K,Producer Manufacturing,Electrical Products,24.0,56.0,27.0,46.0,9.575,9.4393,2.54K,1.61K,490.0,257.0,2.41B,No,325.97,329.29,352.59,326.56,334.06,497
2775,ZBINTXPP.BO,1747.25,1747.25,0.00K,Process Industries,Textiles,24.0,79.0,38.0,11.0,32.5714,13.0357,0.00K,0.00K,2837.3,1579.0,1.24B,No,1793.67,1702.67,2075.83,1729.72,1936.16,495
2776,RIDDHICORP.BO,55.19,56.35,0.73K,Transportation,Other Transportation,24.0,26.0,20.0,23.0,2.6936,2.5693,1.03K,1.30K,82.65,50.75,654.94M,No,57.7,59.09,62.72,58.88,60.29,495
2777,KOKUYOCMLN.NS,77.0,77.91,27.08K,Consumer Durables,Tools & Hardware,24.0,36.0,26.0,37.0,2.1271,2.1086,39.85K,35.24K,116.84,71.05,7.72B,No,79.68,82.98,85.54,81.58,83.95,498
2778,WANBURY.NS,223.1,239.35,227.24K,Health Technology,Pharmaceuticals: Major,24.0,15.0,14.0,25.0,9.1,8.9429,453.17K,86.65K,358.85,161.5,7.80B,No,252.61,279.63,256.24,270.5,265.27,497
2779,OMINFRAL.NS,80.25,79.59,219.09K,Industrial Services,Engineering & Construction,24.0,31.0,37.0,36.0,3.4343,3.43,142.55K,40.14K,144.0,71.5,7.73B,No,83.02,86.43,88.98,84.79,86.93,497
2780,LAKESHORE.BO,63.95,62.68,0.85K,Process Industries,Agricultural Commodities/Milling,24.0,3.0,52.0,14.0,3.8414,3.7921,2.60K,3.85K,114.63,55.45,223.87M,No,67.4,72.86,74.07,71.34,69.94,495
2781,INDIACEM.NS,336.0,346.9,61.31K,Non-Energy Minerals,Construction Materials,24.0,12.0,17.0,23.0,8.3893,7.9143,244.32K,99.49K,485.8,333.0,156.19B,No,362.53,379.67,401.46,377.48,382.91,498
2782,INDIAHOME.BO,29.77,31.8,6.12K,Finance,Finance/Rental/Leasing,24.0,36.0,44.0,14.0,2.3129,2.2029,5.72K,8.40K,46.7,24.8,425.17M,No,31.54,31.22,32.9,30.86,31.34,495
2783,MAHAPEXLTD.NS,53.15,54.57,4.32K,Finance,Finance/Rental/Leasing,24.0,49.0,68.0,1.0,3.9243,3.8264,23.19K,23.11K,117.89,42.0,1.50B,No,56.1,50.04,66.78,50.42,53.54,496
2784,SANOFICONR.NS,4055.3,4023.3999,7.74K,Health Technology,Pharmaceuticals: Major,24.0,22.0,18.0,22.0,112.0928,111.3142,9.45K,5.05K,5357.0,3975.0,93.53B,No,4159.01,4401.86,4469.62,4352.84,4506.63,498
2785,SUBSM.BO,55.25,55.2,0.02K,Process Industries,Textiles,24.0,2.0,1.0,77.0,1.375,0.5843,0.02K,0.10K,95.0,36.56,234.29M,No,64.54,73.82,66.64,70.07,68.01,497
2786,CONTROLPR.NS,574.8,588.7,22.16K,Electronic Technology,Computer Peripherals,24.0,63.0,35.0,22.0,17.2036,16.7464,103.40K,30.05K,899.0,517.0,9.19B,No,588.46,600.88,640.8,590.6,617.61,496
2787,FLOMIC.BO,44.58,45.65,1.91K,Transportation,Air Freight/Couriers,24.0,68.0,14.0,55.0,5.8907,5.8407,1.50K,1.27K,75.0,35.0,809.95M,No,43.49,45.33,48.53,44.44,46.8,495
2788,BORORENEW.NS,461.3,495.65,719.97K,Process Industries,Industrial Specialties,24.0,3.0,11.0,54.0,15.9893,15.8393,633.61K,405.10K,721.0,374.4,67.90B,No,514.42,557.66,521.75,537.44,516.34,499
2789,ADMANUM.BO,51.87,51.77,0.25K,Finance,Finance/Rental/Leasing,24.0,37.0,17.0,46.0,2.53,2.49,2.89K,2.04K,74.98,42.2,389.02M,No,53.7,55.83,55.9,55.0,55.81,495
2790,BNAGROCHEM.NS,200.08,204.99,0.96K,Process Industries,Agricultural Commodities/Milling,24.0,,,,10.2143,9.9179,12.19K,6.69K,249.0,200.0,19.56B,No,224.61,,,,,20
2791,CAMPUS.NS,212.9,214.36,432.11K,Consumer Non-Durables,Apparel/Footwear,23.0,48.0,26.0,22.0,4.6279,4.2821,1445.57K,356.54K,289.05,207.92,65.08B,No,221.5,223.02,243.27,222.24,234.08,498
2792,ABIRAFN.BO,32.5,32.58,0.84K,Finance,Finance/Rental/Leasing,23.0,67.0,41.0,29.0,1.9779,1.7929,0.61K,1.80K,48.19,27.89,175.50M,No,33.78,32.7,34.52,32.65,32.38,496
2793,ATIL.BO,92.0,90.05,8.00K,Producer Manufacturing,Trucks/Construction/Farm Machinery,23.0,9.0,64.0,28.0,4.55,3.6893,24.08K,10.60K,156.0,77.0,1.26B,No,101.68,98.09,,97.6,93.49,177
2794,STERTOOLS.NS,212.64,214.66,10.87K,Producer Manufacturing,Metal Fabrication,23.0,44.0,24.0,50.0,6.6771,6.645,116.30K,14.35K,355.0,155.0,7.73B,No,219.64,232.81,237.5,229.98,226.84,497
2795,ITCHOTELS.NS,152.22,153.69,1141.02K,Consumer Services,Hotels/Resorts/Cruise Lines,23.0,27.0,45.0,27.0,3.1643,3.0621,3010.57K,1637.07K,246.0,137.3,317.08B,No,160.76,166.42,170.88,162.51,161.46,405
2796,SIYSIL.NS,520.95,535.15,26.52K,Process Industries,Textiles,23.0,3.0,12.0,47.0,17.3071,16.8714,58.72K,37.45K,848.8,433.35,23.64B,No,574.46,606.69,587.33,588.86,572.36,498
2797,DCAL.NS,163.16,167.25,903.13K,Health Technology,Pharmaceuticals: Major,23.0,7.0,35.0,28.0,6.4429,6.4429,376.76K,243.88K,321.95,128.5,25.58B,No,173.12,183.33,193.74,179.88,176.82,498
2798,POEL.NS,139.45,140.83,34.56K,Process Industries,Chemicals: Specialty,23.0,,,,6.4364,6.3493,29.91K,30.14K,168.97,138.55,4.30B,No,149.83,,,,,20
2799,DELTAMAGNT.NS,55.65,55.87,2.74K,Producer Manufacturing,Metal Fabrication,23.0,39.0,37.0,36.0,3.0557,3.0143,9.12K,3.02K,92.5,45.51,603.86M,No,57.5,58.13,61.47,57.4,58.67,496
2800,SUDAI.BO,45.18,44.61,1.34K,Non-Energy Minerals,Aluminum,23.0,97.0,74.0,30.0,2.4886,2.1029,5.97K,3.68K,109.7,28.25,378.06M,No,42.0,36.56,50.15,37.66,44.48,495
2801,VAMSHIRU.BO,38.3,39.0,1.71K,Producer Manufacturing,Miscellaneous Manufacturing,23.0,23.0,33.0,27.0,1.7171,1.635,2.38K,1.36K,63.9,36.0,161.12M,No,39.74,40.53,43.28,40.15,41.62,495
2802,RUDRAECO.BO,20.28,20.78,31.55K,Process Industries,Textiles,23.0,89.0,33.0,44.0,1.4486,1.3886,114.25K,109.31K,37.58,13.96,2.42B,No,21.27,19.34,21.35,19.74,20.02,495
2803,IEX.NS,112.0,113.88,5437.29K,Finance,Investment Banks/Brokers,23.0,17.0,30.0,22.0,2.2729,2.2171,5025.44K,4335.52K,160.27,111.82,99.60B,No,119.93,123.01,127.39,122.14,123.71,499
2804,HINDPETRO.NS,345.3,352.0,2493.03K,Energy Minerals,Oil Refining/Marketing,23.0,27.0,19.0,20.0,8.3607,8.0786,5831.31K,4465.18K,508.45,316.2,734.74B,No,361.15,379.89,402.96,371.88,377.36,499
2805,VINAYAKPOL.BO,21.0,21.0,0.01K,Process Industries,Containers/Packaging,23.0,24.0,50.0,39.0,0.3807,0.1264,0.11K,0.02K,37.38,19.16,64.71M,No,22.29,22.66,24.18,22.41,22.76,496
2806,RAJOOENG.NS,53.96,55.19,169.32K,Producer Manufacturing,Industrial Machinery,23.0,76.0,50.0,20.0,2.6686,2.6386,234.69K,315.54K,101.99,46.0,9.64B,No,51.24,51.47,58.68,52.02,55.68,326
2807,ABHICAP.BO,107.95,103.85,0.00K,Finance,Finance/Rental/Leasing,23.0,77.0,35.0,13.0,8.0643,6.6036,0.88K,0.08K,156.4,91.0,747.51M,No,105.27,106.67,115.33,105.56,112.18,497
2808,JIOFIN.NS,225.6,229.9,13249.99K,Finance,Financial Conglomerates,23.0,13.0,38.0,32.0,4.4264,3.9536,15865.94K,13040.51K,321.6,223.3,1489.67B,No,238.54,242.74,253.61,241.74,240.85,498
2809,TIINDIA.NS,2525.0,2606.1001,195.40K,Non-Energy Minerals,Steel,23.0,22.0,7.0,32.0,66.7571,61.8571,326.38K,214.66K,3419.9,2164.9,488.77B,No,2780.59,2818.7,2757.24,2746.9,2837.45,498
2810,SHUBHAM.BO,39.39,39.16,0.11K,Process Industries,Textiles,23.0,82.0,48.0,4.0,2.4193,2.2314,8.83K,11.60K,79.0,34.1,477.49M,No,38.75,38.84,53.44,38.63,50.03,495
2811,UNITEDINT.BO,65.0,64.0,0.01K,Technology Services,Information Technology Services,23.0,41.0,25.0,36.0,3.3193,3.0107,0.24K,0.18K,97.88,62.0,119.02M,No,67.04,67.56,71.91,66.98,70.17,495
2812,INTERARCH.NS,1684.3,1728.2,49.34K,Producer Manufacturing,Building Products,23.0,48.0,28.0,23.0,49.2572,48.9,51.78K,50.18K,2762.6,1600.0,28.32B,No,1706.58,1763.47,1934.86,1745.65,1820.24,497
2813,INTEGRAEN.BO,168.05,173.8,8.65K,Producer Manufacturing,Industrial Machinery,23.0,81.0,4.0,57.0,10.0036,9.7,13.84K,18.16K,270.0,118.0,5.79B,No,167.67,171.62,180.47,167.27,181.37,495
2814,SHREDIGCEM.NS,65.87,68.49,130.68K,Non-Energy Minerals,Construction Materials,23.0,24.0,22.0,42.0,3.6886,3.5,99.02K,131.37K,97.15,53.9,9.74B,No,72.39,72.95,75.07,72.56,71.29,498
2815,MARUTI.NS,12231.0,12400.0,286.09K,Consumer Durables,Motor Vehicles,23.0,13.0,26.0,21.0,246.2143,237.6429,444.54K,481.79K,17370.0,12201.0,3845.46B,No,13126.3,13568.78,14182.59,13361.6,13373.5,499
2816,MIL.BO,25.98,25.5,0.96K,Finance,Financial Conglomerates,23.0,30.0,56.0,9.0,2.1714,2.1714,5.45K,2.75K,43.0,20.61,259.80M,No,26.86,26.93,29.43,26.9,27.11,495
2817,MURUDCERA.NS,29.0,29.78,11.48K,Producer Manufacturing,Building Products,23.0,39.0,33.0,27.0,1.3036,1.3036,22.63K,18.80K,46.0,25.16,1.76B,No,30.14,30.62,32.22,30.3,31.22,498
2818,NIRAJ.NS,27.58,27.22,19.21K,Industrial Services,Engineering & Construction,23.0,33.0,32.0,40.0,1.3271,1.3243,40.94K,26.76K,49.69,20.15,1.65B,No,28.47,28.86,30.72,28.52,28.63,497
2819,GHCL.NS,423.15,421.15,100.75K,Process Industries,Textiles,23.0,54.0,40.0,24.0,7.6071,7.3536,170.56K,122.87K,667.2,416.6,38.79B,No,435.56,435.05,482.54,433.79,450.75,498
2820,PFC.NS,344.0,353.45,7486.39K,Finance,Finance/Rental/Leasing,23.0,23.0,9.0,13.0,8.3857,7.7107,7337.56K,9353.29K,486.5,329.9,1135.23B,No,355.95,386.45,401.89,380.52,412.53,499
2821,SBICARD.NS,618.6,655.2,1750.65K,Finance,Finance/Rental/Leasing,23.0,47.0,58.0,17.0,20.85,20.1286,2131.83K,4739.58K,965.0,565.45,588.69B,No,646.6,642.04,703.6,644.77,649.7,498
2822,BANG.NS,32.29,35.12,53.16K,Consumer Non-Durables,Apparel/Footwear,23.0,79.0,62.0,19.0,2.3521,2.3421,112.94K,92.97K,62.07,25.84,437.85M,No,32.87,30.74,38.04,31.1,33.88,497
2823,AUTOPINS.BO,155.5,148.1,0.12K,Producer Manufacturing,Metal Fabrication,23.0,94.0,4.0,34.0,6.5286,4.2786,0.17K,0.09K,270.1,105.3,887.45M,No,124.56,147.06,162.34,139.19,170.06,495
2824,SGFRL.BO,88.25,85.02,15.00K,Industrial Services,Engineering & Construction,23.0,6.0,37.0,11.0,4.5957,3.0221,7.52K,3.38K,146.9,83.2,2.19B,No,93.35,95.76,107.56,95.82,101.73,497
2825,ROLCOEN.BO,524.75,524.75,0.15K,Producer Manufacturing,Metal Fabrication,23.0,34.0,49.0,10.0,10.6214,2.0214,0.07K,0.19K,914.3,476.0,396.71M,No,523.46,534.13,601.03,530.69,589.68,496
2826,KRSNAA.NS,541.65,550.05,38.94K,Health Services,Medical/Nursing Services,23.0,50.0,54.0,21.0,14.6607,14.1571,65.25K,47.92K,894.4,515.0,17.57B,No,555.11,552.45,614.02,552.58,568.0,498
2827,CHEMFAB.NS,372.15,379.35,2.15K,Process Industries,Chemicals: Specialty,22.0,57.0,44.0,46.0,19.9357,19.8357,3.59K,5.36K,703.0,290.35,5.35B,No,365.78,369.86,396.04,369.7,380.4,496
2828,LFIC.NS,136.64,139.35,32.51K,Finance,Financial Conglomerates,22.0,50.0,35.0,45.0,9.0107,8.9064,4.85K,21.50K,224.85,111.0,409.92M,No,138.37,140.34,145.1,139.51,138.73,497
2829,CROWN.NS,106.83,112.55,7.62K,Finance,Finance/Rental/Leasing,22.0,54.0,41.0,18.0,4.96,4.765,11.69K,21.32K,179.75,100.11,1.24B,No,108.28,111.09,121.13,110.16,116.76,496
2830,PSB.NS,22.38,22.73,652.67K,Finance,Major Banks,22.0,38.0,37.0,23.0,0.4357,0.4286,1510.60K,1164.57K,32.46,20.5,158.80B,No,23.02,23.67,25.12,23.4,23.99,499
2831,UPL.NS,560.8,572.95,1588.81K,Process Industries,Chemicals: Agricultural,22.0,59.0,31.0,20.0,10.9,10.7893,2216.96K,2190.11K,812.2,557.95,474.04B,No,573.7,585.06,653.9,581.52,609.72,499
2832,GRINFRA.NS,838.15,855.8,11.36K,Industrial Services,Engineering & Construction,22.0,42.0,39.0,21.0,24.5036,24.2286,31.53K,17.63K,1345.0,785.0,81.10B,No,874.03,883.54,925.76,871.32,891.44,498
2833,VIVIANA.NS,710.9,752.15,22.03K,Industrial Services,Engineering & Construction,22.0,65.0,15.0,56.0,37.1714,36.2036,20.94K,22.95K,1860.0,565.0,7.14B,No,733.04,734.15,757.52,725.15,758.07,496
2834,TARIL.NS,277.95,288.5,1167.20K,Producer Manufacturing,Electrical Products,22.0,31.0,19.0,30.0,8.8679,8.3429,3012.08K,1963.06K,552.0,224.05,83.43B,No,298.52,305.59,297.33,298.94,307.6,499
2835,SARTHAKIND.BO,25.0,25.8,0.10K,Producer Manufacturing,Industrial Machinery,22.0,34.0,50.0,14.0,0.7564,0.6579,0.53K,1.36K,43.9,21.2,232.30M,No,25.66,25.66,28.18,25.54,26.31,495
2836,KNRCON.NS,121.22,125.66,956.68K,Industrial Services,Engineering & Construction,22.0,24.0,39.0,31.0,4.8757,4.8557,1382.69K,1893.17K,220.0,108.65,34.09B,No,123.45,126.1,133.26,126.12,126.17,499
2837,BELLACASA.NS,252.67,256.52,8.52K,Consumer Durables,Home Furnishings,22.0,86.0,64.0,36.0,13.9686,13.9321,13.84K,12.78K,497.35,214.68,3.38B,No,239.85,241.73,281.89,241.54,250.77,289
2838,GSAUTO.BO,20.65,21.73,14.00K,Producer Manufacturing,Auto Parts: Oem,22.0,95.0,81.0,3.0,2.1557,1.9829,32.42K,61.10K,39.7,12.66,899.18M,No,18.17,16.08,25.44,17.32,22.63,495
2839,TEAMLEASE.NS,1229.6,1241.4,14.43K,Commercial Services,Personnel Services,22.0,53.0,22.0,53.0,35.3857,35.0071,34.04K,21.30K,1944.3,1065.2,18.79B,No,1251.56,1291.95,1359.83,1272.53,1284.52,497
2840,NILACHAL.BO,34.34,37.0,1.03K,Non-Energy Minerals,Construction Materials,22.0,12.0,10.0,37.0,2.5579,2.0621,0.56K,1.14K,56.92,28.88,699.21M,No,37.99,38.91,39.41,38.45,40.6,495
2841,RUPA.NS,133.49,137.48,98.19K,Consumer Non-Durables,Apparel/Footwear,22.0,10.0,21.0,41.0,3.575,3.3486,216.99K,85.99K,212.84,109.21,10.62B,No,146.33,156.88,151.79,152.38,148.04,497
2842,VISVEN.BO,40.2,40.0,0.04K,Commercial Services,Miscellaneous Commercial Services,22.0,33.0,54.0,9.0,2.77,2.3379,1.82K,0.70K,77.58,33.15,125.35M,No,42.53,40.95,46.78,41.33,41.76,495
2843,TIPSFILMS.NS,319.4,327.5,3.35K,Consumer Services,Movies/Entertainment,22.0,13.0,26.0,30.0,11.0,11.0,17.70K,2.12K,479.25,276.75,1.38B,No,337.13,348.53,365.27,351.33,350.1,496
2844,RIIL.NS,697.25,710.75,36.91K,Industrial Services,Oil & Gas Pipelines,22.0,33.0,12.0,39.0,16.0714,15.6786,117.18K,44.05K,964.0,617.35,10.53B,No,743.75,753.1,760.73,745.99,750.52,499
2845,BRAHMINFRA.NS,151.6,157.35,7.77K,Industrial Services,Engineering & Construction,22.0,,,,6.9464,6.6314,19.42K,15.73K,184.0,148.8,,No,160.71,,,,,20
2846,SOBHA.NS,1192.7,1216.8,110.75K,Finance,Real Estate Development,22.0,17.0,18.0,17.0,34.4786,33.6071,170.07K,91.66K,1732.0,1130.0,127.56B,No,1260.99,1344.64,1393.16,1310.18,1345.22,498
2847,AMJLAND.NS,37.21,38.56,20.54K,Finance,Real Estate Development,22.0,42.0,48.0,28.0,1.415,1.4121,11.36K,8.73K,57.8,30.3,1.53B,No,38.75,38.48,41.45,38.58,38.77,496
2848,FABTECH.NS,146.3,147.02,95.27K,Health Technology,Biotechnology,22.0,57.0,34.0,33.0,4.085,4.085,219.72K,82.40K,262.8,132.7,6.50B,No,147.29,149.94,164.27,148.72,151.87,235
2849,DOLATALGO.NS,68.25,69.32,126.10K,Finance,Investment Banks/Brokers,22.0,49.0,26.0,22.0,2.1507,2.1429,136.43K,129.76K,95.76,64.96,12.01B,No,72.05,70.67,76.13,70.48,73.36,497
2850,FRACTAL.NS,748.1,764.45,404.19K,Technology Services,Packaged Software,22.0,17.0,5.0,18.0,22.1714,21.775,372.41K,333.66K,1118.0,733.7,128.65B,No,816.77,823.63,,814.68,867.47,146
2851,KTIL.BO,62.6,62.8,0.62K,Distribution Services,Wholesale Distributors,22.0,78.0,54.0,34.0,2.545,2.4386,1.93K,2.70K,107.0,53.6,684.00M,No,60.54,61.12,67.84,61.09,63.34,495
2852,SEMAC.NS,269.0,273.05,0.70K,Producer Manufacturing,Trucks/Construction/Farm Machinery,22.0,7.0,7.0,70.0,10.3107,9.5821,0.59K,1.19K,544.85,205.0,838.56M,No,287.53,305.46,294.78,297.7,295.82,496
2853,IVALUE.NS,225.7,223.35,112.18K,Technology Services,Information Technology Services,22.0,3.0,20.0,35.0,11.49,11.48,546.15K,153.09K,340.0,207.35,12.33B,No,253.1,273.26,256.72,264.54,253.55,242
2854,NKIND.NS,55.52,55.43,1.14K,Process Industries,Agricultural Commodities/Milling,22.0,23.0,20.0,14.0,4.9293,4.7093,6.73K,1.42K,87.78,49.66,333.67M,No,58.76,60.32,63.87,59.33,62.93,497
2855,BBTC.NS,1416.4,1423.5,34.86K,Consumer Non-Durables,Food: Major Diversified,22.0,45.0,35.0,23.0,47.75,44.3643,277.47K,82.13K,2135.0,1314.6,98.82B,No,1471.33,1487.97,1606.11,1474.85,1507.6,498
2856,GEMAROMA.NS,158.08,160.87,100.20K,Process Industries,Chemicals: Major Diversified,22.0,37.0,14.0,14.0,6.2314,6.185,448.23K,79.36K,284.75,133.0,8.26B,No,167.45,178.71,170.6,173.33,171.98,263
2857,BANKBARODA.NS,232.7,238.13,7379.44K,Finance,Major Banks,22.0,33.0,16.0,10.0,4.3379,4.1686,10130.47K,9091.96K,325.5,232.44,1203.38B,No,240.07,244.04,273.29,243.35,262.56,499
2858,SUNTV.NS,464.25,476.0,323.10K,Consumer Services,Broadcasting,22.0,41.0,26.0,10.0,13.3964,12.4643,388.73K,703.76K,660.7,447.7,182.95B,No,468.35,484.63,543.16,482.33,534.44,498
2859,BLUESTARCO.NS,1483.0,1558.0,509.05K,Producer Manufacturing,Industrial Machinery,22.0,53.0,32.0,9.0,46.9214,45.8286,494.78K,692.35K,2032.9,1432.3,304.89B,No,1491.99,1578.26,1712.75,1554.42,1654.93,498
2860,JKCEMENT.NS,4712.0,4843.5,24.67K,Non-Energy Minerals,Construction Materials,22.0,12.0,30.0,27.0,122.8929,119.5357,62.86K,49.41K,7000.0,4671.5,364.09B,No,5118.27,5333.34,5445.98,5222.75,5308.23,498
2861,LAXMIDENTL.NS,197.46,202.84,65.62K,Health Services,Medical/Nursing Services,22.0,51.0,20.0,49.0,5.8864,5.8529,111.63K,78.37K,377.05,155.88,10.87B,No,197.59,208.73,215.17,206.59,205.28,413
2862,HAWAENG.BO,75.2,77.2,0.03K,Producer Manufacturing,Industrial Machinery,22.0,22.0,21.0,29.0,4.3536,3.465,0.56K,0.22K,129.95,63.4,265.19M,No,78.21,80.21,85.16,79.46,81.03,495
2863,DAMCAPITAL.NS,138.93,142.43,215.66K,Finance,Regional Banks,22.0,42.0,31.0,45.0,3.9821,3.9821,398.94K,205.56K,286.0,119.22,9.82B,No,145.07,151.02,162.91,149.05,148.3,429
2864,SAMINDUS.BO,40.75,39.88,0.21K,Finance,Real Estate Development,22.0,49.0,35.0,45.0,2.4557,2.1407,0.45K,0.29K,67.9,34.55,451.86M,No,39.52,40.48,43.62,40.24,41.77,496
2865,SNOWMAN.NS,35.03,35.91,188.14K,Commercial Services,Miscellaneous Commercial Services,21.0,24.0,29.0,34.0,1.0229,1.0221,201.16K,98.49K,59.3,30.5,5.86B,No,37.02,37.33,38.59,37.26,37.73,498
2866,TRACXN.NS,31.21,31.9,476.09K,Technology Services,Internet Software/Services,21.0,76.0,47.0,28.0,1.1043,1.0964,153.96K,299.59K,55.9,25.39,3.34B,No,29.6,29.83,33.37,30.07,31.29,498
2867,RELAXO.NS,317.15,324.95,109.70K,Consumer Non-Durables,Apparel/Footwear,21.0,1.0,34.0,45.0,11.8393,11.6107,1686.24K,182.98K,503.95,236.5,78.95B,No,355.33,385.21,356.33,378.68,340.39,497
2868,VSFPROJ.BO,32.8,33.62,0.07K,Industrial Services,Engineering & Construction,21.0,67.0,31.0,15.0,2.7907,2.6786,0.99K,3.18K,52.99,28.25,539.29M,No,31.56,33.65,37.28,33.56,34.99,495
2869,SJVN.NS,64.58,66.18,1708.20K,Utilities,Electric Utilities,21.0,45.0,23.0,26.0,1.3714,1.3157,2040.88K,2364.37K,95.55,63.02,253.79B,No,65.65,67.63,72.51,66.74,71.06,498
2870,ABCINDQ.BO,60.06,62.48,1.30K,Transportation,Air Freight/Couriers,21.0,23.0,25.0,25.0,2.3607,2.2357,1.76K,1.60K,90.0,51.5,325.36M,No,63.88,64.47,66.79,63.91,63.89,495
2871,HPCOTTON.BO,89.65,94.65,4.38K,Process Industries,Textiles,21.0,14.0,14.0,17.0,4.9536,4.6607,0.94K,2.63K,132.0,88.2,351.61M,No,99.47,101.24,105.17,99.85,103.43,495
2872,NATIONSTD.NS,114.25,110.11,45.17K,Finance,Real Estate Development,21.0,,,,6.6729,6.5536,98.12K,41.63K,148.1,98.27,2.28B,No,113.59,,,,,20
2873,INDTERRAIN.NS,28.01,28.85,30.33K,Consumer Non-Durables,Apparel/Footwear,21.0,11.0,17.0,29.0,1.0036,0.9807,35.10K,15.23K,42.62,24.56,1.42B,No,30.04,30.42,32.12,29.77,30.8,496
2874,CIEINDIA.NS,375.0,379.65,207.60K,Producer Manufacturing,Auto Parts: Oem,21.0,26.0,9.0,11.0,7.1536,7.0964,414.87K,231.25K,526.0,368.0,142.26B,No,392.35,418.42,438.43,404.53,443.23,496
2875,BDL.NS,1135.0,1190.0,1293.16K,Electronic Technology,Aerospace & Defense,21.0,4.0,37.0,12.0,37.7786,37.3214,1457.21K,1071.10K,1654.0,1086.0,416.05B,No,1290.77,1292.88,1338.58,1268.79,1295.28,498
2876,INDRAMEDCO.NS,354.55,355.0,259.21K,Health Services,Hospital/Nursing Management,21.0,41.0,32.0,19.0,8.1786,7.8536,298.41K,196.93K,640.85,342.0,32.50B,No,363.76,369.26,399.54,365.28,384.76,498
2877,NCC.NS,137.33,140.94,1413.03K,Consumer Durables,Homebuilding,21.0,51.0,27.0,23.0,4.7757,4.65,2167.25K,2169.65K,222.31,130.0,86.22B,No,145.57,143.51,150.71,142.99,148.63,499
2878,SHREECEM.NS,21905.0,22570.0,12.17K,Non-Energy Minerals,Construction Materials,21.0,12.0,23.0,24.0,540.0,518.9286,24.48K,15.79K,30285.0,21905.0,790.35B,No,23716.0,25305.0,25471.4,24672.5,24756.5,499
2879,IGL.NS,150.03,151.98,1068.97K,Utilities,Gas Distributors,21.0,57.0,23.0,31.0,3.3186,2.7786,2186.63K,2037.73K,223.5,141.74,210.04B,No,150.47,151.67,165.68,151.36,157.29,498
2880,ZOTA.NS,1113.1,1087.2,53.20K,Health Technology,Pharmaceuticals: Major,21.0,17.0,25.0,30.0,37.2357,35.9143,74.35K,50.88K,1740.0,1022.0,33.76B,No,1090.45,1220.7,1296.64,1179.62,1223.55,497
2881,GAGAN.BO,20.05,21.19,6.29K,Process Industries,Industrial Specialties,21.0,70.0,36.0,31.0,1.375,1.3114,3.78K,4.34K,37.69,11.9,90.60M,No,19.98,19.96,20.93,20.01,20.22,495
2882,JITFINFRA.NS,279.35,290.35,27.84K,Transportation,Trucking,21.0,5.0,35.0,13.0,11.3036,11.1714,38.33K,18.58K,433.15,222.35,7.18B,No,307.98,330.28,309.91,322.02,317.39,497
2883,POONADAL.BO,58.89,57.83,0.75K,Process Industries,Agricultural Commodities/Milling,21.0,33.0,37.0,23.0,3.0071,2.4629,0.74K,2.31K,93.2,56.21,336.14M,No,61.08,62.15,64.8,61.77,64.1,495
2884,CHENFERRO.BO,80.27,83.0,0.71K,Non-Energy Minerals,Steel,21.0,67.0,30.0,44.0,5.22,4.9379,1.21K,1.09K,144.5,57.0,289.33M,No,76.66,79.9,90.24,78.46,84.21,495
2885,SDL.BO,27.78,28.15,0.30K,Health Technology,Medical Specialties,21.0,11.0,3.0,10.0,1.58,0.9607,1.28K,0.41K,51.49,21.76,201.77M,No,30.13,33.01,34.85,31.78,35.18,497
2886,DCXINDIA.NS,161.62,166.63,430.22K,Producer Manufacturing,Electrical Products,21.0,38.0,21.0,14.0,5.5079,5.135,750.12K,398.46K,284.9,153.3,18.00B,No,172.55,180.25,183.44,175.34,184.92,498
2887,GICHSGFIN.NS,134.89,136.84,50.72K,Finance,Finance/Rental/Leasing,21.0,42.0,15.0,23.0,3.77,3.7657,125.75K,98.00K,184.0,130.05,7.26B,No,139.34,144.97,154.39,143.08,148.16,498
2888,GOWRALE.BO,84.17,88.55,0.99K,Finance,Investment Banks/Brokers,21.0,14.0,58.0,38.0,4.4686,4.235,10.84K,1.09K,150.99,70.55,652.14M,No,90.05,94.45,93.58,93.08,90.21,495
2889,ENIL.NS,100.4,101.24,9.59K,Consumer Services,Broadcasting,21.0,59.0,30.0,31.0,4.2607,4.1164,39.66K,34.44K,166.45,98.57,4.79B,No,101.83,104.37,110.2,103.59,107.78,497
2890,SWADPOL.BO,36.0,36.89,0.74K,Process Industries,Textiles,21.0,56.0,50.0,39.0,2.1964,2.1214,4.05K,5.25K,65.99,27.0,1.40B,No,36.65,36.84,38.99,36.95,35.99,495
2891,SSTL.BO,22.1,23.1,15.00K,Distribution Services,Wholesale Distributors,21.0,81.0,32.0,64.0,1.4471,1.1186,14.05K,36.50K,39.81,15.45,552.00M,No,21.42,20.26,22.01,20.41,20.48,495
2892,MEIL.NS,276.55,282.1,57.16K,Electronic Technology,Electronic Components,21.0,65.0,24.0,59.0,11.9321,11.5393,52.43K,51.28K,547.9,206.26,7.64B,No,280.22,285.3,299.53,281.79,283.25,262
2893,PARKHOTELS.NS,106.83,110.77,150.82K,Consumer Services,Hotels/Resorts/Cruise Lines,21.0,21.0,26.0,24.0,3.37,3.37,154.80K,117.47K,163.9,95.1,22.79B,No,113.25,119.48,122.09,116.6,117.59,499
2894,CESC.NS,141.7,145.37,1719.63K,Utilities,Electric Utilities,21.0,8.0,14.0,25.0,3.9929,3.89,1518.06K,2089.83K,204.5,138.12,187.83B,No,151.75,159.21,164.32,156.24,164.31,498
2895,DCW.NS,44.72,46.63,961.21K,Process Industries,Chemicals: Specialty,21.0,65.0,35.0,41.0,2.06,2.0336,1398.65K,2478.39K,76.35,37.11,13.20B,No,45.87,46.37,48.51,45.77,45.81,499
2896,CENTRUM.NS,21.65,22.34,128.17K,Finance,Investment Managers,21.0,12.0,50.0,40.0,0.8093,0.8093,899.51K,243.28K,38.5,19.66,10.27B,No,22.96,23.8,24.94,23.53,24.15,498
2897,KANSAINER.NS,183.03,188.6,138.52K,Process Industries,Industrial Specialties,21.0,11.0,16.0,36.0,4.2664,4.0864,310.45K,403.72K,264.0,157.91,148.03B,No,196.61,200.76,208.37,197.58,199.97,496
2898,MSUMI.NS,35.06,36.3,10784.04K,Producer Manufacturing,Auto Parts: Oem,21.0,10.0,33.0,16.0,0.8436,0.83,13847.55K,8090.91K,53.59,34.76,232.51B,No,37.52,39.36,41.25,38.66,39.29,498
2899,GANGESSECU.NS,113.52,115.11,0.35K,Consumer Non-Durables,Food: Specialty/Candy,21.0,52.0,32.0,31.0,4.11,3.7957,2.29K,2.64K,178.15,103.31,1.14B,No,118.83,117.91,124.55,116.87,119.69,496
2900,PFIZER.NS,4041.6,4060.2,36.12K,Health Technology,Pharmaceuticals: Major,21.0,3.0,26.0,14.0,106.7857,103.9642,47.52K,81.09K,5578.5,4026.2,184.89B,No,4612.13,4691.64,4761.26,4616.33,4687.55,497
2901,WILLAMAGOR.NS,24.46,24.18,0.89K,Finance,Financial Conglomerates,20.0,36.0,28.0,30.0,1.64,1.6143,2.54K,3.85K,37.5,21.11,267.99M,No,24.45,25.33,27.23,25.13,26.16,496
2902,GUJARATPOLY.BO,61.6,62.67,2.57K,Electronic Technology,Electronic Components,20.0,41.0,29.0,52.0,3.6071,3.4686,5.63K,2.58K,100.6,43.0,526.68M,No,65.36,68.98,64.44,67.71,63.85,495
2903,KAYCEEI.BO,794.55,797.75,0.24K,Producer Manufacturing,Electrical Products,20.0,31.0,26.0,43.0,31.8857,31.7857,0.88K,0.76K,1284.0,632.3,2.52B,No,820.55,870.41,862.4,859.3,859.6,495
2904,ACME.BO,28.17,28.21,1.14K,Finance,Finance/Rental/Leasing,20.0,51.0,38.0,33.0,1.5129,1.4886,1.44K,1.50K,42.16,26.8,725.21M,No,28.87,29.44,32.11,29.16,30.25,495
2905,CSLFINANCE.NS,215.37,220.98,78.17K,Finance,Investment Banks/Brokers,20.0,57.0,38.0,18.0,10.3207,9.2157,39.74K,83.09K,324.7,209.7,4.84B,No,231.77,223.35,247.77,222.36,230.35,496
2906,AEL.BO,115.8,117.4,6.28K,Producer Manufacturing,Metal Fabrication,20.0,74.0,63.0,32.0,5.1571,5.0107,8.15K,11.24K,178.0,94.0,1.47B,No,111.76,112.34,130.73,112.78,119.34,495
2907,CLARA.BO,32.0,33.0,4.15K,Process Industries,Containers/Packaging,20.0,77.0,30.0,10.0,1.0986,0.5721,4.54K,3.32K,44.57,27.0,821.53M,No,33.19,33.55,37.28,33.23,36.16,496
2908,USHAKIRA.BO,31.53,31.53,0.00K,Finance,Investment Banks/Brokers,20.0,90.0,48.0,2.0,0.4807,0.2636,0.43K,0.55K,60.5,25.37,80.23M,No,30.72,30.74,42.45,30.91,40.78,497
2909,EIKO.BO,44.26,45.63,10.20K,Process Industries,Chemicals: Specialty,20.0,15.0,23.0,16.0,1.8421,1.7886,10.08K,9.83K,64.44,43.0,654.63M,No,46.93,48.41,50.79,47.4,49.66,495
2910,CROMPTON.NS,226.15,231.0,1491.73K,Producer Manufacturing,Industrial Machinery,20.0,23.0,17.0,26.0,6.1786,6.155,3415.59K,2989.95K,319.0,217.4,145.62B,No,237.23,249.54,256.74,243.96,256.73,498
2911,INSECTICID.NS,594.8,609.7,10.80K,Process Industries,Chemicals: Agricultural,20.0,39.0,14.0,40.0,23.4464,23.0464,28.86K,29.55K,789.45,518.6,17.31B,No,603.9,626.91,658.27,622.08,652.31,497
2912,CAPILLARY.NS,472.2,461.95,428.71K,Technology Services,Packaged Software,20.0,11.0,40.0,23.0,16.3643,16.1607,624.23K,175.16K,798.95,438.15,37.53B,No,489.54,504.32,550.73,499.18,514.93,205
2913,AFFORDABLE.NS,158.93,159.88,16.70K,Producer Manufacturing,Industrial Machinery,20.0,10.0,33.0,28.0,7.0093,6.9379,18.43K,19.75K,297.0,119.71,1.88B,No,162.75,176.52,180.53,175.22,170.45,470
2914,MARCLOIRE.BO,39.71,41.8,9.60K,Retail Trade,Apparel/Footwear Retail,20.0,90.0,60.0,1.0,1.5171,0.5186,1.60K,3.12K,83.0,32.0,281.94M,No,37.89,37.31,44.32,37.22,44.15,297
2915,PRAKASH.NS,119.49,123.14,716.89K,Non-Energy Minerals,Steel,20.0,9.0,8.0,30.0,3.6807,3.6414,481.81K,370.17K,177.0,110.24,21.40B,No,126.99,126.61,133.33,126.45,133.03,499
2916,ISGEC.NS,773.85,795.95,33.85K,Industrial Services,Engineering & Construction,20.0,72.0,14.0,12.0,24.6286,24.4643,54.07K,48.34K,1113.9,683.95,56.90B,No,777.02,822.82,885.16,802.56,909.01,497
2917,HINDUNILVR.NS,1938.1,1927.0,1714.73K,Consumer Non-Durables,Household/Personal Care,20.0,29.0,27.0,20.0,29.4214,27.0357,1596.69K,1386.26K,2667.2,1926.2,4553.74B,No,1992.67,2068.76,2214.63,2042.7,2142.51,498
2918,GUJAPOLLO.NS,340.85,348.1,126.27K,Producer Manufacturing,Trucks/Construction/Farm Machinery,20.0,54.0,30.0,16.0,14.3214,13.65,9.99K,10.47K,512.0,300.5,4.42B,No,347.59,351.7,391.32,351.62,382.37,496
2919,DSFCL.NS,24.54,24.73,91.37K,Process Industries,Chemicals: Major Diversified,20.0,49.0,62.0,28.0,0.8636,0.8629,55.41K,49.14K,52.5,17.28,2.13B,No,26.37,25.83,,25.83,25.13,145
2920,THREEMPAPE.BO,24.99,24.99,4.00K,Process Industries,Pulp & Paper,20.0,69.0,42.0,15.0,0.5386,0.4886,4.73K,3.11K,42.6,18.27,480.74M,No,24.43,24.79,28.0,24.58,25.24,497
2921,CITIZEN.BO,199.65,203.8,0.55K,Commercial Services,Advertising/Marketing Services,20.0,0.0,14.0,8.0,11.1857,10.6857,1.59K,0.94K,318.45,182.1,2.80B,No,213.22,260.38,260.65,249.94,249.51,497
2922,RAGHUSYN.BO,90.55,90.31,0.61K,Process Industries,Textiles,20.0,31.0,23.0,16.0,4.0436,4.0236,2.41K,1.89K,130.0,89.0,3.51B,No,93.61,97.15,102.89,95.73,100.15,495
2923,CTLLAB.BO,35.1,35.1,1.20K,Health Services,Medical/Nursing Services,20.0,9.0,29.0,12.0,0.2571,0.0,0.61K,0.13K,47.15,28.55,80.11M,No,36.13,38.7,39.82,38.04,39.24,498
2924,VBL.NS,409.6,416.5,3116.08K,Consumer Non-Durables,Beverages: Non-Alcoholic,20.0,35.0,5.0,28.0,11.1107,10.8286,6742.43K,6624.38K,555.8,381.0,1385.47B,No,417.54,439.67,468.79,431.77,462.63,499
2925,INA.NS,86.93,92.98,1853.05K,Electronic Technology,Semiconductors,20.0,11.0,4.0,16.0,3.9714,3.7921,1620.79K,546.82K,161.81,79.75,19.16B,No,91.95,104.19,,100.88,,132
2926,EKC.NS,98.8,101.8,215.79K,Producer Manufacturing,Industrial Machinery,20.0,16.0,24.0,19.0,2.4579,2.4507,332.50K,122.47K,154.55,90.25,11.09B,No,107.24,109.95,113.21,107.89,111.17,498
2927,DHILLON.BO,32.0,33.25,3.20K,Transportation,Air Freight/Couriers,20.0,78.0,42.0,29.0,0.875,0.4357,3.91K,1.42K,57.6,27.0,125.44M,No,31.08,31.88,35.15,31.61,33.16,236
2928,SHRIRAMPPS.NS,70.41,71.83,287.95K,Finance,Real Estate Development,20.0,19.0,8.0,31.0,2.3114,2.2043,571.07K,531.49K,99.44,60.57,12.02B,No,75.78,81.93,81.89,79.18,81.15,498
2929,GAJA.NS,142.55,152.6,792.35K,Finance,Investment Managers,20.0,,,,,,7508.40K,2041.72K,191.65,141.2,,No,,,,,,14
2930,MCPL.BO,82.99,85.0,5.00K,Retail Trade,Home Improvement Chains,20.0,35.0,4.0,47.0,3.5743,1.5136,13.19K,2.60K,126.2,60.0,1.15B,No,90.21,89.57,87.2,88.35,84.42,497
2931,WSI.NS,59.92,61.92,72.06K,Producer Manufacturing,Electrical Products,20.0,72.0,21.0,18.0,2.8336,2.8336,57.91K,51.54K,95.0,53.8,4.55B,No,60.55,61.17,71.24,61.03,66.5,496
2932,ACTIVE.BO,102.85,105.6,7.50K,Consumer Non-Durables,Apparel/Footwear,20.0,53.0,7.0,53.0,5.6321,5.4964,6.31K,4.32K,156.0,86.0,1.60B,No,110.43,113.85,115.26,111.43,118.18,495
2933,PANAENERG.BO,253.6,262.85,1.16K,Producer Manufacturing,Electrical Products,20.0,51.0,24.0,19.0,6.9464,6.825,3.60K,2.05K,399.0,240.0,1.90B,No,261.01,257.45,289.69,256.26,276.75,495
2934,WAAREERTL.NS,806.55,831.95,213.83K,Utilities,Alternative Power Generation,20.0,19.0,14.0,34.0,18.3071,17.9321,188.20K,90.17K,1358.0,779.5,84.19B,No,860.5,913.37,935.38,889.61,928.36,358
2935,TRANSVOY.BO,90.0,90.0,0.80K,Transportation,Air Freight/Couriers,20.0,55.0,51.0,10.0,2.3814,1.6879,2.15K,2.16K,166.78,80.0,239.67M,No,90.58,96.46,103.88,95.9,100.05,495
2936,KSOLVES.NS,252.1,258.1,43.29K,Technology Services,Packaged Software,20.0,26.0,17.0,19.0,9.4286,9.1607,80.66K,33.92K,353.99,245.75,5.98B,No,269.6,279.38,287.44,274.0,285.61,498
2937,CHLLTD.BO,26.6,28.0,2.12K,Consumer Services,Hotels/Resorts/Cruise Lines,20.0,55.0,35.0,17.0,2.0557,1.8536,0.62K,0.43K,44.6,23.63,1.46B,No,27.97,27.76,30.68,27.81,29.58,495
2938,CITADEL.BO,38.0,39.49,0.02K,Finance,Real Estate Development,20.0,76.0,52.0,28.0,3.65,3.5486,2.57K,2.42K,73.4,31.23,342.00M,No,37.2,36.55,40.03,36.85,38.69,495
2939,ARTEFACT.BO,51.0,51.6,0.36K,Industrial Services,Engineering & Construction,19.0,46.0,26.0,11.0,2.1971,2.1971,4.56K,7.45K,74.0,49.7,371.02M,No,52.81,53.53,58.73,52.94,57.31,495
2940,IREDA.NS,109.0,111.71,3981.28K,Finance,Finance/Rental/Leasing,19.0,33.0,20.0,28.0,2.1943,1.8914,4659.06K,3481.35K,163.35,108.27,306.21B,No,114.47,118.21,126.09,116.41,122.36,499
2941,APLABPP.BO,54.9,53.98,1.84K,Electronic Technology,Electronic Equipment/Instruments,19.0,95.0,3.0,17.0,4.6186,4.5764,5.20K,1.00K,97.0,35.54,1.50B,No,55.88,55.56,63.33,53.53,63.86,294
2942,AEONXDIGI.BO,114.75,111.25,3.02K,Process Industries,Chemicals: Specialty,19.0,72.0,48.0,24.0,7.0536,7.0464,2.58K,3.00K,238.4,99.0,531.85M,No,111.63,115.95,134.18,114.4,122.11,495
2943,INSPIRISYS.NS,81.78,85.43,5.83K,Technology Services,Information Technology Services,19.0,15.0,4.0,46.0,5.3521,5.3521,5.21K,5.07K,133.9,69.92,3.24B,No,89.79,95.69,93.7,92.8,94.49,496
2944,HONDAPOWER.NS,1926.6,1953.0,3.00K,Producer Manufacturing,Electrical Products,19.0,24.0,22.0,24.0,48.0428,47.5857,4.03K,3.13K,2949.0,1816.6,19.54B,No,2030.16,2078.81,2177.71,2058.14,2130.98,496
2945,PNTKYOR.BO,33.0,34.0,0.08K,Process Industries,Chemicals: Specialty,19.0,61.0,16.0,45.0,2.0471,1.6793,0.55K,0.56K,57.0,28.49,207.00M,No,33.2,34.52,38.29,33.98,36.28,495
2946,QUESTCAP.BO,247.0,250.0,0.05K,Finance,Investment Banks/Brokers,19.0,33.0,26.0,29.0,6.3821,5.7607,0.96K,0.41K,355.0,222.0,2.47B,No,254.35,263.73,271.04,259.01,262.44,495
2947,JISLDVREQS.NS,20.67,20.76,2.48K,Producer Manufacturing,Trucks/Construction/Farm Machinery,19.0,53.0,21.0,22.0,1.1143,1.105,44.03K,79.80K,35.48,18.5,15.16B,No,21.2,21.77,23.61,21.59,22.59,498
2948,KANSHST.BO,43.71,45.54,3.97K,Non-Energy Minerals,Steel,19.0,14.0,10.0,12.0,3.33,3.2829,6.68K,14.26K,66.95,40.15,1.24B,No,45.91,49.4,53.37,48.04,51.96,495
2949,TCI.NS,845.4,858.85,17.35K,Transportation,Trucking,19.0,24.0,25.0,12.0,24.8036,24.8036,31.05K,21.21K,1242.0,833.6,64.95B,No,884.24,910.25,971.55,897.95,934.37,497
2950,FINPIPE.NS,151.33,153.45,428.01K,Producer Manufacturing,Miscellaneous Manufacturing,19.0,32.0,21.0,11.0,3.6229,3.5286,737.53K,461.25K,222.23,147.54,93.57B,No,158.53,162.53,171.67,159.88,169.23,496
2951,JYOTI.BO,60.4,59.53,61.71K,Producer Manufacturing,Electrical Products,19.0,90.0,44.0,40.0,3.38,3.26,33.61K,56.88K,102.8,48.5,1.39B,No,60.73,57.65,67.93,58.32,62.28,495
2952,GALLANTT.NS,534.65,546.4,75.01K,Non-Energy Minerals,Steel,19.0,31.0,8.0,39.0,17.8143,17.2357,125.05K,85.50K,948.0,496.25,129.00B,No,568.84,597.9,625.26,579.24,645.33,497
2953,MCLOUD.NS,25.58,25.67,1685.26K,Technology Services,Information Technology Services,19.0,17.0,24.0,52.0,0.8293,0.8279,8507.65K,1673.28K,87.0,19.4,15.07B,No,27.43,28.23,26.23,27.77,26.26,398
2954,SYSTMTXC.NS,70.99,72.53,14.59K,Finance,Investment Banks/Brokers,19.0,90.0,63.0,40.0,2.2764,1.455,11.86K,19.69K,177.9,51.89,9.71B,No,61.09,61.07,81.12,62.33,65.46,237
2955,SAFARI.NS,1532.1,1544.7,74.59K,Consumer Durables,Other Consumer Specialties,19.0,69.0,37.0,25.0,42.7286,42.7286,43.10K,36.35K,2507.1,1363.1,75.07B,No,1510.51,1547.52,1737.49,1534.78,1553.17,496
2956,PGCRL.BO,115.5,115.5,0.60K,Consumer Services,Hotels/Resorts/Cruise Lines,19.0,77.0,22.0,19.0,0.55,0.3571,8.35K,1.87K,183.65,82.1,309.21M,No,114.19,108.5,121.44,112.88,120.67,495
2957,HINDHARD.BO,743.95,739.45,0.39K,Electronic Technology,Electronic Equipment/Instruments,19.0,58.0,33.0,33.0,27.0393,26.6036,0.67K,0.90K,1329.8,657.05,1.11B,No,708.23,765.3,819.39,749.49,790.55,495
2958,SCOOBEEDAY.BO,65.25,65.25,0.37K,Consumer Non-Durables,Apparel/Footwear,19.0,32.0,26.0,21.0,2.3121,2.0157,0.97K,0.36K,92.95,61.11,1.10B,No,66.09,68.57,72.22,68.46,69.6,495
2959,VAML.NS,406.0,421.75,8428.97K,Non-Energy Minerals,Aluminum,19.0,23.0,,,13.3929,12.7071,11361.37K,7013.66K,537.0,403.9,1585.09B,No,439.74,446.26,,440.76,,66
2960,CRESCENTIS.BO,100.6,101.55,0.77K,Finance,Investment Banks/Brokers,19.0,23.0,16.0,21.0,5.6036,5.4643,4.18K,1.21K,144.7,95.35,1.71B,No,103.39,107.41,115.52,106.4,115.5,495
2961,TANAA.NS,263.6,266.95,15.97K,Electronic Technology,Aerospace & Defense,19.0,,,,13.4036,13.3643,14.63K,20.35K,322.0,238.0,,No,288.28,,,,,20
2962,LEHAR.BO,202.6,202.65,11.13K,Consumer Non-Durables,Apparel/Footwear,19.0,21.0,7.0,21.0,9.6964,9.2714,20.26K,23.47K,285.0,160.0,3.58B,No,205.58,226.77,229.94,222.61,227.54,495
2963,BLUECLOUDS.NS,19.19,19.13,1858.89K,Process Industries,Agricultural Commodities/Milling,19.0,,,,0.8143,0.8143,2209.03K,1200.63K,23.99,19.05,,No,20.63,,,,,20
2964,DFL.BO,39.22,39.22,0.02K,Finance,Financial Conglomerates,19.0,75.0,24.0,17.0,1.0114,0.5614,1.77K,0.71K,61.9,34.25,137.27M,No,39.74,38.64,44.93,38.65,42.54,495
2965,VESUVIUS.NS,400.8,413.05,58.27K,Non-Energy Minerals,Construction Materials,19.0,23.0,23.0,10.0,10.7714,10.6536,85.65K,69.26K,607.9,400.0,81.35B,No,422.73,443.02,471.45,433.65,463.35,497
2966,SRINACHA.BO,25.36,25.26,1.42K,Process Industries,Textiles,19.0,21.0,32.0,18.0,1.8079,1.465,0.54K,0.60K,39.94,24.0,109.05M,No,26.48,27.38,30.07,26.54,29.66,495
2967,SOMATEX.NS,81.62,84.52,4.17K,Process Industries,Textiles,19.0,19.0,13.0,10.0,4.6143,4.0614,16.21K,14.26K,161.25,62.15,2.77B,No,85.55,94.58,105.13,91.22,98.2,496
2968,SCHAND.NS,133.74,137.72,17.43K,Consumer Services,Publishing: Books/Magazines,19.0,46.0,25.0,20.0,4.0914,4.0707,30.32K,22.94K,200.0,130.05,4.72B,No,136.21,142.14,153.75,140.55,149.78,496
2969,MHEL.BO,55.0,55.0,2.25K,Producer Manufacturing,Trucks/Construction/Farm Machinery,19.0,6.0,11.0,18.0,0.6436,0.0036,0.34K,0.83K,84.8,47.3,214.70M,No,61.43,63.33,63.83,62.08,61.62,497
2970,SOLIMAC.BO,87.12,90.0,2.84K,Producer Manufacturing,Industrial Machinery,19.0,3.0,24.0,10.0,5.1507,4.6607,4.75K,3.75K,141.0,72.2,395.71M,No,92.96,95.77,99.68,95.11,95.91,495
2971,MEDICO.NS,35.68,37.05,162.74K,Health Technology,Pharmaceuticals: Major,19.0,1.0,15.0,17.0,2.5771,2.5743,347.05K,650.76K,56.88,30.22,2.96B,No,40.46,41.88,44.27,41.59,41.59,497
2972,BHASKAGR.BO,109.0,106.85,1.51K,Process Industries,Chemicals: Agricultural,19.0,54.0,9.0,9.0,7.0429,6.9321,1.87K,2.00K,199.9,92.0,567.85M,No,110.58,115.34,133.46,114.46,139.36,495
2973,ROSEMER.BO,57.47,53.41,12.49K,Producer Manufacturing,Industrial Machinery,19.0,33.0,26.0,16.0,4.9414,4.6664,6.60K,2.73K,91.0,52.0,453.21M,No,59.95,62.87,67.29,61.85,64.57,495
2974,YAASHVI.BO,75.03,82.83,153.60K,Consumer Durables,Other Consumer Specialties,19.0,59.0,7.0,,3.9157,3.6021,85.36K,85.12K,104.8,63.0,1.32B,No,82.75,78.65,,77.86,,75
2975,SHLOKKA.BO,25.0,23.5,10.80K,Process Industries,Chemicals: Specialty,19.0,61.0,60.0,34.0,1.0307,0.7364,17.12K,6.84K,90.0,21.1,535.21M,No,24.9,24.06,27.64,24.33,24.46,226
2976,WCIL.NS,91.45,87.51,455.00K,Transportation,Air Freight/Couriers,19.0,76.0,32.0,25.0,2.8286,2.8079,65.71K,107.55K,147.29,77.02,9.32B,No,85.58,88.92,101.96,88.45,94.87,493
2977,ASITCFIN.BO,103.0,105.0,2.26K,Finance,Investment Banks/Brokers,18.0,23.0,26.0,23.0,4.025,3.1464,1.00K,1.58K,164.0,92.0,849.34M,No,106.79,111.3,121.56,110.09,115.72,495
2978,CSM.NS,89.85,83.44,1300.65K,Technology Services,Information Technology Services,18.0,15.0,,,4.9971,4.9971,391.19K,432.51K,113.0,76.26,4.64B,No,95.54,98.89,,97.58,,53
2979,JUPITERIN.BO,41.38,39.41,14.79K,Technology Services,Packaged Software,18.0,12.0,4.0,12.0,2.6429,2.3836,23.95K,30.68K,81.55,30.1,414.63M,No,38.73,46.93,49.37,44.77,53.34,495
2980,AVANTIFEED.NS,771.95,798.6,282.66K,Process Industries,Agricultural Commodities/Milling,18.0,16.0,6.0,2.0,26.9429,26.2643,492.85K,360.55K,1593.8,631.65,105.17B,No,825.52,891.13,1049.57,871.28,1098.82,498
2981,GMRP&UI.NS,90.35,94.07,813.77K,Industrial Services,Engineering & Construction,18.0,22.0,17.0,14.0,3.6186,3.5421,1163.17K,2184.94K,136.95,86.8,70.56B,No,94.58,96.69,104.69,95.82,102.3,498
2982,PIGL.NS,99.54,102.1,104.40K,Industrial Services,Engineering & Construction,18.0,30.0,35.0,37.0,5.0236,4.8471,85.78K,73.08K,189.7,88.05,2.11B,No,101.92,106.53,111.93,104.59,107.15,498
2983,NIMBSPROJ.NS,170.0,165.25,1.55K,Finance,Real Estate Development,18.0,36.0,11.0,,8.7936,7.7514,27.39K,50.92K,231.23,141.04,3.28B,No,165.62,180.05,,176.21,,114
2984,DEFRAIL.BO,67.25,71.2,1.60K,Producer Manufacturing,Miscellaneous Manufacturing,18.0,45.0,27.0,8.0,2.4179,1.51,6.73K,8.16K,122.0,64.15,472.39M,No,70.37,70.14,,69.78,75.23,164
2985,MHLXMIRU.NS,156.39,157.24,5.36K,Process Industries,Industrial Specialties,18.0,5.0,33.0,31.0,6.5893,6.5079,88.08K,11.12K,244.65,105.53,1.66B,No,176.97,158.87,178.12,161.46,165.84,496
2986,ICRA.NS,4643.3,4728.8999,17.60K,Commercial Services,Financial Publishing/Services,18.0,16.0,27.0,15.0,143.6143,142.3143,35.94K,36.30K,6982.0,4600.2,44.69B,No,4890.15,5016.9,5474.18,4939.68,5191.84,496
2987,MAGNUS.BO,23.95,22.81,11.90K,Commercial Services,Miscellaneous Commercial Services,18.0,0.0,0.0,0.0,1.6264,0.6986,63.15K,61.59K,223.4,8.33,80.96M,No,27.05,44.42,74.4,37.75,87.73,496
2988,UFO.NS,60.66,62.63,36.22K,Consumer Services,Movies/Entertainment,18.0,19.0,11.0,22.0,2.1793,2.1793,41.35K,27.86K,92.97,53.75,2.36B,No,64.98,66.95,72.19,65.5,68.72,497
2989,FOODSIN.NS,53.49,55.23,50.44K,Consumer Non-Durables,Food: Specialty/Candy,18.0,58.0,41.0,20.0,2.7,2.625,111.02K,130.19K,93.63,44.0,3.93B,No,54.81,55.9,60.04,55.38,56.63,497
2990,OCEANIC.BO,51.02,51.53,0.51K,Consumer Non-Durables,Food: Specialty/Candy,18.0,46.0,31.0,12.0,3.4414,3.2814,4.13K,3.97K,78.14,50.0,573.97M,No,54.13,54.11,60.3,53.91,57.34,496
2991,WHIRLPOOL.NS,751.95,762.35,150.79K,Consumer Durables,Electronics/Appliances,18.0,44.0,39.0,16.0,25.2,24.0571,385.57K,220.07K,1437.0,750.0,95.44B,No,787.07,789.5,849.25,785.02,829.14,498
2992,INFLAME.BO,219.55,229.45,11.00K,Consumer Durables,Electronics/Appliances,18.0,76.0,38.0,5.0,11.4357,11.1214,9.49K,7.22K,358.95,201.2,1.64B,No,228.15,229.46,269.64,227.56,249.42,495
2993,MUTHOOTFIN.NS,2722.3,2792.1001,451.46K,Finance,Finance/Rental/Leasing,18.0,42.0,19.0,15.0,81.8642,74.8142,1082.99K,712.84K,4149.5,2671.0,1092.92B,No,2957.49,2972.87,3365.52,2936.9,3171.13,499
2994,DHANUKA.NS,956.5,980.0,10.09K,Process Industries,Chemicals: Specialty,18.0,37.0,25.0,33.0,22.5143,22.5143,33.80K,22.93K,1620.4,889.6,42.64B,No,987.92,1010.42,1071.71,998.65,1031.23,496
2995,VERITAS.BO,161.25,164.5,2.44K,Distribution Services,Wholesale Distributors,18.0,45.0,46.0,36.0,4.2036,4.0464,3.81K,3.20K,373.5,132.2,4.32B,No,164.82,170.72,172.37,168.61,166.97,495
2996,SCDL.BO,66.15,68.95,16.00K,Industrial Services,Engineering & Construction,18.0,54.0,13.0,,3.4757,3.4386,69.10K,33.44K,107.98,54.25,1.31B,No,65.53,69.03,,68.62,,109
2997,BLAL.NS,161.01,161.47,47.31K,Finance,Investment Managers,18.0,38.0,21.0,24.0,3.1314,3.1314,20.43K,23.11K,228.42,155.5,6.71B,No,165.26,172.64,185.54,169.03,178.42,498
2998,EIHOTEL.NS,283.8,286.45,203.17K,Consumer Services,Hotels/Resorts/Cruise Lines,18.0,36.0,36.0,18.0,8.5143,8.2536,238.08K,330.06K,413.95,271.15,177.48B,No,294.02,312.17,324.76,306.17,311.51,499
2999,BAJAJELEC.NS,328.4,335.3,127.11K,Consumer Durables,Electronics/Appliances,18.0,20.0,57.0,15.0,9.7036,9.5179,393.28K,123.83K,653.8,301.0,37.91B,No,338.26,339.85,376.87,340.6,349.22,499
3000,SPINAROO.BO,49.95,48.9,6.00K,Non-Energy Minerals,Aluminum,18.0,68.0,12.0,5.0,2.3693,1.7093,4.06K,3.40K,74.99,26.6,349.35M,No,48.54,52.49,52.44,52.85,57.18,357
3001,PFS.NS,26.51,27.42,303.66K,Finance,Finance/Rental/Leasing,18.0,29.0,19.0,28.0,0.755,0.74,503.19K,545.96K,40.5,23.85,17.03B,No,27.45,28.59,30.54,27.98,29.22,498
3002,SIGNATURE.NS,751.15,760.85,179.14K,Finance,Real Estate Development,18.0,34.0,41.0,15.0,23.1607,22.8321,397.08K,215.47K,1158.0,705.2,105.68B,No,783.46,797.65,881.33,789.31,811.73,496
3003,EIHAHOTELS.NS,281.3,287.45,20.48K,Consumer Services,Hotels/Resorts/Cruise Lines,18.0,36.0,30.0,21.0,8.5071,8.5071,17.16K,15.94K,412.7,266.65,17.14B,No,296.37,306.58,322.82,300.69,310.18,497
3004,SANOFI.NS,3131.0,3079.2,23.47K,Health Technology,Pharmaceuticals: Major,18.0,46.0,40.0,15.0,50.7571,50.5285,22.96K,17.64K,5089.0,3054.0,72.11B,No,3182.82,3286.76,3590.27,3261.62,3341.15,498
3005,NLFL.BO,36.9,40.5,8.24K,Finance,Finance/Rental/Leasing,18.0,40.0,26.0,9.0,2.785,2.6636,3.37K,1.65K,59.99,34.35,242.00M,No,38.85,38.83,43.47,38.9,41.15,495
3006,JTEKTINDIA.NS,117.36,120.55,93.64K,Consumer Durables,Automotive Aftermarket,18.0,12.0,25.0,19.0,2.985,2.9114,730.30K,187.63K,187.95,117.0,32.56B,No,124.54,132.94,135.81,129.18,132.0,498
3007,GVELECTRIC.BO,138.0,139.9,46.00K,Industrial Services,Engineering & Construction,18.0,,,,6.9143,6.55,177.13K,39.90K,165.9,122.0,1.56B,No,135.94,,,,,24
3008,KIFS.BO,108.1,114.85,0.15K,Finance,Finance/Rental/Leasing,18.0,66.0,25.0,18.0,5.5714,4.925,0.32K,0.12K,192.0,97.6,1.17B,No,110.98,110.84,118.31,111.12,117.41,496
3009,AROGRANITE.NS,22.98,23.38,9.20K,Non-Energy Minerals,Construction Materials,18.0,27.0,27.0,29.0,1.0771,1.0771,9.02K,10.29K,45.63,18.67,351.59M,No,24.59,25.01,26.65,24.72,25.04,496
3010,VISACHROME.NS,33.53,35.03,10.88K,Non-Energy Minerals,Steel,18.0,18.0,9.0,29.0,2.2779,2.0264,176.48K,47.34K,73.68,27.05,4.89B,No,37.45,38.22,41.48,37.21,39.17,497
3011,HITECH.NS,73.61,76.39,553.34K,Non-Energy Minerals,Steel,18.0,34.0,11.0,20.0,2.9186,2.8471,775.76K,1134.92K,127.5,70.14,14.92B,No,77.99,82.13,85.62,80.68,84.01,499
3012,MAANALU.NS,106.14,110.4,90.26K,Non-Energy Minerals,Aluminum,18.0,10.0,13.0,11.0,5.1264,5.1221,61.90K,81.17K,184.74,103.01,6.37B,No,117.04,118.97,136.54,117.33,128.55,497
3013,SURYAROSNI.NS,209.8,214.27,375.01K,Non-Energy Minerals,Steel,18.0,34.0,8.0,35.0,5.2779,5.2779,609.95K,390.63K,314.5,187.35,45.66B,No,217.89,232.22,241.54,228.02,235.02,499
3014,AARON.NS,123.18,126.94,14.32K,Producer Manufacturing,Building Products,17.0,11.0,53.0,12.0,7.3557,7.1271,27.95K,13.07K,228.0,106.8,2.58B,No,133.52,129.86,143.24,130.97,131.42,496
3015,NFL.NS,67.18,68.49,471.01K,Process Industries,Chemicals: Agricultural,17.0,30.0,24.0,15.0,1.3864,1.2564,932.75K,447.57K,100.3,63.35,32.96B,No,70.35,71.5,76.71,70.56,73.23,498
3016,ANNAPURNA.NS,137.39,137.95,14.82K,Consumer Non-Durables,Food: Specialty/Candy,17.0,16.0,57.0,14.0,6.8436,6.8214,59.21K,46.79K,287.0,120.75,3.00B,No,146.41,140.47,166.93,141.21,150.51,496
3017,GLOBECIVIL.NS,43.5,44.21,83.67K,Industrial Services,Engineering & Construction,17.0,52.0,53.0,26.0,2.3393,2.3393,55.78K,71.29K,80.0,33.5,2.60B,No,45.21,42.77,47.7,42.68,43.75,302
3018,STARCEMENT.NS,184.93,195.14,272.54K,Non-Energy Minerals,Construction Materials,17.0,26.0,19.0,27.0,6.065,5.8143,283.02K,467.06K,279.55,180.12,74.75B,No,191.47,198.93,212.37,196.78,209.29,497
3019,RIBATEX.BO,62.74,64.43,1.21K,Process Industries,Textiles,17.0,2.0,21.0,17.0,3.9607,3.8214,11.60K,7.95K,95.9,49.02,605.62M,No,68.57,76.47,73.48,73.99,70.69,495
3020,MAHEPC.NS,102.08,101.82,19.13K,Producer Manufacturing,Trucks/Construction/Farm Machinery,17.0,39.0,28.0,20.0,2.7779,2.7729,36.98K,18.44K,160.8,91.91,2.85B,No,104.7,108.55,116.69,105.93,112.18,498
3021,GOLECHA.BO,26.32,26.32,0.01K,Finance,Finance/Rental/Leasing,17.0,35.0,6.0,20.0,0.0879,0.0,1.31K,0.00K,38.2,17.05,144.76M,No,27.07,27.79,28.04,27.81,29.83,496
3022,NIITMTS.NS,232.02,229.84,297.37K,Commercial Services,Miscellaneous Commercial Services,17.0,43.0,68.0,5.0,8.0557,7.9821,382.33K,263.92K,443.9,203.3,31.98B,No,229.17,236.3,301.16,234.25,258.7,496
3023,BRIGHOTEL.NS,56.14,56.51,72.26K,Consumer Services,Hotels/Resorts/Cruise Lines,17.0,34.0,23.0,30.0,1.2771,1.2457,122.90K,114.24K,88.27,54.36,21.32B,No,58.59,60.22,63.25,59.16,61.32,279
3024,TRF.NS,213.0,222.05,42.55K,Producer Manufacturing,Trucks/Construction/Farm Machinery,17.0,25.0,29.0,25.0,6.9857,6.9857,25.37K,10.29K,405.0,210.0,2.34B,No,227.76,232.08,254.62,229.07,238.94,498
3025,BHARATCOAL.NS,32.4,33.01,3076.94K,Energy Minerals,Coal,17.0,44.0,17.0,32.0,0.7929,0.7771,15423.96K,4797.14K,45.09,29.74,,No,33.74,34.67,,34.13,35.47,165
3026,THAKDEV.NS,128.15,128.15,0.01K,Consumer Durables,Homebuilding,17.0,,,,7.3129,6.3829,0.32K,0.30K,160.0,125.35,1.15B,No,144.3,,,,,20
3027,DAIKAFFI.BO,46.48,46.5,0.38K,Process Industries,Chemicals: Specialty,17.0,74.0,62.0,66.0,0.9707,0.3714,5.44K,3.09K,165.0,28.48,278.88M,No,44.83,45.33,50.59,45.26,43.61,495
3028,KACHCHH.BO,25.78,27.0,1.75K,Non-Energy Minerals,Other Metals/Minerals,17.0,25.0,6.0,21.0,1.8264,1.7271,2.63K,4.76K,59.95,18.42,136.66M,No,28.31,27.05,27.93,26.99,28.25,495
3029,EIDPARRY.NS,702.75,721.05,339.88K,Process Industries,Chemicals: Agricultural,17.0,20.0,43.0,16.0,23.6214,23.2393,527.79K,435.02K,1118.0,698.2,125.06B,No,780.88,776.74,842.73,765.71,782.47,498
3030,ELECON.NS,413.5,422.1,171.01K,Producer Manufacturing,Electrical Products,17.0,42.0,5.0,42.0,12.7464,12.6107,591.74K,1007.22K,634.9,352.0,92.79B,No,426.92,441.33,458.57,432.14,459.41,499
3031,BMWVENTLTD.NS,51.61,54.05,133.10K,Distribution Services,Wholesale Distributors,17.0,18.0,21.0,21.0,1.4471,1.4443,68.44K,46.40K,78.0,48.0,4.48B,No,55.82,57.18,58.4,56.36,58.44,239
3032,ANUP.NS,1616.1,1664.3,24.72K,Producer Manufacturing,Industrial Machinery,17.0,10.0,12.0,52.0,53.4429,51.9214,48.97K,18.55K,2576.0,1422.3,32.37B,No,1775.12,1969.98,1973.87,1888.32,1911.97,497
3033,NAGREEKEXP.NS,21.61,22.4,18.14K,Process Industries,Textiles,17.0,14.0,10.0,23.0,1.2571,1.2379,57.50K,55.24K,40.0,17.5,675.30M,No,22.41,22.87,24.97,22.83,24.42,497
3034,HAVELLS.NS,1087.0,1111.0,1015.48K,Producer Manufacturing,Electrical Products,17.0,8.0,34.0,10.0,31.9429,28.5429,1049.66K,1033.93K,1621.1,1081.1,682.16B,No,1214.01,1225.93,1285.95,1210.38,1226.41,498
3035,SAMPANN.NS,23.91,24.46,27.61K,Producer Manufacturing,Miscellaneous Manufacturing,17.0,21.0,16.0,22.0,1.2286,1.1921,36.98K,19.91K,43.44,23.56,1.22B,No,25.34,26.54,29.06,26.05,27.51,496
3036,HARAFIN.BO,60.0,60.0,0.10K,Finance,Finance/Rental/Leasing,17.0,25.0,29.0,5.0,0.9671,0.0,0.06K,0.28K,93.97,55.06,12.46B,No,62.91,64.46,72.72,63.84,66.76,496
3037,JAYTEX.BO,21.5,21.5,0.03K,Process Industries,Textiles,17.0,48.0,13.0,12.0,0.0429,0.0071,0.07K,0.01K,27.0,21.4,8.23B,No,21.86,22.61,25.21,22.36,24.77,498
3038,HUDCO.NS,168.92,172.76,1454.39K,Finance,Finance/Rental/Leasing,17.0,14.0,8.0,29.0,4.5807,4.4686,2287.79K,1961.16K,246.85,159.0,338.16B,No,181.21,192.52,200.47,187.61,194.4,499
3039,RKSWAMY.NS,89.46,92.94,44.25K,Commercial Services,Advertising/Marketing Services,17.0,37.0,27.0,23.0,3.4264,3.4264,63.87K,29.35K,163.89,67.15,4.52B,No,93.54,98.73,99.95,96.99,94.79,498
3040,VOLTAS.NS,1137.0,1165.0,476.91K,Producer Manufacturing,Industrial Machinery,17.0,8.0,19.0,7.0,27.8071,27.4429,897.57K,787.06K,1582.5,1131.4,376.22B,No,1193.29,1265.23,1346.71,1251.11,1312.11,499
3041,ICICIPRULI.NS,457.6,471.5,941.09K,Finance,Life/Health Insurance,17.0,19.0,38.0,7.0,14.9,12.8857,1733.23K,1556.85K,706.8,455.3,663.88B,No,495.37,501.17,562.02,496.79,520.28,498
3042,VIPIND.NS,291.05,300.1,220.19K,Consumer Durables,Other Consumer Specialties,17.0,48.0,28.0,12.0,9.5179,9.5179,260.65K,349.31K,454.3,278.25,41.34B,No,306.04,303.73,330.09,302.59,313.35,498
3043,GOPAL.NS,249.3,257.35,99.19K,Consumer Non-Durables,Food: Specialty/Candy,17.0,24.0,23.0,18.0,6.5036,6.4857,140.43K,98.99K,393.0,247.55,31.08B,No,271.65,269.59,289.16,267.46,276.85,498
3044,HDFCBANK.NS,716.55,708.25,50323.56K,Finance,Major Banks,17.0,55.0,31.0,15.0,15.1179,13.4357,30725.32K,33154.10K,1020.5,681.9,11044.94B,No,713.48,743.9,829.68,735.27,771.67,499
3045,NUCLEUS.NS,696.4,696.45,20.85K,Technology Services,Information Technology Services,17.0,50.0,38.0,26.0,15.175,14.5321,37.02K,21.75K,1084.8,682.0,18.33B,No,727.44,728.83,805.11,717.36,759.29,497
3046,BIRLAMONEY.NS,118.22,121.19,32.95K,Finance,Investment Banks/Brokers,17.0,17.0,19.0,31.0,4.0143,3.9814,82.48K,30.60K,185.5,95.0,6.68B,No,126.31,132.7,134.82,128.94,132.01,497
3047,MADRASFERT.NS,60.52,61.83,36.95K,Process Industries,Chemicals: Agricultural,17.0,28.0,22.0,21.0,2.3529,2.2543,99.87K,52.63K,93.49,52.56,9.75B,No,65.14,66.33,69.31,65.32,66.11,496
3048,RTFL.BO,41.4,41.4,0.01K,Finance,Finance/Rental/Leasing,17.0,4.0,18.0,6.0,1.6157,1.1221,0.13K,0.12K,63.36,39.43,525.48M,No,45.88,47.64,49.32,47.12,49.78,494
3049,EMERGENT.BO,365.1,383.25,0.09K,Commercial Services,Miscellaneous Commercial Services,17.0,72.0,33.0,39.0,25.9429,19.4536,0.07K,0.03K,747.7,314.7,1.67B,No,383.04,397.29,444.45,393.96,425.5,495
3050,ANIKINDS.NS,40.58,44.66,23.24K,Distribution Services,Wholesale Distributors,16.0,61.0,32.0,37.0,2.6657,2.6621,8.06K,10.84K,83.4,32.5,1.13B,No,44.9,43.69,45.73,43.28,43.22,497
3051,VENTIVE.NS,563.15,574.7,79.96K,Consumer Services,Hotels/Resorts/Cruise Lines,16.0,46.0,18.0,12.0,17.0857,17.0857,26.64K,33.65K,793.95,542.6,131.52B,No,581.13,600.89,658.43,592.47,619.54,428
3052,UNICK.BO,43.01,43.01,0.00K,Commercial Services,Miscellaneous Commercial Services,16.0,21.0,19.0,27.0,0.7907,0.3329,0.15K,0.06K,72.71,39.0,235.91M,No,45.48,45.1,47.88,44.86,44.89,496
3053,ODIGMA.NS,22.09,22.23,9.54K,Technology Services,Internet Software/Services,16.0,51.0,42.0,25.0,1.1871,1.1864,17.71K,22.95K,56.09,20.0,690.50M,No,22.58,22.82,26.1,22.77,24.31,437
3054,TECHNOE.NS,950.6,972.15,129.28K,Industrial Services,Engineering & Construction,16.0,47.0,23.0,17.0,27.1143,26.4357,189.63K,141.21K,1479.0,870.0,110.55B,No,984.16,1005.13,1080.44,995.6,1086.17,498
3055,LAPL.BO,105.7,123.0,231.60K,Producer Manufacturing,Auto Parts: Oem,16.0,,,,8.4107,8.1057,222.38K,53.04K,139.0,99.0,1.33B,No,118.76,,,,,23
3056,SINTERCOM.NS,75.05,76.65,1.10K,Producer Manufacturing,Auto Parts: Oem,16.0,34.0,60.0,22.0,5.3336,5.1864,44.92K,27.71K,130.0,62.99,2.07B,No,79.87,80.72,85.17,80.1,78.31,496
3057,COARO.BO,24.04,24.04,0.40K,Transportation,Trucking,16.0,7.0,40.0,3.0,0.0043,0.0043,0.06K,0.06K,41.45,23.4,99.68M,No,24.1,26.47,30.14,26.26,28.53,497
3058,DABUR.NS,384.9,376.0,9936.06K,Consumer Non-Durables,Household/Personal Care,16.0,39.0,24.0,10.0,6.7857,6.6893,1989.95K,2010.40K,542.8,368.05,682.80B,No,386.33,409.08,455.7,401.54,431.35,499
3059,NAM.BO,71.17,71.17,0.03K,Finance,Investment Banks/Brokers,16.0,3.0,27.0,14.0,2.955,1.8593,0.10K,0.03K,105.97,67.65,383.75M,No,82.66,87.52,83.73,85.85,82.96,495
3060,VRUDDHI.BO,180.0,190.0,0.50K,Non-Energy Minerals,Steel,16.0,20.0,9.0,20.0,1.1393,0.0,0.83K,0.11K,249.0,144.0,454.25M,No,194.36,208.82,212.17,204.53,208.84,498
3061,JWL.NS,231.17,239.58,630.24K,Producer Manufacturing,Trucks/Construction/Farm Machinery,16.0,18.0,14.0,13.0,6.2379,6.0379,1078.12K,656.62K,358.25,230.4,98.80B,No,243.77,250.58,276.74,248.26,265.09,499
3062,WAAREEENER.NS,2555.0,2625.0,733.78K,Electronic Technology,Semiconductors,16.0,40.0,14.0,29.0,59.1571,58.9357,739.56K,568.20K,3718.8,2403.0,734.95B,No,2620.96,2695.4,2917.36,2675.51,2923.74,470
3063,ASIANTILES.NS,50.03,50.34,2223.34K,Producer Manufacturing,Building Products,16.0,56.0,15.0,6.0,1.655,1.605,9289.12K,4699.82K,79.06,42.5,14.83B,No,48.47,50.26,61.91,50.61,58.18,499
3064,SWSOLAR.NS,174.3,180.22,1682.89K,Industrial Services,Engineering & Construction,16.0,8.0,12.0,36.0,6.5821,6.5293,1914.79K,816.67K,272.8,148.0,40.71B,No,190.61,205.64,203.04,196.93,199.69,498
3065,INDIASHLTR.NS,647.25,652.25,99.07K,Finance,Finance/Rental/Leasing,16.0,45.0,12.0,21.0,17.9607,17.7607,122.31K,93.86K,924.0,620.15,70.66B,No,661.18,711.01,764.45,693.0,744.35,497
3066,PSPL.BO,51.1,51.1,2.00K,Transportation,Air Freight/Couriers,16.0,9.0,17.0,11.0,0.0,0.0,0.28K,0.28K,83.99,46.7,151.99M,No,52.48,52.08,56.31,52.53,55.13,372
3067,AASTAFIN.BO,31.02,31.44,2.56K,Finance,Finance/Rental/Leasing,16.0,16.0,31.0,27.0,1.6829,1.68,14.56K,7.82K,51.0,27.8,481.97M,No,31.75,33.59,36.04,33.23,34.31,495
3068,KEERTHI.BO,42.0,41.5,0.27K,Non-Energy Minerals,Construction Materials,16.0,47.0,68.0,4.0,2.4279,2.0257,1.27K,0.84K,76.95,34.5,336.70M,No,40.36,39.85,50.68,40.73,45.3,495
3069,INFY.NS,1077.0,1037.7,14814.15K,Technology Services,Information Technology Services,16.0,26.0,39.0,13.0,31.4571,24.3214,12192.03K,8519.07K,1728.0,982.4,4362.17B,No,1109.02,1114.26,1292.09,1112.15,1163.59,499
3070,KARMAENG.NS,37.29,39.63,4.64K,Utilities,Electric Utilities,16.0,21.0,21.0,38.0,2.19,2.1621,6.38K,10.04K,73.7,34.38,431.44M,No,38.22,38.7,43.54,38.79,41.95,496
3071,LEMONTREE.NS,102.58,104.78,2149.02K,Consumer Services,Hotels/Resorts/Cruise Lines,16.0,36.0,34.0,31.0,2.1557,2.1007,3432.54K,2720.19K,177.8,99.61,81.23B,No,106.95,110.3,122.15,107.97,111.12,498
3072,FACT.NS,754.55,779.6,118.27K,Process Industries,Chemicals: Agricultural,16.0,27.0,14.0,31.0,30.5786,28.8143,973.72K,150.94K,1058.6,652.1,488.25B,No,803.86,822.32,841.25,806.8,835.72,498
3073,APCL.NS,99.4,98.16,4.10K,Non-Energy Minerals,Construction Materials,16.0,55.0,22.0,16.0,2.8621,2.8593,7.55K,5.02K,148.78,97.25,2.92B,No,101.44,102.7,116.33,101.28,109.85,496
3074,APTECHT.NS,86.38,88.2,47.24K,Commercial Services,Miscellaneous Commercial Services,16.0,31.0,3.0,47.0,2.975,2.97,127.70K,56.37K,132.99,69.1,5.01B,No,90.67,93.31,94.1,91.54,94.26,499
3075,DGCONTENT.NS,23.74,24.12,4.11K,Commercial Services,Commercial Printing/Forms,16.0,42.0,28.0,32.0,1.6529,1.5964,27.81K,47.51K,39.57,21.61,1.38B,No,24.39,24.84,27.62,24.59,26.24,496
3076,AMRUTANJAN.NS,489.6,490.95,26.95K,Health Technology,Pharmaceuticals: Other,16.0,60.0,23.0,19.0,14.8321,14.4571,95.58K,57.33K,772.0,482.8,14.15B,No,507.01,517.23,569.77,511.63,535.81,498
3077,KDGREEN.BO,47.06,49.22,4.08K,Consumer Non-Durables,Apparel/Footwear,16.0,15.0,3.0,2.0,3.6543,3.4321,101.16K,22.03K,99.4,36.38,4.78B,No,54.52,53.0,63.73,52.85,67.06,497
3078,MANGALCOMP.BO,41.5,41.5,3.00K,Finance,Finance/Rental/Leasing,16.0,39.0,26.0,6.0,0.4393,0.0,0.95K,0.60K,59.25,41.0,564.65M,No,43.18,44.12,48.37,43.92,47.97,451
3079,HEMIPROP.NS,117.18,120.62,524.37K,Finance,Real Estate Development,16.0,13.0,13.0,16.0,2.9743,2.8814,376.26K,250.96K,190.69,111.2,33.41B,No,127.47,132.84,135.05,130.02,134.28,498
3080,AIMCOPEST.BO,45.57,46.48,1.97K,Process Industries,Chemicals: Agricultural,16.0,59.0,16.0,29.0,2.2257,2.1629,2.29K,2.74K,80.25,36.0,445.79M,No,46.95,49.02,51.83,47.71,49.82,495
3081,BAJAJINDEF.NS,220.69,228.57,10.65K,Producer Manufacturing,Trucks/Construction/Farm Machinery,16.0,66.0,34.0,24.0,7.5543,7.4464,31.95K,17.66K,442.6,207.25,7.06B,No,221.57,229.0,269.41,226.6,248.16,387
3082,JOSTS.BO,218.2,227.65,13.24K,Producer Manufacturing,Industrial Machinery,16.0,48.0,20.0,28.0,10.8964,10.5321,10.43K,10.28K,396.0,188.1,2.58B,No,225.2,234.67,252.79,231.25,238.9,495
3083,TCIIND.BO,1210.0,1211.0,0.00K,Finance,Real Estate Development,16.0,31.0,7.0,15.0,46.0786,35.1,0.14K,0.09K,1601.0,1111.1,1.09B,No,1227.49,1268.76,1387.58,1263.3,1369.23,496
3084,ROSSARI.NS,435.4,446.15,59.59K,Process Industries,Chemicals: Specialty,16.0,11.0,17.0,29.0,12.4286,12.3357,99.48K,88.10K,690.3,375.0,24.12B,No,479.63,500.19,513.45,488.41,491.68,498
3085,RAYALEMA.BO,27.94,28.08,1.20K,Consumer Services,Hotels/Resorts/Cruise Lines,16.0,62.0,29.0,22.0,2.06,2.0179,1.38K,1.26K,48.0,22.1,554.11M,No,28.07,28.74,31.9,28.55,29.56,495
3086,KGPETRO.BO,163.45,155.7,0.05K,Process Industries,Textiles,16.0,31.0,36.0,6.0,3.7786,3.7786,0.04K,0.20K,284.0,152.9,853.37M,No,163.67,172.54,197.75,170.78,189.59,497
3087,MPKSTEELS.BO,95.0,95.0,1.60K,Non-Energy Minerals,Steel,16.0,47.0,5.0,6.0,2.05,1.375,12.46K,15.29K,152.8,73.65,967.19M,No,94.33,101.24,118.6,100.07,114.65,235
3088,WEBELSOLAR.NS,72.75,75.84,1752.30K,Electronic Technology,Semiconductors,15.0,7.0,2.0,71.0,3.4229,3.4064,2009.33K,2377.83K,137.9,50.4,31.59B,No,77.93,89.08,88.63,86.6,90.11,499
3089,COROENGG.BO,51.94,54.06,7.78K,Consumer Durables,Homebuilding,15.0,61.0,27.0,6.0,3.0257,2.9857,6.43K,5.81K,114.93,48.9,1.81B,No,56.76,55.17,73.55,54.55,69.51,495
3090,GANVERSE.BO,23.75,24.77,7.50K,Finance,Real Estate Development,15.0,62.0,36.0,41.0,1.0507,0.6414,19.29K,12.12K,39.85,16.6,,No,25.36,27.3,26.83,26.33,26.12,496
3091,TRENT.NS,2730.0,2802.3999,494.40K,Retail Trade,Apparel/Footwear Retail,15.0,24.0,39.0,56.0,56.6071,55.0357,1317.32K,699.47K,5248.0,2183.67,1455.72B,No,2867.19,2920.23,2940.35,2892.12,2791.65,499
3092,BIRLACORPN.NS,810.25,825.15,33.02K,Non-Energy Minerals,Construction Materials,15.0,16.0,10.0,30.0,21.9214,21.2857,88.34K,57.67K,1346.1,769.6,62.39B,No,870.48,911.51,974.02,897.47,927.96,498
3093,LIBERTSHOE.NS,218.62,228.68,49.86K,Consumer Non-Durables,Apparel/Footwear,15.0,25.0,28.0,34.0,7.5814,7.5807,83.73K,18.58K,404.95,210.5,3.73B,No,238.71,252.44,255.27,246.74,249.15,497
3094,PRERINFRA.BO,22.71,23.48,7.49K,Consumer Durables,Homebuilding,15.0,14.0,12.0,28.0,1.1136,1.0529,11.53K,6.84K,36.55,19.03,820.46M,No,24.34,25.45,25.79,24.8,24.8,495
3095,MALLCOM.NS,911.95,952.15,3.69K,Consumer Non-Durables,Apparel/Footwear,15.0,31.0,24.0,16.0,45.9679,44.6643,4.08K,7.50K,1520.0,905.15,5.69B,No,979.24,1003.31,1071.13,989.71,1026.59,496
3096,DBCORP.NS,184.73,190.79,119.96K,Consumer Services,Publishing: Newspapers,15.0,11.0,25.0,19.0,4.5457,4.535,414.00K,63.91K,286.0,184.0,32.93B,No,199.85,205.13,220.15,203.27,206.31,497
3097,BOMBWIR.BO,40.14,41.04,0.79K,Producer Manufacturing,Metal Fabrication,15.0,32.0,14.0,22.0,2.0207,2.0036,0.88K,0.91K,62.89,35.56,214.33M,No,42.66,45.23,47.26,44.14,46.31,495
3098,ROUTE.NS,481.9,493.55,216.13K,Communications,Major Telecommunications,15.0,33.0,31.0,40.0,15.1464,14.9321,798.88K,113.81K,890.0,410.7,30.36B,No,502.31,530.0,552.98,519.2,510.77,498
3099,ANDREWYU.NS,25.65,26.24,63.57K,Producer Manufacturing,Industrial Machinery,15.0,,,,1.3257,1.3157,95.33K,73.94K,31.35,24.51,12.54B,No,27.11,,,,,24
3100,ASHAPURMIN.NS,518.4,542.9,298.79K,Non-Energy Minerals,Other Metals/Minerals,15.0,8.0,4.0,34.0,20.8929,20.7286,457.71K,346.25K,924.9,455.1,49.52B,No,564.8,633.41,653.64,621.57,614.96,499
3101,RADIANTCMS.NS,35.89,35.99,362.90K,Commercial Services,Miscellaneous Commercial Services,15.0,52.0,25.0,32.0,2.4543,2.2314,233.26K,583.29K,57.49,32.33,3.83B,No,37.87,37.79,41.85,37.39,38.66,498
3102,ALSL.BO,49.68,46.19,26.78K,Finance,Investment Banks/Brokers,15.0,4.0,2.0,20.0,4.1143,3.915,29.79K,41.72K,79.3,38.07,2.32B,No,47.65,58.28,59.2,55.33,60.87,495
3103,SHARDACROP.NS,753.4,765.55,179.50K,Distribution Services,Wholesale Distributors,15.0,43.0,12.0,5.0,20.3107,20.2536,172.74K,103.10K,1297.0,748.6,67.97B,No,775.36,823.28,936.72,802.42,922.92,498
3104,WEALTH.NS,825.3,845.25,1.08K,Finance,Investment Managers,15.0,20.0,15.0,14.0,21.5857,21.1071,1.90K,1.29K,1269.8,774.95,8.79B,No,851.81,909.64,922.57,888.28,920.73,498
3105,SIEL.NS,31.5,30.0,0.51K,Process Industries,Containers/Packaging,15.0,,,,1.85,1.515,3.42K,1.03K,44.54,28.1,436.28M,No,,,,,,19
3106,NDTV.NS,70.43,72.02,58.95K,Consumer Services,Broadcasting,15.0,27.0,19.0,24.0,2.4971,2.4907,228.56K,85.51K,134.5,58.75,7.95B,No,73.47,76.39,80.59,75.34,77.32,498
3107,SUMMITSEC.NS,1393.6,1409.2,4.64K,Miscellaneous,Investment Trusts,15.0,48.0,29.0,17.0,38.5071,38.2643,3.39K,4.34K,2495.0,1312.0,15.26B,No,1422.69,1470.82,1633.11,1450.64,1524.71,498
3108,EFCIL.NS,182.64,185.18,171.44K,Distribution Services,Wholesale Distributors,15.0,65.0,42.0,13.0,7.4443,7.4107,432.12K,376.11K,335.85,171.42,27.02B,No,194.19,191.69,218.52,189.96,193.85,268
3109,SELECTRIC.BO,1816.3,1901.0,3.82K,Electronic Technology,Electronic Production Equipment,15.0,7.0,,,108.6429,108.0393,14.46K,7.61K,2578.15,1804.15,21.97B,No,1926.07,,,,,40
3110,NAPL.BO,186.45,188.7,3.18K,Consumer Non-Durables,Food: Specialty/Candy,15.0,61.0,31.0,22.0,10.3964,10.2786,37.49K,4.55K,363.0,121.0,987.44M,No,190.08,194.71,202.78,195.49,186.3,496
3111,AERONEU.NS,67.94,68.76,22.17K,Process Industries,Containers/Packaging,15.0,3.0,6.0,39.0,5.28,5.0936,54.21K,53.58K,109.96,63.21,1.75B,No,78.79,83.5,80.03,81.27,82.3,497
3112,CEWATER.NS,276.15,284.7,142.85K,Industrial Services,Environmental Services,15.0,73.0,30.0,54.0,10.6643,10.6214,230.94K,136.38K,539.9,235.0,5.72B,No,269.15,284.96,329.21,278.69,292.46,428
3113,RRFIN.BO,66.75,66.39,0.09K,Finance,Insurance Brokers/Services,15.0,23.0,71.0,10.0,4.0643,3.7736,2.48K,1.25K,263.7,49.62,738.30M,No,66.4,73.41,94.22,71.0,76.19,495
3114,AMITSEC.BO,37.29,39.25,0.03K,Commercial Services,Miscellaneous Commercial Services,15.0,7.0,3.0,7.0,2.1429,1.5707,0.31K,0.04K,67.16,27.21,264.76M,No,41.92,43.54,47.82,42.18,49.18,496
3115,KGVL.BO,42.8,43.0,1.20K,Finance,Financial Conglomerates,15.0,4.0,10.0,33.0,0.4907,0.0629,0.80K,1.32K,80.0,39.0,298.66M,No,45.73,47.72,49.55,46.86,49.31,480
3116,VSTIND.NS,203.4,203.93,101.39K,Consumer Non-Durables,Tobacco,15.0,36.0,7.0,22.0,2.7414,2.7271,298.92K,104.62K,286.78,200.0,34.49B,No,209.12,221.9,239.39,215.84,235.66,499
3117,PACEDIGITK.NS,153.6,158.33,628.46K,Utilities,Electric Utilities,15.0,6.0,13.0,33.0,5.3629,5.3329,2471.72K,724.91K,231.95,139.81,33.15B,No,169.9,186.48,183.0,180.18,179.41,237
3118,EMAMIREAL.NS,67.45,69.8,5.99K,Finance,Real Estate Development,15.0,19.0,6.0,56.0,2.93,2.8257,12.55K,17.85K,119.68,48.2,3.51B,No,69.59,74.8,77.3,73.04,76.26,497
3119,ACI.NS,455.25,470.45,295.92K,Process Industries,Chemicals: Major Diversified,15.0,16.0,16.0,13.0,17.7964,17.7964,338.79K,582.14K,724.0,453.05,56.20B,No,492.46,519.34,546.1,505.29,546.08,497
3120,LAOPALA.NS,160.63,158.93,442.95K,Consumer Durables,Home Furnishings,15.0,5.0,25.0,11.0,4.4579,4.3257,298.50K,105.23K,259.7,158.51,17.83B,No,172.0,181.17,187.19,178.16,179.9,499
3121,CSBBANK.NS,296.35,305.7,495.87K,Finance,Major Banks,15.0,25.0,8.0,12.0,11.3607,10.8429,531.25K,520.05K,574.4,295.0,50.22B,No,325.06,335.01,380.47,326.61,353.08,498
3122,PROSTARM.NS,126.04,133.63,284.42K,Producer Manufacturing,Electrical Products,15.0,33.0,24.0,30.0,5.5136,5.4671,215.25K,203.72K,237.0,114.64,7.42B,No,134.45,132.89,147.79,132.69,138.34,322
3123,FUTURSEC.BO,29.32,29.32,1.50K,Finance,Investment Banks/Brokers,15.0,96.0,15.0,6.0,0.7629,0.5636,0.20K,0.35K,40.2,20.91,57.17M,No,25.49,25.3,33.89,24.92,32.35,497
3124,OVAL.BO,47.0,48.5,20.80K,Industrial Services,Engineering & Construction,15.0,10.0,5.0,44.0,1.1629,0.9779,5.84K,17.28K,78.6,42.5,976.16M,No,52.06,53.57,55.0,52.49,52.64,256
3125,EMAMILTD.NS,373.7,363.8,2883.57K,Consumer Non-Durables,Household/Personal Care,15.0,28.0,37.0,15.0,12.4571,11.8179,968.20K,2134.07K,614.0,361.15,163.12B,No,381.96,397.81,442.82,391.68,411.45,499
3126,NATPLAS.BO,39.47,39.99,2.30K,Producer Manufacturing,Miscellaneous Manufacturing,14.0,43.0,36.0,14.0,1.3636,1.305,2.76K,2.67K,61.85,37.0,360.35M,No,40.29,41.54,46.39,40.91,43.53,495
3127,BRISK.BO,69.88,69.88,3.20K,Distribution Services,Electronics Distributors,14.0,20.0,4.0,34.0,0.9257,0.395,1.28K,1.51K,111.9,64.5,139.76M,No,70.73,77.42,78.27,74.47,77.61,498
3128,KARBON.BO,113.5,110.35,12.00K,Producer Manufacturing,Metal Fabrication,14.0,79.0,60.0,6.0,6.9364,4.9736,14.11K,22.64K,208.1,92.6,1.61B,No,109.04,107.07,136.12,104.9,121.23,249
3129,ALPA.NS,60.39,61.69,10.74K,Health Technology,Pharmaceuticals: Major,14.0,25.0,18.0,34.0,2.5557,2.5557,16.42K,13.85K,96.8,46.1,1.27B,No,62.35,65.64,68.51,64.62,65.56,496
3130,UBL.NS,1241.8,1256.1,52.99K,Consumer Non-Durables,Beverages: Alcoholic,14.0,16.0,32.0,5.0,31.9714,31.7,132.28K,181.12K,1847.9,1240.0,328.34B,No,1311.63,1357.03,1467.65,1339.43,1411.39,498
3131,BROOKS.NS,63.09,65.69,26.35K,Health Technology,Pharmaceuticals: Major,14.0,45.0,36.0,41.0,3.84,3.795,29.36K,34.13K,160.0,36.3,1.86B,No,63.39,64.52,67.87,64.1,62.52,497
3132,EMBDL.NS,55.01,55.28,3030.68K,Finance,Real Estate Development,14.0,13.0,26.0,39.0,2.0321,1.9871,2793.74K,3450.51K,105.7,39.46,,No,60.51,61.89,60.65,60.55,58.01,498
3133,AMBUJACEM.NS,381.75,391.85,1366.91K,Non-Energy Minerals,Construction Materials,14.0,23.0,27.0,12.0,7.2214,7.0286,2504.57K,1211.35K,600.8,380.1,948.58B,No,404.44,420.4,464.88,415.25,430.76,499
3134,ACC.NS,1225.2,1246.5,205.89K,Non-Energy Minerals,Construction Materials,14.0,28.0,28.0,13.0,23.6286,21.9357,155.70K,126.59K,1987.0,1219.6,230.08B,No,1284.54,1332.22,1480.3,1312.95,1365.09,498
3135,INTELLECT.NS,662.85,682.6,405.46K,Technology Services,Packaged Software,14.0,37.0,22.0,37.0,18.3143,18.1714,443.56K,363.51K,1244.6,595.2,93.04B,No,683.64,715.14,772.54,703.71,708.65,499
3136,DECCANCE.NS,566.05,573.7,84.61K,Non-Energy Minerals,Construction Materials,14.0,73.0,46.0,14.0,19.7107,19.6607,23.99K,32.06K,1158.0,525.0,7.93B,No,564.01,563.95,639.46,563.98,604.79,496
3137,SUZLON.NS,42.9,44.12,40265.71K,Producer Manufacturing,Electrical Products,14.0,22.0,4.0,42.0,1.1393,1.1143,64642.07K,44329.75K,61.5,38.19,589.69B,No,46.06,48.66,49.9,47.34,49.53,499
3138,JUNGLECAMP.BO,41.0,40.75,9.60K,Consumer Services,Hotels/Resorts/Cruise Lines,14.0,5.0,10.0,12.0,1.5221,1.1564,6.45K,5.69K,64.35,38.05,635.44M,No,43.67,45.76,47.84,45.46,47.85,434
3139,DELTACORP.NS,53.79,54.15,983.04K,Consumer Services,Movies/Entertainment,14.0,14.0,12.0,28.0,1.6564,1.6436,1449.76K,871.59K,86.4,48.3,14.40B,No,57.66,61.04,64.8,59.63,62.84,499
3140,AGRITECH.NS,97.57,99.84,2.55K,Process Industries,Agricultural Commodities/Milling,14.0,21.0,10.0,22.0,4.0793,3.9764,3.00K,3.22K,187.19,92.52,579.57M,No,101.09,106.96,120.14,105.16,110.14,496
3141,SAUMYA.BO,114.95,121.0,0.24K,Finance,Investment Banks/Brokers,14.0,71.0,8.0,8.0,2.6893,1.9071,0.13K,0.02K,164.65,102.05,793.95M,No,116.59,116.2,133.9,115.02,125.85,496
3142,BPL.NS,46.58,46.3,34.42K,Electronic Technology,Telecommunications Equipment,14.0,25.0,24.0,23.0,2.0214,2.0214,71.50K,49.60K,87.6,37.61,2.28B,No,49.45,52.47,54.7,50.79,52.21,498
3143,TOKYOPLAST.NS,76.01,78.94,1.31K,Producer Manufacturing,Miscellaneous Manufacturing,14.0,40.0,26.0,42.0,3.61,3.5543,1.67K,0.96K,140.85,53.86,722.20M,No,77.15,79.8,89.36,78.18,81.2,496
3144,SCILAL.NS,37.34,38.14,181.84K,Miscellaneous,Miscellaneous,14.0,28.0,10.0,13.0,0.935,0.91,207.83K,198.18K,55.0,34.3,17.39B,No,39.53,40.77,44.11,40.11,43.03,497
3145,NSDL.BO,795.45,802.7,410.09K,Finance,Savings Banks,14.0,52.0,25.0,21.0,9.3786,9.075,497.20K,375.05K,1325.0,788.0,159.09B,No,811.2,819.16,903.77,813.76,850.1,275
3146,ZMILGFIN.BO,44.87,44.64,86.01K,Finance,Financial Conglomerates,14.0,12.0,68.0,9.0,3.1093,3.1036,80.06K,33.77K,103.75,35.36,966.56M,No,45.99,44.33,53.9,44.42,50.74,495
3147,BOMDYEING.NS,107.58,111.27,754.32K,Process Industries,Textiles,14.0,34.0,10.0,35.0,3.8829,3.7957,749.66K,530.58K,191.0,92.0,22.22B,No,112.85,118.1,120.32,116.58,117.54,499
3148,NDRAUTO.NS,672.85,692.85,44.56K,Producer Manufacturing,Auto Parts: Oem,14.0,5.0,8.0,28.0,21.8214,21.4572,28.43K,11.82K,1186.6,605.05,16.05B,No,734.91,790.2,776.93,766.64,767.44,497
3149,COMMAND.BO,21.0,21.0,4.00K,Producer Manufacturing,Miscellaneous Manufacturing,14.0,38.0,24.0,15.0,0.0,0.0,0.19K,0.19K,32.68,21.0,196.91M,No,21.21,21.96,23.93,21.74,22.75,497
3150,MIVENMACH.BO,68.0,71.51,0.11K,Producer Manufacturing,Industrial Machinery,14.0,2.0,2.0,19.0,4.0129,2.6464,0.59K,1.06K,103.38,53.25,204.24M,No,71.57,78.78,80.75,76.86,79.2,496
3151,VSTTILLERS.NS,4030.3,4042.8999,7.12K,Producer Manufacturing,Trucks/Construction/Farm Machinery,14.0,15.0,23.0,7.0,85.9928,85.8285,9.32K,7.55K,6374.0,4009.4,34.87B,No,4266.92,4407.14,5068.97,4344.95,4740.89,498
3152,CONTILI.BO,19.67,20.2,2.04K,Distribution Services,Food Distributors,14.0,42.0,24.0,6.0,2.3843,2.3693,3.85K,3.85K,42.0,18.97,304.33M,No,19.89,20.65,23.7,20.45,23.5,495
3153,JAIPURKURT.NS,24.88,25.57,3.71K,Consumer Non-Durables,Apparel/Footwear,14.0,26.0,21.0,10.0,1.1214,1.1214,23.36K,16.98K,42.74,24.0,474.98M,No,26.23,26.99,30.62,26.61,28.91,495
3154,JYOTHYLAB.NS,192.22,195.06,403.66K,Consumer Non-Durables,Household/Personal Care,14.0,45.0,38.0,10.0,5.5571,5.5179,944.80K,1637.61K,327.7,188.1,70.59B,No,203.3,202.17,230.15,200.47,213.88,499
3155,DIGITIDE.NS,85.06,88.75,218.87K,Commercial Services,Miscellaneous Commercial Services,14.0,6.0,56.0,31.0,3.8379,3.8379,1847.40K,206.56K,196.12,69.9,12.69B,No,95.78,99.45,102.18,97.46,92.36,316
3156,SOMICONVEY.NS,91.01,92.93,11.11K,Producer Manufacturing,Miscellaneous Manufacturing,14.0,72.0,31.0,22.0,4.95,4.9357,50.16K,17.83K,169.4,80.16,1.11B,No,91.87,94.4,106.07,93.64,101.06,497
3157,NELCAST.NS,104.91,108.56,50.57K,Non-Energy Minerals,Steel,14.0,13.0,5.0,17.0,4.05,3.9557,336.00K,114.22K,173.2,85.98,9.15B,No,115.49,122.89,122.11,119.58,128.56,497
3158,1STCUS.BO,62.27,62.5,0.03K,Finance,Investment Banks/Brokers,14.0,72.0,30.0,9.0,4.4179,4.2664,0.24K,0.09K,103.0,54.55,93.41M,No,61.92,64.44,74.68,63.21,71.23,495
3159,JAMESWARREN.BO,250.7,252.1,0.44K,Consumer Non-Durables,Food: Major Diversified,14.0,48.0,34.0,13.0,7.45,7.45,1.32K,1.77K,385.4,248.05,927.59M,No,257.47,262.1,294.07,259.44,274.7,495
3160,VMM.NS,100.1,101.71,7671.39K,Retail Trade,Apparel/Footwear Retail,14.0,39.0,18.0,24.0,2.8771,2.7729,12773.83K,10303.32K,153.4,98.77,468.95B,No,105.99,108.99,118.57,105.78,112.84,435
3161,BONDADA.BO,275.25,281.6,80.80K,Industrial Services,Engineering & Construction,14.0,47.0,13.0,31.0,10.3536,10.0357,160.25K,140.50K,503.0,216.0,30.74B,No,283.39,293.06,321.59,287.96,309.66,495
3162,WIPRO.NS,170.0,167.4,11713.42K,Technology Services,Information Technology Services,14.0,27.0,36.0,13.0,4.2193,3.4907,15100.95K,9665.84K,273.1,165.16,1681.82B,No,176.3,178.67,206.43,178.38,188.18,499
3163,RCF.NS,108.59,111.45,1067.92K,Process Industries,Chemicals: Agricultural,13.0,11.0,15.0,15.0,3.4157,3.1764,1714.92K,1633.54K,157.9,106.0,59.91B,No,116.89,123.28,128.83,120.33,124.28,498
3164,USK.NS,20.64,20.64,21.33K,Industrial Services,Engineering & Construction,13.0,37.0,14.0,11.0,0.8657,0.8657,18.67K,17.83K,35.17,18.97,1.14B,No,21.17,21.81,22.93,21.46,22.9,496
3165,DBREALTY.NS,96.96,97.79,1376.61K,Finance,Real Estate Development,13.0,9.0,15.0,30.0,3.8664,3.8071,749.63K,1460.23K,183.9,83.5,52.59B,No,103.2,109.77,112.0,108.48,109.26,499
3166,PHARMAID.BO,29.82,30.31,3.88K,Health Technology,Pharmaceuticals: Major,13.0,12.0,55.0,14.0,2.2086,2.2086,12.31K,5.98K,66.0,25.6,1.05B,No,31.52,32.28,35.82,31.8,31.65,495
3167,FISCHER.NS,34.02,35.87,300.71K,Process Industries,Chemicals: Specialty,13.0,12.0,50.0,25.0,1.525,1.525,1875.21K,518.42K,124.7,31.05,23.28B,No,36.4,37.52,38.54,37.25,37.31,296
3168,SPTRSHI.BO,28.0,27.21,3.17K,Process Industries,Agricultural Commodities/Milling,13.0,93.0,30.0,2.0,2.3529,2.2221,3.69K,2.61K,49.0,19.5,952.62M,No,23.09,24.06,34.33,23.49,32.18,495
3169,MONIND.BO,20.86,21.94,0.10K,Non-Energy Minerals,Other Metals/Minerals,13.0,24.0,28.0,5.0,0.7007,0.3664,0.06K,0.09K,31.04,18.96,76.79M,No,21.1,24.01,27.64,23.41,26.57,497
3170,ROHLTD.NS,298.5,306.3,20.11K,Consumer Services,Hotels/Resorts/Cruise Lines,13.0,38.0,28.0,24.0,8.95,8.9321,24.28K,15.70K,562.95,269.4,8.19B,No,302.65,311.95,344.36,308.91,325.04,496
3171,ODYSSEY.BO,41.72,41.92,1.23K,Technology Services,Packaged Software,13.0,85.0,54.0,17.0,2.2071,2.1993,16.05K,8.41K,94.5,33.4,665.10M,No,37.53,38.97,48.6,39.06,42.62,495
3172,ELCIDIN.NS,102210.0,106850.0,0.01K,Finance,Financial Conglomerates,13.0,28.0,20.0,,2516.4286,2352.8571,0.01K,0.01K,137000.0,102210.0,,No,107746.0,110093.4,,109028.5,,103
3173,BSOFT.NS,286.45,281.65,8594.89K,Technology Services,Packaged Software,13.0,25.0,24.0,6.0,9.9571,9.3714,1871.73K,1364.81K,474.0,270.2,80.10B,No,292.29,296.86,356.38,296.55,327.16,499
3174,MAXIND.NS,139.12,146.0,80.77K,Health Services,Medical/Nursing Services,13.0,13.0,22.0,27.0,5.1707,5.1607,134.07K,53.61K,241.57,120.0,7.84B,No,149.43,159.84,163.3,157.71,156.36,496
3175,SINNAR.BO,689.8,689.8,0.01K,Consumer Non-Durables,Tobacco,13.0,64.0,13.0,10.0,12.1071,6.6714,0.02K,0.00K,996.0,613.0,275.92M,No,701.11,713.48,774.59,693.75,758.55,496
3176,GSLSEC.BO,37.65,37.01,0.02K,Finance,Financial Conglomerates,13.0,52.0,6.0,9.0,1.2393,0.795,0.38K,0.32K,58.98,33.21,160.96M,No,35.53,39.78,47.02,37.84,44.27,497
3177,MAPMYINDIA.NS,887.8,925.8,177.59K,Commercial Services,Miscellaneous Commercial Services,13.0,16.0,58.0,20.0,37.0714,37.0714,593.13K,171.41K,1998.0,795.0,48.62B,No,974.72,1040.52,1126.36,1021.14,954.96,497
3178,SFSL.BO,67.5,78.52,16.50K,Producer Manufacturing,Industrial Conglomerates,13.0,7.0,12.0,3.0,8.6914,1.695,2.71K,4.35K,143.46,63.0,140.94M,No,80.36,79.7,91.67,78.38,87.03,496
3179,CHEMTECH.BO,61.95,63.02,2.71K,Producer Manufacturing,Industrial Machinery,13.0,13.0,9.0,40.0,5.0329,5.0036,17.07K,30.48K,140.0,53.7,1.14B,No,64.38,69.39,74.89,66.6,73.05,495
3180,SHAKTIPUMP.NS,474.2,493.8,609.27K,Producer Manufacturing,Industrial Machinery,13.0,38.0,20.0,20.0,14.8357,13.0071,1160.53K,1752.42K,897.9,456.35,58.52B,No,486.43,515.89,565.94,507.48,523.5,499
3181,BATAINDIA.NS,640.15,648.65,174.46K,Consumer Non-Durables,Apparel/Footwear,13.0,6.0,40.0,19.0,10.8857,10.7893,631.37K,108.33K,1280.9,605.0,82.28B,No,681.14,693.75,763.39,689.96,698.99,499
3182,JOLYPLS.BO,40.35,40.35,0.17K,Distribution Services,Wholesale Distributors,13.0,29.0,53.0,74.0,2.3057,1.3071,0.48K,0.34K,182.55,18.24,269.39M,No,44.32,41.63,40.62,42.82,35.99,400
3183,ORIENTCEM.NS,121.98,125.58,433.79K,Non-Energy Minerals,Construction Materials,13.0,26.0,27.0,14.0,3.1457,3.13,235.64K,219.19K,237.29,121.2,25.06B,No,128.84,133.34,145.41,131.73,136.24,498
3184,INDBANK.NS,26.71,27.64,37.04K,Finance,Investment Banks/Brokers,13.0,4.0,8.0,11.0,1.1843,1.1843,63.77K,142.41K,47.15,26.4,1.19B,No,30.12,31.84,33.73,31.09,32.56,499
3185,RODIUM.BO,142.05,140.65,0.00K,Finance,Real Estate Development,13.0,10.0,12.0,9.0,16.7571,16.5286,1.05K,1.50K,224.8,125.0,530.32M,No,146.76,158.95,165.37,155.33,164.33,495
3186,THRIVE.BO,82.19,85.0,9.65K,Consumer Non-Durables,Household/Personal Care,13.0,87.0,25.0,6.0,6.6936,5.5743,3.50K,1.59K,149.45,61.0,930.36M,No,80.52,83.44,105.49,81.86,98.93,495
3187,GODAVARIB.NS,226.63,233.65,65.92K,Process Industries,Agricultural Commodities/Milling,13.0,24.0,5.0,7.0,7.2,7.1657,274.45K,80.72K,353.0,225.02,11.60B,No,240.42,254.13,278.03,247.57,281.52,467
3188,DEVX.NS,33.3,34.05,51.74K,Finance,Real Estate Development,13.0,65.0,31.0,18.0,1.7229,1.685,109.10K,134.46K,64.05,29.95,3.15B,No,33.92,34.13,38.02,34.13,36.83,248
3189,QUICKHEAL.NS,158.81,147.52,2076.38K,Technology Services,Packaged Software,13.0,78.0,31.0,38.0,7.6879,6.71,67.82K,142.50K,371.4,125.0,8.62B,No,143.44,152.24,185.54,150.14,163.59,499
3190,FLAIR.NS,233.73,236.08,69.49K,Producer Manufacturing,Office Equipment/Supplies,13.0,26.0,22.0,7.0,6.5229,6.515,146.59K,129.15K,345.0,232.02,24.63B,No,245.7,251.2,290.23,248.95,282.26,498
3191,PANELEC.BO,28.88,27.01,4.40K,Electronic Technology,Electronic Components,13.0,88.0,74.0,5.0,3.3607,3.36,1.59K,1.67K,69.8,21.73,115.52M,No,26.36,26.23,33.86,26.29,29.6,495
3192,JISLJALEQS.NS,29.23,29.71,1419.78K,Producer Manufacturing,Trucks/Construction/Farm Machinery,13.0,80.0,33.0,22.0,1.3629,1.3321,3602.51K,6152.53K,59.0,26.11,21.44B,No,28.9,29.81,33.75,29.46,31.35,498
3193,ZR2.BO,128.0,125.85,0.05K,Process Industries,Chemicals: Specialty,13.0,85.0,59.0,42.0,7.1143,6.6436,0.15K,0.14K,413.8,90.0,456.81M,No,117.64,116.04,156.83,117.15,125.79,495
3194,ASGARD.BO,33.4,34.36,93.74K,Producer Manufacturing,Metal Fabrication,13.0,85.0,55.0,13.0,1.6557,1.6557,54.90K,106.93K,63.0,27.21,10.41B,No,32.2,31.74,40.88,32.0,36.16,495
3195,RESPONSINF.BO,20.23,21.1,0.60K,Commercial Services,Miscellaneous Commercial Services,13.0,82.0,19.0,10.0,1.3486,1.1343,1.68K,2.16K,42.61,16.4,170.89M,No,20.21,19.77,24.8,19.78,22.06,495
3196,BLS.NS,228.51,231.58,1252.01K,Technology Services,Data Processing Services,13.0,4.0,20.0,23.0,6.1586,5.9893,2049.59K,938.47K,372.1,218.9,94.04B,No,244.3,245.18,271.45,245.03,258.05,499
3197,GTV.BO,54.02,60.17,148.27K,Industrial Services,Engineering & Construction,13.0,2.0,3.0,25.0,3.3329,3.3257,63.46K,47.88K,83.9,41.55,2.74B,No,66.28,68.39,64.11,66.53,66.97,496
3198,REGENCERAM.NS,34.0,34.1,3.94K,Producer Manufacturing,Building Products,13.0,6.0,14.0,12.0,2.6507,2.6414,12.01K,2.92K,54.99,30.0,899.01M,No,34.69,35.39,41.81,34.48,39.62,497
3199,SANBLUE.BO,31.08,31.08,0.03K,Distribution Services,Wholesale Distributors,13.0,79.0,23.0,6.0,0.2271,0.0421,0.05K,0.08K,59.32,27.95,155.39M,No,28.63,29.06,37.58,29.13,33.45,496
3200,SHREYANIND.NS,126.17,132.8,4.74K,Process Industries,Pulp & Paper,12.0,47.0,29.0,12.0,4.7021,4.6036,7.50K,7.54K,247.22,121.76,1.74B,No,128.06,134.48,152.31,132.49,144.64,497
3201,METALCO.BO,48.25,49.79,0.19K,Non-Energy Minerals,Steel,12.0,29.0,22.0,20.0,2.7836,2.7629,1.15K,1.50K,78.9,44.5,353.52M,No,52.5,52.17,57.98,52.38,54.1,495
3202,SAFFRON.BO,25.04,24.9,0.61K,Finance,Real Estate Development,12.0,41.0,18.0,19.0,1.5221,1.4229,2.97K,2.84K,104.13,22.11,179.92M,No,25.85,26.61,30.74,25.99,28.78,495
3203,HORIZON.BO,117.25,123.35,22.80K,Producer Manufacturing,Miscellaneous Manufacturing,12.0,38.0,,,5.7357,5.4286,154.68K,33.60K,164.6,103.0,2.29B,No,121.13,132.44,,131.32,,62
3204,SWANCORP.NS,292.6,296.45,2807.63K,Utilities,Electric Utilities,12.0,44.0,35.0,11.0,11.25,11.125,1896.94K,6563.26K,506.0,273.65,91.72B,No,293.75,304.57,356.16,301.38,319.97,499
3205,BBL.NS,2180.1,2246.5,28.88K,Producer Manufacturing,Electrical Products,12.0,38.0,6.0,25.0,59.8714,59.7714,32.14K,19.70K,3411.0,2051.7,24.64B,No,2309.49,2445.03,2613.75,2379.06,2555.51,498
3206,EUROBOND.NS,146.98,150.46,2.05K,Non-Energy Minerals,Aluminum,12.0,15.0,15.0,22.0,7.7307,7.6971,6.88K,3.54K,234.8,126.3,3.60B,No,152.86,159.08,169.46,156.44,165.02,496
3207,RALLIS.NS,200.82,201.99,1097.88K,Process Industries,Chemicals: Agricultural,12.0,37.0,22.0,10.0,4.2129,4.2079,961.29K,745.83K,342.1,199.5,39.05B,No,208.6,216.54,245.41,212.88,235.08,499
3208,ABRIL.BO,31.49,31.3,14.00K,Process Industries,Pulp & Paper,12.0,22.0,13.0,24.0,1.1543,0.8629,7.11K,10.20K,56.9,25.5,251.35M,No,33.56,34.57,37.46,33.69,35.72,255
3209,AIHL.BO,31.35,33.0,0.00K,Distribution Services,Wholesale Distributors,12.0,9.0,25.0,2.0,1.005,0.3514,1.34K,0.03K,50.36,27.1,65.55M,No,34.95,33.64,41.94,34.17,41.06,496
3210,HGM.NS,46.77,48.68,5.58K,Technology Services,Data Processing Services,12.0,56.0,21.0,22.0,3.6579,3.6443,6.91K,15.12K,82.0,42.0,589.07M,No,46.87,48.34,55.86,48.07,51.88,497
3211,MEDIASSIST.NS,309.9,316.4,149.89K,Finance,Investment Managers,12.0,14.0,15.0,29.0,11.1929,11.0464,159.27K,170.49K,575.55,293.0,23.15B,No,338.43,348.02,378.51,342.94,349.37,498
3212,UNIECOM.NS,82.2,83.33,152.34K,Technology Services,Packaged Software,12.0,41.0,33.0,12.0,2.99,2.99,488.65K,297.64K,152.98,78.51,9.24B,No,86.02,86.12,97.07,85.4,89.97,499
3213,ARENTERP.NS,32.64,33.34,0.55K,Non-Energy Minerals,Construction Materials,12.0,5.0,21.0,13.0,1.7236,1.7229,10.84K,1.43K,60.79,30.01,105.55M,No,35.85,37.3,40.52,37.49,38.41,496
3214,CAPACITE.NS,189.57,191.98,319.34K,Industrial Services,Engineering & Construction,12.0,21.0,16.0,17.0,8.5357,7.7864,587.09K,371.34K,334.0,180.0,16.04B,No,209.34,216.88,233.91,210.93,225.63,498
3215,SURAJLTD.NS,195.75,199.99,1.31K,Non-Energy Minerals,Steel,12.0,11.0,19.0,14.0,8.2886,8.2743,2.11K,2.71K,348.65,192.0,3.59B,No,204.2,216.24,232.78,212.09,226.74,497
3216,SMLT.NS,62.18,62.29,2.69K,Non-Energy Minerals,Steel,12.0,9.0,24.0,19.0,3.1064,3.0521,6.87K,7.91K,121.0,56.61,851.23M,No,65.95,67.28,73.29,66.97,69.27,498
3217,VIPCLOTHNG.NS,20.57,21.38,140.14K,Consumer Non-Durables,Apparel/Footwear,12.0,61.0,11.0,52.0,1.015,0.9979,61.59K,89.65K,41.2,14.05,1.85B,No,20.56,21.42,24.36,20.85,22.05,497
3218,GARNETINT.BO,59.47,58.96,0.18K,Process Industries,Textiles,12.0,46.0,12.0,35.0,3.4307,3.0179,5.37K,4.91K,126.95,42.0,1.17B,No,57.23,60.92,60.46,60.31,59.46,495
3219,THOMASCOTT.NS,237.9,237.55,60.89K,Consumer Non-Durables,Apparel/Footwear,12.0,0.0,14.0,33.0,11.8571,11.8571,76.37K,54.46K,459.8,229.75,3.53B,No,267.72,296.18,297.97,288.05,282.47,499
3220,INNOVATORS.BO,113.65,112.6,8.80K,Process Industries,Industrial Specialties,12.0,43.0,24.0,23.0,3.4321,2.9357,16.70K,25.28K,234.6,102.0,2.14B,No,114.84,117.04,146.12,116.61,128.11,495
3221,SKFINDIA.NS,1508.5,1527.8,23.49K,Producer Manufacturing,Metal Fabrication,12.0,43.0,33.0,27.0,31.0643,31.0643,71.07K,31.73K,5074.0,1404.0,74.58B,No,1561.13,1538.32,1663.46,1530.13,1602.59,499
3222,SALZERELEC.NS,531.45,550.55,34.98K,Producer Manufacturing,Electrical Products,12.0,29.0,13.0,18.0,16.4929,16.4929,47.97K,41.63K,952.5,488.8,9.40B,No,554.11,576.13,622.39,567.52,605.8,498
3223,ZSARACOM.NS,10337.0,10797.0,0.04K,Finance,Financial Conglomerates,12.0,,,,612.5714,608.7857,0.07K,0.09K,13418.0,9808.0,11.33B,No,11343.35,,,,,20
3224,TMPV.NS,303.6,301.1,18996.55K,Consumer Durables,Motor Vehicles,12.0,21.0,6.0,21.0,6.9857,6.6714,10234.11K,7039.37K,739.7,294.3,1118.13B,No,311.81,327.0,348.42,323.41,341.63,499
3225,TREJHARA.NS,137.1,143.02,7.18K,Technology Services,Information Technology Services,12.0,5.0,47.0,10.0,7.3443,7.15,28.72K,18.06K,284.85,128.4,3.31B,No,151.02,146.93,174.96,148.42,152.52,496
3226,INNOVANA.NS,306.1,327.0,29.41K,Technology Services,Packaged Software,12.0,30.0,46.0,10.0,18.225,18.0179,11.98K,27.72K,550.0,290.0,6.32B,No,309.45,320.55,364.94,321.8,345.2,496
3227,MOIL.NS,238.54,244.93,755.42K,Non-Energy Minerals,Other Metals/Minerals,12.0,7.0,9.0,16.0,7.2029,6.95,1196.29K,907.05K,404.9,237.26,48.54B,No,253.75,266.84,301.5,261.88,284.84,498
3228,CLENON.BO,40.66,39.76,0.37K,Producer Manufacturing,Electrical Products,12.0,20.0,20.0,4.0,0.4857,0.4279,0.33K,0.02K,62.96,37.78,444.83M,No,40.81,44.07,51.26,43.62,48.92,498
3229,EVERESTO.BO,251.35,265.1,2.99K,Distribution Services,Medical Distributors,12.0,4.0,46.0,13.0,13.4357,11.3179,2.06K,1.34K,536.4,197.0,2.44B,No,283.12,294.8,326.73,284.76,274.95,495
3230,ICODEX.BO,37.2,38.74,2.40K,Technology Services,Packaged Software,12.0,49.0,14.0,33.0,2.4064,1.98,8.30K,16.53K,60.3,29.01,581.70M,No,37.52,38.09,42.86,38.21,41.02,268
3231,IRCTC.NS,458.55,462.9,659.87K,Consumer Services,Other Consumer Services,12.0,22.0,24.0,14.0,6.4143,6.1321,832.95K,593.83K,739.0,457.0,366.84B,No,479.95,493.8,559.73,487.66,516.59,498
3232,SUNTECK.NS,276.2,288.0,243.61K,Finance,Real Estate Development,12.0,28.0,34.0,8.0,8.0179,7.6714,308.94K,108.91K,472.5,270.75,40.56B,No,298.63,304.81,343.56,298.68,314.28,498
3233,ATISHAY.BO,140.6,154.1,12.75K,Technology Services,Information Technology Services,12.0,9.0,2.0,4.0,9.0821,9.0,4.53K,2.23K,235.0,119.4,1.55B,No,152.6,166.76,190.27,157.75,189.03,495
3234,CONTCHM.BO,53.71,56.53,0.02K,Technology Services,Packaged Software,12.0,10.0,7.0,8.0,2.0186,1.4643,0.07K,0.15K,87.08,53.71,120.79M,No,59.97,60.54,66.06,59.91,62.72,495
3235,IPL.NS,132.68,133.69,99.69K,Process Industries,Chemicals: Agricultural,12.0,33.0,10.0,18.0,2.6871,2.4829,218.88K,79.71K,240.25,125.0,15.28B,No,137.6,145.43,156.54,142.56,150.68,497
3236,PAKKA.NS,74.85,76.57,174.12K,Process Industries,Pulp & Paper,12.0,63.0,34.0,29.0,3.7314,3.4957,151.58K,145.45K,178.84,69.1,3.57B,No,80.36,75.59,88.45,74.69,82.96,497
3237,BLT.BO,28.0,26.8,9.60K,Transportation,Trucking,11.0,71.0,45.0,17.0,0.4221,0.3279,1.73K,1.07K,66.75,20.6,134.29M,No,26.87,27.99,33.08,27.69,29.36,274
3238,DHANLAXMI.NS,55.0,23.6,,Process Industries,Agricultural Commodities/Milling,11.0,21.0,9.0,31.0,0.9286,0.575,16.16K,3.80K,55.0,20.05,,No,24.76,25.04,28.07,24.91,26.97,433
3239,ZWELCAST.BO,622.9,650.0,0.38K,Non-Energy Minerals,Construction Materials,11.0,52.0,17.0,20.0,18.0929,14.2643,0.13K,0.12K,1095.95,595.65,397.51M,No,632.17,666.85,724.0,661.18,689.89,494
3240,SANINFRA.BO,48.05,49.8,1.76K,Distribution Services,Wholesale Distributors,11.0,36.0,65.0,7.0,2.3393,2.3371,4.94K,3.64K,97.9,38.88,759.23M,No,49.29,49.96,63.35,49.65,58.69,498
3241,BIKAJI.NS,541.6,548.25,111.37K,Consumer Non-Durables,Food: Specialty/Candy,11.0,12.0,11.0,19.0,16.6071,16.0107,142.51K,219.83K,801.3,535.35,135.80B,No,594.34,619.46,656.02,604.62,633.05,497
3242,KLRFM.BO,82.9,83.28,2.68K,Process Industries,Agricultural Commodities/Milling,11.0,36.0,12.0,10.0,4.12,4.0557,3.51K,2.09K,145.0,76.2,749.54M,No,85.18,90.01,98.34,88.69,98.06,495
3243,STUDDS.NS,410.7,418.65,20.25K,Consumer Durables,Recreational Products,11.0,46.0,12.0,8.0,10.875,10.875,53.76K,47.81K,600.0,410.0,16.16B,No,436.13,441.42,483.12,435.97,462.64,215
3244,LGT.BO,40.9,39.45,2.40K,Consumer Services,Other Consumer Services,11.0,66.0,40.0,3.0,1.1693,0.7086,10.11K,4.44K,85.5,36.0,383.35M,No,39.42,41.33,53.16,41.51,47.08,263
3245,ITHL.BO,275.15,283.4,3.56K,Consumer Services,Other Consumer Services,11.0,16.0,26.0,16.0,9.4571,9.3214,2.44K,2.86K,508.0,266.0,2.20B,No,295.15,306.05,329.32,300.35,312.22,495
3246,SWANAGRO.BO,39.05,39.51,2.00K,Producer Manufacturing,Trucks/Construction/Farm Machinery,11.0,14.0,36.0,15.0,1.2236,0.7221,4.44K,6.40K,68.0,38.5,742.58M,No,41.94,42.74,47.81,42.04,43.65,496
3247,HDFCLIFE.NS,516.1,530.0,4842.74K,Finance,Multi-Line Insurance,11.0,44.0,28.0,9.0,12.8464,12.4036,3408.99K,3685.44K,796.9,508.7,1120.99B,No,538.49,546.79,633.37,543.83,584.29,499
3248,HAPPSTMNDS.NS,325.6,332.35,1167.57K,Technology Services,Data Processing Services,11.0,2.0,34.0,8.0,17.3643,16.9393,2007.72K,3091.79K,583.4,324.1,48.93B,No,384.95,385.67,394.65,382.18,374.41,499
3249,VEEFIN.BO,252.7,250.7,32.60K,Technology Services,Packaged Software,11.0,58.0,16.0,37.0,13.9321,13.9321,39.88K,48.56K,411.1,211.05,6.45B,No,240.23,277.56,303.26,267.64,286.64,495
3250,RAILTEL.NS,252.4,259.9,416.49K,Communications,Major Telecommunications,11.0,13.0,8.0,18.0,5.9286,5.6036,806.26K,444.30K,412.9,245.0,81.00B,No,274.32,286.22,312.51,278.74,296.76,498
3251,VASWANI.NS,44.67,45.88,41.92K,Non-Energy Minerals,Steel,11.0,6.0,5.0,11.0,2.2679,2.1843,33.37K,21.77K,69.99,44.1,1.47B,No,47.18,50.61,54.91,49.46,53.79,496
3252,JSLL.NS,500.25,511.85,305.60K,Health Services,Medical/Nursing Services,11.0,38.0,11.0,9.0,16.85,16.3607,706.43K,567.10K,849.5,492.0,62.18B,No,508.93,543.65,629.9,537.23,594.13,498
3253,NACDAC.BO,22.3,21.7,20.00K,Consumer Durables,Homebuilding,11.0,32.0,10.0,22.0,0.7971,0.3479,12.95K,14.00K,55.13,21.01,234.71M,No,23.63,24.27,28.39,24.27,25.95,427
3254,GODREJCP.NS,857.0,865.0,1176.46K,Consumer Non-Durables,Household/Personal Care,11.0,24.0,13.0,8.0,17.4143,16.4357,1531.21K,1854.80K,1273.9,855.15,876.97B,No,900.59,988.91,1080.41,963.41,1024.4,499
3255,ORIBEVER.BO,159.1,164.6,2.92K,Consumer Non-Durables,Beverages: Non-Alcoholic,11.0,8.0,11.0,5.0,6.2429,6.1036,1.31K,1.34K,291.25,157.0,344.04M,No,174.98,180.38,196.12,176.53,196.73,495
3256,MICEL.NS,34.79,35.49,104.80K,Health Technology,Medical Specialties,11.0,44.0,11.0,39.0,1.0979,0.6757,248.13K,134.76K,73.1,29.97,10.36B,No,37.05,37.16,40.06,37.09,39.05,498
3257,ZEEL.NS,77.41,79.36,13901.18K,Consumer Services,Broadcasting,11.0,1.0,3.0,30.0,4.3843,4.1236,31238.64K,30537.91K,121.8,68.0,74.35B,No,94.95,99.29,92.82,98.14,93.36,499
3258,CONTPTR.BO,75.7,74.99,0.02K,Energy Minerals,Oil Refining/Marketing,11.0,60.0,8.0,35.0,4.1079,3.6907,2.69K,1.02K,125.0,65.0,641.02M,No,77.21,77.27,90.3,76.66,85.11,495
3259,GANESHCP.NS,163.79,167.36,70.31K,Process Industries,Agricultural Commodities/Milling,11.0,67.0,9.0,31.0,7.4593,7.345,158.91K,231.40K,309.95,152.0,6.62B,No,166.99,171.28,193.86,169.13,183.13,239
3260,GEMENVIRO.BO,34.24,33.87,10.40K,Transportation,Trucking,11.0,66.0,18.0,15.0,1.5064,1.5064,7.81K,11.84K,74.44,31.83,772.13M,No,34.68,35.98,42.36,35.47,39.28,496
3261,COMRADE.BO,35.0,36.0,4.00K,Producer Manufacturing,Industrial Machinery,11.0,4.0,69.0,21.0,0.4114,0.1943,5.70K,1.44K,111.27,20.54,272.26M,No,37.27,37.64,41.69,38.77,35.28,498
3262,HERANBA.NS,165.95,171.58,25.09K,Process Industries,Chemicals: Agricultural,11.0,57.0,22.0,19.0,5.9629,5.9407,42.62K,34.70K,332.25,155.38,6.64B,No,170.72,175.23,200.34,173.18,185.65,498
3263,HOWARHO.BO,18.2,18.26,0.58K,Consumer Services,Hotels/Resorts/Cruise Lines,11.0,34.0,3.0,4.0,1.0943,0.8257,0.83K,0.58K,33.9,16.74,165.86M,No,18.78,20.05,22.81,19.91,22.99,496
3264,RATNABHUMI.BO,174.0,174.0,0.00K,Finance,Real Estate Development,11.0,62.0,2.0,19.0,0.0,0.0,0.01K,0.01K,318.0,174.0,2.38B,No,174.0,179.14,221.02,177.26,219.12,497
3265,TTML.NS,36.15,35.6,2840.65K,Communications,Specialty Telecommunications,11.0,32.0,10.0,25.0,1.1943,1.1536,2813.77K,1594.13K,60.62,31.22,70.67B,No,37.36,38.84,42.59,38.37,40.64,499
3266,HILINFRA.NS,43.6,41.53,189.76K,Transportation,Other Transportation,11.0,53.0,31.0,15.0,1.7271,1.695,54.25K,65.59K,91.3,40.1,3.13B,No,44.56,44.94,50.84,44.39,47.73,272
3267,ASALCBR.NS,661.9,676.7,38.90K,Consumer Non-Durables,Beverages: Alcoholic,11.0,23.0,8.0,18.0,19.8607,19.5572,31.99K,30.50K,1277.0,660.3,13.29B,No,707.49,755.22,831.61,733.33,792.23,497
3268,EUREKAFORB.NS,394.3,394.15,97.51K,Producer Manufacturing,Industrial Machinery,11.0,14.0,20.0,19.0,14.2143,14.1071,159.78K,129.81K,668.3,388.6,76.35B,No,416.56,438.42,495.71,428.7,455.57,498
3269,ASHOKA.NS,111.37,113.86,542.06K,Industrial Services,Engineering & Construction,11.0,58.0,15.0,27.0,3.61,3.1679,2449.88K,11507.20K,214.5,101.0,31.26B,No,114.45,119.46,134.78,116.43,122.76,498
3270,RADIXIND.BO,138.55,134.5,0.10K,Consumer Non-Durables,Consumer Sundries,11.0,67.0,5.0,7.0,7.175,6.4929,0.21K,0.12K,226.4,126.55,2.08B,No,141.77,145.14,175.02,140.83,170.95,496
3271,SRD.NS,39.3,38.27,53.35K,Distribution Services,Wholesale Distributors,11.0,48.0,55.0,8.0,1.3507,1.3107,36.65K,31.51K,75.79,36.0,2.51B,No,39.6,39.04,47.78,38.78,41.57,480
3272,7TEC.BO,32.45,33.75,2.17K,Technology Services,Information Technology Services,11.0,73.0,5.0,26.0,1.5221,1.5107,21.25K,4.86K,49.7,30.06,353.02M,No,33.35,34.66,38.3,33.79,35.42,495
3273,GITARENEW.BO,69.42,70.01,0.81K,Utilities,Electric Utilities,11.0,43.0,25.0,49.0,2.7886,2.7507,0.87K,1.00K,115.0,60.11,285.48M,No,70.37,72.7,79.36,72.21,77.04,495
3274,EDVENSWA.BO,22.04,23.5,38.61K,Technology Services,Information Technology Services,10.0,68.0,19.0,22.0,1.3307,1.2964,10.18K,11.63K,48.79,19.01,643.92M,No,21.2,21.99,26.8,21.77,24.94,495
3275,NBCC.NS,80.69,82.9,5840.82K,Commercial Services,Miscellaneous Commercial Services,10.0,19.0,4.0,26.0,1.7071,1.5829,8195.50K,4311.05K,125.85,77.18,217.86B,No,86.42,91.8,97.84,89.69,93.21,499
3276,ICICIGI.NS,1427.7,1459.8,951.78K,Finance,Specialty Insurance,10.0,11.0,12.0,6.0,30.2857,28.9143,1074.77K,666.41K,2064.9,1423.1,713.28B,No,1555.21,1632.12,1795.92,1574.32,1726.88,498
3277,GODIGIT.NS,251.5,256.2,89.33K,Finance,Multi-Line Insurance,10.0,47.0,17.0,6.0,6.7893,6.7643,687.63K,165.20K,381.4,244.2,232.51B,No,257.3,268.38,310.34,261.56,298.48,498
3278,SHRDAIS.BO,141.15,153.0,0.50K,Non-Energy Minerals,Steel,10.0,38.0,13.0,29.0,10.075,8.4357,0.69K,0.40K,289.5,125.0,716.59M,No,150.42,154.86,166.69,152.25,156.84,495
3279,NSBBPO.BO,60.47,59.2,3.00K,Commercial Services,Miscellaneous Commercial Services,10.0,11.0,32.0,9.0,0.6464,0.3214,1.30K,6.40K,127.5,59.0,1.21B,No,63.81,65.35,75.11,65.32,68.72,232
3280,INTENTECH.NS,77.76,78.53,8.26K,Technology Services,Information Technology Services,10.0,45.0,4.0,15.0,3.565,3.5171,36.08K,15.53K,149.9,66.3,1.82B,No,80.81,85.57,100.24,83.53,92.76,496
3281,RETINA.BO,43.23,38.7,4.00K,Process Industries,Industrial Specialties,10.0,80.0,36.0,7.0,3.0036,2.3307,22.67K,45.60K,77.95,35.11,663.15M,No,39.7,40.48,53.2,40.35,47.68,496
3282,MEDPLUS.NS,656.3,660.15,61.60K,Retail Trade,Drugstore Chains,10.0,54.0,5.0,9.0,17.45,16.7821,214.97K,116.05K,1022.2,648.0,78.81B,No,668.91,712.93,811.33,695.45,806.2,496
3283,MUFTI.NS,72.49,72.78,57.21K,Retail Trade,Apparel/Footwear Retail,10.0,28.0,12.0,24.0,2.6407,2.5543,106.26K,85.23K,122.0,63.06,4.74B,No,75.22,80.22,85.5,78.66,80.93,498
3284,RAJESH.BO,763.1,795.45,40.10K,Industrial Services,Engineering & Construction,10.0,22.0,28.0,18.0,22.3321,22.0,30.66K,26.46K,1624.95,750.0,13.74B,No,802.52,828.99,911.78,823.66,866.18,441
3285,YASHCHEM.BO,50.06,52.2,2.99K,Process Industries,Chemicals: Specialty,10.0,44.0,58.0,7.0,4.38,4.315,2.36K,5.43K,111.0,39.96,512.79M,No,49.76,50.11,59.84,50.14,53.44,495
3286,ITC.NS,258.0,259.85,12129.37K,Consumer Non-Durables,Tobacco,10.0,28.0,24.0,12.0,5.3143,4.8857,14010.54K,15062.82K,426.4,255.5,3232.68B,No,265.24,275.29,310.57,272.68,289.74,499
3287,MIDWESTLTD.NS,974.3,1016.4,50.24K,Non-Energy Minerals,Construction Materials,10.0,9.0,5.0,9.0,39.3,39.3,20.22K,31.34K,1859.9,967.6,35.23B,No,1091.36,1177.19,1311.4,1133.29,1224.23,223
3288,BRADYM.BO,670.8,683.65,0.20K,Producer Manufacturing,Industrial Machinery,10.0,16.0,9.0,26.0,29.7071,29.4429,0.19K,0.25K,1375.0,650.0,1.51B,No,690.85,717.46,809.8,704.24,780.85,495
3289,SAMBANDAM.NS,111.65,111.65,0.00K,Process Industries,Textiles,10.0,,,,6.5271,5.9007,9.35K,0.34K,161.9,80.05,,No,,,,,,15
3290,ALPHALOGIC.BO,40.0,40.5,1.30K,Commercial Services,Miscellaneous Commercial Services,10.0,42.0,9.0,49.0,2.5729,2.5443,4.63K,3.15K,93.5,32.5,2.50B,No,40.72,41.73,48.76,41.17,46.16,495
3291,SERVOTECH.NS,72.86,77.28,844.72K,Producer Manufacturing,Electrical Products,10.0,13.0,3.0,48.0,2.1929,2.1643,757.55K,313.96K,141.5,57.51,16.46B,No,80.03,87.43,84.39,84.19,86.5,498
3292,TIGERLOGS.NS,27.4,27.16,100.47K,Transportation,Air Freight/Couriers,10.0,79.0,7.0,35.0,1.4807,1.4807,152.72K,73.97K,56.69,22.9,2.90B,No,28.69,29.4,32.56,28.82,31.5,248
3293,GODFRYPHLP.NS,1915.0,1927.0,153.54K,Consumer Non-Durables,Tobacco,10.0,14.0,18.0,27.0,45.3786,43.35,343.37K,162.51K,3947.0,1832.1,298.71B,No,2063.88,2118.77,2228.97,2094.16,2145.64,498
3294,AHLADA.NS,34.99,35.06,10.91K,Producer Manufacturing,Building Products,10.0,7.0,18.0,17.0,1.7071,1.7071,15.47K,12.86K,72.0,31.22,452.11M,No,37.25,37.81,43.41,37.3,40.04,498
3295,BHARATAGRI.BO,22.49,22.1,8.54K,Process Industries,Chemicals: Agricultural,10.0,56.0,5.0,34.0,1.2907,1.2893,21.30K,16.76K,35.4,20.0,1.19B,No,22.76,23.18,26.6,23.01,25.79,495
3296,URAVIDEF.NS,112.01,114.0,1.57K,Producer Manufacturing,Electrical Products,10.0,74.0,48.0,12.0,4.3579,3.8836,45.15K,6.61K,374.55,101.0,1.28B,No,111.71,113.11,141.78,111.85,123.45,496
3297,DPWIRES.NS,145.39,150.33,8.28K,Producer Manufacturing,Metal Fabrication,10.0,12.0,13.0,48.0,5.4157,5.3871,31.25K,6.04K,286.4,125.02,2.25B,No,155.49,164.81,174.38,159.69,166.9,496
3298,CALCOM.BO,69.99,71.88,1.09K,Producer Manufacturing,Electrical Products,10.0,32.0,20.0,19.0,3.9057,3.8729,5.61K,1.98K,147.5,67.01,978.83M,No,71.01,74.66,88.31,73.67,77.63,495
3299,SHRADHA.NS,29.97,30.84,1.49K,Industrial Services,Engineering & Construction,10.0,12.0,23.0,17.0,1.6729,1.6729,71.38K,16.23K,58.95,26.34,2.43B,No,32.15,33.48,36.16,33.24,34.28,496
3300,AWFIS.NS,275.15,293.2,3801.93K,Finance,Real Estate Development,10.0,70.0,29.0,35.0,14.3107,14.2,631.26K,2602.60K,639.4,229.05,19.69B,No,263.41,274.87,341.38,272.7,297.13,499
3301,CASPIAN.BO,34.37,34.13,2.91K,Commercial Services,Personnel Services,10.0,58.0,31.0,44.0,1.9857,1.9657,2.62K,3.55K,120.0,28.82,435.12M,No,34.69,34.68,44.25,34.72,36.0,496
3302,VARYAA.BO,26.01,26.85,4.00K,Consumer Durables,Other Consumer Specialties,10.0,29.0,11.0,20.0,1.5393,0.6814,1.51K,2.00K,48.0,24.02,124.59M,No,27.12,28.06,31.03,27.19,29.32,497
3303,HUBTOWN.NS,173.18,181.21,309.47K,Finance,Real Estate Development,10.0,23.0,28.0,10.0,6.9164,6.8857,595.37K,466.50K,339.0,168.15,24.61B,No,185.44,191.15,211.46,187.36,198.17,498
3304,GOGIACAPGL.BO,52.5,50.0,0.01K,Finance,Investment Banks/Brokers,10.0,74.0,45.0,3.0,0.3464,0.1786,0.35K,2.22K,97.59,45.45,331.86M,No,48.84,49.33,65.51,49.74,59.62,498
3305,FORTISMLR.BO,43.7,44.1,6.55K,Health Services,Hospital/Nursing Management,10.0,15.0,12.0,15.0,1.5486,1.5414,6.21K,6.17K,76.0,40.75,819.01M,No,46.35,48.64,53.6,47.57,51.19,495
3306,GENESYS.NS,285.51,307.81,944.99K,Technology Services,Packaged Software,10.0,98.0,26.0,40.0,24.6907,23.5907,1291.74K,2771.51K,612.0,168.5,19.09B,No,232.57,248.49,297.97,244.72,267.21,499
3307,DEVIT.NS,23.8,24.18,25.15K,Technology Services,Information Technology Services,10.0,14.0,16.0,19.0,0.9936,0.9936,62.68K,38.39K,45.0,22.25,1.36B,No,24.73,26.23,29.52,25.54,27.18,497
3308,FINOPB.NS,137.73,139.83,136.38K,Finance,Regional Banks,10.0,6.0,53.0,8.0,4.8393,4.8314,3168.03K,276.98K,339.0,110.03,11.46B,No,142.62,152.42,176.62,151.0,144.45,498
3309,ATVPR.BO,24.8,25.17,20.67K,Producer Manufacturing,Industrial Machinery,10.0,15.0,17.0,8.0,1.5943,1.5943,20.81K,15.33K,44.4,21.55,1.32B,No,26.16,25.39,31.69,25.5,28.94,495
3310,ASTRAZEN.NS,6695.5,6764.5,14.84K,Health Technology,Pharmaceuticals: Major,10.0,8.0,8.0,7.0,129.7143,128.2857,10.88K,5.10K,9849.5,6600.0,167.39B,No,7108.77,7697.2,8356.22,7499.9,8094.47,497
3311,MBLINFRA.NS,22.56,23.0,13.46K,Industrial Services,Engineering & Construction,9.0,24.0,15.0,19.0,1.3671,1.3671,32.70K,34.55K,52.48,18.37,3.52B,No,23.48,24.48,26.68,24.15,25.09,498
3312,AAIL.BO,84.33,87.12,5.41K,Consumer Durables,Tools & Hardware,9.0,2.0,35.0,15.0,4.0786,3.9607,9.29K,3.80K,204.6,74.05,909.75M,No,91.03,99.85,101.27,99.69,94.66,495
3313,SHALBY.NS,137.21,144.78,364.44K,Health Services,Hospital/Nursing Management,9.0,12.0,9.0,29.0,4.9021,4.8593,66.33K,64.50K,274.7,125.82,14.75B,No,151.77,159.12,166.91,154.37,157.68,498
3314,NISMGMT.BO,45.79,44.33,1.20K,Commercial Services,Miscellaneous Commercial Services,9.0,36.0,45.0,11.0,1.7614,1.1071,5.49K,2.28K,103.0,36.2,906.65M,No,46.63,46.73,56.61,47.08,49.75,258
3315,RSSOFTWARE.NS,29.6,29.63,32.81K,Technology Services,Packaged Software,9.0,11.0,39.0,40.0,1.6014,1.5414,26.69K,47.78K,82.0,21.93,764.60M,No,30.3,31.51,36.75,30.95,32.35,498
3316,RSYSTEMS.NS,240.47,240.36,217.29K,Technology Services,Information Technology Services,9.0,58.0,37.0,5.0,8.6629,8.3286,458.04K,195.70K,451.75,213.52,28.49B,No,244.4,247.4,297.34,247.57,257.84,498
3317,MEAPL.BO,24.29,24.57,9.24K,Finance,Investment Banks/Brokers,9.0,4.0,10.0,5.0,1.4336,1.4321,28.85K,16.45K,49.89,23.21,375.28M,No,25.77,27.51,32.74,26.96,32.38,495
3318,WEIZMANIND.NS,70.28,71.71,1.37K,Process Industries,Textiles,9.0,19.0,17.0,18.0,2.7314,2.6629,2.33K,1.25K,117.9,65.21,1.09B,No,74.56,76.9,84.33,75.68,79.83,497
3319,STDBAT.BO,38.01,38.51,2.73K,Producer Manufacturing,Electrical Products,9.0,6.0,6.0,23.0,2.7971,2.7971,1.49K,2.06K,66.0,35.95,196.55M,No,42.47,45.73,47.2,44.46,47.06,495
3320,MEHUL.BO,54.0,51.4,3.20K,Process Industries,Chemicals: Specialty,9.0,53.0,10.0,7.0,1.3214,0.245,2.36K,3.20K,92.5,50.0,569.65M,No,53.16,55.16,65.38,54.42,60.98,278
3321,ZENSARTECH.NS,440.2,425.25,42017.08K,Technology Services,Packaged Software,9.0,17.0,41.0,7.0,16.2,15.6179,4520.52K,799.67K,868.95,421.0,99.84B,No,462.08,487.7,560.5,480.3,505.84,499
3322,VEDPOWER.NS,31.68,33.62,15550.78K,Utilities,Electric Utilities,9.0,9.0,,,0.9607,0.9521,35329.00K,10425.69K,49.88,31.56,123.68B,No,35.22,36.45,,35.19,,66
3323,SOLVEX.BO,20.54,20.95,3.20K,Process Industries,Agricultural Commodities/Milling,9.0,87.0,18.0,32.0,0.0629,0.0,7.42K,0.18K,68.0,16.68,183.87M,No,21.08,21.38,26.63,21.05,23.8,238
3324,ANIRIT.BO,40.0,41.8,0.48K,Process Industries,Textiles,9.0,30.0,2.0,37.0,1.2071,1.0457,1.56K,1.79K,99.0,33.25,720.00M,No,42.61,44.09,49.65,43.5,48.84,495
3325,HINDUST.BO,37.25,37.65,2.07K,Process Industries,Agricultural Commodities/Milling,9.0,68.0,8.0,17.0,2.3393,2.2764,2.83K,1.40K,70.99,33.36,163.91M,No,38.61,39.2,45.68,38.58,42.59,495
3326,LERTHAI.BO,386.7,407.05,0.18K,Finance,Financial Conglomerates,9.0,0.0,13.0,3.0,31.725,22.3036,0.02K,0.07K,774.0,386.7,270.69M,No,508.36,532.81,562.25,504.82,558.72,497
3327,CNINFOTECH.BO,81.0,79.0,36.80K,Technology Services,Information Technology Services,9.0,49.0,7.0,27.0,2.4957,2.3721,13.38K,10.60K,126.95,70.0,1.98B,No,82.01,87.3,93.88,85.39,89.69,405
3328,SALORAINTL.BO,24.04,24.58,1.26K,Electronic Technology,Telecommunications Equipment,9.0,7.0,11.0,14.0,1.5036,1.4079,1.55K,1.81K,47.0,23.15,211.73M,No,26.45,28.17,31.23,27.39,29.04,495
3329,CENTUPLE.BO,34.87,35.0,27.90K,Distribution Services,Medical Distributors,9.0,0.0,36.0,5.0,2.4043,2.265,4.17K,2.00K,144.4,32.0,190.68M,No,36.43,38.07,64.47,36.63,43.46,495
3330,TIRUMALCHM.NS,154.48,155.98,646.15K,Process Industries,Chemicals: Specialty,9.0,45.0,23.0,25.0,6.0879,6.0879,741.57K,456.54K,328.8,143.5,18.62B,No,156.92,163.8,190.32,161.67,177.33,497
3331,SRSOLTD.BO,71.0,72.0,12.80K,Finance,Finance/Rental/Leasing,9.0,22.0,52.0,11.0,4.4807,3.5957,5.73K,6.48K,229.0,57.0,810.76M,No,78.31,80.53,91.54,79.06,83.3,496
3332,GRAUWEIL.NS,73.08,75.6,415.63K,Process Industries,Chemicals: Specialty,9.0,82.0,40.0,,3.32,3.32,425.86K,399.06K,115.6,62.09,33.14B,No,70.21,72.85,,72.65,,108
3333,AFCONS.NS,262.25,253.8,26498.46K,Industrial Services,Engineering & Construction,9.0,50.0,9.0,26.0,11.6179,11.1571,1197.60K,1053.62K,479.4,249.0,96.45B,No,280.32,282.47,320.16,277.43,299.79,465
3334,HINDAPL.BO,88.66,86.5,0.02K,Process Industries,Textiles,9.0,5.0,5.0,18.0,6.2129,5.7443,0.23K,0.07K,238.0,75.35,888.91M,No,99.3,104.78,108.55,101.37,100.76,495
3335,KSCL.NS,697.9,715.85,66.17K,Process Industries,Agricultural Commodities/Milling,9.0,20.0,8.0,16.0,19.1286,18.4714,215.52K,71.85K,1225.0,694.25,35.62B,No,754.96,796.26,870.14,771.05,841.17,497
3336,GTPL.NS,57.83,59.81,88.76K,Communications,Specialty Telecommunications,9.0,79.0,24.0,23.0,2.3921,2.3779,80.03K,76.98K,118.95,50.85,6.50B,No,56.14,58.35,70.24,58.08,61.94,498
3337,ZODIAC.NS,221.61,227.98,14.98K,Producer Manufacturing,Building Products,9.0,4.0,8.0,23.0,9.7029,9.3757,12.43K,9.29K,415.0,205.55,,No,241.06,250.82,274.9,246.76,267.46,493
3338,SAURASHCEM.NS,53.03,54.76,107.27K,Non-Energy Minerals,Construction Materials,9.0,11.0,32.0,14.0,1.9579,1.9536,297.99K,66.24K,115.32,47.65,5.90B,No,56.56,58.12,64.87,58.09,59.24,498
3339,GKB.NS,67.42,64.79,0.34K,Health Technology,Medical Specialties,9.0,,,,3.3164,3.1771,2.08K,4.82K,88.4,60.3,339.84M,No,64.89,,,,,24
3340,NAGTECH.BO,37.75,38.69,4.96K,Process Industries,Agricultural Commodities/Milling,9.0,6.0,4.0,10.0,2.4814,2.2143,11.52K,2.78K,57.41,34.59,1.16B,No,40.81,42.73,46.5,42.69,45.53,496
3341,BALAJEE.NS,24.96,25.14,16.90K,Process Industries,Containers/Packaging,9.0,18.0,18.0,20.0,0.9379,0.9379,37.02K,26.92K,54.48,21.1,2.04B,No,26.1,27.12,31.22,26.74,28.34,497
3342,SURAJEST.NS,169.85,174.59,123.89K,Industrial Services,Engineering & Construction,9.0,2.0,21.0,11.0,7.2807,6.9364,109.06K,211.72K,319.0,166.25,8.14B,No,188.01,196.23,216.98,192.14,204.28,499
3343,ACCEDERE.BO,57.09,60.09,20.11K,Distribution Services,Electronics Distributors,9.0,1.0,8.0,28.0,3.6071,0.4286,6.78K,1.75K,91.42,42.11,260.95M,No,64.98,65.95,66.44,64.38,62.1,497
3344,MBEL.NS,252.65,254.2,230.56K,Producer Manufacturing,Building Products,9.0,31.0,11.0,13.0,8.7714,8.7679,201.26K,126.29K,535.9,223.05,14.44B,No,269.45,287.81,314.24,280.23,293.12,277
3345,INNOVISION.NS,255.35,260.35,13.74K,Transportation,Other Transportation,9.0,20.0,23.0,,13.9536,11.6964,51.91K,189.39K,470.0,246.2,6.08B,No,261.23,276.15,,270.75,,122
3346,JAICORPLTD.NS,92.64,95.73,336.91K,Process Industries,Containers/Packaging,9.0,13.0,11.0,22.0,2.3279,2.245,425.00K,254.77K,173.4,88.0,16.26B,No,99.13,102.79,112.58,100.37,107.02,498
3347,SHINEFASH.BO,21.69,21.9,4.00K,Process Industries,Textiles,9.0,4.0,25.0,10.0,0.9743,0.7671,9.59K,10.22K,51.45,16.75,582.68M,No,24.39,23.55,28.37,24.02,25.2,497
3348,DREAMFOLKS.NS,66.76,66.12,74.00K,Transportation,Other Transportation,9.0,51.0,31.0,20.0,2.4957,2.445,58.73K,48.63K,160.0,56.0,3.56B,No,67.08,67.91,81.85,67.5,72.07,497
3349,TARACHAND.NS,47.11,46.86,59.89K,Finance,Finance/Rental/Leasing,8.0,55.0,13.0,9.0,1.5193,1.5193,114.04K,58.21K,103.67,46.01,3.71B,No,47.75,51.71,61.28,50.25,55.87,497
3350,UVS.BO,80.33,79.53,0.51K,Distribution Services,Wholesale Distributors,8.0,17.0,9.0,14.0,4.85,4.8136,23.44K,3.97K,161.95,72.55,3.06B,No,81.95,87.37,97.56,86.09,88.72,495
3351,LOYAL.BO,132.85,139.85,4.89K,Producer Manufacturing,Industrial Machinery,8.0,11.0,13.0,8.0,6.4821,6.4821,5.08K,4.53K,236.6,130.0,1.43B,No,148.06,152.93,171.29,149.21,166.08,495
3352,ADSL.NS,97.02,100.21,112.41K,Technology Services,Information Technology Services,8.0,8.0,9.0,24.0,3.2493,3.2043,266.20K,86.40K,209.53,86.27,5.50B,No,104.87,112.09,122.7,109.56,114.05,499
3353,XELPMOC.NS,74.59,76.03,10.87K,Technology Services,Information Technology Services,8.0,27.0,23.0,2.0,3.8564,3.8107,10.98K,12.18K,155.5,72.1,1.11B,No,79.13,80.84,104.72,79.69,91.82,496
3354,GOCOLORS.NS,304.9,324.75,186.56K,Consumer Non-Durables,Apparel/Footwear,8.0,27.0,12.0,51.0,11.1964,11.1571,556.29K,84.06K,744.0,237.05,16.04B,No,331.6,332.63,352.12,328.68,316.99,497
3355,TATAELXSI.NS,3440.0,3383.0,424.46K,Technology Services,Information Technology Services,8.0,22.0,14.0,9.0,85.7714,78.6286,346.32K,162.86K,5950.0,3353.9,214.31B,No,3578.24,3622.63,4383.96,3604.18,4000.37,499
3356,SIYARAM.BO,34.09,34.79,19.50K,Non-Energy Minerals,Other Metals/Minerals,8.0,21.0,54.0,17.0,2.085,2.0807,52.64K,54.45K,119.5,31.95,742.79M,No,35.66,38.38,43.33,37.08,38.12,496
3357,IXIGO.NS,161.02,158.63,2919.67K,Technology Services,Internet Software/Services,8.0,28.0,19.0,30.0,6.1521,5.8807,1350.10K,1562.61K,339.15,151.27,71.02B,No,165.28,182.5,192.65,175.25,175.9,499
3358,AUTOINT.BO,262.95,272.15,4.64K,Finance,Finance/Rental/Leasing,8.0,21.0,6.0,3.0,16.2643,15.9857,1.09K,0.58K,1031.0,247.85,915.29M,No,291.97,308.61,457.61,297.86,357.59,496
3359,LOGICA.BO,150.0,150.0,1.20K,Retail Trade,Electronics/Appliance Stores,8.0,36.0,12.0,13.0,2.9714,1.5786,13.83K,9.36K,243.55,141.0,2.67B,No,164.3,162.03,187.51,160.07,174.58,495
3360,DMR.BO,28.48,28.48,1.95K,Industrial Services,Engineering & Construction,8.0,87.0,19.0,5.0,0.5143,0.4086,5.85K,2.60K,60.0,24.05,295.99M,No,27.23,28.02,35.83,27.66,32.97,499
3361,SHARMEH.BO,90.2,92.25,0.01K,Health Services,Hospital/Nursing Management,8.0,21.0,19.0,25.0,5.2271,4.92,0.30K,0.29K,191.35,80.15,296.20M,No,94.19,97.3,106.44,96.23,99.66,495
3362,SYNGENE.NS,378.85,382.65,337.55K,Commercial Services,Miscellaneous Commercial Services,8.0,36.0,15.0,25.0,8.5679,8.4964,1042.03K,446.39K,678.95,375.25,152.49B,No,397.2,404.55,469.88,398.29,420.79,499
3363,UNIENTER.NS,89.22,91.32,12.22K,Producer Manufacturing,Industrial Conglomerates,8.0,34.0,11.0,21.0,3.1114,3.1064,10.56K,5.85K,158.0,87.51,12.41B,No,94.1,97.97,111.41,95.14,101.04,497
3364,VPRPL.NS,32.26,36.17,715.68K,Industrial Services,Engineering & Construction,8.0,27.0,77.0,13.0,2.5686,2.535,522.77K,992.98K,119.87,23.94,4.04B,No,34.27,31.02,41.66,31.38,34.97,498
3365,ARIHANTSUP.NS,213.95,218.45,4.75K,Finance,Real Estate Development,8.0,7.0,11.0,24.0,10.4179,10.0964,20.75K,15.18K,465.0,188.8,9.25B,No,243.06,253.86,268.74,247.1,250.44,496
3366,INDIAMART.NS,1659.5,1695.0,56.05K,Retail Trade,Internet Retail,8.0,27.0,10.0,7.0,38.1,36.7929,119.28K,74.18K,2629.3,1624.1,998.07B,No,1728.72,1792.89,2039.88,1759.47,1945.79,498
3367,IRCON.NS,109.42,113.26,1868.30K,Industrial Services,Engineering & Construction,8.0,11.0,8.0,9.0,2.9621,2.9021,1436.73K,1344.79K,189.5,109.0,102.91B,No,119.78,125.1,141.7,122.65,133.28,499
3368,FOCUS.NS,60.87,61.84,12.95K,Producer Manufacturing,Electrical Products,8.0,19.0,2.0,28.0,2.5093,2.4729,52.74K,57.78K,98.87,57.06,4.09B,No,65.69,70.51,74.37,67.85,74.4,496
3369,AUSTERE.BO,39.72,40.5,52.00K,Technology Services,Packaged Software,8.0,57.0,11.0,11.0,0.8514,0.635,7.08K,7.60K,75.0,37.05,416.19M,No,40.71,41.37,46.68,40.97,44.91,251
3370,KERALAYUR.BO,173.4,174.2,9.87K,Health Technology,Pharmaceuticals: Other,8.0,85.0,46.0,18.0,9.05,8.625,23.63K,11.22K,497.95,145.0,2.25B,No,179.83,168.24,222.17,168.59,188.72,495
3371,IRFC.NS,79.15,81.09,8652.54K,Finance,Finance/Rental/Leasing,8.0,17.0,10.0,9.0,1.5321,1.4771,10287.33K,7284.20K,137.17,79.0,1034.37B,No,83.8,86.69,101.4,85.54,93.75,498
3372,ABLBL.NS,82.95,83.61,625.65K,Retail Trade,Apparel/Footwear Retail,8.0,31.0,12.0,10.0,2.0157,1.95,853.63K,632.19K,150.79,82.6,100.75B,No,85.2,90.55,103.42,88.95,96.44,308
3373,MACH.BO,60.0,60.0,4.50K,Consumer Services,Hotels/Resorts/Cruise Lines,8.0,0.0,2.0,5.0,4.8307,3.7164,2.33K,0.83K,98.55,49.5,381.39M,No,68.93,78.45,82.37,73.58,80.65,497
3374,AJMERA.NS,114.37,116.75,421.51K,Finance,Real Estate Development,8.0,52.0,18.0,27.0,3.9093,3.8214,468.74K,360.74K,221.4,98.03,22.51B,No,117.18,122.79,138.38,120.18,122.28,498
3375,STANLEY.NS,135.02,135.6,114.10K,Consumer Durables,Home Furnishings,8.0,57.0,35.0,12.0,3.4021,3.3921,159.99K,71.39K,320.45,123.0,7.71B,No,136.85,146.27,163.09,143.62,146.22,498
3376,SBGLP.NS,21.33,21.56,56.28K,Finance,Real Estate Development,8.0,5.0,8.0,7.0,2.0114,2.0114,33.90K,77.66K,40.9,18.35,3.70B,No,23.91,24.64,28.02,24.16,25.62,496
3377,JSLINDL.BO,800.0,788.0,0.03K,Producer Manufacturing,Electrical Products,8.0,28.0,9.0,12.0,35.7107,30.6107,0.10K,0.09K,1360.0,700.05,939.09M,No,837.4,862.29,976.28,847.18,939.29,496
3378,DUROPLY.BO,108.9,111.0,2.37K,Non-Energy Minerals,Forest Products,8.0,78.0,19.0,13.0,5.0686,4.7236,5.51K,3.09K,205.0,97.0,1.18B,No,103.16,107.17,136.46,105.87,124.51,495
3379,RAVEL.BO,104.0,105.25,2.00K,Consumer Non-Durables,Household/Personal Care,8.0,19.0,29.0,4.0,3.125,2.4607,7.06K,16.44K,215.0,100.0,713.34M,No,108.83,113.66,,112.06,138.74,193
3380,SHRIGANG.BO,53.86,54.86,10.16K,Consumer Non-Durables,Food: Specialty/Candy,8.0,5.0,14.0,3.0,3.2393,3.0171,17.46K,23.70K,103.8,53.35,1.14B,No,60.34,63.3,71.96,61.07,71.8,495
3381,SILVOAK.BO,70.11,74.5,0.39K,Consumer Non-Durables,Beverages: Alcoholic,8.0,23.0,22.0,8.0,5.615,5.4864,0.60K,0.39K,133.9,60.04,265.73M,No,73.6,75.57,84.77,74.86,80.18,495
3382,GORANIN.BO,43.4,40.64,6.39K,Consumer Durables,Electronics/Appliances,8.0,7.0,36.0,5.0,4.0714,3.3514,1.32K,1.26K,83.3,37.9,232.74M,No,44.55,46.2,53.49,45.23,49.23,495
3383,RUSTOMJEE.NS,339.45,344.95,75.62K,Finance,Real Estate Development,8.0,22.0,16.0,12.0,11.1964,10.8429,318.02K,117.38K,634.0,331.9,42.85B,No,369.42,389.22,430.46,377.83,391.13,496
3384,AWHCL.NS,354.1,366.5,82.56K,Transportation,Trucking,8.0,18.0,7.0,6.0,10.5286,10.2071,113.02K,70.51K,616.0,351.75,10.05B,No,377.2,411.52,463.86,397.39,447.1,498
3385,MINDTECK.NS,154.36,158.61,44.74K,Technology Services,Information Technology Services,8.0,10.0,4.0,10.0,6.5886,6.5129,54.73K,29.89K,307.68,145.13,4.93B,No,168.93,185.76,199.51,179.07,192.02,497
3386,KALPATARU.NS,255.45,266.25,80.85K,Finance,Real Estate Development,7.0,15.0,5.0,13.0,6.7536,6.7143,143.09K,27.64K,410.7,253.0,52.60B,No,275.4,280.11,315.42,276.97,302.15,302
3387,FIBERWEB.NS,25.63,27.1,17.41K,Producer Manufacturing,Industrial Conglomerates,7.0,9.0,24.0,4.0,1.1393,1.1286,26.53K,19.21K,49.9,25.17,737.93M,No,26.28,28.74,33.88,28.12,32.05,496
3388,KZLFIN.BO,16.35,17.1,0.17K,Finance,Finance/Rental/Leasing,7.0,4.0,18.0,18.0,0.385,0.1743,0.15K,0.35K,29.92,14.52,49.72M,No,19.69,17.91,19.86,17.8,18.3,497
3389,HILLTONE.BO,37.65,38.8,58.08K,Process Industries,Chemicals: Specialty,7.0,21.0,18.0,4.0,4.2971,4.2679,41.24K,14.02K,93.0,37.2,496.14M,No,39.75,41.08,53.18,40.82,45.84,425
3390,REPRO.NS,296.4,309.5,9.29K,Commercial Services,Commercial Printing/Forms,7.0,26.0,10.0,8.0,12.5464,12.5036,20.87K,30.37K,590.0,285.2,4.25B,No,316.12,345.77,385.38,337.41,355.78,496
3391,GARWAOFFS.BO,41.04,43.2,23.58K,Industrial Services,Oilfield Services/Equipment,7.0,6.0,10.0,17.0,2.2529,2.1971,15.06K,13.88K,88.0,31.36,1.26B,No,47.65,47.32,50.06,46.51,47.13,495
3392,PRECAM.NS,113.69,116.81,244.94K,Producer Manufacturing,Auto Parts: Oem,7.0,5.0,6.0,21.0,4.9136,4.8871,137.87K,134.97K,224.99,103.98,10.80B,No,124.99,134.94,145.11,131.02,139.85,499
3393,JKLAKSHMI.NS,504.9,505.9,138.27K,Non-Energy Minerals,Construction Materials,7.0,26.0,16.0,13.0,12.175,11.6786,204.69K,165.83K,927.75,495.2,62.68B,No,531.76,553.05,648.9,545.02,593.34,498
3394,SAGCEM.NS,146.8,146.25,35.19K,Non-Energy Minerals,Construction Materials,7.0,6.0,17.0,9.0,5.4114,5.4114,54.26K,80.48K,282.05,145.5,19.19B,No,158.69,169.4,183.9,165.01,173.88,497
3395,GARWAMAR.BO,18.77,19.2,6.01K,Producer Manufacturing,Trucks/Construction/Farm Machinery,7.0,31.0,21.0,3.0,1.1407,1.1407,4.87K,2.82K,36.5,17.0,108.23M,No,19.66,20.69,23.67,20.25,22.3,495
3396,PIONEEREMB.NS,20.89,20.51,2.66K,Consumer Non-Durables,Apparel/Footwear,7.0,20.0,15.0,13.0,0.745,0.725,16.86K,16.04K,39.2,19.61,643.73M,No,21.62,22.63,25.36,22.38,24.04,497
3397,JKAGRI.BO,280.05,281.9,0.12K,Process Industries,Agricultural Commodities/Milling,7.0,37.0,16.0,15.0,15.2607,15.075,1.29K,0.49K,549.0,275.0,1.31B,No,291.2,303.69,335.51,299.25,318.27,495
3398,HPL.NS,283.2,292.0,76.14K,Electronic Technology,Electronic Equipment/Instruments,7.0,15.0,6.0,19.0,8.4679,8.1536,133.24K,82.39K,505.0,255.55,18.21B,No,305.22,325.57,346.56,317.55,334.05,498
3399,ATHENAGLO.BO,54.18,54.02,8.59K,Technology Services,Information Technology Services,7.0,36.0,27.0,8.0,3.2179,3.1514,4.34K,1.15K,98.4,49.6,797.07M,No,54.8,56.19,69.2,54.72,63.5,495
3400,CRIZAC.NS,179.89,186.68,323.00K,Technology Services,Internet Software/Services,7.0,62.0,15.0,14.0,7.8207,7.185,345.98K,470.25K,359.7,159.95,31.48B,No,172.14,182.55,219.07,180.52,200.01,297
3401,ATAM.NS,54.67,55.38,10.39K,Producer Manufacturing,Industrial Machinery,7.0,64.0,6.0,28.0,2.975,2.8629,12.67K,12.64K,111.0,48.5,626.68M,No,55.94,61.97,69.42,59.41,64.33,497
3402,SEVL.BO,35.49,35.49,1.20K,Consumer Durables,Motor Vehicles,7.0,53.0,9.0,5.0,1.3393,1.1214,10.86K,6.12K,82.12,28.0,438.61M,No,35.17,37.04,50.29,36.6,43.85,300
3403,JAINREC.NS,274.7,284.7,693.66K,Non-Energy Minerals,Other Metals/Minerals,7.0,32.0,4.0,2.0,11.1429,11.0321,1611.59K,1442.37K,593.95,272.55,94.80B,No,287.37,311.93,383.54,304.1,378.78,237
3404,KHAICHEM.NS,50.6,54.03,260.51K,Process Industries,Chemicals: Agricultural,7.0,57.0,23.0,32.0,2.3386,2.2886,178.36K,152.65K,135.8,42.92,4.91B,No,55.13,52.2,59.61,51.93,53.63,497
3405,KRITI.NS,61.6,61.4,5.51K,Producer Manufacturing,Miscellaneous Manufacturing,7.0,17.0,13.0,7.0,3.1521,3.1521,16.04K,13.43K,155.9,53.0,3.25B,No,63.1,66.23,75.78,65.21,72.35,496
3406,ITCONS.BO,263.15,282.95,33.60K,Commercial Services,Personnel Services,7.0,3.0,10.0,17.0,20.925,20.3321,36.34K,62.56K,620.0,230.5,2.37B,No,279.7,280.59,347.94,282.69,307.8,495
3407,KEMISTAR.BO,47.55,50.9,0.52K,Process Industries,Chemicals: Agricultural,7.0,51.0,45.0,3.0,5.1586,5.0307,2.51K,1.50K,107.0,45.1,511.61M,No,51.2,50.17,63.14,50.45,58.32,495
3408,NWIL.BO,20.73,20.92,1005.22K,Electronic Technology,Electronic Components,7.0,17.0,21.0,1.0,1.1536,1.1364,513.60K,263.23K,46.0,18.28,4.83B,No,21.74,23.77,31.06,22.94,29.32,495
3409,MISHDESIGN.BO,31.99,33.3,1.00K,Retail Trade,Apparel/Footwear Retail,7.0,54.0,46.0,2.0,2.0193,1.1193,1.39K,2.75K,70.75,28.08,113.05M,No,34.65,32.82,40.79,33.43,37.22,497
3410,HGINFRA.NS,471.8,484.0,46.21K,Industrial Services,Engineering & Construction,7.0,17.0,11.0,33.0,10.8607,10.6679,143.85K,52.53K,1049.95,429.5,30.75B,No,494.41,526.77,600.41,514.43,542.6,498
3411,TOLINS.NS,88.24,89.4,38.72K,Consumer Durables,Automotive Aftermarket,7.0,22.0,13.0,15.0,2.5786,2.5307,56.96K,37.35K,201.8,83.04,3.49B,No,93.63,98.91,110.92,96.73,101.67,498
3412,VASHISHTHA.BO,63.0,64.0,19.20K,Consumer Non-Durables,Apparel/Footwear,7.0,63.0,23.0,47.0,1.2407,0.165,5.28K,1.08K,227.0,52.11,148.48M,No,65.55,60.6,75.63,61.57,62.72,250
3413,SHIVTEXCHEM.BO,114.65,118.65,4.40K,Distribution Services,Wholesale Distributors,7.0,68.0,15.0,13.0,5.8,5.0536,5.96K,9.28K,292.0,95.0,2.66B,No,112.17,115.16,132.13,113.97,125.43,476
3414,GARNET.BO,50.91,51.27,0.44K,Finance,Real Estate Development,7.0,1.0,2.0,1.0,3.3229,2.9514,5.61K,2.75K,116.0,46.6,707.76M,No,53.57,61.91,74.71,59.33,74.87,495
3415,SYMPHONY.NS,573.7,592.65,81.54K,Producer Manufacturing,Industrial Machinery,7.0,22.0,17.0,5.0,18.2786,17.7286,164.75K,568.27K,970.45,564.0,39.40B,No,596.98,647.31,764.7,629.02,706.7,498
3416,SRAMSET.BO,251.35,259.9,7.17K,Finance,Investment Managers,7.0,8.0,14.0,17.0,16.4857,16.1714,3.43K,2.91K,519.0,245.5,4.31B,No,277.61,282.68,316.78,279.25,294.38,495
3417,TCFCFINQ.BO,24.61,24.99,0.47K,Finance,Financial Conglomerates,7.0,22.0,17.0,30.0,1.6429,1.5664,3.33K,1.89K,51.57,22.02,232.60M,No,25.43,25.84,30.24,25.86,27.24,498
3418,ISHANCH.NS,43.73,44.84,54.97K,Distribution Services,Wholesale Distributors,7.0,21.0,4.0,8.0,2.6386,2.5864,53.24K,51.88K,83.37,41.71,1.20B,No,45.14,49.4,57.77,48.1,54.94,367
3419,INOXWIND.NS,74.35,76.5,9034.07K,Producer Manufacturing,Electrical Products,7.0,64.0,12.0,20.0,2.3193,2.3129,12588.15K,15738.27K,159.3,68.0,128.49B,No,73.75,76.37,94.65,75.55,84.99,499
3420,PRIMAINNO.BO,27.26,27.84,42.36K,Producer Manufacturing,Miscellaneous Manufacturing,7.0,3.0,,,3.4057,3.4014,27.37K,24.87K,40.95,22.6,299.87M,No,28.92,,,,,27
3421,RACE.NS,96.15,98.12,2.08K,Process Industries,Textiles,7.0,47.0,21.0,15.0,4.1329,4.1307,8.25K,18.62K,246.0,84.11,1.66B,No,100.09,105.31,117.82,103.41,111.39,496
3422,SDBL.NS,68.13,70.07,535.46K,Consumer Non-Durables,Beverages: Alcoholic,7.0,25.0,23.0,18.0,2.3743,2.3743,1623.12K,592.86K,142.6,61.8,14.16B,No,72.46,71.6,83.26,71.68,76.44,499
3423,LATENTVIEW.NS,252.9,252.45,1163.50K,Commercial Services,Miscellaneous Commercial Services,6.0,14.0,14.0,13.0,7.7036,7.2321,924.46K,581.25K,517.5,248.0,52.37B,No,270.79,288.6,340.09,282.88,294.76,498
3424,TOUCHWOOD.NS,60.91,61.16,0.64K,Commercial Services,Miscellaneous Commercial Services,6.0,43.0,21.0,19.0,2.3121,2.2843,2.01K,0.67K,128.0,57.6,674.96M,No,61.14,64.73,78.11,64.19,69.04,498
3425,RTNINDIA.NS,27.01,27.68,2117.64K,Commercial Services,Miscellaneous Commercial Services,6.0,17.0,5.0,39.0,0.8871,0.8664,1477.44K,2006.91K,57.69,24.4,37.30B,No,29.14,30.77,33.97,29.98,31.76,499
3426,OLYMPTX.BO,23.48,23.36,1.20K,Process Industries,Textiles,6.0,2.0,10.0,9.0,2.2886,2.2736,2.97K,6.42K,41.85,21.25,141.43M,No,26.76,28.48,30.7,27.55,29.24,495
3427,RAYMONDLSL.NS,672.65,692.0,675.21K,Consumer Non-Durables,Apparel/Footwear,6.0,21.0,12.0,13.0,35.9429,35.9429,195.11K,477.86K,1350.0,628.25,40.97B,No,690.69,714.28,835.85,706.94,759.67,499
3428,INDOUS.NS,78.29,78.24,2.24K,Process Industries,Agricultural Commodities/Milling,6.0,46.0,23.0,8.0,4.7821,4.7821,23.20K,10.95K,159.0,70.0,1.57B,No,80.99,83.09,105.23,81.7,95.61,488
3429,GLOBALVECT.NS,129.84,132.17,7.66K,Industrial Services,Oilfield Services/Equipment,6.0,6.0,13.0,9.0,4.8707,4.8271,13.26K,8.10K,248.0,129.0,1.82B,No,143.89,152.52,170.38,147.84,160.62,496
3430,SULA.NS,134.14,136.38,353.94K,Process Industries,Agricultural Commodities/Milling,6.0,16.0,18.0,11.0,3.7114,3.4571,385.91K,323.76K,292.74,134.0,11.33B,No,145.02,150.9,171.6,149.03,157.03,498
3431,PROTEAN.NS,488.85,492.35,234.67K,Technology Services,Information Technology Services,6.0,13.0,6.0,22.0,16.0429,15.725,271.12K,265.25K,939.8,444.0,19.93B,No,524.21,562.19,606.44,547.81,559.43,399
3432,PIIND.NS,2255.0,2259.0,286.31K,Process Industries,Chemicals: Specialty,6.0,20.0,7.0,6.0,61.0714,60.6571,267.29K,288.75K,3832.9,2191.0,342.10B,No,2426.04,2571.07,2919.31,2526.68,2772.95,499
3433,VALPLAST.BO,36.0,36.5,2.00K,Industrial Services,Engineering & Construction,6.0,18.0,16.0,7.0,1.38,1.2007,13.02K,9.00K,67.99,30.8,706.61M,No,37.02,38.41,47.05,38.08,43.52,234
3434,VASCONEQ.NS,29.1,30.08,368.66K,Industrial Services,Engineering & Construction,6.0,29.0,17.0,14.0,0.9364,0.9114,273.02K,244.13K,74.59,26.75,6.76B,No,30.54,31.8,37.16,31.66,33.92,498
3435,TRANSRAILL.NS,404.9,410.35,368.07K,Industrial Services,Engineering & Construction,6.0,9.0,11.0,8.0,11.5964,11.4643,395.71K,522.89K,823.0,402.0,54.36B,No,440.12,469.91,517.81,458.66,500.75,429
3436,MORGAN.BO,42.5,42.91,0.52K,Finance,Financial Conglomerates,6.0,38.0,22.0,15.0,2.3979,2.2543,1.95K,1.78K,87.0,35.0,420.69M,No,45.0,45.04,55.45,44.84,47.99,495
3437,ANKIN.BO,20.3,19.76,0.23K,Technology Services,Information Technology Services,6.0,57.0,47.0,25.0,1.2586,1.1821,32.59K,54.89K,64.87,18.58,1.05B,No,21.23,21.56,27.68,21.33,23.1,495
3438,STAL.BO,31.0,30.25,8.00K,Producer Manufacturing,Metal Fabrication,6.0,28.0,71.0,14.0,1.8743,1.49,14.23K,6.16K,86.99,27.0,398.04M,No,32.68,33.76,43.59,33.59,36.79,496
3439,SKRABUL.BO,24.44,23.28,0.74K,Consumer Durables,Other Consumer Specialties,6.0,46.0,1.0,4.0,0.3021,0.2171,0.21K,0.12K,50.38,21.02,122.57M,No,23.02,26.05,35.66,25.15,35.04,496
3440,BGRENERGY.NS,221.15,232.78,72.40K,Industrial Services,Engineering & Construction,6.0,7.0,2.0,3.0,14.0629,12.7814,50.13K,60.45K,490.8,220.0,15.96B,No,244.76,267.52,310.84,259.18,290.46,496
3441,KRUPALU.BO,29.9,29.9,16.00K,Non-Energy Minerals,Other Metals/Minerals,6.0,89.0,10.0,11.0,0.5893,0.2186,3.07K,10.31K,63.4,25.15,175.57M,No,29.46,29.29,36.17,28.91,31.37,249
3442,CELLO.NS,327.55,332.8,382.10K,Consumer Durables,Home Furnishings,6.0,9.0,15.0,11.0,8.1536,8.1536,893.13K,197.94K,673.8,325.05,72.35B,No,348.48,356.09,427.39,351.78,383.71,497
3443,ADCOUNTY.BO,87.9,90.63,22.40K,Commercial Services,Advertising/Marketing Services,6.0,81.0,19.0,16.0,5.3186,5.2236,41.98K,27.84K,282.0,73.0,1.98B,No,85.89,87.66,111.21,87.54,104.76,298
3444,RESGEN.BO,44.1,44.5,13.50K,Process Industries,Chemicals: Major Diversified,6.0,34.0,16.0,7.0,1.8993,1.705,21.61K,15.90K,94.73,42.51,925.00M,No,45.61,47.58,57.39,47.23,53.56,495
3445,HRHYGIENE.BO,63.9,63.75,1.60K,Consumer Non-Durables,Household/Personal Care,6.0,17.0,,,2.5707,2.1114,180.57K,17.28K,89.99,61.0,1.45B,No,67.22,,,,,29
3446,STARDELTA.BO,430.25,443.15,1.94K,Producer Manufacturing,Electrical Products,6.0,1.0,3.0,26.0,20.9893,20.9893,3.76K,2.48K,718.8,392.55,1.29B,No,466.1,541.12,552.42,522.11,550.25,495
3447,BINNYMILLS.BO,215.35,205.1,0.01K,Process Industries,Textiles,6.0,0.0,1.0,3.0,10.2964,6.075,0.02K,0.04K,378.8,169.35,556.31M,No,250.31,300.02,290.97,286.32,308.63,496
3448,RONI.BO,34.99,33.84,1.80K,Distribution Services,Wholesale Distributors,6.0,69.0,9.0,10.0,2.23,1.2971,8.66K,19.62K,77.5,19.15,402.14M,No,30.06,34.24,43.69,33.4,40.56,498
3449,VERTOZ.NS,37.49,38.38,44.39K,Commercial Services,Advertising/Marketing Services,6.0,73.0,13.0,21.0,2.2286,2.1929,50.28K,62.65K,86.75,27.02,3.20B,No,38.05,37.16,48.68,36.9,40.81,497
3450,SRTL.NS,37.55,37.32,23.75K,Process Industries,Textiles,6.0,39.0,27.0,4.0,1.5479,1.5479,48.00K,46.97K,73.36,35.87,1.50B,No,38.37,39.61,,39.24,,136
3451,RVNL.NS,199.0,204.9,3962.46K,Industrial Services,Engineering & Construction,6.0,10.0,13.0,4.0,5.215,4.78,4788.91K,4837.22K,400.7,198.29,414.92B,No,214.6,222.6,275.75,219.21,252.03,498
3452,EUPHORIAIT.BO,27.6,26.7,1.20K,Technology Services,Information Technology Services,6.0,3.0,14.0,15.0,0.9186,0.2814,1.71K,1.68K,56.0,22.53,80.09M,No,29.77,29.41,33.75,29.35,31.31,496
3453,MTNL.NS,23.7,24.74,1071.01K,Communications,Major Telecommunications,6.0,17.0,6.0,21.0,0.7829,0.7743,1111.55K,585.08K,46.44,21.26,14.93B,No,26.22,27.14,30.15,26.55,28.27,499
3454,STANBIK.BO,24.0,24.0,12.00K,Distribution Services,Food Distributors,6.0,6.0,3.0,4.0,0.6729,0.0357,3.49K,1.33K,39.4,23.01,319.80M,No,25.7,27.79,,27.35,30.31,184
3455,ABFRL.NS,49.02,50.44,9099.31K,Retail Trade,Apparel/Footwear Retail,6.0,11.0,9.0,9.0,1.6571,1.6257,5748.31K,4652.83K,94.95,48.71,59.65B,No,52.59,56.31,63.87,55.29,59.7,499
3456,GTTDATA.BO,37.15,38.29,23.80K,Consumer Services,Movies/Entertainment,6.0,1.0,23.0,4.0,2.1243,2.0493,27.37K,21.28K,101.8,36.1,1.55B,No,42.52,42.99,55.35,42.68,47.13,495
3457,AURIONPRO.NS,698.65,680.85,306.88K,Technology Services,Information Technology Services,6.0,40.0,9.0,8.0,22.2679,21.6857,186.99K,223.64K,1296.8,663.0,37.59B,No,691.48,748.79,872.05,733.99,803.95,499
3458,KISAN.BO,22.59,23.05,23.62K,Producer Manufacturing,Miscellaneous Manufacturing,6.0,69.0,2.0,15.0,0.7686,0.3614,98.57K,27.83K,43.65,21.02,2.70B,No,24.66,23.89,28.45,23.77,28.71,495
3459,RAMINFO.BO,42.16,43.53,6.58K,Technology Services,Packaged Software,6.0,43.0,32.0,7.0,1.86,1.7593,5.74K,5.43K,99.5,42.0,345.29M,No,43.6,44.39,55.56,44.09,49.27,495
3460,MUNCAPM.BO,94.77,99.75,0.00K,Finance,Investment Banks/Brokers,5.0,31.0,8.0,6.0,1.765,1.4257,0.01K,0.01K,169.95,94.77,868.66M,No,97.68,101.14,120.05,100.8,111.13,496
3461,GEL.BO,23.85,25.1,6.00K,Distribution Services,Wholesale Distributors,5.0,27.0,1.0,3.0,0.7314,0.5507,63.71K,3.30K,46.19,23.3,587.85M,No,26.18,29.18,34.73,28.82,33.9,497
3462,UGROCAP.NS,83.28,83.66,189.56K,Finance,Finance/Rental/Leasing,5.0,15.0,16.0,11.0,2.1857,2.1814,315.00K,189.79K,192.5,80.12,12.73B,No,86.23,91.79,115.57,90.24,96.43,498
3463,ADVENTHTL.NS,126.42,128.56,361.17K,Industrial Services,Engineering & Construction,5.0,15.0,31.0,4.0,5.0264,4.9986,333.38K,104.01K,345.05,120.02,6.82B,No,134.89,141.61,168.66,139.4,147.09,211
3464,STARSOURCE.BO,72.75,73.49,0.00K,Health Technology,Pharmaceuticals: Major,5.0,12.0,2.0,11.0,5.3186,5.1107,0.97K,0.14K,152.9,72.0,109.12M,No,84.11,82.13,103.78,82.64,97.58,495
3465,KRRAIL.BO,22.35,21.93,50.13K,Industrial Services,Engineering & Construction,5.0,60.0,6.0,28.0,1.2057,1.1814,45.28K,21.33K,47.99,19.92,934.40M,No,22.55,23.99,28.6,23.51,26.29,495
3466,DCMSRIND.NS,38.56,40.56,241.42K,Process Industries,Agricultural Commodities/Milling,5.0,28.0,49.0,50.0,2.5679,2.5679,259.16K,249.96K,181.9,31.9,3.35B,No,46.6,43.46,53.82,42.67,40.05,498
3467,NVENTURES.BO,80.8,81.8,4.50K,Distribution Services,Wholesale Distributors,5.0,24.0,5.0,8.0,1.7607,1.2143,16.45K,1.50K,156.5,64.5,377.34M,No,83.61,87.95,102.15,86.59,100.63,497
3468,SRECR.BO,24.21,25.3,3.90K,Non-Energy Minerals,Construction Materials,5.0,56.0,4.0,9.0,1.1036,0.725,0.18K,0.50K,51.5,22.25,101.68M,No,24.37,26.88,33.96,25.8,31.24,497
3469,GOODYEAR.NS,712.95,722.05,2.75K,Consumer Durables,Automotive Aftermarket,5.0,24.0,42.0,,16.6536,16.6536,12.94K,4.19K,1273.7,708.6,16.45B,No,743.37,782.4,,774.03,,109
3470,PGHH.NS,7507.0,7518.0,11.20K,Consumer Non-Durables,Household/Personal Care,5.0,15.0,13.0,4.0,131.25,130.0,17.27K,14.95K,14509.0,7475.0,243.68B,No,7907.43,8389.83,10227.03,8218.6,9239.83,498
3471,NEPLOG.BO,33.97,35.7,9.00K,Transportation,Trucking,5.0,48.0,40.0,18.0,1.005,0.4557,6.81K,3.40K,100.8,31.5,465.39M,No,34.22,34.63,,34.51,39.86,181
3472,VIKRAMSOLR.NS,163.46,166.86,2130.69K,Electronic Technology,Semiconductors,5.0,67.0,7.0,21.0,4.6329,4.5957,4071.45K,1922.43K,365.8,155.38,59.23B,No,169.85,176.25,202.49,172.19,190.89,264
3473,RPOWER.NS,21.03,21.58,17698.58K,Utilities,Electric Utilities,5.0,23.0,7.0,23.0,0.5736,0.5621,28775.26K,19727.75K,50.73,20.17,,No,22.2,23.3,27.21,22.98,24.78,499
3474,GLPL.BO,36.6,36.75,3.00K,Distribution Services,Medical Distributors,5.0,17.0,9.0,,1.32,1.0071,65.38K,25.20K,60.0,33.0,351.36M,No,39.5,39.92,,40.07,,84
3475,CENLUB.BO,171.85,179.65,4.17K,Producer Manufacturing,Industrial Machinery,5.0,12.0,2.0,15.0,10.8643,10.8643,4.79K,3.67K,339.5,137.0,801.32M,No,187.38,199.52,210.9,195.16,203.63,495
3476,VAHH.BO,49.11,52.49,8.00K,Process Industries,Chemicals: Major Diversified,5.0,18.0,3.0,,2.1507,1.2164,22.32K,7.60K,73.98,45.0,407.90M,No,51.97,53.47,,52.78,,68
3477,ARDEE.NS,47.78,50.91,5214.94K,Non-Energy Minerals,Other Metals/Minerals,5.0,,,,2.7857,2.7493,12631.17K,3501.47K,73.19,47.5,15.06B,No,56.92,,,,,24
3478,MANRAJH.BO,34.0,34.0,0.00K,Finance,Finance/Rental/Leasing,5.0,55.0,7.0,5.0,0.0,0.0,0.35K,0.35K,61.84,31.39,170.00M,No,34.0,36.94,43.11,35.94,39.91,495
3479,MRCAGRO.BO,27.54,28.97,49.44K,Distribution Services,Wholesale Distributors,5.0,10.0,8.0,3.0,1.9136,1.9014,97.08K,95.25K,54.5,25.7,862.76M,No,29.65,33.14,39.62,32.17,35.76,495
3480,BIGBLOC.NS,39.14,40.79,53.03K,Non-Energy Minerals,Construction Materials,5.0,9.0,6.0,8.0,1.4429,1.43,68.44K,35.71K,80.0,38.0,5.54B,No,42.1,44.9,53.3,43.83,48.29,498
3481,PRITI.NS,33.52,33.14,4.85K,Consumer Durables,Home Furnishings,5.0,32.0,15.0,30.0,1.3743,1.3271,5.62K,6.96K,85.0,31.5,447.60M,No,33.78,36.14,44.8,35.42,40.08,496
3482,GRMOVER.NS,82.7,84.45,1024.96K,Process Industries,Agricultural Commodities/Milling,5.0,26.0,37.0,1.0,2.9929,2.9857,1171.51K,1173.93K,185.45,81.95,17.16B,No,87.11,90.25,136.66,87.97,125.31,498
3483,VIKRAN.NS,55.54,57.08,935.45K,Industrial Services,Engineering & Construction,5.0,15.0,7.0,18.0,1.7529,1.7329,2933.97K,921.43K,118.4,51.1,14.32B,No,59.41,66.67,74.77,64.54,66.76,259
3484,MHRIL.NS,192.4,196.73,132.43K,Consumer Services,Other Consumer Services,5.0,6.0,14.0,5.0,5.7479,5.7464,164.46K,147.94K,368.9,191.1,38.80B,No,210.04,219.2,256.06,214.76,235.13,499
3485,SPENCERS.NS,27.94,28.3,30.69K,Retail Trade,Food Retail,5.0,11.0,5.0,20.0,1.415,1.415,49.86K,45.60K,61.4,24.38,2.52B,No,29.6,32.08,35.08,30.9,33.19,498
3486,SOLARIUM.BO,143.35,147.05,10.50K,Electronic Technology,Semiconductors,5.0,11.0,7.0,42.0,6.5393,6.5214,16.22K,13.92K,374.0,129.15,2.99B,No,150.5,163.87,190.18,159.95,174.43,392
3487,NOVAAGRI.NS,22.49,22.7,106.02K,Process Industries,Chemicals: Agricultural,5.0,25.0,17.0,10.0,1.1357,1.1186,52.45K,52.10K,51.99,18.12,2.02B,No,24.04,23.72,29.19,23.52,25.68,497
3488,SHRAAITECH.BO,21.51,22.24,42.45K,Distribution Services,Electronics Distributors,5.0,19.0,7.0,7.0,1.06,1.0493,20.41K,23.24K,43.5,21.2,1.31B,No,23.62,24.17,28.21,23.65,26.88,495
3489,GREENPANEL.NS,151.24,153.6,312.28K,Non-Energy Minerals,Forest Products,5.0,12.0,7.0,8.0,5.4779,5.1793,250.03K,463.25K,316.0,150.25,18.55B,No,159.44,179.17,202.64,173.45,190.68,498
3490,ZAGGLE.NS,179.41,187.0,1178.14K,Technology Services,Packaged Software,5.0,16.0,16.0,10.0,6.3293,6.3229,2481.98K,1143.13K,405.4,154.36,24.17B,No,184.27,197.24,246.68,195.84,214.24,498
3491,SCBL.BO,26.74,28.14,0.19K,Non-Energy Minerals,Other Metals/Minerals,5.0,3.0,1.0,1.0,0.4257,0.31,0.41K,0.18K,64.13,6.75,28.70M,No,30.13,34.29,40.87,32.62,42.12,497
3492,UMAEXPORTS.NS,21.25,21.68,4.31K,Distribution Services,Wholesale Distributors,5.0,64.0,24.0,29.0,0.6957,0.3379,41.71K,6.92K,55.9,18.12,718.46M,No,23.85,21.91,27.38,21.96,23.37,496
3493,NDASEC.BO,24.78,25.0,0.02K,Finance,Investment Banks/Brokers,5.0,10.0,13.0,3.0,1.4443,1.2207,4.36K,1.38K,51.35,24.0,147.40M,No,26.29,28.86,32.81,27.7,32.64,495
3494,HIMATSEIDE.NS,65.12,67.83,571.71K,Process Industries,Textiles,5.0,15.0,15.0,5.0,1.7864,1.7679,868.73K,363.02K,134.2,64.81,8.19B,No,70.36,76.95,90.58,74.61,81.18,499
3495,PATANJALI.NS,338.55,341.0,2566.72K,Process Industries,Agricultural Commodities/Milling,5.0,44.0,8.0,3.0,5.2857,5.1321,4708.47K,2000.73K,614.9,328.2,368.30B,No,345.65,355.56,455.71,346.13,419.22,499
3496,SRICC.BO,36.29,36.49,0.12K,Non-Energy Minerals,Construction Materials,5.0,65.0,19.0,37.0,2.5964,2.4336,1.63K,0.72K,99.29,29.11,326.61M,No,36.56,36.18,48.89,36.31,44.1,495
3497,YAJUR.BO,40.1,40.01,1.60K,Process Industries,Textiles,5.0,91.0,51.0,24.0,1.7371,1.3136,20.46K,25.92K,139.2,32.01,909.58M,No,38.02,37.51,,37.66,42.6,166
3498,SAMPAT.BO,36.49,36.83,24.00K,Non-Energy Minerals,Aluminum,4.0,43.0,27.0,4.0,0.8636,0.5107,9.60K,5.88K,120.0,33.02,309.48M,No,37.97,37.25,49.64,37.49,42.4,242
3499,CEINSYS.NS,676.6,707.0,49.84K,Industrial Services,Engineering & Construction,4.0,4.0,3.0,4.0,27.8429,27.475,61.77K,68.85K,1249.9,671.3,14.17B,No,716.31,804.59,,781.77,917.34,143
3500,NIDHGRN.BO,250.0,255.15,1.02K,Finance,Investment Banks/Brokers,4.0,10.0,1.0,19.0,18.9929,16.4571,0.52K,0.61K,480.75,181.45,2.00B,No,276.44,307.23,335.19,295.78,312.95,496
3501,GARGI.BO,602.75,604.2,20.00K,Retail Trade,Specialty Stores,4.0,72.0,3.0,15.0,25.3679,24.6179,15.43K,17.94K,1197.0,532.15,6.31B,No,568.68,621.19,838.3,597.7,759.04,495
3502,JSWHL.NS,10967.0,11449.0,58.62K,Finance,Investment Banks/Brokers,4.0,35.0,23.0,3.0,452.5,452.4286,3.99K,6.30K,22790.0,10530.0,121.72B,No,11501.9,11464.4,14580.92,11375.7,12591.53,498
3503,PRIMEFRESH.BO,160.55,158.65,1.58K,Transportation,Other Transportation,4.0,9.0,4.0,3.0,9.0107,9.0,10.84K,7.25K,324.5,156.05,2.23B,No,170.06,185.53,224.07,178.67,209.45,495
3504,OSWALGREEN.NS,19.59,20.01,101.07K,Finance,Real Estate Development,4.0,26.0,9.0,8.0,0.6507,0.6393,203.96K,117.13K,43.79,19.5,5.03B,No,20.52,21.15,25.95,20.8,23.58,498
3505,BCONCEPTS.NS,154.24,156.56,10.17K,Consumer Durables,Home Furnishings,4.0,35.0,19.0,2.0,9.4771,9.4771,17.29K,14.06K,449.0,150.3,1.93B,No,160.79,177.68,236.33,170.8,202.88,496
3506,HBGHOTELS.BO,78.04,71.84,46.15K,Consumer Services,Hotels/Resorts/Cruise Lines,4.0,25.0,13.0,16.0,7.2779,6.7136,11.80K,20.91K,205.0,62.01,1.60B,No,78.19,83.85,99.71,82.0,89.01,495
3507,AGARIND.NS,421.0,431.75,51.63K,Process Industries,Chemicals: Specialty,4.0,6.0,4.0,28.0,16.2643,16.1071,139.78K,45.51K,1006.0,360.0,6.30B,No,462.6,490.76,542.27,473.28,464.26,496
3508,SALEM.BO,26.0,25.66,0.22K,Finance,Finance/Rental/Leasing,4.0,1.0,2.0,11.0,3.2731,2.6936,2.27K,9.86K,46.49,23.0,381.94M,No,29.09,33.63,35.52,31.65,34.92,496
3509,KAMATS.BO,33.49,32.1,2.08K,Consumer Services,Restaurants,4.0,19.0,18.0,3.0,2.5464,2.45,7.74K,8.89K,67.39,30.2,609.49M,No,35.19,37.15,46.12,36.38,41.03,495
3510,KITEX.NS,119.13,123.87,375.46K,Process Industries,Textiles,4.0,8.0,6.0,4.0,3.9707,3.8636,690.65K,313.13K,232.7,118.5,23.77B,No,126.17,138.52,163.4,134.77,153.26,498
3511,LGHL.NS,185.11,183.99,11.02K,Consumer Durables,Other Consumer Specialties,4.0,36.0,9.0,4.0,11.3471,10.9514,21.48K,12.75K,399.58,168.0,9.27B,No,178.0,194.59,246.28,189.59,226.83,497
3512,OSIAJEE.BO,258.4,277.75,4.48K,Process Industries,Textiles,4.0,87.0,1.0,2.0,20.9536,20.6214,29.13K,8.03K,495.5,181.0,1.40B,No,261.84,292.59,386.92,277.54,369.23,495
3513,ACEENGITEC.BO,95.3,95.3,0.00K,Technology Services,Information Technology Services,4.0,17.0,3.0,4.0,0.6486,0.3086,0.09K,0.04K,165.0,86.45,81.85M,No,93.5,111.61,127.23,107.86,124.36,497
3514,ALFATRAN.BO,32.64,32.61,4.90K,Producer Manufacturing,Electrical Products,4.0,4.0,2.0,6.0,1.7671,1.7486,10.25K,6.07K,64.2,27.03,298.68M,No,34.62,37.99,41.07,37.19,42.19,495
3515,NETWORK18.NS,25.95,26.64,3464.07K,Consumer Services,Broadcasting,4.0,16.0,6.0,9.0,0.96,0.9279,5008.28K,6154.46K,58.1,25.85,40.08B,No,28.29,29.19,34.14,28.63,31.22,499
3516,EPACK.NS,177.7,185.15,421.97K,Producer Manufacturing,Industrial Machinery,4.0,4.0,6.0,3.0,5.5136,5.4929,984.70K,400.85K,394.05,176.72,17.11B,No,193.23,216.12,241.06,209.75,228.37,499
3517,UMIYA.BO,22.46,23.08,6.58K,Non-Energy Minerals,Steel,4.0,53.0,1.0,4.0,2.0786,1.9536,22.76K,11.24K,45.36,19.67,291.01M,No,23.6,25.51,30.81,24.0,30.92,495
3518,CMSINFO.NS,222.91,224.38,1409.68K,Finance,Investment Managers,4.0,5.0,5.0,7.0,7.5936,7.2736,756.75K,1170.71K,427.0,220.99,35.68B,No,242.02,259.04,299.11,253.02,280.18,498
3519,ADTECH.BO,44.01,45.18,1.34K,Electronic Technology,Semiconductors,4.0,5.0,5.0,14.0,2.6864,2.6429,4.35K,5.49K,91.0,44.0,524.32M,No,49.97,53.13,58.99,51.22,56.28,496
3520,CIFL.NS,19.53,20.2,23.45K,Finance,Finance/Rental/Leasing,4.0,27.0,7.0,4.0,0.8329,0.8329,127.66K,248.25K,39.69,19.45,7.64B,No,20.37,20.98,27.27,20.61,24.16,352
3521,RPPINFRA.NS,54.72,60.34,87.77K,Industrial Services,Engineering & Construction,4.0,25.0,19.0,9.0,3.3257,3.2986,189.25K,271.54K,149.55,53.0,2.71B,No,57.12,59.91,75.21,58.35,66.07,497
3522,NEELKANTH.BO,29.99,31.55,0.03K,Process Industries,Agricultural Commodities/Milling,4.0,2.0,8.0,2.0,2.6264,2.32,0.33K,0.30K,57.0,27.16,130.73M,No,36.42,38.0,42.99,36.74,38.69,496
3523,TCC.NS,54.63,55.32,3679.80K,Distribution Services,Wholesale Distributors,4.0,75.0,7.0,3.0,5.2231,5.1739,2458.89K,11514.76K,105.28,39.37,,No,48.48,53.87,,52.66,66.92,136
3524,ADVANCETL.BO,61.0,64.21,30.00K,Producer Manufacturing,Metal Fabrication,4.0,80.0,,,3.6793,3.1429,65.04K,18.00K,94.0,56.32,550.81M,No,70.48,,,,,31
3525,AGROPHOS.NS,23.47,23.5,22.91K,Process Industries,Chemicals: Agricultural,4.0,5.0,5.0,5.0,1.7507,1.7221,23.78K,50.69K,47.47,21.0,475.83M,No,25.35,27.61,32.4,26.83,29.82,497
3526,BYKE.NS,30.17,31.05,34.85K,Consumer Services,Hotels/Resorts/Cruise Lines,4.0,51.0,11.0,6.0,1.4143,1.3921,36.47K,37.37K,73.06,26.25,1.58B,No,31.65,32.6,40.26,32.23,34.77,496
3527,NOL.BO,54.16,56.33,0.46K,Process Industries,Chemicals: Specialty,4.0,43.0,6.0,8.0,2.8714,2.6979,8.49K,0.68K,132.5,42.5,273.10M,No,58.09,58.14,71.83,57.14,63.43,495
3528,SHREE.BO,47.0,46.15,1.50K,Distribution Services,Wholesale Distributors,4.0,63.0,4.0,20.0,3.2064,2.5079,3.03K,4.55K,114.0,40.0,162.62M,No,46.74,49.87,63.29,48.61,55.13,497
3529,FIRSTCRY.NS,171.53,168.83,53336.88K,Retail Trade,Apparel/Footwear Retail,4.0,5.0,7.0,6.0,7.3786,7.1786,1717.87K,2745.76K,400.65,166.95,83.23B,No,183.65,200.56,235.5,195.47,217.23,499
3530,ACL.NS,42.55,42.7,4.61K,Non-Energy Minerals,Construction Materials,4.0,28.0,7.0,9.0,1.2457,1.2307,15.49K,13.88K,100.01,40.5,3.92B,No,44.15,46.65,55.41,45.57,50.74,496
3531,AAYUSH.BO,24.02,25.11,140.31K,Retail Trade,Specialty Stores,4.0,60.0,13.0,4.0,2.9907,2.7443,140.58K,328.65K,77.81,21.2,1.17B,No,24.85,24.3,32.84,24.32,29.29,495
3532,SKYBIOTECH.BO,120.0,120.8,0.23K,Process Industries,Textiles,4.0,3.0,1.0,9.0,2.7393,2.275,0.18K,0.08K,220.0,116.45,229.80M,No,128.81,146.32,156.21,139.79,150.69,497
3533,GICL.NS,24.42,24.74,78.06K,Transportation,Trucking,4.0,79.0,62.0,1.0,1.1271,1.1243,260.58K,248.31K,169.95,15.61,2.73B,No,23.98,20.47,35.26,21.49,30.8,496
3534,DRONACHRYA.BO,31.11,32.0,37.00K,Electronic Technology,Aerospace & Defense,4.0,9.0,3.0,14.0,0.995,0.9336,30.95K,29.20K,71.75,28.97,746.29M,No,33.92,35.91,38.2,34.76,36.69,495
3535,KEC.NS,406.9,406.4,5009.43K,Industrial Services,Engineering & Construction,3.0,27.0,6.0,6.0,12.6107,12.2071,1220.98K,999.75K,937.8,389.15,108.32B,No,416.52,452.48,558.2,443.66,507.82,499
3536,DARJEELING.BO,25.38,26.38,1.88K,Industrial Services,Engineering & Construction,3.0,91.0,8.0,36.0,2.285,2.2179,7.13K,6.14K,75.47,11.72,199.54M,No,26.87,21.95,31.66,22.14,29.38,495
3537,AHLUCONT.NS,585.85,601.0,66.00K,Industrial Services,Engineering & Construction,3.0,0.0,4.0,7.0,21.7,21.6393,65.52K,81.87K,1077.95,580.3,39.24B,No,640.74,757.11,824.52,728.52,775.88,498
3538,WESTLEIRES.BO,68.5,72.0,2.40K,Technology Services,Packaged Software,3.0,24.0,8.0,12.0,1.1379,0.5371,0.08K,0.04K,138.0,68.4,209.15M,No,72.41,78.64,95.99,77.56,84.65,497
3539,ICONIKSPEV.BO,34.74,36.45,21.03K,Commercial Services,Miscellaneous Commercial Services,3.0,7.0,11.0,5.0,2.2664,2.2664,33.12K,16.73K,91.03,28.2,1.18B,No,37.02,36.07,44.99,35.4,38.85,495
3540,YURANUS.BO,76.21,72.59,0.00K,Finance,Real Estate Development,3.0,0.0,1.0,1.0,3.6086,1.3621,2.02K,0.04K,165.0,59.35,266.73M,No,73.27,90.79,124.06,86.8,115.8,496
3541,ECOSMOBLTY.NS,107.47,111.68,96.78K,Finance,Finance/Rental/Leasing,3.0,16.0,11.0,8.0,3.9014,3.8579,63.02K,105.11K,293.85,103.94,6.45B,No,112.27,122.73,150.46,119.97,128.01,499
3542,HINDWAREAP.NS,174.42,178.4,75.93K,Producer Manufacturing,Building Products,3.0,10.0,2.0,11.0,5.8629,5.69,151.51K,100.27K,392.7,170.5,14.59B,No,188.87,210.29,230.01,200.18,215.95,497
3543,TRIVENI.NS,246.45,255.4,661.42K,Process Industries,Agricultural Commodities/Milling,3.0,56.0,1.0,3.0,11.0757,11.055,921.27K,756.19K,490.1,220.05,54.31B,No,280.11,310.78,363.02,279.86,356.47,498
3544,OSWALAGRO.NS,34.25,35.6,16.01K,Finance,Real Estate Development,3.0,22.0,6.0,8.0,1.4029,1.3621,38.83K,42.38K,81.0,33.4,4.61B,No,36.67,38.33,46.43,37.45,42.35,498
3545,BLUECOAST.NS,21.09,22.18,2.07K,Consumer Services,Hotels/Resorts/Cruise Lines,3.0,6.0,4.0,39.0,1.4621,1.3514,1.83K,1.38K,71.47,18.57,415.04M,No,22.93,25.06,27.9,24.28,25.81,496
3546,PCL.BO,38.19,37.0,3.00K,Process Industries,Agricultural Commodities/Milling,3.0,85.0,16.0,5.0,2.4879,2.055,3.48K,3.40K,94.9,31.17,234.31M,No,36.51,40.49,52.64,39.59,47.16,497
3547,EY.BO,558.0,558.0,0.11K,Consumer Durables,Other Consumer Specialties,3.0,1.0,4.0,1.0,30.7822,24.9107,0.06K,0.12K,1061.3,505.9,1.12B,No,627.1,679.76,817.15,659.1,769.0,494
3548,SUNSKY.BO,36.57,38.49,4.50K,Transportation,Air Freight/Couriers,3.0,65.0,7.0,1.0,1.9436,0.7093,8.69K,11.85K,96.0,29.04,454.75M,No,35.04,38.18,58.27,38.07,53.69,232
3549,KPIGREEN.NS,277.15,281.7,686.14K,Utilities,Alternative Power Generation,3.0,6.0,2.0,8.0,8.075,7.6393,911.20K,878.46K,542.25,275.8,54.78B,No,304.52,352.6,400.71,335.6,385.08,498
3550,CAMLINFINE.NS,99.21,101.68,633.99K,Process Industries,Chemicals: Specialty,3.0,42.0,3.0,4.0,3.3829,3.3171,1073.29K,657.17K,235.0,96.21,19.06B,No,104.36,116.16,131.38,112.22,121.67,498
3551,BHARATRAS.NS,1128.9,1157.9,12.76K,Process Industries,Chemicals: Agricultural,3.0,4.0,7.0,12.0,34.4429,34.4429,11.24K,18.91K,2987.5,1125.1,18.76B,No,1232.0,1289.23,1595.67,1254.46,1352.33,497
3552,SONALIS.BO,36.8,36.01,68.00K,Consumer Non-Durables,Food: Specialty/Candy,3.0,4.0,3.0,4.0,2.1243,1.625,9.59K,14.20K,92.0,33.6,174.76M,No,41.12,43.1,53.01,43.26,48.36,496
3553,ENVAIREL.BO,47.57,45.31,0.42K,Producer Manufacturing,Industrial Machinery,3.0,58.0,0.0,50.0,0.6936,0.3643,2.30K,0.80K,128.95,36.68,220.72M,No,43.56,51.65,64.08,48.09,60.97,495
3554,REPL.NS,59.51,61.0,9.72K,Industrial Services,Engineering & Construction,3.0,28.0,11.0,7.0,3.5914,3.5386,4.52K,6.09K,168.0,57.95,1.08B,No,62.75,64.27,83.06,63.84,70.45,497
3555,KPITTECH.NS,563.0,553.75,4090.21K,Technology Services,Packaged Software,3.0,24.0,5.0,11.0,14.9286,14.1786,3493.49K,1181.77K,1328.0,543.0,153.26B,No,579.87,585.36,803.93,587.05,668.56,499
3556,CURAA.NS,75.5,79.61,0.42K,Technology Services,Information Technology Services,3.0,76.0,12.0,7.0,5.3064,4.9671,0.81K,0.73K,235.2,60.0,747.45M,No,71.94,73.28,92.42,73.7,87.17,496
3557,MEHSECU.BO,21.05,21.05,0.40K,Finance,Investment Banks/Brokers,3.0,15.0,17.0,1.0,0.1514,0.0736,0.02K,0.06K,54.0,21.03,65.03M,No,21.79,22.56,32.38,22.38,27.64,497
3558,PANHR.BO,43.2,48.0,8.00K,Commercial Services,Personnel Services,3.0,1.0,3.0,6.0,1.05,0.55,6.53K,4.96K,85.5,43.0,311.52M,No,51.16,53.49,,52.79,58.26,147
3559,NISUS.BO,157.35,149.4,23.60K,Finance,Financial Conglomerates,3.0,19.0,5.0,7.0,7.3107,6.8179,25.31K,22.96K,383.5,142.65,3.76B,No,163.15,178.26,223.48,172.22,193.68,437
3560,SHANTIDENM.BO,33.0,33.1,10.00K,Process Industries,Textiles,3.0,19.0,10.0,2.0,0.7271,0.47,10.13K,8.44K,75.0,30.0,557.30M,No,35.67,37.04,49.09,35.69,44.93,497
3561,RAINBOWF.BO,31.76,34.1,4.27K,Finance,Real Estate Development,3.0,4.0,7.0,6.0,2.6057,2.5593,5.92K,5.59K,95.72,30.57,1.58B,No,35.29,37.2,44.8,36.64,41.06,495
3562,RAMKY.NS,314.8,332.1,47.49K,Industrial Services,Engineering & Construction,3.0,3.0,3.0,4.0,11.525,10.9536,47.70K,42.33K,705.0,312.65,21.78B,No,359.54,376.98,458.04,367.62,426.52,496
3563,ABCOTS.NS,206.04,203.06,6.70K,Consumer Non-Durables,Apparel/Footwear,3.0,71.0,14.0,1.0,9.9971,9.9036,46.88K,7.57K,504.0,196.81,4.53B,No,208.18,205.34,312.0,203.02,266.5,497
3564,RFL.BO,94.45,90.5,0.99K,Finance,Finance/Rental/Leasing,3.0,0.0,1.0,4.0,6.0929,4.8607,0.21K,0.84K,195.0,86.1,330.57M,No,113.16,125.15,132.0,117.75,127.39,496
3565,LEXGLOBAL.BO,120.5,126.8,0.11K,Finance,Financial Conglomerates,3.0,0.0,2.0,2.0,10.7714,7.6107,0.22K,0.29K,232.2,80.45,1.20B,No,162.51,184.0,164.78,172.27,166.27,496
3566,SILVERTUC.NS,149.66,152.49,411.52K,Technology Services,Packaged Software,3.0,1.0,3.0,62.0,9.6757,9.4786,532.59K,656.27K,1117.45,100.5,18.98B,No,174.91,187.97,239.72,183.91,162.34,498
3567,CUPIDALBV.BO,25.69,26.93,62.37K,Finance,Financial Conglomerates,3.0,30.0,5.0,25.0,1.3571,1.3371,69.98K,62.22K,109.9,19.34,2.35B,No,26.9,28.28,34.7,27.32,28.87,495
3568,LUXURY.BO,57.82,64.0,9.60K,Consumer Durables,Other Consumer Specialties,3.0,31.0,12.0,27.0,1.9271,1.7236,5.59K,6.04K,168.0,52.5,477.29M,No,61.72,64.12,,64.71,66.85,191
3569,KALAMANDIR.NS,78.97,82.57,748.53K,Retail Trade,Apparel/Footwear Retail,3.0,27.0,5.0,8.0,1.9271,1.9207,657.93K,316.48K,223.03,78.45,11.64B,No,85.55,89.31,109.7,86.67,98.42,498
3570,RDEL.BO,27.26,27.0,3.60K,Producer Manufacturing,Office Equipment/Supplies,3.0,3.0,9.0,9.0,0.9157,0.6771,3.35K,3.72K,80.0,23.5,235.53M,No,30.82,32.97,,31.69,33.78,187
3571,CHEMPLASTS.NS,165.12,171.35,240.57K,Process Industries,Chemicals: Major Diversified,3.0,25.0,11.0,3.0,7.7679,7.13,831.15K,2069.28K,441.55,164.29,26.11B,No,175.58,187.63,232.56,182.63,215.5,498
3572,CANDOUR.BO,61.98,60.46,0.92K,Process Industries,Textiles,2.0,14.0,10.0,0.0,3.8,3.8,18.69K,13.11K,165.0,58.06,1.51B,No,65.01,72.5,116.28,70.52,101.2,495
3573,RAJESHEXPO.NS,76.47,78.3,105.44K,Consumer Durables,Other Consumer Specialties,2.0,32.0,30.0,3.0,3.3214,3.1929,270.66K,143.35K,237.88,72.63,22.58B,No,78.83,83.9,123.87,81.88,98.51,499
3574,ELIN.NS,87.15,90.96,168.96K,Electronic Technology,Electronic Production Equipment,2.0,11.0,10.0,5.0,4.2443,4.17,338.11K,187.10K,234.0,86.02,4.33B,No,97.75,99.91,124.76,98.71,109.22,497
3575,PIOTEX.BO,29.0,29.0,2.40K,Process Industries,Textiles,2.0,21.0,18.0,2.0,1.84,1.1936,1.01K,2.67K,74.0,24.0,148.00M,No,29.72,30.84,43.06,30.53,36.18,497
3576,GUJJUBHAI.BO,103.05,104.05,18.27K,Producer Manufacturing,Industrial Machinery,2.0,1.0,18.0,1.0,8.3286,8.275,87.12K,60.10K,271.0,97.05,2.16B,No,113.27,122.68,172.55,121.23,151.49,495
3577,MONEYBOXX.NS,44.94,40.86,85.67K,Finance,Regional Banks,2.0,2.0,2.0,3.0,4.705,4.32,59.65K,223.20K,91.5,35.85,3.14B,No,53.51,57.38,63.9,55.52,64.14,228
3578,RAMSONS.BO,78.5,78.0,0.01K,Finance,Investment Banks/Brokers,2.0,9.0,9.0,7.0,4.56,3.7257,0.59K,0.56K,448.85,59.35,236.01M,No,83.34,87.06,106.48,85.31,92.65,496
3579,APTPACK.BO,64.06,67.43,1.34K,Producer Manufacturing,Miscellaneous Manufacturing,2.0,20.0,1.0,1.0,4.6364,4.4236,5.84K,1.51K,198.35,55.5,756.77M,No,69.13,70.38,109.07,68.69,111.28,496
3580,MONIKA.BO,160.8,154.0,1.20K,Distribution Services,Food Distributors,2.0,72.0,4.0,3.0,6.2393,5.4036,18.25K,11.88K,335.0,146.0,3.45B,No,157.22,184.75,238.58,175.78,216.38,285
3581,AEIM.BO,74.41,78.86,121.24K,Commercial Services,Miscellaneous Commercial Services,2.0,3.0,3.0,4.0,4.0493,4.0493,44.21K,30.99K,195.0,72.36,2.06B,No,84.81,89.08,113.08,87.4,104.7,495
3582,KRANTI.BO,44.04,45.95,19.40K,Producer Manufacturing,Auto Parts: Oem,2.0,12.0,2.0,7.0,2.8793,2.8214,19.21K,2.07K,98.15,43.26,561.97M,No,48.48,52.51,63.2,49.83,57.06,495
3583,DHRUV.NS,22.14,21.84,3.78K,Industrial Services,Engineering & Construction,2.0,34.0,9.0,4.0,1.2107,1.1764,8.12K,5.44K,59.67,21.5,419.92M,No,23.66,24.53,32.68,23.64,28.1,497
3584,MANIVENI.BO,25.35,25.35,36.00K,Process Industries,Agricultural Commodities/Milling,2.0,1.0,2.0,,1.8243,1.5136,35.46K,10.44K,44.66,23.35,496.16M,No,28.74,30.8,,29.72,,76
3585,KANISHK.BO,23.9,23.77,9.60K,Non-Energy Minerals,Aluminum,2.0,42.0,5.0,6.0,0.8457,0.4914,4.80K,10.56K,58.4,22.55,321.22M,No,23.82,25.3,,24.97,29.48,153
3586,DEL.BO,126.0,123.95,0.04K,Producer Manufacturing,Electrical Products,2.0,16.0,5.0,12.0,8.8143,6.7429,1.79K,0.26K,438.15,100.35,1.79B,No,130.95,130.32,171.95,132.02,156.08,495
3587,DECPO.BO,23.0,23.0,0.16K,Process Industries,Containers/Packaging,2.0,7.0,1.0,2.0,0.3557,0.1171,0.14K,0.57K,46.5,20.28,48.65M,No,23.17,27.16,32.15,25.97,31.95,496
3588,SKCIL.BO,97.97,100.01,20.72K,Non-Energy Minerals,Construction Materials,2.0,40.0,3.0,3.0,6.325,6.0993,20.42K,9.41K,286.75,90.0,1.72B,No,96.3,107.69,149.44,104.89,132.46,495
3589,REXSEAL.BO,105.0,105.0,0.50K,Producer Manufacturing,Industrial Machinery,2.0,9.0,3.0,2.0,0.0,0.0,0.05K,0.05K,216.0,105.0,271.42M,No,107.55,124.02,151.56,117.5,141.2,496
3590,TFSL.BO,21.33,22.3,0.10K,Finance,Finance/Rental/Leasing,2.0,0.0,0.0,1.0,1.8014,1.0343,0.68K,0.28K,53.96,18.05,64.00M,No,29.99,35.85,41.48,32.88,39.99,496
3591,MANOJJEWEL.BO,28.5,29.93,24.00K,Retail Trade,Specialty Stores,2.0,12.0,3.0,2.0,1.655,1.3221,29.88K,28.40K,59.52,21.58,332.91M,No,28.29,30.06,41.77,29.62,38.69,339
3592,SYSCHEM.BO,29.59,30.86,35.14K,Health Technology,Pharmaceuticals: Major,2.0,40.0,2.0,2.0,1.4336,1.4336,50.44K,18.91K,61.0,28.81,1.59B,No,31.13,36.1,45.31,34.52,42.66,495
3593,WAAREEINDO.NS,249.4,251.95,92.98K,Electronic Technology,Electronic Equipment/Instruments,2.0,5.0,1.0,8.0,10.8679,10.4821,80.07K,93.09K,725.0,245.1,10.38B,No,273.72,318.35,397.96,299.92,365.33,498
3594,LOGICIEL.BO,31.75,30.0,3.00K,Technology Services,Packaged Software,2.0,68.0,15.0,45.0,1.7629,1.49,2.69K,1.40K,154.4,28.0,237.11M,No,31.11,31.87,,31.58,38.13,194
3595,SOLARWORLD.NS,131.42,141.48,463.71K,Industrial Services,Engineering & Construction,2.0,5.0,3.0,9.0,5.3186,5.2514,614.05K,275.36K,388.5,130.15,11.39B,No,147.24,172.38,205.41,164.42,180.72,239
3596,WATERBASE.NS,46.71,46.54,10.91K,Process Industries,Agricultural Commodities/Milling,2.0,,,,2.1343,2.1343,21.52K,15.51K,74.9,44.11,1.94B,No,48.42,,,,,24
3597,VEDL.NS,257.0,263.7,9230.28K,Non-Energy Minerals,Aluminum,2.0,44.0,19.0,0.0,8.6107,7.7036,16251.09K,7897.21K,795.0,249.7,1003.53B,No,272.44,269.95,479.66,268.81,413.8,499
3598,KPGEL.BO,264.1,268.7,33.00K,Producer Manufacturing,Metal Fabrication,2.0,39.0,3.0,5.0,12.2,11.9786,91.58K,107.53K,626.65,246.05,13.21B,No,270.07,309.54,376.61,296.92,356.06,496
3599,PNCINFRA.NS,140.32,175.4,4932.74K,Industrial Services,Engineering & Construction,2.0,0.0,2.0,5.0,7.8529,6.9993,624.13K,439.17K,325.0,140.32,36.00B,No,191.63,219.45,219.14,207.27,207.78,498
3600,OSWALPUMPS.NS,275.45,282.45,347.50K,Producer Manufacturing,Industrial Machinery,2.0,24.0,2.0,16.0,9.1571,9.0464,678.58K,573.99K,825.95,272.05,31.40B,No,288.7,328.73,387.07,314.6,353.44,310
3601,SAFE.BO,126.0,125.0,0.50K,Technology Services,Internet Software/Services,2.0,4.0,6.0,2.0,6.1143,5.8679,2.31K,8.00K,348.0,112.8,717.57M,No,141.68,152.57,185.79,149.93,168.48,491
3602,GUJENERGY.NS,243.56,241.59,1348.89K,Utilities,Gas Distributors,2.0,8.0,1.0,2.0,7.485,6.9143,1426.50K,1919.65K,447.45,240.36,228.52B,No,257.68,268.92,355.42,263.54,329.76,498
3603,MITTALSTL.BO,24.5,24.9,6.00K,Non-Energy Minerals,Steel,2.0,16.0,5.0,23.0,1.7143,1.3671,5.01K,3.90K,114.4,22.63,283.40M,No,25.98,27.37,32.27,27.16,29.57,229
3604,ESPIRE.BO,143.25,150.0,0.68K,Consumer Services,Hotels/Resorts/Cruise Lines,2.0,12.0,8.0,1.0,10.6714,10.0393,0.94K,0.61K,529.85,141.35,2.14B,No,156.06,162.8,228.85,158.86,204.84,495
3605,KPEL.NS,210.24,214.91,324.35K,Utilities,Alternative Power Generation,2.0,5.0,1.0,6.0,10.1471,10.1471,290.61K,333.57K,463.25,208.15,14.25B,No,243.84,280.17,316.31,266.47,307.09,453
3606,INDAGIV.BO,36.5,36.5,0.01K,Technology Services,Information Technology Services,2.0,12.0,1.0,6.0,0.6471,0.2664,0.06K,0.38K,86.45,34.12,111.58M,No,39.63,41.2,54.44,40.2,45.78,498
3607,TTC.BO,184.4,187.0,0.30K,Commercial Services,Miscellaneous Commercial Services,2.0,27.0,3.0,1.0,13.3214,11.0857,2.57K,2.85K,445.0,135.0,348.52M,No,181.04,198.35,275.8,195.33,240.85,435
3608,ANUBHAV.BO,46.0,46.0,12.80K,Non-Energy Minerals,Steel,2.0,28.0,,,0.7171,0.5743,42.91K,3.20K,80.0,42.05,506.00M,No,48.58,50.45,,49.89,,56
3609,VANDAN.BO,23.0,22.91,1.20K,Consumer Non-Durables,Food: Specialty/Candy,1.0,38.0,6.0,3.0,0.6836,0.6407,9.56K,3.96K,65.99,19.81,192.85M,No,24.17,24.43,36.04,24.44,31.45,297
3610,MEERA.BO,30.11,30.26,2.30K,Producer Manufacturing,Industrial Machinery,1.0,7.0,1.0,26.0,2.2836,2.2821,9.11K,16.08K,103.46,29.56,643.08M,No,33.53,37.92,52.56,35.73,45.72,497
3611,IMEC.BO,100.1,106.2,2.17K,Non-Energy Minerals,Steel,1.0,46.0,1.0,1.0,6.8714,6.7786,1.51K,0.81K,448.35,98.05,190.19M,No,103.89,107.48,175.2,104.94,143.01,495
3612,ROYAL.BO,93.0,95.0,3.50K,Distribution Services,Medical Distributors,1.0,52.0,9.0,1.0,2.9321,1.975,3.55K,1.28K,267.75,83.1,497.56M,No,96.41,101.63,145.41,99.99,125.78,497
3613,TANVI.BO,44.23,46.55,2.00K,Distribution Services,Food Distributors,1.0,18.0,1.0,2.0,0.5336,0.0,4.71K,0.11K,97.2,44.23,567.42M,No,48.14,52.59,66.6,50.47,59.68,497
3614,SAFECURE.BO,20.1,20.55,2.40K,Commercial Services,Miscellaneous Commercial Services,1.0,18.0,9.0,1.0,0.8814,0.6914,3.98K,6.24K,81.6,20.1,201.80M,No,21.77,22.7,29.5,22.66,26.8,213
3615,SUPREME.NS,32.98,34.74,111.77K,Finance,Real Estate Development,1.0,2.0,4.0,2.0,2.1136,2.1136,67.19K,45.98K,97.84,32.51,1.28B,No,37.74,42.23,54.07,40.69,47.22,400
3616,TERASOFT.NS,238.35,248.8,24.00K,Technology Services,Information Technology Services,1.0,0.0,0.0,3.0,16.5536,16.5536,22.47K,24.52K,598.0,231.4,2.98B,No,290.34,350.66,380.28,331.28,353.36,498
3617,KINGSINFR.BO,77.97,83.4,46.96K,Process Industries,Agricultural Commodities/Milling,1.0,1.0,1.0,3.0,3.8971,3.8721,16.09K,9.60K,172.75,76.31,1.91B,No,85.57,102.92,121.01,97.32,114.61,495
3618,CARGOTRANS.BO,68.25,65.0,8.25K,Transportation,Air Freight/Couriers,1.0,2.0,2.0,0.0,1.4329,0.5729,1.84K,1.80K,179.8,64.94,404.15M,No,76.2,84.25,127.6,80.35,115.23,495
3619,SHAMFOAM.BO,58.0,58.31,7.00K,Consumer Durables,Home Furnishings,1.0,,,,5.2071,4.8236,176.16K,33.70K,109.0,56.01,666.46M,No,74.85,,,,,20
3620,CHTR.BO,39.5,39.3,7.20K,Commercial Services,Advertising/Marketing Services,1.0,3.0,5.0,4.0,1.445,1.005,14.44K,8.04K,156.75,38.0,558.68M,No,41.65,45.53,60.31,44.65,52.89,236
3621,ATALREAL.NS,14.4,13.75,13624.51K,Consumer Durables,Homebuilding,1.0,0.0,0.0,2.0,2.4636,1.8843,9974.48K,13483.29K,36.7,12.38,1.78B,No,28.1,30.36,27.26,28.98,27.57,496
3622,OMEGAIN.BO,22.01,23.16,97.52K,Technology Services,Information Technology Services,1.0,0.0,0.0,0.0,1.755,0.445,360.08K,457.16K,112.06,18.02,1.84B,No,29.5,36.55,54.17,34.18,55.74,497
3623,WEL.NS,69.18,72.34,697.31K,Electronic Technology,Electronic Equipment/Instruments,1.0,0.0,4.0,1.0,12.2371,9.1979,3425.21K,2621.34K,183.53,68.04,9.27B,No,106.3,110.69,121.32,106.14,105.9,498
3624,CRIMSON.BO,24.84,24.84,0.20K,Non-Energy Minerals,Steel,1.0,0.0,0.0,1.0,0.8957,0.035,0.17K,0.98K,61.35,24.84,110.00M,No,31.71,39.54,46.51,38.32,46.03,495
3625,GBLOGISTIC.BO,23.68,23.32,7.20K,Transportation,Air Freight/Couriers,1.0,55.0,2.0,2.0,1.0564,0.8629,15.94K,10.44K,66.57,22.51,194.04M,No,24.31,25.65,37.95,25.23,32.99,402
3626,RMC.NS,201.09,211.68,55.58K,Producer Manufacturing,Electrical Products,1.0,1.0,2.0,,12.14,12.1264,75.26K,64.77K,530.0,199.0,2.13B,No,236.82,268.16,,256.41,,116
3627,AUREATE.BO,35.1,37.16,6.00K,Distribution Services,Wholesale Distributors,1.0,48.0,1.0,,2.0979,1.6371,91.17K,44.00K,70.0,26.29,455.80M,No,36.43,35.31,,35.82,,72
3628,METHODHUB.BO,63.39,61.69,61.80K,Technology Services,Information Technology Services,1.0,15.0,3.0,2.0,4.0429,3.9043,31.00K,55.44K,171.95,58.8,1.20B,No,67.01,73.07,,70.19,83.23,188
3629,RAJKSYN.BO,21.44,21.45,0.05K,Process Industries,Textiles,1.0,28.0,1.0,2.0,2.08,1.9993,4.15K,1.39K,54.97,19.01,141.55M,No,21.47,23.1,34.54,22.64,31.17,494
3630,SOLEX.NS,668.9,698.6,61.45K,Producer Manufacturing,Building Products,1.0,1.0,1.0,6.0,32.7107,32.7107,37.43K,35.88K,1985.0,651.2,7.23B,No,748.31,869.41,1099.56,824.89,1018.62,496
3631,AASTHA.NS,76.38,78.43,772.99K,Process Industries,Textiles,1.0,69.0,,,5.0343,4.0979,3017.60K,695.82K,140.01,70.0,,No,78.03,89.92,,82.95,,51
3632,MISQUITA.BO,55.34,55.34,3.00K,Distribution Services,Electronics Distributors,1.0,3.0,1.0,1.0,1.7757,0.8793,0.90K,0.90K,142.0,50.26,259.43M,No,61.5,73.41,101.45,69.55,94.82,496
3633,TRL.BO,58.84,59.85,6.95K,Producer Manufacturing,Building Products,1.0,3.0,2.0,2.0,2.6943,2.6429,20.86K,8.04K,223.9,55.73,729.48M,No,62.85,69.09,94.69,66.05,87.11,495
3634,ALPINETEX.NS,54.68,57.13,94.62K,Process Industries,Textiles,1.0,31.0,,,3.8086,3.8064,309.76K,404.47K,105.0,50.46,2.09B,No,57.2,,,,,40
3635,RKEC.NS,19.43,19.33,22.86K,Industrial Services,Engineering & Construction,1.0,2.0,6.0,1.0,1.5843,1.5543,49.63K,48.38K,81.5,18.27,466.14M,No,21.58,24.52,36.6,23.73,30.41,498
3636,SCARNOSE.BO,35.82,35.82,1.00K,Consumer Non-Durables,Apparel/Footwear,1.0,54.0,0.0,0.0,0.1343,0.0,1.08K,0.11K,89.9,35.82,112.84M,No,36.59,54.13,67.2,48.67,66.89,497
3637,SVJ.BO,193.0,193.7,0.50K,Consumer Non-Durables,Food: Major Diversified,1.0,29.0,0.0,0.0,4.625,3.25,6.61K,0.28K,583.55,171.45,1.08B,No,198.0,197.62,391.67,194.0,343.61,494
3638,NMSGLOBAL.BO,41.69,40.15,7.94K,Distribution Services,Food Distributors,1.0,4.0,0.0,1.0,2.9864,2.9421,16.60K,6.83K,103.94,36.85,125.30M,No,41.14,56.68,71.04,51.67,69.67,495
3639,ZAPPFRESH.BO,57.0,60.44,55.20K,Retail Trade,Food Retail,1.0,2.0,2.0,1.0,3.6621,3.43,64.70K,79.08K,208.0,56.99,1.27B,No,67.6,73.35,103.85,70.21,88.78,232
3640,DAVIN.BO,18.99,20.44,14.00K,Consumer Non-Durables,Apparel/Footwear,1.0,1.0,1.0,1.0,1.1071,0.2,3.71K,10.89K,56.35,18.99,125.58M,No,23.9,27.33,33.43,26.39,30.11,419
3641,SEEMAX.BO,55.05,52.48,2.00K,Finance,Finance/Rental/Leasing,1.0,10.0,,,1.095,0.715,30.63K,2.40K,112.8,49.05,242.22M,No,54.78,62.79,,57.94,,50
3642,AICHAMP.BO,18.98,18.91,3.48K,Process Industries,Textiles,1.0,0.0,0.0,6.0,1.6157,1.5629,3.83K,11.09K,61.8,18.05,583.71M,No,23.61,31.15,33.15,29.22,30.79,495
3643,SRGHFL.NS,140.4,156.0,66.87K,Finance,Finance/Rental/Leasing,1.0,0.0,0.0,1.0,14.5214,8.8893,7.07K,15.71K,335.0,140.4,2.21B,No,241.43,275.19,275.27,253.03,269.42,495
3644,CMBL.BO,40.95,39.0,0.04K,Finance,Regional Banks,1.0,12.0,4.0,5.0,1.9229,1.4643,0.31K,0.29K,414.3,38.81,2.60B,No,44.96,47.07,108.24,45.93,51.35,495
3645,RFIL.BO,27.8,26.1,12.00K,Consumer Non-Durables,Apparel/Footwear,1.0,1.0,1.0,,1.3836,0.94,23.97K,18.20K,64.0,26.1,288.29M,No,31.78,34.38,,33.09,,74
3646,RELINFRA.NS,52.59,53.66,63.09K,Utilities,Electric Utilities,0.0,2.0,2.0,2.0,1.6643,1.61,301.28K,231.44K,274.45,52.59,,No,59.36,63.66,94.45,62.04,73.22,498
3647,SPITZE.BO,40.15,42.26,247.00K,Consumer Durables,Home Furnishings,0.0,84.0,1.0,3.0,1.8786,1.4364,47.54K,62.00K,251.0,29.64,2.43B,No,33.42,43.6,102.82,41.4,64.17,495
3648,JIVIAL.BO,77.99,77.99,6.00K,Non-Energy Minerals,Aluminum,0.0,35.0,,,1.48,1.1979,37.97K,3.40K,164.6,71.5,364.18M,No,80.98,85.83,,80.91,,54
3649,OLATECH.BO,63.5,65.0,2.77K,Technology Services,Data Processing Services,0.0,58.0,3.0,0.0,2.5979,1.1679,10.18K,5.09K,290.9,58.0,282.61M,No,66.06,67.42,144.99,64.76,107.18,495
3650,KIAASA.BO,29.3,30.0,6.00K,Retail Trade,Apparel/Footwear Retail,0.0,35.0,4.0,0.0,1.6493,1.5636,26.60K,21.20K,123.0,28.21,534.14M,No,30.74,32.92,,32.3,,135
3651,SEML.BO,38.61,39.19,7.12K,Distribution Services,Wholesale Distributors,0.0,85.0,2.0,3.0,2.1486,1.9443,15.43K,14.25K,364.0,31.98,739.77M,No,36.59,40.27,110.68,39.35,55.45,495
3652,ABRFL.BO,38.85,38.85,3.60K,Consumer Non-Durables,Food: Specialty/Candy,0.0,71.0,0.0,1.0,1.0821,0.29,3.52K,3.00K,150.0,36.92,200.23M,No,40.01,42.39,77.36,42.16,62.98,301
3653,GVL.BO,32.01,34.0,13.00K,Distribution Services,Wholesale Distributors,0.0,2.0,1.0,0.0,1.3786,0.95,5.24K,10.10K,141.8,30.6,415.79M,No,37.58,40.58,75.04,39.89,63.32,496
3654,ARL.BO,39.77,40.78,17.29K,Process Industries,Textiles,0.0,23.0,6.0,1.0,2.0736,2.0721,32.20K,22.07K,470.0,38.0,871.30M,No,42.32,46.53,146.25,44.3,56.33,495
3655,MOPSHOP.BO,57.0,59.95,5.00K,Distribution Services,Wholesale Distributors,0.0,,,,,,14.62K,1.70K,137.0,57.0,,No,,,,,,14
3656,TRANSPACT.BO,86.0,86.0,1.00K,Health Technology,Medical Specialties,0.0,6.0,0.0,0.0,0.3236,0.3236,1.28K,0.11K,236.1,81.47,33.26M,No,88.14,122.99,163.38,109.0,169.23,497
3657,HEG.NS,225.35,237.2,1510.28K,Electronic Technology,Electronic Components,0.0,0.0,0.0,0.0,55.2571,20.3429,2021.94K,2122.95K,753.9,225.35,43.49B,No,579.1,609.84,571.77,590.16,571.36,499
3658,LEMERITE.NS,20.06,21.11,242.14K,Process Industries,Textiles,0.0,9.0,4.0,0.0,1.175,1.1636,548.50K,187.80K,107.57,19.52,488.66M,No,21.73,22.13,64.95,21.66,51.14,498
3659,GSLSU.NS,28.0,28.25,84.87K,Non-Energy Minerals,Construction Materials,0.0,19.0,0.0,0.0,1.8007,1.7943,170.96K,141.36K,139.67,23.06,1.19B,No,29.48,30.08,63.6,28.77,46.69,496
3660,CCME.BO,31.5,30.0,1.80K,Producer Manufacturing,Miscellaneous Manufacturing,0.0,0.0,0.0,0.0,2.0479,0.6321,9.43K,15.36K,181.3,26.41,1.43B,No,41.04,79.29,93.68,67.41,92.02,495
3661,MALA.BO,49.8,54.8,18.00K,Process Industries,Textiles,0.0,1.0,,,2.4007,1.9593,125.33K,11.00K,139.65,49.8,493.27M,No,63.15,,,,,34
3662,LELAVOIR.BO,75.38,78.65,1.60K,Process Industries,Agricultural Commodities/Milling,0.0,98.0,0.0,0.0,5.8864,5.1571,11.76K,18.27K,336.6,33.86,261.42M,No,76.1,66.89,164.83,64.54,144.78,495
3663,DHANWEL.BO,36.37,39.85,414.00K,Process Industries,Agricultural Commodities/Milling,0.0,,,,,,67.75K,66.00K,99.0,35.87,,No,,,,,,14
3664,DHRUVCA.BO,86.3,85.97,6.75K,Finance,Finance/Rental/Leasing,0.0,50.0,0.0,0.0,4.8586,4.7443,9.65K,5.67K,445.5,76.15,620.53M,No,86.92,142.05,231.8,113.36,259.25,495
3665,LIOTECH.BO,87.9,86.54,4.80K,Consumer Durables,Tools & Hardware,0.0,8.0,,,2.5014,2.3457,15.59K,4.20K,257.0,84.1,342.85M,No,93.58,103.69,,98.98,,59
3666,QRIL.BO,29.0,29.0,0.50K,Producer Manufacturing,Industrial Machinery,0.0,1.0,0.0,0.0,0.6414,0.1929,0.66K,0.25K,134.5,28.55,73.95M,No,32.2,39.18,73.97,37.79,52.77,495
3667,GPSL.BO,52.85,55.63,15.60K,Consumer Non-Durables,Consumer Sundries,0.0,2.0,0.0,0.0,2.765,1.6364,5.85K,6.54K,365.0,52.85,395.32M,No,66.4,83.96,173.8,77.22,132.8,496
3668,QTFOODS.BO,37.01,41.0,6.00K,Consumer Non-Durables,Food: Specialty/Candy,0.0,,,,3.9057,0.6257,50.20K,73.87K,115.0,37.01,261.93M,No,67.35,,,,,20
3669,EKENNIS.BO,39.71,39.9,4.00K,Technology Services,Information Technology Services,0.0,0.0,0.0,0.0,2.5557,0.3793,0.71K,2.80K,168.0,37.91,55.59M,No,55.62,67.92,125.52,64.18,113.74,496
3670,GULFLLOYDS.BO,31.75,32.41,16.80K,Commercial Services,Miscellaneous Commercial Services,0.0,2.0,,,1.9221,1.7407,60.41K,32.28K,100.0,31.05,213.65M,No,36.49,,,,,36
3671,TTFL.BO,21.24,22.22,13.52K,Process Industries,Textiles,0.0,30.0,0.0,0.0,1.7007,1.6221,23.38K,23.95K,379.0,21.11,318.51M,No,23.25,26.47,102.08,24.72,39.91,495
3672,INDIAGLYCO.NS,280.2,294.9,52.71K,Process Industries,Chemicals: Specialty,0.0,0.0,0.0,0.0,92.7714,26.3071,230.15K,259.27K,1222.0,217.0,18.78B,No,798.81,990.49,973.62,882.96,940.24,498
3673,BHUDEVI.BO,69.35,72.95,1.58K,Process Industries,Textiles,0.0,0.0,0.0,0.0,5.6964,0.0,20.30K,1.07K,305.15,69.35,318.26M,No,122.27,145.59,223.3,130.27,197.55,495
3674,BCCL.BO,27.63,28.44,11.20K,Process Industries,Chemicals: Specialty,0.0,78.0,1.0,0.0,1.6907,1.4129,22.78K,37.28K,430.0,22.31,396.15M,No,27.83,33.63,146.85,31.01,71.79,495
3675,KSE.NS,176.88,177.22,17.51K,Process Industries,Agricultural Commodities/Milling,0.0,,,,5.8636,5.6764,24.90K,15.85K,665.4,173.31,5.66B,No,182.26,,,,,24
3676,MIZVEN.BO,37.03,38.88,4.21K,Industrial Services,Engineering & Construction,0.0,83.0,0.0,0.0,3.0379,2.5057,21.75K,21.66K,284.75,27.56,814.47M,No,37.22,58.64,123.31,47.47,118.84,495
3677,INLCM.BO,286.4,300.8,1.32K,Distribution Services,Wholesale Distributors,0.0,0.0,0.0,0.0,27.8464,22.2179,2.42K,6.46K,2640.75,285.8,766.12M,No,384.85,536.43,1144.26,460.13,880.85,495
3678,UHMVL.BO,29.17,30.0,16.00K,Consumer Services,Other Consumer Services,0.0,9.0,0.0,,1.3829,1.1986,40.37K,12.96K,132.8,29.05,193.86M,No,33.39,35.75,,33.56,,68
3679,AQYLON.NS,20.71,21.24,2995.91K,Consumer Services,Movies/Entertainment,0.0,14.0,0.0,0.0,1.5136,1.4579,2564.68K,1302.79K,1714.9,19.66,5.25B,No,22.79,27.37,257.85,24.68,47.85,497
3680,INDOTHAI.NS,39.12,41.17,679.55K,Finance,Investment Banks/Brokers,0.0,0.0,0.0,0.0,2.6493,0.8629,2287.38K,4536.72K,466.35,33.97,5.03B,No,49.54,128.81,242.71,104.81,209.51,497
3681,LORDSMARK.BO,81.22,82.53,389.08K,Finance,Investment Banks/Brokers,0.0,15.0,0.0,0.0,3.81,3.7443,664.93K,414.91K,12757.0,60.0,34.71B,No,82.47,1098.67,9842.42,85.89,8110.16,497
3682,CPML.BO,88.45,93.1,1.10K,Consumer Services,Movies/Entertainment,0.0,0.0,0.0,0.0,7.6643,0.7357,1.54K,2.36K,3289.95,88.45,943.23M,No,155.97,412.25,2090.87,286.06,1621.61,495
