Rank,Ticker,Price,Prev_Close,DVol,Sector,Industry,RS Percentile,1M_RS Percentile,3M_RS Percentile,6M_RS Percentile,ATR,ADR,AvgVol,AvgVol10,52WKH,52WKL,MCAP,IPO,SMA20,SMA50,SMA200,SMA10W,SMA30W,History_Days
1,AXISOL.BO,422.2,404.8,22.17K,Technology Services,Information Technology Services,98.0,96.0,95.0,98.0,11.9214,9.3643,4.14K,1.48K,423.9,21.07,19.91B,No,345.8,328.96,193.93,337.47,246.22,499
2,EASTSILK.NS,60.0,61.27,0.63K,Process Industries,Textiles,98.0,91.0,47.0,17.0,3.5171,3.2971,1.03K,1.25K,99.25,1.8,300.00M,No,53.93,52.22,65.51,52.36,60.81,500
3,LIPPISYS.BO,259.55,264.8,0.52K,Producer Manufacturing,Industrial Machinery,98.0,94.0,99.0,98.0,8.8357,5.6036,36.13K,16.01K,275.7,19.9,1.82B,No,251.08,200.93,78.84,210.23,101.0,497
4,MODMA.BO,42.96,42.96,2.10K,Producer Manufacturing,Metal Fabrication,98.0,0.0,1.0,98.0,3.3586,2.3764,2.80K,2.12K,85.79,1.1,5.01B,No,50.68,62.33,29.58,59.78,39.36,498
5,TANDHANIN.BO,151.95,150.75,1.55K,Finance,Investment Banks/Brokers,98.0,62.0,97.0,98.0,7.8107,7.4714,3.24K,4.17K,164.0,10.48,7.56B,No,151.21,141.08,61.5,144.93,82.96,497
6,ISERA.BO,143.9,143.9,0.12K,Technology Services,Packaged Software,98.0,54.0,97.0,98.0,0.0,0.0,2.80K,0.42K,143.9,3.37,1.21B,No,143.9,123.75,57.22,128.9,77.74,496
7,ARIHANT.NS,1130.4,1136.6,1.81K,Finance,Real Estate Development,98.0,96.0,84.0,,78.55,77.9393,9.27K,10.97K,1225.0,39.65,12.28B,No,980.05,893.49,,909.46,,82
8,MRUTR.BO,94.5,92.65,0.01K,Finance,Investment Banks/Brokers,98.0,97.0,98.0,98.0,1.6314,0.0,3.35K,1.46K,92.65,0.56,68.27B,No,78.84,61.15,24.33,64.56,33.61,498
9,SAMTELIN.BO,35.51,37.37,7.55K,Producer Manufacturing,Miscellaneous Manufacturing,98.0,0.0,67.0,98.0,3.5157,1.4836,11.40K,8.07K,72.95,1.89,251.69M,No,53.83,54.38,23.59,53.63,32.33,241
10,APOLLOIN.BO,143.15,146.05,14.00K,Process Industries,Agricultural Commodities/Milling,98.0,97.0,98.0,98.0,2.5686,0.0,4.05K,0.70K,143.15,5.16,1.49B,No,124.0,96.05,37.3,100.95,50.78,498
11,SESHACHAL.BO,77.73,77.73,0.16K,Technology Services,Information Technology Services,98.0,13.0,7.0,54.0,2.92,2.0029,0.90K,1.31K,105.31,2.39,53.97M,No,70.88,83.69,70.63,82.42,88.54,496
12,SALSAIN.BO,349.9,366.7,1.59K,Finance,Financial Conglomerates,98.0,97.0,47.0,97.0,21.8179,10.2821,0.95K,0.76K,828.95,14.58,2.44B,No,347.74,279.05,239.27,287.26,333.36,497
13,JTLDEFENCE.BO,599.8,599.8,6.39K,Non-Energy Minerals,Other Metals/Minerals,98.0,76.0,97.0,98.0,11.5536,11.4571,2.77K,1.31K,694.3,55.58,6.31B,No,639.37,512.14,202.65,532.62,263.41,497
14,CALLISTA.BO,182.3,186.0,2.06K,Consumer Durables,Home Furnishings,98.0,18.0,92.0,69.0,8.4393,6.2929,2.51K,7.23K,225.95,8.33,1.38B,No,175.05,177.65,145.54,177.96,172.64,496
15,SOURCEIND.BO,32.62,31.99,0.20K,Consumer Durables,Home Furnishings,98.0,97.0,98.0,98.0,0.6329,0.0693,0.23K,0.45K,32.62,4.18,371.97M,No,27.72,22.6,10.61,24.03,13.41,498
16,SMTEL.BO,491.75,468.35,0.75K,Commercial Services,Miscellaneous Commercial Services,98.0,80.0,65.0,91.0,29.2071,16.9536,0.69K,1.98K,594.35,30.72,8.89B,No,471.58,437.42,325.45,444.57,407.38,497
17,TRADWIN.BO,614.2,680.5,0.00K,Consumer Services,Other Consumer Services,98.0,85.0,72.0,6.0,30.8679,13.0143,0.04K,0.05K,846.45,47.04,1.84B,No,599.79,606.54,499.47,600.67,621.59,498
18,KARTKIN.BO,8625.0,8800.0,0.00K,Finance,Financial Conglomerates,98.0,5.0,73.0,98.0,175.4786,40.2464,0.02K,0.01K,10741.85,1087.8,2.10B,No,8790.04,8509.5,4123.52,8436.84,5291.64,499
19,SURBHIN.BO,148.6,141.55,17.08K,Process Industries,Textiles,98.0,98.0,69.0,98.0,6.7264,2.9821,5.13K,6.81K,249.65,14.05,510.80M,No,94.49,113.89,70.83,107.85,91.3,497
20,PARMSILK.BO,301.05,315.3,1.58K,Process Industries,Textiles,98.0,1.0,98.0,98.0,20.8893,12.7857,0.89K,2.17K,472.35,31.19,903.48M,No,345.33,285.79,138.1,298.5,165.95,338
21,SANGINITA.NS,60.3,61.53,121.83K,Process Industries,Chemicals: Specialty,98.0,93.0,98.0,98.0,1.3086,0.0,155.02K,294.36K,68.02,9.09,1.56B,No,58.64,46.01,22.53,48.73,28.2,498
22,BATLIBOI.NS,102.67,94.3,1102.66K,Producer Manufacturing,Industrial Machinery,98.0,92.0,83.0,,5.3629,5.0879,42.39K,68.97K,106.5,15.7,4.85B,No,85.62,82.63,,83.28,,82
23,SPICEISLIN.BO,489.7,489.8,5.38K,Process Industries,Textiles,98.0,39.0,92.0,96.0,24.8536,23.9643,19.11K,11.75K,549.0,57.0,3.05B,No,502.36,481.56,282.09,489.35,354.14,496
24,STELLANT.BO,967.7,921.65,5.70K,Finance,Investment Banks/Brokers,98.0,98.0,96.0,83.0,45.7643,26.7821,4.81K,10.31K,967.7,91.45,5.50B,No,677.85,608.08,529.8,632.48,622.16,497
25,NEWMKTAVE.BO,50.89,50.89,0.00K,Finance,Investment Managers,98.0,93.0,98.0,98.0,0.7736,0.0,,,51.9,9.1,256.39M,No,43.18,38.1,19.68,39.56,24.26,499
26,CUPID.NS,262.69,252.11,38600.27K,Consumer Non-Durables,Household/Personal Care,98.0,95.0,97.0,98.0,9.0064,8.4643,29181.77K,24145.95K,263.0,31.82,353.12B,No,223.05,191.03,112.49,198.91,130.57,500
27,RANJITSE.BO,58.07,55.31,0.84K,Finance,Finance/Rental/Leasing,98.0,36.0,2.0,86.0,3.0329,2.2143,0.42K,0.11K,122.1,6.24,156.06M,No,60.3,62.7,,61.66,70.37,171
28,APPL.BO,285.5,291.3,6.00K,Distribution Services,Medical Distributors,98.0,94.0,95.0,97.0,12.1071,11.1643,17.39K,15.52K,296.15,32.32,4.90B,No,259.13,236.71,138.14,241.82,169.67,213
29,ACFSL.BO,78.19,74.57,4.80K,Finance,Investment Banks/Brokers,98.0,98.0,98.0,98.0,2.1571,0.0071,0.47K,0.60K,78.29,20.04,,No,57.15,46.64,27.0,49.38,30.5,499
30,SHENTRA.BO,133.55,130.95,0.04K,Process Industries,Chemicals: Specialty,98.0,93.0,95.0,97.0,2.4321,0.8893,0.10K,0.22K,134.85,16.65,592.71M,No,123.64,107.55,63.89,112.35,79.57,210
31,ASIACAP.BO,91.78,89.99,0.13K,Finance,Finance/Rental/Leasing,98.0,84.0,96.0,98.0,1.8143,0.6379,1.24K,0.72K,96.62,17.37,283.78M,No,88.51,74.12,39.68,75.35,49.35,498
32,SIMANDHAR.BO,171.95,162.85,0.32K,Distribution Services,Wholesale Distributors,98.0,95.0,77.0,90.0,11.7929,6.5429,2.57K,0.54K,180.95,21.5,525.64M,No,144.85,147.34,,147.34,133.48,154
33,MAXGROW.BO,84.14,84.14,1.17K,Commercial Services,Personnel Services,98.0,96.0,91.0,87.0,3.3221,2.3571,23.45K,35.05K,93.97,9.1,3.36B,No,78.5,61.39,49.55,64.92,57.49,496
34,SHANTAI.BO,92.27,92.27,91.87K,Process Industries,Textiles,98.0,35.0,64.0,98.0,0.2621,0.13,5.62K,9.27K,102.01,11.15,692.02M,No,92.7,95.48,52.34,94.85,69.93,495
35,STLTECH.NS,633.85,634.65,4122.85K,Technology Services,Information Technology Services,98.0,89.0,96.0,98.0,33.9607,27.5286,2983.55K,2409.97K,679.9,84.6,325.74B,No,552.21,578.94,279.5,586.41,350.32,500
36,HIKLASS.BO,87.4,85.69,0.50K,Finance,Investment Banks/Brokers,98.0,93.0,13.0,97.0,1.2114,0.5271,0.73K,2.50K,108.35,10.52,2.64B,No,78.3,78.77,52.67,78.74,66.87,498
37,SIGMAADV.NS,715.0,704.5,302.34K,Technology Services,Information Technology Services,98.0,95.0,98.0,98.0,34.8072,28.2357,424.67K,263.58K,721.5,108.75,121.97B,No,587.17,540.49,288.15,560.58,332.02,499
38,SANCODE.BO,458.45,440.7,0.50K,Technology Services,Information Technology Services,97.0,96.0,97.0,98.0,5.8643,0.5679,2.64K,1.70K,458.45,74.95,2.37B,No,398.65,322.98,228.72,336.7,255.55,496
39,TRANSCHEM.BO,302.5,304.85,7.07K,Health Technology,Pharmaceuticals: Other,97.0,13.0,96.0,91.0,14.3786,12.8429,6.69K,9.41K,377.65,38.31,3.70B,No,335.84,315.46,189.06,319.41,220.69,496
40,GLITTEKG.BO,67.73,66.41,22.45K,Non-Energy Minerals,Construction Materials,97.0,97.0,91.0,96.0,1.195,0.1893,16.10K,9.88K,80.2,7.91,1.76B,No,57.88,48.63,36.27,50.26,46.9,497
41,EMROCK.BO,267.0,267.0,0.14K,Consumer Durables,Homebuilding,97.0,22.0,24.0,56.0,13.2643,13.2464,2.73K,3.42K,305.95,25.39,4.22B,No,252.72,267.2,226.34,266.11,266.81,497
42,SWANDEF.NS,2649.0,2551.5,23.48K,Producer Manufacturing,Trucks/Construction/Farm Machinery,97.0,85.0,91.0,83.0,107.5857,104.4857,21.34K,25.33K,2650.0,337.65,139.56B,No,2361.85,2208.77,1732.01,2248.69,1999.44,497
43,RAMGOPOLY.BO,32.0,30.48,5.80K,Producer Manufacturing,Miscellaneous Manufacturing,97.0,98.0,89.0,91.0,1.1164,0.2993,4.77K,5.24K,32.0,5.12,464.00M,No,21.88,18.4,17.11,19.35,19.87,497
44,VINRKLB.BO,27.83,26.51,1.05K,Health Technology,Pharmaceuticals: Major,97.0,1.0,2.0,96.0,0.7714,0.3543,1.45K,0.88K,46.65,4.5,167.76M,No,28.71,34.39,23.36,32.95,31.67,497
45,PARMAX.BO,104.7,102.65,1.92K,Health Technology,Pharmaceuticals: Major,97.0,88.0,98.0,97.0,2.6793,1.2907,13.42K,37.66K,111.27,22.6,391.71M,No,102.14,80.32,44.35,83.71,48.99,497
46,PHCAP.BO,990.0,996.85,2.10K,Finance,Investment Banks/Brokers,97.0,60.0,89.0,92.0,24.6786,24.6786,2.71K,1.85K,1035.0,165.05,2.97B,No,1004.17,960.73,594.75,973.72,745.5,497
47,ARTEMISADR.BO,101.55,101.55,6.00K,Distribution Services,Food Distributors,97.0,83.0,98.0,97.0,0.0,0.0,15.15K,0.60K,101.55,21.04,608.58M,No,101.05,83.1,50.56,86.44,55.97,497
48,NEELKAN.BO,54.47,57.33,5.27K,Non-Energy Minerals,Construction Materials,97.0,94.0,98.0,98.0,1.8029,1.0607,5.07K,3.76K,60.19,13.0,274.73M,No,46.27,39.67,23.48,41.73,26.23,497
49,INTEGFD.BO,136.7,143.75,0.94K,Process Industries,Agricultural Commodities/Milling,97.0,23.0,86.0,98.0,7.8321,7.5036,3.19K,2.04K,158.3,20.71,2.56B,No,146.03,145.35,77.82,145.82,95.65,497
50,INDUSFINL.BO,181.9,174.0,3.79K,Finance,Investment Banks/Brokers,97.0,85.0,97.0,98.0,13.5214,13.5214,9.29K,10.29K,181.9,38.94,1.68B,No,155.5,139.68,78.67,143.86,91.82,497
51,FILTRON.BO,73.25,71.82,1.05K,Producer Manufacturing,Industrial Machinery,97.0,28.0,8.0,5.0,1.4114,0.2943,0.32K,1.54K,106.41,7.35,4.65B,No,66.54,78.13,83.14,77.28,90.85,499
52,AMRAFIN.BO,36.77,36.77,1.20K,Finance,Finance/Rental/Leasing,97.0,93.0,98.0,97.0,0.4686,0.0,0.55K,1.08K,36.77,12.72,494.19M,No,32.5,28.2,16.77,29.08,18.57,499
53,ARVAYA.BO,121.45,123.9,0.01K,Distribution Services,Medical Distributors,97.0,98.0,98.0,96.0,4.4371,0.63,0.25K,0.81K,145.0,23.0,5.83B,No,119.8,86.36,60.19,89.61,65.67,499
54,PHOTON.BO,334.6,334.6,0.09K,Finance,Investment Managers,97.0,98.0,98.0,97.0,2.2321,0.0,0.07K,0.04K,334.6,90.0,910.34M,No,311.32,216.15,139.74,235.85,161.08,496
55,COVANCE.BO,206.4,212.95,14.07K,Technology Services,Information Technology Services,97.0,13.0,81.0,87.0,15.1071,12.4429,8.80K,8.07K,270.0,26.67,4.57B,No,243.82,200.31,151.15,202.65,178.13,358
56,MODINSU.BO,532.8,507.45,37.86K,Producer Manufacturing,Electrical Products,97.0,72.0,91.0,97.0,29.0036,25.6357,83.78K,29.18K,579.0,97.55,25.12B,No,498.79,484.48,298.09,495.7,352.8,497
57,CDG.BO,269.65,265.0,2.07K,Process Industries,Industrial Specialties,97.0,41.0,88.0,93.0,17.5036,17.0536,3.34K,1.82K,315.0,55.23,2.49B,No,288.66,256.55,155.98,261.64,187.4,497
58,UFBL.NS,804.3,771.85,273.51K,Consumer Services,Restaurants,97.0,86.0,98.0,98.0,38.5393,35.025,415.81K,112.38K,810.4,172.34,31.44B,No,712.29,648.44,344.05,676.02,412.99,497
59,YASHO.NS,4166.1,4157.5,67.22K,Consumer Non-Durables,Food: Specialty/Candy,97.0,97.0,98.0,98.0,264.45,224.3285,50.73K,86.43K,4223.3,1130.0,50.23B,No,3296.37,2928.07,1866.02,3059.49,2017.68,496
60,VIVAA.BO,104.9,104.9,6.00K,Consumer Non-Durables,Apparel/Footwear,97.0,95.0,98.0,97.0,1.2436,0.2879,13.28K,12.00K,105.06,31.84,413.04M,No,96.52,73.97,47.29,81.28,51.06,496
61,SHAHFOOD.BO,381.05,388.8,1.60K,Consumer Non-Durables,Food: Specialty/Candy,97.0,96.0,98.0,96.0,8.2714,3.2464,0.60K,0.53K,421.4,97.55,8.88B,No,374.54,269.63,179.67,288.36,202.45,498
62,AHLWEST.NS,542.0,535.9,1.07K,Consumer Services,Hotels/Resorts/Cruise Lines,97.0,14.0,83.0,98.0,25.3643,22.8357,2.09K,0.72K,751.4,137.0,6.31B,No,558.61,572.25,299.95,573.36,360.62,500
63,PANKAJPO.BO,84.54,88.98,17.21K,Producer Manufacturing,Miscellaneous Manufacturing,97.0,92.0,85.0,78.0,5.4464,4.4186,12.55K,26.93K,97.78,15.0,468.68M,No,84.22,73.69,54.32,74.79,66.7,497
64,NATHUEC.BO,35.5,35.95,0.01K,Transportation,Air Freight/Couriers,97.0,64.0,96.0,97.0,1.1557,0.6836,12.73K,2.75K,39.68,7.52,147.16M,No,32.28,34.48,19.32,34.73,22.35,497
65,IDREAM.BO,625.25,638.0,0.05K,Consumer Services,Movies/Entertainment,97.0,43.0,97.0,93.0,7.4536,0.5,0.20K,0.06K,644.0,152.45,169.16B,No,618.05,523.29,336.67,533.51,390.15,498
66,KREONFIN.BO,89.99,89.51,4.96K,Finance,Finance/Rental/Leasing,97.0,90.0,98.0,97.0,4.9386,4.9343,37.27K,10.33K,92.75,23.92,1.86B,No,83.21,69.54,41.79,73.3,45.56,497
67,SJCORP.BO,177.35,177.35,3.65K,Consumer Durables,Other Consumer Specialties,97.0,98.0,98.0,97.0,2.4357,1.5321,0.56K,0.41K,180.15,58.94,7.69B,No,168.01,118.36,81.3,129.26,91.17,496
68,CITURGIA.BO,111.9,111.9,0.01K,Process Industries,Chemicals: Specialty,97.0,33.0,79.0,98.0,0.2679,0.1857,0.22K,0.01K,212.0,31.64,14.78B,No,114.24,117.46,82.05,117.01,105.9,496
69,TEJASSVI.BO,71.12,69.73,74.47K,Process Industries,Textiles,97.0,95.0,97.0,96.0,1.4507,0.5521,55.62K,105.79K,71.12,13.8,4.14B,No,59.72,49.68,33.45,52.08,39.85,496
70,DUKEOFS.BO,41.36,40.55,9.03K,Retail Trade,Specialty Stores,97.0,97.0,98.0,97.0,0.7107,0.0207,5.74K,5.59K,41.36,13.12,407.69M,No,34.54,26.47,19.96,28.02,21.82,497
71,RAPICUT.BO,289.45,275.7,2.21K,Non-Energy Minerals,Other Metals/Minerals,97.0,91.0,93.0,96.0,13.4321,12.1071,10.25K,1.80K,289.45,66.66,1.55B,No,255.0,222.14,158.33,230.5,183.27,497
72,BLISSGVS.NS,493.65,497.0,192.20K,Health Technology,Pharmaceuticals: Major,97.0,32.0,97.0,97.0,21.8536,20.5571,1814.69K,239.49K,553.0,118.0,52.35B,No,484.44,473.73,271.18,478.15,317.93,499
73,HYPERSOFT.BO,205.0,201.4,13.71K,Commercial Services,Miscellaneous Commercial Services,97.0,26.0,93.0,98.0,15.2536,15.2536,9.01K,7.13K,230.05,51.25,17.31B,No,211.34,205.96,122.13,208.56,141.04,497
74,INDOSMC.BO,436.0,441.0,38.00K,Producer Manufacturing,Electrical Products,97.0,76.0,97.0,97.0,22.4464,19.1179,103.80K,81.00K,480.0,134.0,10.16B,No,422.06,372.97,,381.15,,135
75,HIIL.BO,445.15,445.15,0.91K,Producer Manufacturing,Electrical Products,96.0,67.0,79.0,98.0,0.9321,0.0,5.77K,0.28K,445.15,121.33,9.63B,No,436.07,423.66,248.84,426.16,293.5,498
76,JLL.BO,126.05,128.6,0.02K,Finance,Finance/Rental/Leasing,96.0,10.0,96.0,96.0,2.9,0.1179,1.27K,0.06K,169.1,31.55,379.27M,No,149.24,115.91,70.84,118.44,79.68,498
77,RRMETAL.BO,74.99,76.26,21.65K,Distribution Services,Food Distributors,96.0,96.0,98.0,97.0,3.18,1.9979,12.20K,31.50K,75.11,23.8,675.57M,No,64.42,55.13,35.96,57.72,38.5,497
78,OMNI.NS,627.05,732.6,11784.74K,Producer Manufacturing,Metal Fabrication,96.0,93.0,92.0,,45.8179,45.3536,537.06K,361.48K,764.85,176.25,77.54B,No,589.35,536.19,,537.73,,107
79,STEELCO.BO,138.7,132.1,11.62K,Non-Energy Minerals,Steel,96.0,28.0,81.0,97.0,3.55,2.1714,3.26K,13.34K,177.8,15.0,873.27M,No,132.51,148.4,91.77,150.59,115.48,498
80,KANELIND.BO,73.32,69.83,0.86K,Process Industries,Agricultural Commodities/Milling,96.0,96.0,98.0,96.0,1.3271,0.0,1.08K,1.57K,73.32,10.0,1.15B,No,59.4,50.78,33.02,52.38,33.07,499
81,ZELIO.BO,696.5,710.7,23.00K,Consumer Durables,Motor Vehicles,96.0,87.0,91.0,97.0,31.7107,25.175,21.90K,19.95K,840.0,154.9,14.73B,No,733.41,624.62,442.12,640.6,460.04,205
82,MTARTECH.NS,6959.0,6628.0,334.03K,Electronic Technology,Aerospace & Defense,96.0,49.0,60.0,96.0,305.0714,174.7857,1350.03K,292.37K,8714.0,1390.5,214.06B,No,6086.02,6943.11,4490.97,6971.65,5339.19,500
83,BAFNAPH.NS,284.55,279.0,672.18K,Health Technology,Pharmaceuticals: Major,96.0,96.0,98.0,96.0,4.9836,0.5714,16.09K,4.62K,284.55,78.18,6.73B,No,242.1,204.5,152.22,212.92,153.23,498
84,BHAGYANGR.NS,382.05,383.75,61.42K,Producer Manufacturing,Electrical Products,96.0,50.0,85.0,95.0,21.2214,19.7607,142.24K,103.53K,432.3,85.62,12.22B,No,387.55,369.44,224.36,372.63,256.02,500
85,MEGAMONT.BO,150.6,150.6,0.05K,Non-Energy Minerals,Forest Products,96.0,4.0,56.0,97.0,2.5536,0.8143,1.07K,0.60K,206.0,40.1,2.29B,No,154.42,160.69,107.82,160.56,129.78,497
86,AMRAPLIN.BO,36.19,36.92,31.88K,Technology Services,Packaged Software,96.0,81.0,97.0,97.0,3.0193,3.0136,28.55K,8.72K,44.77,12.65,1.86B,No,36.08,32.89,19.72,33.82,21.65,497
87,ATHERENERG.NS,1453.2,1470.8,4844.05K,Consumer Durables,Motor Vehicles,96.0,90.0,95.0,96.0,63.3715,58.2072,4479.96K,2961.88K,1505.0,382.35,572.74B,No,1278.22,1136.54,842.59,1159.29,907.95,316
88,CPPLUS.NS,3656.2,3554.7,204.03K,Consumer Durables,Electronics/Appliances,96.0,54.0,93.0,97.0,158.6357,155.4785,296.40K,166.91K,3866.0,1042.5,430.88B,No,3546.06,3503.41,2174.72,3552.99,2454.29,251
89,VENUSREM.NS,1562.7,1524.3,47.24K,Health Technology,Pharmaceuticals: Major,96.0,7.0,95.0,94.0,100.8071,100.3357,88.19K,51.77K,2044.3,424.0,20.91B,No,1670.55,1681.78,1003.81,1703.38,1156.33,497
90,SKM.BO,438.9,418.0,23.00K,Process Industries,Chemicals: Major Diversified,96.0,87.0,92.0,98.0,16.5679,15.6179,33.66K,7.70K,495.0,102.05,5.37B,No,455.15,410.4,,416.54,271.26,198
91,KETOMOTORS.BO,205.5,205.5,3.71K,Process Industries,Chemicals: Agricultural,96.0,11.0,98.0,96.0,2.4357,0.0,6.37K,0.44K,252.2,91.4,14.47B,No,229.27,196.76,118.75,202.73,131.59,497
92,FREDUN.BO,1270.1,1313.3,35.62K,Health Technology,Pharmaceuticals: Major,96.0,96.0,94.0,96.0,76.2357,74.0393,41.76K,30.23K,1331.0,338.73,21.01B,No,974.29,892.82,672.69,909.84,717.11,500
93,KELENRG.BO,9100.0,9043.0996,0.40K,Process Industries,Industrial Specialties,96.0,53.0,97.0,97.0,451.3679,393.5642,2.06K,1.39K,9863.5,2900.0,9.10B,No,8548.9,7228.76,4692.9,7457.64,4966.4,497
94,HFCL.NS,207.33,212.23,12730.12K,Electronic Technology,Telecommunications Equipment,96.0,18.0,90.0,97.0,11.1936,10.2257,42504.12K,33885.83K,229.5,59.82,317.27B,No,206.37,201.49,112.45,202.3,128.99,500
95,RGIL.BO,283.0,283.0,0.10K,Process Industries,Pulp & Paper,96.0,76.0,91.0,95.0,3.8714,1.2179,4.02K,10.23K,319.0,63.31,3.72B,No,290.33,240.65,172.16,244.74,182.96,498
96,EMAINDIA.BO,647.25,660.45,0.18K,Producer Manufacturing,Industrial Machinery,96.0,3.0,72.0,83.0,18.6714,11.1143,1.84K,2.15K,876.75,121.85,650.49M,No,737.03,778.2,539.93,769.12,590.85,498
97,GDLLEAS.BO,60.0,62.23,0.51K,Finance,Finance/Rental/Leasing,96.0,74.0,10.0,0.0,2.5364,2.1507,0.35K,0.11K,169.8,8.33,300.61M,No,65.07,67.86,91.77,68.29,87.37,497
98,DIACABS.NS,348.8,332.2,704.74K,Producer Manufacturing,Electrical Products,96.0,97.0,98.0,97.0,22.0779,21.5164,7964.23K,11238.75K,348.8,115.57,183.81B,No,282.29,236.22,167.94,243.92,178.24,500
99,RPTECH.NS,865.55,902.85,585.19K,Distribution Services,Electronics Distributors,96.0,86.0,96.0,96.0,44.5357,42.4357,1338.14K,558.80K,904.9,275.6,57.04B,No,796.32,720.73,467.49,739.06,519.52,500
100,AMALGAM.BO,145.55,145.55,1.75K,Commercial Services,Miscellaneous Commercial Services,96.0,98.0,98.0,93.0,3.8657,0.6571,0.93K,2.81K,147.91,38.9,404.12M,No,115.65,99.88,73.91,107.09,73.55,497
101,SAKAR.NS,919.7,890.7,132.01K,Health Technology,Pharmaceuticals: Major,96.0,84.0,95.0,96.0,46.6786,45.6536,220.34K,163.99K,960.0,311.0,20.19B,No,871.71,838.34,573.08,836.71,643.39,500
102,DATIWARE.BO,52.2,47.5,0.30K,Process Industries,Agricultural Commodities/Milling,96.0,97.0,97.0,95.0,1.0079,0.1043,0.14K,0.54K,52.2,17.78,261.00M,No,39.76,32.71,25.27,34.32,27.54,498
103,VEERHEALTH.BO,43.99,44.03,70.67K,Health Technology,Pharmaceuticals: Other,96.0,94.0,98.0,96.0,1.0229,1.0229,156.06K,80.46K,44.07,16.7,879.73M,No,41.29,33.52,22.92,34.8,25.06,496
104,E2E.NS,616.2,598.65,3029.86K,Technology Services,Information Technology Services,96.0,98.0,97.0,97.0,30.2679,22.8321,1948.05K,2419.71K,627.7,183.36,124.45B,No,482.22,435.01,300.69,450.19,327.29,500
105,TRUEGREEN.BO,182.7,179.8,6.44K,Process Industries,Textiles,96.0,36.0,83.0,97.0,9.9714,9.9036,12.57K,7.44K,200.85,52.75,6.02B,No,186.49,184.59,117.54,187.25,140.71,496
106,CHMBBRW.BO,49.6,48.63,57.48K,Consumer Non-Durables,Beverages: Alcoholic,96.0,98.0,96.0,96.0,0.8536,0.0164,14.71K,28.31K,49.6,14.44,371.44M,No,41.26,31.08,28.72,32.43,28.54,497
107,ONELIFECAP.NS,33.78,34.15,19.20K,Finance,Investment Managers,96.0,8.0,97.0,95.0,2.1021,2.1021,83.17K,73.82K,40.1,11.15,1.26B,No,36.63,33.34,20.34,33.55,22.63,499
108,DEEDEV.NS,650.0,665.9,86.35K,Producer Manufacturing,Industrial Machinery,96.0,24.0,91.0,98.0,34.2179,33.8286,225.20K,70.16K,760.0,183.0,48.91B,No,676.31,674.33,383.12,677.67,446.03,499
109,CHOKSI.BO,242.25,238.15,2.07K,Health Technology,Medical Specialties,96.0,96.0,96.0,94.0,18.4714,18.2643,5.89K,17.24K,258.9,75.0,1.38B,No,201.24,171.77,139.6,179.17,155.23,497
110,SANSERA.NS,3787.3,3742.8,349.46K,Producer Manufacturing,Auto Parts: Oem,96.0,91.0,93.0,95.0,135.35,126.6643,308.17K,223.77K,3870.0,1216.3,236.34B,No,3330.25,3142.62,2289.49,3208.44,2568.44,500
111,TITANBIO.BO,402.7,408.85,22.76K,Health Technology,Biotechnology,96.0,61.0,17.0,95.0,18.9786,18.9786,27.64K,19.17K,555.65,85.34,16.64B,No,413.67,419.5,326.67,417.39,380.64,498
112,KSHINTL.NS,900.0,903.65,118.14K,Producer Manufacturing,Electrical Products,95.0,84.0,91.0,97.0,36.175,35.7643,458.47K,195.59K,930.0,330.0,60.94B,No,875.43,852.27,,855.92,612.32,156
113,INCON.BO,25.33,25.84,2.00K,Producer Manufacturing,Industrial Machinery,95.0,1.0,98.0,95.0,0.585,0.0,3.25K,0.75K,37.04,10.83,109.61M,No,30.76,24.4,16.55,25.06,17.51,497
114,RUBICON.NS,1533.4,1574.6,255.40K,Health Technology,Biotechnology,95.0,77.0,95.0,95.0,63.4214,62.2643,534.20K,228.72K,1589.7,570.75,253.15B,No,1497.35,1389.01,912.25,1399.9,1017.15,200
115,SVRL.BO,498.0,488.1,12.88K,Process Industries,Agricultural Commodities/Milling,95.0,97.0,98.0,91.0,22.6571,20.0143,14.67K,21.43K,500.0,185.75,11.02B,No,400.79,320.84,282.68,336.14,286.74,497
116,AMS.BO,71.0,68.0,0.07K,Producer Manufacturing,Auto Parts: Oem,95.0,98.0,48.0,97.0,3.43,3.1514,0.47K,0.58K,81.46,25.77,234.48M,No,60.71,54.06,41.66,55.38,48.84,498
117,GALLOPENT.BO,37.9,36.1,0.15K,Finance,Real Estate Development,95.0,91.0,97.0,94.0,2.1307,1.9686,0.34K,0.34K,42.0,16.36,189.93M,No,37.25,30.58,23.48,31.4,25.15,499
118,COSPOWER.BO,1825.0,1870.05,0.38K,Producer Manufacturing,Electrical Products,95.0,46.0,95.0,94.0,72.1143,57.0107,1.43K,0.55K,2140.0,595.0,3.35B,No,1934.24,1849.0,1171.47,1880.94,1291.26,498
119,HITECHCORP.NS,321.6,320.2,8.21K,Producer Manufacturing,Miscellaneous Manufacturing,95.0,53.0,98.0,95.0,5.3893,5.325,34.74K,10.60K,333.9,112.0,5.50B,No,320.75,312.96,198.05,317.24,205.38,498
120,RAJPALAYAM.NS,827.15,833.7,0.84K,Process Industries,Textiles,95.0,61.0,52.0,,22.2,21.6179,2.07K,0.86K,875.0,314.45,,No,824.09,826.93,,831.46,,81
121,SHREEJISPG.NS,673.3,661.75,693.13K,Transportation,Other Transportation,95.0,94.0,94.0,95.0,17.5429,16.8964,1039.56K,533.43K,677.2,222.0,109.69B,No,613.11,535.04,399.79,553.76,438.47,236
122,NOVARTIND.NS,1609.7,1634.9,27.55K,Health Technology,Pharmaceuticals: Major,95.0,78.0,93.0,,86.4143,85.4072,44.29K,51.45K,1780.0,672.25,39.74B,No,1614.34,1492.83,,1483.86,,81
123,SHARP.BO,121.65,121.65,4.78K,Consumer Durables,Electronics/Appliances,95.0,64.0,87.0,97.0,0.25,0.0821,15.94K,0.76K,121.65,36.0,3.16B,No,119.03,116.43,67.96,117.35,78.43,494
124,AEGISLOG.NS,1400.0,1395.8,3281.90K,Distribution Services,Wholesale Distributors,95.0,80.0,97.0,93.0,75.3071,73.4428,3005.67K,1191.62K,1497.8,576.1,491.40B,No,1320.68,1144.27,817.97,1181.43,845.98,498
125,VEL.BO,65.1,64.09,7.07K,Distribution Services,Wholesale Distributors,95.0,73.0,85.0,78.0,3.155,3.0771,27.09K,37.67K,68.0,17.03,1.66B,No,61.07,60.43,46.87,61.3,51.26,496
126,SBECSUG.BO,64.91,66.13,7.42K,Process Industries,Agricultural Commodities/Milling,95.0,5.0,98.0,95.0,3.665,3.665,14.83K,4.34K,88.84,26.85,3.09B,No,64.18,63.42,39.22,65.66,41.96,496
127,INDOTECH.NS,3787.5,3607.2,17.26K,Producer Manufacturing,Electrical Products,95.0,91.0,91.0,97.0,172.6857,172.6857,35.20K,15.04K,3787.5,1100.0,40.22B,No,3451.1,3075.25,2041.27,3137.77,2202.5,499
128,SCPL.NS,648.6,644.75,37.17K,Consumer Non-Durables,Food: Meat/Fish/Dairy,95.0,94.0,92.0,95.0,45.1179,40.0,54.09K,144.48K,660.0,190.03,6.81B,No,551.72,508.21,357.61,519.22,403.5,497
129,KABRAEXTRU.NS,469.75,454.4,886.17K,Producer Manufacturing,Industrial Machinery,95.0,98.0,97.0,96.0,29.4857,29.1786,125.56K,304.36K,484.85,180.0,16.43B,No,370.5,297.79,247.07,310.28,255.67,499
130,UEL.NS,245.52,223.2,8.98K,Utilities,Alternative Power Generation,95.0,98.0,94.0,95.0,12.7021,7.5293,15.17K,46.21K,245.52,92.32,32.75B,No,142.29,138.7,143.55,142.73,150.21,498
131,HEMORGANIC.BO,22.04,22.04,9.20K,Process Industries,Chemicals: Specialty,95.0,49.0,96.0,85.0,0.2,0.03,9.19K,0.92K,24.42,8.08,76.39M,No,23.79,22.07,15.83,22.44,16.98,495
132,NRL.NS,115.36,113.1,39.06K,Non-Energy Minerals,Other Metals/Minerals,95.0,89.0,97.0,95.0,2.7557,1.8707,140.13K,63.89K,115.36,45.1,7.97B,No,107.36,91.22,65.09,93.56,66.78,499
133,UNIVASTU.NS,141.55,146.93,228.92K,Industrial Services,Engineering & Construction,95.0,97.0,97.0,95.0,7.9321,7.9321,197.85K,174.98K,150.5,56.02,5.09B,No,121.96,99.89,75.4,103.64,79.03,498
134,SHILPAMED.NS,738.8,721.75,20727.61K,Health Technology,Pharmaceuticals: Major,95.0,93.0,96.0,97.0,32.25,30.15,1145.41K,428.88K,786.15,259.5,144.50B,No,633.43,587.24,414.45,602.22,447.92,499
135,SOTL.NS,781.95,679.0,6004.44K,Process Industries,Chemicals: Specialty,95.0,96.0,97.0,95.0,43.75,35.4179,641.57K,877.45K,814.8,285.8,53.61B,No,619.76,571.42,420.69,599.28,442.75,499
136,CLCIND.NS,55.67,58.59,0.56K,Process Industries,Textiles,95.0,82.0,98.0,98.0,1.4314,0.72,2.61K,2.01K,280.0,8.54,5.79M,No,54.8,47.34,117.6,47.94,46.14,500
137,SETL.NS,274.65,278.0,825.00K,Health Technology,Medical Specialties,95.0,76.0,97.0,96.0,12.6036,11.9786,1031.06K,468.55K,305.3,104.56,55.46B,No,279.93,228.92,163.21,239.2,165.09,389
138,SPECTRUM.NS,2568.0,2514.2,23.51K,Electronic Technology,Electronic Equipment/Instruments,95.0,95.0,98.0,94.0,154.7572,154.1786,53.74K,101.15K,2637.2,1050.0,40.35B,No,2212.64,1914.18,1450.1,2000.03,1552.84,497
139,CRYOGENIC.BO,349.0,345.0,9.00K,Industrial Services,Oilfield Services/Equipment,95.0,86.0,97.0,93.0,11.4536,10.1821,36.92K,13.72K,349.0,103.55,4.86B,No,305.59,280.1,206.77,286.96,214.35,267
140,INDSWFTLAB.NS,227.06,230.42,234.91K,Health Technology,Pharmaceuticals: Major,95.0,43.0,95.0,94.0,10.8386,10.8021,1157.92K,419.17K,248.45,87.15,19.72B,No,231.2,202.52,140.05,207.96,158.84,499
141,EXATO.BO,625.0,630.0,9.50K,Technology Services,Packaged Software,95.0,98.0,95.0,95.0,32.7607,29.0107,44.67K,24.55K,645.0,266.0,6.36B,No,579.2,455.94,,472.21,394.79,166
142,SALSTEEL.NS,62.77,59.79,242.57K,Non-Energy Minerals,Steel,95.0,76.0,69.0,88.0,3.0564,2.88,114.33K,105.16K,65.5,14.37,9.09B,No,57.37,57.92,47.59,57.85,51.34,497
143,SAPL.BO,3564.0,3751.55,3.03K,Producer Manufacturing,Industrial Machinery,95.0,95.0,96.0,94.0,249.325,221.9535,0.04K,0.14K,4211.15,1680.0,16.98B,No,3501.07,2950.65,2292.56,3080.32,2420.23,497
144,SHADOWFAX.NS,240.1,243.51,10385.18K,Technology Services,Packaged Software,95.0,77.0,91.0,96.0,13.2871,13.2029,7452.16K,29645.57K,261.5,98.55,140.48B,No,222.69,218.82,,223.8,,132
145,KERNEX.NS,2552.4,2549.2,92.99K,Electronic Technology,Computer Communications,95.0,88.0,95.0,93.0,117.2,115.15,321.99K,130.18K,2580.0,850.0,42.89B,No,2239.06,2112.98,1424.54,2136.96,1517.53,500
146,NGLFINE.NS,3418.4,3428.2,14.60K,Health Technology,Pharmaceuticals: Major,95.0,66.0,87.0,94.0,157.65,156.4428,18.67K,7.78K,3529.0,1175.5,21.18B,No,3220.75,3062.15,2176.75,3126.27,2509.48,500
147,KRISHNA.BO,38.25,39.03,0.13K,Industrial Services,Engineering & Construction,95.0,9.0,94.0,82.0,0.91,0.2164,19.99K,0.81K,51.72,12.44,413.10M,No,43.1,38.95,25.07,40.32,29.2,496
148,GRAMEVA.BO,93.1,90.85,1.05K,Producer Manufacturing,Industrial Conglomerates,94.0,33.0,93.0,88.0,4.1821,3.3,1.49K,0.53K,116.0,28.8,446.82M,No,96.09,91.73,67.79,92.91,71.08,497
149,CHEMIESYNT.BO,77.36,77.36,0.00K,Process Industries,Chemicals: Specialty,94.0,87.0,88.0,95.0,0.5129,0.0,,,77.36,30.98,237.50M,No,72.53,68.49,48.9,69.64,54.14,497
150,AEROFLEX.NS,438.5,456.0,1044.63K,Producer Manufacturing,Industrial Machinery,94.0,74.0,63.0,96.0,22.4536,20.9786,2646.08K,1739.23K,521.9,158.0,58.03B,No,426.15,440.92,283.66,441.7,324.61,500
151,MAGNUS.BO,46.51,48.95,123.82K,Commercial Services,Miscellaneous Commercial Services,94.0,0.0,0.0,57.0,3.3407,1.4579,80.29K,90.82K,223.4,8.33,157.25M,No,56.9,82.8,72.68,77.34,91.83,498
152,PURPLEWAVE.BO,229.95,222.9,59.00K,Technology Services,Packaged Software,94.0,98.0,97.0,94.0,16.1143,15.4071,40.76K,105.70K,234.0,95.1,,No,146.5,127.41,,132.53,122.01,154
153,MIDEASTP.BO,39.6,38.04,0.06K,Finance,Investment Banks/Brokers,94.0,62.0,95.0,96.0,1.5721,0.9871,20.39K,1.19K,46.11,13.85,199.19M,No,39.5,35.95,23.72,36.63,25.68,497
154,SKYGOLD.NS,691.15,678.6,818.87K,Consumer Durables,Other Consumer Specialties,94.0,86.0,90.0,95.0,29.4571,28.8571,1528.93K,1004.94K,700.0,259.0,107.04B,No,651.62,579.46,418.79,583.25,450.84,500
155,KKPLASTICK.BO,51.81,51.81,1.87K,Producer Manufacturing,Miscellaneous Manufacturing,94.0,98.0,96.0,94.0,1.4271,0.0,0.36K,0.50K,51.81,22.61,286.43M,No,40.05,32.93,29.29,35.45,30.67,497
156,KIRLOSENG.NS,2273.1,2241.3999,372.94K,Producer Manufacturing,Electrical Products,94.0,34.0,87.0,93.0,90.1429,89.2786,797.93K,366.88K,2720.0,855.8,327.23B,No,2265.87,2183.26,1536.16,2187.92,1706.62,499
157,DECNGOLD.NS,228.34,199.03,16807.00K,Non-Energy Minerals,Precious Metals,94.0,87.0,96.0,,9.4664,9.1993,2599.00K,1087.73K,235.0,114.8,,No,197.66,191.32,,195.41,,76
158,AVAX.BO,49.5,48.55,8.00K,Distribution Services,Wholesale Distributors,94.0,14.0,49.0,88.0,0.7971,0.7243,8.26K,1.10K,55.4,12.53,411.51M,No,49.92,50.81,38.63,50.35,43.85,388
159,GVPIL.NS,733.0,742.5,131.56K,Industrial Services,Engineering & Construction,94.0,4.0,67.0,96.0,37.9036,37.7214,372.32K,173.50K,1084.0,270.9,48.85B,No,780.7,870.37,533.01,858.98,614.04,500
160,SICAGEN.NS,61.72,51.51,268.11K,Distribution Services,Wholesale Distributors,94.0,80.0,67.0,,2.7321,2.7321,14.96K,9.46K,61.81,24.35,2.44B,No,51.43,53.16,,53.28,,80
161,CHANDNIMACH.BO,111.3,107.9,24.63K,Producer Manufacturing,Industrial Machinery,94.0,96.0,95.0,88.0,5.8921,5.81,17.82K,9.98K,127.74,31.0,783.37M,No,104.04,85.84,76.81,90.5,76.58,497
162,SCANSTL.NS,64.04,65.54,87.25K,Non-Energy Minerals,Steel,94.0,98.0,96.0,,4.6393,4.6179,203.81K,614.25K,68.81,31.35,,No,53.41,44.45,,46.59,,76
163,IBULLSLTD.NS,30.5,29.05,4588.69K,Finance,Real Estate Development,94.0,71.0,93.0,97.0,1.6393,1.5636,8582.61K,8489.69K,32.5,8.9,68.28B,No,29.38,27.14,18.33,27.53,18.18,500
164,DIGILOGIC.BO,164.0,179.35,234.00K,Electronic Technology,Electronic Equipment/Instruments,94.0,95.0,94.0,94.0,9.2107,8.4679,78.22K,95.64K,179.35,72.95,4.71B,No,127.38,123.48,,124.76,,131
165,INOVSYNTH.BO,135.85,135.85,24.00K,Miscellaneous,Miscellaneous,94.0,67.0,98.0,93.0,0.2964,0.1107,70.53K,75.12K,139.0,50.1,12.62B,No,133.12,121.44,86.78,126.65,89.88,495
166,YASHHV.BO,983.0,1003.7,65.75K,Producer Manufacturing,Electrical Products,94.0,82.0,89.0,96.0,43.675,42.7464,145.07K,72.42K,1025.0,366.0,28.12B,No,945.54,858.4,591.77,874.09,645.09,403
167,PARAS.NS,1316.7,1295.3,1490.52K,Electronic Technology,Aerospace & Defense,94.0,55.0,93.0,92.0,47.2929,47.0786,3562.32K,870.25K,1443.0,580.5,106.11B,No,1230.42,1182.47,822.55,1219.15,878.85,500
168,COCKERILL.NS,9462.0,8897.0,13.07K,Non-Energy Minerals,Steel,94.0,79.0,96.0,,360.75,360.6786,23.23K,4.17K,10871.5,5015.25,,No,9070.7,9027.47,,9164.1,,77
169,WELCORP.NS,1819.6,1788.1,1492.92K,Producer Manufacturing,Industrial Machinery,94.0,89.0,91.0,96.0,53.6072,51.5357,1016.90K,629.78K,1862.0,710.0,479.84B,No,1662.04,1525.54,1069.47,1537.8,1155.22,500
170,VOLKAI.BO,107.4,110.66,9.86K,Distribution Services,Wholesale Distributors,94.0,95.0,96.0,97.0,6.2721,6.03,7.59K,9.27K,176.65,40.0,127.05M,No,88.51,80.81,57.22,83.47,62.65,496
171,KOVAI.NS,5900.0,5927.0,3.58K,Health Services,Hospital/Nursing Management,94.0,34.0,57.0,,150.1786,150.1786,5.62K,3.31K,6340.0,2576.65,64.49B,No,5899.93,5846.42,,5873.7,,82
172,TIRUPATIFL.NS,70.62,70.5,208.23K,Producer Manufacturing,Industrial Conglomerates,94.0,57.0,95.0,95.0,4.9079,4.7679,903.59K,975.69K,83.9,30.11,8.35B,No,71.81,59.63,43.71,60.4,47.16,497
173,KANORICHEM.NS,153.3,149.52,22.74K,Process Industries,Chemicals: Specialty,94.0,88.0,93.0,95.0,8.8979,8.8043,42.99K,44.30K,164.6,56.0,6.70B,No,146.07,126.76,88.68,131.15,94.25,500
174,MENONBE.NS,231.0,232.86,25.65K,Producer Manufacturing,Metal Fabrication,94.0,96.0,95.0,94.0,13.3121,13.08,262.42K,105.97K,235.7,101.5,12.88B,No,208.68,180.43,134.8,182.71,143.69,499
175,FERMENTA.NS,546.0,551.1,82.95K,Health Technology,Biotechnology,94.0,97.0,97.0,,27.8179,26.8786,220.93K,218.38K,557.0,248.85,,No,463.35,389.42,,405.05,,76
176,CCAL.BO,32.57,31.02,12.00K,Distribution Services,Wholesale Distributors,94.0,93.0,97.0,93.0,0.8457,0.2114,10.33K,4.80K,32.57,15.68,531.44M,No,28.67,26.4,20.44,27.06,21.28,499
177,GRWRHITECH.NS,7880.0,7409.5,566.86K,Process Industries,Chemicals: Specialty,94.0,70.0,89.0,96.0,260.7857,255.4286,84.12K,43.62K,7990.0,2681.0,170.49B,No,7039.88,6696.71,4570.94,6770.5,4998.29,500
178,SAYAJIHOTL.NS,316.1,312.0,1.36K,Consumer Services,Hotels/Resorts/Cruise Lines,94.0,55.0,72.0,,5.0643,3.9429,0.09K,0.11K,330.0,138.7,5.54B,No,301.37,297.7,,299.32,,81
179,RSDFIN.NS,152.44,160.46,14.79K,Finance,Financial Conglomerates,94.0,98.0,96.0,,11.8229,10.4857,9.61K,48.34K,168.48,65.6,,No,96.4,87.98,,91.27,,69
180,VISL.NS,35.89,36.53,37535.61K,Non-Energy Minerals,Steel,94.0,68.0,,,1.5786,1.5736,71973.69K,29786.61K,44.78,19.06,140.34B,No,33.16,,,,,39
181,PARMESHWAR.BO,196.0,190.2,17.00K,Non-Energy Minerals,Other Metals/Minerals,94.0,57.0,53.0,69.0,5.8464,4.7036,20.49K,5.40K,241.5,64.71,3.00B,No,190.51,193.87,147.86,194.23,166.31,388
182,LTELEVATOR.BO,304.0,305.4,100.00K,Producer Manufacturing,Building Products,94.0,93.0,94.0,89.0,13.225,10.5071,93.95K,43.20K,319.7,125.33,6.39B,No,260.87,249.59,199.51,257.1,210.18,218
183,PAISALO.NS,68.98,69.14,18175.89K,Finance,Finance/Rental/Leasing,94.0,30.0,90.0,94.0,2.9764,2.9593,15958.83K,10076.78K,77.39,29.86,62.74B,No,71.59,65.22,44.81,66.25,48.38,500
184,RRKABEL.NS,2764.4,2793.0,427.50K,Producer Manufacturing,Electrical Products,94.0,93.0,92.0,94.0,112.1857,107.1071,745.76K,1081.12K,2810.5,1165.0,312.67B,No,2478.67,2346.55,1701.4,2392.41,1823.16,499
185,LAURUSLABS.NS,1835.5,1835.0,2037.37K,Health Technology,Pharmaceuticals: Major,93.0,92.0,93.0,93.0,45.5429,44.1429,2325.87K,2902.31K,1854.9,810.05,988.77B,No,1668.79,1530.59,1179.39,1556.13,1248.33,500
186,ADMACH.BO,382.0,380.0,6.00K,Producer Manufacturing,Industrial Machinery,93.0,95.0,96.0,91.0,13.9643,10.4536,15.05K,5.28K,413.95,179.0,2.59B,No,382.82,329.29,,336.15,257.99,149
187,THANGAMAYL.NS,5144.0,4953.0,517.11K,Consumer Durables,Other Consumer Specialties,93.0,2.0,85.0,84.0,411.2143,335.9286,268.89K,356.05K,7430.0,1900.0,159.89B,No,6244.43,5801.1,4047.89,5889.14,4450.4,499
188,MAHESH.BO,21.53,23.92,23.47K,Consumer Durables,Homebuilding,93.0,98.0,96.0,91.0,3.91,0.475,0.27K,1.64K,46.49,12.3,89.39M,No,24.09,17.01,13.48,17.5,14.03,499
189,ASPIRA.BO,109.05,111.25,0.00K,Health Services,Medical/Nursing Services,93.0,33.0,96.0,91.0,3.1821,1.55,9.83K,14.28K,135.88,49.0,1.12B,No,103.35,115.72,78.39,115.12,84.5,497
190,MODISONLTD.NS,283.0,282.9,19.96K,Industrial Services,Engineering & Construction,93.0,28.0,96.0,92.0,12.4357,12.1179,208.47K,66.00K,362.7,114.0,9.08B,No,283.85,301.37,187.2,303.01,202.35,499
191,CONFIPET.NS,79.39,81.8,1930.38K,Retail Trade,Specialty Stores,93.0,83.0,92.0,96.0,4.0971,4.0729,3455.46K,3220.50K,84.4,28.06,26.38B,No,77.55,74.26,49.53,75.14,54.35,500
192,JASCH.BO,295.0,299.4,4.36K,Process Industries,Textiles,93.0,75.0,97.0,93.0,19.1107,16.0464,15.23K,13.77K,343.65,126.05,1.98B,No,293.82,267.0,187.35,268.73,194.75,497
193,INVPRECQ.NS,1130.0,1130.8,2.29K,Producer Manufacturing,Metal Fabrication,93.0,97.0,97.0,,68.6107,68.6107,9.04K,21.80K,1160.0,551.0,,No,954.87,803.59,,848.85,,76
194,SEDEMAC.NS,2794.3,2846.3999,66.23K,Producer Manufacturing,Auto Parts: Oem,93.0,62.0,92.0,,118.0,114.5643,175.06K,139.40K,2977.7,1413.1,123.42B,No,2725.23,2680.87,,2703.69,,103
195,VEDANTASSET.BO,79.67,79.67,1.50K,Finance,Investment Managers,93.0,8.0,97.0,92.0,0.3543,0.0,7.38K,0.30K,93.6,33.0,220.02M,No,83.8,67.2,48.83,71.7,51.19,494
196,ASTRAMICRO.NS,1802.2,1809.4,231.72K,Electronic Technology,Telecommunications Equipment,93.0,39.0,94.0,92.0,78.3929,69.8929,1087.80K,777.88K,1960.0,851.0,171.11B,No,1772.58,1664.91,1167.49,1711.93,1251.7,500
197,ESHAMEDIA.BO,51.0,52.04,0.30K,Commercial Services,Miscellaneous Commercial Services,93.0,98.0,96.0,88.0,2.4493,1.46,6.73K,18.92K,65.67,20.83,398.15M,No,44.08,32.93,35.78,33.85,30.77,498
198,UTLSOLAR.NS,400.65,390.85,376.28K,Electronic Technology,Semiconductors,93.0,89.0,90.0,94.0,14.2607,12.9643,467.72K,263.90K,403.75,172.0,122.96B,No,379.26,344.64,,349.69,270.86,178
199,AMAGI.NS,649.1,674.35,251.37K,Technology Services,Packaged Software,93.0,81.0,93.0,92.0,39.1679,38.9143,438.05K,533.73K,690.0,310.2,140.43B,No,619.88,537.56,,543.47,,136
200,BEEZAASAN.BO,409.95,409.65,8.00K,Process Industries,Industrial Specialties,93.0,90.0,96.0,92.0,13.2357,11.575,35.62K,9.12K,410.95,177.05,6.21B,No,382.74,345.37,255.24,353.75,264.33,354
201,SPORTKING.NS,206.66,210.24,810.31K,Process Industries,Textiles,93.0,85.0,88.0,96.0,12.7943,11.0664,752.31K,1719.67K,241.51,78.17,26.30B,No,203.46,188.89,130.6,190.0,145.87,498
202,MBAPL.NS,158.75,156.93,515.43K,Process Industries,Chemicals: Agricultural,93.0,95.0,90.0,94.0,7.9107,7.7414,1381.54K,2398.41K,167.95,74.63,70.27B,No,147.86,127.25,100.12,131.14,108.04,500
203,KMEW.NS,2534.3,2542.2,35.16K,Producer Manufacturing,Trucks/Construction/Farm Machinery,93.0,81.0,77.0,82.0,118.3357,112.9214,128.79K,108.02K,2737.0,797.5,62.34B,No,2463.17,2233.51,1808.41,2256.47,1910.63,416
204,CELLA.BO,24.9,24.98,24.14K,Process Industries,Pulp & Paper,93.0,95.0,95.0,94.0,1.9007,1.4436,16.05K,45.61K,32.26,11.65,501.77M,No,24.4,20.99,15.76,21.31,16.42,497
205,TIMESGREEN.BO,78.0,75.2,8.00K,Process Industries,Agricultural Commodities/Milling,93.0,84.0,94.0,88.0,1.0414,0.5243,9.44K,2.80K,78.0,37.27,434.80M,No,73.67,62.55,50.93,65.53,52.37,499
206,SWASTIKA.BO,132.75,126.45,31.05K,Finance,Investment Banks/Brokers,93.0,98.0,97.0,95.0,8.9186,7.885,88.51K,67.41K,132.75,43.65,2.67B,No,102.47,78.97,72.52,84.36,68.59,496
207,MOREPENLAB.NS,79.6,76.95,100572.33K,Health Technology,Pharmaceuticals: Major,93.0,95.0,96.0,95.0,4.0686,3.7593,10536.32K,5705.46K,83.5,33.05,43.52B,No,60.4,55.41,44.93,56.6,45.33,500
208,BRRL.BO,845.0,840.7,6.40K,Consumer Durables,Homebuilding,93.0,13.0,22.0,79.0,53.2857,50.8571,2.74K,4.46K,1011.0,260.3,8.73B,No,864.82,903.53,733.6,888.33,854.22,497
209,IOLCP.NS,159.66,163.41,1102.70K,Process Industries,Chemicals: Specialty,93.0,29.0,95.0,95.0,6.8957,6.8064,5700.27K,1399.14K,179.6,67.19,46.86B,No,155.59,144.53,100.36,145.09,104.83,500
210,STALLION.NS,270.2,267.95,2103.88K,Distribution Services,Wholesale Distributors,93.0,97.0,95.0,84.0,14.7771,14.4407,3045.67K,6325.53K,423.8,99.32,31.37B,No,239.58,207.15,187.15,213.41,170.18,383
211,IDEAFORGE.NS,916.0,872.4,114.25K,Electronic Technology,Aerospace & Defense,93.0,67.0,76.0,94.0,28.7143,28.625,530.93K,131.22K,992.25,366.0,45.52B,No,871.38,870.1,589.49,879.81,637.11,500
212,APIS.BO,57.55,54.96,12.86K,Consumer Non-Durables,Food: Major Diversified,93.0,39.0,32.0,6.0,3.1507,3.0136,12.14K,14.16K,110.42,15.02,7.93B,No,55.15,58.52,59.77,58.11,63.12,498
213,SGMART.NS,717.15,709.5,222.59K,Utilities,Electric Utilities,93.0,90.0,88.0,95.0,28.0464,27.9679,545.08K,471.05K,737.45,313.1,90.39B,No,678.62,627.33,477.71,637.33,535.28,223
214,IZMO.NS,1029.1,1031.8,216.77K,Technology Services,Packaged Software,93.0,79.0,92.0,91.0,56.275,55.9893,124.96K,89.33K,1374.7,357.05,15.31B,No,1059.69,1005.16,826.53,1023.87,817.45,499
215,JAYBARMARU.NS,146.65,154.36,101.11K,Distribution Services,Wholesale Distributors,93.0,2.0,94.0,91.0,9.1029,7.9721,1663.46K,671.23K,207.0,74.15,15.87B,No,168.79,160.9,109.79,160.77,116.11,499
216,MARC.NS,118.0,116.6,,Industrial Services,Engineering & Construction,93.0,93.0,89.0,96.0,7.5857,6.4857,,,,,,No,107.35,93.03,,94.76,77.74,148
217,MAHASTEEL.NS,1051.1,1076.9,7.04K,Non-Energy Minerals,Steel,93.0,93.0,83.0,79.0,58.0393,57.1571,6.17K,13.82K,1076.9,312.2,16.83B,No,887.98,862.88,824.13,866.24,855.45,498
218,MWL.NS,42.67,42.85,3547.29K,Non-Energy Minerals,Steel,93.0,84.0,82.0,87.0,1.77,1.7443,751.36K,527.19K,43.5,18.01,12.78B,No,37.37,37.47,30.12,37.7,32.07,500
219,AETHER.NS,1584.4,1589.4,240.04K,Process Industries,Chemicals: Major Diversified,93.0,80.0,87.0,88.0,59.05,58.1215,436.61K,488.30K,1619.9,726.45,210.27B,No,1489.94,1337.04,1071.32,1365.57,1169.51,500
220,RPEL.NS,1267.4,1248.6,26.80K,Process Industries,Chemicals: Major Diversified,93.0,32.0,95.0,91.0,46.75,46.75,161.75K,46.02K,1371.8,561.3,58.20B,No,1278.21,1212.8,910.46,1232.54,899.48,497
221,AFCOM.BO,1474.4,1456.8,74.88K,Transportation,Airlines,93.0,82.0,93.0,95.0,62.2821,60.1214,128.99K,80.77K,1508.0,637.85,42.31B,No,1409.63,1232.68,929.18,1278.1,971.44,494
222,BETA.NS,2518.9,2366.8999,66.05K,Health Technology,Pharmaceuticals: Major,92.0,92.0,97.0,91.0,159.4786,152.2,46.12K,39.09K,2674.0,990.1,25.43B,No,2312.88,2038.94,1595.52,2107.75,1573.08,499
223,STYLAMIND.NS,3594.3,3465.8999,60.95K,Non-Energy Minerals,Forest Products,92.0,89.0,94.0,90.0,216.1286,210.8286,92.45K,306.64K,4150.0,1594.1,60.95B,No,3385.27,3244.97,2473.68,3306.88,2641.24,499
224,GCSL.NS,532.45,523.05,319.34K,Finance,Investment Banks/Brokers,92.0,80.0,90.0,93.0,17.4036,17.1821,587.58K,448.65K,542.8,213.15,12.05B,No,517.27,467.32,369.66,479.59,392.64,229
225,BLSE.NS,317.65,319.15,633.38K,Technology Services,Internet Software/Services,92.0,90.0,94.0,94.0,13.6186,13.3743,795.84K,1255.16K,324.9,124.3,28.80B,No,283.4,254.52,201.01,261.37,200.95,500
226,UNIVCABLES.NS,1416.3,1427.6,137.45K,Electronic Technology,Electronic Components,92.0,94.0,88.0,93.0,62.2,60.0,285.14K,159.30K,1438.4,576.0,49.14B,No,1258.7,1225.53,913.48,1234.36,937.63,499
227,GANDHAR.NS,245.65,231.41,6753.11K,Process Industries,Industrial Specialties,92.0,93.0,95.0,89.0,21.4143,18.5336,2927.86K,11964.61K,303.17,115.0,23.78B,No,229.61,194.54,155.14,202.21,163.23,500
228,ACUTAAS.NS,3260.6,3282.8,107.78K,Health Technology,Pharmaceuticals: Major,92.0,17.0,80.0,91.0,155.1071,154.9,446.54K,545.08K,3740.0,1261.2,266.95B,No,3400.58,3331.27,2386.17,3335.98,2651.55,500
229,TBZ.NS,271.0,272.1,924.82K,Consumer Durables,Other Consumer Specialties,92.0,94.0,96.0,90.0,16.0286,15.8357,1922.09K,2312.18K,295.7,110.5,18.08B,No,264.95,217.33,171.87,220.65,170.88,500
230,VPAL.BO,201.05,208.35,67.20K,Retail Trade,Food Retail,92.0,95.0,,,10.5643,9.9607,175.32K,66.88K,210.0,116.95,3.34B,No,165.48,151.59,,157.56,,51
231,EENTER.BO,24.49,24.49,5.33K,Finance,Investment Managers,92.0,80.0,85.0,90.0,0.0829,0.0,0.37K,0.53K,24.49,10.72,5.88M,No,23.51,21.97,17.71,22.6,19.52,496
232,SHREEREF.BO,332.0,334.1,138.00K,Producer Manufacturing,Industrial Machinery,92.0,21.0,91.0,94.0,18.775,17.8857,276.99K,340.35K,406.2,153.0,11.88B,No,340.74,337.19,237.1,339.77,246.08,250
233,NINSYS.NS,735.3,721.25,1.25K,Technology Services,Packaged Software,92.0,2.0,89.0,95.0,42.7107,42.1786,7.23K,7.43K,935.0,281.05,13.66B,No,837.2,795.57,508.63,794.37,544.8,499
234,ASTONEALAB.BO,270.0,273.75,2.00K,Health Technology,Pharmaceuticals: Major,92.0,65.0,95.0,91.0,3.2214,1.2929,9.06K,0.90K,301.3,118.0,2.84B,No,275.16,264.21,185.37,266.86,200.08,293
235,LOKESHMACH.NS,344.85,338.1,15.33K,Technology Services,Information Technology Services,92.0,42.0,87.0,94.0,5.275,3.2321,24.50K,16.04K,349.85,138.96,7.52B,No,333.68,300.91,223.4,305.55,245.47,499
236,PANAMAPET.NS,494.95,455.2,1102.47K,Process Industries,Industrial Specialties,92.0,89.0,95.0,90.0,26.525,24.1821,775.82K,394.59K,518.5,229.0,29.94B,No,452.31,418.11,318.79,432.85,335.12,499
237,COLINZ.BO,81.95,81.7,1.48K,Health Technology,Pharmaceuticals: Major,92.0,91.0,95.0,47.0,5.6057,5.485,5.35K,3.48K,87.91,36.11,206.44M,No,79.0,71.07,53.41,72.08,56.75,497
238,UNIPARTS.NS,781.5,801.65,283.60K,Producer Manufacturing,Auto Parts: Oem,92.0,91.0,91.0,92.0,32.0714,31.8179,223.44K,134.10K,820.35,335.0,35.25B,No,710.59,673.94,535.72,685.73,556.33,499
239,SOBME.BO,1282.9,1221.85,0.11K,Non-Energy Minerals,Construction Materials,92.0,97.0,92.0,89.0,46.8143,23.3214,0.76K,2.22K,1282.9,679.0,13.34B,No,945.97,910.46,870.13,926.13,861.19,496
240,NITTAGELA.NS,1695.5,1674.3,5.76K,Consumer Non-Durables,Food: Specialty/Candy,92.0,11.0,90.0,,96.2571,88.5286,19.57K,12.35K,2087.2,882.0,15.39B,No,1852.21,1727.06,,1762.33,,76
241,FILATEX.NS,82.98,81.36,3683.06K,Process Industries,Textiles,92.0,96.0,97.0,92.0,3.9029,3.8907,3721.39K,6216.62K,83.75,36.26,36.85B,No,72.16,60.42,50.94,63.03,50.09,499
242,SATANIBRG.BO,277.4,277.4,0.29K,Producer Manufacturing,Metal Fabrication,92.0,65.0,43.0,24.0,0.7464,0.4607,0.08K,0.14K,310.25,103.1,5.55B,No,272.84,272.25,243.75,272.23,286.0,496
243,AANCHALISP.BO,69.11,69.86,42.30K,Producer Manufacturing,Metal Fabrication,92.0,1.0,97.0,98.0,5.4586,4.5943,18.91K,32.69K,508.0,7.62,292.57M,No,78.87,81.94,134.95,82.97,45.0,500
244,RITESHIN.BO,80.05,80.66,10.06K,Process Industries,Chemicals: Specialty,92.0,95.0,91.0,68.0,6.01,5.8314,12.49K,18.87K,87.98,25.27,684.65M,No,75.01,64.47,61.77,65.68,61.07,497
245,JAUSPOL.BO,22.85,23.96,1.34K,Process Industries,Containers/Packaging,92.0,22.0,12.0,76.0,1.3829,1.26,2.89K,3.40K,37.11,6.84,106.39M,No,24.9,24.97,20.56,24.61,25.67,497
246,CLFL.BO,60.19,58.62,1.17K,Finance,Finance/Rental/Leasing,92.0,68.0,81.0,83.0,4.0321,3.5936,0.78K,1.54K,62.5,28.6,737.34M,No,56.86,54.84,46.4,56.03,49.19,496
247,GALXBRG.BO,926.05,900.05,2.42K,Producer Manufacturing,Metal Fabrication,92.0,8.0,97.0,94.0,54.0,53.6822,2.23K,0.99K,1096.4,412.2,2.97B,No,889.98,751.33,606.77,780.9,584.04,497
248,KAPSTON.NS,523.0,532.85,60.85K,Commercial Services,Miscellaneous Commercial Services,92.0,97.0,93.0,76.0,19.8821,19.5643,39.19K,69.84K,535.0,237.2,15.92B,No,459.48,395.27,340.97,405.64,360.55,500
249,HAPPYFORGE.NS,1869.1,1817.0,129.79K,Producer Manufacturing,Metal Fabrication,92.0,91.0,88.0,91.0,65.2,62.8357,116.21K,54.82K,1908.0,862.05,176.40B,No,1646.6,1530.47,1268.16,1550.91,1358.69,500
250,SENORES.NS,1328.5,1323.3,90.23K,Health Technology,Pharmaceuticals: Major,92.0,42.0,92.0,91.0,55.9786,54.5214,467.92K,324.14K,1509.8,632.05,61.18B,No,1387.55,1290.5,942.56,1313.01,1008.31,400
251,UNIVPHOTO.NS,478.95,480.0,1.09K,Consumer Durables,Electronics/Appliances,92.0,96.0,45.0,96.0,25.4107,25.2286,0.80K,2.47K,515.8,180.6,5.24B,No,442.58,399.58,342.82,403.2,385.52,498
252,PARKHOSPS.NS,292.25,284.85,701.42K,Health Services,Hospital/Nursing Management,92.0,68.0,79.0,93.0,11.1036,10.9964,971.65K,714.71K,305.0,138.1,126.23B,No,283.61,282.9,,283.95,231.03,160
253,GRERENEW.BO,174.5,172.5,1.20K,Electronic Technology,Semiconductors,92.0,75.0,92.0,92.0,6.1536,4.1607,32.30K,37.44K,194.15,77.5,2.49B,No,172.21,162.11,,161.04,,135
254,ASMTEC.BO,4961.3,4946.1001,46.58K,Technology Services,Information Technology Services,92.0,90.0,91.0,90.0,248.9822,239.7715,29.95K,30.49K,5100.0,2099.9,72.38B,No,4471.1,4006.43,3285.34,4090.06,3226.72,497
255,CNL.NS,1089.45,1131.65,78.73K,Distribution Services,Electronics Distributors,92.0,96.0,96.0,88.0,68.1321,67.6286,271.79K,886.86K,1142.0,525.0,16.36B,No,970.12,818.19,703.01,841.88,704.58,498
256,VELJAN.NS,1651.8,1642.1,0.24K,Producer Manufacturing,Industrial Machinery,92.0,34.0,94.0,,90.5786,89.5786,2.60K,1.59K,1980.0,812.0,,No,1733.57,1487.71,,1523.86,,76
257,BLUSPRING.NS,115.59,116.24,235.21K,Commercial Services,Miscellaneous Commercial Services,92.0,75.0,96.0,94.0,6.1629,6.1421,1062.72K,354.77K,131.82,43.98,17.27B,No,112.3,105.21,74.82,108.59,76.35,289
258,MACPOWER.NS,1520.1,1534.9,20.43K,Producer Manufacturing,Industrial Machinery,92.0,88.0,86.0,93.0,88.0857,88.0857,50.04K,58.47K,1578.8,761.0,15.21B,No,1388.96,1237.25,1032.76,1284.25,1071.05,499
259,BLUESTONE.NS,824.4,856.0,6203.86K,Retail Trade,Specialty Stores,91.0,97.0,95.0,93.0,73.6822,72.8179,3187.59K,16973.75K,869.5,399.8,125.64B,No,725.04,610.38,536.65,629.4,526.62,241
260,APOLLO.NS,403.95,399.05,5522.10K,Electronic Technology,Electronic Production Equipment,91.0,53.0,86.0,87.0,12.1821,11.8643,21156.46K,6362.81K,466.5,173.98,150.11B,No,395.9,406.68,296.74,409.31,308.56,500
261,RISHABH.NS,647.05,647.15,72.88K,Producer Manufacturing,Electrical Products,91.0,38.0,86.0,91.0,24.9036,24.3464,275.71K,117.50K,692.8,278.0,24.99B,No,640.13,597.83,464.12,606.25,489.84,498
262,QUANTDIA.BO,33.33,33.0,2.85K,Process Industries,Containers/Packaging,91.0,96.0,96.0,90.0,1.5079,0.9757,2.97K,9.20K,37.61,16.24,101.16M,No,29.84,25.81,21.87,26.34,21.72,497
263,SMLMAH.NS,5672.5,5917.5,187.98K,Consumer Durables,Motor Vehicles,91.0,97.0,93.0,90.0,366.5929,329.7643,129.88K,461.31K,5987.9,2719.0,82.09B,No,4527.14,4161.09,3899.35,4333.81,4134.54,500
264,AVALON.NS,1774.5,1823.2,507.27K,Electronic Technology,Electronic Production Equipment,91.0,73.0,91.0,95.0,83.3214,83.2714,558.24K,350.30K,1871.9,777.3,118.56B,No,1743.09,1706.23,1194.61,1739.41,1291.1,500
265,SWASTIKAAL.BO,98.39,96.35,4.00K,Producer Manufacturing,Metal Fabrication,91.0,90.0,96.0,89.0,4.1536,3.7664,15.08K,25.00K,102.05,39.0,803.26M,No,88.43,67.2,64.84,71.85,62.26,256
266,RUBYMILLS.NS,364.9,349.05,17.19K,Process Industries,Textiles,91.0,62.0,93.0,93.0,23.5357,23.5286,80.85K,24.73K,424.9,169.02,12.20B,No,388.74,351.63,251.02,362.42,263.66,498
267,SGFIN.NS,709.85,694.25,232.23K,Finance,Investment Banks/Brokers,91.0,69.0,80.0,95.0,34.7036,32.9357,528.45K,499.02K,723.6,323.0,46.78B,No,665.14,627.13,479.88,636.57,516.52,250
268,SYRMA.NS,1418.0,1434.1,1123.96K,Electronic Technology,Electronic Production Equipment,91.0,60.0,87.0,93.0,56.9214,54.5714,1577.68K,1907.90K,1517.7,634.5,273.14B,No,1379.67,1337.9,959.08,1353.69,1032.27,500
269,APARINDS.NS,16126.0,15666.0,207.43K,Electronic Technology,Electronic Equipment/Instruments,91.0,89.0,85.0,94.0,675.7857,656.7857,151.71K,183.89K,17157.0,6801.0,648.00B,No,14187.25,14564.58,10973.67,14780.4,11949.5,500
270,DESIFARMS.BO,602.0,602.0,2.66K,Transportation,Air Freight/Couriers,91.0,22.0,25.0,11.0,4.9286,2.15,0.16K,0.27K,793.05,162.3,595.73M,No,617.57,624.57,649.14,622.81,673.04,496
271,KRISHANA.NS,179.11,178.74,381.44K,Process Industries,Chemicals: Agricultural,91.0,96.0,88.0,93.0,9.6579,9.6579,1781.19K,2973.67K,193.9,86.2,55.46B,No,158.15,145.71,117.44,150.58,123.95,500
272,VIKRAMTH.BO,250.05,251.05,15.14K,Health Technology,Pharmaceuticals: Major,91.0,67.0,95.0,88.0,8.1571,8.1357,25.18K,15.28K,253.5,130.6,7.84B,No,245.08,226.62,175.94,232.24,179.86,496
273,UNIABEXAL.BO,5137.4,4969.6499,0.57K,Producer Manufacturing,Metal Fabrication,91.0,11.0,95.0,91.0,244.3714,237.2679,1.60K,0.54K,5750.0,2667.0,10.15B,No,5007.38,4801.74,3573.78,4874.52,3710.92,496
274,INDCEMCAP.BO,23.28,22.83,8.96K,Finance,Financial Conglomerates,91.0,95.0,96.0,92.0,0.5043,0.0036,35.59K,20.23K,23.28,9.14,505.32M,No,19.0,17.66,14.69,18.09,14.52,497
275,TELGE.BO,164.05,162.85,6.00K,Industrial Services,Engineering & Construction,91.0,94.0,94.0,91.0,11.0714,8.6071,30.83K,20.04K,189.0,77.05,1.61B,No,166.41,139.58,113.48,143.93,115.39,209
276,PHRMASI.BO,84.98,83.24,0.41K,Health Technology,Pharmaceuticals: Major,91.0,4.0,24.0,17.0,4.8664,3.9729,0.51K,0.33K,131.75,26.0,580.16M,No,88.64,93.05,87.34,93.22,94.04,497
277,PRECOT.NS,852.65,826.85,14.75K,Process Industries,Textiles,91.0,77.0,89.0,97.0,45.5822,44.1536,8.21K,5.88K,876.75,300.05,10.23B,No,818.56,769.7,554.7,780.51,608.94,498
278,RATEGAIN.NS,944.95,978.4,4578.31K,Technology Services,Packaged Software,91.0,55.0,93.0,87.0,42.1571,41.1786,688.28K,292.72K,1050.0,417.6,111.88B,No,935.19,880.22,681.4,885.06,680.96,499
279,SCAGRO.BO,35.24,35.95,0.08K,Consumer Non-Durables,Food: Meat/Fish/Dairy,91.0,98.0,89.0,52.0,1.4943,0.3536,13.67K,18.94K,43.8,13.15,2.68B,No,30.72,25.1,26.98,26.23,29.23,496
280,SHAILY.NS,3366.3,3176.2,644.74K,Process Industries,Chemicals: Specialty,91.0,92.0,87.0,93.0,110.8214,110.4,302.61K,180.66K,3434.0,1535.9,154.83B,No,2925.54,2920.49,2446.27,2952.17,2465.43,499
281,BDH.BO,567.8,564.55,0.94K,Health Technology,Pharmaceuticals: Other,91.0,75.0,93.0,85.0,29.3929,29.2714,3.89K,5.77K,610.0,272.2,3.27B,No,564.76,488.24,418.45,498.29,421.42,497
282,APIL.BO,49.91,49.91,1.21K,Consumer Durables,Electronics/Appliances,91.0,70.0,67.0,86.0,0.0,0.0,0.20K,0.16K,49.91,20.11,165.04M,No,49.55,47.98,39.18,48.26,43.03,496
283,KMCSHIL.BO,124.6,122.95,61.99K,Health Services,Hospital/Nursing Management,91.0,23.0,90.0,89.0,4.4321,4.4321,224.47K,90.20K,145.9,63.75,20.32B,No,130.04,125.46,92.42,125.93,99.24,497
284,PRECWIRE.NS,418.95,409.5,795.85K,Producer Manufacturing,Electrical Products,91.0,79.0,58.0,91.0,16.2286,15.9321,460.89K,194.17K,467.5,168.51,76.59B,No,376.53,396.56,317.45,394.96,347.36,500
285,SBC.NS,41.18,41.3,5491.75K,Distribution Services,Wholesale Distributors,91.0,38.0,82.0,83.0,0.7757,0.7757,12751.31K,8319.11K,45.0,15.55,19.61B,No,42.01,40.61,32.54,41.15,35.36,499
286,GSPCROP.NS,595.1,593.3,366.69K,Process Industries,Chemicals: Agricultural,91.0,98.0,90.0,,25.7964,25.7464,317.51K,405.47K,600.0,328.0,27.56B,No,526.35,465.06,,475.39,,94
287,IRISDOREME.NS,54.07,53.48,320.45K,Consumer Non-Durables,Apparel/Footwear,91.0,90.0,92.0,90.0,2.295,2.295,572.14K,851.92K,54.5,26.35,9.22B,No,48.37,42.95,36.0,44.15,36.85,498
288,KPL.NS,2645.0,2559.1001,30.73K,Health Technology,Pharmaceuticals: Major,91.0,56.0,94.0,,111.3286,111.3286,41.55K,19.54K,2890.3,1561.0,,No,2654.41,2539.35,,2578.14,,76
289,CYIENTDLM.NS,658.35,664.85,405.37K,Electronic Technology,Electronic Production Equipment,91.0,93.0,94.0,92.0,36.4929,36.4929,666.56K,1778.19K,734.95,265.2,52.58B,No,630.21,532.78,422.01,547.85,417.91,500
290,SMARTLINK.NS,220.48,230.59,5.42K,Electronic Technology,Telecommunications Equipment,91.0,93.0,95.0,92.0,10.6993,9.3186,22.75K,5.69K,230.59,103.5,2.20B,No,206.18,183.49,144.57,187.04,150.01,498
291,MAJESAUT.NS,494.05,487.9,47.65K,Commercial Services,Miscellaneous Commercial Services,91.0,97.0,94.0,,19.3071,18.6679,7.55K,23.02K,497.0,274.0,5.15B,No,423.82,371.44,,378.6,,76
292,KOTYARK.NS,40.38,38.46,115.72K,Process Industries,Industrial Specialties,91.0,83.0,69.0,95.0,1.8936,1.4071,367.23K,85.93K,45.5,17.38,4.57B,No,34.58,36.93,29.53,37.04,32.56,500
293,INDOBORAX.NS,407.05,412.25,91.51K,Process Industries,Chemicals: Specialty,91.0,34.0,93.0,90.0,31.4393,27.5286,502.40K,1375.19K,499.0,224.0,13.16B,No,423.26,394.0,291.21,399.85,305.97,499
294,INDIAHOMES.BO,22.04,22.43,150.05K,Non-Energy Minerals,Steel,91.0,39.0,58.0,90.0,0.8257,0.8257,1023.28K,583.48K,25.64,9.04,8.89B,No,22.16,22.43,16.53,22.56,18.54,497
295,TFCILTD.NS,110.81,110.77,17533.93K,Finance,Finance/Rental/Leasing,90.0,96.0,90.0,90.0,4.4671,4.2714,8908.26K,20789.85K,111.65,51.0,51.30B,No,90.54,81.79,72.11,84.04,74.58,499
296,FCL.NS,42.13,38.65,25004.18K,Process Industries,Industrial Specialties,90.0,83.0,93.0,93.0,2.2007,2.1771,25016.23K,15181.33K,47.18,19.1,48.62B,No,39.06,39.9,28.41,39.98,29.62,500
297,RAIN.NS,243.0,242.68,6137.26K,Process Industries,Industrial Specialties,90.0,91.0,97.0,87.0,9.5771,9.4343,7529.23K,4393.09K,247.75,99.9,81.73B,No,221.11,204.51,150.89,206.32,161.09,500
298,SW1.BO,151.0,154.05,0.00K,Finance,Investment Banks/Brokers,90.0,75.0,94.0,82.0,2.925,0.0,0.53K,0.33K,195.0,74.4,135.90M,No,173.2,130.81,104.87,135.8,109.47,498
299,ROBU.BO,1247.85,1252.9,4.12K,Retail Trade,Electronics/Appliance Stores,90.0,82.0,88.0,88.0,50.9357,48.2107,10.62K,4.65K,1315.0,572.73,12.93B,No,1168.75,1153.24,895.48,1154.52,962.13,499
300,RESONANCE.BO,170.15,162.05,26.39K,Process Industries,Chemicals: Specialty,90.0,94.0,95.0,87.0,7.125,5.6286,25.75K,13.35K,170.15,77.0,1.96B,No,142.13,137.56,109.13,139.66,114.13,497
301,BIRLACABLE.NS,247.72,235.93,45.83K,Producer Manufacturing,Electrical Products,90.0,95.0,94.0,92.0,11.1286,7.1936,85.87K,46.11K,247.72,104.0,7.43B,No,199.09,202.48,158.21,205.66,164.32,498
302,ADANIENSOL.NS,1620.0,1642.0,937.04K,Utilities,Electric Utilities,90.0,30.0,78.0,92.0,46.6786,46.5071,3019.35K,2415.00K,1789.0,744.9,1981.19B,No,1677.03,1590.73,1196.39,1599.68,1274.37,500
303,SHOORA.BO,77.71,82.0,1.50K,Consumer Durables,Other Consumer Specialties,90.0,5.0,95.0,85.0,1.04,0.3571,6.07K,1.80K,98.2,34.25,359.30M,No,85.53,81.74,57.39,84.13,63.05,495
304,VISTARAMAR.BO,227.1,222.55,2.04K,Finance,Investment Banks/Brokers,90.0,79.0,60.0,94.0,10.3107,10.1071,3.94K,4.14K,238.5,91.15,1.31B,No,211.25,201.19,162.44,202.49,183.77,496
305,SJS.NS,2437.7,2510.3,375.65K,Producer Manufacturing,Auto Parts: Oem,90.0,87.0,87.0,88.0,95.9428,91.9643,104.97K,123.16K,2590.0,1131.3,78.07B,No,2294.94,2199.35,1841.45,2227.6,1908.52,498
306,CFF.BO,1023.7,1014.5,38.00K,Industrial Services,Engineering & Construction,90.0,90.0,87.0,93.0,40.4357,40.0429,38.94K,36.38K,1030.0,445.0,21.47B,No,939.22,852.5,677.75,866.99,710.85,497
307,VIDYAWIRES.NS,94.86,92.46,847.23K,Non-Energy Minerals,Other Metals/Minerals,90.0,46.0,66.0,94.0,3.195,2.9843,3614.59K,718.57K,117.35,42.51,20.18B,No,92.6,96.92,,95.16,74.81,164
308,INOXINDIA.NS,1957.0,1937.5,79.91K,Producer Manufacturing,Industrial Machinery,90.0,59.0,85.0,91.0,87.8714,86.4786,415.45K,219.72K,2119.8,1065.0,177.62B,No,1954.89,1860.74,1388.19,1887.33,1478.24,499
309,RICOAUTO.NS,152.38,155.81,2842.03K,Producer Manufacturing,Auto Parts: Oem,90.0,87.0,83.0,77.0,8.2957,8.2321,3492.01K,2303.47K,157.6,65.73,20.61B,No,137.9,135.09,119.85,138.08,124.16,500
310,HONASA.NS,465.8,459.65,628.50K,Retail Trade,Specialty Stores,90.0,39.0,88.0,90.0,14.6714,14.6143,2753.79K,780.72K,491.35,248.4,151.81B,No,458.93,439.88,335.64,442.95,359.64,499
311,TIMEX.NS,543.05,553.35,229.72K,Consumer Durables,Other Consumer Specialties,90.0,66.0,93.0,,28.8893,28.7286,582.29K,508.12K,618.0,323.0,54.82B,No,556.52,513.29,,523.95,,74
312,TFSL.BO,41.85,43.94,2.41K,Finance,Finance/Rental/Leasing,90.0,85.0,36.0,37.0,0.8879,0.525,0.52K,0.05K,53.96,18.05,125.58M,No,40.95,40.51,40.66,40.59,42.8,497
313,BAJAJCON.NS,532.6,530.4,282.09K,Consumer Non-Durables,Household/Personal Care,90.0,5.0,55.0,87.0,20.2071,19.8286,1030.10K,631.87K,692.0,220.1,69.57B,No,553.5,576.48,409.16,576.6,466.92,500
314,RALEGRA.BO,65.0,67.39,0.10K,Non-Energy Minerals,Construction Materials,90.0,92.0,95.0,74.0,2.9021,2.6786,2.33K,1.31K,75.99,31.0,688.09M,No,58.35,57.83,46.94,57.85,48.42,497
315,MMFL.NS,595.0,570.55,269.66K,Producer Manufacturing,Metal Fabrication,90.0,90.0,82.0,84.0,20.7893,20.2536,117.10K,89.37K,607.0,288.1,28.73B,No,544.72,495.78,428.68,508.47,465.48,500
316,SONACOMS.NS,792.0,814.6,2671.39K,Producer Manufacturing,Auto Parts: Oem,90.0,89.0,90.0,88.0,23.9786,23.9429,2366.64K,3836.38K,824.6,402.3,493.18B,No,727.24,661.88,552.71,674.48,581.05,500
317,ATVOENT.BO,32.5,32.4,18.79K,Consumer Non-Durables,Apparel/Footwear,90.0,71.0,85.0,86.0,0.615,0.4921,49.69K,16.84K,35.0,12.0,3.48B,No,31.74,29.42,21.57,29.65,24.23,497
318,JAYKAILASH.BO,45.49,45.17,48.00K,Consumer Non-Durables,Food: Specialty/Candy,90.0,98.0,97.0,96.0,2.6321,1.6893,67.67K,73.92K,60.99,10.73,227.31M,No,35.5,36.03,27.99,36.15,25.65,497
319,PPARIVAH.BO,233.75,234.95,6.00K,Transportation,Marine Shipping,90.0,68.0,92.0,76.0,8.8071,8.4286,45.09K,30.00K,235.0,108.0,2.65B,No,225.14,205.09,169.33,210.19,175.76,340
320,SUVEN.NS,317.8,326.55,798.96K,Health Technology,Pharmaceuticals: Major,90.0,41.0,92.0,96.0,17.6143,17.0571,2068.20K,680.72K,371.0,124.11,89.80B,No,327.09,295.33,205.25,298.07,216.3,499
321,OMEGAIN.BO,40.51,38.59,1560.58K,Technology Services,Information Technology Services,90.0,13.0,0.0,10.0,2.4157,0.52,102.08K,333.79K,112.06,11.29,3.38B,No,42.7,50.3,54.22,49.76,61.19,499
322,SAILIFE.NS,1413.5,1394.3,1284.02K,Commercial Services,Miscellaneous Commercial Services,90.0,86.0,87.0,90.0,36.95,36.2214,590.92K,362.82K,1449.8,778.5,300.08B,No,1299.34,1242.77,1023.1,1259.8,1076.18,408
323,VLL.BO,56.0,54.15,0.00K,Finance,Finance/Rental/Leasing,90.0,24.0,65.0,93.0,1.1964,0.6464,0.04K,0.04K,70.3,21.03,1.45B,No,61.96,57.2,42.95,57.62,46.1,497
324,JAYATMA.BO,30.0,30.0,0.02K,Process Industries,Textiles,90.0,0.0,3.0,94.0,1.4114,0.6264,0.22K,0.14K,70.18,13.33,85.65M,No,36.66,49.02,27.07,47.37,32.05,498
325,IIRM.BO,139.0,136.95,12.97K,Producer Manufacturing,Miscellaneous Manufacturing,90.0,69.0,94.0,88.0,7.5571,7.5571,33.95K,43.19K,151.85,68.0,9.42B,No,132.7,126.33,95.97,129.01,103.87,497
326,NRBBEARING.NS,445.6,457.7,715.88K,Producer Manufacturing,Auto Parts: Oem,90.0,62.0,93.0,91.0,17.9893,17.3571,1105.65K,320.89K,468.0,212.55,43.19B,No,419.16,417.47,313.68,418.16,326.03,499
327,CEMPRO.NS,1245.8,1298.2,412.88K,Industrial Services,Engineering & Construction,90.0,3.0,86.0,94.0,66.0071,61.4286,741.57K,725.60K,1649.2,503.3,214.01B,No,1470.14,1332.96,877.75,1338.6,899.24,500
328,KAMADGIRI.BO,144.9,138.0,2.06K,Process Industries,Textiles,90.0,95.0,94.0,92.0,8.1536,7.0429,1.88K,0.62K,146.0,64.05,850.47M,No,123.99,120.94,98.14,122.34,101.67,498
329,BALAMINES.NS,2100.8,1998.5,298.73K,Process Industries,Chemicals: Specialty,90.0,20.0,90.0,93.0,129.7928,127.0071,490.20K,308.42K,2443.6,968.1,68.07B,No,2244.12,2149.8,1453.94,2161.03,1543.84,500
330,GULFPETRO.NS,54.2,52.08,207.79K,Energy Minerals,Oil Refining/Marketing,90.0,96.0,94.0,89.0,2.8879,2.2243,112.88K,266.03K,54.68,23.25,2.79B,No,43.97,41.38,35.92,42.42,35.59,499
331,MARINE.NS,314.5,305.5,2274.61K,Distribution Services,Wholesale Distributors,90.0,94.0,89.0,92.0,15.0357,14.7893,883.41K,801.27K,323.9,150.86,42.70B,No,267.27,263.1,221.87,265.15,221.26,500
332,VINDHYATEL.NS,2286.9,2357.5,95.46K,Industrial Services,Engineering & Construction,89.0,89.0,94.0,93.0,123.4214,114.3714,107.78K,81.78K,2484.9,963.9,27.10B,No,1984.98,2061.58,1516.91,2055.46,1545.33,499
333,EBGNG.NS,533.3,527.4,553.30K,Technology Services,Information Technology Services,89.0,3.0,81.0,95.0,31.1857,31.1143,702.99K,539.20K,689.5,239.0,59.73B,No,559.69,532.41,394.12,537.3,426.35,254
334,HIRECT.NS,1321.0,1330.4,88.59K,Producer Manufacturing,Electrical Products,89.0,93.0,90.0,95.0,62.5214,61.0857,258.13K,126.42K,1399.0,565.2,44.59B,No,1264.78,1176.2,876.24,1186.15,921.76,500
335,ELFIN.BO,81.2,81.2,6.00K,Process Industries,Agricultural Commodities/Milling,89.0,84.0,75.0,,1.7157,0.9286,17.16K,6.60K,87.0,47.3,1.58B,No,80.02,75.44,,76.19,,101
336,PRARUH.BO,80.0,77.15,66.00K,Technology Services,Information Technology Services,89.0,98.0,95.0,84.0,3.795,2.7371,17.31K,22.60K,82.0,45.0,1.11B,No,64.66,57.77,54.36,59.0,55.24,211
337,SHRIPISTON.NS,4325.4,4440.7998,36.86K,Producer Manufacturing,Auto Parts: Oem,89.0,60.0,82.0,89.0,187.0928,177.3786,63.46K,55.13K,4547.0,2354.1,190.53B,No,4289.38,3972.61,3277.4,4012.03,3445.96,498
338,ROSSTECH.NS,1090.2,1064.65,275.61K,Electronic Technology,Telecommunications Equipment,89.0,81.0,60.0,88.0,56.5929,54.625,245.37K,379.46K,1122.0,549.05,41.25B,No,1000.31,1000.56,807.03,1001.88,863.02,413
339,KDDL.NS,3702.2,3704.3999,57.60K,Consumer Durables,Other Consumer Specialties,89.0,90.0,93.0,88.0,154.4571,153.2143,48.87K,16.45K,3799.0,1990.0,45.58B,No,3281.78,3121.89,2572.65,3172.94,2637.31,498
340,TULASEEBIOE.BO,41.18,45.62,0.30K,Process Industries,Chemicals: Specialty,89.0,1.0,96.0,60.0,0.8479,0.0236,0.51K,0.11K,71.21,17.32,128.16M,No,50.87,47.79,40.97,49.41,34.7,496
341,HANNAH.BO,102.65,105.05,18.00K,Health Services,Hospital/Nursing Management,89.0,18.0,92.0,,4.3143,3.7786,29.64K,12.60K,128.8,55.99,2.33B,No,109.97,105.7,,105.85,,128
342,NEETUYOSHI.BO,162.95,159.95,53.60K,Non-Energy Minerals,Steel,89.0,86.0,91.0,93.0,9.1571,9.1571,100.52K,87.12K,175.85,71.3,6.32B,No,159.37,149.05,115.2,151.57,115.53,271
343,IBINFO.BO,45.51,43.35,2.13K,Consumer Non-Durables,Food: Major Diversified,89.0,88.0,34.0,54.0,2.3886,0.79,4.01K,2.07K,82.03,16.0,582.86M,No,45.46,48.22,43.75,46.93,51.78,500
344,SANCF.BO,57.52,57.52,0.10K,Finance,Investment Banks/Brokers,89.0,58.0,76.0,82.0,0.0807,0.0,0.01K,0.00K,64.95,24.0,181.19M,No,56.73,56.43,41.68,56.62,48.77,494
345,TANFACIND.BO,3087.2,3068.45,13.49K,Process Industries,Chemicals: Specialty,89.0,95.0,87.0,85.0,170.025,165.4535,23.39K,37.04K,3227.4,1632.6,65.48B,No,2728.38,2409.78,2166.4,2490.14,2243.95,498
346,VADILALIND.NS,7327.5,7162.0,22.11K,Consumer Non-Durables,Food: Specialty/Candy,89.0,81.0,94.0,89.0,204.4643,203.6786,26.92K,18.47K,7478.5,3996.0,52.67B,No,6851.23,6320.36,5203.67,6494.56,5216.38,497
347,DIVGIITTS.NS,998.3,1002.2,40.45K,Producer Manufacturing,Auto Parts: Oem,89.0,60.0,89.0,88.0,38.8036,38.7571,209.96K,33.98K,1065.0,573.7,30.23B,No,954.61,902.32,719.0,911.1,767.91,498
348,SUPER.BO,1110.0,1116.7,1.45K,Process Industries,Textiles,89.0,96.0,90.0,93.0,64.6357,60.3928,1.25K,3.04K,1164.65,530.0,3.41B,No,1025.24,914.27,754.96,932.82,759.69,496
349,TRISHAKT.BO,219.2,224.55,20.82K,Industrial Services,Oilfield Services/Equipment,89.0,93.0,91.0,87.0,14.2571,14.1679,40.26K,68.70K,240.0,114.9,3.61B,No,208.77,177.68,152.87,180.38,156.91,496
350,DCMSIL.NS,85.92,81.83,82.55K,Process Industries,Textiles,89.0,85.0,77.0,,2.5664,1.5171,45.17K,46.40K,105.27,49.5,7.47B,No,80.08,72.64,,73.85,,117
351,OCCLLTD.NS,163.0,171.36,291.83K,Process Industries,Chemicals: Specialty,89.0,95.0,94.0,91.0,8.3279,6.5964,232.44K,129.44K,174.32,75.71,8.13B,No,147.78,134.25,107.54,135.94,108.27,439
352,TMB.NS,873.4,854.65,215.75K,Finance,Regional Banks,89.0,83.0,74.0,83.0,31.5179,30.8321,448.48K,1240.96K,917.0,411.8,138.30B,No,826.5,781.44,638.89,792.37,694.5,498
353,HSCL.NS,751.2,748.95,2554.81K,Process Industries,Industrial Specialties,89.0,88.0,84.0,90.0,33.0179,32.975,12219.25K,9224.91K,819.5,418.5,383.97B,No,744.0,694.45,538.82,709.85,571.94,500
354,ASKAUTOLTD.NS,678.8,637.55,9246.47K,Producer Manufacturing,Auto Parts: Oem,89.0,97.0,93.0,86.0,29.2179,29.0286,217.89K,408.08K,687.7,375.3,133.82B,No,516.94,477.48,458.96,492.75,455.0,500
355,ONEGLOBAL.BO,567.0,547.75,8.96K,Commercial Services,Miscellaneous Commercial Services,89.0,13.0,84.0,52.0,23.1179,23.0643,46.24K,7.09K,790.0,220.4,11.08B,No,583.42,608.57,557.68,610.81,581.02,497
356,HRS.BO,252.0,252.0,0.40K,Non-Energy Minerals,Aluminum,89.0,42.0,82.0,79.0,2.2536,1.8321,24.96K,39.32K,292.6,126.0,4.84B,No,247.44,246.34,,246.91,235.76,157
357,KTKBANK.NS,308.45,299.65,7794.90K,Finance,Regional Banks,89.0,86.0,75.0,90.0,10.4107,10.3,2608.28K,3736.59K,316.8,169.12,116.03B,No,282.71,274.13,228.67,276.22,243.0,500
358,GNA.NS,532.45,529.7,128.72K,Producer Manufacturing,Auto Parts: Oem,89.0,84.0,81.0,84.0,29.175,28.9143,528.03K,404.10K,601.65,291.8,22.86B,No,527.33,456.32,390.45,468.51,421.65,500
359,CONSOFINVT.NS,300.3,312.05,5.60K,Finance,Financial Conglomerates,89.0,90.0,88.0,92.0,14.0679,14.0679,17.48K,24.34K,320.0,152.0,9.71B,No,285.97,252.6,211.69,257.07,229.28,498
360,ARVIND.NS,546.1,545.1,466.33K,Process Industries,Textiles,89.0,58.0,82.0,91.0,16.1357,15.4679,1108.71K,338.55K,600.0,274.8,143.15B,No,529.39,523.48,398.26,527.02,427.12,500
361,SANGHVIMOV.NS,481.55,474.2,645.34K,Finance,Finance/Rental/Leasing,89.0,74.0,92.0,89.0,21.1464,21.0393,593.77K,588.77K,488.8,223.8,41.69B,No,442.81,421.15,340.13,430.07,338.99,499
362,AEQUS.NS,239.05,239.95,2164.68K,Electronic Technology,Aerospace & Defense,89.0,14.0,79.0,91.0,9.525,9.4871,6534.72K,2473.98K,274.39,113.3,156.54B,No,234.54,221.11,,223.17,177.66,165
363,APCOTEXIND.NS,620.6,629.5,192.29K,Process Industries,Chemicals: Specialty,89.0,92.0,82.0,90.0,37.2857,36.6072,313.85K,1098.13K,712.0,310.45,32.17B,No,576.89,541.47,424.82,548.3,444.57,499
364,IYKOTHITE.BO,21.11,21.11,3.42K,Producer Manufacturing,Miscellaneous Manufacturing,89.0,70.0,74.0,75.0,0.0,0.0,0.90K,0.36K,21.11,10.0,428.11M,No,20.96,20.3,16.02,20.42,17.76,496
365,TALBROAUTO.NS,437.0,438.3,343.03K,Producer Manufacturing,Industrial Machinery,89.0,78.0,89.0,92.0,17.3214,16.45,353.54K,113.83K,449.85,219.9,26.98B,No,405.96,388.07,306.36,393.12,316.81,499
366,SWITCHTE.BO,115.55,118.15,0.33K,Producer Manufacturing,Electrical Products,89.0,6.0,84.0,86.0,6.8,5.9893,5.99K,3.20K,156.1,40.0,283.10M,No,131.55,111.46,81.54,113.26,90.96,496
367,TDPOWERSYS.NS,1227.7,1201.9,1124.99K,Producer Manufacturing,Electrical Products,89.0,77.0,59.0,92.0,56.2571,51.7286,1393.92K,1304.12K,1379.6,466.25,191.80B,No,1131.74,1190.37,935.85,1178.7,1026.02,499
368,MPSLTD.NS,2783.5,2873.7,56.26K,Consumer Services,Publishing: Books/Magazines,89.0,96.0,95.0,84.0,159.3214,142.7143,71.02K,296.85K,2873.6,1336.1,46.92B,No,2441.3,2087.98,1905.27,2147.21,1826.07,498
369,NETWEB.NS,4859.0,4893.7998,775.55K,Electronic Technology,Computer Peripherals,88.0,85.0,72.0,86.0,194.4285,182.3643,1740.03K,1333.29K,5244.0,2037.3,276.67B,No,4402.31,4544.05,3730.33,4573.08,3896.16,500
370,ATLANTAELE.NS,1592.9,1634.5,49.92K,Producer Manufacturing,Electrical Products,88.0,23.0,47.0,95.0,82.85,80.4072,117.76K,189.06K,2152.6,707.6,122.49B,No,1632.24,1769.6,1262.34,1741.92,1399.93,213
371,PGIL.NS,2221.5,2104.5,642.39K,Consumer Non-Durables,Apparel/Footwear,88.0,82.0,91.0,83.0,82.2071,81.6,153.20K,80.06K,2248.1,1178.1,102.61B,No,2047.98,1913.98,1642.41,1947.74,1684.93,499
372,JETFREIGHT.NS,22.92,22.6,69.84K,Transportation,Airlines,88.0,77.0,75.0,77.0,1.4493,1.4343,281.11K,274.01K,25.95,11.9,1.06B,No,22.98,22.28,18.69,22.33,19.8,499
373,HUHTAMAKI.NS,295.05,284.1,157.05K,Process Industries,Containers/Packaging,88.0,96.0,94.0,88.0,22.4064,21.595,1222.57K,6248.16K,330.0,148.6,22.28B,No,271.5,220.32,201.42,229.79,193.28,500
374,CENTUM.NS,3790.3,3789.5,20.51K,Electronic Technology,Electronic Components,88.0,71.0,86.0,89.0,140.2928,137.8571,63.16K,30.93K,3916.0,2044.2,55.87B,No,3639.17,3592.74,2829.33,3605.72,3040.47,498
375,PURPLEFIN.BO,75.01,75.93,42.32K,Finance,Finance/Rental/Leasing,88.0,85.0,60.0,83.0,5.0029,4.7086,99.42K,219.70K,78.5,33.0,4.42B,No,70.65,67.66,58.32,67.64,63.19,497
376,BRGIL.BO,175.0,180.15,45.00K,Industrial Services,Engineering & Construction,88.0,95.0,94.0,92.0,12.1821,11.1607,45.64K,162.90K,189.0,89.06,4.17B,No,144.09,133.46,119.95,136.32,117.88,388
377,CARNATIN.BO,93.59,93.59,0.97K,Producer Manufacturing,Metal Fabrication,88.0,70.0,59.0,73.0,0.0,0.0,0.28K,0.15K,93.59,21.07,323.56M,No,92.92,89.97,73.15,90.5,84.86,497
378,CTL.BO,27.77,27.87,120.69K,Finance,Finance/Rental/Leasing,88.0,80.0,96.0,80.0,1.5764,1.5671,344.95K,224.48K,32.24,14.3,3.69B,No,26.09,21.23,21.4,21.84,19.1,498
379,GAUDIUMIVF.NS,133.62,131.0,114.07K,Health Services,Medical/Nursing Services,88.0,87.0,71.0,,4.8193,2.8793,158.25K,109.86K,163.18,69.18,9.73B,No,140.73,122.44,,123.07,,110
380,NITINSPIN.NS,572.35,578.55,77.58K,Process Industries,Textiles,88.0,64.0,77.0,91.0,18.85,18.8,161.55K,84.58K,590.0,302.2,32.18B,No,549.32,546.0,411.9,552.31,447.84,499
381,BUILDPRO.NS,1335.2,1347.8,485.45K,Distribution Services,Wholesale Distributors,88.0,95.0,81.0,93.0,64.9786,62.1857,93.73K,61.25K,1368.7,636.0,32.38B,No,1256.26,1138.58,,1148.24,1035.5,142
382,ALANSCOTT.BO,354.0,340.0,2.54K,Retail Trade,Specialty Stores,88.0,46.0,87.0,62.0,18.0643,17.7071,3.18K,1.30K,415.0,174.65,2.02B,No,324.05,317.88,295.34,321.12,282.21,497
383,ICIL.NS,420.5,418.65,314.36K,Process Industries,Textiles,88.0,52.0,92.0,92.0,15.4286,15.4286,934.49K,321.90K,463.8,216.9,83.49B,No,404.97,390.33,305.17,394.86,311.28,500
384,CRIMSON.BO,43.58,43.58,0.10K,Non-Energy Minerals,Steel,88.0,12.0,14.0,18.0,0.1636,0.0,0.01K,0.01K,61.35,17.59,192.98M,No,45.19,47.04,46.38,46.62,49.72,496
385,KISSHT.NS,309.85,307.8,578.66K,Finance,Finance/Rental/Leasing,88.0,43.0,,,15.8857,15.8857,4721.56K,2017.68K,351.5,190.0,52.20B,No,324.91,299.44,,301.65,,65
386,MANCREDIT.NS,247.0,245.1,859.04K,Finance,Finance/Rental/Leasing,88.0,77.0,93.0,86.0,14.2729,13.86,384.54K,483.86K,265.0,152.06,5.33B,No,232.65,226.23,184.68,230.74,190.48,491
387,SUBAM.BO,218.6,223.1,3.20K,Process Industries,Pulp & Paper,88.0,46.0,34.0,73.0,4.1679,3.2464,16.41K,6.08K,244.0,104.0,6.01B,No,220.14,219.81,194.56,219.84,197.85,453
388,REDINGTON.NS,350.75,347.85,4478.75K,Distribution Services,Electronics Distributors,88.0,94.0,94.0,75.0,16.4571,14.9107,7074.34K,16988.70K,357.8,191.31,274.21B,No,293.93,272.9,257.61,280.42,251.03,500
389,SBCL.NS,767.45,772.45,489.67K,Non-Energy Minerals,Other Metals/Minerals,88.0,78.0,84.0,92.0,26.4429,25.8893,467.02K,215.71K,814.0,368.6,44.21B,No,746.56,740.16,547.91,746.57,585.78,499
390,WHEELS.NS,1404.3,1429.6,73.95K,Producer Manufacturing,Auto Parts: Oem,88.0,19.0,72.0,93.0,53.4643,50.6214,216.02K,96.08K,1808.0,705.85,34.31B,No,1451.56,1527.35,1109.76,1509.2,1206.31,499
391,ELPROINTL.NS,177.94,178.58,25.54K,Electronic Technology,Electronic Components,88.0,52.0,90.0,,2.0264,2.0257,134.20K,77.99K,179.0,102.0,30.16B,No,176.02,172.56,,173.33,,76
392,HESTERBIO.NS,2430.4,2433.3,3.16K,Health Technology,Pharmaceuticals: Major,88.0,87.0,93.0,90.0,115.2571,113.3071,37.71K,57.10K,2683.6,1239.3,,No,2440.24,2224.27,1741.25,2229.24,1777.18,499
393,RADICO.NS,4470.0,4550.0,433.65K,Consumer Non-Durables,Beverages: Alcoholic,88.0,75.0,88.0,87.0,125.2857,122.5571,409.05K,595.82K,4577.1,2500.0,598.90B,No,4221.93,3919.82,3281.97,3959.74,3309.59,499
394,CHENNPETRO.NS,1292.3,1303.9,1362.53K,Energy Minerals,Oil Refining/Marketing,88.0,85.0,81.0,85.0,65.3928,63.8928,1373.11K,2464.47K,1354.0,620.85,192.44B,No,1231.01,1176.8,1002.27,1179.39,1043.82,500
395,SPARC.NS,216.98,218.35,1084.49K,Health Technology,Pharmaceuticals: Major,88.0,2.0,87.0,91.0,8.5364,8.4214,5922.39K,1184.62K,289.0,108.0,70.41B,No,225.45,227.95,161.67,227.98,171.01,500
396,ARFIN.NS,86.98,85.34,1940.97K,Non-Energy Minerals,Aluminum,88.0,45.0,28.0,62.0,3.7479,3.7479,2522.71K,1683.02K,106.2,32.0,14.68B,No,87.86,89.35,78.1,89.91,85.23,259
397,PIPAN.BO,181.55,181.55,0.05K,Distribution Services,Wholesale Distributors,88.0,56.0,56.0,54.0,0.1286,0.1286,0.02K,0.01K,181.55,72.46,3.18B,No,181.29,179.09,169.44,179.53,173.0,497
398,ESAFSFB.NS,43.01,41.72,1940.07K,Finance,Regional Banks,88.0,94.0,94.0,84.0,2.7157,2.7157,2907.49K,7947.78K,43.2,19.78,22.19B,No,37.67,33.77,28.36,35.39,29.41,499
399,CYBELEIND.BO,44.0,45.7,2.03K,Producer Manufacturing,Electrical Products,88.0,36.0,38.0,69.0,2.445,2.3286,5.30K,1.38K,77.01,18.25,465.91M,No,44.66,46.98,41.27,46.92,45.46,497
400,LLOYDSENGG.NS,89.5,93.28,24457.44K,Industrial Services,Engineering & Construction,88.0,72.0,92.0,94.0,3.9221,3.8729,17886.76K,8270.94K,95.1,37.4,126.08B,No,89.77,83.77,61.24,84.4,63.0,500
401,APOLLOPIPE.NS,527.25,534.15,828.87K,Producer Manufacturing,Miscellaneous Manufacturing,88.0,81.0,62.0,94.0,18.8071,18.6143,281.32K,218.89K,554.0,252.1,23.16B,No,505.84,494.27,391.81,499.19,433.15,500
402,JOJO.BO,307.8,301.65,63.32K,Consumer Services,Movies/Entertainment,88.0,97.0,83.0,65.0,20.8607,19.6571,10.62K,11.36K,313.0,138.5,10.61B,No,248.32,228.25,229.36,236.47,237.94,500
403,BRAHMINFRA.BO,166.0,162.0,14.16K,Industrial Services,Engineering & Construction,88.0,45.0,68.0,79.0,7.5679,7.5643,25.42K,15.82K,208.8,80.01,4.82B,No,170.09,166.81,142.07,166.38,155.66,497
404,BHARATFORG.NS,2210.0,2197.1001,897.21K,Producer Manufacturing,Metal Fabrication,88.0,63.0,70.0,86.0,41.75,41.3,1229.31K,690.38K,2238.0,1100.5,1056.58B,No,2169.71,2092.51,1733.26,2106.72,1873.17,499
405,EMMFORCE.BO,182.0,178.2,21.60K,Producer Manufacturing,Auto Parts: Oem,87.0,60.0,91.0,85.0,5.9357,5.2929,35.00K,16.32K,191.75,85.3,3.75B,No,178.0,152.42,137.35,158.14,134.94,497
406,DATAPATTNS.NS,4409.9,4446.6001,1004.80K,Electronic Technology,Electronic Production Equipment,87.0,51.0,58.0,89.0,244.5357,236.3357,1153.67K,1654.12K,4955.9,2131.0,245.92B,No,4370.4,4408.02,3418.07,4428.09,3680.86,500
407,DANLAW.BO,1141.25,1086.95,8.38K,Technology Services,Packaged Software,87.0,87.0,92.0,88.0,45.2821,41.95,3.78K,0.85K,1149.0,428.0,5.56B,No,1015.38,1007.53,795.95,1018.98,799.46,497
408,SUDEEPPHRM.NS,974.15,958.95,621.55K,Health Technology,Pharmaceuticals: Other,87.0,91.0,92.0,89.0,46.2036,44.4893,274.47K,243.80K,990.0,524.05,110.03B,No,863.38,824.51,,837.45,704.07,172
409,GEE.BO,113.75,109.95,11.71K,Producer Manufacturing,Industrial Machinery,87.0,80.0,91.0,87.0,6.75,6.7107,69.02K,41.01K,127.0,53.61,5.91B,No,112.69,101.87,81.84,104.08,82.05,498
410,SUGSLLOYD.BO,163.3,156.9,104.00K,Utilities,Alternative Power Generation,87.0,90.0,76.0,92.0,8.1536,6.8857,65.87K,70.70K,164.5,82.5,3.79B,No,143.6,132.34,114.29,132.67,117.52,227
411,INDNIPPON.NS,1157.5,1136.6,31.62K,Producer Manufacturing,Auto Parts: Oem,87.0,83.0,91.0,89.0,52.3786,51.7857,74.20K,34.50K,1278.2,675.0,26.07B,No,1189.34,1039.99,871.22,1055.76,870.05,499
412,MILEFUR.BO,25.63,25.63,6.00K,Consumer Durables,Home Furnishings,87.0,12.0,14.0,17.0,0.1964,0.0,11.21K,1.20K,31.66,9.5,238.28M,No,27.61,27.23,26.47,27.04,28.18,495
413,ADOR.NS,1484.8,1508.1,22.15K,Producer Manufacturing,Miscellaneous Manufacturing,87.0,85.0,89.0,82.0,81.8786,79.5143,45.44K,113.06K,1597.0,848.0,25.84B,No,1440.22,1297.88,1103.48,1319.38,1116.16,500
414,AERPACE.BO,33.49,35.25,621.36K,Distribution Services,Wholesale Distributors,87.0,86.0,89.0,75.0,2.7764,2.7414,573.66K,1019.19K,39.7,16.7,5.15B,No,33.4,30.21,25.31,30.46,26.39,497
415,HMVL.NS,101.8,104.05,92.76K,Consumer Services,Publishing: Newspapers,87.0,87.0,94.0,84.0,5.2457,5.2071,62.51K,81.79K,107.8,55.2,7.63B,No,93.85,87.75,73.37,89.16,74.27,498
416,ADVAIT.NS,2313.1,2285.3999,49.25K,Producer Manufacturing,Electrical Products,87.0,77.0,73.0,86.0,100.6643,99.8,61.88K,35.85K,2485.0,1351.0,25.30B,No,2237.62,2241.82,,2251.59,,137
417,EFORU.BO,94.99,92.76,44.67K,Distribution Services,Wholesale Distributors,87.0,52.0,86.0,85.0,5.9721,5.9671,5.75K,16.12K,109.0,43.82,567.23M,No,93.71,90.37,78.6,91.12,86.07,497
418,GALAPREC.NS,1137.8,1124.5,60.23K,Producer Manufacturing,Metal Fabrication,87.0,49.0,91.0,89.0,50.8143,50.4286,89.22K,36.36K,1260.0,671.2,14.89B,No,1144.41,1080.44,843.12,1093.88,879.67,476
419,COSMICCRF.BO,1388.95,1401.75,3.40K,Non-Energy Minerals,Steel,87.0,68.0,96.0,71.0,62.5857,55.5,10.57K,6.26K,1500.5,550.0,12.79B,No,1349.74,1205.22,1072.43,1219.83,1021.17,497
420,DIFFNKG.NS,443.25,424.2,787.62K,Producer Manufacturing,Industrial Machinery,87.0,86.0,91.0,92.0,16.4,15.9893,156.04K,65.25K,453.7,216.8,16.48B,No,397.94,382.41,321.39,387.34,316.0,457
421,JAFINANCE.BO,120.0,119.8,0.17K,Finance,Finance/Rental/Leasing,87.0,97.0,90.0,81.0,3.2514,1.2657,0.38K,0.37K,143.99,50.35,1.28B,No,94.12,88.99,79.74,90.87,88.36,497
422,SSWL.NS,309.2,319.95,720.67K,Producer Manufacturing,Auto Parts: Oem,87.0,94.0,92.0,86.0,12.2036,11.9471,1155.80K,1382.28K,328.4,169.0,48.63B,No,285.71,252.36,216.5,259.21,222.0,499
423,3IINFOLTD.NS,25.5,25.09,1726.15K,Technology Services,Information Technology Services,87.0,96.0,92.0,91.0,1.2864,1.2564,621.94K,1776.52K,26.4,12.68,5.42B,No,20.94,18.77,16.83,19.23,16.79,499
424,AZAD.NS,2455.8,2446.8,292.52K,Producer Manufacturing,Metal Fabrication,87.0,76.0,68.0,90.0,90.7571,87.8143,552.71K,524.96K,2530.0,1360.0,158.60B,No,2377.59,2224.55,1833.42,2261.87,1915.51,500
425,ARYAVAN.BO,67.4,68.44,8.24K,Distribution Services,Wholesale Distributors,87.0,94.0,87.0,83.0,4.9993,4.9593,17.08K,17.23K,69.88,34.51,471.39M,No,59.52,53.5,48.95,55.4,53.13,495
426,PREMIERPOL.NS,72.24,72.74,89.83K,Non-Energy Minerals,Forest Products,87.0,89.0,86.0,84.0,5.045,5.0429,330.06K,588.28K,85.45,38.0,7.57B,No,72.64,65.26,53.7,66.47,58.78,499
427,VALIANT.BO,1144.8,1040.75,50.43K,Electronic Technology,Telecommunications Equipment,87.0,79.0,82.0,77.0,63.3821,58.9286,16.33K,13.71K,1304.2,532.2,13.39B,No,1007.47,1098.52,951.23,1088.19,1027.82,497
428,WABAG.NS,1990.7,2002.8,203.69K,Industrial Services,Engineering & Construction,87.0,19.0,88.0,92.0,75.25,70.6357,742.91K,601.69K,2253.5,1033.0,124.25B,No,2032.28,1920.54,1468.62,1956.81,1521.42,500
429,GOELCONS.BO,460.0,463.05,4.80K,Industrial Services,Engineering & Construction,87.0,21.0,91.0,90.0,13.1679,11.1643,20.06K,3.64K,505.5,249.25,6.65B,No,463.53,437.32,342.59,439.42,353.11,226
430,GENUSPRIME.BO,35.99,33.21,25.96K,Industrial Services,Engineering & Construction,87.0,92.0,86.0,94.0,2.1393,2.0471,7.85K,9.20K,36.49,16.3,2.81B,No,30.22,30.57,25.37,31.21,26.91,497
431,GABRIEL.NS,1545.2,1587.7,354.28K,Producer Manufacturing,Auto Parts: Oem,87.0,92.0,89.0,89.0,80.35,75.55,566.50K,913.20K,1585.0,795.7,271.48B,No,1407.15,1254.87,1075.86,1262.41,1066.14,500
432,CMPDI.NS,244.18,243.42,831.93K,Commercial Services,Miscellaneous Commercial Services,87.0,16.0,78.0,,8.9086,8.4493,5431.63K,3264.09K,283.69,150.16,,No,253.23,250.28,,250.69,,91
433,GHCLTEXTIL.NS,118.99,114.96,1005.80K,Process Industries,Textiles,87.0,82.0,87.0,87.0,5.8686,5.765,860.76K,1981.86K,124.9,65.26,11.37B,No,114.28,104.32,85.06,105.76,88.99,499
434,ANTELOPUS.NS,860.4,873.65,138.54K,Energy Minerals,Integrated Oil,87.0,61.0,86.0,87.0,44.7357,43.4786,156.68K,206.11K,933.65,357.0,30.25B,No,846.65,829.91,615.19,833.6,677.43,500
435,WELINV.NS,1851.4,1854.2,0.01K,Finance,Investment Banks/Brokers,87.0,64.0,71.0,84.0,67.8071,66.2571,1.01K,0.12K,1980.0,865.0,6.79B,No,1850.61,1812.83,1457.24,1819.9,1538.99,497
436,MEEIND.BO,415.0,396.65,72.48K,Consumer Non-Durables,Apparel/Footwear,87.0,,,,,,1.43K,1.43K,416.45,281.99,,No,,,,,,8
437,CITIZEN.BO,282.4,288.15,2.50K,Commercial Services,Advertising/Marketing Services,87.0,40.0,79.0,45.0,8.4857,6.7714,1.76K,2.32K,318.45,116.75,3.97B,No,297.66,267.02,268.29,269.83,260.44,499
438,NAVINFLUOR.NS,8441.0,7609.5,3853.49K,Process Industries,Chemicals: Specialty,87.0,86.0,83.0,82.0,282.4643,253.7143,137.53K,130.77K,8775.5,4498.5,443.75B,No,7686.18,7485.56,6497.87,7601.9,6818.2,499
439,BELRISE.NS,244.61,241.49,4082.19K,Producer Manufacturing,Auto Parts: Oem,87.0,72.0,65.0,83.0,6.5429,6.415,4824.02K,4060.65K,252.0,132.5,236.58B,No,234.19,232.46,194.54,232.98,207.41,300
440,DCI.NS,350.9,350.2,27.29K,Electronic Technology,Telecommunications Equipment,87.0,92.0,85.0,88.0,21.9857,21.9393,17.55K,55.14K,475.0,208.98,5.75B,No,293.2,281.63,268.47,288.18,280.61,498
441,PRICOLLTD.NS,761.45,766.7,361.16K,Producer Manufacturing,Auto Parts: Oem,87.0,92.0,83.0,81.0,26.3571,24.7321,871.51K,949.49K,766.7,415.1,,No,660.23,612.23,594.54,620.88,590.97,499
442,GRANDOAK.NS,40.75,39.85,2.15K,Finance,Finance/Rental/Leasing,86.0,3.0,88.0,,2.7329,2.6543,54.73K,11.73K,55.76,24.0,,No,39.71,39.52,,40.71,,76
443,SASKEN.NS,1917.1,1972.2,29.49K,Technology Services,Information Technology Services,86.0,38.0,91.0,87.0,104.6143,85.1,232.15K,35.71K,2780.2,991.0,29.11B,No,1909.13,2100.84,1528.08,2065.77,1574.83,498
444,MANAKSTEEL.NS,86.0,81.34,486.60K,Non-Energy Minerals,Steel,86.0,77.0,88.0,85.0,4.9586,4.8886,33.20K,46.08K,89.47,45.11,5.78B,No,74.58,72.67,64.44,73.62,65.12,499
445,GTECJAINX.NS,30.45,29.0,6.33K,Commercial Services,Miscellaneous Commercial Services,86.0,80.0,94.0,84.0,0.9493,0.6857,29.87K,3.08K,38.35,15.54,306.39M,No,27.92,28.34,23.11,28.74,22.56,497
446,ACMESOLAR.NS,375.45,382.25,1422.97K,Industrial Services,Engineering & Construction,86.0,53.0,85.0,90.0,14.3679,14.2571,2437.80K,2261.86K,398.65,195.9,265.18B,No,373.96,360.9,278.95,363.67,293.56,431
447,UNIVSTAR.BO,195.1,195.1,0.11K,Consumer Non-Durables,Food: Specialty/Candy,86.0,57.0,91.0,91.0,9.3214,8.6571,1.88K,0.88K,219.9,109.6,819.42M,No,197.96,198.9,152.65,200.3,159.79,497
448,SALGUTI.BO,35.23,35.23,0.01K,Process Industries,Textiles,86.0,89.0,79.0,81.0,0.4771,0.3157,0.02K,0.02K,35.23,21.35,265.52M,No,32.56,31.31,27.63,31.66,28.98,495
449,SHARDUL.NS,41.45,43.56,19.99K,Finance,Investment Banks/Brokers,86.0,97.0,88.0,,2.9143,1.46,10.17K,11.39K,60.0,23.05,3.63B,No,46.8,35.76,,36.73,,75
450,MAHESHWARI.NS,73.0,73.0,10.80K,Transportation,Air Freight/Couriers,86.0,51.0,89.0,89.0,1.9064,1.9064,31.35K,21.89K,75.5,39.04,2.16B,No,73.09,71.2,54.14,72.28,55.25,498
451,J&KBANK.NS,160.32,156.46,6457.09K,Finance,Regional Banks,86.0,23.0,75.0,86.0,8.2243,8.1821,5600.65K,8942.52K,201.75,97.35,176.28B,No,172.02,163.01,125.72,165.61,134.87,500
452,LLOYDSME.NS,2072.1,2087.1001,243.32K,Non-Energy Minerals,Steel,86.0,88.0,80.0,93.0,65.0357,63.6929,538.97K,705.12K,2104.0,1042.9,1165.93B,No,1948.57,1836.61,1479.15,1851.66,1554.3,500
453,JATTAINDUS.BO,445.0,421.0,0.06K,Process Industries,Textiles,86.0,66.0,71.0,63.0,23.4107,16.3893,0.23K,0.12K,470.0,201.2,1.95B,No,424.78,417.23,392.17,418.61,415.27,499
454,LAXMIPATI.BO,451.25,475.0,1.00K,Producer Manufacturing,Trucks/Construction/Farm Machinery,86.0,2.0,96.0,82.0,8.275,3.5536,1.91K,0.65K,585.0,209.0,2.60B,No,508.26,416.05,336.71,433.31,331.67,497
455,HIPOLIN.BO,116.45,118.8,2.96K,Consumer Non-Durables,Household/Personal Care,86.0,98.0,60.0,95.0,2.0857,0.2136,0.82K,1.33K,116.93,44.83,364.64M,No,100.26,86.55,71.95,87.53,73.66,497
456,NOVELIX.BO,73.72,70.5,5.38K,Health Technology,Pharmaceuticals: Major,86.0,66.0,89.0,69.0,4.09,3.3579,10.33K,2.97K,92.0,38.0,2.10B,No,69.41,71.96,60.51,72.54,61.92,497
457,GSTL.BO,28.67,27.31,100.00K,Technology Services,Information Technology Services,86.0,77.0,56.0,86.0,1.5714,1.3229,51.91K,18.82K,33.48,13.67,985.38M,No,24.95,24.89,20.46,25.31,22.26,497
458,EMMVEE.NS,329.9,324.6,1564.21K,Electronic Technology,Semiconductors,86.0,39.0,84.0,91.0,11.6357,11.5607,3948.34K,2184.29K,371.55,171.51,227.19B,No,329.55,332.47,,336.12,266.0,181
459,FEDERALBNK.NS,353.35,356.45,3779.56K,Finance,Major Banks,86.0,72.0,80.0,70.0,6.8964,6.2929,11842.92K,5142.82K,371.7,188.4,872.51B,No,349.59,330.1,285.3,334.08,300.55,500
460,AXENTRA.BO,310.75,310.75,0.00K,Finance,Real Estate Development,86.0,38.0,20.0,17.0,0.4464,0.0,0.12K,0.12K,371.85,105.38,6.12B,No,316.07,324.6,344.97,322.85,344.67,497
461,NEULANDLAB.NS,21612.0,19956.0,810.44K,Health Technology,Pharmaceuticals: Major,86.0,83.0,84.0,89.0,761.4286,672.7143,53.81K,30.72K,22490.0,11500.0,277.28B,No,19168.2,18296.84,15778.62,18533.1,15561.37,500
462,COMSYN.NS,209.58,209.72,1179.58K,Process Industries,Containers/Packaging,86.0,74.0,90.0,73.0,17.565,17.5279,673.38K,1709.92K,228.0,128.67,8.45B,No,195.96,178.91,159.97,183.49,166.69,499
463,IKOMA.BO,64.35,62.65,22.67K,Producer Manufacturing,Building Products,86.0,16.0,88.0,96.0,3.6086,3.6036,105.47K,63.73K,85.5,13.81,1.49B,No,66.39,67.16,46.98,67.72,45.25,497
464,OFSS.NS,11735.0,11759.0,225.57K,Technology Services,Packaged Software,86.0,68.0,83.0,86.0,473.9286,458.1429,352.37K,639.50K,11979.0,6234.5,1021.83B,No,11415.8,10694.49,8616.15,10812.0,8826.92,500
465,VAPIENTER.BO,159.2,167.5,0.83K,Finance,Finance/Rental/Leasing,86.0,97.0,93.0,82.0,8.475,6.1929,0.57K,3.22K,171.55,89.55,363.21M,No,131.52,113.8,111.13,118.89,109.98,496
466,CLEANMAX.NS,1357.8,1380.8,224.96K,Utilities,Alternative Power Generation,86.0,71.0,77.0,,73.6643,73.2143,314.66K,213.42K,1536.0,727.1,159.23B,No,1341.67,1308.72,,1320.09,,108
467,RAMCOSYS.NS,626.5,621.7,408.80K,Technology Services,Information Technology Services,86.0,1.0,93.0,78.0,40.0679,31.5821,2405.13K,622.80K,967.5,342.1,23.55B,No,714.46,667.85,541.32,670.4,514.39,500
468,INDERGR.BO,31.0,31.0,0.00K,Finance,Finance/Rental/Leasing,86.0,85.0,88.0,87.0,0.9107,0.5129,0.92K,0.20K,35.44,15.38,149.05M,No,29.16,24.43,25.51,25.12,24.03,498
469,AEROENTER.NS,130.32,132.14,367.93K,Producer Manufacturing,Industrial Machinery,86.0,79.0,78.0,89.0,6.8236,6.7086,1110.81K,503.75K,149.55,62.2,14.75B,No,122.7,120.72,93.26,123.42,97.12,499
470,ASAHISONG.NS,373.7,385.6,21.30K,Process Industries,Chemicals: Specialty,86.0,96.0,91.0,90.0,28.4107,27.5036,47.46K,182.96K,413.95,179.64,4.40B,No,325.25,283.77,252.24,291.73,247.84,499
471,SIMMOND.BO,209.9,219.9,19.22K,Producer Manufacturing,Metal Fabrication,86.0,87.0,66.0,93.0,11.3679,11.3179,10.02K,13.34K,224.55,101.4,2.35B,No,191.28,182.79,153.13,183.95,162.69,496
472,RETAGGIO.BO,48.82,46.5,3.00K,Consumer Durables,Other Consumer Specialties,86.0,5.0,12.0,67.0,1.26,0.6486,12.69K,4.20K,72.68,18.0,967.03M,No,49.94,56.86,45.92,56.09,50.76,330
473,GRANULES.NS,838.75,845.1,326.92K,Health Technology,Pharmaceuticals: Other,86.0,28.0,73.0,84.0,28.5357,28.3857,1246.84K,1123.05K,910.0,434.0,207.84B,No,859.88,818.72,661.9,820.87,696.49,499
474,CRAFTSMAN.NS,10555.0,10408.5,40.82K,Producer Manufacturing,Trucks/Construction/Farm Machinery,86.0,84.0,83.0,83.0,362.1786,349.3929,149.68K,99.42K,10644.0,6277.5,276.06B,No,9597.42,9364.82,7909.09,9427.85,8268.17,498
475,KUBERJI.BO,24.59,23.42,3.98K,Finance,Financial Conglomerates,86.0,97.0,65.0,95.0,1.555,1.1521,12.18K,19.85K,32.23,10.51,84.42M,No,22.25,22.03,17.51,22.06,18.07,497
476,CTCL.BO,250.0,250.0,0.75K,Producer Manufacturing,Metal Fabrication,86.0,91.0,90.0,91.0,10.5714,4.7857,0.45K,0.82K,294.0,140.0,5.81B,No,236.65,231.62,192.97,231.4,200.4,500
477,ATALREAL.NS,34.64,34.56,10823.50K,Consumer Durables,Homebuilding,86.0,91.0,82.0,75.0,0.9971,0.9886,7410.24K,9553.40K,34.89,17.75,4.29B,No,31.51,30.2,26.55,30.86,27.56,498
478,MOBAVENUE.BO,306.0,309.55,46.99K,Technology Services,Packaged Software,86.0,28.0,89.0,80.0,11.0821,10.8821,68.97K,40.93K,343.8,196.9,23.65B,No,309.54,301.11,252.48,305.21,262.78,500
479,ANL.BO,303.5,295.0,3.00K,Health Technology,Biotechnology,85.0,91.0,72.0,,9.0821,5.6714,6.28K,11.00K,303.5,150.1,2.20B,No,276.53,267.16,,268.49,,127
480,SUNSHIEL.BO,1156.45,1170.0,0.38K,Process Industries,Chemicals: Major Diversified,85.0,56.0,89.0,82.0,55.1107,54.2036,4.12K,1.75K,1299.0,721.05,10.17B,No,1181.78,1165.7,958.31,1172.91,951.76,496
481,FUNDVISER.BO,390.0,385.0,2.70K,Finance,Real Estate Investment Trusts,85.0,17.0,17.0,86.0,3.1321,1.5179,0.65K,0.31K,484.4,155.6,2.98B,No,389.23,382.71,314.34,379.44,361.73,497
482,HALDYNGL.NS,132.21,137.5,52.82K,Process Industries,Containers/Packaging,85.0,80.0,80.0,,5.6314,4.905,87.81K,36.66K,134.0,85.0,,No,122.88,120.4,,121.25,,76
483,TINNARUBR.NS,1100.6,1127.8,52.12K,Process Industries,Industrial Specialties,85.0,90.0,88.0,92.0,86.975,82.2536,154.40K,439.14K,1322.0,527.45,19.83B,No,1066.61,960.71,808.21,970.97,785.71,325
484,SAREGAMA.NS,528.0,557.25,1169.07K,Consumer Services,Movies/Entertainment,85.0,87.0,93.0,89.0,25.9893,25.9893,3781.48K,526.61K,561.9,307.05,101.35B,No,507.7,482.03,393.29,488.81,396.08,498
485,AVADHSUGAR.NS,602.9,609.25,100.93K,Process Industries,Agricultural Commodities/Milling,85.0,89.0,76.0,92.0,29.9036,28.6679,30.79K,77.51K,619.85,306.05,12.07B,No,543.64,498.72,427.77,500.86,445.49,499
486,NDLVENTURE.NS,126.06,127.31,1.09K,Consumer Services,Cable/Satellite Tv,85.0,33.0,61.0,83.0,4.1921,4.1914,20.90K,18.69K,140.0,62.21,4.24B,No,127.78,129.54,109.91,129.98,118.66,497
487,BCCFUBA.BO,189.1,184.25,26.87K,Electronic Technology,Electronic Components,85.0,78.0,76.0,80.0,13.2929,12.3929,20.26K,37.99K,228.0,96.25,3.76B,No,189.8,173.61,162.94,177.18,156.62,497
488,DEEPINDS.NS,623.35,643.6,526.33K,Industrial Services,Oilfield Services/Equipment,85.0,96.0,89.0,90.0,32.825,31.2179,488.72K,1435.42K,655.0,330.0,40.13B,No,522.21,500.24,449.01,509.74,447.0,500
489,BHEL.NS,408.15,412.4,5355.05K,Producer Manufacturing,Electrical Products,85.0,71.0,52.0,87.0,9.7143,9.4679,14602.34K,8133.36K,446.5,205.12,1421.20B,No,411.91,402.25,318.51,401.61,334.44,500
490,KALYANKJIL.NS,571.85,569.5,10354.93K,Retail Trade,Specialty Stores,85.0,98.0,92.0,90.0,25.9286,25.8286,23046.48K,25872.15K,648.95,327.05,590.57B,No,575.18,452.64,440.79,469.46,420.65,500
491,PRISMMEDI.BO,28.1,27.74,6.01K,Finance,Financial Conglomerates,85.0,39.0,34.0,90.0,2.6443,2.6443,6.80K,5.13K,34.49,13.02,170.38M,No,28.21,28.3,24.11,28.27,26.42,497
492,MOLDTECH.NS,177.71,166.4,3577.41K,Industrial Services,Engineering & Construction,85.0,98.0,93.0,87.0,11.8721,11.5564,68.46K,166.13K,221.0,101.1,5.72B,No,140.34,132.8,142.29,138.64,131.42,498
493,SUNRAKSHAK.BO,362.0,361.95,2.54K,Process Industries,Textiles,85.0,86.0,75.0,87.0,17.4179,16.3536,13.67K,17.65K,376.95,197.0,11.22B,No,347.71,336.53,268.89,336.62,289.91,497
494,STOVEKRAFT.NS,800.2,756.0,3348.49K,Consumer Durables,Electronics/Appliances,85.0,61.0,92.0,89.0,37.5643,36.9036,224.39K,121.92K,849.8,447.05,26.49B,No,779.28,732.08,605.83,750.92,597.27,498
495,FRUTION.BO,47.0,46.14,0.34K,Finance,Investment Banks/Brokers,85.0,96.0,84.0,63.0,2.165,1.9329,0.76K,1.13K,48.43,26.2,202.95M,No,40.43,34.52,35.23,35.28,35.83,498
496,GANESHBE.NS,120.25,120.98,144.17K,Process Industries,Chemicals: Specialty,85.0,92.0,80.0,90.0,7.6957,7.5986,882.59K,2830.09K,129.99,68.4,8.64B,No,110.79,106.22,89.78,107.93,93.16,499
497,PRADPME.NS,513.6,515.45,4.96K,Producer Manufacturing,Metal Fabrication,85.0,39.0,88.0,,18.8357,18.8357,26.26K,3.71K,596.0,357.05,,No,515.61,509.08,,516.85,,76
498,MARKSANS.NS,272.6,270.65,1244.63K,Health Technology,Pharmaceuticals: Major,85.0,50.0,88.0,89.0,10.4679,9.5071,3123.41K,1498.20K,281.6,155.0,121.86B,No,262.95,258.12,202.1,257.88,207.5,500
499,GYANDEV.BO,55.15,55.15,0.01K,Finance,Real Estate Development,85.0,91.0,90.0,86.0,0.2293,0.0043,1.10K,0.01K,75.64,27.62,165.45M,No,53.67,49.88,41.99,49.62,43.29,497
500,JNKINDIA.NS,423.25,418.8,108.10K,Producer Manufacturing,Building Products,85.0,8.0,77.0,92.0,20.5393,20.0,1291.71K,264.21K,558.0,200.92,23.68B,No,469.45,466.37,318.97,468.74,340.7,499
501,SHRIRAMFIN.NS,1144.3,1122.4,12605.07K,Finance,Finance/Rental/Leasing,85.0,81.0,72.0,58.0,32.4286,31.5571,5969.34K,6877.69K,1153.7,566.5,2684.71B,No,1051.39,1012.41,958.65,1025.07,1002.29,500
502,STEELCAS.NS,337.75,337.0,52.73K,Non-Energy Minerals,Steel,85.0,76.0,77.0,92.0,11.7536,11.75,209.92K,90.96K,344.0,176.02,34.18B,No,312.46,301.24,250.86,305.11,265.98,498
503,TAALTECH.NS,4110.2,3998.8,31.77K,Transportation,Airlines,85.0,65.0,89.0,,124.3,115.9571,2.76K,1.49K,4348.0,2616.1,,No,3942.69,3672.07,,3691.69,,76
504,EXICOM.NS,169.9,166.54,1783.89K,Producer Manufacturing,Electrical Products,85.0,69.0,90.0,91.0,8.22,7.9286,6322.62K,1712.88K,182.9,75.6,23.58B,No,164.69,161.63,123.77,160.4,124.22,500
505,SATIN.NS,232.89,230.91,159.72K,Finance,Finance/Rental/Leasing,85.0,16.0,75.0,84.0,11.9057,11.9057,1235.82K,832.23K,274.14,133.01,25.62B,No,253.34,244.47,180.99,244.3,193.3,499
506,QUESS.NS,315.25,314.5,341.42K,Commercial Services,Personnel Services,85.0,72.0,90.0,86.0,14.5,14.2143,1187.35K,2364.81K,349.5,166.3,47.09B,No,304.3,272.18,222.64,279.39,224.52,500
507,HRMNYCP.BO,97.84,97.84,2.10K,Finance,Financial Conglomerates,85.0,70.0,74.0,75.0,0.0,0.0,0.31K,0.22K,97.84,57.95,1.19B,No,97.14,94.06,82.64,94.61,86.6,497
508,TATVA.NS,1731.1,1720.8,33.84K,Process Industries,Chemicals: Specialty,85.0,97.0,86.0,86.0,108.9286,102.3643,153.58K,334.06K,1838.1,976.4,40.49B,No,1629.1,1368.21,1313.41,1402.58,1271.82,500
509,CHEMBONDCH.NS,231.77,228.51,45.41K,Process Industries,Chemicals: Major Diversified,85.0,29.0,75.0,89.0,14.18,13.6379,17.39K,11.15K,279.8,104.85,6.23B,No,242.04,218.36,169.58,220.23,175.2,259
510,SEAMECLTD.NS,1495.5,1509.7,20.32K,Industrial Services,Oilfield Services/Equipment,85.0,67.0,43.0,63.0,55.2857,54.35,98.86K,43.87K,1709.2,755.0,38.16B,No,1426.16,1475.32,1280.59,1457.89,1424.33,497
511,ISTRNETWK.BO,46.77,46.84,24.69K,Commercial Services,Miscellaneous Commercial Services,85.0,12.0,35.0,25.0,3.0079,2.9829,20.55K,11.81K,72.15,14.76,3.22B,No,47.51,47.82,47.64,48.05,46.27,497
512,MOTHERSON.NS,154.0,154.35,39977.16K,Producer Manufacturing,Auto Parts: Oem,85.0,76.0,80.0,80.0,4.5064,4.3186,22542.97K,14452.32K,157.99,89.7,1632.34B,No,146.9,145.88,125.72,146.92,130.66,500
513,HINDCOPPER.NS,529.75,533.8,19830.17K,Non-Energy Minerals,Other Metals/Minerals,85.0,80.0,41.0,11.0,15.9429,15.1679,4634.56K,3196.71K,760.05,226.7,527.95B,No,493.33,503.12,492.72,504.36,535.55,500
514,ORCHPHARMA.NS,999.35,990.35,49.40K,Health Technology,Pharmaceuticals: Major,85.0,39.0,92.0,83.0,36.3964,36.3214,194.66K,59.41K,1119.8,480.0,50.59B,No,1013.14,962.73,761.33,968.67,741.55,500
515,RSWM.NS,213.39,224.62,118.86K,Process Industries,Textiles,85.0,80.0,85.0,86.0,9.2864,8.6743,175.92K,51.58K,225.29,120.0,10.05B,No,213.84,201.89,163.61,203.76,168.2,499
516,BGWTATO.BO,659.95,684.4,2.10K,Non-Energy Minerals,Steel,84.0,94.0,76.0,76.0,48.9429,42.9214,2.47K,10.71K,733.9,317.5,1.90B,No,609.46,549.12,546.14,561.32,550.29,497
517,SIGIND.NS,70.03,61.4,637.56K,Process Industries,Chemicals: Specialty,84.0,98.0,89.0,85.0,3.7971,3.615,14.44K,36.32K,73.0,40.66,2.06B,No,49.2,48.76,50.31,49.82,48.95,497
518,PFOCUS.NS,291.9,299.7,562.36K,Consumer Services,Movies/Entertainment,84.0,92.0,38.0,75.0,13.7279,13.6336,687.73K,933.07K,367.0,139.04,226.66B,No,286.81,253.07,247.59,257.16,269.25,499
519,NEPHROPLUS.NS,695.8,709.9,49.47K,Health Services,Medical/Nursing Services,84.0,71.0,85.0,77.0,26.6643,26.2,246.01K,180.72K,769.75,446.0,69.97B,No,668.45,677.78,,681.88,596.93,159
520,POWERINDIA.NS,31900.0,32400.0,78.57K,Electronic Technology,Electronic Equipment/Instruments,84.0,43.0,29.0,90.0,975.7143,893.5714,168.75K,120.19K,38785.0,16111.0,1421.86B,No,32125.5,33647.6,26165.24,33290.5,28896.8,500
521,QLL.BO,460.05,468.35,1.20K,Commercial Services,Miscellaneous Commercial Services,84.0,53.0,89.0,82.0,15.1286,12.4571,11.01K,4.84K,505.95,258.55,5.36B,No,452.38,435.66,385.34,437.67,378.02,498
522,GAEL.NS,178.15,174.83,1885.05K,Consumer Non-Durables,Food: Specialty/Candy,84.0,79.0,68.0,73.0,7.8736,7.8579,1385.60K,3545.04K,182.0,101.2,81.51B,No,157.57,158.38,140.06,159.81,149.98,500
523,CAPLIPOINT.NS,2585.8,2541.8,48.10K,Health Technology,Pharmaceuticals: Major,84.0,51.0,90.0,84.0,87.3143,87.0929,195.68K,112.66K,2699.0,1500.3,196.55B,No,2581.25,2454.84,1983.71,2475.64,1996.64,499
524,SWRNASE.BO,99.49,95.0,0.01K,Finance,Financial Conglomerates,84.0,78.0,85.0,64.0,6.0021,4.0907,0.12K,0.32K,105.0,55.6,298.47M,No,92.64,89.16,81.39,90.33,85.35,496
525,REMIEDEL.BO,214.0,212.6,1.75K,Non-Energy Minerals,Steel,84.0,89.0,88.0,89.0,14.1536,14.1321,5.13K,6.86K,222.8,118.4,2.70B,No,192.87,187.04,154.07,188.26,160.96,497
526,UNIMECH.NS,1336.5,1344.7,282.02K,Producer Manufacturing,Industrial Machinery,84.0,87.0,88.0,88.0,61.4857,54.0715,131.65K,79.81K,1392.5,695.0,68.03B,No,1242.04,1165.58,985.48,1195.94,997.41,398
527,BHARATSE.NS,223.47,226.14,131.21K,Producer Manufacturing,Auto Parts: Oem,84.0,27.0,71.0,87.0,11.0093,10.9671,942.64K,331.87K,263.18,104.4,14.03B,No,225.22,208.11,185.65,211.25,185.65,341
528,GLEN.BO,110.0,110.5,174.00K,Process Industries,Containers/Packaging,84.0,98.0,93.0,84.0,5.63,4.8614,37.02K,64.20K,117.9,58.0,2.65B,No,78.99,73.33,75.98,75.41,74.37,264
529,NAHARSPING.NS,326.85,328.95,265.92K,Process Industries,Textiles,84.0,89.0,70.0,93.0,14.075,13.6393,14.76K,28.43K,349.0,149.2,11.79B,No,285.55,271.72,224.94,272.97,236.24,499
530,NATIONALUM.NS,377.45,381.0,4659.70K,Non-Energy Minerals,Aluminum,84.0,73.0,37.0,38.0,9.5143,9.0536,11010.48K,5476.41K,445.15,183.86,693.24B,No,353.66,364.04,349.32,359.8,379.05,500
531,NANTA.BO,419.9,419.9,14.40K,Distribution Services,Wholesale Distributors,84.0,1.0,35.0,83.0,25.4179,20.2464,8.59K,10.56K,651.4,234.0,2.05B,No,467.61,483.01,,488.41,384.14,149
532,RAPID.BO,132.0,132.3,0.80K,Transportation,Air Freight/Couriers,84.0,50.0,35.0,42.0,0.0357,0.0,0.35K,0.08K,147.0,62.0,503.08M,No,132.4,132.4,119.56,132.36,135.42,478
533,RHETAN.NS,32.85,32.29,22349.43K,Non-Energy Minerals,Steel,84.0,91.0,83.0,73.0,1.1664,0.9014,7211.59K,6944.42K,33.39,20.32,26.18B,No,29.45,28.92,26.17,29.02,27.31,215
534,SCHNEIDER.NS,1335.2,1352.5,150.46K,Producer Manufacturing,Electrical Products,84.0,10.0,59.0,94.0,53.4429,50.4286,452.57K,274.08K,1548.0,571.85,319.25B,No,1347.41,1315.75,990.21,1310.67,1086.52,499
535,GLAND.NS,2600.0,2545.1001,503.19K,Health Technology,Pharmaceuticals: Major,84.0,61.0,91.0,82.0,75.1714,73.05,725.03K,403.70K,2626.4,1573.6,430.28B,No,2487.26,2386.27,1946.7,2393.07,2004.51,499
536,NYKAA.NS,331.95,335.35,6078.41K,Retail Trade,Internet Retail,84.0,60.0,83.0,81.0,8.4,8.0786,7448.03K,5050.15K,344.9,200.14,950.99B,No,329.57,305.44,269.98,309.1,275.19,500
537,CRAZY.BO,64.8,64.8,9.00K,Consumer Non-Durables,Food: Specialty/Candy,84.0,,,,4.2029,3.395,200.86K,25.50K,70.0,42.47,1.46B,No,57.82,,,,,25
538,ABB.NS,7735.0,7690.5,159.58K,Producer Manufacturing,Electrical Products,84.0,83.0,65.0,81.0,217.2857,217.2857,436.62K,415.67K,7924.5,4637.5,1639.11B,No,7377.77,7163.71,6147.51,7186.65,6581.68,500
539,KAMDHENU.NS,34.89,34.61,294.79K,Non-Energy Minerals,Steel,84.0,81.0,90.0,89.0,1.7314,1.6779,1612.28K,809.03K,37.06,16.15,9.88B,No,34.1,30.82,25.5,31.46,25.36,500
540,GOLDIAM.NS,376.2,362.15,1208.94K,Consumer Durables,Other Consumer Specialties,84.0,87.0,81.0,88.0,15.5607,15.2714,1441.42K,876.24K,393.65,198.75,56.64B,No,358.01,345.51,288.55,356.49,295.1,500
541,JAIPAN.BO,38.0,37.57,2.97K,Consumer Durables,Electronics/Appliances,84.0,89.0,91.0,84.0,2.3907,2.28,24.41K,33.20K,45.0,22.5,231.79M,No,35.29,30.75,28.35,31.57,28.27,497
542,AMBALALSA.NS,43.7,42.9,334.56K,Health Technology,Pharmaceuticals: Major,84.0,95.0,90.0,,2.6579,2.63,96.42K,165.00K,44.72,30.15,3.35B,No,33.71,33.21,,33.61,,76
543,ORBTEXP.NS,249.94,249.93,94.04K,Process Industries,Textiles,84.0,76.0,93.0,83.0,10.385,10.3636,35.56K,12.69K,265.0,135.0,6.63B,No,236.18,221.08,190.81,224.31,185.88,498
544,BLACKROSE.NS,114.42,115.3,8.91K,Distribution Services,Wholesale Distributors,84.0,62.0,85.0,,5.0186,4.4164,68.89K,19.56K,129.9,80.05,,No,104.87,104.07,,104.84,,76
545,RACHIT.BO,190.0,200.0,1.00K,Consumer Non-Durables,Apparel/Footwear,84.0,14.0,68.0,85.0,4.7,2.6214,8.02K,3.50K,222.1,83.35,938.05M,No,203.31,200.64,152.65,202.93,160.66,228
546,SIZEMASTER.BO,256.95,285.15,4.44K,Producer Manufacturing,Miscellaneous Manufacturing,84.0,1.0,3.0,70.0,22.0143,16.1107,0.30K,0.05K,415.0,119.95,2.57B,No,329.23,350.42,272.37,343.59,319.75,496
547,SHAWGELTIN.BO,505.75,501.7,4.94K,Consumer Non-Durables,Food: Specialty/Candy,84.0,49.0,76.0,84.0,15.0143,14.5321,13.28K,5.57K,530.0,327.3,3.06B,No,501.41,492.75,395.96,493.58,414.8,496
548,RANEHOLDIN.NS,1761.6,1841.0,21.82K,Producer Manufacturing,Auto Parts: Oem,84.0,49.0,93.0,79.0,57.3929,55.6786,46.50K,16.33K,1888.0,981.0,25.15B,No,1764.87,1652.97,1385.93,1674.31,1369.26,500
549,SHHARICH.BO,171.9,164.2,20.33K,Process Industries,Chemicals: Specialty,84.0,97.0,86.0,77.0,7.8607,7.5464,1.80K,1.04K,174.0,87.65,1.09B,No,134.89,119.84,114.18,122.82,113.73,496
550,TIRTPLS.BO,26.23,26.0,5.37K,Process Industries,Containers/Packaging,84.0,8.0,32.0,27.0,2.1629,2.0786,4.85K,1.44K,37.3,12.11,116.74M,No,28.79,29.13,23.48,28.91,27.32,496
551,BENCHMARK.BO,36.18,34.46,4.00K,Technology Services,Information Technology Services,83.0,3.0,92.0,78.0,1.0814,0.1764,9.31K,5.80K,47.88,18.0,248.34M,No,40.66,39.19,29.68,39.14,29.56,497
552,RSCINT.BO,52.82,51.82,7.39K,Process Industries,Chemicals: Specialty,83.0,97.0,96.0,12.0,1.1186,0.455,8.87K,6.52K,65.75,22.42,303.70M,No,44.2,34.68,43.95,36.12,37.06,497
553,AMANTA.NS,169.54,173.0,7.36K,Health Technology,Pharmaceuticals: Major,83.0,9.0,84.0,89.0,3.2157,2.0857,234.77K,29.66K,189.0,92.0,6.58B,No,167.85,158.16,124.54,161.39,128.95,225
554,ZIMLAB.NS,115.15,114.46,78.57K,Health Technology,Pharmaceuticals: Generic,83.0,46.0,85.0,89.0,3.7779,3.2207,76.13K,23.83K,133.9,59.31,6.17B,No,116.83,115.84,85.48,117.22,91.22,498
555,SHALPAINTS.NS,88.17,86.19,763.62K,Process Industries,Industrial Specialties,83.0,98.0,95.0,79.0,7.3471,7.2514,242.89K,1149.41K,89.5,35.21,7.38B,No,64.59,56.81,59.04,58.28,54.98,499
556,RAJSEC.BO,53.85,54.03,37.21K,Utilities,Gas Distributors,83.0,16.0,79.0,89.0,0.3121,0.2464,210.12K,29.08K,66.99,29.0,4.14B,No,54.61,51.98,44.3,52.45,44.93,497
557,ANANDRATHI.NS,2071.5,2037.6,560.79K,Finance,Investment Managers,83.0,43.0,75.0,83.0,44.3357,43.8571,611.05K,156.37K,2176.2,1270.0,343.95B,No,2068.2,1950.64,1675.99,1978.71,1744.93,500
558,BTTL.NS,45.53,47.65,5.40K,Process Industries,Textiles,83.0,5.0,88.0,,2.5021,2.46,59.15K,7.86K,58.23,30.0,2.66B,No,50.1,44.15,,45.4,,75
559,KRN.NS,1220.0,1213.7,43.49K,Producer Manufacturing,Industrial Machinery,83.0,44.0,29.0,93.0,41.3572,41.3143,201.09K,63.73K,1405.0,589.8,79.51B,No,1228.93,1215.02,966.86,1222.28,1044.57,460
560,RACLGEAR.NS,1475.0,1393.1,195.84K,Producer Manufacturing,Auto Parts: Oem,83.0,85.0,71.0,84.0,59.1,59.1,30.82K,23.19K,1691.9,805.0,17.42B,No,1326.93,1315.49,1215.96,1320.2,1272.21,414
561,THYROCARE.NS,598.05,600.0,179.63K,Health Services,Medical/Nursing Services,83.0,82.0,85.0,82.0,24.9893,24.1857,859.52K,2007.87K,617.45,342.55,95.19B,No,561.77,545.11,460.2,543.36,455.68,500
562,ARCHITORG.BO,60.95,61.06,18.88K,Process Industries,Chemicals: Specialty,83.0,73.0,76.0,86.0,2.1964,2.1664,21.59K,8.89K,64.6,34.0,1.25B,No,56.85,56.24,46.62,56.26,47.88,497
563,JGCHEM.NS,544.6,548.25,454.96K,Process Industries,Chemicals: Specialty,83.0,92.0,86.0,91.0,26.1857,25.8464,171.28K,279.09K,560.0,298.4,21.14B,No,487.64,452.18,392.92,457.39,395.4,499
564,AIAENG.NS,4795.4,4646.6001,82.55K,Producer Manufacturing,Industrial Machinery,83.0,53.0,80.0,68.0,133.4929,133.4929,101.03K,53.90K,5180.0,3001.1,,No,4667.53,4664.89,4012.81,4653.62,4121.88,498
565,ADCINDIA.BO,2109.65,2086.8999,1.54K,Electronic Technology,Telecommunications Equipment,83.0,14.0,60.0,87.0,100.8535,98.8142,4.13K,0.98K,2678.35,1150.25,9.70B,No,2222.11,2310.02,1690.01,2300.69,1803.79,497
566,PARACABLES.NS,66.05,64.36,1585.12K,Producer Manufacturing,Electrical Products,83.0,48.0,91.0,94.0,2.4907,2.4121,4013.47K,1102.23K,75.7,28.3,21.61B,No,64.51,66.33,46.21,66.98,48.91,500
567,REGENCY.BO,45.39,44.34,128.16K,Finance,Investment Banks/Brokers,83.0,86.0,85.0,87.0,2.5793,2.5457,166.38K,280.03K,48.0,22.71,3.64B,No,43.0,39.34,34.15,39.93,33.28,497
568,JUMBO.BO,91.85,93.4,9.79K,Process Industries,Containers/Packaging,83.0,98.0,92.0,82.0,6.6914,6.4957,7.62K,27.58K,105.0,49.06,769.12M,No,73.92,63.94,66.52,65.5,62.0,497
569,AKUMS.NS,662.55,666.1,99.69K,Health Technology,Biotechnology,83.0,51.0,81.0,85.0,18.7536,17.9964,338.22K,193.19K,714.7,409.3,101.44B,No,678.12,630.33,511.25,639.26,540.31,497
570,MINDACORP.NS,720.05,723.0,155.95K,Producer Manufacturing,Auto Parts: Oem,83.0,62.0,88.0,74.0,20.0607,19.8072,550.66K,269.96K,735.9,445.05,168.73B,No,692.16,673.93,587.72,677.87,588.58,499
571,PANACHE.NS,442.85,440.0,11.71K,Electronic Technology,Computer Peripherals,83.0,66.0,87.0,87.0,23.5107,23.05,18.85K,5.86K,472.15,237.05,6.74B,No,433.62,411.77,360.03,415.57,350.68,498
572,PAUSHAKLTD.NS,691.7,712.55,43.26K,Process Industries,Chemicals: Major Diversified,83.0,94.0,89.0,81.0,40.7036,39.1321,32.28K,89.84K,719.3,342.5,17.06B,No,595.85,531.37,,544.07,490.43,171
573,MAYURUNIQ.NS,793.0,768.95,655.93K,Process Industries,Textiles,83.0,9.0,86.0,85.0,35.2643,35.0929,301.89K,76.81K,907.0,471.2,33.63B,No,795.76,801.4,604.54,795.74,640.83,498
574,AGRIBIO.BO,315.05,317.3,7.85K,Distribution Services,Wholesale Distributors,83.0,62.0,68.0,79.0,8.0036,7.9821,12.90K,15.92K,329.0,182.0,3.43B,No,318.92,305.04,260.86,306.85,279.23,497
575,PPAP.NS,311.85,297.0,21.17K,Producer Manufacturing,Auto Parts: Oem,83.0,90.0,92.0,88.0,15.4286,15.0171,176.90K,20.40K,379.5,176.0,4.42B,No,301.71,261.83,229.29,270.27,227.27,498
576,UJJIVANSFB.NS,72.05,69.59,16051.15K,Finance,Regional Banks,83.0,89.0,75.0,56.0,2.9493,2.8929,18617.51K,38490.66K,73.29,41.32,140.20B,No,68.31,61.33,57.62,62.58,59.51,500
577,EXIDEIND.NS,472.8,467.0,4895.50K,Producer Manufacturing,Auto Parts: Oem,83.0,80.0,87.0,84.0,17.7857,17.7464,4777.45K,8507.08K,479.4,287.0,403.11B,No,439.33,413.41,364.51,420.53,361.57,500
578,PIRAMALFIN.NS,2109.7,2136.6001,121.20K,Finance,Finance/Rental/Leasing,83.0,37.0,70.0,68.0,68.7643,68.45,363.89K,243.90K,2220.0,1260.0,476.80B,No,2109.82,2078.37,,2097.82,1914.18,188
579,SKMEGGPROD.NS,237.19,230.74,820.10K,Process Industries,Agricultural Commodities/Milling,83.0,2.0,88.0,67.0,19.7236,19.5164,1324.60K,986.70K,372.0,143.1,,No,296.28,275.96,208.01,276.64,208.0,500
580,CNCRD.BO,2549.35,2655.1001,4.55K,Electronic Technology,Electronic Equipment/Instruments,83.0,9.0,46.0,51.0,105.6321,99.1428,9.57K,7.71K,3069.85,1000.62,25.80B,No,2572.42,2727.97,2441.87,2721.59,2519.87,498
581,SRMENERGY.BO,23.08,21.99,14.11K,Utilities,Electric Utilities,83.0,11.0,80.0,87.0,2.0536,1.9693,10.08K,9.23K,30.07,10.09,209.10M,No,23.28,21.55,20.06,22.06,19.41,497
582,NEOGEN.NS,2039.8,2012.8,69.37K,Process Industries,Chemicals: Specialty,83.0,59.0,78.0,90.0,97.9857,95.6714,135.13K,158.95K,2374.0,966.7,55.63B,No,2103.8,2009.98,1513.14,2009.05,1623.52,500
583,PAJSON.BO,200.0,200.0,0.60K,Consumer Non-Durables,Food: Specialty/Candy,83.0,82.0,76.0,73.0,4.8821,4.2286,8.44K,8.22K,255.0,120.05,4.76B,No,185.0,184.88,,183.64,187.19,157
584,ELANTAS.NS,12338.0,11847.5,29.25K,Process Industries,Industrial Specialties,83.0,95.0,86.0,,485.3214,397.4643,1.13K,0.54K,13200.0,8900.0,97.81B,No,9720.35,9893.14,,10063.75,,76
585,RBA.NS,90.25,87.74,50116.20K,Consumer Services,Restaurants,83.0,92.0,88.0,82.0,3.8457,3.2843,6523.80K,3479.79K,91.8,57.15,64.23B,No,70.96,72.08,66.46,72.84,67.03,499
586,TARSONS.NS,317.5,328.05,127.80K,Process Industries,Containers/Packaging,83.0,82.0,92.0,90.0,15.9464,15.0429,906.18K,838.17K,379.95,164.45,16.89B,No,309.94,269.35,231.57,275.43,226.38,499
587,ABCAPITAL.NS,421.5,424.7,2146.98K,Finance,Multi-Line Insurance,83.0,74.0,74.0,71.0,11.1679,10.4536,4175.12K,4926.57K,430.7,267.0,1153.29B,No,404.79,386.59,352.4,391.3,356.57,500
588,RPPL.NS,25.38,23.6,652.15K,Process Industries,Containers/Packaging,83.0,89.0,93.0,88.0,1.5614,1.5036,133.84K,73.40K,25.74,14.25,1.86B,No,22.06,20.76,18.16,21.16,18.04,499
589,JJFINCOR.BO,53.15,55.77,0.83K,Finance,Finance/Rental/Leasing,82.0,85.0,86.0,71.0,2.4043,1.4407,2.38K,0.37K,78.7,30.27,149.88M,No,55.72,50.12,47.41,50.32,51.15,497
590,CITIPOR.BO,43.5,42.0,0.00K,Finance,Finance/Rental/Leasing,82.0,89.0,53.0,29.0,0.895,0.2371,0.14K,0.13K,52.94,17.5,134.85M,No,37.56,37.84,34.96,38.15,39.49,497
591,GSBFIN.BO,45.28,44.0,1.87K,Finance,Investment Banks/Brokers,82.0,95.0,80.0,75.0,2.9236,2.7879,7.79K,2.16K,50.99,25.21,267.00M,No,44.38,38.2,36.15,39.41,36.59,497
592,ACEMEN.BO,110.25,106.05,51.78K,Distribution Services,Wholesale Distributors,82.0,85.0,79.0,59.0,6.3679,6.3379,4.59K,22.97K,110.9,59.0,1.42B,No,98.8,97.73,96.89,98.96,98.59,497
593,KECL.NS,152.34,150.21,755.88K,Producer Manufacturing,Electrical Products,82.0,95.0,75.0,92.0,8.7807,8.5121,99.41K,264.13K,155.0,75.47,10.12B,No,130.11,117.94,106.98,118.99,106.63,500
594,CENTENKA.NS,602.7,612.95,68.93K,Process Industries,Chemicals: Specialty,82.0,88.0,89.0,81.0,27.7036,26.8786,197.19K,608.73K,671.65,371.2,13.17B,No,573.65,536.73,464.81,545.06,472.63,499
595,VIYASH.NS,272.65,273.8,1335.48K,Health Technology,Pharmaceuticals: Major,82.0,44.0,83.0,78.0,8.5107,8.1571,2558.88K,1315.12K,298.0,167.1,119.00B,No,265.4,264.45,224.69,264.55,228.19,500
596,INDORAMA.NS,60.55,62.84,398.36K,Process Industries,Textiles,82.0,94.0,94.0,81.0,3.5443,3.4829,351.51K,602.34K,75.0,29.0,15.76B,No,52.82,48.44,45.08,49.65,41.39,500
597,CORONA.NS,2045.5,2096.7,44.12K,Health Technology,Pharmaceuticals: Major,82.0,56.0,78.0,81.0,82.0428,79.3214,48.99K,40.81K,2210.0,1336.6,,No,2076.45,1935.63,,1961.54,1716.25,161
598,JAMNAAUTO.NS,144.33,143.27,1527.76K,Producer Manufacturing,Auto Parts: Oem,82.0,73.0,69.0,63.0,4.2407,4.1471,2325.18K,1821.91K,152.6,87.75,57.73B,No,134.79,131.11,123.6,132.15,127.82,500
599,EQUIPPP.NS,23.0,23.92,0.47K,Technology Services,Internet Software/Services,82.0,66.0,91.0,78.0,1.2421,1.2421,28.51K,52.85K,25.89,13.85,2.37B,No,23.89,21.46,19.01,21.74,18.59,499
600,MENNPIS.NS,76.27,74.17,190.10K,Producer Manufacturing,Auto Parts: Oem,82.0,72.0,86.0,,4.5207,4.4771,112.28K,134.13K,82.0,52.35,,No,73.01,66.15,,66.92,,76
601,SHILINDORE.BO,1184.65,1195.5,0.00K,Consumer Services,Hotels/Resorts/Cruise Lines,82.0,10.0,87.0,82.0,14.6464,10.2143,3.51K,0.01K,1430.0,702.05,3.61B,No,1324.05,1222.54,944.27,1238.26,1007.39,495
602,NELCO.NS,987.6,995.1,100.39K,Electronic Technology,Electronic Production Equipment,82.0,78.0,89.0,85.0,46.0143,45.6393,467.82K,531.96K,1026.0,500.1,22.54B,No,931.92,859.31,743.77,884.28,720.58,500
603,AFLTD.BO,58.95,58.0,6.00K,Producer Manufacturing,Auto Parts: Oem,82.0,75.0,,,1.6829,0.7129,66.59K,32.10K,69.5,40.85,796.74M,No,58.42,52.03,,52.98,,50
604,SHIVAUM.NS,419.8,424.75,2.58K,Producer Manufacturing,Metal Fabrication,82.0,30.0,81.0,77.0,23.225,22.4786,12.73K,17.41K,474.0,275.0,5.71B,No,416.1,388.4,328.63,398.02,345.16,497
605,CGCL.NS,241.07,238.3,4518.77K,Finance,Finance/Rental/Leasing,82.0,47.0,81.0,80.0,10.5821,10.2643,4381.42K,4685.54K,264.53,151.1,231.95B,No,242.64,226.93,193.27,230.36,194.99,500
606,WOCKPHARMA.NS,1975.0,2006.1,577.43K,Health Technology,Pharmaceuticals: Major,82.0,72.0,81.0,83.0,57.8215,56.8643,1785.97K,543.48K,2422.3,1086.7,320.92B,No,1906.79,1935.47,1522.16,1927.4,1580.64,500
607,ALPINEHOU.BO,141.9,139.9,2.71K,Consumer Durables,Homebuilding,82.0,97.0,94.0,84.0,9.4757,9.0757,3.55K,6.78K,159.0,74.12,2.46B,No,125.6,106.89,104.65,109.46,96.74,497
608,CARYSIL.NS,1213.9,1191.1,87.86K,Consumer Durables,Home Furnishings,82.0,77.0,85.0,86.0,36.8214,35.7286,166.80K,57.05K,1280.9,732.1,34.53B,No,1174.4,1162.4,968.3,1167.98,978.04,500
609,ONIDA.NS,36.98,37.52,218.61K,Electronic Technology,Telecommunications Equipment,82.0,4.0,33.0,71.0,1.6207,1.6193,1810.82K,247.79K,49.23,15.85,13.66B,No,38.82,39.81,32.39,39.94,34.67,500
610,WEWORK.NS,748.2,747.7,1029.14K,Finance,Real Estate Development,82.0,63.0,90.0,77.0,30.9357,30.3679,537.49K,251.96K,794.5,420.0,103.69B,No,720.79,682.8,591.16,689.33,580.27,204
611,VEGA.BO,61.95,61.95,0.04K,Distribution Services,Wholesale Distributors,82.0,51.0,44.0,39.0,0.0,0.0,0.08K,0.10K,62.45,36.04,3.15B,No,61.95,61.95,55.2,61.95,62.04,498
612,PREMEXPLN.NS,664.65,660.85,245.25K,Process Industries,Chemicals: Specialty,82.0,25.0,79.0,76.0,12.7536,12.6607,1183.66K,337.30K,829.8,378.4,35.75B,No,665.51,700.44,566.47,701.96,569.38,500
613,BIMETAL.NS,660.15,647.05,0.17K,Producer Manufacturing,Auto Parts: Oem,82.0,37.0,69.0,,29.5357,29.3286,1.24K,0.64K,750.75,470.9,2.53B,No,663.48,651.39,,655.76,,81
614,KRISHNACAP.BO,43.6,43.6,5.58K,Finance,Investment Banks/Brokers,82.0,3.0,6.0,92.0,0.6893,0.5079,3.61K,4.46K,59.27,18.16,137.71M,No,48.64,54.04,37.26,53.27,42.35,496
615,ALIVUS.NS,1325.2,1331.0,167.65K,Health Technology,Pharmaceuticals: Major,82.0,86.0,79.0,80.0,51.0,48.55,101.11K,77.38K,1377.9,819.0,162.65B,No,1169.3,1117.65,992.36,1129.43,1031.36,499
616,SANGAMIND.NS,615.5,612.55,43.20K,Process Industries,Textiles,82.0,83.0,77.0,80.0,22.4714,22.4714,120.34K,33.23K,672.5,341.55,30.35B,No,612.07,566.22,486.31,574.98,502.81,497
617,ASTERDM.NS,844.45,842.1,2438.80K,Health Services,Hospital/Nursing Management,82.0,72.0,75.0,86.0,25.425,25.3964,661.98K,507.04K,874.0,519.1,736.08B,No,814.88,791.33,689.03,802.17,707.56,500
618,GALADAFIN.BO,39.9,40.09,0.03K,Finance,Financial Conglomerates,82.0,83.0,71.0,72.0,1.055,0.7936,0.25K,0.55K,42.45,19.7,119.70M,No,38.8,32.35,30.65,32.76,30.85,497
619,IL&FSENGG.NS,34.81,35.0,59.66K,Industrial Services,Engineering & Construction,82.0,92.0,85.0,88.0,1.7686,1.5129,26.84K,40.53K,37.3,21.0,4.66B,No,31.23,30.2,27.14,30.94,27.35,498
620,JINDALSAW.NS,265.75,265.6,1147.81K,Non-Energy Minerals,Steel,82.0,50.0,68.0,85.0,7.35,7.1357,2073.72K,996.55K,278.95,153.0,169.45B,No,261.87,256.41,205.5,259.44,220.7,500
621,VALSONQ.BO,34.5,35.79,22.47K,Process Industries,Textiles,82.0,49.0,87.0,80.0,3.6671,3.6314,5.20K,3.10K,42.0,23.58,264.30M,No,34.18,32.94,29.26,33.9,30.28,497
622,KHAITANLTD.NS,158.0,155.3,13.68K,Consumer Durables,Electronics/Appliances,82.0,90.0,80.0,90.0,8.1957,7.7386,2.75K,5.91K,162.4,85.0,793.31M,No,134.24,132.66,114.46,133.35,116.99,498
623,GOCLCORP.NS,411.75,412.35,12.75K,Process Industries,Industrial Specialties,82.0,59.0,84.0,87.0,10.5143,10.3321,139.11K,52.72K,459.9,223.35,20.41B,No,400.57,404.04,322.15,408.26,325.68,499
624,IMFA.NS,1524.3,1489.9,388.70K,Non-Energy Minerals,Other Metals/Minerals,82.0,80.0,57.0,76.0,55.6143,54.2572,159.41K,127.74K,1679.9,700.05,81.48B,No,1398.92,1398.19,1345.82,1408.95,1360.49,500
625,TRITONV.BO,1057.8,1040.55,1.07K,Consumer Durables,Automotive Aftermarket,82.0,19.0,56.0,87.0,52.1893,48.6214,4.49K,4.94K,1250.2,650.0,5.42B,No,1050.5,1063.52,870.7,1067.89,931.2,498
626,ALCHCORP.BO,33.54,33.54,1.37K,Distribution Services,Wholesale Distributors,81.0,70.0,74.0,74.0,0.0,0.0,0.38K,0.19K,33.54,22.73,164.83M,No,33.3,32.25,28.34,32.43,29.69,497
627,QMSMEDI.NS,114.51,111.82,18.71K,Distribution Services,Medical Distributors,81.0,76.0,86.0,76.0,5.715,5.6507,16.76K,18.67K,118.7,68.95,2.07B,No,111.16,103.3,92.1,105.52,91.16,499
628,SHAMROIN.BO,24.73,24.73,2.41K,Health Technology,Pharmaceuticals: Major,81.0,68.0,74.0,73.0,0.0,0.0,0.45K,0.49K,24.73,16.77,134.24M,No,24.5,23.73,20.86,23.92,21.9,496
629,MSAFE.BO,202.0,194.0,20.00K,Producer Manufacturing,Building Products,81.0,59.0,92.0,,9.3393,8.6143,77.15K,21.10K,218.85,102.0,4.12B,No,189.65,179.79,,179.97,,126
630,OMAXAUTO.NS,192.6,190.44,54.80K,Producer Manufacturing,Auto Parts: Oem,81.0,5.0,15.0,89.0,12.4414,10.5171,89.33K,75.56K,263.4,84.5,4.13B,No,216.81,224.38,144.86,222.29,161.55,499
631,BAIKAKAJI.BO,238.8,245.9,18.00K,Process Industries,Containers/Packaging,81.0,94.0,87.0,67.0,10.9929,9.7321,72.09K,194.76K,265.0,143.1,5.11B,No,207.34,195.6,,199.7,189.33,149
632,MSTCLTD.NS,607.95,601.9,76.85K,Retail Trade,Internet Retail,81.0,12.0,88.0,77.0,21.8857,21.4893,1371.86K,221.06K,743.9,362.15,42.80B,No,616.08,617.13,504.4,623.26,501.63,500
633,DYNAMATECH.NS,11420.0,10993.0,20.38K,Producer Manufacturing,Industrial Machinery,81.0,71.0,30.0,76.0,327.0,325.2143,17.65K,9.62K,12875.0,6320.0,77.44B,No,10485.95,10480.36,9830.93,10535.5,10219.73,499
634,NAGPI.BO,166.95,157.25,4.00K,Electronic Technology,Electronic Equipment/Instruments,81.0,82.0,68.0,63.0,9.3607,8.55,3.37K,5.40K,177.0,80.16,2.19B,No,148.24,145.67,135.68,147.29,149.96,497
635,YUG.BO,23.0,23.0,36.23K,Process Industries,Industrial Specialties,81.0,5.0,95.0,57.0,0.1693,0.0,3.99K,5.69K,33.0,11.33,372.22M,No,24.63,23.18,20.41,24.28,18.63,496
636,MANAPPURAM.NS,364.05,363.6,3872.87K,Finance,Finance/Rental/Leasing,81.0,75.0,75.0,75.0,11.725,11.275,4070.57K,6906.84K,381.55,245.15,341.92B,No,350.27,330.8,298.92,333.43,303.4,500
637,TELECANOR.BO,25.1,24.18,20.52K,Technology Services,Packaged Software,81.0,11.0,6.0,7.0,1.7829,1.6943,40.44K,23.55K,48.5,7.26,384.55M,No,24.38,21.29,28.45,21.93,30.51,496
638,EMCURE.NS,1942.4,1959.0,270.21K,Health Technology,Pharmaceuticals: Major,81.0,69.0,77.0,77.0,60.45,59.4571,184.86K,158.34K,1999.0,1260.0,367.35B,No,1882.73,1819.81,1581.63,1836.37,1656.48,499
639,ASIANENE.NS,391.65,402.0,259.56K,Energy Minerals,Oil & Gas Production,81.0,91.0,88.0,86.0,17.45,16.9643,524.37K,525.38K,418.0,230.0,19.03B,No,372.51,363.41,312.23,365.25,315.43,500
640,SGRL.BO,652.85,646.0,6.07K,Health Technology,Pharmaceuticals: Major,81.0,52.0,89.0,88.0,36.0679,35.3714,12.34K,5.85K,759.0,381.1,8.38B,No,651.17,646.72,523.03,661.71,557.32,496
641,NUTRICIRCLE.BO,270.95,273.75,0.00K,Health Technology,Pharmaceuticals: Generic,81.0,30.0,44.0,4.0,0.8036,0.0,0.03K,0.10K,411.4,110.15,2.71B,No,279.93,285.76,314.44,284.5,329.8,497
642,AARVI.NS,155.87,156.36,26.55K,Commercial Services,Personnel Services,81.0,79.0,82.0,68.0,8.1879,8.1793,49.56K,52.31K,168.4,96.99,2.31B,No,154.59,145.64,131.61,147.85,134.51,498
643,CARGOSOL.BO,25.9,25.9,4.00K,Transportation,Air Freight/Couriers,81.0,88.0,90.0,37.0,0.1464,0.0,3.41K,1.60K,28.8,15.3,264.18M,No,25.92,21.96,23.46,22.83,22.21,497
644,ACEALPHA.BO,139.0,135.05,6.00K,Technology Services,Packaged Software,81.0,89.0,72.0,89.0,3.0893,2.8607,12.20K,13.30K,141.05,80.05,2.44B,No,129.73,124.26,105.37,125.96,107.89,273
645,HEXAGON.NS,65.0,66.56,172.00K,Health Technology,Pharmaceuticals: Major,81.0,37.0,,,3.2286,3.2207,2686.88K,477.94K,78.25,48.1,,No,68.05,,,,,40
646,SUPRIYA.NS,890.85,913.6,468.49K,Health Technology,Pharmaceuticals: Major,81.0,76.0,87.0,79.0,33.2071,32.6964,564.25K,166.42K,1085.0,545.5,71.70B,No,858.87,907.85,751.86,905.87,753.75,498
647,SOUTHBANK.NS,47.43,46.92,10022.60K,Finance,Major Banks,81.0,71.0,73.0,73.0,1.2357,1.1986,18346.09K,14287.38K,49.9,28.11,124.18B,No,46.56,45.88,41.14,46.15,41.86,500
648,ECOBOAR.BO,55.53,56.9,8.78K,Non-Energy Minerals,Forest Products,81.0,59.0,12.0,48.0,2.4964,2.4814,8.33K,4.61K,77.8,26.5,1.49B,No,54.82,56.39,53.31,55.95,58.89,497
649,RAMRAT.NS,467.15,436.85,941.53K,Producer Manufacturing,Electrical Products,81.0,81.0,57.0,88.0,22.25,21.9,255.94K,296.32K,520.0,268.0,43.61B,No,429.54,411.61,353.7,413.74,370.42,499
650,VARROC.NS,737.85,717.6,795.92K,Producer Manufacturing,Auto Parts: Oem,81.0,84.0,87.0,74.0,22.8429,22.5536,142.22K,148.11K,757.45,462.0,112.74B,No,666.89,632.78,588.39,641.34,571.69,499
651,ATMAIND.BO,178.25,178.25,0.01K,Distribution Services,Wholesale Distributors,81.0,70.0,74.0,73.0,1.1607,1.1607,0.01K,0.01K,178.25,122.1,409.98M,No,174.87,170.58,150.19,171.56,157.61,497
652,KESAR.BO,1259.9,1259.85,12.00K,Finance,Real Estate Development,81.0,54.0,54.0,50.0,30.075,27.6679,20.95K,59.40K,1297.0,610.05,39.37B,No,1258.26,1246.71,1136.85,1245.95,1209.54,497
653,SPAL.NS,1014.5,1052.2,63.53K,Consumer Non-Durables,Apparel/Footwear,81.0,5.0,83.0,85.0,57.9572,57.9572,288.64K,75.35K,1221.9,600.0,25.50B,No,1029.64,986.95,795.08,1000.92,821.84,499
654,PROGREXV.BO,32.45,32.45,1.74K,Energy Minerals,Oil Refining/Marketing,81.0,70.0,73.0,74.0,0.1157,0.1157,0.35K,0.31K,32.45,21.48,116.96M,No,32.22,31.27,27.38,31.44,28.79,497
655,RATNAVEER.NS,205.61,203.25,5914.21K,Non-Energy Minerals,Steel,81.0,82.0,76.0,78.0,12.4364,11.8829,3814.34K,13234.17K,213.69,130.5,14.69B,No,185.87,179.09,160.35,180.25,161.99,499
656,KAHAN.BO,63.07,60.07,3.20K,Consumer Durables,Home Furnishings,81.0,97.0,94.0,65.0,2.8679,0.3564,4.04K,3.84K,84.31,37.5,171.55M,No,66.86,51.19,50.1,52.21,47.35,499
657,EMAMIPAP.NS,113.0,111.88,70.88K,Process Industries,Pulp & Paper,81.0,94.0,90.0,78.0,8.4,7.8193,135.17K,645.64K,133.7,55.0,6.78B,No,103.97,93.1,85.74,94.45,83.56,449
658,JSTL.BO,81.26,80.61,33.41K,Health Services,Medical/Nursing Services,81.0,73.0,27.0,78.0,3.8086,3.7871,20.00K,26.78K,93.9,32.85,1.60B,No,73.06,76.61,70.22,76.59,73.49,497
659,SUNITATOOL.BO,953.8,973.25,29.62K,Producer Manufacturing,Industrial Machinery,81.0,93.0,68.0,87.0,22.975,8.0536,17.59K,19.27K,1123.85,553.0,5.99B,No,924.4,802.6,806.36,822.14,819.19,496
660,DHABRIYA.BO,466.05,464.1,28.53K,Producer Manufacturing,Miscellaneous Manufacturing,81.0,92.0,83.0,85.0,30.7893,30.1321,31.27K,147.33K,494.3,280.0,5.13B,No,425.9,396.26,366.88,404.07,364.09,497
661,OML.BO,33.3,33.01,1.60K,Industrial Services,Environmental Services,81.0,80.0,94.0,85.0,1.1064,0.9679,15.13K,13.76K,85.0,13.75,261.81M,No,32.3,28.46,25.05,29.28,22.59,208
662,JSFB.NS,568.0,572.55,334.01K,Finance,Regional Banks,80.0,93.0,80.0,87.0,25.5786,25.5607,945.58K,1169.94K,593.0,330.0,60.05B,No,536.28,495.31,437.08,497.52,432.59,500
663,APMIN.BO,51.09,48.16,14.49K,Process Industries,Textiles,80.0,67.0,82.0,79.0,3.1871,3.1021,6.71K,2.87K,57.45,31.6,1.10B,No,48.45,48.57,42.07,49.47,43.18,497
664,HILIKS.BO,73.98,74.9,2.97K,Commercial Services,Miscellaneous Commercial Services,80.0,19.0,92.0,84.0,4.6214,4.6214,25.03K,11.19K,89.6,38.63,795.29M,No,73.22,68.21,56.15,69.27,55.84,497
665,SAMOR.BO,94.45,90.85,0.23K,Distribution Services,Wholesale Distributors,80.0,49.0,49.0,69.0,3.0221,2.0557,3.01K,0.02K,104.99,48.55,2.13B,No,91.65,94.45,79.49,93.81,85.18,496
666,MRTX.BO,377.9,366.95,47.00K,Electronic Technology,Electronic Components,80.0,23.0,,,20.0893,19.5214,244.78K,103.80K,483.9,283.1,6.61B,No,365.3,,,,,44
667,TITAN.NS,4998.0,4912.3999,1283.83K,Consumer Durables,Other Consumer Specialties,80.0,72.0,76.0,72.0,80.3857,73.8572,1083.50K,740.71K,5005.0,3303.1,4433.45B,No,4750.43,4479.23,4185.54,4536.63,4320.28,500
668,OSCARGLO.BO,20.58,20.58,0.18K,Process Industries,Textiles,80.0,70.0,74.0,74.0,0.0,0.0,0.36K,0.14K,20.58,10.45,67.91M,No,20.43,19.78,17.45,19.9,18.22,497
669,IIFL.NS,604.5,610.2,554.22K,Finance,Finance/Rental/Leasing,80.0,87.0,88.0,62.0,19.125,18.3393,2993.72K,2966.88K,675.0,409.1,257.09B,No,577.72,538.52,524.32,548.01,505.45,500
670,SUPRAPFSL.BO,33.87,33.9,52.16K,Commercial Services,Miscellaneous Commercial Services,80.0,64.0,92.0,61.0,1.3036,1.3036,76.47K,45.33K,41.0,22.41,1.66B,No,33.5,32.97,28.86,33.21,28.92,496
671,TVSMOTOR.NS,4375.0,4455.2002,1142.49K,Consumer Durables,Motor Vehicles,80.0,89.0,81.0,68.0,112.6786,101.5357,1290.50K,2066.67K,4436.9,2931.3,,No,3907.63,3635.41,3620.97,3704.29,3638.21,499
672,ADANIPOWER.NS,208.12,208.99,15337.85K,Utilities,Electric Utilities,80.0,22.0,27.0,86.0,4.9943,4.9629,34083.19K,22002.62K,254.2,110.45,4013.53B,No,214.3,221.56,178.07,220.45,188.68,500
673,LENSKART.NS,565.1,572.65,1594.18K,Health Technology,Medical Specialties,80.0,63.0,76.0,71.0,13.5393,13.3679,7334.23K,3960.94K,575.7,356.1,978.26B,No,554.19,530.96,,531.76,510.17,187
674,GALAGEX.BO,68.88,67.62,107.87K,Producer Manufacturing,Metal Fabrication,80.0,31.0,83.0,86.0,6.025,5.9679,100.17K,166.34K,74.38,36.56,1.09B,No,67.21,65.1,52.99,66.07,53.58,498
675,SICALLOG.NS,103.85,99.77,51.13K,Transportation,Other Transportation,80.0,79.0,93.0,60.0,6.5307,5.3429,63.86K,90.64K,122.5,60.11,8.29B,No,98.26,90.39,82.25,94.01,79.04,496
676,ARMAN.BO,119.65,118.35,41.00K,Process Industries,Textiles,80.0,77.0,74.0,64.0,5.3393,5.3179,52.35K,25.86K,121.0,80.85,623.44M,No,111.63,110.33,102.91,110.68,108.87,497
677,SUNFLAG.NS,388.95,375.3,895.81K,Non-Energy Minerals,Steel,80.0,89.0,47.0,87.0,14.2,13.2464,407.52K,203.40K,428.0,192.15,70.10B,No,355.12,355.99,289.09,356.77,300.47,499
678,STEL.NS,564.1,559.05,2.42K,Finance,Financial Conglomerates,80.0,63.0,80.0,65.0,21.1822,21.0179,10.96K,2.80K,657.3,380.0,10.41B,No,556.51,553.6,491.51,561.53,496.26,499
679,BALRAMCHIN.NS,629.3,635.55,436.85K,Process Industries,Agricultural Commodities/Milling,80.0,80.0,80.0,85.0,24.4214,23.6071,713.11K,887.58K,665.5,393.55,133.08B,No,609.1,570.4,494.85,569.7,511.25,500
680,CORDELIA.NS,846.35,831.05,215.76K,Consumer Services,Hotels/Resorts/Cruise Lines,80.0,54.0,,,37.5214,34.5572,995.49K,412.72K,925.65,623.1,61.27B,No,831.44,,,,,27
681,CHEMKART.BO,199.9,198.0,4.20K,Health Technology,Pharmaceuticals: Other,80.0,88.0,89.0,94.0,7.5321,5.3893,10.22K,10.80K,236.9,87.0,2.42B,No,193.79,164.05,147.36,167.32,133.86,265
682,ARROWGREEN.NS,746.1,745.1,17.31K,Process Industries,Containers/Packaging,80.0,75.0,89.0,91.0,31.9036,31.4464,79.07K,13.92K,801.0,341.95,11.26B,No,708.01,638.74,532.61,646.29,524.79,499
683,CARTRADE.NS,2788.4,2842.2,222.35K,Technology Services,Internet Software/Services,80.0,43.0,92.0,48.0,140.8642,136.5142,1146.63K,1048.68K,3290.5,1600.0,134.75B,No,2800.58,2578.94,2378.14,2593.0,2152.98,500
684,RBLBANK.NS,392.0,389.8,2903.52K,Finance,Major Banks,80.0,73.0,73.0,77.0,9.3321,9.2571,5734.48K,5336.83K,392.0,243.25,607.03B,No,371.78,366.21,327.27,369.74,334.1,500
685,FLUOROCHEM.NS,4580.0,4498.1001,70.19K,Process Industries,Chemicals: Specialty,80.0,87.0,80.0,85.0,163.3072,162.2286,136.23K,184.05K,4653.2,2916.6,499.60B,No,4368.36,4012.01,3594.54,4050.33,3607.94,500
686,AUTOIND.NS,95.79,94.61,168.96K,Producer Manufacturing,Auto Parts: Oem,80.0,59.0,79.0,73.0,4.5079,4.455,211.72K,57.44K,103.5,48.35,4.35B,No,90.69,85.09,75.07,86.51,75.83,499
687,DIVISLAB.NS,8397.0,8388.0,327.06K,Health Technology,Pharmaceuticals: Major,80.0,91.0,84.0,80.0,215.8929,197.6786,435.02K,648.31K,8585.0,5636.5,2216.40B,No,7580.1,7037.71,6546.09,7121.15,6566.37,499
688,SOUTHWEST.NS,232.42,234.68,68.10K,Energy Minerals,Coal,80.0,74.0,59.0,64.0,9.9236,8.7593,466.02K,416.61K,275.0,121.0,7.59B,No,231.86,238.32,210.2,234.63,219.94,499
689,EMIL.NS,151.0,147.56,9555.38K,Retail Trade,Electronics/Appliance Stores,80.0,84.0,84.0,89.0,6.335,6.0707,1569.05K,2000.44K,168.5,84.9,57.63B,No,132.48,124.08,113.4,127.03,110.42,500
690,KEI.NS,5523.3,5577.0,249.25K,Producer Manufacturing,Electrical Products,80.0,78.0,69.0,81.0,144.2429,131.5143,337.19K,242.23K,5708.0,3712.2,528.03B,No,5057.96,5217.5,4640.68,5239.25,4820.43,500
691,ADANIENT.NS,3026.0,3050.0,842.41K,Distribution Services,Wholesale Distributors,80.0,37.0,81.0,85.0,63.55,62.4357,2154.26K,1110.60K,3245.0,1753.0,4305.92B,No,3092.62,3047.19,2457.66,3063.82,2494.29,500
692,SBLI.BO,51.9,51.1,6.00K,Finance,Real Estate Development,80.0,92.0,76.0,85.0,0.9714,0.4857,2.54K,4.92K,54.5,30.55,42.10M,No,45.17,43.52,40.39,44.16,40.7,497
693,BERYLSE.BO,36.79,35.84,0.01K,Finance,Investment Banks/Brokers,80.0,85.0,59.0,85.0,2.145,1.5264,1.28K,1.23K,41.83,22.0,178.42M,No,35.04,30.43,29.83,31.03,29.61,497
694,VSSL.NS,333.85,329.35,1000.78K,Non-Energy Minerals,Steel,80.0,93.0,82.0,79.0,15.175,14.9464,102.22K,277.26K,349.5,206.4,32.28B,No,300.85,286.23,272.5,290.16,266.48,498
695,WELSPLSOL.NS,50.02,50.68,530.33K,Non-Energy Minerals,Steel,80.0,33.0,78.0,,2.0893,2.0893,1487.03K,550.92K,63.25,36.25,,No,51.97,52.39,,53.06,,75
696,RDGAIL.BO,110.0,110.0,3.60K,Process Industries,Agricultural Commodities/Milling,80.0,30.0,59.0,43.0,0.875,0.4,3.30K,3.00K,117.4,54.5,976.36M,No,107.5,106.48,95.88,106.8,107.93,206
697,SKPMIL.BO,100.5,103.0,0.28K,Process Industries,Pulp & Paper,80.0,52.0,13.0,45.0,2.6329,1.6071,0.69K,0.30K,149.3,29.7,1.36B,No,103.28,112.72,106.99,110.5,109.19,496
698,IFCI.NS,75.36,75.64,8312.69K,Finance,Finance/Rental/Leasing,80.0,46.0,78.0,80.0,2.2907,2.1964,60657.34K,17625.55K,95.8,46.23,201.83B,No,73.55,76.3,61.24,77.4,65.07,500
699,AYMSYNTEX.NS,251.65,254.55,17.49K,Process Industries,Textiles,79.0,68.0,67.0,87.0,13.3593,13.3593,40.80K,30.62K,281.22,141.53,14.78B,No,241.61,232.38,196.35,235.01,207.27,499
700,AEGISVOPAK.NS,288.7,283.85,3391.58K,Transportation,Air Freight/Couriers,79.0,60.0,89.0,74.0,13.9321,13.5043,1912.33K,2026.87K,311.49,158.0,319.88B,No,289.32,252.46,231.68,256.29,219.1,297
701,VENUSPIPES.NS,1589.9,1629.0,40.02K,Non-Energy Minerals,Steel,79.0,6.0,75.0,87.0,69.9643,68.9714,122.66K,86.45K,1875.0,890.0,32.94B,No,1704.51,1619.29,1300.54,1637.73,1322.27,498
702,HIGHNESS.BO,173.0,176.25,7.20K,Electronic Technology,Semiconductors,79.0,53.0,64.0,,8.3571,6.8464,40.11K,17.28K,202.45,107.5,929.45M,No,180.08,172.34,,174.36,,88
703,MAIDEN.BO,103.9,102.77,17.00K,Non-Energy Minerals,Steel,79.0,91.0,87.0,63.0,3.4571,3.1721,16.59K,44.20K,108.0,63.52,1.48B,No,94.88,85.7,84.97,86.58,84.39,497
704,KALYANI.BO,715.0,744.9,10.25K,Process Industries,Containers/Packaging,79.0,16.0,67.0,87.0,33.3464,29.0786,11.55K,4.40K,834.9,438.65,5.07B,No,758.42,682.73,572.23,689.85,600.2,497
705,GULPOLY.NS,209.0,208.91,1120.31K,Consumer Non-Durables,Food: Specialty/Candy,79.0,80.0,70.0,89.0,10.7164,10.7164,697.37K,1812.54K,221.75,121.5,12.89B,No,191.54,194.82,164.63,196.63,172.91,499
706,DHAMPURE.BO,134.0,135.75,9.56K,Process Industries,Agricultural Commodities/Milling,79.0,69.0,67.0,80.0,6.3321,6.1071,4.11K,5.56K,138.5,82.0,1.14B,No,122.69,121.42,109.77,122.42,116.62,497
707,SOLARINDS.NS,18496.0,18400.0,63.34K,Process Industries,Industrial Specialties,79.0,58.0,79.0,81.0,474.6429,450.3571,162.55K,78.66K,19187.0,11646.0,1673.70B,No,18430.0,18193.08,14990.28,18140.9,15684.77,498
708,GUFICBIO.NS,403.0,394.35,102.72K,Health Technology,Pharmaceuticals: Major,79.0,67.0,89.0,77.0,13.0393,13.0071,273.93K,49.25K,448.0,268.0,40.55B,No,390.2,377.8,329.2,379.54,324.84,500
709,BEPL.NS,122.42,121.49,1502.85K,Process Industries,Industrial Specialties,79.0,93.0,84.0,84.0,7.355,7.29,4261.29K,11802.57K,138.5,74.2,30.47B,No,115.77,105.76,94.0,107.82,95.04,500
710,SWADEIN.BO,88.86,90.54,3.37K,Process Industries,Textiles,79.0,83.0,28.0,11.0,4.8171,4.3857,6.67K,5.36K,164.0,40.58,2.06B,No,83.83,86.91,108.12,86.55,101.27,496
711,GRINDWELL.NS,2080.5,2100.7,31.62K,Process Industries,Industrial Specialties,79.0,60.0,85.0,80.0,70.65,70.6,117.72K,62.17K,2455.0,1329.0,233.35B,No,2082.9,2052.86,1714.38,2071.72,1760.14,499
712,NURECA.NS,338.65,343.95,34.02K,Health Technology,Medical Specialties,79.0,97.0,78.0,69.0,18.7171,17.7943,37.11K,95.41K,354.0,204.0,3.39B,No,301.14,262.12,273.23,267.15,269.66,499
713,VIJAYA.NS,1369.8,1389.6,156.03K,Health Services,Medical/Nursing Services,79.0,64.0,76.0,84.0,42.3429,42.1072,318.01K,104.93K,1440.0,848.0,141.09B,No,1362.36,1337.1,1105.01,1354.44,1145.21,498
714,WEPSOLN.BO,31.61,32.44,11.79K,Electronic Technology,Computer Peripherals,79.0,96.0,83.0,88.0,1.9457,1.8171,29.39K,37.73K,34.3,17.65,1.16B,No,29.73,27.0,24.0,27.47,24.02,496
715,IRONWOOD.BO,55.39,53.6,0.87K,Consumer Services,Other Consumer Services,79.0,67.0,79.0,55.0,4.9171,4.7907,18.74K,17.46K,62.8,32.27,910.01M,No,52.45,48.29,46.45,48.47,46.64,497
716,MANINDS.NS,545.45,533.15,247.60K,Producer Manufacturing,Industrial Machinery,79.0,43.0,58.0,90.0,17.95,17.9393,680.38K,170.20K,623.7,302.05,41.42B,No,538.44,548.13,458.54,553.07,476.14,500
717,KARURVYSYA.NS,339.6,337.65,676.59K,Finance,Regional Banks,79.0,83.0,65.0,58.0,11.325,10.6536,4508.69K,12186.02K,351.8,201.82,328.28B,No,327.74,305.89,285.03,307.66,298.32,500
718,HSIL.BO,367.0,372.5,30.80K,Health Technology,Medical Specialties,79.0,52.0,78.0,79.0,16.8571,15.375,37.32K,13.96K,446.0,215.0,5.23B,No,379.75,375.35,314.47,374.29,325.83,497
719,PANIDPR.BO,91.0,91.0,0.30K,Distribution Services,Electronics Distributors,79.0,78.0,55.0,76.0,0.5357,0.215,0.03K,0.04K,92.84,35.24,127.40M,No,89.66,84.76,64.83,85.2,68.49,416
720,TAMBOLIIN.NS,218.79,208.42,7.64K,Finance,Investment Banks/Brokers,79.0,34.0,76.0,,9.8179,9.6864,13.80K,8.13K,237.7,141.5,,No,216.5,204.93,,206.71,,76
721,GOLKUNDIA.BO,278.85,272.75,2.76K,Consumer Durables,Other Consumer Specialties,79.0,77.0,46.0,77.0,13.4071,13.4071,2.57K,4.26K,314.9,156.0,1.94B,No,252.68,254.26,238.44,253.66,256.52,497
722,SANDHAR.NS,656.35,654.75,145.57K,Consumer Durables,Motor Vehicles,79.0,37.0,84.0,79.0,21.9893,21.7286,663.74K,287.29K,763.2,405.2,39.60B,No,620.51,666.4,561.59,666.85,564.48,500
723,NILKAMAL.NS,1802.0,1801.3,19.04K,Consumer Durables,Home Furnishings,79.0,95.0,90.0,74.0,122.9214,122.65,87.57K,201.42K,1983.5,1050.5,26.98B,No,1614.17,1411.8,1382.01,1440.9,1358.06,498
724,AMBIKCO.NS,1826.0,1802.3,41.79K,Process Industries,Textiles,79.0,71.0,70.0,82.0,47.1429,46.6929,16.30K,8.94K,1840.0,1101.0,10.45B,No,1733.09,1702.07,1434.28,1709.93,1496.47,499
725,NAZARA.NS,355.5,348.8,5602.08K,Technology Services,Packaged Software,79.0,88.0,86.0,71.0,11.9679,11.9571,3435.94K,3713.92K,363.25,215.7,135.42B,No,315.84,300.91,271.5,306.41,278.32,500
726,AVL.NS,629.7,626.2,145.72K,Retail Trade,Electronics/Appliance Stores,79.0,31.0,73.0,73.0,22.0929,21.7464,287.94K,245.20K,705.0,410.0,81.32B,No,630.09,610.34,534.23,616.6,537.37,434
727,MUTHOOTMF.NS,227.04,230.16,822.13K,Finance,Finance/Rental/Leasing,79.0,70.0,63.0,72.0,12.345,12.2621,808.88K,464.19K,262.77,141.2,38.09B,No,243.62,217.0,186.18,219.81,189.71,498
728,SATTRIX.BO,367.8,358.0,6.50K,Technology Services,Information Technology Services,79.0,78.0,26.0,29.0,15.9607,11.6,6.77K,3.60K,451.0,174.0,4.17B,No,381.35,375.36,361.1,374.29,389.69,495
729,AEROPLANE.NS,196.8,200.59,349.28K,Process Industries,Agricultural Commodities/Milling,79.0,89.0,92.0,,10.69,10.69,744.64K,509.04K,206.9,117.02,20.38B,No,187.5,155.9,,161.18,,89
730,ICON.BO,74.94,74.94,4.80K,Commercial Services,Miscellaneous Commercial Services,79.0,14.0,71.0,89.0,2.9471,2.4293,12.57K,6.48K,81.95,38.05,552.53M,No,73.01,71.62,58.39,72.97,60.97,275
731,SAIPARENT.NS,541.15,516.1,152.85K,Health Technology,Pharmaceuticals: Major,79.0,11.0,67.0,,20.3571,19.4071,278.88K,72.49K,706.0,400.0,23.91B,No,554.53,564.75,,568.01,,88
732,SHIVAM.BO,100.0,95.55,6.00K,Non-Energy Minerals,Construction Materials,79.0,14.0,21.0,82.0,2.5429,1.5107,7.84K,2.55K,130.4,57.4,1.70B,No,102.45,105.39,91.15,105.6,102.97,495
733,NIBE.NS,1430.7,1397.2,90.65K,Process Industries,Textiles,79.0,21.0,89.0,80.0,58.7571,57.8071,235.67K,48.37K,1848.0,809.6,22.03B,No,1485.26,1557.26,1207.65,1570.62,1227.79,371
734,CIANAGRO.BO,1344.85,1383.2,44.05K,Process Industries,Agricultural Commodities/Milling,79.0,5.0,2.0,58.0,67.2,66.6607,76.99K,30.85K,3633.15,385.1,37.64B,No,1477.53,1566.06,1455.62,1581.32,1377.17,497
735,OSWALEA.BO,78.64,78.64,0.85K,Finance,Finance/Rental/Leasing,79.0,70.0,67.0,75.0,0.2671,0.0,0.04K,0.09K,78.64,55.92,39.32M,No,76.21,75.42,66.83,75.65,69.98,497
736,RASRESOR.BO,55.0,56.0,0.01K,Consumer Services,Hotels/Resorts/Cruise Lines,78.0,23.0,55.0,83.0,2.6257,2.6207,1.24K,0.71K,64.9,33.34,218.34M,No,55.56,55.12,45.09,55.48,47.04,497
737,SUDARSHAN.BO,32.0,32.49,920.00K,Health Technology,Pharmaceuticals: Major,78.0,2.0,62.0,88.0,2.3814,2.2779,263.34K,234.80K,42.79,18.5,8.49B,No,39.31,37.92,29.21,37.76,30.65,496
738,RSL.NS,152.85,150.45,556.92K,Non-Energy Minerals,Steel,78.0,87.0,71.0,,6.1464,6.08,444.68K,529.50K,155.0,101.7,12.77B,No,135.97,131.88,,133.35,,97
739,GAMCO.BO,49.99,49.62,67.79K,Finance,Investment Banks/Brokers,78.0,52.0,83.0,79.0,2.5107,2.5107,66.67K,129.54K,56.49,32.65,2.70B,No,49.96,47.89,41.74,48.25,42.07,498
740,AUROPHARMA.NS,1588.9,1613.4,1298.77K,Health Technology,Pharmaceuticals: Other,78.0,49.0,65.0,77.0,41.4857,39.9929,1266.61K,882.76K,1636.8,1016.1,914.22B,No,1560.79,1523.63,1322.91,1540.78,1384.4,499
741,MITSU.BO,157.0,155.05,4.42K,Producer Manufacturing,Miscellaneous Manufacturing,78.0,79.0,44.0,88.0,6.4929,6.3536,34.80K,24.87K,175.4,80.3,2.13B,No,145.96,147.66,117.97,148.45,124.11,497
742,RML.NS,1041.4,1114.6,140.48K,Producer Manufacturing,Auto Parts: Oem,78.0,3.0,71.0,82.0,62.6072,62.0572,84.81K,29.61K,1323.9,608.5,28.78B,No,1174.03,1094.28,869.84,1099.88,898.67,500
743,AURUM.NS,222.48,222.88,197.70K,Technology Services,Packaged Software,78.0,50.0,85.0,72.0,11.3886,11.3564,276.76K,208.83K,264.64,151.9,17.07B,No,227.73,212.96,185.14,215.41,189.62,500
744,ATULAUTO.NS,579.55,580.95,238.96K,Consumer Durables,Motor Vehicles,78.0,90.0,78.0,83.0,21.6036,20.9429,224.50K,436.33K,586.0,380.05,16.08B,No,503.0,484.85,463.51,489.92,466.38,500
745,IFINSEC.BO,230.0,230.7,0.27K,Finance,Finance/Rental/Leasing,78.0,69.0,82.0,81.0,9.3964,8.0786,0.62K,0.23K,284.95,140.1,6.57B,No,223.96,213.87,189.29,216.34,193.97,499
746,DREDGECORP.NS,1128.1,1122.8,142.24K,Transportation,Marine Shipping,78.0,67.0,73.0,35.0,45.1357,45.1357,472.64K,138.59K,1286.0,538.0,30.64B,No,1056.2,1093.26,974.08,1083.22,1002.92,500
747,RRP.BO,8630.5,8630.5,0.01K,Finance,Investment Banks/Brokers,78.0,38.0,23.0,13.0,18.8643,0.0,0.00K,0.00K,11902.0,3522.15,117.58B,No,8801.73,8984.66,10010.51,8941.32,9597.68,497
748,AYE.NS,166.55,165.9,370.39K,Finance,Finance/Rental/Leasing,78.0,52.0,78.0,,9.835,9.5821,1867.79K,3509.56K,197.29,88.22,40.73B,No,169.23,164.49,,164.75,,119
749,RIDDHI.BO,780.0,796.65,0.91K,Process Industries,Pulp & Paper,78.0,83.0,56.0,83.0,27.5643,24.8464,4.91K,6.62K,861.95,405.0,5.56B,No,736.94,750.07,581.06,760.03,616.32,497
750,KINETRU.BO,41.69,41.69,0.07K,Finance,Finance/Rental/Leasing,78.0,97.0,75.0,3.0,1.8621,1.0743,1.23K,1.47K,75.82,25.47,140.08M,No,40.43,35.24,39.46,35.53,42.82,497
751,ARTEMISMED.NS,311.7,322.15,457.38K,Health Services,Hospital/Nursing Management,78.0,87.0,79.0,73.0,11.1536,11.1,233.80K,475.05K,324.0,203.35,,No,285.4,273.08,256.26,274.27,252.33,493
752,CCME.BO,89.6,94.3,2.32K,Producer Manufacturing,Miscellaneous Manufacturing,78.0,1.0,4.0,40.0,5.6857,3.475,5.30K,31.26K,181.3,31.31,4.05B,No,110.83,112.2,107.97,110.31,99.34,497
753,AARTISURF.NS,551.35,541.15,85.58K,Process Industries,Chemicals: Major Diversified,78.0,97.0,83.0,78.0,27.7214,23.0286,12.94K,21.64K,563.0,316.0,4.67B,No,417.1,392.72,404.49,400.12,396.76,498
754,SPENTA.BO,122.2,124.95,0.47K,Consumer Non-Durables,Apparel/Footwear,78.0,79.0,79.0,85.0,15.6636,12.6329,1.32K,4.19K,169.7,71.1,337.80M,No,125.5,113.76,98.27,114.51,99.29,496
755,GROVY.BO,52.04,52.39,1.83K,Finance,Real Estate Development,78.0,74.0,85.0,67.0,3.9429,3.5564,3.92K,7.60K,63.7,32.0,699.22M,No,51.95,49.19,43.7,50.2,44.04,497
756,MKPMOB.BO,137.75,145.0,0.18K,Finance,Financial Conglomerates,78.0,83.0,83.0,70.0,9.3179,8.2179,0.07K,0.06K,160.0,97.0,495.28M,No,145.63,128.67,122.41,129.85,119.04,498
757,ONMOBILE.NS,71.09,73.39,168.67K,Communications,Specialty Telecommunications,78.0,49.0,82.0,85.0,2.68,2.44,491.02K,71.08K,84.0,40.21,7.56B,No,64.92,60.3,56.39,61.64,54.23,500
758,NORTHLINK.BO,24.33,24.33,0.05K,Commercial Services,Miscellaneous Commercial Services,78.0,50.0,84.0,89.0,0.1693,0.0,0.01K,0.01K,50.95,14.31,127.73M,No,24.24,22.73,18.61,23.26,18.85,497
759,TNSTLTU.BO,26.75,26.75,0.10K,Non-Energy Minerals,Steel,78.0,91.0,86.0,4.0,0.6086,0.0821,0.22K,0.11K,45.71,17.33,137.09M,No,23.98,23.72,28.43,24.44,25.63,496
760,SENCO.NS,391.6,399.05,1362.71K,Consumer Durables,Other Consumer Specialties,78.0,90.0,78.0,76.0,17.8679,17.5643,1720.39K,3632.28K,430.0,276.0,64.18B,No,388.18,357.46,330.59,359.35,333.21,500
761,DAICHI.NS,322.0,318.8,4.32K,Process Industries,Chemicals: Specialty,78.0,58.0,80.0,,14.9179,14.125,8.38K,2.51K,350.0,229.9,,No,312.49,294.65,,300.53,,75
762,TORNTPHARM.NS,4956.0,5000.0,701.93K,Health Technology,Pharmaceuticals: Major,78.0,49.0,74.0,72.0,143.1857,140.4786,644.04K,591.77K,5250.0,3480.6,1885.10B,No,4976.79,4716.47,4209.09,4741.92,4382.46,500
763,EIGHTY.BO,37.9,37.9,12.00K,Consumer Durables,Other Consumer Specialties,78.0,12.0,87.0,75.0,0.6107,0.0,6.20K,3.00K,49.9,22.2,386.55M,No,43.8,41.96,33.89,41.35,34.12,497
764,RAJRATAN.NS,526.9,536.7,168.86K,Producer Manufacturing,Metal Fabrication,78.0,80.0,76.0,75.0,30.7464,29.5786,155.62K,551.03K,546.25,305.55,26.50B,No,498.24,465.74,440.9,469.96,436.66,499
765,PRABHATAM.BO,25.14,25.14,0.00K,Process Industries,Pulp & Paper,78.0,70.0,67.0,69.0,0.0,0.0,0.04K,0.04K,25.14,17.9,5.57B,No,24.96,24.17,21.79,24.31,22.64,497
766,STYL.NS,388.35,363.8,245.83K,Technology Services,Packaged Software,78.0,79.0,94.0,86.0,21.4464,20.2857,282.12K,257.25K,437.45,209.11,62.84B,No,373.65,325.83,288.65,334.4,276.38,212
767,IDM.BO,37.61,37.61,0.01K,Electronic Technology,Computer Processing Hardware,78.0,52.0,71.0,77.0,0.0,0.0,0.20K,0.20K,40.67,23.35,82.74M,No,37.61,34.35,32.63,35.1,34.08,496
768,PNBHOUSING.NS,1150.0,1121.6,1934.21K,Finance,Finance/Rental/Leasing,78.0,69.0,68.0,81.0,35.8929,34.7786,882.92K,763.86K,1167.0,729.6,299.68B,No,1088.14,1049.37,945.69,1057.13,951.76,500
769,MONARCH.NS,388.45,390.55,62.31K,Finance,Investment Banks/Brokers,78.0,80.0,84.0,76.0,15.0964,14.9357,236.97K,647.86K,403.8,235.45,30.82B,No,373.31,354.6,310.79,357.05,311.85,499
770,AMIC.BO,1891.25,1811.95,155.30K,Producer Manufacturing,Metal Fabrication,78.0,71.0,85.0,84.0,63.375,62.2571,91.49K,44.05K,1947.9,1065.0,24.58B,No,1771.49,1750.01,1529.35,1764.54,1530.16,497
771,NGIL.NS,39.0,39.87,11.28K,Consumer Non-Durables,Food: Specialty/Candy,78.0,17.0,59.0,82.0,2.3357,2.3321,25.87K,28.11K,43.89,22.01,686.24M,No,39.37,39.52,32.17,39.25,33.41,498
772,GOODLUCK.NS,1501.3,1497.6,199.33K,Non-Energy Minerals,Steel,78.0,64.0,68.0,80.0,49.3357,49.2072,218.06K,87.60K,1672.1,915.0,49.90B,No,1539.79,1452.21,1230.73,1464.68,1264.63,499
773,LALPATHLAB.NS,1943.5,1887.1,427.19K,Health Services,Medical/Nursing Services,77.0,86.0,83.0,80.0,67.1,64.6857,534.68K,712.70K,1949.0,1272.6,321.93B,No,1787.42,1691.05,1520.2,1708.17,1522.01,500
774,KOPRAN.NS,192.1,195.9,97.87K,Health Technology,Pharmaceuticals: Major,77.0,61.0,77.0,85.0,8.9257,8.9257,613.01K,94.81K,219.0,107.0,9.21B,No,198.21,192.64,156.08,192.86,159.47,500
775,GANHOLD.BO,113.0,113.0,0.59K,Finance,Financial Conglomerates,77.0,91.0,90.0,49.0,5.4707,3.1086,0.57K,2.23K,123.65,60.2,96.90M,No,95.97,97.88,94.07,98.71,92.86,499
776,ASHIKAG.NS,474.05,461.3,420.09K,Miscellaneous,Miscellaneous,77.0,90.0,81.0,,22.9393,22.4179,244.01K,696.05K,520.95,339.95,,No,432.06,401.77,,409.22,,76
777,VIPULORG.BO,246.85,251.35,3.66K,Process Industries,Industrial Specialties,77.0,26.0,83.0,60.0,12.3679,11.5107,14.33K,10.26K,309.0,156.8,4.70B,No,249.06,249.58,213.45,252.68,216.12,496
778,WINSOMTX.BO,102.36,98.5,35.68K,Process Industries,Textiles,77.0,78.0,85.0,88.0,3.9779,3.8986,29.13K,7.18K,105.4,58.01,2.03B,No,94.58,93.23,81.95,93.69,81.48,496
779,SANSTAR.NS,113.63,114.4,148.27K,Consumer Non-Durables,Food: Major Diversified,77.0,22.0,84.0,72.0,4.8421,4.6843,1168.06K,455.00K,137.49,74.3,22.76B,No,111.63,115.35,97.12,115.17,99.02,499
780,GVT&D.NS,4290.1,4410.0,2342.56K,Producer Manufacturing,Electrical Products,77.0,29.0,29.0,79.0,180.8,171.4357,1009.00K,1124.14K,5650.0,2523.2,1118.08B,No,4385.11,4710.0,3818.01,4689.94,4167.47,500
781,AJANTPHARM.NS,3470.4,3437.5,49.26K,Health Technology,Pharmaceuticals: Major,77.0,65.0,73.0,72.0,103.5286,102.2786,135.92K,142.05K,3598.8,2329.9,433.58B,No,3439.56,3263.97,2905.58,3275.25,3019.34,499
782,CFL.BO,46.0,46.0,4.12K,Process Industries,Industrial Specialties,77.0,11.0,22.0,38.0,0.3507,0.1693,1.89K,0.41K,59.0,20.05,281.21M,No,49.42,51.07,48.17,50.7,49.54,495
783,BBOX.NS,741.7,748.75,203.58K,Technology Services,Information Technology Services,77.0,2.0,52.0,83.0,36.0107,34.6929,901.08K,399.60K,1103.0,435.05,131.73B,No,798.84,918.73,657.71,909.09,701.18,500
784,MUNJALAU.NS,103.41,104.4,143.10K,Producer Manufacturing,Auto Parts: Oem,77.0,55.0,81.0,83.0,2.8807,2.7836,1421.77K,330.58K,114.99,67.2,10.37B,No,103.19,98.94,85.67,99.62,86.04,499
785,LUMAXTECH.NS,1714.2,1697.9,180.24K,Producer Manufacturing,Auto Parts: Oem,77.0,86.0,49.0,73.0,55.25,54.1429,167.18K,129.57K,1898.0,954.1,115.75B,No,1517.33,1569.83,1543.06,1566.12,1598.36,499
786,SUSAN.BO,239.5,231.7,202.00K,Producer Manufacturing,Electrical Products,77.0,75.0,,,11.5464,10.3143,417.31K,199.80K,275.0,180.6,4.87B,No,229.96,,,,,35
787,MUFIN.NS,134.18,134.45,505.33K,Finance,Finance/Rental/Leasing,77.0,61.0,73.0,65.0,3.66,3.5664,1480.75K,1159.45K,138.0,82.99,26.59B,No,129.08,127.72,115.97,128.86,117.66,500
788,RAYMOND.NS,627.6,629.4,450.34K,Process Industries,Textiles,77.0,64.0,83.0,90.0,20.2072,19.6714,797.16K,384.09K,679.0,320.0,41.77B,No,605.56,586.66,479.96,591.0,474.35,500
789,POWERICA.NS,522.75,547.35,282.26K,Producer Manufacturing,Electrical Products,77.0,23.0,63.0,,21.8679,21.7429,419.23K,148.10K,676.95,365.1,66.15B,No,553.26,554.67,,553.74,,89
790,STHINPA.BO,103.1,103.35,1.22K,Process Industries,Pulp & Paper,77.0,63.0,75.0,64.0,5.0464,4.9464,4.30K,3.49K,120.0,65.1,1.93B,No,105.9,101.08,91.9,101.56,95.24,496
791,SPACAPS.BO,213.0,213.45,0.01K,Finance,Investment Managers,77.0,44.0,52.0,56.0,2.3143,0.7286,0.01K,0.01K,231.4,140.0,654.81M,No,212.1,207.52,206.09,207.57,207.72,496
792,ITDC.NS,708.6,705.35,116.81K,Consumer Services,Hotels/Resorts/Cruise Lines,77.0,30.0,80.0,79.0,29.825,29.4036,2117.12K,449.54K,822.0,368.0,60.74B,No,728.38,654.52,575.33,666.84,571.39,499
793,TATATECH.NS,801.55,754.0,8536.48K,Technology Services,Packaged Software,77.0,82.0,85.0,71.0,26.0786,25.5964,1399.41K,912.82K,805.75,507.4,325.47B,No,744.5,739.83,656.24,747.39,650.27,500
794,ADANIGREEN.NS,1371.5,1380.0,814.64K,Utilities,Alternative Power Generation,77.0,10.0,52.0,88.0,44.55,43.9857,3411.06K,2986.38K,1631.5,765.0,2259.10B,No,1452.13,1480.37,1153.11,1479.62,1190.29,500
795,DBSTOCKBRO.NS,32.52,33.49,9.60K,Finance,Investment Banks/Brokers,77.0,1.0,77.0,77.0,1.9636,1.8929,68.71K,21.36K,48.5,23.15,1.14B,No,36.29,34.25,27.89,34.29,29.07,497
796,SPECIALITY.NS,142.42,142.03,124.58K,Consumer Services,Restaurants,77.0,82.0,90.0,81.0,7.2421,7.2421,62.16K,33.30K,154.0,82.7,6.87B,No,132.8,123.62,114.3,125.51,110.27,498
797,LANDMARK.NS,550.65,547.05,91.97K,Retail Trade,Specialty Stores,77.0,94.0,89.0,81.0,24.4321,23.8679,1019.27K,386.58K,662.8,339.5,22.83B,No,517.7,461.25,455.42,470.02,418.88,499
798,M&MFIN.NS,393.0,398.4,989.09K,Finance,Finance/Rental/Leasing,77.0,86.0,79.0,46.0,18.6179,17.1643,4552.30K,11909.95K,412.2,251.0,546.11B,No,362.35,327.73,336.35,333.37,332.57,500
799,PAYTM.NS,1442.0,1429.0,3672.40K,Finance,Finance/Rental/Leasing,77.0,87.0,81.0,74.0,46.8929,46.2714,3020.39K,4239.35K,1459.5,930.6,924.51B,No,1346.28,1211.51,1200.73,1233.34,1155.98,500
800,CAMEXLTD.BO,40.4,41.69,1.26K,Process Industries,Textiles,77.0,61.0,89.0,71.0,2.9657,2.8929,8.46K,0.99K,50.39,26.37,412.43M,No,40.77,41.17,35.09,41.62,35.42,497
801,POBS.BO,170.0,175.0,0.60K,Commercial Services,Miscellaneous Commercial Services,77.0,64.0,87.0,69.0,1.0714,0.0,0.09K,0.06K,175.0,109.0,269.01M,No,169.75,164.87,147.95,167.02,147.79,497
802,GRATEXI.BO,24.6,25.86,0.63K,Process Industries,Pulp & Paper,77.0,24.0,73.0,82.0,0.7829,0.47,0.79K,2.22K,28.06,16.18,74.66M,No,26.18,25.94,20.7,25.94,21.4,496
803,VTL.NS,602.2,598.0,166.40K,Process Industries,Textiles,77.0,27.0,55.0,82.0,22.475,21.9607,400.34K,495.56K,688.0,383.7,174.32B,No,619.83,627.85,530.25,629.82,566.38,500
804,SHRIDINE.BO,352.0,350.0,0.33K,Process Industries,Textiles,77.0,62.0,64.0,85.0,16.7786,16.6286,2.46K,2.21K,380.0,206.35,1.97B,No,349.16,335.85,281.41,339.06,290.55,488
805,OMNITEX.BO,779.95,750.05,0.34K,Process Industries,Textiles,77.0,44.0,56.0,85.0,22.5964,18.8214,0.84K,0.44K,892.0,361.5,3.28B,No,768.71,759.13,662.43,766.66,714.91,497
806,ANANDPROJ.BO,29.73,28.32,0.01K,Utilities,Electric Utilities,77.0,87.0,82.0,69.0,0.1964,0.0,0.00K,0.01K,29.73,24.48,27.78M,No,27.06,25.66,24.77,26.0,24.99,498
807,FABCLEAN.BO,399.0,398.0,1.20K,Producer Manufacturing,Building Products,77.0,53.0,87.0,77.0,10.3893,7.9107,11.07K,3.32K,455.0,203.25,4.87B,No,385.04,395.69,321.77,392.96,315.64,389
808,PRIVISCL.NS,3660.0,3648.0,31.05K,Process Industries,Chemicals: Major Diversified,77.0,55.0,61.0,76.0,107.1643,107.0571,93.87K,102.01K,3785.3,2193.9,142.97B,No,3648.6,3539.32,3147.77,3562.59,3186.91,499
809,QPOWER.NS,1157.0,1126.2,139.64K,Producer Manufacturing,Electrical Products,76.0,63.0,27.0,91.0,47.4,45.8,297.91K,73.79K,1441.0,581.0,89.60B,No,1144.6,1164.19,959.42,1177.22,1025.79,360
810,CUMMINSIND.NS,5360.0,5440.0,2063.48K,Producer Manufacturing,Auto Parts: Oem,76.0,28.0,49.0,76.0,138.7143,133.3571,478.19K,322.83K,6100.0,3572.9,1497.43B,No,5520.85,5607.17,4867.25,5593.95,5086.87,500
811,MAITRI.BO,39.0,40.79,0.00K,Non-Energy Minerals,Aluminum,76.0,83.0,67.0,78.0,2.8343,2.3807,0.10K,0.08K,46.55,22.1,171.60M,No,39.96,40.95,34.82,40.72,34.74,498
812,TBOTEK.NS,1623.1,1667.5,110.29K,Technology Services,Internet Software/Services,76.0,78.0,86.0,67.0,62.1714,58.5786,240.21K,427.54K,1764.8,1004.2,173.32B,No,1506.77,1428.51,1419.17,1457.86,1330.9,499
813,LOTUSDEV.NS,195.3,193.03,1033.65K,Finance,Real Estate Development,76.0,96.0,88.0,76.0,7.9407,7.3786,2004.15K,9383.25K,218.49,102.2,95.60B,No,170.06,153.45,150.3,157.46,143.63,250
814,ZSARACOM.NS,12132.0,12048.0,0.06K,Finance,Financial Conglomerates,76.0,31.0,81.0,,505.8571,504.5357,0.09K,0.03K,14400.0,9000.0,,No,12515.35,10860.29,,10950.7,,75
815,GLOBALLOG.BO,122.0,122.0,4.80K,Transportation,Air Freight/Couriers,76.0,11.0,65.0,11.0,2.7964,1.6107,31.74K,16.48K,172.91,79.2,1.76B,No,129.19,140.07,,138.21,129.27,154
816,WSTCSTPAPR.NS,594.35,590.4,130.49K,Producer Manufacturing,Office Equipment/Supplies,76.0,74.0,74.0,84.0,21.5393,20.8179,185.34K,296.28K,596.45,375.0,39.26B,No,552.91,529.35,459.85,532.18,472.37,499
817,RKFORGE.NS,700.5,706.45,1444.81K,Producer Manufacturing,Metal Fabrication,76.0,92.0,72.0,80.0,24.6643,23.4571,1113.46K,3145.24K,718.6,460.15,127.61B,No,611.88,586.19,551.45,594.25,561.13,500
818,HEG.NS,685.6,686.2,1106.49K,Electronic Technology,Electronic Components,76.0,94.0,76.0,73.0,27.025,26.9929,1698.99K,4008.45K,694.4,459.8,132.21B,No,627.08,570.48,561.94,576.24,569.25,500
819,PRUDENT.NS,3266.7,3335.6001,9.58K,Finance,Investment Managers,76.0,79.0,71.0,80.0,142.6928,141.2285,32.65K,59.11K,3385.1,2121.0,135.26B,No,3047.79,2956.04,2644.1,2992.11,2672.71,499
820,BORANA.NS,344.6,329.5,103.92K,Process Industries,Textiles,76.0,84.0,48.0,22.0,14.6,14.3857,50.24K,23.83K,420.0,211.0,9.18B,No,321.96,318.14,319.93,318.62,338.6,299
821,THELEELA.NS,511.0,502.25,1027.51K,Consumer Services,Hotels/Resorts/Cruise Lines,76.0,68.0,82.0,69.0,17.2714,17.0286,455.01K,599.94K,523.5,384.5,170.65B,No,488.85,469.16,435.42,477.18,442.6,296
822,ELECTHERM.NS,1011.1,1007.8,8.50K,Non-Energy Minerals,Steel,76.0,9.0,86.0,73.0,46.15,45.9643,95.14K,15.85K,1277.0,551.0,12.88B,No,1037.47,1066.47,865.27,1076.93,846.67,499
823,SSWRL.BO,28.7,29.99,1.31K,Non-Energy Minerals,Steel,76.0,94.0,88.0,81.0,1.7586,0.7371,6.46K,8.04K,43.16,16.6,95.04M,No,31.98,25.04,23.22,25.57,22.11,496
824,MUNOTHFI.BO,43.03,43.03,0.15K,Finance,Regional Banks,76.0,94.0,94.0,84.0,0.3621,0.0614,0.06K,0.07K,69.49,16.4,220.97M,No,41.2,35.62,35.49,36.37,30.23,497
825,WELSPUNLIV.NS,159.25,160.78,507.08K,Consumer Non-Durables,Consumer Sundries,76.0,32.0,82.0,76.0,4.8779,4.7871,2875.14K,1185.15K,174.97,107.1,150.45B,No,163.0,158.06,136.97,159.1,137.99,500
826,INDBNK.BO,52.4,51.18,1.46K,Finance,Finance/Rental/Leasing,76.0,52.0,56.0,80.0,5.3564,5.225,1.43K,1.02K,62.4,35.5,522.80M,No,51.29,49.03,43.65,49.16,45.45,497
827,VERANDA.NS,258.3,257.6,270.95K,Commercial Services,Miscellaneous Commercial Services,76.0,72.0,79.0,74.0,12.6493,12.5471,509.71K,586.65K,272.5,130.02,24.89B,No,237.89,237.47,205.98,240.05,203.67,500
828,PNGSREVA.NS,499.3,510.95,138.29K,Consumer Durables,Other Consumer Specialties,76.0,91.0,68.0,,30.4571,30.1821,243.03K,574.86K,508.0,324.25,15.83B,No,429.76,406.7,,412.38,,108
829,HIMTEK.BO,274.95,278.1,16.37K,Producer Manufacturing,Auto Parts: Oem,76.0,96.0,83.0,77.0,20.6929,19.875,18.89K,74.63K,297.8,177.0,2.76B,No,244.6,219.34,214.51,221.66,210.57,497
830,SONAMLTD.NS,54.65,54.57,11.17K,Consumer Durables,Other Consumer Specialties,76.0,56.0,64.0,82.0,3.1164,3.1114,60.64K,49.44K,63.0,37.4,2.19B,No,54.93,54.77,48.45,54.37,51.3,497
831,DHOOTIN.BO,269.5,267.8,0.59K,Distribution Services,Wholesale Distributors,76.0,83.0,89.0,72.0,12.9429,12.2107,1.90K,1.64K,285.0,132.2,1.69B,No,239.97,231.88,216.56,234.63,208.57,497
832,BAJFINANCE.NS,1144.8,1158.8,6467.01K,Finance,Finance/Rental/Leasing,76.0,81.0,79.0,71.0,29.7214,25.9,9823.82K,12338.29K,1176.4,787.9,7121.70B,No,1068.12,998.28,973.51,1015.69,956.19,500
833,SAB.BO,175.0,175.0,0.02K,Industrial Services,Engineering & Construction,76.0,5.0,72.0,86.0,5.1821,3.2214,0.27K,0.09K,221.5,105.0,2.66B,No,192.98,180.42,140.42,184.02,146.6,498
834,HOCL.BO,40.31,40.7,33.27K,Process Industries,Chemicals: Specialty,76.0,69.0,74.0,74.0,1.3357,1.295,78.50K,39.27K,46.6,21.05,2.70B,No,37.72,38.41,33.04,38.35,33.42,497
835,RELIABLE.NS,145.64,144.1,17.50K,Technology Services,Data Processing Services,76.0,47.0,69.0,22.0,6.3136,6.2593,41.63K,15.79K,175.0,75.42,1.50B,No,143.95,145.6,141.54,146.87,139.26,498
836,JAYNECOIND.NS,92.66,91.77,2893.20K,Non-Energy Minerals,Steel,76.0,71.0,9.0,73.0,3.7657,3.705,4836.47K,5489.56K,117.0,50.71,89.89B,No,88.75,89.82,84.44,90.09,87.37,500
837,RAINBOW.NS,1573.2,1598.6,100.89K,Health Services,Hospital/Nursing Management,76.0,76.0,82.0,81.0,43.5571,42.7072,123.45K,85.20K,1606.0,1084.0,159.60B,No,1505.28,1444.66,1314.6,1457.38,1299.74,499
838,SKIPPER.NS,526.5,548.5,781.00K,Producer Manufacturing,Metal Fabrication,76.0,51.0,73.0,85.0,18.0857,17.7214,855.31K,507.03K,593.0,327.05,59.44B,No,538.58,544.4,455.33,543.92,448.48,499
839,KRISHNADEF.NS,1183.2,1140.1,142.20K,Electronic Technology,Aerospace & Defense,76.0,11.0,56.0,56.0,55.85,55.3429,183.13K,96.34K,1400.0,665.0,17.58B,No,1257.24,1245.52,1009.11,1254.27,1097.24,499
840,EXPOEAPL.BO,79.0,76.32,32.84K,Producer Manufacturing,Industrial Machinery,76.0,63.0,77.0,79.0,5.3671,5.2779,24.88K,18.05K,111.0,46.4,1.81B,No,73.85,68.2,65.93,69.53,63.93,497
841,IPCALAB.NS,1735.7,1765.0,151.96K,Health Technology,Pharmaceuticals: Major,76.0,32.0,71.0,65.0,59.5286,59.2357,285.70K,182.50K,1944.9,1251.6,439.97B,No,1792.38,1696.32,1524.99,1714.11,1581.18,499
842,AKSHARCHEM.NS,280.84,273.28,9.28K,Process Industries,Chemicals: Specialty,76.0,89.0,88.0,74.0,15.5271,15.5271,11.39K,3.69K,330.8,141.3,2.26B,No,243.82,232.3,224.57,239.05,213.25,499
843,INLANPR.BO,67.14,68.51,0.00K,Commercial Services,Commercial Printing/Forms,76.0,94.0,84.0,84.0,2.7664,1.3179,2.89K,0.83K,131.25,22.01,331.92M,No,64.89,55.94,47.98,57.16,50.94,499
844,RITCO.NS,306.05,312.1,162.06K,Transportation,Trucking,76.0,88.0,85.0,74.0,13.2143,13.1179,157.75K,233.03K,313.0,167.1,8.71B,No,286.95,270.91,249.38,273.43,240.8,498
845,TGIF.BO,103.0,103.0,1.20K,Process Industries,Agricultural Commodities/Milling,76.0,70.0,60.0,74.0,5.2036,4.1607,4.29K,1.80K,110.0,66.5,266.52M,No,101.17,100.45,89.17,99.65,91.31,495
846,VIMTALABS.NS,641.95,656.8,298.79K,Commercial Services,Miscellaneous Commercial Services,75.0,90.0,86.0,87.0,32.9857,32.2643,491.60K,1194.75K,902.65,376.05,28.69B,No,587.46,562.13,535.2,581.33,497.49,499
847,SRMCL.BO,57.25,56.0,1.55K,Finance,Real Estate Development,75.0,60.0,85.0,80.0,3.7557,3.6771,5.90K,1.35K,64.8,32.6,407.52M,No,57.03,54.78,45.99,55.78,46.58,496
848,OPTIEMUS.NS,581.2,590.45,340.92K,Distribution Services,Electronics Distributors,75.0,71.0,87.0,83.0,28.7964,28.3357,267.10K,239.38K,713.0,288.0,51.88B,No,601.73,515.39,470.81,525.73,438.1,499
849,ESSEX.BO,40.75,39.38,36.00K,Consumer Non-Durables,Food: Meat/Fish/Dairy,75.0,30.0,13.0,93.0,1.1629,0.73,32.52K,10.00K,49.3,18.25,603.61M,No,40.91,42.43,32.31,42.02,34.78,245
850,CHOLAFIN.NS,1940.0,1880.0,2644.24K,Finance,Finance/Rental/Leasing,75.0,75.0,75.0,66.0,62.4857,57.1143,1654.10K,2011.67K,1952.5,1299.4,1656.79B,No,1802.37,1718.19,1661.11,1748.07,1641.64,500
851,TMCV.NS,459.65,450.2,9543.52K,Consumer Durables,Motor Vehicles,75.0,74.0,61.0,39.0,12.1643,12.1107,9316.14K,7739.09K,509.0,306.3,1692.75B,No,422.4,409.58,,416.12,428.41,185
852,MMP.NS,331.5,329.35,130.47K,Non-Energy Minerals,Other Metals/Minerals,75.0,87.0,71.0,77.0,12.6214,12.5286,44.83K,45.63K,339.95,185.2,8.42B,No,289.67,278.52,259.64,282.51,259.28,498
853,JLHL.NS,318.05,323.95,89.70K,Health Services,Hospital/Nursing Management,75.0,77.0,85.0,66.0,13.0307,12.5664,244.87K,227.44K,340.0,235.6,104.27B,No,315.37,290.25,274.15,293.51,268.12,500
854,KWIL.NS,34.15,32.53,15710.21K,Consumer Non-Durables,Food: Meat/Fish/Dairy,75.0,75.0,81.0,,1.3621,1.3579,14025.62K,7071.48K,39.45,22.24,80.24B,No,32.37,33.32,,33.94,,119
855,AARNAV.NS,30.86,30.44,30.00K,Finance,Investment Banks/Brokers,75.0,92.0,88.0,,2.5314,2.4829,128.63K,85.95K,37.4,21.0,,No,29.34,26.64,,26.76,,109
856,PANSARI.NS,329.25,333.2,0.81K,Technology Services,Packaged Software,75.0,12.0,56.0,60.0,19.2857,19.125,37.65K,16.53K,388.9,230.79,5.74B,No,348.29,317.78,296.94,319.35,299.04,498
857,BHARATROHAN.BO,121.5,125.0,14.40K,Technology Services,Packaged Software,75.0,34.0,57.0,56.0,9.6214,8.5321,29.53K,61.92K,164.0,86.05,2.42B,No,124.47,122.43,121.47,122.34,124.14,211
858,DEEPAKFERT.NS,1553.5,1594.4,320.64K,Process Industries,Chemicals: Agricultural,75.0,52.0,77.0,84.0,62.3,62.1215,424.10K,500.54K,1680.0,866.4,197.00B,No,1580.58,1549.72,1291.96,1556.46,1271.05,500
859,PSPPROJECT.NS,973.95,944.75,81.06K,Industrial Services,Engineering & Construction,75.0,15.0,75.0,76.0,47.3893,47.3607,156.37K,160.47K,1143.0,569.2,38.61B,No,1023.07,978.34,844.92,987.25,819.3,498
860,GOKULAGRO.NS,227.38,227.53,84.43K,Process Industries,Agricultural Commodities/Milling,75.0,73.0,38.0,81.0,9.1129,9.0921,500.13K,694.73K,249.92,142.5,67.10B,No,217.7,220.0,196.92,220.35,201.23,500
861,UNIDT.NS,237.86,236.77,6.36K,Industrial Services,Oilfield Services/Equipment,75.0,72.0,74.0,75.0,9.7907,9.6521,17.92K,4.76K,254.97,146.0,4.83B,No,226.92,227.45,203.23,226.51,203.34,497
862,VGCL.BO,52.24,54.0,1.30K,Finance,Investment Managers,75.0,47.0,49.0,86.0,3.1407,2.9679,4.16K,2.03K,59.5,28.1,1.20B,No,54.08,52.51,43.04,52.2,44.49,496
863,NBL.BO,132.2,125.95,3.60K,Technology Services,Packaged Software,75.0,16.0,95.0,68.0,3.4107,0.5286,19.48K,2.04K,193.95,70.0,1.57B,No,142.15,123.2,116.14,126.76,105.54,498
864,REMAGNET.BO,3264.6,3424.2,2.43K,Non-Energy Minerals,Precious Metals,75.0,1.0,9.0,2.0,209.3143,207.3286,5.20K,6.16K,5900.0,1571.65,42.35B,No,3750.13,3999.61,4081.45,3891.57,4376.14,497
865,MAWANASUG.NS,114.48,117.66,135.53K,Consumer Non-Durables,Food: Specialty/Candy,75.0,60.0,48.0,80.0,4.6686,3.8686,68.16K,52.40K,123.75,75.08,4.43B,No,111.81,107.83,93.26,107.98,96.58,500
866,MILLWORKS.BO,796.8,782.45,98.00K,Producer Manufacturing,Metal Fabrication,75.0,,,,,,410.72K,410.72K,809.9,628.9,13.86B,No,,,,,,13
867,LTF.NS,318.9,318.4,1807.14K,Finance,Finance/Rental/Leasing,75.0,44.0,60.0,57.0,8.1393,7.5607,6203.49K,5812.15K,338.6,194.4,793.42B,No,312.0,299.74,290.11,301.86,286.7,500
868,FEDDERSHOL.NS,42.16,42.28,277.07K,Finance,Financial Conglomerates,75.0,52.0,83.0,,3.4414,3.3236,2139.92K,4408.70K,53.49,32.06,,No,44.81,40.53,,40.98,,75
869,MAKERSL.BO,169.2,163.25,3.86K,Health Technology,Pharmaceuticals: Major,75.0,74.0,61.0,81.0,6.8893,6.4786,8.82K,1.44K,186.7,109.0,978.87M,No,152.86,151.44,140.32,151.49,148.07,497
870,GROWW.NS,190.52,191.84,16089.14K,Miscellaneous,Investment Trusts,75.0,33.0,28.0,51.0,5.0586,4.9843,43714.78K,22267.58K,227.2,112.0,1170.46B,No,200.25,198.27,,199.95,185.98,185
871,PICCADIL.NS,746.2,764.2,167.46K,Process Industries,Agricultural Commodities/Milling,75.0,85.0,78.0,75.0,27.9179,27.4643,199.30K,213.40K,805.5,515.0,73.55B,No,737.79,649.25,605.07,656.87,603.28,275
872,RELTD.NS,170.14,171.67,157.98K,Utilities,Alternative Power Generation,75.0,17.0,82.0,63.0,5.795,5.6521,939.36K,189.50K,196.45,114.59,33.78B,No,172.95,159.14,149.73,162.26,146.65,499
873,STARHEALTH.NS,573.65,588.1,366.60K,Finance,Life/Health Insurance,75.0,32.0,71.0,70.0,16.5572,16.5393,707.86K,635.98K,624.9,416.55,337.54B,No,590.95,570.24,500.69,572.61,509.77,500
874,DEVSON.BO,242.8,243.1,112.80K,Process Industries,Chemicals: Specialty,75.0,,,,15.6429,14.8821,375.60K,187.68K,247.0,186.35,,No,,,,,,16
875,SIS.NS,435.9,430.55,264.79K,Commercial Services,Miscellaneous Commercial Services,75.0,57.0,70.0,78.0,9.1643,9.1643,287.67K,98.54K,480.95,257.05,61.60B,No,434.33,427.39,354.72,429.43,362.45,498
876,AUBANK.NS,1087.6,1051.3,4755.43K,Finance,Regional Banks,75.0,61.0,62.0,57.0,31.4857,29.6071,1880.74K,1961.06K,1105.9,682.15,814.25B,No,1035.72,1024.26,977.62,1035.14,995.26,500
877,AJCJEWEL.BO,114.55,109.1,22.80K,Consumer Durables,Other Consumer Specialties,75.0,92.0,75.0,68.0,4.4914,3.3621,8.34K,15.24K,141.75,71.15,695.13M,No,108.49,102.82,99.49,104.34,103.33,274
878,NATGENI.BO,57.66,60.69,0.16K,Non-Energy Minerals,Steel,75.0,72.0,53.0,82.0,3.5514,3.0729,0.52K,0.16K,72.92,34.53,258.47M,No,59.59,60.0,51.15,59.59,54.4,497
879,OAL.NS,380.95,376.15,8.14K,Process Industries,Chemicals: Specialty,75.0,80.0,80.0,78.0,20.2893,20.275,28.57K,44.47K,400.0,228.0,12.82B,No,366.61,341.82,307.18,345.03,303.44,499
880,SOFTTECH.NS,418.1,417.05,0.30K,Technology Services,Packaged Software,75.0,43.0,62.0,87.0,12.2214,10.7679,7.50K,3.65K,489.9,215.0,5.79B,No,419.57,429.33,350.45,427.8,356.73,497
881,EQUITASBNK.NS,76.35,75.76,749.48K,Finance,Regional Banks,75.0,36.0,59.0,54.0,2.745,2.7014,4209.60K,4986.03K,83.9,50.0,87.34B,No,77.79,76.34,66.8,76.78,68.73,500
882,MAHALIFE.BO,171.45,174.6,19.20K,Process Industries,Chemicals: Agricultural,75.0,53.0,35.0,46.0,4.7893,4.2143,14.42K,5.76K,205.05,111.0,4.01B,No,167.93,169.23,,168.58,170.58,179
883,INDOMIM.NS,865.5,801.95,8228.32K,Producer Manufacturing,Industrial Machinery,74.0,,,,,,35623.89K,35623.89K,882.1,700.0,,No,,,,,,6
884,GODREJIND.NS,1312.0,1320.4,19.36K,Process Industries,Agricultural Commodities/Milling,74.0,69.0,63.0,78.0,40.5714,39.8857,388.03K,84.44K,1443.0,744.2,441.95B,No,1340.09,1205.98,1054.23,1227.04,1060.16,500
885,ASHIANA.NS,381.8,386.0,36.74K,Finance,Real Estate Development,74.0,52.0,55.0,75.0,15.9357,15.6714,208.43K,839.07K,435.9,269.45,38.38B,No,382.56,377.46,327.35,378.01,342.22,500
886,JINDWORLD.NS,38.44,39.15,2844.06K,Process Industries,Textiles,74.0,95.0,91.0,86.0,2.9379,2.9286,12441.11K,46788.93K,42.4,17.85,38.54B,No,35.65,32.21,29.0,32.92,27.57,500
887,RAYMONDREL.NS,688.2,692.55,273.31K,Finance,Real Estate Development,74.0,56.0,67.0,79.0,24.1464,23.4929,1165.83K,298.12K,734.9,349.0,45.80B,No,679.04,644.08,527.54,649.88,522.92,276
888,DHANBANK.NS,32.65,32.7,950.56K,Finance,Major Banks,74.0,27.0,54.0,79.0,1.5029,1.4807,2338.21K,2966.83K,36.85,19.45,12.92B,No,33.62,33.34,27.95,33.34,28.52,500
889,ACSTECH.NS,45.97,44.33,635.27K,Process Industries,Textiles,74.0,78.0,83.0,,1.9129,1.7871,234.19K,230.03K,47.07,31.71,,No,41.83,40.18,,41.13,,76
890,GOLECHA.BO,31.31,31.31,0.00K,Finance,Finance/Rental/Leasing,74.0,84.0,39.0,86.0,0.8686,0.8464,0.96K,2.93K,38.2,17.05,172.20M,No,28.02,30.26,29.13,30.06,28.58,496
891,MACHLTD.BO,163.95,165.5,3.60K,Commercial Services,Miscellaneous Commercial Services,74.0,88.0,60.0,81.0,6.125,5.4107,18.06K,8.22K,170.0,90.0,3.45B,No,149.39,143.46,123.63,143.01,131.08,472
892,ARMANFIN.NS,2031.5,2049.8,32.57K,Finance,Finance/Rental/Leasing,74.0,89.0,74.0,73.0,65.8214,64.9071,48.70K,28.77K,2069.2,1270.0,21.36B,No,1955.34,1776.08,1630.39,1801.05,1646.72,499
893,NIBL.NS,34.16,36.4,34.53K,Producer Manufacturing,Metal Fabrication,74.0,81.0,67.0,64.0,2.1764,2.1279,43.80K,72.96K,40.8,21.75,824.81M,No,34.87,32.21,30.98,32.23,31.0,500
894,VRL.BO,174.3,173.35,0.67K,Health Technology,Pharmaceuticals: Major,74.0,68.0,91.0,70.0,6.2643,6.1357,2.62K,0.78K,220.0,100.1,553.96M,No,172.96,167.9,154.87,169.63,143.64,496
895,NEXOME.BO,123.0,122.4,0.09K,Finance,Investment Banks/Brokers,74.0,63.0,82.0,86.0,8.35,8.35,5.87K,0.77K,167.95,68.6,1.31B,No,120.84,117.79,103.07,117.49,100.07,497
896,KINGFA.NS,5312.0,5163.5,24.73K,Process Industries,Chemicals: Specialty,74.0,69.0,65.0,70.0,178.5714,177.6429,8.04K,7.00K,5699.4,3246.2,72.42B,No,5117.73,5134.93,4593.29,5179.05,4731.99,498
897,POLYCAB.NS,9315.0,9200.0,221.40K,Producer Manufacturing,Electrical Products,74.0,45.0,58.0,78.0,178.3929,170.1429,371.92K,309.14K,10126.0,6620.0,1403.17B,No,9103.92,9417.06,8176.67,9381.7,8408.55,500
898,EICHERMOT.NS,7929.5,7986.5,377.53K,Consumer Durables,Motor Vehicles,74.0,69.0,67.0,58.0,160.4643,153.9643,603.04K,626.83K,8230.0,5588.0,2187.25B,No,7681.6,7484.63,7271.55,7528.85,7330.98,500
899,LEXGLOBAL.BO,196.0,196.0,0.00K,Finance,Financial Conglomerates,74.0,26.0,84.0,92.0,0.2857,0.0,0.52K,0.13K,232.2,80.45,1.96B,No,197.49,187.51,169.5,186.94,160.53,498
900,INFONATIVE.BO,38.55,38.55,4.80K,Technology Services,Internet Software/Services,74.0,92.0,90.0,69.0,1.8036,1.6029,7.16K,17.60K,42.27,23.1,456.73M,No,32.85,29.25,30.12,30.03,28.63,330
901,MAHABANK.NS,77.8,79.2,5341.51K,Finance,Major Banks,74.0,25.0,30.0,67.0,1.825,1.8071,16329.29K,10731.64K,94.5,51.71,598.40B,No,80.11,83.48,70.62,83.66,75.25,500
902,USHAMART.NS,515.65,520.25,444.18K,Producer Manufacturing,Metal Fabrication,74.0,58.0,69.0,74.0,13.4857,12.9893,679.45K,697.65K,527.5,333.6,156.96B,No,504.1,497.4,452.72,498.25,453.87,499
903,DJML.NS,106.01,105.05,406.88K,Commercial Services,Commercial Printing/Forms,74.0,50.0,72.0,85.0,5.6279,5.6279,389.85K,369.24K,124.8,52.0,3.98B,No,110.12,111.48,89.3,114.05,96.53,499
904,POLYPLEX.NS,1115.1,1118.8,19.13K,Process Industries,Chemicals: Specialty,74.0,75.0,79.0,77.0,32.8214,32.6143,141.71K,102.57K,1174.0,740.0,35.01B,No,1101.94,1011.93,900.92,1024.15,918.46,500
905,INDUSINDBK.NS,1024.4,1019.0,422.56K,Finance,Major Banks,74.0,50.0,65.0,60.0,24.5964,22.0036,2236.53K,2959.72K,1077.85,710.6,798.14B,No,1018.42,966.54,893.7,973.06,913.93,500
906,SUBSM.BO,74.01,77.9,0.00K,Process Industries,Textiles,74.0,11.0,71.0,86.0,0.3014,0.0,0.02K,0.02K,95.0,36.56,313.84M,No,81.66,86.2,67.24,85.08,65.87,497
907,VOLTAMP.NS,9941.0,10050.0,28.34K,Producer Manufacturing,Electrical Products,74.0,63.0,50.0,81.0,255.9286,212.4286,58.91K,96.82K,12863.0,6666.0,100.57B,No,9509.73,9717.86,8755.32,9741.35,9173.23,499
908,DCBBANK.NS,194.3,189.12,2802.76K,Finance,Regional Banks,74.0,72.0,60.0,36.0,6.1064,5.6643,1217.76K,2056.94K,205.9,119.51,62.78B,No,189.9,185.22,180.76,186.11,183.75,500
909,DRL.BO,27.38,27.4,70.60K,Distribution Services,Wholesale Distributors,74.0,14.0,32.0,73.0,1.34,1.1136,17.91K,2.05K,30.0,15.12,190.42M,No,27.4,25.0,21.38,25.03,22.68,497
910,KONARKSY.BO,46.72,46.72,0.01K,Process Industries,Textiles,74.0,73.0,69.0,61.0,0.4793,0.44,0.01K,0.00K,50.35,32.0,271.35M,No,44.5,43.45,40.44,43.74,41.36,496
911,GARFIBRES.NS,849.3,797.35,405.47K,Producer Manufacturing,Miscellaneous Manufacturing,74.0,89.0,84.0,75.0,30.1571,29.9,144.63K,33.39K,870.45,579.75,82.93B,No,758.76,727.94,681.55,742.38,670.41,499
912,CGPOWER.NS,876.0,889.5,1509.34K,Producer Manufacturing,Electrical Products,74.0,24.0,56.0,85.0,30.7893,27.4571,4657.11K,5213.87K,980.9,525.5,1379.90B,No,885.24,912.23,761.71,908.19,788.71,500
913,CALSOFT.NS,21.72,21.57,42.23K,Technology Services,Information Technology Services,74.0,67.0,38.0,87.0,1.0421,1.0386,159.14K,85.53K,27.83,10.9,1.34B,No,21.93,22.14,17.23,22.17,17.36,499
914,JDCABLES.BO,209.0,214.5,18.40K,Producer Manufacturing,Electrical Products,74.0,8.0,36.0,60.0,10.1893,9.7786,98.45K,85.68K,254.35,130.0,4.71B,No,226.46,222.77,194.1,222.16,200.66,214
915,SIEMENS.NS,3952.0,3980.0,213.38K,Producer Manufacturing,Electrical Products,74.0,85.0,57.0,75.0,102.1714,97.8643,442.62K,324.05K,4019.0,2826.0,1407.39B,No,3688.72,3661.15,3363.69,3666.24,3465.4,498
916,BPLPHARMA.BO,1419.35,1460.8,5.13K,Health Technology,Pharmaceuticals: Major,74.0,68.0,78.0,86.0,63.6607,60.7821,1.58K,1.19K,1559.9,880.25,9.78B,No,1445.53,1389.92,1206.75,1388.17,1219.24,497
917,YAANENT.BO,119.95,115.75,2.22K,Consumer Services,Other Consumer Services,74.0,91.0,49.0,68.0,4.3,3.8679,4.38K,6.10K,133.9,68.0,371.84M,No,103.83,99.22,99.2,100.79,100.48,496
918,INTSTOIL.BO,39.0,39.0,0.00K,Transportation,Trucking,73.0,28.0,77.0,71.0,4.2714,4.0986,3.81K,1.05K,47.79,28.0,194.70M,No,39.19,39.7,34.55,40.01,35.1,497
919,ZENLABS.BO,29.5,29.04,0.01K,Health Technology,Pharmaceuticals: Generic,73.0,6.0,71.0,86.0,1.7564,1.5193,8.28K,4.14K,39.99,16.5,192.05M,No,30.42,33.17,26.11,33.04,25.79,496
920,VISAKAIND.NS,86.39,86.94,598.63K,Process Industries,Industrial Specialties,73.0,74.0,82.0,81.0,3.9079,3.5507,190.34K,251.66K,91.4,50.2,7.46B,No,82.79,78.69,70.29,79.26,69.38,498
921,COSMOFE.BO,212.0,218.0,5.56K,Producer Manufacturing,Metal Fabrication,73.0,44.0,92.0,83.0,11.0286,10.0464,4.28K,2.13K,282.1,89.95,2.55B,No,215.01,204.97,164.54,207.3,158.34,497
922,TATACAP.NS,382.7,371.9,7205.55K,Finance,Finance/Rental/Leasing,73.0,78.0,79.0,58.0,10.05,9.6607,3082.98K,2288.24K,390.2,296.0,1613.73B,No,357.38,346.4,334.13,352.66,336.85,205
923,ASARFI.BO,210.3,205.5,24.00K,Health Services,Hospital/Nursing Management,73.0,44.0,17.0,63.0,6.6964,6.0536,41.92K,14.40K,256.95,117.2,4.14B,No,213.17,215.85,190.93,216.99,195.95,497
924,DBOL.NS,111.75,112.27,133.03K,Process Industries,Agricultural Commodities/Milling,73.0,46.0,32.0,52.0,5.2407,5.0407,61.51K,93.10K,130.73,69.0,7.30B,No,106.62,109.81,97.69,110.11,107.01,499
925,MEDANTA.NS,1434.9,1410.3,123.65K,Health Services,Hospital/Nursing Management,73.0,77.0,80.0,80.0,45.6857,45.2214,264.73K,343.68K,1475.8,956.0,385.58B,No,1377.41,1313.19,1198.64,1327.87,1182.65,499
926,SUPRAJIT.NS,527.55,524.1,521.82K,Producer Manufacturing,Auto Parts: Oem,73.0,76.0,84.0,73.0,15.6429,15.0321,227.82K,99.20K,538.9,389.95,72.37B,No,497.14,479.76,449.25,486.06,448.25,498
927,SFL.NS,697.05,771.65,1353.48K,Process Industries,Industrial Specialties,73.0,25.0,87.0,82.0,37.2964,36.7429,392.79K,146.47K,828.95,456.8,76.12B,No,767.22,725.43,612.86,731.5,609.02,499
928,VRUDDHI.BO,234.0,234.0,1.50K,Non-Energy Minerals,Steel,73.0,86.0,76.0,75.0,5.0714,1.95,1.22K,0.65K,249.0,144.0,590.52M,No,227.35,226.65,216.78,226.36,213.26,497
929,SVLL.NS,749.1,764.1,1.55K,Transportation,Air Freight/Couriers,73.0,83.0,86.0,63.0,22.2571,18.3893,20.26K,4.19K,897.45,445.15,8.61B,No,736.55,714.55,658.11,724.75,623.73,497
930,INDIAGLYCO.NS,1151.7,1155.3,64.88K,Process Industries,Chemicals: Specialty,73.0,78.0,53.0,77.0,37.2179,36.6607,139.36K,116.50K,1222.0,792.5,77.15B,No,1142.41,1051.31,995.59,1063.73,980.21,500
931,AUSOMENT.NS,138.28,140.97,1.27K,Finance,Investment Banks/Brokers,73.0,87.0,30.0,65.0,7.3243,7.3243,5.29K,3.92K,178.0,93.0,1.88B,No,132.62,123.9,116.91,124.33,120.59,499
932,ZYDUSLIFE.NS,1108.0,1121.1,596.99K,Health Technology,Pharmaceuticals: Major,73.0,31.0,78.0,72.0,22.5929,22.2357,1671.07K,937.66K,1181.5,835.5,1105.23B,No,1129.76,1111.72,973.56,1113.27,986.69,499
933,MEGASTAR.NS,325.4,330.35,1.75K,Process Industries,Agricultural Commodities/Milling,73.0,8.0,67.0,82.0,12.3357,12.2893,54.70K,5.89K,392.0,203.0,3.67B,No,341.81,336.38,274.38,340.08,286.16,499
934,APOLLOHOSP.NS,8974.5,8910.0,399.83K,Health Services,Hospital/Nursing Management,73.0,52.0,75.0,75.0,146.4286,142.1786,371.22K,194.64K,9049.0,6696.5,1290.40B,No,8899.5,8666.83,7785.78,8718.15,7970.53,500
935,YATHARTH.NS,871.45,858.35,342.85K,Health Services,Hospital/Nursing Management,73.0,71.0,63.0,84.0,20.5214,20.125,358.50K,154.91K,889.9,538.25,83.97B,No,842.5,836.38,747.1,839.22,751.75,500
936,GLOBAL.NS,101.0,104.01,59.66K,Commercial Services,Miscellaneous Commercial Services,73.0,43.0,17.0,70.0,3.6336,3.6336,82.19K,34.59K,121.9,55.3,5.11B,No,102.35,103.43,94.11,103.65,99.77,499
937,MCX.NS,2662.0,2598.6001,2085.39K,Finance,Investment Banks/Brokers,73.0,22.0,19.0,48.0,70.8643,68.7928,3163.23K,1258.88K,3480.0,1460.8,671.92B,No,2746.07,2800.01,2514.73,2767.79,2691.79,500
938,MANAKALUCO.NS,37.27,35.61,177.74K,Non-Energy Minerals,Other Metals/Minerals,73.0,78.0,65.0,21.0,1.6343,1.63,120.45K,44.97K,68.12,21.73,2.51B,No,36.04,36.72,32.68,36.88,34.64,500
939,ICL.BO,37.25,37.0,0.13K,Process Industries,Textiles,73.0,86.0,40.0,77.0,2.4264,2.115,1.73K,3.37K,44.05,22.05,253.21M,No,37.51,33.28,29.5,33.5,30.52,497
940,PVP.NS,33.14,27.71,10493.56K,Technology Services,Information Technology Services,73.0,90.0,60.0,56.0,1.5914,1.575,940.04K,301.33K,39.41,18.49,8.63B,No,28.32,29.14,30.67,29.51,28.99,499
941,EPACKPEB.NS,251.15,255.75,1047.60K,Industrial Services,Engineering & Construction,73.0,46.0,77.0,68.0,14.6529,13.655,1948.46K,947.57K,344.0,132.17,24.99B,No,255.77,243.51,231.15,249.66,206.28,210
942,PIDILITIND.NS,1686.0,1665.0,1807.70K,Process Industries,Industrial Specialties,73.0,69.0,77.0,65.0,37.8929,35.8857,1035.25K,1257.36K,1686.4,1259.0,1715.99B,No,1602.28,1570.21,1474.4,1581.99,1474.33,500
943,HINDALCO.NS,1018.9,1040.0,4258.46K,Non-Energy Minerals,Other Metals/Minerals,73.0,64.0,44.0,51.0,18.7,17.6786,5823.70K,4250.46K,1176.0,657.5,2261.79B,No,969.32,998.73,942.91,988.65,981.24,500
944,SAYAJIIND.BO,100.45,103.0,0.33K,Process Industries,Chemicals: Specialty,73.0,37.0,37.0,71.0,5.2464,5.1143,7.54K,1.70K,146.79,53.75,2.54B,No,102.92,114.28,93.41,111.05,102.56,497
945,SAIL.NS,176.74,175.5,17543.70K,Non-Energy Minerals,Steel,73.0,74.0,37.0,64.0,5.345,5.0814,22008.77K,16130.87K,209.7,118.1,730.03B,No,166.6,174.7,159.95,173.36,169.15,500
946,RPGLIFE.NS,2688.9,2707.8,11.02K,Health Technology,Pharmaceuticals: Major,73.0,75.0,66.0,78.0,137.2072,136.25,24.59K,22.38K,3082.0,1733.0,44.47B,No,2857.58,2512.35,2246.12,2545.87,2218.81,500
947,POPEES.BO,172.5,172.5,0.02K,Commercial Services,Miscellaneous Commercial Services,73.0,55.0,83.0,13.0,0.0,0.0,0.29K,0.00K,218.55,119.5,1.47B,No,172.0,160.35,177.77,161.72,179.48,302
948,DIKSHA.BO,142.0,144.0,6.00K,Producer Manufacturing,Miscellaneous Manufacturing,73.0,90.0,,,4.9214,4.6,67.11K,4.32K,144.0,100.05,727.52M,No,120.98,,,,,32
949,BETXIND.BO,488.1,480.55,0.07K,Process Industries,Textiles,73.0,70.0,76.0,90.0,35.7679,33.4286,0.18K,0.17K,648.0,220.05,732.15M,No,483.88,479.3,398.38,477.25,405.16,497
950,DPABHUSHAN.NS,1458.9,1495.2,18.50K,Retail Trade,Specialty Stores,73.0,95.0,89.0,61.0,95.7643,94.8964,84.64K,77.80K,1719.9,866.1,33.30B,No,1359.43,1109.17,1221.36,1127.98,1115.36,499
951,ASHOKLEY.NS,177.5,177.0,15058.83K,Producer Manufacturing,Trucks/Construction/Farm Machinery,73.0,82.0,59.0,23.0,4.3607,3.8807,25617.50K,19060.27K,215.42,114.96,,No,159.87,156.57,167.87,158.69,171.77,500
952,SCI.NS,308.6,300.7,5634.07K,Transportation,Air Freight/Couriers,73.0,76.0,40.0,79.0,9.0857,8.7143,6398.68K,1794.92K,368.75,195.55,143.75B,No,284.87,295.03,263.71,296.42,273.35,500
953,TRANSFD.BO,498.65,474.95,0.02K,Consumer Non-Durables,Food: Specialty/Candy,73.0,8.0,18.0,34.0,19.0643,14.7786,0.04K,0.04K,570.0,231.1,72.25M,No,470.18,476.49,437.92,472.5,463.15,496
954,HINDALUMI.BO,98.74,97.62,3.05K,Non-Energy Minerals,Aluminum,73.0,45.0,36.0,22.0,4.445,4.3307,7.19K,3.19K,162.55,57.25,622.08M,No,96.39,99.6,93.48,99.31,100.89,497
955,LUMAXIND.NS,5822.5,5798.0,15.03K,Producer Manufacturing,Auto Parts: Oem,73.0,77.0,64.0,67.0,177.9643,171.7143,18.85K,20.31K,6934.5,3272.0,54.21B,No,5335.93,5322.34,5344.4,5336.45,5348.03,499
956,AMAL.BO,753.25,770.15,11.18K,Process Industries,Chemicals: Specialty,72.0,93.0,87.0,90.0,55.925,54.2322,17.35K,31.68K,1029.0,408.2,9.31B,No,727.8,628.61,604.75,643.29,569.51,497
957,COLAB.BO,139.1,139.1,0.99K,Distribution Services,Electronics Distributors,72.0,33.0,18.0,9.0,0.3,0.0,0.17K,0.16K,204.6,61.49,28.38B,No,142.04,146.36,169.95,145.49,161.13,498
958,NESTLEIND.NS,1519.8,1520.0,985.70K,Consumer Non-Durables,Food: Major Diversified,72.0,65.0,59.0,62.0,39.9071,39.5357,2146.03K,3172.17K,1534.8,1084.7,2930.65B,No,1472.2,1436.9,1333.0,1440.96,1357.6,500
959,ELGIRUBCO.NS,65.28,62.7,270.02K,Producer Manufacturing,Miscellaneous Manufacturing,72.0,52.0,70.0,84.0,3.8457,3.6836,95.40K,58.64K,90.5,32.72,3.05B,No,58.47,53.12,49.07,54.74,47.7,500
960,SUNDRMFAST.NS,1085.25,1030.45,699.51K,Producer Manufacturing,Auto Parts: Oem,72.0,86.0,83.0,67.0,25.8643,23.2,105.66K,164.54K,1094.6,730.1,228.04B,No,968.91,915.2,900.94,930.25,880.94,498
961,SMCGLOBAL.NS,80.6,79.8,1032.06K,Finance,Investment Banks/Brokers,72.0,84.0,81.0,45.0,3.27,3.2371,657.99K,789.21K,94.9,54.44,16.88B,No,78.74,72.63,71.84,73.99,71.0,497
962,ZKHANDEN.BO,118.75,137.3,0.02K,Process Industries,Agricultural Commodities/Milling,72.0,0.0,2.0,62.0,3.7536,0.075,0.02K,0.00K,200.0,67.01,100.95M,No,164.6,176.75,142.86,173.07,154.66,496
963,NRAIL.NS,521.65,487.75,177.81K,Process Industries,Containers/Packaging,72.0,93.0,57.0,65.0,31.0929,28.8929,7.08K,23.18K,574.0,333.0,8.88B,No,462.47,452.45,456.01,461.65,452.76,499
964,LYONSCO.BO,23.4,23.5,0.00K,Finance,Finance/Rental/Leasing,72.0,47.0,87.0,65.0,0.2686,0.075,0.20K,0.03K,35.29,17.43,109.47M,No,22.64,21.38,21.22,21.98,20.07,469
965,RRPDEFENSE.BO,666.0,666.0,0.03K,Distribution Services,Wholesale Distributors,72.0,32.0,18.0,9.0,1.45,0.0,0.03K,0.00K,984.4,295.0,9.14B,No,680.19,701.19,815.92,696.98,773.0,497
966,SHUKRAPHAR.BO,36.39,33.09,1630.15K,Health Technology,Pharmaceuticals: Major,72.0,69.0,66.0,16.0,1.835,1.6479,324.90K,179.89K,65.26,17.06,15.93B,No,32.7,31.22,38.31,31.96,35.24,497
967,BHAGERIA.NS,207.07,210.72,43.48K,Process Industries,Chemicals: Specialty,72.0,47.0,84.0,61.0,10.4757,9.1029,119.41K,52.66K,244.6,127.51,9.04B,No,211.95,209.36,180.43,214.61,177.34,499
968,KENNAMET.NS,3145.7,3058.6001,20.27K,Producer Manufacturing,Metal Fabrication,72.0,78.0,70.0,,90.15,83.4929,15.71K,9.93K,3400.3,2405.2,69.14B,No,2852.33,2897.86,,2893.04,,82
969,EUROPRATIK.NS,309.5,311.95,96.24K,Producer Manufacturing,Office Equipment/Supplies,72.0,54.0,71.0,82.0,11.5464,11.3607,275.00K,154.82K,390.0,205.1,31.63B,No,308.58,289.42,278.77,292.66,263.13,217
970,NIITLTD.NS,98.29,98.6,304.74K,Commercial Services,Miscellaneous Commercial Services,72.0,37.0,88.0,77.0,3.5114,3.4421,2698.28K,528.19K,118.79,49.0,13.42B,No,96.95,96.5,83.92,96.61,78.14,500
971,CANHLIFE.NS,150.55,149.93,630.93K,Finance,Life/Health Insurance,72.0,66.0,62.0,44.0,6.4386,6.0071,1823.04K,4943.54K,166.69,106.0,142.64B,No,148.9,143.17,139.16,143.27,143.52,201
972,PRECISIO.BO,200.05,202.8,3.15K,Electronic Technology,Telecommunications Equipment,72.0,4.0,91.0,62.0,10.7607,10.0929,3.16K,0.44K,266.3,107.1,2.77B,No,211.83,204.77,180.01,206.82,166.92,497
973,SARTHAKGL.BO,39.0,39.77,0.57K,Finance,Investment Banks/Brokers,72.0,87.0,80.0,72.0,0.3629,0.1157,0.90K,0.14K,76.57,22.24,117.00M,No,39.81,37.91,41.17,37.98,38.37,496
974,PASUPTAC.NS,59.67,61.79,62.56K,Process Industries,Textiles,72.0,42.0,70.0,76.0,2.2364,2.2264,377.88K,39.17K,78.95,40.1,5.32B,No,59.26,63.3,53.71,62.98,54.04,499
975,MANGLMCEM.NS,944.0,949.0,38.47K,Non-Energy Minerals,Construction Materials,72.0,49.0,54.0,67.0,19.8,19.8,77.61K,31.55K,1023.45,679.35,25.88B,No,966.58,912.83,833.04,920.93,867.56,498
976,ZENTEC.NS,1734.6,1674.7,733.15K,Technology Services,Information Technology Services,72.0,16.0,68.0,72.0,63.5428,58.4643,775.22K,470.40K,2024.0,1223.0,156.01B,No,1750.39,1776.8,1510.59,1787.9,1570.1,499
977,HONAUT.NS,38340.0,38375.0,2.59K,Electronic Technology,Electronic Equipment/Instruments,72.0,44.0,85.0,62.0,1041.0714,1033.9286,11.38K,10.75K,41495.0,26220.0,338.99B,No,38417.25,37661.1,33819.72,37818.5,33273.17,498
978,LUDLOWJUT.BO,383.9,378.95,0.45K,Process Industries,Textiles,72.0,57.0,81.0,94.0,17.2643,16.6714,5.15K,1.49K,479.0,162.0,4.13B,No,385.44,356.44,297.09,360.02,282.75,497
979,VOEPL.NS,508.7,498.1,65.04K,Health Technology,Medical Specialties,72.0,77.0,,,32.1536,31.5571,150.15K,177.79K,534.45,428.65,16.57B,No,481.27,,,,,26
980,IDFCFIRSTB.NS,85.06,85.3,10684.20K,Finance,Regional Banks,72.0,75.0,82.0,44.0,2.1086,1.8086,26463.03K,35328.49K,88.76,58.08,735.82B,No,82.62,79.06,76.63,79.92,74.72,500
981,CORALAB.BO,558.0,562.3,0.37K,Health Technology,Pharmaceuticals: Other,72.0,25.0,86.0,75.0,23.3821,22.2429,1.38K,0.59K,659.0,360.0,1.99B,No,581.24,565.3,480.24,568.36,479.78,497
982,IGPL.NS,509.2,514.45,373.36K,Process Industries,Chemicals: Specialty,72.0,88.0,68.0,81.0,20.1679,20.1679,38.00K,56.58K,532.45,315.0,15.49B,No,457.52,447.14,404.72,451.49,408.54,498
983,MAYUR.BO,22.7,21.71,3.14K,Consumer Non-Durables,Apparel/Footwear,72.0,32.0,74.0,43.0,1.6564,1.6514,19.87K,5.63K,29.63,12.57,109.75M,No,22.86,21.55,20.72,21.68,21.29,497
984,SIMPLEXCAS.BO,100.85,96.4,1169.12K,Producer Manufacturing,Metal Fabrication,72.0,25.0,79.0,66.0,7.3271,7.2593,120.33K,148.26K,124.7,71.32,4.13B,No,102.11,102.73,98.52,103.06,96.83,499
985,SHANMUGA.BO,46.5,49.59,10.00K,Health Services,Hospital/Nursing Management,72.0,95.0,80.0,70.0,1.6686,1.1636,10.06K,3.40K,56.76,34.0,633.00M,No,44.9,39.96,41.66,41.1,40.07,359
986,MAHLOG.NS,413.65,413.5,61.12K,Transportation,Air Freight/Couriers,72.0,71.0,58.0,62.0,17.4286,17.15,287.68K,577.62K,450.0,275.05,41.04B,No,401.92,377.79,362.34,381.85,375.67,500
987,RELAXO.NS,425.55,416.15,496.26K,Consumer Non-Durables,Apparel/Footwear,72.0,77.0,91.0,54.0,16.7143,16.3286,2025.83K,641.12K,526.0,236.5,105.94B,No,404.35,381.63,364.12,390.64,344.06,499
988,HTMEDIA.NS,27.18,28.66,771.27K,Consumer Services,Publishing: Newspapers,72.0,79.0,81.0,68.0,1.5336,1.4943,143.33K,119.13K,29.4,17.52,6.22B,No,25.8,24.06,23.24,24.27,22.59,498
989,VMART.NS,813.9,807.05,146.28K,Retail Trade,Specialty Stores,72.0,67.0,84.0,79.0,31.5893,31.2786,229.66K,220.05K,888.0,457.9,64.77B,No,762.41,747.45,688.65,757.28,646.82,498
990,CLN.BO,500.0,505.0,1.60K,Producer Manufacturing,Electrical Products,72.0,23.0,86.0,85.0,14.7714,8.4857,3.78K,1.08K,639.5,260.0,5.28B,No,503.77,464.06,420.16,473.82,392.53,375
991,KRONOX.NS,167.0,161.73,306.79K,Process Industries,Chemicals: Specialty,72.0,84.0,78.0,80.0,6.1479,6.1479,137.41K,90.34K,180.5,96.0,6.19B,No,153.65,148.88,136.53,150.68,133.63,499
992,KVFORGE.BO,151.55,159.5,9.28K,Producer Manufacturing,Metal Fabrication,72.0,13.0,82.0,63.0,8.9429,8.6571,6.93K,1.90K,184.0,106.0,1.66B,No,153.31,150.11,136.7,151.33,136.42,497
993,INNOVACAP.NS,964.25,945.0,17.71K,Health Technology,Pharmaceuticals: Major,71.0,26.0,70.0,80.0,24.1536,23.8572,58.35K,28.53K,1034.85,622.0,55.18B,No,971.59,948.1,787.1,948.95,801.59,499
994,FIEMIND.NS,2484.6,2498.0,78.87K,Producer Manufacturing,Auto Parts: Oem,71.0,82.0,69.0,61.0,69.3714,66.0286,50.62K,53.61K,2555.3,1794.0,65.39B,No,2328.34,2294.5,2225.65,2305.42,2215.33,500
995,ANG.BO,32.17,33.5,2.98K,Health Technology,Pharmaceuticals: Major,71.0,19.0,78.0,78.0,2.0407,2.0186,10.09K,4.02K,49.69,17.63,420.09M,No,34.38,33.47,28.57,33.81,28.03,497
996,AAYUSHBULL.BO,1228.4,1228.6,98.12K,Consumer Non-Durables,Apparel/Footwear,71.0,65.0,58.0,57.0,20.5,20.5,86.75K,108.64K,1235.05,910.5,18.81B,No,1179.71,1177.53,1117.44,1182.22,1149.46,497
997,MIIL.BO,724.0,719.85,51.79K,Finance,Investment Managers,71.0,28.0,42.0,74.0,24.7107,24.7107,81.51K,65.68K,818.7,470.1,15.51B,No,734.02,742.89,633.86,738.77,663.36,498
998,SAHYADRI.NS,332.15,316.8,15.70K,Non-Energy Minerals,Construction Materials,71.0,90.0,70.0,78.0,15.3071,14.5821,10.07K,11.20K,338.4,200.1,3.64B,No,295.02,285.25,262.69,285.66,264.75,498
999,LODHA.NS,1224.2,1250.0,627.47K,Finance,Real Estate Development,71.0,73.0,85.0,72.0,47.775,44.4857,2965.43K,3897.34K,1344.95,650.8,1222.89B,No,1210.8,1054.73,1015.84,1072.79,962.73,500
1000,FORINTL.BO,79.0,79.0,1.11K,Transportation,Air Freight/Couriers,71.0,74.0,66.0,73.0,4.0579,3.6986,0.85K,0.34K,92.0,50.11,556.16M,No,79.02,78.18,68.56,78.55,71.76,497
1001,TPLPLASTEH.NS,78.73,78.25,103.99K,Process Industries,Chemicals: Specialty,71.0,31.0,78.0,76.0,2.8071,2.7386,175.89K,114.34K,90.33,50.01,6.14B,No,80.05,74.64,68.26,75.66,68.43,499
1002,PIXTRANS.NS,1698.6,1722.6,11.35K,Producer Manufacturing,Miscellaneous Manufacturing,71.0,28.0,72.0,76.0,56.0572,55.55,92.51K,10.17K,1937.9,1220.1,23.14B,No,1779.04,1718.19,1516.71,1721.6,1547.82,498
1003,SHTL.BO,86.0,83.7,4.80K,Producer Manufacturing,Industrial Machinery,71.0,11.0,86.0,84.0,1.7079,0.7836,4.45K,1.68K,104.0,38.43,486.62M,No,79.22,80.72,,80.59,66.02,180
1004,RAMAVISION.BO,131.55,133.6,6.50K,Distribution Services,Medical Distributors,71.0,16.0,12.0,53.0,6.5036,6.4,3.05K,1.24K,190.85,74.0,1.40B,No,137.51,139.44,135.02,137.79,139.96,497
1005,BSE.NS,3435.0,3534.6001,3918.92K,Finance,Investment Banks/Brokers,71.0,11.0,18.0,70.0,94.7286,93.4786,3584.91K,2178.70K,4446.8,2021.5,1401.08B,No,3618.88,3809.06,3201.72,3765.43,3381.58,500
1006,UNIONBANK.NS,182.5,175.8,19945.61K,Finance,Major Banks,71.0,81.0,62.0,40.0,4.6621,4.565,15075.61K,12642.82K,205.49,124.64,1393.13B,No,170.83,169.89,168.15,170.34,175.05,499
1007,LYKISLTD.BO,46.18,46.46,19.58K,Consumer Non-Durables,Food: Major Diversified,71.0,63.0,60.0,54.0,2.205,2.1507,21.34K,14.87K,61.8,29.21,902.11M,No,45.77,45.29,43.3,45.34,46.16,497
1008,AMPL.BO,31.67,31.29,30.48K,Finance,Investment Managers,71.0,25.0,69.0,55.0,2.5829,2.5829,271.71K,35.56K,39.4,21.9,1.95B,No,32.44,31.2,30.01,31.59,30.02,497
1009,PLASTIBLEN.NS,197.49,190.01,354.72K,Process Industries,Chemicals: Major Diversified,71.0,85.0,74.0,77.0,6.4629,6.3607,77.20K,54.87K,216.29,121.01,5.13B,No,192.65,182.1,164.23,182.68,161.66,500
1010,TRAVELFOOD.NS,1337.2,1348.0,80.54K,Consumer Services,Restaurants,71.0,55.0,66.0,75.0,38.9714,38.0072,60.36K,16.04K,1445.0,1035.3,176.08B,No,1308.57,1298.41,1240.93,1304.78,1228.66,266
1011,CCL.NS,1131.2,1138.9,177.80K,Consumer Non-Durables,Food: Specialty/Candy,71.0,20.0,35.0,64.0,33.3286,32.1286,391.88K,172.49K,1242.2,815.5,150.82B,No,1184.84,1160.0,1051.72,1155.74,1081.85,500
1012,DDEVPLSTIK.NS,309.75,288.4,447.51K,Process Industries,Chemicals: Major Diversified,71.0,82.0,84.0,53.0,10.1964,10.1964,168.81K,91.07K,360.0,185.15,32.05B,No,283.32,271.22,270.23,276.26,262.4,388
1013,AARTIIND.NS,501.2,485.95,2569.82K,Process Industries,Chemicals: Major Diversified,71.0,70.0,56.0,79.0,14.9679,14.1857,1267.41K,1567.36K,523.1,338.05,181.80B,No,488.55,476.01,429.38,478.31,449.63,500
1014,63MOONS.NS,858.2,862.95,223.06K,Technology Services,Packaged Software,71.0,93.0,76.0,77.0,45.6607,44.6357,665.48K,2883.01K,1029.9,467.0,39.54B,No,768.84,701.77,685.89,719.29,654.08,500
1015,ENGINERSIN.NS,244.12,240.27,4137.15K,Industrial Services,Engineering & Construction,71.0,55.0,32.0,81.0,6.0507,5.9014,3382.62K,879.83K,267.0,163.55,136.23B,No,229.03,235.63,213.91,236.98,219.45,500
1016,COFORGE.NS,1772.8,1777.0,1606.20K,Technology Services,Information Technology Services,71.0,91.0,90.0,52.0,58.8072,53.7429,3876.49K,4598.16K,1989.7,1008.1,784.80B,No,1600.69,1511.61,1513.84,1521.36,1390.58,500
1017,DENORA.NS,879.55,885.25,5.37K,Electronic Technology,Electronic Equipment/Instruments,71.0,52.0,76.0,82.0,38.9143,36.1929,12.12K,11.67K,960.35,559.0,4.62B,No,879.99,847.37,742.22,855.27,750.76,499
1018,SHYAMMETL.NS,1015.5,1029.6,568.15K,Producer Manufacturing,Metal Fabrication,71.0,75.0,76.0,66.0,28.5643,28.1,679.02K,357.35K,1090.0,746.0,282.64B,No,1029.75,990.86,880.99,993.16,895.1,500
1019,ABSLAMC.NS,1024.1,1017.1,169.77K,Technology Services,Internet Software/Services,71.0,10.0,36.0,79.0,38.2857,36.3572,408.01K,459.15K,1224.9,708.0,,No,1057.22,1094.93,929.0,1100.03,993.85,500
1020,JSWINFRA.NS,330.1,334.4,1090.53K,Industrial Services,Engineering & Construction,71.0,60.0,77.0,74.0,10.275,9.9964,4073.22K,3574.92K,355.8,233.42,758.22B,No,331.28,314.07,280.73,316.8,280.73,500
1021,CARBORUNIV.NS,1069.1,1081.7,79.07K,Process Industries,Industrial Specialties,71.0,35.0,64.0,79.0,35.1929,35.1929,316.83K,132.95K,1306.9,735.2,203.66B,No,1072.41,1091.55,927.61,1096.57,950.59,499
1022,AGARWALEYE.NS,532.3,521.05,241.41K,Health Services,Medical/Nursing Services,71.0,79.0,79.0,70.0,19.5643,19.1643,86.64K,76.72K,568.0,401.0,168.75B,No,489.89,475.71,473.77,478.52,457.27,372
1023,FINCABLES.NS,1036.1,1003.35,507.69K,Producer Manufacturing,Electrical Products,71.0,43.0,39.0,83.0,26.9857,26.8464,499.06K,211.57K,1203.9,700.8,158.25B,No,1010.42,1053.94,895.95,1056.73,949.91,500
1024,ANTHEM.NS,825.65,825.65,799.16K,Health Technology,Biotechnology,71.0,75.0,64.0,81.0,27.85,25.9464,653.37K,923.74K,873.5,579.15,463.78B,No,782.38,773.86,707.37,778.3,723.15,261
1025,BIOCON.NS,436.6,425.2,10927.72K,Health Technology,Pharmaceuticals: Major,71.0,76.0,74.0,66.0,9.0143,8.9357,5246.59K,3662.38K,447.15,331.0,,No,431.23,422.23,392.84,424.14,394.42,500
1026,GKSL.NS,134.79,134.57,827.86K,Health Services,Hospital/Nursing Management,71.0,60.0,56.0,74.0,3.7121,3.7121,420.27K,170.71K,148.34,98.36,10.63B,No,129.51,129.74,,129.9,119.91,152
1027,SHREEPAC.BO,152.75,153.9,2.27K,Health Technology,Medical Specialties,71.0,82.0,64.0,40.0,10.6071,10.3214,3.59K,4.00K,283.15,90.0,572.77M,No,141.49,137.85,165.17,138.56,135.82,496
1028,SUNDRMBRAK.NS,775.5,778.0,0.18K,Producer Manufacturing,Auto Parts: Oem,71.0,27.0,84.0,80.0,22.5464,21.8357,4.83K,0.47K,877.7,460.0,3.05B,No,798.79,780.39,682.51,784.56,663.11,499
1029,SKFINDUS.NS,2747.8,2728.8999,37.61K,Producer Manufacturing,Auto Parts: Oem,70.0,34.0,85.0,45.0,99.2643,96.6143,44.05K,25.62K,3041.0,1994.1,135.85B,No,2733.02,2643.62,,2678.93,2449.64,164
1030,THEMISMED.NS,112.78,116.06,36.21K,Health Technology,Pharmaceuticals: Major,70.0,39.0,75.0,83.0,5.2079,5.0936,303.65K,39.85K,148.0,64.95,10.48B,No,111.65,110.48,99.97,109.79,95.17,499
1031,ACE.NS,1113.7,1137.8,246.68K,Producer Manufacturing,Trucks/Construction/Farm Machinery,70.0,84.0,83.0,77.0,45.0786,43.7,569.03K,1250.45K,1170.0,745.1,132.56B,No,1038.07,985.01,933.82,998.48,913.66,500
1032,ZYDUSWELL.NS,531.5,530.4,247.50K,Consumer Non-Durables,Food: Major Diversified,70.0,15.0,58.0,70.0,23.675,23.2393,774.44K,291.13K,611.85,367.55,169.10B,No,570.0,544.23,472.67,547.52,482.22,499
1033,KIRLOSBROS.NS,1957.2,1984.9,72.97K,Producer Manufacturing,Industrial Machinery,70.0,64.0,71.0,72.0,66.6214,66.4071,188.37K,91.26K,2189.2,1335.0,155.59B,No,1890.97,1857.15,1694.79,1869.94,1686.77,500
1034,CORDSCABLE.NS,222.46,223.29,21.50K,Producer Manufacturing,Electrical Products,70.0,75.0,58.0,80.0,7.9207,7.7443,71.44K,9.98K,259.4,127.01,2.88B,No,207.28,211.44,186.4,210.51,186.01,499
1035,PRIMEPRO.BO,29.49,29.84,6.78K,Finance,Real Estate Development,70.0,58.0,90.0,52.0,1.4607,1.3571,6.57K,2.09K,36.59,15.35,500.48M,No,27.54,29.61,25.97,29.96,25.05,497
1036,BGRENERGY.NS,254.1,258.85,102.68K,Industrial Services,Engineering & Construction,70.0,4.0,22.0,6.0,14.3071,13.55,65.84K,54.13K,490.8,109.33,18.34B,No,286.91,309.68,333.16,305.4,309.34,497
1037,APEX.NS,375.15,377.75,49.14K,Consumer Non-Durables,Food: Meat/Fish/Dairy,70.0,30.0,5.0,75.0,10.075,9.9321,298.43K,70.56K,514.5,208.74,11.72B,No,388.73,402.05,362.04,397.94,396.29,500
1038,ASHAPURMIN.NS,729.1,739.7,676.50K,Non-Energy Minerals,Other Metals/Minerals,70.0,85.0,69.0,57.0,25.0,24.3286,689.89K,522.19K,924.9,455.1,69.65B,No,698.85,690.49,665.06,688.45,629.21,500
1039,ORIENTHOT.NS,128.77,131.3,370.61K,Consumer Services,Hotels/Resorts/Cruise Lines,70.0,38.0,79.0,74.0,7.7814,7.5693,1204.02K,950.74K,149.5,80.0,23.00B,No,133.7,126.06,110.26,126.57,107.9,500
1040,ETERNAL.NS,315.95,310.35,29949.72K,Technology Services,Internet Software/Services,70.0,77.0,83.0,62.0,10.0714,9.8071,32629.68K,45418.04K,368.45,212.6,2911.21B,No,296.63,274.91,273.07,277.63,260.43,500
1041,DEEPAKSP.BO,143.0,140.15,15.86K,Process Industries,Textiles,70.0,67.0,81.0,70.0,7.7679,7.7607,5.00K,4.40K,154.0,88.65,1.03B,No,136.19,127.21,121.38,130.02,120.04,497
1042,DALMIASUG.NS,400.5,393.3,299.68K,Process Industries,Agricultural Commodities/Milling,70.0,79.0,55.0,83.0,17.7786,17.7714,401.92K,1111.38K,421.05,261.4,32.04B,No,369.23,350.47,329.97,350.63,336.71,498
1043,QUADFUTURE.NS,378.0,357.9,618.62K,Producer Manufacturing,Electrical Products,70.0,8.0,76.0,71.0,17.6964,17.4036,969.77K,330.60K,502.4,248.55,15.12B,No,382.11,389.71,327.0,391.05,329.86,390
1044,JINDRILL.NS,624.3,620.35,123.76K,Industrial Services,Contract Drilling,70.0,52.0,76.0,75.0,21.3714,20.2143,2814.84K,287.52K,693.5,440.1,18.09B,No,604.02,592.85,549.41,594.67,543.82,500
1045,LABELKRAFT.BO,62.0,63.0,4.00K,Distribution Services,Electronics Distributors,70.0,59.0,61.0,79.0,0.4443,0.1386,0.98K,1.60K,66.5,45.6,201.13M,No,62.13,61.69,55.36,60.9,57.79,496
1046,KABSON.BO,23.99,21.37,6.96K,Producer Manufacturing,Industrial Machinery,70.0,74.0,69.0,92.0,1.6507,1.5943,4.26K,2.06K,25.01,11.0,418.94M,No,21.2,20.48,17.7,20.54,17.98,497
1047,GUJALKALI.NS,686.15,677.35,81.27K,Process Industries,Chemicals: Specialty,70.0,86.0,17.0,85.0,31.45,28.9679,119.78K,248.29K,815.0,409.15,50.00B,No,644.87,637.15,576.96,635.7,598.89,499
1048,LYNMC.BO,195.95,195.95,0.20K,Transportation,Other Transportation,70.0,52.0,67.0,62.0,0.0,0.0,0.01K,0.02K,195.95,147.0,200.95M,No,195.95,191.67,174.62,192.23,182.22,497
1049,CEIGALL.NS,331.9,341.7,97.86K,Industrial Services,Engineering & Construction,70.0,9.0,27.0,70.0,11.2107,11.2107,653.12K,249.80K,405.7,222.61,57.82B,No,343.4,359.48,299.63,357.34,319.79,496
1050,3MINDIA.NS,36000.0,35805.0,4.63K,Producer Manufacturing,Industrial Conglomerates,70.0,63.0,70.0,48.0,896.4286,866.7857,4.63K,3.49K,38030.0,28730.0,405.54B,No,35510.75,34017.8,33785.3,34164.0,33565.33,498
1051,AIIL.NS,596.2,570.5,3428.65K,Finance,Financial Conglomerates,70.0,88.0,82.0,65.0,23.7607,22.5893,846.74K,469.19K,683.0,400.0,506.31B,No,544.09,521.79,522.32,533.1,504.11,500
1052,PPLPHARMA.NS,208.24,206.78,7179.97K,Health Technology,Pharmaceuticals: Major,70.0,91.0,73.0,79.0,8.2857,8.2493,8116.44K,10154.89K,212.43,132.3,275.92B,No,187.09,175.37,170.22,177.49,164.32,500
1053,KNACK.NS,211.0,213.35,1085.16K,Process Industries,Containers/Packaging,70.0,,,,9.03,8.7664,5531.18K,1498.48K,220.72,180.33,25.82B,No,197.22,,,,,22
1054,WWALUM.BO,21.1,20.1,1.06K,Distribution Services,Wholesale Distributors,70.0,73.0,48.0,63.0,0.5286,0.3121,0.72K,0.72K,26.48,14.89,69.34M,No,18.34,19.49,19.26,19.31,19.03,496
1055,LUPIN.NS,2399.0,2388.0,1185.16K,Health Technology,Pharmaceuticals: Other,70.0,25.0,43.0,57.0,57.0428,54.6214,1033.07K,1013.64K,2529.5,1855.0,1090.51B,No,2436.34,2378.36,2234.9,2384.21,2308.71,500
1056,UNITDSPR.NS,1525.0,1520.0,408.94K,Consumer Non-Durables,Beverages: Alcoholic,70.0,71.0,78.0,61.0,33.1215,32.4786,989.92K,1328.45K,1536.8,1210.8,1082.83B,No,1442.76,1368.84,1363.52,1389.85,1346.79,499
1057,OVOBELE.BO,169.9,163.0,3.81K,Consumer Non-Durables,Food: Specialty/Candy,70.0,7.0,78.0,40.0,8.95,8.0643,10.51K,6.30K,211.9,105.6,1.61B,No,183.11,183.05,163.79,183.75,157.47,497
1058,RELIABVEN.BO,25.25,24.05,12.53K,Consumer Services,Hotels/Resorts/Cruise Lines,70.0,28.0,76.0,71.0,1.4107,1.3171,25.82K,5.01K,37.05,16.63,278.08M,No,24.85,25.96,22.41,26.77,22.84,497
1059,UNICHEMLAB.NS,497.4,497.4,94.96K,Health Technology,Pharmaceuticals: Major,70.0,68.0,86.0,80.0,23.05,22.3107,857.23K,96.83K,687.2,278.2,35.02B,No,558.5,480.51,417.94,495.03,401.66,499
1060,MCFL.BO,216.0,212.0,6.00K,Process Industries,Agricultural Commodities/Milling,70.0,22.0,80.0,79.0,1.9964,0.8571,28.67K,1.44K,235.8,144.25,1.17B,No,214.8,210.78,184.17,210.81,180.63,497
1061,GPTHEALTH.NS,165.6,164.7,84.93K,Health Services,Hospital/Nursing Management,70.0,75.0,76.0,74.0,6.2807,6.2457,164.24K,330.30K,175.0,115.0,13.59B,No,159.61,153.65,140.27,155.78,139.74,498
1062,PHOENIXLTD.NS,1913.0,1930.5,227.16K,Finance,Real Estate Development,70.0,17.0,60.0,61.0,50.8714,48.7714,661.94K,780.93K,2169.8,1402.5,684.21B,No,2023.46,1932.62,1783.65,1937.37,1781.91,498
1063,BEMHY.BO,114.8,116.0,18.48K,Producer Manufacturing,Industrial Machinery,70.0,91.0,87.0,81.0,5.5343,5.4586,14.16K,15.22K,188.2,59.99,5.02B,No,105.39,96.97,93.84,98.29,89.0,498
1064,HAWKINCOOK.NS,8576.0,8526.5,0.22K,Producer Manufacturing,Miscellaneous Manufacturing,70.0,22.0,74.0,,311.75,305.6071,1.72K,3.19K,9600.0,7109.0,45.35B,No,8762.83,8315.86,,8366.65,,75
1065,GREENLAM.NS,272.3,266.7,424.27K,Non-Energy Minerals,Forest Products,70.0,74.0,81.0,60.0,9.825,9.5643,318.09K,113.13K,278.63,197.59,69.69B,No,253.59,250.96,243.1,255.58,239.05,498
1066,GRAPHITE.NS,723.8,709.15,1656.37K,Process Industries,Industrial Specialties,69.0,92.0,49.0,64.0,27.4107,26.9143,1271.51K,1646.61K,802.4,505.8,141.07B,No,655.85,650.55,640.29,653.14,666.24,500
1067,SMSPHARMA.NS,357.2,364.55,179.35K,Health Technology,Pharmaceuticals: Major,69.0,6.0,15.0,60.0,13.15,12.8714,399.27K,172.08K,447.8,207.99,33.45B,No,383.1,383.79,356.94,383.31,377.29,499
1068,ELGIEQUIP.NS,588.0,584.1,140.04K,Producer Manufacturing,Industrial Machinery,69.0,51.0,61.0,80.0,15.8893,15.55,498.38K,207.05K,633.85,408.25,185.76B,No,580.37,591.85,521.79,590.37,535.12,500
1069,MISHKA.BO,45.0,47.2,1.01K,Distribution Services,Wholesale Distributors,69.0,81.0,72.0,56.0,2.4657,2.1293,1.26K,0.62K,50.0,32.05,650.25M,No,41.38,40.97,41.37,41.54,41.1,497
1070,INTEGSW.BO,157.5,157.5,0.12K,Producer Manufacturing,Electrical Products,69.0,70.0,57.0,82.0,0.0,0.0,0.09K,0.01K,175.0,102.6,453.85M,No,156.38,151.44,139.13,152.31,143.13,497
1071,IKIO.NS,203.73,205.26,99.54K,Producer Manufacturing,Electrical Products,69.0,78.0,77.0,79.0,7.9893,7.8,1699.52K,365.32K,252.9,103.53,15.58B,No,208.01,181.24,167.5,186.8,158.51,500
1072,DSSL.NS,1257.2,1243.3,13.44K,Technology Services,Information Technology Services,69.0,30.0,28.0,79.0,47.8429,46.0714,139.00K,35.85K,1924.8,781.0,15.79B,No,1233.48,1316.36,1092.01,1297.08,1146.82,499
1073,TERASOFT.NS,424.05,428.95,59.27K,Technology Services,Information Technology Services,69.0,74.0,82.0,54.0,18.1036,18.1036,22.18K,8.57K,598.0,282.8,5.31B,No,396.65,409.31,407.63,409.33,376.49,498
1074,TVSSCS.NS,132.38,135.52,417.71K,Transportation,Air Freight/Couriers,69.0,35.0,68.0,81.0,3.3079,3.2107,636.20K,235.48K,146.5,90.32,58.40B,No,136.2,132.98,117.07,134.9,118.52,499
1075,TERAI.BO,117.3,123.0,0.10K,Consumer Non-Durables,Food: Major Diversified,69.0,46.0,77.0,71.0,4.7143,4.1,0.97K,0.19K,143.7,83.0,806.94M,No,120.6,118.28,106.28,120.2,108.61,496
1076,TRITURBINE.NS,646.35,623.45,1270.03K,Producer Manufacturing,Industrial Machinery,69.0,58.0,77.0,79.0,16.3393,16.0857,2058.50K,512.34K,787.6,428.35,205.47B,No,617.42,652.75,556.0,644.63,565.3,499
1077,SBIN.NS,1085.0,1055.0,13817.53K,Finance,Regional Banks,69.0,61.0,44.0,38.0,17.2214,16.7214,14094.23K,9348.50K,1234.7,790.0,10015.22B,No,1032.85,1022.26,1029.0,1030.12,1054.38,500
1078,THEJO.NS,2159.1,2100.2,6.75K,Distribution Services,Wholesale Distributors,69.0,82.0,74.0,70.0,89.5929,89.0643,8.86K,14.33K,2329.7,1443.6,23.42B,No,1950.89,1812.47,1731.99,1855.24,1746.44,498
1079,LOTUSEYE.NS,117.2,117.83,2.46K,Health Services,Medical/Nursing Services,69.0,35.0,51.0,18.0,5.0136,5.0136,33.28K,24.16K,147.0,70.84,2.44B,No,119.57,121.89,116.41,123.47,116.43,498
1080,DIXON.NS,14222.0,14310.0,206.99K,Electronic Technology,Electronic Production Equipment,69.0,75.0,86.0,79.0,419.0,415.3571,639.99K,401.43K,18471.0,9600.0,863.39B,No,13989.6,12839.84,12265.4,12980.9,11519.07,500
1081,TRANSPEK.NS,1321.4,1359.4,3.11K,Process Industries,Chemicals: Specialty,69.0,95.0,73.0,,83.0214,67.9857,14.14K,54.93K,1447.9,952.3,7.38B,No,1096.07,1040.37,,1056.58,,75
1082,NUVAMA.NS,1658.3,1676.1,319.79K,Finance,Investment Managers,69.0,7.0,72.0,71.0,82.6286,81.9714,640.36K,700.06K,2066.0,1096.9,302.80B,No,1847.97,1758.03,1473.73,1782.11,1484.55,500
1083,MARICO.NS,858.0,852.0,1939.39K,Consumer Non-Durables,Household/Personal Care,69.0,51.0,58.0,65.0,19.7429,19.7429,2007.05K,1969.43K,889.1,690.3,1114.71B,No,860.01,838.45,779.22,839.38,796.59,500
1084,RAP.BO,39.74,38.54,1.87K,Finance,Real Estate Development,69.0,87.0,50.0,68.0,2.9271,2.9257,2.23K,1.08K,49.1,23.45,233.71M,No,38.49,37.83,37.97,37.83,35.67,497
1085,HMT.NS,60.46,61.48,4.78K,Producer Manufacturing,Industrial Machinery,69.0,18.0,47.0,81.0,2.2914,2.2071,14.81K,8.17K,72.95,41.0,73.64B,No,61.64,61.69,55.77,62.42,57.99,498
1086,MANOMAY.NS,217.71,214.06,42.17K,Process Industries,Textiles,69.0,92.0,72.0,32.0,7.1164,7.1121,51.00K,156.31K,259.88,154.1,3.93B,No,198.88,188.61,208.5,192.11,207.05,498
1087,JINDALPOLY.NS,634.1,626.45,15.03K,Process Industries,Containers/Packaging,69.0,26.0,20.0,88.0,18.1393,17.9429,32.68K,11.09K,1026.45,365.0,27.76B,No,651.39,659.09,614.41,663.43,656.54,500
1088,DIAMONDYD.NS,1170.7,1174.2,14.51K,Consumer Non-Durables,Food: Specialty/Candy,69.0,30.0,76.0,47.0,42.2143,42.2143,69.86K,55.47K,1228.9,858.9,27.88B,No,1152.37,1146.08,1075.63,1157.07,1067.88,498
1089,CREDITACC.NS,1542.2,1527.6,233.08K,Finance,Finance/Rental/Leasing,69.0,44.0,59.0,64.0,55.0072,52.5286,380.01K,666.79K,1634.0,1113.0,247.82B,No,1534.4,1455.28,1335.41,1466.58,1335.59,500
1090,HARRMALAYA.NS,222.83,223.12,36.05K,Process Industries,Agricultural Commodities/Milling,69.0,79.0,50.0,80.0,8.0886,7.88,16.86K,9.05K,237.9,153.66,4.10B,No,217.53,208.61,189.83,210.73,195.75,500
1091,JAGSNPHARM.NS,240.0,239.62,123.45K,Health Technology,Pharmaceuticals: Generic,69.0,59.0,71.0,82.0,10.6964,10.5857,525.81K,1512.01K,272.5,155.0,15.82B,No,228.45,222.27,201.19,223.41,199.09,500
1092,FLUIDOM.BO,891.75,886.6,1.88K,Producer Manufacturing,Miscellaneous Manufacturing,69.0,47.0,84.0,78.0,43.6036,43.2072,4.89K,3.03K,1179.95,550.0,4.34B,No,923.49,873.74,752.63,880.47,741.71,497
1093,MAPROIN.BO,66.51,65.21,4.66K,Consumer Durables,Homebuilding,69.0,99.0,93.0,77.0,2.5836,0.9186,25.54K,10.34K,395.9,24.03,557.95M,No,44.79,39.35,49.32,40.5,46.2,497
1094,MIDHANI.NS,436.7,416.15,2634.73K,Non-Energy Minerals,Other Metals/Minerals,69.0,66.0,61.0,63.0,10.3393,10.0286,1113.13K,301.77K,454.8,266.65,81.81B,No,406.36,418.79,369.32,419.54,378.63,500
1095,HLEGLAS.NS,442.05,428.4,1063.98K,Producer Manufacturing,Industrial Machinery,69.0,81.0,85.0,67.0,18.8679,18.8679,483.72K,181.26K,661.95,250.0,31.56B,No,422.65,396.55,393.01,404.39,353.85,500
1096,BBTCL.NS,221.83,224.02,18.11K,Process Industries,Containers/Packaging,69.0,63.0,72.0,65.0,11.1057,10.7214,11.39K,25.19K,251.0,156.0,4.55B,No,218.55,217.99,197.44,219.73,197.78,498
1097,KIMS.NS,811.05,802.15,504.23K,Health Services,Hospital/Nursing Management,69.0,42.0,75.0,78.0,19.9429,19.9072,635.35K,627.03K,858.0,575.8,323.55B,No,800.75,795.83,704.84,805.33,716.77,500
1098,ROLEXRINGS.NS,152.8,144.82,15720.66K,Producer Manufacturing,Metal Fabrication,69.0,77.0,57.0,73.0,6.5207,6.0229,1334.64K,1197.69K,176.0,99.79,40.08B,No,144.66,143.24,131.49,143.95,136.06,500
1099,SUYOG.NS,862.55,839.5,19.66K,Industrial Services,Engineering & Construction,69.0,18.0,71.0,86.0,31.8607,31.8,38.11K,18.64K,925.0,526.5,10.11B,No,860.29,817.37,715.67,819.88,738.63,488
1100,CHOICEIN.NS,833.2,824.35,666.50K,Commercial Services,Miscellaneous Commercial Services,69.0,72.0,81.0,54.0,14.6821,14.5857,914.10K,589.45K,860.5,568.7,185.62B,No,813.56,754.46,746.55,768.42,726.68,499
1101,POONAWALLA.NS,490.85,480.75,2830.94K,Finance,Finance/Rental/Leasing,69.0,69.0,65.0,70.0,15.7143,15.5036,1638.20K,996.59K,570.4,361.2,429.83B,No,472.53,440.27,442.27,447.81,429.54,500
1102,KCPSUGIND.NS,31.05,31.47,281.18K,Process Industries,Agricultural Commodities/Milling,68.0,96.0,74.0,79.0,2.5964,2.4,454.12K,1839.86K,36.95,21.45,3.51B,No,27.04,24.38,25.21,24.66,24.21,499
1103,TEJASNET.NS,522.3,527.6,681.14K,Electronic Technology,Telecommunications Equipment,68.0,29.0,46.0,86.0,19.4893,18.4071,7129.74K,1861.70K,647.0,294.0,92.83B,No,527.33,560.27,469.51,565.93,463.17,500
1104,ADVLIFE.BO,30.5,29.9,0.30K,Producer Manufacturing,Industrial Machinery,68.0,21.0,49.0,79.0,0.9557,0.5229,0.93K,0.43K,34.0,20.05,189.89M,No,30.35,30.32,26.79,30.19,27.53,497
1105,SAMMAANCAP.NS,167.22,161.53,12362.80K,Finance,Finance/Rental/Leasing,68.0,47.0,68.0,56.0,4.0093,3.9357,16075.57K,5822.39K,192.95,114.1,192.08B,No,162.65,169.81,156.37,169.75,155.52,500
1106,ACCEDERE.BO,71.23,74.97,0.03K,Distribution Services,Electronics Distributors,68.0,78.0,83.0,38.0,3.0436,2.0314,3.38K,0.30K,91.42,42.11,325.59M,No,64.68,66.47,67.42,66.4,62.62,499
1107,GRASIM.NS,3191.2,3224.0,365.59K,Non-Energy Minerals,Construction Materials,68.0,53.0,67.0,61.0,65.4643,61.2571,732.22K,368.80K,3260.0,2502.5,2183.97B,No,3141.07,3134.01,2889.66,3138.37,2913.38,500
1108,IFBIND.NS,1434.3,1443.0,95.34K,Consumer Durables,Electronics/Appliances,68.0,83.0,80.0,75.0,45.7143,45.0286,166.70K,65.51K,2019.8,883.2,58.38B,No,1353.96,1304.37,1333.18,1315.66,1189.69,500
1109,FAIRCHEMOR.NS,765.25,780.85,1.99K,Process Industries,Chemicals: Specialty,68.0,78.0,83.0,65.0,32.1179,26.6071,29.27K,46.35K,886.9,428.05,9.64B,No,755.72,683.86,645.8,690.49,619.5,498
1110,WALCHANNAG.NS,231.82,233.37,685.71K,Producer Manufacturing,Industrial Machinery,68.0,37.0,26.0,80.0,9.9321,9.9071,2209.15K,674.24K,315.8,131.15,15.74B,No,241.2,252.53,198.76,254.48,209.32,499
1111,SUNPHARMA.NS,1951.0,1940.0,1864.67K,Health Technology,Pharmaceuticals: Major,68.0,56.0,64.0,69.0,35.7571,34.6857,2520.81K,3059.45K,2046.9,1548.0,4681.10B,No,1957.11,1885.56,1782.07,1894.82,1789.75,500
1112,NAM.BO,93.8,97.97,0.00K,Finance,Investment Banks/Brokers,68.0,84.0,76.0,66.0,4.1857,3.6679,0.11K,0.23K,105.3,68.0,505.77M,No,92.83,84.58,83.88,84.46,83.0,497
1113,SCBL.BO,34.63,34.63,0.47K,Non-Energy Minerals,Other Metals/Minerals,68.0,2.0,5.0,10.0,1.6564,1.135,0.93K,0.12K,64.13,6.75,37.17M,No,38.7,43.06,38.39,41.47,46.02,495
1114,FUSION.NS,215.99,209.72,1077.90K,Finance,Finance/Rental/Leasing,68.0,28.0,43.0,65.0,10.1714,9.9793,832.85K,529.03K,243.0,136.5,34.77B,No,218.97,199.98,180.63,204.75,186.34,499
1115,MAGNAELQ.BO,1210.0,1184.85,1.95K,Producer Manufacturing,Metal Fabrication,68.0,32.0,52.0,89.0,54.8964,54.8429,1.31K,2.28K,1290.5,706.0,5.08B,No,1180.37,1128.4,1007.89,1136.62,1032.83,489
1116,PRERINFRA.BO,26.95,26.89,3.77K,Consumer Durables,Homebuilding,68.0,61.0,78.0,50.0,1.7321,1.6314,17.00K,7.99K,36.98,19.03,973.64M,No,26.16,26.65,26.22,26.72,25.14,496
1117,WELENT.NS,567.8,584.1,662.71K,Industrial Services,Engineering & Construction,68.0,20.0,66.0,69.0,16.8536,16.2071,289.64K,188.20K,634.9,412.0,77.00B,No,606.69,580.26,520.03,583.69,515.94,499
1118,KHAZANCHI.BO,728.45,709.0,30.75K,Distribution Services,Wholesale Distributors,68.0,88.0,68.0,40.0,16.5571,16.3786,31.01K,34.62K,799.5,577.0,18.03B,No,671.81,642.23,693.41,651.43,682.64,497
1119,ARIGATO.BO,51.82,49.36,0.20K,Technology Services,Information Technology Services,68.0,68.0,75.0,69.0,1.8564,0.5586,0.98K,0.15K,67.99,32.45,315.91M,No,49.59,51.57,50.41,51.01,50.42,498
1120,TIPSMUSIC.NS,654.4,672.5,305.20K,Consumer Services,Movies/Entertainment,68.0,29.0,50.0,71.0,42.1321,40.0607,586.62K,1866.53K,741.0,481.15,83.65B,No,685.37,667.48,581.08,670.37,605.1,499
1121,TECHM.NS,1632.2,1650.0,3585.78K,Technology Services,Information Technology Services,68.0,84.0,74.0,30.0,38.4572,35.1071,2717.01K,2772.03K,1854.0,1304.1,1445.88B,No,1581.15,1502.9,1497.89,1505.47,1484.8,500
1122,GMRAIRPORT.NS,106.25,107.0,3161.61K,Transportation,Other Transportation,68.0,21.0,63.0,60.0,2.1336,2.13,21579.26K,12522.21K,115.64,84.11,1121.89B,No,109.01,107.61,100.04,107.78,99.49,500
1123,MNFL.BO,161.5,161.5,2.40K,Consumer Non-Durables,Food: Specialty/Candy,68.0,52.0,41.0,34.0,0.0,0.0,4.68K,0.36K,186.0,118.4,2.02B,No,161.5,160.83,,159.3,160.92,166
1124,LASERPOWER.NS,296.4,290.2,1265.62K,Producer Manufacturing,Electrical Products,68.0,,,,20.32,20.2093,7610.44K,3940.01K,317.0,250.0,41.61B,No,,,,,,16
1125,MODIS.NS,411.3,410.65,70.24K,Finance,Real Estate Development,68.0,90.0,71.0,73.0,22.1607,21.4429,78.84K,148.22K,429.05,276.0,8.05B,No,380.99,356.99,,359.49,339.5,181
1126,GOLDCOINHF.BO,30.5,30.06,1.06K,Process Industries,Agricultural Commodities/Milling,68.0,6.0,52.0,41.0,3.6521,3.6207,1.97K,3.67K,38.49,19.96,45.76M,No,31.17,31.92,31.03,31.92,31.87,500
1127,TEXINFRA.NS,113.48,112.94,168.13K,Utilities,Electric Utilities,68.0,37.0,68.0,66.0,2.4714,2.4614,143.55K,84.82K,118.0,82.5,14.46B,No,113.79,108.19,100.58,109.09,100.43,498
1128,SUTLEJTEX.NS,40.44,38.98,127.38K,Process Industries,Textiles,68.0,77.0,68.0,83.0,1.7893,1.7893,45.22K,22.85K,41.5,24.0,6.71B,No,38.3,37.58,33.93,38.25,34.21,499
1129,RAJABAH.BO,5026.0,5001.0,0.01K,Finance,Real Estate Development,68.0,26.0,65.0,54.0,101.7071,66.0643,0.03K,0.00K,6099.0,4135.1,1.26B,No,5288.37,5357.38,4760.58,5387.64,4892.46,497
1130,KIRLPNU.NS,1464.4,1458.0,94.05K,Producer Manufacturing,Industrial Machinery,68.0,3.0,29.0,74.0,66.9357,66.4643,232.21K,326.19K,2197.1,990.1,94.53B,No,1582.67,1690.21,1308.96,1676.63,1390.15,499
1131,RATHIST.BO,26.14,26.44,105.90K,Non-Energy Minerals,Steel,68.0,93.0,82.0,57.0,1.4836,1.4807,91.15K,202.37K,28.99,13.5,2.26B,No,24.7,21.33,22.88,21.69,21.04,497
1132,STERPOW.BO,35.61,35.74,2.87K,Electronic Technology,Semiconductors,68.0,21.0,65.0,84.0,2.4557,2.4557,6.77K,4.58K,43.0,16.9,187.40M,No,36.48,35.22,29.84,35.65,29.35,496
1133,SDL.BO,31.64,30.16,0.63K,Health Technology,Medical Specialties,68.0,4.0,17.0,41.0,1.925,1.4693,0.98K,0.77K,51.49,19.05,229.81M,No,35.41,38.08,34.3,37.56,35.73,498
1134,IFGLEXPOR.NS,224.97,219.62,93.45K,Producer Manufacturing,Industrial Machinery,68.0,37.0,80.0,70.0,11.635,11.4279,160.42K,47.35K,338.0,119.68,16.25B,No,210.16,201.7,193.05,205.75,182.44,500
1135,SHEMAROO.NS,119.67,118.35,22.62K,Consumer Services,Movies/Entertainment,68.0,31.0,73.0,67.0,5.2786,5.1721,23.00K,7.67K,143.0,73.0,3.44B,No,121.93,120.99,108.09,122.3,106.81,497
1136,TEMBO.NS,63.8,65.9,7064.27K,Producer Manufacturing,Metal Fabrication,68.0,81.0,62.0,65.0,3.2679,3.1171,161.37K,182.84K,837.0,59.7,9.87B,No,56.05,56.57,59.97,56.65,56.13,500
1137,HARISH.BO,70.5,70.48,1.67K,Producer Manufacturing,Industrial Machinery,68.0,63.0,65.0,55.0,3.23,3.1543,1.79K,1.35K,75.5,52.4,235.19M,No,67.61,66.52,64.23,66.59,65.34,497
1138,COFFEEDAY.NS,34.1,34.12,581.83K,Consumer Services,Restaurants,68.0,69.0,86.0,58.0,1.2307,1.1579,2630.55K,297.79K,51.46,21.0,7.20B,No,31.61,33.36,31.88,33.12,29.65,500
1139,GESHIP.NS,1358.8,1404.7,1371.59K,Transportation,Marine Shipping,68.0,32.0,19.0,59.0,56.4214,53.7,1229.01K,370.05K,1798.0,921.0,193.99B,No,1396.4,1423.18,1312.3,1413.77,1397.2,500
1140,LLOYDSENT.NS,80.9,81.44,1718.65K,Distribution Services,Wholesale Distributors,67.0,79.0,74.0,80.0,3.2257,3.1207,4767.57K,3432.95K,84.16,40.69,123.50B,No,79.73,75.05,64.06,75.31,63.78,449
1141,NIRLON.NS,620.95,621.5,3.76K,Finance,Real Estate Development,67.0,41.0,64.0,,11.85,11.85,9.54K,3.88K,657.0,543.0,55.96B,No,623.81,620.09,,619.85,,75
1142,BOSCHLTD.NS,42000.0,42920.0,30.73K,Producer Manufacturing,Auto Parts: Oem,67.0,45.0,70.0,62.0,1046.0714,1033.9286,38.61K,24.05K,42985.0,28610.0,,No,41472.25,40240.5,37031.47,40634.0,37013.33,499
1143,DAPS.BO,24.46,24.46,4.00K,Commercial Services,Advertising/Marketing Services,67.0,74.0,81.0,59.0,0.0407,0.0,1.38K,0.40K,25.4,12.01,126.58M,No,23.97,23.63,21.11,23.75,20.84,497
1144,MANORAMA.NS,1608.5,1607.9,56.43K,Consumer Non-Durables,Food: Specialty/Candy,67.0,70.0,53.0,68.0,43.0214,42.5286,183.06K,95.25K,1676.7,1060.6,101.53B,No,1610.92,1564.75,1407.75,1574.34,1425.87,500
1145,SURYALA.NS,399.6,406.7,0.58K,Process Industries,Textiles,67.0,8.0,69.0,,18.85,18.6929,3.10K,3.46K,508.0,330.3,,No,423.77,440.04,,437.04,,76
1146,SHAHLON.BO,23.58,24.57,27.90K,Process Industries,Textiles,67.0,7.0,66.0,27.0,1.33,1.2807,33.47K,100.98K,32.89,16.19,2.11B,No,25.83,24.73,22.26,25.01,23.67,496
1147,SIKA.NS,1113.7,1105.5,18.13K,Electronic Technology,Aerospace & Defense,67.0,17.0,55.0,,54.1072,54.0857,105.91K,25.21K,1359.4,870.1,,No,1141.51,1068.62,,1090.59,,76
1148,CHATHA.BO,98.12,97.0,13.00K,Consumer Non-Durables,Food: Meat/Fish/Dairy,67.0,87.0,73.0,76.0,4.9029,3.9929,23.66K,45.90K,113.0,60.0,2.36B,No,92.35,84.8,81.91,86.68,80.21,497
1149,KOLTEPATIL.NS,426.85,392.6,841.77K,Finance,Real Estate Development,67.0,89.0,72.0,62.0,17.0607,16.2571,61.10K,72.76K,483.9,292.25,37.85B,No,388.68,374.73,374.52,378.79,364.01,498
1150,SEKURITIND.BO,116.1,118.6,55.56K,Consumer Durables,Home Furnishings,67.0,5.0,67.0,64.0,4.5107,4.4286,98.20K,54.63K,139.7,80.0,10.58B,No,129.65,129.12,109.84,129.99,109.61,496
1151,PVRINOX.NS,1150.4,1161.9,157.05K,Consumer Services,Movies/Entertainment,67.0,87.0,66.0,65.0,40.3,39.6607,332.97K,823.67K,1249.7,907.4,112.97B,No,1070.78,1011.96,1029.5,1019.95,1003.38,499
1152,ENDURANCE.NS,2903.4,2893.3999,143.17K,Producer Manufacturing,Metal Fabrication,67.0,71.0,73.0,66.0,86.7,83.4643,150.41K,135.61K,3079.9,2142.8,404.79B,No,2753.88,2679.29,2583.26,2670.97,2523.73,500
1153,JSWSTEEL.NS,1315.3,1330.0,2307.58K,Non-Energy Minerals,Steel,67.0,69.0,55.0,53.0,27.4,26.5643,1709.79K,1880.04K,1335.0,1022.3,3192.56B,No,1261.69,1262.27,1212.38,1263.19,1235.4,500
1154,KICL.NS,5600.0,5522.0,1.41K,Finance,Financial Conglomerates,67.0,55.0,66.0,65.0,130.4286,127.6071,1.98K,1.06K,6554.9,4011.0,24.45B,No,5477.77,5320.47,5014.81,5347.5,4945.09,498
1155,NEOINFRA.BO,41.75,39.98,0.10K,Finance,Real Estate Development,67.0,50.0,29.0,61.0,4.485,4.3643,1.69K,1.28K,54.99,28.02,217.53M,No,40.5,41.51,39.96,41.54,41.4,497
1156,MARKOLINES.NS,181.85,177.23,289.83K,Industrial Services,Engineering & Construction,67.0,75.0,74.0,78.0,6.615,6.4564,465.03K,266.64K,191.75,131.65,3.98B,No,174.35,172.2,160.14,172.7,159.59,202
1157,NORBTEAEXP.NS,65.52,66.69,0.56K,Consumer Non-Durables,Food: Specialty/Candy,67.0,8.0,26.0,6.0,3.6086,3.5786,4.12K,1.90K,99.35,32.11,1.02B,No,68.2,71.77,77.07,70.91,79.89,498
1158,DENTA.NS,337.0,350.45,386.46K,Industrial Services,Engineering & Construction,67.0,52.0,73.0,72.0,15.9929,15.9393,523.48K,376.40K,479.6,222.0,8.95B,No,341.67,311.0,306.41,316.6,281.82,379
1159,ASIANPAINT.NS,2755.0,2760.0,797.02K,Process Industries,Industrial Specialties,67.0,56.0,67.0,60.0,60.4286,56.4571,1292.61K,1287.81K,2985.7,2115.0,2641.06B,No,2709.31,2700.12,2599.69,2705.7,2527.9,500
1160,ZFCVINDIA.NS,2580.3,2589.8999,74.02K,Producer Manufacturing,Auto Parts: Oem,67.0,75.0,63.0,45.0,82.2285,82.2071,174.27K,189.43K,3044.0,2050.33,293.65B,No,2394.33,2447.89,2395.7,2457.45,2431.99,500
1161,INDIANB.NS,861.7,854.0,2582.27K,Finance,Major Banks,67.0,82.0,55.0,33.0,19.0107,18.7321,3205.80K,1347.68K,1000.9,631.0,1182.50B,No,840.16,835.35,859.53,843.28,873.29,500
1162,WARRENTEA.BO,48.5,48.15,0.42K,Process Industries,Agricultural Commodities/Milling,67.0,51.0,84.0,67.0,2.4179,2.3771,7.31K,2.08K,61.0,33.3,579.61M,No,48.04,46.52,43.87,46.85,42.51,496
1163,GNFC.NS,541.8,538.3,2083.19K,Process Industries,Chemicals: Specialty,67.0,74.0,67.0,63.0,13.4036,12.6143,580.55K,278.13K,616.0,365.0,79.61B,No,511.83,519.51,485.26,520.88,479.91,500
1164,EMPIND.BO,1080.0,1065.5,1.47K,Distribution Services,Food Distributors,67.0,72.0,78.0,66.0,26.2821,25.8321,1.84K,1.32K,1260.0,811.05,6.49B,No,1036.06,1021.82,958.79,1024.38,945.77,497
1165,TTKPRESTIG.NS,636.8,628.25,105.17K,Consumer Durables,Home Furnishings,67.0,54.0,79.0,51.0,26.45,26.4357,604.81K,1432.24K,771.2,423.0,87.22B,No,655.75,603.46,578.4,602.52,548.8,500
1166,CUB.NS,208.09,204.56,3131.31K,Finance,Regional Banks,67.0,17.0,56.0,26.0,9.0421,8.7086,3253.97K,5317.02K,245.38,145.12,206.47B,No,219.43,208.73,201.91,208.59,201.55,500
1167,ATHARVA.BO,79.71,80.06,238.00K,Producer Manufacturing,Miscellaneous Manufacturing,67.0,,,,4.7693,4.6786,249.80K,91.80K,86.0,69.0,1.34B,No,79.14,,,,,23
1168,BMW.BO,51.97,50.51,166.81K,Non-Energy Minerals,Steel,67.0,64.0,46.0,78.0,2.8164,2.7621,456.28K,266.02K,65.19,26.06,11.70B,No,52.96,56.03,43.97,55.81,45.31,497
1169,GULFOILLUB.NS,1208.0,1179.6,205.72K,Energy Minerals,Oil Refining/Marketing,67.0,85.0,80.0,56.0,41.5357,38.9214,81.32K,80.20K,1329.0,865.0,59.69B,No,1057.21,1023.92,1066.3,1036.23,1013.81,500
1170,SANJIVIN.BO,202.6,191.5,26.68K,Health Technology,Pharmaceuticals: Major,67.0,96.0,81.0,58.0,16.2321,16.0821,12.92K,12.12K,268.8,126.0,2.49B,No,155.4,150.98,177.55,154.55,164.71,496
1171,REPONO.BO,74.06,75.0,6.00K,Transportation,Other Transportation,67.0,5.0,77.0,71.0,3.6514,3.5479,68.05K,20.64K,107.0,43.06,761.28M,No,78.94,79.36,68.5,80.14,65.77,250
1172,INDIGOPNTS.NS,1122.0,1090.8,94.42K,Process Industries,Industrial Specialties,67.0,70.0,82.0,53.0,34.4071,33.9143,112.36K,54.50K,1345.9,708.05,53.87B,No,1075.16,1036.31,1026.97,1045.35,962.33,500
1173,DSINVEST.BO,384.2,384.2,0.01K,Finance,Investment Banks/Brokers,67.0,57.0,86.0,44.0,3.8321,1.1107,0.05K,0.00K,461.6,299.55,121.05M,No,389.31,381.92,379.78,385.34,365.66,498
1174,ACROW.BO,840.75,885.0,0.00K,Producer Manufacturing,Industrial Machinery,67.0,27.0,39.0,75.0,11.2107,4.4321,0.07K,0.06K,918.0,586.15,538.08M,No,874.06,876.26,766.06,865.15,786.82,497
1175,MUKESHB.BO,146.5,139.55,1.09K,Finance,Investment Banks/Brokers,67.0,88.0,73.0,59.0,7.825,7.4214,0.25K,0.35K,150.0,92.95,1.02B,No,131.16,127.33,122.82,127.11,123.43,498
1176,SHAREINDIA.NS,173.7,177.07,462.35K,Finance,Investment Banks/Brokers,66.0,72.0,80.0,71.0,8.345,7.8343,3277.31K,1403.20K,211.0,115.36,38.01B,No,180.2,155.32,153.47,157.93,145.41,499
1177,CMLL.NS,579.95,559.95,2267.78K,Energy Minerals,Coal,66.0,,,,,,11348.85K,11348.85K,624.4,463.35,37.91B,No,,,,,,10
1178,ATGL.NS,660.25,660.35,373.80K,Utilities,Gas Distributors,66.0,17.0,56.0,72.0,17.0536,16.2821,5433.10K,1096.99K,859.85,462.8,726.15B,No,681.26,708.75,612.34,705.46,618.03,500
1179,INGERRAND.NS,4359.2,4304.7002,1.98K,Producer Manufacturing,Trucks/Construction/Farm Machinery,66.0,38.0,39.0,76.0,117.3214,117.3214,23.04K,13.79K,4756.2,3063.3,137.61B,No,4411.71,4339.64,3919.82,4360.08,4039.59,500
1180,GEOJITFSL.NS,77.94,76.95,84.22K,Finance,Investment Banks/Brokers,66.0,48.0,75.0,63.0,3.0907,2.915,422.54K,356.82K,85.39,50.86,21.75B,No,78.76,77.49,71.27,78.05,70.14,499
1181,ADVANCE.NS,129.78,134.1,4640.01K,Process Industries,Chemicals: Agricultural,66.0,89.0,75.0,36.0,6.4771,6.3107,271.49K,529.55K,154.0,84.1,8.34B,No,117.02,109.62,116.82,111.54,112.85,207
1182,TALBROSENG.BO,681.5,687.2,2.21K,Non-Energy Minerals,Steel,66.0,35.0,44.0,63.0,21.2964,21.1214,2.74K,3.07K,766.0,538.6,3.46B,No,695.53,696.53,651.63,694.61,663.34,496
1183,BANKA.NS,87.22,88.0,1.69K,Industrial Services,Environmental Services,66.0,20.0,62.0,81.0,3.9836,3.7893,5.15K,1.57K,97.88,41.0,948.45M,No,89.68,90.41,74.42,90.38,73.69,498
1184,KAJARIR.BO,35.6,36.06,4.69K,Non-Energy Minerals,Steel,66.0,24.0,59.0,65.0,1.675,1.6079,7.43K,4.92K,41.8,20.15,1.26B,No,35.56,36.18,31.13,36.04,32.21,497
1185,AVG.NS,202.42,202.8,8.19K,Transportation,Air Freight/Couriers,66.0,35.0,77.0,78.0,7.6543,7.6107,82.00K,12.21K,264.43,116.66,3.79B,No,204.89,189.26,174.64,194.21,166.57,499
1186,JITFINFRA.NS,338.0,346.85,14.04K,Transportation,Trucking,66.0,84.0,70.0,64.0,18.3821,17.8321,35.45K,29.11K,478.0,222.35,8.69B,No,356.72,325.21,309.46,324.2,315.76,499
1187,FAZE3Q.NS,548.4,550.95,6.44K,Process Industries,Textiles,66.0,17.0,79.0,83.0,19.7107,19.1143,21.32K,10.11K,650.05,322.1,13.12B,No,556.07,567.75,488.89,570.07,494.15,499
1188,ABHIFIN.BO,53.13,50.6,0.08K,Finance,Investment Banks/Brokers,66.0,18.0,68.0,72.0,3.9779,2.8479,1.08K,2.73K,72.33,39.57,245.07M,No,54.09,56.7,47.46,56.42,49.17,499
1189,RNITAI.BO,72.5,74.55,278.44K,Producer Manufacturing,Electrical Products,66.0,91.0,48.0,91.0,3.7257,3.4971,95.22K,155.43K,130.2,37.0,6.15B,No,61.7,61.84,59.4,62.03,58.9,497
1190,WANBURY.NS,274.25,278.8,477.96K,Health Technology,Pharmaceuticals: Major,66.0,39.0,65.0,76.0,18.025,18.0036,351.69K,323.71K,358.85,161.5,9.58B,No,313.49,289.21,254.64,289.61,262.0,498
1191,BOROSCI.NS,138.92,140.74,89.30K,Process Industries,Containers/Packaging,66.0,7.0,72.0,74.0,6.2193,6.18,278.98K,85.92K,180.8,96.64,12.36B,No,155.36,156.34,127.86,154.76,127.78,499
1192,KAKA.BO,208.0,204.75,3.00K,Producer Manufacturing,Miscellaneous Manufacturing,66.0,48.0,81.0,53.0,6.5893,5.6607,13.47K,6.10K,247.0,139.0,2.84B,No,214.18,199.97,196.92,202.43,187.01,497
1193,ICEMAKE.NS,821.1,817.85,7.04K,Producer Manufacturing,Industrial Machinery,66.0,77.0,60.0,61.0,36.4571,35.8714,51.19K,65.55K,920.0,660.3,12.96B,No,822.39,791.59,768.16,792.21,781.31,500
1194,MLKFOOD.BO,70.1,71.66,6.87K,Consumer Non-Durables,Food: Specialty/Candy,66.0,56.0,76.0,78.0,3.1143,3.0929,6.24K,7.67K,87.5,43.99,1.84B,No,68.54,69.5,63.49,69.78,62.5,497
1195,RAMCOIND.NS,336.25,330.65,146.67K,Non-Energy Minerals,Construction Materials,66.0,25.0,77.0,49.0,10.725,10.6107,749.16K,138.72K,398.05,230.65,28.98B,No,343.79,325.31,305.85,327.92,297.93,500
1196,ETHOSLTD.NS,2859.9,2834.3999,40.28K,Retail Trade,Catalog/Specialty Distribution,66.0,84.0,79.0,57.0,129.6857,129.6786,62.26K,175.41K,3245.9,1919.4,75.58B,No,2651.73,2513.33,2593.5,2517.48,2440.31,499
1197,KILITCH.NS,193.0,191.38,8.59K,Health Technology,Pharmaceuticals: Major,66.0,62.0,82.0,70.0,7.3307,7.1336,123.01K,21.80K,227.22,117.25,6.75B,No,183.46,184.48,170.7,184.65,166.35,499
1198,INDOKEM.BO,585.9,596.55,3.70K,Process Industries,Industrial Specialties,66.0,85.0,24.0,9.0,37.3107,31.1893,5.08K,10.08K,930.0,325.0,15.96B,No,576.77,536.99,624.11,534.94,572.2,497
1199,5PAISA.NS,366.1,367.2,23.40K,Finance,Investment Banks/Brokers,66.0,41.0,65.0,49.0,11.9036,11.6786,56.77K,39.81K,400.0,245.5,17.16B,No,366.62,349.66,329.41,350.69,329.22,499
1200,ACCORDTS.BO,65.27,67.66,96.00K,Producer Manufacturing,Electrical Products,66.0,92.0,34.0,,3.8914,3.5564,127.62K,162.30K,80.01,45.0,1.34B,No,57.99,57.78,,57.74,,108
1201,HINDZINC.NS,593.05,596.95,6574.96K,Non-Energy Minerals,Other Metals/Minerals,66.0,78.0,32.0,29.0,13.9679,13.3,4319.91K,3232.23K,733.0,414.55,2492.94B,No,539.31,550.72,568.78,546.13,579.32,500
1202,PEOPLIN.BO,217.9,217.9,0.00K,Finance,Financial Conglomerates,66.0,51.0,66.0,60.0,0.7036,0.0,0.01K,0.01K,218.4,171.95,43.58M,No,213.03,216.23,203.21,216.2,206.19,496
1203,PGHL.NS,6068.0,6464.5,144.68K,Health Technology,Pharmaceuticals: Major,66.0,25.0,74.0,61.0,198.8929,197.75,25.76K,10.00K,6975.0,4707.0,100.73B,No,6680.25,6421.78,5678.2,6433.75,5579.83,498
1204,LMW.NS,16880.0,16372.0,6.62K,Producer Manufacturing,Industrial Machinery,66.0,63.0,70.0,57.0,500.7143,497.6429,3.77K,5.86K,17699.0,11920.0,177.71B,No,16153.8,16010.7,15095.83,16068.8,14960.07,498
1205,GODREJPROP.NS,2081.5,2099.0,193.04K,Finance,Real Estate Development,66.0,63.0,70.0,77.0,71.8571,69.8143,718.84K,717.04K,2352.0,1434.0,627.00B,No,2101.29,1928.12,1887.74,1949.4,1784.5,500
1206,VIPPYSP.BO,171.35,166.2,0.02K,Process Industries,Textiles,66.0,62.0,71.0,68.0,8.2607,5.8857,0.72K,0.14K,193.6,130.6,1.01B,No,170.1,173.64,163.44,171.91,162.43,496
1207,ANANTRAJ.NS,617.4,628.2,1198.22K,Consumer Durables,Homebuilding,66.0,81.0,71.0,70.0,19.5536,19.5536,2955.27K,3534.69K,743.65,403.0,222.19B,No,603.21,563.12,542.84,570.86,524.57,500
1208,NAUKRI.NS,1244.9,1242.0,1210.10K,Technology Services,Internet Software/Services,66.0,63.0,85.0,39.0,35.2036,33.2036,2658.09K,2011.31K,1437.8,908.3,803.19B,No,1212.33,1093.8,1153.44,1098.15,1066.61,500
1209,GANGAPA.BO,94.0,96.0,0.05K,Process Industries,Pulp & Paper,66.0,90.0,84.0,61.0,2.31,0.9179,0.09K,0.16K,104.9,61.93,1.01B,No,93.33,77.95,80.11,79.24,77.94,499
1210,PANORAMA.BO,48.58,49.07,170.79K,Retail Trade,Specialty Stores,66.0,23.0,87.0,54.0,2.46,2.44,328.15K,272.51K,60.0,28.96,12.66B,No,49.84,48.66,44.88,49.16,44.1,498
1211,SWATIPRO.BO,35.64,36.0,4.14K,Finance,Financial Conglomerates,66.0,84.0,42.0,74.0,2.35,2.2679,4.31K,4.07K,42.52,24.6,359.96M,No,31.73,32.29,31.98,32.34,31.69,496
1212,NLCINDIA.NS,304.0,303.3,1524.53K,Utilities,Electric Utilities,66.0,56.0,32.0,65.0,7.2607,7.2214,6454.16K,2049.13K,387.8,222.0,421.54B,No,298.73,312.79,281.31,311.34,293.48,500
1213,BAJAJFINSV.NS,2086.0,2086.0,1819.01K,Finance,Life/Health Insurance,65.0,80.0,74.0,51.0,45.8428,42.9714,1185.03K,1581.56K,2195.0,1597.0,3338.11B,No,1935.84,1836.17,1913.48,1858.37,1850.06,500
1214,KPRMILL.NS,1083.1,1078.5,169.66K,Consumer Non-Durables,Apparel/Footwear,65.0,31.0,71.0,72.0,34.0357,33.8357,699.58K,313.22K,1334.0,796.1,371.98B,No,1082.39,1098.25,979.85,1113.56,968.68,500
1215,SANGAMFIN.BO,40.5,40.0,3.49K,Finance,Finance/Rental/Leasing,65.0,47.0,41.0,44.0,3.0529,2.945,2.17K,0.96K,50.0,25.55,1.89B,No,38.78,39.18,37.01,38.57,39.27,495
1216,MUTHOOTCAP.NS,263.24,261.19,25.07K,Finance,Finance/Rental/Leasing,65.0,90.0,76.0,62.0,10.6686,10.6686,26.31K,21.88K,303.0,175.25,4.33B,No,227.43,213.09,232.02,217.57,214.96,499
1217,GEECEE.NS,366.7,359.55,4.54K,Finance,Real Estate Development,65.0,66.0,80.0,64.0,13.475,12.9679,10.85K,3.02K,393.9,215.85,7.67B,No,347.75,341.04,319.75,344.11,309.49,499
1218,COSMOFIRST.NS,871.95,915.8,176.63K,Process Industries,Containers/Packaging,65.0,70.0,73.0,84.0,35.2214,35.0536,136.84K,142.74K,1129.5,560.8,22.63B,No,867.81,811.2,733.27,821.8,725.57,499
1219,CERA.NS,6324.5,6294.5,6.50K,Consumer Durables,Home Furnishings,65.0,49.0,79.0,75.0,156.2143,153.7857,23.42K,9.90K,6740.0,4461.1,81.55B,No,6184.62,6138.59,5517.43,6176.1,5475.1,498
1220,HNDFDS.NS,578.0,576.95,95.17K,Consumer Non-Durables,Food: Specialty/Candy,65.0,71.0,61.0,71.0,17.9893,17.4143,74.75K,64.00K,595.0,442.0,69.67B,No,571.54,554.75,520.01,557.1,515.84,499
1221,UGARSUGAR.NS,45.73,43.28,869.19K,Process Industries,Agricultural Commodities/Milling,65.0,84.0,52.0,71.0,2.14,2.0464,153.36K,204.25K,48.85,33.75,5.14B,No,40.93,40.52,40.35,40.55,39.77,499
1222,PREMIERENE.NS,1041.7,1044.0,589.48K,Electronic Technology,Semiconductors,65.0,40.0,56.0,83.0,33.95,32.4286,1586.64K,1038.02K,1134.0,660.0,470.12B,No,1052.32,1055.67,938.49,1057.83,934.33,481
1223,KAJARIACER.NS,1179.5,1185.9,177.09K,Producer Manufacturing,Building Products,65.0,33.0,64.0,76.0,32.4,32.4,271.47K,337.05K,1321.9,869.6,184.71B,No,1216.79,1177.09,1075.92,1178.15,1072.25,500
1224,PTCIL.NS,18221.0,18092.0,25.38K,Producer Manufacturing,Metal Fabrication,65.0,69.0,67.0,42.0,395.0,391.3571,21.97K,12.65K,19851.0,13251.0,273.18B,No,17841.35,17872.58,17436.36,17988.3,17213.93,499
1225,TECHKGREEN.BO,137.8,142.0,4.80K,Commercial Services,Miscellaneous Commercial Services,65.0,62.0,69.0,81.0,7.5536,6.2,7.11K,8.04K,194.05,95.5,1.02B,No,138.85,139.85,124.36,139.66,122.47,496
1226,GANDHITUBE.NS,892.55,896.95,5.77K,Non-Energy Minerals,Steel,65.0,63.0,58.0,69.0,14.1714,14.025,9.69K,4.47K,1031.8,649.5,10.85B,No,874.01,860.92,825.08,862.77,836.82,498
1227,HALEOSLABS.NS,1451.0,1427.7,1.20K,Health Technology,Biotechnology,65.0,13.0,23.0,69.0,70.5,69.1714,1.85K,0.51K,1774.0,1067.0,4.35B,No,1551.19,1495.37,1363.44,1493.23,1394.89,498
1228,POKARNA.NS,967.15,965.5,179.36K,Producer Manufacturing,Building Products,65.0,27.0,66.0,77.0,33.9536,33.8179,83.93K,34.68K,1146.2,692.6,29.99B,No,961.44,949.46,894.73,957.35,903.43,500
1229,PDSL.NS,358.05,357.8,67.27K,Consumer Non-Durables,Apparel/Footwear,65.0,57.0,80.0,49.0,12.3571,12.325,377.14K,182.89K,418.5,246.05,50.76B,No,359.61,345.16,330.54,348.38,315.27,499
1230,ADANIPORTS.NS,1695.0,1700.0,1254.92K,Transportation,Other Transportation,65.0,17.0,45.0,67.0,38.05,38.05,2352.90K,2798.28K,1891.1,1290.5,3905.21B,No,1771.9,1798.87,1584.95,1796.79,1619.33,500
1231,METROPOLIS.NS,571.5,576.75,85.67K,Health Services,Medical/Nursing Services,65.0,53.0,71.0,68.0,20.25,19.5286,484.20K,288.58K,609.05,412.25,118.52B,No,574.1,555.06,499.66,554.65,503.27,500
1232,BRPL.BO,127.35,129.6,6.89K,Producer Manufacturing,Building Products,65.0,66.0,65.0,53.0,5.8071,5.7607,10.90K,11.77K,134.9,98.1,1.68B,No,124.05,122.93,116.38,122.21,119.83,497
1233,SHRINGARMS.NS,231.13,231.48,421.79K,Consumer Durables,Other Consumer Specialties,65.0,61.0,70.0,50.0,5.5136,5.1486,844.54K,383.57K,266.5,166.0,22.29B,No,225.3,218.83,216.19,220.88,214.4,220
1234,INFINITY.BO,395.95,390.05,2.00K,Technology Services,Packaged Software,65.0,61.0,66.0,45.0,16.7107,14.4321,2.43K,3.08K,483.85,294.0,2.16B,No,377.95,383.23,381.22,387.96,380.45,207
1235,SURYODAY.NS,162.62,162.68,668.68K,Finance,Regional Banks,65.0,18.0,56.0,68.0,10.6421,10.5821,2273.83K,10384.85K,218.0,115.41,17.28B,No,178.24,174.91,149.23,175.4,152.34,498
1236,TOTAL.NS,67.87,62.92,214.86K,Transportation,Air Freight/Couriers,65.0,94.0,77.0,44.0,4.435,4.2864,7.17K,6.46K,87.89,45.0,1.09B,No,53.56,52.33,61.38,53.25,56.87,497
1237,ALKYLAMINE.NS,1921.9,1939.8,91.85K,Process Industries,Chemicals: Specialty,65.0,57.0,70.0,69.0,66.25,65.1714,232.27K,55.93K,2201.9,1212.0,98.30B,No,1853.36,1817.15,1642.04,1834.81,1610.84,500
1238,FOSECOC.BO,1588.0,1504.4,10.80K,Producer Manufacturing,Miscellaneous Manufacturing,65.0,86.0,76.0,66.0,57.1036,44.9964,3.39K,1.84K,1964.0,1155.0,8.85B,No,1357.05,1316.51,1402.48,1328.67,1340.13,497
1239,JPOLYINVST.NS,1074.3,1044.1,50.06K,Finance,Investment Managers,65.0,38.0,36.0,53.0,33.0643,32.9071,11.09K,4.29K,1487.7,716.05,11.29B,No,1062.34,1073.01,1067.4,1076.89,1085.25,498
1240,BHAGCHEM.NS,275.4,282.15,109.56K,Process Industries,Chemicals: Agricultural,65.0,17.0,62.0,76.0,12.1536,12.1321,200.00K,208.68K,316.9,170.6,35.71B,No,276.55,272.16,239.03,275.41,238.73,498
1241,UNOMINDA.NS,1278.0,1250.0,785.42K,Producer Manufacturing,Auto Parts: Oem,65.0,79.0,70.0,51.0,30.8072,29.7572,913.27K,773.60K,1382.0,994.0,738.00B,No,1170.33,1129.63,1169.87,1141.75,1128.91,500
1242,SCANPRO.BO,105.55,100.55,0.01K,Industrial Services,Engineering & Construction,65.0,4.0,7.0,72.0,4.8,4.3964,0.50K,0.40K,136.4,59.41,303.28M,No,106.83,118.34,102.81,116.74,111.02,496
1243,GLENMARK.NS,2268.7,2259.0,556.15K,Health Technology,Pharmaceuticals: Major,65.0,50.0,40.0,59.0,58.5928,56.4071,673.62K,602.17K,2474.0,1792.6,640.57B,No,2241.91,2210.66,2107.83,2213.33,2177.07,500
1244,VLSFINANCE.NS,261.45,264.05,25.94K,Finance,Investment Banks/Brokers,65.0,63.0,64.0,43.0,6.8357,6.65,15.29K,10.07K,339.0,198.81,8.20B,No,255.5,247.13,252.8,250.06,246.43,497
1245,MINDSPACE.BO,495.9,493.01,8.35K,Finance,Real Estate Investment Trusts,65.0,50.0,65.0,39.0,7.5579,7.405,12.97K,6.70K,525.5,414.97,328.15B,No,493.19,478.15,473.39,478.84,474.64,497
1246,RIBATEX.BO,80.05,81.32,3.17K,Process Industries,Textiles,65.0,25.0,81.0,55.0,4.6814,4.6814,12.16K,4.75K,95.9,49.02,772.71M,No,81.35,78.8,74.7,79.57,71.56,497
1247,PYRAMID.NS,178.55,182.22,41.35K,Producer Manufacturing,Miscellaneous Manufacturing,65.0,76.0,56.0,66.0,8.7529,8.5371,137.29K,611.31K,198.69,131.8,6.58B,No,172.84,169.78,161.33,169.79,160.61,498
1248,BODALCHEM.NS,71.44,75.19,604.09K,Process Industries,Industrial Specialties,65.0,87.0,45.0,84.0,3.4221,3.3236,301.54K,218.68K,81.9,42.81,9.00B,No,66.9,66.78,58.99,67.17,60.7,499
1249,ORIENTLTD.NS,78.5,78.0,3.39K,Process Industries,Containers/Packaging,65.0,86.0,79.0,70.0,5.95,5.5043,19.46K,94.35K,102.3,53.72,785.00M,No,77.57,70.38,70.36,72.34,66.2,499
1250,ICICIBANK.NS,1454.4,1450.1,7459.13K,Finance,Regional Banks,64.0,64.0,74.0,52.0,22.8357,22.45,15206.17K,12144.63K,1480.0,1187.6,10432.81B,No,1436.72,1375.46,1349.33,1391.96,1339.15,500
1251,NEERAJ.BO,20.91,20.91,0.10K,Distribution Services,Wholesale Distributors,64.0,59.0,52.0,70.0,0.0,0.0,0.06K,0.06K,22.49,15.0,230.01M,No,20.89,21.05,18.78,21.1,18.94,497
1252,MEDICO.NS,48.02,48.53,447.06K,Health Technology,Pharmaceuticals: Major,64.0,91.0,73.0,29.0,3.0771,3.0764,265.23K,374.72K,56.88,30.22,3.96B,No,42.38,42.4,45.37,42.55,43.26,499
1253,OBEROIRLTY.NS,1783.8,1806.5,579.37K,Finance,Real Estate Development,64.0,19.0,63.0,67.0,43.5071,41.7428,511.39K,236.27K,1986.1,1391.2,646.12B,No,1851.63,1776.41,1659.79,1786.88,1645.55,499
1254,DYNAVSN.BO,212.0,210.0,0.69K,Finance,Real Estate Development,64.0,62.0,79.0,60.0,6.9143,5.8643,1.10K,0.75K,263.95,145.0,806.78M,No,203.64,197.59,190.12,199.62,184.07,497
1255,KAIRA.BO,1625.0,1624.35,0.01K,Process Industries,Containers/Packaging,64.0,53.0,78.0,63.0,54.6178,44.7643,0.04K,0.02K,1790.0,1120.0,1.50B,No,1621.49,1554.14,1464.2,1582.82,1435.49,498
1256,NITIRAJ.NS,211.29,211.7,3.31K,Electronic Technology,Electronic Equipment/Instruments,64.0,85.0,56.0,66.0,12.5764,12.5764,6.86K,4.32K,236.98,168.0,2.17B,No,211.37,197.11,196.53,199.13,200.59,498
1257,DHARNI.BO,65.0,65.0,30.00K,Finance,Investment Managers,64.0,51.0,52.0,50.0,0.0786,0.075,1.08K,3.60K,66.05,52.5,1.32B,No,65.01,65.05,61.94,65.05,63.39,497
1258,HEROMOTOCO.NS,5612.0,5690.0,329.49K,Consumer Durables,Motor Vehicles,64.0,82.0,59.0,41.0,137.9856,129.7142,682.32K,835.17K,6388.5,4422.3,1122.92B,No,5151.21,5001.52,5395.68,5032.78,5219.04,500
1259,JASH.NS,498.2,494.25,37.27K,Producer Manufacturing,Industrial Machinery,64.0,39.0,78.0,74.0,15.2143,15.1714,217.04K,115.23K,572.85,327.1,31.34B,No,512.43,495.72,436.87,501.65,427.13,498
1260,NSLNISP.NS,44.81,44.77,3840.72K,Non-Energy Minerals,Steel,64.0,63.0,53.0,49.0,0.9057,0.875,8183.69K,2590.68K,53.75,33.01,131.32B,No,43.03,44.99,42.33,44.78,41.98,500
1261,VARDHACRLC.NS,45.51,45.74,14.04K,Consumer Non-Durables,Apparel/Footwear,64.0,58.0,62.0,73.0,1.7171,1.6843,62.47K,64.59K,48.77,27.01,3.66B,No,44.2,44.27,39.41,44.28,39.31,499
1262,SOMANYCERA.NS,504.0,500.3,67.20K,Producer Manufacturing,Building Products,64.0,35.0,63.0,72.0,15.7,15.5679,197.17K,69.97K,552.45,332.0,20.67B,No,508.22,513.18,445.6,512.65,452.39,497
1263,PATELSAI.BO,337.35,331.75,4.73K,Producer Manufacturing,Industrial Machinery,64.0,4.0,45.0,88.0,18.2464,17.8357,7.65K,6.48K,420.0,180.1,1.85B,No,346.66,341.82,281.13,343.14,288.29,497
1264,KUSUMGAR.NS,628.3,639.9,975.04K,Process Industries,Textiles,64.0,,,,33.5429,33.125,2885.20K,990.20K,657.75,548.0,,No,,,,,,17
1265,HAL.NS,4934.3,4645.0,4795.32K,Electronic Technology,Aerospace & Defense,64.0,81.0,57.0,50.0,96.3643,92.4571,982.75K,648.51K,4978.0,3479.1,3290.37B,No,4577.89,4434.0,4359.62,4476.23,4280.89,500
1266,ALTIUSINVIT.BO,171.01,171.0,350.00K,Miscellaneous,Investment Trusts,64.0,52.0,64.0,55.0,0.9543,0.6286,4245.90K,105.00K,173.0,142.0,521.14B,No,170.35,169.71,159.75,169.91,163.41,497
1267,PALREDTEC.NS,47.66,47.5,0.83K,Distribution Services,Electronics Distributors,64.0,3.0,79.0,78.0,2.045,1.8529,5.13K,2.62K,73.6,27.45,583.00M,No,48.03,50.83,43.25,50.74,41.41,499
1268,AREXMIS.BO,140.6,133.95,1.76K,Process Industries,Textiles,64.0,89.0,87.0,40.0,2.7857,0.5643,0.16K,0.16K,165.7,95.5,964.52M,No,118.02,114.79,124.24,115.59,117.29,498
1269,MCPL.BO,99.0,99.0,1.00K,Retail Trade,Home Improvement Chains,64.0,43.0,82.0,67.0,3.5,2.4036,16.92K,5.20K,146.4,60.0,1.37B,No,85.99,92.34,88.87,95.38,84.15,497
1270,ACKNIT.BO,313.7,310.35,0.97K,Consumer Non-Durables,Apparel/Footwear,64.0,66.0,66.0,71.0,17.1929,16.1071,1.84K,0.74K,340.0,224.95,953.65M,No,309.33,298.39,280.48,301.37,283.15,497
1271,THERMAX.NS,3991.0,4064.8999,184.21K,Producer Manufacturing,Industrial Machinery,64.0,5.0,40.0,81.0,205.3285,202.65,394.27K,561.83K,5277.8,2742.7,449.58B,No,4450.93,4667.18,3657.54,4599.31,3912.58,499
1272,PESB.BO,251.65,244.65,8.00K,Finance,Investment Banks/Brokers,64.0,13.0,16.0,63.0,7.7179,6.9321,17.22K,14.32K,333.95,172.0,3.96B,No,258.81,270.0,242.01,269.79,256.55,497
1273,POLYLINK.BO,22.91,22.7,13.62K,Process Industries,Chemicals: Specialty,64.0,81.0,80.0,72.0,1.2021,1.1786,8.23K,3.37K,27.0,14.52,506.57M,No,21.87,21.3,20.28,21.49,19.83,497
1274,MODINATUR.NS,391.3,399.4,0.98K,Process Industries,Agricultural Commodities/Milling,64.0,13.0,62.0,61.0,17.4036,17.2821,13.85K,4.68K,524.8,252.3,5.21B,No,404.9,418.93,,412.81,370.33,162
1275,INDIGO.NS,5347.0,5400.0,486.04K,Transportation,Airlines,64.0,58.0,79.0,63.0,143.3571,118.9643,1163.57K,1148.01K,6232.5,3895.2,2056.49B,No,5232.45,5058.84,4938.11,5112.4,4712.73,499
1276,BANCOINDIA.NS,681.85,686.0,132.25K,Producer Manufacturing,Industrial Machinery,64.0,56.0,64.0,62.0,18.8429,17.5322,222.50K,130.22K,879.8,502.0,97.53B,No,650.02,660.0,651.83,662.5,621.79,499
1277,UDS.NS,210.57,209.43,228.99K,Commercial Services,Miscellaneous Commercial Services,64.0,81.0,88.0,79.0,9.4443,9.0186,458.54K,457.11K,271.1,125.1,14.22B,No,200.06,189.87,177.01,193.22,168.94,498
1278,BLUEJET.NS,587.9,591.2,1676.81K,Health Technology,Pharmaceuticals: Major,64.0,56.0,80.0,81.0,26.1,25.7429,1007.50K,1438.91K,814.0,325.0,101.98B,No,590.09,539.57,491.58,554.83,458.12,499
1279,OLAELEC.NS,41.44,41.44,45755.06K,Consumer Durables,Motor Vehicles,64.0,45.0,79.0,75.0,1.4821,1.4429,117208.79K,38193.92K,71.25,22.25,183.11B,No,38.95,41.5,37.01,41.69,35.35,497
1280,VANTABIO.BO,22.83,24.03,0.75K,Health Technology,Biotechnology,64.0,12.0,83.0,64.0,0.1757,0.0,0.61K,0.15K,29.0,14.71,162.37M,No,25.04,24.28,21.48,24.22,20.73,497
1281,CBPL.BO,41.32,39.36,8.00K,Distribution Services,Medical Distributors,64.0,25.0,87.0,37.0,1.4571,0.9393,5.59K,6.10K,59.0,29.7,311.76M,No,35.52,40.38,38.67,40.26,37.94,499
1282,RECODE.BO,240.65,226.5,48.00K,Retail Trade,Specialty Stores,64.0,92.0,,,12.3393,11.9929,98.79K,70.72K,245.0,171.0,2.56B,No,214.67,202.6,,205.19,,63
1283,NAPSGLOBAL.BO,47.0,43.0,1.60K,Process Industries,Textiles,64.0,92.0,64.0,55.0,1.2479,0.305,2.78K,3.68K,59.5,34.6,208.21M,No,39.01,39.16,43.62,39.53,40.69,349
1284,EDELWEISS.NS,121.36,117.78,2379.79K,Finance,Investment Banks/Brokers,64.0,56.0,53.0,60.0,4.03,3.9893,3899.67K,2277.97K,133.9,91.78,114.87B,No,118.17,118.11,113.54,118.87,114.43,500
1285,KVSCASTING.BO,68.34,69.73,52.00K,Non-Energy Minerals,Steel,64.0,42.0,81.0,62.0,2.715,2.5443,21.97K,12.60K,86.0,48.01,1.28B,No,64.71,64.19,60.86,65.45,58.05,208
1286,ADFFOODS.NS,261.4,269.2,374.34K,Consumer Non-Durables,Food: Specialty/Candy,64.0,3.0,46.0,85.0,12.9464,12.1572,537.97K,279.10K,346.95,153.1,28.72B,No,294.57,295.78,234.26,295.21,242.71,500
1287,MOLDTKPAC.NS,691.3,685.55,74.60K,Producer Manufacturing,Miscellaneous Manufacturing,63.0,54.0,75.0,72.0,30.3393,29.9893,179.65K,191.77K,870.5,464.9,22.71B,No,686.35,691.0,620.34,692.57,612.41,499
1288,COCHINM.BO,313.1,260.95,153.03K,Non-Energy Minerals,Other Metals/Minerals,63.0,94.0,65.0,61.0,11.8321,8.7786,4.71K,4.56K,333.0,197.1,2.45B,No,252.92,250.58,260.53,254.93,255.95,497
1289,JSWENERGY.NS,562.75,566.0,989.32K,Utilities,Electric Utilities,63.0,61.0,44.0,69.0,12.5036,12.05,3266.03K,1893.43K,617.35,427.75,1028.88B,No,555.3,563.52,519.61,559.98,526.98,500
1290,NMDC.NS,86.2,85.8,26094.24K,Non-Energy Minerals,Other Metals/Minerals,63.0,54.0,40.0,50.0,1.6443,1.625,24190.40K,14997.74K,97.49,68.19,757.85B,No,84.34,86.55,82.57,86.55,84.51,500
1291,KSL.NS,890.0,882.45,15.21K,Non-Energy Minerals,Steel,63.0,34.0,48.0,71.0,23.1607,23.0393,53.04K,21.34K,982.55,574.0,38.95B,No,903.25,863.43,780.9,868.16,780.3,500
1292,SLSTLQ.BO,30.35,31.94,0.06K,Process Industries,Textiles,63.0,51.0,78.0,60.0,0.2771,0.1129,0.10K,0.05K,45.99,23.0,101.15M,No,31.77,28.9,29.78,29.89,27.94,497
1293,YURANUS.BO,118.05,123.15,0.10K,Finance,Real Estate Development,63.0,86.0,38.0,6.0,5.6464,4.0536,2.24K,10.98K,165.0,58.61,413.18M,No,99.71,108.2,126.79,108.12,131.04,497
1294,LCL.NS,536.15,513.9,1398.76K,Producer Manufacturing,Industrial Machinery,63.0,,,,,,11354.38K,11354.38K,547.7,461.0,,No,,,,,,6
1295,TVSELECT.NS,508.15,503.85,227.54K,Electronic Technology,Electronic Equipment/Instruments,63.0,65.0,59.0,78.0,16.7929,16.1643,127.54K,38.21K,739.35,336.2,9.56B,No,502.37,490.66,469.33,492.35,441.82,498
1296,ALFREDHE.BO,3163.15,2988.6499,1.01K,Producer Manufacturing,Industrial Machinery,63.0,81.0,67.0,63.0,93.7357,88.325,0.11K,0.10K,3974.0,2200.0,2.44B,No,2751.32,2774.68,2827.84,2788.66,2750.89,497
1297,SGIL.NS,597.1,600.65,12.07K,Non-Energy Minerals,Steel,63.0,59.0,63.0,62.0,17.8393,17.7286,17.96K,7.31K,633.25,420.0,9.28B,No,596.34,580.27,538.89,583.63,539.76,497
1298,JAYAGROGN.NS,225.11,224.2,9.57K,Process Industries,Agricultural Commodities/Milling,63.0,74.0,70.0,70.0,9.9821,9.9821,14.05K,15.12K,271.1,147.26,6.73B,No,224.23,219.28,203.73,220.07,199.95,498
1299,GOLDTECH.NS,54.47,54.71,15.93K,Technology Services,Information Technology Services,63.0,30.0,86.0,68.0,2.8043,2.7007,101.88K,25.16K,76.9,29.68,2.85B,No,57.28,52.21,47.8,53.24,45.05,499
1300,SRM.NS,529.05,510.55,282.55K,Industrial Services,Engineering & Construction,63.0,78.0,53.0,67.0,16.7357,16.7036,163.05K,71.01K,649.95,361.35,12.14B,No,502.22,501.15,496.08,503.14,470.16,498
1301,AKCAPIT.NS,1690.3,1749.1,1.29K,Finance,Investment Banks/Brokers,63.0,26.0,61.0,,71.1786,69.7643,1.99K,3.38K,1875.0,1484.9,,No,1749.84,1745.12,,1742.79,,76
1302,RISHYRN.BO,64.57,58.6,0.00K,Finance,Financial Conglomerates,63.0,2.0,10.0,71.0,2.0629,0.7079,0.26K,1.48K,82.99,37.01,229.91M,No,66.58,74.61,62.63,73.95,68.85,499
1303,ATIL.BO,123.5,126.0,65.00K,Producer Manufacturing,Trucks/Construction/Farm Machinery,63.0,98.0,85.0,65.0,6.5336,5.8836,20.48K,18.50K,156.0,77.0,1.69B,No,90.97,87.93,,89.65,95.6,150
1304,SANDESH.NS,1187.75,989.8,15.35K,Consumer Services,Publishing: Newspapers,63.0,91.0,65.0,65.0,38.6643,25.7464,0.53K,0.34K,1438.5,811.0,8.99B,No,990.18,978.31,1028.93,991.98,995.14,497
1305,MANALIPETC.NS,65.86,65.66,220.36K,Process Industries,Chemicals: Specialty,63.0,70.0,76.0,61.0,2.6843,2.6843,902.92K,581.58K,77.6,39.13,11.27B,No,64.86,64.14,59.83,64.4,57.37,500
1306,ROTO.NS,69.31,66.01,698.80K,Producer Manufacturing,Industrial Machinery,63.0,46.0,74.0,71.0,2.5179,2.495,4028.08K,384.12K,90.6,47.5,13.09B,No,67.74,66.6,62.37,67.59,60.88,500
1307,SHILCTECH.NS,4532.2,4480.3999,18.76K,Producer Manufacturing,Electrical Products,63.0,66.0,57.0,78.0,168.7285,167.6857,26.98K,22.00K,5399.0,2852.5,51.85B,No,4448.68,4346.3,,4398.56,4137.04,177
1308,SELECTRIC.BO,2392.45,2428.8501,8.06K,Electronic Technology,Electronic Production Equipment,63.0,,,,,,22.80K,22.80K,2578.05,2172.0,28.94B,No,,,,,,12
1309,MEESHO.NS,187.28,189.75,10165.33K,Retail Trade,Apparel/Footwear Retail,63.0,32.0,35.0,51.0,7.2271,7.1629,23693.02K,11300.77K,254.4,125.56,865.90B,No,187.14,182.09,,181.51,171.83,165
1310,DRAGARWQ.NS,5273.5,5197.0,1.73K,Health Services,Medical/Nursing Services,63.0,69.0,58.0,,133.1071,132.2857,0.96K,1.13K,6059.7,4600.0,,No,5035.27,5027.11,,5032.57,,76
1311,NUKLEUS.BO,209.45,209.45,9.00K,Finance,Real Estate Development,63.0,31.0,48.0,45.0,3.0429,1.7571,2.62K,3.48K,239.9,143.1,844.50M,No,216.4,216.37,199.47,216.29,206.86,351
1312,AUSTENG.BO,142.95,140.95,0.74K,Producer Manufacturing,Metal Fabrication,63.0,50.0,64.0,70.0,10.5393,10.525,5.18K,8.86K,206.5,95.5,497.15M,No,152.31,140.74,131.6,141.14,127.39,497
1313,RAMANEWS.NS,33.52,33.45,77.45K,Process Industries,Pulp & Paper,63.0,87.0,59.0,55.0,1.72,1.7036,22.64K,30.33K,42.0,27.05,5.04B,No,29.56,29.36,30.81,29.45,31.16,498
1314,FIVESTAR.NS,545.45,547.7,300.02K,Finance,Finance/Rental/Leasing,63.0,54.0,78.0,69.0,19.6679,19.1179,1213.57K,987.95K,666.0,338.15,163.31B,No,550.36,510.5,499.44,518.33,464.91,499
1315,PONNIERODE.NS,322.9,323.2,8.38K,Process Industries,Agricultural Commodities/Milling,63.0,54.0,55.0,64.0,10.6714,10.3321,20.43K,20.65K,359.0,252.4,2.78B,No,318.91,317.29,290.46,318.31,294.69,498
1316,CEATLTD.NS,3755.4,3703.5,98.29K,Consumer Durables,Automotive Aftermarket,63.0,27.0,72.0,40.0,92.9143,88.0356,167.87K,106.65K,4438.0,3000.5,151.91B,No,3558.4,3492.56,3649.95,3519.56,3542.99,500
1317,360ONE.NS,1186.0,1192.0,959.89K,Finance,Investment Managers,63.0,73.0,64.0,48.0,31.7714,31.0286,1094.08K,953.24K,1236.2,906.05,482.57B,No,1127.3,1109.58,1105.62,1117.7,1091.3,499
1318,ASSOCIATED.BO,103.5,119.8,2.50K,Process Industries,Industrial Specialties,63.0,47.0,36.0,72.0,4.275,3.5607,0.70K,0.25K,132.5,72.0,139.93M,No,95.47,95.62,100.1,94.74,98.67,498
1319,PPL.NS,262.45,257.05,35.79K,Producer Manufacturing,Miscellaneous Manufacturing,63.0,34.0,81.0,69.0,13.25,13.25,223.44K,24.95K,364.75,163.21,6.28B,No,265.19,259.21,233.41,260.11,221.5,499
1320,CTLLAB.BO,40.0,40.0,1.20K,Health Services,Medical/Nursing Services,63.0,28.0,39.0,73.0,0.2143,0.0,0.83K,0.24K,57.0,28.55,91.30M,No,40.52,40.28,40.45,40.34,40.23,497
1321,SYSTEMATIC.BO,224.1,221.15,37.20K,Producer Manufacturing,Metal Fabrication,63.0,93.0,30.0,85.0,7.875,6.7536,33.22K,21.36K,249.0,125.0,5.00B,No,192.74,189.57,186.52,190.6,180.66,209
1322,MAHLIFE.NS,382.45,382.85,91.24K,Finance,Real Estate Development,63.0,70.0,72.0,48.0,12.7571,12.7571,250.55K,619.43K,427.05,286.8,81.69B,No,380.59,362.31,364.92,365.66,351.4,500
1323,AGIIL.NS,304.35,302.0,1405.92K,Finance,Real Estate Development,62.0,10.0,11.0,66.0,10.9536,10.9536,2135.50K,2587.71K,434.4,211.0,38.04B,No,321.2,347.3,310.17,346.09,328.31,500
1324,AMARJOTHI.BO,167.05,165.95,0.44K,Process Industries,Textiles,62.0,68.0,66.0,70.0,8.7107,8.0857,4.01K,3.17K,187.0,113.1,1.13B,No,174.18,167.46,148.2,167.97,148.52,497
1325,SIGNPOST.NS,268.1,269.9,71.36K,Commercial Services,Advertising/Marketing Services,62.0,9.0,23.0,76.0,15.4357,13.7821,622.29K,150.35K,336.8,191.41,14.33B,No,305.04,284.9,248.95,285.19,258.61,497
1326,NIVABUPA.NS,87.18,87.54,539.44K,Finance,Life/Health Insurance,62.0,53.0,68.0,56.0,2.1,2.1,3037.58K,2631.27K,91.4,67.5,161.22B,No,86.54,85.46,78.56,85.81,79.82,429
1327,GMDCLTD.NS,594.15,579.9,3627.86K,Distribution Services,Wholesale Distributors,62.0,50.0,15.0,46.0,18.4893,18.1786,1662.86K,940.35K,771.9,390.1,188.94B,No,574.04,598.71,591.01,596.71,604.45,500
1328,KPIL.NS,1270.7,1283.0,198.58K,Industrial Services,Engineering & Construction,62.0,26.0,50.0,60.0,32.9929,32.9929,240.43K,123.89K,1479.6,1007.1,221.00B,No,1304.18,1326.89,1219.9,1330.44,1225.59,499
1329,TANLA.NS,608.9,614.0,505.87K,Technology Services,Information Technology Services,62.0,82.0,66.0,69.0,28.025,25.5929,1117.98K,3932.37K,766.0,365.9,80.48B,No,584.23,548.17,523.01,554.96,501.35,499
1330,CIPLA.NS,1477.0,1458.8,1462.22K,Health Technology,Pharmaceuticals: Other,62.0,55.0,67.0,57.0,34.2429,31.7714,1783.19K,1807.41K,1673.0,1165.7,1193.20B,No,1441.06,1422.97,1404.13,1425.97,1354.27,500
1331,YORKEXP.BO,62.83,59.85,0.00K,Process Industries,Textiles,62.0,84.0,56.0,61.0,2.2114,0.87,0.18K,0.23K,79.0,47.1,211.28M,No,53.35,54.74,59.85,54.79,58.85,496
1332,BHILSPIN.BO,127.3,128.1,0.19K,Process Industries,Textiles,62.0,53.0,71.0,51.0,7.3607,7.0571,4.94K,1.96K,152.95,98.9,1.15B,No,127.86,124.3,115.14,124.6,117.12,497
1333,FINEORG.NS,5000.0,4940.3999,15.03K,Process Industries,Chemicals: Major Diversified,62.0,51.0,64.0,65.0,142.8286,142.8286,12.89K,10.78K,5407.0,3856.0,152.96B,No,4925.28,4949.88,4561.27,4989.7,4629.21,500
1334,BFINVEST.NS,472.95,477.4,35.93K,Finance,Financial Conglomerates,62.0,73.0,62.0,71.0,14.7607,14.325,169.83K,51.50K,584.7,315.0,17.81B,No,471.02,455.12,422.74,458.97,415.97,499
1335,IGARASHI.NS,514.9,461.05,1683.24K,Producer Manufacturing,Auto Parts: Oem,62.0,67.0,84.0,71.0,19.9643,19.7464,358.61K,43.16K,623.65,271.05,16.21B,No,460.01,438.48,410.05,446.23,389.52,500
1336,ONEPOINT.NS,57.1,57.19,537.85K,Commercial Services,Miscellaneous Commercial Services,62.0,53.0,40.0,57.0,1.695,1.6721,1541.70K,827.77K,65.85,40.58,14.99B,No,55.52,56.89,53.14,56.83,53.46,499
1337,TVSHLTD.NS,14908.0,14769.0,4.45K,Producer Manufacturing,Auto Parts: Oem,62.0,68.0,56.0,45.0,395.9286,365.2143,6.64K,18.49K,16297.0,11063.0,301.62B,No,14461.35,13932.46,14307.05,14005.1,14155.07,497
1338,SEIL.NS,202.6,202.38,256.29K,Commercial Services,Miscellaneous Commercial Services,62.0,10.0,48.0,,6.8236,6.79,521.84K,380.78K,239.96,172.9,,No,206.83,205.91,,206.76,,75
1339,ENRIN.NS,3266.2,3289.8,298.72K,Producer Manufacturing,Electrical Products,62.0,25.0,58.0,76.0,100.1428,95.4928,602.09K,384.39K,3968.0,2115.0,1158.18B,No,3319.7,3495.5,3060.25,3469.16,3084.47,284
1340,SRDAPRT.BO,97.78,97.78,0.20K,Process Industries,Agricultural Commodities/Milling,62.0,68.0,74.0,77.0,0.0,0.0,0.50K,0.16K,144.3,59.95,168.76M,No,96.85,93.82,83.32,94.55,84.09,496
1341,SUDARSCHEM.NS,1115.6,1084.5,518.44K,Process Industries,Chemicals: Specialty,62.0,91.0,78.0,74.0,42.9679,40.0893,271.92K,192.47K,1603.0,726.4,88.81B,No,1042.71,955.68,945.33,967.99,906.45,498
1342,PSPLATINA.BO,1095000.0,1090000.0,0.00K,Miscellaneous,Investment Trusts,62.0,48.0,60.0,49.0,5071.4286,892.8571,,,1100000.0,970000.0,3.68B,No,1082975.0,1067980.02,1041185.38,1068700.0,1051523.3,412
1343,DYCL.NS,398.7,405.6,231.60K,Producer Manufacturing,Electrical Products,62.0,84.0,44.0,81.0,24.5036,24.1679,1196.48K,1652.03K,520.0,236.8,19.63B,No,399.05,365.45,336.95,370.11,327.32,500
1344,WESTLIFE.NS,578.75,587.0,160.06K,Consumer Services,Restaurants,62.0,85.0,77.0,65.0,32.2786,31.5571,147.39K,471.06K,775.0,398.4,89.83B,No,497.7,479.75,503.18,486.6,482.13,499
1345,KIRLOSIND.NS,3777.3,3803.8,7.48K,Non-Energy Minerals,Steel,62.0,16.0,72.0,67.0,111.0214,111.0214,33.28K,7.28K,4574.8,2463.0,39.64B,No,3871.44,3723.24,3338.09,3757.35,3265.42,499
1346,DHANCOT.BO,126.5,120.5,0.00K,Finance,Investment Banks/Brokers,62.0,88.0,75.0,71.0,1.3714,0.0,0.02K,0.02K,215.9,66.85,646.92M,No,116.07,111.99,116.69,113.03,106.07,497
1347,CARERATING.NS,1730.1,1749.1,50.45K,Commercial Services,Financial Publishing/Services,62.0,70.0,61.0,53.0,50.1857,49.1286,54.82K,53.82K,1838.0,1392.7,52.05B,No,1691.21,1663.92,1612.3,1668.8,1630.09,499
1348,ALSL.BO,65.04,66.76,30.00K,Finance,Investment Banks/Brokers,62.0,27.0,19.0,72.0,3.3757,3.3757,46.20K,8.62K,79.3,42.93,3.03B,No,66.05,68.05,59.82,67.2,62.02,497
1349,MSPL.NS,36.72,35.89,1005.03K,Non-Energy Minerals,Steel,62.0,13.0,34.0,73.0,1.5443,1.4629,2255.14K,708.40K,46.12,26.25,20.81B,No,36.47,39.58,35.68,39.45,35.72,498
1350,AVANTEL.NS,164.44,164.94,950.25K,Electronic Technology,Telecommunications Equipment,62.0,8.0,61.0,49.0,3.9043,3.835,3011.78K,963.27K,215.0,117.05,43.69B,No,168.28,171.44,157.14,170.64,155.78,499
1351,GODAVARI.BO,107.1,102.0,4.07K,Health Technology,Pharmaceuticals: Major,62.0,4.0,15.0,69.0,5.4464,5.3607,4.66K,3.31K,135.25,69.7,1.08B,No,113.98,119.2,98.74,118.37,106.85,497
1352,NIACL.NS,179.81,183.76,1490.24K,Finance,Multi-Line Insurance,62.0,39.0,67.0,67.0,6.1236,5.35,6419.82K,975.95K,218.0,116.97,294.88B,No,174.73,172.85,161.31,176.16,158.36,500
1353,SKYBIOTECH.BO,164.3,167.0,0.00K,Process Industries,Textiles,62.0,29.0,80.0,71.0,5.1071,3.7643,0.16K,0.70K,237.3,116.45,314.63M,No,156.17,172.77,162.57,174.82,152.74,498
1354,MRPL.NS,168.13,170.97,2235.18K,Energy Minerals,Oil Refining/Marketing,62.0,82.0,66.0,31.0,7.1914,7.1471,13190.01K,14041.10K,212.31,120.4,294.66B,No,168.1,159.62,165.93,161.87,170.65,500
1355,LINDEINDIA.NS,7124.5,7088.0,14.49K,Process Industries,Chemicals: Specialty,62.0,55.0,28.0,66.0,176.8214,173.5357,35.25K,27.51K,8049.0,5673.0,610.00B,No,6934.82,7019.56,6640.22,7036.3,6951.08,499
1356,GRAVISSHO.NS,31.64,30.82,0.10K,Consumer Services,Hotels/Resorts/Cruise Lines,62.0,34.0,68.0,,1.555,1.5507,11.36K,1.59K,35.6,25.2,,No,30.12,29.63,,29.73,,75
1357,GREENPLY.NS,287.4,293.3,377.49K,Producer Manufacturing,Building Products,62.0,10.0,65.0,74.0,12.7143,12.6536,272.16K,358.45K,334.4,176.42,35.83B,No,303.97,297.16,260.75,299.58,251.24,500
1358,MOTOGENFIN.NS,26.09,25.99,3.71K,Finance,Real Estate Development,62.0,20.0,63.0,66.0,0.9879,0.9407,26.82K,4.04K,32.82,17.5,1.01B,No,27.17,28.11,24.61,28.32,24.63,499
1359,TAIIND.BO,28.3,29.4,0.44K,Distribution Services,Wholesale Distributors,62.0,91.0,88.0,36.0,1.3571,0.9757,6.99K,0.85K,37.51,20.7,169.80M,No,24.06,25.41,27.54,25.01,26.34,497
1360,SARLAPOLY.NS,102.15,102.36,368.45K,Process Industries,Textiles,61.0,35.0,67.0,65.0,3.865,3.7829,119.11K,49.98K,114.0,68.4,8.12B,No,101.11,100.16,90.38,100.09,90.39,499
1361,ANGELONE.NS,297.1,299.2,2141.41K,Finance,Investment Banks/Brokers,61.0,7.0,31.0,64.0,8.0,7.9036,7466.62K,6060.57K,360.45,208.63,271.46B,No,314.86,329.8,282.37,329.13,292.26,500
1362,ICICIAMC.NS,3082.7,3081.8,62.88K,Finance,Investment Managers,61.0,30.0,34.0,46.0,53.9357,53.7714,478.04K,224.13K,3611.0,2530.0,1523.65B,No,3123.84,3233.82,,3224.28,3134.71,158
1363,PASUSPG.BO,32.77,34.49,0.06K,Process Industries,Textiles,61.0,82.0,82.0,39.0,1.2664,0.7079,0.29K,0.56K,43.49,25.67,305.98M,No,32.85,29.94,31.15,30.23,29.61,497
1364,VETO.NS,122.91,124.27,15.89K,Producer Manufacturing,Electrical Products,61.0,49.0,69.0,69.0,4.595,4.595,108.07K,16.87K,153.95,82.32,2.35B,No,124.08,128.56,112.83,129.36,112.1,499
1365,STARDELTA.BO,610.2,565.9,9.49K,Producer Manufacturing,Electrical Products,61.0,54.0,64.0,79.0,33.9571,32.925,4.16K,1.35K,718.8,392.55,1.83B,No,589.18,616.44,567.5,612.58,550.37,496
1366,PANACEABIO.NS,418.65,418.85,199.20K,Health Technology,Pharmaceuticals: Major,61.0,1.0,58.0,58.0,24.3571,24.3071,805.48K,260.62K,647.0,292.4,25.64B,No,472.84,506.26,403.38,509.78,408.77,500
1367,RGL.NS,122.48,124.95,512.88K,Consumer Durables,Other Consumer Specialties,61.0,65.0,69.0,60.0,3.9521,3.9386,703.49K,316.86K,147.9,85.0,13.15B,No,119.31,113.95,115.68,115.04,109.56,500
1368,TIIL.NS,2635.2,2628.2,5.02K,Producer Manufacturing,Metal Fabrication,61.0,64.0,57.0,75.0,90.0643,87.0,11.90K,9.13K,3192.7,1868.5,59.75B,No,2551.64,2539.34,2373.79,2546.42,2383.51,497
1369,JUBLINGREA.NS,765.5,746.1,281.92K,Process Industries,Chemicals: Major Diversified,61.0,78.0,51.0,67.0,26.9286,26.5286,422.18K,832.43K,795.0,537.3,120.73B,No,740.67,681.38,670.8,686.75,658.11,500
1370,SHBAJRG.NS,178.76,183.58,6.57K,Non-Energy Minerals,Steel,61.0,17.0,66.0,,9.7336,9.5014,6.38K,3.76K,214.95,150.5,,No,185.04,188.18,,186.96,,75
1371,YESBANK.NS,22.68,22.97,37920.77K,Finance,Major Banks,61.0,29.0,54.0,51.0,0.3864,0.3821,111893.79K,65088.64K,25.78,17.2,711.87B,No,23.16,23.62,21.88,23.72,21.65,500
1372,ABDL.NS,605.0,614.15,364.85K,Consumer Non-Durables,Beverages: Alcoholic,61.0,7.0,62.0,72.0,22.7679,22.7393,456.35K,317.27K,711.7,382.1,169.22B,No,623.33,623.12,563.49,624.44,541.1,499
1373,MERCANTILE.NS,24.41,25.26,2.55K,Finance,Real Estate Development,61.0,30.0,48.0,,1.6957,1.615,13.15K,11.53K,31.9,19.0,,No,24.45,25.03,,25.01,,76
1374,IKS.NS,1772.6,1877.7,590.40K,Commercial Services,Miscellaneous Commercial Services,61.0,22.0,59.0,60.0,61.5,61.0786,206.85K,99.03K,1933.0,1262.0,295.76B,No,1846.95,1769.72,1624.89,1777.51,1611.35,406
1375,JTLIND.NS,77.14,78.13,3272.33K,Non-Energy Minerals,Steel,61.0,35.0,34.0,52.0,3.0164,2.9886,2974.69K,1782.06K,87.2,40.25,30.19B,No,75.43,75.61,67.27,76.21,69.29,499
1376,AVIVA.BO,59.74,59.74,0.00K,Process Industries,Industrial Specialties,61.0,34.0,41.0,54.0,0.73,0.3164,0.53K,0.11K,68.34,47.09,1.94B,No,59.9,61.76,58.07,61.61,59.78,496
1377,NPST.NS,1511.0,1539.6,12.22K,Technology Services,Packaged Software,61.0,22.0,83.0,72.0,57.1,56.6429,50.95K,28.49K,2388.3,846.6,31.52B,No,1552.15,1552.18,1395.66,1574.62,1304.59,498
1378,VGIL.BO,136.0,134.3,0.27K,Finance,Real Estate Development,61.0,27.0,36.0,72.0,3.9464,3.8536,2.50K,0.77K,155.0,71.81,2.21B,No,137.19,140.73,121.97,140.14,117.6,496
1379,HCG.NS,674.6,669.5,167.09K,Health Services,Hospital/Nursing Management,61.0,68.0,70.0,61.0,17.3714,17.3714,200.51K,142.21K,804.65,513.3,101.30B,No,669.03,645.07,638.69,647.11,604.66,500
1380,METSL.BO,149.05,150.95,1.05K,Electronic Technology,Semiconductors,61.0,77.0,56.0,69.0,8.8821,8.6321,4.36K,3.14K,170.6,106.5,821.30M,No,150.42,142.3,134.41,142.97,136.88,497
1381,21STCENMGM.NS,43.3,42.6,17.82K,Finance,Investment Banks/Brokers,61.0,96.0,84.0,61.0,1.0186,0.8407,4.30K,8.92K,58.49,28.25,454.65M,No,36.82,34.3,37.97,34.87,34.91,498
1382,SSFLPP.BO,135.5,135.0,0.35K,Finance,Finance/Rental/Leasing,61.0,6.0,51.0,62.0,6.8143,5.075,1.34K,0.29K,182.0,67.1,12.01B,No,151.67,137.35,125.94,137.35,123.52,240
1383,CRANEX.BO,93.02,94.67,1.24K,Producer Manufacturing,Trucks/Construction/Farm Machinery,61.0,72.0,53.0,59.0,4.7093,4.2879,8.34K,4.95K,114.0,56.0,746.02M,No,91.39,87.34,77.22,87.53,79.15,497
1384,EIFFL.NS,256.5,269.95,6.06K,Consumer Non-Durables,Food: Specialty/Candy,61.0,3.0,58.0,41.0,14.7857,11.7429,44.56K,11.17K,381.96,204.98,6.36B,No,314.2,297.99,253.43,300.88,260.8,498
1385,PTC.NS,200.17,198.36,7791.55K,Utilities,Electric Utilities,61.0,88.0,21.0,63.0,5.3243,4.8857,1170.20K,1155.35K,229.51,149.59,59.25B,No,174.01,179.64,173.86,180.13,178.39,500
1386,FEDFINA.NS,150.7,149.31,816.45K,Finance,Finance/Rental/Leasing,61.0,51.0,52.0,41.0,4.3514,4.3371,1678.09K,966.91K,178.48,119.07,57.19B,No,154.53,154.43,146.98,154.41,146.9,500
1387,SHINDL.NS,160.79,159.9,102.91K,Process Industries,Agricultural Commodities/Milling,61.0,71.0,59.0,,4.4721,4.4721,132.21K,117.56K,179.7,130.6,,No,160.5,155.77,,155.37,,76
1388,UNJHAFOR.BO,23.85,25.1,8.63K,Distribution Services,Food Distributors,61.0,93.0,71.0,55.0,1.4729,1.2607,4.09K,7.45K,29.5,17.52,106.86M,No,25.49,21.83,22.39,22.42,21.56,497
1389,TVSSRICHAK.NS,3971.2,3982.8999,1.29K,Consumer Durables,Automotive Aftermarket,61.0,25.0,50.0,38.0,105.25,104.5357,5.78K,2.75K,4775.8,2780.1,30.41B,No,4042.54,4062.67,4033.72,4066.83,3905.9,498
1390,DHAMPURSUG.NS,150.17,149.3,252.33K,Process Industries,Agricultural Commodities/Milling,61.0,66.0,44.0,75.0,5.6329,5.42,294.28K,292.77K,167.25,110.0,9.61B,No,143.26,141.97,133.04,141.73,134.62,500
1391,FOSECOIND.NS,5454.0,5346.5,6.13K,Process Industries,Chemicals: Major Diversified,61.0,63.0,68.0,68.0,172.3929,170.3929,6.06K,1.91K,6846.0,4300.0,40.97B,No,5133.8,5101.42,5010.81,5129.82,4934.4,499
1392,NXST.BO,166.09,167.92,7.31K,Finance,Real Estate Investment Trusts,61.0,51.0,65.0,52.0,2.615,2.5179,77.31K,66.71K,175.0,143.01,251.63B,No,166.56,161.67,159.83,162.07,158.78,497
1393,INDHOTEL.NS,734.1,741.05,1965.84K,Consumer Services,Hotels/Resorts/Cruise Lines,61.0,48.0,69.0,55.0,14.9464,14.6679,2607.37K,2243.40K,811.95,565.0,1047.65B,No,736.66,713.22,689.03,719.33,671.71,500
1394,GREAVESCOT.NS,201.16,195.92,2266.39K,Producer Manufacturing,Trucks/Construction/Farm Machinery,61.0,8.0,81.0,71.0,12.0436,11.8707,2398.11K,1211.12K,271.9,119.99,46.95B,No,239.68,217.15,184.54,221.54,178.82,500
1395,WELTI.BO,24.59,24.59,0.01K,Consumer Non-Durables,Consumer Sundries,61.0,45.0,82.0,34.0,0.2814,0.0,0.04K,0.04K,29.05,17.15,109.21M,No,25.23,25.07,23.79,24.85,23.56,495
1396,KOTHARIPET.NS,144.19,144.12,311.23K,Process Industries,Chemicals: Specialty,61.0,83.0,68.0,73.0,6.5614,6.5221,118.84K,162.69K,174.0,94.75,8.80B,No,135.11,128.0,126.96,129.67,124.05,498
1397,INDIANHUME.NS,390.6,390.3,38.83K,Producer Manufacturing,Building Products,60.0,85.0,72.0,43.0,16.9321,16.6893,192.50K,78.27K,432.0,279.8,20.43B,No,393.58,348.79,357.47,352.84,342.87,499
1398,KUMPFIN.BO,23.0,23.0,0.05K,Finance,Finance/Rental/Leasing,60.0,33.0,70.0,62.0,0.7043,0.3136,0.29K,0.25K,27.01,16.7,122.54M,No,23.86,23.26,21.87,23.37,21.47,497
1399,MUKANDLTD.NS,144.13,142.17,52.18K,Non-Energy Minerals,Steel,60.0,76.0,57.0,58.0,3.4664,3.3721,249.61K,90.13K,154.25,114.31,20.83B,No,141.0,137.48,133.52,137.67,133.01,500
1400,RBZJEWEL.NS,150.96,149.76,67.75K,Consumer Durables,Other Consumer Specialties,60.0,62.0,61.0,57.0,5.9264,5.8243,112.43K,78.98K,179.0,100.0,6.04B,No,148.07,139.7,137.66,141.9,135.08,498
1401,WIPL.NS,167.0,170.0,5.70K,Non-Energy Minerals,Forest Products,60.0,33.0,63.0,58.0,6.9729,6.9357,3.48K,1.81K,193.2,133.1,1.42B,No,168.57,164.38,156.66,165.97,156.55,497
1402,PGEL.NS,609.75,603.0,2640.45K,Electronic Technology,Electronic Production Equipment,60.0,72.0,74.0,57.0,21.25,20.575,2731.16K,1608.15K,752.0,436.55,174.69B,No,601.04,555.36,554.41,563.39,546.1,500
1403,TRUSTEDGE.BO,133.9,131.65,1.31K,Finance,Finance/Rental/Leasing,60.0,36.0,10.0,51.0,7.4964,6.9464,4.43K,2.11K,178.5,78.0,1.24B,No,135.98,139.12,130.02,138.04,145.15,496
1404,KAUSHALYA.NS,922.0,923.9,0.05K,Industrial Services,Engineering & Construction,60.0,3.0,55.0,65.0,36.2286,35.5857,1.17K,0.19K,1841.9,750.0,319.29M,No,923.19,912.83,893.83,910.21,873.11,498
1405,BENARAS.BO,10200.95,10200.0,0.18K,Consumer Services,Hotels/Resorts/Cruise Lines,60.0,39.0,55.0,52.0,164.9501,164.9501,0.57K,0.60K,11001.0,8999.95,13.26B,No,10255.24,10334.28,9767.32,10344.22,9919.45,497
1406,ANDREWYU.BO,27.66,27.7,93.13K,Producer Manufacturing,Industrial Machinery,60.0,84.0,57.0,76.0,1.7586,1.7579,263.92K,544.51K,32.75,15.5,13.52B,No,26.29,25.99,23.59,26.0,23.16,497
1407,HYUNDAI.NS,2226.9,2218.5,420.01K,Consumer Durables,Motor Vehicles,60.0,84.0,81.0,42.0,54.7643,47.7429,1352.96K,1189.85K,2890.0,1658.0,1809.45B,No,2038.97,1980.86,2091.8,2016.32,2004.33,447
1408,CWD.BO,309.7,308.5,35.00K,Technology Services,Packaged Software,60.0,28.0,55.0,44.0,8.8143,8.125,25.07K,14.65K,425.0,254.0,7.09B,No,310.34,308.67,319.84,309.05,302.28,498
1409,VISHNU.NS,594.8,588.8,89.07K,Process Industries,Chemicals: Specialty,60.0,37.0,46.0,61.0,21.9714,21.9714,138.14K,211.67K,670.0,443.7,40.04B,No,614.75,608.77,547.04,606.92,559.75,499
1410,MITCON.NS,79.6,78.45,2.61K,Commercial Services,Miscellaneous Commercial Services,60.0,61.0,24.0,76.0,3.9593,3.5643,7.27K,1.65K,91.7,49.56,1.39B,No,74.72,78.89,70.06,78.29,70.09,498
1411,INSPIRISYS.NS,98.5,98.73,0.05K,Technology Services,Information Technology Services,60.0,18.0,72.0,63.0,4.22,4.1507,18.57K,3.42K,133.9,69.92,3.90B,No,99.59,106.67,94.16,104.52,94.27,498
1412,LINCOLN.NS,609.3,610.85,26.08K,Health Technology,Pharmaceuticals: Major,60.0,45.0,26.0,78.0,17.6464,17.5107,73.86K,17.48K,770.0,440.0,12.20B,No,592.94,609.69,572.08,610.39,599.09,498
1413,IVALUE.NS,276.2,275.2,301.52K,Technology Services,Information Technology Services,60.0,22.0,66.0,60.0,11.0429,10.6036,499.55K,330.06K,340.0,207.35,14.99B,No,289.59,271.28,261.22,273.35,250.38,215
1414,KRITINUT.NS,94.01,89.15,200.85K,Process Industries,Agricultural Commodities/Milling,60.0,91.0,51.0,72.0,4.4964,4.1371,13.86K,11.50K,108.5,51.36,4.71B,No,77.87,81.82,78.44,81.58,78.34,498
1415,GLOSTERLTD.NS,680.25,674.95,0.86K,Process Industries,Textiles,60.0,65.0,54.0,60.0,22.6893,22.3393,5.09K,1.93K,756.45,495.0,7.44B,No,671.75,680.76,627.11,683.52,620.17,499
1416,PASHUPATI.NS,85.07,84.63,793.99K,Process Industries,Textiles,60.0,23.0,43.0,50.0,2.37,2.37,106.73K,31.30K,118.35,66.4,13.43B,No,86.51,87.85,87.56,87.3,90.37,500
1417,MANBA.NS,133.54,133.66,85.92K,Finance,Finance/Rental/Leasing,60.0,30.0,75.0,39.0,5.8121,5.8121,179.25K,515.39K,154.0,98.0,6.69B,No,136.92,130.97,127.06,132.88,122.28,460
1418,SANTETX.BO,148.35,142.2,0.15K,Process Industries,Textiles,60.0,80.0,69.0,54.0,12.675,11.5,0.62K,0.79K,179.4,98.25,844.11M,No,137.98,134.31,136.37,137.21,135.55,496
1419,HARDCAS.BO,750.0,813.55,0.67K,Process Industries,Industrial Specialties,60.0,9.0,58.0,66.0,44.0107,38.1036,0.41K,0.10K,1048.0,602.25,509.61M,No,833.16,822.4,735.68,821.48,748.44,497
1420,TATACOMM.NS,1735.5,1747.8,204.75K,Communications,Major Telecommunications,60.0,11.0,67.0,56.0,57.7857,57.7286,690.25K,426.26K,2110.0,1322.5,494.65B,No,1793.97,1888.59,1735.49,1876.25,1684.38,500
1421,KKCL.NS,526.45,546.5,40.82K,Consumer Non-Durables,Apparel/Footwear,60.0,68.0,61.0,60.0,18.5036,18.3821,39.04K,26.94K,595.0,408.35,32.44B,No,507.02,486.78,484.68,489.98,476.62,498
1422,GRPLTD.NS,2031.4,1977.3,5.99K,Producer Manufacturing,Miscellaneous Manufacturing,60.0,70.0,65.0,64.0,93.6,93.2357,3.15K,5.83K,2491.0,1500.0,10.89B,No,1962.58,1879.32,1849.95,1908.58,1850.92,498
1423,MIVENMACH.BO,87.3,87.3,0.00K,Producer Manufacturing,Industrial Machinery,60.0,79.0,67.0,49.0,2.8679,1.1371,0.40K,0.24K,103.38,59.47,262.21M,No,82.2,88.95,82.82,87.71,80.98,496
1424,JUSTDIAL.NS,682.4,683.0,193.59K,Technology Services,Internet Software/Services,60.0,92.0,84.0,44.0,30.9714,30.8429,1812.44K,802.24K,878.6,480.5,57.97B,No,725.04,612.92,633.73,614.78,584.43,500
1425,TIMETECHNO.NS,206.82,207.26,4332.23K,Process Industries,Containers/Packaging,60.0,90.0,70.0,66.0,8.2429,8.2429,3544.61K,3938.55K,249.15,154.0,102.09B,No,201.53,186.13,187.0,189.05,183.4,499
1426,NAHARINDUS.NS,120.49,118.05,13.27K,Process Industries,Textiles,60.0,63.0,57.0,71.0,4.1457,4.0021,16.99K,8.29K,130.0,83.05,5.23B,No,116.9,117.49,108.8,118.08,107.83,499
1427,JOCIL.NS,151.6,147.0,1.09K,Process Industries,Chemicals: Specialty,60.0,55.0,62.0,66.0,5.44,5.1929,7.96K,2.47K,175.12,91.25,1.35B,No,145.45,147.61,138.52,147.8,133.82,498
1428,BAJEL.NS,194.34,183.8,1245.05K,Industrial Services,Engineering & Construction,60.0,60.0,62.0,73.0,6.325,6.2743,680.17K,264.54K,244.99,135.1,22.48B,No,180.96,190.12,175.67,190.72,174.03,500
1429,SBVCL.BO,104.8,104.95,1.80K,Producer Manufacturing,Industrial Machinery,60.0,53.0,55.0,67.0,2.1643,0.8429,4.50K,2.58K,140.8,60.3,855.17M,No,104.66,106.5,101.48,106.69,95.43,496
1430,EASTINDIA.BO,107.0,106.0,1.24K,Process Industries,Containers/Packaging,60.0,83.0,57.0,65.0,5.225,5.0157,2.27K,2.36K,148.0,85.15,1.55B,No,98.87,102.03,104.36,102.0,105.48,496
1431,CHRTEDCA.BO,286.9,288.5,0.01K,Finance,Investment Banks/Brokers,59.0,73.0,63.0,59.0,7.3964,3.9071,0.04K,0.01K,439.0,225.05,864.03M,No,268.79,262.0,278.34,266.11,264.39,498
1432,OLECTRA.NS,1399.4,1399.4,485.96K,Consumer Durables,Motor Vehicles,59.0,42.0,70.0,75.0,32.7643,31.8143,868.05K,241.37K,1714.2,866.6,114.86B,No,1356.65,1373.95,1228.77,1392.07,1197.1,500
1433,EMBASSY.BO,442.1,436.56,14.64K,Finance,Real Estate Investment Trusts,59.0,32.0,60.0,43.0,6.0764,5.9029,68.59K,59.22K,461.99,375.0,417.90B,No,442.5,437.43,433.0,437.9,433.87,497
1434,TASTYBITE.NS,9175.0,9293.5,1.15K,Consumer Non-Durables,Food: Specialty/Candy,59.0,73.0,84.0,80.0,323.0,310.1786,5.24K,2.48K,11958.0,6430.0,23.54B,No,9066.52,8544.3,7904.96,8657.45,7709.33,498
1435,ATUL.NS,6796.5,6794.0,85.91K,Process Industries,Chemicals: Agricultural,59.0,71.0,42.0,55.0,208.6071,196.3929,40.26K,115.92K,7180.0,5560.5,200.10B,No,6442.1,6512.35,6339.88,6523.1,6530.27,500
1436,SHREEPUSHK.NS,424.75,416.45,36.58K,Process Industries,Chemicals: Specialty,59.0,37.0,61.0,75.0,14.7321,14.5607,71.22K,27.09K,476.0,272.45,13.74B,No,404.17,392.12,368.54,394.65,360.22,499
1437,ALGOQUANT.NS,66.15,67.51,1568.37K,Finance,Investment Banks/Brokers,59.0,84.0,73.0,54.0,2.6464,2.6464,1437.47K,1309.67K,71.01,47.8,18.59B,No,65.69,60.19,,61.11,58.72,146
1438,BERGEPAINT.NS,537.6,545.2,1078.80K,Process Industries,Industrial Specialties,59.0,71.0,70.0,63.0,16.0107,15.7607,735.36K,301.81K,594.55,391.1,626.84B,No,507.82,512.19,502.24,516.12,483.43,500
1439,TTKHLTCARE.NS,1094.1,1045.9,211.76K,Health Technology,Pharmaceuticals: Major,59.0,87.0,75.0,60.0,61.0036,57.9429,11.96K,35.34K,1216.8,735.0,15.46B,No,1014.75,951.7,971.57,961.24,917.36,498
1440,HEALTHX.NS,310.3,306.2,12.75K,Retail Trade,Internet Retail,59.0,31.0,64.0,47.0,12.475,12.475,13.51K,9.54K,363.0,252.5,9.83B,No,317.11,312.37,298.71,311.32,295.17,498
1441,ANDHRSUGAR.NS,87.12,86.74,127.36K,Process Industries,Chemicals: Specialty,59.0,61.0,16.0,71.0,2.9864,2.9164,530.33K,244.46K,107.23,66.5,11.81B,No,84.89,83.44,79.97,83.41,80.95,500
1442,INDGELA.BO,376.1,381.5,1.47K,Process Industries,Chemicals: Major Diversified,59.0,69.0,44.0,59.0,12.4536,12.4321,2.45K,1.97K,418.0,295.0,2.71B,No,372.21,364.64,346.86,366.15,350.62,489
1443,IGIL.NS,363.0,363.85,713.14K,Commercial Services,Miscellaneous Commercial Services,59.0,68.0,48.0,63.0,13.6,13.5179,691.67K,1048.19K,392.0,287.0,155.73B,No,348.11,354.54,338.01,355.53,341.3,400
1444,PRIMAPLA.BO,122.7,124.9,0.88K,Consumer Durables,Home Furnishings,59.0,57.0,75.0,53.0,4.7607,4.4821,11.15K,4.70K,153.4,88.0,1.35B,No,122.72,124.64,118.94,125.96,116.1,497
1445,PJL.BO,278.25,277.2,0.75K,Consumer Durables,Other Consumer Specialties,59.0,90.0,62.0,50.0,3.0857,0.0,0.18K,0.07K,292.0,209.0,1.20B,No,242.64,263.34,263.6,265.84,266.14,498
1446,CRSTCHM.BO,127.8,124.65,0.53K,Health Technology,Pharmaceuticals: Other,59.0,59.0,51.0,83.0,7.4714,7.1929,2.12K,0.63K,163.75,73.01,383.25M,No,130.81,134.23,113.83,134.95,111.19,497
1447,BNAGROCHEM.NS,273.0,269.95,31.95K,Process Industries,Agricultural Commodities/Milling,59.0,20.0,36.0,,12.5643,12.5,13.34K,2.47K,394.8,224.0,,No,276.82,288.29,,281.27,,76
1448,JKPAPER.NS,388.8,385.25,112.45K,Process Industries,Pulp & Paper,59.0,75.0,60.0,66.0,16.8321,16.6429,642.13K,1961.71K,444.8,304.85,70.50B,No,382.86,364.49,360.12,367.0,354.99,499
1449,PATELCHEM.BO,92.69,91.24,16.00K,Process Industries,Chemicals: Major Diversified,59.0,33.0,55.0,77.0,2.03,1.5279,27.25K,12.48K,120.89,56.1,2.31B,No,92.92,91.63,83.2,91.43,81.14,251
1450,TITANSEC.BO,42.3,42.7,30.55K,Finance,Investment Banks/Brokers,59.0,41.0,28.0,67.0,1.9057,1.8943,23.94K,22.05K,58.35,29.0,1.06B,No,42.21,42.72,41.65,42.6,42.76,496
1451,JAGSONSER.BO,56.0,57.61,0.10K,Finance,Regional Banks,59.0,90.0,67.0,32.0,2.24,2.0221,0.52K,0.49K,83.0,45.0,1.02B,No,55.08,52.09,57.6,52.17,54.3,497
1452,CREATIVE.BO,600.0,610.15,1.19K,Non-Energy Minerals,Steel,59.0,88.0,61.0,68.0,26.4786,22.6821,0.10K,0.21K,723.85,481.5,803.14M,No,571.75,549.43,562.98,550.39,557.96,497
1453,AXISCADES.NS,1631.4,1590.3,168.15K,Commercial Services,Miscellaneous Commercial Services,59.0,66.0,6.0,78.0,65.25,64.7143,210.82K,128.62K,2211.0,1063.3,69.39B,No,1574.2,1693.65,1566.42,1701.08,1631.95,500
1454,ASAHIINDIA.NS,913.95,926.7,588.29K,Consumer Durables,Home Furnishings,59.0,60.0,66.0,24.0,22.7821,22.625,123.35K,64.59K,1074.0,775.1,232.99B,No,894.93,884.89,913.16,887.93,882.28,500
1455,TI.NS,488.45,500.95,1100.17K,Consumer Non-Durables,Beverages: Alcoholic,59.0,80.0,63.0,65.0,15.3214,15.1107,536.46K,829.04K,549.7,381.55,120.73B,No,455.29,444.99,451.08,447.45,443.46,499
1456,SUMICHEM.NS,525.2,507.55,543.54K,Process Industries,Chemicals: Agricultural,59.0,81.0,61.0,75.0,19.1536,19.0857,1062.96K,743.53K,617.45,362.6,262.15B,No,524.0,486.27,452.7,492.79,445.46,499
1457,GTIL.BO,79.0,81.7,46.40K,Producer Manufacturing,Metal Fabrication,59.0,92.0,84.0,58.0,3.09,3.0429,42.47K,24.00K,98.0,43.52,1.11B,No,82.97,72.38,,72.9,68.28,140
1458,WALCHPF.BO,143.75,145.9,0.65K,Commercial Services,Miscellaneous Commercial Services,59.0,88.0,56.0,69.0,7.3214,5.4821,1.07K,2.66K,174.0,79.05,417.43M,No,129.98,132.83,125.51,133.67,121.63,496
1459,LT.NS,4060.0,4057.0,1401.26K,Industrial Services,Engineering & Construction,59.0,60.0,53.0,46.0,62.2429,52.6786,2074.56K,1788.12K,4440.0,3288.1,5588.49B,No,3887.88,3991.12,3974.56,4000.15,3946.89,500
1460,BALPHARMA.NS,86.89,89.03,15.78K,Health Technology,Pharmaceuticals: Major,59.0,81.0,70.0,76.0,3.1621,3.0786,53.07K,50.17K,98.85,60.0,1.38B,No,87.39,85.44,77.76,84.92,77.72,498
1461,HARSHA.NS,425.15,419.75,110.08K,Producer Manufacturing,Metal Fabrication,59.0,48.0,43.0,60.0,11.1821,10.9643,252.38K,100.27K,469.0,313.3,38.69B,No,413.73,414.47,388.96,415.15,389.34,499
1462,VINEETLAB.NS,38.7,39.0,53.97K,Process Industries,Chemicals: Specialty,59.0,88.0,57.0,66.0,2.1007,2.0971,47.03K,59.19K,49.99,27.96,743.28M,No,37.27,35.36,35.96,35.66,33.96,498
1463,ORIENTBELL.NS,315.55,314.9,14.45K,Producer Manufacturing,Building Products,59.0,48.0,22.0,62.0,8.9857,8.8393,12.00K,7.17K,364.0,238.75,4.64B,No,317.72,320.22,297.97,318.73,301.06,499
1464,GAIL.NS,176.06,176.96,14799.03K,Utilities,Gas Distributors,59.0,60.0,62.0,49.0,4.405,4.3407,10031.61K,14250.61K,186.87,134.36,1159.84B,No,173.93,172.34,167.24,173.16,163.55,500
1465,TRADEUNO.BO,121.0,113.15,88.80K,Retail Trade,Apparel/Footwear Retail,59.0,94.0,52.0,38.0,4.3936,3.4143,7.04K,8.16K,161.95,87.0,2.17B,No,100.41,98.95,,99.57,109.93,187
1466,PAR.NS,100.92,98.89,3.01K,Process Industries,Chemicals: Specialty,59.0,82.0,65.0,59.0,4.9421,4.9264,20.92K,11.51K,122.43,78.05,1.24B,No,97.38,93.13,93.65,94.1,91.68,498
1467,KNAGRI.NS,209.0,207.94,14.48K,Process Industries,Agricultural Commodities/Milling,59.0,53.0,70.0,77.0,8.0821,8.0457,15.26K,8.90K,263.3,148.3,5.22B,No,206.82,204.93,197.09,207.06,192.21,498
1468,LXCHEM.NS,181.72,181.57,862.78K,Process Industries,Chemicals: Specialty,59.0,88.0,69.0,74.0,9.5064,9.2221,2352.25K,3865.25K,241.0,107.6,49.81B,No,178.6,164.62,157.02,165.01,146.01,500
1469,GLOTTIS.NS,67.75,67.09,19.57K,Transportation,Marine Shipping,59.0,49.0,77.0,78.0,1.8979,1.8829,250.47K,42.88K,93.0,37.0,6.26B,No,66.94,66.68,59.97,66.88,57.67,209
1470,GANECOS.NS,1088.0,1094.9,100.26K,Process Industries,Textiles,58.0,40.0,59.0,87.0,58.5821,58.1428,223.17K,161.64K,1489.0,653.55,28.80B,No,1170.5,1034.33,941.16,1046.89,929.42,500
1471,BALKRISIND.NS,2465.7,2501.6001,126.10K,Consumer Durables,Automotive Aftermarket,58.0,82.0,68.0,51.0,94.8929,84.1643,313.70K,927.78K,2775.0,1970.0,476.66B,No,2197.97,2188.68,2287.9,2212.37,2269.61,499
1472,IMPAL.NS,1103.5,1115.3,1.29K,Distribution Services,Wholesale Distributors,58.0,30.0,65.0,42.0,39.1857,38.6571,6.24K,2.61K,1238.9,928.0,13.69B,No,1108.2,1099.37,1051.79,1091.3,1050.18,499
1473,ADON.BO,85.64,87.01,210.00K,Distribution Services,Food Distributors,58.0,,,,5.68,5.6007,434.67K,201.80K,96.0,76.05,1.97B,No,84.18,,,,,24
1474,EPBIO.BO,111.0,111.0,1.00K,Producer Manufacturing,Industrial Machinery,58.0,89.0,68.0,58.0,5.3243,4.1529,0.66K,0.75K,139.0,75.5,186.65M,No,101.65,100.47,100.9,101.78,98.88,496
1475,CITIUSINVT.BO,110.05,110.0,17.80K,Miscellaneous,Investment Trusts,58.0,54.0,61.0,,1.4186,1.3643,177.99K,3.15K,112.48,101.75,67.13B,No,109.63,107.67,,107.77,,71
1476,SHAYONAENG.BO,145.0,134.05,15.00K,Producer Manufacturing,Industrial Machinery,58.0,64.0,73.0,,3.2786,1.6643,5.90K,1.10K,166.0,119.0,564.38M,No,141.48,139.22,,140.22,,128
1477,AMNPLST.NS,195.43,198.52,11.50K,Process Industries,Chemicals: Specialty,58.0,50.0,74.0,61.0,11.8507,11.8507,28.77K,27.44K,250.0,127.0,10.75B,No,198.83,195.66,183.48,196.4,176.49,499
1478,TCPLPACK.NS,3131.4,3164.5,2.14K,Commercial Services,Commercial Printing/Forms,58.0,78.0,73.0,70.0,126.3428,125.6571,5.74K,5.24K,3589.8,2200.0,28.44B,No,3197.2,2941.67,2862.21,2991.99,2737.7,498
1479,CLSEL.NS,294.15,294.2,220.42K,Process Industries,Agricultural Commodities/Milling,58.0,50.0,47.0,68.0,10.5357,10.3786,372.97K,54.37K,321.0,203.75,14.63B,No,282.2,284.83,268.33,286.95,270.15,498
1480,THACKER.NS,1097.0,1050.0,0.01K,Finance,Finance/Rental/Leasing,58.0,46.0,49.0,,36.9929,29.5571,0.33K,0.02K,1689.9,951.0,,No,1051.88,1151.99,,1133.92,,70
1481,MODTHREAD.NS,48.0,50.64,0.05K,Process Industries,Textiles,58.0,47.0,55.0,59.0,2.4214,2.0743,1.57K,1.03K,62.0,35.61,1.68B,No,47.83,46.75,45.46,46.64,45.79,498
1482,SAVERA.BO,163.05,166.65,2.63K,Consumer Services,Hotels/Resorts/Cruise Lines,58.0,56.0,55.0,63.0,9.1071,8.7607,3.79K,3.06K,189.0,133.0,1.94B,No,162.74,158.66,154.74,159.46,157.34,496
1483,ALPHAIND.BO,147.0,146.0,1.80K,Producer Manufacturing,Metal Fabrication,58.0,54.0,23.0,23.0,2.3714,1.4179,0.66K,0.42K,187.0,91.1,1.50B,No,148.77,149.99,147.42,147.39,160.36,496
1484,SREEL.NS,215.37,214.78,2.90K,Retail Trade,Apparel/Footwear Retail,58.0,61.0,79.0,41.0,9.9064,9.8786,17.15K,31.45K,258.0,165.25,4.99B,No,216.54,210.06,207.31,212.28,200.04,498
1485,APLAPOLLO.NS,1945.0,1948.5,824.14K,Non-Energy Minerals,Steel,58.0,70.0,47.0,31.0,50.8929,50.4429,683.95K,775.93K,2301.4,1549.0,540.05B,No,1850.66,1826.59,1909.19,1831.19,1957.97,500
1486,BIRET.BO,344.52,343.28,18.43K,Finance,Real Estate Investment Trusts,58.0,49.0,63.0,36.0,4.3671,4.365,26.00K,10.53K,376.5,310.85,285.91B,No,341.22,331.34,335.27,332.37,335.31,497
1487,PDMJEPAPER.NS,98.18,95.72,244.33K,Process Industries,Pulp & Paper,58.0,88.0,72.0,64.0,4.6507,4.485,118.29K,328.06K,148.39,65.0,9.32B,No,90.97,86.22,89.07,86.62,83.05,499
1488,RAMBHAJO.NS,185.0,184.5,127.69K,Consumer Durables,Other Consumer Specialties,58.0,72.0,,,8.4471,8.2343,788.39K,375.32K,222.0,161.6,,No,193.93,,,,,27
1489,SINDHUTRAD.NS,24.19,24.64,257.01K,Transportation,Air Freight/Couriers,58.0,19.0,62.0,62.0,1.1414,1.11,2909.81K,1914.95K,32.74,17.64,37.30B,No,24.98,25.33,23.6,25.21,23.92,498
1490,PAGEIND.NS,40050.0,40355.0,15.72K,Consumer Non-Durables,Apparel/Footwear,58.0,24.0,65.0,69.0,779.6429,763.5714,32.65K,23.68K,47310.0,29805.0,446.71B,No,40192.25,40006.7,37010.85,40069.0,36494.0,498
1491,HBESD.NS,74.99,78.0,10.62K,Consumer Services,Hotels/Resorts/Cruise Lines,58.0,55.0,25.0,,3.7121,3.5721,4.53K,1.87K,95.9,61.05,,No,75.38,75.43,,75.87,,76
1492,AADHARHFC.NS,514.9,505.2,380.35K,Finance,Finance/Rental/Leasing,58.0,31.0,57.0,48.0,13.7214,13.4357,484.75K,325.87K,563.0,430.15,225.18B,No,508.22,501.97,486.7,508.94,484.4,500
1493,URBANCO.NS,142.67,142.55,3614.36K,Technology Services,Packaged Software,58.0,67.0,42.0,60.0,5.6279,5.055,5340.46K,10356.38K,201.18,100.7,210.09B,No,133.9,130.74,129.88,130.75,126.17,222
1494,CAMS.NS,799.45,811.85,807.80K,Technology Services,Information Technology Services,58.0,67.0,40.0,62.0,21.675,21.6357,1218.29K,1066.12K,844.9,611.4,198.50B,No,780.95,781.17,747.99,783.7,738.24,500
1495,EIMCOELECO.NS,1813.2,1814.3,6.03K,Producer Manufacturing,Trucks/Construction/Farm Machinery,58.0,27.0,73.0,45.0,56.7286,55.2357,50.57K,15.35K,2456.7,1405.5,10.46B,No,1810.42,1728.71,1654.04,1720.61,1642.13,498
1496,CONCORDBIO.NS,1374.7,1385.0,112.18K,Commercial Services,Miscellaneous Commercial Services,58.0,74.0,75.0,64.0,49.6786,49.1643,313.25K,170.00K,1801.9,987.0,143.82B,No,1333.22,1297.53,1260.79,1313.13,1202.37,500
1497,ENTERO.NS,1240.9,1258.8,46.10K,Distribution Services,Medical Distributors,58.0,65.0,46.0,59.0,47.3143,47.0429,125.67K,73.84K,1390.0,944.0,54.01B,No,1228.58,1182.5,1141.45,1183.36,1175.52,499
1498,BERLDRG.BO,22.29,22.99,0.15K,Health Technology,Pharmaceuticals: Other,58.0,13.0,71.0,43.0,1.4214,1.3271,2.15K,1.50K,30.0,15.92,113.05M,No,21.83,22.3,22.1,22.34,21.68,497
1499,INDOAMIN.NS,134.51,128.84,143.39K,Process Industries,Chemicals: Major Diversified,58.0,62.0,66.0,64.0,5.3043,5.2571,202.54K,41.42K,167.9,81.9,9.59B,No,127.13,130.54,120.95,131.39,118.16,499
1500,GPTINFRA.NS,116.8,117.25,64.01K,Industrial Services,Engineering & Construction,58.0,21.0,51.0,60.0,4.5714,4.4443,347.52K,138.35K,150.0,96.22,14.76B,No,118.56,120.96,112.89,120.45,114.57,499
1501,KMSUGAR.NS,28.46,28.58,55.36K,Process Industries,Agricultural Commodities/Milling,58.0,67.0,29.0,64.0,1.0121,0.9864,116.46K,97.47K,33.73,23.0,2.62B,No,28.22,27.33,26.96,27.4,26.82,500
1502,REDTAPE.NS,136.86,134.24,563.69K,Retail Trade,Apparel/Footwear Retail,58.0,54.0,61.0,57.0,3.9036,3.8593,894.47K,251.82K,163.5,107.53,75.66B,No,131.96,134.0,127.85,134.47,127.37,500
1503,CAPITALSFB.NS,295.85,296.35,27.02K,Finance,Regional Banks,58.0,62.0,65.0,62.0,7.7571,7.5321,59.96K,55.52K,323.7,206.55,13.45B,No,297.86,287.75,270.46,288.55,269.89,498
1504,TIL.NS,252.5,260.0,482.78K,Producer Manufacturing,Trucks/Construction/Farm Machinery,58.0,89.0,78.0,52.0,17.6879,17.2857,994.14K,5212.42K,371.95,161.25,20.05B,No,229.81,211.48,231.53,215.55,211.55,499
1505,TAINWALCHM.NS,206.16,220.58,13.86K,Process Industries,Containers/Packaging,58.0,72.0,51.0,61.0,11.2264,11.0686,10.73K,5.29K,257.0,155.0,1.93B,No,208.54,202.65,194.2,201.82,193.72,497
1506,BANKINDIA.NS,142.66,141.0,6150.49K,Finance,Major Banks,58.0,64.0,54.0,18.0,3.3164,3.2093,10222.15K,9836.62K,178.36,109.3,649.48B,No,141.93,142.4,147.49,143.38,149.26,500
1507,SKYIND.BO,95.98,99.04,4.41K,Process Industries,Textiles,57.0,79.0,56.0,66.0,9.6471,8.7021,8.15K,24.22K,136.0,63.06,757.33M,No,99.56,92.98,88.35,92.98,86.95,496
1508,EPL.NS,228.24,229.87,148.54K,Process Industries,Containers/Packaging,57.0,30.0,45.0,67.0,6.6857,6.6236,584.85K,385.74K,246.86,176.4,73.34B,No,233.68,228.92,214.96,229.96,218.41,499
1509,SHAHALLOYS.NS,71.26,70.26,2.91K,Non-Energy Minerals,Steel,57.0,31.0,55.0,55.0,2.9057,2.9036,11.65K,4.20K,83.85,53.1,1.41B,No,69.11,69.52,68.56,69.58,67.19,498
1510,UTTAMSUGAR.NS,254.82,250.44,137.09K,Process Industries,Agricultural Commodities/Milling,57.0,71.0,45.0,69.0,8.97,8.9471,94.45K,87.30K,299.0,181.1,9.72B,No,235.01,234.7,234.4,235.57,230.4,499
1511,BAGMANE.BO,107.25,106.56,12.67K,Finance,Real Estate Investment Trusts,57.0,57.0,,,0.9479,0.9357,94.70K,17.28K,107.32,102.0,364.65B,No,104.77,103.84,,104.08,,61
1512,SIGMA.NS,47.42,47.45,363.70K,Technology Services,Packaged Software,57.0,93.0,61.0,43.0,3.6607,3.42,265.49K,1222.66K,65.5,35.46,4.87B,No,41.76,40.24,46.14,41.45,43.33,499
1513,REXNORD.BO,80.18,82.02,2.32K,Producer Manufacturing,Industrial Machinery,57.0,46.0,77.0,58.0,4.1179,3.5821,4.02K,2.11K,103.6,49.0,1.06B,No,79.7,82.45,73.58,82.73,70.86,497
1514,AAREYDRUGS.NS,81.8,84.31,81.86K,Health Technology,Pharmaceuticals: Major,57.0,18.0,33.0,68.0,2.5914,2.2571,50.04K,25.32K,100.0,50.31,2.32B,No,78.62,81.47,78.01,81.16,76.28,498
1515,SOVERDIA.BO,27.14,25.99,4.71K,Consumer Durables,Other Consumer Specialties,57.0,94.0,74.0,57.0,1.945,1.9021,3.53K,8.89K,39.5,18.21,157.09M,No,23.44,22.33,23.43,22.75,22.59,496
1516,HARIOMPIPE.NS,403.35,405.55,43.89K,Non-Energy Minerals,Steel,57.0,55.0,82.0,33.0,10.4964,10.3071,453.42K,104.16K,572.2,268.05,12.49B,No,394.6,400.96,373.22,401.32,367.0,500
1517,TNPL.NS,157.15,153.49,198.28K,Process Industries,Pulp & Paper,57.0,77.0,47.0,64.0,5.4457,5.105,153.20K,532.15K,179.9,121.51,10.88B,No,148.56,146.86,143.73,147.1,142.07,498
1518,BUTTERFLY.NS,681.65,667.6,49.73K,Consumer Durables,Electronics/Appliances,57.0,18.0,66.0,58.0,31.1107,30.9286,163.00K,38.01K,823.85,565.8,12.19B,No,741.1,693.34,660.62,697.34,648.15,499
1519,NORTHARC.NS,280.4,285.15,372.82K,Finance,Finance/Rental/Leasing,57.0,17.0,47.0,46.0,10.3536,10.3536,931.64K,1030.15K,334.0,206.0,45.32B,No,299.58,296.58,266.93,297.04,268.4,466
1520,VINCOFE.NS,150.3,155.34,1693.94K,Distribution Services,Wholesale Distributors,57.0,28.0,66.0,45.0,6.2164,6.01,2616.41K,2542.55K,179.85,120.24,21.90B,No,157.04,155.06,149.76,154.34,143.67,449
1521,MACH.BO,83.0,83.0,1.50K,Consumer Services,Hotels/Resorts/Cruise Lines,57.0,52.0,42.0,37.0,5.2257,3.2714,1.33K,2.40K,98.55,65.0,527.58M,No,84.65,85.27,83.31,84.28,83.6,497
1522,PFL.BO,30.0,29.99,6.00K,Industrial Services,Engineering & Construction,57.0,14.0,71.0,24.0,2.42,2.3343,31.18K,76.20K,37.4,22.95,611.34M,No,31.24,29.43,29.87,29.49,29.72,463
1523,JSWCEMENT.NS,132.25,132.04,1142.45K,Non-Energy Minerals,Construction Materials,57.0,34.0,63.0,63.0,3.09,2.9879,5158.11K,1530.87K,162.15,106.65,179.08B,No,135.73,132.9,124.89,132.95,125.63,244
1524,DCMNVL.NS,163.0,156.76,8.99K,Process Industries,Textiles,57.0,76.0,54.0,68.0,7.1236,6.7986,8.24K,10.33K,182.0,95.6,3.00B,No,146.52,150.62,137.94,151.39,137.57,500
1525,VIJSOLX.BO,694.65,700.0,0.77K,Process Industries,Agricultural Commodities/Milling,57.0,17.0,71.0,48.0,28.2714,27.2821,0.81K,0.29K,940.4,301.0,2.22B,No,694.9,664.91,636.41,674.95,593.33,496
1526,INDOBELL.BO,74.0,74.0,2.25K,Non-Energy Minerals,Construction Materials,57.0,94.0,78.0,76.0,3.8693,2.2243,12.40K,5.70K,130.5,44.75,466.20M,No,71.03,60.07,65.9,62.37,62.98,388
1527,KIRANVYPAR.NS,198.1,203.6,1.03K,Finance,Investment Banks/Brokers,57.0,49.0,53.0,,8.4871,8.1814,6.41K,2.51K,211.45,148.27,,No,196.59,189.5,,192.72,,75
1528,RELIGARE.NS,256.55,257.2,232.92K,Finance,Multi-Line Insurance,57.0,23.0,75.0,53.0,6.9393,6.8679,1116.23K,664.71K,280.0,196.51,87.54B,No,258.37,254.41,240.18,255.31,235.93,499
1529,SANDUMA.NS,213.88,214.15,870.09K,Non-Energy Minerals,Other Metals/Minerals,57.0,68.0,47.0,33.0,6.1336,5.9079,1742.67K,900.02K,273.0,141.37,103.97B,No,203.14,209.07,212.21,208.77,209.25,500
1530,CONART.BO,93.68,87.17,34.90K,Industrial Services,Engineering & Construction,57.0,66.0,64.0,70.0,5.6757,5.5071,9.63K,2.12K,125.0,60.0,588.31M,No,90.36,93.88,89.02,93.84,85.59,498
1531,RPSGVENT.NS,921.05,960.45,34.21K,Finance,Financial Conglomerates,57.0,44.0,34.0,74.0,28.9536,28.9,51.66K,25.98K,1179.0,551.9,30.47B,No,914.89,895.9,819.22,893.24,833.29,500
1532,REFEX.NS,298.65,301.0,303.65K,Energy Minerals,Coal,57.0,7.0,73.0,78.0,13.9536,13.7464,1582.92K,881.06K,429.9,188.0,40.98B,No,315.59,324.64,282.6,323.67,266.43,499
1533,POWERMECH.NS,2617.0,2573.1001,64.81K,Industrial Services,Engineering & Construction,57.0,50.0,54.0,73.0,77.8071,76.5357,111.18K,69.27K,3260.0,1717.7,82.74B,No,2598.84,2648.39,2365.76,2659.43,2356.74,499
1534,LAXMIINDIA.NS,134.75,132.76,24.67K,Finance,Finance/Rental/Leasing,57.0,89.0,44.0,83.0,7.0907,6.9057,127.49K,134.92K,180.9,71.06,7.06B,No,121.98,113.12,114.89,114.9,106.01,250
1535,INFRONICS.BO,23.89,24.21,15.62K,Technology Services,Information Technology Services,57.0,94.0,87.0,63.0,1.3836,0.7086,3.99K,6.25K,35.11,13.0,189.36M,No,20.67,18.46,20.55,18.77,18.27,497
1536,INDGN.NS,545.0,540.3,3347.78K,Health Technology,Pharmaceuticals: Major,57.0,79.0,58.0,61.0,21.0143,21.0143,240.56K,444.91K,596.8,414.0,132.34B,No,515.57,515.59,505.25,517.03,495.6,500
1537,TRUALT.NS,464.3,461.55,275.23K,Process Industries,Chemicals: Specialty,57.0,60.0,43.0,68.0,20.5286,20.075,453.47K,687.89K,542.0,310.2,39.81B,No,431.3,462.7,433.34,460.82,435.67,210
1538,PNB.NS,114.3,113.55,11899.43K,Finance,Major Banks,57.0,81.0,61.0,25.0,2.0121,1.865,20547.97K,14245.69K,135.15,98.5,1313.64B,No,110.1,107.99,115.3,108.43,112.72,500
1539,JKIPL.NS,98.01,100.99,10.23K,Distribution Services,Wholesale Distributors,57.0,47.0,67.0,80.0,5.3486,5.3257,30.90K,18.01K,126.95,45.4,3.76B,No,97.45,100.5,89.83,100.33,82.26,211
1540,RVHL.NS,45.36,45.74,15.12K,Consumer Durables,Homebuilding,57.0,45.0,66.0,45.0,1.8386,1.81,36.37K,6.03K,71.36,28.5,2.78B,No,45.3,44.59,46.07,45.43,42.45,498
1541,CHEMBOND.NS,178.8,177.83,3.36K,Process Industries,Chemicals: Major Diversified,57.0,27.0,22.0,68.0,8.3171,7.8629,9.04K,2.94K,209.99,105.15,2.40B,No,177.08,174.3,160.97,173.3,158.65,499
1542,MIL.BO,30.2,28.82,11.09K,Finance,Financial Conglomerates,57.0,72.0,88.0,11.0,3.1564,3.0393,7.39K,1.84K,43.0,20.61,300.60M,No,26.13,26.47,30.38,26.91,29.0,497
1543,INDCTST.BO,52.9,54.89,0.64K,Producer Manufacturing,Trucks/Construction/Farm Machinery,57.0,47.0,73.0,55.0,2.2907,2.0986,0.74K,0.26K,76.16,43.55,220.91M,No,51.3,53.19,52.52,54.31,52.05,497
1544,SHPLPUNE.BO,850.0,850.0,0.03K,Consumer Services,Hotels/Resorts/Cruise Lines,56.0,68.0,63.0,54.0,34.2393,33.9571,0.16K,0.03K,1100.0,631.0,2.59B,No,830.6,817.03,797.87,815.5,799.26,497
1545,XPROINDIA.NS,1115.2,1111.8,146.31K,Process Industries,Industrial Specialties,56.0,1.0,38.0,66.0,76.2786,69.1357,75.16K,63.41K,1574.8,788.05,26.17B,No,1353.74,1322.3,1084.48,1341.55,1121.77,500
1546,TGVSL.BO,107.45,106.35,320.33K,Process Industries,Chemicals: Specialty,56.0,66.0,51.0,71.0,3.5286,3.5107,136.31K,157.97K,142.25,78.1,11.51B,No,103.38,104.88,103.71,104.69,98.88,496
1547,SMARTWORKS.NS,485.0,472.0,158.90K,Finance,Real Estate Development,56.0,66.0,60.0,50.0,20.6321,20.6321,112.70K,323.82K,619.0,361.5,55.42B,No,475.91,468.95,464.35,468.31,441.12,262
1548,SAMBHV.NS,118.59,121.16,1127.83K,Non-Energy Minerals,Steel,56.0,70.0,45.0,77.0,4.915,4.5736,1563.60K,1098.08K,141.32,81.42,34.95B,No,119.17,112.94,105.48,113.79,106.61,273
1549,WSFX.BO,67.88,68.0,0.69K,Commercial Services,Miscellaneous Commercial Services,56.0,79.0,57.0,59.0,2.7064,2.6607,2.24K,1.69K,76.86,53.8,860.27M,No,63.56,62.3,62.11,62.55,62.07,496
1550,GARNET.BO,67.1,65.1,2.30K,Finance,Real Estate Development,56.0,26.0,5.0,33.0,3.1614,3.1336,7.01K,2.57K,116.0,34.75,932.84M,No,67.97,71.92,76.2,70.9,80.06,497
1551,BHARTIARTL.NS,1948.0,1978.0,5325.59K,Communications,Wireless Telecommunications,56.0,55.0,64.0,38.0,35.3643,32.1214,8082.00K,5584.89K,2174.5,1740.5,12152.91B,No,1936.35,1887.74,1951.02,1894.0,1894.07,500
1552,INA.NS,112.45,113.34,197.01K,Electronic Technology,Semiconductors,56.0,57.0,10.0,,3.9536,3.9529,1795.37K,437.00K,161.81,79.75,24.79B,No,115.4,116.25,,115.85,,105
1553,SPINAROO.BO,54.0,56.78,2.00K,Non-Energy Minerals,Aluminum,56.0,49.0,40.0,89.0,0.0,0.0,0.75K,0.75K,83.77,26.6,377.68M,No,56.78,57.37,54.77,57.12,55.42,328
1554,IITLPROJ.BO,52.47,52.47,1.09K,Finance,Real Estate Development,56.0,19.0,86.0,24.0,2.7479,2.2764,2.78K,1.60K,73.9,33.01,248.80M,No,52.41,48.38,50.11,48.41,46.26,498
1555,EVERESTIND.NS,469.75,469.95,11.46K,Distribution Services,Wholesale Distributors,56.0,50.0,75.0,56.0,23.3857,22.5,42.65K,23.64K,750.0,284.9,7.56B,No,493.54,443.98,449.51,444.53,406.64,498
1556,BANSALWIRE.NS,331.1,320.35,512.65K,Non-Energy Minerals,Steel,56.0,42.0,54.0,68.0,16.175,15.8821,181.62K,298.60K,380.2,222.5,51.84B,No,319.02,318.84,299.77,321.15,293.01,498
1557,KRISHIVAL.NS,390.7,387.75,0.36K,Process Industries,Agricultural Commodities/Milling,56.0,29.0,63.0,71.0,9.5179,9.475,12.83K,49.06K,508.0,282.3,10.00B,No,393.38,399.14,383.06,398.54,355.2,499
1558,JYOTICNC.NS,857.8,859.75,441.43K,Producer Manufacturing,Metal Fabrication,56.0,84.0,72.0,52.0,27.3679,26.4786,1412.21K,600.14K,1055.9,580.1,196.73B,No,810.87,745.84,821.38,763.25,766.79,500
1559,CATVISION.BO,20.26,20.28,1.80K,Electronic Technology,Telecommunications Equipment,56.0,59.0,56.0,55.0,1.5671,1.5521,3.27K,1.96K,30.25,15.5,110.49M,No,20.02,19.63,19.73,19.46,19.05,497
1560,PNGJL.NS,635.2,658.75,1623.12K,Retail Trade,Specialty Stores,56.0,77.0,24.0,62.0,30.3143,29.925,562.70K,1293.90K,736.4,503.0,86.20B,No,633.41,584.83,598.7,590.7,587.14,471
1561,FRATELLI.BO,104.5,102.1,1.41K,Distribution Services,Food Distributors,56.0,66.0,81.0,63.0,5.6186,5.5714,25.41K,34.00K,161.8,61.9,4.54B,No,99.15,96.65,97.58,98.15,88.54,497
1562,VRLLOG.NS,284.65,279.0,1192.97K,Transportation,Trucking,56.0,90.0,71.0,50.0,11.0714,10.1179,246.08K,664.80K,307.6,225.0,49.80B,No,248.71,241.51,258.47,243.07,253.15,498
1563,CPCAP.NS,112.95,114.18,1.89K,Consumer Services,Other Consumer Services,56.0,42.0,79.0,59.0,3.7014,3.5821,41.61K,21.00K,167.98,73.51,2.06B,No,110.83,105.81,103.34,106.18,97.44,499
1564,SNL.BO,385.1,385.9,7.70K,Producer Manufacturing,Auto Parts: Oem,56.0,56.0,46.0,50.0,10.2286,10.0857,2.03K,0.71K,423.5,299.7,1.39B,No,381.54,379.46,369.08,379.03,363.68,496
1565,OMAXE.NS,87.35,85.74,290.88K,Finance,Real Estate Development,56.0,54.0,52.0,64.0,3.4271,3.4257,1590.74K,267.45K,101.0,62.5,16.04B,No,89.74,83.04,77.89,83.13,79.17,499
1566,AXISBANK.NS,1256.0,1253.9,4845.32K,Finance,Major Banks,56.0,21.0,44.0,25.0,25.2786,21.2286,7271.55K,8295.44K,1418.3,1042.5,3908.23B,No,1265.03,1303.42,1288.09,1307.08,1298.96,500
1567,PRAVEG.NS,287.25,281.55,45.69K,Health Technology,Pharmaceuticals: Major,56.0,93.0,36.0,,15.7086,15.4914,108.51K,105.90K,325.0,210.4,,No,277.74,254.24,,257.08,,76
1568,WORTHPERI.NS,149.86,150.18,34.16K,Process Industries,Containers/Packaging,56.0,81.0,64.0,56.0,6.2529,5.9921,12.65K,8.92K,169.37,109.0,2.36B,No,143.5,135.53,138.7,136.41,135.19,497
1569,TNPETRO.NS,98.68,97.93,204.06K,Process Industries,Chemicals: Specialty,56.0,58.0,72.0,55.0,3.0629,3.0429,202.39K,115.70K,129.89,78.67,8.88B,No,95.82,93.4,96.07,94.41,90.97,499
1570,CANBK.NS,131.7,128.91,23426.00K,Finance,Major Banks,56.0,73.0,43.0,22.0,2.8079,2.7421,29559.13K,23105.78K,162.89,103.55,1194.60B,No,126.8,128.84,139.39,129.35,136.82,500
1571,CLEDUCATE.NS,59.77,58.78,18.58K,Commercial Services,Miscellaneous Commercial Services,56.0,62.0,94.0,11.0,2.9693,2.9286,42.00K,15.09K,120.8,35.48,3.24B,No,58.11,54.55,62.62,55.57,53.02,498
1572,SUPREMEINF.NS,92.75,94.39,152.21K,Industrial Services,Engineering & Construction,56.0,86.0,68.0,58.0,5.985,5.5457,136.70K,241.85K,124.81,58.11,9.04B,No,83.55,80.66,82.28,81.51,79.22,498
1573,IXIGO.NS,204.35,204.76,489.62K,Technology Services,Internet Software/Services,56.0,46.0,80.0,36.0,7.8386,7.6707,1723.08K,574.09K,339.15,151.27,89.39B,No,198.14,189.7,208.48,192.78,185.01,500
1574,FMGOETZE.NS,487.0,486.75,51.35K,Producer Manufacturing,Industrial Machinery,56.0,76.0,55.0,59.0,12.6821,12.6821,53.31K,31.51K,577.4,358.0,27.03B,No,478.94,457.54,450.71,462.87,438.07,498
1575,JAGAJITIND.BO,154.2,140.2,96.87K,Consumer Non-Durables,Beverages: Alcoholic,56.0,87.0,82.0,73.0,5.5786,5.2179,11.94K,7.81K,241.95,116.0,7.21B,No,131.8,134.66,142.82,135.94,133.64,497
1576,MNIL.BO,36.0,35.46,0.12K,Finance,Real Estate Development,56.0,28.0,3.0,9.0,4.6064,4.4521,5.41K,6.14K,54.0,20.0,923.31M,No,32.25,36.01,37.23,35.49,39.23,497
1577,PARADEEP.NS,148.13,146.71,2906.60K,Process Industries,Chemicals: Agricultural,56.0,65.0,77.0,51.0,6.1043,5.8829,8170.61K,22727.42K,232.8,99.7,153.78B,No,142.78,136.82,137.71,138.64,127.96,500
1578,ACGL.BO,1891.9,2167.0,25.04K,Producer Manufacturing,Auto Parts: Oem,56.0,3.0,25.0,60.0,107.1821,92.0571,2.83K,1.38K,2403.0,1410.5,11.52B,No,2226.32,2197.23,1891.95,2192.25,1903.06,497
1579,CENTURYPLY.NS,783.75,768.6,79.64K,Producer Manufacturing,Building Products,56.0,48.0,46.0,36.0,24.075,23.975,96.43K,138.81K,859.0,618.5,174.13B,No,786.71,768.3,766.59,773.98,756.56,499
1580,ITL.BO,320.95,314.6,2.69K,Producer Manufacturing,Industrial Machinery,55.0,85.0,53.0,72.0,20.3143,20.0643,1.67K,2.07K,382.0,221.05,1.03B,No,295.82,283.12,292.95,284.04,284.08,497
1581,CINELINE.NS,90.07,90.7,14.04K,Consumer Services,Movies/Entertainment,55.0,81.0,61.0,48.0,4.5971,4.56,21.81K,48.43K,97.5,73.35,3.09B,No,81.72,80.5,84.21,81.61,83.66,499
1582,NARPROP.BO,38.99,36.89,0.02K,Finance,Real Estate Development,55.0,26.0,57.0,51.0,3.0614,2.7757,0.58K,0.52K,47.33,28.9,265.85M,No,37.78,37.73,36.68,37.42,36.26,497
1583,TITAGARH.NS,861.65,852.95,418.60K,Producer Manufacturing,Trucks/Construction/Farm Machinery,55.0,57.0,54.0,52.0,23.5321,23.325,863.34K,358.18K,971.0,568.7,116.04B,No,843.18,858.65,799.74,858.95,777.11,499
1584,PSTITANIA.BO,1100000.0,1100000.0,0.00K,Miscellaneous,Investment Trusts,55.0,56.0,49.0,46.0,6428.5714,0.0,,,1190000.0,1045500.0,4.91B,No,1150000.0,1114000.0,1083483.07,1115000.0,1095203.7,250
1585,KIOCL.NS,397.5,391.95,296.98K,Non-Energy Minerals,Steel,55.0,64.0,42.0,55.0,15.3714,14.6714,236.45K,472.56K,634.55,290.65,239.73B,No,371.45,385.21,373.11,384.9,369.64,500
1586,LAKESHORE.BO,83.0,83.4,3.07K,Process Industries,Agricultural Commodities/Milling,55.0,77.0,77.0,68.0,5.1129,5.0093,3.00K,2.17K,121.33,55.45,280.06M,No,75.96,69.75,77.33,70.51,71.13,497
1587,ALKEM.NS,5597.5,5696.5,109.48K,Health Technology,Pharmaceuticals: Major,55.0,40.0,51.0,38.0,113.6429,112.7143,152.06K,101.29K,5933.5,4738.5,669.27B,No,5651.93,5509.53,5545.5,5512.55,5496.15,499
1588,GOKEX.NS,798.15,805.7,234.62K,Consumer Non-Durables,Apparel/Footwear,55.0,33.0,69.0,83.0,26.7214,25.1786,577.26K,200.80K,954.9,531.0,58.48B,No,821.73,792.83,747.18,800.34,712.1,500
1589,BASML.NS,27.1,27.29,45.87K,Process Industries,Textiles,55.0,66.0,60.0,57.0,1.0464,1.0393,153.33K,82.31K,31.9,17.05,2.17B,No,26.93,26.23,25.08,26.27,24.09,499
1590,INFOBEAN.NS,168.0,169.62,138.39K,Technology Services,Packaged Software,55.0,72.0,42.0,13.0,7.5564,7.1907,877.92K,873.61K,257.5,116.5,16.29B,No,165.93,164.63,171.79,165.46,171.66,500
1591,VOGL.NS,35.9,37.1,77155.15K,Energy Minerals,Oil & Gas Production,55.0,44.0,,,1.9893,1.9893,78035.99K,37529.89K,47.6,30.42,140.16B,No,35.76,,,,,39
1592,GHVINFRA.BO,281.0,283.95,4.23K,Technology Services,Data Processing Services,55.0,97.0,61.0,68.0,14.8321,12.6821,51.81K,125.81K,368.5,173.3,20.25B,No,249.1,227.34,273.27,232.46,259.68,498
1593,SAKSOFT.NS,175.56,177.2,347.33K,Technology Services,Information Technology Services,55.0,63.0,80.0,44.0,7.0814,6.9214,6533.23K,969.70K,229.68,107.59,22.44B,No,173.46,162.2,165.4,162.42,150.75,500
1594,HINDAPL.BO,109.99,106.0,0.01K,Process Industries,Textiles,55.0,35.0,85.0,36.0,4.4314,3.5107,0.27K,0.24K,238.0,75.35,1.10B,No,108.02,109.45,116.72,109.55,103.79,496
1595,JBMA.NS,662.2,663.05,166.83K,Producer Manufacturing,Auto Parts: Oem,55.0,38.0,62.0,64.0,15.6179,14.8857,1427.17K,321.54K,790.0,477.0,155.51B,No,670.06,678.22,619.21,681.44,616.59,500
1596,CPL.NS,72.2,72.88,29.54K,Producer Manufacturing,Miscellaneous Manufacturing,55.0,,,,,,32.20K,32.20K,75.74,68.0,,No,,,,,,11
1597,B2BSOFT.BO,24.17,24.89,25.57K,Technology Services,Information Technology Services,55.0,55.0,40.0,50.0,2.4364,2.3836,20.34K,35.71K,38.0,15.81,407.73M,No,25.94,25.0,24.67,25.16,26.68,499
1598,WPIL.NS,438.9,436.55,17.63K,Producer Manufacturing,Industrial Machinery,55.0,16.0,51.0,,22.1107,21.9464,65.71K,107.24K,510.35,383.55,,No,450.24,456.07,,459.64,,76
1599,ARE&M.NS,927.45,938.85,494.06K,Producer Manufacturing,Electrical Products,55.0,78.0,58.0,56.0,25.3821,24.6464,918.30K,839.00K,1057.85,670.0,169.75B,No,901.36,867.52,872.58,871.68,837.97,500
1600,AVEER.BO,620.0,610.0,0.07K,Consumer Non-Durables,Food: Major Diversified,55.0,77.0,53.0,51.0,13.1179,10.4643,0.27K,0.21K,824.5,475.5,2.78B,No,590.41,568.37,582.06,575.45,556.19,499
1601,PRESTIGE.NS,1578.0,1593.0,746.85K,Finance,Real Estate Development,55.0,23.0,63.0,53.0,54.5857,49.2143,787.76K,641.09K,1805.2,1090.0,679.69B,No,1653.73,1559.58,1514.49,1570.32,1442.37,500
1602,MAGADSUGAR.NS,530.0,512.25,157.30K,Process Industries,Agricultural Commodities/Milling,55.0,61.0,44.0,66.0,24.7857,24.7857,17.07K,23.64K,609.95,417.0,7.29B,No,506.84,480.22,482.46,480.78,471.94,499
1603,JAYANT.BO,70.0,70.0,3.75K,Industrial Services,Engineering & Construction,55.0,17.0,73.0,46.0,3.01,2.4579,12.48K,8.93K,110.74,43.97,713.23M,No,74.41,70.85,69.75,72.32,65.21,497
1604,KRBL.NS,373.6,374.9,160.52K,Process Industries,Agricultural Commodities/Milling,55.0,59.0,48.0,55.0,10.6286,10.5179,446.75K,290.89K,495.0,274.65,85.51B,No,357.66,363.99,361.96,366.98,348.34,499
1605,JGTL.BO,540.0,534.65,0.68K,Electronic Technology,Electronic Equipment/Instruments,55.0,73.0,63.0,64.0,17.2143,16.7429,0.99K,1.23K,668.0,433.0,2.45B,No,499.23,504.99,524.48,505.36,496.9,497
1606,METROGLOBL.NS,132.5,130.02,0.67K,Distribution Services,Wholesale Distributors,55.0,42.0,64.0,,6.7814,6.6864,3.26K,2.36K,159.79,110.0,1.63B,No,131.63,130.67,,131.3,,76
1607,SANATHAN.NS,474.7,476.75,21.79K,Process Industries,Textiles,55.0,66.0,62.0,57.0,21.8857,21.5536,33.11K,66.79K,551.95,352.6,40.07B,No,465.36,442.16,438.52,444.39,428.24,400
1608,MARUTI.NS,14018.0,14190.0,333.29K,Consumer Durables,Motor Vehicles,55.0,45.0,55.0,34.0,288.0714,283.2143,472.01K,464.46K,17370.0,12201.0,4426.79B,No,13809.9,13658.88,14533.92,13733.5,13809.53,500
1609,PCBL.NS,324.8,329.45,1285.67K,Process Industries,Industrial Specialties,55.0,74.0,64.0,69.0,17.7071,16.8821,2251.27K,5906.88K,425.95,226.5,127.80B,No,324.62,311.9,301.98,311.84,290.08,500
1610,QGO.BO,41.96,41.85,1.49K,Finance,Financial Conglomerates,55.0,29.0,61.0,59.0,2.0843,1.785,2.30K,0.93K,53.45,35.0,291.74M,No,42.56,42.8,42.8,42.31,41.03,497
1611,M&M.NS,3421.3,3455.3999,816.12K,Consumer Durables,Motor Vehicles,55.0,75.0,53.0,39.0,84.6286,81.8643,2938.58K,2972.22K,3839.9,2896.0,4108.17B,No,3241.67,3144.06,3359.02,3175.18,3228.86,500
1612,AVTNPL.NS,71.59,70.81,54.03K,Consumer Non-Durables,Food: Specialty/Candy,55.0,55.0,59.0,52.0,1.7086,1.7079,61.14K,30.67K,83.8,53.5,10.90B,No,70.45,70.63,67.26,70.62,66.78,498
1613,BENGALASM.NS,6230.5,6296.5,0.58K,Consumer Durables,Automotive Aftermarket,55.0,35.0,39.0,,114.5,113.5714,0.44K,0.24K,7268.0,5845.85,,No,6254.25,6415.47,,6375.85,,76
1614,CREST.NS,377.0,380.8,0.52K,Finance,Investment Managers,55.0,59.0,51.0,48.0,14.4429,14.4429,13.79K,5.73K,418.0,298.15,10.66B,No,375.75,375.84,365.42,379.79,362.04,498
1615,ORIENTCER.NS,41.43,41.23,17.18K,Non-Energy Minerals,Aluminum,55.0,40.0,47.0,38.0,1.31,1.31,59.95K,32.33K,56.64,34.0,4.96B,No,41.12,40.29,40.85,40.45,40.41,498
1616,KRT.BO,117.29,117.35,7.23K,Finance,Real Estate Investment Trusts,55.0,48.0,50.0,32.0,1.4571,1.4036,60.65K,99.12K,129.49,103.1,520.11B,No,116.9,116.48,118.9,116.42,118.09,241
1617,TATASTEEL.NS,189.3,192.99,18798.18K,Non-Energy Minerals,Steel,54.0,46.0,21.0,38.0,3.4993,3.3343,28727.83K,20640.87K,224.4,153.05,2361.39B,No,187.32,193.1,192.01,192.19,198.89,500
1618,ANDHRAPET.BO,46.09,46.75,102.69K,Process Industries,Chemicals: Specialty,54.0,24.0,73.0,44.0,2.265,2.2429,156.69K,78.58K,63.51,29.39,3.92B,No,48.04,46.75,45.13,46.57,42.38,497
1619,GOWRALE.BO,96.4,95.02,12.54K,Finance,Investment Banks/Brokers,54.0,49.0,76.0,50.0,6.4371,6.2014,11.43K,4.46K,150.99,70.55,746.89M,No,99.09,100.12,95.16,100.71,90.87,497
1620,PORWAL.BO,55.05,54.02,49.87K,Producer Manufacturing,Auto Parts: Oem,54.0,39.0,48.0,29.0,1.9436,1.9143,18.00K,6.96K,70.88,42.3,831.25M,No,54.62,52.53,54.58,53.02,52.92,497
1621,NAHARCAP.NS,274.86,264.58,78.24K,Finance,Investment Managers,54.0,79.0,54.0,63.0,9.5936,9.3179,3.79K,2.48K,312.45,191.0,4.58B,No,252.22,251.74,250.96,252.62,243.17,498
1622,BCLIND.NS,36.75,36.85,509.27K,Consumer Non-Durables,Food: Major Diversified,54.0,76.0,54.0,77.0,1.1421,1.0721,2567.22K,801.23K,45.35,25.53,10.85B,No,35.91,35.5,33.1,35.9,32.33,499
1623,NH.NS,1891.9,1903.1,703.06K,Health Services,Hospital/Nursing Management,54.0,19.0,54.0,51.0,49.9214,47.5071,332.16K,327.04K,2093.3,1589.0,382.84B,No,2002.19,1960.34,1855.35,1963.39,1837.4,500
1624,TAKE.NS,22.39,22.21,312.90K,Technology Services,Information Technology Services,54.0,12.0,1.0,1.0,0.9793,0.9479,364.80K,722.18K,50.14,8.88,3.27B,No,21.23,25.48,33.84,24.68,34.84,497
1625,SPML.BO,168.0,175.0,14.00K,Distribution Services,Medical Distributors,54.0,15.0,0.0,,5.3429,3.4321,21.38K,3.20K,381.2,121.1,1.48B,No,182.75,195.22,,192.3,,89
1626,CHALET.NS,863.1,839.65,178.37K,Consumer Services,Hotels/Resorts/Cruise Lines,54.0,71.0,68.0,38.0,26.0143,23.8536,145.31K,93.63K,1070.1,691.35,,No,839.16,810.27,829.67,815.54,801.22,500
1627,WENDT.NS,8063.5,8052.0,5.26K,Producer Manufacturing,Industrial Machinery,54.0,59.0,75.0,67.0,265.4286,258.3214,12.72K,14.54K,10585.0,5841.5,16.13B,No,7892.27,7648.36,7460.86,7767.5,7163.25,498
1628,V2RETAIL.NS,218.31,217.57,694.80K,Retail Trade,Apparel/Footwear Retail,54.0,26.0,60.0,61.0,5.4214,5.3886,1396.14K,522.15K,259.25,158.56,79.60B,No,220.93,227.96,217.34,225.75,210.48,499
1629,STLNETWORK.NS,24.71,24.14,704.30K,Communications,Major Telecommunications,54.0,40.0,11.0,70.0,0.9807,0.9543,1609.11K,505.27K,35.4,15.75,12.06B,No,24.68,26.41,23.84,26.2,23.67,231
1630,PERSISTENT.NS,5459.5,5520.0,239.25K,Technology Services,Information Technology Services,54.0,83.0,69.0,23.0,173.1428,161.7357,799.01K,820.50K,6599.0,4244.5,852.94B,No,5285.02,5043.38,5477.76,5064.95,5168.67,500
1631,RDBRL.BO,164.25,163.45,12.37K,Process Industries,Containers/Packaging,54.0,55.0,56.0,43.0,6.2429,6.1714,10.86K,8.31K,192.0,138.25,2.91B,No,162.34,155.38,162.38,156.57,161.09,497
1632,NOCIL.NS,170.71,172.99,599.73K,Process Industries,Chemicals: Specialty,54.0,32.0,27.0,75.0,6.7557,6.4629,1364.94K,1502.72K,204.5,125.31,28.51B,No,166.57,169.14,162.05,168.1,159.76,500
1633,EMKAY.NS,243.32,249.79,21.85K,Finance,Investment Managers,54.0,19.0,54.0,35.0,12.6043,12.0193,130.75K,37.73K,409.9,186.0,6.70B,No,246.3,263.04,257.58,265.73,242.87,499
1634,TECHNICHEM.BO,47.0,47.0,4.00K,Process Industries,Chemicals: Major Diversified,54.0,30.0,60.0,45.0,1.0193,0.5929,10.62K,6.40K,66.0,34.25,814.10M,No,46.49,45.19,48.69,44.92,46.91,392
1635,ASAL.NS,509.9,517.3,19.69K,Producer Manufacturing,Auto Parts: Oem,54.0,55.0,30.0,58.0,19.9179,19.5821,33.40K,40.57K,654.65,374.5,8.09B,No,518.45,513.81,486.95,511.98,477.17,500
1636,AMEENJI.BO,138.65,140.0,4.80K,Producer Manufacturing,Miscellaneous Manufacturing,54.0,38.0,13.0,67.0,2.8643,2.1143,17.00K,6.24K,175.0,96.05,1.56B,No,138.94,138.65,134.88,137.73,132.58,208
1637,BDI.BO,109.4,108.75,1.20K,Producer Manufacturing,Miscellaneous Manufacturing,54.0,47.0,55.0,42.0,0.6571,0.4786,2.97K,6.96K,128.5,98.0,1.55B,No,109.22,110.08,108.7,110.34,108.86,248
1638,VAIBHAVGBL.NS,242.6,250.15,729.68K,Consumer Durables,Other Consumer Specialties,54.0,41.0,59.0,53.0,12.2164,12.1014,475.86K,613.66K,293.25,174.13,40.58B,No,258.73,244.58,233.0,245.66,227.49,499
1639,CASTROLIND.NS,194.17,191.54,9762.39K,Energy Minerals,Oil Refining/Marketing,54.0,65.0,60.0,49.0,2.3693,2.1271,1157.28K,1302.42K,215.75,170.1,192.06B,No,185.54,184.79,186.21,185.42,184.22,500
1640,LGEINDIA.NS,1591.7,1578.6,195.80K,Consumer Durables,Electronics/Appliances,54.0,50.0,56.0,53.0,32.6643,31.9429,601.78K,261.59K,1749.0,1304.1,1071.31B,No,1544.75,1550.68,1544.54,1551.98,1526.87,204
1641,SONATSOFTW.NS,331.95,337.5,1219.66K,Technology Services,Information Technology Services,54.0,91.0,84.0,51.0,15.9179,14.7429,3784.07K,2665.34K,421.5,207.15,91.88B,No,308.61,289.13,303.11,290.54,277.1,499
1642,AMWILL.BO,42.03,42.0,7.20K,Consumer Non-Durables,Household/Personal Care,54.0,28.0,81.0,50.0,1.6836,1.5329,14.71K,4.56K,63.4,28.91,840.75M,No,41.84,42.0,40.02,42.42,37.49,367
1643,ZDHJERK.BO,24.6,24.0,0.35K,Health Services,Medical/Nursing Services,54.0,13.0,52.0,44.0,1.1957,0.7186,2.47K,0.55K,35.86,19.53,100.82M,No,26.13,24.08,24.46,24.09,24.2,498
1644,PBMPOLY.BO,62.89,58.32,0.06K,Process Industries,Textiles,54.0,73.0,68.0,73.0,2.5014,2.2379,1.39K,0.35K,76.87,44.15,432.62M,No,57.73,56.61,56.11,56.31,55.12,497
1645,VENKEYS.NS,1565.1,1581.9,19.13K,Process Industries,Agricultural Commodities/Milling,54.0,82.0,48.0,47.0,51.4786,50.35,70.03K,47.49K,1800.0,1165.0,22.05B,No,1511.63,1456.89,1449.11,1458.01,1449.31,498
1646,HALDER.NS,256.0,256.56,27.45K,Distribution Services,Food Distributors,54.0,88.0,69.0,34.0,11.695,11.5386,18.45K,27.87K,294.0,210.0,3.24B,No,238.26,236.83,,240.81,,137
1647,AMBICAAGAR.NS,24.83,25.1,5.81K,Process Industries,Chemicals: Major Diversified,54.0,30.0,58.0,48.0,0.8571,0.8464,5.33K,2.32K,29.68,20.0,426.51M,No,24.81,24.72,24.6,24.74,24.2,498
1648,RTFL.BO,49.0,47.8,0.00K,Finance,Finance/Rental/Leasing,54.0,45.0,44.0,54.0,1.6186,0.8386,0.31K,0.03K,63.36,41.88,621.94M,No,48.53,47.86,49.63,47.54,49.95,497
1649,CARRARO.NS,542.15,535.95,304.96K,Producer Manufacturing,Auto Parts: Oem,54.0,56.0,31.0,47.0,14.0536,14.0536,198.96K,85.03K,667.55,405.0,30.82B,No,547.7,542.86,531.38,547.2,532.77,399
1650,SHRICON.BO,207.9,198.0,0.38K,Industrial Services,Engineering & Construction,54.0,83.0,11.0,34.0,11.4179,6.525,0.13K,0.16K,278.0,122.55,257.80M,No,191.86,204.28,187.89,202.18,199.85,497
1651,OMFREIGHT.NS,89.29,87.67,28.21K,Transportation,Air Freight/Couriers,54.0,19.0,47.0,35.0,3.8429,3.8164,78.30K,10.97K,114.33,58.95,3.01B,No,91.37,89.86,87.66,89.89,85.55,207
1652,SARUPINDUS.BO,130.1,123.95,0.25K,Consumer Non-Durables,Apparel/Footwear,54.0,15.0,33.0,4.0,4.3571,2.9821,0.16K,0.24K,208.0,82.12,423.14M,No,120.79,122.56,145.52,123.45,145.08,496
1653,TRANSCOR.BO,25.39,25.67,2.00K,Commercial Services,Miscellaneous Commercial Services,54.0,35.0,39.0,35.0,1.34,1.34,7.05K,5.77K,34.24,21.0,812.83M,No,25.98,26.38,25.62,26.52,26.55,496
1654,GINNIFILA.NS,45.05,46.2,33.85K,Process Industries,Textiles,53.0,5.0,44.0,73.0,2.2864,2.2429,144.78K,66.09K,57.85,31.5,3.85B,No,48.21,47.12,42.09,47.06,42.24,498
1655,ECOPLAST.BO,482.55,489.6,1.73K,Process Industries,Containers/Packaging,53.0,65.0,57.0,63.0,19.1107,18.925,0.72K,0.50K,586.0,370.4,2.31B,No,490.77,474.44,475.78,475.1,464.09,497
1656,PNBGILTS.NS,82.0,83.75,417.77K,Finance,Investment Banks/Brokers,53.0,20.0,72.0,46.0,2.745,2.7407,2535.44K,303.72K,109.99,58.6,14.76B,No,85.75,87.76,80.9,88.57,79.29,500
1657,UVDRHOR.BO,36.31,37.73,4.20K,Producer Manufacturing,Industrial Machinery,53.0,71.0,38.0,10.0,2.225,1.8479,3.98K,4.04K,62.69,26.4,2.50B,No,34.75,36.24,38.0,36.48,38.68,498
1658,RISHILASE.BO,129.5,131.6,5.67K,Producer Manufacturing,Building Products,53.0,35.0,59.0,49.0,5.2036,5.0607,6.64K,3.33K,149.95,90.0,1.29B,No,125.69,124.24,121.88,124.55,118.06,497
1659,DATAMATICS.NS,854.35,877.15,279.91K,Technology Services,Packaged Software,53.0,43.0,58.0,69.0,26.4964,25.2036,147.01K,71.45K,1120.0,632.0,50.43B,No,847.22,821.4,788.03,825.2,761.59,500
1660,MAHSCOOTER.NS,13896.0,13834.0,2.35K,Producer Manufacturing,Industrial Machinery,53.0,69.0,66.0,45.0,472.2143,460.4286,5.02K,7.17K,18538.0,10901.0,157.91B,No,13085.9,12787.26,13376.61,12856.2,12816.57,499
1661,GLAXO.NS,2582.0,2569.7,40.31K,Health Technology,Pharmaceuticals: Major,53.0,69.0,59.0,52.0,77.3214,77.3214,109.12K,77.38K,2883.4,2088.1,436.98B,No,2542.68,2388.93,2451.49,2401.01,2410.13,500
1662,METAINFO.BO,104.0,100.1,36.80K,Technology Services,Information Technology Services,53.0,91.0,83.0,54.0,4.7021,4.0164,24.79K,33.36K,179.95,53.17,1.96B,No,86.06,80.28,96.67,81.12,83.43,266
1663,ASIANHOTNR.NS,316.0,306.65,119.24K,Consumer Services,Hotels/Resorts/Cruise Lines,53.0,30.0,68.0,47.0,19.8464,19.8464,38.50K,105.25K,402.55,247.5,13.47B,No,305.53,305.02,308.02,305.14,298.53,498
1664,IRMENERGY.NS,286.6,277.05,620.96K,Energy Minerals,Integrated Oil,53.0,81.0,29.0,68.0,9.0679,8.9321,382.42K,49.65K,393.0,165.4,12.03B,No,263.09,264.63,265.6,266.35,252.35,500
1665,INCAP.BO,89.0,89.0,0.30K,Electronic Technology,Electronic Components,53.0,17.0,28.0,72.0,2.6514,1.82,1.56K,0.18K,160.99,64.0,456.85M,No,93.75,91.91,88.5,91.58,88.55,497
1666,GOKUL.NS,40.25,39.46,134.83K,Process Industries,Agricultural Commodities/Milling,53.0,40.0,53.0,57.0,1.1064,1.1064,170.63K,145.55K,45.89,31.0,3.98B,No,39.85,40.72,39.65,40.59,39.56,498
1667,AJWAFUN.BO,42.56,44.78,0.20K,Consumer Services,Movies/Entertainment,53.0,38.0,71.0,8.0,0.6079,0.0007,0.15K,0.03K,63.5,30.16,271.96M,No,42.32,37.88,43.16,38.99,43.55,496
1668,XTRANET.NS,129.73,128.01,517.50K,Technology Services,Information Technology Services,53.0,,,,,,1212.12K,1212.12K,136.9,122.74,,No,,,,,,5
1669,GTNINDS.BO,24.88,25.39,0.32K,Process Industries,Textiles,53.0,82.0,50.0,74.0,1.7021,1.6714,5.37K,1.40K,30.62,17.0,436.76M,No,24.35,23.46,23.01,23.53,23.04,497
1670,BANDHANBNK.NS,174.66,170.46,28275.05K,Finance,Major Banks,53.0,7.0,14.0,59.0,7.6536,6.1821,13252.58K,30853.42K,220.76,134.25,281.39B,No,187.59,198.41,172.77,195.89,180.61,500
1671,LANCORHOL.NS,26.05,26.3,41.63K,Finance,Real Estate Development,53.0,50.0,62.0,26.0,1.53,1.5279,81.70K,64.41K,33.8,18.12,1.92B,No,25.91,25.21,25.06,25.44,24.78,498
1672,KABRADG.BO,24.15,23.97,18.63K,Health Technology,Pharmaceuticals: Generic,53.0,62.0,23.0,13.0,1.6214,1.6214,105.26K,90.17K,35.52,15.5,572.54M,No,23.06,23.23,26.1,23.31,26.31,497
1673,MANKIND.NS,2437.0,2435.6001,105.52K,Health Technology,Pharmaceuticals: Major,53.0,26.0,55.0,61.0,67.3429,65.8357,617.02K,528.48K,2674.0,1909.7,1006.47B,No,2523.81,2468.66,2277.65,2452.87,2273.28,499
1674,HAMPS.BO,25.5,25.5,16.00K,Health Technology,Pharmaceuticals: Major,53.0,12.0,41.0,82.0,0.8429,0.4093,3.93K,5.20K,30.0,13.36,222.16M,No,25.16,25.61,22.49,25.58,22.47,404
1675,SHOPERSTOP.NS,419.5,406.05,64.35K,Retail Trade,Department Stores,53.0,88.0,82.0,64.0,16.8357,16.6857,166.09K,64.94K,572.0,275.95,46.23B,No,386.63,369.95,372.79,374.32,344.6,499
1676,LAGNAM.NS,85.0,86.43,14.38K,Process Industries,Textiles,53.0,72.0,49.0,73.0,4.375,4.375,14.83K,18.00K,96.98,58.6,1.49B,No,86.58,82.68,75.98,83.17,76.09,498
1677,CONCORD.BO,73.4,71.7,1.81K,Health Technology,Pharmaceuticals: Major,53.0,42.0,20.0,47.0,5.345,5.2107,5.72K,12.30K,92.52,49.0,967.04M,No,71.07,75.17,77.75,74.88,77.21,497
1678,LIKHITHA.NS,218.8,220.8,22.63K,Industrial Services,Engineering & Construction,53.0,15.0,47.0,80.0,11.325,11.0214,44.85K,30.79K,277.2,131.45,8.69B,No,231.19,235.23,200.95,236.21,199.43,500
1679,SHANKARA.NS,140.99,142.7,657.42K,Retail Trade,Home Improvement Chains,53.0,79.0,82.0,80.0,3.6643,3.5264,140.78K,221.04K,1160.0,98.25,3.42B,No,138.81,127.81,119.12,128.93,118.08,497
1680,DIGJAMLMTD.NS,48.54,48.65,6.50K,Process Industries,Textiles,53.0,80.0,62.0,43.0,3.1893,3.1043,19.26K,45.84K,59.75,36.03,976.80M,No,45.31,45.08,45.95,45.54,45.73,498
1681,IMAGICAA.NS,49.95,49.61,1434.61K,Consumer Services,Movies/Entertainment,53.0,80.0,66.0,41.0,2.0229,1.9743,930.18K,620.02K,65.16,36.84,28.92B,No,47.36,46.29,47.0,46.66,45.68,499
1682,GBLINFRA.BO,59.87,58.7,0.01K,Commercial Services,Miscellaneous Commercial Services,53.0,84.0,98.0,0.0,0.4771,0.0,0.33K,0.25K,173.0,15.0,84.68M,No,54.93,50.38,107.67,51.35,78.42,498
1683,TENNIND.NS,570.55,580.7,3504.70K,Producer Manufacturing,Auto Parts: Oem,53.0,22.0,15.0,53.0,17.8679,17.2179,767.35K,643.55K,657.0,438.05,,No,557.34,572.66,,571.05,564.18,179
1684,CRISIL.NS,4469.0,4475.6001,88.59K,Technology Services,Internet Software/Services,53.0,87.0,69.0,36.0,133.8142,133.7356,60.34K,102.67K,5451.0,3686.0,332.79B,No,4334.37,4135.03,4339.05,4161.26,4232.75,500
1685,SIGACHI.NS,25.8,25.66,393.21K,Health Technology,Pharmaceuticals: Major,53.0,90.0,87.0,76.0,0.8179,0.5264,803.11K,1023.35K,46.73,16.65,9.87B,No,25.15,23.5,25.9,23.8,22.09,498
1686,GUJCONT.BO,159.85,159.85,0.70K,Process Industries,Containers/Packaging,53.0,76.0,57.0,41.0,4.425,1.1321,0.33K,0.41K,180.0,142.6,937.90M,No,159.39,159.69,163.47,159.92,159.94,498
1687,AGI.NS,710.55,718.7,36.85K,Process Industries,Containers/Packaging,53.0,59.0,72.0,60.0,22.3643,21.2821,170.41K,171.93K,967.0,465.0,45.97B,No,697.8,680.55,659.34,687.44,611.5,499
1688,AUTOAXLES.NS,1848.9,1939.2,33.72K,Producer Manufacturing,Auto Parts: Oem,53.0,64.0,54.0,38.0,54.7286,51.9572,10.63K,9.84K,2115.0,1540.2,27.94B,No,1823.39,1781.93,1806.4,1784.87,1817.67,499
1689,PITTIENG.NS,940.8,950.05,16.72K,Producer Manufacturing,Industrial Machinery,53.0,48.0,37.0,67.0,24.7393,24.5393,42.12K,29.47K,1035.25,675.0,34.73B,No,939.02,950.8,882.59,958.7,890.22,498
1690,SUPERBAK.BO,30.51,29.06,0.00K,Process Industries,Agricultural Commodities/Milling,52.0,12.0,42.0,44.0,0.6593,0.3857,0.34K,0.25K,43.11,25.1,92.19M,No,30.12,32.23,31.92,32.5,31.84,497
1691,SILGO.NS,69.3,68.97,214.11K,Consumer Durables,Other Consumer Specialties,52.0,16.0,22.0,37.0,2.3893,2.3893,352.32K,132.06K,86.2,52.88,1.81B,No,73.13,75.34,73.28,74.25,74.51,498
1692,VADILENT.BO,10000.0,9992.5498,1.85K,Consumer Non-Durables,Food: Specialty/Candy,52.0,61.0,49.0,45.0,100.7964,93.3643,0.05K,0.14K,11327.8,9450.0,8.63B,No,9873.09,9882.58,9987.95,9872.94,9914.31,496
1693,CHEVIOT.NS,1179.4,1221.6,14.50K,Process Industries,Textiles,52.0,65.0,19.0,65.0,45.9571,44.2357,2.74K,3.49K,1370.5,898.0,6.89B,No,1141.88,1121.38,1089.32,1125.62,1083.2,500
1694,TAJGVK.NS,369.15,364.7,89.59K,Consumer Services,Hotels/Resorts/Cruise Lines,52.0,57.0,70.0,44.0,9.8571,9.7857,138.53K,148.64K,512.65,281.35,23.15B,No,362.28,346.67,359.46,349.83,340.9,499
1695,LAKSHMIEW.BO,2133.0,2101.1001,0.03K,Producer Manufacturing,Industrial Machinery,52.0,10.0,55.0,49.0,94.6393,86.1107,0.08K,0.22K,2579.95,1681.2,1.40B,No,2255.07,2305.76,2134.08,2287.61,2081.53,497
1696,SIYSIL.NS,628.15,628.0,18.89K,Process Industries,Textiles,52.0,47.0,69.0,71.0,20.9536,20.5,100.63K,45.75K,848.8,433.35,28.50B,No,629.18,623.3,611.22,626.46,570.66,499
1697,JKTYRE.NS,415.55,415.2,361.53K,Consumer Durables,Automotive Aftermarket,52.0,59.0,52.0,10.0,9.7036,8.8607,1354.45K,727.75K,611.9,311.0,119.80B,No,403.76,397.24,442.43,398.82,432.71,500
1698,PURETROP.BO,156.65,160.3,0.85K,Distribution Services,Food Distributors,52.0,37.0,35.0,18.0,6.6393,6.5893,8.61K,4.03K,200.0,107.1,1.08B,No,156.62,155.8,165.3,155.59,169.0,497
1699,PRODOCS.BO,169.0,169.0,1.00K,Commercial Services,Miscellaneous Commercial Services,52.0,52.0,24.0,22.0,1.8071,1.2964,1.06K,0.70K,254.3,141.0,1.19B,No,167.5,170.66,,169.77,185.88,160
1700,BASF.NS,4125.0,4036.6001,173.65K,Process Industries,Chemicals: Specialty,52.0,88.0,64.0,60.0,136.0143,131.0214,28.46K,16.81K,4829.9,3122.2,178.55B,No,3744.46,3594.29,3754.9,3629.03,3590.77,500
1701,GOTHIPL.BO,39.0,40.39,0.20K,Process Industries,Chemicals: Specialty,52.0,64.0,63.0,43.0,0.4886,0.3029,0.41K,0.16K,51.64,33.25,397.80M,No,38.08,37.65,38.68,38.03,37.77,496
1702,TCMLMTD.BO,46.0,46.4,1.03K,Process Industries,Chemicals: Specialty,52.0,60.0,53.0,22.0,1.355,1.0957,5.59K,1.68K,81.0,36.53,343.98M,No,43.86,45.38,51.42,45.24,46.66,496
1703,HMEML.BO,55.12,52.5,24.00K,Distribution Services,Wholesale Distributors,52.0,86.0,74.0,72.0,1.8121,1.1229,11.04K,7.52K,70.8,36.47,755.10M,No,48.76,51.15,51.51,50.9,48.48,374
1704,PANCHMAHQ.BO,298.25,303.25,0.33K,Non-Energy Minerals,Steel,52.0,33.0,34.0,33.0,19.9357,18.4821,0.71K,1.60K,384.5,242.0,5.69B,No,289.05,295.46,308.33,291.98,307.72,497
1705,MPKSTEELS.BO,96.0,90.3,17.60K,Non-Energy Minerals,Steel,52.0,2.0,7.0,39.0,6.9893,5.9107,17.48K,5.04K,152.8,73.65,977.37M,No,108.18,115.65,116.59,115.36,118.14,207
1706,JOINDRE.BO,49.88,49.17,1.47K,Finance,Investment Banks/Brokers,52.0,15.0,55.0,63.0,2.2629,2.0329,4.60K,8.48K,61.95,39.5,690.16M,No,51.96,50.48,47.81,50.02,46.47,497
1707,DELHIVERY.NS,468.65,470.25,1689.12K,Transportation,Air Freight/Couriers,52.0,12.0,41.0,55.0,12.7321,12.3107,4370.02K,3570.29K,524.0,374.45,347.26B,No,482.37,472.83,443.02,473.96,449.35,500
1708,PRIMESECU.NS,283.7,291.35,7.09K,Finance,Investment Banks/Brokers,52.0,55.0,51.0,45.0,9.7286,9.5857,37.69K,31.14K,325.0,244.5,9.63B,No,277.82,284.38,284.24,287.38,281.81,498
1709,FIL.BO,210.0,210.0,19.20K,Consumer Non-Durables,Apparel/Footwear,52.0,73.0,54.0,,3.45,2.8714,11.43K,6.78K,230.0,184.0,1.65B,No,212.77,210.31,,213.39,,112
1710,SHARDAMOTR.NS,934.15,901.35,424.14K,Producer Manufacturing,Auto Parts: Oem,52.0,73.0,62.0,61.0,30.5036,28.8714,66.72K,68.50K,1189.9,700.0,53.63B,No,863.67,845.88,894.43,852.48,851.82,498
1711,MERCURYLAB.BO,790.0,790.0,0.05K,Health Technology,Pharmaceuticals: Major,52.0,49.0,56.0,45.0,40.0286,33.7107,0.20K,0.08K,976.0,620.55,982.68M,No,815.96,800.94,806.87,811.64,788.53,497
1712,DYNPRO.NS,257.2,261.5,11.20K,Consumer Non-Durables,Food: Specialty/Candy,52.0,77.0,69.0,64.0,12.5457,12.4114,15.93K,18.59K,415.8,190.8,3.24B,No,242.87,240.48,245.03,239.87,231.25,499
1713,SWELECTES.NS,663.3,632.05,51.60K,Producer Manufacturing,Electrical Products,52.0,63.0,35.0,73.0,19.0,18.9321,27.16K,10.32K,977.0,483.1,10.31B,No,621.85,630.79,629.94,632.01,595.05,497
1714,STAR.NS,997.2,970.4,424.98K,Health Technology,Pharmaceuticals: Major,52.0,8.0,26.0,70.0,42.8786,40.6214,283.70K,333.74K,1231.0,768.65,91.91B,No,1044.77,1068.46,970.5,1066.42,998.69,499
1715,HECPROJECT.NS,132.79,131.8,4.11K,Industrial Services,Engineering & Construction,52.0,50.0,60.0,67.0,8.8129,8.3093,27.26K,77.85K,173.47,92.1,1.43B,No,131.56,129.27,125.06,128.37,122.39,499
1716,MOSCHIP.NS,209.3,208.57,1091.15K,Electronic Technology,Semiconductors,52.0,8.0,30.0,39.0,9.5657,8.3143,4283.13K,3786.81K,288.45,146.8,40.69B,No,225.32,218.85,205.92,219.68,199.7,373
1717,ADARSHPL.BO,29.99,28.98,5.10K,Producer Manufacturing,Trucks/Construction/Farm Machinery,52.0,41.0,42.0,34.0,1.3543,1.3286,2.26K,2.56K,44.9,23.21,297.25M,No,30.12,29.87,30.7,30.32,30.96,497
1718,GOLDENCREST.BO,325.0,325.0,0.00K,Commercial Services,Miscellaneous Commercial Services,52.0,7.0,30.0,61.0,3.6071,1.425,0.01K,0.01K,378.0,224.8,1.70B,No,355.38,358.04,325.93,358.76,323.49,497
1719,SUNLOC.BO,69.02,72.39,0.17K,Health Technology,Pharmaceuticals: Major,52.0,39.0,67.0,41.0,3.5143,2.8443,0.55K,0.25K,88.7,56.35,707.78M,No,69.92,68.04,67.7,68.62,66.3,496
1720,BAJAJHLDNG.NS,11387.0,11496.0,49.09K,Finance,Financial Conglomerates,52.0,76.0,65.0,49.0,234.5714,234.5,54.17K,65.35K,14763.0,8588.0,1267.30B,No,10829.15,10607.8,10812.06,10717.6,10452.73,500
1721,CENTEXT.NS,22.72,23.12,503.89K,Producer Manufacturing,Metal Fabrication,52.0,88.0,60.0,43.0,1.1143,1.1029,99.51K,79.41K,34.75,15.67,1.82B,No,19.59,19.58,21.51,19.84,20.36,499
1722,KROSS.NS,202.39,204.94,106.73K,Producer Manufacturing,Auto Parts: Oem,52.0,80.0,32.0,45.0,10.8364,10.6307,1356.22K,1030.90K,237.6,150.52,13.06B,No,197.61,190.46,188.72,190.11,190.83,472
1723,RAJPACK.BO,28.5,31.5,0.53K,Process Industries,Containers/Packaging,52.0,48.0,48.0,32.0,1.675,1.4621,0.80K,0.99K,45.85,23.99,137.09M,No,28.34,28.96,32.82,28.73,29.61,497
1724,SONALAD.BO,45.0,45.6,0.24K,Producer Manufacturing,Miscellaneous Manufacturing,52.0,25.0,77.0,64.0,1.5086,1.4721,2.77K,2.23K,54.9,30.4,272.74M,No,47.47,44.96,42.78,45.51,40.68,496
1725,SAMRATPH.BO,241.9,242.55,0.85K,Process Industries,Chemicals: Specialty,52.0,9.0,78.0,67.0,12.1821,12.0321,3.44K,0.52K,350.0,190.0,747.40M,No,251.13,231.65,231.95,234.31,221.24,496
1726,EVEREADY.NS,358.1,360.05,42.14K,Producer Manufacturing,Electrical Products,51.0,46.0,63.0,50.0,11.4429,11.0071,187.98K,133.06K,475.2,259.65,26.03B,No,351.77,350.26,332.44,354.1,329.18,499
1727,HOMEFIRST.NS,1191.2,1186.9,57.66K,Finance,Finance/Rental/Leasing,51.0,37.0,45.0,42.0,42.6143,41.6786,235.79K,230.95K,1375.0,893.7,124.51B,No,1210.37,1163.4,1129.98,1175.76,1116.92,499
1728,BRAWN.BO,20.01,21.0,1.10K,Health Technology,Pharmaceuticals: Major,51.0,9.0,45.0,30.0,0.7229,0.3993,0.61K,0.57K,24.37,16.66,60.04M,No,21.58,21.06,20.81,21.05,20.82,497
1729,BHARATWIRE.NS,205.78,203.84,99.06K,Producer Manufacturing,Metal Fabrication,51.0,35.0,19.0,67.0,6.5421,6.295,358.08K,118.76K,262.0,148.01,14.12B,No,202.18,207.56,192.29,206.05,194.4,500
1730,GMPL.BO,72.0,72.0,0.70K,Process Industries,Industrial Specialties,51.0,64.0,78.0,50.0,1.285,0.5529,9.91K,0.35K,92.4,55.0,969.09M,No,67.78,69.25,68.39,70.32,66.82,496
1731,UPSURGE.BO,81.19,73.91,50.59K,Finance,Investment Banks/Brokers,51.0,77.0,80.0,57.0,3.44,3.2143,13.07K,7.97K,115.0,56.0,1.78B,No,70.35,65.08,70.51,65.68,66.75,496
1732,BAPACK.BO,198.6,202.05,0.71K,Process Industries,Containers/Packaging,51.0,70.0,70.0,56.0,11.9679,11.4929,0.41K,0.32K,253.75,141.15,985.16M,No,190.54,182.29,192.33,183.95,179.11,497
1733,PATELRMART.NS,221.02,224.53,54.76K,Retail Trade,Food Retail,51.0,51.0,60.0,59.0,6.53,6.53,238.16K,80.48K,305.0,150.25,7.38B,No,222.48,215.6,204.26,219.01,198.24,237
1734,ISHITADR.BO,77.0,77.0,1.59K,Health Technology,Pharmaceuticals: Other,51.0,64.0,39.0,59.0,1.91,1.6193,1.37K,0.53K,90.85,66.0,230.25M,No,74.11,74.65,74.76,74.31,75.11,497
1735,ULTRACEMCO.NS,12075.0,12190.0,208.29K,Non-Energy Minerals,Construction Materials,51.0,65.0,50.0,32.0,219.0,200.7857,318.86K,353.98K,13110.0,10325.0,3552.10B,No,11866.5,11530.76,11802.04,11583.7,11771.97,499
1736,NATPLASTI.BO,236.0,234.9,0.17K,Process Industries,Chemicals: Specialty,51.0,86.0,64.0,37.0,18.2071,17.5536,1.62K,0.93K,334.0,190.0,1.43B,No,230.66,217.42,244.0,219.28,229.96,497
1737,SANCTRN.BO,693.0,711.75,0.01K,Transportation,Other Transportation,51.0,11.0,40.0,46.0,6.6786,5.3536,0.05K,0.02K,808.5,634.0,1.25B,No,723.53,730.33,720.24,729.2,713.2,496
1738,RUPA.NS,167.62,161.67,253.85K,Consumer Non-Durables,Apparel/Footwear,51.0,55.0,68.0,58.0,3.7264,3.6607,234.25K,68.66K,218.0,109.21,13.33B,No,164.88,162.19,157.36,163.26,148.98,499
1739,IIFLCAPS.NS,335.4,335.35,152.33K,Finance,Investment Banks/Brokers,51.0,37.0,40.0,43.0,4.0964,4.0964,643.21K,482.63K,411.3,240.4,105.60B,No,337.61,339.68,327.31,339.9,323.2,499
1740,GVBL.BO,27.85,29.29,2.63K,Health Technology,Biotechnology,51.0,17.0,86.0,57.0,0.9714,0.3907,0.88K,0.71K,53.49,20.1,87.82M,No,28.73,29.37,27.38,29.54,27.34,497
1741,CTE.NS,38.5,37.93,10.94K,Technology Services,Information Technology Services,51.0,93.0,76.0,56.0,2.4993,2.4664,13.21K,31.22K,59.93,20.51,741.15M,No,32.84,32.11,35.34,32.39,31.28,498
1742,SERA.BO,38.04,38.86,31.90K,Non-Energy Minerals,Other Metals/Minerals,51.0,21.0,12.0,32.0,1.4271,1.4021,75.12K,26.93K,52.45,31.31,2.49B,No,40.28,40.76,39.58,40.23,39.74,496
1743,SIRCA.NS,449.95,443.35,559.16K,Process Industries,Industrial Specialties,51.0,84.0,62.0,35.0,11.4786,10.0929,437.97K,351.16K,539.0,385.0,25.62B,No,404.83,409.07,451.46,409.54,431.63,499
1744,BLACKBUCK.NS,557.55,556.2,121.00K,Technology Services,Packaged Software,51.0,39.0,49.0,40.0,20.2571,20.2322,581.96K,585.08K,748.0,496.0,101.56B,No,559.15,549.06,597.04,553.68,569.75,425
1745,APOLLOTYRE.NS,449.7,444.9,907.49K,Consumer Durables,Automotive Aftermarket,51.0,51.0,69.0,25.0,8.5357,7.9179,1319.73K,517.40K,540.5,365.3,284.47B,No,430.64,422.64,458.26,426.6,434.59,500
1746,MOTILALOFS.NS,870.2,880.0,516.12K,Technology Services,Internet Software/Services,51.0,22.0,46.0,63.0,27.7536,27.4857,1102.38K,2162.22K,1097.1,614.9,526.28B,No,913.22,913.14,853.26,915.61,820.41,500
1747,EXHICON.BO,493.5,491.0,7.00K,Commercial Services,Miscellaneous Commercial Services,51.0,59.0,40.0,32.0,14.9964,14.65,26.98K,15.12K,595.0,390.0,7.34B,No,515.24,476.49,498.7,483.33,489.04,497
1748,GANESHHOU.NS,772.4,778.75,20.07K,Consumer Durables,Homebuilding,51.0,12.0,68.0,47.0,35.8071,35.1679,99.90K,69.83K,920.15,500.0,63.53B,No,804.94,783.02,740.16,787.26,704.83,499
1749,TULSYAN.BO,37.99,39.85,95.82K,Non-Energy Minerals,Steel,51.0,97.0,37.0,72.0,1.5807,0.5821,2.40K,4.23K,49.35,17.1,633.17M,No,28.89,30.61,32.97,30.65,31.29,496
1750,JAYUSH.BO,893.0,892.4,0.03K,Producer Manufacturing,Auto Parts: Oem,51.0,26.0,34.0,34.0,28.6786,24.7643,0.23K,0.10K,1601.75,639.05,3.38B,No,867.24,881.89,918.36,876.62,864.92,497
1751,SECMARK.NS,126.0,123.36,0.10K,Technology Services,Information Technology Services,51.0,54.0,28.0,66.0,5.1871,4.9814,1.71K,2.28K,147.27,95.05,1.38B,No,125.89,126.12,118.83,127.13,119.21,497
1752,BANSWRAS.NS,123.78,122.56,8.10K,Process Industries,Textiles,51.0,48.0,49.0,65.0,5.6421,5.4736,50.49K,44.18K,144.0,93.73,4.24B,No,126.55,128.13,118.25,128.45,118.6,498
1753,NIRAVCOM.BO,720.0,717.5,0.09K,Non-Energy Minerals,Aluminum,51.0,67.0,20.0,62.0,26.3679,12.1107,0.02K,0.00K,953.3,551.0,282.24M,No,734.89,773.74,719.62,759.21,730.09,498
1754,TIRUSTA.BO,154.0,158.95,0.49K,Consumer Non-Durables,Food: Specialty/Candy,51.0,29.0,73.0,30.0,9.2929,7.7,1.56K,0.31K,218.9,115.4,1.48B,No,159.86,142.06,155.1,144.03,147.41,496
1755,AERONEU.NS,85.44,85.35,137.20K,Process Industries,Containers/Packaging,51.0,32.0,34.0,71.0,4.1071,4.1071,71.13K,53.93K,125.37,63.21,2.20B,No,86.98,88.79,79.93,88.44,80.79,499
1756,STARPAPER.NS,152.31,150.81,8.29K,Process Industries,Pulp & Paper,51.0,77.0,61.0,52.0,6.8679,6.6257,13.41K,32.96K,188.8,119.05,2.39B,No,145.7,140.88,147.9,141.29,140.71,499
1757,NATRAJPR.BO,40.0,36.1,0.06K,Process Industries,Agricultural Commodities/Milling,51.0,42.0,47.0,67.0,2.375,1.5979,1.37K,0.82K,47.9,28.0,134.97M,No,36.88,36.78,35.56,36.96,35.49,497
1758,BIRLAPREC.NS,34.94,34.58,14.21K,Producer Manufacturing,Industrial Machinery,51.0,22.0,48.0,,1.3993,1.3964,84.59K,18.70K,49.99,32.25,,No,35.02,36.87,,36.41,,76
1759,PFC.NS,418.0,418.0,3701.56K,Finance,Finance/Rental/Leasing,51.0,57.0,29.0,56.0,8.2786,8.2393,6005.36K,5713.73K,486.5,329.9,1379.44B,No,414.54,421.04,404.61,420.78,419.1,500
1760,AJAXENGG.NS,568.05,607.65,357.00K,Producer Manufacturing,Trucks/Construction/Farm Machinery,51.0,75.0,58.0,55.0,18.55,17.05,67.05K,36.15K,730.1,394.8,64.99B,No,585.56,568.4,551.99,562.99,523.0,364
1761,JUPITERIN.BO,50.1,51.57,11.90K,Technology Services,Packaged Software,51.0,5.0,7.0,78.0,3.1807,3.1807,27.69K,10.40K,81.55,30.1,502.00M,No,52.86,55.79,49.59,55.06,53.51,497
1762,COALINDIA.NS,415.6,415.5,4750.95K,Energy Minerals,Coal,51.0,25.0,23.0,29.0,6.4571,5.9893,12340.97K,8561.84K,491.25,368.65,2561.23B,No,422.99,438.75,427.64,435.53,441.82,500
1763,JMA.NS,87.0,89.47,12.93K,Producer Manufacturing,Auto Parts: Oem,51.0,41.0,44.0,60.0,3.1893,3.1893,13.44K,5.26K,98.0,70.25,1.99B,No,88.5,90.04,85.32,90.37,85.84,498
1764,MCL.NS,57.13,55.32,273.84K,Non-Energy Minerals,Other Metals/Minerals,50.0,67.0,41.0,4.0,2.4321,2.4321,36.71K,26.68K,93.2,42.0,1.56B,No,53.96,56.31,60.0,55.96,63.0,499
1765,LTFOODS.NS,417.4,417.15,255.99K,Process Industries,Agricultural Commodities/Milling,50.0,76.0,43.0,59.0,10.8071,10.6393,624.07K,1272.73K,480.0,333.15,145.64B,No,390.08,384.67,396.15,389.09,395.08,500
1766,TUTIALKA.BO,60.99,60.35,11.07K,Process Industries,Chemicals: Specialty,50.0,38.0,65.0,82.0,2.9614,2.9607,22.06K,10.83K,82.98,41.5,7.43B,No,60.43,57.44,55.14,57.82,53.87,496
1767,KIRLFER.NS,451.0,461.25,170.26K,Non-Energy Minerals,Steel,50.0,32.0,46.0,,18.3393,18.2571,220.58K,66.85K,513.0,408.0,73.31B,No,468.9,458.16,,461.59,,82
1768,RAVALSUGAR.BO,999.0,999.85,0.05K,Consumer Non-Durables,Food: Specialty/Candy,50.0,49.0,42.0,57.0,33.9857,29.4929,0.04K,0.05K,1144.0,812.05,339.66M,No,970.92,968.05,959.78,975.92,946.67,496
1769,PRISMFN.BO,27.0,27.0,0.10K,Finance,Finance/Rental/Leasing,50.0,53.0,47.0,41.0,0.0029,0.0,0.00K,0.01K,28.37,26.96,175.51M,No,26.97,26.96,27.33,26.97,26.96,497
1770,RITES.NS,231.38,227.35,2201.80K,Commercial Services,Miscellaneous Commercial Services,50.0,57.0,53.0,43.0,5.8221,5.6136,4253.75K,459.24K,280.9,175.0,111.20B,No,219.75,214.37,220.75,216.08,213.03,500
1771,ARKADE.NS,139.75,139.14,192.57K,Consumer Durables,Homebuilding,50.0,78.0,71.0,69.0,4.0393,3.9786,459.55K,409.90K,194.8,92.62,25.95B,No,138.33,126.55,129.69,127.7,118.52,465
1772,BALGOPAL.BO,181.0,188.15,0.16K,Producer Manufacturing,Industrial Machinery,50.0,21.0,70.0,47.0,19.4679,18.6643,1.70K,1.49K,272.95,130.0,4.21B,No,197.52,184.3,180.52,185.81,172.42,497
1773,SBECSYS.BO,20.86,20.0,2.77K,Commercial Services,Miscellaneous Commercial Services,50.0,33.0,77.0,48.0,1.6464,1.6321,1.53K,1.47K,31.15,15.25,208.60M,No,20.02,20.44,19.85,20.71,18.97,496
1774,PTL.NS,39.94,40.06,29.48K,Finance,Real Estate Development,50.0,27.0,47.0,39.0,0.6986,0.69,52.48K,26.61K,43.77,36.1,5.29B,No,39.65,40.62,39.52,40.63,39.41,499
1775,TIMKEN.NS,3343.1,3309.3999,66.41K,Producer Manufacturing,Industrial Machinery,50.0,62.0,43.0,61.0,84.8214,81.9285,76.25K,38.96K,3925.0,2800.5,251.46B,No,3160.8,3395.21,3264.87,3384.31,3361.48,498
1776,KOTAKBANK.NS,396.15,400.0,10377.53K,Finance,Major Banks,50.0,67.0,59.0,34.0,6.9571,6.375,16292.48K,12548.67K,453.2,345.5,3918.91B,No,386.65,389.99,402.65,392.24,391.9,500
1777,PSCELESTIA.BO,1021000.0,1015000.0,0.00K,Finance,Real Estate Investment Trusts,50.0,54.0,50.0,,4136.0714,1946.1429,0.00K,0.00K,1039999.0,999900.0,2.38B,No,1014561.85,1014025.82,,1015061.2,,73
1778,PRINCEPIPE.NS,274.35,274.65,233.54K,Producer Manufacturing,Industrial Machinery,50.0,62.0,57.0,61.0,8.2179,8.1893,534.23K,104.93K,358.0,205.0,30.34B,No,266.57,272.51,264.69,272.55,257.16,499
1779,SAHLIBHFI.NS,79.55,79.84,3.83K,Finance,Finance/Rental/Leasing,50.0,56.0,50.0,,4.0414,4.015,22.05K,6.52K,86.89,70.05,2.46B,No,78.82,78.3,,77.89,,83
1780,AKASH.NS,26.45,26.55,11.94K,Industrial Services,Engineering & Construction,50.0,33.0,45.0,52.0,0.9057,0.9057,7.25K,7.28K,36.0,22.8,446.01M,No,26.88,26.85,26.32,26.8,26.28,498
1781,POLYMED.NS,1709.3,1708.5,38.01K,Health Technology,Medical Specialties,50.0,65.0,54.0,58.0,47.35,45.9786,156.00K,76.61K,2144.9,1182.0,173.46B,No,1686.75,1603.65,1604.91,1626.76,1486.34,500
1782,OCTAL.BO,20.0,20.34,0.27K,Finance,Investment Banks/Brokers,50.0,71.0,51.0,24.0,0.5471,0.2043,0.13K,0.27K,27.45,17.91,100.02M,No,20.43,20.19,21.62,20.08,21.03,497
1783,PFIZER.NS,4900.0,4908.0,16.77K,Health Technology,Pharmaceuticals: Major,50.0,71.0,57.0,52.0,99.2286,98.85,31.55K,37.16K,5873.5,4360.1,224.16B,No,4728.08,4596.31,4821.57,4617.43,4728.41,499
1784,UCIL.BO,110.1,104.9,27.35K,Finance,Investment Banks/Brokers,50.0,14.0,52.0,50.0,3.8464,2.4179,47.00K,10.05K,129.51,61.0,4.87B,No,113.39,102.75,101.73,102.05,99.01,497
1785,NPL.BO,570.95,577.7,2.58K,Process Industries,Chemicals: Specialty,50.0,30.0,12.0,83.0,20.1072,17.7357,1.33K,0.55K,699.0,350.0,3.28B,No,575.7,573.65,505.27,569.58,492.01,497
1786,SEJALLTD.NS,720.9,720.15,4.51K,Process Industries,Industrial Specialties,50.0,28.0,26.0,51.0,40.7071,39.2536,9.01K,11.49K,1036.7,381.0,8.45B,No,738.15,739.47,741.68,739.78,685.87,499
1787,BIL.NS,809.9,808.15,3.59K,Consumer Non-Durables,Consumer Sundries,50.0,80.0,64.0,47.0,38.0393,36.6072,5.22K,3.41K,980.0,602.0,10.86B,No,749.24,739.76,762.6,743.34,752.52,499
1788,BELDING.BO,995.15,999.95,8.39K,Producer Manufacturing,Metal Fabrication,50.0,0.0,2.0,1.0,52.525,52.525,29.38K,59.05K,2400.0,446.8,14.41B,No,1059.84,1287.67,1527.88,1244.77,1523.44,498
1789,SPANDANA.NS,256.75,260.5,118.41K,Finance,Finance/Rental/Leasing,50.0,6.0,31.0,45.0,13.125,12.6429,406.19K,469.96K,319.4,181.1,22.76B,No,280.07,268.94,252.34,268.75,247.81,500
1790,NATFIT.BO,163.15,155.4,3.26K,Producer Manufacturing,Metal Fabrication,50.0,74.0,72.0,54.0,6.1393,5.1929,12.45K,4.07K,235.0,133.6,1.48B,No,155.15,154.43,163.66,155.01,157.45,497
1791,KRYSTAL.NS,601.0,600.1,5.04K,Commercial Services,Miscellaneous Commercial Services,50.0,41.0,45.0,40.0,4.8857,4.8179,26.64K,14.16K,729.5,500.0,8.40B,No,600.44,595.41,578.76,597.57,591.68,498
1792,SUPERHOUSE.NS,159.02,157.14,2.54K,Consumer Non-Durables,Apparel/Footwear,50.0,56.0,56.0,40.0,9.9621,9.96,14.37K,23.40K,201.95,128.55,1.75B,No,159.81,156.87,153.53,158.26,153.4,498
1793,MERCURYEV.NS,35.23,35.3,111.19K,Distribution Services,Wholesale Distributors,50.0,51.0,,,1.7307,1.7229,95.07K,113.82K,38.49,30.16,6.79B,No,35.69,,,34.58,,48
1794,KKSHL.BO,40.0,40.0,9.00K,Health Services,Hospital/Nursing Management,50.0,52.0,29.0,49.0,0.2943,0.1964,5.36K,1.50K,51.9,29.0,272.34M,No,39.58,41.27,39.7,41.3,39.34,497
1795,JSL.NS,736.8,744.5,186.06K,Non-Energy Minerals,Steel,50.0,63.0,39.0,21.0,17.5679,16.6929,601.50K,361.88K,884.0,652.25,607.09B,No,729.64,707.49,753.01,711.06,740.62,500
1796,SUDARCOLOR.NS,428.6,381.4,249.22K,Process Industries,Chemicals: Major Diversified,50.0,89.0,78.0,59.0,16.35,15.925,7.81K,5.87K,608.0,268.25,9.89B,No,369.92,365.3,392.31,370.24,357.36,498
1797,IVP.NS,159.9,158.66,19.12K,Process Industries,Chemicals: Specialty,50.0,34.0,60.0,57.0,6.5764,6.2814,29.37K,5.43K,194.0,110.0,1.66B,No,157.13,161.61,151.43,159.32,148.01,499
1798,THAKDEV.NS,128.25,135.0,0.13K,Consumer Durables,Homebuilding,50.0,79.0,,,10.1929,9.1064,0.21K,0.38K,163.01,115.1,,No,141.96,136.01,,132.12,,60
1799,ANURAS.NS,1213.0,1216.3,82.75K,Health Technology,Pharmaceuticals: Major,50.0,22.0,23.0,35.0,19.9214,19.6714,353.47K,187.99K,1415.0,1045.2,138.10B,No,1240.41,1266.08,1263.5,1260.65,1282.7,499
1800,STANROS.BO,71.99,69.75,0.03K,Finance,Investment Managers,50.0,32.0,44.0,42.0,3.1579,2.7393,0.36K,0.45K,82.75,54.31,285.65M,No,67.06,67.53,67.85,66.91,66.73,496
1801,20MICRONS.NS,191.71,194.85,114.42K,Process Industries,Chemicals: Specialty,49.0,39.0,59.0,55.0,7.9164,7.9136,383.66K,251.26K,246.61,129.61,6.76B,No,202.06,195.93,186.52,195.81,179.48,499
1802,RISHITECH.BO,41.6,39.39,0.36K,Process Industries,Containers/Packaging,49.0,68.0,69.0,34.0,4.5543,4.5514,2.71K,3.92K,58.8,32.0,307.47M,No,39.3,39.61,41.32,40.07,39.61,497
1803,XTGLOBAL.NS,32.37,33.77,73.51K,Technology Services,Information Technology Services,49.0,83.0,53.0,70.0,1.5486,1.4943,72.00K,159.16K,46.25,25.2,4.34B,No,29.75,29.69,32.37,29.48,30.56,470
1804,BHATIA.BO,22.92,23.08,82.15K,Retail Trade,Electronics/Appliance Stores,49.0,11.0,54.0,51.0,0.9371,0.9371,55.19K,30.82K,33.6,17.99,3.22B,No,23.83,24.97,23.95,24.7,23.08,497
1805,CAPILLARY.NS,580.6,576.35,665.36K,Technology Services,Packaged Software,49.0,82.0,61.0,27.0,33.8179,33.4929,331.44K,997.42K,798.95,464.25,46.14B,No,508.15,506.47,,508.11,534.98,178
1806,SSMD.BO,65.7,60.0,2.00K,Consumer Non-Durables,Food: Major Diversified,49.0,64.0,55.0,74.0,2.3586,1.5257,6.51K,2.10K,80.45,30.1,569.36M,No,61.45,62.1,,63.03,57.93,168
1807,IWP.NS,33.75,33.62,3.28K,Consumer Non-Durables,Food: Specialty/Candy,49.0,52.0,36.0,,1.5964,1.5357,5.56K,3.00K,39.15,28.0,,No,33.11,33.48,,33.42,,76
1808,FORTIS.NS,918.4,925.0,813.91K,Health Services,Hospital/Nursing Management,49.0,28.0,43.0,53.0,17.7929,17.7536,1418.79K,878.93K,1104.3,766.8,694.56B,No,950.34,957.75,923.32,958.55,912.2,500
1809,MUNJALSHOW.NS,134.94,137.17,51.42K,Producer Manufacturing,Auto Parts: Oem,49.0,50.0,35.0,59.0,3.7236,3.3307,55.71K,97.87K,150.9,110.3,5.34B,No,136.65,132.41,127.9,132.11,128.1,500
1810,ARVSMART.NS,603.3,596.3,29.05K,Finance,Real Estate Development,49.0,44.0,34.0,60.0,16.5071,16.2107,114.76K,30.78K,669.0,486.8,27.67B,No,600.72,597.86,585.71,599.92,578.49,499
1811,BPCL.NS,323.7,326.25,3693.98K,Energy Minerals,Oil Refining/Marketing,49.0,68.0,62.0,21.0,7.5429,7.0321,8785.00K,6737.75K,391.65,266.6,1383.04B,No,316.19,308.47,333.05,310.07,320.38,500
1812,JTEKTINDIA.NS,141.4,140.82,46.34K,Consumer Durables,Automotive Aftermarket,49.0,44.0,51.0,46.0,3.845,3.76,777.28K,267.51K,188.5,117.01,39.22B,No,137.65,135.21,139.57,136.16,135.01,500
1813,SUNILAGR.BO,88.0,86.49,0.04K,Process Industries,Agricultural Commodities/Milling,49.0,58.0,63.0,37.0,1.8457,0.9071,0.17K,0.20K,103.0,73.28,264.26M,No,83.35,83.68,87.12,84.1,85.23,496
1814,PCCOSMA.BO,371.95,375.95,2.02K,Consumer Non-Durables,Household/Personal Care,49.0,92.0,68.0,59.0,25.3464,24.8821,1.69K,2.10K,552.0,285.55,984.27M,No,329.28,312.79,355.16,315.86,332.06,497
1815,MIT.BO,142.9,142.5,25.00K,Miscellaneous,Investment Trusts,49.0,51.0,45.0,37.0,0.0286,0.0,40.98K,40.98K,145.6,140.82,67.56B,No,142.52,143.65,144.96,143.47,144.89,486
1816,KVTOYS.BO,284.45,288.0,18.00K,Consumer Durables,Recreational Products,49.0,20.0,75.0,39.0,12.9429,12.3179,17.79K,6.96K,363.9,180.0,1.79B,No,301.69,282.04,,281.51,264.97,158
1817,WINDLAS.NS,873.75,856.85,29.90K,Health Technology,Pharmaceuticals: Major,49.0,58.0,52.0,50.0,24.55,24.2536,52.96K,25.01K,1097.9,697.4,18.03B,No,855.85,843.35,817.79,844.75,814.9,498
1818,UCAL.NS,117.01,116.47,3.95K,Producer Manufacturing,Auto Parts: Oem,49.0,59.0,78.0,54.0,3.5293,3.385,21.63K,6.60K,146.99,77.0,2.59B,No,117.3,111.52,110.22,112.52,106.38,496
1819,CHAMBLFERT.NS,459.75,458.65,488.46K,Process Industries,Chemicals: Specialty,49.0,49.0,53.0,47.0,10.175,9.8214,930.03K,470.23K,580.7,399.75,184.20B,No,447.6,461.65,453.28,461.04,449.52,500
1820,SURJIND.BO,54.6,55.0,5.26K,Process Industries,Agricultural Commodities/Milling,49.0,15.0,67.0,54.0,2.045,1.7436,4.09K,1.39K,84.5,38.1,4.76B,No,54.76,57.33,49.57,56.43,50.84,496
1821,ROSSELLIND.NS,54.95,57.66,64.66K,Electronic Technology,Aerospace & Defense,49.0,29.0,34.0,74.0,3.4393,3.4279,34.22K,32.62K,70.19,40.0,2.07B,No,58.61,57.11,53.07,57.0,51.66,498
1822,DHARMAJ.NS,265.85,270.25,329.51K,Process Industries,Chemicals: Agricultural,49.0,48.0,40.0,54.0,8.8607,8.8429,47.43K,24.25K,386.5,210.65,8.95B,No,262.19,266.9,254.53,265.03,255.23,499
1823,SHARMEH.BO,97.75,100.5,1.11K,Health Services,Hospital/Nursing Management,49.0,46.0,50.0,45.0,5.2014,4.7279,0.69K,0.23K,233.9,76.0,320.99M,No,99.4,102.07,112.73,102.29,102.75,496
1824,SEALMATIC.BO,399.0,399.95,1.44K,Producer Manufacturing,Industrial Machinery,49.0,81.0,25.0,65.0,10.1857,9.45,8.26K,4.09K,463.95,313.0,4.33B,No,392.0,378.56,379.23,378.58,374.16,498
1825,PWL.NS,125.49,127.81,1961.21K,Commercial Services,Miscellaneous Commercial Services,49.0,4.0,74.0,48.0,4.92,4.8679,12458.41K,5334.27K,161.99,77.72,358.86B,No,131.52,123.82,,124.95,111.21,181
1826,CHEMCON.NS,192.62,197.14,14.42K,Process Industries,Chemicals: Specialty,49.0,67.0,73.0,53.0,7.2307,6.45,116.98K,13.29K,295.0,125.0,7.06B,No,182.07,187.5,187.56,188.14,172.7,498
1827,INFORTEC.BO,80.0,80.0,0.15K,Technology Services,Information Technology Services,49.0,11.0,42.0,35.0,5.7693,5.2529,0.31K,0.32K,108.0,65.1,333.53M,No,80.66,80.59,81.67,81.41,83.08,497
1828,FSL.NS,319.3,339.45,24112.56K,Commercial Services,Miscellaneous Commercial Services,49.0,92.0,84.0,26.0,16.9593,16.3093,4673.01K,7911.75K,381.4,202.0,202.98B,No,279.9,260.58,279.85,261.98,253.29,500
1829,INDOSTAR.NS,233.0,233.7,209.40K,Finance,Finance/Rental/Leasing,49.0,12.0,58.0,59.0,11.9036,11.2536,166.49K,209.85K,292.0,179.03,37.72B,No,260.74,252.24,231.12,252.47,226.21,500
1830,SRGFFL.BO,26.0,26.0,9.00K,Finance,Finance/Rental/Leasing,49.0,92.0,72.0,23.0,0.8343,0.4271,1.13K,3.60K,32.0,17.3,139.76M,No,24.6,22.58,25.78,22.86,24.62,496
1831,LERTHAI.BO,607.0,551.0,0.00K,Finance,Financial Conglomerates,49.0,14.0,29.0,54.0,24.4286,12.2857,0.01K,0.02K,774.0,408.85,424.90M,No,529.02,554.45,581.11,546.25,573.86,499
1832,APOLSINHOT.NS,1243.6,1200.8,2.38K,Consumer Services,Hotels/Resorts/Cruise Lines,49.0,58.0,62.0,31.0,45.05,44.2429,2.26K,0.93K,1491.2,950.0,3.23B,No,1218.95,1254.35,1223.34,1252.52,1200.93,498
1833,MAXHEALTH.NS,1069.4,1080.0,1728.58K,Health Services,Hospital/Nursing Management,49.0,35.0,62.0,58.0,24.1786,23.5286,2528.32K,1483.68K,1301.7,903.0,1043.74B,No,1096.52,1072.74,1056.18,1081.05,1033.0,500
1834,CAPTRUST.NS,18.44,19.03,127.20K,Finance,Finance/Rental/Leasing,49.0,97.0,90.0,74.0,1.1279,1.0086,34.95K,117.04K,60.99,10.98,624.66M,No,15.5,14.02,14.77,14.28,13.64,498
1835,GUJTERC.BO,43.95,41.95,10.28K,Health Technology,Pharmaceuticals: Major,48.0,89.0,74.0,22.0,2.5921,2.5736,4.00K,6.62K,59.78,29.0,319.83M,No,36.14,35.12,39.9,35.24,37.33,497
1836,JINDALSTEL.NS,1102.6,1113.4,1202.24K,Non-Energy Minerals,Steel,48.0,71.0,20.0,35.0,24.4571,24.25,1228.35K,1112.97K,1306.2,943.3,1121.88B,No,1063.22,1093.82,1120.42,1089.65,1153.87,500
1837,HINDOILEXP.NS,157.61,158.41,297.06K,Energy Minerals,Integrated Oil,48.0,43.0,40.0,42.0,5.0407,4.915,943.96K,520.63K,188.65,117.5,20.82B,No,159.28,161.87,152.84,161.31,152.8,500
1838,NITCO.NS,101.96,103.31,359.85K,Producer Manufacturing,Building Products,48.0,20.0,51.0,70.0,4.2429,4.2279,1331.36K,511.36K,141.99,64.0,24.53B,No,105.82,104.71,92.7,106.0,92.39,499
1839,COROMANDEL.NS,2083.1,2086.3999,93.46K,Process Industries,Chemicals: Specialty,48.0,57.0,63.0,24.0,50.7857,48.6785,343.19K,145.02K,2506.0,1706.5,613.47B,No,2051.31,1981.76,2113.29,2000.3,2039.77,500
1840,KANPRPLA.NS,210.77,209.57,6.34K,Producer Manufacturing,Miscellaneous Manufacturing,48.0,76.0,36.0,68.0,11.4136,11.1157,27.13K,76.26K,247.0,151.25,5.16B,No,207.17,198.52,194.03,199.47,193.16,498
1841,SANDUPHQ.BO,38.48,39.8,2.25K,Health Technology,Pharmaceuticals: Other,48.0,40.0,38.0,64.0,1.7186,1.67,4.84K,1.52K,58.28,30.0,371.75M,No,39.78,41.19,39.15,40.77,38.16,496
1842,ALPHAGEO.NS,233.57,236.16,29.08K,Industrial Services,Oilfield Services/Equipment,48.0,90.0,58.0,55.0,14.5964,14.4771,11.83K,36.16K,287.0,164.8,1.49B,No,211.39,206.89,217.44,207.42,208.43,499
1843,PETRONET.NS,276.95,280.8,1355.56K,Utilities,Gas Distributors,48.0,49.0,46.0,32.0,6.2643,6.1357,2654.07K,1985.19K,326.4,235.35,415.43B,No,277.63,277.58,279.24,277.63,278.84,500
1844,VHL.NS,3579.0,3432.3999,7.88K,Finance,Investment Managers,48.0,53.0,41.0,56.0,127.8714,124.2643,0.57K,0.63K,4275.0,2870.0,11.42B,No,3495.1,3495.89,3495.75,3508.99,3382.24,498
1845,UNIFIED.BO,386.75,384.45,27.60K,Technology Services,Information Technology Services,48.0,64.0,47.0,57.0,10.575,9.8429,29.26K,13.36K,495.0,275.0,7.77B,No,367.37,380.5,376.83,376.32,365.11,296
1846,RECLTD.NS,361.5,366.0,3940.82K,Finance,Finance/Rental/Leasing,48.0,57.0,52.0,39.0,7.6893,7.5786,5374.53K,4438.05K,390.5,304.05,,No,362.02,356.59,355.19,358.02,352.52,500
1847,CDSL.NS,1331.0,1326.5,817.06K,Finance,Investment Banks/Brokers,48.0,47.0,61.0,42.0,28.45,28.2143,1895.38K,1212.49K,1673.7,1116.3,278.18B,No,1366.66,1318.81,1367.62,1333.05,1293.19,500
1848,ZODJRDMKJ.BO,37.65,39.48,11.59K,Non-Energy Minerals,Other Metals/Minerals,48.0,89.0,68.0,51.0,2.3321,2.2629,22.86K,47.40K,51.47,28.4,413.23M,No,35.15,35.51,38.24,35.9,36.15,496
1849,ATLANTAA.NS,40.31,40.3,31.65K,Industrial Services,Engineering & Construction,48.0,60.0,33.0,22.0,2.0736,2.0679,83.09K,29.15K,73.39,29.41,3.29B,No,37.24,39.05,41.62,38.93,40.39,499
1850,LEHAR.BO,238.9,240.0,9.64K,Consumer Non-Durables,Apparel/Footwear,48.0,25.0,47.0,41.0,7.8179,7.8179,28.63K,17.88K,310.0,160.0,4.22B,No,244.39,251.27,234.45,250.61,232.33,497
1851,MAZDA.NS,227.36,227.23,4.66K,Producer Manufacturing,Industrial Machinery,48.0,20.0,62.0,60.0,8.0129,7.8936,43.20K,7.47K,308.0,159.2,4.57B,No,224.89,230.7,219.19,228.86,209.7,500
1852,AARTIDRUGS.NS,410.85,412.4,98.98K,Health Technology,Pharmaceuticals: Major,48.0,66.0,58.0,53.0,12.2321,12.1,178.27K,165.20K,534.55,318.95,37.50B,No,412.2,390.9,393.98,393.54,376.21,500
1853,GRAVITA.NS,1721.9,1688.8,223.59K,Non-Energy Minerals,Other Metals/Minerals,48.0,38.0,40.0,52.0,57.9429,57.0643,261.23K,306.28K,1913.6,1266.9,125.21B,No,1745.31,1698.53,1664.67,1713.46,1618.02,500
1854,BHARATGEAR.NS,107.63,111.53,45.20K,Producer Manufacturing,Trucks/Construction/Farm Machinery,48.0,7.0,30.0,32.0,5.3193,4.5964,104.45K,17.42K,154.2,83.8,1.65B,No,121.04,122.38,111.45,122.29,112.19,500
1855,STYRENIX.NS,2279.0,2478.3,275.60K,Process Industries,Chemicals: Specialty,48.0,55.0,47.0,67.0,107.2214,102.6857,36.03K,87.28K,2838.4,1780.0,40.10B,No,2379.32,2304.69,2140.23,2299.44,2133.75,499
1856,LACTOSE.BO,102.95,101.5,0.00K,Health Technology,Pharmaceuticals: Major,48.0,43.0,23.0,51.0,5.0143,4.975,8.14K,7.35K,136.7,76.01,1.30B,No,101.96,104.44,105.69,104.07,101.57,497
1857,SRGHFL.NS,291.75,290.0,4.70K,Finance,Finance/Rental/Leasing,48.0,23.0,58.0,45.0,16.0679,16.0679,6.58K,13.82K,335.0,224.4,4.58B,No,303.5,294.95,280.12,296.14,279.96,496
1858,7SEASL.BO,77.01,75.26,23.99K,Technology Services,Packaged Software,48.0,66.0,35.0,36.0,5.2329,5.0779,13.88K,14.11K,101.0,63.0,1.78B,No,75.02,76.34,78.68,75.9,76.94,497
1859,AICHAMP.BO,38.08,36.27,0.82K,Process Industries,Textiles,48.0,81.0,63.0,82.0,1.7479,1.5393,1.70K,0.91K,65.7,19.72,1.17B,No,36.08,35.98,36.29,36.62,31.58,497
1860,UNITEDTEA.NS,483.3,481.15,1.22K,Consumer Non-Durables,Food: Specialty/Candy,48.0,44.0,17.0,43.0,14.6643,14.2929,2.23K,1.64K,590.0,412.0,2.41B,No,472.04,486.74,486.61,483.71,503.45,497
1861,APLLTD.NS,834.45,818.2,210.23K,Health Technology,Pharmaceuticals: Major,48.0,54.0,65.0,51.0,20.9893,20.3464,150.24K,56.52K,1002.0,635.8,164.02B,No,820.09,789.45,796.91,793.15,758.92,500
1862,GOODRICKE.BO,180.35,180.0,0.17K,Process Industries,Agricultural Commodities/Milling,48.0,42.0,44.0,64.0,4.975,4.9214,4.27K,2.41K,234.0,142.05,3.90B,No,183.5,181.55,172.04,181.78,168.41,497
1863,EKANSH.BO,231.1,232.05,2.53K,Industrial Services,Engineering & Construction,48.0,44.0,42.0,70.0,9.3357,9.0536,12.23K,26.34K,284.55,142.85,3.50B,No,234.91,228.53,211.83,228.58,208.0,497
1864,YOGI.BO,161.1,162.85,1.38K,Finance,Real Estate Development,48.0,27.0,57.0,49.0,5.075,4.7107,7.39K,0.48K,193.0,145.0,7.25B,No,170.08,171.1,166.03,171.57,166.72,496
1865,INDIACEM.NS,391.9,392.8,127.29K,Non-Energy Minerals,Construction Materials,48.0,65.0,40.0,17.0,12.5,11.7607,279.07K,344.01K,485.8,342.35,182.71B,No,395.54,387.06,405.09,390.69,400.23,500
1866,VIDHIING.NS,322.05,321.45,12.00K,Consumer Non-Durables,Food: Specialty/Candy,48.0,78.0,66.0,44.0,17.0571,15.5821,37.35K,120.05K,410.0,258.6,16.08B,No,309.74,296.95,315.28,297.47,303.18,497
1867,SPELS.BO,153.75,153.25,25.11K,Electronic Technology,Semiconductors,48.0,37.0,49.0,32.0,6.575,6.5536,78.21K,57.18K,262.8,110.0,7.09B,No,156.34,154.96,156.13,154.76,151.0,496
1868,DEEPAKNTR.NS,1751.6,1736.7,429.32K,Process Industries,Chemicals: Specialty,48.0,79.0,37.0,51.0,49.2429,48.3214,171.11K,115.52K,1904.4,1280.0,238.74B,No,1687.71,1655.22,1631.47,1658.91,1614.08,499
1869,AFSL.NS,201.25,201.21,3.73K,Finance,Investment Managers,48.0,40.0,44.0,41.0,1.31,1.31,23.97K,11.45K,236.0,194.41,10.23B,No,201.3,201.16,202.12,201.18,201.67,498
1870,SAMHI.NS,176.24,173.66,836.87K,Consumer Services,Hotels/Resorts/Cruise Lines,48.0,54.0,68.0,46.0,7.34,6.9379,1019.76K,895.16K,227.0,127.0,39.15B,No,173.61,171.76,170.93,173.62,163.3,499
1871,AAATECH.NS,93.12,91.33,65.40K,Technology Services,Information Technology Services,48.0,26.0,31.0,27.0,2.8036,2.7757,17.94K,8.27K,136.0,76.11,1.19B,No,91.51,93.81,96.28,93.64,97.54,498
1872,IEX.NS,129.34,129.59,1165.81K,Finance,Investment Banks/Brokers,48.0,76.0,41.0,43.0,3.8579,3.8343,5965.88K,8664.45K,160.27,114.6,115.02B,No,125.7,124.06,130.01,124.27,125.4,500
1873,UFLEX.NS,483.9,475.95,88.37K,Process Industries,Containers/Packaging,47.0,83.0,68.0,48.0,18.8786,18.8429,372.59K,1521.06K,602.8,330.0,34.94B,No,462.56,440.53,457.08,445.91,436.59,498
1874,MODWOOL.BO,63.85,63.85,0.01K,Process Industries,Textiles,47.0,81.0,42.0,49.0,0.9107,0.2336,0.04K,0.02K,74.75,51.6,58.09M,No,59.61,56.97,64.22,57.14,62.24,498
1875,SUNDARMFIN.NS,4647.4,4736.0,44.34K,Finance,Finance/Rental/Leasing,47.0,44.0,51.0,25.0,128.2714,118.35,84.70K,80.02K,5642.0,4000.0,512.23B,No,4531.43,4454.89,4803.25,4461.25,4766.61,499
1876,MAMATA.NS,426.15,425.15,66.70K,Producer Manufacturing,Industrial Machinery,47.0,79.0,47.0,51.0,12.5857,12.5857,72.34K,60.84K,515.0,297.0,10.46B,No,394.52,388.57,404.22,391.3,395.01,402
1877,HEMIPROP.NS,137.91,138.22,81.91K,Finance,Real Estate Development,47.0,47.0,35.0,50.0,3.055,2.8529,764.07K,390.47K,190.69,111.2,39.32B,No,136.47,138.13,136.49,138.52,135.84,500
1878,UNIROYAL.BO,19.5,19.5,0.52K,Process Industries,Textiles,47.0,62.0,38.0,41.0,0.9786,0.8279,1.49K,0.61K,26.0,16.7,161.24M,No,19.51,19.73,20.03,19.84,19.84,496
1879,ALFAICA.BO,79.4,79.4,0.19K,Producer Manufacturing,Miscellaneous Manufacturing,47.0,31.0,54.0,37.0,1.8557,1.5629,0.10K,0.08K,101.4,67.78,320.78M,No,76.58,77.54,79.92,77.85,78.57,498
1880,NIYOGIN.BO,49.56,47.73,250.02K,Finance,Finance/Rental/Leasing,47.0,88.0,62.0,62.0,2.5757,2.5757,44.34K,37.86K,82.4,30.2,5.51B,No,42.93,43.5,47.93,43.8,43.45,497
1881,MAZDOCK.NS,2534.2,2380.5,4179.77K,Producer Manufacturing,Trucks/Construction/Farm Machinery,47.0,56.0,36.0,37.0,55.9714,54.8786,827.91K,631.22K,3061.4,2057.4,1020.55B,No,2359.06,2425.25,2488.89,2433.65,2437.08,500
1882,GIPCL.NS,159.34,160.79,340.55K,Utilities,Electric Utilities,47.0,46.0,52.0,60.0,3.3479,3.1293,371.66K,185.03K,202.05,119.9,24.71B,No,161.98,162.37,154.05,161.75,149.4,500
1883,FORCEMOT.NS,18690.0,18538.0,73.48K,Consumer Durables,Motor Vehicles,47.0,61.0,26.0,35.0,552.0714,532.0,112.25K,118.33K,26450.0,14911.0,246.26B,No,17921.3,18138.7,19529.11,18259.3,20208.93,500
1884,SBILIFE.NS,1861.5,1879.9,474.09K,Finance,Life/Health Insurance,47.0,58.0,51.0,29.0,38.5286,37.7786,977.46K,945.05K,2132.0,1700.4,1867.57B,No,1857.86,1811.14,1924.08,1811.6,1887.34,499
1885,GTV.BO,67.99,67.33,5.99K,Industrial Services,Engineering & Construction,47.0,21.0,42.0,77.0,2.7829,2.7157,80.37K,41.02K,83.9,41.55,3.43B,No,69.54,72.45,64.54,72.85,65.16,498
1886,GUJINTRX.BO,425.0,427.5,0.73K,Non-Energy Minerals,Steel,47.0,33.0,39.0,32.0,11.4821,11.475,1.57K,1.42K,482.0,375.5,1.47B,No,431.19,433.14,433.96,433.27,436.04,497
1887,RIR.NS,160.05,159.6,48.74K,Electronic Technology,Semiconductors,47.0,,,,4.6171,4.4279,94.68K,74.83K,170.5,154.3,,No,,,,,,16
1888,NUVOCO.NS,352.85,346.1,333.51K,Non-Energy Minerals,Construction Materials,47.0,82.0,61.0,43.0,10.6071,10.375,1856.86K,826.89K,477.5,276.25,126.02B,No,349.63,329.33,336.29,329.35,323.15,500
1889,JSWDULUX.NS,3046.6,3022.1001,22.23K,Process Industries,Industrial Specialties,47.0,46.0,59.0,56.0,83.2928,83.1643,30.66K,11.30K,3745.0,2658.7,140.13B,No,2978.87,3099.09,3090.03,3097.41,2995.35,500
1890,MASKINVEST.NS,150.0,149.5,0.52K,Finance,Finance/Rental/Leasing,47.0,31.0,37.0,49.0,3.6929,3.2179,0.25K,0.17K,246.09,114.94,463.83M,No,151.04,151.96,152.28,151.29,146.19,498
1891,AMITSEC.BO,44.05,46.36,2.30K,Commercial Services,Miscellaneous Commercial Services,47.0,10.0,19.0,9.0,3.2657,2.7871,0.35K,0.23K,67.16,27.21,312.76M,No,44.56,49.33,49.65,48.76,50.88,497
1892,SHANTIGOLD.NS,218.65,216.832,283.08K,Consumer Durables,Other Consumer Specialties,47.0,37.0,38.0,50.0,7.6048,7.4267,1342.68K,1375.33K,274.1,155.0,15.77B,No,214.52,219.17,208.45,218.11,206.97,253
1893,BARODARY.BO,128.1,130.25,1.58K,Process Industries,Textiles,47.0,41.0,48.0,58.0,5.2857,5.2857,0.82K,0.62K,153.45,100.1,2.93B,No,128.68,128.32,120.6,128.46,119.79,497
1894,EIEL.NS,215.81,218.06,644.11K,Industrial Services,Environmental Services,47.0,20.0,46.0,67.0,7.7164,7.595,2862.05K,1005.29K,276.1,134.71,37.83B,No,223.48,212.74,198.37,215.06,189.84,421
1895,HEXATRADEX.NS,162.0,160.22,4.32K,Distribution Services,Wholesale Distributors,47.0,57.0,46.0,44.0,5.3971,5.385,4.62K,10.84K,194.89,147.26,9.06B,No,158.63,160.23,163.29,160.32,161.72,498
1896,CRAMC.NS,263.05,265.3,151.13K,Finance,Investment Managers,47.0,71.0,60.0,48.0,9.9379,8.925,904.23K,3709.45K,353.4,214.2,52.46B,No,261.48,254.36,267.99,255.44,252.7,202
1897,SIMPLEXINF.NS,237.48,232.16,53.24K,Industrial Services,Engineering & Construction,47.0,15.0,54.0,55.0,8.735,8.5743,164.49K,66.96K,330.0,137.0,18.78B,No,247.3,253.9,239.13,253.36,222.29,497
1898,OIL.NS,444.0,444.0,1670.19K,Energy Minerals,Oil Refining/Marketing,47.0,55.0,46.0,18.0,11.85,11.15,4581.02K,2780.70K,531.0,384.6,722.21B,No,444.88,439.84,450.44,436.09,463.67,500
1899,EMSLIMITED.NS,401.0,406.8,152.85K,Industrial Services,Engineering & Construction,47.0,36.0,69.0,68.0,15.0214,14.6464,1223.70K,303.56K,599.0,256.05,22.55B,No,415.78,382.9,378.12,388.88,344.94,500
1900,SKPSEC.BO,106.84,109.99,1.63K,Finance,Investment Banks/Brokers,47.0,28.0,58.0,41.0,10.6771,10.3557,3.19K,8.69K,142.0,74.0,727.45M,No,111.22,108.4,105.96,108.88,102.7,496
1901,FILTRA.BO,58.5,58.99,4.00K,Producer Manufacturing,Industrial Machinery,47.0,61.0,66.0,22.0,0.545,0.5093,3.64K,3.64K,92.39,42.0,641.39M,No,58.92,56.98,62.26,57.57,59.18,497
1902,AFFLE.NS,1688.7,1662.6,221.29K,Technology Services,Packaged Software,47.0,85.0,73.0,55.0,57.6,56.5286,499.34K,766.27K,2185.9,1251.3,237.61B,No,1562.4,1502.72,1565.25,1503.33,1479.1,500
1903,LESL.BO,22.5,22.54,144.00K,Industrial Services,Engineering & Construction,47.0,28.0,,,0.5229,0.4964,1156.93K,129.60K,25.2,20.0,3.19B,No,22.47,,,,,32
1904,IDBI.NS,84.36,84.32,2622.51K,Finance,Major Banks,47.0,62.0,71.0,15.0,1.9621,1.865,16520.04K,7221.59K,118.38,61.01,909.01B,No,84.99,82.07,89.97,82.48,85.77,500
1905,SCHAEFFLER.NS,4036.3,4089.5,34.13K,Producer Manufacturing,Metal Fabrication,47.0,42.0,41.0,58.0,109.5571,109.5571,73.14K,70.39K,4467.7,3518.4,630.89B,No,4116.24,4118.26,3998.5,4116.26,4031.98,499
1906,VOLTAS.NS,1275.0,1300.5,597.83K,Producer Manufacturing,Industrial Machinery,47.0,59.0,40.0,37.0,32.8571,32.6929,1011.50K,451.67K,1582.5,1186.8,421.88B,No,1330.74,1308.15,1369.2,1310.01,1357.26,500
1907,SPLPETRO.NS,702.65,706.0,44.91K,Process Industries,Industrial Specialties,47.0,28.0,33.0,78.0,30.1322,29.1464,134.84K,362.51K,979.0,462.3,132.13B,No,722.5,716.15,682.28,718.83,692.0,499
1908,OBCL.NS,53.5,53.5,9.38K,Transportation,Trucking,47.0,44.0,36.0,38.0,1.6736,1.655,13.05K,11.46K,64.84,49.0,1.13B,No,53.03,54.57,55.21,54.68,55.09,498
1909,KAMAHOLD.NS,2503.0,2509.2,0.73K,Process Industries,Industrial Specialties,47.0,35.0,33.0,,65.7429,65.2928,4.14K,2.74K,2750.0,2461.0,,No,2558.93,2585.71,,2573.05,,76
1910,ONIXSOLAR.BO,537.35,548.3,18.25K,Producer Manufacturing,Industrial Machinery,47.0,2.0,3.0,8.0,16.0178,12.9036,67.78K,86.77K,1125.9,226.1,19.81B,No,610.35,647.42,620.55,635.92,728.09,498
1911,LUXIND.NS,1269.0,1287.2,21.90K,Consumer Non-Durables,Apparel/Footwear,46.0,54.0,14.0,79.0,33.1714,32.7714,51.07K,16.19K,1823.35,824.05,38.08B,No,1263.16,1273.99,1176.39,1261.6,1172.34,500
1912,BAMBINO.BO,220.65,218.7,0.81K,Consumer Non-Durables,Food: Specialty/Candy,46.0,68.0,64.0,43.0,8.4,8.0786,1.21K,1.31K,280.0,173.7,1.77B,No,210.85,209.16,219.41,209.56,207.43,497
1913,VALIANTORG.NS,278.7,286.55,12.65K,Process Industries,Chemicals: Specialty,46.0,63.0,34.0,66.0,10.5929,10.5929,58.36K,10.41K,397.0,195.0,7.81B,No,272.7,279.97,268.51,278.44,263.73,497
1914,IPRINGLTD.BO,129.0,126.9,0.89K,Producer Manufacturing,Industrial Conglomerates,46.0,58.0,50.0,72.0,7.2964,6.85,1.59K,2.00K,174.85,93.0,1.58B,No,125.68,123.9,118.73,124.39,116.22,497
1915,AXELPOLY.BO,46.04,47.98,0.43K,Process Industries,Industrial Specialties,46.0,72.0,62.0,45.0,5.01,4.9207,2.46K,2.25K,60.0,36.7,506.49M,No,44.6,44.33,45.54,44.33,44.45,497
1916,REGAAL.NS,86.88,86.62,83.29K,Process Industries,Agricultural Commodities/Milling,46.0,66.0,50.0,83.0,3.5714,3.45,255.48K,83.09K,145.7,57.27,8.95B,No,81.09,81.19,77.1,81.08,76.34,240
1917,ASPINWALL.NS,242.03,249.04,1.49K,Transportation,Air Freight/Couriers,46.0,24.0,54.0,61.0,10.38,10.1886,3.60K,1.69K,299.8,200.25,1.89B,No,247.96,246.96,235.09,244.17,228.81,498
1918,MARALOVER.NS,54.0,54.99,7.59K,Process Industries,Textiles,46.0,59.0,72.0,81.0,3.2721,3.0493,25.80K,20.10K,65.97,34.11,2.24B,No,56.24,55.86,48.05,55.48,48.69,498
1919,VASUPRADA.BO,105.5,101.14,0.10K,Consumer Non-Durables,Food: Specialty/Candy,46.0,64.0,55.0,46.0,2.3593,1.4943,0.17K,0.08K,133.1,85.55,874.00M,No,103.81,101.11,104.54,101.7,101.64,496
1920,NCML.BO,85.6,77.0,4.80K,Non-Energy Minerals,Steel,46.0,68.0,26.0,48.0,1.2679,0.8571,9.49K,2.08K,129.8,64.6,2.13B,No,79.74,87.51,92.08,87.27,85.74,221
1921,TCIEXP.NS,579.6,575.15,1661.67K,Transportation,Air Freight/Couriers,46.0,86.0,66.0,53.0,20.3929,20.05,181.08K,31.28K,780.0,447.55,22.27B,No,564.12,538.55,553.08,543.64,530.63,497
1922,GFLLIMITED.NS,51.5,49.81,90.41K,Consumer Services,Movies/Entertainment,46.0,83.0,64.0,52.0,1.9129,1.8579,50.00K,43.56K,81.0,37.25,5.66B,No,46.64,46.53,50.94,46.96,46.52,498
1923,SALEM.BO,36.4,35.5,0.03K,Finance,Finance/Rental/Leasing,46.0,14.0,49.0,64.0,2.16,1.7979,1.20K,0.30K,46.49,29.0,417.34M,No,36.88,37.58,36.88,37.02,35.76,496
1924,SHRIKRISH.NS,42.29,42.29,0.33K,Finance,Real Estate Development,46.0,44.0,41.0,,1.9986,1.8986,4.69K,0.85K,56.0,35.0,,No,40.72,41.71,,41.9,,74
1925,MPHASIS.NS,2417.9,2460.0,112.00K,Technology Services,Packaged Software,46.0,71.0,70.0,19.0,95.5286,88.5857,611.12K,821.18K,3037.2,2013.0,461.38B,No,2362.26,2315.74,2484.76,2319.63,2337.13,500
1926,DECOMIC.BO,63.49,66.83,0.09K,Commercial Services,Miscellaneous Commercial Services,46.0,81.0,64.0,48.0,3.5736,1.7779,0.42K,0.36K,87.89,47.0,266.66M,No,59.55,57.27,62.39,56.83,58.75,498
1927,MALUPAPER.NS,33.98,33.3,10.34K,Process Industries,Pulp & Paper,46.0,74.0,46.0,52.0,2.6821,2.6821,32.43K,150.95K,45.57,27.0,589.76M,No,32.3,31.93,33.55,32.0,32.2,499
1928,MACIND.BO,319.7,319.8,0.00K,Process Industries,Chemicals: Agricultural,46.0,34.0,43.0,68.0,12.1821,9.9393,0.11K,0.18K,409.0,221.2,236.85M,No,337.22,337.23,306.96,335.94,320.9,498
1929,AGARWAL.BO,20.9,22.0,1.79K,Finance,Financial Conglomerates,46.0,76.0,64.0,42.0,0.4464,0.375,0.17K,0.23K,24.18,16.5,71.80M,No,21.21,20.93,20.23,20.82,20.48,497
1930,SHIVAMILLS.NS,62.38,62.36,0.33K,Process Industries,Textiles,46.0,50.0,49.0,65.0,3.1021,2.8693,2.46K,0.80K,77.01,43.01,539.08M,No,60.9,62.21,60.12,61.62,58.51,497
1931,SAPPL.NS,294.8,285.1,1.29K,Process Industries,Pulp & Paper,46.0,59.0,32.0,,16.0429,15.4357,1.76K,0.98K,334.3,252.0,,No,295.87,284.1,,285.71,,74
1932,HCLTECH.NS,1340.0,1350.0,3818.33K,Technology Services,Information Technology Services,46.0,86.0,73.0,10.0,32.5214,31.2071,4037.85K,3410.03K,1780.1,1030.0,3612.20B,No,1270.77,1190.14,1407.19,1195.66,1322.96,500
1933,VHLTD.NS,127.03,125.85,51.54K,Consumer Services,Hotels/Resorts/Cruise Lines,46.0,34.0,27.0,30.0,5.3014,5.2879,16.01K,16.85K,155.36,101.53,8.60B,No,130.27,133.14,135.38,132.57,137.4,497
1934,SAGARDEEP.NS,25.23,25.2,6.75K,Non-Energy Minerals,Other Metals/Minerals,46.0,56.0,57.0,37.0,1.2814,1.2757,18.64K,10.22K,31.48,20.81,430.36M,No,24.46,24.81,25.26,24.78,24.41,499
1935,PRIMO.NS,23.73,24.13,162.69K,Process Industries,Chemicals: Specialty,46.0,39.0,38.0,66.0,1.2586,1.2586,257.68K,247.29K,28.99,16.1,5.75B,No,23.51,23.83,22.55,24.21,22.3,323
1936,INDIQUBE.NS,182.99,173.7,65.54K,Finance,Real Estate Development,46.0,71.0,62.0,46.0,8.3964,8.3021,109.62K,92.38K,243.8,131.15,38.53B,No,174.35,168.22,180.96,170.9,168.25,253
1937,SHREECEM.NS,26245.0,26900.0,24.41K,Non-Energy Minerals,Construction Materials,46.0,44.0,61.0,36.0,597.5,595.3571,25.41K,27.16K,31920.0,22550.0,946.94B,No,26730.75,25772.7,25947.08,25853.0,25461.5,499
1938,ARIS.NS,132.03,130.21,2775.52K,Technology Services,Packaged Software,46.0,90.0,27.0,68.0,6.0829,5.8843,1048.84K,1578.36K,178.3,82.18,10.80B,No,120.72,117.28,123.7,118.28,116.26,280
1939,VANDU.BO,56.1,56.32,66.00K,Consumer Non-Durables,Food: Specialty/Candy,46.0,83.0,70.0,47.0,2.6293,2.0843,22.23K,70.80K,82.5,40.0,1.00B,No,52.64,53.16,57.66,53.4,53.14,391
1940,NACLIND.NS,181.02,180.83,238.04K,Process Industries,Chemicals: Agricultural,46.0,2.0,48.0,70.0,11.1986,11.1779,1848.48K,2048.58K,323.0,112.62,42.40B,No,201.56,193.39,169.77,195.5,164.86,500
1941,IOB.NS,34.25,34.2,897.56K,Finance,Major Banks,46.0,59.0,48.0,36.0,0.7579,0.735,4112.67K,4096.83K,41.8,31.2,659.54B,No,34.16,34.02,35.31,34.12,34.33,500
1942,EXCELINDUS.NS,1040.0,1041.6,2.79K,Process Industries,Chemicals: Agricultural,46.0,85.0,49.0,55.0,34.8607,34.7929,9.49K,13.13K,1348.8,800.05,12.94B,No,956.38,931.35,950.09,934.24,935.09,498
1943,PRABHHANS.BO,40.0,38.15,1.19K,Process Industries,Textiles,46.0,91.0,93.0,30.0,2.4943,2.2643,7.09K,4.01K,85.0,26.2,249.93M,No,34.76,33.44,37.03,33.86,33.85,496
1944,BORORENEW.NS,556.8,559.45,178.93K,Process Industries,Industrial Specialties,46.0,14.0,54.0,55.0,15.5179,15.4964,985.61K,439.19K,721.0,374.4,78.98B,No,593.76,578.6,538.05,584.77,514.27,499
1945,SILL.BO,91.65,90.7,12.80K,Transportation,Air Freight/Couriers,46.0,,,,4.7943,3.7771,109.68K,16.16K,102.0,74.0,1.12B,No,94.14,,,,,22
1946,UNTTEMI.BO,35.75,37.59,0.05K,Finance,Finance/Rental/Leasing,46.0,80.0,32.0,9.0,0.625,0.0,0.04K,0.04K,48.55,30.0,107.25M,No,34.71,34.52,37.9,34.32,39.73,497
1947,NOVUS.BO,144.0,143.4,9.00K,Technology Services,Packaged Software,46.0,68.0,19.0,,6.0393,4.7071,37.52K,13.70K,195.0,126.95,2.24B,No,133.6,138.41,,139.78,,92
1948,ITI.NS,282.3,281.6,89.53K,Communications,Major Telecommunications,45.0,44.0,37.0,39.0,5.8321,5.5322,615.44K,187.34K,372.85,237.0,271.81B,No,281.67,292.52,294.1,292.71,285.64,500
1949,JIOFIN.NS,264.8,261.95,11544.49K,Finance,Financial Conglomerates,45.0,83.0,61.0,46.0,6.5336,6.46,15908.42K,21681.18K,333.7,223.3,1748.51B,No,244.77,240.45,261.98,243.52,246.07,500
1950,MSUMI.NS,41.29,40.97,6898.24K,Producer Manufacturing,Auto Parts: Oem,45.0,44.0,40.0,31.0,1.22,1.1993,12841.84K,6819.15K,53.59,35.7,273.82B,No,40.47,39.55,42.43,39.82,40.48,500
1951,GODREJCP.NS,1073.8,1069.0,155.59K,Consumer Non-Durables,Household/Personal Care,45.0,42.0,59.0,28.0,23.2286,22.0429,1283.87K,489.50K,1309.0,967.05,1098.82B,No,1067.84,1045.5,1109.49,1051.09,1086.38,500
1952,JIGAR.BO,62.71,62.71,10.00K,Producer Manufacturing,Electrical Products,45.0,7.0,38.0,34.0,2.2671,1.7707,0.92K,2.20K,76.9,50.0,565.14M,No,69.48,68.59,65.4,68.55,65.01,496
1953,AIROLAM.NS,90.8,91.19,1.04K,Non-Energy Minerals,Forest Products,45.0,53.0,59.0,36.0,3.3379,3.215,10.12K,1.51K,125.0,78.0,1.36B,No,87.94,87.91,92.52,88.29,88.02,498
1954,RAJKOTINV.BO,46.11,50.85,0.07K,Finance,Finance/Rental/Leasing,45.0,67.0,48.0,23.0,3.0171,2.4143,0.23K,0.18K,53.9,32.0,46.11M,No,46.04,44.63,43.49,45.15,43.6,497
1955,ARCL.BO,226.15,221.35,2.00K,Process Industries,Chemicals: Specialty,45.0,94.0,66.0,25.0,9.9857,9.525,1.35K,3.77K,434.6,150.0,1.81B,No,194.48,187.49,244.7,190.34,196.71,497
1956,HIKAL.NS,233.9,232.58,3163.22K,Health Technology,Pharmaceuticals: Major,45.0,25.0,59.0,62.0,9.7429,9.6129,563.53K,280.64K,307.65,146.25,27.30B,No,226.89,212.82,209.35,214.91,197.74,499
1957,CAPRO.BO,49.8,49.48,1.01K,Commercial Services,Miscellaneous Commercial Services,45.0,43.0,35.0,4.0,0.9786,0.5436,0.19K,0.13K,81.0,38.1,229.08M,No,49.07,48.12,53.95,48.34,54.96,497
1958,GMBREW.NS,912.85,908.2,12.01K,Consumer Non-Durables,Beverages: Alcoholic,45.0,17.0,35.0,28.0,16.2857,16.2822,66.61K,23.19K,1328.8,666.05,20.86B,No,908.0,917.92,1005.35,915.06,959.43,500
1959,KSB.NS,793.95,791.9,201.71K,Producer Manufacturing,Industrial Machinery,45.0,4.0,21.0,57.0,33.1429,33.1429,141.97K,82.38K,1028.3,666.65,137.15B,No,877.38,877.8,809.73,877.57,829.98,500
1960,MADHUDIN.BO,36.9,36.44,0.85K,Finance,Real Estate Development,45.0,6.0,49.0,67.0,3.1621,2.9007,1.77K,0.24K,50.0,25.2,193.12M,No,36.72,39.28,35.33,38.61,34.68,497
1961,ESABINDIA.NS,5654.0,5654.0,1.16K,Producer Manufacturing,Electrical Products,45.0,37.0,8.0,42.0,119.1429,116.7143,3.98K,2.58K,7319.5,4710.0,87.03B,No,5675.2,5755.54,5736.79,5737.5,5781.1,498
1962,HATSUN.NS,927.45,910.6,51.02K,Consumer Non-Durables,Food: Meat/Fish/Dairy,45.0,53.0,36.0,49.0,23.9179,23.7893,28.32K,33.38K,1179.0,855.3,206.54B,No,902.36,907.62,949.3,908.76,921.49,499
1963,DACHEPALLI.BO,76.49,76.0,4.80K,Consumer Services,Publishing: Books/Magazines,45.0,21.0,15.0,63.0,3.2457,2.2721,14.06K,18.72K,96.77,48.1,1.15B,No,78.29,79.33,,78.93,71.87,150
1964,LAMBODHARA.NS,113.0,115.7,2.08K,Process Industries,Textiles,45.0,68.0,49.0,40.0,3.4986,3.4757,26.72K,3.96K,162.0,81.8,1.19B,No,113.74,111.46,113.17,112.0,107.05,499
1965,RELCHEMQ.NS,130.03,127.59,3.99K,Process Industries,Textiles,45.0,38.0,59.0,57.0,5.0279,5.0279,7.02K,3.49K,184.0,105.01,980.89M,No,127.94,130.1,130.26,131.72,124.4,499
1966,ACESEPP.BO,80.0,73.59,106.25K,Technology Services,Data Processing Services,45.0,98.0,90.0,1.0,8.08,8.0793,13.10K,16.90K,153.85,25.51,,No,59.1,46.94,,47.9,87.88,153
1967,SURANASOL.NS,27.62,26.22,186.78K,Electronic Technology,Semiconductors,45.0,73.0,49.0,60.0,1.1193,1.0229,80.75K,170.77K,39.08,18.31,1.36B,No,26.22,26.66,26.35,26.74,25.19,498
1968,BNRUDY.BO,37.06,36.36,0.76K,Commercial Services,Miscellaneous Commercial Services,45.0,79.0,79.0,36.0,4.8821,4.6314,0.77K,1.24K,62.5,28.0,111.18M,No,35.18,33.99,37.39,33.88,34.12,497
1969,PNCINFRA.NS,239.76,254.55,1284.29K,Industrial Services,Engineering & Construction,45.0,44.0,65.0,56.0,8.78,8.4464,571.77K,377.87K,325.0,158.17,61.51B,No,243.03,229.64,229.03,231.81,215.47,500
1970,ASSAMENT.BO,811.0,715.85,0.00K,Finance,Investment Banks/Brokers,45.0,71.0,28.0,21.0,5.3143,0.0,0.01K,0.01K,968.0,485.05,1.17B,No,661.77,645.95,755.18,649.5,757.88,496
1971,PODDARMENT.NS,256.9,249.65,1.41K,Process Industries,Industrial Specialties,45.0,74.0,48.0,49.0,13.9693,12.9886,5.96K,14.36K,297.95,201.1,2.73B,No,250.43,250.14,251.19,250.71,244.89,498
1972,BENGALT.BO,141.0,143.95,0.01K,Consumer Non-Durables,Food: Major Diversified,45.0,28.0,15.0,28.0,7.4214,6.675,0.36K,0.29K,169.0,126.5,1.27B,No,142.52,142.3,145.99,142.57,148.43,497
1973,YUKEN.NS,803.4,749.4,26.39K,Producer Manufacturing,Industrial Machinery,45.0,68.0,65.0,49.0,29.7214,29.6643,9.26K,5.61K,1053.9,584.1,10.91B,No,733.94,723.17,774.19,732.76,728.17,498
1974,POLICYBZR.NS,1599.0,1620.0,4221.42K,Technology Services,Internet Software/Services,45.0,51.0,38.0,34.0,40.7143,39.1286,2168.05K,854.39K,1974.0,1364.0,738.81B,No,1582.78,1592.82,1649.49,1581.71,1578.29,499
1975,ELIXIR.BO,111.9,115.0,12.96K,Finance,Investment Banks/Brokers,45.0,11.0,28.0,41.0,9.9179,9.6964,1.47K,2.36K,143.8,78.1,623.39M,No,117.54,116.01,107.08,115.58,108.25,497
1976,GRSE.NS,2616.8,2507.3,1436.72K,Producer Manufacturing,Trucks/Construction/Farm Machinery,45.0,37.0,14.0,29.0,68.7429,67.4214,842.29K,400.54K,3339.0,1963.7,297.77B,No,2596.49,2657.13,2574.81,2658.86,2578.05,500
1977,MMTC.NS,64.2,63.78,1042.74K,Distribution Services,Wholesale Distributors,45.0,45.0,40.0,37.0,1.4521,1.4193,7800.86K,1404.74K,78.35,50.1,96.30B,No,63.03,66.19,63.53,66.33,63.72,500
1978,ECLERX.NS,1874.0,1917.8,773.31K,Commercial Services,Miscellaneous Commercial Services,45.0,93.0,78.0,11.0,101.7,97.4857,415.27K,310.31K,2497.5,1320.0,172.31B,No,1850.23,1594.85,1850.17,1626.9,1669.71,500
1979,MIRZAINT.NS,33.48,33.84,470.18K,Consumer Non-Durables,Apparel/Footwear,45.0,6.0,50.0,20.0,1.235,1.1779,369.69K,206.33K,44.0,24.95,4.63B,No,35.94,34.0,34.82,34.32,33.26,499
1980,SUBROS.NS,826.7,829.5,28.04K,Producer Manufacturing,Industrial Machinery,45.0,48.0,61.0,43.0,19.3536,17.1321,262.02K,61.91K,1213.7,622.1,53.93B,No,804.33,785.6,812.4,788.73,763.99,498
1981,YASHINNO.BO,38.34,37.2,32.10K,Distribution Services,Wholesale Distributors,45.0,95.0,12.0,60.0,2.6071,2.5607,27.21K,42.09K,61.67,26.5,614.59M,No,34.25,35.71,41.15,35.75,41.5,496
1982,LAKSHMIMIL.BO,8026.0,8030.2002,0.24K,Process Industries,Textiles,45.0,74.0,45.0,57.0,278.675,271.4214,0.13K,0.14K,9950.0,6863.0,5.58B,No,7741.26,7552.86,7712.56,7580.89,7523.77,497
1983,EVERESTO.BO,298.05,299.75,0.26K,Distribution Services,Medical Distributors,44.0,62.0,79.0,8.0,20.6929,19.7786,2.37K,1.14K,536.4,197.0,2.98B,No,306.43,280.12,342.46,281.17,300.82,497
1984,INDPRUD.NS,6415.0,6346.0,0.02K,Finance,Investment Banks/Brokers,44.0,55.0,30.0,,184.8929,174.6786,0.04K,0.07K,7052.5,5750.5,,No,6522.3,6484.47,,6506.35,,71
1985,SUMIT.NS,56.78,56.59,69.47K,Finance,Real Estate Development,44.0,93.0,76.0,64.0,3.1471,3.0729,92.83K,35.10K,104.9,31.74,2.57B,No,51.87,45.92,55.73,46.74,47.4,497
1986,DMCC.NS,286.9,284.5,135.10K,Process Industries,Chemicals: Major Diversified,44.0,73.0,24.0,67.0,12.0714,12.0286,84.90K,35.57K,350.0,191.35,6.95B,No,269.52,260.4,257.56,262.04,251.89,498
1987,VAML.NS,480.65,467.95,17348.29K,Non-Energy Minerals,Aluminum,44.0,65.0,,,15.1643,14.975,14565.40K,8774.50K,537.0,423.15,1876.53B,No,448.59,,,,,39
1988,INDUSTOWER.NS,386.05,385.85,1241.10K,Finance,Finance/Rental/Leasing,44.0,33.0,39.0,17.0,10.775,10.7714,6683.34K,3891.34K,481.5,312.55,1018.09B,No,395.84,403.27,417.11,401.75,422.69,500
1989,THOMASCOTT.NS,310.5,302.4,54.66K,Consumer Non-Durables,Apparel/Footwear,44.0,37.0,53.0,38.0,19.2821,18.5429,51.06K,32.38K,459.8,230.0,4.56B,No,308.35,301.4,312.68,302.96,292.73,500
1990,DOLPHIN.NS,408.95,402.2,2.49K,Industrial Services,Oilfield Services/Equipment,44.0,65.0,38.0,21.0,17.1321,17.1107,16.80K,31.44K,501.95,322.0,16.36B,No,386.85,385.82,402.34,386.5,405.45,500
1991,ECORECO.BO,490.55,495.55,7.01K,Industrial Services,Environmental Services,44.0,63.0,52.0,57.0,22.8214,22.8214,18.59K,9.94K,654.8,225.0,9.47B,No,502.89,467.58,451.46,464.38,422.98,497
1992,SIHORA.BO,59.0,59.0,2.00K,Process Industries,Textiles,44.0,45.0,28.0,52.0,0.03,0.0,1.48K,1.40K,70.0,50.1,314.32M,No,58.86,59.63,,59.11,58.88,198
1993,ABBOTINDIA.NS,27855.0,27785.0,6.07K,Health Technology,Pharmaceuticals: Major,44.0,66.0,60.0,42.0,452.8571,407.1429,11.75K,11.22K,34060.0,25150.0,591.90B,No,27923.0,26817.1,27408.7,26889.0,26785.5,500
1994,RAJRILTD.NS,21.51,21.81,14.42K,Process Industries,Textiles,44.0,29.0,56.0,50.0,0.6264,0.6007,11.47K,9.90K,28.9,19.41,12.18B,No,21.24,21.49,21.97,21.55,21.41,498
1995,SAMBANDAM.BO,101.25,105.0,0.81K,Process Industries,Textiles,44.0,84.0,47.0,51.0,6.575,4.0429,0.48K,0.31K,134.0,87.0,431.79M,No,106.24,108.41,105.03,108.59,103.91,496
1996,NBIFIN.NS,2149.6,2131.3999,0.14K,Finance,Financial Conglomerates,44.0,82.0,53.0,52.0,103.0429,94.4572,2.54K,4.88K,2991.0,1539.0,6.38B,No,2191.09,2002.57,2079.69,2045.59,1970.29,498
1997,SOTEFIN.BO,206.4,208.15,108.60K,Producer Manufacturing,Industrial Machinery,44.0,,,,,,397.95K,397.95K,216.8,197.1,3.75B,No,,,,,,10
1998,PKTEA.NS,709.75,688.4,0.03K,Process Industries,Agricultural Commodities/Milling,44.0,23.0,7.0,53.0,28.4429,25.8821,0.50K,0.30K,998.0,567.2,2.20B,No,714.77,751.22,762.58,736.25,757.98,497
1999,GENUSPOWER.NS,311.4,309.55,664.13K,Electronic Technology,Electronic Equipment/Instruments,44.0,52.0,34.0,58.0,8.3143,8.1821,2792.30K,1558.99K,390.0,206.36,86.13B,No,314.93,316.39,296.76,317.92,289.67,500
2000,KSOLVES.NS,282.05,279.75,12.03K,Technology Services,Packaged Software,44.0,39.0,41.0,55.0,8.1357,8.0143,86.12K,42.52K,354.85,245.75,6.69B,No,288.39,286.85,293.01,285.83,288.53,500
2001,GGDPROP.BO,71.0,72.01,1.39K,Producer Manufacturing,Industrial Machinery,44.0,56.0,54.0,41.0,6.3771,5.875,1.63K,2.06K,95.0,46.5,338.06M,No,75.7,69.36,69.68,70.84,66.26,497
2002,HORIZON.BO,139.0,140.85,13.20K,Producer Manufacturing,Miscellaneous Manufacturing,44.0,54.0,,,5.1821,5.0143,254.75K,53.76K,164.6,131.6,2.71B,No,143.12,,,,,35
2003,MGL.NS,1131.0,1115.1,147.15K,Utilities,Gas Distributors,44.0,53.0,39.0,51.0,31.6286,31.4,262.77K,470.75K,1378.0,900.0,111.72B,No,1103.47,1122.67,1122.48,1124.41,1095.73,499
2004,ASTRAL.NS,1442.0,1434.7,196.42K,Producer Manufacturing,Miscellaneous Manufacturing,44.0,71.0,30.0,36.0,35.0429,35.0429,705.95K,567.01K,1768.7,1263.7,387.39B,No,1417.78,1454.5,1504.78,1451.17,1529.45,500
2005,EASTRED.BO,29.99,30.46,4.04K,Consumer Services,Other Consumer Services,44.0,74.0,67.0,38.0,3.2186,3.0493,0.88K,2.00K,36.5,23.2,156.73M,No,29.43,28.66,29.82,28.7,29.18,496
2006,TIINDIA.NS,2753.8,2787.8999,362.45K,Non-Energy Minerals,Steel,44.0,19.0,30.0,66.0,89.9142,88.8857,324.62K,339.25K,3419.9,2164.9,533.06B,No,2840.68,2998.4,2790.33,2971.74,2770.74,500
2007,GALAXYSURF.NS,1999.9,2005.8,6.32K,Consumer Non-Durables,Household/Personal Care,44.0,38.0,57.0,55.0,46.65,46.1929,14.00K,8.15K,2506.4,1510.0,70.91B,No,1960.53,1909.02,1928.84,1925.85,1853.35,498
2008,FACT.NS,843.9,840.6,46.83K,Process Industries,Chemicals: Agricultural,44.0,39.0,30.0,46.0,18.5643,17.9393,473.12K,86.70K,1058.6,652.1,545.55B,No,832.59,866.3,852.2,859.55,836.79,500
2009,OILCOUNTUB.NS,60.01,60.84,21.09K,Industrial Services,Oilfield Services/Equipment,44.0,68.0,52.0,74.0,2.7829,2.7457,38.05K,32.29K,93.15,35.65,3.37B,No,56.31,56.87,56.1,57.56,52.91,499
2010,MRF.NS,134310.0,134405.0,2.37K,Consumer Durables,Automotive Aftermarket,44.0,44.0,57.0,43.0,1987.1429,1811.4286,6.90K,3.89K,163600.0,122000.0,569.63B,No,132743.25,130065.3,139720.6,130444.5,133524.83,499
2011,RUBFILA.NS,72.99,72.52,16.25K,Process Industries,Industrial Specialties,44.0,40.0,45.0,45.0,2.1179,2.1171,31.84K,12.71K,89.24,57.31,3.96B,No,72.82,73.08,72.53,72.82,70.82,494
2012,DLF.NS,641.4,649.1,4882.85K,Finance,Real Estate Development,44.0,46.0,59.0,42.0,16.4607,15.0357,4345.72K,2905.97K,794.8,489.4,1589.15B,No,659.79,632.28,641.92,638.65,606.26,500
2013,NATHBIOGEN.NS,161.61,164.75,12.10K,Process Industries,Agricultural Commodities/Milling,44.0,37.0,31.0,54.0,6.6,6.495,25.02K,21.04K,204.0,126.15,3.08B,No,161.8,165.7,158.56,163.8,157.89,499
2014,MIDWESTLTD.NS,1205.8,1204.7,9.49K,Non-Energy Minerals,Construction Materials,44.0,13.0,20.0,24.0,32.1714,32.0429,28.33K,8.59K,1859.9,1048.5,43.53B,No,1250.63,1265.38,,1261.54,1286.23,196
2015,BANARISUG.NS,3510.5,3475.1001,1.60K,Process Industries,Agricultural Commodities/Milling,44.0,45.0,39.0,36.0,36.5071,36.3071,0.42K,0.21K,3849.0,3105.2,44.02B,No,3484.69,3516.5,3583.57,3513.36,3579.05,499
2016,LAKSELEC.BO,821.0,774.75,5.61K,Producer Manufacturing,Electrical Products,44.0,47.0,38.0,50.0,30.4821,28.9429,1.18K,0.82K,1004.0,646.1,1.98B,No,806.64,793.01,788.48,802.13,790.56,497
2017,MOHITIND.NS,26.25,26.72,47.53K,Process Industries,Textiles,44.0,72.0,59.0,49.0,1.63,1.5907,15.02K,3.79K,40.19,18.6,371.64M,No,23.31,23.38,25.59,23.26,23.67,498
2018,PALCO.BO,141.55,143.85,0.02K,Distribution Services,Wholesale Distributors,44.0,71.0,33.0,68.0,7.7429,7.6429,1.65K,1.63K,206.0,88.85,566.20M,No,139.21,138.03,130.38,137.48,129.69,497
2019,CMRGREEN.NS,231.47,226.88,1343.43K,Producer Manufacturing,Metal Fabrication,44.0,43.0,,,7.8086,7.7086,3544.14K,815.37K,268.96,212.1,,No,221.01,,,,,42
2020,AMBARPIL.BO,217.35,211.0,0.34K,Process Industries,Agricultural Commodities/Milling,43.0,79.0,80.0,67.0,9.7857,8.4643,2.25K,0.37K,397.3,140.0,1.25B,No,194.82,190.61,211.45,191.2,183.18,497
2021,ACESOFT.BO,164.6,158.6,129.78K,Technology Services,Data Processing Services,43.0,96.0,90.0,7.0,11.1679,10.9286,57.76K,67.49K,378.8,106.0,3.00B,No,138.49,124.56,189.57,128.98,162.99,497
2022,AMBER.NS,7425.0,7526.0,102.74K,Producer Manufacturing,Industrial Machinery,43.0,41.0,14.0,76.0,182.4643,177.9643,401.40K,204.24K,8974.0,5400.5,261.86B,No,7557.4,7605.74,7282.2,7598.5,7350.77,500
2023,NHPC.NS,77.65,78.6,11597.33K,Utilities,Electric Utilities,43.0,32.0,39.0,38.0,1.9614,1.9171,26600.08K,17817.31K,89.22,71.62,778.49B,No,79.25,77.91,78.67,77.92,77.82,500
2024,DISAQ.NS,11959.0,12199.0,0.87K,Producer Manufacturing,Industrial Machinery,43.0,38.0,41.0,,297.9286,293.5,0.51K,0.61K,12864.0,10851.0,,No,12126.85,11934.5,,11974.3,,75
2025,MOHITPPR.BO,27.1,26.63,1.98K,Producer Manufacturing,Office Equipment/Supplies,43.0,68.0,40.0,44.0,1.1464,1.0536,1.25K,1.03K,38.79,23.75,398.86M,No,27.68,27.71,29.29,27.47,28.07,497
2026,MAFATIND.NS,133.4,134.33,24.66K,Process Industries,Textiles,43.0,31.0,34.0,,4.0143,3.9236,68.71K,30.72K,157.77,124.07,9.60B,No,133.9,134.48,,134.07,,75
2027,SANOFICONR.NS,4533.8,4551.3999,0.87K,Health Technology,Pharmaceuticals: Major,43.0,42.0,42.0,58.0,126.6571,126.6357,12.05K,22.52K,5357.0,3975.0,104.57B,No,4590.78,4638.1,4535.5,4638.72,4502.91,471
2028,TATAINVEST.NS,667.1,670.5,102.83K,Finance,Investment Banks/Brokers,43.0,44.0,28.0,52.0,14.6429,14.3964,355.53K,251.96K,1184.7,538.85,337.52B,No,665.21,668.37,684.47,670.63,659.56,500
2029,SAMKRG.BO,122.45,119.5,3.92K,Producer Manufacturing,Auto Parts: Oem,43.0,54.0,56.0,40.0,3.9571,3.6786,2.66K,1.78K,148.0,99.95,1.20B,No,119.64,120.17,123.5,120.67,119.35,496
2030,HELPAGE.BO,21.49,21.24,0.05K,Finance,Investment Banks/Brokers,43.0,36.0,50.0,41.0,0.795,0.7257,0.63K,1.32K,33.8,18.0,213.77M,No,21.41,21.76,23.19,21.72,22.24,497
2031,GARUDA.NS,182.34,178.36,450.15K,Industrial Services,Engineering & Construction,43.0,63.0,27.0,65.0,5.45,5.3693,902.06K,182.40K,249.3,130.0,16.97B,No,175.52,174.22,183.29,174.44,172.08,452
2032,MASFIN.NS,309.65,307.2,59.58K,Finance,Finance/Rental/Leasing,43.0,34.0,24.0,31.0,9.9,9.7714,119.76K,172.32K,358.85,277.35,56.24B,No,317.62,313.28,315.06,313.91,315.21,500
2033,WEL.NS,120.3,118.96,129.11K,Electronic Technology,Electronic Equipment/Instruments,43.0,89.0,72.0,19.0,5.055,4.8864,228.57K,326.72K,183.53,75.01,16.12B,No,108.12,100.98,127.08,103.47,114.11,499
2034,ADVENZYMES.NS,329.8,332.75,167.54K,Consumer Non-Durables,Food: Specialty/Candy,43.0,57.0,30.0,57.0,11.4929,11.1893,448.03K,329.55K,419.0,251.95,36.93B,No,320.61,340.97,317.16,338.84,317.64,500
2035,TYCHE.BO,126.0,125.05,21.59K,Health Technology,Pharmaceuticals: Major,43.0,38.0,54.0,66.0,4.775,4.6679,7.79K,2.54K,148.0,99.0,1.29B,No,126.19,127.83,121.76,125.83,120.97,496
2036,GPIL.NS,246.11,246.33,1060.41K,Non-Energy Minerals,Steel,43.0,37.0,9.0,38.0,7.3536,7.2643,2577.25K,1198.57K,320.0,185.32,160.12B,No,246.39,260.53,264.95,257.24,267.07,500
2037,MACPLASQ.BO,266.0,269.35,0.20K,Producer Manufacturing,Auto Parts: Oem,43.0,27.0,54.0,33.0,10.25,9.9429,1.29K,0.36K,444.0,214.9,1.63B,No,270.23,265.88,283.54,269.14,263.09,497
2038,MHEL.BO,63.99,63.99,3.00K,Producer Manufacturing,Trucks/Construction/Farm Machinery,43.0,45.0,53.0,29.0,0.2321,0.16,0.33K,0.38K,84.8,47.3,249.79M,No,64.8,65.93,64.28,65.63,62.12,497
2039,CANFINHOME.NS,808.25,811.5,154.54K,Finance,Finance/Rental/Leasing,43.0,9.0,28.0,18.0,21.4679,21.4679,254.17K,272.33K,971.5,708.6,107.62B,No,846.45,857.94,874.54,859.55,863.22,500
2040,NTPC.NS,345.0,349.9,10077.83K,Utilities,Electric Utilities,43.0,35.0,17.0,34.0,6.0679,5.7821,11514.00K,8593.00K,414.4,315.55,3345.35B,No,346.74,354.12,357.94,351.57,368.89,500
2041,APL.BO,82.0,80.0,9.00K,Distribution Services,Medical Distributors,43.0,74.0,56.0,38.0,3.4864,2.9021,13.69K,13.70K,113.8,60.0,698.01M,No,69.75,74.22,79.99,74.53,77.78,263
2042,SURYALAXMI.NS,58.85,59.32,7.94K,Process Industries,Textiles,43.0,42.0,44.0,52.0,3.2986,3.2321,7.89K,3.98K,70.8,43.0,1.11B,No,58.22,58.65,57.92,58.6,57.1,497
2043,AUROLAB.BO,232.05,237.95,2.01K,Health Technology,Pharmaceuticals: Major,43.0,31.0,21.0,45.0,10.0536,10.0536,3.36K,1.41K,317.0,159.0,1.45B,No,239.93,249.99,251.29,248.21,258.88,497
2044,CHOKSILA.BO,118.2,123.9,7.95K,Commercial Services,Miscellaneous Commercial Services,43.0,25.0,79.0,38.0,6.8357,6.575,3.64K,1.55K,236.7,81.85,823.29M,No,115.24,119.06,118.65,118.07,111.74,497
2045,SARVOTTAM.BO,20.0,19.45,0.02K,Finance,Finance/Rental/Leasing,43.0,36.0,71.0,34.0,1.6507,1.5543,2.20K,3.32K,27.0,15.36,150.00M,No,19.74,20.42,20.41,20.24,19.89,496
2046,HAVELLS.NS,1282.4,1290.0,606.16K,Producer Manufacturing,Electrical Products,43.0,67.0,53.0,41.0,24.7143,24.3857,1051.35K,1019.78K,1621.1,1123.6,804.79B,No,1226.55,1194.46,1317.02,1198.91,1260.63,500
2047,CHOWGULSTM.BO,21.69,22.12,8.79K,Transportation,Marine Shipping,43.0,33.0,13.0,67.0,0.8393,0.815,6.88K,2.73K,28.99,17.0,787.53M,No,22.64,22.43,21.68,22.22,21.47,497
2048,CSM.NS,103.27,100.94,794.43K,Technology Services,Information Technology Services,43.0,50.0,,,5.8807,5.8729,482.21K,583.21K,113.0,94.27,5.29B,No,100.76,,,,,26
2049,BEL.NS,399.2,390.0,17566.22K,Electronic Technology,Aerospace & Defense,43.0,30.0,28.0,21.0,6.7964,6.7036,12814.44K,14868.97K,473.45,361.2,2918.06B,No,401.39,408.47,420.09,408.32,424.54,500
2050,ARIES.NS,344.05,343.1,11.55K,Process Industries,Chemicals: Agricultural,43.0,48.0,27.0,47.0,9.1643,9.1607,21.23K,9.23K,459.9,285.35,4.47B,No,342.24,337.76,344.51,338.97,342.64,498
2051,MAHSEAMLES.NS,586.0,582.6,65.12K,Non-Energy Minerals,Steel,43.0,41.0,24.0,58.0,12.0429,11.6607,136.82K,74.14K,698.0,500.7,78.23B,No,579.98,601.27,580.79,600.97,587.88,500
2052,MAXESTATES.NS,409.15,395.45,111.97K,Finance,Real Estate Development,43.0,18.0,45.0,50.0,11.7893,11.7321,104.23K,59.05K,502.15,305.45,66.94B,No,405.35,427.49,421.38,425.44,402.23,498
2053,ARISINT.BO,398.15,398.15,0.01K,Producer Manufacturing,Auto Parts: Oem,43.0,52.0,57.0,62.0,0.0,0.0,0.02K,0.00K,608.0,317.1,597.22M,No,398.15,389.63,398.07,394.45,375.46,497
2054,ERPSOFT.BO,68.73,68.73,0.03K,Technology Services,Packaged Software,43.0,79.0,69.0,58.0,1.1571,0.4679,0.09K,0.00K,117.5,42.94,272.17M,No,64.35,63.53,70.43,63.99,59.52,495
2055,ZEEL.NS,92.57,94.55,30071.42K,Consumer Services,Broadcasting,43.0,12.0,45.0,59.0,5.1136,4.6957,38775.92K,28437.94K,124.14,68.0,88.92B,No,103.38,105.16,93.47,106.98,92.29,499
2056,AZTEC.BO,95.25,97.2,4.00K,Producer Manufacturing,Industrial Machinery,43.0,16.0,40.0,21.0,3.7857,2.9179,23.31K,24.80K,128.0,79.7,1.30B,No,99.78,96.99,101.49,97.28,97.74,498
2057,IONEXCHANG.NS,391.95,415.7,1761.39K,Producer Manufacturing,Industrial Machinery,42.0,27.0,27.0,55.0,15.0929,13.7786,766.57K,382.76K,486.0,312.7,48.18B,No,428.88,398.34,379.0,401.95,381.15,499
2058,SUPERSHAKT.BO,250.9,250.9,0.90K,Non-Energy Minerals,Steel,42.0,67.0,72.0,32.0,4.925,4.925,0.28K,0.21K,469.9,180.05,2.89B,No,244.13,241.29,250.7,243.18,235.98,496
2059,JAYSREETEA.NS,89.47,89.29,28.63K,Process Industries,Agricultural Commodities/Milling,42.0,65.0,31.0,55.0,2.7671,2.6886,36.21K,18.17K,115.2,70.55,2.58B,No,83.01,84.89,86.55,85.35,84.59,498
2060,SRHHYPOLTD.NS,512.65,488.15,22.05K,Process Industries,Chemicals: Specialty,42.0,53.0,48.0,62.0,13.4214,12.7821,9.73K,3.22K,640.0,382.4,8.80B,No,489.5,495.27,494.08,493.88,479.99,498
2061,QUINT.NS,39.86,39.89,0.27K,Producer Manufacturing,Trucks/Construction/Farm Machinery,42.0,49.0,31.0,,1.92,1.8857,3.68K,1.22K,47.69,33.45,,No,38.86,40.35,,40.28,,75
2062,TRANSVOY.BO,90.0,92.1,4.80K,Transportation,Air Freight/Couriers,42.0,6.0,51.0,20.0,2.1357,0.0036,6.75K,0.80K,166.78,76.86,239.67M,No,104.02,94.99,108.46,96.98,102.65,495
2063,DVL.NS,272.37,264.0,30.36K,Consumer Non-Durables,Food: Major Diversified,42.0,84.0,63.0,50.0,9.165,8.9007,14.04K,18.56K,386.0,186.99,9.56B,No,244.26,240.95,259.01,243.54,241.38,498
2064,BRITANNIA.NS,5404.0,5440.0,342.16K,Consumer Non-Durables,Food: Specialty/Candy,42.0,48.0,33.0,26.0,111.5357,104.25,365.78K,263.15K,6336.0,5035.0,1301.65B,No,5420.15,5298.36,5692.44,5306.25,5573.75,500
2065,DBL.NS,453.15,458.45,225.83K,Industrial Services,Engineering & Construction,42.0,70.0,36.0,42.0,20.0357,19.1607,477.26K,2326.74K,585.0,381.55,73.95B,No,424.31,431.18,448.51,432.84,438.52,497
2066,ROML.NS,45.13,44.55,3.65K,Process Industries,Agricultural Commodities/Milling,42.0,39.0,53.0,42.0,1.3279,1.3229,5.01K,2.46K,62.0,35.11,676.44M,No,44.84,45.51,46.55,45.4,44.73,498
2067,CONTAINE.BO,29.0,29.1,5.00K,Electronic Technology,Electronic Production Equipment,42.0,95.0,5.0,92.0,0.575,0.2579,4.74K,2.10K,48.85,12.62,202.83M,No,26.19,23.56,25.2,24.02,21.82,496
2068,MALPANI.BO,66.99,67.0,8.00K,Producer Manufacturing,Miscellaneous Manufacturing,42.0,13.0,66.0,22.0,1.0457,0.8786,10.52K,1.60K,85.9,55.22,710.78M,No,66.12,65.75,69.24,64.51,66.22,372
2069,EIKO.BO,49.94,50.36,2.77K,Process Industries,Chemicals: Specialty,42.0,45.0,50.0,27.0,1.6671,1.6293,12.51K,3.31K,64.44,45.9,723.40M,No,49.34,50.27,51.59,49.92,50.91,497
2070,NILACHAL.BO,37.2,37.2,0.50K,Non-Energy Minerals,Construction Materials,42.0,15.0,13.0,58.0,1.86,1.5236,0.57K,0.55K,56.92,28.88,763.55M,No,39.52,40.78,39.73,40.35,40.07,497
2071,INDOFARM.NS,163.98,162.74,197.38K,Producer Manufacturing,Trucks/Construction/Farm Machinery,42.0,69.0,69.0,24.0,6.5343,6.1257,482.80K,228.73K,271.69,110.7,7.88B,No,157.89,147.74,163.93,151.43,144.03,394
2072,DWARKESH.NS,40.59,40.31,619.98K,Process Industries,Agricultural Commodities/Milling,42.0,18.0,12.0,61.0,2.125,2.0779,1165.32K,1360.38K,53.09,32.13,7.48B,No,41.66,43.05,41.03,42.73,41.35,499
2073,UPHOT.BO,1454.0,1385.05,0.05K,Consumer Services,Hotels/Resorts/Cruise Lines,42.0,65.0,51.0,44.0,36.6786,25.0893,0.15K,0.07K,1967.0,1299.95,7.85B,No,1424.8,1413.8,1466.33,1431.98,1427.18,497
2074,INDSUCR.BO,76.0,76.4,4.27K,Process Industries,Agricultural Commodities/Milling,42.0,60.0,30.0,65.0,3.2757,3.2093,5.56K,4.97K,100.5,61.31,1.32B,No,74.5,74.96,76.08,74.73,73.83,497
2075,CROMPTON.NS,268.65,266.1,2043.74K,Producer Manufacturing,Industrial Machinery,42.0,60.0,33.0,69.0,7.9679,7.6893,3374.55K,3061.22K,337.5,217.4,173.86B,No,259.32,265.18,261.98,264.27,259.17,500
2076,SHK.NS,170.06,166.86,1297.49K,Process Industries,Chemicals: Specialty,42.0,94.0,78.0,70.0,8.12,7.135,855.14K,3010.04K,275.5,111.98,23.54B,No,144.86,136.84,154.13,140.2,141.23,499
2077,SVGLOBAL.BO,133.3,125.15,0.22K,Finance,Real Estate Development,42.0,21.0,22.0,42.0,10.4964,9.8,1.42K,6.93K,192.95,113.8,2.41B,No,127.53,135.43,141.83,135.4,138.02,495
2078,SINGERIND.NS,68.72,65.88,92.20K,Consumer Durables,Electronics/Appliances,42.0,41.0,33.0,,2.3521,2.3357,42.59K,23.28K,80.0,57.15,,No,66.07,68.61,,68.44,,94
2079,HPCOTTON.BO,102.0,102.0,0.40K,Process Industries,Textiles,42.0,41.0,35.0,34.0,1.9679,1.4036,0.87K,0.43K,132.0,94.95,400.04M,No,102.35,102.45,105.41,101.84,105.57,497
2080,DLINKINDIA.NS,442.5,447.0,74.98K,Electronic Technology,Telecommunications Equipment,42.0,2.0,39.0,52.0,12.7571,12.6893,217.59K,94.71K,549.2,367.65,15.74B,No,455.75,486.69,442.2,484.89,442.79,500
2081,GUJARATPOLY.BO,69.1,69.83,1.95K,Electronic Technology,Electronic Components,42.0,30.0,60.0,54.0,3.7814,3.6743,6.67K,2.37K,108.0,43.0,585.76M,No,72.54,71.0,65.96,71.33,63.53,497
2082,MYSORPETRO.BO,100.6,96.17,0.83K,Distribution Services,Wholesale Distributors,42.0,46.0,58.0,41.0,4.6743,4.5764,1.12K,1.14K,126.45,75.11,662.30M,No,98.34,98.36,99.59,98.62,96.14,497
2083,BLIL.NS,71.12,70.95,28.70K,Commercial Services,Miscellaneous Commercial Services,42.0,46.0,30.0,,0.8821,0.8814,69.86K,41.48K,79.5,67.0,,No,70.29,70.93,,70.72,,76
2084,WEALTH.NS,925.95,937.1,1.27K,Finance,Investment Managers,42.0,26.0,49.0,62.0,30.7714,30.0607,3.53K,1.88K,1300.5,774.95,9.87B,No,951.56,958.63,955.64,956.56,924.84,499
2085,ZOTA.NS,1246.4,1251.6,16.60K,Health Technology,Pharmaceuticals: Major,42.0,10.0,38.0,34.0,47.7143,44.7714,58.55K,41.25K,1740.0,1026.2,37.81B,No,1314.46,1301.38,1355.65,1313.4,1264.3,498
2086,KAYCEEI.BO,901.0,906.95,0.37K,Producer Manufacturing,Electrical Products,42.0,48.0,50.0,75.0,30.55,30.3857,0.99K,0.83K,1506.05,632.3,2.84B,No,915.93,889.88,894.45,895.59,854.28,497
2087,DIAMINESQ.NS,263.0,262.79,29.50K,Process Industries,Chemicals: Major Diversified,42.0,55.0,42.0,48.0,11.5971,11.5386,8.27K,2.96K,418.8,208.01,2.68B,No,253.89,251.08,255.6,253.97,250.54,497
2088,STCINDIA.NS,120.77,119.57,56.48K,Distribution Services,Food Distributors,42.0,35.0,47.0,33.0,2.9514,2.7864,149.88K,33.55K,150.7,97.04,7.25B,No,119.59,123.09,120.24,122.82,117.8,499
2089,REPCOHOME.NS,391.3,385.95,201.00K,Finance,Finance/Rental/Leasing,42.0,23.0,37.0,34.0,9.6071,9.4071,169.84K,58.51K,455.9,333.6,24.48B,No,395.8,395.51,398.15,397.15,391.42,500
2090,HINDPETRO.NS,397.3,394.95,4600.41K,Energy Minerals,Oil Refining/Marketing,42.0,50.0,50.0,27.0,10.175,8.4929,7120.69K,7145.23K,508.45,316.2,840.49B,No,394.12,393.4,416.81,393.61,393.74,500
2091,ARSSBL.NS,510.8,515.35,66.32K,Finance,Investment Banks/Brokers,42.0,11.0,19.0,20.0,9.5143,9.3857,267.68K,109.33K,794.85,416.0,32.21B,No,527.75,537.99,564.67,536.41,538.69,213
2092,KUNSTOFF.BO,22.32,21.44,0.22K,Producer Manufacturing,Miscellaneous Manufacturing,42.0,18.0,35.0,38.0,1.4964,1.3657,1.05K,0.38K,32.5,18.15,152.54M,No,22.75,23.33,23.35,23.25,22.96,497
2093,MSL.BO,143.9,141.0,0.04K,Process Industries,Agricultural Commodities/Milling,42.0,75.0,52.0,38.0,8.8536,8.0857,0.77K,0.70K,183.0,102.5,1.58B,No,132.17,127.11,138.44,126.83,131.74,497
2094,RISHDIGA.BO,35.04,35.99,0.03K,Non-Energy Minerals,Steel,41.0,83.0,54.0,46.0,2.7257,2.3764,1.34K,1.73K,43.95,28.5,192.24M,No,35.23,33.93,35.08,34.19,34.41,497
2095,JENBURPH.BO,1135.4,1162.05,1.68K,Health Technology,Pharmaceuticals: Major,41.0,57.0,43.0,49.0,43.3786,42.7429,1.71K,1.40K,1321.0,944.0,5.01B,No,1090.93,1118.95,1098.25,1119.12,1081.18,497
2096,CONCOR.NS,512.0,516.35,788.32K,Transportation,Railroads,41.0,82.0,44.0,44.0,13.6643,13.4357,2183.41K,3028.95K,569.8,421.45,389.95B,No,499.94,478.54,497.09,479.66,486.14,500
2097,COCHMAL.BO,135.1,139.0,0.37K,Industrial Services,Oilfield Services/Equipment,41.0,51.0,41.0,29.0,8.0286,6.9571,0.18K,0.10K,169.5,110.2,239.38M,No,137.88,138.94,139.48,137.86,136.47,497
2098,POONADAL.BO,63.6,63.6,0.01K,Process Industries,Agricultural Commodities/Milling,41.0,34.0,47.0,40.0,2.0257,1.9414,0.46K,0.41K,93.2,57.0,363.03M,No,62.85,63.53,66.55,63.34,64.76,497
2099,CEEJAY.BO,175.75,184.95,0.14K,Finance,Finance/Rental/Leasing,41.0,67.0,47.0,39.0,7.0821,5.4036,0.22K,0.24K,214.0,153.0,606.34M,No,172.33,172.52,179.07,172.28,176.93,498
2100,SAGARSOFT.BO,87.07,79.16,8.52K,Technology Services,Packaged Software,41.0,94.0,80.0,31.0,6.6957,6.1857,1.55K,1.50K,165.9,56.2,556.57M,No,77.53,73.72,87.47,74.3,79.03,497
2101,HDBFS.NS,675.7,675.25,360.98K,Finance,Finance/Rental/Leasing,41.0,13.0,41.0,32.0,13.65,13.4929,680.83K,434.43K,811.8,555.3,559.12B,No,708.05,701.76,704.11,703.17,683.58,275
2102,DICIND.NS,513.9,514.95,2.56K,Process Industries,Industrial Specialties,41.0,62.0,37.0,29.0,21.3036,20.5607,2.48K,2.38K,634.8,450.5,4.80B,No,513.6,510.44,514.16,511.98,519.06,498
2103,JHACC.BO,180.35,183.9,0.80K,Finance,Investment Banks/Brokers,41.0,20.0,56.0,52.0,10.4286,9.7929,2.70K,1.01K,269.65,146.0,2.05B,No,185.3,183.79,187.82,183.63,184.08,497
2104,NAVKARCORP.NS,101.35,102.12,379.63K,Transportation,Other Transportation,41.0,36.0,55.0,48.0,3.515,3.4686,875.38K,586.97K,132.5,74.05,15.19B,No,104.98,104.12,100.3,104.58,97.96,500
2105,RIIL.NS,761.2,750.15,59.88K,Industrial Services,Oil & Gas Pipelines,41.0,27.0,38.0,51.0,15.3357,14.8929,119.14K,54.26K,964.9,617.35,11.49B,No,757.9,786.54,779.22,785.85,747.55,500
2106,CHROME.BO,42.5,41.29,0.41K,Non-Energy Minerals,Other Metals/Minerals,41.0,69.0,48.0,41.0,4.2714,4.1436,1.93K,1.43K,57.7,36.72,696.76M,No,40.98,40.86,43.36,40.75,42.25,497
2107,NDRAUTO.NS,827.9,826.1,10.35K,Producer Manufacturing,Auto Parts: Oem,41.0,24.0,52.0,66.0,27.9286,27.9107,37.93K,17.42K,1186.6,605.05,19.75B,No,821.39,825.15,799.15,827.7,765.34,499
2108,STEELCITY.NS,84.65,84.44,16.91K,Finance,Investment Banks/Brokers,41.0,76.0,53.0,42.0,3.0843,2.57,5.30K,5.07K,108.9,71.26,1.28B,No,77.62,77.69,85.41,77.78,80.96,497
2109,BHAVIK.BO,143.0,144.25,5.00K,Distribution Services,Wholesale Distributors,41.0,18.0,14.0,42.0,2.225,1.9071,2.52K,0.90K,175.05,121.1,2.91B,No,146.35,152.49,148.92,152.43,152.6,209
2110,HRYNSHP.BO,102.0,103.05,1.95K,Distribution Services,Wholesale Distributors,41.0,18.0,41.0,33.0,5.0321,5.0321,3.17K,2.48K,130.0,82.25,626.53M,No,103.55,101.61,105.18,102.01,102.77,497
2111,NHL.BO,70.0,73.75,4.80K,Consumer Services,Other Consumer Services,41.0,7.0,35.0,25.0,2.8586,1.035,1.34K,4.64K,98.76,56.8,221.23M,No,75.87,78.53,77.75,78.16,76.71,473
2112,GNRL.NS,95.5,94.07,40.61K,Energy Minerals,Integrated Oil,41.0,13.0,32.0,,3.2471,3.1229,393.42K,109.08K,120.9,83.2,,No,95.84,96.16,,96.18,,76
2113,HELLOJI.BO,119.0,107.0,1.20K,Consumer Services,Other Consumer Services,41.0,12.0,41.0,33.0,1.6429,0.5,2.32K,1.68K,151.5,100.0,408.17M,No,111.9,120.78,,121.96,123.39,164
2114,BHAGWOX.BO,38.2,38.69,0.43K,Energy Minerals,Oil & Gas Production,41.0,85.0,55.0,21.0,2.1743,1.8143,0.48K,0.62K,50.0,31.5,88.36M,No,36.74,35.16,38.85,35.41,37.21,497
2115,FINELINE.BO,70.5,71.2,1.50K,Electronic Technology,Electronic Components,41.0,66.0,66.0,13.0,5.4179,5.3321,4.71K,2.24K,103.66,48.22,338.42M,No,69.26,63.74,78.35,63.78,74.53,497
2116,VEEDOL.NS,1489.9,1442.9,65.23K,Energy Minerals,Oil Refining/Marketing,41.0,60.0,54.0,48.0,29.7143,28.8786,10.27K,7.51K,2035.0,1238.2,25.32B,No,1418.21,1437.52,1493.65,1446.31,1418.49,500
2117,AARTECH.NS,47.25,47.38,12.97K,Commercial Services,Miscellaneous Commercial Services,41.0,43.0,61.0,48.0,1.8157,1.8157,132.97K,11.05K,66.49,33.51,1.50B,No,47.48,47.01,47.65,47.24,45.51,498
2118,VINYOFL.BO,53.07,53.0,0.50K,Process Industries,Industrial Specialties,41.0,63.0,43.0,34.0,3.6686,3.4457,0.78K,0.76K,78.0,35.95,229.21M,No,51.79,52.31,52.35,53.08,51.02,496
2119,BRISK.BO,78.0,78.0,1.60K,Distribution Services,Electronics Distributors,41.0,1.0,57.0,47.0,1.3071,0.3143,0.77K,1.68K,111.9,64.5,156.00M,No,83.39,87.88,82.0,88.94,78.64,497
2120,CHORDIA.BO,68.71,68.71,0.01K,Consumer Non-Durables,Food: Major Diversified,41.0,48.0,34.0,30.0,0.98,0.2321,2.57K,0.07K,86.5,63.67,276.78M,No,70.08,70.63,72.38,70.06,70.83,496
2121,PACEDIGITK.NS,186.92,200.82,4403.17K,Utilities,Electric Utilities,41.0,9.0,53.0,54.0,7.6843,7.0764,3347.45K,828.31K,231.95,139.81,40.35B,No,201.64,197.84,189.07,197.64,181.3,210
2122,IGCL.NS,74.87,75.06,32.21K,Process Industries,Chemicals: Agricultural,41.0,74.0,63.0,56.0,3.7114,3.7114,157.07K,247.76K,118.99,49.46,4.73B,No,73.9,66.72,72.93,67.75,65.39,273
2123,CESC.NS,162.48,163.52,562.97K,Utilities,Electric Utilities,41.0,37.0,19.0,53.0,3.0686,3.0686,1796.84K,843.93K,204.5,138.12,215.38B,No,163.91,168.24,167.08,167.36,164.31,500
2124,TANAA.BO,323.1,312.65,67.81K,Electronic Technology,Aerospace & Defense,41.0,79.0,55.0,66.0,15.7036,15.4,15.57K,15.78K,450.0,190.0,8.24B,No,297.46,293.78,291.69,297.24,280.8,496
2125,STARTECK.NS,257.3,256.35,8.59K,Finance,Finance/Rental/Leasing,41.0,12.0,59.0,32.0,11.5429,11.325,7.69K,8.21K,355.8,215.1,2.55B,No,267.15,271.94,270.92,272.19,262.13,498
2126,GUJTHEM.NS,363.6,355.95,32.49K,Health Technology,Pharmaceuticals: Major,41.0,34.0,27.0,58.0,10.7143,10.5571,174.21K,36.47K,479.0,225.05,39.51B,No,362.64,379.77,367.95,379.25,343.19,359
2127,SUNDROP.NS,664.8,665.5,18.03K,Process Industries,Agricultural Commodities/Milling,41.0,67.0,49.0,50.0,20.5214,20.4572,17.66K,26.45K,928.0,556.0,25.06B,No,658.68,656.46,674.82,658.77,649.18,498
2128,AAIL.BO,118.4,116.45,2.28K,Consumer Durables,Tools & Hardware,41.0,96.0,75.0,76.0,8.8264,8.7436,9.22K,20.65K,204.6,74.05,1.28B,No,107.78,97.15,110.97,98.44,96.21,497
2129,BLUECHIPT.BO,125.0,125.0,0.47K,Process Industries,Textiles,41.0,46.0,62.0,30.0,4.5714,4.2643,0.26K,0.18K,160.0,103.9,246.31M,No,120.02,121.81,127.05,122.23,123.63,497
2130,SARDAEN.NS,500.9,499.7,266.66K,Non-Energy Minerals,Steel,41.0,54.0,14.0,45.0,14.75,14.0929,391.13K,293.71K,639.75,453.1,176.51B,No,503.81,512.09,522.26,513.41,527.76,499
2131,CPEDU.NS,212.82,211.62,9.36K,Commercial Services,Miscellaneous Commercial Services,40.0,71.0,59.0,35.0,11.77,11.5036,13.36K,43.49K,338.75,141.0,3.87B,No,197.49,194.84,220.47,197.07,194.78,229
2132,KFINTECH.NS,934.9,948.75,591.45K,Technology Services,Packaged Software,40.0,75.0,51.0,25.0,27.7286,27.375,1306.22K,1976.30K,1215.0,784.95,160.75B,No,913.9,884.76,968.83,887.98,918.66,500
2133,NKIND.NS,63.0,60.29,0.41K,Process Industries,Agricultural Commodities/Milling,40.0,67.0,39.0,40.0,4.7321,4.4443,0.92K,0.67K,87.78,54.54,378.62M,No,61.82,62.71,65.04,62.37,63.89,498
2134,VINYLINDIA.NS,244.38,243.35,6.16K,Distribution Services,Wholesale Distributors,40.0,23.0,45.0,62.0,9.3464,8.975,29.41K,18.19K,325.0,161.0,4.48B,No,247.46,250.96,242.01,249.78,234.9,497
2135,PGFOILQ.BO,214.5,188.25,105.68K,Process Industries,Containers/Packaging,40.0,76.0,57.0,8.0,13.2429,12.9893,8.57K,11.16K,294.0,165.5,2.53B,No,185.6,196.02,211.56,197.64,219.14,497
2136,TIPSFILMS.NS,376.85,380.35,4.10K,Consumer Services,Movies/Entertainment,40.0,86.0,49.0,48.0,29.7393,27.525,17.45K,85.89K,574.1,276.75,1.63B,No,355.02,350.04,376.05,357.32,359.68,497
2137,ARVEE.NS,155.7,155.06,0.66K,Process Industries,Chemicals: Specialty,40.0,26.0,31.0,39.0,8.6371,8.3143,2.32K,0.73K,290.78,129.11,1.72B,No,157.28,161.66,167.69,161.62,159.9,498
2138,IOC.NS,144.01,144.0,7274.43K,Energy Minerals,Integrated Oil,40.0,57.0,43.0,19.0,2.6936,2.2543,14666.65K,9907.60K,188.96,130.22,2033.60B,No,141.04,140.93,153.76,141.0,149.3,500
2139,SBFC.NS,95.29,93.59,1432.38K,Finance,Finance/Rental/Leasing,40.0,63.0,51.0,57.0,2.2086,2.2014,1338.61K,1360.32K,123.0,79.6,105.53B,No,92.28,92.04,97.25,92.49,92.98,498
2140,KANSHST.BO,52.39,51.95,0.26K,Non-Energy Minerals,Steel,40.0,32.0,10.0,27.0,2.9671,2.9364,12.57K,7.17K,66.95,40.15,1.49B,No,51.89,53.24,54.05,52.91,53.99,497
2141,WINDMACHIN.NS,276.5,279.8,473.43K,Producer Manufacturing,Industrial Machinery,40.0,13.0,38.0,55.0,12.4143,12.2429,113.37K,85.70K,345.45,200.65,28.61B,No,294.69,302.12,276.96,301.79,275.57,498
2142,SMRUTHIORG.BO,116.6,119.65,2.07K,Health Technology,Pharmaceuticals: Major,40.0,21.0,42.0,40.0,3.8893,3.7679,2.83K,1.81K,164.0,95.0,1.33B,No,116.93,117.68,118.75,117.03,116.23,496
2143,SIMPLXMIL.BO,5079.0,5092.4502,0.00K,Process Industries,Textiles,40.0,10.0,21.0,34.0,168.5286,28.5857,,0.00K,5453.0,4218.0,152.39M,No,4946.77,5227.71,5250.92,5169.51,5274.04,496
2144,GYFTR.NS,157.55,161.31,42.41K,Finance,Investment Banks/Brokers,40.0,,,,11.035,11.035,63.90K,87.06K,174.9,139.69,12.24B,No,157.31,,,,,20
2145,COASTCORP.NS,45.03,47.57,576.68K,Transportation,Marine Shipping,40.0,12.0,4.0,42.0,2.7293,2.7171,165.39K,139.34K,66.7,30.01,3.02B,No,50.42,50.17,48.2,49.89,50.18,499
2146,DRREDDY.NS,1167.7,1176.0,1328.78K,Health Technology,Pharmaceuticals: Major,40.0,5.0,25.0,33.0,26.4,23.7929,2354.25K,2523.39K,1414.9,1101.0,975.44B,No,1187.06,1258.1,1261.09,1247.66,1264.17,500
2147,INDTERRAIN.NS,32.64,31.84,43.64K,Consumer Non-Durables,Apparel/Footwear,40.0,47.0,51.0,32.0,2.135,2.0879,22.26K,43.01K,42.62,24.56,1.65B,No,30.09,31.57,33.12,31.57,31.67,498
2148,BVCL.NS,42.53,41.84,16.42K,Non-Energy Minerals,Construction Materials,40.0,53.0,27.0,27.0,1.6714,1.6714,21.13K,11.94K,69.99,31.2,942.46M,No,41.56,41.8,42.77,42.08,42.27,498
2149,EMERALL.BO,185.0,189.9,0.51K,Consumer Services,Hotels/Resorts/Cruise Lines,40.0,79.0,50.0,33.0,8.275,6.0929,0.44K,0.55K,247.0,151.0,2.85B,No,174.94,177.43,192.89,178.71,185.48,497
2150,RCCL.BO,32.29,32.14,0.02K,Utilities,Gas Distributors,40.0,43.0,30.0,19.0,1.1979,1.075,0.34K,0.15K,44.89,27.5,108.55M,No,31.83,31.86,34.01,32.21,32.88,497
2151,MCLEODRUSS.NS,46.9,49.16,378.18K,Consumer Non-Durables,Food: Specialty/Candy,40.0,8.0,6.0,53.0,2.6657,2.5493,304.03K,139.67K,78.41,28.5,4.88B,No,53.1,59.63,52.11,57.89,51.0,498
2152,SHIVAGR.BO,24.72,25.99,0.01K,Producer Manufacturing,Metal Fabrication,40.0,41.0,60.0,36.0,1.5407,1.18,0.68K,0.51K,35.99,19.21,123.94M,No,24.91,24.73,25.37,24.47,24.1,496
2153,GPPL.NS,151.36,151.68,348.25K,Transportation,Marine Shipping,40.0,44.0,36.0,23.0,2.3607,2.3071,1459.98K,1007.80K,200.09,141.55,73.20B,No,150.74,152.79,164.68,152.75,158.41,500
2154,DOMS.NS,2250.5,2250.5,42.47K,Producer Manufacturing,Office Equipment/Supplies,40.0,41.0,39.0,30.0,53.65,50.7857,189.30K,37.82K,2770.0,2023.9,136.62B,No,2273.99,2256.38,2372.81,2259.47,2293.09,499
2155,AMDIND.NS,46.39,46.68,3.49K,Producer Manufacturing,Miscellaneous Manufacturing,40.0,38.0,46.0,49.0,2.7943,2.7514,16.79K,32.74K,68.07,33.77,889.15M,No,46.47,46.45,46.75,46.45,43.96,498
2156,INDIANCARD.NS,221.05,222.0,2.16K,Producer Manufacturing,Industrial Machinery,40.0,10.0,65.0,38.0,9.325,9.325,5.66K,5.15K,319.55,153.0,1.31B,No,224.04,221.7,223.52,220.7,212.03,498
2157,JINDALPHOT.NS,1070.2,1068.6,1.08K,Finance,Financial Conglomerates,40.0,16.0,37.0,8.0,35.4929,35.2786,13.10K,2.60K,1616.6,796.0,10.95B,No,1092.59,1098.52,1247.27,1099.4,1164.12,498
2158,ONESOURCE.NS,1557.1,1553.7,200.70K,Health Technology,Pharmaceuticals: Major,40.0,24.0,16.0,76.0,68.2071,67.5857,278.07K,296.60K,1925.0,1057.0,178.56B,No,1644.75,1659.61,1613.02,1634.66,1560.13,382
2159,DMART.NS,3952.0,3946.0,250.08K,Retail Trade,Specialty Stores,40.0,27.0,25.0,51.0,96.9357,95.4929,584.76K,722.74K,4949.5,3529.0,2564.11B,No,3963.06,4088.14,4043.35,4061.77,4066.63,500
2160,LIBERTSHOE.NS,265.95,268.2,21.32K,Consumer Non-Durables,Apparel/Footwear,40.0,30.0,59.0,50.0,8.6857,8.3179,82.12K,44.10K,404.95,210.5,4.50B,No,264.32,257.8,264.74,260.49,252.5,499
2161,RVTH.NS,713.9,724.4,0.22K,Industrial Services,Oilfield Services/Equipment,40.0,36.0,73.0,55.0,32.4071,32.1286,1.42K,0.46K,1300.0,491.1,2.19B,No,710.9,718.99,700.36,713.7,653.8,473
2162,AIKPIPES.BO,31.02,30.57,3.20K,Producer Manufacturing,Miscellaneous Manufacturing,40.0,95.0,77.0,78.0,1.2129,0.7679,2.95K,3.52K,69.46,19.02,197.38M,No,24.42,23.57,28.96,23.85,25.11,499
2163,HINDMILL.BO,162.5,162.0,0.08K,Process Industries,Textiles,40.0,35.0,41.0,28.0,6.2893,5.9143,0.14K,0.04K,201.0,135.0,270.49M,No,161.55,162.32,167.54,161.98,164.11,497
2164,NETLINK.BO,166.5,173.05,0.56K,Technology Services,Packaged Software,40.0,9.0,11.0,18.0,9.8321,9.0571,1.26K,0.51K,230.9,136.1,421.12M,No,177.75,185.29,178.36,183.3,188.21,497
2165,BHARATCOAL.NS,34.26,34.42,2958.64K,Energy Minerals,Coal,40.0,14.0,56.0,17.0,0.8779,0.7814,33303.37K,9588.53K,45.09,29.74,,No,35.5,37.92,,37.86,,138
2166,POLSON.BO,11200.0,10980.0,0.01K,Process Industries,Chemicals: Specialty,40.0,43.0,39.0,40.0,227.8678,109.6892,0.01K,0.00K,12937.0,9530.0,1.34B,No,10717.6,10923.55,11304.96,10954.87,11110.97,497
2167,NATCOPHARM.NS,913.85,917.55,209.62K,Health Technology,Pharmaceuticals: Major,39.0,17.0,8.0,55.0,21.7821,21.2857,729.45K,262.82K,1226.8,789.0,163.44B,No,940.76,920.96,943.34,916.15,970.98,500
2168,STDSFAC.BO,50.37,51.99,0.73K,Consumer Non-Durables,Household/Personal Care,39.0,41.0,42.0,38.0,3.0664,2.9407,1.56K,0.56K,69.0,44.1,416.14M,No,51.73,50.77,52.08,50.78,52.13,496
2169,BLKASHYAP.NS,55.97,53.55,1231.55K,Industrial Services,Engineering & Construction,39.0,64.0,25.0,65.0,1.7314,1.7279,497.52K,252.75K,75.4,40.32,12.62B,No,55.95,54.94,52.68,54.98,52.58,500
2170,AHLEAST.NS,142.41,142.09,1.43K,Consumer Services,Hotels/Resorts/Cruise Lines,39.0,50.0,16.0,49.0,5.5679,5.5414,4.43K,2.83K,175.3,127.25,2.46B,No,144.85,148.64,148.67,148.37,152.1,498
2171,SWARNSAR.BO,31.36,32.04,5.29K,Consumer Durables,Other Consumer Specialties,39.0,68.0,24.0,16.0,1.6564,1.6357,8.40K,5.10K,40.5,28.26,654.70M,No,31.94,32.07,32.49,32.09,33.26,496
2172,BANKBARODA.NS,251.0,245.6,9632.39K,Finance,Major Banks,39.0,60.0,33.0,14.0,5.6479,5.4371,13239.57K,9518.83K,325.5,230.81,1298.01B,No,246.45,259.75,278.7,258.86,273.99,500
2173,SHARVAYA.BO,132.95,133.5,33.60K,Non-Energy Minerals,Other Metals/Minerals,39.0,95.0,83.0,31.0,5.9036,5.2464,26.07K,41.28K,219.0,78.0,1.33B,No,112.85,102.97,134.05,104.9,117.09,223
2174,AHLUCONT.NS,829.25,835.6,12.41K,Industrial Services,Engineering & Construction,39.0,45.0,44.0,33.0,20.7536,20.5786,38.12K,39.01K,1077.95,645.15,55.55B,No,836.27,828.13,857.99,828.19,816.37,500
2175,ASTAR.NS,590.0,590.1,0.06K,Commercial Services,Miscellaneous Commercial Services,39.0,23.0,,,34.4822,32.1893,0.14K,0.11K,723.0,525.5,,No,607.17,624.66,,608.74,,66
2176,VIKRAMAR.BO,69.96,69.11,0.61K,Process Industries,Chemicals: Specialty,39.0,45.0,69.0,46.0,3.9679,3.9021,2.27K,1.91K,121.8,53.11,219.38M,No,71.17,68.94,69.02,68.88,66.59,350
2177,MRP.BO,89.0,90.0,3.00K,Distribution Services,Food Distributors,39.0,46.0,49.0,31.0,1.3171,1.0357,8.03K,6.10K,108.0,77.7,1.02B,No,90.42,90.45,92.43,91.15,90.94,497
2178,NCLIND.NS,177.72,173.85,55.04K,Non-Energy Minerals,Construction Materials,39.0,36.0,52.0,35.0,4.88,4.8786,70.21K,20.41K,225.0,147.5,8.04B,No,183.69,186.12,187.14,185.72,181.11,499
2179,POLYCON.BO,21.0,21.59,0.01K,Producer Manufacturing,Miscellaneous Manufacturing,39.0,18.0,58.0,12.0,1.7829,1.5807,0.60K,2.33K,35.0,15.45,102.67M,No,22.61,22.31,25.3,22.13,23.27,497
2180,GKENERGY.NS,132.7,131.73,323.55K,Industrial Services,Engineering & Construction,39.0,10.0,42.0,70.0,4.5957,4.2179,861.23K,335.66K,239.6,87.2,26.40B,No,136.37,139.11,139.42,139.87,123.6,214
2181,DEVYANI.NS,125.14,125.09,4720.07K,Consumer Services,Restaurants,39.0,76.0,60.0,51.0,4.8114,4.7307,3129.09K,6423.33K,191.0,91.55,152.71B,No,114.6,113.7,124.19,114.13,115.67,500
2182,KFBL.BO,44.99,45.39,0.83K,Consumer Non-Durables,Food: Specialty/Candy,39.0,65.0,67.0,44.0,2.7271,2.5843,7.59K,5.26K,67.07,30.2,674.85M,No,45.58,43.65,42.92,44.57,41.62,497
2183,GICRE.NS,359.05,359.65,593.29K,Finance,Specialty Insurance,39.0,44.0,25.0,31.0,4.3536,4.2607,1081.06K,347.06K,417.95,346.7,629.57B,No,360.75,366.24,377.46,366.28,375.94,500
2184,ENERGYINF.BO,75.69,75.8,275.00K,Miscellaneous,Investment Trusts,39.0,19.0,47.0,24.0,0.9793,0.9664,1872.13K,767.50K,102.0,71.59,50.33B,No,75.77,77.24,81.9,77.1,79.35,489
2185,JKCEMENT.NS,5432.5,5484.5,22.98K,Non-Energy Minerals,Construction Materials,39.0,48.0,42.0,37.0,164.1786,160.0,79.17K,88.51K,7565.5,4671.5,418.87B,No,5526.7,5362.01,5538.64,5368.55,5431.32,500
2186,ASIAPAK.BO,55.0,55.49,0.00K,Commercial Services,Miscellaneous Commercial Services,39.0,72.0,25.0,50.0,0.9543,0.9193,0.08K,0.07K,71.37,36.72,145.06M,No,53.36,50.38,50.43,50.69,49.58,497
2187,AMPVOLTS.BO,26.47,26.73,22.36K,Technology Services,Information Technology Services,39.0,20.0,2.0,75.0,1.315,1.315,18.43K,10.21K,47.4,15.0,688.22M,No,26.71,28.98,26.64,28.76,28.84,497
2188,PURSHOTTAM.BO,32.35,33.0,0.00K,Finance,Investment Banks/Brokers,39.0,54.0,53.0,20.0,3.5186,2.1643,6.86K,0.43K,44.93,30.0,256.10M,No,35.0,34.85,36.85,35.12,36.29,497
2189,FAALCON.BO,38.0,39.56,12.00K,Industrial Services,Engineering & Construction,39.0,24.0,53.0,56.0,1.3107,1.0007,17.97K,5.60K,62.22,27.75,376.45M,No,39.89,37.18,39.92,36.87,37.25,497
2190,COLPAL.NS,2028.4,2040.0,280.09K,Consumer Non-Durables,Household/Personal Care,39.0,43.0,35.0,33.0,60.9357,60.2714,425.04K,485.34K,2504.0,1782.0,551.70B,No,2069.19,2043.86,2097.26,2040.17,2071.54,500
2191,LINKPH.BO,27.9,27.99,3.63K,Process Industries,Chemicals: Specialty,39.0,87.0,57.0,37.0,1.4564,1.3779,0.55K,0.66K,41.9,21.0,128.69M,No,26.66,26.84,29.18,27.22,27.75,497
2192,RHIM.NS,411.15,409.0,264.62K,Producer Manufacturing,Miscellaneous Manufacturing,39.0,63.0,50.0,27.0,12.9393,12.8214,1969.55K,546.33K,518.4,323.05,84.90B,No,403.91,389.85,419.11,393.79,401.91,499
2193,TATAPOWER.NS,378.6,383.0,2529.79K,Utilities,Electric Utilities,39.0,47.0,17.0,46.0,6.4893,6.3143,5186.70K,3226.67K,464.9,342.5,1209.76B,No,378.63,388.61,391.16,386.1,391.9,500
2194,SAGILITY.NS,43.76,43.87,10912.20K,Commercial Services,Miscellaneous Commercial Services,39.0,72.0,55.0,19.0,1.6893,1.6679,23452.04K,43216.64K,57.89,35.83,204.85B,No,42.69,41.19,45.07,41.32,42.81,432
2195,VGL.NS,62.28,62.43,18.77K,Process Industries,Textiles,39.0,38.0,57.0,39.0,2.4664,2.445,177.40K,14.05K,98.47,43.7,3.21B,No,61.92,65.47,66.25,64.92,62.96,499
2196,AVANTIFEED.NS,891.9,899.1,388.88K,Process Industries,Agricultural Commodities/Milling,39.0,30.0,1.0,58.0,32.8714,32.7714,586.30K,434.81K,1593.8,614.25,121.52B,No,956.55,990.4,1037.11,977.43,1140.12,499
2197,MASTEK.NS,1816.0,1827.9,46.40K,Technology Services,Information Technology Services,39.0,82.0,66.0,21.0,66.6714,65.5143,80.72K,174.64K,2625.0,1334.2,56.52B,No,1782.76,1683.25,1835.52,1688.09,1691.23,500
2198,HITECH.NS,84.92,85.34,380.68K,Non-Energy Minerals,Steel,39.0,42.0,32.0,61.0,1.9914,1.9086,769.97K,314.79K,127.5,70.14,17.23B,No,86.14,87.71,89.68,87.62,84.85,500
2199,ESCORTS.NS,3081.4,3089.2,61.90K,Producer Manufacturing,Auto Parts: Oem,39.0,64.0,31.0,24.0,66.6285,65.8928,163.21K,174.41K,4180.0,2700.0,338.99B,No,2991.3,2912.39,3310.19,2922.96,3137.82,500
2200,NBCC.NS,96.32,96.0,4702.26K,Commercial Services,Miscellaneous Commercial Services,39.0,47.0,49.0,35.0,1.835,1.7336,14753.48K,6018.38K,125.85,77.18,260.06B,No,96.18,101.32,101.38,101.46,95.68,500
2201,BESTAGRO.NS,20.24,20.97,6417.63K,Process Industries,Chemicals: Agricultural,39.0,95.0,56.0,51.0,1.4143,1.3114,1442.18K,5315.38K,34.4,12.3,7.18B,No,16.79,16.18,19.32,16.48,17.44,500
2202,TEEAI.BO,116.8,113.7,0.22K,Process Industries,Chemicals: Agricultural,39.0,39.0,33.0,47.0,4.5964,4.2714,0.94K,0.58K,140.3,99.0,655.25M,No,116.75,116.32,115.34,115.02,113.97,495
2203,RJSHAH.BO,484.5,484.5,0.05K,Industrial Services,Engineering & Construction,39.0,52.0,56.0,26.0,3.6643,0.0,0.07K,0.01K,660.0,432.3,135.71M,No,490.51,476.4,517.32,479.32,496.15,497
2204,ORISSAMINE.NS,4320.2,4411.7002,41.89K,Non-Energy Minerals,Steel,39.0,83.0,53.0,33.0,189.0214,166.8643,10.99K,23.22K,6138.9,3100.5,25.92B,No,3888.47,3955.16,4322.61,3960.72,4023.23,500
2205,SPCAPIT.BO,51.92,51.91,0.13K,Finance,Investment Banks/Brokers,38.0,36.0,35.0,28.0,1.6671,1.3993,0.67K,0.31K,76.79,43.0,312.15M,No,51.58,53.12,57.08,53.37,56.35,496
2206,MARGOFIN.BO,65.05,66.31,0.74K,Finance,Financial Conglomerates,38.0,59.0,51.0,63.0,3.3271,3.1607,1.19K,0.61K,90.0,54.0,315.33M,No,64.77,65.26,68.54,65.62,65.59,497
2207,VASWANI.NS,51.68,52.76,57.32K,Non-Energy Minerals,Steel,38.0,26.0,28.0,39.0,1.5736,1.5557,51.59K,16.87K,69.99,48.58,1.71B,No,52.95,55.21,56.58,55.09,55.49,497
2208,RCF.NS,128.05,127.71,410.06K,Process Industries,Chemicals: Agricultural,38.0,32.0,44.0,28.0,2.3179,2.1821,1938.29K,691.85K,164.49,106.0,70.64B,No,127.54,129.15,132.7,129.48,127.62,500
2209,PANCARBON.BO,462.25,464.8,1.70K,Producer Manufacturing,Electrical Products,38.0,36.0,38.0,34.0,7.0143,6.9821,3.54K,0.99K,525.6,421.05,2.22B,No,462.55,470.19,476.16,470.65,470.06,497
2210,AXTEL.BO,432.3,470.9,42.95K,Producer Manufacturing,Industrial Machinery,38.0,58.0,15.0,43.0,21.775,21.6179,12.40K,4.42K,527.9,335.0,6.98B,No,436.27,443.13,436.91,439.23,427.7,497
2211,TSFINV.NS,437.7,454.1,83.71K,Finance,Financial Conglomerates,38.0,29.0,63.0,51.0,17.0607,16.3464,142.46K,57.83K,701.5,331.7,96.60B,No,458.28,431.29,445.6,430.54,410.14,499
2212,RELIANCE.NS,1325.0,1280.0,20203.42K,Energy Minerals,Oil Refining/Marketing,38.0,58.0,31.0,31.0,23.6428,23.0,14704.03K,10020.66K,1611.8,1249.8,,No,1296.09,1300.41,1408.12,1306.14,1360.14,500
2213,UDAYJEW.BO,138.65,136.75,2.89K,Consumer Durables,Other Consumer Specialties,38.0,39.0,20.0,53.0,7.9714,7.6964,6.68K,1.88K,181.0,112.15,4.72B,No,143.95,148.21,144.52,146.81,141.01,496
2214,DIVSHKT.BO,48.4,50.89,0.24K,Non-Energy Minerals,Construction Materials,38.0,58.0,47.0,49.0,2.9929,2.9064,2.40K,1.33K,68.9,44.5,522.69M,No,49.97,48.91,51.92,49.12,49.97,497
2215,POCL.NS,487.65,512.5,1597.03K,Non-Energy Minerals,Other Metals/Minerals,38.0,3.0,15.0,44.0,25.2786,24.6286,919.01K,441.27K,647.6,392.2,37.20B,No,538.89,534.36,520.22,530.84,506.11,500
2216,GKWLIMITED.NS,1650.0,1646.8,0.07K,Transportation,Other Transportation,38.0,15.0,27.0,33.0,51.8786,51.4286,0.51K,0.58K,1985.4,1375.0,9.72B,No,1673.69,1732.31,1688.35,1738.19,1672.79,498
2217,LEX.BO,85.0,83.16,2.00K,Technology Services,Information Technology Services,38.0,61.0,40.0,35.0,0.1314,0.0,0.03K,0.03K,96.97,83.16,356.15M,No,83.25,83.98,87.65,83.78,86.28,497
2218,MFSL.NS,1520.8,1523.0,836.76K,Finance,Life/Health Insurance,38.0,27.0,23.0,29.0,33.5214,32.7357,730.85K,690.66K,1892.5,1433.6,522.31B,No,1543.78,1585.12,1643.8,1576.49,1632.68,500
2219,ACLD.BO,146.35,147.4,9.60K,Process Industries,Agricultural Commodities/Milling,38.0,19.0,46.0,61.0,5.4714,4.9643,27.94K,15.18K,230.0,106.0,2.98B,No,147.43,152.81,150.8,152.41,142.35,497
2220,LGBBROSLTD.NS,1522.6,1514.7,9.08K,Producer Manufacturing,Electrical Products,38.0,35.0,22.0,21.0,35.8572,34.45,25.71K,22.16K,2048.0,1222.1,48.50B,No,1553.51,1550.75,1711.04,1560.06,1685.58,500
2221,LAOPALA.NS,195.0,196.1,515.02K,Consumer Durables,Home Furnishings,38.0,75.0,60.0,41.0,6.4343,6.2914,115.73K,116.51K,267.95,162.1,21.65B,No,187.12,181.92,193.86,182.52,185.13,500
2222,MAXIND.NS,173.97,171.22,42.81K,Health Services,Medical/Nursing Services,38.0,80.0,50.0,52.0,8.7,8.0879,132.71K,463.98K,241.57,120.0,9.71B,No,169.75,164.2,170.62,166.11,159.4,498
2223,SHRIRAMPPS.NS,85.15,85.15,380.71K,Finance,Real Estate Development,38.0,20.0,31.0,63.0,2.4621,2.3879,998.01K,380.89K,99.44,60.57,14.49B,No,86.55,87.69,83.69,87.52,81.77,499
2224,CINDHO.BO,53.84,53.84,0.04K,Consumer Services,Hotels/Resorts/Cruise Lines,38.0,46.0,62.0,38.0,1.2629,1.0914,0.23K,0.06K,73.5,45.75,193.82M,No,53.61,51.37,55.57,51.99,53.03,499
2225,MODRNSH.BO,37.95,37.0,0.55K,Finance,Investment Banks/Brokers,38.0,61.0,61.0,28.0,4.5271,4.425,1.90K,1.09K,48.1,24.7,104.44M,No,34.7,34.89,35.88,35.03,33.26,497
2226,HBLENGINE.NS,733.7,736.5,599.65K,Producer Manufacturing,Electrical Products,38.0,26.0,19.0,29.0,19.2643,18.2286,1295.13K,809.65K,1122.0,586.1,204.06B,No,728.26,769.75,799.95,769.02,752.13,500
2227,RADHIKAJWE.NS,69.84,70.3,316.54K,Consumer Durables,Other Consumer Specialties,38.0,92.0,61.0,48.0,3.3064,3.1379,1011.26K,1432.89K,101.9,50.01,8.25B,No,66.95,60.71,68.03,61.51,63.0,498
2228,BNALTD.NS,390.0,390.0,0.00K,Process Industries,Agricultural Commodities/Milling,38.0,61.0,,,22.25,19.2786,2.22K,0.51K,589.0,310.4,,No,438.15,385.13,,383.18,,66
2229,ASTALLTD.BO,81.15,81.25,13.37K,Finance,Real Estate Development,38.0,50.0,68.0,44.0,3.4529,3.3529,27.57K,11.78K,103.2,60.45,3.55B,No,81.77,80.3,80.63,81.36,77.35,497
2230,SBIFUNDS.NS,568.95,573.95,2437.56K,Finance,Investment Managers,38.0,,,,,,14124.87K,14124.87K,624.95,565.05,1158.85B,No,,,,,,13
2231,SWSOLAR.NS,206.92,209.4,484.19K,Industrial Services,Engineering & Construction,38.0,7.0,38.0,58.0,6.4707,6.1814,2532.77K,1159.41K,286.5,148.0,48.32B,No,215.12,219.48,207.63,221.92,201.15,500
2232,SEMAC.NS,309.05,315.0,0.24K,Producer Manufacturing,Trucks/Construction/Farm Machinery,38.0,18.0,69.0,76.0,9.8821,8.5286,1.03K,0.26K,568.0,205.0,963.40M,No,317.21,328.25,308.36,328.05,290.19,497
2233,BI.NS,61.25,61.32,6.71K,Process Industries,Containers/Packaging,38.0,32.0,23.0,,2.8843,2.8314,8.47K,4.48K,75.0,51.62,,No,61.04,60.85,,60.21,,76
2234,EIHOTEL.NS,327.25,328.0,83.88K,Consumer Services,Hotels/Resorts/Cruise Lines,38.0,46.0,44.0,46.0,7.8607,7.3929,204.34K,132.09K,434.8,271.15,204.65B,No,331.7,319.7,336.67,321.27,319.47,500
2235,ASHNOOR.BO,41.2,41.79,4.03K,Process Industries,Textiles,38.0,54.0,57.0,34.0,2.07,1.9086,1.20K,1.67K,54.0,34.5,656.41M,No,39.7,39.27,42.12,39.19,40.4,497
2236,BCPL.NS,70.09,69.85,10.37K,Industrial Services,Engineering & Construction,38.0,36.0,13.0,,2.4343,2.3679,23.64K,7.89K,92.0,60.0,1.17B,No,70.34,73.37,,72.57,,92
2237,EMUDHRA.NS,540.1,523.15,420.39K,Technology Services,Packaged Software,38.0,92.0,52.0,43.0,20.4107,20.4107,216.94K,203.93K,787.5,364.55,44.34B,No,468.54,460.28,511.16,463.58,468.04,499
2238,AIRFLOA.BO,306.25,314.25,73.50K,Producer Manufacturing,Trucks/Construction/Farm Machinery,38.0,62.0,24.0,45.0,11.0179,10.5643,98.39K,54.85K,431.95,246.0,7.34B,No,324.3,321.32,322.01,321.99,305.79,219
2239,NIDHGRN.BO,303.2,290.0,0.96K,Finance,Investment Banks/Brokers,38.0,2.0,30.0,15.0,16.3357,10.5929,0.85K,0.22K,480.75,181.45,2.42B,No,328.76,362.51,354.88,364.1,328.84,498
2240,SWARAJENG.NS,3595.8,3608.8999,6.73K,Producer Manufacturing,Auto Parts: Oem,38.0,32.0,28.0,48.0,69.4428,68.4786,15.72K,10.40K,4545.0,3301.3,43.69B,No,3654.92,3774.34,3736.15,3756.1,3697.84,497
2241,TARMAT.NS,49.48,49.66,7.57K,Industrial Services,Engineering & Construction,37.0,42.0,36.0,45.0,1.8729,1.855,9.05K,9.46K,73.9,46.26,1.24B,No,49.58,50.59,52.56,50.36,52.96,498
2242,SUPERIRON.BO,39.5,41.5,1.20K,Non-Energy Minerals,Steel,37.0,14.0,12.0,49.0,1.3771,0.7307,15.34K,18.60K,59.41,24.0,924.05M,No,41.17,43.74,40.86,42.95,40.25,340
2243,FINPIPE.NS,170.0,167.15,543.16K,Producer Manufacturing,Miscellaneous Manufacturing,37.0,58.0,42.0,35.0,3.5471,3.4679,1244.04K,419.49K,222.5,147.54,105.11B,No,165.4,170.84,175.34,170.4,173.92,498
2244,CYBERTECH.NS,138.51,138.32,12.29K,Technology Services,Information Technology Services,37.0,33.0,67.0,52.0,4.2757,4.2729,71.67K,12.28K,274.8,95.3,4.16B,No,140.94,142.38,137.2,142.46,130.52,499
2245,MODIRUBBER.NS,123.0,123.55,0.45K,Consumer Durables,Automotive Aftermarket,37.0,17.0,15.0,36.0,5.7629,5.7129,3.65K,2.22K,167.5,98.41,3.03B,No,125.44,127.44,123.37,126.64,124.29,499
2246,HINDCOMPOS.NS,421.85,424.85,6.04K,Producer Manufacturing,Auto Parts: Oem,37.0,21.0,23.0,47.0,15.7714,15.2964,10.60K,5.19K,550.0,347.1,6.20B,No,433.6,426.69,429.85,425.2,421.5,498
2247,CIEINDIA.NS,410.3,415.05,309.64K,Producer Manufacturing,Auto Parts: Oem,37.0,9.0,16.0,37.0,14.0821,13.7286,420.85K,985.23K,526.0,381.1,155.65B,No,438.2,449.8,442.83,447.97,451.32,498
2248,FUTSOL.BO,41.61,41.81,0.45K,Commercial Services,Miscellaneous Commercial Services,37.0,5.0,66.0,28.0,1.385,0.81,0.04K,0.04K,61.95,33.25,416.11M,No,44.33,46.94,44.69,46.07,42.58,497
2249,BANARBEADS.NS,114.23,114.24,3.87K,Consumer Durables,Other Consumer Specialties,37.0,29.0,52.0,43.0,6.2679,6.2679,7.91K,8.02K,164.7,96.05,753.63M,No,116.2,108.38,118.04,109.68,112.01,498
2250,ABREL.NS,1390.8,1421.2,98.56K,Process Industries,Textiles,37.0,54.0,20.0,56.0,41.8572,40.8715,219.77K,107.99K,1965.3,1080.1,153.79B,No,1418.39,1347.17,1443.82,1354.67,1324.05,500
2251,UFO.NS,67.86,69.4,18.57K,Consumer Services,Movies/Entertainment,37.0,26.0,37.0,17.0,2.4036,2.3857,65.60K,43.49K,92.97,53.75,2.63B,No,68.19,70.99,73.71,70.12,70.8,498
2252,PARNAXLAB.BO,128.0,132.5,8.54K,Health Technology,Pharmaceuticals: Major,37.0,8.0,8.0,49.0,5.9214,5.6786,5.54K,1.67K,182.0,99.2,1.47B,No,142.0,137.57,133.36,137.08,136.85,497
2253,PARAGMILK.NS,225.99,227.54,504.48K,Consumer Non-Durables,Food: Meat/Fish/Dairy,37.0,43.0,46.0,22.0,8.3264,8.095,527.89K,372.16K,376.95,177.84,28.59B,No,222.49,228.39,249.44,228.01,221.4,500
2254,KSSMART.BO,108.9,104.35,15.79K,Process Industries,Pulp & Paper,37.0,11.0,0.0,2.0,7.7714,7.6357,9.01K,12.67K,290.95,65.26,17.97B,No,120.03,142.8,172.05,138.44,200.24,497
2255,BHARTIHEXA.NS,1514.5,1552.7,231.66K,Communications,Wireless Telecommunications,37.0,39.0,50.0,37.0,48.0143,46.2857,189.97K,103.77K,1955.6,1430.0,757.25B,No,1613.54,1533.58,1625.92,1532.33,1554.81,500
2256,ASHISHPO.BO,30.98,28.0,23.63K,Producer Manufacturing,Miscellaneous Manufacturing,37.0,74.0,58.0,38.0,2.0886,1.9807,1.41K,0.83K,46.0,26.15,105.25M,No,29.21,29.06,31.45,29.37,30.48,497
2257,BEARDSELL.NS,27.29,27.13,9.30K,Process Industries,Industrial Specialties,37.0,36.0,52.0,46.0,1.2029,1.1971,29.73K,9.63K,38.6,20.02,1.08B,No,27.58,28.56,28.24,28.37,26.72,499
2258,DUROPACK.BO,59.0,59.4,1.67K,Process Industries,Industrial Specialties,37.0,19.0,77.0,31.0,3.0643,2.3864,0.83K,0.35K,87.5,40.05,299.41M,No,57.2,57.69,58.73,57.67,53.89,497
2259,HPIL.NS,129.9,129.61,2.52K,Process Industries,Chemicals: Specialty,37.0,60.0,32.0,37.0,6.4193,6.2471,1.39K,1.88K,164.0,107.0,1.47B,No,124.92,126.45,130.18,126.74,128.2,499
2260,3BBLACKBIO.NS,1205.9,1204.0,5.43K,Process Industries,Chemicals: Agricultural,37.0,56.0,33.0,,44.5357,44.5357,12.70K,6.35K,1441.5,1085.0,,No,1248.69,1212.82,,1202.54,,76
2261,ARVINDFASN.NS,459.5,461.35,193.94K,Retail Trade,Apparel/Footwear Retail,37.0,40.0,52.0,36.0,14.8643,14.7357,305.34K,528.45K,579.0,366.2,61.42B,No,463.27,465.9,467.93,464.71,451.86,500
2262,TATACONSUM.NS,1090.0,1096.3,1350.49K,Consumer Non-Durables,Food: Specialty/Candy,37.0,44.0,39.0,34.0,24.0072,22.7357,2120.14K,1584.17K,1282.7,1007.2,1078.76B,No,1094.66,1108.47,1141.32,1106.0,1125.74,500
2263,HAPPSTMNDS.NS,408.0,400.8,1302.17K,Technology Services,Data Processing Services,37.0,87.0,60.0,37.0,15.3107,14.8714,1153.93K,1103.36K,635.0,330.2,61.31B,No,384.48,365.46,410.32,367.46,377.62,500
2264,SCODATUBES.NS,142.99,145.79,493.07K,Non-Energy Minerals,Steel,37.0,30.0,42.0,55.0,4.7321,4.6993,376.29K,122.68K,194.04,110.0,8.57B,No,147.06,140.16,145.91,141.89,138.85,294
2265,NEAGI.NS,3150.0,3165.0,0.03K,Consumer Non-Durables,Food: Major Diversified,37.0,49.0,,,71.9143,27.4357,0.03K,0.02K,3459.2,3025.1,,No,3121.32,3168.21,,3144.47,,51
2266,MVGJL.NS,165.62,169.11,37.42K,Retail Trade,Specialty Stores,37.0,73.0,29.0,36.0,7.0064,6.9457,72.44K,75.06K,224.0,129.1,8.10B,No,163.69,155.1,169.13,154.28,159.9,498
2267,MAITHANALL.NS,966.45,968.55,25.33K,Non-Energy Minerals,Other Metals/Minerals,37.0,28.0,37.0,33.0,23.825,23.1143,63.00K,34.13K,1210.1,831.2,28.17B,No,986.18,1012.27,1000.26,1010.51,996.41,500
2268,SHREMETAL.BO,38.7,37.95,0.20K,Producer Manufacturing,Metal Fabrication,37.0,74.0,42.0,5.0,2.4964,2.4293,3.47K,0.84K,62.29,27.94,203.42M,No,38.21,38.91,42.07,38.55,42.75,496
2269,YATRA.NS,110.21,110.52,383.43K,Consumer Services,Other Consumer Services,37.0,35.0,53.0,7.0,3.1236,3.0464,1482.76K,574.99K,202.0,89.9,17.29B,No,109.18,107.37,131.77,108.78,116.0,499
2270,ROOPAIND.BO,48.1,48.85,0.01K,Health Technology,Pharmaceuticals: Major,37.0,29.0,23.0,49.0,2.8907,2.6886,0.77K,0.13K,63.4,38.1,378.33M,No,49.51,49.52,48.72,48.74,48.79,498
2271,KIRIINDUS.NS,436.2,419.2,900.74K,Process Industries,Chemicals: Specialty,37.0,84.0,53.0,29.0,13.1071,12.8179,228.36K,183.82K,779.0,333.8,28.45B,No,408.18,397.79,460.36,399.82,415.63,500
2272,ANUHPHR.NS,79.31,79.22,57.11K,Health Technology,Pharmaceuticals: Major,37.0,53.0,40.0,55.0,2.0586,2.0521,51.88K,29.13K,94.89,67.0,7.95B,No,79.74,78.84,78.86,78.72,77.72,405
2273,DHINDIA.BO,176.4,181.65,7.55K,Process Industries,Industrial Specialties,37.0,0.0,1.0,61.0,12.2964,11.325,5.68K,3.18K,304.8,121.5,1.86B,No,234.56,244.42,201.87,240.51,223.19,497
2274,ATISHAY.BO,162.55,170.0,1.78K,Technology Services,Information Technology Services,37.0,2.0,13.0,18.0,10.4714,10.3857,7.00K,3.53K,235.0,117.0,1.79B,No,174.98,191.51,191.53,188.17,196.44,497
2275,ITCHOTELS.NS,170.93,168.93,1470.32K,Consumer Services,Hotels/Resorts/Cruise Lines,37.0,23.0,57.0,30.0,4.18,3.8964,3684.36K,2315.78K,253.67,137.3,356.04B,No,169.3,167.37,177.71,168.34,165.73,378
2276,PNTKYOR.BO,37.6,37.73,0.15K,Process Industries,Chemicals: Specialty,37.0,61.0,27.0,39.0,2.7586,2.4679,0.48K,0.22K,57.0,28.49,235.85M,No,35.48,36.42,40.41,36.19,37.89,497
2277,SNOWMAN.NS,40.71,40.57,473.80K,Commercial Services,Miscellaneous Commercial Services,37.0,83.0,47.0,57.0,1.4807,1.3593,162.25K,135.51K,59.8,30.5,6.81B,No,37.29,37.55,40.03,37.82,38.33,499
2278,ROSELABS.BO,21.9,23.0,1.21K,Finance,Real Estate Development,36.0,20.0,62.0,19.0,0.4693,0.3971,0.34K,0.37K,34.36,19.0,219.00M,No,22.38,21.72,22.76,21.67,22.12,497
2279,GATEWAY.NS,56.93,55.91,3437.55K,Transportation,Railroads,36.0,30.0,36.0,34.0,1.78,1.7479,1002.13K,884.88K,70.5,48.1,28.44B,No,58.19,58.5,58.45,58.36,57.41,500
2280,HIGHENE.BO,576.55,585.45,2.93K,Producer Manufacturing,Electrical Products,36.0,54.0,23.0,44.0,26.4893,24.7,14.85K,13.61K,685.0,470.0,5.14B,No,596.11,555.09,567.12,559.72,560.81,497
2281,TRENT.NS,3107.1,3129.0,4401.74K,Retail Trade,Apparel/Footwear Retail,36.0,67.0,64.0,68.0,64.0857,62.4929,1422.68K,708.48K,5674.0,2183.67,1656.81B,No,2942.01,2984.18,3169.23,2998.75,2751.76,499
2282,HUDCO.NS,202.97,202.84,1697.94K,Finance,Finance/Rental/Leasing,36.0,36.0,23.0,49.0,5.375,5.185,3060.27K,2547.98K,246.85,159.0,404.60B,No,201.01,204.98,206.92,204.67,197.92,500
2283,CMMHOSP.BO,37.28,38.22,0.57K,Health Services,Hospital/Nursing Management,36.0,25.0,46.0,24.0,1.8929,1.8014,1.53K,1.20K,57.48,30.3,278.44M,No,37.73,38.43,41.62,38.26,39.07,497
2284,MEHIF.BO,28.15,28.15,0.44K,Finance,Investment Banks/Brokers,36.0,38.0,24.0,16.0,0.2393,0.0964,0.33K,0.05K,36.82,24.06,140.75M,No,28.44,29.54,29.75,29.17,29.76,497
2285,HDFCAMC.NS,2543.3,2562.0,400.39K,Finance,Investment Managers,36.0,20.0,25.0,42.0,58.0857,56.2571,908.41K,685.15K,2967.25,2205.6,1088.30B,No,2599.16,2617.54,2633.76,2619.27,2614.83,500
2286,HCC.NS,21.81,21.91,12642.74K,Industrial Services,Engineering & Construction,36.0,17.0,22.0,52.0,0.6821,0.6629,37481.06K,16755.16K,30.0,13.65,56.45B,No,22.16,23.71,21.16,23.67,20.48,500
2287,CAPFIN.BO,140.05,140.05,0.06K,Finance,Finance/Rental/Leasing,36.0,69.0,43.0,36.0,0.5143,0.0,0.12K,0.02K,183.4,97.3,636.98M,No,144.13,134.62,139.16,134.69,131.8,497
2288,KALYANIFRG.NS,611.0,614.7,1.89K,Producer Manufacturing,Auto Parts: Oem,36.0,24.0,43.0,41.0,20.0857,19.9893,1.21K,1.34K,849.65,523.6,2.22B,No,608.78,608.68,624.12,607.59,606.0,499
2289,RODIUM.BO,160.6,155.0,1.36K,Finance,Real Estate Development,36.0,8.0,37.0,35.0,16.05,15.7,1.37K,0.54K,224.8,138.0,521.61M,No,167.72,167.48,168.5,168.1,168.51,497
2290,GMMPFAUDLR.NS,1005.15,857.1,3998.83K,Producer Manufacturing,Industrial Machinery,36.0,93.0,64.0,41.0,35.575,34.9714,125.36K,83.88K,1324.7,735.0,45.19B,No,819.06,796.79,952.2,814.29,876.84,499
2291,ONWARDTEC.NS,278.6,281.55,81.15K,Technology Services,Information Technology Services,36.0,41.0,72.0,16.0,12.6464,12.3393,388.24K,177.63K,357.0,208.25,6.11B,No,288.31,275.74,276.76,275.74,270.63,498
2292,ORICONENT.NS,54.29,53.73,11.35K,Producer Manufacturing,Miscellaneous Manufacturing,36.0,36.0,14.0,12.0,2.26,2.2586,100.03K,34.72K,73.12,48.81,8.57B,No,55.61,56.67,60.86,56.7,62.36,499
2293,MAANALU.NS,127.99,127.25,36.52K,Non-Energy Minerals,Aluminum,36.0,70.0,17.0,13.0,5.18,4.8636,75.03K,85.25K,184.74,100.0,7.68B,No,119.09,123.28,139.16,123.79,135.07,499
2294,APTECHT.NS,97.0,98.73,75.38K,Commercial Services,Miscellaneous Commercial Services,36.0,34.0,22.0,69.0,3.8107,3.7343,552.34K,65.65K,144.3,69.1,5.63B,No,94.58,101.87,96.16,101.65,93.43,500
2295,PLAZACABLE.NS,47.43,47.62,24.80K,Producer Manufacturing,Electrical Products,36.0,64.0,15.0,69.0,1.7129,1.7021,52.01K,14.93K,65.0,27.0,2.08B,No,43.48,45.57,42.32,45.55,41.8,499
2296,GPAPL.BO,73.0,74.0,16.00K,Consumer Non-Durables,Food: Specialty/Candy,36.0,27.0,17.0,20.0,2.74,1.6486,15.08K,16.00K,99.54,61.1,749.13M,No,74.8,76.88,82.42,76.57,79.06,209
2297,ELNET.BO,314.1,319.45,0.52K,Finance,Real Estate Development,36.0,32.0,41.0,28.0,11.2321,11.2321,1.51K,1.28K,411.0,285.05,1.26B,No,322.3,329.31,337.9,328.5,331.75,497
2298,HEXT.NS,561.75,570.6,416.42K,Technology Services,Packaged Software,36.0,67.0,81.0,11.0,26.7786,25.3321,1164.74K,1608.58K,829.4,400.2,339.04B,No,564.17,535.88,586.88,535.56,524.52,362
2299,SAHARAHOUS.BO,40.65,39.99,1.10K,Finance,Finance/Rental/Leasing,36.0,47.0,37.0,46.0,2.2586,2.2457,3.94K,5.84K,64.82,30.0,284.55M,No,40.19,40.63,42.14,40.39,39.97,497
2300,VVIPIL.BO,122.95,121.05,9.00K,Industrial Services,Engineering & Construction,36.0,3.0,53.0,62.0,5.2643,4.0714,16.25K,7.26K,194.0,92.05,3.07B,No,127.09,130.68,123.64,133.02,118.76,496
2301,MUKKA.NS,23.31,22.98,239.35K,Consumer Non-Durables,Food: Meat/Fish/Dairy,36.0,48.0,36.0,39.0,0.8586,0.8471,263.03K,221.27K,31.23,18.27,6.93B,No,23.06,23.26,23.49,23.23,22.99,499
2302,MANYAVAR.NS,504.45,504.35,1187.90K,Retail Trade,Internet Retail,36.0,93.0,72.0,46.0,22.2786,22.2036,235.35K,433.77K,796.55,329.2,122.57B,No,419.66,410.97,478.59,414.76,420.27,499
2303,ORIBEVER.BO,186.15,184.8,0.80K,Consumer Non-Durables,Beverages: Non-Alcoholic,36.0,56.0,15.0,53.0,7.7607,7.4464,1.33K,0.65K,291.25,157.0,402.15M,No,182.33,186.5,200.15,183.95,202.54,497
2304,IRB.NS,19.97,20.09,4348.81K,Industrial Services,Engineering & Construction,36.0,40.0,30.0,33.0,0.3921,0.3821,20956.57K,15064.70K,23.95,19.15,240.71B,No,19.97,20.65,21.07,20.58,20.94,500
2305,TUSALDAH.BO,153.85,146.6,0.00K,Consumer Non-Durables,Apparel/Footwear,36.0,67.0,54.0,30.0,4.7429,2.2429,0.68K,0.01K,249.9,100.5,360.54M,No,142.69,146.36,151.35,144.33,145.27,496
2306,EVERFIN.BO,102.2,105.65,0.88K,Process Industries,Textiles,36.0,5.0,35.0,52.0,11.0,10.0679,0.24K,0.14K,143.0,77.5,664.64M,No,109.88,110.2,108.11,111.87,105.58,497
2307,POLYCHEM.BO,2035.0,1960.0,0.06K,Process Industries,Chemicals: Major Diversified,36.0,69.0,46.0,47.0,58.8571,55.3893,0.08K,0.04K,2974.0,1811.1,822.23M,No,1944.06,1945.76,2041.62,1941.07,2008.21,498
2308,MARBLE.BO,119.95,115.7,41.94K,Distribution Services,Wholesale Distributors,36.0,9.0,84.0,12.0,7.7143,7.6071,26.59K,18.39K,198.5,83.9,3.05B,No,123.04,116.33,124.77,117.48,111.85,497
2309,BMWVENTLTD.NS,60.75,59.97,242.55K,Distribution Services,Wholesale Distributors,36.0,61.0,35.0,60.0,2.3036,2.3021,74.28K,83.97K,78.0,48.0,5.27B,No,57.96,58.49,59.75,58.53,58.66,212
2310,ABIRAFN.BO,33.55,32.0,0.13K,Finance,Finance/Rental/Leasing,36.0,48.0,61.0,21.0,0.9743,0.6286,0.37K,0.19K,56.25,27.89,181.17M,No,31.73,32.39,35.64,32.55,33.46,498
2311,NILE.NS,1625.2,1630.1,8.64K,Non-Energy Minerals,Other Metals/Minerals,36.0,13.0,25.0,,94.5143,91.9072,4.45K,5.84K,2018.9,1579.9,,No,1845.76,1788.36,,1774.19,,76
2312,MSECL.BO,230.0,227.3,21.00K,Commercial Services,Miscellaneous Commercial Services,36.0,55.0,43.0,70.0,5.9893,5.325,12.88K,10.68K,313.0,165.0,3.26B,No,224.68,221.26,220.67,221.62,214.21,254
2313,BEEKAY.NS,394.45,402.35,6.64K,Non-Energy Minerals,Steel,36.0,39.0,28.0,,15.6393,15.4643,2.99K,1.21K,471.85,355.05,,No,401.62,403.48,,403.26,,76
2314,LIKHAMI.BO,299.0,299.0,0.00K,Commercial Services,Miscellaneous Commercial Services,36.0,47.0,9.0,25.0,0.0,0.0,0.00K,0.00K,431.0,269.85,2.98B,No,299.73,312.41,331.54,309.48,342.24,497
2315,PATELENG.NS,28.79,28.77,2421.78K,Industrial Services,Engineering & Construction,35.0,9.0,48.0,42.0,0.9229,0.8943,7169.65K,4059.74K,42.77,22.0,27.50B,No,29.11,29.87,29.48,29.89,28.09,500
2316,KATRSPG.BO,99.0,99.0,0.01K,Process Industries,Textiles,35.0,40.0,46.0,54.0,2.7014,1.2136,0.15K,0.02K,148.0,80.0,282.15M,No,102.47,102.26,104.43,102.58,101.49,497
2317,MARIS.BO,29.6,30.79,1.15K,Process Industries,Textiles,35.0,58.0,31.0,43.0,1.4136,1.2636,0.96K,0.97K,42.99,23.6,232.99M,No,28.86,29.04,30.4,28.9,28.99,497
2318,ULTRAMAR.NS,389.4,392.25,56.98K,Process Industries,Chemicals: Specialty,35.0,58.0,37.0,,11.4464,10.8071,21.13K,20.50K,443.0,364.1,11.37B,No,383.41,383.02,,380.84,,75
2319,NSIL.NS,5711.5,5715.0,2.31K,Finance,Financial Conglomerates,35.0,70.0,41.0,36.0,124.9643,124.6071,2.09K,2.32K,8730.0,4700.0,29.34B,No,5513.3,5524.94,6019.26,5534.35,5645.19,499
2320,LICI.NS,388.9,393.0,57285.37K,Finance,Life/Health Insurance,35.0,9.0,39.0,29.0,9.3,7.2643,4195.77K,1367.71K,468.48,360.75,2451.25B,No,424.14,421.02,420.42,420.27,411.64,500
2321,ARROWHEAD.BO,70.0,70.0,1.20K,Process Industries,Containers/Packaging,35.0,52.0,47.0,28.0,0.0,0.0,0.31K,0.18K,93.9,68.0,130.99M,No,70.0,70.62,74.18,70.0,71.32,496
2322,BECTORFOOD.NS,210.48,212.8,1790.49K,Consumer Non-Durables,Food: Specialty/Candy,35.0,92.0,57.0,30.0,10.6764,10.6229,5225.16K,7272.35K,310.0,165.0,64.62B,No,199.72,186.94,212.85,188.5,195.26,500
2323,ERIS.NS,1381.8,1375.1,34.41K,Health Technology,Pharmaceuticals: Major,35.0,29.0,51.0,41.0,39.8714,39.4,116.73K,122.32K,1820.0,1200.0,191.49B,No,1418.63,1414.93,1443.65,1413.31,1384.87,498
2324,YAASHVI.BO,82.57,81.5,260.80K,Consumer Durables,Other Consumer Specialties,35.0,29.0,,,5.1321,4.7429,188.87K,116.48K,104.8,63.0,1.46B,No,74.44,,,81.96,,47
2325,ARIHANTCAP.NS,76.79,77.75,50.05K,Finance,Investment Banks/Brokers,35.0,75.0,58.0,32.0,3.5071,3.5029,360.31K,535.86K,120.0,56.97,8.42B,No,76.42,71.88,79.95,73.07,72.81,500
2326,SPLIL.NS,31.8,31.6,10.65K,Consumer Non-Durables,Apparel/Footwear,35.0,54.0,44.0,61.0,1.7836,1.7521,8.35K,9.91K,45.2,20.2,933.46M,No,31.67,31.12,32.29,31.25,29.76,497
2327,GEMAROMA.NS,185.64,184.63,15.80K,Process Industries,Chemicals: Major Diversified,35.0,8.0,69.0,55.0,8.0857,7.8714,453.19K,108.95K,349.6,133.0,9.70B,No,187.49,180.9,175.52,182.14,174.29,236
2328,MKVENTURES.BO,1090.0,1072.3,0.63K,Finance,Finance/Rental/Leasing,35.0,18.0,53.0,58.0,57.8393,55.5107,0.88K,0.55K,1659.5,732.0,4.20B,No,1106.15,1078.02,1052.93,1087.91,988.69,497
2329,WONDERLA.NS,485.8,503.05,377.94K,Consumer Services,Movies/Entertainment,35.0,65.0,34.0,37.0,14.6214,14.4286,76.05K,35.43K,659.0,455.0,30.81B,No,475.66,480.37,513.23,481.23,497.82,499
2330,SITAENT.BO,149.6,142.85,3.70K,Finance,Investment Banks/Brokers,35.0,69.0,30.0,43.0,12.025,11.6357,2.26K,4.14K,213.65,122.0,448.80M,No,143.94,143.31,156.1,141.23,153.56,496
2331,SFSL.BO,77.8,67.83,19.50K,Producer Manufacturing,Industrial Conglomerates,35.0,33.0,9.0,19.0,3.1,3.1,3.02K,8.70K,143.46,63.0,162.45M,No,79.73,80.15,94.26,80.2,88.98,495
2332,ORIENTELEC.NS,178.23,179.82,3639.81K,Consumer Durables,Electronics/Appliances,35.0,64.0,33.0,39.0,7.73,7.5357,683.92K,2688.49K,219.0,149.05,38.03B,No,174.56,176.84,180.5,176.55,176.79,500
2333,LADDERUP.BO,53.0,53.0,0.16K,Finance,Investment Managers,35.0,24.0,36.0,26.0,1.5271,0.7864,0.87K,0.15K,82.5,44.9,561.93M,No,52.97,52.31,56.42,52.53,54.47,496
2334,BHARAT.BO,24.4,23.83,0.24K,Finance,Investment Banks/Brokers,35.0,41.0,43.0,23.0,1.3514,1.3393,2.92K,2.35K,36.18,18.9,164.96M,No,24.0,24.22,25.96,24.24,24.57,497
2335,UVS.BO,94.42,94.84,11.51K,Distribution Services,Wholesale Distributors,35.0,38.0,77.0,13.0,6.6714,6.4693,16.27K,17.78K,161.95,72.55,3.60B,No,89.08,93.18,104.28,93.05,94.56,496
2336,SAMRATFORG.BO,208.95,209.0,0.00K,Producer Manufacturing,Industrial Machinery,35.0,8.0,49.0,47.0,7.3286,5.0357,0.05K,0.02K,323.95,162.25,1.04B,No,221.42,231.73,227.79,232.46,214.08,496
2337,NAVA.NS,583.0,582.0,400.75K,Utilities,Electric Utilities,35.0,42.0,12.0,49.0,17.3964,16.8964,415.21K,271.04K,739.4,501.65,168.31B,No,576.23,592.16,586.85,591.98,594.08,500
2338,MATRIMONY.NS,454.15,427.55,103.19K,Technology Services,Internet Software/Services,35.0,57.0,58.0,18.0,14.5679,14.55,19.75K,7.35K,573.0,364.05,9.26B,No,433.96,417.48,464.14,419.07,441.3,499
2339,ATLASCYCLE.NS,97.68,97.26,5.88K,Consumer Durables,Motor Vehicles,35.0,51.0,38.0,47.0,3.1164,3.1164,6.97K,2.93K,135.0,76.15,635.29M,No,97.91,98.5,97.74,98.48,96.03,498
2340,VBL.NS,444.0,437.0,4922.80K,Consumer Non-Durables,Beverages: Non-Alcoholic,35.0,15.0,19.0,30.0,12.6893,12.3786,6536.76K,10673.77K,555.8,381.0,1501.81B,No,455.93,492.59,474.18,488.41,471.89,500
2341,AAVAS.NS,1376.3,1375.7,47.90K,Finance,Finance/Rental/Leasing,35.0,11.0,43.0,29.0,47.5357,47.0357,133.62K,103.32K,1771.9,1060.4,109.13B,No,1432.15,1424.11,1414.2,1429.38,1350.69,500
2342,INOXGREEN.NS,177.75,178.28,162.19K,Utilities,Alternative Power Generation,35.0,8.0,28.0,46.0,9.9229,9.8671,1547.76K,1739.60K,279.0,132.58,71.37B,No,186.37,188.87,189.99,188.23,174.08,500
2343,SIMRAN.BO,152.85,153.3,1.79K,Process Industries,Agricultural Commodities/Milling,35.0,51.0,28.0,24.0,4.9786,4.5107,4.20K,1.89K,198.0,131.6,735.21M,No,151.91,155.51,163.04,154.1,160.0,496
2344,SAINIK.BO,37.47,35.11,1.04K,Finance,Finance/Rental/Leasing,35.0,23.0,37.0,29.0,4.2957,3.8157,0.81K,2.12K,63.09,27.05,407.67M,No,37.36,37.94,38.82,37.72,38.06,498
2345,UCOBANK.NS,26.64,26.49,3699.38K,Finance,Regional Banks,35.0,51.0,45.0,27.0,0.5736,0.5036,8065.33K,6569.74K,34.2,22.22,334.05B,No,26.35,26.34,27.82,26.39,26.66,499
2346,VGUARD.NS,322.25,310.25,3150.71K,Producer Manufacturing,Electrical Products,35.0,70.0,41.0,33.0,11.4357,11.2286,943.00K,4339.84K,392.2,288.8,140.79B,No,303.45,304.42,324.73,306.4,316.32,498
2347,SMAUTO.BO,21.03,23.36,2.00K,Producer Manufacturing,Auto Parts: Oem,35.0,11.0,43.0,41.0,0.185,0.0,0.95K,0.95K,31.98,15.05,287.86M,No,24.53,24.68,24.65,24.68,23.37,495
2348,LTM.NS,4469.0,4506.0,320.03K,Technology Services,Data Processing Services,35.0,88.0,64.0,8.0,141.9571,127.5786,520.55K,552.35K,6429.5,3528.0,1342.38B,No,4229.53,4020.62,4913.61,4031.95,4467.42,500
2349,ALBERTDAVD.NS,730.55,692.8,20.90K,Health Technology,Pharmaceuticals: Major,35.0,63.0,32.0,50.0,18.1179,17.8357,2.77K,2.10K,903.0,579.9,4.17B,No,695.26,703.17,728.72,709.51,703.89,498
2350,IDENTIXWEB.BO,65.01,65.01,2.00K,Technology Services,Packaged Software,35.0,6.0,16.0,17.0,0.2764,0.0,2.62K,0.20K,101.0,58.05,678.81M,No,65.27,66.86,71.17,66.27,72.1,333
2351,ANJANI.BO,25.05,23.64,35.25K,Process Industries,Textiles,34.0,73.0,25.0,56.0,0.87,0.8536,4.97K,3.03K,40.8,20.25,369.49M,No,23.1,23.02,24.14,23.11,24.17,497
2352,KANSAINER.NS,210.31,210.38,227.46K,Process Industries,Industrial Specialties,34.0,57.0,50.0,25.0,6.9786,6.8143,517.78K,299.26K,264.0,157.91,170.09B,No,200.97,207.52,214.6,206.77,204.25,498
2353,SAATVIKGL.NS,427.65,422.65,45.10K,Producer Manufacturing,Industrial Machinery,34.0,48.0,24.0,54.0,13.8179,13.8071,145.51K,70.75K,567.0,328.0,54.36B,No,445.05,454.2,428.6,455.0,427.22,215
2354,GROBTEA.NS,901.0,898.8,0.42K,Consumer Non-Durables,Food: Major Diversified,34.0,27.0,39.0,40.0,20.8964,18.5929,0.14K,0.08K,1236.2,805.0,1.05B,No,909.07,909.22,947.24,909.19,912.22,500
2355,HGS.NS,426.7,423.5,19.77K,Commercial Services,Miscellaneous Commercial Services,34.0,60.0,51.0,43.0,10.1893,10.1786,79.96K,15.75K,572.45,342.05,19.68B,No,427.49,421.32,426.79,420.68,405.48,499
2356,FRONTSP.NS,1406.7,1405.4,11.07K,Producer Manufacturing,Metal Fabrication,34.0,40.0,23.0,,50.4643,48.9857,25.03K,15.50K,1869.0,1309.1,,No,1384.5,1437.13,,1419.79,,76
2357,POWERGRID.NS,270.75,281.75,18251.71K,Utilities,Alternative Power Generation,34.0,25.0,18.0,49.0,5.6643,5.5,11032.35K,8408.98K,324.95,250.0,2518.14B,No,284.64,285.74,286.16,284.43,291.11,500
2358,DCM.NS,83.0,82.58,3.11K,Technology Services,Information Technology Services,34.0,3.0,48.0,35.0,3.9521,3.8879,14.15K,7.20K,105.0,55.0,1.54B,No,91.0,93.83,86.25,93.51,82.5,498
2359,ZENITHEXPO.NS,197.24,194.28,0.11K,Consumer Non-Durables,Apparel/Footwear,34.0,47.0,42.0,36.0,6.2943,5.8729,0.31K,0.25K,351.65,174.0,1.06B,No,199.49,202.2,210.84,202.35,202.09,497
2360,GODFRYPHLP.NS,2308.9,2325.0,217.32K,Consumer Non-Durables,Tobacco,34.0,76.0,45.0,59.0,94.9643,89.4643,548.52K,858.22K,3947.0,1832.1,360.15B,No,2144.51,2189.07,2351.95,2198.77,2170.87,500
2361,KSE.BO,208.0,205.95,20.99K,Process Industries,Agricultural Commodities/Milling,34.0,85.0,46.0,28.0,5.0107,4.7464,13.48K,15.00K,284.9,174.0,6.66B,No,192.39,189.43,212.9,189.81,201.12,498
2362,CRAVATEX.BO,351.0,356.25,1.08K,Retail Trade,Apparel/Footwear Retail,34.0,10.0,51.0,27.0,21.0821,19.55,2.12K,5.15K,491.45,300.0,907.04M,No,380.19,374.88,367.31,373.04,360.71,498
2363,JUBLCPL.NS,1893.5,1893.8,1.90K,Process Industries,Chemicals: Agricultural,34.0,9.0,60.0,20.0,65.5714,63.3714,7.46K,3.78K,3013.4,1460.0,28.64B,No,1910.74,1923.24,2010.04,1940.61,1865.51,365
2364,RAGHUSYN.BO,100.49,100.0,0.18K,Process Industries,Textiles,34.0,52.0,46.0,34.0,3.8414,3.7307,2.99K,2.40K,134.25,90.0,3.89B,No,99.9,100.19,105.34,99.85,102.99,497
2365,DALBHARAT.NS,1825.0,1838.1,124.95K,Producer Manufacturing,Miscellaneous Manufacturing,34.0,59.0,31.0,21.0,48.75,48.4786,338.58K,294.30K,2496.3,1605.0,342.14B,No,1817.85,1756.37,1942.09,1759.02,1878.7,498
2366,PVSL.NS,109.45,108.99,18.93K,Retail Trade,Specialty Stores,34.0,88.0,57.0,42.0,4.4879,4.3507,54.78K,41.94K,163.0,82.41,7.79B,No,104.02,98.48,109.77,98.79,99.98,499
2367,JAINEX.BO,130.0,125.5,0.54K,Consumer Durables,Tools & Hardware,34.0,86.0,64.0,53.0,10.8679,10.1821,0.53K,0.79K,210.25,95.55,298.41M,No,119.95,119.76,130.9,121.96,120.04,497
2368,ATL.NS,25.57,23.18,1025.51K,Transportation,Marine Shipping,34.0,77.0,35.0,47.0,0.9829,0.9536,129.66K,88.67K,40.51,18.2,7.46B,No,23.39,23.84,25.85,23.9,24.37,498
2369,BFUTILITIE.NS,560.15,560.8,42.52K,Industrial Services,Engineering & Construction,34.0,53.0,32.0,53.0,18.6714,18.3393,169.77K,59.01K,898.7,368.7,21.10B,No,591.27,601.29,579.2,603.23,540.38,500
2370,LOVABLE.NS,74.3,73.62,14.90K,Consumer Non-Durables,Apparel/Footwear,34.0,31.0,49.0,43.0,2.4436,2.4436,20.41K,10.11K,104.7,55.0,1.10B,No,73.74,73.95,76.44,74.31,72.49,499
2371,OLYOI.BO,23.12,23.12,0.01K,Distribution Services,Food Distributors,34.0,28.0,72.0,19.0,0.1229,0.0829,0.05K,0.01K,38.68,20.52,65.98M,No,23.27,22.94,26.78,23.04,24.82,498
2372,KOURA.BO,37.51,38.06,10.00K,Consumer Durables,Other Consumer Specialties,34.0,76.0,52.0,46.0,1.1386,0.6086,3.25K,4.20K,49.1,30.05,195.88M,No,34.79,34.85,37.23,34.77,36.42,498
2373,RKSWAMY.NS,104.7,101.5,163.25K,Commercial Services,Advertising/Marketing Services,34.0,45.0,72.0,39.0,3.9271,3.855,69.33K,48.84K,163.89,67.15,5.28B,No,102.43,101.31,104.53,101.9,97.52,499
2374,INDSILHYD.BO,41.1,40.23,7.00K,Non-Energy Minerals,Other Metals/Minerals,34.0,75.0,51.0,40.0,1.3686,1.3557,13.80K,6.75K,57.5,29.5,1.14B,No,38.42,39.51,41.3,39.73,39.31,497
2375,KEMP.BO,1080.25,1073.0,0.12K,Finance,Real Estate Development,34.0,25.0,25.0,55.0,11.275,3.3286,0.01K,0.01K,1538.0,868.3,1.17B,No,1087.15,1089.58,1084.68,1095.21,1035.32,498
2376,SML.BO,70.31,66.97,0.73K,Health Services,Medical/Nursing Services,34.0,50.0,50.0,5.0,3.89,2.5864,0.19K,0.47K,114.15,43.82,299.87M,No,57.95,66.3,80.89,65.91,71.71,498
2377,INDBANK.NS,32.3,32.4,10.80K,Finance,Investment Banks/Brokers,34.0,20.0,29.0,23.0,0.825,0.8171,48.28K,25.99K,47.15,28.25,1.43B,No,32.85,33.26,34.79,33.29,33.82,500
2378,EMMESSA.BO,25.14,24.66,1.14K,Health Technology,Pharmaceuticals: Other,34.0,36.0,41.0,40.0,1.2393,1.2129,1.07K,0.83K,42.75,18.42,126.90M,No,24.89,25.09,27.08,24.95,25.48,497
2379,IRIS.NS,263.1,266.96,8.28K,Technology Services,Data Processing Services,34.0,53.0,64.0,15.0,12.3171,11.9993,43.91K,24.01K,388.1,203.0,5.41B,No,248.94,251.86,270.29,254.81,250.67,498
2380,SOLARA.NS,511.1,514.65,84.17K,Health Technology,Pharmaceuticals: Major,34.0,15.0,51.0,44.0,23.1179,22.7607,354.32K,410.13K,712.0,422.0,24.66B,No,539.85,555.35,531.7,550.5,513.11,499
2381,DUTRON.BO,104.0,105.5,0.02K,Producer Manufacturing,Miscellaneous Manufacturing,34.0,37.0,39.0,39.0,1.5179,0.9857,0.11K,0.09K,128.95,94.6,606.30M,No,102.25,103.4,108.23,103.19,106.27,497
2382,ZUARIIND.NS,262.15,260.7,12.37K,Process Industries,Agricultural Commodities/Milling,34.0,47.0,37.0,36.0,7.3393,6.95,46.52K,22.80K,416.0,210.0,7.81B,No,261.81,259.08,277.43,260.3,257.76,498
2383,SHIVAAGRO.BO,37.96,38.41,1.56K,Process Industries,Chemicals: Major Diversified,34.0,19.0,21.0,59.0,1.8143,1.68,3.34K,1.63K,52.65,28.26,379.33M,No,39.38,40.38,39.25,40.03,38.7,496
2384,BDL.NS,1299.0,1240.0,2794.45K,Electronic Technology,Aerospace & Defense,34.0,26.0,22.0,15.0,30.0857,29.8786,1287.82K,557.82K,1654.0,1086.0,476.16B,No,1266.71,1284.28,1367.17,1293.2,1316.85,500
2385,ALKALI.NS,68.7,68.17,11.36K,Process Industries,Chemicals: Specialty,34.0,3.0,51.0,40.0,3.4143,3.2464,22.54K,7.58K,107.38,46.8,699.54M,No,76.22,82.57,75.27,80.81,71.05,498
2386,COSYN.BO,20.9,20.83,0.58K,Technology Services,Packaged Software,34.0,72.0,36.0,31.0,0.8579,0.8186,2.26K,2.17K,27.5,18.65,156.75M,No,20.72,20.7,22.31,20.76,21.56,497
2387,WALLFORT.BO,77.2,79.7,0.31K,Finance,Investment Banks/Brokers,34.0,67.0,59.0,56.0,7.3079,6.9536,2.18K,3.46K,137.9,55.55,747.85M,No,79.68,77.91,82.06,78.21,76.83,496
2388,CLENON.BO,44.97,44.97,6.95K,Producer Manufacturing,Electrical Products,33.0,31.0,45.0,10.0,0.1686,0.1686,0.28K,0.78K,62.96,41.67,491.99M,No,46.9,46.58,52.86,46.48,52.22,497
2389,SWIGGY.NS,288.65,289.9,51396.37K,Transportation,Air Freight/Couriers,33.0,78.0,59.0,29.0,12.695,12.0343,16924.64K,29678.98K,474.0,235.75,756.26B,No,274.53,260.56,315.4,262.07,280.99,431
2390,PAOS.BO,47.5,45.45,0.00K,Consumer Non-Durables,Household/Personal Care,33.0,12.0,44.0,12.0,0.0,0.0,0.13K,0.13K,60.1,45.45,289.92M,No,46.55,49.15,51.53,48.65,50.81,496
2391,KGVL.BO,53.0,53.0,2.40K,Finance,Financial Conglomerates,33.0,62.0,23.0,59.0,0.7993,0.215,0.63K,0.36K,80.0,39.0,369.84M,No,48.06,51.59,51.58,51.19,49.26,453
2392,HISARSP.BO,47.08,44.84,0.60K,Process Industries,Textiles,33.0,52.0,41.0,15.0,1.31,0.4207,0.20K,0.46K,66.4,40.3,175.84M,No,42.68,45.93,50.72,46.07,51.29,498
2393,OMPOWER.NS,172.57,169.04,183.86K,Utilities,Electric Utilities,33.0,45.0,29.0,,5.5779,5.5536,266.90K,105.11K,206.0,158.4,,No,169.61,174.36,,175.67,,80
2394,MPCOSEMB.BO,21.66,22.8,0.10K,Technology Services,Information Technology Services,33.0,27.0,31.0,11.0,0.0814,0.0,0.00K,0.00K,27.34,21.66,77.65M,No,22.74,23.15,25.06,23.05,24.62,497
2395,SRF.NS,2624.9,2639.7,550.54K,Process Industries,Industrial Specialties,33.0,20.0,42.0,29.0,75.05,72.2643,542.16K,824.51K,3210.0,2355.0,778.04B,No,2730.14,2730.13,2765.84,2723.84,2669.19,499
2396,EMMBI.NS,86.5,86.99,12.92K,Process Industries,Containers/Packaging,33.0,29.0,52.0,26.0,4.0007,3.9357,25.60K,6.47K,116.9,60.3,1.65B,No,88.77,89.53,91.59,89.13,86.31,498
2397,HARIKANTA.BO,70.94,71.5,4.80K,Process Industries,Textiles,33.0,21.0,,,4.7757,4.4821,98.40K,88.56K,91.84,57.62,699.88M,No,76.98,,,75.13,,48
2398,KOTARISUG.NS,25.99,25.95,39.83K,Process Industries,Agricultural Commodities/Milling,33.0,49.0,32.0,52.0,0.9386,0.9243,37.59K,39.26K,37.68,22.5,2.16B,No,25.37,25.36,26.44,25.31,25.37,500
2399,ARTNIRMAN.NS,41.75,40.75,1.84K,Consumer Durables,Homebuilding,33.0,63.0,58.0,39.0,1.98,1.8736,1.68K,0.83K,66.97,29.39,1.04B,No,39.69,40.46,43.79,40.64,40.99,499
2400,NARMADESH.BO,279.3,294.0,1.44K,Producer Manufacturing,Metal Fabrication,33.0,14.0,85.0,14.0,5.0,3.1929,5.37K,20.88K,446.75,150.0,899.23M,No,304.89,319.44,,316.4,,134
2401,PARSHVA.BO,168.75,177.6,0.07K,Distribution Services,Wholesale Distributors,33.0,42.0,54.0,64.0,5.1536,2.9179,0.60K,0.05K,379.0,142.0,1.72B,No,174.92,176.01,174.54,174.35,168.32,498
2402,BRIGHT.BO,360.25,365.5,1.88K,Commercial Services,Advertising/Marketing Services,33.0,24.0,32.0,18.0,7.925,7.4964,20.10K,38.77K,450.0,310.05,7.86B,No,366.62,371.35,389.46,370.55,387.32,499
2403,NDMETAL.BO,75.99,75.99,0.02K,Producer Manufacturing,Electrical Products,33.0,52.0,47.0,15.0,0.0,0.0,0.00K,0.00K,99.55,75.0,188.46M,No,75.99,75.89,82.92,75.9,81.03,497
2404,CONSTRONIC.BO,49.98,47.99,1.70K,Distribution Services,Wholesale Distributors,33.0,68.0,51.0,24.0,3.4029,3.2379,3.97K,5.67K,70.34,40.0,626.20M,No,48.63,46.59,53.34,47.24,49.91,497
2405,RIKHAV.BO,47.83,48.25,96.00K,Finance,Investment Banks/Brokers,33.0,57.0,39.0,58.0,1.1743,1.0107,35.12K,21.12K,79.79,34.0,1.83B,No,46.98,47.21,50.74,47.06,46.31,381
2406,CHOLAHLDNG.NS,1648.0,1603.7,196.52K,Finance,Finance/Rental/Leasing,33.0,36.0,35.0,40.0,44.6715,42.7357,186.65K,260.69K,2064.0,1305.0,309.46B,No,1562.76,1570.06,1686.41,1580.9,1595.38,500
2407,CRESCENTIS.BO,113.95,115.0,2.37K,Finance,Investment Banks/Brokers,33.0,31.0,21.0,40.0,6.0964,6.0393,4.63K,7.55K,148.0,96.05,1.86B,No,109.61,114.68,115.76,115.32,118.51,497
2408,KOKUYOCMLN.NS,88.04,88.28,165.51K,Consumer Durables,Tools & Hardware,33.0,64.0,38.0,53.0,2.975,2.8829,32.63K,21.87K,128.0,71.05,8.83B,No,85.76,86.1,88.21,86.51,85.21,499
2409,INDOCO.NS,222.74,222.72,68.63K,Health Technology,Pharmaceuticals: Major,33.0,7.0,22.0,44.0,10.6736,10.4179,516.27K,611.60K,332.2,162.19,20.45B,No,237.46,232.55,226.16,235.87,215.61,500
2410,MKEXIM.BO,57.0,59.53,8.37K,Process Industries,Textiles,33.0,25.0,36.0,64.0,3.3643,3.3543,21.21K,6.68K,86.98,39.88,2.30B,No,56.06,57.42,56.13,57.55,55.08,497
2411,INDTONER.BO,48.38,47.5,9.40K,Electronic Technology,Computer Peripherals,33.0,3.0,29.0,38.0,3.6414,3.595,35.89K,23.83K,62.0,43.08,2.51B,No,51.39,53.22,50.83,52.98,50.22,500
2412,ALICON.NS,737.9,718.05,117.21K,Producer Manufacturing,Auto Parts: Oem,33.0,85.0,52.0,54.0,32.7643,32.3607,14.08K,17.78K,1022.0,580.0,12.05B,No,661.73,655.2,741.56,655.4,681.67,498
2413,DHPIND.BO,512.05,509.0,0.16K,Producer Manufacturing,Miscellaneous Manufacturing,33.0,24.0,45.0,47.0,14.2393,13.6929,0.97K,0.79K,727.0,430.0,1.54B,No,514.95,515.75,534.42,517.87,516.73,497
2414,JAGRAN.NS,62.73,62.85,122.49K,Consumer Services,Publishing: Newspapers,33.0,36.0,32.0,29.0,1.08,1.08,525.70K,251.46K,78.9,59.5,13.65B,No,63.03,65.13,66.92,64.2,65.26,499
2415,SOUTHERNIN.BO,22.45,22.0,0.01K,Distribution Services,Electronics Distributors,33.0,40.0,34.0,39.0,0.8229,0.76,1.33K,0.83K,40.01,18.75,112.70M,No,21.84,22.06,22.86,22.17,22.38,495
2416,SHRISTI.BO,30.5,30.2,0.14K,Consumer Durables,Homebuilding,33.0,59.0,32.0,59.0,2.7243,2.56,0.87K,0.49K,39.75,23.2,654.90M,No,29.86,30.84,30.54,30.92,30.12,496
2417,S&SPOWER.NS,309.65,322.25,13.58K,Producer Manufacturing,Electrical Products,33.0,4.0,6.0,62.0,22.35,22.2286,2.07K,2.67K,468.9,193.5,3.82B,No,334.25,363.86,329.87,356.81,341.72,498
2418,SUKHJITS.NS,161.2,163.69,8.80K,Consumer Non-Durables,Food: Specialty/Candy,33.0,18.0,24.0,25.0,8.2821,8.0793,31.70K,38.33K,231.1,137.3,5.04B,No,164.65,170.22,170.77,169.73,174.79,498
2419,NITINCAST.BO,497.45,515.1,5.64K,Non-Energy Minerals,Steel,33.0,8.0,20.0,32.0,40.3714,40.0286,0.31K,1.23K,690.0,432.0,2.56B,No,536.17,552.08,534.66,554.5,549.67,497
2420,ABCINDQ.BO,67.15,65.4,32.35K,Transportation,Air Freight/Couriers,33.0,66.0,54.0,29.0,2.6007,2.3221,1.35K,0.49K,90.0,51.5,363.77M,No,64.92,64.84,68.95,65.3,65.26,497
2421,RATNAMANI.NS,2370.6,2381.5,34.70K,Non-Energy Minerals,Steel,33.0,10.0,13.0,51.0,66.1214,66.0428,42.70K,30.74K,3345.0,1936.5,166.16B,No,2476.18,2547.74,2416.98,2552.65,2441.88,499
2422,UML.BO,57.9,54.51,8.00K,Retail Trade,Electronics/Appliance Stores,33.0,80.0,63.0,25.0,1.1564,0.4607,14.95K,11.40K,121.0,41.75,823.34M,No,51.22,51.03,64.34,51.44,54.99,247
2423,OCTAVIUSPL.BO,42.01,44.0,0.23K,Process Industries,Agricultural Commodities/Milling,32.0,15.0,27.0,47.0,1.21,0.7314,0.16K,0.14K,57.59,36.5,126.03M,No,45.12,46.15,45.1,45.73,44.35,498
2424,ROSSARI.NS,525.95,524.9,117.42K,Process Industries,Chemicals: Specialty,32.0,59.0,44.0,28.0,16.8536,16.4679,145.07K,75.93K,690.3,375.0,29.13B,No,515.61,520.54,532.66,522.41,503.48,500
2425,SESHAPAPER.NS,233.05,230.77,22.20K,Process Industries,Pulp & Paper,32.0,59.0,18.0,53.0,11.0421,10.7179,121.64K,516.80K,293.11,209.96,14.70B,No,226.89,226.9,244.03,228.68,244.55,498
2426,GUJRAFFIA.NS,40.0,39.94,4.12K,Producer Manufacturing,Miscellaneous Manufacturing,32.0,42.0,48.0,37.0,1.86,1.82,5.12K,1.36K,88.0,35.1,,No,39.47,40.67,45.38,40.52,40.23,493
2427,DOLFIN.BO,167.05,168.0,4.84K,Consumer Durables,Automotive Aftermarket,32.0,23.0,41.0,23.0,4.5321,4.5321,1.55K,0.93K,204.9,160.6,1.64B,No,170.15,169.94,174.27,169.08,172.64,497
2428,SAPPHIRE.NS,199.74,202.52,3020.02K,Consumer Services,Restaurants,32.0,73.0,63.0,49.0,9.1593,9.0064,1310.40K,2190.84K,347.9,139.91,64.27B,No,186.38,183.02,205.78,182.97,184.99,500
2429,ONGC.NS,237.8,240.2,13926.55K,Energy Minerals,Oil Refining/Marketing,32.0,22.0,13.0,20.0,4.4457,4.2671,15816.86K,11208.06K,307.5,227.65,2991.59B,No,244.9,246.96,259.34,244.95,265.74,500
2430,MULLER.BO,218.0,218.0,0.47K,Distribution Services,Wholesale Distributors,32.0,36.0,33.0,47.0,2.6607,1.1893,0.03K,0.03K,275.7,188.1,136.25M,No,217.67,213.53,225.88,211.96,218.53,499
2431,ACTIVE.BO,114.1,115.8,0.24K,Consumer Non-Durables,Apparel/Footwear,32.0,26.0,10.0,57.0,4.1714,4.0464,10.65K,3.73K,156.0,86.0,1.77B,No,117.12,123.17,115.17,122.51,117.5,497
2432,SUPREMEIND.NS,3477.0,3460.6001,171.99K,Producer Manufacturing,Miscellaneous Manufacturing,32.0,78.0,34.0,39.0,102.7286,101.8928,190.22K,207.73K,4664.9,3140.0,441.86B,No,3426.09,3437.87,3603.54,3440.38,3612.23,499
2433,TECHNVISN.NS,5307.1,4825.7002,2.71K,Technology Services,Data Processing Services,32.0,96.0,37.0,,394.5285,355.95,0.94K,4.53K,6198.0,3222.8,,No,4153.91,4601.35,,4653.68,,74
2434,RELICTEC.BO,70.13,64.1,2.15K,Finance,Finance/Rental/Leasing,32.0,73.0,46.0,16.0,8.0564,7.35,0.43K,0.36K,93.96,52.02,392.11M,No,62.67,66.6,73.3,65.84,70.38,499
2435,SHIVATEX.NS,164.69,167.09,0.93K,Process Industries,Textiles,32.0,83.0,32.0,40.0,7.6621,7.6393,6.20K,7.76K,217.92,126.06,2.26B,No,154.57,151.28,164.13,152.46,156.91,497
2436,PSPL.BO,58.0,48.43,2.00K,Transportation,Air Freight/Couriers,32.0,85.0,42.0,68.0,0.8979,0.2036,0.47K,0.50K,83.99,46.7,172.52M,No,49.92,52.84,57.48,53.49,55.41,345
2437,ICDSLTD.NS,47.4,43.52,2.29K,Finance,Finance/Rental/Leasing,32.0,32.0,19.0,36.0,2.4664,2.3943,0.77K,1.36K,62.32,36.4,530.45M,No,40.47,41.58,43.86,41.53,43.25,498
2438,GICHSGFIN.NS,149.0,149.83,63.52K,Finance,Finance/Rental/Leasing,32.0,36.0,39.0,26.0,2.4486,2.415,139.22K,59.77K,185.01,130.05,8.06B,No,149.06,152.78,158.57,153.05,152.95,499
2439,JISLDVREQS.NS,23.34,22.64,8.89K,Producer Manufacturing,Trucks/Construction/Farm Machinery,32.0,50.0,32.0,37.0,0.9993,0.9914,28.97K,24.80K,35.48,18.5,16.98B,No,22.25,23.07,24.84,23.31,23.26,499
2440,TIGLOB.BO,174.0,169.9,0.16K,Consumer Non-Durables,Food: Major Diversified,32.0,27.0,37.0,30.0,7.575,6.1036,1.28K,0.69K,210.4,142.3,881.78M,No,166.83,166.48,178.64,164.96,173.29,496
2441,GENCON.NS,39.55,39.49,255.10K,Industrial Services,Engineering & Construction,32.0,19.0,40.0,9.0,1.7107,1.71,304.36K,274.76K,59.96,36.35,2.25B,No,40.12,40.42,43.25,40.7,43.27,500
2442,LAHOTIOV.NS,41.98,41.97,2.96K,Process Industries,Textiles,32.0,30.0,14.0,,2.3443,2.1279,25.03K,5.09K,53.9,34.06,,No,42.43,43.23,,43.16,,74
2443,BIKAJI.NS,624.25,650.3,493.04K,Consumer Non-Durables,Food: Specialty/Candy,32.0,25.0,32.0,31.0,14.7786,14.7321,149.78K,64.12K,818.7,592.55,156.52B,No,639.78,649.37,672.01,647.01,647.12,499
2444,ASIIL.BO,26.12,26.72,33.05K,Non-Energy Minerals,Construction Materials,32.0,77.0,50.0,48.0,1.605,1.5743,25.33K,72.10K,36.88,19.0,2.35B,No,25.42,24.89,26.66,24.75,25.24,497
2445,DAMODARIND.NS,28.5,28.05,1.72K,Process Industries,Textiles,32.0,7.0,24.0,60.0,1.0179,0.9829,7.01K,2.44K,39.0,20.0,664.05M,No,29.02,30.14,29.08,30.25,28.02,499
2446,GUJPETR.BO,55.29,54.85,0.11K,Process Industries,Chemicals: Specialty,32.0,20.0,24.0,24.0,2.3521,1.9979,1.28K,1.78K,81.51,50.0,325.32M,No,55.11,56.47,59.05,56.45,58.35,497
2447,METROBRAND.NS,984.9,1001.0,96.79K,Retail Trade,Apparel/Footwear Retail,32.0,14.0,39.0,28.0,26.5786,25.0,48.64K,33.16K,1340.4,883.0,267.41B,No,1039.22,1030.75,1059.94,1030.12,1021.06,498
2448,USK.NS,22.9,22.96,15.31K,Industrial Services,Engineering & Construction,32.0,44.0,47.0,58.0,1.1029,1.0964,23.11K,17.47K,37.98,18.97,1.27B,No,22.28,23.13,23.69,23.18,23.24,497
2449,MUKTAARTS.NS,55.0,56.94,2.43K,Technology Services,Packaged Software,32.0,72.0,54.0,46.0,3.4821,3.2686,8.66K,3.66K,84.2,37.01,1.33B,No,55.5,58.64,58.24,58.23,55.53,499
2450,NTPCGREEN.NS,91.33,90.66,2296.04K,Utilities,Alternative Power Generation,32.0,33.0,13.0,50.0,2.3993,2.285,6170.08K,15788.39K,119.95,84.0,769.58B,No,92.58,95.36,96.61,95.01,96.92,423
2451,ZENOTECH.BO,44.28,44.57,5.97K,Health Technology,Pharmaceuticals: Major,32.0,38.0,48.0,44.0,1.7557,1.705,6.49K,4.46K,60.0,33.55,2.70B,No,45.43,45.09,45.84,44.87,44.69,496
2452,ASTRAZEN.NS,8075.5,8108.5,3.20K,Health Technology,Pharmaceuticals: Major,32.0,37.0,37.0,30.0,172.5714,162.4643,10.34K,19.29K,9849.5,7551.5,201.89B,No,8115.48,8280.63,8609.21,8230.65,8386.03,499
2453,NUTECGLOB.BO,23.9,25.14,0.01K,Process Industries,Textiles,32.0,74.0,23.0,41.0,1.0986,0.1971,0.67K,0.36K,33.23,19.46,76.57M,No,24.35,25.83,25.28,25.94,24.82,496
2454,ADVANIHOTR.NS,50.77,50.53,26.01K,Consumer Services,Hotels/Resorts/Cruise Lines,32.0,30.0,31.0,22.0,1.4557,1.4436,26.66K,21.51K,68.39,47.0,4.69B,No,51.74,52.45,54.55,52.25,53.42,499
2455,SHREDIGCEM.NS,72.22,72.23,67.00K,Non-Energy Minerals,Construction Materials,32.0,28.0,39.0,38.0,2.0686,1.9907,100.91K,111.98K,107.7,53.9,10.68B,No,73.51,73.66,77.51,74.3,72.06,499
2456,KJMCCORP.BO,52.5,52.0,0.24K,Finance,Investment Banks/Brokers,32.0,48.0,49.0,54.0,3.4557,2.7893,0.57K,0.17K,87.0,41.0,211.60M,No,54.53,54.78,54.88,54.36,52.47,497
2457,RESPONIND.NS,171.43,173.12,61.06K,Non-Energy Minerals,Forest Products,32.0,3.0,35.0,44.0,9.3936,9.3936,1138.14K,417.97K,240.9,117.25,45.70B,No,181.34,186.39,180.83,188.08,172.58,498
2458,SURYAAMBA.BO,126.0,118.3,0.01K,Process Industries,Textiles,32.0,40.0,46.0,23.0,8.6786,7.8071,0.26K,0.20K,158.55,100.4,369.42M,No,120.76,120.9,122.71,122.1,121.46,495
2459,HARLETH.BO,64.16,64.16,0.45K,Process Industries,Chemicals: Major Diversified,32.0,61.0,15.0,59.0,2.5929,2.4371,1.24K,1.06K,88.8,50.15,312.57M,No,62.4,63.96,64.21,63.59,62.04,497
2460,LTTS.NS,3596.0,3575.3,79.09K,Commercial Services,Miscellaneous Commercial Services,32.0,81.0,36.0,32.0,101.7928,99.0143,159.69K,112.90K,4726.0,3010.0,377.12B,No,3452.49,3356.52,3731.58,3364.6,3462.75,500
2461,BALMLAWRIE.NS,176.74,175.76,70.91K,Producer Manufacturing,Industrial Conglomerates,32.0,46.0,25.0,45.0,3.1507,3.0343,164.07K,125.95K,238.2,148.36,30.22B,No,176.89,178.47,179.97,177.8,176.67,500
2462,KRYPTONQ.BO,36.99,36.27,2.54K,Consumer Durables,Automotive Aftermarket,31.0,12.0,44.0,41.0,2.385,2.3086,5.32K,4.95K,56.5,26.5,543.65M,No,38.04,36.84,38.99,37.18,37.02,497
2463,JARO.NS,456.0,453.85,66.08K,Technology Services,Internet Software/Services,31.0,6.0,67.0,23.0,14.1929,14.0571,285.04K,91.61K,890.0,383.5,10.10B,No,481.87,515.99,510.7,509.21,479.68,211
2464,INDAG.BO,97.15,95.47,1.67K,Producer Manufacturing,Miscellaneous Manufacturing,31.0,56.0,62.0,26.0,3.645,3.3593,10.60K,2.77K,142.7,77.36,2.55B,No,96.36,92.34,104.93,93.29,96.25,497
2465,SBICARD.NS,660.0,665.7,530.44K,Finance,Finance/Rental/Leasing,31.0,81.0,54.0,19.0,15.3286,14.6286,1402.18K,1199.74K,965.0,565.45,628.08B,No,644.67,619.53,734.86,622.97,676.77,500
2466,DEN.NS,27.47,27.44,229.35K,Consumer Services,Cable/Satellite Tv,31.0,29.0,43.0,35.0,0.5471,0.5414,1062.19K,305.77K,37.93,22.52,13.04B,No,27.84,28.52,29.13,28.71,27.92,498
2467,SONAL.NS,89.95,88.0,0.02K,Finance,Finance/Rental/Leasing,31.0,26.0,,,3.3371,2.4129,0.10K,0.17K,104.75,85.05,,No,91.5,92.46,,90.89,,51
2468,RIDDHICORP.BO,59.51,60.2,0.14K,Transportation,Other Transportation,31.0,37.0,38.0,24.0,2.3643,1.94,2.31K,0.69K,83.0,50.75,706.21M,No,59.8,60.97,64.15,60.91,62.13,497
2469,TORNTPOWER.NS,1325.2,1323.5,404.04K,Utilities,Electric Utilities,31.0,24.0,6.0,35.0,29.9,29.6286,407.08K,340.43K,1824.1,1188.0,667.77B,No,1413.48,1416.06,1416.09,1406.5,1457.56,499
2470,KANCHI.NS,360.1,361.9,0.34K,Process Industries,Chemicals: Specialty,31.0,39.0,25.0,,11.9857,10.8929,0.96K,0.76K,463.35,334.7,,No,363.59,366.48,,364.38,,76
2471,TRIDENT.NS,24.9,24.91,2043.27K,Process Industries,Textiles,31.0,37.0,33.0,33.0,0.4586,0.4429,6892.21K,8896.21K,30.94,21.98,126.88B,No,25.12,25.2,25.99,25.31,25.23,500
2472,JUBLFOOD.NS,480.15,485.0,2347.79K,Consumer Services,Restaurants,31.0,76.0,48.0,31.0,12.8107,12.0571,3519.49K,2013.94K,670.45,408.55,315.78B,No,436.46,430.1,497.92,430.31,464.2,500
2473,KNRCON.NS,139.7,132.96,3948.84K,Industrial Services,Engineering & Construction,31.0,76.0,59.0,30.0,4.035,3.9979,1287.51K,493.87K,220.0,108.65,39.29B,No,124.93,128.42,140.0,129.7,129.64,500
2474,SOLIMAC.BO,102.7,103.3,1.01K,Producer Manufacturing,Industrial Machinery,31.0,88.0,61.0,38.0,7.3571,7.045,3.72K,8.09K,141.0,72.2,466.48M,No,95.28,94.34,102.17,94.8,97.64,496
2475,BIRLAMONEY.NS,133.53,133.37,34.05K,Finance,Investment Banks/Brokers,31.0,22.0,26.0,52.0,4.4086,4.3893,92.52K,55.24K,197.39,95.0,7.55B,No,137.31,138.32,138.95,138.4,132.43,499
2476,DECPO.BO,29.0,30.4,0.10K,Process Industries,Containers/Packaging,31.0,9.0,7.0,48.0,0.3714,0.1714,0.04K,0.01K,46.5,20.28,61.34M,No,30.28,32.65,33.35,32.49,32.7,498
2477,BAJAJHCARE.NS,329.2,332.95,97.01K,Health Technology,Pharmaceuticals: Major,31.0,32.0,43.0,31.0,15.6143,15.4179,561.97K,511.60K,515.9,272.35,11.08B,No,341.98,325.06,358.08,327.06,328.67,500
2478,RISHIROOP.BO,97.14,96.91,2.71K,Process Industries,Chemicals: Specialty,31.0,65.0,50.0,52.0,3.06,2.9629,1.72K,1.51K,141.0,71.5,890.15M,No,94.26,92.69,97.43,92.84,92.02,497
2479,UNITEDPOLY.NS,29.01,29.33,29.47K,Process Industries,Textiles,31.0,16.0,22.0,35.0,1.8236,1.8236,93.23K,63.91K,51.16,20.6,6.66B,No,29.91,31.68,31.55,31.38,29.53,497
2480,BAJAJHFL.NS,86.41,86.98,2168.42K,Finance,Finance/Rental/Leasing,31.0,43.0,46.0,31.0,1.4314,1.32,4635.33K,3537.23K,117.98,72.65,719.68B,No,86.47,86.32,90.84,86.7,86.32,472
2481,MANAKCOAT.NS,114.32,117.92,438.44K,Non-Energy Minerals,Steel,31.0,21.0,70.0,22.0,4.2164,4.175,403.25K,413.37K,182.82,94.2,12.14B,No,123.19,115.12,122.03,116.33,113.83,499
2482,TIRUFOAM.BO,87.0,87.0,0.88K,Consumer Durables,Home Furnishings,31.0,94.0,43.0,32.0,4.0471,1.1714,1.41K,1.05K,134.4,56.1,383.41M,No,79.72,73.23,85.11,73.87,79.82,497
2483,ABHICAP.BO,108.45,109.0,0.04K,Finance,Finance/Rental/Leasing,31.0,38.0,21.0,23.0,10.3036,9.5393,0.35K,0.25K,157.0,91.0,750.97M,No,107.99,109.11,117.67,108.62,116.45,499
2484,GARWSYN.BO,20.3,20.14,0.28K,Process Industries,Textiles,31.0,15.0,22.0,40.0,0.925,0.65,1.33K,1.10K,30.42,11.81,117.92M,No,19.36,19.0,20.34,19.12,20.56,497
2485,RAMCOCEM.NS,938.2,922.15,79.63K,Non-Energy Minerals,Construction Materials,31.0,55.0,45.0,14.0,21.5714,21.1857,218.07K,135.78K,1214.5,838.3,221.43B,No,925.45,907.8,994.71,914.53,977.84,499
2486,VOITHPAPR.BO,1521.75,1479.75,0.75K,Process Industries,Textiles,31.0,59.0,37.0,37.0,38.7929,37.1571,0.42K,0.57K,2065.0,1350.0,6.68B,No,1465.24,1487.16,1611.33,1482.31,1528.65,496
2487,BEDMUTHA.NS,112.41,115.0,2.33K,Non-Energy Minerals,Steel,31.0,56.0,50.0,20.0,4.2493,4.1379,4.99K,3.54K,154.9,94.55,3.63B,No,109.16,109.7,115.28,109.91,115.59,498
2488,ALUFLUOR.BO,436.65,443.4,20.96K,Non-Energy Minerals,Aluminum,31.0,19.0,6.0,36.0,21.6643,20.5714,15.69K,18.98K,615.0,377.6,3.41B,No,463.62,461.38,459.48,459.5,470.02,497
2489,FDC.NS,371.1,387.55,857.37K,Health Technology,Pharmaceuticals: Major,31.0,5.0,47.0,37.0,14.7036,14.6286,333.53K,136.63K,527.8,312.95,60.24B,No,411.22,406.83,392.35,404.54,377.19,499
2490,SOBHA.NS,1355.9,1361.0,73.90K,Finance,Real Estate Development,31.0,14.0,34.0,28.0,41.5357,41.1857,179.47K,399.81K,1732.0,1130.0,145.02B,No,1413.78,1400.18,1433.84,1401.0,1390.7,499
2491,PERMAGN.BO,821.0,842.25,6.65K,Producer Manufacturing,Industrial Machinery,31.0,11.0,23.0,45.0,24.7822,24.0893,4.13K,1.99K,1229.9,618.6,7.06B,No,855.48,872.54,848.01,873.36,832.22,497
2492,SURAJ.BO,219.55,220.0,1.94K,Non-Energy Minerals,Steel,31.0,30.0,34.0,66.0,11.0429,11.0429,2.92K,2.47K,444.7,156.2,2.50B,No,224.35,231.52,241.77,229.98,222.5,496
2493,ANUP.NS,1993.3,2214.0,677.72K,Producer Manufacturing,Industrial Machinery,31.0,14.0,28.0,59.0,97.2071,96.2143,41.88K,18.23K,2576.0,1422.3,39.93B,No,2144.77,2119.56,2046.06,2129.44,1937.02,499
2494,TEGA.NS,1583.3,1580.6,47.26K,Distribution Services,Wholesale Distributors,31.0,40.0,39.0,28.0,53.7643,53.1857,132.35K,157.03K,2125.0,1473.0,118.95B,No,1593.13,1684.33,1764.25,1668.51,1699.4,498
2495,ORGANICREC.BO,229.8,229.0,48.00K,Industrial Services,Environmental Services,31.0,34.0,32.0,27.0,3.0357,2.975,63.60K,46.74K,315.0,206.0,2.38B,No,230.24,232.58,240.97,230.93,235.34,497
2496,WORKMATES.BO,330.0,325.25,6.00K,Technology Services,Packaged Software,31.0,83.0,34.0,27.0,12.8,10.8429,32.22K,8.22K,514.0,264.0,4.26B,No,325.97,308.3,,312.37,325.7,178
2497,NIMBSPROJ.NS,181.0,189.0,0.81K,Finance,Real Estate Development,31.0,18.0,45.0,,9.2114,9.2114,38.83K,1.07K,231.23,165.81,3.50B,No,191.33,200.36,,199.09,,87
2498,BRIGADE.NS,571.95,570.3,196.86K,Finance,Real Estate Development,30.0,81.0,36.0,47.0,16.7071,15.7464,724.29K,363.93K,802.01,450.75,186.55B,No,559.33,530.39,586.05,538.7,541.42,499
2499,GODAVARIB.NS,254.35,267.4,233.81K,Process Industries,Agricultural Commodities/Milling,30.0,31.0,11.0,43.0,9.6179,9.2214,154.58K,93.65K,353.0,227.42,13.02B,No,266.86,274.96,280.42,272.4,288.45,440
2500,MUTHOOTFIN.NS,2903.6,2892.0,975.33K,Finance,Finance/Rental/Leasing,30.0,16.0,9.0,8.0,105.6429,87.2143,1067.79K,1543.70K,4149.5,2476.6,1165.70B,No,3001.71,3057.94,3429.05,3052.13,3335.79,500
2501,BEML.NS,1725.1,1671.6,304.26K,Producer Manufacturing,Trucks/Construction/Farm Machinery,30.0,26.0,17.0,33.0,48.3571,47.1143,266.78K,153.21K,2275.75,1355.0,143.68B,No,1773.88,1772.37,1782.23,1774.49,1720.41,500
2502,NELCAST.NS,124.34,125.94,58.39K,Non-Energy Minerals,Steel,30.0,9.0,18.0,81.0,7.0486,6.9671,420.57K,1050.88K,176.39,85.98,10.87B,No,127.67,134.31,121.83,134.14,126.74,499
2503,CEETAIN.BO,39.01,41.61,0.30K,Producer Manufacturing,Building Products,30.0,80.0,25.0,49.0,2.4229,2.1764,1.55K,0.38K,54.75,30.4,565.74M,No,39.4,39.78,40.55,39.55,41.81,497
2504,FRONTCORP.BO,34.5,33.88,0.01K,Distribution Services,Wholesale Distributors,30.0,22.0,29.0,57.0,0.6421,0.3521,0.14K,0.12K,61.49,25.05,172.45M,No,34.46,34.75,34.44,34.65,32.37,497
2505,INTRGLB.BO,67.0,63.99,0.00K,Finance,Finance/Rental/Leasing,30.0,8.0,43.0,30.0,3.835,3.2207,1.69K,2.12K,112.87,45.6,908.81M,No,64.22,66.3,71.53,65.83,63.94,497
2506,ADMANUM.BO,54.34,55.15,2.93K,Finance,Finance/Rental/Leasing,30.0,13.0,51.0,42.0,4.2843,4.2221,3.72K,1.99K,76.0,42.2,407.55M,No,57.39,59.47,57.26,59.39,55.56,497
2507,TLL.BO,254.5,254.8,40.20K,Health Technology,Pharmaceuticals: Major,30.0,43.0,56.0,20.0,6.2107,5.8929,34.74K,29.70K,328.0,229.95,3.04B,No,261.44,255.64,273.81,256.96,262.71,496
2508,COMPEAU.BO,352.2,364.3,7.62K,Retail Trade,Specialty Stores,30.0,28.0,30.0,26.0,18.2036,18.1821,1.17K,3.04K,435.0,320.05,2.16B,No,370.03,369.82,378.14,370.2,369.79,497
2509,FLEXFO.BO,43.02,43.99,5.29K,Consumer Non-Durables,Food: Specialty/Candy,30.0,53.0,48.0,42.0,4.4093,4.3721,4.26K,4.27K,68.9,29.36,540.33M,No,43.42,43.54,44.92,43.79,42.31,497
2510,ABFRL.NS,63.26,62.1,12215.85K,Retail Trade,Apparel/Footwear Retail,30.0,72.0,34.0,31.0,1.9314,1.8536,5272.05K,5735.50K,94.95,53.51,76.97B,No,58.95,59.87,67.4,60.08,62.91,500
2511,HPBL.BO,182.9,177.25,1.77K,Process Industries,Containers/Packaging,30.0,17.0,2.0,64.0,10.2893,10.2893,15.08K,8.85K,284.45,140.1,1.95B,No,184.84,203.2,191.95,199.19,196.8,497
2512,ALLDIGI.NS,808.8,811.6,6.53K,Commercial Services,Miscellaneous Commercial Services,30.0,49.0,44.0,23.0,36.0893,31.3464,9.62K,28.93K,1076.9,700.0,12.32B,No,830.61,820.54,829.06,814.3,814.69,497
2513,ARTSON.BO,148.8,146.3,3.72K,Producer Manufacturing,Industrial Machinery,30.0,16.0,35.0,39.0,7.0607,6.7214,19.71K,2.94K,227.5,125.3,5.49B,No,153.4,162.26,155.37,164.16,153.86,497
2514,THOMASCOOK.NS,106.14,104.52,1132.78K,Consumer Services,Other Consumer Services,30.0,58.0,63.0,17.0,4.27,4.1121,3428.02K,1368.44K,181.55,86.35,50.15B,No,102.58,104.46,117.64,104.46,104.03,500
2515,BLUESTARCO.NS,1571.0,1665.0,2326.05K,Producer Manufacturing,Industrial Machinery,30.0,40.0,25.0,17.0,55.2357,55.1571,432.57K,205.91K,2040.0,1450.0,322.99B,No,1682.38,1639.59,1759.61,1629.26,1728.26,500
2516,VRAJ.NS,122.26,124.18,12.39K,Non-Energy Minerals,Steel,30.0,76.0,33.0,40.0,4.5393,4.5314,46.79K,26.18K,172.2,93.0,4.03B,No,128.6,123.4,126.68,122.75,123.16,500
2517,GANVERSE.BO,26.85,26.94,3.75K,Finance,Real Estate Development,30.0,2.0,49.0,44.0,1.4536,1.1286,24.12K,15.38K,42.5,16.6,660.37M,No,28.78,28.58,27.82,28.99,26.56,498
2518,LICHSGFIN.NS,508.95,512.05,2571.16K,Finance,Finance/Rental/Leasing,30.0,19.0,17.0,33.0,11.4714,11.1714,1560.16K,1278.95K,598.2,458.9,277.78B,No,538.64,543.83,539.09,542.88,532.31,500
2519,TIERRA.BO,37.8,37.76,56.09K,Process Industries,Agricultural Commodities/Milling,30.0,19.0,25.0,12.0,2.8229,2.7336,4.33K,5.88K,61.74,34.35,2.46B,No,41.09,40.77,44.16,40.32,42.11,496
2520,JMFINANCIL.NS,128.5,126.12,3538.20K,Finance,Investment Banks/Brokers,30.0,58.0,28.0,41.0,3.8686,3.6429,2841.91K,2208.05K,199.8,112.0,122.97B,No,124.04,124.44,134.94,124.77,128.48,500
2521,NAHARPOLY.NS,244.35,273.8,140.95K,Process Industries,Textiles,30.0,29.0,23.0,45.0,14.675,13.0357,18.71K,34.94K,338.8,200.0,6.01B,No,263.95,256.01,252.99,253.66,247.22,498
2522,KJMCFIN.BO,59.2,51.6,10.14K,Finance,Investment Banks/Brokers,30.0,83.0,63.0,59.0,3.7064,3.3464,0.78K,0.80K,95.0,41.21,277.33M,No,53.88,53.93,57.35,54.97,52.36,497
2523,EASTBUILD.BO,54.85,54.99,0.00K,Consumer Durables,Homebuilding,30.0,11.0,29.0,14.0,2.3529,1.85,0.08K,0.03K,71.25,38.36,94.31M,No,53.24,57.87,55.91,57.49,56.26,496
2524,TARC.NS,135.51,136.07,201.48K,Finance,Real Estate Development,30.0,72.0,47.0,20.0,5.43,5.3071,1655.01K,2036.72K,186.3,109.1,39.99B,No,127.06,126.98,140.24,127.46,134.79,498
2525,KEYFINSERV.NS,259.0,258.35,0.63K,Finance,Investment Banks/Brokers,30.0,21.0,16.0,23.0,11.7886,11.7021,2.16K,1.38K,382.1,220.0,1.44B,No,259.86,258.5,280.29,257.14,269.16,499
2526,CORALFINAC.NS,33.48,33.46,270.50K,Finance,Investment Managers,30.0,42.0,43.0,33.0,2.6214,2.6093,30.24K,98.68K,50.9,25.01,1.35B,No,32.74,32.49,35.28,32.57,33.12,499
2527,GMRP&UI.NS,97.1,95.67,458.94K,Industrial Services,Engineering & Construction,30.0,41.0,22.0,35.0,2.6393,2.58,1611.55K,780.54K,136.95,89.0,75.84B,No,98.15,101.22,108.15,100.45,104.62,500
2528,GSFC.NS,162.6,162.23,413.06K,Process Industries,Chemicals: Agricultural,30.0,49.0,29.0,20.0,3.0093,2.7536,661.48K,461.30K,220.59,138.83,64.72B,No,159.44,161.53,171.12,161.37,165.32,500
2529,HEIDELBERG.NS,156.74,156.49,34.25K,Non-Energy Minerals,Construction Materials,30.0,35.0,42.0,26.0,2.9614,2.905,115.39K,90.83K,224.8,136.1,35.62B,No,157.23,154.9,164.81,154.56,157.46,500
2530,SBFL.BO,23.15,23.64,0.45K,Process Industries,Textiles,30.0,79.0,45.0,29.0,2.2436,2.0886,0.98K,0.81K,33.44,19.5,219.92M,No,23.45,22.75,24.94,22.93,24.42,496
2531,RASANDIK.BO,64.7,64.08,0.02K,Producer Manufacturing,Auto Parts: Oem,30.0,62.0,41.0,56.0,2.2243,1.9014,1.00K,0.47K,94.0,47.05,386.58M,No,63.12,63.82,64.7,63.55,62.17,497
2532,ABMINTLLTD.NS,41.41,42.24,0.19K,Industrial Services,Engineering & Construction,30.0,49.0,37.0,65.0,3.9907,3.79,1.17K,4.01K,62.85,34.0,389.59M,No,42.26,42.07,43.9,41.53,42.87,499
2533,KEYCORP.BO,78.25,78.49,2.19K,Finance,Finance/Rental/Leasing,30.0,94.0,58.0,30.0,4.4407,4.3836,1.28K,1.01K,137.9,56.3,469.50M,No,70.48,66.17,75.78,66.85,73.28,497
2534,CANTABIL.NS,228.1,245.81,671.85K,Consumer Non-Durables,Apparel/Footwear,30.0,9.0,39.0,9.0,8.8421,8.775,260.27K,92.20K,321.5,208.5,19.08B,No,247.15,238.09,252.25,238.57,248.59,498
2535,PANCM.BO,113.1,119.0,0.15K,Non-Energy Minerals,Construction Materials,29.0,90.0,55.0,18.0,5.3836,4.1857,0.26K,0.33K,152.0,88.5,907.22M,No,109.49,103.42,119.4,102.21,115.47,497
2536,ADL.NS,70.1,71.75,1.38K,Commercial Services,Miscellaneous Commercial Services,29.0,33.0,37.0,30.0,4.3214,3.8386,1.13K,1.11K,109.9,50.26,390.19M,No,71.33,70.93,73.83,70.05,70.65,498
2537,STERTOOLS.NS,249.0,251.9,26.14K,Producer Manufacturing,Metal Fabrication,29.0,65.0,42.0,42.0,11.385,11.2593,152.22K,17.79K,361.95,155.0,9.05B,No,245.6,239.86,248.33,239.33,230.67,498
2538,SELMC.NS,27.98,27.49,1.74K,Process Industries,Textiles,29.0,36.0,28.0,34.0,1.2543,1.2507,7.46K,4.90K,43.36,26.33,928.36M,No,28.21,29.03,30.72,28.99,29.82,497
2539,EKC.NS,110.9,109.53,186.77K,Producer Manufacturing,Industrial Machinery,29.0,30.0,26.0,44.0,3.4929,3.4457,347.24K,184.33K,156.79,90.25,12.44B,No,110.93,113.52,117.22,112.87,112.9,499
2540,DYNAMIND.BO,106.0,107.0,0.69K,Process Industries,Industrial Specialties,29.0,32.0,36.0,13.0,4.2786,3.4286,0.71K,1.60K,189.9,83.2,321.63M,No,109.12,109.9,115.68,109.88,107.14,497
2541,ASTEC.NS,620.35,616.55,11.03K,Process Industries,Chemicals: Agricultural,29.0,12.0,19.0,53.0,25.3643,25.0822,108.56K,35.70K,941.75,513.4,13.82B,No,661.02,714.28,682.25,707.54,668.93,500
2542,VAMSHIRU.BO,41.0,41.72,3.75K,Producer Manufacturing,Miscellaneous Manufacturing,29.0,26.0,28.0,25.0,3.1136,2.9757,2.33K,8.82K,63.9,36.0,172.48M,No,40.8,41.3,44.94,41.71,42.9,496
2543,NDGL.NS,2730.0,2756.6001,0.11K,Finance,Finance/Rental/Leasing,29.0,33.0,50.0,52.0,114.0714,110.2,0.26K,0.08K,4357.4,2100.0,2.73B,No,2780.55,2667.74,2820.81,2694.82,2605.62,498
2544,DCAL.NS,196.31,195.43,221.23K,Health Technology,Pharmaceuticals: Major,29.0,46.0,58.0,32.0,6.7086,6.5164,558.98K,154.15K,321.95,128.5,30.52B,No,189.94,185.84,206.2,186.43,184.31,498
2545,IITL.NS,142.35,142.58,167.78K,Finance,Financial Conglomerates,29.0,65.0,19.0,39.0,10.0986,9.6557,108.90K,124.13K,216.0,108.0,3.20B,No,132.36,134.55,151.42,131.99,141.14,498
2546,ASIAN.BO,33.79,34.0,3.15K,Commercial Services,Miscellaneous Commercial Services,29.0,27.0,27.0,34.0,2.1007,1.9814,0.81K,0.74K,50.0,29.1,117.83M,No,34.54,35.29,36.54,34.98,35.63,498
2547,MADALA.BO,195.0,196.9,0.15K,Technology Services,Information Technology Services,29.0,28.0,45.0,27.0,12.225,11.4607,0.55K,0.41K,316.3,157.5,2.88B,No,196.12,193.95,208.04,193.15,197.17,498
2548,UBL.NS,1415.3,1412.6,90.28K,Consumer Non-Durables,Beverages: Alcoholic,29.0,66.0,50.0,39.0,37.2357,36.4143,170.50K,219.19K,1939.9,1276.0,374.21B,No,1390.45,1357.77,1528.62,1361.19,1457.45,499
2549,MADHAV.NS,35.05,35.76,1.11K,Non-Energy Minerals,Construction Materials,29.0,24.0,33.0,36.0,1.7543,1.695,4.50K,3.50K,49.95,29.0,319.77M,No,34.74,36.06,38.06,36.27,36.49,498
2550,VESUVIUS.NS,445.85,450.2,46.04K,Non-Energy Minerals,Construction Materials,29.0,33.0,15.0,32.0,9.4786,9.3107,91.13K,44.63K,607.9,430.3,90.49B,No,458.28,462.6,479.32,460.6,478.59,498
2551,EIHAHOTELS.NS,310.45,309.4,9.97K,Consumer Services,Hotels/Resorts/Cruise Lines,29.0,37.0,32.0,28.0,10.6143,10.475,15.50K,18.24K,434.9,266.65,18.92B,No,316.94,314.72,332.94,314.56,319.44,499
2552,BROOKS.NS,60.05,60.29,27.62K,Health Technology,Pharmaceuticals: Major,29.0,4.0,74.0,36.0,2.5971,2.5957,51.32K,18.47K,164.02,36.3,1.77B,No,64.92,67.73,73.79,67.47,63.19,499
2553,COCHINSHIP.NS,1490.0,1425.0,3349.14K,Producer Manufacturing,Trucks/Construction/Farm Machinery,29.0,66.0,11.0,23.0,31.25,31.0072,1452.92K,848.62K,1979.9,1187.0,391.99B,No,1410.5,1437.75,1540.07,1442.95,1488.66,500
2554,TYROON.BO,85.03,87.94,0.51K,Process Industries,Agricultural Commodities/Milling,29.0,59.0,22.0,37.0,2.805,2.2321,0.22K,0.07K,117.9,73.65,289.28M,No,88.51,88.79,92.26,87.29,89.36,497
2555,RUCHIRA.NS,111.21,110.41,19.84K,Process Industries,Pulp & Paper,29.0,73.0,23.0,32.0,3.2164,3.0943,36.69K,52.14K,173.0,95.17,3.32B,No,106.88,108.92,115.79,109.0,111.52,499
2556,KOTHARIPRO.NS,67.83,68.26,3.05K,Distribution Services,Wholesale Distributors,29.0,45.0,25.0,46.0,2.7343,2.7264,9.97K,7.96K,109.0,58.0,4.06B,No,67.94,69.58,72.29,69.31,68.82,499
2557,SPMLINFRA.NS,194.7,196.59,101.26K,Industrial Services,Engineering & Construction,29.0,62.0,22.0,59.0,5.6614,5.555,345.66K,159.17K,309.9,151.01,16.38B,No,198.06,197.4,192.58,196.71,189.87,499
2558,AMCOIND.BO,69.0,69.2,0.19K,Producer Manufacturing,Industrial Machinery,29.0,80.0,55.0,15.0,5.6707,5.1386,2.10K,9.58K,104.99,56.5,283.59M,No,67.6,64.81,71.9,65.15,69.33,497
2559,MANSIFIN.BO,62.0,62.0,0.10K,Finance,Finance/Rental/Leasing,29.0,47.0,11.0,17.0,2.4564,1.98,0.39K,0.13K,111.95,54.52,219.16M,No,61.18,60.9,70.38,60.65,68.13,497
2560,OLYMPTX.BO,30.0,28.63,0.07K,Process Industries,Textiles,29.0,59.0,25.0,26.0,2.3686,2.3421,1.12K,0.57K,43.0,26.0,180.71M,No,29.53,29.81,31.7,29.86,30.44,497
2561,STRATMONT.BO,58.21,57.03,2.88K,Energy Minerals,Coal,29.0,16.0,49.0,54.0,3.1507,2.8,3.30K,0.48K,104.06,45.31,1.66B,No,59.66,62.93,64.17,61.44,63.4,496
2562,OMINFRAL.NS,89.67,89.36,62.62K,Industrial Services,Engineering & Construction,29.0,39.0,26.0,61.0,3.8114,3.6721,152.88K,228.65K,144.0,71.5,8.64B,No,88.98,87.62,92.71,87.93,87.11,499
2563,STUDDS.NS,446.55,439.5,67.95K,Consumer Durables,Recreational Products,29.0,30.0,33.0,21.0,11.2321,10.9714,240.98K,31.81K,600.0,427.55,17.57B,No,447.51,464.26,,463.35,478.72,188
2564,SUNILTX.BO,78.82,71.5,0.30K,Consumer Non-Durables,Apparel/Footwear,29.0,6.0,17.0,15.0,1.3607,0.0,0.06K,0.12K,98.8,59.5,331.04M,No,83.1,83.02,82.28,83.01,80.89,497
2565,ARYACAPM.BO,395.05,398.75,0.88K,Finance,Investment Banks/Brokers,29.0,34.0,16.0,19.0,25.875,23.9786,0.33K,0.77K,753.85,365.55,4.73B,No,401.85,406.64,453.05,408.92,429.13,497
2566,VEEFIN.BO,289.15,297.35,29.40K,Technology Services,Packaged Software,29.0,20.0,39.0,46.0,12.3321,12.2679,46.23K,30.76K,429.2,211.05,7.38B,No,309.14,315.02,319.14,312.79,298.16,496
2567,PUNJABCHEM.NS,1110.6,1100.1,5.48K,Process Industries,Chemicals: Agricultural,29.0,59.0,50.0,25.0,48.9714,48.6,26.49K,34.56K,1533.9,876.6,13.62B,No,1143.53,1072.02,1134.61,1073.65,1067.23,497
2568,KGPETRO.BO,185.85,185.85,0.10K,Process Industries,Textiles,29.0,78.0,55.0,35.0,1.6321,0.65,0.01K,0.00K,284.7,167.05,970.32M,No,177.21,177.64,209.22,177.43,199.42,498
2569,QUESTCAP.BO,261.0,267.0,0.34K,Finance,Investment Banks/Brokers,29.0,23.0,41.0,38.0,8.7,7.8214,1.31K,2.83K,374.0,222.0,2.61B,No,270.22,272.68,280.59,270.26,265.38,497
2570,ALKOSIGN.BO,61.49,59.92,2.25K,Producer Manufacturing,Miscellaneous Manufacturing,29.0,28.0,40.0,32.0,2.7471,2.1521,9.02K,2.36K,84.8,50.07,663.63M,No,64.91,60.87,66.32,60.5,62.82,499
2571,APTUS.NS,260.8,264.3,824.00K,Finance,Finance/Rental/Leasing,29.0,16.0,38.0,30.0,8.7179,8.6107,1437.17K,1162.82K,364.0,193.03,130.61B,No,282.94,274.77,266.45,274.95,255.35,500
2572,DHANFAB.BO,49.75,49.75,0.03K,Process Industries,Textiles,28.0,49.0,41.0,30.0,1.2564,0.5,0.14K,0.10K,66.0,46.81,426.91M,No,50.62,50.28,55.13,49.93,54.1,496
2573,STDBAT.BO,47.41,47.5,0.56K,Producer Manufacturing,Electrical Products,28.0,52.0,27.0,69.0,2.55,2.4257,1.51K,1.45K,66.0,35.95,245.16M,No,48.74,49.29,48.79,49.18,47.62,496
2574,VITAL.NS,49.5,49.35,1.04K,Process Industries,Chemicals: Specialty,28.0,29.0,13.0,32.0,0.8814,0.4164,3.97K,1.73K,69.4,35.4,1.19B,No,49.79,51.63,54.11,51.51,52.32,497
2575,ALPA.NS,69.97,67.32,41.43K,Health Technology,Pharmaceuticals: Major,28.0,55.0,50.0,45.0,2.8779,2.875,16.26K,9.06K,101.0,46.1,1.47B,No,68.04,68.47,71.42,68.47,66.74,498
2576,PHARMAID.BO,35.5,32.2,54.16K,Health Technology,Pharmaceuticals: Major,28.0,69.0,75.0,16.0,2.825,2.7607,17.09K,3.85K,68.0,25.6,1.25B,No,32.05,32.1,37.94,32.67,33.5,497
2577,ACCELYA.NS,1137.2,1138.1,5.88K,Technology Services,Packaged Software,28.0,58.0,45.0,20.0,25.9929,25.9929,7.36K,8.65K,1527.0,1012.4,16.97B,No,1140.19,1126.6,1219.5,1129.27,1171.35,500
2578,LAFFANSQ.BO,29.7,27.8,0.00K,Process Industries,Chemicals: Specialty,28.0,22.0,39.0,54.0,1.9443,1.8407,2.48K,2.08K,41.78,23.0,237.60M,No,27.88,28.64,30.47,28.37,29.31,497
2579,JUSTO.BO,89.0,86.0,4.00K,Finance,Real Estate Development,28.0,64.0,25.0,47.0,4.5593,3.3807,7.64K,13.60K,136.8,72.0,1.73B,No,87.07,88.64,98.49,87.3,93.36,211
2580,PREMCO.NS,385.0,384.05,6.61K,Process Industries,Textiles,28.0,67.0,13.0,,12.1821,11.9607,1.16K,0.60K,484.9,355.0,,No,372.29,371.8,,372.69,,76
2581,ISFT.NS,79.99,79.89,1.82K,Retail Trade,Internet Retail,28.0,61.0,53.0,27.0,4.4393,4.4393,15.42K,14.08K,119.07,54.05,1.30B,No,77.59,79.98,82.94,79.42,77.54,498
2582,GOACARBON.NS,384.2,384.35,3.94K,Process Industries,Industrial Specialties,28.0,37.0,47.0,42.0,14.9143,14.7536,25.71K,26.49K,494.9,272.85,3.52B,No,382.28,389.52,385.2,387.3,370.6,499
2583,LAKHOTIA.BO,53.0,55.35,3.34K,Process Industries,Textiles,28.0,4.0,10.0,19.0,5.4671,4.9336,11.38K,0.61K,185.7,34.5,559.10M,No,59.02,60.53,69.41,60.04,62.28,497
2584,DONEAR.NS,84.74,84.99,5.24K,Process Industries,Textiles,28.0,40.0,28.0,35.0,2.1921,2.1764,32.96K,15.34K,116.51,77.6,4.40B,No,84.88,87.5,91.52,87.06,88.61,499
2585,GILLETTE.NS,7703.0,7688.0,8.65K,Consumer Non-Durables,Household/Personal Care,28.0,40.0,43.0,19.0,162.1429,161.75,27.24K,26.26K,10767.0,7206.0,250.71B,No,7797.45,7764.66,8102.0,7744.85,7961.63,500
2586,MADRASFERT.NS,67.01,66.86,26.35K,Process Industries,Chemicals: Agricultural,28.0,42.0,40.0,20.0,1.2636,1.2464,112.09K,42.98K,96.39,52.56,10.81B,No,67.28,68.24,71.31,68.4,67.97,498
2587,POLYCHMP.BO,48.2,47.08,0.08K,Producer Manufacturing,Industrial Machinery,28.0,15.0,26.0,31.0,2.4479,2.0479,1.84K,2.06K,66.99,44.0,270.00M,No,49.43,51.13,51.82,50.89,50.65,497
2588,PARKHOTELS.NS,120.93,122.08,110.30K,Consumer Services,Hotels/Resorts/Cruise Lines,28.0,27.0,30.0,40.0,3.5814,3.5264,185.71K,121.58K,164.1,95.1,25.80B,No,125.03,121.69,126.09,121.77,120.07,500
2589,STARLOG.BO,39.6,39.71,3.18K,Transportation,Other Transportation,28.0,65.0,30.0,51.0,2.9836,2.955,1.94K,2.24K,66.99,32.07,592.69M,No,38.87,38.25,40.12,38.49,38.68,496
2590,LYKALABS.NS,70.2,69.99,9.03K,Health Technology,Pharmaceuticals: Other,28.0,34.0,68.0,31.0,3.4486,3.3764,45.82K,27.96K,109.0,44.1,2.46B,No,65.96,67.17,69.91,67.44,63.76,498
2591,PSB.NS,23.98,23.8,1119.82K,Finance,Major Banks,28.0,38.0,31.0,17.0,0.5629,0.5386,1722.59K,1363.56K,32.46,20.5,170.15B,No,24.19,24.26,26.13,24.29,24.88,500
2592,SILVERTUC.NS,193.6,191.86,720.83K,Technology Services,Packaged Software,28.0,58.0,77.0,82.0,11.0829,11.0829,513.12K,659.53K,1117.45,100.5,24.55B,No,196.71,189.82,317.35,190.42,155.75,500
2593,BLUEDART.NS,5112.5,5293.5,38.95K,Transportation,Air Freight/Couriers,28.0,71.0,29.0,33.0,164.25,140.9214,23.83K,77.48K,7036.0,4628.5,121.31B,No,5009.47,4904.7,5342.41,4922.44,5186.12,499
2594,MINDTECK.NS,196.48,191.71,70.28K,Technology Services,Information Technology Services,28.0,25.0,28.0,18.0,6.1443,6.1071,96.25K,46.25K,307.68,145.13,6.28B,No,198.57,204.43,209.76,204.19,202.13,499
2595,DIANATEA.BO,25.31,26.3,29.34K,Process Industries,Agricultural Commodities/Milling,28.0,40.0,26.0,31.0,1.0529,0.975,5.29K,2.60K,34.0,22.75,375.67M,No,24.95,25.72,26.97,25.56,25.95,497
2596,KSR.NS,29.5,29.48,30.29K,Consumer Non-Durables,Apparel/Footwear,28.0,14.0,9.0,48.0,1.7914,1.7914,19.39K,9.30K,39.1,14.04,542.16M,No,29.26,30.88,,30.89,32.17,172
2597,PILANIINVS.NS,4315.0,4338.5,1.26K,Finance,Financial Conglomerates,28.0,41.0,24.0,28.0,71.7643,69.35,2.35K,0.95K,5980.0,4092.2,47.78B,No,4352.36,4353.93,4739.02,4349.99,4521.09,498
2598,ICICIGI.NS,1667.2,1684.0,1842.93K,Finance,Specialty Insurance,28.0,11.0,25.0,25.0,48.4786,46.2214,962.63K,867.93K,2064.9,1544.6,828.19B,No,1674.96,1736.24,1853.03,1729.21,1793.75,500
2599,KRATIKAL.BO,161.95,155.15,41.00K,Technology Services,Packaged Software,28.0,,,,7.5571,6.8464,147.50K,32.70K,199.0,155.0,1.78B,No,169.06,,,,,23
2600,BHASKAGR.BO,114.95,117.85,0.58K,Process Industries,Chemicals: Agricultural,28.0,10.0,2.0,44.0,7.3071,7.1429,1.32K,1.65K,199.9,92.0,598.85M,No,119.0,127.03,133.36,125.37,140.15,497
2601,MONEYBOXX.NS,61.65,61.82,8.98K,Finance,Regional Banks,28.0,53.0,11.0,72.0,4.0964,4.0857,38.38K,31.60K,91.5,44.02,4.38B,No,59.73,64.7,66.86,64.47,65.24,201
2602,INTLCONV.NS,75.12,75.67,10.49K,Producer Manufacturing,Miscellaneous Manufacturing,28.0,21.0,29.0,32.0,2.7571,2.7514,57.78K,72.27K,114.54,60.0,4.79B,No,76.42,79.01,81.43,78.7,77.28,500
2603,SINCLAIR.NS,76.59,74.77,179.21K,Consumer Services,Hotels/Resorts/Cruise Lines,28.0,55.0,32.0,40.0,2.6679,2.6671,35.07K,15.60K,114.75,68.82,3.93B,No,74.84,75.55,79.72,75.88,76.64,498
2604,IFBAGRO.NS,978.95,978.35,3.40K,Consumer Non-Durables,Beverages: Alcoholic,28.0,63.0,25.0,7.0,46.1643,45.4679,9.16K,8.84K,1790.0,679.15,9.07B,No,981.56,950.58,1079.51,948.98,956.21,500
2605,IREDA.NS,120.5,120.7,2993.04K,Finance,Finance/Rental/Leasing,28.0,40.0,24.0,25.0,2.3457,2.1879,6001.33K,4019.80K,163.35,108.65,338.51B,No,121.3,123.86,130.7,123.78,125.46,500
2606,INSECTICID.NS,647.0,649.0,7.03K,Process Industries,Chemicals: Agricultural,28.0,37.0,26.0,55.0,23.325,23.325,25.55K,27.88K,1058.8,518.6,18.83B,No,640.96,670.28,670.24,666.51,653.33,499
2607,AHMDSTE.BO,162.7,163.75,1.61K,Producer Manufacturing,Building Products,28.0,0.0,27.0,19.0,11.8071,11.1571,5.77K,3.16K,249.9,84.0,2.46B,No,174.81,173.81,175.17,175.06,169.32,497
2608,NEWGEN.NS,545.0,556.55,699.16K,Technology Services,Packaged Software,27.0,86.0,67.0,28.0,25.7286,24.9964,3694.65K,2827.93K,1041.95,401.05,77.04B,No,544.33,504.06,615.89,505.88,501.96,500
2609,PHOSPHATE.BO,136.6,136.05,0.10K,Process Industries,Chemicals: Agricultural,27.0,20.0,31.0,36.0,2.5607,1.8429,0.17K,0.07K,171.0,130.1,492.78M,No,142.01,143.04,143.6,144.83,143.16,497
2610,UNIQUEO.BO,93.73,87.4,6.15K,Consumer Non-Durables,Food: Major Diversified,27.0,74.0,42.0,46.0,6.6414,6.24,4.01K,1.97K,129.0,65.0,557.97M,No,79.37,85.34,94.13,84.55,88.74,496
2611,ALEMBICLTD.NS,86.66,87.14,271.96K,Health Technology,Pharmaceuticals: Major,27.0,33.0,28.0,28.0,1.9529,1.7571,286.21K,211.80K,110.56,70.46,22.25B,No,89.31,89.37,92.62,89.27,89.1,500
2612,WATERBASE.BO,42.56,42.52,5.06K,Process Industries,Agricultural Commodities/Milling,27.0,25.0,17.0,56.0,1.1293,1.1086,16.62K,10.81K,67.7,38.0,1.76B,No,43.65,44.58,47.09,44.44,46.65,496
2613,STYLEBAAZA.NS,305.4,291.1,379.07K,Retail Trade,Apparel/Footwear Retail,27.0,37.0,4.0,25.0,14.2893,13.2964,377.18K,125.40K,427.0,229.95,22.79B,No,288.78,307.09,311.22,306.21,319.05,477
2614,NSL.BO,130.9,130.25,5.21K,Consumer Non-Durables,Beverages: Alcoholic,27.0,70.0,48.0,34.0,6.3286,6.175,8.79K,7.58K,208.8,96.6,2.10B,No,132.13,128.17,136.86,129.08,127.69,497
2615,BBTC.NS,1498.0,1501.5,29.42K,Consumer Non-Durables,Food: Major Diversified,27.0,41.0,40.0,18.0,27.8286,27.5286,41.58K,30.98K,2135.0,1314.6,104.52B,No,1497.31,1516.76,1667.52,1516.71,1568.08,500
2616,TCS.NS,2373.0,2413.0,2727.97K,Technology Services,Information Technology Services,27.0,85.0,50.0,9.0,64.5642,55.4856,5192.99K,4140.44K,3350.0,1976.8,,No,2298.18,2206.68,2672.95,2202.27,2462.79,500
2617,VEDPOWER.NS,35.78,35.47,13283.41K,Utilities,Electric Utilities,27.0,6.0,,,1.6357,1.59,51431.68K,21715.19K,49.88,33.06,139.69B,No,36.97,,,,,39
2618,SATIA.NS,63.8,63.31,53.97K,Process Industries,Pulp & Paper,27.0,84.0,27.0,51.0,2.4971,2.3793,134.25K,132.46K,90.7,50.8,6.38B,No,59.64,57.11,64.08,57.6,61.43,498
2619,SURYAROSNI.NS,250.73,246.68,767.48K,Non-Energy Minerals,Steel,27.0,26.0,29.0,43.0,7.4857,7.3093,1026.20K,289.95K,326.0,187.35,54.57B,No,243.42,251.28,249.52,254.08,239.75,499
2620,MUFTI.NS,86.31,81.69,210.25K,Retail Trade,Apparel/Footwear Retail,27.0,58.0,62.0,33.0,2.8443,2.7964,183.89K,60.37K,130.7,63.06,5.72B,No,83.99,86.28,89.61,86.62,84.48,499
2621,GLCL.BO,19.98,20.47,14.50K,Commercial Services,Miscellaneous Commercial Services,27.0,60.0,10.0,44.0,1.1507,1.1486,16.35K,10.78K,36.3,12.4,121.24M,No,19.81,20.39,20.21,20.1,19.93,497
2622,GUJHOTE.BO,187.9,188.3,0.27K,Consumer Services,Hotels/Resorts/Cruise Lines,27.0,47.0,45.0,23.0,7.1786,7.1071,1.33K,1.02K,318.9,165.5,710.92M,No,186.91,186.14,199.95,187.37,190.42,497
2623,PERFEPA.BO,81.5,77.48,0.33K,Process Industries,Containers/Packaging,27.0,78.0,48.0,40.0,4.7929,4.3721,0.56K,0.88K,115.35,66.0,542.75M,No,72.19,71.76,83.1,72.56,80.11,498
2624,CENTRUM.NS,24.65,24.07,415.72K,Finance,Investment Managers,27.0,51.0,55.0,41.0,1.0414,1.0229,871.45K,327.66K,40.1,19.66,11.70B,No,23.89,23.24,26.17,23.43,24.61,500
2625,TEXRAIL.NS,108.33,107.45,1074.64K,Producer Manufacturing,Trucks/Construction/Farm Machinery,27.0,28.0,37.0,16.0,3.2,3.0136,5420.91K,1148.81K,153.0,78.05,44.08B,No,112.67,110.2,115.11,110.46,107.98,500
2626,ICRA.NS,5184.5,5121.8999,22.38K,Commercial Services,Financial Publishing/Services,27.0,36.0,40.0,13.0,150.7786,142.1357,21.52K,51.35K,6982.0,4692.0,49.90B,No,5060.84,5154.96,5650.2,5154.89,5411.8,498
2627,FRACTAL.NS,811.5,798.15,193.45K,Technology Services,Packaged Software,27.0,33.0,4.0,,35.7214,34.2964,580.47K,489.00K,1118.0,733.7,139.55B,No,830.34,895.86,,884.64,,119
2628,PGCRL.BO,116.9,119.8,12.60K,Consumer Services,Hotels/Resorts/Cruise Lines,27.0,93.0,17.0,59.0,5.1179,4.4357,13.49K,9.00K,183.65,82.1,312.95M,No,105.09,117.21,127.75,115.18,118.95,497
2629,BRIGHOTEL.NS,61.74,61.34,278.72K,Consumer Services,Hotels/Resorts/Cruise Lines,27.0,31.0,34.0,48.0,1.79,1.79,99.23K,117.37K,91.77,54.36,23.45B,No,61.66,62.66,66.31,62.5,62.05,251
2630,ARENTERP.NS,37.82,39.12,5.02K,Non-Energy Minerals,Construction Materials,27.0,78.0,43.0,32.0,4.4893,3.9271,11.00K,59.31K,60.79,30.01,122.30M,No,39.06,37.74,41.88,38.25,39.5,498
2631,TREL.NS,24.63,24.09,132.81K,Finance,Real Estate Development,27.0,29.0,22.0,26.0,0.8714,0.8714,95.62K,62.34K,36.15,21.47,6.05B,No,24.58,25.44,26.05,25.27,25.35,497
2632,CNINFOTECH.BO,90.0,88.83,5.60K,Technology Services,Information Technology Services,27.0,22.0,46.0,26.0,3.5843,3.255,33.59K,14.52K,136.0,70.0,2.20B,No,91.1,95.92,98.08,97.09,93.07,378
2633,RRECL.BO,158.75,166.75,18.15K,Finance,Real Estate Development,27.0,11.0,40.0,22.0,11.6214,11.4393,8.39K,16.89K,335.95,126.35,4.18B,No,170.74,161.09,159.3,161.94,158.9,374
2634,STANBIK.BO,27.9,27.9,4.00K,Distribution Services,Food Distributors,27.0,8.0,30.0,14.0,0.1857,0.0,3.28K,0.40K,39.4,27.2,371.76M,No,29.84,31.7,,31.26,31.86,154
2635,TCIIND.BO,1281.0,1328.0,0.07K,Finance,Real Estate Development,27.0,37.0,13.0,28.0,25.025,7.975,0.06K,0.01K,1601.0,1225.0,1.15B,No,1296.38,1378.99,1415.53,1381.97,1400.2,496
2636,AARTIPHARM.NS,692.25,683.0,165.91K,Health Technology,Pharmaceuticals: Major,27.0,45.0,23.0,26.0,21.0572,20.3929,211.75K,133.50K,946.1,585.0,62.77B,No,690.63,674.96,715.58,680.89,697.89,500
2637,NAPEROL.BO,659.7,655.7,0.97K,Process Industries,Chemicals: Specialty,27.0,36.0,35.0,52.0,14.375,13.9786,1.03K,0.51K,1060.0,490.1,3.77B,No,652.32,640.12,680.69,640.34,619.46,497
2638,TVTODAY.NS,115.65,116.6,35.53K,Consumer Services,Broadcasting,27.0,15.0,46.0,33.0,3.2914,3.2464,86.44K,36.95K,156.48,93.5,6.90B,No,118.99,117.02,123.66,117.55,116.57,498
2639,WILLAMAGOR.NS,25.25,25.47,0.63K,Finance,Financial Conglomerates,27.0,27.0,37.0,25.0,1.3664,1.345,3.02K,0.99K,37.5,21.11,276.65M,No,25.83,26.36,28.38,26.36,26.98,497
2640,ADINATH.BO,21.5,21.15,0.08K,Process Industries,Textiles,27.0,51.0,25.0,66.0,0.9114,0.9057,1.31K,0.90K,31.61,15.46,146.51M,No,20.7,21.04,22.2,20.98,20.75,497
2641,KASTURI.BO,54.5,53.85,6.00K,Producer Manufacturing,Metal Fabrication,27.0,80.0,36.0,,2.5129,1.4657,13.21K,22.60K,73.8,44.2,566.54M,No,51.46,51.78,,52.74,,128
2642,BONLON.NS,42.66,42.81,11.61K,Producer Manufacturing,Electrical Products,27.0,42.0,9.0,,2.3679,2.3679,16.52K,4.34K,57.0,34.51,698.91M,No,41.28,42.45,,42.44,,113
2643,ASSOCER.BO,169.9,171.8,0.07K,Non-Energy Minerals,Construction Materials,27.0,65.0,34.0,30.0,7.2536,5.4071,0.04K,0.06K,246.8,140.0,347.40M,No,168.62,170.54,191.02,170.43,181.54,497
2644,LFIC.NS,138.15,142.01,0.84K,Finance,Financial Conglomerates,27.0,40.0,41.0,62.0,5.6814,5.6229,2.89K,0.79K,240.9,111.0,417.99M,No,142.48,144.23,153.73,144.49,138.48,498
2645,DODLA.NS,1045.1,1044.6,18.02K,Consumer Non-Durables,Food: Meat/Fish/Dairy,26.0,14.0,30.0,20.0,32.5143,30.3,21.83K,37.29K,1500.0,964.1,63.07B,No,1062.98,1088.87,1141.38,1086.53,1097.34,498
2646,GANGESSECU.NS,119.0,120.87,1.65K,Consumer Non-Durables,Food: Specialty/Candy,26.0,57.0,31.0,40.0,3.9643,3.8793,1.82K,1.68K,178.15,103.31,1.19B,No,117.07,119.29,129.25,118.61,121.46,498
2647,OVAL.BO,53.0,55.0,4.80K,Industrial Services,Engineering & Construction,26.0,31.0,59.0,21.0,1.0,0.7321,3.96K,1.76K,86.0,42.5,1.10B,No,54.4,57.53,56.84,57.32,54.39,229
2648,POLYSPIN.BO,28.27,28.56,4.75K,Process Industries,Containers/Packaging,26.0,21.0,38.0,16.0,2.1557,1.9629,1.56K,0.61K,42.98,25.0,282.70M,No,29.08,29.41,31.36,29.2,29.92,497
2649,VIPIND.NS,314.5,309.8,326.30K,Consumer Durables,Other Consumer Specialties,26.0,69.0,61.0,20.0,8.6893,8.3857,912.76K,131.28K,456.2,278.25,44.68B,No,299.85,308.05,343.5,309.27,327.3,498
2650,KOTIC.NS,155.22,154.06,10.20K,Process Industries,Chemicals: Agricultural,26.0,13.0,16.0,,8.0664,8.0307,48.78K,9.74K,223.7,142.15,,No,165.92,163.71,,163.14,,76
2651,ACC.NS,1378.4,1394.0,160.87K,Non-Energy Minerals,Construction Materials,26.0,56.0,44.0,15.0,32.7357,32.3857,199.81K,246.53K,1987.0,1251.7,258.85B,No,1370.11,1356.79,1552.68,1358.03,1441.88,500
2652,HISARMETAL.NS,149.9,147.38,1.06K,Non-Energy Minerals,Steel,26.0,24.0,34.0,28.0,4.9021,4.7857,1.68K,0.94K,215.0,124.99,800.55M,No,150.44,151.87,159.32,152.11,153.56,498
2653,XCHANGING.NS,68.26,68.15,58.29K,Technology Services,Information Technology Services,26.0,77.0,45.0,35.0,1.8743,1.8621,98.70K,132.59K,103.0,47.5,7.60B,No,65.6,64.53,70.97,64.84,64.83,498
2654,LINC.NS,102.27,100.97,21.04K,Consumer Non-Durables,Consumer Sundries,26.0,35.0,34.0,24.0,3.6479,3.6443,52.43K,20.25K,139.6,85.01,6.03B,No,104.72,105.09,108.57,105.18,103.88,499
2655,PRAENG.NS,20.49,20.5,20.81K,Consumer Durables,Homebuilding,26.0,57.0,24.0,26.0,1.4071,1.3893,61.20K,149.29K,33.88,17.0,1.43B,No,20.39,20.61,23.57,20.72,21.51,498
2656,KINETICENG.BO,240.0,244.2,15.23K,Producer Manufacturing,Auto Parts: Oem,26.0,2.0,55.0,12.0,13.7893,13.7893,28.21K,22.10K,365.0,175.1,6.63B,No,272.17,266.74,270.06,269.92,257.84,497
2657,ABRIL.BO,35.5,32.68,4.00K,Process Industries,Pulp & Paper,26.0,18.0,23.0,29.0,1.8993,1.5136,6.46K,7.60K,56.9,25.5,283.36M,No,35.39,36.91,38.72,36.66,37.02,228
2658,GARWAOFFS.BO,47.99,46.86,1.57K,Industrial Services,Oilfield Services/Equipment,26.0,46.0,49.0,54.0,2.6129,2.5807,15.10K,9.52K,88.0,31.36,1.48B,No,46.09,48.13,52.97,48.33,47.81,497
2659,BAYERCROP.NS,4214.9,4302.8999,45.87K,Process Industries,Chemicals: Agricultural,26.0,46.0,28.0,30.0,86.55,82.9428,36.52K,44.49K,6019.0,4030.0,189.43B,No,4229.23,4239.82,4501.66,4221.99,4476.81,500
2660,PWASML.BO,22.6,23.0,0.96K,Process Industries,Textiles,26.0,54.0,39.0,31.0,1.2743,1.2421,2.23K,1.21K,33.4,17.86,235.97M,No,22.53,23.01,24.62,22.94,23.31,497
2661,MANAKSIA.NS,57.07,56.86,17.85K,Non-Energy Minerals,Steel,26.0,47.0,31.0,22.0,1.97,1.9386,21.03K,13.26K,75.28,42.1,3.75B,No,56.76,57.87,60.26,57.51,58.47,499
2662,JUBLPHARMA.NS,929.65,924.7,115.01K,Health Technology,Pharmaceuticals: Major,26.0,20.0,37.0,30.0,24.4964,23.8072,128.44K,117.90K,1184.8,786.05,147.24B,No,973.7,973.02,985.7,966.38,936.25,499
2663,GODREJAGRO.NS,545.15,566.45,350.62K,Process Industries,Agricultural Commodities/Milling,26.0,33.0,33.0,44.0,12.0,10.8643,140.40K,108.39K,833.9,506.1,104.87B,No,566.22,566.83,582.11,564.71,576.72,500
2664,DOLLAR.NS,281.6,272.45,416.82K,Consumer Non-Durables,Apparel/Footwear,26.0,65.0,35.0,22.0,7.5214,7.375,174.86K,145.17K,396.0,220.5,15.99B,No,263.63,261.82,299.83,263.32,278.56,499
2665,WAAREE.BO,233.55,234.0,5.08K,Process Industries,Industrial Specialties,26.0,28.0,12.0,74.0,6.2071,6.025,16.49K,7.35K,398.0,131.25,2.51B,No,236.11,248.73,229.94,246.26,224.72,496
2666,ROSEMER.BO,62.42,64.8,79.73K,Producer Manufacturing,Industrial Machinery,26.0,37.0,41.0,19.0,4.5557,4.21,5.61K,3.14K,95.6,54.0,451.55M,No,65.5,64.86,67.52,63.64,67.25,497
2667,AGRITECH.NS,109.02,111.8,2.74K,Process Industries,Agricultural Commodities/Milling,26.0,32.0,44.0,8.0,4.1036,4.0293,17.65K,2.77K,187.19,92.52,647.58M,No,111.12,114.51,123.55,114.5,117.45,498
2668,DAIKAFFI.BO,45.02,45.02,3.11K,Process Industries,Chemicals: Specialty,26.0,21.0,86.0,35.0,2.0586,1.5336,8.21K,2.58K,169.9,28.48,283.20M,No,44.91,46.01,58.53,47.02,45.09,497
2669,HONDAPOWER.NS,2094.0,2099.6001,4.42K,Producer Manufacturing,Electrical Products,26.0,44.0,26.0,45.0,48.3214,47.2357,5.40K,4.10K,3216.0,1816.6,21.24B,No,2107.8,2170.19,2247.1,2155.58,2156.57,498
2670,JINDHOT.BO,62.53,64.12,0.20K,Consumer Services,Hotels/Resorts/Cruise Lines,26.0,57.0,39.0,27.0,2.6121,2.4564,1.79K,0.56K,93.0,54.0,441.07M,No,63.78,63.27,68.46,63.46,64.3,497
2671,CHLLTD.BO,29.0,28.95,0.59K,Consumer Services,Hotels/Resorts/Cruise Lines,26.0,64.0,32.0,22.0,1.2679,1.125,1.11K,0.94K,44.6,25.1,1.59B,No,27.64,28.39,31.72,28.57,30.44,497
2672,ASIANTILES.NS,55.98,53.39,5756.42K,Producer Manufacturing,Building Products,26.0,84.0,21.0,11.0,4.335,4.2507,8283.13K,39074.14K,79.06,42.5,16.60B,No,51.59,54.44,64.12,54.27,62.57,500
2673,WAAREERTL.NS,905.15,906.05,88.93K,Utilities,Alternative Power Generation,26.0,10.0,18.0,43.0,25.1393,23.6107,243.19K,292.37K,1358.0,779.5,94.48B,No,962.93,976.76,979.01,972.07,936.44,330
2674,MOBIKWIK.NS,206.26,203.33,649.57K,Commercial Services,Miscellaneous Commercial Services,26.0,55.0,39.0,46.0,7.74,7.4507,2656.85K,2345.10K,334.0,151.46,16.24B,No,210.6,202.8,213.38,203.94,199.78,408
2675,SUNTV.NS,489.2,493.35,254.13K,Consumer Services,Broadcasting,26.0,33.0,16.0,24.0,11.45,11.1821,354.74K,294.89K,660.7,480.2,192.79B,No,496.52,506.83,554.64,506.76,552.1,499
2676,HINDUNILVR.NS,2083.1,2085.3,1159.31K,Consumer Non-Durables,Household/Personal Care,26.0,27.0,29.0,19.0,48.5143,44.6143,1988.67K,2521.94K,2750.0,2016.0,4885.98B,No,2120.67,2142.59,2272.89,2148.05,2216.83,500
2677,NIRAJISPAT.NS,216.0,216.0,0.00K,Producer Manufacturing,Miscellaneous Manufacturing,26.0,82.0,17.0,78.0,6.7071,4.9143,0.13K,0.05K,485.75,155.0,129.60M,No,197.97,203.99,223.44,205.54,223.09,497
2678,SHALBY.NS,162.16,162.27,132.89K,Health Services,Hospital/Nursing Management,26.0,23.0,46.0,38.0,4.7721,4.6943,84.19K,42.13K,274.7,125.82,17.40B,No,164.99,168.93,177.58,168.13,161.28,499
2679,BOMDYEING.NS,120.48,120.04,1709.31K,Process Industries,Textiles,26.0,42.0,41.0,54.0,3.4379,3.2579,888.34K,312.60K,195.45,92.0,24.88B,No,123.18,126.68,126.62,126.47,118.43,499
2680,MANORG.NS,460.0,461.6,4.42K,Process Industries,Chemicals: Specialty,26.0,5.0,9.0,57.0,23.6107,21.6643,7.51K,6.54K,637.85,356.25,3.94B,No,523.04,522.64,484.94,513.81,475.9,499
2681,PURVA.NS,209.41,210.16,87.10K,Finance,Real Estate Development,26.0,28.0,37.0,22.0,5.495,5.3357,615.98K,152.72K,305.0,160.69,49.66B,No,218.8,216.25,225.32,215.44,213.71,499
2682,BIZOTIC.BO,503.85,522.15,4.60K,Consumer Non-Durables,Apparel/Footwear,25.0,1.0,1.0,1.0,33.3,30.7536,6.17K,6.88K,1053.0,257.75,4.86B,No,573.85,664.07,830.28,650.93,824.11,497
2683,FINOPB.NS,160.28,161.47,247.51K,Finance,Regional Banks,25.0,90.0,78.0,7.0,6.8707,6.6393,3308.32K,1212.62K,339.0,110.03,13.29B,No,164.13,148.87,195.4,150.38,160.28,500
2684,GALLANTT.NS,615.3,624.05,38.30K,Non-Energy Minerals,Steel,25.0,17.0,3.0,66.0,32.2786,29.275,274.17K,323.55K,948.0,496.25,148.46B,No,616.74,653.4,626.14,648.69,643.15,499
2685,SUMEDHA.BO,40.15,39.7,12.03K,Finance,Investment Banks/Brokers,25.0,83.0,48.0,35.0,2.6079,2.595,5.80K,12.43K,62.0,30.95,320.57M,No,37.55,38.46,42.01,38.69,38.74,496
2686,VINATIORGA.NS,1349.6,1327.7,80.64K,Process Industries,Chemicals: Specialty,25.0,46.0,43.0,23.0,30.6071,29.4929,74.86K,53.35K,1849.9,1203.0,140.01B,No,1317.35,1322.33,1447.91,1322.91,1369.79,499
2687,AFFORDABLE.NS,190.85,181.77,17.93K,Producer Manufacturing,Industrial Machinery,25.0,81.0,69.0,59.0,8.605,8.605,16.75K,13.82K,416.4,119.71,2.26B,No,187.02,179.2,190.66,179.41,174.5,443
2688,KUANTUM.NS,80.6,80.05,137.02K,Process Industries,Pulp & Paper,25.0,70.0,51.0,30.0,3.6257,3.3971,82.78K,149.78K,127.48,65.01,7.03B,No,77.78,76.5,85.82,76.85,80.55,498
2689,ARCHIDPLY.NS,82.04,80.42,26.37K,Producer Manufacturing,Building Products,25.0,54.0,28.0,30.0,3.4564,3.4157,11.44K,4.69K,113.0,60.0,1.64B,No,81.31,80.55,84.57,80.93,80.41,499
2690,INDIAHOME.BO,29.5,30.25,0.83K,Finance,Finance/Rental/Leasing,25.0,11.0,32.0,14.0,1.6657,1.64,4.75K,0.97K,47.54,24.8,421.45M,No,30.74,30.92,33.74,30.7,32.04,497
2691,ANIRITPP.BO,23.27,22.82,2.27K,Process Industries,Textiles,25.0,10.0,9.0,46.0,0.1857,0.1229,1.14K,4.89K,31.85,16.96,418.86M,No,22.49,25.73,,25.22,24.7,139
2692,JOLYPLS.BO,41.8,41.8,0.10K,Distribution Services,Wholesale Distributors,25.0,86.0,77.0,88.0,0.8279,0.6743,0.86K,0.28K,182.55,18.24,279.07M,No,38.84,38.02,59.07,38.94,32.04,372
2693,PRAJIND.NS,319.65,317.75,857.99K,Industrial Services,Engineering & Construction,25.0,8.0,8.0,56.0,9.5036,9.1393,943.14K,624.51K,457.0,273.0,58.76B,No,329.36,340.67,335.4,338.62,335.99,500
2694,COMRADE.BO,43.24,44.12,3.00K,Producer Manufacturing,Industrial Machinery,25.0,98.0,86.0,32.0,1.4264,0.5371,5.43K,5.50K,112.0,20.54,336.36M,No,38.32,32.02,47.68,32.77,37.05,499
2695,PANCHSHEEL.BO,113.3,114.9,9.23K,Health Technology,Pharmaceuticals: Major,25.0,24.0,35.0,53.0,5.3643,5.1893,9.56K,4.43K,176.0,86.1,1.49B,No,117.68,119.6,121.5,118.88,116.31,497
2696,ZENIFIB.BO,51.55,52.9,0.77K,Process Industries,Textiles,25.0,38.0,39.0,37.0,2.285,2.0857,2.75K,0.90K,72.97,45.0,203.32M,No,52.52,52.37,55.6,52.09,52.26,496
2697,NWIL.BO,24.1,24.28,244.35K,Electronic Technology,Electronic Components,25.0,15.0,5.0,5.0,1.09,1.0793,779.84K,217.58K,46.0,17.0,5.61B,No,25.02,25.08,31.42,24.94,32.65,497
2698,ELCIDIN.NS,112500.0,112860.0,0.05K,Finance,Financial Conglomerates,25.0,33.0,27.0,,2863.5714,2790.3571,0.01K,0.01K,137000.0,105505.0,,No,111459.25,114361.7,,113999.5,,76
2699,RHL.NS,177.53,173.0,5.08K,Consumer Services,Hotels/Resorts/Cruise Lines,25.0,42.0,44.0,43.0,5.0893,4.9486,10.71K,6.88K,309.9,160.98,3.07B,No,172.36,176.84,191.68,175.8,180.84,499
2700,HERITGFOOD.NS,357.15,337.9,1127.81K,Consumer Non-Durables,Food: Meat/Fish/Dairy,25.0,74.0,47.0,40.0,9.5464,9.3143,358.22K,271.72K,540.0,292.55,33.14B,No,333.66,329.22,378.93,333.5,340.16,500
2701,APLAB.BO,66.0,67.05,13.44K,Electronic Technology,Electronic Equipment/Instruments,25.0,1.0,1.0,53.0,5.895,5.0114,6.82K,9.57K,122.0,41.73,1.66B,No,82.81,92.83,83.04,90.47,83.19,497
2702,ZODIACLOTH.NS,76.42,77.54,2.84K,Consumer Non-Durables,Apparel/Footwear,25.0,48.0,42.0,31.0,2.8071,2.6721,14.51K,2.87K,119.45,58.5,2.10B,No,77.6,77.59,81.49,77.73,77.12,497
2703,UNITDCR.BO,26.25,26.01,0.70K,Finance,Finance/Rental/Leasing,25.0,12.0,29.0,18.0,1.5,1.31,0.51K,0.91K,37.83,19.0,139.86M,No,27.17,27.59,28.14,27.4,27.13,495
2704,TEXELIN.BO,72.15,71.79,8.75K,Consumer Durables,Home Furnishings,25.0,16.0,60.0,34.0,3.0129,2.9557,29.71K,8.68K,124.65,55.98,1.02B,No,72.4,69.32,77.38,70.33,74.0,496
2705,SPIC.NS,68.28,68.29,153.82K,Process Industries,Chemicals: Agricultural,25.0,48.0,37.0,31.0,1.3457,1.27,566.25K,177.44K,128.2,55.1,13.90B,No,66.8,68.2,73.46,68.27,68.26,498
2706,3PLAND.NS,32.1,31.76,1.26K,Finance,Real Estate Development,25.0,38.0,24.0,24.0,1.2771,1.2743,4.64K,2.85K,52.9,28.51,,No,31.95,32.07,34.97,32.05,33.06,499
2707,INFY.NS,1167.4,1174.0,4845.86K,Technology Services,Information Technology Services,25.0,73.0,51.0,5.0,33.8072,27.1429,15292.42K,18387.11K,1728.0,982.4,4728.11B,No,1106.59,1106.5,1344.31,1095.42,1248.32,500
2708,RFL.BO,131.9,138.8,0.01K,Finance,Finance/Rental/Leasing,25.0,4.0,38.0,23.0,6.4143,4.7464,0.08K,0.07K,199.0,96.05,406.52M,No,130.82,139.51,137.41,137.67,133.66,497
2709,BOMBWIR.BO,45.49,45.22,3.55K,Producer Manufacturing,Metal Fabrication,25.0,13.0,22.0,28.0,3.0943,2.6021,0.43K,0.78K,64.99,35.56,242.89M,No,47.76,48.07,48.7,47.72,47.46,496
2710,INTERARCH.NS,1881.3,1846.0,66.07K,Producer Manufacturing,Building Products,25.0,59.0,16.0,30.0,57.9357,57.2429,81.00K,35.42K,2762.6,1600.0,31.20B,No,1828.22,1829.14,2014.9,1841.08,1880.49,485
2711,TARIL.NS,296.15,294.7,898.57K,Producer Manufacturing,Electrical Products,25.0,11.0,26.0,72.0,10.5071,9.5571,3309.92K,1871.18K,552.0,224.05,88.89B,No,312.24,322.36,307.59,322.94,300.68,500
2712,UNISEM.BO,52.0,52.0,2.00K,Process Industries,Agricultural Commodities/Milling,25.0,72.0,10.0,27.0,1.41,0.6993,7.08K,5.20K,67.91,45.83,589.26M,No,53.02,51.09,,51.04,56.55,156
2713,BIRLANU.NS,1538.7,1396.6,473.38K,Non-Energy Minerals,Forest Products,25.0,84.0,42.0,34.0,66.0143,65.4929,11.32K,10.91K,2086.9,1190.1,,No,1337.48,1348.56,1520.9,1369.69,1439.95,498
2714,HAWAENG.BO,83.0,83.39,0.00K,Producer Manufacturing,Industrial Machinery,25.0,41.0,42.0,29.0,6.0357,5.5479,0.54K,0.64K,131.65,63.4,292.69M,No,81.37,82.42,89.87,81.79,82.35,497
2715,DPWIRES.NS,167.99,166.35,3.91K,Producer Manufacturing,Metal Fabrication,25.0,10.0,26.0,32.0,6.2021,6.1407,38.23K,6.59K,306.95,125.02,2.58B,No,170.23,179.83,183.45,178.28,170.12,498
2716,NFL.NS,72.42,72.3,378.22K,Process Industries,Chemicals: Agricultural,25.0,40.0,30.0,19.0,1.1,1.03,1092.95K,414.17K,102.97,63.35,35.57B,No,72.04,73.99,79.47,73.81,75.26,500
2717,ORKLAINDIA.NS,559.35,571.05,104.33K,Consumer Non-Durables,Food: Specialty/Candy,25.0,14.0,19.0,31.0,16.3679,16.3679,59.85K,56.58K,760.0,533.25,76.62B,No,574.16,598.54,,593.19,599.28,189
2718,PLATIND.NS,226.14,227.46,24.52K,Process Industries,Chemicals: Major Diversified,25.0,35.0,21.0,33.0,7.6914,7.6879,105.34K,73.40K,342.4,183.5,12.42B,No,229.82,226.61,235.24,225.58,224.0,500
2719,AWL.NS,197.38,193.54,4416.50K,Process Industries,Agricultural Commodities/Milling,24.0,73.0,33.0,26.0,5.1507,5.05,3340.74K,3408.78K,282.9,171.19,254.98B,No,189.87,188.46,211.01,189.08,193.12,500
2720,MGIL.BO,38.79,38.4,0.10K,Finance,Investment Banks/Brokers,24.0,34.0,7.0,12.0,2.1271,2.0179,1.52K,1.81K,88.02,26.51,193.96M,No,38.92,39.37,45.77,39.19,41.29,497
2721,DCXINDIA.NS,183.35,180.17,351.67K,Producer Manufacturing,Electrical Products,24.0,15.0,11.0,45.0,4.8014,4.6486,1149.65K,484.35K,286.0,153.3,20.42B,No,185.0,190.92,188.37,190.9,185.1,500
2722,SODHACAP.BO,65.6,62.12,10.00K,Finance,Investment Banks/Brokers,24.0,86.0,47.0,46.0,2.92,1.8486,7.90K,9.00K,148.97,48.1,521.19M,No,61.94,59.42,75.14,59.16,64.53,207
2723,VBDESAI.BO,18.98,18.98,1.85K,Commercial Services,Miscellaneous Commercial Services,24.0,56.0,53.0,24.0,0.9486,0.65,0.85K,0.90K,33.5,11.6,85.94M,No,17.61,17.25,19.87,17.45,17.81,496
2724,CLARA.BO,33.5,33.0,12.45K,Process Industries,Containers/Packaging,24.0,33.0,22.0,18.0,0.9593,0.6036,4.97K,6.64K,44.57,30.47,860.04M,No,34.32,35.32,38.24,34.77,37.38,496
2725,SUZLON.NS,48.1,48.15,29703.89K,Producer Manufacturing,Electrical Products,24.0,9.0,18.0,42.0,1.5243,1.5193,88217.18K,89923.55K,65.26,38.19,,No,50.82,54.1,51.27,53.8,49.76,500
2726,SILINV.NS,433.7,428.35,1.55K,Finance,Financial Conglomerates,24.0,65.0,34.0,36.0,13.8857,13.8857,2.13K,1.56K,767.0,380.0,4.60B,No,422.23,422.07,473.45,423.28,432.49,498
2727,AVAILFC.BO,138.0,134.95,2.81K,Finance,Finance/Rental/Leasing,24.0,9.0,18.0,28.0,5.325,5.2,2.80K,2.04K,181.0,122.15,1.41B,No,145.51,150.54,150.96,148.83,147.85,497
2728,CAPACITE.NS,225.92,221.83,530.92K,Industrial Services,Engineering & Construction,24.0,22.0,24.0,43.0,6.5243,6.2114,496.37K,252.27K,334.0,180.0,19.11B,No,221.5,231.47,243.46,230.81,231.84,500
2729,SINNAR.BO,710.0,709.95,0.00K,Consumer Non-Durables,Tobacco,24.0,38.0,54.0,6.0,15.3714,10.2286,0.01K,0.01K,1047.0,623.0,284.00M,No,732.76,763.47,791.27,760.2,793.48,496
2730,PIGL.NS,105.71,108.53,45.56K,Industrial Services,Engineering & Construction,24.0,34.0,27.0,36.0,5.0536,5.0536,102.10K,66.56K,189.7,88.05,2.24B,No,109.39,108.33,118.32,108.71,109.28,500
2731,DHANROTO.BO,74.01,75.48,1.04K,Process Industries,Pulp & Paper,24.0,35.0,14.0,20.0,3.32,3.2493,1.99K,1.81K,119.44,70.5,584.89M,No,74.02,76.2,83.67,76.33,80.43,498
2732,SRINACHA.BO,28.0,26.99,0.01K,Process Industries,Textiles,24.0,14.0,14.0,21.0,1.5843,1.325,0.85K,0.81K,39.94,24.9,120.40M,No,27.84,28.4,30.99,28.07,30.52,495
2733,INDIASHLTR.NS,728.25,732.75,222.66K,Finance,Finance/Rental/Leasing,24.0,18.0,20.0,25.0,22.35,22.325,106.10K,148.59K,975.0,653.2,79.99B,No,765.48,767.54,793.22,769.37,766.88,498
2734,WEBELSOLAR.NS,93.61,95.44,2294.93K,Electronic Technology,Semiconductors,24.0,16.0,7.0,54.0,3.3571,3.1207,2478.66K,1301.65K,157.3,50.4,40.64B,No,98.96,102.41,94.23,102.01,88.87,499
2735,AASTAFIN.BO,34.89,33.61,0.04K,Finance,Finance/Rental/Leasing,24.0,41.0,20.0,51.0,2.8,2.7893,18.86K,13.43K,51.0,27.8,542.10M,No,35.03,34.06,37.72,34.38,34.85,497
2736,APOLLOFI.BO,345.0,347.0,0.45K,Finance,Finance/Rental/Leasing,24.0,46.0,34.0,22.0,10.2964,9.3429,0.70K,0.55K,587.1,299.0,1.29B,No,346.24,342.11,379.8,345.09,361.2,497
2737,SINTERCOM.NS,84.93,82.85,1.20K,Producer Manufacturing,Auto Parts: Oem,24.0,75.0,54.0,26.0,3.37,3.2436,60.16K,29.53K,134.0,62.99,2.34B,No,81.08,77.38,90.11,77.95,80.73,497
2738,MOIL.NS,282.85,282.7,609.15K,Non-Energy Minerals,Other Metals/Minerals,24.0,62.0,24.0,9.0,7.875,7.6286,1074.65K,4030.11K,404.9,242.35,57.56B,No,274.82,282.07,314.13,282.14,299.64,500
2739,AMBUJACEM.NS,436.5,445.0,3852.81K,Non-Energy Minerals,Construction Materials,24.0,57.0,43.0,16.0,11.6179,11.225,3076.83K,2635.76K,605.45,394.0,1084.62B,No,434.2,429.27,485.12,430.06,454.87,500
2740,GUJCRED.BO,22.61,23.0,0.56K,Finance,Real Estate Development,24.0,55.0,13.0,22.0,0.5293,0.2593,0.72K,0.50K,33.93,20.85,565.25M,No,22.86,23.21,25.93,23.22,24.93,499
2741,BLAL.NS,173.37,172.63,10.56K,Finance,Investment Managers,24.0,19.0,13.0,25.0,4.6186,4.5414,25.88K,19.61K,233.8,155.5,7.22B,No,178.06,181.63,190.73,181.37,184.19,500
2742,BOROLTD.NS,247.99,243.22,155.60K,Producer Manufacturing,Miscellaneous Manufacturing,24.0,66.0,37.0,43.0,8.2943,8.2436,109.01K,59.02K,397.95,213.73,29.66B,No,238.36,232.36,262.18,234.23,239.49,499
2743,YASHHTEJ.BO,65.62,62.5,22.80K,Process Industries,Agricultural Commodities/Milling,24.0,96.0,45.0,,2.5971,2.4864,23.27K,15.72K,97.1,34.74,1.51B,No,53.37,52.92,,52.27,,110
2744,EXCELSOFT.NS,83.48,83.95,595.56K,Technology Services,Packaged Software,24.0,69.0,26.0,66.0,2.8693,2.7914,1117.29K,560.18K,142.59,66.4,9.56B,No,78.35,79.78,,79.33,82.16,175
2745,LORDSCHLO.NS,143.88,142.64,2.35K,Process Industries,Chemicals: Specialty,24.0,71.0,46.0,44.0,8.7629,8.5829,19.37K,48.13K,233.0,108.0,4.12B,No,143.82,138.04,151.86,138.25,137.69,498
2746,AASHKA.BO,70.5,72.7,1.00K,Health Services,Hospital/Nursing Management,24.0,5.0,29.0,20.0,3.3086,2.4657,2.77K,3.30K,99.5,59.0,1.65B,No,76.59,77.75,78.36,77.76,74.68,498
2747,NSDL.BO,820.8,822.2,306.67K,Finance,Savings Banks,24.0,35.0,37.0,14.0,9.4143,9.0393,574.75K,438.46K,1425.0,788.0,164.16B,No,826.22,842.79,947.54,844.47,882.84,248
2748,STARCEMENT.NS,203.34,204.55,114.84K,Non-Energy Minerals,Construction Materials,24.0,46.0,18.0,31.0,3.4279,3.3664,301.37K,140.38K,308.95,196.53,82.19B,No,204.97,208.39,219.31,208.3,214.03,498
2749,NTCIND.BO,147.15,147.15,2.33K,Consumer Non-Durables,Tobacco,24.0,51.0,27.0,9.0,7.2536,7.0857,9.55K,3.66K,228.0,122.4,2.14B,No,139.58,146.99,162.58,146.88,159.62,497
2750,PRIMIND.BO,39.89,39.99,5.62K,Finance,Real Estate Development,24.0,8.0,15.0,43.0,2.1086,1.8893,11.31K,6.73K,66.0,22.1,837.83M,No,43.31,44.42,41.47,44.0,41.33,497
2751,ANDHRAPAP.NS,60.68,60.62,90.85K,Process Industries,Pulp & Paper,24.0,40.0,20.0,28.0,2.3207,2.2764,125.96K,379.84K,86.89,58.0,12.07B,No,61.55,62.03,65.74,61.8,63.75,499
2752,CENTRALBK.NS,31.51,31.29,5566.50K,Finance,Major Banks,24.0,45.0,14.0,15.0,0.4986,0.4714,14736.50K,6535.02K,40.92,29.32,285.21B,No,31.63,31.71,35.47,31.7,34.38,500
2753,PRAKASH.NS,128.72,126.29,684.97K,Non-Energy Minerals,Steel,24.0,49.0,13.0,48.0,2.885,2.8143,450.31K,222.66K,187.35,110.24,23.05B,No,125.52,135.25,136.77,134.11,133.01,500
2754,STOVACQ.BO,1709.85,1694.45,0.29K,Producer Manufacturing,Industrial Machinery,24.0,65.0,32.0,21.0,32.95,32.6,0.34K,0.27K,2396.0,1391.6,3.57B,No,1706.7,1690.15,1860.37,1693.02,1767.21,496
2755,IGL.NS,154.8,154.08,456.06K,Utilities,Gas Distributors,23.0,54.0,28.0,18.0,2.775,2.7314,3100.13K,1465.18K,223.5,141.74,216.72B,No,152.63,158.73,173.22,158.26,161.94,500
2756,RAPIDIN.BO,75.0,75.0,0.04K,Finance,Investment Banks/Brokers,23.0,26.0,5.0,16.0,0.1693,0.0264,0.07K,0.01K,141.75,58.83,161.23M,No,75.75,78.28,86.9,77.5,80.08,497
2757,EUREKAFORB.NS,467.8,472.9,106.04K,Producer Manufacturing,Industrial Machinery,23.0,60.0,23.0,15.0,15.6143,15.4464,177.74K,116.23K,668.3,403.2,90.52B,No,455.54,454.55,515.17,453.29,478.48,474
2758,EIDPARRY.NS,815.85,823.15,180.03K,Process Industries,Chemicals: Agricultural,23.0,80.0,40.0,19.0,19.7464,19.3679,343.53K,189.92K,1225.0,698.2,144.12B,No,774.65,747.96,877.68,745.85,810.16,499
2759,SAMPANN.NS,27.5,27.43,15.64K,Producer Manufacturing,Miscellaneous Manufacturing,23.0,24.0,44.0,18.0,1.0807,1.0807,60.55K,16.86K,43.44,23.75,1.34B,No,27.42,27.55,30.59,27.53,28.91,497
2760,GLOBUSSPR.NS,918.95,891.55,196.52K,Consumer Non-Durables,Beverages: Alcoholic,23.0,48.0,9.0,35.0,26.1143,25.8607,120.19K,90.76K,1264.5,800.05,26.72B,No,905.26,888.55,961.92,890.85,914.89,499
2761,TCI.NS,927.0,928.0,18.25K,Transportation,Trucking,23.0,35.0,40.0,24.0,21.0964,21.0786,42.89K,59.18K,1242.0,868.05,71.22B,No,926.71,931.77,1007.23,931.45,966.55,498
2762,KAKATCEM.NS,116.5,119.75,2.67K,Non-Energy Minerals,Construction Materials,23.0,39.0,16.0,47.0,4.235,4.17,2.12K,2.09K,165.55,85.0,906.04M,No,119.42,120.87,122.93,120.6,116.81,499
2763,SALONA.NS,236.17,248.3,7.38K,Process Industries,Textiles,23.0,14.0,11.0,35.0,17.2164,17.0914,1.75K,5.73K,320.0,200.0,1.24B,No,251.17,260.6,265.43,255.38,263.01,497
2764,ZUARI.NS,226.69,227.45,75.64K,Process Industries,Chemicals: Agricultural,23.0,38.0,31.0,13.0,6.7879,6.5864,261.56K,166.97K,393.55,175.1,9.53B,No,230.57,228.31,247.55,229.91,229.58,499
2765,TMPV.NS,345.35,349.8,5209.53K,Consumer Durables,Motor Vehicles,23.0,57.0,41.0,37.0,6.4071,5.8071,11676.57K,7389.65K,739.7,294.3,1271.89B,No,335.4,354.63,358.08,352.62,351.14,500
2766,ELECON.NS,446.6,435.3,576.49K,Producer Manufacturing,Electrical Products,23.0,8.0,9.0,56.0,14.3321,13.425,644.96K,485.04K,634.9,352.0,100.22B,No,447.05,495.73,473.26,492.22,456.31,500
2767,NIRAJ.NS,29.49,29.18,56.52K,Industrial Services,Engineering & Construction,23.0,42.0,20.0,26.0,1.0879,1.0843,50.39K,36.30K,52.0,20.15,1.76B,No,29.05,29.44,31.31,29.72,29.47,499
2768,INANISEC.BO,21.4,21.4,0.02K,Finance,Investment Banks/Brokers,23.0,43.0,27.0,21.0,0.54,0.3271,0.27K,0.30K,34.0,18.46,97.53M,No,20.44,20.89,22.69,20.81,21.94,497
2769,HPL.NS,345.8,347.95,65.95K,Electronic Technology,Electronic Equipment/Instruments,23.0,48.0,25.0,47.0,8.175,7.7714,214.41K,68.28K,597.65,255.55,22.24B,No,341.5,352.95,363.64,353.31,340.79,500
2770,ABANSENT.NS,26.48,25.82,1.16K,Distribution Services,Wholesale Distributors,23.0,19.0,1.0,,1.4836,1.4593,14.01K,8.44K,48.85,22.3,,No,26.98,27.28,,27.38,,76
2771,VJLAXMIE.BO,40.0,39.96,0.01K,Producer Manufacturing,Industrial Machinery,23.0,83.0,50.0,16.0,1.9257,1.7464,0.66K,0.52K,69.0,26.0,202.88M,No,37.61,36.88,42.74,37.15,38.88,495
2772,VSTIND.NS,219.56,221.41,155.94K,Consumer Non-Durables,Tobacco,23.0,3.0,15.0,29.0,5.2021,4.62,371.44K,367.71K,286.78,200.0,37.23B,No,229.58,247.9,245.32,246.07,241.48,500
2773,MORARKFI.BO,61.87,60.53,1.45K,Finance,Financial Conglomerates,23.0,38.0,66.0,42.0,3.4421,3.4321,3.90K,3.72K,113.0,42.11,273.28M,No,61.19,62.0,67.2,61.23,57.64,497
2774,JAYTEX.BO,22.21,22.21,3.98K,Process Industries,Textiles,23.0,12.0,13.0,16.0,0.0829,0.0829,0.07K,0.40K,27.0,22.21,8.50B,No,23.44,24.86,25.8,24.64,25.63,497
2775,NAGREEKEXP.NS,22.89,22.66,3.06K,Process Industries,Textiles,23.0,10.0,11.0,23.0,1.51,1.51,11.18K,15.44K,40.0,17.5,712.80M,No,23.0,25.14,25.75,24.88,25.0,498
2776,TEXMOPIPES.NS,42.83,42.95,15.70K,Producer Manufacturing,Miscellaneous Manufacturing,23.0,38.0,19.0,31.0,1.5736,1.5271,43.53K,14.12K,62.0,33.0,1.25B,No,43.31,44.3,46.56,43.91,44.47,497
2777,VSTTILLERS.NS,4545.1,4482.7998,52.40K,Producer Manufacturing,Trucks/Construction/Farm Machinery,23.0,51.0,20.0,14.0,102.15,101.3643,10.34K,5.29K,6374.0,4275.0,39.33B,No,4503.9,4533.36,5257.88,4533.6,5029.13,498
2778,MALLCOM.NS,1000.1,1012.65,1.05K,Consumer Non-Durables,Apparel/Footwear,23.0,53.0,35.0,26.0,38.3322,36.4322,4.50K,3.01K,1520.0,929.0,6.33B,No,1030.17,1021.62,1121.94,1023.69,1058.77,498
2779,AHASOLAR.BO,80.99,73.61,0.80K,Technology Services,Packaged Software,23.0,77.0,16.0,33.0,5.9121,3.6979,1.55K,0.76K,136.0,58.9,249.63M,No,78.09,77.94,84.36,77.03,79.82,496
2780,ASITCFIN.BO,111.05,115.0,0.20K,Finance,Investment Banks/Brokers,23.0,22.0,26.0,14.0,3.5429,2.6786,0.38K,0.36K,164.0,92.0,915.72M,No,114.88,117.02,124.88,117.33,120.03,497
2781,BSL.NS,123.92,126.26,3.91K,Process Industries,Textiles,23.0,29.0,41.0,20.0,3.3086,3.2707,10.70K,2.38K,208.0,98.0,1.28B,No,125.77,126.83,141.08,126.36,127.16,498
2782,NDTV.NS,77.48,77.17,43.67K,Consumer Services,Broadcasting,23.0,36.0,42.0,30.0,1.6771,1.6014,514.09K,131.94K,152.5,58.75,8.74B,No,78.49,80.22,82.58,80.36,79.43,500
2783,VMM.NS,109.52,111.0,4456.95K,Retail Trade,Apparel/Footwear Retail,23.0,19.0,21.0,19.0,2.9143,2.8729,11013.74K,12339.46K,157.6,98.77,513.03B,No,111.38,115.59,123.19,114.88,116.81,408
2784,LAXMIDENTL.NS,217.78,219.6,36.60K,Health Services,Medical/Nursing Services,23.0,48.0,52.0,63.0,7.355,7.1121,315.36K,143.35K,411.95,155.88,11.97B,No,218.98,222.67,229.9,222.22,206.31,386
2785,RMC.NS,355.2,337.4,259.73K,Producer Manufacturing,Electrical Products,23.0,90.0,6.0,,20.6929,19.95,39.01K,55.08K,530.0,245.4,3.76B,No,286.27,305.59,,301.27,,89
2786,TARACHAND.NS,49.89,58.77,1656.08K,Finance,Finance/Rental/Leasing,23.0,61.0,32.0,27.0,1.8957,1.865,120.39K,78.96K,103.67,47.02,3.93B,No,56.1,56.41,65.99,56.08,60.07,498
2787,JSLL.NS,601.3,579.25,960.48K,Health Services,Medical/Nursing Services,23.0,69.0,10.0,24.0,21.1107,20.7429,1898.21K,435.47K,849.5,492.0,75.11B,No,573.87,584.43,658.73,588.14,630.88,500
2788,SALZERELEC.NS,616.0,606.8,51.18K,Producer Manufacturing,Electrical Products,23.0,51.0,34.0,58.0,19.7964,18.4714,71.74K,33.57K,964.7,488.8,10.89B,No,591.91,618.04,651.61,614.95,616.03,499
2789,PRECAM.NS,144.48,145.2,76.02K,Producer Manufacturing,Auto Parts: Oem,23.0,40.0,22.0,37.0,4.5264,4.3886,339.33K,134.17K,262.0,103.98,13.72B,No,142.18,146.21,152.64,145.84,144.29,500
2790,VIKRAN.NS,71.71,72.88,777.41K,Industrial Services,Engineering & Construction,23.0,38.0,36.0,12.0,1.9064,1.8557,4204.78K,1454.41K,118.4,51.1,18.49B,No,72.44,72.28,80.46,72.18,71.92,232
2791,RUNGTAIR.BO,49.87,49.44,0.01K,Producer Manufacturing,Industrial Machinery,22.0,25.0,25.0,20.0,2.5521,2.4714,1.03K,2.28K,75.58,43.0,993.50M,No,50.31,51.21,54.79,51.36,52.2,497
2792,DAVIN.BO,28.0,28.0,2.00K,Consumer Non-Durables,Apparel/Footwear,22.0,52.0,26.0,6.0,1.9379,1.345,3.61K,6.60K,61.09,24.5,185.16M,No,30.98,31.57,37.16,30.34,32.6,389
2793,DBCORP.NS,212.0,210.19,137.97K,Consumer Services,Publishing: Newspapers,22.0,67.0,28.0,19.0,5.2314,5.015,463.12K,179.95K,287.9,184.51,37.55B,No,209.79,204.63,227.6,204.76,214.31,499
2794,STARIMAGIN.BO,84.08,86.0,7.00K,Health Services,Medical/Nursing Services,22.0,7.0,54.0,50.0,3.0864,2.175,25.85K,12.60K,152.0,46.0,1.46B,No,91.6,87.7,90.03,88.89,77.12,240
2795,EXPLEOSOL.NS,827.45,811.7,30.06K,Technology Services,Information Technology Services,22.0,59.0,47.0,23.0,42.1893,32.0964,112.01K,231.38K,1175.1,640.0,12.74B,No,819.41,823.57,883.43,812.55,817.78,498
2796,SWADPOL.BO,37.54,36.6,2.91K,Process Industries,Textiles,22.0,61.0,62.0,32.0,2.6064,2.5964,4.52K,2.84K,73.95,27.0,1.46B,No,36.91,36.48,42.11,36.87,36.73,496
2797,COSCO.BO,194.0,189.15,0.59K,Consumer Durables,Recreational Products,22.0,52.0,25.0,18.0,5.4214,4.6714,0.58K,0.40K,267.95,160.0,807.23M,No,192.97,196.45,208.36,197.99,198.83,496
2798,ISGEC.NS,829.35,830.95,31.53K,Industrial Services,Engineering & Construction,22.0,11.0,6.0,54.0,20.1071,19.3286,47.31K,27.97K,1113.9,683.95,60.32B,No,863.88,896.46,897.13,890.66,912.98,499
2799,JAICORPLTD.NS,104.11,104.33,198.15K,Process Industries,Containers/Packaging,22.0,23.0,16.0,26.0,2.4343,2.28,448.09K,323.62K,178.24,88.0,18.27B,No,104.78,110.81,119.67,110.37,110.09,500
2800,MRCAGRO.BO,35.3,35.91,54.93K,Distribution Services,Wholesale Distributors,22.0,17.0,11.0,8.0,2.0336,2.0336,91.82K,140.34K,54.5,26.88,723.21M,No,36.33,36.42,41.64,36.09,38.84,497
2801,LEMONTREE.NS,113.15,112.68,2124.48K,Consumer Services,Hotels/Resorts/Cruise Lines,22.0,23.0,32.0,19.0,2.4893,2.3657,3387.03K,3171.05K,180.68,99.61,89.31B,No,112.27,113.23,129.06,113.07,115.43,500
2802,NARMP.BO,20.0,20.04,11.16K,Producer Manufacturing,Miscellaneous Manufacturing,22.0,9.0,18.0,10.0,0.6393,0.61,78.24K,8.42K,34.55,14.56,724.60M,No,20.34,21.53,23.02,21.57,21.6,498
2803,NAPL.BO,196.85,200.35,40.14K,Consumer Non-Durables,Food: Specialty/Candy,22.0,37.0,74.0,13.0,13.2607,11.4607,37.53K,47.89K,404.75,121.0,1.04B,No,199.4,193.82,215.41,197.18,191.83,497
2804,POOJAENT.BO,72.11,72.73,17.08K,Consumer Services,Movies/Entertainment,22.0,15.0,36.0,73.0,4.62,4.5571,10.10K,17.21K,161.6,47.0,4.61B,No,73.9,74.64,72.81,74.32,70.63,497
2805,SURAKSHA.NS,250.75,252.3,32.68K,Health Services,Medical/Nursing Services,22.0,19.0,24.0,34.0,8.6464,8.3571,48.48K,77.65K,333.0,224.1,13.06B,No,256.07,266.55,278.23,263.14,271.03,414
2806,JKIL.NS,489.05,490.1,359.78K,Industrial Services,Engineering & Construction,22.0,47.0,38.0,17.0,11.1536,11.0214,90.03K,58.10K,709.95,425.0,37.21B,No,491.04,491.13,533.04,489.95,505.5,500
2807,JAMSHRI.BO,75.01,75.38,0.18K,Finance,Real Estate Development,22.0,30.0,38.0,27.0,1.9736,1.8493,0.72K,0.53K,111.95,68.0,524.06M,No,77.01,78.25,85.39,78.16,79.1,497
2808,EMIAC.BO,92.75,92.75,21.60K,Commercial Services,Advertising/Marketing Services,22.0,20.0,20.0,,2.0257,1.6929,34.19K,8.64K,121.0,90.0,1.13B,No,95.05,96.72,,96.58,,82
2809,AMJLAND.NS,38.97,39.16,5.61K,Finance,Real Estate Development,22.0,60.0,31.0,27.0,1.5836,1.5807,11.15K,11.01K,61.0,30.3,1.60B,No,38.05,37.78,43.42,38.09,39.55,498
2810,NAGTECH.BO,44.9,43.65,74.71K,Process Industries,Agricultural Commodities/Milling,22.0,48.0,16.0,11.0,3.5564,3.3929,10.72K,16.27K,64.28,34.59,1.28B,No,44.83,46.83,46.45,46.63,47.36,498
2811,SOMATEX.NS,94.38,97.14,13.57K,Process Industries,Textiles,22.0,12.0,10.0,13.0,4.7364,4.7357,17.17K,10.71K,161.25,62.15,3.21B,No,102.84,99.87,110.08,100.07,104.24,497
2812,DELTACORP.NS,63.56,63.52,465.80K,Consumer Services,Movies/Entertainment,22.0,45.0,8.0,37.0,1.3729,1.3607,4452.82K,912.75K,98.8,48.3,16.99B,No,63.67,64.69,66.83,64.64,64.69,500
2813,ROUTE.NS,533.5,532.3,124.09K,Communications,Major Telecommunications,22.0,41.0,32.0,22.0,23.9893,23.9286,832.66K,3784.60K,921.6,410.7,33.61B,No,557.28,541.12,578.25,542.09,526.99,500
2814,EUROBOND.NS,163.19,161.98,3.46K,Non-Energy Minerals,Aluminum,22.0,36.0,38.0,26.0,7.29,7.2579,7.51K,5.96K,254.5,126.3,4.00B,No,162.85,169.92,176.01,170.08,169.53,498
2815,HIRAUTO.BO,193.0,193.0,0.10K,Retail Trade,Specialty Stores,22.0,50.0,33.0,30.0,0.0571,0.0,0.01K,0.03K,489.65,193.0,531.41M,No,193.48,199.38,211.23,198.66,204.39,497
2816,EARKART.BO,139.95,140.0,1.00K,Health Technology,Medical Specialties,22.0,7.0,38.0,20.0,1.7857,0.3536,2.43K,0.50K,265.95,104.35,1.92B,No,152.8,141.75,158.38,142.78,143.09,207
2817,JWL.NS,262.3,258.85,781.73K,Producer Manufacturing,Trucks/Construction/Farm Machinery,22.0,63.0,18.0,12.0,7.2214,7.1143,1728.00K,1790.75K,372.85,235.65,112.01B,No,254.71,264.57,285.37,263.5,277.46,500
2818,HINDWAREAP.NS,220.92,218.17,44.04K,Producer Manufacturing,Building Products,22.0,10.0,24.0,37.0,7.9614,7.8114,357.89K,89.52K,392.7,170.5,18.28B,No,225.38,234.54,251.66,235.26,225.56,499
2819,SAGCEM.NS,173.87,172.9,21.74K,Non-Energy Minerals,Construction Materials,22.0,41.0,25.0,21.0,5.2086,4.8207,72.31K,58.23K,299.4,148.7,22.73B,No,177.49,176.41,192.04,176.41,181.5,499
2820,CILSEC.BO,37.9,36.97,0.23K,Finance,Investment Banks/Brokers,22.0,55.0,31.0,23.0,2.1593,1.8921,0.63K,0.25K,54.77,32.5,189.50M,No,36.32,36.78,41.05,36.63,38.39,496
2821,AGARIND.NS,524.2,523.25,24.16K,Process Industries,Chemicals: Specialty,22.0,57.0,70.0,5.0,22.8821,21.2393,246.89K,446.67K,1006.0,360.0,7.84B,No,507.77,510.05,590.71,515.88,509.8,498
2822,VENTIVE.NS,612.8,621.3,21.87K,Consumer Services,Hotels/Resorts/Cruise Lines,22.0,43.0,42.0,13.0,13.825,13.7929,44.47K,12.02K,793.95,542.6,143.11B,No,620.78,629.57,679.63,629.77,653.85,400
2823,KREBSBIO.NS,54.2,54.12,3.24K,Health Technology,Pharmaceuticals: Major,22.0,45.0,21.0,27.0,2.775,2.6393,9.65K,7.10K,82.49,38.33,1.18B,No,54.17,59.66,61.23,58.99,58.01,498
2824,BIOFILCHEM.NS,32.23,33.24,8.74K,Health Technology,Pharmaceuticals: Major,22.0,26.0,33.0,56.0,1.2257,1.1936,57.11K,5.47K,46.34,25.6,524.50M,No,33.01,34.27,34.18,34.1,32.84,499
2825,NGIND.BO,116.0,115.0,0.28K,Health Services,Hospital/Nursing Management,22.0,31.0,29.0,16.0,5.1464,4.2,0.86K,0.33K,162.0,111.0,388.66M,No,114.53,116.0,129.78,116.11,126.72,497
2826,ARYAMAN.BO,570.75,571.0,0.17K,Finance,Investment Banks/Brokers,22.0,23.0,31.0,20.0,19.1,16.2571,0.40K,0.42K,1100.0,480.0,6.99B,No,586.1,590.1,642.69,590.44,613.93,497
2827,SCDL.BO,69.87,72.0,8.00K,Industrial Services,Engineering & Construction,22.0,8.0,17.0,,3.015,2.7043,91.38K,73.28K,107.98,65.99,1.39B,No,71.94,77.4,,75.77,,81
2828,SHANTIGEAR.NS,408.2,418.55,17.59K,Producer Manufacturing,Auto Parts: Oem,21.0,16.0,20.0,23.0,12.6286,12.2679,18.90K,47.82K,598.9,388.45,31.33B,No,423.62,436.06,455.22,432.52,444.05,498
2829,YSL.BO,27200.0,27175.0,0.01K,Distribution Services,Wholesale Distributors,21.0,61.0,24.0,47.0,351.0714,234.8965,0.01K,0.01K,38600.0,24800.05,8.36B,No,26292.88,27348.26,29501.87,27319.68,28058.51,496
2830,ACEENGITEC.BO,122.0,122.0,0.05K,Technology Services,Information Technology Services,21.0,29.0,36.0,32.0,0.4286,0.0,0.02K,0.01K,209.85,116.8,104.78M,No,127.4,128.67,134.44,127.97,131.3,497
2831,GALLARD.BO,158.95,155.0,8.00K,Producer Manufacturing,Industrial Machinery,21.0,12.0,65.0,41.0,4.2036,2.7714,10.21K,7.10K,245.95,110.0,1.51B,No,157.37,156.98,,156.86,154.81,173
2832,HINDHARD.BO,763.0,835.3,6.97K,Electronic Technology,Electronic Equipment/Instruments,21.0,9.0,22.0,36.0,32.9464,28.6714,0.63K,0.34K,1350.0,665.0,1.14B,No,812.41,821.16,865.81,811.05,811.54,497
2833,SMR.BO,87.12,86.5,2.00K,Consumer Durables,Other Consumer Specialties,21.0,36.0,,,3.2871,2.1386,16.32K,5.30K,115.0,75.85,1.63B,No,87.66,,,,,43
2834,ELDEHSG.NS,741.85,774.6,88.25K,Finance,Real Estate Development,21.0,6.0,12.0,13.0,41.0572,40.2143,1.07K,1.19K,1044.1,691.2,7.29B,No,780.01,792.17,847.63,786.73,828.24,498
2835,JYOTIRES.BO,914.65,898.85,7.80K,Process Industries,Industrial Specialties,21.0,14.0,41.0,13.0,34.9964,34.9964,13.12K,7.52K,1399.0,700.0,10.98B,No,943.46,956.02,993.31,953.61,912.65,497
2836,ICICIPRULI.NS,505.7,516.55,3072.20K,Finance,Life/Health Insurance,21.0,64.0,26.0,11.0,9.5,9.325,1881.43K,1403.66K,706.8,459.5,735.02B,No,509.13,496.41,576.83,495.84,552.01,500
2837,AROGRANITE.NS,26.05,26.12,4.15K,Non-Energy Minerals,Construction Materials,21.0,54.0,33.0,31.0,1.2693,1.2407,7.40K,11.00K,45.63,18.67,398.56M,No,25.34,25.37,27.97,25.45,25.89,498
2838,SAURASHCEM.NS,68.93,68.71,639.20K,Non-Energy Minerals,Construction Materials,21.0,90.0,70.0,29.0,3.6221,3.2021,164.55K,237.29K,125.35,47.65,7.67B,No,58.85,58.48,70.55,59.12,62.19,498
2839,RAILTEL.NS,290.85,289.6,529.20K,Communications,Major Telecommunications,21.0,27.0,13.0,13.0,6.8071,6.375,788.43K,628.43K,412.9,245.0,93.34B,No,294.16,305.38,323.07,303.55,309.42,500
2840,DTIL.NS,134.06,133.5,3.43K,Process Industries,Agricultural Commodities/Milling,21.0,25.0,21.0,25.0,4.2664,4.2029,5.31K,4.15K,211.45,102.0,1.40B,No,133.64,135.3,144.35,135.4,136.66,498
2841,CALCOM.BO,78.0,78.14,1.51K,Producer Manufacturing,Electrical Products,21.0,80.0,35.0,11.0,3.9264,3.7857,5.76K,4.16K,147.5,67.01,1.09B,No,77.62,78.22,93.73,77.97,83.25,496
2842,SHRADDHA.BO,151.55,150.0,5.50K,Electronic Technology,Electronic Equipment/Instruments,21.0,59.0,26.0,14.0,8.7143,8.6036,27.59K,5.82K,258.9,139.8,6.12B,No,153.81,157.64,178.9,156.04,164.64,496
2843,GKB.BO,55.1,56.97,1.54K,Health Technology,Medical Specialties,21.0,17.0,11.0,34.0,2.4214,2.1114,1.17K,0.49K,91.7,45.25,277.74M,No,57.58,60.58,59.71,60.42,60.96,497
2844,GORANIN.BO,48.5,49.0,2.10K,Consumer Durables,Electronics/Appliances,21.0,68.0,41.0,17.0,1.87,1.7529,0.46K,0.50K,126.1,40.3,260.09M,No,46.67,46.99,56.61,46.81,52.41,497
2845,ESCORP.BO,103.25,100.0,1.09K,Finance,Investment Managers,21.0,41.0,19.0,21.0,3.1179,2.9536,0.57K,0.34K,212.95,87.52,1.15B,No,102.36,102.18,119.73,102.87,107.59,498
2846,GARGFUR.BO,131.0,131.15,2.21K,Non-Energy Minerals,Steel,21.0,87.0,34.0,42.0,7.9857,7.3857,6.36K,15.89K,199.5,108.65,656.14M,No,119.95,117.26,136.38,119.11,132.81,497
2847,GLOBALVECT.NS,164.99,162.58,2.37K,Industrial Services,Oilfield Services/Equipment,21.0,59.0,20.0,32.0,9.135,9.0236,13.80K,38.70K,248.0,129.0,2.31B,No,158.39,160.7,179.84,160.37,167.59,498
2848,PACIFICI.BO,136.0,138.35,0.01K,Non-Energy Minerals,Construction Materials,21.0,59.0,50.0,34.0,7.9071,7.3536,0.68K,0.69K,217.95,110.15,937.40M,No,133.21,135.03,146.83,135.6,137.62,497
2849,SUNCLAY.NS,1269.4,1272.0,3.52K,Producer Manufacturing,Auto Parts: Oem,21.0,22.0,19.0,49.0,56.4929,55.4143,10.08K,16.90K,1942.0,1112.8,27.99B,No,1335.67,1335.23,1332.6,1335.22,1334.17,497
2850,JAMESWARREN.BO,265.3,271.0,0.72K,Consumer Non-Durables,Food: Major Diversified,21.0,39.0,23.0,11.0,10.475,9.4,1.09K,0.68K,408.55,248.05,980.32M,No,264.83,265.86,303.41,264.81,287.91,497
2851,SOLIDSTON.BO,24.19,25.49,4.54K,Non-Energy Minerals,Construction Materials,21.0,53.0,27.0,28.0,1.44,1.1821,1.19K,0.31K,39.95,21.66,130.14M,No,25.07,25.32,28.04,25.35,26.22,496
2852,INCREDIBLE.NS,33.11,33.02,6.35K,Non-Energy Minerals,Steel,21.0,36.0,37.0,18.0,1.9064,1.8486,7.06K,10.36K,52.87,28.1,1.55B,No,33.21,33.69,36.64,33.56,34.48,498
2853,SRAMSET.BO,294.95,303.15,2.10K,Finance,Investment Managers,21.0,74.0,31.0,31.0,14.3429,13.4071,3.23K,2.77K,550.2,251.2,5.01B,No,285.88,287.75,334.03,287.76,304.85,496
2854,MCLOUD.NS,28.8,28.79,1381.72K,Technology Services,Information Technology Services,21.0,34.0,63.0,75.0,1.0186,1.0121,8686.25K,4664.24K,93.55,19.4,17.05B,No,28.61,28.06,30.14,27.81,25.69,371
2855,SJVN.NS,68.43,69.11,1217.92K,Utilities,Electric Utilities,21.0,29.0,17.0,30.0,1.2071,1.1564,2911.94K,2183.78K,101.45,63.02,268.92B,No,69.03,71.19,74.95,70.86,72.74,500
2856,LOYALTEX.NS,216.0,210.0,0.83K,Process Industries,Textiles,21.0,49.0,29.0,53.0,10.4879,9.4679,0.27K,0.08K,370.8,170.04,1.03B,No,205.03,207.12,216.58,206.1,213.24,498
2857,SPICELOUNG.BO,25.12,24.86,75.56K,Retail Trade,Discount Stores,21.0,44.0,72.0,9.0,1.6907,1.5893,98.79K,54.74K,72.2,16.21,17.51B,No,24.47,24.53,33.84,24.6,27.07,497
2858,BAJAJELEC.NS,382.5,348.1,12000.41K,Consumer Durables,Electronics/Appliances,21.0,88.0,31.0,26.0,12.7643,12.6643,197.66K,69.65K,653.8,301.0,44.14B,No,335.69,325.86,399.02,330.63,362.06,500
2859,WIPRO.NS,186.12,186.99,6617.94K,Technology Services,Information Technology Services,21.0,70.0,36.0,10.0,3.7736,3.6436,25668.47K,19289.04K,273.1,169.0,1841.16B,No,179.89,181.5,215.18,180.82,199.38,500
2860,NAVNETEDUL.NS,128.03,127.36,352.45K,Producer Manufacturing,Office Equipment/Supplies,21.0,5.0,16.0,22.0,4.5871,4.43,196.89K,198.06K,168.5,121.5,28.30B,No,141.58,142.3,144.79,141.71,142.13,500
2861,SIMPLXREA.BO,135.9,137.35,0.01K,Consumer Durables,Homebuilding,21.0,41.0,22.0,23.0,2.5929,1.6321,0.06K,0.00K,191.8,117.0,406.53M,No,133.5,134.4,150.87,133.7,141.91,495
2862,CCLINTER.BO,22.24,24.0,0.51K,Industrial Services,Engineering & Construction,21.0,29.0,35.0,21.0,1.92,1.6829,2.61K,0.32K,35.76,20.0,426.84M,No,23.39,23.74,25.73,23.34,24.35,497
2863,PICCASUG.BO,34.81,34.05,5.47K,Process Industries,Agricultural Commodities/Milling,21.0,51.0,19.0,48.0,2.1543,2.145,13.10K,3.36K,35.29,3.26,,No,34.26,35.14,38.3,34.87,35.66,497
2864,SRIKPRIND.BO,21.0,20.75,4.91K,Non-Energy Minerals,Construction Materials,21.0,50.0,7.0,56.0,1.2614,1.2421,5.46K,2.58K,32.35,17.1,423.06M,No,20.6,20.84,22.29,21.07,21.71,496
2865,PRITHVIEXCH.BO,104.57,102.99,0.73K,Finance,Finance/Rental/Leasing,20.0,50.0,21.0,45.0,4.5214,4.3614,0.88K,0.72K,179.95,91.25,862.67M,No,102.7,106.04,115.32,105.83,112.57,497
2866,JAYKAY.NS,159.09,156.91,181.55K,Commercial Services,Miscellaneous Commercial Services,20.0,11.0,30.0,26.0,6.46,6.46,309.03K,99.51K,219.7,115.52,20.73B,No,166.99,172.59,,173.26,162.05,170
2867,GINISILK.BO,55.0,54.35,0.40K,Process Industries,Textiles,20.0,25.0,22.0,26.0,3.05,2.7079,1.16K,0.53K,92.49,42.51,308.54M,No,55.44,55.49,59.84,55.56,57.45,497
2868,AMKAY.BO,47.99,47.99,4.00K,Health Technology,Medical Specialties,20.0,14.0,12.0,3.0,0.3721,0.0721,3.05K,1.00K,81.99,39.22,415.38M,No,49.66,52.87,56.62,51.73,57.37,496
2869,PARAGONF.BO,44.58,49.89,0.20K,Finance,Finance/Rental/Leasing,20.0,7.0,18.0,27.0,4.3336,3.9721,1.52K,0.17K,63.67,37.25,189.47M,No,50.53,49.62,50.7,49.25,50.06,498
2870,BALUFORGE.NS,458.45,445.9,943.43K,Producer Manufacturing,Trucks/Construction/Farm Machinery,20.0,60.0,11.0,54.0,12.1357,11.9357,610.20K,272.82K,697.0,341.05,52.72B,No,444.87,452.68,505.16,454.3,461.49,500
2871,PUNJCOMMU.BO,46.84,48.0,1.28K,Electronic Technology,Telecommunications Equipment,20.0,20.0,33.0,16.0,2.4636,2.2286,1.38K,0.65K,74.01,40.1,563.18M,No,48.23,49.01,54.65,48.78,51.24,497
2872,NICCOPAR.BO,73.16,73.25,0.92K,Consumer Services,Movies/Entertainment,20.0,4.0,27.0,31.0,3.0079,2.68,3.44K,0.96K,115.05,59.0,3.31B,No,74.38,75.03,77.39,75.04,72.55,489
2873,PROTEAN.NS,558.65,571.9,427.07K,Technology Services,Information Technology Services,20.0,27.0,33.0,25.0,23.6357,20.4857,475.00K,340.82K,945.5,444.0,22.69B,No,598.52,601.85,648.71,597.58,581.33,372
2874,KAVDEFENCE.NS,57.49,57.33,61.45K,Electronic Technology,Telecommunications Equipment,20.0,12.0,15.0,13.0,2.2493,2.2493,109.01K,62.44K,162.87,51.51,3.46B,No,58.29,61.02,70.49,60.83,63.35,500
2875,ESTER.NS,88.3,88.2,28.77K,Process Industries,Industrial Specialties,20.0,39.0,23.0,27.0,3.0293,3.0293,91.71K,63.63K,132.45,68.55,9.18B,No,88.69,89.88,96.71,89.95,92.46,500
2876,AMRUTANJAN.NS,520.0,524.1,17.96K,Health Technology,Pharmaceuticals: Other,20.0,24.0,34.0,21.0,11.7179,11.3929,45.32K,35.46K,790.95,486.0,15.03B,No,525.99,538.78,596.36,535.13,557.49,500
2877,DELTAMAGNT.NS,57.86,57.15,7.54K,Producer Manufacturing,Metal Fabrication,20.0,22.0,35.0,25.0,3.5207,3.3957,9.64K,40.50K,93.45,45.51,634.14M,No,58.14,59.66,63.61,59.09,60.07,498
2878,RUDRAGAS.BO,68.0,69.0,16.00K,Utilities,Gas Distributors,20.0,5.0,9.0,38.0,1.8029,1.1279,5.25K,4.30K,103.03,55.6,566.98M,No,72.24,74.21,73.13,73.21,71.95,497
2879,MAHEPC.NS,108.9,107.61,55.98K,Producer Manufacturing,Trucks/Construction/Farm Machinery,20.0,15.0,22.0,23.0,3.8143,3.7607,48.20K,43.35K,185.12,91.91,3.01B,No,111.04,113.76,120.6,113.08,115.75,500
2880,TOTEM.BO,128.95,122.9,64.44K,Producer Manufacturing,Industrial Machinery,20.0,5.0,52.0,40.0,7.175,7.1,32.89K,41.10K,203.0,103.15,6.65B,No,137.72,146.05,144.99,143.05,137.44,496
2881,LKMEHTA.BO,38.3,38.25,1.60K,Process Industries,Textiles,20.0,13.0,23.0,24.0,0.2214,0.1664,0.60K,0.96K,52.0,38.0,147.07M,No,40.22,41.62,44.26,41.22,42.99,361
2882,RAJSREESUG.NS,30.5,30.84,31.56K,Process Industries,Agricultural Commodities/Milling,20.0,34.0,13.0,41.0,1.5036,1.3871,39.15K,36.82K,49.7,24.65,1.01B,No,30.76,31.98,32.76,31.61,31.1,499
2883,DOLATALGO.NS,67.71,67.65,116.52K,Finance,Investment Banks/Brokers,20.0,20.0,20.0,16.0,1.5443,1.5443,149.65K,70.60K,95.76,65.0,11.85B,No,69.15,71.94,76.88,71.68,74.8,499
2884,SIGNATURE.NS,820.75,813.7,211.79K,Finance,Real Estate Development,20.0,69.0,31.0,37.0,24.2929,22.7857,434.61K,250.56K,1158.0,705.2,114.66B,No,809.9,796.37,921.11,796.3,843.05,497
2885,FABTECH.NS,150.2,151.88,29.31K,Health Technology,Biotechnology,20.0,21.0,28.0,26.0,5.025,5.025,251.82K,114.22K,262.8,132.7,6.68B,No,152.1,153.63,175.6,153.83,155.37,208
2886,GUJAPOLLO.NS,367.55,367.1,6.03K,Producer Manufacturing,Trucks/Construction/Farm Machinery,20.0,65.0,14.0,28.0,14.925,14.5893,12.12K,8.99K,556.0,336.6,4.77B,No,355.72,363.71,404.54,364.2,391.66,498
2887,SARTHAKIND.BO,26.5,27.25,0.36K,Producer Manufacturing,Industrial Machinery,20.0,75.0,51.0,29.0,1.2243,0.9729,0.53K,0.29K,46.79,21.2,246.23M,No,25.43,25.8,29.63,25.81,27.39,496
2888,REPRO.NS,375.1,374.75,9.22K,Commercial Services,Commercial Printing/Forms,20.0,54.0,43.0,31.0,13.9357,13.8607,16.46K,17.81K,590.0,307.05,5.38B,No,373.65,366.94,413.66,367.1,378.08,498
2889,INFLAME.BO,221.8,220.0,5.75K,Consumer Durables,Electronics/Appliances,20.0,9.0,8.0,7.0,8.6143,7.8214,9.54K,8.15K,358.95,187.1,1.66B,No,233.33,231.65,273.27,232.32,267.92,497
2890,HINDADH.BO,265.1,267.4,0.73K,Process Industries,Industrial Specialties,20.0,55.0,13.0,25.0,9.9107,9.175,1.47K,0.68K,359.0,247.6,1.36B,No,261.93,279.98,301.2,280.2,294.5,497
2891,ENIL.NS,106.33,109.26,16.92K,Consumer Services,Broadcasting,20.0,40.0,21.0,27.0,2.9586,2.9529,26.93K,9.81K,174.58,98.57,5.08B,No,107.11,108.15,114.47,108.02,109.95,499
2892,SULA.NS,167.54,170.76,589.14K,Process Industries,Agricultural Commodities/Milling,20.0,85.0,45.0,29.0,5.9421,5.9036,349.50K,841.20K,296.8,138.6,14.15B,No,156.55,155.56,184.77,157.15,166.05,500
2893,SALAUTO.BO,187.0,181.3,0.22K,Producer Manufacturing,Auto Parts: Oem,20.0,57.0,23.0,27.0,7.8929,6.95,0.69K,0.33K,283.7,164.0,896.74M,No,179.55,185.53,206.11,184.25,194.08,496
2894,HCKKVENTURE.BO,36.0,34.29,0.60K,Technology Services,Packaged Software,20.0,94.0,4.0,50.0,2.25,1.4557,1.28K,1.64K,50.77,25.18,133.56M,No,33.44,34.21,34.99,34.11,36.52,498
2895,EKI.BO,83.62,82.8,8.76K,Utilities,Electric Utilities,20.0,51.0,29.0,27.0,2.7464,2.745,20.37K,7.05K,121.9,60.0,2.32B,No,84.38,85.33,92.52,85.55,87.86,497
2896,OCEANIC.BO,52.95,52.96,6.07K,Consumer Non-Durables,Food: Specialty/Candy,20.0,22.0,12.0,10.0,2.37,2.37,3.50K,1.71K,83.9,50.0,595.69M,No,53.77,56.27,61.69,56.15,59.37,498
2897,PML.NS,506.25,511.55,0.45K,Commercial Services,Miscellaneous Commercial Services,20.0,77.0,15.0,,18.7179,18.4,0.62K,0.41K,645.0,451.55,,No,488.07,497.9,,496.93,,76
2898,SIMPLXPAP.BO,1313.4,1316.7,0.01K,Distribution Services,Wholesale Distributors,20.0,83.0,14.0,17.0,40.375,12.4036,0.01K,0.01K,2094.0,1127.05,39.42M,No,1232.49,1276.73,1493.32,1276.38,1446.02,495
2899,JUNGLECAMP.BO,46.25,46.25,3.20K,Consumer Services,Hotels/Resorts/Cruise Lines,20.0,7.0,8.0,38.0,1.0886,0.5064,7.03K,4.16K,64.35,39.4,716.80M,No,47.34,48.51,49.74,48.06,48.15,406
2900,PHOENXINTL.BO,30.13,30.23,0.36K,Finance,Real Estate Development,20.0,75.0,36.0,15.0,2.3693,2.345,3.64K,1.64K,48.99,25.25,505.87M,No,29.82,29.13,34.2,29.59,31.7,497
2901,POEL.BO,169.05,170.65,32.99K,Process Industries,Chemicals: Specialty,20.0,19.0,17.0,40.0,6.3786,6.35,39.46K,22.72K,290.0,142.0,5.20B,No,173.91,173.47,184.12,173.5,177.61,497
2902,PRIMEFRESH.BO,187.8,187.95,3.11K,Transportation,Other Transportation,19.0,6.0,17.0,4.0,12.3714,12.3714,10.89K,31.96K,324.5,145.0,2.61B,No,196.08,209.23,237.73,208.44,230.74,497
2903,MURUDCERA.NS,31.52,31.1,14.88K,Producer Manufacturing,Building Products,19.0,43.0,29.0,30.0,1.1307,1.1307,26.75K,20.25K,47.5,25.16,1.91B,No,30.86,31.47,33.65,31.4,31.94,499
2904,CAMPUS.NS,219.0,226.54,4381.76K,Consumer Non-Durables,Apparel/Footwear,19.0,19.0,21.0,18.0,6.8879,6.5907,1393.44K,691.32K,297.0,215.2,66.94B,No,223.79,232.27,250.27,231.68,241.98,500
2905,BATAINDIA.NS,728.1,730.05,410.00K,Consumer Non-Durables,Apparel/Footwear,19.0,73.0,51.0,15.0,18.9857,18.5929,458.25K,220.98K,1282.5,605.0,93.58B,No,697.41,692.31,813.27,699.14,733.52,500
2906,BAJAJST.NS,386.8,394.3,16.46K,Process Industries,Agricultural Commodities/Milling,19.0,30.0,19.0,,17.7679,17.7464,23.32K,20.36K,487.0,350.05,,No,395.19,392.37,,397.66,,75
2907,KPT.BO,514.95,499.9,2.19K,Consumer Durables,Tools & Hardware,19.0,14.0,32.0,33.0,26.4143,25.2643,6.04K,1.81K,808.0,335.0,1.75B,No,520.66,495.55,553.13,498.59,513.74,497
2908,TURTLEMINT.NS,112.75,115.11,242.80K,Finance,Insurance Brokers/Services,19.0,4.0,,,6.8186,6.4514,1905.29K,748.42K,154.3,112.5,,No,128.06,,,,,28
2909,TTC.BO,239.95,236.0,0.30K,Commercial Services,Miscellaneous Commercial Services,19.0,82.0,30.0,11.0,11.3607,9.9071,2.81K,3.42K,445.0,185.0,453.51M,No,207.83,226.25,294.75,221.18,265.23,407
2910,EUPHORIAIT.BO,34.0,32.45,2.40K,Technology Services,Information Technology Services,19.0,88.0,53.0,19.0,1.0029,0.3679,2.04K,1.20K,59.95,22.53,98.66M,No,28.16,30.26,36.17,30.77,32.56,498
2911,CHEMCRUX.BO,89.3,89.31,14.62K,Process Industries,Chemicals: Major Diversified,19.0,47.0,42.0,30.0,5.4364,4.7621,6.14K,6.70K,158.6,64.0,1.32B,No,90.83,89.95,97.56,90.11,90.85,497
2912,BOMBCYC.BO,1550.0,1607.95,0.04K,Consumer Services,Other Consumer Services,19.0,36.0,15.0,23.0,43.0071,29.6714,0.05K,0.03K,2099.9,1512.0,620.00M,No,1565.51,1583.24,1696.43,1572.71,1654.81,487
2913,PFS.NS,28.87,28.91,457.19K,Finance,Finance/Rental/Leasing,19.0,16.0,30.0,19.0,0.7986,0.7536,614.53K,486.45K,40.69,23.85,18.54B,No,29.27,30.24,31.58,30.07,30.22,500
2914,HINDCON.NS,23.13,22.97,7.91K,Non-Energy Minerals,Construction Materials,19.0,64.0,45.0,46.0,1.2057,1.1979,18.16K,27.02K,37.75,15.66,1.17B,No,21.85,21.63,23.95,21.6,21.57,499
2915,WAAREEENER.NS,2660.9,2697.0,363.10K,Electronic Technology,Semiconductors,19.0,18.0,12.0,33.0,76.4071,68.6786,987.32K,1313.08K,3865.0,2403.0,765.41B,No,2748.51,2900.1,3015.3,2889.82,2962.49,443
2916,SHRIGANG.BO,67.83,66.1,20.49K,Consumer Non-Durables,Food: Specialty/Candy,19.0,53.0,5.0,42.0,3.0893,2.8836,14.68K,14.22K,109.0,60.3,1.44B,No,65.5,67.12,74.76,66.2,74.08,496
2917,GRINFRA.NS,893.85,897.5,24.52K,Industrial Services,Engineering & Construction,19.0,46.0,23.0,26.0,23.0393,22.7786,40.91K,13.88K,1345.0,785.0,86.11B,No,892.89,896.79,960.12,894.17,910.65,500
2918,DEEP.BO,36.0,36.11,17.71K,Process Industries,Chemicals: Specialty,19.0,24.0,23.0,31.0,3.0686,2.94,30.42K,132.73K,56.45,26.85,857.18M,No,35.01,37.43,38.44,37.78,36.63,497
2919,AUTOINT.BO,335.95,331.15,10.87K,Finance,Finance/Rental/Leasing,19.0,33.0,4.0,4.0,21.9357,18.2929,1.05K,1.52K,1031.0,189.88,1.17B,No,320.36,332.65,528.38,330.88,410.73,498
2920,ARIHANTSUP.NS,267.3,260.25,25.58K,Finance,Real Estate Development,19.0,53.0,47.0,38.0,7.5464,7.5464,185.57K,12.25K,465.0,188.8,11.56B,No,261.42,260.92,288.95,261.81,258.86,498
2921,TEAMLEASE.NS,1253.5,1251.6,20.05K,Commercial Services,Personnel Services,19.0,11.0,38.0,24.0,39.4214,36.2357,39.68K,66.14K,1944.3,1065.2,21.02B,No,1331.85,1382.35,1421.86,1377.68,1316.62,498
2922,CLEAN.NS,771.65,768.95,297.88K,Process Industries,Chemicals: Specialty,19.0,43.0,21.0,22.0,24.3929,23.8429,388.96K,519.06K,1256.8,652.0,82.01B,No,749.77,767.85,816.27,763.71,769.58,500
2923,PROSTARM.NS,144.13,133.59,1394.41K,Producer Manufacturing,Electrical Products,19.0,71.0,15.0,31.0,5.1893,5.1021,326.35K,254.18K,237.0,114.64,8.49B,No,128.34,134.44,151.7,134.76,143.08,295
2924,KAYA.NS,279.05,273.75,14.83K,Consumer Non-Durables,Household/Personal Care,19.0,83.0,61.0,12.0,15.205,14.8443,22.91K,66.97K,487.9,224.01,4.24B,No,262.52,252.52,315.86,256.52,282.41,499
2925,WEWIN.NS,45.9,43.82,1.33K,Commercial Services,Miscellaneous Commercial Services,19.0,41.0,27.0,52.0,1.8507,1.725,12.39K,1.06K,78.0,35.38,466.39M,No,46.09,49.24,48.86,48.42,48.75,498
2926,SAKTHIFIN.BO,28.32,28.0,4.07K,Finance,Finance/Rental/Leasing,19.0,32.0,52.0,15.0,1.19,1.18,7.25K,3.33K,48.0,20.2,1.83B,No,28.21,28.1,31.25,28.14,27.17,496
2927,HITECHGEAR.NS,579.0,568.95,2.74K,Producer Manufacturing,Auto Parts: Oem,19.0,4.0,31.0,18.0,21.9107,21.9107,2.80K,3.21K,897.45,521.25,10.89B,No,597.47,606.12,652.11,606.27,618.78,498
2928,BLOIN.BO,32.0,32.25,6.59K,Non-Energy Minerals,Steel,19.0,12.0,19.0,30.0,1.1386,1.0007,1.05K,0.73K,47.9,28.63,212.48M,No,33.19,34.0,34.94,33.8,33.73,498
2929,FORTISMLR.BO,49.6,49.99,2.82K,Health Services,Hospital/Nursing Management,19.0,33.0,22.0,22.0,1.925,1.9093,7.95K,6.00K,76.0,40.75,935.59M,No,50.23,51.7,56.07,51.69,53.17,497
2930,ALFATRAN.BO,42.22,38.71,20.38K,Producer Manufacturing,Electrical Products,19.0,69.0,14.0,82.0,2.3186,2.3014,11.54K,8.50K,75.8,27.03,386.34M,No,39.8,42.97,43.25,43.27,42.35,497
2931,ASHSI.BO,22.94,22.77,0.56K,Non-Energy Minerals,Steel,19.0,79.0,23.0,16.0,1.7093,1.6779,2.19K,2.97K,37.2,17.0,286.75M,No,22.06,22.86,25.75,22.96,23.98,497
2932,HDFCBANK.NS,736.15,735.0,44571.50K,Finance,Major Banks,19.0,9.0,31.0,10.0,13.6786,10.5143,35659.41K,28222.16K,1020.5,726.65,11315.03B,No,768.37,775.01,867.3,776.64,812.52,500
2933,VSFPROJ.BO,31.8,34.8,3.22K,Industrial Services,Engineering & Construction,19.0,19.0,39.0,15.0,3.955,3.895,1.12K,0.36K,63.8,28.25,522.50M,No,35.67,35.24,38.9,35.37,36.91,496
2934,BPL.NS,53.42,53.43,31.95K,Electronic Technology,Telecommunications Equipment,19.0,41.0,27.0,26.0,1.6429,1.6021,73.89K,42.96K,91.28,37.61,2.62B,No,54.75,54.65,57.37,54.47,54.13,500
2935,GOPAL.NS,277.0,274.55,112.33K,Consumer Non-Durables,Food: Specialty/Candy,19.0,50.0,11.0,24.0,7.2714,7.0214,117.12K,138.57K,398.0,247.55,34.53B,No,265.98,275.48,298.59,274.54,284.22,499
2936,SMLT.NS,68.48,70.04,4.99K,Non-Energy Minerals,Steel,19.0,50.0,38.0,44.0,2.46,2.36,12.07K,3.29K,122.85,56.61,937.47M,No,67.7,69.66,78.07,69.36,70.87,498
2937,AUSTERE.BO,44.13,40.0,28.00K,Technology Services,Packaged Software,18.0,53.0,35.0,15.0,0.9336,0.5307,4.26K,3.60K,79.32,40.01,462.40M,No,41.63,44.13,48.54,44.0,46.96,224
2938,VPL.BO,36.84,31.01,7.20K,Process Industries,Agricultural Commodities/Milling,18.0,35.0,27.0,27.0,0.6343,0.1571,0.79K,0.60K,55.0,30.1,228.02M,No,33.05,33.64,37.69,33.18,34.33,495
2939,ITC.NS,284.5,286.95,6336.47K,Consumer Non-Durables,Tobacco,18.0,48.0,33.0,21.0,5.0857,4.7179,16673.49K,20264.90K,427.0,275.0,3564.63B,No,282.73,284.92,329.61,285.11,301.26,500
2940,JUNIPER.NS,204.51,199.9,1433.20K,Consumer Services,Hotels/Resorts/Cruise Lines,18.0,49.0,33.0,19.0,6.1579,5.9457,137.32K,67.62K,312.5,188.5,45.50B,No,196.38,197.11,221.71,197.68,209.04,500
2941,BSOFT.NS,318.25,323.65,1713.00K,Technology Services,Packaged Software,18.0,86.0,21.0,8.0,11.7571,11.4214,2092.45K,2630.80K,474.0,270.2,88.98B,No,298.13,304.28,367.3,303.47,350.35,500
2942,GREENPANEL.NS,202.0,199.39,89.88K,Non-Energy Minerals,Forest Products,18.0,69.0,21.0,20.0,5.5493,5.4764,191.77K,111.79K,333.8,163.01,24.80B,No,195.84,193.09,217.62,194.75,202.91,500
2943,METALCO.BO,52.11,53.0,0.01K,Non-Energy Minerals,Steel,18.0,67.0,22.0,16.0,3.645,3.5407,1.22K,1.32K,80.0,44.5,381.80M,No,51.92,53.0,59.96,53.11,56.2,497
2944,CSBBANK.NS,328.55,326.55,445.97K,Finance,Major Banks,18.0,12.0,27.0,7.0,10.4464,10.3214,533.44K,801.01K,574.4,317.35,54.90B,No,345.74,350.9,393.0,349.46,376.93,500
2945,DUNCANENG.BO,375.0,389.95,1.26K,Producer Manufacturing,Industrial Machinery,18.0,33.0,20.0,16.0,15.4464,12.6821,0.37K,0.33K,539.0,319.3,1.37B,No,381.59,375.88,416.92,374.31,398.5,498
2946,SHRJAGP.BO,579.1,577.9,1.22K,Process Industries,Textiles,18.0,44.0,46.0,27.0,15.3071,14.2143,0.80K,0.30K,1000.0,501.0,5.07B,No,580.67,577.7,634.48,577.33,592.54,496
2947,HBSL.NS,57.3,59.08,5.29K,Finance,Investment Banks/Brokers,18.0,80.0,31.0,28.0,2.98,2.5293,2.62K,2.40K,108.8,42.63,414.77M,No,50.19,51.71,62.91,52.08,56.27,499
2948,SALORAINTL.BO,28.53,28.9,0.10K,Electronic Technology,Telecommunications Equipment,18.0,33.0,46.0,13.0,1.4486,1.4107,2.36K,1.00K,47.7,25.17,251.27M,No,29.77,29.39,33.44,29.51,30.85,496
2949,BRIGHTBR.BO,244.45,233.55,1.74K,Process Industries,Industrial Specialties,18.0,42.0,29.0,42.0,12.9821,12.95,2.54K,1.13K,393.0,185.35,1.39B,No,226.79,229.95,248.47,228.43,230.71,497
2950,NLFL.BO,38.98,39.34,7.17K,Finance,Finance/Rental/Leasing,18.0,13.0,16.0,14.0,2.7107,2.5879,4.22K,8.76K,59.99,35.31,255.64M,No,38.83,39.32,44.63,38.8,43.12,497
2951,ZWELCAST.BO,680.0,699.0,0.65K,Non-Energy Minerals,Construction Materials,18.0,32.0,34.0,26.0,11.5964,6.3929,0.12K,0.14K,1187.0,650.05,433.95M,No,697.9,701.33,763.96,699.85,708.78,496
2952,SCOOBEEDAY.BO,67.26,68.78,3.37K,Consumer Non-Durables,Apparel/Footwear,18.0,24.0,38.0,25.0,3.8107,3.6743,1.37K,0.51K,110.0,61.95,1.14B,No,70.0,71.39,74.45,70.6,71.05,496
2953,NATCAPSUQ.NS,154.98,148.14,27.36K,Health Technology,Pharmaceuticals: Other,18.0,63.0,33.0,25.0,9.0707,8.9171,10.89K,30.61K,296.0,136.36,1.56B,No,146.03,151.1,166.88,151.36,156.0,364
2954,IRCTC.NS,519.7,510.25,916.82K,Consumer Services,Other Consumer Services,18.0,60.0,29.0,14.0,9.3071,8.9214,921.10K,927.18K,739.0,485.3,415.76B,No,500.67,508.54,588.66,510.91,546.15,500
2955,CONTCHM.BO,58.0,56.05,0.04K,Technology Services,Packaged Software,18.0,6.0,40.0,6.0,2.2464,1.2007,0.12K,0.05K,87.08,56.0,130.44M,No,60.92,63.21,67.61,61.79,66.03,497
2956,ISTLTD.BO,650.0,645.0,0.20K,Producer Manufacturing,Auto Parts: Oem,18.0,61.0,35.0,29.0,25.1286,25.1286,1.16K,1.51K,931.2,518.0,7.58B,No,628.97,644.12,716.79,645.57,676.82,497
2957,CONTILI.BO,20.54,21.14,5.24K,Distribution Services,Food Distributors,18.0,23.0,17.0,39.0,1.97,1.9157,3.27K,1.23K,42.0,19.21,317.79M,No,21.39,22.13,24.89,22.04,23.8,497
2958,KCP.NS,152.7,154.86,115.65K,Producer Manufacturing,Industrial Conglomerates,18.0,12.0,14.0,17.0,5.605,5.5029,144.17K,159.17K,214.4,125.0,19.51B,No,164.05,165.67,170.35,164.89,162.5,499
2959,GARWAMAR.BO,21.1,21.1,4.06K,Producer Manufacturing,Trucks/Construction/Farm Machinery,18.0,15.0,21.0,17.0,0.8671,0.8671,5.33K,3.60K,36.5,18.32,121.67M,No,21.43,21.67,24.8,21.59,23.43,497
2960,TRIGYN.NS,54.8,54.7,96.88K,Technology Services,Information Technology Services,18.0,76.0,29.0,35.0,2.2143,2.2043,32.03K,25.86K,102.4,37.55,1.69B,No,54.66,54.7,59.82,54.36,54.87,498
2961,SCILAL.NS,41.14,41.16,207.72K,Miscellaneous,Miscellaneous,18.0,35.0,8.0,25.0,1.0786,1.0679,808.45K,163.36K,55.0,34.3,19.16B,No,41.81,43.47,45.44,43.33,44.26,498
2962,CMSINFO.NS,277.55,273.9,350.30K,Finance,Investment Managers,18.0,63.0,42.0,20.0,8.7286,8.3643,612.12K,589.73K,454.15,255.15,44.43B,No,272.47,283.6,314.22,282.01,296.51,500
2963,SAFARI.NS,1490.8,1500.0,113.97K,Consumer Durables,Other Consumer Specialties,18.0,14.0,43.0,6.0,56.0429,55.8929,90.71K,41.23K,2507.1,1363.1,73.04B,No,1587.04,1596.4,1825.25,1591.28,1642.98,498
2964,UPL.NS,572.75,577.25,2527.82K,Process Industries,Chemicals: Agricultural,18.0,37.0,23.0,12.0,14.0536,13.4429,2266.13K,1392.59K,812.2,563.15,484.14B,No,602.11,605.74,675.56,604.92,643.04,500
2965,SURAJLTD.NS,218.68,217.26,0.43K,Non-Energy Minerals,Steel,18.0,22.0,24.0,31.0,10.3136,9.4914,1.96K,3.21K,354.95,205.0,4.02B,No,224.48,227.36,243.93,227.42,231.42,481
2966,MONTECARLO.NS,504.6,500.95,199.35K,Consumer Non-Durables,Apparel/Footwear,18.0,13.0,15.0,20.0,14.8821,14.6071,38.81K,34.59K,860.95,464.0,10.34B,No,532.54,542.71,600.03,540.42,549.16,498
2967,BSHSL.NS,86.67,87.63,1.68K,Process Industries,Chemicals: Agricultural,18.0,37.0,24.0,36.0,3.0279,3.0121,5.87K,4.07K,150.0,59.16,9.09B,No,87.14,90.54,97.38,90.05,91.11,497
2968,DCW.NS,47.0,46.56,1450.23K,Process Industries,Chemicals: Specialty,18.0,38.0,26.0,44.0,1.2921,1.2586,1176.96K,689.17K,81.31,37.11,13.87B,No,46.84,47.56,51.2,47.69,46.59,500
2969,GITARENEW.BO,75.35,75.4,0.33K,Utilities,Electric Utilities,18.0,21.0,30.0,37.0,3.1607,3.0757,0.94K,0.53K,136.0,60.11,309.82M,No,73.22,75.78,83.15,75.16,78.35,497
2970,INTELLECT.NS,722.5,746.2,388.58K,Technology Services,Packaged Software,18.0,22.0,31.0,10.0,28.6393,28.1857,626.26K,822.41K,1244.6,595.2,100.66B,No,741.91,744.83,825.69,746.23,734.21,500
2971,KAMATHOTEL.NS,172.25,172.76,21.46K,Consumer Services,Hotels/Resorts/Cruise Lines,18.0,17.0,44.0,10.0,4.7486,4.7257,58.22K,33.03K,329.8,140.2,5.07B,No,173.91,175.98,200.78,175.56,179.22,499
2972,IECEDU.BO,21.5,21.75,0.35K,Commercial Services,Miscellaneous Commercial Services,18.0,55.0,19.0,14.0,1.2279,1.2079,10.04K,1.87K,46.58,18.37,328.09M,No,21.77,22.86,26.37,22.62,25.57,497
2973,PRSMJOHNSN.NS,113.32,112.69,209.70K,Non-Energy Minerals,Construction Materials,18.0,50.0,15.0,22.0,3.2964,3.2564,338.70K,139.15K,176.0,103.08,57.04B,No,109.82,114.97,127.42,114.07,121.74,498
2974,MEDIASSIST.NS,367.6,362.35,88.89K,Finance,Investment Managers,18.0,57.0,44.0,26.0,11.0107,10.875,147.24K,120.36K,594.1,293.0,27.43B,No,355.16,360.22,401.23,361.19,364.7,499
2975,HERCULES.BO,125.2,126.25,4.42K,Producer Manufacturing,Trucks/Construction/Farm Machinery,17.0,72.0,18.0,32.0,3.6536,3.6286,9.70K,8.31K,226.0,85.85,4.01B,No,118.32,119.9,136.21,120.05,122.58,497
2976,HILLTONE.BO,41.92,42.45,0.63K,Process Industries,Chemicals: Specialty,17.0,12.0,21.0,7.0,4.1593,4.1593,47.24K,82.11K,93.0,36.02,552.41M,No,41.88,43.51,57.56,43.34,49.5,398
2977,JINDCAP.BO,30.5,30.77,1.51K,Miscellaneous,Investment Trusts,17.0,19.0,19.0,22.0,2.0757,2.0636,2.40K,4.50K,49.0,26.18,219.85M,No,31.38,32.04,34.22,31.78,32.9,497
2978,PENIND.NS,162.66,165.7,438.03K,Non-Energy Minerals,Steel,17.0,34.0,39.0,31.0,4.5471,4.4629,763.74K,176.91K,279.9,129.1,21.95B,No,167.32,164.06,178.7,163.79,160.65,499
2979,KOHINOOR.NS,23.16,23.04,28.95K,Process Industries,Agricultural Commodities/Milling,17.0,24.0,21.0,33.0,0.7921,0.7914,96.01K,87.69K,36.26,19.2,858.58M,No,23.48,24.43,25.88,24.31,24.57,498
2980,SERVOTECH.NS,85.15,86.27,510.83K,Producer Manufacturing,Electrical Products,17.0,7.0,24.0,84.0,4.0043,3.9664,1718.54K,1483.99K,143.0,57.51,19.23B,No,93.57,98.16,88.12,97.42,85.02,500
2981,PROZONER.NS,42.26,42.31,95.00K,Finance,Real Estate Development,17.0,22.0,9.0,15.0,2.2186,2.1957,248.42K,214.02K,72.77,39.31,6.45B,No,42.92,45.99,52.17,45.61,49.91,499
2982,MEGRISOFT.BO,80.49,82.37,0.62K,Technology Services,Information Technology Services,17.0,16.0,33.0,11.0,5.7943,5.0857,0.45K,0.50K,120.0,59.05,245.10M,No,82.03,81.83,90.17,81.51,84.98,497
2983,BBL.NS,2345.8,2320.1001,34.35K,Producer Manufacturing,Electrical Products,17.0,6.0,13.0,14.0,87.9714,85.9071,38.50K,25.95K,3411.0,2051.7,26.51B,No,2576.23,2702.26,2700.55,2677.4,2624.22,500
2984,ATENPAPERS.BO,20.66,21.7,13.20K,Distribution Services,Wholesale Distributors,17.0,9.0,28.0,29.0,0.5936,0.3971,5.76K,3.00K,34.72,14.01,212.80M,No,21.54,22.63,22.49,22.55,21.29,281
2985,UTIAMC.NS,900.3,901.65,75.52K,Finance,Investment Managers,17.0,15.0,33.0,28.0,21.1,20.5286,212.70K,315.18K,1418.0,876.0,115.72B,No,932.51,937.96,1033.1,935.71,967.59,499
2986,DABUR.NS,413.5,414.0,1594.85K,Consumer Non-Durables,Household/Personal Care,17.0,16.0,20.0,12.0,9.0179,8.3464,2331.05K,2261.17K,577.0,403.35,729.52B,No,426.21,428.67,472.08,426.9,455.96,500
2987,NESCO.NS,1051.0,1049.4,9.55K,Producer Manufacturing,Industrial Machinery,17.0,20.0,9.0,26.0,31.4214,31.1714,56.57K,60.78K,1638.9,996.0,74.05B,No,1068.37,1095.98,1175.08,1091.62,1131.1,498
2988,TTML.NS,39.57,39.85,902.29K,Communications,Specialty Telecommunications,17.0,32.0,22.0,18.0,1.5329,1.4764,3976.57K,3432.78K,60.89,31.22,77.36B,No,40.09,42.05,44.76,42.29,41.97,500
2989,TEAMGTY.NS,223.8,225.2,0.07K,Finance,Financial Conglomerates,17.0,24.0,11.0,16.0,17.8043,17.5614,3.79K,3.83K,332.55,210.0,2.01B,No,224.19,233.66,256.61,230.69,250.68,497
2990,MEDICAPQ.BO,27.1,26.75,1.22K,Health Technology,Pharmaceuticals: Major,17.0,60.0,20.0,42.0,1.8579,1.8571,3.95K,1.84K,46.98,21.0,337.94M,No,26.64,27.16,29.24,27.04,26.73,497
2991,DENISCHEM.BO,71.0,69.87,22.11K,Health Technology,Pharmaceuticals: Generic,17.0,4.0,25.0,21.0,2.55,2.4386,14.72K,21.82K,103.0,56.1,962.35M,No,70.65,72.74,77.32,72.55,73.99,497
2992,COMMAND.BO,21.85,21.85,4.00K,Producer Manufacturing,Miscellaneous Manufacturing,17.0,27.0,34.0,16.0,0.0821,0.0,0.07K,0.40K,32.68,21.85,204.88M,No,22.66,22.86,25.23,22.77,23.46,497
2993,PIIND.NS,2796.0,2810.0,93.54K,Process Industries,Chemicals: Specialty,17.0,73.0,26.0,19.0,59.8071,58.7357,351.45K,202.36K,4100.3,2527.0,424.17B,No,2700.76,2714.47,3067.83,2720.38,2926.35,500
2994,SGFRL.BO,97.0,102.0,7.50K,Industrial Services,Engineering & Construction,17.0,60.0,24.0,19.0,3.9093,2.9736,5.94K,14.32K,146.9,84.01,2.41B,No,97.13,95.73,110.46,95.57,106.18,497
2995,WAKEFIT.NS,127.9,130.85,1011.15K,Retail Trade,Specialty Stores,17.0,64.0,44.0,6.0,8.5671,8.3864,4055.21K,15502.00K,224.0,111.4,42.38B,No,129.51,124.7,,124.98,149.73,160
2996,BLS.NS,253.98,255.63,1538.04K,Technology Services,Data Processing Services,17.0,61.0,19.0,38.0,7.2221,6.9064,1854.30K,904.71K,414.9,218.9,104.52B,No,239.34,250.69,280.8,250.34,263.96,500
2997,GILLANDERS.NS,90.84,90.76,11.03K,Consumer Non-Durables,Food: Major Diversified,17.0,40.0,10.0,40.0,3.7757,3.7257,6.83K,2.01K,140.65,76.0,1.89B,No,88.83,89.8,96.97,89.87,90.8,499
2998,IRCON.NS,132.11,131.36,910.50K,Industrial Services,Engineering & Construction,17.0,51.0,11.0,11.0,2.6486,2.5636,1859.49K,1095.97K,189.5,114.5,124.25B,No,128.84,132.52,147.72,132.23,140.69,500
2999,DHANUKA.NS,1002.0,1005.5,41.82K,Process Industries,Chemicals: Specialty,17.0,36.0,35.0,25.0,31.75,31.75,107.43K,65.89K,1665.0,889.6,45.76B,No,1019.94,1052.6,1115.25,1052.52,1052.59,498
3000,UNITEDINT.BO,71.98,68.98,0.11K,Technology Services,Information Technology Services,17.0,66.0,35.0,14.0,1.8986,1.1486,0.08K,0.01K,114.98,62.01,131.80M,No,67.95,70.1,73.97,69.88,71.61,496
3001,VICTMILL.BO,5010.0,5075.1001,0.01K,Process Industries,Textiles,17.0,17.0,16.0,17.0,162.0714,136.6536,0.02K,0.02K,7279.95,4501.0,493.79M,No,5082.87,5225.74,5846.56,5131.73,5634.95,496
3002,PALASHSECU.NS,87.1,88.55,3.53K,Consumer Non-Durables,Food: Specialty/Candy,17.0,21.0,20.0,19.0,3.3464,3.155,1.59K,1.36K,134.8,79.01,871.27M,No,89.08,92.59,99.31,92.04,93.53,499
3003,MANBRO.BO,53.52,54.82,124.01K,Consumer Non-Durables,Apparel/Footwear,17.0,67.0,2.0,8.0,2.4971,2.4971,152.93K,130.43K,99.4,36.38,5.46B,No,52.14,56.85,62.75,56.08,70.82,499
3004,APCL.NS,105.43,106.55,7.04K,Non-Energy Minerals,Construction Materials,17.0,49.0,25.0,9.0,4.22,4.2157,7.84K,4.10K,154.0,98.35,3.10B,No,103.51,108.94,119.5,107.1,117.26,497
3005,DHUNINV.NS,910.0,890.25,0.39K,Process Industries,Chemicals: Specialty,17.0,19.0,41.0,25.0,36.9964,34.9107,1.42K,0.59K,1573.1,667.1,5.59B,No,910.75,869.58,1010.94,873.52,894.81,498
3006,VISACHROME.NS,37.99,37.93,25.14K,Non-Energy Minerals,Steel,17.0,14.0,10.0,47.0,1.2079,1.1643,128.24K,25.60K,73.68,27.05,5.54B,No,38.87,42.09,44.72,40.54,39.69,498
3007,AJMERA.NS,123.47,124.0,183.84K,Finance,Real Estate Development,17.0,34.0,31.0,12.0,4.38,4.2193,913.81K,249.68K,221.4,98.03,24.30B,No,127.89,127.42,149.48,128.51,129.0,500
3008,DESCO.BO,183.0,187.65,17.00K,Industrial Services,Engineering & Construction,17.0,15.0,4.0,70.0,6.55,6.3357,25.25K,13.00K,293.65,122.0,1.42B,No,189.81,206.16,198.91,203.21,189.8,335
3009,SUGALDAM.BO,65.9,65.0,0.71K,Commercial Services,Miscellaneous Commercial Services,17.0,75.0,41.0,44.0,3.815,3.6307,1.56K,3.85K,117.7,51.25,411.88M,No,61.76,61.48,66.51,61.04,62.86,496
3010,SAFFRON.BO,26.5,27.44,3.74K,Finance,Real Estate Development,17.0,7.0,9.0,37.0,1.8564,1.7729,3.41K,4.39K,104.13,22.11,190.41M,No,26.67,28.67,36.88,28.13,30.13,497
3011,HBPOR.BO,58.98,57.33,4.78K,Finance,Investment Banks/Brokers,17.0,31.0,22.0,35.0,3.0779,3.0279,1.48K,1.66K,89.53,49.0,601.83M,No,55.64,57.9,62.08,57.99,59.1,497
3012,STRGRENWO.BO,21.76,21.76,0.06K,Finance,Real Estate Development,16.0,70.0,71.0,10.0,0.16,0.0721,0.26K,0.06K,39.25,16.25,92.26M,No,21.79,20.78,24.38,20.83,21.88,498
3013,REFEXRENEW.BO,324.3,324.3,0.44K,Industrial Services,Engineering & Construction,16.0,67.0,49.0,67.0,0.675,0.0,0.42K,0.11K,789.0,209.05,1.46B,No,317.67,311.39,337.23,312.14,290.51,496
3014,SAUMYA.BO,107.0,107.1,0.03K,Finance,Investment Banks/Brokers,16.0,16.0,37.0,6.0,6.3679,4.7964,0.10K,0.22K,169.5,107.0,739.04M,No,117.84,127.64,139.87,126.99,132.25,496
3015,CSLFINANCE.NS,219.32,217.99,37.86K,Finance,Investment Banks/Brokers,16.0,38.0,25.0,9.0,5.9257,5.7943,25.81K,21.01K,324.7,209.7,4.79B,No,216.1,222.19,254.36,220.62,238.58,498
3016,CEINSYS.NS,844.5,858.05,22.94K,Industrial Services,Engineering & Construction,16.0,15.0,15.0,,27.9714,27.9679,75.41K,39.05K,1249.9,820.0,17.68B,No,877.35,907.31,,904.63,,116
3017,ACME.BO,29.0,30.48,0.11K,Finance,Finance/Rental/Leasing,16.0,24.0,19.0,24.0,1.5321,1.4864,1.21K,1.54K,42.16,27.76,746.58M,No,29.98,30.33,33.53,30.18,31.1,497
3018,ACI.NS,517.85,523.85,194.01K,Process Industries,Chemicals: Major Diversified,16.0,39.0,12.0,25.0,22.9036,22.6964,265.32K,389.82K,727.6,483.0,63.93B,No,547.82,536.65,562.29,532.74,561.74,499
3019,ROHLTD.NS,312.5,312.75,13.58K,Consumer Services,Hotels/Resorts/Cruise Lines,16.0,30.0,27.0,18.0,8.9071,8.9036,30.61K,19.88K,593.4,269.4,8.57B,No,317.49,323.82,364.62,321.37,338.02,498
3020,MHRIL.NS,232.18,233.24,62.57K,Consumer Services,Other Consumer Services,16.0,39.0,39.0,9.0,7.4957,7.3971,398.94K,225.18K,368.9,207.9,46.83B,No,223.84,228.02,271.1,228.89,251.96,500
3021,EMAMILTD.NS,404.0,402.35,1435.47K,Consumer Non-Durables,Household/Personal Care,16.0,43.0,26.0,15.0,11.9821,11.5786,579.46K,569.78K,634.2,376.4,178.53B,No,409.06,404.4,461.82,405.19,433.94,500
3022,KACHCHH.BO,24.0,25.16,0.20K,Non-Energy Minerals,Other Metals/Minerals,16.0,2.0,17.0,29.0,1.0521,0.7321,2.67K,1.44K,59.95,18.42,127.22M,No,25.74,28.46,28.41,28.39,27.92,497
3023,GUJCRAFT.BO,97.0,95.37,0.23K,Process Industries,Containers/Packaging,16.0,45.0,33.0,16.0,3.5836,3.4157,3.05K,0.47K,149.0,89.95,471.82M,No,93.92,94.99,108.84,94.85,101.83,497
3024,CONTROLPR.NS,562.15,571.0,12.48K,Electronic Technology,Computer Peripherals,16.0,4.0,13.0,19.0,22.2536,22.2536,105.43K,145.37K,899.0,517.0,8.99B,No,608.89,621.82,659.92,618.75,631.21,498
3025,SANOFI.NS,3352.6,3328.3999,23.43K,Health Technology,Pharmaceuticals: Major,16.0,32.0,45.0,13.0,62.3,61.2357,27.68K,36.01K,5355.0,3054.0,77.21B,No,3379.4,3327.55,3790.36,3333.27,3514.38,498
3026,SHVFL.BO,23.5,24.61,0.01K,Finance,Finance/Rental/Leasing,16.0,13.0,6.0,28.0,0.0921,0.0086,0.17K,0.14K,40.39,19.89,237.35M,No,25.64,28.04,29.6,27.06,29.12,496
3027,CEENIK.BO,255.8,254.15,0.28K,Consumer Non-Durables,Apparel/Footwear,16.0,98.0,49.0,15.0,15.7643,15.6964,1.61K,1.35K,465.6,133.15,1.03B,No,244.15,206.6,281.47,210.24,248.98,497
3028,SOURCENTRL.BO,108.75,107.7,6.61K,Health Technology,Pharmaceuticals: Other,16.0,34.0,15.0,9.0,7.35,7.2143,2.75K,1.44K,170.0,96.55,700.02M,No,110.51,110.02,125.99,109.73,119.66,496
3029,ELLEN.NS,284.3,280.95,167.72K,Process Industries,Chemicals: Specialty,16.0,77.0,42.0,47.0,12.2536,11.9321,414.19K,384.41K,559.8,175.0,39.65B,No,282.49,273.48,295.8,276.56,255.8,275
3030,TRANSRAILL.NS,490.95,499.45,363.21K,Industrial Services,Engineering & Construction,16.0,47.0,14.0,39.0,11.0143,10.825,556.44K,279.36K,855.8,450.05,65.91B,No,494.93,498.02,549.54,499.96,517.64,402
3031,ARTEFACT.BO,53.01,53.39,1.49K,Industrial Services,Engineering & Construction,16.0,26.0,16.0,19.0,1.5686,1.3243,4.09K,3.98K,82.0,51.56,385.65M,No,54.01,55.08,60.1,55.08,59.16,497
3032,SHRAJOI.BO,22.5,22.5,0.20K,Energy Minerals,Integrated Oil,16.0,74.0,47.0,2.0,0.03,0.0,0.01K,0.02K,40.5,21.03,92.09M,No,22.18,21.75,27.53,21.81,25.76,495
3033,ELECTCAST.NS,72.44,71.99,775.87K,Non-Energy Minerals,Steel,16.0,24.0,8.0,43.0,1.7136,1.68,2289.65K,825.07K,108.71,60.15,44.67B,No,73.13,75.4,76.95,75.05,75.9,500
3034,TREJHARA.NS,165.13,150.79,238.67K,Technology Services,Information Technology Services,16.0,88.0,32.0,11.0,6.7421,6.0029,21.86K,15.86K,284.85,128.4,3.98B,No,138.92,140.41,185.32,140.86,162.29,497
3035,GHCL.NS,438.15,438.15,32.16K,Process Industries,Textiles,16.0,58.0,12.0,13.0,8.9714,8.9714,256.89K,165.46K,667.2,416.6,40.16B,No,437.06,437.37,506.47,434.8,468.3,500
3036,NPRFIN.BO,21.28,22.39,0.30K,Finance,Finance/Rental/Leasing,16.0,52.0,27.0,6.0,0.5136,0.2679,0.50K,0.32K,40.5,18.0,127.46M,No,21.27,21.3,25.49,21.15,23.39,497
3037,HARYNACAP.BO,143.5,140.0,0.52K,Finance,Finance/Rental/Leasing,16.0,30.0,32.0,21.0,7.9536,7.175,0.62K,0.83K,224.0,119.05,728.95M,No,141.57,143.93,158.14,143.62,146.79,497
3038,KTIL.BO,60.98,60.98,2.67K,Distribution Services,Wholesale Distributors,16.0,25.0,27.0,22.0,1.5471,1.4171,0.98K,0.91K,107.0,57.06,662.69M,No,61.71,63.3,71.72,63.37,65.74,497
3039,RENUKA.NS,22.12,22.33,5112.81K,Process Industries,Agricultural Commodities/Milling,16.0,31.0,7.0,20.0,0.5493,0.545,6730.14K,3062.71K,33.5,21.05,47.08B,No,22.22,22.48,25.27,22.45,24.45,500
3040,SUMMITSEC.NS,1511.1,1531.1,6.44K,Miscellaneous,Investment Trusts,16.0,42.0,36.0,18.0,46.8286,46.5929,3.39K,1.52K,2495.0,1312.0,16.54B,No,1512.1,1521.01,1741.04,1520.61,1592.9,499
3041,SWAGTAM.BO,50.6,50.6,0.00K,Finance,Real Estate Development,16.0,3.0,2.0,29.0,0.3857,0.0186,0.16K,0.07K,75.87,40.5,60.24M,No,54.76,61.87,61.38,59.76,61.58,495
3042,INNOVISION.NS,285.3,285.8,5.83K,Transportation,Other Transportation,16.0,42.0,20.0,,5.3893,5.3893,51.07K,19.85K,470.0,278.0,6.79B,No,286.9,289.17,,289.11,,95
3043,MALA.BO,102.95,114.04,4.00K,Process Industries,Textiles,16.0,,,,,,350.67K,350.67K,139.65,102.95,,No,,,,,,7
3044,RAAJMEDI.BO,70.7,70.7,0.30K,Health Technology,Medical Specialties,16.0,41.0,8.0,15.0,0.7371,0.2471,0.61K,0.05K,96.0,64.08,934.46M,No,72.83,74.5,79.43,73.25,80.91,497
3045,COHANCE.NS,438.9,429.45,6018.00K,Health Technology,Pharmaceuticals: Major,16.0,48.0,27.0,62.0,15.1357,14.9143,1582.06K,340.49K,1038.9,266.7,167.92B,No,434.32,435.42,455.39,435.13,388.97,500
3046,MSCTC.BO,50.73,48.32,0.30K,Non-Energy Minerals,Steel,16.0,91.0,8.0,0.0,2.6393,2.3171,2.04K,4.85K,123.4,37.07,4.03B,No,42.63,47.18,87.84,46.36,76.53,498
3047,CYIENT.NS,860.6,864.55,326.69K,Technology Services,Packaged Software,16.0,51.0,40.0,7.0,24.3214,23.8214,470.75K,737.75K,1284.7,750.3,88.99B,No,849.81,866.45,986.98,862.85,913.03,500
3048,AWHCL.NS,426.2,427.45,76.17K,Transportation,Trucking,16.0,17.0,10.0,8.0,10.2536,10.1714,118.55K,67.48K,635.8,372.5,12.09B,No,440.26,453.08,479.46,452.08,479.19,500
3049,KRSNAA.NS,555.0,561.45,33.33K,Health Services,Medical/Nursing Services,15.0,53.0,32.0,10.0,16.5286,16.5286,70.23K,67.96K,894.4,515.0,18.16B,No,545.38,543.73,645.08,544.74,594.21,500
3050,PRABHA.NS,156.44,156.69,34.85K,Energy Minerals,Oil & Gas Production,15.0,58.0,43.0,47.0,6.2279,6.155,73.17K,35.51K,278.0,137.91,22.93B,No,147.6,152.28,169.17,152.17,157.56,344
3051,HARSHDEEP.BO,78.05,83.99,93.00K,Consumer Durables,Home Furnishings,15.0,28.0,13.0,15.0,3.4414,2.6471,9.93K,9.90K,116.0,75.5,1.30B,No,81.69,82.73,90.42,83.16,87.95,498
3052,DLTNCBL.BO,450.0,452.0,7.94K,Producer Manufacturing,Electrical Products,15.0,79.0,54.0,21.0,21.15,20.3607,5.68K,3.10K,824.0,336.0,3.90B,No,424.99,421.45,515.33,424.83,444.38,497
3053,NEELKANTH.BO,34.87,36.7,0.15K,Process Industries,Agricultural Commodities/Milling,15.0,28.0,23.0,8.0,0.7114,0.6043,0.39K,0.18K,57.0,27.16,152.00M,No,39.11,39.99,44.83,39.6,41.83,498
3054,SPL.BO,22.0,22.15,8.00K,Process Industries,Containers/Packaging,15.0,29.0,48.0,12.0,1.6507,1.26,25.60K,22.88K,46.4,15.75,428.30M,No,22.6,22.61,26.05,22.7,23.22,496
3055,BIGBLOC.NS,46.72,47.96,92.18K,Non-Energy Minerals,Construction Materials,15.0,40.0,13.0,12.0,1.6829,1.6814,129.38K,40.67K,80.0,38.0,6.61B,No,46.79,48.46,54.46,48.3,51.61,500
3056,MULTIBASE.BO,179.9,175.8,2.91K,Process Industries,Industrial Specialties,15.0,46.0,31.0,14.0,8.4286,8.2929,5.65K,3.92K,266.9,156.0,2.27B,No,179.8,181.32,202.29,179.78,190.86,497
3057,DAULAT.BO,27.4,27.44,1.18K,Finance,Investment Banks/Brokers,15.0,16.0,14.0,27.0,1.755,1.5736,1.26K,0.97K,42.0,24.1,136.45M,No,28.07,28.77,30.96,28.94,29.85,497
3058,RFSL.BO,25.65,25.45,0.01K,Finance,Investment Banks/Brokers,15.0,79.0,33.0,11.0,1.0793,0.88,3.10K,0.34K,46.4,19.58,247.68M,No,23.33,24.4,30.86,24.11,27.55,497
3059,WAAREEINDO.NS,344.8,329.0,259.00K,Electronic Technology,Electronic Equipment/Instruments,15.0,7.0,8.0,8.0,16.6893,14.4286,60.81K,134.50K,725.0,282.8,14.34B,No,353.05,379.05,436.67,376.92,397.74,500
3060,GODIGIT.NS,275.15,280.4,199.87K,Finance,Multi-Line Insurance,15.0,7.0,16.0,13.0,11.45,10.1286,853.56K,1276.48K,381.4,244.2,254.38B,No,275.7,294.53,323.45,291.43,311.68,499
3061,RAJESH.BO,860.1,858.0,28.80K,Industrial Services,Engineering & Construction,15.0,63.0,38.0,50.0,22.0357,20.85,37.46K,25.12K,1639.0,750.0,15.51B,No,851.27,845.57,993.56,849.59,886.94,414
3062,TRUECOLORS.BO,155.25,158.9,28.80K,Producer Manufacturing,Industrial Machinery,15.0,6.0,6.0,16.0,6.625,6.1536,72.66K,23.94K,271.95,125.0,3.83B,No,157.23,154.97,180.93,156.01,165.28,210
3063,SPARKLEGR.BO,69.47,72.5,1.62K,Process Industries,Textiles,15.0,72.0,19.0,18.0,7.4729,6.9993,3.39K,6.70K,104.85,52.25,311.10M,No,65.45,67.28,75.89,67.7,72.47,496
3064,TATACHEM.NS,663.3,666.15,601.49K,Process Industries,Chemicals: Agricultural,15.0,16.0,10.0,26.0,14.0,13.3536,808.14K,414.18K,1026.65,580.3,168.98B,No,688.98,711.5,741.5,707.31,710.94,499
3065,BALAJITELE.NS,85.54,84.66,68.27K,Consumer Services,Movies/Entertainment,15.0,18.0,3.0,44.0,2.7729,2.7236,543.32K,79.61K,141.32,69.52,10.43B,No,86.51,87.55,98.42,87.9,92.67,499
3066,ORIENTCEM.NS,138.17,140.36,163.73K,Non-Energy Minerals,Construction Materials,15.0,54.0,40.0,19.0,3.6557,3.6521,230.92K,324.77K,245.0,122.32,28.39B,No,137.17,136.12,154.61,136.39,142.78,499
3067,PREVEST.BO,378.15,381.65,9.20K,Health Technology,Medical Specialties,15.0,33.0,24.0,17.0,10.5679,10.0964,5.07K,2.42K,622.05,318.15,4.54B,No,388.14,385.72,433.27,387.74,413.64,497
3068,AARON.NS,134.57,134.91,10.22K,Producer Manufacturing,Building Products,15.0,85.0,43.0,20.0,9.1236,8.8829,26.26K,110.55K,258.0,106.8,2.82B,No,126.21,121.66,151.26,123.6,137.25,498
3069,RADIANTCMS.NS,38.84,39.02,71.05K,Commercial Services,Miscellaneous Commercial Services,15.0,46.0,18.0,18.0,1.1636,1.1443,121.26K,117.35K,62.3,32.33,4.14B,No,37.52,38.5,43.85,38.5,40.05,500
3070,JKAGRI.BO,308.9,304.25,0.96K,Process Industries,Agricultural Commodities/Milling,15.0,44.0,13.0,16.0,17.4286,17.2893,1.16K,3.40K,577.0,282.0,1.43B,No,315.7,317.14,354.21,314.96,330.58,497
3071,GOCOLORS.NS,332.8,324.35,150.97K,Consumer Non-Durables,Apparel/Footwear,15.0,35.0,75.0,15.0,16.1143,15.3929,1560.51K,429.57K,760.9,237.05,17.50B,No,334.34,354.16,388.27,355.86,326.34,499
3072,MBLINFRA.NS,25.5,25.3,11.09K,Industrial Services,Engineering & Construction,15.0,28.0,26.0,31.0,1.2607,1.2457,71.88K,34.97K,52.48,18.37,3.88B,No,25.22,26.28,28.88,26.37,25.8,499
3073,MTL.BO,94.6,94.45,103.20K,Retail Trade,Electronics/Appliance Stores,15.0,46.0,9.0,,3.7721,2.1586,24.67K,7.68K,127.26,79.4,988.72M,No,91.31,91.38,,90.53,,74
3074,DAMCAPITAL.NS,154.48,153.41,148.70K,Finance,Regional Banks,15.0,66.0,36.0,19.0,4.9286,4.9043,642.55K,300.79K,286.0,119.22,10.92B,No,158.01,152.95,176.23,153.94,154.78,402
3075,VALIANTLAB.NS,61.52,61.23,7.42K,Health Technology,Pharmaceuticals: Major,15.0,31.0,7.0,53.0,2.5021,2.5021,23.19K,15.35K,100.98,49.51,3.34B,No,62.32,66.59,67.77,65.12,64.54,498
3076,ZFSTEERING.NS,659.85,671.4,12.82K,Producer Manufacturing,Auto Parts: Oem,15.0,44.0,12.0,,31.7107,31.5107,4.83K,8.59K,894.98,620.65,5.99B,No,674.2,677.69,,673.34,,76
3077,PARSHWANA.BO,77.5,77.99,0.11K,Consumer Durables,Homebuilding,15.0,85.0,4.0,11.0,4.8907,3.8443,0.17K,0.14K,115.55,52.0,242.72M,No,73.33,69.8,90.47,69.21,87.11,497
3078,PIONEEREMB.NS,24.3,24.26,0.67K,Consumer Non-Durables,Apparel/Footwear,15.0,65.0,19.0,31.0,1.3821,1.3486,18.42K,41.37K,44.9,19.61,748.82M,No,23.38,23.63,26.85,23.51,25.08,499
3079,WINSOMBR.BO,20.66,20.5,5.44K,Consumer Non-Durables,Beverages: Alcoholic,15.0,29.0,18.0,22.0,1.475,1.4607,5.47K,5.07K,34.5,17.5,571.64M,No,20.37,21.49,23.93,21.13,21.98,496
3080,SANPA.BO,163.8,156.85,0.62K,Process Industries,Pulp & Paper,15.0,35.0,25.0,23.0,4.2679,2.2143,0.10K,0.06K,285.0,143.05,214.13M,No,155.14,158.25,177.27,157.99,169.07,497
3081,GARNETINT.BO,61.88,62.94,1.33K,Process Industries,Textiles,15.0,47.0,57.0,13.0,1.9457,1.845,10.40K,7.08K,135.0,42.0,1.22B,No,64.45,65.01,66.28,64.98,60.18,497
3082,LOGICA.BO,151.0,147.0,28.20K,Retail Trade,Electronics/Appliance Stores,15.0,23.0,15.0,9.0,7.2821,5.4964,10.83K,14.46K,243.55,146.4,2.80B,No,160.35,164.93,193.45,163.75,183.4,497
3083,ADSL.NS,116.92,116.97,169.65K,Technology Services,Information Technology Services,15.0,41.0,20.0,29.0,3.7179,3.6543,345.80K,172.69K,209.53,86.27,6.62B,No,117.85,120.27,131.57,120.48,117.93,500
3084,TRANSWORLD.NS,158.43,157.68,11.37K,Transportation,Marine Shipping,15.0,48.0,36.0,24.0,6.5507,6.5507,20.76K,5.47K,287.58,111.56,3.48B,No,160.08,164.41,174.61,163.33,156.77,498
3085,GOKAKTEX.BO,60.0,60.0,1.27K,Process Industries,Textiles,15.0,16.0,26.0,7.0,2.3136,2.0021,1.14K,0.85K,100.9,52.59,389.96M,No,60.77,63.54,68.95,63.41,65.38,497
3086,ACML.BO,32.0,32.0,2.00K,Retail Trade,Food Retail,14.0,56.0,43.0,24.0,0.3871,0.1071,4.69K,1.30K,57.87,29.5,468.28M,No,31.93,32.82,37.32,32.94,34.41,499
3087,APOORVA.BO,29.1,29.1,0.00K,Finance,Financial Conglomerates,14.0,3.0,12.0,10.0,1.54,1.2707,0.33K,0.20K,42.25,27.91,581.27M,No,31.53,32.55,34.52,32.07,34.55,497
3088,AEL.BO,112.45,111.1,8.09K,Producer Manufacturing,Metal Fabrication,14.0,19.0,21.0,7.0,3.9036,3.8571,8.31K,5.47K,178.0,94.0,1.42B,No,111.86,115.61,137.46,114.97,125.92,497
3089,RAMAPHO.NS,125.42,124.47,21.23K,Process Industries,Chemicals: Agricultural,14.0,45.0,21.0,12.0,6.0193,5.9743,41.60K,47.59K,217.19,103.5,4.41B,No,126.1,125.47,144.65,126.25,131.33,499
3090,EMAMIREAL.NS,78.35,79.01,46.75K,Finance,Real Estate Development,14.0,18.0,3.0,57.0,3.76,3.7357,14.36K,4.80K,129.0,48.2,3.99B,No,78.41,82.72,80.01,81.76,76.75,499
3091,GLANCE.BO,152.4,152.4,0.00K,Finance,Finance/Rental/Leasing,14.0,35.0,10.0,13.0,6.0,5.0821,0.13K,0.07K,251.95,141.15,343.80M,No,156.09,159.52,182.64,157.83,177.1,496
3092,FOCUS.NS,67.8,67.01,19.34K,Producer Manufacturing,Electrical Products,14.0,2.0,8.0,39.0,3.0021,2.9486,89.34K,24.04K,104.0,57.06,4.56B,No,73.75,82.83,76.52,81.81,75.06,498
3093,ALLTIME.NS,217.82,220.6,80.66K,Producer Manufacturing,Miscellaneous Manufacturing,14.0,11.0,9.0,33.0,7.4736,7.3929,95.14K,51.94K,334.9,186.0,14.27B,No,230.17,233.64,245.4,232.78,230.18,244
3094,GKL.BO,25.63,26.97,14.26K,Consumer Durables,Other Consumer Specialties,14.0,1.0,0.0,2.0,2.07,2.015,42.53K,37.94K,49.49,19.0,385.46M,No,30.79,34.34,35.58,33.89,37.94,497
3095,NCC.NS,143.78,143.57,644.54K,Consumer Durables,Homebuilding,14.0,40.0,14.0,37.0,3.4057,3.1371,1943.86K,1294.73K,225.95,130.0,90.27B,No,141.19,146.59,157.33,146.42,149.55,500
3096,KIMIABL.BO,30.33,30.8,4.43K,Health Technology,Pharmaceuticals: Major,14.0,35.0,13.0,40.0,1.4357,1.4093,3.16K,4.75K,48.94,23.2,1.44B,No,32.18,32.5,32.51,32.4,32.88,497
3097,MEDPLUS.NS,685.5,690.3,85.98K,Retail Trade,Drugstore Chains,14.0,3.0,7.0,17.0,28.0929,24.1821,256.14K,535.21K,1022.2,653.0,165.84B,No,746.05,807.01,824.72,798.5,837.1,498
3098,AIMCOPEST.BO,49.79,48.99,0.46K,Process Industries,Chemicals: Agricultural,14.0,33.0,25.0,25.0,3.195,3.1314,3.16K,2.08K,88.49,36.0,487.07M,No,51.09,52.4,54.44,52.22,51.79,497
3099,NAGREEKCAP.NS,22.77,22.84,11.00K,Finance,Investment Banks/Brokers,14.0,20.0,5.0,16.0,1.3264,1.3257,10.39K,6.45K,42.75,19.3,287.25M,No,23.25,25.19,27.11,24.88,26.43,498
3100,JSLINDL.BO,870.0,890.3,0.05K,Producer Manufacturing,Electrical Products,14.0,24.0,17.0,26.0,36.8536,25.9679,0.09K,0.06K,1550.0,840.0,1.02B,No,876.55,922.7,1023.21,910.15,971.86,498
3101,GOODYEAR.NS,800.4,826.85,19.20K,Consumer Durables,Automotive Aftermarket,14.0,66.0,58.0,,22.0893,19.7964,11.46K,21.92K,1273.7,711.25,18.46B,No,820.59,779.91,,784.2,,82
3102,SUNTECK.NS,301.65,302.45,135.10K,Finance,Real Estate Development,14.0,23.0,18.0,8.0,10.7071,10.4179,421.23K,670.59K,473.0,270.75,44.29B,No,309.09,307.51,361.76,309.66,335.57,500
3103,SURAJEST.NS,204.06,205.36,70.49K,Industrial Services,Engineering & Construction,14.0,57.0,18.0,25.0,4.4271,4.2129,73.76K,21.88K,349.35,171.3,9.78B,No,199.19,197.93,229.19,196.66,211.54,499
3104,CUBEXTUB.NS,80.2,78.12,70.41K,Non-Energy Minerals,Other Metals/Minerals,14.0,48.0,7.0,2.0,2.7257,2.6321,107.91K,35.49K,143.69,73.1,1.15B,No,78.65,82.33,94.22,81.62,93.03,498
3105,SHRADHA.NS,33.92,34.37,14.25K,Industrial Services,Engineering & Construction,14.0,62.0,29.0,14.0,1.7129,1.7043,81.38K,30.08K,69.5,26.34,1.99B,No,34.71,34.41,37.74,34.39,35.69,497
3106,DGCONTENT.NS,25.75,26.01,135.69K,Commercial Services,Commercial Printing/Forms,14.0,52.0,8.0,34.0,1.7414,1.7179,17.63K,18.40K,42.07,21.61,1.46B,No,25.1,25.96,28.93,25.99,26.91,498
3107,MOL.NS,53.25,53.39,561.76K,Process Industries,Chemicals: Specialty,14.0,82.0,20.0,18.0,2.9336,2.8771,1308.26K,4302.11K,88.88,36.5,13.54B,No,52.27,50.0,56.2,49.85,50.67,500
3108,THEINVEST.NS,101.06,101.79,2.21K,Finance,Investment Banks/Brokers,14.0,72.0,11.0,42.0,3.4036,3.1121,13.16K,5.33K,164.8,89.0,5.28B,No,97.78,97.69,108.53,98.13,101.24,497
3109,NATHIND.BO,50.0,50.0,0.02K,Process Industries,Pulp & Paper,14.0,64.0,46.0,13.0,2.7521,2.6093,1.54K,1.36K,90.0,42.0,950.00M,No,48.32,48.55,57.0,48.51,52.22,497
3110,TOLINS.NS,103.69,103.55,23.76K,Consumer Durables,Automotive Aftermarket,14.0,44.0,38.0,19.0,2.2536,2.1821,97.49K,31.04K,202.0,83.04,4.07B,No,103.39,103.98,121.79,103.63,107.82,470
3111,NVENTURES.BO,89.0,85.0,3.75K,Distribution Services,Wholesale Distributors,14.0,3.0,11.0,11.0,7.0143,5.1821,30.31K,40.20K,163.3,64.5,415.63M,No,89.89,100.05,106.61,101.41,105.86,498
3112,WHIRLPOOL.NS,830.45,808.3,685.42K,Consumer Durables,Electronics/Appliances,14.0,58.0,12.0,47.0,25.2464,24.7107,296.28K,473.58K,1437.0,753.15,105.40B,No,788.65,795.46,915.54,792.73,841.33,500
3113,RAYALEMA.BO,28.9,29.13,0.40K,Consumer Services,Hotels/Resorts/Cruise Lines,14.0,29.0,29.0,14.0,2.3936,2.2736,1.40K,0.67K,50.97,22.1,573.15M,No,29.22,30.08,33.63,29.93,30.84,497
3114,MAPMYINDIA.NS,1060.9,1046.4,224.36K,Commercial Services,Miscellaneous Commercial Services,14.0,84.0,70.0,12.0,65.8893,61.2571,768.41K,485.13K,1998.0,795.0,58.10B,No,1131.79,976.72,1228.45,998.98,1022.83,499
3115,VIRATCRA.BO,33.3,33.09,5.44K,Consumer Non-Durables,Tobacco,14.0,3.0,11.0,35.0,2.3907,2.2607,2.54K,1.46K,49.8,27.0,680.11M,No,37.53,36.88,36.99,36.58,35.18,496
3116,AZADIND.BO,97.84,95.48,44.91K,Non-Energy Minerals,Steel,14.0,68.0,25.0,36.0,5.2421,5.1307,4.70K,3.20K,176.8,75.15,5.33B,No,90.41,96.27,113.59,96.71,98.79,497
3117,DCMSHRIRAM.NS,1009.6,1010.0,53.79K,Producer Manufacturing,Industrial Conglomerates,14.0,26.0,9.0,17.0,36.9071,36.1786,111.04K,339.27K,1414.4,945.1,156.47B,No,1029.26,1031.48,1134.61,1030.88,1090.36,499
3118,VSTL.NS,108.27,110.77,61.95K,Non-Energy Minerals,Steel,14.0,22.0,13.0,27.0,3.4064,3.4064,12.63K,11.00K,187.24,100.8,2.05B,No,111.38,114.54,122.97,113.92,117.26,498
3119,SCHAND.NS,143.07,142.48,16.99K,Consumer Services,Publishing: Books/Magazines,14.0,27.0,18.0,23.0,3.4579,3.4579,39.46K,20.58K,213.0,130.05,5.05B,No,147.5,149.16,158.76,147.67,154.07,497
3120,SHLOKKA.BO,26.05,24.31,63.60K,Process Industries,Chemicals: Specialty,14.0,72.0,53.0,48.0,0.9179,0.7586,7.40K,17.04K,90.0,21.1,557.69M,No,23.44,24.02,,24.08,25.05,198
3121,GAJANANSEC.BO,53.1,52.22,0.91K,Finance,Investment Banks/Brokers,14.0,16.0,8.0,28.0,2.6764,2.5621,6.00K,0.58K,81.48,40.0,164.37M,No,52.79,53.4,57.46,53.62,57.61,497
3122,PANELEC.BO,27.3,26.89,0.14K,Electronic Technology,Electronic Components,13.0,88.0,82.0,3.0,2.0779,1.765,2.26K,0.94K,70.94,21.73,109.20M,No,26.63,26.16,36.91,26.43,32.29,497
3123,KINGSINFR.BO,108.75,110.4,18.96K,Process Industries,Agricultural Commodities/Milling,13.0,13.0,17.0,23.0,5.2071,5.2071,21.06K,8.41K,178.0,99.9,2.69B,No,115.92,121.92,129.7,120.93,124.41,497
3124,LATENTVIEW.NS,297.85,295.0,343.17K,Commercial Services,Miscellaneous Commercial Services,13.0,48.0,40.0,6.0,11.3607,10.3893,1342.36K,1394.07K,517.5,248.0,61.63B,No,304.18,300.5,364.24,300.68,321.43,500
3125,ITHL.BO,304.0,304.1,1.38K,Consumer Services,Other Consumer Services,13.0,24.0,28.0,20.0,10.0893,9.8643,2.51K,2.52K,508.5,266.0,2.43B,No,313.53,311.98,348.76,311.67,321.45,497
3126,TRF.NS,232.41,229.38,36.74K,Producer Manufacturing,Trucks/Construction/Farm Machinery,13.0,58.0,18.0,11.0,7.9257,7.8193,27.16K,40.68K,405.0,215.5,2.56B,No,236.41,235.04,266.84,234.56,248.76,500
3127,EPIC.BO,34.0,34.02,2.76K,Producer Manufacturing,Electrical Products,13.0,23.0,9.0,26.0,2.06,2.0314,7.10K,4.26K,55.64,25.2,267.90M,No,34.98,35.33,38.58,35.25,36.8,497
3128,CROWN.NS,114.82,115.42,4.05K,Finance,Finance/Rental/Leasing,13.0,56.0,5.0,39.0,5.3793,5.3486,13.79K,20.07K,191.0,100.62,1.28B,No,114.12,112.8,125.41,113.13,119.73,498
3129,WHBRADY.BO,507.7,507.8,0.15K,Producer Manufacturing,Industrial Machinery,13.0,36.0,23.0,28.0,15.6643,12.9,0.33K,0.20K,900.65,477.05,1.29B,No,521.85,530.62,577.27,528.16,539.02,496
3130,MARBU.BO,45.9,43.0,4.52K,Finance,Real Estate Development,13.0,18.0,17.0,17.0,1.9493,1.6771,1.12K,1.47K,77.0,36.12,217.91M,No,43.65,43.68,47.81,43.65,45.96,497
3131,INNOVANA.NS,336.95,331.05,0.54K,Technology Services,Packaged Software,13.0,70.0,13.0,35.0,16.8179,16.65,11.33K,2.17K,564.8,292.8,6.96B,No,331.2,324.2,386.91,325.16,358.78,498
3132,INDRAMEDCO.NS,363.7,368.3,111.35K,Health Services,Hospital/Nursing Management,13.0,29.0,19.0,40.0,7.6464,7.6357,257.84K,134.40K,640.85,342.0,33.34B,No,369.98,379.19,424.11,378.2,389.6,500
3133,INTLCOMBQ.BO,514.0,511.95,0.36K,Producer Manufacturing,Trucks/Construction/Farm Machinery,13.0,6.0,31.0,21.0,31.0429,30.3321,1.99K,2.76K,891.0,346.0,1.23B,No,576.75,530.48,546.69,529.27,502.25,497
3134,NATPLAS.BO,42.27,41.6,1.51K,Producer Manufacturing,Miscellaneous Manufacturing,13.0,36.0,18.0,21.0,2.0557,2.0271,2.70K,2.16K,70.1,37.0,385.91M,No,42.55,43.03,48.33,42.88,45.45,497
3135,CAPRIHANS.BO,76.07,75.06,2.87K,Process Industries,Containers/Packaging,13.0,43.0,46.0,23.0,3.4843,3.4329,2.54K,3.23K,144.0,50.3,1.34B,No,74.58,76.35,82.96,76.69,75.88,497
3136,UNICK.BO,42.12,42.09,1.15K,Commercial Services,Miscellaneous Commercial Services,13.0,8.0,29.0,20.0,1.35,0.3186,0.12K,0.18K,75.45,39.0,231.03M,No,44.86,47.1,50.34,46.11,45.03,496
3137,MANINFRA.NS,111.0,113.47,620.93K,Finance,Real Estate Development,13.0,76.0,11.0,41.0,3.5286,3.4579,1884.66K,661.88K,169.6,77.12,44.81B,No,101.67,105.67,114.63,105.09,106.45,499
3138,KPIGREEN.NS,375.95,377.0,417.75K,Utilities,Alternative Power Generation,13.0,18.0,6.0,30.0,10.2107,9.9107,672.82K,389.66K,542.25,335.65,74.20B,No,393.29,399.1,423.81,397.29,406.57,500
3139,BONDADA.BO,294.25,300.85,269.80K,Industrial Services,Engineering & Construction,13.0,24.0,14.0,33.0,11.025,10.5464,180.57K,145.38K,503.0,216.0,32.86B,No,300.53,316.36,340.03,315.8,318.54,497
3140,WEIZMANIND.NS,79.97,77.11,0.09K,Process Industries,Textiles,13.0,27.0,16.0,29.0,1.9314,1.89,2.95K,1.66K,122.5,65.21,1.24B,No,78.2,81.17,88.64,80.88,82.29,498
3141,BIRLACORPN.NS,909.1,903.0,67.93K,Non-Energy Minerals,Construction Materials,13.0,26.0,31.0,17.0,27.4571,27.3357,120.59K,168.83K,1346.1,769.6,70.01B,No,949.88,967.46,1013.95,965.55,965.22,499
3142,UNIECOM.NS,84.95,85.18,124.71K,Technology Services,Packaged Software,13.0,35.0,30.0,13.0,1.7371,1.7171,1159.59K,178.68K,155.8,78.51,9.55B,No,85.94,87.29,103.29,87.66,94.16,494
3143,PIONRINV.NS,84.05,87.06,1.84K,Finance,Investment Banks/Brokers,13.0,15.0,9.0,,5.84,5.8286,11.79K,4.59K,135.44,77.01,,No,89.08,94.33,,92.18,,76
3144,MTNL.NS,27.72,27.7,274.86K,Communications,Major Telecommunications,13.0,32.0,16.0,12.0,0.7771,0.7657,1511.64K,770.25K,48.19,21.26,17.46B,No,27.84,29.32,32.08,29.31,29.39,500
3145,TECHNOE.NS,992.25,1004.6,75.44K,Industrial Services,Engineering & Construction,13.0,15.0,6.0,50.0,25.4214,23.8322,332.69K,129.74K,1575.0,870.0,115.40B,No,1013.62,1042.0,1118.28,1034.47,1089.72,499
3146,DESHRAK.BO,26.75,28.05,0.10K,Health Technology,Pharmaceuticals: Major,13.0,2.0,66.0,14.0,0.3036,0.0,0.07K,0.07K,89.56,22.45,152.43M,No,30.8,32.95,31.98,32.42,29.17,498
3147,MHLXMIRU.NS,154.83,161.38,6.48K,Process Industries,Industrial Specialties,13.0,86.0,17.0,7.0,4.9543,4.7721,83.02K,22.85K,244.65,105.53,1.64B,No,141.99,150.92,183.43,151.39,170.78,498
3148,SKIEL.BO,23.05,23.05,6.00K,Consumer Non-Durables,Apparel/Footwear,13.0,1.0,3.0,6.0,0.5821,0.0071,1.87K,6.60K,35.87,21.47,169.00M,No,27.43,30.57,31.53,29.57,31.5,496
3149,ABMKNO.NS,190.87,191.61,1.74K,Technology Services,Packaged Software,13.0,8.0,15.0,,9.46,9.3171,2.89K,0.98K,254.9,188.0,,No,197.83,206.4,,204.4,,76
3150,SBGLP.NS,25.37,25.24,14.97K,Finance,Real Estate Development,13.0,61.0,34.0,6.0,1.5564,1.5186,55.23K,19.75K,44.75,18.35,4.40B,No,25.07,25.4,29.28,25.17,27.39,497
3151,VIPCLOTHNG.NS,21.64,21.28,69.56K,Consumer Non-Durables,Apparel/Footwear,13.0,6.0,45.0,24.0,0.735,0.7086,127.31K,26.98K,41.2,14.05,1.95B,No,22.11,24.06,26.16,23.53,23.05,498
3152,RELICAB.BO,36.13,36.5,1.32K,Producer Manufacturing,Metal Fabrication,13.0,14.0,45.0,27.0,1.9207,1.87,11.41K,5.14K,83.0,30.25,364.72M,No,37.36,38.26,41.21,37.75,37.26,497
3153,ORIENTTECH.NS,259.6,260.7,179.16K,Technology Services,Information Technology Services,13.0,62.0,12.0,10.0,9.5021,8.9286,911.17K,1014.34K,466.73,220.8,11.89B,No,266.38,260.03,303.76,259.28,281.62,485
3154,HGM.NS,49.15,49.64,2.18K,Technology Services,Data Processing Services,13.0,39.0,9.0,14.0,3.7786,3.7486,9.24K,8.82K,82.4,43.6,618.41M,No,49.64,52.36,59.31,51.53,54.39,499
3155,KIFS.BO,109.05,111.1,0.22K,Finance,Finance/Rental/Leasing,13.0,25.0,37.0,37.0,5.8929,4.775,0.55K,0.31K,192.0,99.75,1.18B,No,110.89,115.89,122.79,115.07,118.17,498
3156,THRIVE.BO,85.0,85.0,7.77K,Consumer Non-Durables,Household/Personal Care,13.0,7.0,4.0,3.0,4.215,3.7514,3.14K,0.86K,149.45,72.0,962.16M,No,87.44,91.98,107.45,91.58,106.75,496
3157,EPIGRAL.NS,1100.0,1119.2,43.87K,Process Industries,Chemicals: Agricultural,13.0,78.0,9.0,48.0,55.1429,55.0643,77.12K,204.36K,1911.6,807.0,47.27B,No,1102.59,1102.65,1186.37,1091.13,1065.28,499
3158,EPACK.NS,228.2,229.57,299.62K,Producer Manufacturing,Industrial Machinery,13.0,41.0,12.0,41.0,5.2514,5.2514,1233.03K,267.36K,414.9,196.15,21.90B,No,235.13,232.38,254.74,232.21,238.75,500
3159,XELPMOC.NS,83.86,83.28,6.83K,Technology Services,Information Technology Services,12.0,37.0,14.0,2.0,3.8479,3.8464,22.34K,10.05K,155.5,76.0,1.24B,No,81.72,86.02,111.75,84.7,103.14,497
3160,JAIHIND.BO,38.0,38.98,22.50K,Process Industries,Textiles,12.0,57.0,29.0,5.0,2.6964,2.5007,4.81K,20.34K,64.4,31.0,244.92M,No,36.96,37.15,44.03,37.61,42.92,497
3161,FORBESCO.BO,296.65,297.85,1.66K,Producer Manufacturing,Industrial Machinery,12.0,59.0,10.0,7.0,13.175,12.325,4.23K,8.52K,462.75,242.2,3.82B,No,276.38,297.9,332.9,295.53,328.39,497
3162,OXYGENTAPH.BO,51.81,49.01,5.19K,Health Technology,Pharmaceuticals: Major,12.0,78.0,25.0,13.0,2.5029,2.3571,8.48K,9.54K,102.7,43.0,1.92B,No,49.63,49.1,54.35,49.76,52.48,497
3163,HINDTIN.BO,101.2,103.3,8.47K,Process Industries,Containers/Packaging,12.0,31.0,21.0,7.0,3.1143,2.9821,6.47K,4.87K,162.0,87.05,1.05B,No,103.14,105.17,115.54,104.92,112.06,497
3164,HDFCLIFE.NS,542.3,545.0,2726.57K,Finance,Multi-Line Insurance,12.0,29.0,19.0,7.0,9.3143,9.1429,3689.70K,3067.78K,815.0,538.3,1178.27B,No,555.99,567.4,662.77,565.3,620.16,500
3165,ASALCBR.NS,767.25,764.25,18.23K,Consumer Non-Durables,Beverages: Alcoholic,12.0,15.0,14.0,24.0,29.3071,27.5214,33.07K,44.09K,1277.0,660.65,15.41B,No,793.7,821.56,875.63,822.15,821.95,499
3166,INTENTECH.NS,83.06,85.23,18.12K,Technology Services,Information Technology Services,12.0,5.0,8.0,7.0,4.3007,4.2864,61.65K,58.22K,149.9,66.3,1.94B,No,89.38,94.96,106.12,93.93,98.73,498
3167,VERITAS.BO,170.55,173.95,5.24K,Distribution Services,Wholesale Distributors,12.0,42.0,37.0,36.0,5.5429,5.5429,5.12K,2.55K,393.0,132.2,4.57B,No,176.41,172.19,187.43,173.47,169.87,496
3168,GOLDENTOBC.NS,24.92,24.92,0.79K,Finance,Real Estate Development,12.0,21.0,17.0,9.0,1.4314,1.3679,2.41K,2.79K,37.5,20.34,440.60M,No,25.15,25.39,28.75,25.39,26.88,498
3169,NIPPOBATRY.NS,333.45,327.05,3.90K,Producer Manufacturing,Electrical Products,12.0,31.0,5.0,22.0,11.5464,11.2821,6.75K,2.38K,505.9,257.0,2.50B,No,330.12,343.42,366.93,340.3,343.06,499
3170,SHREESHAY.BO,22.0,28.0,16.00K,Industrial Services,Engineering & Construction,12.0,5.0,11.0,15.0,1.5629,0.3071,1.38K,6.40K,39.05,20.25,290.47M,No,27.52,27.81,27.71,27.76,27.11,497
3171,JISLJALEQS.NS,31.69,31.25,641.47K,Producer Manufacturing,Trucks/Construction/Farm Machinery,12.0,33.0,20.0,17.0,0.945,0.9243,3748.42K,1631.85K,59.0,27.1,23.24B,No,30.71,31.89,36.34,32.17,32.88,500
3172,SHREERAMA.NS,38.03,38.35,50.10K,Process Industries,Containers/Packaging,12.0,7.0,6.0,3.0,1.6514,1.6429,103.12K,66.10K,71.99,37.62,5.08B,No,40.52,42.28,50.8,42.04,47.98,499
3173,ABLBL.NS,94.66,94.6,493.20K,Retail Trade,Apparel/Footwear Retail,12.0,46.0,9.0,23.0,1.9921,1.9457,1426.72K,855.39K,151.33,87.91,114.98B,No,95.19,96.87,109.84,96.63,101.22,281
3174,RAYMONDLSL.NS,745.55,753.4,68.81K,Consumer Non-Durables,Apparel/Footwear,12.0,47.0,30.0,5.0,27.4036,27.025,203.59K,192.06K,1350.0,677.0,45.41B,No,726.44,756.24,897.02,758.13,812.44,479
3175,TOKYOPLAST.NS,81.0,79.38,0.44K,Producer Manufacturing,Miscellaneous Manufacturing,12.0,24.0,26.0,11.0,2.9093,2.8564,1.91K,1.22K,140.85,53.86,769.61M,No,81.6,83.85,95.62,83.09,85.53,497
3176,VARYAA.BO,27.22,27.42,1.00K,Consumer Durables,Other Consumer Specialties,12.0,22.0,26.0,14.0,1.2371,0.7914,1.34K,2.10K,48.0,24.02,130.38M,No,29.29,30.05,33.1,29.13,30.81,496
3177,VAHH.BO,52.5,50.67,6.00K,Process Industries,Chemicals: Major Diversified,12.0,2.0,,,2.0064,1.4029,91.89K,12.40K,73.98,47.0,436.06M,No,54.13,,,,,40
3178,JSWHL.NS,12389.0,12327.0,6.34K,Finance,Investment Banks/Brokers,12.0,68.0,33.0,4.0,364.6429,364.6429,3.56K,2.83K,22790.0,10530.0,134.09B,No,11294.3,11901.64,15316.4,11826.4,13794.63,500
3179,WCIL.NS,89.88,90.66,40.13K,Transportation,Air Freight/Couriers,12.0,19.0,13.0,14.0,2.0336,1.9493,60.46K,39.05K,147.29,77.02,9.16B,No,92.17,95.67,107.47,95.03,100.45,465
3180,KAYNES.NS,3836.2,3898.0,942.17K,Electronic Technology,Electronic Production Equipment,12.0,88.0,20.0,56.0,131.3714,127.8571,1576.33K,1622.48K,7705.0,2995.0,256.74B,No,3462.87,3301.44,4072.63,3358.3,3602.33,500
3181,ENKEIWHEL.BO,370.0,369.95,8.85K,Producer Manufacturing,Auto Parts: Oem,12.0,41.0,14.0,13.0,11.3036,11.2714,4.46K,3.29K,568.0,319.0,6.59B,No,364.99,379.44,436.22,379.08,408.14,497
3182,KLRFM.BO,90.78,86.95,3.50K,Process Industries,Agricultural Commodities/Milling,12.0,16.0,6.0,38.0,5.6486,5.5343,3.53K,7.57K,145.0,76.2,820.79M,No,94.09,97.26,102.66,96.72,99.45,497
3183,CSURGSU.BO,81.63,77.75,0.01K,Health Technology,Medical Specialties,12.0,66.0,8.0,18.0,3.4364,2.6943,0.13K,0.14K,189.0,73.04,297.81M,No,81.48,80.15,91.98,79.18,88.04,498
3184,RATNABHUMI.BO,174.0,174.0,0.01K,Finance,Real Estate Development,12.0,15.0,2.0,10.0,1.2857,0.5321,0.04K,0.00K,318.0,170.0,2.38B,No,184.76,223.75,227.62,214.76,227.37,498
3185,VTMLTD.BO,60.15,60.99,24.06K,Process Industries,Textiles,12.0,11.0,11.0,35.0,3.2021,3.2021,53.78K,28.31K,103.33,53.51,6.05B,No,65.48,62.97,71.65,63.01,71.72,497
3186,UNIENTER.NS,97.37,96.93,12.56K,Producer Manufacturing,Industrial Conglomerates,12.0,11.0,24.0,10.0,4.2721,4.145,13.63K,9.49K,161.8,87.51,13.54B,No,101.12,104.47,118.91,103.32,106.64,498
3187,NDASEC.BO,28.0,29.61,8.73K,Finance,Investment Banks/Brokers,12.0,10.0,6.0,28.0,2.0257,1.8557,4.76K,15.81K,54.75,24.3,169.41M,No,31.15,31.35,34.12,30.91,33.97,497
3188,IRFC.NS,89.2,88.9,4321.19K,Finance,Finance/Rental/Leasing,12.0,50.0,13.0,7.0,1.4957,1.435,11577.40K,8544.58K,137.17,86.02,1165.71B,No,88.68,92.14,106.2,91.86,100.2,500
3189,MBEL.NS,287.95,287.9,209.95K,Producer Manufacturing,Building Products,12.0,15.0,22.0,24.0,9.5964,9.575,173.57K,115.83K,535.9,223.05,16.47B,No,306.9,304.13,336.8,302.6,306.59,250
3190,MPILCORPL.BO,369.6,381.0,0.01K,Commercial Services,Miscellaneous Commercial Services,12.0,0.0,8.0,19.0,19.4643,13.4429,0.13K,0.01K,639.2,324.7,211.25M,No,464.93,531.29,457.51,517.55,454.73,497
3191,EY.BO,697.15,697.15,0.02K,Consumer Durables,Other Consumer Specialties,12.0,30.0,21.0,10.0,20.2643,12.8,0.05K,0.01K,1061.3,621.65,1.40B,No,715.61,727.89,839.34,718.02,823.06,497
3192,UNIAUTO.BO,51.51,51.29,12.02K,Non-Energy Minerals,Steel,12.0,34.0,14.0,26.0,3.8757,3.8214,9.26K,15.21K,75.24,41.9,640.50M,No,52.6,52.48,57.65,52.25,54.79,496
3193,DEFRAIL.BO,69.0,69.0,3.20K,Producer Manufacturing,Miscellaneous Manufacturing,12.0,33.0,13.0,2.0,0.9457,0.6029,8.10K,3.52K,122.0,64.55,484.68M,No,69.86,71.74,,70.97,,137
3194,ANIRIT.BO,44.4,44.35,0.71K,Process Industries,Textiles,12.0,23.0,17.0,73.0,0.6271,0.4786,1.51K,0.25K,99.0,33.25,799.20M,No,45.19,52.01,55.24,50.88,48.74,497
3195,DEVIT.NS,27.12,27.13,17.50K,Technology Services,Information Technology Services,12.0,30.0,20.0,20.0,1.4164,1.3936,74.51K,112.34K,50.89,22.25,1.53B,No,27.19,27.59,31.54,27.28,28.24,499
3196,CFEL.BO,33.16,32.91,4.56K,Process Industries,Textiles,11.0,10.0,30.0,39.0,2.0043,1.9936,20.98K,32.06K,70.0,26.97,829.66M,No,33.39,36.06,37.6,35.8,35.82,497
3197,CITYSQUARE.BO,107.3,107.3,3.20K,Retail Trade,Food Retail,11.0,2.0,1.0,1.0,1.6893,0.3821,1.11K,0.16K,222.2,78.81,952.82M,No,122.99,128.54,156.4,126.05,167.56,221
3198,7TEC.BO,31.91,32.04,17.18K,Technology Services,Information Technology Services,11.0,3.0,20.0,7.0,2.4107,2.3807,23.55K,70.56K,49.9,30.06,347.14M,No,36.17,37.21,39.99,37.01,37.46,497
3199,IPL.NS,145.98,145.4,92.08K,Process Industries,Chemicals: Agricultural,11.0,16.0,25.0,27.0,3.9514,3.8314,570.95K,234.57K,245.84,125.0,16.77B,No,151.54,157.16,162.65,156.39,155.12,499
3200,ZENSARTECH.NS,500.65,500.35,732.58K,Technology Services,Packaged Software,11.0,73.0,38.0,7.0,19.7929,19.3964,4638.00K,2674.09K,868.95,423.0,113.52B,No,512.12,484.02,599.3,489.96,542.16,499
3201,AUTOPINS.BO,114.2,133.15,0.01K,Producer Manufacturing,Metal Fabrication,11.0,0.0,3.0,28.0,4.0929,0.0,0.01K,0.03K,270.1,108.8,651.75M,No,172.73,194.0,172.49,188.01,174.81,496
3202,YASHCHEM.BO,49.19,49.76,1.03K,Process Industries,Chemicals: Specialty,11.0,40.0,21.0,10.0,3.3764,3.115,1.79K,1.23K,111.0,45.72,503.87M,No,50.48,51.0,66.69,51.12,55.97,496
3203,ELEMARB.BO,177.8,175.0,0.01K,Producer Manufacturing,Building Products,11.0,10.0,7.0,17.0,8.8393,8.7464,0.41K,0.15K,250.0,132.7,526.82M,No,176.5,183.07,199.27,182.27,190.14,497
3204,DHILLON.BO,30.71,30.8,1.60K,Transportation,Air Freight/Couriers,11.0,6.0,16.0,16.0,1.4436,1.1071,3.33K,9.12K,57.6,27.0,120.38M,No,33.05,33.9,36.41,33.48,34.07,208
3205,HOWARHO.BO,20.03,20.03,0.03K,Consumer Services,Hotels/Resorts/Cruise Lines,11.0,6.0,15.0,15.0,1.2821,1.1671,0.61K,0.76K,33.9,18.0,186.64M,No,20.79,22.49,23.45,22.31,23.86,499
3206,NIKHILAD.BO,72.98,74.43,25.85K,Process Industries,Industrial Specialties,11.0,43.0,11.0,47.0,3.4043,3.3043,11.69K,5.47K,122.0,56.78,3.35B,No,73.56,77.97,82.03,76.89,75.68,497
3207,CENLUB.BO,194.65,202.8,6.58K,Producer Manufacturing,Industrial Machinery,11.0,8.0,27.0,46.0,11.0357,11.0107,7.08K,4.14K,419.95,137.0,907.63M,No,209.24,219.48,220.61,221.69,210.21,497
3208,1STCUS.BO,64.0,62.63,0.17K,Finance,Investment Banks/Brokers,11.0,42.0,14.0,22.0,3.3957,2.9986,0.18K,0.15K,105.99,60.26,96.00M,No,67.34,69.3,78.32,68.91,74.24,497
3209,SHAKTIPUMP.NS,517.75,518.7,231.41K,Producer Manufacturing,Industrial Machinery,11.0,6.0,26.0,14.0,12.6464,11.5107,1267.63K,531.97K,915.0,456.35,63.89B,No,541.31,546.75,603.4,550.42,552.2,499
3210,EFCIL.NS,189.69,190.0,79.68K,Distribution Services,Wholesale Distributors,11.0,38.0,52.0,9.0,6.6893,6.395,576.98K,268.51K,357.0,171.55,28.06B,No,193.27,189.85,232.46,191.13,208.83,240
3211,SAICAPI.BO,147.4,143.4,0.07K,Finance,Investment Banks/Brokers,11.0,23.0,30.0,16.0,8.4964,8.4464,4.42K,3.31K,325.0,130.0,424.41M,No,145.49,147.23,170.89,146.28,156.75,497
3212,SWANAGRO.BO,41.5,41.5,4.00K,Producer Manufacturing,Trucks/Construction/Farm Machinery,11.0,13.0,30.0,12.0,1.2293,0.7079,4.72K,3.80K,73.0,38.5,789.17M,No,43.35,43.69,50.37,43.45,45.26,495
3213,DBREALTY.NS,111.07,112.04,215.38K,Finance,Real Estate Development,11.0,48.0,8.0,48.0,3.5257,3.5179,951.23K,249.26K,187.4,83.5,60.61B,No,114.8,114.22,117.31,114.29,110.74,500
3214,MEAPL.BO,30.95,25.8,95.60K,Finance,Investment Banks/Brokers,11.0,41.0,2.0,28.0,1.8921,1.8429,38.98K,11.25K,49.89,23.21,478.18M,No,28.23,29.61,34.01,29.35,33.74,497
3215,ATVPR.BO,26.46,25.59,25.90K,Producer Manufacturing,Industrial Machinery,11.0,54.0,9.0,6.0,1.5929,1.57,24.32K,17.73K,44.4,21.55,1.41B,No,23.98,26.35,32.42,26.15,30.73,497
3216,ACL.NS,47.99,47.43,11.99K,Non-Energy Minerals,Construction Materials,11.0,21.0,15.0,14.0,1.8229,1.8229,17.33K,17.89K,109.99,40.5,4.42B,No,48.37,51.05,59.28,50.58,53.68,498
3217,ADTECH.BO,53.76,54.5,0.52K,Electronic Technology,Semiconductors,11.0,9.0,6.0,27.0,3.4057,3.375,4.22K,4.51K,99.95,47.0,640.48M,No,55.26,57.89,62.55,57.62,58.07,497
3218,NACDAC.BO,26.0,25.7,12.00K,Consumer Durables,Homebuilding,11.0,67.0,16.0,16.0,0.5336,0.085,12.79K,3.60K,55.13,21.12,273.65M,No,24.56,25.31,29.94,25.32,27.1,401
3219,SHARDACROP.NS,822.6,822.9,201.21K,Distribution Services,Wholesale Distributors,11.0,11.0,4.0,14.0,24.0893,23.7929,389.53K,243.54K,1297.0,755.55,74.22B,No,872.18,888.41,942.1,883.6,979.93,498
3220,RADIXIND.BO,146.4,146.5,0.03K,Consumer Non-Durables,Consumer Sundries,11.0,10.0,11.0,9.0,11.1714,9.8536,0.19K,0.09K,226.4,126.55,2.20B,No,146.65,165.32,181.33,161.05,180.18,498
3221,SILVOAK.BO,77.75,77.75,0.07K,Consumer Non-Durables,Beverages: Alcoholic,11.0,48.0,20.0,16.0,4.5993,4.5564,0.61K,0.54K,156.0,60.04,294.69M,No,76.73,78.23,89.68,77.79,83.97,496
3222,NSBBPO.BO,67.8,67.8,1.00K,Commercial Services,Miscellaneous Commercial Services,11.0,69.0,29.0,17.0,0.15,0.0,0.36K,0.10K,127.5,61.0,1.35B,No,65.91,65.96,81.37,65.83,71.52,204
3223,SHETR.BO,95.27,93.65,1.39K,Process Industries,Containers/Packaging,11.0,17.0,14.0,13.0,5.0464,4.6371,2.01K,1.24K,162.9,83.8,857.74M,No,93.78,94.21,108.14,94.18,102.0,496
3224,FIRSTCRY.NS,214.98,215.31,371.92K,Retail Trade,Apparel/Footwear Retail,11.0,57.0,25.0,9.0,3.8507,3.6457,2443.79K,426.26K,438.7,202.56,103.81B,No,212.42,216.5,255.38,215.41,232.93,495
3225,AGROPHOS.NS,28.46,28.34,16.10K,Process Industries,Chemicals: Agricultural,11.0,25.0,26.0,9.0,1.225,1.22,25.32K,10.07K,47.47,23.9,577.00M,No,29.25,30.15,34.43,30.01,32.0,499
3226,WSI.NS,60.07,60.45,47.67K,Producer Manufacturing,Electrical Products,11.0,21.0,12.0,10.0,2.6121,2.6086,45.41K,83.03K,98.9,59.25,4.56B,No,62.09,65.42,74.02,64.97,69.87,497
3227,INDIAMART.NS,1771.6,1775.7,94.11K,Retail Trade,Internet Retail,11.0,13.0,14.0,11.0,53.1786,52.3929,107.22K,215.75K,2685.0,1730.0,1060.62B,No,1836.51,1923.66,2128.74,1909.81,2044.04,500
3228,HMAAGRO.NS,20.59,20.67,735.33K,Distribution Services,Food Distributors,11.0,23.0,15.0,12.0,0.83,0.83,444.92K,428.42K,34.24,20.0,10.48B,No,21.42,22.07,25.78,21.93,23.99,499
3229,SHRDAIS.BO,155.95,155.5,1.43K,Non-Energy Minerals,Steel,11.0,70.0,52.0,16.0,12.9107,12.5571,1.20K,2.04K,305.0,125.0,791.73M,No,160.29,165.44,175.66,162.53,163.51,496
3230,HPAL.NS,35.1,34.02,31.29K,Non-Energy Minerals,Construction Materials,11.0,45.0,20.0,24.0,1.445,1.435,71.67K,38.92K,53.0,26.52,3.22B,No,33.71,34.97,38.7,34.96,36.04,499
3231,CENTUPLE.BO,40.83,39.56,3.44K,Distribution Services,Medical Distributors,11.0,68.0,45.0,0.0,2.8014,2.69,4.86K,1.50K,144.4,28.22,223.27M,No,36.33,38.59,68.83,38.46,58.01,497
3232,PANHR.BO,56.7,54.0,19.20K,Commercial Services,Personnel Services,11.0,74.0,13.0,,0.5971,0.2329,4.43K,0.64K,85.5,43.0,408.87M,No,54.93,57.64,,56.8,,120
3233,MYMONEY.BO,34.28,34.39,0.02K,Finance,Investment Banks/Brokers,10.0,3.0,15.0,12.0,2.5321,2.2364,0.62K,0.81K,54.9,32.0,573.73M,No,37.07,39.52,41.66,38.42,40.82,497
3234,VIVIANA.NS,710.2,728.8,29.45K,Industrial Services,Engineering & Construction,10.0,7.0,17.0,56.0,36.0857,35.0786,27.15K,17.12K,1860.0,565.0,7.13B,No,737.0,801.85,843.05,779.76,756.42,497
3235,TRANSFRE.BO,19.41,19.64,3.68K,Process Industries,Containers/Packaging,10.0,17.0,17.0,30.0,1.9871,1.9871,1.41K,1.36K,32.0,17.13,141.35M,No,20.17,21.05,22.69,20.82,21.8,496
3236,RAMKY.NS,405.3,393.5,64.33K,Industrial Services,Engineering & Construction,10.0,63.0,8.0,16.0,9.1714,9.025,59.93K,31.49K,705.0,367.0,28.05B,No,385.55,406.15,492.34,405.54,451.4,498
3237,CAMLINFINE.NS,127.83,129.42,303.66K,Process Industries,Chemicals: Specialty,10.0,36.0,35.0,20.0,4.7414,4.7307,1431.83K,436.60K,253.0,96.21,24.56B,No,125.91,129.53,141.13,131.65,131.4,499
3238,ISHANCH.NS,50.5,50.97,40.68K,Distribution Services,Wholesale Distributors,10.0,4.0,10.0,12.0,3.6164,3.5979,21.36K,52.26K,83.37,45.0,1.34B,No,52.65,56.24,60.99,55.57,57.87,340
3239,KSCL.NS,779.15,781.5,94.65K,Process Industries,Agricultural Commodities/Milling,10.0,6.0,6.0,13.0,23.2822,23.2536,201.44K,77.19K,1225.0,705.1,39.34B,No,824.95,860.81,905.8,853.37,864.84,499
3240,ANNAINFRA.BO,26.5,26.27,0.61K,Finance,Real Estate Investment Trusts,10.0,4.0,4.0,21.0,1.4386,1.125,0.88K,1.47K,39.9,21.9,100.70M,No,29.29,31.78,30.61,31.22,31.57,498
3241,AJANTSOY.BO,22.3,22.32,45.06K,Consumer Non-Durables,Food: Specialty/Candy,10.0,40.0,12.0,16.0,1.0321,1.0307,38.91K,26.88K,39.87,16.0,1.79B,No,21.71,21.8,25.65,21.69,23.57,497
3242,JYOTHYLAB.NS,205.25,204.17,489.21K,Consumer Non-Durables,Household/Personal Care,10.0,73.0,8.0,13.0,4.8279,4.7314,767.85K,525.13K,352.7,188.1,75.60B,No,201.62,199.97,244.93,200.04,223.41,500
3243,AEIM.BO,88.7,87.19,25.98K,Commercial Services,Miscellaneous Commercial Services,10.0,20.0,4.0,33.0,4.0679,4.0393,61.67K,27.52K,195.0,83.43,2.45B,No,90.89,100.14,123.04,98.15,111.68,497
3244,FLAIR.NS,254.75,252.1,110.50K,Producer Manufacturing,Office Equipment/Supplies,10.0,26.0,5.0,14.0,7.4893,7.4821,169.28K,103.14K,348.8,242.9,26.85B,No,254.95,266.31,298.71,264.29,295.24,499
3245,SMARITIME.BO,23.21,21.06,4.80K,Transportation,Marine Shipping,10.0,7.0,48.0,12.0,0.3429,0.1364,1.18K,0.96K,46.0,15.26,71.27M,No,21.41,21.32,26.04,21.44,19.86,496
3246,SAMINDUS.BO,39.15,38.06,0.01K,Finance,Real Estate Development,10.0,10.0,16.0,15.0,2.8471,2.7786,0.51K,0.55K,68.7,35.1,434.11M,No,41.51,42.27,46.18,42.18,42.94,494
3247,RUSTOMJEE.NS,383.9,388.3,492.16K,Finance,Real Estate Development,10.0,14.0,24.0,9.0,14.7357,14.6071,178.30K,20.66K,668.0,358.8,48.46B,No,407.65,403.5,454.68,400.9,413.64,498
3248,CONTPTR.BO,83.35,78.02,2.51K,Energy Minerals,Oil Refining/Marketing,10.0,69.0,9.0,17.0,4.29,3.9614,2.67K,3.33K,129.0,68.2,705.80M,No,76.63,83.33,95.61,83.48,88.54,497
3249,RAL.BO,41.74,41.74,1.20K,Retail Trade,Specialty Stores,10.0,1.0,5.0,10.0,1.4286,0.4564,2.38K,1.20K,71.5,31.03,110.86M,No,47.62,48.53,50.08,47.05,45.75,480
3250,EMBDL.NS,60.35,61.11,2046.41K,Finance,Real Estate Development,10.0,21.0,19.0,25.0,1.6593,1.6464,3229.84K,1557.25K,105.7,39.46,,No,62.69,61.78,64.1,61.88,58.94,500
3251,KPEL.NS,304.55,310.65,239.26K,Utilities,Alternative Power Generation,10.0,17.0,5.0,47.0,10.1429,9.9929,297.27K,158.34K,469.95,237.9,20.62B,No,314.34,332.14,338.15,329.56,319.84,426
3252,VMSTMT.NS,44.75,44.75,8.94K,Non-Energy Minerals,Steel,10.0,15.0,23.0,21.0,1.2721,1.2136,24.92K,18.31K,105.0,33.5,2.22B,No,44.64,45.37,50.22,45.02,45.73,215
3253,AFCONS.NS,278.75,280.9,1935.22K,Industrial Services,Engineering & Construction,10.0,12.0,12.0,14.0,8.2429,7.8464,1783.18K,788.23K,479.4,265.8,102.52B,No,286.22,305.36,340.22,302.71,312.19,438
3254,VINAYAKPOL.BO,21.05,21.0,0.01K,Process Industries,Containers/Packaging,10.0,7.0,24.0,17.0,0.4429,0.3207,0.12K,0.16K,37.38,19.16,64.86M,No,22.79,23.33,24.72,23.09,23.06,497
3255,GEL.BO,27.13,28.55,15.00K,Distribution Services,Wholesale Distributors,10.0,4.0,3.0,8.0,1.4121,1.1829,84.10K,28.80K,46.19,24.3,668.70M,No,32.09,33.2,35.79,32.54,35.59,500
3256,NUCLEUS.NS,698.55,689.85,27.14K,Technology Services,Information Technology Services,10.0,13.0,17.0,9.0,21.1143,18.0607,91.18K,51.44K,1084.8,682.0,18.39B,No,733.06,745.63,839.73,739.42,792.55,499
3257,PROCLB.BO,30.99,30.8,15.06K,Commercial Services,Miscellaneous Commercial Services,10.0,62.0,18.0,4.0,1.5479,1.2843,8.52K,5.90K,48.9,23.23,158.14M,No,28.13,29.1,34.9,29.22,34.17,497
3258,KARMAENG.NS,38.87,38.71,3.08K,Utilities,Electric Utilities,10.0,29.0,6.0,46.0,1.9607,1.9607,5.19K,4.22K,73.7,34.38,449.72M,No,38.32,40.47,45.72,40.2,42.68,498
3259,DECCANCE.NS,576.35,571.2,9.07K,Non-Energy Minerals,Construction Materials,10.0,51.0,23.0,25.0,16.0679,15.7929,16.47K,12.66K,1164.9,538.0,8.07B,No,565.21,576.56,694.39,575.37,625.03,498
3260,BHARATAGRI.BO,23.02,22.52,7.73K,Process Industries,Chemicals: Agricultural,10.0,13.0,5.0,30.0,0.9536,0.9421,20.75K,12.90K,38.79,20.0,1.22B,No,23.29,26.66,27.78,26.07,26.23,497
3261,DIGITIDE.NS,98.78,99.16,183.50K,Commercial Services,Miscellaneous Commercial Services,10.0,27.0,46.0,17.0,4.8436,4.8157,1888.20K,310.66K,219.0,69.9,14.76B,No,101.37,94.51,109.85,96.07,95.68,289
3262,KGES.BO,32.0,32.0,3.00K,Commercial Services,Miscellaneous Commercial Services,10.0,76.0,3.0,10.0,0.0521,0.0,1.18K,0.30K,65.58,28.38,67.41M,No,31.53,30.08,41.59,30.28,36.95,497
3263,LGHL.NS,202.83,201.98,20.44K,Consumer Durables,Other Consumer Specialties,10.0,19.0,7.0,7.0,10.7964,10.79,28.73K,27.91K,399.58,196.01,10.11B,No,206.24,218.61,258.58,217.37,248.68,499
3264,MISQUITA.BO,79.6,82.9,2.00K,Distribution Services,Electronics Distributors,10.0,18.0,4.0,5.0,1.775,1.3571,0.87K,0.40K,142.0,71.0,373.16M,No,84.52,89.21,107.54,86.54,106.89,496
3265,ADDIND.BO,83.75,82.1,0.67K,Process Industries,Textiles,10.0,34.0,11.0,14.0,8.5579,8.3714,1.02K,1.38K,141.25,70.0,904.21M,No,81.89,86.09,101.02,85.08,95.91,497
3266,CHEMTECH.BO,70.42,69.25,18.48K,Producer Manufacturing,Industrial Machinery,10.0,23.0,4.0,42.0,4.15,4.0957,18.70K,9.05K,140.0,53.7,1.26B,No,72.59,73.29,80.6,72.56,74.32,497
3267,SOMICONVEY.NS,91.42,93.88,36.80K,Producer Manufacturing,Miscellaneous Manufacturing,10.0,9.0,10.0,24.0,3.4971,3.4714,34.20K,12.29K,169.4,85.5,1.11B,No,97.12,99.61,113.83,99.9,103.94,498
3268,SHERVANI.BO,295.0,297.25,0.04K,Finance,Real Estate Development,10.0,69.0,21.0,5.0,19.3429,14.7107,0.32K,0.17K,453.0,265.0,759.03M,No,292.6,291.62,355.81,290.61,337.95,496
3269,SRIGEE.BO,79.0,76.5,4.80K,Producer Manufacturing,Industrial Machinery,9.0,20.0,63.0,50.0,3.8014,3.4221,14.54K,7.20K,251.0,56.75,471.91M,No,78.66,81.77,85.9,80.57,76.15,309
3270,PHYTO.BO,19.85,20.0,4.00K,Process Industries,Chemicals: Agricultural,9.0,3.0,10.0,8.0,1.4921,1.3464,3.45K,8.06K,34.99,18.53,85.36M,No,22.22,23.15,25.71,22.88,24.25,497
3271,DEVX.NS,34.34,33.94,181.45K,Finance,Real Estate Development,9.0,32.0,9.0,21.0,1.2007,1.2007,88.49K,51.37K,64.05,29.95,3.22B,No,34.27,35.38,39.36,35.19,37.81,221
3272,THREEMPAPE.BO,24.49,24.2,8.00K,Process Industries,Pulp & Paper,9.0,10.0,31.0,9.0,0.9186,0.3714,16.39K,4.80K,53.95,18.27,471.12M,No,25.06,25.76,29.6,25.38,26.56,497
3273,MASTERTR.NS,80.95,81.91,214.72K,Finance,Investment Banks/Brokers,9.0,39.0,31.0,11.0,2.5479,2.5343,2371.58K,252.30K,169.0,55.6,9.86B,No,85.63,81.71,94.15,81.77,83.21,414
3274,PANAENERG.BO,258.0,256.85,4.04K,Producer Manufacturing,Electrical Products,9.0,40.0,11.0,6.0,8.2179,8.1,3.67K,2.73K,399.0,240.0,1.94B,No,252.69,268.97,301.9,266.64,289.39,497
3275,ZODIAC.NS,253.35,255.2,6.24K,Producer Manufacturing,Building Products,9.0,17.0,7.0,36.0,11.1964,11.0821,8.68K,10.75K,449.95,205.55,,No,256.38,269.92,292.38,267.19,271.83,493
3276,SWANCORP.NS,310.9,310.6,581.58K,Utilities,Electric Utilities,9.0,21.0,22.0,6.0,6.2321,6.1286,946.88K,731.35K,506.0,295.65,97.45B,No,312.33,315.72,378.34,313.22,344.03,499
3277,HIMATSEIDE.NS,79.95,79.89,346.27K,Process Industries,Textiles,9.0,25.0,29.0,9.0,1.9164,1.8071,1108.29K,379.53K,134.7,72.01,10.00B,No,82.79,82.55,97.4,82.58,88.57,500
3278,CELLO.NS,379.25,398.95,5094.54K,Consumer Durables,Home Furnishings,9.0,65.0,25.0,8.0,13.4964,12.9786,264.31K,207.60K,673.8,336.6,83.77B,No,357.33,369.14,463.56,369.52,412.92,498
3279,CITADEL.BO,35.89,34.5,0.03K,Finance,Real Estate Development,9.0,62.0,17.0,35.0,2.1757,2.1414,2.18K,2.46K,76.6,31.23,298.07M,No,36.02,36.96,43.2,36.4,38.71,497
3280,SONALIS.BO,49.0,48.17,8.00K,Consumer Non-Durables,Food: Specialty/Candy,9.0,89.0,22.0,5.0,2.2629,0.85,12.88K,7.20K,92.0,37.81,232.70M,No,43.72,47.67,57.6,47.04,52.76,496
3281,FISCHER.NS,37.85,37.67,1817.74K,Process Industries,Chemicals: Specialty,9.0,45.0,49.0,35.0,1.5536,1.5536,1950.21K,2764.06K,124.7,31.05,24.51B,No,38.37,37.0,44.28,37.42,37.92,269
3282,GSLSEC.BO,41.41,41.41,0.90K,Finance,Financial Conglomerates,9.0,2.0,4.0,3.0,1.5857,1.3636,0.35K,0.35K,61.2,36.06,168.44M,No,42.42,46.71,48.46,45.62,48.71,499
3283,RALLIS.NS,214.86,216.36,715.68K,Process Industries,Chemicals: Agricultural,9.0,22.0,10.0,10.0,5.7721,5.675,830.95K,1915.64K,385.8,214.4,41.78B,No,224.62,227.33,252.1,225.52,247.18,500
3284,TCFCFINQ.BO,25.89,25.42,0.97K,Finance,Financial Conglomerates,9.0,78.0,22.0,22.0,1.9886,1.9736,3.15K,1.65K,52.42,22.02,244.70M,No,26.32,26.54,33.24,26.37,28.36,499
3285,CHENFERRO.BO,81.28,76.06,2.25K,Non-Energy Minerals,Steel,9.0,14.0,10.0,15.0,5.955,5.77,1.15K,1.37K,147.95,57.0,292.97M,No,81.19,86.25,96.3,86.14,88.12,497
3286,SPENCERS.NS,33.01,32.84,18.16K,Retail Trade,Food Retail,9.0,15.0,33.0,43.0,1.4379,1.4229,72.69K,51.47K,64.0,24.38,2.97B,No,34.03,35.39,37.57,35.16,34.44,499
3287,KITEX.NS,144.86,145.15,182.08K,Process Industries,Textiles,9.0,20.0,14.0,15.0,3.2157,3.1886,881.90K,330.13K,232.7,138.2,28.90B,No,147.92,153.88,173.71,153.75,163.88,500
3288,MEIL.NS,277.35,280.05,63.42K,Electronic Technology,Electronic Components,9.0,13.0,9.0,51.0,13.9893,12.8643,27.69K,39.70K,573.7,206.26,7.63B,No,292.36,302.91,323.2,300.38,283.26,235
3289,NIITMTS.NS,248.0,247.6,444.00K,Commercial Services,Miscellaneous Commercial Services,9.0,39.0,5.0,2.0,9.9793,9.7207,581.67K,145.82K,443.9,203.3,33.56B,No,239.82,232.18,314.84,233.16,288.2,498
3290,TOUCHWOOD.NS,67.09,65.89,2.28K,Commercial Services,Miscellaneous Commercial Services,9.0,27.0,21.0,6.0,1.7293,1.6793,3.62K,0.59K,128.0,63.0,743.44M,No,67.44,69.29,83.85,68.95,75.13,498
3291,LOYAL.BO,153.65,155.0,4.47K,Producer Manufacturing,Industrial Machinery,9.0,26.0,8.0,21.0,6.2214,6.2179,6.07K,3.62K,308.5,143.8,1.65B,No,157.13,159.18,178.67,158.69,172.05,497
3292,GRAUWEIL.NS,70.29,68.78,340.62K,Process Industries,Chemicals: Specialty,9.0,6.0,48.0,,3.2429,3.1543,425.31K,168.82K,115.6,62.09,31.87B,No,75.77,75.46,,76.04,,82
3293,SKRABUL.BO,26.78,25.51,0.55K,Consumer Durables,Other Consumer Specialties,9.0,1.0,0.0,2.0,0.225,0.0471,0.09K,0.16K,50.38,21.02,134.31M,No,28.16,36.05,35.83,34.8,38.68,496
3294,KALPATARU.NS,284.0,286.85,37.42K,Finance,Real Estate Development,9.0,34.0,5.0,16.0,12.8571,12.1821,231.00K,504.20K,429.3,258.0,58.28B,No,281.07,300.39,328.58,298.06,315.52,275
3295,SAFE.BO,163.5,152.5,0.50K,Technology Services,Internet Software/Services,9.0,22.0,32.0,16.0,9.2107,5.1464,3.01K,1.45K,348.0,142.45,931.13M,No,159.81,163.91,207.94,162.18,179.07,465
3296,COARO.BO,27.85,29.3,0.10K,Transportation,Trucking,9.0,81.0,5.0,10.0,0.7421,0.0593,0.07K,0.14K,41.75,23.4,115.48M,No,28.75,26.61,31.86,26.56,30.62,498
3297,SHREYANIND.NS,141.55,142.56,3.86K,Process Industries,Pulp & Paper,9.0,43.0,16.0,14.0,5.2714,5.23,7.36K,10.96K,247.22,122.0,1.96B,No,139.02,139.32,163.26,139.03,151.73,497
3298,LOTUSCHO.BO,650.1,648.5,2.74K,Consumer Non-Durables,Food: Specialty/Candy,9.0,31.0,16.0,10.0,15.5571,15.5571,6.48K,3.68K,1281.0,540.0,8.32B,No,668.22,679.53,763.56,674.89,718.01,497
3299,FLOMIC.BO,40.6,41.38,0.12K,Transportation,Air Freight/Couriers,9.0,2.0,10.0,11.0,3.4079,3.3407,1.14K,2.41K,75.0,35.0,737.64M,No,46.74,49.55,49.86,48.95,48.01,497
3300,ASHOKA.NS,119.83,119.89,542.81K,Industrial Services,Engineering & Construction,9.0,19.0,16.0,11.0,2.4779,2.3843,1441.44K,554.01K,214.5,101.0,33.64B,No,123.97,126.27,144.91,126.1,129.97,500
3301,INTEGRAEN.BO,161.0,165.3,3.08K,Producer Manufacturing,Industrial Machinery,9.0,2.0,3.0,45.0,9.0357,8.9929,23.45K,10.57K,270.0,118.0,5.54B,No,173.95,200.18,188.32,198.37,181.83,497
3302,RTNINDIA.NS,31.47,32.55,1793.22K,Commercial Services,Miscellaneous Commercial Services,9.0,32.0,8.0,18.0,1.0679,1.0579,2459.45K,902.96K,64.0,24.4,43.46B,No,32.15,33.76,36.54,33.79,32.97,500
3303,APLABPP.BO,41.44,43.34,35.58K,Electronic Technology,Electronic Equipment/Instruments,9.0,0.0,0.0,9.0,3.9879,3.0486,4.11K,12.04K,97.0,26.75,1.13B,No,58.37,69.91,65.74,67.11,64.65,267
3304,MICEL.NS,37.34,37.05,105.55K,Health Technology,Medical Specialties,9.0,45.0,3.0,19.0,1.4543,1.4521,1145.39K,189.11K,82.97,29.97,9.00B,No,37.31,39.77,41.82,39.51,39.61,500
3305,MARSONS.NS,108.93,107.9,1759.68K,Producer Manufacturing,Electrical Products,9.0,50.0,1.0,,4.6186,4.5664,1917.70K,2071.82K,175.4,104.16,18.56B,No,112.08,116.41,,114.88,,101
3306,JAINREC.NS,319.0,322.55,857.69K,Non-Energy Minerals,Other Metals/Minerals,8.0,10.0,1.0,9.0,15.0929,13.8179,3345.04K,1491.42K,593.95,298.2,110.08B,No,335.4,347.34,398.87,343.49,400.12,210
3307,BELLACASA.NS,240.39,239.75,5.60K,Consumer Durables,Home Furnishings,8.0,17.0,25.0,8.0,10.83,10.78,13.37K,20.54K,497.35,220.25,3.22B,No,243.41,245.18,308.1,243.3,265.63,262
3308,TRILIANCE.BO,40.85,42.99,0.82K,Finance,Investment Banks/Brokers,8.0,10.0,11.0,3.0,2.0636,1.7457,0.41K,1.71K,115.34,24.32,208.74M,No,41.55,44.61,57.66,43.82,43.87,496
3309,TATAELXSI.NS,3715.0,3749.8,166.22K,Technology Services,Information Technology Services,8.0,54.0,19.0,5.0,89.6,86.85,387.26K,547.04K,5950.0,3353.9,231.44B,No,3611.31,3861.25,4616.98,3827.66,4321.23,500
3310,ICODEX.BO,38.6,39.37,10.80K,Technology Services,Packaged Software,8.0,24.0,10.0,25.0,1.8807,1.5314,7.22K,5.76K,81.6,29.01,603.59M,No,38.36,41.01,45.22,40.78,42.19,240
3311,GEEKAYWIRE.NS,22.56,22.3,38.23K,Non-Energy Minerals,Steel,8.0,22.0,10.0,11.0,1.1336,1.1193,82.54K,94.80K,40.62,18.51,2.36B,No,23.61,24.05,27.21,24.11,24.81,500
3312,JAIPURKURT.NS,27.2,27.3,11.11K,Consumer Non-Durables,Apparel/Footwear,8.0,21.0,9.0,4.0,1.6921,1.6921,16.44K,26.86K,43.5,24.4,469.52M,No,27.28,28.22,31.72,27.87,31.19,497
3313,GTTDATA.BO,46.18,46.26,11.61K,Consumer Services,Movies/Entertainment,8.0,91.0,18.0,3.0,4.3543,4.3236,26.38K,66.05K,101.8,36.1,1.89B,No,43.13,42.28,61.07,42.02,52.21,497
3314,ATHENAGLO.BO,59.3,59.49,3.56K,Technology Services,Information Technology Services,8.0,55.0,15.0,9.0,3.2121,3.0279,4.56K,7.03K,102.95,49.6,872.40M,No,57.18,60.58,72.61,59.36,68.08,497
3315,BALAXI.NS,24.2,24.17,35.02K,Distribution Services,Medical Distributors,8.0,45.0,15.0,39.0,0.8921,0.8921,28.95K,20.49K,52.0,15.2,1.34B,No,24.11,24.02,26.81,23.8,23.32,498
3316,ROLCOEN.BO,541.05,541.05,0.30K,Producer Manufacturing,Metal Fabrication,8.0,53.0,7.0,15.0,8.2429,0.5036,0.04K,0.05K,962.4,504.4,409.03M,No,540.09,544.99,629.69,534.79,612.12,496
3317,RAMSONS.BO,80.84,85.0,4.28K,Finance,Investment Banks/Brokers,8.0,4.0,7.0,41.0,4.6593,4.4007,0.65K,0.39K,448.85,59.35,243.05M,No,90.41,91.32,134.98,91.32,93.68,497
3318,SSDL.NS,53.54,54.38,15.49K,Distribution Services,Wholesale Distributors,8.0,31.0,14.0,12.0,1.655,1.6507,19.97K,17.80K,98.0,46.15,2.12B,No,53.82,55.82,66.79,55.3,60.38,489
3319,SHREE.BO,51.82,55.85,4.50K,Distribution Services,Wholesale Distributors,8.0,45.0,36.0,6.0,1.6857,0.7143,1.02K,1.15K,116.1,40.0,179.30M,No,52.45,59.55,70.05,58.46,60.75,497
3320,ATAM.NS,64.61,64.74,3.20K,Producer Manufacturing,Industrial Machinery,8.0,11.0,12.0,18.0,2.175,2.1343,8.59K,5.45K,111.0,48.5,740.62M,No,66.61,68.94,73.98,68.39,67.97,499
3321,DEEPAKCHEM.BO,81.95,83.4,7.20K,Process Industries,Chemicals: Major Diversified,8.0,74.0,22.0,12.0,2.2736,1.6179,6.28K,4.00K,150.0,69.2,900.19M,No,78.15,79.01,97.08,78.39,89.09,497
3322,HGINFRA.NS,553.95,542.9,110.55K,Industrial Services,Engineering & Construction,8.0,43.0,21.0,17.0,10.9786,10.8607,201.90K,40.89K,1049.95,429.5,35.99B,No,548.05,560.18,651.61,557.49,571.04,500
3323,VISHALBL.BO,49.98,50.9,0.07K,Producer Manufacturing,Metal Fabrication,8.0,7.0,12.0,14.0,2.8671,2.8671,1.87K,1.15K,85.01,38.87,539.33M,No,51.1,56.68,61.35,55.46,57.1,496
3324,SHILGRAVQ.BO,148.95,142.4,2.08K,Producer Manufacturing,Industrial Machinery,8.0,31.0,14.0,11.0,7.8821,7.3964,3.01K,2.48K,315.0,130.0,916.01M,No,146.59,151.23,184.63,148.98,165.51,496
3325,RVNL.NS,235.0,229.0,6713.59K,Industrial Services,Engineering & Construction,8.0,61.0,6.0,4.0,5.3207,5.0871,7480.39K,4894.85K,400.7,220.16,489.98B,No,227.05,233.04,289.5,233.26,273.93,500
3326,RDEL.BO,35.41,33.73,3.60K,Producer Manufacturing,Office Equipment/Supplies,8.0,55.0,24.0,34.0,1.3064,0.8857,3.68K,8.52K,80.0,23.5,305.94M,No,33.99,34.63,,33.94,35.38,159
3327,ODIGMA.NS,23.14,22.98,4.24K,Technology Services,Internet Software/Services,8.0,24.0,14.0,14.0,0.7279,0.7271,37.40K,9.85K,56.09,20.0,723.32M,No,22.92,23.16,28.15,23.33,25.53,410
3328,DRONACHRYA.BO,36.7,36.45,27.00K,Electronic Technology,Aerospace & Defense,8.0,13.0,39.0,48.0,1.1479,1.14,64.93K,28.30K,79.99,28.97,880.86M,No,37.26,39.43,41.48,39.15,37.17,496
3329,NETWORK18.NS,30.03,29.6,1738.62K,Consumer Services,Broadcasting,8.0,24.0,16.0,10.0,0.7236,0.7186,7282.99K,2738.05K,59.4,27.38,46.38B,No,29.83,31.19,36.65,31.36,33.13,500
3330,ANIKINDS.NS,43.09,42.23,2.15K,Distribution Services,Wholesale Distributors,8.0,25.0,32.0,20.0,2.6271,2.4779,5.36K,5.51K,103.8,32.5,1.20B,No,42.89,43.97,49.84,43.82,44.01,498
3331,SHIVTEXCHEM.BO,115.1,118.0,3.20K,Distribution Services,Wholesale Distributors,8.0,18.0,5.0,59.0,5.5679,4.6571,7.09K,5.32K,296.1,95.0,2.67B,No,118.89,125.04,140.98,122.31,128.91,448
3332,GGAUTO.BO,162.9,166.95,2.31K,Producer Manufacturing,Industrial Machinery,8.0,41.0,51.0,4.0,6.5143,6.3929,12.71K,3.84K,323.0,125.3,1.63B,No,164.82,154.77,204.51,154.35,172.31,497
3333,SYNGENE.NS,399.75,406.95,805.42K,Commercial Services,Miscellaneous Commercial Services,8.0,28.0,17.0,15.0,13.0179,12.3429,1354.06K,2610.76K,684.6,375.25,160.90B,No,410.39,427.96,503.25,424.19,440.71,500
3334,RRFIN.BO,65.71,69.15,2.21K,Finance,Insurance Brokers/Services,8.0,1.0,13.0,10.0,4.9829,4.8543,3.44K,2.38K,263.7,49.62,726.80M,No,76.63,75.41,112.62,75.71,84.01,497
3335,AHLADA.NS,37.57,37.6,2.85K,Producer Manufacturing,Building Products,8.0,26.0,11.0,7.0,1.4507,1.4314,11.56K,10.93K,72.0,31.22,485.44M,No,37.66,38.97,45.88,38.8,42.66,500
3336,STANLEY.NS,153.62,154.38,66.70K,Consumer Durables,Home Furnishings,8.0,49.0,17.0,18.0,3.9786,3.9186,220.84K,79.73K,339.35,123.0,8.78B,No,155.92,151.16,180.11,151.02,154.58,498
3337,SUPREME.NS,45.82,45.91,4.49K,Finance,Real Estate Development,8.0,27.0,21.0,9.0,1.955,1.955,94.88K,43.82K,97.84,43.1,1.78B,No,45.78,46.34,60.54,46.63,51.63,372
3338,VMS.BO,21.16,21.01,31.43K,Industrial Services,Environmental Services,8.0,17.0,19.0,6.0,1.1121,1.1021,28.40K,15.53K,37.74,18.01,517.86M,No,21.8,22.16,25.44,22.17,23.76,496
3339,MEHUL.BO,53.01,53.01,1.60K,Process Industries,Chemicals: Specialty,8.0,3.0,27.0,9.0,2.58,2.0014,2.12K,4.80K,92.5,50.0,559.10M,No,57.35,63.14,69.07,62.56,64.77,250
3340,KHAICHEM.NS,53.26,52.68,85.17K,Process Industries,Chemicals: Agricultural,8.0,56.0,22.0,13.0,2.17,2.0536,76.38K,100.39K,135.8,42.92,5.17B,No,49.33,52.64,66.17,52.54,55.33,499
3341,REGENCERAM.NS,33.5,32.03,0.29K,Producer Manufacturing,Building Products,8.0,4.0,5.0,8.0,3.35,3.3236,3.02K,7.40K,54.99,30.0,885.79M,No,35.15,38.48,43.44,37.87,41.8,499
3342,VISVEN.BO,38.94,37.99,0.01K,Commercial Services,Miscellaneous Commercial Services,8.0,40.0,49.0,3.0,3.3614,2.8643,1.59K,0.84K,77.58,33.15,121.42M,No,39.45,39.56,50.05,39.67,45.19,494
3343,JKLAKSHMI.NS,576.05,571.25,3225.46K,Non-Energy Minerals,Construction Materials,7.0,44.0,16.0,6.0,15.1143,15.0786,169.19K,86.77K,989.8,549.95,71.51B,No,570.45,583.27,687.33,580.9,638.41,500
3344,KANCOTEA.BO,47.98,49.0,0.40K,Process Industries,Agricultural Commodities/Milling,7.0,6.0,3.0,3.0,2.8014,2.6986,0.91K,0.73K,74.95,45.0,242.77M,No,48.49,52.75,62.33,52.28,60.47,497
3345,AIHL.BO,35.38,34.65,4.20K,Distribution Services,Wholesale Distributors,7.0,92.0,4.0,7.0,1.0043,0.7786,0.82K,0.10K,51.92,27.1,73.97M,No,32.41,33.9,42.97,33.25,43.77,498
3346,OSWALAGRO.NS,42.57,41.06,136.87K,Finance,Real Estate Development,7.0,54.0,20.0,20.0,1.9514,1.9514,27.81K,30.22K,88.49,33.4,5.73B,No,39.34,41.43,50.6,41.22,45.17,500
3347,PGHH.NS,8484.0,8484.5,18.07K,Consumer Non-Durables,Household/Personal Care,7.0,19.0,16.0,6.0,183.8929,183.5714,17.87K,31.99K,14509.0,8419.0,275.40B,No,8769.65,8965.1,10925.14,8930.35,10034.73,499
3348,JAGANLAM.BO,47.59,47.75,3.59K,Producer Manufacturing,Auto Parts: Oem,7.0,28.0,16.0,5.0,2.2879,2.2743,2.88K,3.76K,90.0,38.3,340.13M,No,46.3,48.46,58.65,48.15,53.71,497
3349,EASUN.BO,32.8,36.33,0.00K,Finance,Financial Conglomerates,7.0,0.0,10.0,2.0,1.1843,0.0064,0.80K,0.01K,61.83,32.8,171.52M,No,44.22,47.68,47.92,47.02,44.82,498
3350,SHELTER.BO,26.0,26.53,15.00K,Health Technology,Pharmaceuticals: Major,7.0,15.0,21.0,4.0,1.0536,0.9721,23.75K,13.50K,50.0,23.0,434.87M,No,26.68,28.5,34.4,28.05,31.98,495
3351,SKFINDIA.NS,1519.2,1509.9,53.26K,Producer Manufacturing,Metal Fabrication,7.0,21.0,21.0,23.0,41.2571,40.9714,36.51K,43.44K,5074.0,1404.0,75.11B,No,1500.98,1575.34,1732.86,1566.37,1639.56,500
3352,RIYAASAT.BO,61.0,59.0,1.20K,Consumer Non-Durables,Apparel/Footwear,7.0,5.0,,,3.3129,1.9671,14.35K,4.44K,84.8,53.65,655.41M,No,60.1,,,,,26
3353,REMSONSIND.NS,88.64,85.72,283.62K,Producer Manufacturing,Auto Parts: Oem,7.0,63.0,6.0,12.0,3.4543,3.3779,175.56K,77.13K,152.45,75.23,3.11B,No,80.76,83.39,105.46,83.34,96.17,500
3354,VALENCIA.BO,49.8,47.0,4.50K,Consumer Non-Durables,Beverages: Non-Alcoholic,7.0,4.0,4.0,9.0,1.7586,0.4864,6.57K,2.40K,97.1,42.25,988.05M,No,49.16,58.06,66.11,55.88,60.61,496
3355,RPOWER.NS,24.24,24.17,18232.74K,Utilities,Electric Utilities,7.0,32.0,12.0,17.0,0.625,0.6129,37172.59K,16693.72K,50.85,20.17,,No,24.11,25.38,29.83,25.32,25.98,500
3356,EMERALD.BO,51.53,51.73,15.22K,Finance,Regional Banks,7.0,23.0,9.0,7.0,3.8086,3.7879,46.16K,78.22K,97.0,45.23,1.77B,No,54.03,54.85,66.25,54.19,59.52,497
3357,MPDL.BO,25.79,25.79,1.10K,Industrial Services,Engineering & Construction,7.0,13.0,7.0,15.0,1.51,1.1686,0.93K,1.27K,57.2,23.45,191.17M,No,28.31,31.36,37.73,31.0,34.32,497
3358,MANIVENI.BO,30.0,30.0,4.00K,Process Industries,Agricultural Commodities/Milling,7.0,6.0,,,1.6043,1.2121,105.95K,25.80K,44.66,26.65,587.17M,No,31.5,,,34.32,,48
3359,MFML.BO,20.23,20.23,0.00K,Process Industries,Textiles,7.0,57.0,7.0,17.0,1.6921,1.6921,0.95K,1.29K,37.69,17.53,214.85M,No,19.44,21.48,24.2,20.9,22.89,484
3360,MITTALSTL.BO,28.27,27.24,3.00K,Non-Energy Minerals,Steel,7.0,22.0,16.0,21.0,0.9579,0.6686,4.72K,4.30K,114.4,22.63,327.01M,No,28.33,30.33,36.82,30.25,30.78,203
3361,EMERGENT.BO,402.95,406.05,0.04K,Commercial Services,Miscellaneous Commercial Services,7.0,20.0,17.0,13.0,23.65,22.3214,0.09K,0.09K,826.05,314.7,1.84B,No,416.52,414.86,471.32,413.21,436.19,497
3362,TRACXN.NS,30.09,30.62,173.58K,Technology Services,Internet Software/Services,7.0,49.0,22.0,24.0,0.8436,0.8279,138.28K,80.85K,57.44,25.39,3.22B,No,30.05,30.54,36.05,30.43,32.1,499
3363,CRIZAC.NS,182.63,183.21,470.78K,Technology Services,Internet Software/Services,7.0,18.0,14.0,7.0,7.0586,6.9393,372.84K,458.62K,387.95,173.35,32.39B,No,190.67,200.91,235.55,198.57,212.43,270
3364,SHRAAITECH.BO,23.88,25.28,37.83K,Distribution Services,Electronics Distributors,7.0,29.0,20.0,20.0,1.3964,1.3964,18.78K,10.65K,44.2,22.37,1.46B,No,24.37,25.9,30.01,25.45,28.06,496
3365,SEVL.BO,38.68,35.62,22.80K,Consumer Durables,Motor Vehicles,7.0,6.0,3.0,1.0,1.8707,1.5129,15.46K,9.24K,82.12,32.7,478.03M,No,38.14,40.38,51.51,39.51,48.5,272
3366,VIVOBIOT.BO,22.08,21.7,16.38K,Distribution Services,Medical Distributors,7.0,23.0,8.0,12.0,1.4886,1.4886,38.34K,24.08K,43.35,18.36,489.97M,No,22.81,23.47,27.66,23.24,25.83,496
3367,BHARATRAS.NS,1375.3,1385.3,9.35K,Process Industries,Chemicals: Agricultural,7.0,62.0,37.0,6.0,36.75,36.5143,10.99K,9.01K,3000.0,1203.0,22.86B,No,1319.07,1362.33,1777.04,1355.28,1464.86,499
3368,SHIVALIK.NS,259.72,252.21,32.90K,Process Industries,Chemicals: Agricultural,7.0,87.0,36.0,14.0,11.5314,10.6164,49.71K,48.10K,584.0,206.4,4.10B,No,237.58,234.56,300.99,232.16,261.22,499
3369,SSL.BO,35.0,35.0,4.80K,Commercial Services,Miscellaneous Commercial Services,7.0,85.0,28.0,3.0,0.9,0.3643,6.77K,0.96K,74.9,29.35,429.45M,No,34.22,33.54,45.37,33.24,40.19,467
3370,GLPL.BO,42.0,39.25,84.00K,Distribution Services,Medical Distributors,7.0,29.0,,,1.8479,1.6643,129.17K,50.40K,60.0,33.0,403.20M,No,39.71,42.29,,42.27,,58
3371,SYMPHONY.NS,652.4,644.75,127.75K,Producer Manufacturing,Industrial Machinery,7.0,20.0,8.0,7.0,17.8143,17.775,89.36K,69.59K,994.6,645.3,44.80B,No,690.94,688.66,803.84,686.56,764.34,499
3372,KAMATS.BO,36.7,35.0,8.20K,Consumer Services,Restaurants,7.0,10.0,15.0,3.0,2.8764,2.8636,6.29K,1.27K,69.29,30.2,655.35M,No,38.5,39.78,49.33,39.14,45.3,497
3373,RESGEN.BO,49.29,49.0,31.50K,Process Industries,Chemicals: Major Diversified,7.0,56.0,10.0,10.0,1.6929,1.5564,21.30K,17.18K,99.01,44.61,1.03B,No,49.54,50.66,61.76,49.96,56.58,497
3374,RAJOOENG.NS,51.84,51.09,133.63K,Producer Manufacturing,Industrial Machinery,7.0,57.0,19.0,12.0,2.2007,1.9129,280.71K,222.96K,109.5,46.0,9.26B,No,52.06,53.03,62.97,53.05,58.14,299
3375,WAA.BO,46.0,44.4,8.80K,Utilities,Electric Utilities,7.0,21.0,3.0,12.0,2.2243,1.8671,10.02K,11.20K,78.7,40.9,610.27M,No,46.92,50.53,54.24,49.44,53.04,495
3376,FOODSIN.NS,53.0,53.44,96.50K,Consumer Non-Durables,Food: Specialty/Candy,7.0,8.0,12.0,20.0,2.1507,2.1486,98.32K,62.56K,102.4,44.0,3.90B,No,56.54,56.63,63.44,56.77,58.15,499
3377,QUESTFLOW.BO,189.0,185.7,1.40K,Producer Manufacturing,Industrial Machinery,7.0,2.0,4.0,53.0,4.675,2.8,8.54K,6.42K,353.0,116.2,1.94B,No,206.14,211.06,203.82,206.48,195.84,497
3378,JOSTS.BO,224.0,223.9,4.23K,Producer Manufacturing,Industrial Machinery,7.0,6.0,11.0,14.0,9.1679,9.1393,12.04K,16.62K,469.85,188.1,2.65B,No,243.71,244.75,265.51,243.49,246.23,497
3379,CHEMFAB.NS,367.0,377.6,1.74K,Process Industries,Chemicals: Specialty,6.0,33.0,15.0,23.0,16.8857,16.8857,5.68K,2.83K,764.0,290.35,5.28B,No,371.69,378.61,420.91,377.59,386.79,498
3380,BALAJEE.NS,27.17,27.56,29.21K,Process Industries,Containers/Packaging,6.0,19.0,11.0,14.0,0.86,0.8593,40.92K,23.27K,59.9,21.1,2.22B,No,27.83,28.56,33.47,28.52,29.93,472
3381,CGVAK.BO,161.4,169.6,2.51K,Technology Services,Information Technology Services,6.0,47.0,6.0,14.0,10.075,9.9607,3.42K,2.59K,326.45,150.05,815.10M,No,161.64,170.2,206.44,168.03,190.39,497
3382,RACE.NS,104.38,105.22,2.32K,Process Industries,Textiles,6.0,15.0,12.0,47.0,4.2536,4.2536,9.68K,4.55K,252.0,84.11,1.80B,No,109.35,110.44,130.72,109.55,113.81,498
3383,TIRUMALCHM.NS,170.0,170.02,793.88K,Process Industries,Chemicals: Specialty,6.0,36.0,6.0,22.0,7.2371,6.4514,587.74K,592.04K,328.8,158.0,20.49B,No,168.9,172.97,204.98,169.85,185.52,498
3384,ENVAIREL.BO,50.8,50.8,0.01K,Producer Manufacturing,Industrial Machinery,6.0,0.0,26.0,8.0,2.8821,1.2536,3.32K,4.43K,128.95,36.68,231.03M,No,56.58,78.58,69.51,75.36,65.11,497
3385,JAIBALAJI.NS,62.0,62.26,160.83K,Non-Energy Minerals,Steel,6.0,18.0,5.0,27.0,2.7443,2.715,790.27K,428.67K,116.95,53.65,56.56B,No,62.57,66.1,70.33,65.43,67.63,500
3386,DFL.BO,39.0,39.0,0.01K,Finance,Financial Conglomerates,6.0,14.0,4.0,10.0,1.7979,0.9071,0.51K,0.06K,61.9,34.25,124.25M,No,38.28,39.68,46.49,39.09,43.62,497
3387,BGDL.BO,88.02,88.13,12.56K,Consumer Durables,Homebuilding,6.0,9.0,4.0,16.0,3.2421,3.2421,11.30K,8.40K,340.3,71.05,8.91B,No,90.44,95.88,122.05,95.08,103.64,497
3388,KPGEL.BO,336.95,342.85,49.00K,Producer Manufacturing,Metal Fabrication,6.0,14.0,2.0,22.0,9.825,9.825,69.52K,33.27K,626.65,301.0,16.82B,No,343.61,363.4,411.94,359.91,380.67,497
3389,AURIONPRO.NS,730.0,729.0,192.21K,Technology Services,Information Technology Services,6.0,7.0,14.0,11.0,25.15,22.1393,256.15K,252.38K,1507.0,719.6,40.31B,No,800.67,822.27,931.05,820.05,850.95,500
3390,RSYSTEMS.NS,255.95,255.35,452.80K,Technology Services,Information Technology Services,6.0,73.0,14.0,4.0,13.0264,12.7671,612.97K,424.32K,496.9,213.52,30.33B,No,254.36,250.7,319.32,250.15,279.55,500
3391,GUJJUBHAI.BO,145.0,145.5,14.32K,Producer Manufacturing,Industrial Machinery,6.0,87.0,7.0,2.0,9.4643,9.3857,80.90K,152.78K,271.0,101.05,3.06B,No,126.64,129.03,186.28,129.37,175.16,497
3392,GEMENVIRO.BO,36.99,37.0,1.60K,Transportation,Trucking,6.0,31.0,6.0,17.0,1.3886,1.1764,8.80K,7.68K,74.44,31.83,834.14M,No,37.31,38.5,44.79,38.25,41.71,497
3393,WIREFABR.BO,134.0,127.85,0.00K,Process Industries,Textiles,6.0,23.0,7.0,7.0,6.1357,5.2643,0.13K,0.36K,264.0,118.75,409.54M,No,133.85,140.54,160.5,139.16,149.31,496
3394,DEL.BO,127.05,133.0,0.31K,Producer Manufacturing,Electrical Products,6.0,92.0,7.0,8.0,7.2214,4.4714,1.87K,4.98K,438.15,100.35,1.88B,No,132.67,146.58,186.04,144.38,166.05,497
3395,BLUECOAST.NS,25.49,25.67,1.25K,Consumer Services,Hotels/Resorts/Cruise Lines,6.0,5.0,10.0,33.0,1.6571,1.5364,2.37K,3.75K,86.31,18.57,501.63M,No,26.51,28.13,31.19,27.53,26.62,498
3396,SOUTHMG.BO,74.0,75.27,0.71K,Non-Energy Minerals,Other Metals/Minerals,6.0,45.0,6.0,11.0,4.4014,4.3271,0.93K,1.01K,160.0,61.15,222.00M,No,72.52,76.42,86.99,75.22,80.11,495
3397,CEWATER.NS,276.65,278.1,41.33K,Industrial Services,Environmental Services,6.0,8.0,18.0,3.0,9.5857,9.5857,200.05K,63.96K,579.0,235.0,5.73B,No,301.59,304.7,354.03,307.21,317.23,401
3398,KEC.NS,478.45,475.55,384.25K,Industrial Services,Engineering & Construction,6.0,31.0,7.0,5.0,11.2321,10.6143,1319.62K,773.08K,937.8,460.3,127.36B,No,482.23,499.47,605.98,499.9,549.84,500
3399,GTPL.NS,59.85,59.91,14.59K,Communications,Specialty Telecommunications,6.0,43.0,19.0,8.0,2.2307,2.2136,45.41K,30.44K,120.38,55.01,6.73B,No,61.15,62.14,76.51,62.11,66.19,500
3400,ASGARD.BO,30.71,30.39,28.25K,Producer Manufacturing,Metal Fabrication,6.0,16.0,21.0,1.0,1.8514,1.8443,149.50K,41.83K,63.0,27.21,9.57B,No,31.42,32.81,42.4,32.55,39.78,497
3401,GENESYS.NS,224.85,224.1875,680.17K,Technology Services,Packaged Software,6.0,1.0,14.0,6.0,20.6702,14.026,1213.13K,313.03K,647.9,198.05,9.40B,No,268.03,297.33,333.29,297.0,282.9,500
3402,COROENGG.BO,54.89,52.72,1.23K,Consumer Durables,Homebuilding,6.0,26.0,1.0,3.0,2.4893,2.2057,13.82K,6.21K,114.93,48.9,1.91B,No,53.44,57.11,74.45,56.07,75.18,497
3403,BRADYM.BO,735.6,744.35,0.20K,Producer Manufacturing,Industrial Machinery,6.0,43.0,9.0,19.0,20.8393,18.4393,0.21K,0.04K,1549.0,695.0,1.66B,No,733.08,767.05,855.08,762.98,808.87,497
3404,VJTFEDU.BO,69.99,71.94,0.10K,Consumer Services,Other Consumer Services,6.0,21.0,8.0,20.0,3.8807,3.3071,1.48K,0.49K,127.95,54.61,1.23B,No,71.64,68.84,87.13,67.45,81.12,496
3405,RTSPOWR.BO,101.35,103.6,1.53K,Producer Manufacturing,Electrical Products,6.0,42.0,3.0,12.0,5.55,5.4786,4.91K,2.69K,175.0,80.0,929.23M,No,100.42,104.83,124.37,104.24,116.03,497
3406,ADHHATA.BO,23.1,23.1,0.15K,Distribution Services,Wholesale Distributors,6.0,0.0,7.0,15.0,0.5093,0.4093,0.18K,0.04K,46.95,23.02,108.93M,No,27.61,32.03,30.86,30.81,28.53,430
3407,ESSARSHPNG.NS,20.01,20.1,249.57K,Transportation,Other Transportation,6.0,6.0,6.0,7.0,0.8379,0.8307,259.60K,148.16K,43.26,18.61,4.13B,No,20.46,22.21,26.06,22.1,24.36,499
3408,HILINFRA.NS,45.42,45.45,32.26K,Transportation,Other Transportation,6.0,45.0,18.0,22.0,1.915,1.8843,39.20K,55.70K,131.4,40.6,3.26B,No,45.23,46.41,54.65,46.1,49.61,245
3409,KRITI.NS,71.9,69.73,2.83K,Producer Manufacturing,Miscellaneous Manufacturing,6.0,49.0,7.0,24.0,3.075,3.0464,17.57K,8.52K,165.0,53.0,3.79B,No,67.99,70.36,81.64,70.48,75.84,498
3410,AEONXDIGI.BO,118.45,116.75,2.44K,Process Industries,Chemicals: Specialty,6.0,58.0,11.0,12.0,7.8,7.8,2.14K,1.74K,242.0,99.0,544.91M,No,120.4,118.57,144.83,117.18,128.11,496
3411,MEDICAMEQ.NS,244.41,243.11,18.55K,Health Technology,Pharmaceuticals: Major,6.0,17.0,10.0,5.0,10.0336,9.915,28.05K,13.74K,447.65,212.4,3.22B,No,240.02,241.75,307.02,239.13,272.91,499
3412,ORIRAIL.BO,113.6,112.9,57.13K,Producer Manufacturing,Building Products,6.0,33.0,4.0,8.0,4.1571,4.1143,59.78K,58.77K,185.0,101.45,7.62B,No,112.16,124.89,139.82,123.38,132.54,497
3413,HUBTOWN.NS,182.06,181.47,160.01K,Finance,Real Estate Development,6.0,6.0,11.0,18.0,6.9964,6.9643,651.41K,448.91K,365.7,168.15,25.87B,No,196.38,200.36,228.4,198.11,204.27,500
3414,MARCLOIRE.BO,35.0,36.25,2.40K,Retail Trade,Apparel/Footwear Retail,6.0,6.0,6.0,21.0,0.6486,0.2321,2.22K,1.68K,83.0,34.0,248.50M,No,37.77,39.92,47.83,38.85,45.27,269
3415,PINELABS.NS,156.04,147.82,46363.77K,Technology Services,Packaged Software,6.0,75.0,6.0,4.0,7.3064,7.1521,24796.08K,24107.32K,284.0,134.73,180.05B,No,149.82,150.24,,150.27,174.35,183
3416,FIBERWEB.NS,29.37,29.73,20.14K,Producer Manufacturing,Industrial Conglomerates,5.0,16.0,7.0,8.0,1.2907,1.2879,31.33K,16.62K,52.47,26.85,841.01M,No,30.43,29.88,35.79,29.83,34.49,498
3417,DHANLAXMI.NS,55.0,26.95,,Process Industries,Agricultural Commodities/Milling,5.0,54.0,6.0,23.0,1.1679,0.9786,26.52K,12.40K,55.0,20.05,,No,25.03,27.44,30.05,26.71,27.78,406
3418,HERANBA.NS,180.89,179.18,16.86K,Process Industries,Chemicals: Agricultural,5.0,39.0,8.0,12.0,5.8657,5.8086,63.16K,23.52K,379.0,155.38,7.24B,No,179.03,181.73,214.83,182.59,194.74,500
3419,REXSEAL.BO,120.0,120.0,0.50K,Producer Manufacturing,Industrial Machinery,5.0,3.0,10.0,7.0,1.7857,0.0,1.90K,0.05K,216.0,120.0,310.20M,No,140.0,143.0,164.89,140.0,152.1,496
3420,VASCONEQ.NS,33.03,33.78,256.84K,Industrial Services,Engineering & Construction,5.0,60.0,12.0,11.0,1.0564,1.0564,242.36K,129.51K,74.59,26.75,7.67B,No,32.75,33.42,40.95,33.61,36.1,500
3421,SIEL.BO,30.9,29.38,0.23K,Process Industries,Containers/Packaging,5.0,13.0,8.0,4.0,1.6257,1.4979,0.44K,0.15K,58.4,27.01,427.96M,No,31.73,31.27,37.26,30.89,33.92,496
3422,DCMSRIND.NS,43.6,43.7,110.59K,Process Industries,Agricultural Commodities/Milling,5.0,47.0,27.0,58.0,2.3171,2.285,180.48K,169.17K,181.9,31.9,3.79B,No,40.88,39.57,69.69,39.45,39.16,500
3423,ZBINTXPP.BO,1600.05,1600.0,0.01K,Process Industries,Textiles,5.0,31.0,2.0,5.0,15.1321,5.85,0.00K,0.00K,2837.3,1579.0,1.14B,No,1651.89,1726.98,2134.72,1689.3,2043.97,494
3424,UGROCAP.NS,96.16,95.77,325.71K,Finance,Finance/Rental/Leasing,5.0,47.0,17.0,3.0,3.2871,3.1507,308.99K,724.58K,192.5,80.12,14.69B,No,96.03,96.31,127.94,96.31,107.6,498
3425,GANESHCP.NS,166.83,172.09,205.43K,Process Industries,Agricultural Commodities/Milling,5.0,4.0,7.0,15.0,8.3436,8.2471,113.60K,233.16K,309.95,152.0,6.67B,No,175.68,190.2,209.31,187.96,188.47,212
3426,MONIKA.BO,188.7,190.0,1.20K,Distribution Services,Food Distributors,5.0,3.0,6.0,4.0,9.2036,8.2643,13.89K,25.24K,335.0,188.7,4.05B,No,211.79,220.63,255.79,216.55,240.92,258
3427,DREAMFOLKS.NS,69.52,69.16,80.68K,Transportation,Other Transportation,5.0,57.0,12.0,8.0,2.2779,2.2771,67.18K,36.60K,160.0,56.0,3.76B,No,68.16,69.61,89.51,69.24,77.1,499
3428,OSWALGREEN.NS,22.07,22.0,183.50K,Finance,Real Estate Development,5.0,51.0,8.0,11.0,1.0557,1.0264,255.10K,484.99K,46.99,19.76,5.67B,No,21.51,22.53,28.05,22.38,25.11,500
3429,NMSGLOBAL.BO,55.14,55.02,20.98K,Distribution Services,Food Distributors,5.0,0.0,5.0,19.0,4.875,4.6379,18.30K,26.29K,103.94,49.16,165.73M,No,67.77,77.91,75.92,75.55,76.73,497
3430,BYKE.NS,34.11,34.29,14.91K,Consumer Services,Hotels/Resorts/Cruise Lines,5.0,55.0,24.0,4.0,1.6021,1.5957,40.53K,22.10K,76.73,26.25,1.78B,No,33.52,34.06,44.13,34.0,38.73,498
3431,MARATHON.NS,387.75,387.2,46.03K,Finance,Real Estate Development,5.0,26.0,5.0,7.0,12.975,12.7071,70.36K,69.07K,685.4,368.3,26.02B,No,392.3,403.74,477.06,400.14,441.11,500
3432,LUXURY.BO,63.0,65.0,24.00K,Consumer Durables,Other Consumer Specialties,5.0,20.0,21.0,49.0,2.34,1.2964,6.29K,2.88K,168.0,56.2,520.05M,No,68.47,69.7,,69.51,68.76,163
3433,VIKRAMSOLR.NS,173.96,180.61,4138.29K,Electronic Technology,Semiconductors,5.0,31.0,7.0,21.0,5.0821,4.8779,2674.12K,1540.18K,407.95,162.1,63.04B,No,186.26,193.48,222.81,192.79,199.94,236
3434,ECOSMOBLTY.NS,132.8,133.21,28.13K,Finance,Finance/Rental/Leasing,5.0,58.0,29.0,5.0,5.1471,5.14,186.72K,39.44K,303.25,103.94,7.97B,No,131.53,131.18,165.08,131.39,141.88,480
3435,BAJAJINDEF.NS,236.77,230.89,11.07K,Producer Manufacturing,Trucks/Construction/Farm Machinery,5.0,35.0,7.0,11.0,8.5214,8.495,37.53K,20.78K,442.6,207.25,7.58B,No,235.72,242.14,289.57,243.16,262.44,360
3436,SOLEX.NS,914.5,923.75,18.07K,Producer Manufacturing,Building Products,5.0,11.0,3.0,33.0,35.8429,35.8286,62.93K,25.05K,1985.0,795.45,9.88B,No,953.25,1038.81,1211.43,1018.01,1069.82,498
3437,NISMGMT.BO,48.1,43.9,2.40K,Commercial Services,Miscellaneous Commercial Services,5.0,50.0,16.0,7.0,2.0886,1.0279,6.12K,1.92K,108.0,36.2,952.38M,No,46.23,47.27,63.04,47.55,53.68,230
3438,KRRAIL.BO,25.35,25.08,19.24K,Industrial Services,Engineering & Construction,5.0,20.0,9.0,9.0,1.4264,1.4207,44.23K,72.04K,58.75,19.92,1.06B,No,25.13,26.66,30.6,26.54,28.19,497
3439,GLOBECIVIL.NS,39.72,39.21,6.65K,Industrial Services,Engineering & Construction,5.0,23.0,10.0,8.0,1.895,1.8657,30.59K,26.87K,85.3,33.5,2.37B,No,40.22,41.27,51.06,40.96,45.46,275
3440,NEXXUS.BO,77.76,81.85,6.00K,Non-Energy Minerals,Construction Materials,5.0,78.0,2.0,17.0,2.0221,0.0907,2.87K,1.20K,140.0,64.23,540.46M,No,70.37,73.77,93.35,73.77,87.15,458
3441,KEMISTAR.BO,48.83,48.83,0.01K,Process Industries,Chemicals: Agricultural,5.0,26.0,5.0,3.0,4.8579,4.7179,2.78K,1.61K,108.99,45.1,525.38M,No,49.7,51.03,67.71,50.45,62.77,497
3442,TANVI.BO,52.0,49.88,3.00K,Distribution Services,Food Distributors,5.0,1.0,9.0,1.0,1.17,0.1993,6.95K,1.20K,97.2,48.0,667.10M,No,56.59,62.98,71.41,61.57,65.38,497
3443,PATANJALI.NS,355.0,357.0,1987.65K,Process Industries,Agricultural Commodities/Milling,5.0,5.0,6.0,5.0,9.55,9.5393,5030.66K,6214.67K,615.0,328.2,386.20B,No,357.55,396.16,487.69,389.63,453.89,500
3444,KRUPALU.BO,27.99,26.78,4.80K,Non-Energy Minerals,Other Metals/Minerals,5.0,4.0,30.0,5.0,0.8079,0.2893,2.23K,4.32K,63.4,25.52,164.36M,No,29.6,32.52,39.04,31.73,33.28,221
3445,EKENNIS.BO,69.65,69.65,1.60K,Technology Services,Information Technology Services,5.0,1.0,0.0,0.0,0.5357,0.0,0.54K,0.16K,168.0,37.34,97.51M,No,75.37,102.3,136.64,93.7,129.62,497
3446,MODIPON.BO,30.51,31.01,0.35K,Finance,Real Estate Development,5.0,1.0,0.0,14.0,0.8564,0.7129,0.34K,0.14K,65.77,29.26,353.20M,No,32.73,40.69,39.38,40.03,39.13,496
3447,UMIYA.BO,24.3,23.66,0.71K,Non-Energy Minerals,Steel,5.0,0.0,1.0,5.0,1.7729,1.4321,21.95K,26.16K,45.36,19.67,314.85M,No,26.92,32.96,30.85,31.56,32.62,496
3448,PCL.BO,43.9,43.9,3.00K,Process Industries,Agricultural Commodities/Milling,5.0,6.0,5.0,5.0,1.9521,1.3357,2.18K,3.80K,106.05,36.15,269.35M,No,44.29,45.62,59.0,45.4,52.02,497
3449,ANSALBU.BO,72.27,75.87,3.60K,Consumer Durables,Homebuilding,5.0,6.0,7.0,2.0,2.7043,2.5793,1.90K,0.67K,157.7,72.0,533.63M,No,74.94,82.36,101.49,80.61,94.8,497
3450,RAMINFO.BO,43.98,43.61,2.95K,Technology Services,Packaged Software,5.0,15.0,15.0,9.0,2.2643,2.2643,8.87K,2.77K,101.85,42.6,360.19M,No,44.74,45.28,60.99,45.43,53.07,497
3451,SRSOLTD.BO,77.58,82.0,4.80K,Finance,Finance/Rental/Leasing,5.0,8.0,19.0,15.0,3.075,1.8579,6.18K,2.56K,229.0,57.0,885.90M,No,82.6,79.87,103.9,80.03,86.28,497
3452,SRD.NS,37.11,38.16,19.64K,Distribution Services,Wholesale Distributors,5.0,26.0,18.0,5.0,1.5879,1.5879,35.60K,20.49K,91.0,36.75,2.37B,No,38.55,39.41,51.96,39.29,45.0,452
3453,FINKURVE.NS,59.0,59.05,25.82K,Finance,Finance/Rental/Leasing,4.0,10.0,11.0,6.0,2.9493,2.9357,60.15K,56.67K,134.9,48.02,8.30B,No,62.29,64.08,80.49,63.77,68.85,208
3454,VEDL.NS,275.0,277.0,18488.14K,Non-Energy Minerals,Aluminum,4.0,45.0,26.0,0.0,6.6214,6.55,24313.39K,8382.73K,795.0,249.7,1073.82B,No,265.4,285.16,511.29,280.93,495.28,500
3455,HAZOOR.BO,22.9,22.46,207.30K,Finance,Real Estate Development,4.0,23.0,9.0,7.0,1.0886,1.0807,395.99K,376.09K,46.0,20.98,6.08B,No,22.79,24.04,30.01,23.69,27.63,497
3456,SOLARIUM.BO,171.2,171.25,7.20K,Electronic Technology,Semiconductors,4.0,24.0,8.0,15.0,6.3643,6.15,20.47K,15.63K,395.1,129.15,3.57B,No,175.16,178.13,212.25,177.85,184.02,364
3457,LGT.BO,40.62,40.62,12.00K,Consumer Services,Other Consumer Services,4.0,26.0,3.0,4.0,1.91,1.53,16.21K,9.24K,85.6,37.76,367.60M,No,43.93,44.27,54.37,43.8,51.13,236
3458,VALPLAST.BO,37.0,37.0,2.00K,Industrial Services,Engineering & Construction,4.0,17.0,3.0,5.0,1.165,0.9779,12.85K,6.20K,67.99,30.8,726.23M,No,39.3,41.81,50.05,41.39,46.44,206
3459,SDBL.NS,74.11,73.39,755.87K,Consumer Non-Durables,Beverages: Alcoholic,4.0,81.0,16.0,17.0,3.5543,3.4764,1675.30K,2270.21K,155.74,61.8,15.41B,No,70.5,72.52,90.63,71.6,79.6,499
3460,SOLARWORLD.NS,169.13,167.66,399.59K,Industrial Services,Engineering & Construction,4.0,3.0,9.0,6.0,8.0557,8.055,705.69K,183.11K,388.5,139.19,14.66B,No,196.94,194.09,226.88,193.38,197.13,211
3461,SRECR.BO,27.0,27.1,0.30K,Non-Energy Minerals,Construction Materials,4.0,11.0,1.0,1.0,0.3679,0.0036,0.12K,0.08K,51.5,25.05,113.40M,No,29.84,31.62,35.33,30.58,35.06,496
3462,HILTON.NS,21.27,20.89,9.99K,Producer Manufacturing,Metal Fabrication,4.0,10.0,20.0,7.0,0.9621,0.8714,155.99K,96.37K,61.2,13.43,1.09B,No,21.92,21.85,27.9,21.95,22.42,499
3463,SIYARAM.BO,39.6,40.15,22.50K,Non-Energy Minerals,Other Metals/Minerals,4.0,5.0,50.0,18.0,1.8807,1.825,76.60K,44.10K,124.9,31.95,862.85M,No,40.41,38.11,50.8,38.13,41.19,496
3464,CASPIAN.BO,33.47,33.26,2.02K,Commercial Services,Personnel Services,4.0,20.0,19.0,4.0,1.7429,1.7429,2.60K,3.58K,120.0,28.82,423.73M,No,34.61,36.19,49.14,35.92,38.64,498
3465,GUJENERGY.NS,275.7,272.55,694.59K,Utilities,Gas Distributors,4.0,22.0,2.0,3.0,7.6357,7.5607,832.61K,828.36K,452.0,261.25,258.58B,No,275.48,326.98,375.01,320.47,361.62,499
3466,MORGAN.BO,46.0,46.0,3.61K,Finance,Financial Conglomerates,4.0,82.0,18.0,4.0,2.8336,2.7114,2.17K,1.30K,111.6,35.0,453.46M,No,45.46,47.06,59.22,46.77,52.27,497
3467,DSFCL.NS,25.48,26.0,59.58K,Process Industries,Chemicals: Major Diversified,4.0,66.0,15.0,,0.7464,0.5429,76.34K,28.29K,52.5,17.28,2.22B,No,25.79,24.71,,24.7,,118
3468,STEP2COR.BO,21.06,21.73,0.61K,Finance,Investment Banks/Brokers,4.0,56.0,2.0,8.0,0.8043,0.6971,0.63K,0.03K,38.95,19.86,155.73M,No,21.38,23.28,29.21,22.73,28.07,497
3469,RESPONSINF.BO,19.5,18.57,0.57K,Commercial Services,Miscellaneous Commercial Services,4.0,34.0,10.0,8.0,1.0043,0.7529,1.26K,0.86K,42.61,18.0,164.73M,No,19.45,20.76,26.78,20.82,23.35,497
3470,SYSCHEM.BO,33.4,34.97,101.43K,Health Technology,Pharmaceuticals: Major,4.0,4.0,2.0,6.0,3.0721,3.0571,40.32K,25.00K,62.0,32.7,1.79B,No,41.53,42.87,48.64,41.94,46.51,496
3471,KEERTHI.BO,39.01,41.0,0.05K,Non-Energy Minerals,Construction Materials,4.0,28.0,10.0,3.0,2.6486,2.0786,2.93K,0.44K,84.87,34.5,312.73M,No,39.06,39.72,54.41,39.64,48.85,497
3472,ZAGGLE.NS,206.13,209.24,424.92K,Technology Services,Packaged Software,4.0,54.0,10.0,7.0,5.4929,5.3271,1343.35K,595.48K,417.6,186.05,27.77B,No,206.99,206.6,271.35,207.08,231.97,499
3473,SRTL.NS,39.72,40.33,32.51K,Process Industries,Textiles,4.0,40.0,12.0,,1.1886,1.1479,55.81K,31.72K,73.36,38.7,1.59B,No,40.67,40.76,,40.38,,108
3474,KPITTECH.NS,625.6,623.0,3619.95K,Technology Services,Packaged Software,4.0,80.0,17.0,2.0,24.5821,22.8821,3801.46K,8527.14K,1328.0,543.0,169.60B,No,583.39,657.26,884.63,650.85,751.47,500
3475,ANUBHAV.BO,51.5,51.0,52.80K,Non-Energy Minerals,Steel,4.0,16.0,,,2.32,1.7886,65.35K,42.56K,80.0,46.01,566.50M,No,51.99,,,,,28
3476,NISUS.BO,178.55,186.0,23.60K,Finance,Financial Conglomerates,4.0,8.0,12.0,2.0,7.1714,7.0679,29.52K,14.44K,435.0,142.65,4.26B,No,191.04,200.86,246.91,198.85,217.85,410
3477,WESTLEIRES.BO,73.55,77.3,2.04K,Technology Services,Packaged Software,4.0,9.0,10.0,3.0,2.0329,1.4386,0.05K,0.01K,156.7,73.44,224.57M,No,84.95,85.06,102.37,85.03,92.99,497
3478,RAINBOWF.BO,40.3,38.75,2.62K,Finance,Real Estate Development,4.0,61.0,18.0,31.0,1.9993,1.9429,5.38K,4.24K,133.3,35.07,2.00B,No,38.11,39.27,49.33,39.2,44.16,497
3479,HBGHOTELS.BO,85.9,87.0,0.42K,Consumer Services,Hotels/Resorts/Cruise Lines,4.0,14.0,18.0,10.0,4.6607,4.4557,2.54K,2.97K,214.4,71.3,1.73B,No,87.25,91.79,109.36,90.69,95.14,497
3480,ALPHALOGIC.BO,39.86,40.7,6.79K,Commercial Services,Miscellaneous Commercial Services,4.0,12.0,4.0,35.0,2.79,2.79,4.71K,5.63K,98.0,32.5,2.50B,No,42.15,45.41,52.91,44.91,47.05,497
3481,JETKINGQ.BO,107.0,99.0,19.66K,Consumer Services,Other Consumer Services,4.0,78.0,18.0,6.0,6.3179,6.1871,3.62K,1.47K,400.25,90.55,674.49M,No,98.52,101.64,130.47,102.61,117.99,497
3482,MODAIRY.BO,28.51,28.72,7.70K,Consumer Non-Durables,Food: Meat/Fish/Dairy,4.0,8.0,5.0,12.0,1.5507,1.4993,16.62K,15.41K,58.25,26.56,810.25M,No,30.36,32.5,36.33,32.12,34.61,497
3483,KRANTI.BO,48.69,48.23,1.09K,Producer Manufacturing,Auto Parts: Oem,4.0,1.0,6.0,5.0,4.9029,4.7771,19.33K,32.87K,98.15,45.0,621.30M,No,54.57,59.75,67.94,58.8,61.58,497
3484,HINDUST.BO,37.74,38.78,11.44K,Process Industries,Agricultural Commodities/Milling,4.0,13.0,5.0,5.0,2.6586,2.4807,2.32K,3.16K,72.01,35.5,164.22M,No,39.79,42.44,48.26,41.82,44.93,497
3485,PRITI.NS,37.1,37.09,5.57K,Consumer Durables,Home Furnishings,4.0,28.0,10.0,6.0,1.7543,1.7507,5.66K,3.81K,104.9,31.5,495.41M,No,37.95,39.64,49.33,39.6,43.56,498
3486,CIFL.NS,21.55,21.23,350.76K,Finance,Finance/Rental/Leasing,4.0,23.0,3.0,3.0,1.2693,1.2693,142.45K,73.02K,39.69,19.56,8.43B,No,21.12,22.84,29.07,22.77,26.57,325
3487,OSIAJEE.BO,271.3,262.7,6.41K,Process Industries,Textiles,4.0,0.0,1.0,1.0,26.5179,25.85,38.06K,22.07K,495.5,250.0,1.47B,No,315.22,370.43,402.88,363.76,407.66,497
3488,ELIN.NS,101.87,101.76,829.07K,Electronic Technology,Electronic Production Equipment,4.0,62.0,7.0,4.0,3.89,3.89,289.57K,121.73K,234.0,93.65,5.07B,No,102.88,103.98,137.83,103.3,119.89,499
3489,RETINA.BO,40.87,39.66,6.00K,Process Industries,Industrial Specialties,4.0,9.0,4.0,2.0,3.2443,2.5214,13.93K,21.80K,83.0,37.0,626.95M,No,40.81,43.82,56.76,43.75,52.33,498
3490,RSSOFTWARE.NS,29.6,29.88,42.16K,Technology Services,Packaged Software,3.0,5.0,9.0,10.0,1.1671,1.1086,23.32K,11.71K,82.0,21.93,764.60M,No,32.1,33.27,40.54,33.11,34.25,500
3491,ALPINETEX.NS,66.25,67.82,283.11K,Process Industries,Textiles,3.0,,,,,,296.83K,296.83K,105.0,66.0,2.53B,No,,,,,,13
3492,GULFLLOYDS.BO,63.06,66.37,2.40K,Commercial Services,Miscellaneous Commercial Services,3.0,,,,,,21.20K,21.20K,100.0,63.06,424.34M,No,,,,,,9
3493,BERVINL.BO,39.16,40.12,0.50K,Finance,Investment Banks/Brokers,3.0,0.0,1.0,4.0,3.7157,3.6964,0.35K,0.17K,73.5,37.75,230.97M,No,46.45,45.98,55.77,45.68,56.15,497
3494,BANG.NS,30.16,30.22,6.07K,Consumer Non-Durables,Apparel/Footwear,3.0,65.0,5.0,4.0,1.32,1.3093,72.29K,18.50K,62.07,25.84,408.97M,No,29.15,31.46,40.88,31.09,36.32,499
3495,VIRAT.BO,357.75,360.0,0.51K,Consumer Non-Durables,Apparel/Footwear,3.0,37.0,3.0,10.0,25.4964,24.475,1.87K,1.61K,883.2,293.15,5.20B,No,338.29,380.9,464.21,372.04,416.33,496
3496,GOGIACAPGL.BO,47.72,45.45,0.20K,Finance,Investment Banks/Brokers,3.0,36.0,5.0,2.0,0.9214,0.3536,0.35K,0.06K,101.38,43.2,301.64M,No,49.66,50.66,70.84,50.32,65.4,498
3497,CHEMPLASTS.NS,194.61,195.26,672.13K,Process Industries,Chemicals: Major Diversified,3.0,32.0,12.0,7.0,8.3786,8.1393,642.79K,799.42K,460.8,193.0,30.77B,No,199.04,203.5,256.58,202.32,235.62,500
3498,DUROPLY.BO,106.0,104.0,13.78K,Non-Energy Minerals,Forest Products,3.0,8.0,5.0,5.0,4.9929,4.8071,4.96K,9.57K,225.0,102.65,1.17B,No,108.85,119.34,146.79,118.47,134.18,497
3499,ADVENTHTL.NS,146.8,146.96,60.15K,Industrial Services,Engineering & Construction,3.0,60.0,23.0,6.0,4.58,4.5279,349.23K,173.19K,345.05,120.02,7.92B,No,147.59,141.91,,141.95,160.82,184
3500,BLT.BO,27.92,29.31,4.80K,Transportation,Trucking,3.0,18.0,20.0,5.0,0.725,0.5014,2.57K,3.84K,100.26,20.6,133.90M,No,29.12,29.74,36.08,29.77,31.95,246
3501,INOXWIND.NS,78.71,78.86,3328.30K,Producer Manufacturing,Electrical Products,3.0,17.0,4.0,6.0,2.3514,2.275,12958.31K,11294.03K,159.3,73.81,136.03B,No,78.34,83.89,104.56,83.71,91.34,500
3502,BHUDEVI.BO,163.65,155.9,8.32K,Process Industries,Textiles,3.0,10.0,2.0,2.0,12.2571,11.6821,7.36K,2.83K,305.15,125.2,751.03M,No,150.1,188.29,239.29,182.59,228.34,497
3503,KISAN.BO,22.0,22.0,87.98K,Producer Manufacturing,Miscellaneous Manufacturing,3.0,7.0,1.0,23.0,0.9421,0.925,148.90K,60.32K,43.65,21.57,2.63B,No,23.18,29.6,29.23,29.16,29.15,497
3504,EDVENSWA.BO,22.6,22.7,1.30K,Technology Services,Information Technology Services,3.0,18.0,3.0,9.0,1.4343,1.4321,11.00K,7.70K,53.0,19.01,660.28M,No,22.51,24.28,29.32,23.93,26.44,497
3505,JYOTI.BO,52.65,53.0,23.03K,Producer Manufacturing,Electrical Products,3.0,9.0,4.0,8.0,2.7057,2.6829,24.23K,30.32K,112.45,48.5,1.21B,No,56.0,58.97,71.64,58.39,64.53,497
3506,VASHISHTHA.BO,56.16,56.16,1.20K,Consumer Non-Durables,Apparel/Footwear,3.0,31.0,27.0,5.0,0.7486,0.2479,5.88K,2.04K,227.0,52.11,132.36M,No,56.58,63.35,91.16,62.06,64.68,220
3507,SYSTMTXC.NS,59.55,59.75,4.27K,Finance,Investment Banks/Brokers,3.0,16.0,18.0,5.0,2.795,2.72,32.09K,5.08K,177.9,51.89,8.14B,No,61.32,63.75,95.19,63.66,70.02,209
3508,KALAMANDIR.NS,88.96,88.79,386.33K,Retail Trade,Apparel/Footwear Retail,3.0,6.0,4.0,10.0,2.4871,2.4736,903.08K,728.72K,223.03,86.2,12.99B,No,91.35,100.52,121.62,99.65,104.73,500
3509,QUICKHEAL.NS,155.65,154.7,33.41K,Technology Services,Packaged Software,3.0,16.0,19.0,13.0,6.67,6.385,1485.95K,59.93K,371.4,125.0,8.45B,No,159.37,168.9,208.55,166.9,172.23,500
3510,TCC.NS,273.0,285.7,53.61K,Distribution Services,Wholesale Distributors,3.0,4.0,4.0,,18.0464,17.8071,26.18K,61.93K,526.4,260.45,,No,289.76,324.43,,318.01,,109
3511,SKCIL.BO,114.5,113.85,1.12K,Non-Energy Minerals,Construction Materials,3.0,39.0,2.0,2.0,7.2536,7.15,13.10K,56.99K,286.75,109.0,2.01B,No,117.33,129.51,167.47,126.46,149.11,496
3512,NOL.BO,58.96,59.13,2.49K,Process Industries,Chemicals: Specialty,3.0,34.0,4.0,3.0,4.0114,3.9757,8.91K,3.39K,138.9,42.5,297.30M,No,58.01,60.54,78.88,59.22,68.82,497
3513,OSWALPUMPS.NS,322.95,326.25,598.45K,Producer Manufacturing,Industrial Machinery,3.0,1.0,5.0,12.0,14.7571,14.6286,698.15K,816.76K,888.4,283.1,36.82B,No,363.5,390.48,438.62,389.55,372.17,283
3514,BILLWIN.BO,18.8,22.0,33.00K,Consumer Non-Durables,Apparel/Footwear,3.0,17.0,2.0,4.0,0.8307,0.0843,6.84K,2.40K,42.8,17.11,78.58M,No,21.76,22.49,27.5,21.84,25.53,498
3515,SHINEFASH.BO,23.43,24.66,12.00K,Process Industries,Textiles,3.0,93.0,6.0,5.0,0.8386,0.26,13.64K,5.20K,56.6,16.75,629.42M,No,22.03,23.23,31.17,23.07,26.44,495
3516,INNOVATORS.BO,121.75,116.5,16.80K,Process Industries,Industrial Specialties,3.0,57.0,3.0,4.0,5.1036,4.1,21.99K,10.64K,234.6,102.0,2.30B,No,116.9,123.0,158.14,123.48,140.78,497
3517,PAKKA.NS,72.15,72.84,21.87K,Process Industries,Pulp & Paper,3.0,32.0,6.0,9.0,2.3371,2.3193,78.69K,61.84K,194.61,69.1,3.44B,No,71.84,77.26,95.06,76.02,85.82,499
3518,STARSOURCE.BO,73.36,73.69,0.57K,Health Technology,Pharmaceuticals: Major,3.0,15.0,1.0,2.0,3.6993,2.6864,0.84K,0.24K,152.9,72.01,110.04M,No,81.16,93.78,108.71,91.1,104.43,497
3519,SHUBHAM.BO,35.45,36.22,22.13K,Process Industries,Textiles,3.0,5.0,0.0,1.0,2.5471,2.5357,12.36K,6.42K,79.0,30.9,429.72M,No,39.46,43.99,56.32,42.5,54.38,496
3520,NIKSTECH.BO,290.3,290.3,0.30K,Technology Services,Information Technology Services,3.0,69.0,2.0,4.0,4.0536,2.0786,0.29K,1.23K,482.0,276.5,145.15M,No,280.3,309.12,415.06,300.48,387.85,497
3521,ABCOTS.NS,200.87,199.53,1.99K,Consumer Non-Durables,Apparel/Footwear,3.0,19.0,22.0,0.0,5.8571,5.8571,96.21K,19.00K,504.0,196.81,4.41B,No,202.92,212.81,339.0,210.98,309.64,499
3522,INDAGIV.BO,41.52,41.52,0.00K,Technology Services,Information Technology Services,3.0,5.0,8.0,2.0,0.0579,0.0436,0.01K,0.01K,92.83,34.12,126.93M,No,42.24,49.55,59.56,48.93,51.8,497
3523,SANINFRA.BO,50.37,52.0,3.22K,Distribution Services,Wholesale Distributors,3.0,42.0,3.0,8.0,2.4814,2.4271,7.32K,4.34K,99.0,38.88,795.88M,No,50.33,51.87,68.71,50.96,62.83,499
3524,RELINFRA.NS,72.96,69.49,2262.37K,Utilities,Electric Utilities,3.0,60.0,45.0,1.0,1.4879,0.7136,262.50K,242.11K,303.0,60.04,,No,64.5,71.96,111.41,73.28,86.35,500
3525,MANGALAM.NS,27.0,27.06,11.87K,Health Technology,Pharmaceuticals: Major,3.0,42.0,28.0,7.0,0.9593,0.9593,25.88K,17.69K,87.38,22.8,427.52M,No,27.32,28.12,34.37,28.03,30.87,499
3526,CARGOTRANS.BO,88.4,84.31,0.75K,Transportation,Air Freight/Couriers,2.0,9.0,0.0,1.0,2.6421,0.7,6.23K,1.50K,179.8,68.0,523.48M,No,89.27,95.8,136.52,96.29,130.88,496
3527,ICONIKSPEV.BO,31.22,32.03,5.06K,Commercial Services,Miscellaneous Commercial Services,2.0,2.0,8.0,2.0,2.4493,2.4321,30.59K,26.54K,91.03,31.01,1.06B,No,33.85,38.36,49.01,37.22,41.7,497
3528,ADCOUNTY.BO,88.0,89.46,28.00K,Commercial Services,Advertising/Marketing Services,2.0,10.0,2.0,3.0,5.3029,4.8814,35.51K,56.96K,282.0,80.0,1.98B,No,89.21,97.06,126.07,96.1,113.61,271
3529,CURAA.NS,75.11,72.0,0.87K,Technology Services,Information Technology Services,2.0,28.0,16.0,28.0,4.7736,4.6664,0.97K,0.76K,337.0,64.06,743.49M,No,73.89,79.34,104.0,78.42,89.75,498
3530,METHODHUB.BO,70.41,67.06,54.60K,Technology Services,Information Technology Services,2.0,3.0,13.0,3.0,3.5679,3.17,25.50K,39.96K,171.95,63.0,1.32B,No,77.2,82.82,,80.68,95.07,161
3531,REPL.NS,64.98,64.89,3.46K,Industrial Services,Engineering & Construction,2.0,44.0,12.0,1.0,3.2521,3.175,5.01K,3.60K,182.8,60.0,1.18B,No,65.06,67.12,92.68,66.34,77.68,499
3532,TRADEWELL.BO,43.0,43.0,0.50K,Finance,Real Estate Development,2.0,71.0,0.0,1.0,0.17,0.0,0.07K,0.05K,102.74,40.0,129.19M,No,41.7,42.35,66.3,41.34,65.33,496
3533,TIGERLOGS.NS,26.57,25.99,270.33K,Transportation,Air Freight/Couriers,2.0,2.0,3.0,23.0,1.3786,1.3771,104.17K,58.97K,56.69,22.9,2.81B,No,30.86,33.5,34.42,33.04,32.29,220
3534,TRIVENI.NS,230.53,235.3,1036.23K,Process Industries,Agricultural Commodities/Milling,2.0,0.0,0.0,2.0,25.91,10.1957,538.64K,498.79K,490.1,220.05,50.80B,No,332.07,377.28,374.42,366.49,375.17,500
3535,DHRUV.NS,24.55,25.4,1.82K,Industrial Services,Engineering & Construction,2.0,35.0,5.0,3.0,1.355,1.3493,10.10K,4.35K,68.95,22.22,468.85M,No,25.33,26.81,36.2,26.33,30.59,499
3536,INDOUS.NS,80.87,81.5,7.79K,Process Industries,Agricultural Commodities/Milling,2.0,14.0,3.0,3.0,4.0721,4.0721,25.52K,24.52K,182.1,79.67,1.62B,No,85.26,89.03,111.9,87.77,105.06,461
3537,SHANTIDENM.BO,35.99,35.0,12.00K,Process Industries,Textiles,2.0,7.0,5.0,3.0,1.7586,1.2414,4.07K,10.00K,75.0,33.76,607.80M,No,38.79,41.59,53.66,40.0,49.0,495
3538,SUMEETINDS.NS,18.18,19.13,72.80K,Process Industries,Textiles,2.0,0.0,1.0,4.0,1.4829,0.26,3288.84K,34.95K,40.5,18.18,12.63B,No,28.44,27.56,29.36,26.71,27.91,497
3539,KHADIM.NS,97.1,96.78,4.49K,Consumer Non-Durables,Apparel/Footwear,2.0,12.0,18.0,1.0,4.0221,4.0221,62.40K,20.52K,295.8,77.47,1.78B,No,96.8,101.68,139.97,101.85,113.15,500
3540,CHTR.BO,52.5,52.0,6.00K,Commercial Services,Advertising/Marketing Services,2.0,73.0,7.0,22.0,2.8621,2.7,12.47K,6.12K,156.75,39.4,742.55M,No,47.03,51.57,71.57,50.76,57.46,209
3541,NOVAAGRI.NS,23.06,23.09,21.58K,Process Industries,Chemicals: Agricultural,2.0,13.0,7.0,4.0,0.7971,0.7936,70.24K,26.90K,55.2,18.12,2.08B,No,22.95,24.77,32.07,24.67,27.53,498
3542,RAFL.BO,34.05,34.05,0.62K,Distribution Services,Wholesale Distributors,2.0,85.0,2.0,1.0,0.2957,0.0071,0.42K,0.06K,85.45,30.01,405.79M,No,32.64,33.78,55.89,32.82,47.79,496
3543,SCARNOSE.BO,44.38,49.31,2.00K,Consumer Non-Durables,Apparel/Footwear,2.0,0.0,0.0,4.0,3.3071,2.1314,,,77.78,44.0,139.80M,No,72.37,74.55,70.17,72.84,73.6,498
3544,MISHDESIGN.BO,31.6,31.6,0.50K,Retail Trade,Apparel/Footwear Retail,2.0,75.0,5.0,5.0,0.8164,0.2364,1.20K,0.95K,70.75,28.08,100.58M,No,31.77,32.34,42.92,32.34,39.85,498
3545,ITCONS.BO,268.1,277.25,15.00K,Commercial Services,Personnel Services,2.0,47.0,4.0,6.0,21.5786,20.575,22.55K,40.44K,620.0,230.5,2.44B,No,276.62,297.02,386.07,295.54,325.35,497
3546,ODYSSEY.BO,37.46,37.8,7.83K,Technology Services,Packaged Software,2.0,19.0,3.0,3.0,2.4371,2.2736,24.50K,9.79K,94.5,34.01,597.19M,No,40.57,40.47,54.12,40.21,45.77,497
3547,SAMPAT.BO,38.4,38.22,19.20K,Non-Energy Minerals,Aluminum,2.0,77.0,11.0,3.0,1.3321,1.0764,11.92K,7.08K,120.0,33.02,325.67M,No,36.19,37.53,55.04,37.51,46.8,214
3548,BCONCEPTS.NS,177.36,183.6,17.64K,Consumer Durables,Home Furnishings,2.0,4.0,4.0,2.0,8.3329,8.2943,17.10K,6.15K,449.0,164.0,2.21B,No,192.37,188.26,259.97,186.74,228.41,498
3549,PIOTEX.BO,31.5,30.9,2.40K,Process Industries,Textiles,2.0,57.0,7.0,1.0,0.4379,0.2886,0.71K,1.20K,74.0,27.37,160.76M,No,31.69,32.99,47.74,32.46,40.85,497
3550,STAL.BO,31.6,32.0,73.60K,Producer Manufacturing,Metal Fabrication,2.0,66.0,7.0,1.0,1.4993,0.985,13.56K,20.72K,100.8,27.0,405.74M,No,35.46,33.62,49.06,33.4,40.74,495
3551,RONI.BO,32.0,34.8,3.60K,Distribution Services,Wholesale Distributors,2.0,2.0,2.0,4.0,1.8986,1.2564,4.87K,3.60K,77.5,31.8,367.78M,No,37.13,39.87,48.22,38.63,43.75,500
3552,GARGI.BO,600.0,598.3,12.38K,Retail Trade,Specialty Stores,2.0,1.0,2.0,1.0,26.5536,25.8821,12.65K,18.60K,1197.0,588.0,6.30B,No,650.57,753.17,897.84,751.61,840.99,497
3553,VERTOZ.NS,35.73,35.92,57.67K,Commercial Services,Advertising/Marketing Services,2.0,14.0,4.0,3.0,1.4986,1.4986,85.89K,41.98K,97.8,27.02,3.05B,No,36.5,39.76,53.02,38.72,44.73,498
3554,MAHAPEXLTD.NS,44.98,46.9,30.56K,Finance,Finance/Rental/Leasing,2.0,45.0,11.0,0.0,1.9936,1.9936,13.74K,5.17K,117.89,42.0,1.27B,No,44.62,46.22,71.97,45.99,61.69,498
3555,USHAKIRA.BO,31.25,29.88,1.70K,Finance,Investment Banks/Brokers,2.0,5.0,1.0,1.0,1.8586,1.79,0.48K,1.07K,60.5,27.61,79.52M,No,31.38,33.92,44.6,32.65,44.59,497
3556,URAVIDEF.NS,114.22,112.3,5.71K,Producer Manufacturing,Electrical Products,2.0,21.0,20.0,2.0,5.6564,5.6164,50.38K,13.40K,510.0,106.55,1.30B,No,114.73,116.45,157.19,116.08,137.72,497
3557,RAVEL.BO,118.5,127.85,7.00K,Consumer Non-Durables,Household/Personal Care,2.0,62.0,1.0,4.0,5.1107,3.3786,10.29K,8.90K,215.0,104.0,812.79M,No,117.52,117.74,,116.15,153.45,165
3558,RPPINFRA.NS,57.85,59.48,1124.30K,Industrial Services,Engineering & Construction,2.0,11.0,3.0,4.0,2.3836,2.3836,62.20K,30.09K,169.9,55.04,2.87B,No,62.19,63.09,82.74,62.16,71.91,499
3559,KARBON.BO,99.98,97.35,6.40K,Producer Manufacturing,Metal Fabrication,2.0,1.0,4.0,1.0,2.7214,1.9929,15.15K,4.48K,208.1,93.05,1.41B,No,103.08,111.73,146.33,110.74,133.01,222
3560,SAFECURE.BO,23.85,22.73,2.40K,Commercial Services,Miscellaneous Commercial Services,2.0,20.0,13.0,8.0,1.1314,0.8129,3.88K,6.00K,81.6,21.0,239.45M,No,23.26,24.44,,24.15,28.67,187
3561,GRMOVER.NS,90.28,90.89,1064.07K,Process Industries,Agricultural Commodities/Milling,2.0,14.0,0.0,1.0,3.2593,3.2593,3118.72K,706.58K,185.45,81.95,18.70B,No,91.5,100.59,144.48,98.94,140.92,500
3562,APTPACK.BO,61.99,59.04,2.50K,Producer Manufacturing,Miscellaneous Manufacturing,2.0,2.0,0.0,3.0,4.3007,3.7821,4.54K,24.57K,198.35,59.99,732.32M,No,71.32,86.63,112.13,81.97,119.01,498
3563,AASTHA.NS,82.88,92.08,249.74K,Process Industries,Textiles,1.0,,,,11.0007,9.0907,5428.23K,9619.48K,140.01,74.4,,No,102.39,,,,,24
3564,SUNSKY.BO,39.99,42.47,7.50K,Transportation,Air Freight/Couriers,1.0,32.0,0.0,1.0,1.99,1.3879,21.15K,4.65K,96.0,36.63,497.28M,No,40.44,43.66,63.49,42.17,59.67,205
3565,SOUTLAT.BO,21.26,21.0,0.11K,Finance,Financial Conglomerates,1.0,0.0,2.0,3.0,1.305,0.9064,2.00K,0.76K,89.88,19.58,156.46M,No,26.16,28.8,39.71,27.81,29.33,496
3566,CANDOUR.BO,77.22,77.74,16.21K,Process Industries,Textiles,1.0,57.0,1.0,1.0,4.6486,4.6486,56.85K,19.21K,165.0,58.06,1.89B,No,79.44,77.66,126.47,78.81,118.24,497
3567,UMAEXPORTS.NS,20.06,20.7,35.02K,Distribution Services,Wholesale Distributors,1.0,16.0,8.0,2.0,0.7664,0.7586,55.34K,14.68K,57.81,18.12,678.23M,No,20.52,22.14,30.47,21.74,25.28,497
3568,AWFIS.NS,271.9,275.2,180.38K,Finance,Real Estate Development,1.0,10.0,5.0,5.0,9.1321,8.9,358.08K,211.49K,639.4,229.05,19.46B,No,284.0,296.3,384.33,293.95,317.77,500
3569,ROYAL.BO,108.0,108.0,0.50K,Distribution Services,Medical Distributors,1.0,86.0,5.0,2.0,4.0021,3.535,4.33K,5.05K,309.75,85.0,577.82M,No,108.93,107.63,164.42,106.36,141.14,497
3570,SRICC.BO,36.31,35.0,2.06K,Non-Energy Minerals,Construction Materials,1.0,38.0,2.0,2.0,2.2343,2.2343,1.95K,3.56K,99.29,29.11,326.79M,No,35.07,40.81,55.1,39.86,48.04,496
3571,MDRC.BO,52.0,53.85,32.00K,Health Services,Medical/Nursing Services,1.0,41.0,2.0,2.0,1.9164,1.2914,7.37K,4.96K,100.0,47.87,785.16M,No,51.07,53.07,,52.55,67.12,144
3572,SANBLUE.BO,28.52,29.4,0.03K,Distribution Services,Wholesale Distributors,1.0,42.0,2.0,3.0,0.3907,0.1086,0.06K,0.05K,62.4,28.52,142.59M,No,29.65,30.98,41.02,30.49,36.57,497
3573,SPTRSHI.BO,23.5,23.69,22.26K,Process Industries,Agricultural Commodities/Milling,1.0,3.0,1.0,2.0,1.305,1.285,2.96K,7.09K,49.0,21.28,799.52M,No,24.87,27.94,35.9,26.91,35.45,496
3574,ANKIN.BO,20.5,21.38,221.79K,Technology Services,Information Technology Services,1.0,39.0,4.0,2.0,1.5021,1.4664,13.28K,11.46K,71.11,18.58,1.06B,No,22.32,22.24,32.48,21.79,25.27,497
3575,DMR.BO,28.99,29.0,11.70K,Industrial Services,Engineering & Construction,1.0,12.0,6.0,4.0,0.7614,0.7486,7.58K,2.54K,69.65,26.5,301.29M,No,28.96,31.26,39.1,31.04,36.06,499
3576,SVJ.BO,197.95,198.0,0.75K,Consumer Non-Durables,Food: Major Diversified,1.0,7.0,0.0,0.0,9.65,6.4643,8.49K,2.35K,583.55,171.45,1.10B,No,192.07,278.64,412.94,264.19,397.21,496
3577,ZAPPFRESH.BO,71.99,74.0,28.80K,Retail Trade,Food Retail,1.0,6.0,2.0,2.0,7.5993,7.3643,90.37K,165.12K,208.0,65.5,1.60B,No,78.41,81.75,118.92,80.42,99.53,204
3578,TRANSPACT.BO,111.0,120.0,0.50K,Health Technology,Medical Specialties,1.0,0.0,0.0,13.0,4.65,0.6393,1.77K,0.25K,236.1,111.0,42.93M,No,158.3,180.29,178.94,172.73,180.27,497
3579,MEHSECU.BO,23.26,23.25,0.10K,Finance,Investment Banks/Brokers,1.0,61.0,3.0,1.0,0.2471,0.045,0.03K,0.03K,54.0,22.75,71.86M,No,23.02,24.04,36.71,23.59,31.12,497
3580,FUTURSEC.BO,22.0,22.0,0.00K,Finance,Investment Banks/Brokers,1.0,0.0,0.0,1.0,0.2679,0.0943,0.12K,0.70K,40.2,22.0,42.90M,No,25.07,29.74,35.74,29.03,34.86,499
3581,RAJKSYN.BO,23.22,23.29,0.70K,Process Industries,Textiles,1.0,18.0,1.0,1.0,4.1407,4.0336,4.07K,2.24K,54.97,20.35,153.30M,No,24.53,27.84,37.13,27.0,34.77,497
3582,VANDAN.BO,23.71,23.5,1.20K,Consumer Non-Durables,Food: Specialty/Candy,1.0,22.0,1.0,1.0,0.9307,0.4871,15.01K,3.84K,65.99,20.5,198.80M,No,24.84,27.15,39.09,26.05,34.46,269
3583,EVANS.BO,69.99,69.99,1.00K,Consumer Services,Other Consumer Services,1.0,46.0,8.0,0.0,2.3071,1.2807,8.77K,2.80K,175.0,60.0,384.11M,No,67.2,66.77,101.68,66.81,85.16,497
3584,NEPLOG.BO,34.4,34.4,7.00K,Transportation,Trucking,1.0,25.0,8.0,3.0,0.5686,0.3357,7.44K,2.00K,100.8,33.0,453.61M,No,35.14,36.22,,36.4,42.7,155
3585,INLCM.BO,608.0,595.9,1.90K,Distribution Services,Wholesale Distributors,1.0,0.0,2.0,0.0,46.1786,41.2,1.91K,1.46K,2640.75,476.1,1.63B,No,626.7,759.59,1362.04,739.98,1110.27,497
3586,RFIL.BO,34.73,35.5,16.00K,Consumer Non-Durables,Apparel/Footwear,1.0,4.0,,,2.3714,1.6479,77.07K,22.80K,64.0,33.51,360.15M,No,36.0,,,41.65,,46
3587,RAJESHEXPO.NS,84.5,85.31,134.19K,Consumer Durables,Other Consumer Specialties,1.0,9.0,3.0,0.0,3.3036,3.2986,319.25K,223.86K,237.88,72.63,24.96B,No,87.87,92.41,137.9,90.27,116.28,500
3588,MANOJJEWEL.BO,27.75,28.48,24.00K,Retail Trade,Specialty Stores,1.0,3.0,1.0,2.0,1.5786,1.4886,15.31K,19.60K,59.52,26.8,249.35M,No,31.26,35.67,44.58,34.69,42.33,312
3589,RKEC.NS,26.18,26.75,29.79K,Industrial Services,Engineering & Construction,1.0,30.0,3.0,2.0,1.4371,1.4143,43.58K,27.73K,81.5,23.9,628.07M,No,26.72,27.73,42.14,27.8,35.33,499
3590,SOFCOM.BO,20.52,20.63,21.25K,Technology Services,Packaged Software,1.0,44.0,18.0,1.0,1.5686,1.5686,153.27K,62.78K,97.5,17.23,496.67M,No,19.46,20.16,31.85,19.99,24.86,496
3591,GBLOGISTIC.BO,26.0,26.0,3.60K,Transportation,Air Freight/Couriers,1.0,49.0,2.0,1.0,1.0129,0.9493,23.53K,15.96K,66.57,24.07,213.06M,No,27.36,30.81,40.79,30.37,37.27,375
3592,CUPIDALBV.BO,28.49,28.44,37.06K,Finance,Financial Conglomerates,1.0,4.0,5.0,8.0,1.52,1.4957,84.91K,36.12K,109.9,19.34,2.55B,No,28.94,29.69,43.97,30.19,31.27,497
3593,ZMILGFIN.BO,38.15,39.72,68.43K,Finance,Financial Conglomerates,1.0,4.0,1.0,5.0,2.3036,2.3036,58.86K,33.06K,141.9,37.36,821.80M,No,41.34,43.6,58.02,42.95,52.48,496
3594,ESPIRE.BO,163.85,164.45,1.75K,Consumer Services,Hotels/Resorts/Cruise Lines,1.0,12.0,4.0,1.0,6.475,6.4464,2.63K,1.81K,620.0,156.2,2.43B,No,166.85,178.67,261.23,176.49,233.8,497
3595,TRL.BO,69.8,66.48,5.73K,Producer Manufacturing,Building Products,1.0,2.0,3.0,5.0,5.9543,5.5257,18.47K,44.97K,245.75,55.73,865.36M,No,72.05,82.94,107.59,81.07,95.74,496
3596,RAUNAQ.BO,29.77,28.36,8.62K,Industrial Services,Engineering & Construction,1.0,65.0,1.0,1.0,0.8864,0.4586,2.09K,0.04K,98.8,24.31,99.53M,No,31.9,30.58,48.25,30.08,42.58,498
3597,SOLVEX.BO,19.88,20.28,4.80K,Process Industries,Agricultural Commodities/Milling,1.0,2.0,2.0,3.0,0.2779,0.0,6.69K,2.56K,68.0,16.99,177.97M,No,22.56,25.55,29.45,23.99,25.39,209
3598,IMEC.BO,104.0,105.05,1.16K,Non-Energy Minerals,Steel,1.0,4.0,1.0,0.0,9.0107,8.9286,2.10K,1.47K,448.35,99.0,202.45M,No,108.25,131.47,201.12,127.43,169.55,497
3599,MEERA.BO,35.2,36.18,35.87K,Producer Manufacturing,Industrial Machinery,1.0,1.0,1.0,0.0,2.1921,1.9329,8.22K,3.15K,103.46,30.15,759.69M,No,41.55,45.1,56.59,43.98,53.53,499
3600,JFL.BO,20.24,20.24,2.00K,Consumer Non-Durables,Food: Meat/Fish/Dairy,0.0,5.0,3.0,5.0,0.9021,0.3471,8.88K,9.30K,72.75,20.0,320.20M,No,22.01,24.87,33.98,24.38,29.24,498
3601,SEEMAX.BO,57.57,60.6,3.00K,Finance,Finance/Rental/Leasing,0.0,,,,4.2186,1.7036,64.45K,32.10K,112.8,50.05,253.31M,No,67.41,,,,,22
3602,AAYUSH.BO,23.52,23.22,67.08K,Retail Trade,Specialty Stores,0.0,7.0,1.0,8.0,0.9686,0.9686,119.75K,66.13K,171.3,22.8,1.14B,No,23.78,26.47,35.15,26.12,31.61,497
3603,DHRUVCA.BO,104.7,110.2,78.52K,Finance,Finance/Rental/Leasing,0.0,0.0,0.0,6.0,9.9607,5.0393,5.22K,3.31K,445.5,104.7,758.22M,No,177.71,318.43,238.77,298.74,273.89,497
3604,AUREATE.BO,34.75,33.34,12.00K,Distribution Services,Wholesale Distributors,0.0,72.0,,,1.55,0.5964,123.27K,12.00K,70.0,26.29,451.25M,No,34.59,,,40.31,,45
3605,JIVIAL.BO,79.0,79.0,7.20K,Non-Energy Minerals,Aluminum,0.0,0.0,,,4.4136,4.3993,75.15K,13.14K,164.6,75.0,368.90M,No,86.64,,,,,27
3606,KERALAYUR.BO,155.8,156.75,2.08K,Health Technology,Pharmaceuticals: Other,0.0,21.0,4.0,2.0,7.3929,7.3929,12.89K,8.54K,526.8,148.65,2.02B,No,160.69,172.09,252.08,171.49,205.13,497
3607,YAJUR.BO,37.5,37.2,3.20K,Process Industries,Textiles,0.0,21.0,4.0,0.0,1.175,1.1607,13.13K,13.36K,139.2,35.0,850.61M,No,37.62,39.02,,38.88,51.45,138
3608,KANISHK.BO,25.5,25.5,19.20K,Non-Energy Minerals,Aluminum,0.0,7.0,1.0,,0.555,0.2693,5.56K,3.68K,58.4,22.96,342.72M,No,26.72,28.9,,28.36,,126
3609,SUDAI.BO,33.5,32.2,2.11K,Non-Energy Minerals,Aluminum,0.0,24.0,1.0,1.0,1.8486,1.6807,3.89K,2.17K,111.23,28.25,280.32M,No,33.4,37.48,56.89,36.1,47.39,496
3610,ABRFL.BO,41.99,41.0,22.80K,Consumer Non-Durables,Food: Specialty/Candy,0.0,2.0,1.0,0.0,1.2807,0.7607,2.65K,0.96K,150.0,38.95,216.42M,No,43.78,60.16,87.36,58.73,73.77,275
3611,VPRPL.NS,29.46,29.16,308.95K,Industrial Services,Engineering & Construction,0.0,65.0,2.0,3.0,1.18,0.9164,305.12K,152.59K,163.37,23.94,3.69B,No,27.04,29.03,49.04,28.1,37.34,499
3612,CMBL.BO,44.27,46.0,0.11K,Finance,Regional Banks,0.0,3.0,5.0,0.0,3.2171,3.025,0.61K,0.39K,414.3,41.69,2.81B,No,48.54,53.21,143.26,52.07,68.47,496
3613,LOGICIEL.BO,32.0,32.0,0.60K,Technology Services,Packaged Software,0.0,18.0,1.0,2.0,1.3643,0.78,3.63K,2.76K,154.4,30.0,,No,32.71,37.11,,35.29,41.35,157
3614,ZR2.BO,95.0,94.72,0.15K,Process Industries,Chemicals: Specialty,0.0,1.0,1.0,1.0,3.4479,2.7107,0.15K,0.11K,433.95,90.0,339.04M,No,116.17,121.78,185.37,118.32,134.25,496
3615,QRIL.BO,41.0,41.0,0.50K,Producer Manufacturing,Industrial Machinery,0.0,2.0,3.0,0.0,0.4286,0.4064,0.94K,1.60K,134.5,41.0,104.55M,No,44.31,54.39,87.3,51.98,66.13,496
3616,KIAASA.BO,32.4,32.82,8.00K,Retail Trade,Apparel/Footwear Retail,0.0,26.0,1.0,,1.6071,1.4729,36.87K,15.40K,123.0,30.55,590.65M,No,35.0,37.13,,36.13,,108
3617,LIOTECH.BO,106.0,110.95,12.00K,Consumer Durables,Tools & Hardware,0.0,0.0,,,6.5321,4.5214,24.23K,23.00K,257.0,85.7,411.30M,No,106.88,,,,,32
3618,INDOTHAI.NS,110.65,122.94,55.59K,Finance,Investment Banks/Brokers,0.0,0.0,0.0,0.0,14.8179,10.525,1517.29K,3501.87K,466.35,110.65,14.23B,No,201.19,219.2,288.02,216.12,250.88,499
3619,GVL.BO,38.0,38.0,4.00K,Distribution Services,Wholesale Distributors,0.0,1.0,0.0,0.0,1.125,0.7679,7.02K,4.30K,141.8,37.99,493.59M,No,42.3,49.75,86.0,46.69,72.76,497
3620,GPSL.BO,90.0,90.95,0.60K,Consumer Non-Durables,Consumer Sundries,0.0,2.0,0.0,0.0,2.5429,1.3571,11.80K,3.42K,365.0,86.7,673.20M,No,100.45,106.2,204.3,104.31,161.09,497
3621,SPITZE.BO,38.46,40.48,40.00K,Consumer Durables,Home Furnishings,0.0,0.0,0.0,0.0,3.8221,2.9607,23.89K,21.50K,251.0,38.46,2.33B,No,52.99,60.09,110.65,58.91,102.78,496
3622,OLATECH.BO,69.28,72.08,19.43K,Technology Services,Data Processing Services,0.0,12.0,0.0,0.0,3.2636,2.0757,15.04K,11.19K,290.9,58.0,308.33M,No,67.09,80.75,161.29,78.21,134.08,497
3623,GSLSU.NS,28.89,28.65,26.33K,Non-Energy Minerals,Construction Materials,0.0,1.0,0.0,0.0,1.6421,1.4686,200.25K,102.35K,139.67,23.06,1.24B,No,29.01,39.99,74.94,38.45,58.11,498
3624,ARL.BO,41.89,43.02,62.08K,Process Industries,Textiles,0.0,1.0,3.0,0.0,3.3336,3.2921,31.78K,32.54K,470.0,38.79,917.74M,No,50.39,50.23,197.58,49.43,103.74,497
3625,SEML.BO,37.96,39.95,43.50K,Distribution Services,Wholesale Distributors,0.0,4.0,2.0,0.0,2.3836,2.225,22.19K,9.11K,364.0,37.96,727.31M,No,44.13,49.19,147.99,48.41,85.47,496
3626,UHMVL.BO,36.47,38.03,92.00K,Consumer Services,Other Consumer Services,0.0,2.0,,,2.2571,1.9786,56.56K,32.96K,132.8,32.7,242.37M,No,37.64,,,,,40
3627,LEMERITE.NS,23.5,23.38,474.53K,Process Industries,Textiles,0.0,68.0,0.0,0.0,1.1636,1.1321,1285.47K,459.86K,107.57,19.52,579.52M,No,22.06,24.81,74.72,23.98,65.21,500
3628,BCCL.BO,31.46,32.95,66.80K,Process Industries,Chemicals: Specialty,0.0,1.0,0.0,0.0,1.8257,1.7893,17.89K,13.16K,430.0,31.31,451.07M,No,39.07,44.22,195.54,42.67,118.96,497
3629,MIZVEN.BO,43.48,45.76,14.70K,Industrial Services,Engineering & Construction,0.0,0.0,0.0,0.0,3.4121,0.7914,2.32K,1.21K,296.9,43.48,956.34M,No,73.73,111.48,142.11,104.96,137.95,497
3630,AQYLON.NS,28.0,26.68,11189.32K,Consumer Services,Movies/Entertainment,0.0,0.0,0.0,0.0,1.8871,1.5443,3751.32K,5061.89K,1714.9,23.5,7.10B,No,29.95,41.76,375.41,40.2,80.24,499
3631,TTFL.BO,23.41,24.64,37.86K,Process Industries,Textiles,0.0,1.0,0.0,0.0,1.8879,1.8471,18.21K,20.69K,379.0,23.41,351.05M,No,30.06,34.99,146.02,33.84,72.8,496
3632,LELAVOIR.BO,33.86,35.64,14.76K,Process Industries,Agricultural Commodities/Milling,0.0,0.0,0.0,0.0,2.6407,0.2543,3.33K,2.84K,336.6,33.86,117.43M,No,57.49,109.18,190.64,103.24,175.17,497
3633,NATIONSTD.NS,201.94,212.56,3.97K,Finance,Real Estate Development,0.0,0.0,0.0,,15.1114,0.56,17.48K,5.28K,1519.95,201.94,,No,342.96,829.67,,759.54,,75
3634,CPML.BO,346.0,364.2,0.05K,Consumer Services,Movies/Entertainment,0.0,0.0,0.0,0.0,23.4036,0.0,2.02K,0.04K,3289.95,346.0,3.69B,No,585.25,1330.97,2459.61,1226.53,2194.94,497
3635,LORDSMARK.BO,94.02,94.02,4105.66K,Finance,Investment Banks/Brokers,0.0,0.0,0.0,0.0,3.0171,2.1207,499.82K,1672.72K,12757.0,60.0,40.18B,No,1351.61,8194.85,10646.93,6420.61,10644.87,497
