[ARIHANT.NS] ❌ FAILED: Too close to 52WH: -25.38% | AvgVol10 3,130 < 300,000 | Not in Stage 2 (Price > SMA10W > SMA30W)
[MRUTR.BO] ❌ FAILED: AvgVol10 1,750 < 300,000 | Not in Stage 2 (Price > SMA10W > SMA30W)
[JTLDEFENCE.BO] ❌ FAILED: Too close to 52WH: -21.13% | AvgVol10 1,520 < 300,000
[SAMTELIN.BO] ❌ FAILED: Too close to 52WH: -24.08% | AvgVol10 19,990 < 300,000
[SOURCEIND.BO] ❌ FAILED: Too close to 52WH: 0.0% | AvgVol10 160 < 300,000
[APOLLOIN.BO] ❌ FAILED: AvgVol10 1,840 < 300,000 | Not in Stage 2 (Price > SMA10W > SMA30W)
[ISERA.BO] ❌ FAILED: Too close to 52WH: -4.73% | AvgVol10 960 < 300,000 | Not in Stage 2 (Price > SMA10W > SMA30W)
[AXISOL.BO] ❌ FAILED: Too close to 52WH: -9.67% | AvgVol10 9,380 < 300,000
[SALSAIN.BO] ❌ FAILED: AvgVol10 630 < 300,000 | Not in Stage 2 (Price > SMA10W > SMA30W)
[TANDHANIN.BO] ❌ FAILED: Too close to 52WH: -13.51% | AvgVol10 1,670 < 300,000
[NEWMKTAVE.BO] ❌ FAILED: Too close to 52WH: 0.0% | AvgVol10 690 < 300,000
[HARCR.BO] ❌ FAILED: Too close to 52WH: 0.0% | AvgVol10 190 < 300,000
[VINRKLB.BO] ❌ FAILED: Too close to 52WH: -17.66% | AvgVol10 2,080 < 300,000
[LIPPISYS.BO] ❌ FAILED: Too close to 52WH: -16.55% | AvgVol10 7,650 < 300,000
[INDUSFINL.BO] ❌ FAILED: Too close to 52WH: -1.9% | AvgVol10 6,300 < 300,000
[MAXGROW.BO] ❌ FAILED: Too close to 52WH: -16.54% | AvgVol10 60,390 < 300,000
[MODMA.BO] ❌ FAILED: AvgVol10 1,720 < 300,000 | Not in Stage 2 (Price > SMA10W > SMA30W)
[SANGINITA.NS] ❌ FAILED: Too close to 52WH: -3.9% | AvgVol10 63,470 < 300,000
[STLTECH.NS] ❌ FAILED: Too close to 52WH: -9.5%
[AJCJEWEL.BO] ❌ FAILED: Too close to 52WH: 0.0% | AvgVol10 12,240 < 300,000
[APPL.BO] ❌ FAILED: Too close to 52WH: -3.17% | AvgVol10 13,960 < 300,000
[DUKEOFS.BO] ❌ FAILED: Too close to 52WH: 0.0% | AvgVol10 6,070 < 300,000
[STDSFAC.BO] ❌ FAILED: Too close to 52WH: 0.0% | AvgVol10 27,650 < 300,000
[GLITTEKG.BO] ❌ FAILED: Too close to 52WH: -5.95% | AvgVol10 3,810 < 300,000
[ASIACAP.BO] ❌ FAILED: Too close to 52WH: -10.62% | AvgVol10 140 < 300,000
[SIGMAADV.NS] ❌ FAILED: Too close to 52WH: -5.06% | AvgVol10 295,390 < 300,000
[SANCODE.BO] ❌ FAILED: Too close to 52WH: 0.0% | AvgVol10 3,550 < 300,000
[KUBERJI.BO] ❌ FAILED: Too close to 52WH: 0.0% | AvgVol10 23,280 < 300,000
[TBZ.NS] ❌ FAILED: Too close to 52WH: -9.71%
[KABRAEXTRU.NS] ❌ FAILED: Too close to 52WH: -2.87%
[SAPL.BO] ❌ FAILED: Too close to 52WH: -3.25% | AvgVol10 770 < 300,000
[BATLIBOI.NS] ❌ FAILED: Too close to 52WH: -21.89% | AvgVol10 36,530 < 300,000 | Not in Stage 2 (Price > SMA10W > SMA30W)
[KARTKIN.BO] ❌ FAILED: AvgVol10 0 < 300,000 | Not in Stage 2 (Price > SMA10W > SMA30W)
[BODALCHEM.NS] ❌ FAILED: Too close to 52WH: -2.78%
[SHANTAI.BO] ❌ FAILED: Too close to 52WH: -10.32% | AvgVol10 10,810 < 300,000
[PARMAX.BO] ❌ FAILED: Too close to 52WH: 0.0% | AvgVol10 1,140 < 300,000
[RANJITSE.BO] ❌ FAILED: AvgVol10 30 < 300,000 | Not in Stage 2 (Price > SMA10W > SMA30W)
[ZELIO.BO] ❌ FAILED: Too close to 52WH: 0.0% | AvgVol10 18,100 < 300,000
[SIMANDHAR.BO] ❌ FAILED: Too close to 52WH: -24.06% | AvgVol10 5,130 < 300,000 | Not in Stage 2 (Price > SMA10W > SMA30W)
[SHENTRA.BO] ❌ FAILED: Too close to 52WH: -2.6% | AvgVol10 0 < 300,000
[SHHARICH.BO] ❌ FAILED: Too close to 52WH: -5.67% | AvgVol10 31,470 < 300,000
[ACFSL.BO] ❌ FAILED: Too close to 52WH: -3.16% | AvgVol10 1,200 < 300,000
[BLISSGVS.NS] ❌ FAILED: Too close to 52WH: -0.3% | AvgVol10 253,580 < 300,000
[INDSWFTLAB.NS] ❌ FAILED: Too close to 52WH: -2.79%
[PARMSILK.BO] ❌ FAILED: AvgVol10 160 < 300,000
[PRARUH.BO] ❌ FAILED: Too close to 52WH: 0.0% | AvgVol10 44,000 < 300,000
[PHCAP.BO] ❌ FAILED: Too close to 52WH: -1.49% | AvgVol10 4,780 < 300,000
[COSPOWER.BO] ❌ FAILED: Too close to 52WH: -1.69% | AvgVol10 2,400 < 300,000
[VOLKAI.BO] ❌ FAILED: Price $16.20 < $30.0 | Too close to 52WH: -17.77% | AvgVol10 125,810 < 300,000
[RSCINT.BO] ❌ FAILED: Too close to 52WH: 0.0% | AvgVol10 2,680 < 300,000
[HIKLASS.BO] ❌ FAILED: Too close to 52WH: -15.09% | AvgVol10 4,470 < 300,000
[CUPID.NS] ❌ FAILED: Too close to 52WH: -11.54% | Not in Stage 2 (Price > SMA10W > SMA30W)
[NEELKAN.BO] ❌ FAILED: Too close to 52WH: -2.12% | AvgVol10 900 < 300,000
[PHOTON.BO] ❌ FAILED: Too close to 52WH: 0.0% | AvgVol10 10 < 300,000
[PANKAJPO.BO] ❌ FAILED: AvgVol10 12,610 < 300,000
[VIVAA.BO] ❌ FAILED: Too close to 52WH: -1.49% | AvgVol10 440 < 300,000
[KELENRG.BO] ❌ FAILED: Too close to 52WH: -15.06% | AvgVol10 690 < 300,000
[WELCORP.NS] ❌ FAILED: Too close to 52WH: -3.46%
[PURPLEWAVE.BO] ❌ FAILED: AvgVol10 2,400 < 300,000 | Not in Stage 2 (Price > SMA10W > SMA30W)
[BEEZAASAN.BO] ❌ FAILED: Too close to 52WH: 0.0% | AvgVol10 17,200 < 300,000
[STELLANT.BO] ❌ FAILED: Too close to 52WH: -13.87% | AvgVol10 1,730 < 300,000 | Not in Stage 2 (Price > SMA10W > SMA30W)
[NATHUEC.BO] ❌ FAILED: Too close to 52WH: -6.34% | AvgVol10 1,090 < 300,000
[DATIWARE.BO] ❌ FAILED: Too close to 52WH: -13.94% | AvgVol10 670 < 300,000
[JAYKAILASH.BO] ❌ FAILED: Too close to 52WH: -22.17% | AvgVol10 67,680 < 300,000 | Not in Stage 2 (Price > SMA10W > SMA30W)
[STEELCO.BO] ❌ FAILED: Too close to 52WH: -19.97% | AvgVol10 4,810 < 300,000
[GBLINFRA.BO] ❌ FAILED: AvgVol10 270 < 300,000
[ARVAYA.BO] ❌ FAILED: Too close to 52WH: -12.17% | AvgVol10 640 < 300,000
[SKM.BO] ❌ FAILED: Too close to 52WH: -5.33% | AvgVol10 16,600 < 300,000
[CELLA.BO] ❌ FAILED: Too close to 52WH: -5.67% | AvgVol10 36,300 < 300,000
[SMEL.BO] ❌ FAILED: Price $25.57 < $30.0 | Too close to 52WH: 0.0% | AvgVol10 3,500 < 300,000
[TRANSCHEM.BO] ❌ FAILED: Too close to 52WH: -3.96% | AvgVol10 3,870 < 300,000
[PARMESHWAR.BO] ❌ FAILED: Too close to 52WH: -10.24% | AvgVol10 24,800 < 300,000
[MEGAMONT.BO] ❌ FAILED: Too close to 52WH: -1.02% | AvgVol10 5,560 < 300,000
[AHLWEST.NS] ❌ FAILED: AvgVol10 970 < 300,000 | Not in Stage 2 (Price > SMA10W > SMA30W)
[EMROCK.BO] ❌ FAILED: Too close to 52WH: -16.95% | AvgVol10 2,020 < 300,000 | Not in Stage 2 (Price > SMA10W > SMA30W)
[MOREPENLAB.NS] ❌ FAILED: Too close to 52WH: -4.8%
[INDOSMC.BO] ❌ FAILED: Too close to 52WH: -5.96% | AvgVol10 63,400 < 300,000
[MODISONLTD.NS] ❌ FAILED: Too close to 52WH: -21.3% | AvgVol10 71,040 < 300,000
[SUGSLLOYD.BO] ❌ FAILED: Too close to 52WH: -6.23% | AvgVol10 94,100 < 300,000
[RAMGOPOLY.BO] ❌ FAILED: Price $29.81 < $30.0 | Too close to 52WH: -22.55% | AvgVol10 2,280 < 300,000 | Not in Stage 2 (Price > SMA10W > SMA30W)
[RAYMOND.NS] ❌ FAILED: Too close to 52WH: -4.53%
[SHILPAMED.NS] ❌ FAILED: Too close to 52WH: -4.63%
[SETL.NS] ❌ FAILED: Too close to 52WH: -9.72%
[NRL.NS] ❌ FAILED: Too close to 52WH: -5.26% | AvgVol10 124,680 < 300,000
[VIKRAMTH.BO] ❌ FAILED: Too close to 52WH: -1.59% | AvgVol10 52,170 < 300,000
[SJCORP.BO] ❌ FAILED: Too close to 52WH: -0.94% | AvgVol10 50 < 300,000
[TRADWIN.BO] ❌ FAILED: AvgVol10 10 < 300,000 | Not in Stage 2 (Price > SMA10W > SMA30W)
[TELGE.BO] ❌ FAILED: Too close to 52WH: -2.1% | AvgVol10 20,640 < 300,000
[CCAL.BO] ❌ FAILED: Too close to 52WH: 0.0% | AvgVol10 5,400 < 300,000
[KANELIND.BO] ❌ FAILED: Too close to 52WH: -18.48% | AvgVol10 500 < 300,000
[HIIL.BO] ❌ FAILED: Too close to 52WH: 0.0% | AvgVol10 500 < 300,000
[INTEGFD.BO] ❌ FAILED: Price $13.55 < $30.0 | Too close to 52WH: -16.97% | AvgVol10 31,110 < 300,000 | Not in Stage 2 (Price > SMA10W > SMA30W)
[KETOMOTORS.BO] ❌ FAILED: Too close to 52WH: -26.33% | AvgVol10 4,100 < 300,000
[CFL.BO] ❌ FAILED: Too close to 52WH: -8.3% | AvgVol10 32,070 < 300,000
[SPICEISLIN.BO] ❌ FAILED: Too close to 52WH: -19.27% | AvgVol10 17,020 < 300,000 | Not in Stage 2 (Price > SMA10W > SMA30W)
[UFBL.NS] ❌ FAILED: Too close to 52WH: -20.25% | AvgVol10 26,060 < 300,000 | Not in Stage 2 (Price > SMA10W > SMA30W)
[SHTL.BO] ❌ FAILED: Too close to 52WH: -6.66% | AvgVol10 53,760 < 300,000
[BHAGYANGR.NS] ❌ FAILED: Too close to 52WH: -12.09% | AvgVol10 192,990 < 300,000
[SPECTRUM.NS] ❌ FAILED: Too close to 52WH: -2.38% | AvgVol10 14,740 < 300,000
[FILATEX.NS] ❌ FAILED: Too close to 52WH: -1.1%
[SVRL.BO] ❌ FAILED: Too close to 52WH: -0.18% | AvgVol10 13,750 < 300,000
[BIRLACABLE.NS] ❌ FAILED: Too close to 52WH: -16.09%
[KANORICHEM.NS] ❌ FAILED: Too close to 52WH: -1.67% | AvgVol10 82,510 < 300,000
[INDORAMA.NS] ❌ FAILED: Too close to 52WH: -10.24%
[SURBHIN.BO] ❌ FAILED: AvgVol10 2,430 < 300,000 | Not in Stage 2 (Price > SMA10W > SMA30W)
[CYIENTDLM.NS] ❌ FAILED: Too close to 52WH: -9.02%
[MAYUR.BO] ❌ FAILED: Too close to 52WH: -6.59% | AvgVol10 23,750 < 300,000
[MENONBE.NS] ❌ FAILED: Too close to 52WH: -11.86% | AvgVol10 55,830 < 300,000
[NOVARTIND.NS] ❌ FAILED: Too close to 52WH: -25.25% | AvgVol10 77,440 < 300,000 | Not in Stage 2 (Price > SMA10W > SMA30W)
[TEJASSVI.BO] ❌ FAILED: Too close to 52WH: -14.04% | AvgVol10 4,790 < 300,000 | Not in Stage 2 (Price > SMA10W > SMA30W)
[YASHO.NS] ❌ FAILED: Too close to 52WH: -17.54% | AvgVol10 39,200 < 300,000 | Not in Stage 2 (Price > SMA10W > SMA30W)
[RAJVI.BO] ❌ FAILED: Too close to 52WH: 0.0% | AvgVol10 30 < 300,000
[SWASTIKA.BO] ❌ FAILED: Too close to 52WH: -23.21% | AvgVol10 7,320 < 300,000 | Not in Stage 2 (Price > SMA10W > SMA30W)
[CRYOGENIC.BO] ❌ FAILED: Too close to 52WH: -0.75% | AvgVol10 19,950 < 300,000
[E2E.NS] ❌ FAILED: Too close to 52WH: -10.33%
[SALSTEEL.NS] ❌ FAILED: Too close to 52WH: -3.99%
[BAFNAPH.NS] ❌ FAILED: Too close to 52WH: 0.0% | AvgVol10 5,450 < 300,000
[XTRANET.NS] ❌ FAILED: Too close to 52WH: -20.29% | Not in Stage 2 (Price > SMA10W > SMA30W)
[QMSMEDI.NS] ❌ FAILED: Too close to 52WH: 0.0% | AvgVol10 65,780 < 300,000
[VEERHEALTH.BO] ❌ FAILED: Too close to 52WH: -3.9% | AvgVol10 91,370 < 300,000
[CHEMIESYNT.BO] ❌ FAILED: Too close to 52WH: 0.0% | AvgVol10 10 < 300,000
[QUANTDIA.BO] ❌ FAILED: Too close to 52WH: -2.99% | AvgVol10 2,530 < 300,000
[AMRAFIN.BO] ❌ FAILED: Too close to 52WH: -6.75% | AvgVol10 800 < 300,000
[JOJO.BO] ❌ FAILED: Too close to 52WH: -5.91% | AvgVol10 40,630 < 300,000
[STLNETWORK.NS] ❌ FAILED: Too close to 52WH: -7.86%
[HPBL.BO] ❌ FAILED: Too close to 52WH: -2.62% | AvgVol10 9,570 < 300,000
[SHARP.BO] ❌ FAILED: Too close to 52WH: -0.98% | AvgVol10 4,080 < 300,000
[MANINDS.NS] ❌ FAILED: Too close to 52WH: -8.31%
[QUINT.NS] ❌ FAILED: Too close to 52WH: -10.94% | AvgVol10 217,530 < 300,000 | Not in Stage 2 (Price > SMA10W > SMA30W)
[SMTEL.BO] ❌ FAILED: AvgVol10 840 < 300,000 | Not in Stage 2 (Price > SMA10W > SMA30W)
[SKYGOLD.NS] ❌ FAILED: Too close to 52WH: -8.27%
[HFCL.NS] ❌ FAILED: Too close to 52WH: -19.78% | Not in Stage 2 (Price > SMA10W > SMA30W)
[WHEELS.NS] ❌ FAILED: Too close to 52WH: -6.97% | AvgVol10 295,470 < 300,000
[BHAGERIA.NS] ❌ FAILED: Too close to 52WH: -4.07% | AvgVol10 292,710 < 300,000
[DIACABS.NS] ❌ FAILED: Too close to 52WH: -16.03% | Not in Stage 2 (Price > SMA10W > SMA30W)
[CALSOFT.NS] ❌ FAILED: Too close to 52WH: -19.89% | AvgVol10 228,110 < 300,000
[RAPICUT.BO] ❌ FAILED: Too close to 52WH: -22.78% | AvgVol10 25,200 < 300,000 | Not in Stage 2 (Price > SMA10W > SMA30W)
[SWANDEF.NS] ❌ FAILED: Too close to 52WH: -6.19% | AvgVol10 21,000 < 300,000
[SANSERA.NS] ❌ FAILED: Too close to 52WH: -6.04%
[MTARTECH.NS] ❌ FAILED: Too close to 52WH: -18.84% | AvgVol10 102,000 < 300,000
[NEETUYOSHI.BO] ❌ FAILED: Too close to 52WH: 0.0% | AvgVol10 117,120 < 300,000
[MACPOWER.NS] ❌ FAILED: Too close to 52WH: -1.41% | AvgVol10 96,130 < 300,000
[SHREEJISPG.NS] ❌ FAILED: Too close to 52WH: -1.19%
[RATNAVEER.NS] ❌ FAILED: Too close to 52WH: -3.72%
[FCL.NS] ❌ FAILED: Too close to 52WH: -8.01%
[RECODE.BO] ❌ FAILED: Too close to 52WH: -1.63% | AvgVol10 26,320 < 300,000 | Not in Stage 2 (Price > SMA10W > SMA30W)
[SAKAR.NS] ❌ FAILED: Too close to 52WH: -11.4% | AvgVol10 130,610 < 300,000
[SHAHFOOD.BO] ❌ FAILED: Too close to 52WH: -21.18% | AvgVol10 810 < 300,000 | Not in Stage 2 (Price > SMA10W > SMA30W)
[AANCHALISP.BO] ❌ FAILED: AvgVol10 5,860 < 300,000 | Not in Stage 2 (Price > SMA10W > SMA30W)
[AFLTD.BO] ❌ FAILED: Too close to 52WH: -8.31% | AvgVol10 24,300 < 300,000 | Not in Stage 2 (Price > SMA10W > SMA30W)
[PRIMIND.BO] ❌ FAILED: Too close to 52WH: 0.0%
[KREONFIN.BO] ❌ FAILED: Too close to 52WH: -13.28% | AvgVol10 5,540 < 300,000 | Not in Stage 2 (Price > SMA10W > SMA30W)
[RUBYMILLS.NS] ❌ FAILED: Too close to 52WH: -2.18% | AvgVol10 40,330 < 300,000
[KSHINTL.NS] ❌ FAILED: Too close to 52WH: -17.82% | AvgVol10 290,050 < 300,000 | Not in Stage 2 (Price > SMA10W > SMA30W)
[ADMACH.BO] ❌ FAILED: Too close to 52WH: -5.09% | AvgVol10 5,760 < 300,000
[SBCL.NS] ❌ FAILED: Too close to 52WH: -8.68%
[CAPRICORN.BO] ❌ FAILED: Too close to 52WH: -2.0%
[KRISHNA.BO] ❌ FAILED: Too close to 52WH: -9.24% | AvgVol10 5,980 < 300,000
[AVALON.NS] ❌ FAILED: Too close to 52WH: -11.76%
[RPTECH.NS] ❌ FAILED: Too close to 52WH: -8.65%
[RPEL.NS] ❌ FAILED: Too close to 52WH: -12.34% | AvgVol10 117,860 < 300,000
[PVP.NS] ❌ FAILED: Too close to 52WH: -18.31%
[GRERENEW.BO] ❌ FAILED: Too close to 52WH: -6.9% | AvgVol10 39,720 < 300,000
[TFCILTD.NS] ❌ FAILED: Too close to 52WH: -5.4%
[AMRAPLIN.BO] ❌ FAILED: Too close to 52WH: -15.23% | AvgVol10 7,740 < 300,000
[JAFINANCE.BO] ❌ FAILED: Too close to 52WH: 0.0% | AvgVol10 620 < 300,000
[ANTELOPUS.NS] ❌ FAILED: Too close to 52WH: -10.18%
[AMEENJI.BO] ❌ FAILED: Too close to 52WH: -2.54% | AvgVol10 11,520 < 300,000
[SHARDUL.NS] ❌ FAILED: Too close to 52WH: -7.4% | AvgVol10 17,740 < 300,000 | Not in Stage 2 (Price > SMA10W > SMA30W)
[ASMTEC.BO] ❌ FAILED: Too close to 52WH: -6.58% | AvgVol10 37,730 < 300,000
[TRUEGREEN.BO] ❌ FAILED: Too close to 52WH: -25.75% | AvgVol10 11,490 < 300,000 | Not in Stage 2 (Price > SMA10W > SMA30W)
[ATVOENT.BO] ❌ FAILED: Too close to 52WH: -11.88% | AvgVol10 47,130 < 300,000
[SEDEMAC.NS] ❌ FAILED: Too close to 52WH: -1.31%
[SHADOWFAX.NS] ❌ FAILED: Too close to 52WH: -6.21%
[SW1.BO] ❌ FAILED: Too close to 52WH: -4.89% | AvgVol10 660 < 300,000
[DEEDEV.NS] ❌ FAILED: Too close to 52WH: -13.75% | AvgVol10 214,510 < 300,000
[JUJHARLOGI.BO] ❌ FAILED: AvgVol10 2,350 < 300,000 | Not in Stage 2 (Price > SMA10W > SMA30W)
[MUNOTHFI.BO] ❌ FAILED: Too close to 52WH: -10.01% | AvgVol10 30 < 300,000
[HYPERSOFT.BO] ❌ FAILED: Too close to 52WH: -15.24% | AvgVol10 12,070 < 300,000 | Not in Stage 2 (Price > SMA10W > SMA30W)
[BLUSPRING.NS] ❌ FAILED: Too close to 52WH: -1.62%
[DIGILOGIC.BO] ❌ FAILED: Too close to 52WH: -16.53% | AvgVol10 33,000 < 300,000
[CUBEXTUB.NS] ❌ FAILED: Too close to 52WH: 0.0%
[ONELIFECAP.NS] ❌ FAILED: Too close to 52WH: -6.43% | AvgVol10 74,130 < 300,000
[DANLAW.BO] ❌ FAILED: Too close to 52WH: -18.68% | AvgVol10 4,960 < 300,000
[AEROFLEX.NS] ❌ FAILED: Too close to 52WH: -12.11%
[YASHHV.BO] ❌ FAILED: Too close to 52WH: -8.65% | AvgVol10 105,780 < 300,000
[CPPLUS.NS] ❌ FAILED: Too close to 52WH: -9.05%
[MARINE.NS] ❌ FAILED: Too close to 52WH: -4.84%
[VPAL.BO] ❌ FAILED: Too close to 52WH: -4.34% | AvgVol10 39,200 < 300,000 | Not in Stage 2 (Price > SMA10W > SMA30W)
[BCCFUBA.BO] ❌ FAILED: Too close to 52WH: -2.27% | AvgVol10 35,230 < 300,000
[MODINSU.BO] ❌ FAILED: Too close to 52WH: -25.24% | AvgVol10 31,140 < 300,000 | Not in Stage 2 (Price > SMA10W > SMA30W)
[IOLCP.NS] ❌ FAILED: Too close to 52WH: -10.39%
[KKPLASTICK.BO] ❌ FAILED: Too close to 52WH: 0.0% | AvgVol10 10 < 300,000
[EXATO.BO] ❌ FAILED: Too close to 52WH: -16.34% | AvgVol10 16,650 < 300,000 | Not in Stage 2 (Price > SMA10W > SMA30W)
[GCSL.NS] ❌ FAILED: Too close to 52WH: -0.47%
[VENUSREM.NS] ❌ FAILED: Too close to 52WH: -20.31% | AvgVol10 27,050 < 300,000 | Not in Stage 2 (Price > SMA10W > SMA30W)
[HSIL.BO] ❌ FAILED: Too close to 52WH: -6.81% | AvgVol10 69,720 < 300,000
[RUBICON.NS] ❌ FAILED: Too close to 52WH: -16.12% | Not in Stage 2 (Price > SMA10W > SMA30W)
[SIZEMASTER.BO] ❌ FAILED: Too close to 52WH: -2.19% | AvgVol10 1,670 < 300,000 | Not in Stage 2 (Price > SMA10W > SMA30W)
[OAL.NS] ❌ FAILED: Too close to 52WH: -2.96% | AvgVol10 42,040 < 300,000
[SCPL.NS] ❌ FAILED: Too close to 52WH: -8.91% | AvgVol10 5,650 < 300,000 | Not in Stage 2 (Price > SMA10W > SMA30W)
[SYRMA.NS] ❌ FAILED: Too close to 52WH: -3.19%
[COMSYN.NS] ❌ FAILED: Too close to 52WH: -10.95%
[SAYAJIHOTL.NS] ❌ FAILED: Too close to 52WH: -10.75% | AvgVol10 160 < 300,000 | Not in Stage 2 (Price > SMA10W > SMA30W)
[MKPMOB.BO] ❌ FAILED: Too close to 52WH: 0.0% | AvgVol10 690 < 300,000
[MILLWORKS.BO] ❌ FAILED: Too close to 52WH: -7.5% | AvgVol10 107,160 < 300,000 | Not in Stage 2 (Price > SMA10W > SMA30W)
[AMALGAM.BO] ❌ FAILED: Too close to 52WH: -9.07% | AvgVol10 10 < 300,000 | Not in Stage 2 (Price > SMA10W > SMA30W)
[AVADHSUGAR.NS] ❌ FAILED: Too close to 52WH: -8.63% | AvgVol10 129,930 < 300,000
[SWITCHTE.BO] ❌ FAILED: Too close to 52WH: -7.75% | AvgVol10 4,320 < 300,000
[ATHERENERG.NS] ❌ FAILED: Too close to 52WH: -16.58% | Not in Stage 2 (Price > SMA10W > SMA30W)
[GARGFUR.BO] ❌ FAILED: Too close to 52WH: -2.56% | AvgVol10 34,060 < 300,000
[CORDSCABLE.NS] ❌ FAILED: Too close to 52WH: -18.56% | AvgVol10 219,000 < 300,000
[GTIL.BO] ❌ FAILED: Too close to 52WH: -10.91% | AvgVol10 45,120 < 300,000
[IDREAM.BO] ❌ FAILED: Too close to 52WH: -21.43% | AvgVol10 230 < 300,000 | Not in Stage 2 (Price > SMA10W > SMA30W)
[INDCEMCAP.BO] ❌ FAILED: Price $27.10 < $30.0 | Too close to 52WH: -16.44% | AvgVol10 46,970 < 300,000
[RAJPALAYAM.NS] ❌ FAILED: Too close to 52WH: -13.37% | AvgVol10 970 < 300,000 | Not in Stage 2 (Price > SMA10W > SMA30W)
[KOVAI.NS] ❌ FAILED: Too close to 52WH: -6.5% | AvgVol10 4,140 < 300,000 | Not in Stage 2 (Price > SMA10W > SMA30W)
[SRDAPRT.BO] ❌ FAILED: Too close to 52WH: -21.64% | AvgVol10 29,340 < 300,000
[MSAFE.BO] ❌ FAILED: Too close to 52WH: -17.38% | AvgVol10 59,000 < 300,000
[INDIAHOMES.BO] ❌ FAILED: Price $26.77 < $30.0 | Too close to 52WH: -16.06%
[CHEMKART.BO] ❌ FAILED: Too close to 52WH: -0.79% | AvgVol10 31,260 < 300,000
[VIKRAMAR.BO] ❌ FAILED: Too close to 52WH: -15.38% | AvgVol10 13,100 < 300,000
[WELINV.NS] ❌ FAILED: Too close to 52WH: -1.96% | AvgVol10 160 < 300,000
[NATFIT.BO] ❌ FAILED: Too close to 52WH: -9.75% | AvgVol10 38,240 < 300,000
[CITURGIA.BO] ❌ FAILED: AvgVol10 170 < 300,000 | Not in Stage 2 (Price > SMA10W > SMA30W)
[GULFPETRO.NS] ❌ FAILED: Too close to 52WH: -14.37% | AvgVol10 96,290 < 300,000 | Not in Stage 2 (Price > SMA10W > SMA30W)
[VALIANTLAB.NS] ❌ FAILED: Too close to 52WH: -10.04% | AvgVol10 96,930 < 300,000
[ROSSTECH.NS] ❌ FAILED: Too close to 52WH: -7.06%
[ASPIRA.BO] ❌ FAILED: Too close to 52WH: -1.78% | AvgVol10 3,060 < 300,000
[OMNI.NS] ❌ FAILED: Not in Stage 2 (Price > SMA10W > SMA30W)
[SSWL.NS] ❌ FAILED: Too close to 52WH: -1.43%
[MMP.NS] ❌ FAILED: Too close to 52WH: -9.19% | AvgVol10 80,600 < 300,000
[IRISDOREME.NS] ❌ FAILED: Too close to 52WH: -7.68%
[NRBBEARING.NS] ❌ FAILED: Too close to 52WH: -3.29%
[SBECSUG.BO] ❌ FAILED: Too close to 52WH: -21.68% | AvgVol10 3,520 < 300,000
[TIMEX.NS] ❌ FAILED: Too close to 52WH: -5.93% | Not in Stage 2 (Price > SMA10W > SMA30W)
[MAHASTEEL.NS] ❌ FAILED: Too close to 52WH: -13.82% | AvgVol10 4,700 < 300,000
[UNIVASTU.NS] ❌ FAILED: Too close to 52WH: -25.81% | AvgVol10 49,510 < 300,000 | Not in Stage 2 (Price > SMA10W > SMA30W)
[JAUSPOL.BO] ❌ FAILED: Price $23.35 < $30.0 | AvgVol10 3,260 < 300,000 | Not in Stage 2 (Price > SMA10W > SMA30W)
[OPTIEMUS.NS] ❌ FAILED: Too close to 52WH: -4.78%
[RESONANCE.BO] ❌ FAILED: Too close to 52WH: -4.82% | AvgVol10 22,310 < 300,000
[SWASTIKAAL.BO] ❌ FAILED: Too close to 52WH: -16.81% | AvgVol10 8,600 < 300,000
[NORTHLINK.BO] ❌ FAILED: Too close to 52WH: -24.49% | AvgVol10 150 < 300,000
[ASTONEALAB.BO] ❌ FAILED: Too close to 52WH: -8.4% | AvgVol10 7,600 < 300,000
[ACESEPP.BO] ❌ FAILED: AvgVol10 19,350 < 300,000
[KAPSTON.NS] ❌ FAILED: Too close to 52WH: -12.72% | AvgVol10 239,490 < 300,000 | Not in Stage 2 (Price > SMA10W > SMA30W)
[KOPRAN.NS] ❌ FAILED: Too close to 52WH: -5.29%
[PAISALO.NS] ❌ FAILED: Too close to 52WH: -16.1%
[LAURUSLABS.NS] ❌ FAILED: Too close to 52WH: -2.17%
[DIKSHA.BO] ❌ FAILED: Too close to 52WH: -0.49% | AvgVol10 1,080 < 300,000 | Not in Stage 2 (Price > SMA10W > SMA30W)
[TIRUPATIFL.NS] ❌ FAILED: Too close to 52WH: -8.56%
[TDPOWERSYS.NS] ❌ FAILED: Too close to 52WH: -11.69% | Not in Stage 2 (Price > SMA10W > SMA30W)
[MILKYMIST.NS] ❌ FAILED: Too close to 52WH: -5.4% | Not in Stage 2 (Price > SMA10W > SMA30W)
[SBC.NS] ❌ FAILED: Too close to 52WH: -5.91%
[YAANENT.BO] ❌ FAILED: Too close to 52WH: -1.36% | AvgVol10 1,740 < 300,000
[AIRFLOA.BO] ❌ FAILED: Too close to 52WH: -9.94% | AvgVol10 110,300 < 300,000
[JINDWORLD.NS] ❌ FAILED: Too close to 52WH: -21.46%
[AKSHARCHEM.NS] ❌ FAILED: Too close to 52WH: -18.78% | AvgVol10 12,510 < 300,000
[SMLMAH.NS] ❌ FAILED: Too close to 52WH: -5.55% | AvgVol10 55,550 < 300,000
[AETHER.NS] ❌ FAILED: Too close to 52WH: -3.27%
[HITECHCORP.NS] ❌ FAILED: Too close to 52WH: -1.03% | AvgVol10 5,090 < 300,000
[RGIL.BO] ❌ FAILED: Too close to 52WH: -25.77% | AvgVol10 340 < 300,000 | Not in Stage 2 (Price > SMA10W > SMA30W)
[SOTL.NS] ❌ FAILED: Too close to 52WH: -17.74% | AvgVol10 229,030 < 300,000 | Not in Stage 2 (Price > SMA10W > SMA30W)
[GANDHAR.NS] ❌ FAILED: Too close to 52WH: -13.56%
[GALAGEX.BO] ❌ FAILED: Too close to 52WH: -13.15% | AvgVol10 28,810 < 300,000
[VINDHYATEL.NS] ❌ FAILED: Too close to 52WH: -12.0% | AvgVol10 73,510 < 300,000
[LTELEVATOR.BO] ❌ FAILED: Too close to 52WH: -13.64% | AvgVol10 23,520 < 300,000
[AMARJOTHI.NS] ❌ FAILED: Too close to 52WH: -9.22% | AvgVol10 1,710 < 300,000 | Not in Stage 2 (Price > SMA10W > SMA30W)
[MANAKSTEEL.NS] ❌ FAILED: Too close to 52WH: -8.8% | AvgVol10 48,290 < 300,000
[BPLPHARMA.NS] ❌ FAILED: Too close to 52WH: -5.61% | AvgVol10 5,490 < 300,000 | Not in Stage 2 (Price > SMA10W > SMA30W)
[NEXUSSURGL.BO] ❌ FAILED: Too close to 52WH: -12.35% | AvgVol10 6,030 < 300,000
[PPARIVAH.BO] ❌ FAILED: Too close to 52WH: -3.97% | AvgVol10 12,960 < 300,000
[JATTAINDUS.BO] ❌ FAILED: Too close to 52WH: -8.25% | AvgVol10 390 < 300,000
[PREMIERPOL.NS] ❌ FAILED: Too close to 52WH: -12.44%
[MACHLTD.BO] ❌ FAILED: Too close to 52WH: -6.29% | AvgVol10 25,680 < 300,000
[MBAPL.NS] ❌ FAILED: Too close to 52WH: -4.65%
[UNIMECH.NS] ❌ FAILED: Too close to 52WH: -13.49%
[SPORTKING.NS] ❌ FAILED: Too close to 52WH: -14.12% | AvgVol10 252,610 < 300,000 | Not in Stage 2 (Price > SMA10W > SMA30W)
[UNIVPHOTO.NS] ❌ FAILED: Too close to 52WH: -16.08% | AvgVol10 5,320 < 300,000
[SICAGEN.NS] ❌ FAILED: AvgVol10 14,310 < 300,000 | Not in Stage 2 (Price > SMA10W > SMA30W)
[DRL.BO] ❌ FAILED: Too close to 52WH: -16.05% | AvgVol10 25,870 < 300,000
[PRECWIRE.NS] ❌ FAILED: Too close to 52WH: -8.43%
[OVOBELE.BO] ❌ FAILED: Too close to 52WH: -6.2% | AvgVol10 8,500 < 300,000
[WELSPUNLIV.NS] ❌ FAILED: Too close to 52WH: -2.17%
[CONFIPET.NS] ❌ FAILED: Too close to 52WH: -8.1%
[DIVGIITTS.NS] ❌ FAILED: Too close to 52WH: -8.36% | AvgVol10 84,330 < 300,000
[KMEW.NS] ❌ FAILED: Too close to 52WH: -9.39% | AvgVol10 109,530 < 300,000
[RNITAI.BO] ❌ FAILED: Too close to 52WH: -16.76% | AvgVol10 109,140 < 300,000
[INDOBORAX.NS] ❌ FAILED: Too close to 52WH: -12.02% | AvgVol10 56,690 < 300,000
[RAMRAT.NS] ❌ FAILED: Too close to 52WH: -5.69% | AvgVol10 250,560 < 300,000
[ELFIN.BO] ❌ FAILED: Too close to 52WH: -13.49% | AvgVol10 9,670 < 300,000
[GSTL.BO] ❌ FAILED: Too close to 52WH: -21.2% | AvgVol10 47,570 < 300,000 | Not in Stage 2 (Price > SMA10W > SMA30W)
[VTMLTD.NS] ❌ FAILED: AvgVol10 127,750 < 300,000 | Not in Stage 2 (Price > SMA10W > SMA30W)
[GHCLTEXTIL.NS] ❌ FAILED: Too close to 52WH: -6.75%
[ATHARVA.BO] ❌ FAILED: Too close to 52WH: -5.8% | AvgVol10 59,000 < 300,000 | Not in Stage 2 (Price > SMA10W > SMA30W)
[UTLSOLAR.NS] ❌ FAILED: Too close to 52WH: -17.24% | AvgVol10 251,890 < 300,000 | Not in Stage 2 (Price > SMA10W > SMA30W)
[GALXBRG.BO] ❌ FAILED: Too close to 52WH: -12.81% | AvgVol10 1,380 < 300,000
[ACSTECH.NS] ❌ FAILED: Too close to 52WH: -1.99% | Not in Stage 2 (Price > SMA10W > SMA30W)
[GMMPFAUDLR.NS] ❌ FAILED: Too close to 52WH: -3.49%
[INDOMIM.NS] ❌ FAILED: Too close to 52WH: -9.0% | Not in Stage 2 (Price > SMA10W > SMA30W)
[DEEPINDS.NS] ❌ FAILED: Too close to 52WH: -6.91%
[EMIL.NS] ❌ FAILED: Too close to 52WH: -5.68%
[DOLPHIN.NS] ❌ FAILED: Too close to 52WH: -13.54% | AvgVol10 72,190 < 300,000
[MARKSANS.NS] ❌ FAILED: Too close to 52WH: -5.53%
[QPOWER.NS] ❌ FAILED: Too close to 52WH: -0.06%
[TECHNOCRAT.BO] ❌ FAILED: Too close to 52WH: -12.9% | AvgVol10 101,000 < 300,000 | Not in Stage 2 (Price > SMA10W > SMA30W)
[INDOTECH.NS] ❌ FAILED: Too close to 52WH: -22.24% | AvgVol10 18,710 < 300,000 | Not in Stage 2 (Price > SMA10W > SMA30W)
[COVANCE.BO] ❌ FAILED: AvgVol10 5,180 < 300,000 | Not in Stage 2 (Price > SMA10W > SMA30W)
[IBULLSLTD.NS] ❌ FAILED: Price $28.90 < $30.0 | Too close to 52WH: -11.08%
[BHATIA.BO] ❌ FAILED: Too close to 52WH: -7.64%
[JGCHEM.NS] ❌ FAILED: Too close to 52WH: -8.03%
[ZIMLAB.NS] ❌ FAILED: Too close to 52WH: -4.8% | AvgVol10 127,460 < 300,000
[HAPPYFORGE.NS] ❌ FAILED: Too close to 52WH: -19.16% | AvgVol10 75,360 < 300,000 | Not in Stage 2 (Price > SMA10W > SMA30W)
[VENUSPIPES.NS] ❌ FAILED: Too close to 52WH: -9.17%
[APARINDS.NS] ❌ FAILED: Too close to 52WH: -10.39% | AvgVol10 144,410 < 300,000
[SHREEREF.BO] ❌ FAILED: Too close to 52WH: -6.73% | AvgVol10 232,150 < 300,000
[SHIVAUM.NS] ❌ FAILED: Too close to 52WH: -1.05% | AvgVol10 73,810 < 300,000
[PPEL.BO] ❌ FAILED: Too close to 52WH: -6.94% | AvgVol10 98,800 < 300,000 | Not in Stage 2 (Price > SMA10W > SMA30W)
[MITSU.BO] ❌ FAILED: Too close to 52WH: -10.2% | AvgVol10 26,690 < 300,000
[CFF.BO] ❌ FAILED: Too close to 52WH: -5.77% | AvgVol10 58,970 < 300,000
[SUNFLAG.NS] ❌ FAILED: Too close to 52WH: -0.55%
[UNIPARTS.NS] ❌ FAILED: Too close to 52WH: -8.61% | AvgVol10 125,820 < 300,000
[GNA.NS] ❌ FAILED: Too close to 52WH: -8.23%
[HIGHNESS.BO] ❌ FAILED: Too close to 52WH: 0.0% | AvgVol10 9,240 < 300,000 | Not in Stage 2 (Price > SMA10W > SMA30W)
[VALIANT.BO] ❌ FAILED: Too close to 52WH: -3.26% | AvgVol10 23,800 < 300,000
[GALLOPENT.BO] ❌ FAILED: Too close to 52WH: -5.95% | AvgVol10 290 < 300,000
[KALYANIFRG.NS] ❌ FAILED: Too close to 52WH: -16.96% | AvgVol10 3,070 < 300,000
[NEOGEN.NS] ❌ FAILED: Too close to 52WH: -4.14% | AvgVol10 282,920 < 300,000
[GRWRHITECH.NS] ❌ FAILED: Too close to 52WH: -16.73% | AvgVol10 60,070 < 300,000 | Not in Stage 2 (Price > SMA10W > SMA30W)
[RISHABH.NS] ❌ FAILED: Too close to 52WH: -16.26% | AvgVol10 185,710 < 300,000
[ARROWGREEN.NS] ❌ FAILED: Too close to 52WH: -6.39% | AvgVol10 110,020 < 300,000
[KRISHANA.NS] ❌ FAILED: Too close to 52WH: -9.68%
[OCCLLTD.NS] ❌ FAILED: Too close to 52WH: -4.65% | AvgVol10 61,170 < 300,000
[KRONOX.NS] ❌ FAILED: Too close to 52WH: -2.92% | AvgVol10 82,780 < 300,000
[FUNDVISER.BO] ❌ FAILED: Too close to 52WH: -10.16% | AvgVol10 2,150 < 300,000
[REDINGTON.NS] ❌ FAILED: Too close to 52WH: -3.49%
[SUVEN.NS] ❌ FAILED: Too close to 52WH: -20.26% | Not in Stage 2 (Price > SMA10W > SMA30W)
[ASAHISONG.NS] ❌ FAILED: Too close to 52WH: -6.46% | AvgVol10 12,820 < 300,000
[UNIVCABLES.NS] ❌ FAILED: Too close to 52WH: -19.6% | AvgVol10 114,250 < 300,000 | Not in Stage 2 (Price > SMA10W > SMA30W)
[AEQUS.NS] ❌ FAILED: Too close to 52WH: -5.21%
[GLEN.BO] ❌ FAILED: Too close to 52WH: -9.44% | AvgVol10 25,920 < 300,000
[ENTERO.NS] ❌ FAILED: Too close to 52WH: -6.77%
[KAMDHENU.NS] ❌ FAILED: Too close to 52WH: -10.76%
[TRISHAKT.BO] ❌ FAILED: Too close to 52WH: -14.69% | AvgVol10 24,680 < 300,000
[EMERALL.BO] ❌ FAILED: Too close to 52WH: -6.31% | AvgVol10 760 < 300,000
[AFCOM.BO] ❌ FAILED: Too close to 52WH: -14.98% | AvgVol10 103,610 < 300,000 | Not in Stage 2 (Price > SMA10W > SMA30W)
[CNL.NS] ❌ FAILED: Too close to 52WH: -19.22% | AvgVol10 17,260 < 300,000 | Not in Stage 2 (Price > SMA10W > SMA30W)
[INOVSYNTH.BO] ❌ FAILED: Too close to 52WH: 0.0% | AvgVol10 19,400 < 300,000
[BRRL.BO] ❌ FAILED: Too close to 52WH: -9.5% | AvgVol10 1,260 < 300,000 | Not in Stage 2 (Price > SMA10W > SMA30W)
[IVP.NS] ❌ FAILED: Too close to 52WH: -1.22% | AvgVol10 14,470 < 300,000
[SONACOMS.NS] ❌ FAILED: Too close to 52WH: -4.28%
[VSSL.NS] ❌ FAILED: Too close to 52WH: -4.79% | AvgVol10 194,750 < 300,000
[EBGNG.NS] ❌ FAILED: Too close to 52WH: -7.92%
[PARAS.NS] ❌ FAILED: Too close to 52WH: -17.03% | Not in Stage 2 (Price > SMA10W > SMA30W)
[CSL.BO] ❌ FAILED: Price $22.30 < $30.0 | Too close to 52WH: -10.26%
[LLOYDSENGG.NS] ❌ FAILED: Too close to 52WH: -3.79%
[PGIL.NS] ❌ FAILED: Too close to 52WH: -4.55%
[CAMEXLTD.BO] ❌ FAILED: Too close to 52WH: -0.92% | AvgVol10 5,730 < 300,000
[SUDEEPPHRM.NS] ❌ FAILED: Too close to 52WH: -17.36% | AvgVol10 220,090 < 300,000
[ANSINDUS.BO] ❌ FAILED: Price $22.49 < $30.0 | AvgVol10 2,490 < 300,000
[SIMMOND.BO] ❌ FAILED: Too close to 52WH: -14.7% | AvgVol10 9,540 < 300,000
[MMFL.NS] ❌ FAILED: Too close to 52WH: -12.13% | AvgVol10 74,770 < 300,000 | Not in Stage 2 (Price > SMA10W > SMA30W)
[SURAJINDPP.BO] ❌ FAILED: Price $22.26 < $30.0 | Too close to 52WH: -8.51% | AvgVol10 9,140 < 300,000
[ACCORDTS.BO] ❌ FAILED: Too close to 52WH: -10.14% | AvgVol10 175,800 < 300,000
[DEVSON.BO] ❌ FAILED: Too close to 52WH: -11.1% | AvgVol10 48,480 < 300,000 | Not in Stage 2 (Price > SMA10W > SMA30W)
[BAIKAKAJI.BO] ❌ FAILED: Too close to 52WH: -9.38% | AvgVol10 42,360 < 300,000
[FINCABLES.NS] ❌ FAILED: Too close to 52WH: -6.0%
[SYSTEMATIC.BO] ❌ FAILED: Too close to 52WH: -8.28% | AvgVol10 41,580 < 300,000
[UNITEDTE.BO] ❌ FAILED: Price $23.90 < $30.0 | Too close to 52WH: 0.0% | AvgVol10 250 < 300,000
[MPCOSEMB.BO] ❌ FAILED: Too close to 52WH: -0.93% | AvgVol10 39,150 < 300,000
[CHOKSI.BO] ❌ FAILED: Too close to 52WH: -23.81% | AvgVol10 2,850 < 300,000 | Not in Stage 2 (Price > SMA10W > SMA30W)
[AEGISLOG.NS] ❌ FAILED: Too close to 52WH: -14.43% | Not in Stage 2 (Price > SMA10W > SMA30W)
[PROCLB.BO] ❌ FAILED: Too close to 52WH: -3.1% | AvgVol10 53,270 < 300,000
[PANIDPR.BO] ❌ FAILED: Too close to 52WH: -4.56% | AvgVol10 10 < 300,000
[GKSL.NS] ❌ FAILED: Too close to 52WH: -6.5%
[AZAD.NS] ❌ FAILED: Too close to 52WH: -8.82%
[BLSE.NS] ❌ FAILED: Too close to 52WH: -5.64%
[ESSEX.BO] ❌ FAILED: Too close to 52WH: -8.68% | AvgVol10 27,000 < 300,000
[KENNAMET.NS] ❌ FAILED: Too close to 52WH: -19.51% | AvgVol10 33,150 < 300,000 | Not in Stage 2 (Price > SMA10W > SMA30W)
[RITESHIN.BO] ❌ FAILED: Too close to 52WH: -7.59% | AvgVol10 15,210 < 300,000
[SAILIFE.NS] ❌ FAILED: Too close to 52WH: -6.73%
[ANANDPROJ.BO] ❌ FAILED: Too close to 52WH: 0.0% | AvgVol10 0 < 300,000
[AKUMS.NS] ❌ FAILED: Too close to 52WH: -4.63%
[SHANTIGOLD.NS] ❌ FAILED: Too close to 52WH: -7.3%
[SGMART.NS] ❌ FAILED: Too close to 52WH: -15.23% | AvgVol10 220,040 < 300,000 | Not in Stage 2 (Price > SMA10W > SMA30W)
[INNOVACAP.NS] ❌ FAILED: Too close to 52WH: -6.08% | AvgVol10 128,490 < 300,000
[GANESHBE.NS] ❌ FAILED: Too close to 52WH: -0.04% | AvgVol10 181,720 < 300,000
[RDGAIL.BO] ❌ FAILED: Too close to 52WH: -16.36% | AvgVol10 21,470 < 300,000 | Not in Stage 2 (Price > SMA10W > SMA30W)
[RACHIT.BO] ❌ FAILED: Too close to 52WH: -11.3% | AvgVol10 12,100 < 300,000
[MAWANASUG.NS] ❌ FAILED: Too close to 52WH: -11.04%
[CORDELIA.NS] ❌ FAILED: Too close to 52WH: -13.41% | Not in Stage 2 (Price > SMA10W > SMA30W)
[SOBME.BO] ❌ FAILED: Too close to 52WH: -14.99% | AvgVol10 610 < 300,000
[UEL.NS] ❌ FAILED: AvgVol10 32,270 < 300,000 | Not in Stage 2 (Price > SMA10W > SMA30W)
[TECHNOCRAF.NS] ❌ FAILED: Too close to 52WH: -3.94% | Not in Stage 2 (Price > SMA10W > SMA30W)
[AMIC.BO] ❌ FAILED: Too close to 52WH: -4.75% | AvgVol10 50,230 < 300,000
[NAGPI.BO] ❌ FAILED: Too close to 52WH: -15.05% | AvgVol10 1,740 < 300,000 | Not in Stage 2 (Price > SMA10W > SMA30W)
[CENTUM.NS] ❌ FAILED: Too close to 52WH: -8.57% | AvgVol10 110,260 < 300,000
[FABCLEAN.BO] ❌ FAILED: Too close to 52WH: -10.43% | AvgVol10 23,880 < 300,000
[WSTCSTPAPR.NS] ❌ FAILED: Too close to 52WH: -7.03% | AvgVol10 264,510 < 300,000
[SUNITATOOL.BO] ❌ FAILED: Too close to 52WH: -5.02% | AvgVol10 18,540 < 300,000
[NAPSGLOBAL.BO] ❌ FAILED: Too close to 52WH: -1.54% | AvgVol10 25,440 < 300,000
[TIMESGREEN.BO] ❌ FAILED: Too close to 52WH: -7.29% | AvgVol10 9,440 < 300,000 | Not in Stage 2 (Price > SMA10W > SMA30W)
[JASCH.BO] ❌ FAILED: Too close to 52WH: -17.94% | AvgVol10 2,830 < 300,000 | Not in Stage 2 (Price > SMA10W > SMA30W)
[KRISHNACAP.BO] ❌ FAILED: Too close to 52WH: -19.01% | AvgVol10 110 < 300,000 | Not in Stage 2 (Price > SMA10W > SMA30W)
[UNITEDPOLY.NS] ❌ FAILED: Too close to 52WH: -9.44%
[NOVUS.BO] ❌ FAILED: Too close to 52WH: -7.28% | AvgVol10 130,900 < 300,000 | Not in Stage 2 (Price > SMA10W > SMA30W)
[KDDL.NS] ❌ FAILED: Too close to 52WH: -5.99% | AvgVol10 48,710 < 300,000
[WEPSOLN.BO] ❌ FAILED: Too close to 52WH: -13.16% | AvgVol10 15,190 < 300,000
[DIVISLAB.NS] ❌ FAILED: Too close to 52WH: -1.95%
[ESAFSFB.NS] ❌ FAILED: Too close to 52WH: -4.44%
[ASIANENE.NS] ❌ FAILED: Too close to 52WH: -16.18%
[GEE.BO] ❌ FAILED: Too close to 52WH: -10.52% | AvgVol10 33,520 < 300,000 | Not in Stage 2 (Price > SMA10W > SMA30W)
[STEELCAS.NS] ❌ FAILED: Too close to 52WH: -5.15%
[SBVCL.BO] ❌ FAILED: Too close to 52WH: -4.07% | AvgVol10 5,100 < 300,000
[NITTAGELA.NS] ❌ FAILED: Too close to 52WH: -17.68% | AvgVol10 5,800 < 300,000 | Not in Stage 2 (Price > SMA10W > SMA30W)
[RRKABEL.NS] ❌ FAILED: Too close to 52WH: -17.56% | AvgVol10 288,640 < 300,000 | Not in Stage 2 (Price > SMA10W > SMA30W)
[BALAMINES.NS] ❌ FAILED: Too close to 52WH: -18.1% | AvgVol10 155,260 < 300,000 | Not in Stage 2 (Price > SMA10W > SMA30W)
[SERA.BO] ❌ FAILED: Too close to 52WH: -8.05% | AvgVol10 111,960 < 300,000
[FEDDERSHOL.NS] ❌ FAILED: Recovery 58.69% < 60.0% | Too close to 52WH: -14.95% | Not in Stage 2 (Price > SMA10W > SMA30W)
[TATVA.NS] ❌ FAILED: Too close to 52WH: -6.37% | AvgVol10 72,570 < 300,000
[TANFACIND.BO] ❌ FAILED: Too close to 52WH: -6.64% | AvgVol10 14,930 < 300,000
[NURECA.NS] ❌ FAILED: Too close to 52WH: -0.67% | AvgVol10 9,700 < 300,000
[REMIEDEL.BO] ❌ FAILED: Too close to 52WH: -14.02% | AvgVol10 4,090 < 300,000
[ADOR.NS] ❌ FAILED: Too close to 52WH: -8.76% | AvgVol10 27,010 < 300,000
[UGARSUGAR.NS] ❌ FAILED: Too close to 52WH: -6.71%
[SRMENERGY.BO] ❌ FAILED: Price $26.49 < $30.0 | Too close to 52WH: -19.99% | AvgVol10 14,280 < 300,000
[TMB.NS] ❌ FAILED: Too close to 52WH: -9.69% | AvgVol10 173,840 < 300,000 | Not in Stage 2 (Price > SMA10W > SMA30W)
[KOURA.BO] ❌ FAILED: Too close to 52WH: -1.45% | AvgVol10 8,400 < 300,000
[PANAMAPET.NS] ❌ FAILED: Too close to 52WH: -22.06% | AvgVol10 181,550 < 300,000 | Not in Stage 2 (Price > SMA10W > SMA30W)
[GLOBAL.NS] ❌ FAILED: Too close to 52WH: -6.57%
[CTL.BO] ❌ FAILED: Price $28.50 < $30.0 | Too close to 52WH: -11.6% | AvgVol10 39,230 < 300,000 | Not in Stage 2 (Price > SMA10W > SMA30W)
[RML.NS] ❌ FAILED: Too close to 52WH: -7.92% | AvgVol10 57,830 < 300,000
[CHENNPETRO.NS] ❌ FAILED: Too close to 52WH: -16.06%
[LOKESHMACH.NS] ❌ FAILED: Too close to 52WH: -15.47% | AvgVol10 34,560 < 300,000 | Not in Stage 2 (Price > SMA10W > SMA30W)
[METSL.BO] ❌ FAILED: Too close to 52WH: -2.01% | AvgVol10 8,100 < 300,000
[INFINITY.BO] ❌ FAILED: Too close to 52WH: -5.19% | AvgVol10 1,640 < 300,000
[MAPROIN.BO] ❌ FAILED: AvgVol10 29,520 < 300,000
[INDNIPPON.NS] ❌ FAILED: Too close to 52WH: -17.48% | AvgVol10 86,810 < 300,000
[QLL.BO] ❌ FAILED: Too close to 52WH: -5.38% | AvgVol10 46,680 < 300,000
[TLL.BO] ❌ FAILED: Too close to 52WH: -2.61% | AvgVol10 115,920 < 300,000
[KINETRU.BO] ❌ FAILED: AvgVol10 170 < 300,000 | Not in Stage 2 (Price > SMA10W > SMA30W)
[SHIVAM.BO] ❌ FAILED: Too close to 52WH: -5.43% | AvgVol10 29,500 < 300,000 | Not in Stage 2 (Price > SMA10W > SMA30W)
[KISSHT.NS] ❌ FAILED: Too close to 52WH: -7.53% | Not in Stage 2 (Price > SMA10W > SMA30W)
[BGWTATO.BO] ❌ FAILED: Too close to 52WH: -1.63% | AvgVol10 1,570 < 300,000
[DLTNCBL.BO] ❌ FAILED: Too close to 52WH: -12.8% | AvgVol10 16,070 < 300,000
[RAMAVISION.BO] ❌ FAILED: Too close to 52WH: -6.13% | AvgVol10 2,900 < 300,000
[AYMSYNTEX.NS] ❌ FAILED: Too close to 52WH: -11.77% | AvgVol10 94,470 < 300,000
[BRGIL.BO] ❌ FAILED: Too close to 52WH: -9.31% | AvgVol10 25,800 < 300,000 | Not in Stage 2 (Price > SMA10W > SMA30W)
[SUPER.BO] ❌ FAILED: Too close to 52WH: -15.44% | AvgVol10 330 < 300,000 | Not in Stage 2 (Price > SMA10W > SMA30W)
[NITINSPIN.NS] ❌ FAILED: Too close to 52WH: -10.38% | AvgVol10 82,890 < 300,000 | Not in Stage 2 (Price > SMA10W > SMA30W)
[JAINEX.BO] ❌ FAILED: Too close to 52WH: -16.65% | AvgVol10 5,260 < 300,000
[ACUTAAS.NS] ❌ FAILED: Too close to 52WH: -14.05% | Not in Stage 2 (Price > SMA10W > SMA30W)
[GAYAPROJ.NS] ❌ FAILED: Price $21.96 < $30.0 | Too close to 52WH: -19.65% | Not in Stage 2 (Price > SMA10W > SMA30W)
[ABHIFIN.BO] ❌ FAILED: Too close to 52WH: -2.04% | AvgVol10 180 < 300,000
[MWL.NS] ❌ FAILED: Too close to 52WH: -9.46%
[CJGEL.BO] ❌ FAILED: Price $27.26 < $30.0 | Too close to 52WH: -6.0% | AvgVol10 630 < 300,000
[RAMBHAJO.NS] ❌ FAILED: Too close to 52WH: -14.06% | Not in Stage 2 (Price > SMA10W > SMA30W)
[BIRLAPREC.NS] ❌ FAILED: Recovery 51.14% < 60.0% | Too close to 52WH: -15.14% | AvgVol10 128,510 < 300,000 | Not in Stage 2 (Price > SMA10W > SMA30W)
[QUESS.NS] ❌ FAILED: Too close to 52WH: -12.31% | Not in Stage 2 (Price > SMA10W > SMA30W)
[JUMBO.BO] ❌ FAILED: Too close to 52WH: -13.58% | AvgVol10 2,430 < 300,000
[BLUESTONE.NS] ❌ FAILED: Too close to 52WH: -18.94% | Not in Stage 2 (Price > SMA10W > SMA30W)
[INOXINDIA.NS] ❌ FAILED: Too close to 52WH: -12.33% | Not in Stage 2 (Price > SMA10W > SMA30W)
[NRAIL.NS] ❌ FAILED: Too close to 52WH: -8.32% | AvgVol10 31,230 < 300,000
[SENORES.NS] ❌ FAILED: Too close to 52WH: -15.46% | AvgVol10 229,810 < 300,000 | Not in Stage 2 (Price > SMA10W > SMA30W)
[SHAREINDIA.NS] ❌ FAILED: Too close to 52WH: -11.68%
[INCON.BO] ❌ FAILED: Price $24.37 < $30.0 | AvgVol10 570 < 300,000 | Not in Stage 2 (Price > SMA10W > SMA30W)
[CFEL.NS] ❌ FAILED: Recovery 59.52% < 60.0% | Too close to 52WH: -14.92% | AvgVol10 41,890 < 300,000 | Not in Stage 2 (Price > SMA10W > SMA30W)
[ENGINERSIN.NS] ❌ FAILED: Too close to 52WH: -2.33%
[KRN.NS] ❌ FAILED: Too close to 52WH: -17.76% | AvgVol10 242,870 < 300,000 | Not in Stage 2 (Price > SMA10W > SMA30W)
[VALIANTORG.NS] ❌ FAILED: Too close to 52WH: -10.03% | AvgVol10 91,810 < 300,000
[NILKAMAL.NS] ❌ FAILED: Too close to 52WH: -10.77% | AvgVol10 24,590 < 300,000 | Not in Stage 2 (Price > SMA10W > SMA30W)
[CHOKSILA.BO] ❌ FAILED: Too close to 52WH: -13.67% | AvgVol10 18,500 < 300,000
[PANACHE.NS] ❌ FAILED: Too close to 52WH: -7.94% | AvgVol10 6,620 < 300,000
[RBZJEWEL.NS] ❌ FAILED: Too close to 52WH: -7.23% | AvgVol10 70,840 < 300,000
[CHANDNIMACH.BO] ❌ FAILED: Too close to 52WH: -25.64% | AvgVol10 15,950 < 300,000 | Not in Stage 2 (Price > SMA10W > SMA30W)
[ACMESOLAR.NS] ❌ FAILED: Too close to 52WH: -8.18%
[RAIN.NS] ❌ FAILED: Too close to 52WH: -14.5%
[IYKOTHITE.BO] ❌ FAILED: Price $23.26 < $30.0 | Too close to 52WH: 0.0% | AvgVol10 500 < 300,000
[KIRLOSENG.NS] ❌ FAILED: Too close to 52WH: -21.28% | Not in Stage 2 (Price > SMA10W > SMA30W)
[EMAMIPAP.NS] ❌ FAILED: Too close to 52WH: -12.19% | AvgVol10 23,260 < 300,000
[UFLEX.NS] ❌ FAILED: Too close to 52WH: -11.27% | AvgVol10 136,470 < 300,000
[SATANIBRG.BO] ❌ FAILED: Too close to 52WH: -5.64% | AvgVol10 110 < 300,000
[MOLDTECH.NS] ❌ FAILED: Too close to 52WH: -13.09% | AvgVol10 29,730 < 300,000
[EIGHTY.BO] ❌ FAILED: Too close to 52WH: -3.81% | AvgVol10 2,700 < 300,000
[GLAND.NS] ❌ FAILED: Too close to 52WH: -4.8%
[APIL.BO] ❌ FAILED: Too close to 52WH: 0.0% | AvgVol10 10 < 300,000
[VICTMILL.BO] ❌ FAILED: Too close to 52WH: -13.69% | AvgVol10 90 < 300,000
[DYNAMATECH.NS] ❌ FAILED: Too close to 52WH: -2.67% | AvgVol10 25,780 < 300,000
[VEL.BO] ❌ FAILED: Too close to 52WH: -10.5% | AvgVol10 16,870 < 300,000 | Not in Stage 2 (Price > SMA10W > SMA30W)
[ARTEMISMED.NS] ❌ FAILED: Too close to 52WH: -3.41%
[DACHEPALLI.BO] ❌ FAILED: Too close to 52WH: -1.04% | AvgVol10 16,320 < 300,000
[SWARAJ.NS] ❌ FAILED: Too close to 52WH: -8.09% | AvgVol10 201,610 < 300,000
[YUKEN.NS] ❌ FAILED: Too close to 52WH: -2.43% | AvgVol10 27,310 < 300,000
[YATHARTH.NS] ❌ FAILED: Too close to 52WH: -7.06%
[QUADFUTURE.NS] ❌ FAILED: Too close to 52WH: -5.91%
[CHEMBONDCH.NS] ❌ FAILED: Too close to 52WH: -16.41% | AvgVol10 7,330 < 300,000 | Not in Stage 2 (Price > SMA10W > SMA30W)
[SMARTLINK.NS] ❌ FAILED: Too close to 52WH: -13.76% | AvgVol10 6,060 < 300,000 | Not in Stage 2 (Price > SMA10W > SMA30W)
[SHALPAINTS.NS] ❌ FAILED: Too close to 52WH: -22.46% | AvgVol10 70,880 < 300,000 | Not in Stage 2 (Price > SMA10W > SMA30W)
[KTKBANK.NS] ❌ FAILED: Too close to 52WH: -6.95%
[CAPRIHANS.BO] ❌ FAILED: Too close to 52WH: -16.71% | AvgVol10 1,400 < 300,000
[SHIVALIK.NS] ❌ FAILED: Too close to 52WH: -13.39% | AvgVol10 157,200 < 300,000
[SONAMLTD.NS] ❌ FAILED: Too close to 52WH: -13.42% | AvgVol10 44,980 < 300,000
[UNJHAFOR.BO] ❌ FAILED: Too close to 52WH: -13.41% | AvgVol10 3,830 < 300,000
[CPCAP.NS] ❌ FAILED: Too close to 52WH: -6.4% | AvgVol10 72,660 < 300,000
[SAMBHV.NS] ❌ FAILED: Too close to 52WH: -5.03%
[VARROC.NS] ❌ FAILED: Too close to 52WH: -7.0% | AvgVol10 291,830 < 300,000
[LALITHAA.NS] ❌ FAILED: Recovery 48.6% < 60.0% | Too close to 52WH: -8.19% | Not in Stage 2 (Price > SMA10W > SMA30W)
[EFORU.BO] ❌ FAILED: Too close to 52WH: -5.07% | AvgVol10 180 < 300,000
[ROLEXRINGS.NS] ❌ FAILED: Too close to 52WH: -2.52%
[SREEL.NS] ❌ FAILED: Too close to 52WH: -25.98% | AvgVol10 16,030 < 300,000
[UML.BO] ❌ FAILED: AvgVol10 134,200 < 300,000
[ZKHANDEN.BO] ❌ FAILED: Too close to 52WH: -7.92% | AvgVol10 230 < 300,000 | Not in Stage 2 (Price > SMA10W > SMA30W)
[SHUKRAPHAR.NS] ❌ FAILED: Recovery 48.35% < 60.0% | Too close to 52WH: -1.75% | Not in Stage 2 (Price > SMA10W > SMA30W)
[IGPL.NS] ❌ FAILED: Too close to 52WH: -4.65% | AvgVol10 116,370 < 300,000
[CEMPRO.NS] ❌ FAILED: Too close to 52WH: -25.75% | AvgVol10 231,420 < 300,000 | Not in Stage 2 (Price > SMA10W > SMA30W)
[SOFTTECH.NS] ❌ FAILED: Too close to 52WH: -9.17% | AvgVol10 11,700 < 300,000
[CHMBBRW.BO] ❌ FAILED: AvgVol10 9,700 < 300,000 | Not in Stage 2 (Price > SMA10W > SMA30W)
[ELANTAS.NS] ❌ FAILED: Recovery 55.27% < 60.0% | Too close to 52WH: -8.79% | AvgVol10 3,800 < 300,000 | Not in Stage 2 (Price > SMA10W > SMA30W)
[ECOFINITY.BO] ❌ FAILED: Too close to 52WH: -5.51% | AvgVol10 13,830 < 300,000 | Not in Stage 2 (Price > SMA10W > SMA30W)
[HOCL.BO] ❌ FAILED: Too close to 52WH: -4.48% | AvgVol10 263,620 < 300,000
[VIDYAWIRES.NS] ❌ FAILED: Too close to 52WH: -22.39%
[AMS.BO] ❌ FAILED: AvgVol10 640 < 300,000 | Not in Stage 2 (Price > SMA10W > SMA30W)
[RGL.NS] ❌ FAILED: Too close to 52WH: -6.08%
[KROSS.NS] ❌ FAILED: Too close to 52WH: -8.05%
[RSL.NS] ❌ FAILED: Too close to 52WH: -17.21% | Not in Stage 2 (Price > SMA10W > SMA30W)
[OMAXAUTO.NS] ❌ FAILED: Too close to 52WH: -23.86% | AvgVol10 108,370 < 300,000
[WELENT.NS] ❌ FAILED: Too close to 52WH: -10.98%
[THANGAMAYL.NS] ❌ FAILED: AvgVol10 103,000 < 300,000 | Not in Stage 2 (Price > SMA10W > SMA30W)
[ICIL.NS] ❌ FAILED: Too close to 52WH: -9.41%
[SRGFFL.BO] ❌ FAILED: Too close to 52WH: -16.32% | AvgVol10 3,600 < 300,000
[NINSYS.NS] ❌ FAILED: Too close to 52WH: -24.48% | AvgVol10 2,760 < 300,000 | Not in Stage 2 (Price > SMA10W > SMA30W)
[CHORDIA.BO] ❌ FAILED: Too close to 52WH: -12.91% | AvgVol10 2,080 < 300,000
[MANALIPETC.NS] ❌ FAILED: Too close to 52WH: -11.81%
[MCX.NS] ❌ FAILED: Too close to 52WH: -6.26%
[CLEANMAX.NS] ❌ FAILED: Too close to 52WH: -10.61%
[GVPIL.NS] ❌ FAILED: AvgVol10 188,750 < 300,000 | Not in Stage 2 (Price > SMA10W > SMA30W)
[PAYTM.NS] ❌ FAILED: Too close to 52WH: -11.84%
[NGLFINE.NS] ❌ FAILED: Too close to 52WH: -24.21% | AvgVol10 9,700 < 300,000 | Not in Stage 2 (Price > SMA10W > SMA30W)
[OMAXE.NS] ❌ FAILED: Too close to 52WH: -20.61% | Not in Stage 2 (Price > SMA10W > SMA30W)
[BRPL.BO] ❌ FAILED: Too close to 52WH: -5.14% | AvgVol10 14,420 < 300,000
[NCML.BO] ❌ FAILED: Too close to 52WH: -16.07% | AvgVol10 6,080 < 300,000
[APCOTEXIND.NS] ❌ FAILED: Too close to 52WH: -17.7% | AvgVol10 102,250 < 300,000 | Not in Stage 2 (Price > SMA10W > SMA30W)
[KINGFA.NS] ❌ FAILED: Too close to 52WH: -0.79% | AvgVol10 15,710 < 300,000
[ACCELERATE.BO] ❌ FAILED: AvgVol10 450 < 300,000 | Not in Stage 2 (Price > SMA10W > SMA30W)
[MPSLTD.NS] ❌ FAILED: Too close to 52WH: -11.66% | AvgVol10 10,200 < 300,000 | Not in Stage 2 (Price > SMA10W > SMA30W)
[OSCARGLO.BO] ❌ FAILED: Price $22.68 < $30.0 | Too close to 52WH: 0.0% | AvgVol10 550 < 300,000
[TARSONS.NS] ❌ FAILED: Too close to 52WH: -9.87%
[PARKHOSPS.NS] ❌ FAILED: Too close to 52WH: -9.34% | Not in Stage 2 (Price > SMA10W > SMA30W)
[AMAGI.NS] ❌ FAILED: Too close to 52WH: -23.01% | Not in Stage 2 (Price > SMA10W > SMA30W)
[LANCORHOL.NS] ❌ FAILED: Too close to 52WH: -22.97% | AvgVol10 89,640 < 300,000 | Not in Stage 2 (Price > SMA10W > SMA30W)
[AMANTA.NS] ❌ FAILED: Too close to 52WH: -12.84% | AvgVol10 29,860 < 300,000
[SRMCL.BO] ❌ FAILED: Too close to 52WH: -5.62% | AvgVol10 9,270 < 300,000
[STYLAMIND.NS] ❌ FAILED: Too close to 52WH: -20.93% | AvgVol10 52,260 < 300,000 | Not in Stage 2 (Price > SMA10W > SMA30W)
[LOTUSDEV.NS] ❌ FAILED: Too close to 52WH: -7.94%
[SEAMECLTD.NS] ❌ FAILED: Too close to 52WH: -8.91% | AvgVol10 52,890 < 300,000
[ARVIND.NS] ❌ FAILED: Too close to 52WH: -10.47% | Not in Stage 2 (Price > SMA10W > SMA30W)
[INTSTOIL.BO] ❌ FAILED: AvgVol10 2,180 < 300,000
[PASUPTAC.NS] ❌ FAILED: Too close to 52WH: -10.87%
[NAZARA.NS] ❌ FAILED: Too close to 52WH: -1.26%
[SMCGLOBAL.NS] ❌ FAILED: Too close to 52WH: -3.71%
[WOCKPHARMA.NS] ❌ FAILED: Too close to 52WH: -9.69%
[KSR.NS] ❌ FAILED: Too close to 52WH: -24.04% | AvgVol10 57,380 < 300,000
[AUSTENG.NS] ❌ FAILED: Recovery 44.75% < 60.0% | Too close to 52WH: -10.54% | AvgVol10 43,200 < 300,000 | Not in Stage 2 (Price > SMA10W > SMA30W)
[VADILALIND.NS] ❌ FAILED: Too close to 52WH: -12.42% | AvgVol10 18,380 < 300,000 | Not in Stage 2 (Price > SMA10W > SMA30W)
[MAGNAELQ.BO] ❌ FAILED: Too close to 52WH: -11.83% | AvgVol10 2,060 < 300,000
[AERPACE.BO] ❌ FAILED: Too close to 52WH: -9.94%
[EASTSILK.NS] ❌ FAILED: Too close to 52WH: -25.44% | AvgVol10 2,250 < 300,000
[ADCINDIA.BO] ❌ FAILED: Too close to 52WH: -12.07% | AvgVol10 1,040 < 300,000
[ISTRNETWK.BO] ❌ FAILED: AvgVol10 30,340 < 300,000 | Not in Stage 2 (Price > SMA10W > SMA30W)
[3IINFOLTD.NS] ❌ FAILED: Price $23.99 < $30.0 | Too close to 52WH: -13.71% | Not in Stage 2 (Price > SMA10W > SMA30W)
[PAR.NS] ❌ FAILED: AvgVol10 20,700 < 300,000
[PALCO.BO] ❌ FAILED: Too close to 52WH: -12.24% | AvgVol10 2,560 < 300,000
[ASKAUTOLTD.NS] ❌ FAILED: Too close to 52WH: -5.43%
[ANG.BO] ❌ FAILED: Too close to 52WH: -17.35% | AvgVol10 4,180 < 300,000
[JNKINDIA.NS] ❌ FAILED: Too close to 52WH: -24.73% | AvgVol10 124,660 < 300,000 | Not in Stage 2 (Price > SMA10W > SMA30W)
[MACIND.BO] ❌ FAILED: Too close to 52WH: -15.22% | AvgVol10 60 < 300,000
[TCPLPACK.NS] ❌ FAILED: Too close to 52WH: -9.59% | AvgVol10 7,170 < 300,000
[MAXESTATES.NS] ❌ FAILED: Too close to 52WH: -12.4% | AvgVol10 283,140 < 300,000
[TALBROAUTO.NS] ❌ FAILED: Too close to 52WH: -9.87%
[ARVEE.NS] ❌ FAILED: Too close to 52WH: -19.35% | AvgVol10 43,700 < 300,000
[DHAMPURE.BO] ❌ FAILED: Too close to 52WH: -12.87% | AvgVol10 14,320 < 300,000
[CRSTCHM.BO] ❌ FAILED: Too close to 52WH: -13.62% | AvgVol10 5,740 < 300,000
[ELPROINTL.NS] ❌ FAILED: Too close to 52WH: -4.63% | AvgVol10 8,300 < 300,000 | Not in Stage 2 (Price > SMA10W > SMA30W)
[HIPOLIN.BO] ❌ FAILED: Too close to 52WH: -25.12% | AvgVol10 1,040 < 300,000 | Not in Stage 2 (Price > SMA10W > SMA30W)
[SIGIND.NS] ❌ FAILED: Too close to 52WH: -7.93% | AvgVol10 18,370 < 300,000
[COLINZ.BO] ❌ FAILED: Too close to 52WH: -15.03% | AvgVol10 1,430 < 300,000 | Not in Stage 2 (Price > SMA10W > SMA30W)
[SAHYADRI.NS] ❌ FAILED: Too close to 52WH: -14.1% | AvgVol10 9,240 < 300,000 | Not in Stage 2 (Price > SMA10W > SMA30W)
[SHRIPISTON.NS] ❌ FAILED: Too close to 52WH: -4.08% | AvgVol10 78,180 < 300,000
[NAVINFLUOR.NS] ❌ FAILED: Too close to 52WH: -5.78% | AvgVol10 125,300 < 300,000
[3BBLACKBIO.NS] ❌ FAILED: Recovery 44.14% < 60.0% | Too close to 52WH: -0.89% | AvgVol10 9,390 < 300,000 | Not in Stage 2 (Price > SMA10W > SMA30W)
[LUMAXTECH.NS] ❌ FAILED: Too close to 52WH: -7.21% | AvgVol10 152,360 < 300,000
[BALRAMCHIN.NS] ❌ FAILED: Too close to 52WH: -12.84%
[RISHIROOP.BO] ❌ FAILED: Too close to 52WH: -9.79% | AvgVol10 10,740 < 300,000
[CAPLIPOINT.NS] ❌ FAILED: Too close to 52WH: -4.55% | AvgVol10 278,110 < 300,000
[IL&FSENGG.NS] ❌ FAILED: Too close to 52WH: -11.99% | AvgVol10 39,840 < 300,000
[SATIN.NS] ❌ FAILED: Too close to 52WH: -14.5% | AvgVol10 176,230 < 300,000
[BALPHARMA.NS] ❌ FAILED: Too close to 52WH: -15.91% | AvgVol10 97,210 < 300,000
[ALUFLUOR.NS] ❌ FAILED: Recovery 40.63% < 60.0% | Too close to 52WH: -6.16% | AvgVol10 10,620 < 300,000 | Not in Stage 2 (Price > SMA10W > SMA30W)
[CALLISTA.BO] ❌ FAILED: AvgVol10 7,690 < 300,000 | Not in Stage 2 (Price > SMA10W > SMA30W)
[NEULANDLAB.NS] ❌ FAILED: Too close to 52WH: -11.5% | AvgVol10 47,940 < 300,000 | Not in Stage 2 (Price > SMA10W > SMA30W)
[RAAJMEDI.BO] ❌ FAILED: Recovery 48.25% < 60.0% | Too close to 52WH: -9.05% | AvgVol10 1,000 < 300,000
[PATELSAI.BO] ❌ FAILED: Too close to 52WH: -7.65% | AvgVol10 41,190 < 300,000
[SOMANYCERA.NS] ❌ FAILED: Too close to 52WH: -1.16% | AvgVol10 151,400 < 300,000
[BHEL.NS] ❌ FAILED: Too close to 52WH: -7.75% | Not in Stage 2 (Price > SMA10W > SMA30W)
[PCCOSMA.BO] ❌ FAILED: Too close to 52WH: -13.51% | AvgVol10 1,460 < 300,000
[LENSKART.NS] ❌ FAILED: Too close to 52WH: -9.63%
[MIDEASTP.BO] ❌ FAILED: AvgVol10 3,900 < 300,000 | Not in Stage 2 (Price > SMA10W > SMA30W)
[SUSAN.BO] ❌ FAILED: Recovery 59.08% < 60.0% | Too close to 52WH: -21.62% | AvgVol10 98,200 < 300,000 | Not in Stage 2 (Price > SMA10W > SMA30W)
[GSBFIN.BO] ❌ FAILED: Recovery 59.29% < 60.0% | Too close to 52WH: -19.61% | AvgVol10 1,230 < 300,000
[IKOMA.BO] ❌ FAILED: AvgVol10 106,690 < 300,000 | Not in Stage 2 (Price > SMA10W > SMA30W)
[HONASA.NS] ❌ FAILED: Too close to 52WH: -8.58% | Not in Stage 2 (Price > SMA10W > SMA30W)
[INLANPR.BO] ❌ FAILED: AvgVol10 90 < 300,000 | Not in Stage 2 (Price > SMA10W > SMA30W)
[FRATELLI.BO] ❌ FAILED: Too close to 52WH: -13.87% | AvgVol10 12,640 < 300,000
[BUILDPRO.NS] ❌ FAILED: Too close to 52WH: -8.93% | AvgVol10 80,950 < 300,000 | Not in Stage 2 (Price > SMA10W > SMA30W)
[MVGJL.NS] ❌ FAILED: Too close to 52WH: -7.71%
[ORCHPHARMA.NS] ❌ FAILED: Too close to 52WH: -10.5% | AvgVol10 199,000 < 300,000
[UNIFIED.BO] ❌ FAILED: Too close to 52WH: -3.12% | AvgVol10 198,560 < 300,000
[GOLKUNDIA.BO] ❌ FAILED: Too close to 52WH: -11.6% | AvgVol10 1,940 < 300,000
[ARIES.NS] ❌ FAILED: Too close to 52WH: -10.34% | AvgVol10 14,300 < 300,000
[CRAFTSMAN.NS] ❌ FAILED: Too close to 52WH: -12.21% | AvgVol10 66,920 < 300,000 | Not in Stage 2 (Price > SMA10W > SMA30W)
[CONSOFINVT.NS] ❌ FAILED: Too close to 52WH: -13.72% | AvgVol10 6,490 < 300,000 | Not in Stage 2 (Price > SMA10W > SMA30W)
[ATLANTAELE.NS] ❌ FAILED: Too close to 52WH: -25.05% | AvgVol10 94,260 < 300,000 | Not in Stage 2 (Price > SMA10W > SMA30W)
[MNIL.BO] ❌ FAILED: Too close to 52WH: -14.5% | AvgVol10 39,050 < 300,000 | Not in Stage 2 (Price > SMA10W > SMA30W)
[RACLGEAR.NS] ❌ FAILED: Too close to 52WH: -16.32% | AvgVol10 97,840 < 300,000
[SIMPLEXCAS.BO] ❌ FAILED: Too close to 52WH: -8.7%
[PURPLEFIN.BO] ❌ FAILED: Too close to 52WH: -8.27% | AvgVol10 34,120 < 300,000 | Not in Stage 2 (Price > SMA10W > SMA30W)
[RADICO.NS] ❌ FAILED: Too close to 52WH: -5.66% | AvgVol10 293,030 < 300,000 | Not in Stage 2 (Price > SMA10W > SMA30W)
[KALYANKJIL.NS] ❌ FAILED: Too close to 52WH: -13.09% | Not in Stage 2 (Price > SMA10W > SMA30W)
[NIRAJISPAT.NS] ❌ FAILED: AvgVol10 470 < 300,000
[COSMICCRF.BO] ❌ FAILED: Too close to 52WH: -14.07% | AvgVol10 7,550 < 300,000 | Not in Stage 2 (Price > SMA10W > SMA30W)
[GROVY.BO] ❌ FAILED: Too close to 52WH: -23.09% | AvgVol10 1,580 < 300,000 | Not in Stage 2 (Price > SMA10W > SMA30W)
[APOLLO.NS] ❌ FAILED: Too close to 52WH: -12.48%
[NOVATEOR.BO] ❌ FAILED: Too close to 52WH: 0.0% | AvgVol10 140 < 300,000
[SHANTIGEAR.NS] ❌ FAILED: Too close to 52WH: -14.76% | AvgVol10 91,900 < 300,000
[EMUDHRA.NS] ❌ FAILED: Too close to 52WH: -6.03%
[HIRECT.NS] ❌ FAILED: Too close to 52WH: -15.7% | AvgVol10 39,770 < 300,000 | Not in Stage 2 (Price > SMA10W > SMA30W)
[VIJAYA.NS] ❌ FAILED: Too close to 52WH: -5.79% | AvgVol10 152,390 < 300,000
[ORIENTBELL.NS] ❌ FAILED: Too close to 52WH: -9.02% | AvgVol10 24,030 < 300,000
[SCAGRO.BO] ❌ FAILED: Too close to 52WH: -25.11% | AvgVol10 4,370 < 300,000
[FOSECOC.BO] ❌ FAILED: Too close to 52WH: -9.33% | AvgVol10 5,610 < 300,000
[AUSOMENT.NS] ❌ FAILED: Recovery 54.72% < 60.0% | Too close to 52WH: -19.16% | AvgVol10 4,930 < 300,000 | Not in Stage 2 (Price > SMA10W > SMA30W)
[AEGISVOPAK.NS] ❌ FAILED: Too close to 52WH: -6.98%
[ACEALPHA.BO] ❌ FAILED: Too close to 52WH: -4.64% | AvgVol10 12,400 < 300,000
[AARNAV.NS] ❌ FAILED: Too close to 52WH: -6.17% | AvgVol10 20,950 < 300,000
[SANCF.BO] ❌ FAILED: Too close to 52WH: -24.1% | AvgVol10 0 < 300,000 | Not in Stage 2 (Price > SMA10W > SMA30W)
[KWIL.NS] ❌ FAILED: Too close to 52WH: -21.45% | Not in Stage 2 (Price > SMA10W > SMA30W)
[HANNAH.BO] ❌ FAILED: Too close to 52WH: -16.58% | AvgVol10 19,400 < 300,000 | Not in Stage 2 (Price > SMA10W > SMA30W)
[HBEL.BO] ❌ FAILED: Price $28.50 < $30.0 | AvgVol10 1,000 < 300,000
[SRIKPRIND.NS] ❌ FAILED: Price $27.78 < $30.0 | Recovery 43.2% < 60.0% | Too close to 52WH: -24.51% | AvgVol10 8,980 < 300,000 | Not in Stage 2 (Price > SMA10W > SMA30W)
[ONEPOINT.NS] ❌ FAILED: Too close to 52WH: -4.1%
[BAJAJCON.NS] ❌ FAILED: Not in Stage 2 (Price > SMA10W > SMA30W)
[PLAZACABLE.NS] ❌ FAILED: Too close to 52WH: -13.56% | AvgVol10 102,010 < 300,000
[SHAHALLOYS.NS] ❌ FAILED: Too close to 52WH: -23.5% | AvgVol10 40,320 < 300,000
[MONGIPA.BO] ❌ FAILED: Price $21.40 < $30.0 | Too close to 52WH: -6.96% | AvgVol10 2,080 < 300,000
[JTLIND.NS] ❌ FAILED: Too close to 52WH: -6.52%
[PRABHHANS.BO] ❌ FAILED: AvgVol10 11,830 < 300,000
[RAJSEC.BO] ❌ FAILED: Too close to 52WH: -12.24% | AvgVol10 118,820 < 300,000
[REGENCY.BO] ❌ FAILED: Too close to 52WH: -4.98% | AvgVol10 90,150 < 300,000
[PONNIERODE.NS] ❌ FAILED: Recovery 54.52% < 60.0% | Too close to 52WH: -14.29% | AvgVol10 42,860 < 300,000
[IFINSEC.BO] ❌ FAILED: Too close to 52WH: -12.3% | AvgVol10 450 < 300,000
[SPENTA.BO] ❌ FAILED: Too close to 52WH: -19.95% | AvgVol10 840 < 300,000
[SANGAMIND.NS] ❌ FAILED: Too close to 52WH: -6.42% | AvgVol10 61,250 < 300,000
[ASTRAMICRO.NS] ❌ FAILED: Too close to 52WH: -18.87% | AvgVol10 264,190 < 300,000 | Not in Stage 2 (Price > SMA10W > SMA30W)
[SMSPHARMA.NS] ❌ FAILED: Too close to 52WH: -6.53%
[EIMCOELECO.NS] ❌ FAILED: Too close to 52WH: -4.67% | AvgVol10 23,620 < 300,000
[SHRIDINE.BO] ❌ FAILED: Too close to 52WH: -7.34% | AvgVol10 1,050 < 300,000
[PAJSON.BO] ❌ FAILED: Too close to 52WH: -18.14% | AvgVol10 7,920 < 300,000
[SPECIALITY.NS] ❌ FAILED: Too close to 52WH: -9.89% | AvgVol10 27,000 < 300,000
[BEPL.NS] ❌ FAILED: Too close to 52WH: -9.47%
[MANORAMA.NS] ❌ FAILED: Too close to 52WH: -13.23% | AvgVol10 137,440 < 300,000
[SOLARA.NS] ❌ FAILED: Too close to 52WH: -4.87%
[HRMNYCP.BO] ❌ FAILED: Too close to 52WH: 0.0% | AvgVol10 30 < 300,000
[AAREYDRUGS.NS] ❌ FAILED: Too close to 52WH: -4.29% | AvgVol10 283,780 < 300,000
[WINDLAS.NS] ❌ FAILED: Recovery 58.09% < 60.0% | Too close to 52WH: -6.71% | AvgVol10 84,490 < 300,000
[HINDCON.NS] ❌ FAILED: Too close to 52WH: -19.58% | AvgVol10 56,090 < 300,000
[GSPCROP.NS] ❌ FAILED: Recovery 47.29% < 60.0% | AvgVol10 292,420 < 300,000 | Not in Stage 2 (Price > SMA10W > SMA30W)
[EMMFORCE.BO] ❌ FAILED: Too close to 52WH: -5.45% | AvgVol10 12,480 < 300,000
[GODAVARI.BO] ❌ FAILED: Too close to 52WH: -6.72% | AvgVol10 9,100 < 300,000 | Not in Stage 2 (Price > SMA10W > SMA30W)
[ALIVUS.NS] ❌ FAILED: Too close to 52WH: -9.93% | AvgVol10 125,340 < 300,000 | Not in Stage 2 (Price > SMA10W > SMA30W)
[MOTHERSON.NS] ❌ FAILED: Too close to 52WH: -6.29% | Not in Stage 2 (Price > SMA10W > SMA30W)
[MAZDA.NS] ❌ FAILED: Too close to 52WH: -7.42% | AvgVol10 83,950 < 300,000
[STYLEBAAZA.NS] ❌ FAILED: Too close to 52WH: -11.76%
[KANPRPLA.NS] ❌ FAILED: Too close to 52WH: -11.39% | AvgVol10 29,150 < 300,000
[VLL.BO] ❌ FAILED: Too close to 52WH: -21.62% | AvgVol10 10 < 300,000 | Not in Stage 2 (Price > SMA10W > SMA30W)
[MSTCLTD.NS] ❌ FAILED: Too close to 52WH: -11.75% | AvgVol10 257,330 < 300,000
[RSWM.NS] ❌ FAILED: Too close to 52WH: -11.2% | AvgVol10 94,300 < 300,000
[HRS.BO] ❌ FAILED: Too close to 52WH: -12.17% | AvgVol10 44,760 < 300,000
[RPGLIFE.NS] ❌ FAILED: Too close to 52WH: -5.52% | AvgVol10 48,940 < 300,000
[PFOCUS.NS] ❌ FAILED: Too close to 52WH: -14.11%
[PRABHA.NS] ❌ FAILED: Too close to 52WH: -15.0% | AvgVol10 178,760 < 300,000
[GRAPHITE.NS] ❌ FAILED: Recovery 54.78% < 60.0% | Too close to 52WH: -8.62%
[CARNATIN.BO] ❌ FAILED: Too close to 52WH: 0.0% | AvgVol10 130 < 300,000
[SHILINDORE.BO] ❌ FAILED: Too close to 52WH: -7.69% | AvgVol10 50 < 300,000
[SSDL.NS] ❌ FAILED: Too close to 52WH: -10.11% | AvgVol10 138,090 < 300,000
[JASH.NS] ❌ FAILED: Too close to 52WH: -2.36%
[RBA.NS] ❌ FAILED: Too close to 52WH: -17.58% | Not in Stage 2 (Price > SMA10W > SMA30W)
[RKFORGE.NS] ❌ FAILED: Recovery 52.8% < 60.0% | Too close to 52WH: -9.02% | Not in Stage 2 (Price > SMA10W > SMA30W)
[UNIABEXAL.BO] ❌ FAILED: Too close to 52WH: -18.44% | AvgVol10 830 < 300,000 | Not in Stage 2 (Price > SMA10W > SMA30W)
[ARCHITORG.BO] ❌ FAILED: Too close to 52WH: -13.04% | AvgVol10 30,300 < 300,000 | Not in Stage 2 (Price > SMA10W > SMA30W)
[TITANBIO.BO] ❌ FAILED: AvgVol10 15,570 < 300,000 | Not in Stage 2 (Price > SMA10W > SMA30W)
[ESHAMEDIA.BO] ❌ FAILED: AvgVol10 52,730 < 300,000 | Not in Stage 2 (Price > SMA10W > SMA30W)
[APOLLOPIPE.NS] ❌ FAILED: Too close to 52WH: -22.07% | AvgVol10 252,610 < 300,000 | Not in Stage 2 (Price > SMA10W > SMA30W)
[JINDALSAW.NS] ❌ FAILED: Too close to 52WH: -13.7% | Not in Stage 2 (Price > SMA10W > SMA30W)
[GALAPREC.NS] ❌ FAILED: Too close to 52WH: -9.51% | AvgVol10 49,750 < 300,000
[ALCHCORP.BO] ❌ FAILED: Recovery 54.95% < 60.0% | Too close to 52WH: 0.0% | AvgVol10 190 < 300,000
[MODAIRY.BO] ❌ FAILED: Too close to 52WH: -14.21% | AvgVol10 114,920 < 300,000
[OILCOUNTUB.NS] ❌ FAILED: Too close to 52WH: -10.38% | AvgVol10 42,710 < 300,000
[SHAMROIN.BO] ❌ FAILED: Price $27.25 < $30.0 | Recovery 54.83% < 60.0% | Too close to 52WH: 0.0% | AvgVol10 140 < 300,000
[GOODRICKE.BO] ❌ FAILED: Recovery 58.75% < 60.0% | Too close to 52WH: -9.78% | AvgVol10 6,110 < 300,000
[MARBLE.BO] ❌ FAILED: Too close to 52WH: -8.38% | AvgVol10 54,260 < 300,000
[EMAINDIA.BO] ❌ FAILED: AvgVol10 500 < 300,000 | Not in Stage 2 (Price > SMA10W > SMA30W)
[CHATHA.BO] ❌ FAILED: Too close to 52WH: -17.06% | AvgVol10 9,200 < 300,000 | Not in Stage 2 (Price > SMA10W > SMA30W)
[APOLLOFI.BO] ❌ FAILED: Too close to 52WH: -19.44% | AvgVol10 2,540 < 300,000
[PTCIL.NS] ❌ FAILED: Recovery 49.56% < 60.0% | Too close to 52WH: -10.11% | AvgVol10 18,280 < 300,000
[BGDL.BO] ❌ FAILED: AvgVol10 126,040 < 300,000
[SHREEPAC.BO] ❌ FAILED: AvgVol10 10,320 < 300,000
[AVTNPL.NS] ❌ FAILED: Too close to 52WH: -15.09%
[STALLION.NS] ❌ FAILED: AvgVol10 290,100 < 300,000 | Not in Stage 2 (Price > SMA10W > SMA30W)
[MUKANDLTD.NS] ❌ FAILED: Recovery 49.62% < 60.0% | Too close to 52WH: -1.68%
[VEGA.BO] ❌ FAILED: Too close to 52WH: 0.0% | AvgVol10 2,960 < 300,000
[RAPID.BO] ❌ FAILED: Too close to 52WH: -5.58% | AvgVol10 560 < 300,000 | Not in Stage 2 (Price > SMA10W > SMA30W)
[BIL.NS] ❌ FAILED: Too close to 52WH: -12.94% | AvgVol10 8,740 < 300,000
[EXPOEAPL.BO] ❌ FAILED: Too close to 52WH: -16.49% | AvgVol10 5,990 < 300,000
[UNIVSTAR.BO] ❌ FAILED: Too close to 52WH: -8.25% | AvgVol10 760 < 300,000
[AASHKA.BO] ❌ FAILED: Too close to 52WH: -3.18% | AvgVol10 4,200 < 300,000
[PAUSHAKLTD.NS] ❌ FAILED: Too close to 52WH: -20.68% | AvgVol10 35,560 < 300,000 | Not in Stage 2 (Price > SMA10W > SMA30W)
[PNGSREVA.NS] ❌ FAILED: Recovery 56.07% < 60.0% | Too close to 52WH: -21.42% | AvgVol10 153,150 < 300,000 | Not in Stage 2 (Price > SMA10W > SMA30W)
[RTSPOWR.NS] ❌ FAILED: Too close to 52WH: 0.0% | AvgVol10 4,030 < 300,000 | Not in Stage 2 (Price > SMA10W > SMA30W)
[CTE.NS] ❌ FAILED: AvgVol10 9,160 < 300,000 | Not in Stage 2 (Price > SMA10W > SMA30W)
[SGRL.NS] ❌ FAILED: Recovery 38.79% < 60.0% | Too close to 52WH: -9.31% | AvgVol10 27,000 < 300,000 | Not in Stage 2 (Price > SMA10W > SMA30W)
[JSTL.BO] ❌ FAILED: Too close to 52WH: -17.84% | AvgVol10 24,330 < 300,000 | Not in Stage 2 (Price > SMA10W > SMA30W)
[ABDL.NS] ❌ FAILED: Too close to 52WH: -4.03%
[TNSTLTU.BO] ❌ FAILED: AvgVol10 150 < 300,000
[RIDDHI.BO] ❌ FAILED: Too close to 52WH: -16.02% | AvgVol10 580 < 300,000 | Not in Stage 2 (Price > SMA10W > SMA30W)
[ALKALI.NS] ❌ FAILED: Too close to 52WH: -11.95% | AvgVol10 144,270 < 300,000
[CARBORUNIV.NS] ❌ FAILED: Too close to 52WH: -8.85%
[SUDARSHAN.BO] ❌ FAILED: Too close to 52WH: -10.61% | AvgVol10 206,400 < 300,000
[RELIABVEN.BO] ❌ FAILED: Too close to 52WH: -17.73% | AvgVol10 13,910 < 300,000
[VETO.NS] ❌ FAILED: Too close to 52WH: -5.26% | AvgVol10 162,320 < 300,000
[DYNAVSN.BO] ❌ FAILED: Too close to 52WH: -4.02% | AvgVol10 580 < 300,000
[SOLARINDS.NS] ❌ FAILED: Too close to 52WH: -15.64% | Not in Stage 2 (Price > SMA10W > SMA30W)
[INANISEC.BO] ❌ FAILED: Price $29.20 < $30.0 | Recovery 58.18% < 60.0% | Too close to 52WH: -13.76% | AvgVol10 110 < 300,000
[REXNORD.BO] ❌ FAILED: Too close to 52WH: -13.12% | AvgVol10 21,080 < 300,000
[ANANDRATHI.NS] ❌ FAILED: Recovery 58.53% < 60.0% | Too close to 52WH: -5.39% | Not in Stage 2 (Price > SMA10W > SMA30W)
[ALPHAGEO.NS] ❌ FAILED: Too close to 52WH: -26.75% | AvgVol10 5,440 < 300,000 | Not in Stage 2 (Price > SMA10W > SMA30W)
[NGIL.NS] ❌ FAILED: Too close to 52WH: -6.13% | AvgVol10 47,550 < 300,000
[SHOORA.BO] ❌ FAILED: Too close to 52WH: -15.78% | AvgVol10 2,330 < 300,000
[GOODLUCK.NS] ❌ FAILED: Too close to 52WH: -6.35%
[BOSCHLTD.NS] ❌ FAILED: Too close to 52WH: -5.96% | AvgVol10 20,800 < 300,000
[GRANULES.NS] ❌ FAILED: Too close to 52WH: -7.82% | Not in Stage 2 (Price > SMA10W > SMA30W)
[BETXIND.BO] ❌ FAILED: Too close to 52WH: -21.3% | AvgVol10 30 < 300,000
[SUNDRMFAST.NS] ❌ FAILED: Recovery 59.79% < 60.0% | Too close to 52WH: -13.41% | AvgVol10 195,390 < 300,000 | Not in Stage 2 (Price > SMA10W > SMA30W)
[MKEXIM.NS] ❌ FAILED: Recovery 33.37% < 60.0% | Too close to 52WH: -3.68% | AvgVol10 21,290 < 300,000 | Not in Stage 2 (Price > SMA10W > SMA30W)
[DYCL.NS] ❌ FAILED: Too close to 52WH: -22.29% | Not in Stage 2 (Price > SMA10W > SMA30W)
[DATAPATTNS.NS] ❌ FAILED: Too close to 52WH: -14.46% | Not in Stage 2 (Price > SMA10W > SMA30W)
[STHINPA.BO] ❌ FAILED: Too close to 52WH: -12.28% | AvgVol10 6,890 < 300,000
[SOUTHBANK.NS] ❌ FAILED: Too close to 52WH: -4.03%
[JAYATMA.BO] ❌ FAILED: Price $26.02 < $30.0 | AvgVol10 20 < 300,000 | Not in Stage 2 (Price > SMA10W > SMA30W)
[MEEIND.BO] ❌ FAILED: Recovery 34.79% < 60.0% | Too close to 52WH: -14.76% | AvgVol10 7,150 < 300,000 | Not in Stage 2 (Price > SMA10W > SMA30W)
[PRICOLLTD.NS] ❌ FAILED: Recovery 50.65% < 60.0% | Too close to 52WH: -8.49% | AvgVol10 243,200 < 300,000 | Not in Stage 2 (Price > SMA10W > SMA30W)
[GNFC.NS] ❌ FAILED: Too close to 52WH: -2.41%
[AUROPHARMA.NS] ❌ FAILED: Recovery 59.12% < 60.0% | Too close to 52WH: -2.44%
[RBLBANK.NS] ❌ FAILED: Recovery 55.58% < 60.0% | Too close to 52WH: -5.26%
[HSCL.NS] ❌ FAILED: Too close to 52WH: -18.25% | Not in Stage 2 (Price > SMA10W > SMA30W)
[LALPATHLAB.NS] ❌ FAILED: Recovery 52.61% < 60.0% | Too close to 52WH: -4.73%
[TNPETRO.NS] ❌ FAILED: Recovery 58.88% < 60.0% | Too close to 52WH: -14.97%
[IKIO.NS] ❌ FAILED: Too close to 52WH: -16.41% | AvgVol10 273,790 < 300,000 | Not in Stage 2 (Price > SMA10W > SMA30W)
[SHREEPUSHK.NS] ❌ FAILED: Too close to 52WH: -8.87% | AvgVol10 100,670 < 300,000
[BENCHMARK.BO] ❌ FAILED: Too close to 52WH: -20.63% | AvgVol10 2,200 < 300,000 | Not in Stage 2 (Price > SMA10W > SMA30W)
[SPARC.NS] ✅ PASSED ALL FILTERS
[SUDARSCHEM.NS] ❌ FAILED: Too close to 52WH: -14.69% | AvgVol10 140,560 < 300,000
[JAIPAN.BO] ❌ FAILED: Too close to 52WH: -17.13% | AvgVol10 2,850 < 300,000 | Not in Stage 2 (Price > SMA10W > SMA30W)
[WABAG.NS] ❌ FAILED: Too close to 52WH: -14.74% | Not in Stage 2 (Price > SMA10W > SMA30W)
[PRABHATAM.BO] ❌ FAILED: Price $27.70 < $30.0 | Recovery 47.42% < 60.0% | Too close to 52WH: 0.0% | AvgVol10 20 < 300,000
[EMMVEE.NS] ❌ FAILED: Too close to 52WH: -15.07% | Not in Stage 2 (Price > SMA10W > SMA30W)
[DCMNVL.NS] ❌ FAILED: Too close to 52WH: -12.83% | AvgVol10 9,240 < 300,000 | Not in Stage 2 (Price > SMA10W > SMA30W)
[INFONATIVE.BO] ❌ FAILED: Recovery 57.62% < 60.0% | Too close to 52WH: -13.86% | AvgVol10 1,120 < 300,000
[SWATIPRO.BO] ❌ FAILED: Recovery 56.59% < 60.0% | AvgVol10 31,250 < 300,000 | Not in Stage 2 (Price > SMA10W > SMA30W)
[APMIN.BO] ❌ FAILED: Too close to 52WH: -4.92% | AvgVol10 6,540 < 300,000
[SMRUTHIORG.BO] ❌ FAILED: Too close to 52WH: -13.12% | AvgVol10 9,620 < 300,000
[SURAKSHA.NS] ❌ FAILED: Recovery 54.86% < 60.0% | Too close to 52WH: -3.6% | AvgVol10 107,250 < 300,000
[AARTISURF.NS] ❌ FAILED: Recovery 57.99% < 60.0% | Too close to 52WH: -26.33% | AvgVol10 14,390 < 300,000 | Not in Stage 2 (Price > SMA10W > SMA30W)
[PANORAMA.NS] ❌ FAILED: Recovery 48.12% < 60.0% | Too close to 52WH: -8.56% | Not in Stage 2 (Price > SMA10W > SMA30W)
[IDEAFORGE.NS] ❌ FAILED: AvgVol10 248,830 < 300,000 | Not in Stage 2 (Price > SMA10W > SMA30W)
[UNICHEMLAB.NS] ❌ FAILED: Too close to 52WH: -21.94% | AvgVol10 102,340 < 300,000
[PITTIENG.NS] ❌ FAILED: Too close to 52WH: -7.43% | AvgVol10 108,410 < 300,000
[VISHNU.NS] ❌ FAILED: Recovery 55.95% < 60.0% | Too close to 52WH: -7.0% | AvgVol10 75,290 < 300,000
[AARTIPHARM.NS] ❌ FAILED: Recovery 56.24% < 60.0% | Too close to 52WH: -4.99%
[MARIS.BO] ❌ FAILED: Too close to 52WH: -15.56% | AvgVol10 5,380 < 300,000
[RALEGRA.BO] ❌ FAILED: Too close to 52WH: -23.69% | AvgVol10 1,900 < 300,000 | Not in Stage 2 (Price > SMA10W > SMA30W)
[TAALTECH.NS] ❌ FAILED: Recovery 28.21% < 60.0% | Too close to 52WH: -13.36% | AvgVol10 100,110 < 300,000 | Not in Stage 2 (Price > SMA10W > SMA30W)
[INDBNK.BO] ❌ FAILED: Recovery 51.54% < 60.0% | Too close to 52WH: -13.54% | AvgVol10 600 < 300,000
[SCBL.BO] ❌ FAILED: Price $29.40 < $30.0 | AvgVol10 280 < 300,000 | Not in Stage 2 (Price > SMA10W > SMA30W)
[ARMAN.BO] ❌ FAILED: Too close to 52WH: -1.48% | AvgVol10 19,800 < 300,000
[DCBBANK.NS] ❌ FAILED: Too close to 52WH: -11.64%
[KVSCASTING.BO] ❌ FAILED: Too close to 52WH: -16.3% | AvgVol10 39,800 < 300,000 | Not in Stage 2 (Price > SMA10W > SMA30W)
[RETAGGIO.BO] ❌ FAILED: AvgVol10 2,100 < 300,000 | Not in Stage 2 (Price > SMA10W > SMA30W)
[CORONA.NS] ❌ FAILED: Recovery 53.62% < 60.0% | Too close to 52WH: -10.43% | AvgVol10 27,520 < 300,000 | Not in Stage 2 (Price > SMA10W > SMA30W)
[ARFIN.NS] ❌ FAILED: Too close to 52WH: -16.69% | Not in Stage 2 (Price > SMA10W > SMA30W)
[PIPAN.BO] ❌ FAILED: Too close to 52WH: 0.0% | AvgVol10 20 < 300,000
[CGCL.NS] ❌ FAILED: Too close to 52WH: -13.41% | Not in Stage 2 (Price > SMA10W > SMA30W)
[DHOOTTRANS.NS] ❌ FAILED: Recovery 33.0% < 60.0% | Too close to 52WH: -13.32% | Not in Stage 2 (Price > SMA10W > SMA30W)
[MRTX.BO] ❌ FAILED: Recovery 49.89% < 60.0% | Too close to 52WH: -12.31% | AvgVol10 164,700 < 300,000 | Not in Stage 2 (Price > SMA10W > SMA30W)
[MAIDEN.BO] ❌ FAILED: Recovery 55.07% < 60.0% | Too close to 52WH: -21.2% | AvgVol10 14,000 < 300,000 | Not in Stage 2 (Price > SMA10W > SMA30W)
[DHAMPURSUG.NS] ❌ FAILED: Recovery 56.75% < 60.0% | Too close to 52WH: -13.76%
[REMSONSIND.NS] ❌ FAILED: Too close to 52WH: -21.03%
[DBOL.NS] ❌ FAILED: Too close to 52WH: -11.68% | AvgVol10 148,860 < 300,000
[BELRISE.NS] ❌ FAILED: Too close to 52WH: -7.3%
[APOORVA.NS] ❌ FAILED: Recovery 39.31% < 60.0% | Too close to 52WH: -5.87% | AvgVol10 870 < 300,000 | Not in Stage 2 (Price > SMA10W > SMA30W)
[SOVERDIA.BO] ❌ FAILED: Price $28.09 < $30.0 | Recovery 54.26% < 60.0% | AvgVol10 2,270 < 300,000
[VALSONQ.BO] ❌ FAILED: Too close to 52WH: -16.32% | AvgVol10 1,950 < 300,000 | Not in Stage 2 (Price > SMA10W > SMA30W)
[ACE.NS] ❌ FAILED: Too close to 52WH: -4.35%
[SUBAM.BO] ❌ FAILED: Too close to 52WH: -6.67% | AvgVol10 14,720 < 300,000
[TIRTPLS.BO] ❌ FAILED: Price $26.42 < $30.0 | AvgVol10 8,350 < 300,000 | Not in Stage 2 (Price > SMA10W > SMA30W)
[ELLEN.NS] ✅ PASSED ALL FILTERS
[RISHILASE.BO] ❌ FAILED: Too close to 52WH: -0.61% | AvgVol10 24,620 < 300,000
[BBOX.NS] ✅ PASSED ALL FILTERS
[MVELECTRO.NS] ❌ FAILED: Recovery 52.23% < 60.0% | Too close to 52WH: -17.05% | Not in Stage 2 (Price > SMA10W > SMA30W)
[STOVEKRAFT.NS] ❌ FAILED: Too close to 52WH: -9.1% | AvgVol10 86,950 < 300,000 | Not in Stage 2 (Price > SMA10W > SMA30W)
[JYOTICNC.NS] ❌ FAILED: Too close to 52WH: -7.8%
[VEDANTASSET.BO] ❌ FAILED: AvgVol10 900 < 300,000 | Not in Stage 2 (Price > SMA10W > SMA30W)
[IPCALAB.NS] ❌ FAILED: Recovery 53.35% < 60.0% | Too close to 52WH: -5.82% | AvgVol10 298,510 < 300,000
[COFORGE.NS] ❌ FAILED: Too close to 52WH: -12.28% | Not in Stage 2 (Price > SMA10W > SMA30W)
[AEROENTER.NS] ❌ FAILED: Too close to 52WH: -23.77% | Not in Stage 2 (Price > SMA10W > SMA30W)
[ARCHIDPLY.NS] ❌ FAILED: Too close to 52WH: -17.65% | AvgVol10 14,950 < 300,000
[ACESOFT.BO] ❌ FAILED: AvgVol10 42,010 < 300,000
[DIFFNKG.NS] ❌ FAILED: Too close to 52WH: -14.57% | AvgVol10 108,950 < 300,000
[PJL.BO] ❌ FAILED: Recovery 55.5% < 60.0% | Too close to 52WH: 0.0% | AvgVol10 130 < 300,000
[FILTRON.BO] ❌ FAILED: AvgVol10 870 < 300,000 | Not in Stage 2 (Price > SMA10W > SMA30W)
[KILITCH.NS] ❌ FAILED: Too close to 52WH: -6.65% | AvgVol10 31,080 < 300,000
[SJS.NS] ❌ FAILED: Recovery 59.49% < 60.0% | Too close to 52WH: -12.68% | AvgVol10 198,130 < 300,000 | Not in Stage 2 (Price > SMA10W > SMA30W)
[WORKMATES.BO] ❌ FAILED: Recovery 56.04% < 60.0% | Too close to 52WH: -19.85% | AvgVol10 36,300 < 300,000
[TI.NS] ❌ FAILED: Recovery 47.2% < 60.0% | Too close to 52WH: -7.59%
[PARKERAC.BO] ❌ FAILED: Price $20.60 < $30.0 | Too close to 52WH: -12.27% | AvgVol10 460 < 300,000
[ITDC.NS] ❌ FAILED: Too close to 52WH: -19.4% | Not in Stage 2 (Price > SMA10W > SMA30W)
[IIRM.BO] ❌ FAILED: Too close to 52WH: -18.21% | AvgVol10 33,960 < 300,000 | Not in Stage 2 (Price > SMA10W > SMA30W)
[KHAITANLTD.NS] ❌ FAILED: Too close to 52WH: -17.59% | AvgVol10 2,600 < 300,000 | Not in Stage 2 (Price > SMA10W > SMA30W)
[DCMSIL.NS] ❌ FAILED: Recovery 59.56% < 60.0% | Too close to 52WH: -24.97% | AvgVol10 162,930 < 300,000
[MARALOVER.NS] ❌ FAILED: Too close to 52WH: -13.82% | AvgVol10 18,110 < 300,000
[DPABHUSHAN.NS] ❌ FAILED: Too close to 52WH: -16.87% | AvgVol10 22,600 < 300,000 | Not in Stage 2 (Price > SMA10W > SMA30W)
[SVLL.NS] ❌ FAILED: Too close to 52WH: -8.48% | AvgVol10 8,640 < 300,000
[RAYMONDREL.NS] ❌ FAILED: Too close to 52WH: -9.3%
[COCHINM.BO] ❌ FAILED: Recovery 56.85% < 60.0% | Too close to 52WH: -6.32% | AvgVol10 11,380 < 300,000
[SUPRIYA.NS] ❌ FAILED: Too close to 52WH: -9.24%
[ICDSLTD.NS] ❌ FAILED: Recovery 48.76% < 60.0% | AvgVol10 4,710 < 300,000
[DICIND.NS] ❌ FAILED: Recovery 41.43% < 60.0% | Too close to 52WH: -5.61% | AvgVol10 6,620 < 300,000
[KSL.NS] ❌ FAILED: Too close to 52WH: -7.8% | AvgVol10 178,750 < 300,000
[MAHESHWARI.NS] ❌ FAILED: Too close to 52WH: -6.77% | AvgVol10 8,130 < 300,000 | Not in Stage 2 (Price > SMA10W > SMA30W)
[HIMTEK.BO] ❌ FAILED: Recovery 45.31% < 60.0% | Too close to 52WH: -14.24% | AvgVol10 8,860 < 300,000 | Not in Stage 2 (Price > SMA10W > SMA30W)
[SHAILY.NS] ❌ FAILED: Too close to 52WH: -16.09% | AvgVol10 202,680 < 300,000 | Not in Stage 2 (Price > SMA10W > SMA30W)
[ANDHRSUGAR.NS] ❌ FAILED: Recovery 43.05% < 60.0% | Too close to 52WH: -11.28%
[SAMOR.BO] ❌ FAILED: Too close to 52WH: -6.05% | AvgVol10 380 < 300,000
[PRIMO.NS] ❌ FAILED: Price $28.13 < $30.0 | Too close to 52WH: -5.6%
[NETWEB.NS] ❌ FAILED: Recovery 56.39% < 60.0% | Too close to 52WH: -21.44% | Not in Stage 2 (Price > SMA10W > SMA30W)
[DHANCOT.BO] ❌ FAILED: AvgVol10 10 < 300,000 | Not in Stage 2 (Price > SMA10W > SMA30W)
[KERNEX.NS] ❌ FAILED: AvgVol10 127,690 < 300,000 | Not in Stage 2 (Price > SMA10W > SMA30W)
[GSLSEC.BO] ❌ FAILED: Too close to 52WH: -5.26% | AvgVol10 880 < 300,000 | Not in Stage 2 (Price > SMA10W > SMA30W)
[SGFIN.NS] ❌ FAILED: Too close to 52WH: -18.93% | AvgVol10 177,850 < 300,000 | Not in Stage 2 (Price > SMA10W > SMA30W)
[UCAL.NS] ❌ FAILED: Too close to 52WH: -13.65% | AvgVol10 9,800 < 300,000
[THELEELA.NS] ❌ FAILED: Recovery 42.5% < 60.0% | Too close to 52WH: -6.0% | AvgVol10 196,370 < 300,000
[JAYANT.BO] ❌ FAILED: Too close to 52WH: -25.06% | AvgVol10 6,900 < 300,000
[POWERINDIA.NS] ❌ FAILED: Too close to 52WH: -21.98% | AvgVol10 92,480 < 300,000 | Not in Stage 2 (Price > SMA10W > SMA30W)
[AMDIND.NS] ❌ FAILED: Too close to 52WH: -23.85% | AvgVol10 245,760 < 300,000
[ANSALBU.NS] ❌ FAILED: Recovery 27.94% < 60.0% | Too close to 52WH: -15.93% | AvgVol10 24,360 < 300,000 | Not in Stage 2 (Price > SMA10W > SMA30W)
[LAXMIPATI.BO] ❌ FAILED: Too close to 52WH: -22.91% | AvgVol10 110 < 300,000 | Not in Stage 2 (Price > SMA10W > SMA30W)
[DHOOTIN.BO] ❌ FAILED: Too close to 52WH: -18.69% | AvgVol10 2,050 < 300,000 | Not in Stage 2 (Price > SMA10W > SMA30W)
[STYL.NS] ❌ FAILED: Too close to 52WH: -15.34% | AvgVol10 152,700 < 300,000 | Not in Stage 2 (Price > SMA10W > SMA30W)
[BMW.BO] ❌ FAILED: Too close to 52WH: -19.37% | AvgVol10 127,430 < 300,000
[CEIGALL.NS] ❌ FAILED: Too close to 52WH: -6.69%
[TEXMOPIPES.NS] ❌ FAILED: Too close to 52WH: -13.98% | AvgVol10 280,810 < 300,000
[PURETROP.BO] ❌ FAILED: Too close to 52WH: -8.97% | AvgVol10 8,620 < 300,000
[ROBU.BO] ❌ FAILED: Too close to 52WH: -17.81% | AvgVol10 4,030 < 300,000 | Not in Stage 2 (Price > SMA10W > SMA30W)
[OFSS.NS] ❌ FAILED: Too close to 52WH: -13.88% | AvgVol10 270,220 < 300,000 | Not in Stage 2 (Price > SMA10W > SMA30W)
[MEESHO.NS] ❌ FAILED: Too close to 52WH: -14.77%
[GAUDIUMIVF.NS] ❌ FAILED: AvgVol10 253,310 < 300,000 | Not in Stage 2 (Price > SMA10W > SMA30W)
[OSWALEA.BO] ❌ FAILED: Recovery 40.64% < 60.0% | Too close to 52WH: 0.0% | AvgVol10 190 < 300,000
[NEPHROPLUS.NS] ❌ FAILED: Recovery 51.12% < 60.0% | Too close to 52WH: -13.76% | Not in Stage 2 (Price > SMA10W > SMA30W)
[LLOYDSENT.NS] ❌ FAILED: Too close to 52WH: -9.88%
[IIFL.NS] ❌ FAILED: Recovery 46.21% < 60.0% | Too close to 52WH: -15.16% | Not in Stage 2 (Price > SMA10W > SMA30W)
[POWERICA.NS] ❌ FAILED: Recovery 54.19% < 60.0% | Too close to 52WH: -16.84% | AvgVol10 132,030 < 300,000 | Not in Stage 2 (Price > SMA10W > SMA30W)
[LLOYDSME.NS] ❌ FAILED: Too close to 52WH: -13.59% | Not in Stage 2 (Price > SMA10W > SMA30W)
[MOBAVENUE.BO] ❌ FAILED: Recovery 53.17% < 60.0% | Too close to 52WH: -12.27% | AvgVol10 30,050 < 300,000
[PPLPHARMA.NS] ❌ FAILED: Recovery 56.15% < 60.0% | Too close to 52WH: -10.93% | Not in Stage 2 (Price > SMA10W > SMA30W)
[OCTAWARE.BO] ❌ FAILED: AvgVol10 150 < 300,000 | Not in Stage 2 (Price > SMA10W > SMA30W)
[KIRIINDUS.NS] ✅ PASSED ALL FILTERS
[SHARVAYA.BO] ❌ FAILED: Too close to 52WH: -26.91% | AvgVol10 25,260 < 300,000
[KUNSTOFF.BO] ❌ FAILED: Price $27.84 < $30.0 | Recovery 54.67% < 60.0% | Too close to 52WH: -14.34% | AvgVol10 3,070 < 300,000 | Not in Stage 2 (Price > SMA10W > SMA30W)
[ISFT.NS] ❌ FAILED: Too close to 52WH: -16.23% | AvgVol10 243,020 < 300,000
[EMCURE.NS] ❌ FAILED: Recovery 53.0% < 60.0% | Too close to 52WH: -8.23% | AvgVol10 299,730 < 300,000 | Not in Stage 2 (Price > SMA10W > SMA30W)
[GABRIEL.NS] ❌ FAILED: Too close to 52WH: -15.67% | Not in Stage 2 (Price > SMA10W > SMA30W)
[MANGLMCEM.NS] ❌ FAILED: Recovery 47.27% < 60.0% | Too close to 52WH: -10.67% | AvgVol10 50,230 < 300,000 | Not in Stage 2 (Price > SMA10W > SMA30W)
[GYANDEV.BO] ❌ FAILED: Too close to 52WH: -19.87% | AvgVol10 430 < 300,000
[NBL.BO] ❌ FAILED: Too close to 52WH: -18.54% | AvgVol10 7,440 < 300,000
[SANGHVIMOV.NS] ❌ FAILED: Too close to 52WH: -15.85% | AvgVol10 279,020 < 300,000 | Not in Stage 2 (Price > SMA10W > SMA30W)
[OMNITEX.BO] ❌ FAILED: Too close to 52WH: -16.22% | AvgVol10 1,170 < 300,000 | Not in Stage 2 (Price > SMA10W > SMA30W)
[63MOONS.NS] ❌ FAILED: Too close to 52WH: -14.55% | Not in Stage 2 (Price > SMA10W > SMA30W)
[ZYDUSLIFE.NS] ❌ FAILED: Recovery 45.42% < 60.0% | Too close to 52WH: -1.11%
[TIIL.NS] ❌ FAILED: Recovery 56.78% < 60.0% | Too close to 52WH: -17.84% | AvgVol10 35,050 < 300,000 | Not in Stage 2 (Price > SMA10W > SMA30W)
[KMSUGAR.NS] ❌ FAILED: Recovery 42.04% < 60.0% | Too close to 52WH: -10.49% | AvgVol10 247,260 < 300,000
[HESTERBIO.NS] ❌ FAILED: Too close to 52WH: -19.98% | AvgVol10 3,350 < 300,000 | Not in Stage 2 (Price > SMA10W > SMA30W)
[PROZONER.NS] ❌ FAILED: Recovery 42.25% < 60.0% | Too close to 52WH: -22.69% | Not in Stage 2 (Price > SMA10W > SMA30W)
[PKTEA.NS] ❌ FAILED: Too close to 52WH: -14.92% | AvgVol10 4,110 < 300,000
[ANL.BO] ❌ FAILED: Too close to 52WH: -13.8% | AvgVol10 7,300 < 300,000 | Not in Stage 2 (Price > SMA10W > SMA30W)
[SAENTER.BO] ❌ FAILED: Too close to 52WH: -9.29% | AvgVol10 50 < 300,000
[COCKERILL.NS] ❌ FAILED: Recovery 56.01% < 60.0% | AvgVol10 8,670 < 300,000 | Not in Stage 2 (Price > SMA10W > SMA30W)
[THYROCARE.NS] ❌ FAILED: Too close to 52WH: -17.18% | AvgVol10 217,710 < 300,000 | Not in Stage 2 (Price > SMA10W > SMA30W)
[SOTEFIN.BO] ❌ FAILED: Recovery 33.76% < 60.0% | Too close to 52WH: -16.04% | AvgVol10 36,960 < 300,000 | Not in Stage 2 (Price > SMA10W > SMA30W)
[ABHICAP.BO] ❌ FAILED: Recovery 59.34% < 60.0% | Too close to 52WH: -3.75% | AvgVol10 610 < 300,000 | Not in Stage 2 (Price > SMA10W > SMA30W)
[GENUSPRIME.BO] ❌ FAILED: AvgVol10 23,300 < 300,000 | Not in Stage 2 (Price > SMA10W > SMA30W)
[DIVSHKT.BO] ❌ FAILED: Recovery 41.59% < 60.0% | AvgVol10 2,110 < 300,000
[TOTAL.NS] ❌ FAILED: Recovery 56.31% < 60.0% | Too close to 52WH: -19.97% | AvgVol10 8,790 < 300,000
[PIRAMALFIN.NS] ❌ FAILED: Too close to 52WH: -7.63% | Not in Stage 2 (Price > SMA10W > SMA30W)
[VERANDA.NS] ❌ FAILED: Too close to 52WH: -12.65% | Not in Stage 2 (Price > SMA10W > SMA30W)
[PVRINOX.NS] ❌ FAILED: Recovery 35.0% < 60.0% | Too close to 52WH: -9.78%
[EXICOM.NS] ❌ FAILED: Too close to 52WH: -17.5% | Not in Stage 2 (Price > SMA10W > SMA30W)
[SCHNEIDER.NS] ❌ FAILED: Too close to 52WH: -23.24% | AvgVol10 232,250 < 300,000 | Not in Stage 2 (Price > SMA10W > SMA30W)
[ASIAPAK.BO] ❌ FAILED: Recovery 55.23% < 60.0% | Too close to 52WH: -7.32% | AvgVol10 0 < 300,000
[LAMBODHARA.NS] ❌ FAILED: Too close to 52WH: -12.5% | AvgVol10 120,640 < 300,000
[GESHIP.NS] ❌ FAILED: Recovery 57.9% < 60.0% | Too close to 52WH: -14.72% | Not in Stage 2 (Price > SMA10W > SMA30W)
[VOLTAMP.NS] ❌ FAILED: Recovery 57.71% < 60.0% | Too close to 52WH: -18.27% | AvgVol10 15,930 < 300,000 | Not in Stage 2 (Price > SMA10W > SMA30W)
[RATEGAIN.NS] ❌ FAILED: Too close to 52WH: -21.08% | AvgVol10 259,130 < 300,000 | Not in Stage 2 (Price > SMA10W > SMA30W)
[NYKAA.NS] ❌ FAILED: Recovery 42.83% < 60.0% | Too close to 52WH: -6.88% | Not in Stage 2 (Price > SMA10W > SMA30W)
[VISL.NS] ❌ FAILED: Not in Stage 2 (Price > SMA10W > SMA30W)
[SAIL.NS] ❌ FAILED: Recovery 48.55% < 60.0% | Too close to 52WH: -12.16%
[FEDERALBNK.NS] ❌ FAILED: Too close to 52WH: -12.56% | Not in Stage 2 (Price > SMA10W > SMA30W)
[MAHSEAMLES.NS] ❌ FAILED: Recovery 42.67% < 60.0% | Too close to 52WH: -3.28% | AvgVol10 268,700 < 300,000
[PLASTIBLEN.NS] ❌ FAILED: Too close to 52WH: -7.6% | AvgVol10 37,420 < 300,000
[AGRIBIO.BO] ❌ FAILED: Recovery 55.34% < 60.0% | Too close to 52WH: -8.83% | AvgVol10 6,690 < 300,000 | Not in Stage 2 (Price > SMA10W > SMA30W)
[VISAKAIND.NS] ❌ FAILED: Too close to 52WH: -16.47% | Not in Stage 2 (Price > SMA10W > SMA30W)
[GREAVESCOT.NS] ❌ FAILED: Too close to 52WH: -15.26%
[AYE.NS] ❌ FAILED: Too close to 52WH: -17.64% | Not in Stage 2 (Price > SMA10W > SMA30W)
[SUNSHINE.NS] ❌ FAILED: Recovery 37.58% < 60.0% | Too close to 52WH: -14.5% | Not in Stage 2 (Price > SMA10W > SMA30W)
[AEROPLANE.NS] ❌ FAILED: Too close to 52WH: -5.18% | Not in Stage 2 (Price > SMA10W > SMA30W)
[FORINTL.BO] ❌ FAILED: Recovery 55.77% < 60.0% | Too close to 52WH: -11.96% | AvgVol10 990 < 300,000
[BIMETAL.NS] ❌ FAILED: Recovery 35.94% < 60.0% | Too close to 52WH: -14.73% | AvgVol10 520 < 300,000 | Not in Stage 2 (Price > SMA10W > SMA30W)
[FOSECOIND.NS] ❌ FAILED: Recovery 46.47% < 60.0% | Too close to 52WH: -14.77% | AvgVol10 67,360 < 300,000
[CITIPOR.BO] ❌ FAILED: AvgVol10 10 < 300,000 | Not in Stage 2 (Price > SMA10W > SMA30W)
[ORBTEXP.NS] ❌ FAILED: Too close to 52WH: -18.47% | AvgVol10 2,350 < 300,000 | Not in Stage 2 (Price > SMA10W > SMA30W)
[SECMARK.NS] ❌ FAILED: Recovery 48.64% < 60.0% | Too close to 52WH: -21.29% | AvgVol10 2,780 < 300,000
[CHEMCON.NS] ❌ FAILED: Too close to 52WH: -23.41% | AvgVol10 47,290 < 300,000
[PHRMASI.BO] ❌ FAILED: AvgVol10 330 < 300,000 | Not in Stage 2 (Price > SMA10W > SMA30W)
[ASIANHOTNR.NS] ❌ FAILED: Recovery 50.3% < 60.0% | Too close to 52WH: -12.22% | AvgVol10 25,550 < 300,000
[TACENT.BO] ❌ FAILED: Recovery 47.61% < 60.0% | Too close to 52WH: 0.0% | AvgVol10 190 < 300,000
[AJANTPHARM.NS] ❌ FAILED: Recovery 51.3% < 60.0% | Too close to 52WH: -7.13% | AvgVol10 94,310 < 300,000 | Not in Stage 2 (Price > SMA10W > SMA30W)
[RISHDIGA.BO] ❌ FAILED: Recovery 54.32% < 60.0% | Too close to 52WH: -3.55% | AvgVol10 3,430 < 300,000
[UTTAMSUGAR.NS] ❌ FAILED: Too close to 52WH: -17.97%
[EASUN.BO] ❌ FAILED: Too close to 52WH: -9.29% | AvgVol10 560 < 300,000
[APLAPOLLO.NS] ❌ FAILED: Recovery 31.71% < 60.0% | Too close to 52WH: -4.54%
[RASRESOR.BO] ❌ FAILED: Too close to 52WH: -17.47% | AvgVol10 270 < 300,000 | Not in Stage 2 (Price > SMA10W > SMA30W)
[HALDYNGL.NS] ❌ FAILED: Recovery 22.86% < 60.0% | Too close to 52WH: -4.18% | AvgVol10 36,980 < 300,000 | Not in Stage 2 (Price > SMA10W > SMA30W)
[IWP.NS] ❌ FAILED: Recovery 24.88% < 60.0% | Too close to 52WH: -2.38% | AvgVol10 5,770 < 300,000 | Not in Stage 2 (Price > SMA10W > SMA30W)
[SNL.BO] ❌ FAILED: Recovery 50.38% < 60.0% | Too close to 52WH: -5.86% | AvgVol10 5,280 < 300,000
[THEJO.NS] ❌ FAILED: Recovery 48.69% < 60.0% | Too close to 52WH: -6.13% | AvgVol10 7,890 < 300,000
[ANJANI.BO] ❌ FAILED: Recovery 48.15% < 60.0% | Too close to 52WH: -5.96% | AvgVol10 15,050 < 300,000
[VGIL.BO] ❌ FAILED: Too close to 52WH: -7.1% | AvgVol10 2,900 < 300,000
[DMCC.NS] ❌ FAILED: Recovery 58.24% < 60.0% | Too close to 52WH: -9.04% | AvgVol10 109,690 < 300,000
[CBPL.BO] ❌ FAILED: Too close to 52WH: -6.77% | AvgVol10 2,300 < 300,000
[SILL.BO] ❌ FAILED: Recovery 52.64% < 60.0% | Too close to 52WH: -6.65% | AvgVol10 39,200 < 300,000 | Not in Stage 2 (Price > SMA10W > SMA30W)
[PRISMMEDI.BO] ❌ FAILED: Price $28.40 < $30.0 | Too close to 52WH: -17.66% | AvgVol10 7,130 < 300,000 | Not in Stage 2 (Price > SMA10W > SMA30W)
[DALMIASUG.NS] ❌ FAILED: Recovery 58.68% < 60.0% | Too close to 52WH: -20.23% | AvgVol10 254,680 < 300,000 | Not in Stage 2 (Price > SMA10W > SMA30W)
[UNIDT.NS] ❌ FAILED: Recovery 57.06% < 60.0% | Too close to 52WH: -15.69% | AvgVol10 140,190 < 300,000
[PATELCHEM.BO] ❌ FAILED: Too close to 52WH: -8.83% | AvgVol10 31,040 < 300,000
[SHYAMMETL.NS] ❌ FAILED: Recovery 43.26% < 60.0% | Too close to 52WH: -6.91%
[HATSUN.NS] ❌ FAILED: Recovery 30.88% < 60.0% | Too close to 52WH: -17.06% | AvgVol10 139,610 < 300,000
[MUNJALAU.NS] ❌ FAILED: Recovery 59.03% < 60.0% | Too close to 52WH: -18.17% | AvgVol10 291,690 < 300,000 | Not in Stage 2 (Price > SMA10W > SMA30W)
[CHEMBOND.NS] ❌ FAILED: Too close to 52WH: -20.0% | AvgVol10 14,010 < 300,000
[LYKALABS.NS] ❌ FAILED: Too close to 52WH: -16.64% | AvgVol10 20,840 < 300,000
[UNIROYAL.BO] ❌ FAILED: Price $23.45 < $30.0 | Recovery 40.42% < 60.0% | Too close to 52WH: -19.14% | AvgVol10 830 < 300,000 | Not in Stage 2 (Price > SMA10W > SMA30W)
[NOVELIX.BO] ❌ FAILED: Too close to 52WH: -23.88% | AvgVol10 5,440 < 300,000 | Not in Stage 2 (Price > SMA10W > SMA30W)
[FLUOROCHEM.NS] ❌ FAILED: Recovery 52.36% < 60.0% | Too close to 52WH: -10.39% | AvgVol10 108,210 < 300,000 | Not in Stage 2 (Price > SMA10W > SMA30W)
[KARURVYSYA.NS] ❌ FAILED: Recovery 56.62% < 60.0% | Too close to 52WH: -10.57% | Not in Stage 2 (Price > SMA10W > SMA30W)
[APL.BO] ❌ FAILED: Too close to 52WH: -21.49% | AvgVol10 9,000 < 300,000
[PARSHWANA.BO] ❌ FAILED: Too close to 52WH: -17.78% | AvgVol10 10 < 300,000 | Not in Stage 2 (Price > SMA10W > SMA30W)
[ECOBOAR.BO] ❌ FAILED: Too close to 52WH: -21.86% | AvgVol10 14,480 < 300,000 | Not in Stage 2 (Price > SMA10W > SMA30W)
[BETA.NS] ❌ FAILED: AvgVol10 18,090 < 300,000 | Not in Stage 2 (Price > SMA10W > SMA30W)
[STEL.NS] ❌ FAILED: Too close to 52WH: -11.78% | AvgVol10 7,240 < 300,000
[MITCON.NS] ❌ FAILED: Too close to 52WH: -10.38% | AvgVol10 34,720 < 300,000
[ARIHANTCAP.NS] ❌ FAILED: Recovery 57.64% < 60.0% | Too close to 52WH: -25.16%
[URBANCO.NS] ❌ FAILED: Too close to 52WH: -12.37%
[TITAN.NS] ❌ FAILED: Recovery 44.86% < 60.0% | Too close to 52WH: -7.08% | Not in Stage 2 (Price > SMA10W > SMA30W)
[AXISCADES.NS] ❌ FAILED: Too close to 52WH: -14.99% | AvgVol10 216,610 < 300,000 | Not in Stage 2 (Price > SMA10W > SMA30W)
[ORGANICREC.BO] ❌ FAILED: Recovery 38.97% < 60.0% | Too close to 52WH: -5.96% | AvgVol10 62,460 < 300,000
[DEEP.NS] ❌ FAILED: Recovery 29.77% < 60.0% | Too close to 52WH: -9.74% | AvgVol10 70,660 < 300,000 | Not in Stage 2 (Price > SMA10W > SMA30W)
[BHARATFORG.NS] ❌ FAILED: Too close to 52WH: -14.73% | Not in Stage 2 (Price > SMA10W > SMA30W)
[GUFICBIO.NS] ❌ FAILED: Recovery 56.87% < 60.0% | Too close to 52WH: -10.13% | AvgVol10 66,160 < 300,000 | Not in Stage 2 (Price > SMA10W > SMA30W)
[MSECL.BO] ❌ FAILED: Recovery 58.79% < 60.0% | Too close to 52WH: -20.86% | AvgVol10 22,500 < 300,000
[VINCOFE.NS] ❌ FAILED: Recovery 49.68% < 60.0% | Too close to 52WH: -5.95%
[ASTAR.NS] ❌ FAILED: Recovery 46.14% < 60.0% | Too close to 52WH: -16.42% | AvgVol10 4,160 < 300,000 | Not in Stage 2 (Price > SMA10W > SMA30W)
[TGIF.BO] ❌ FAILED: Too close to 52WH: -13.35% | AvgVol10 7,200 < 300,000
[VISTARAMAR.BO] ❌ FAILED: AvgVol10 14,210 < 300,000 | Not in Stage 2 (Price > SMA10W > SMA30W)
[ALBERTDAVD.NS] ❌ FAILED: Recovery 46.05% < 60.0% | Too close to 52WH: -9.11% | AvgVol10 3,610 < 300,000
[NCCBLUE.BO] ❌ FAILED: Price $25.00 < $30.0 | Recovery 46.2% < 60.0% | AvgVol10 680 < 300,000 | Not in Stage 2 (Price > SMA10W > SMA30W)
[HARSHA.NS] ❌ FAILED: Recovery 48.6% < 60.0% | Too close to 52WH: -2.36% | AvgVol10 217,080 < 300,000
[SSWRL.BO] ❌ FAILED: Price $25.87 < $30.0 | Recovery 55.84% < 60.0% | AvgVol10 1,100 < 300,000 | Not in Stage 2 (Price > SMA10W > SMA30W)
[ACEMEN.BO] ❌ FAILED: Recovery 36.21% < 60.0% | Too close to 52WH: -8.71% | AvgVol10 52,500 < 300,000
[MAHLOG.NS] ❌ FAILED: Recovery 53.35% < 60.0% | Too close to 52WH: -6.27% | AvgVol10 213,480 < 300,000
[GANGAPA.BO] ❌ FAILED: Recovery 40.21% < 60.0% | Too close to 52WH: -17.23% | AvgVol10 0 < 300,000 | Not in Stage 2 (Price > SMA10W > SMA30W)
[TRANSPEK.NS] ❌ FAILED: Recovery 36.95% < 60.0% | Too close to 52WH: -11.58% | AvgVol10 1,100 < 300,000 | Not in Stage 2 (Price > SMA10W > SMA30W)
[INVPRECQ.NS] ❌ FAILED: Recovery 28.77% < 60.0% | Too close to 52WH: -3.13% | AvgVol10 4,800 < 300,000 | Not in Stage 2 (Price > SMA10W > SMA30W)
[GKL.BO] ❌ FAILED: Too close to 52WH: -24.23% | AvgVol10 59,400 < 300,000 | Not in Stage 2 (Price > SMA10W > SMA30W)
[MAYURUNIQ.NS] ❌ FAILED: Recovery 52.18% < 60.0% | Too close to 52WH: -20.94% | AvgVol10 118,080 < 300,000 | Not in Stage 2 (Price > SMA10W > SMA30W)
[DCI.NS] ❌ FAILED: Recovery 56.31% < 60.0% | Not in Stage 2 (Price > SMA10W > SMA30W)
[7SEASL.BO] ❌ FAILED: Recovery 52.75% < 60.0% | Too close to 52WH: -14.76% | AvgVol10 26,910 < 300,000
[STAR.NS] ❌ FAILED: Recovery 49.8% < 60.0% | Too close to 52WH: -8.68% | AvgVol10 273,040 < 300,000
[PRUDENT.NS] ❌ FAILED: Recovery 49.52% < 60.0% | Too close to 52WH: -22.75% | AvgVol10 28,770 < 300,000 | Not in Stage 2 (Price > SMA10W > SMA30W)
[SANTETX.BO] ❌ FAILED: Too close to 52WH: -10.98% | AvgVol10 1,270 < 300,000
[NAHARSPING.NS] ❌ FAILED: Too close to 52WH: -23.41% | AvgVol10 20,930 < 300,000 | Not in Stage 2 (Price > SMA10W > SMA30W)
[INDGN.NS] ❌ FAILED: Recovery 48.14% < 60.0% | Too close to 52WH: -1.39%
[RUDRAECO.BO] ❌ FAILED: Price $24.27 < $30.0 | AvgVol10 180,600 < 300,000
[CENTENKA.NS] ❌ FAILED: Recovery 48.99% < 60.0% | Too close to 52WH: -17.66% | AvgVol10 31,000 < 300,000 | Not in Stage 2 (Price > SMA10W > SMA30W)
[TORNTPHARM.NS] ❌ FAILED: Recovery 39.89% < 60.0% | Too close to 52WH: -7.26% | Not in Stage 2 (Price > SMA10W > SMA30W)
[PARIN.NS] ❌ FAILED: Recovery 43.45% < 60.0% | Too close to 52WH: -8.73% | AvgVol10 25,080 < 300,000
[KCPSUGIND.NS] ❌ FAILED: Price $29.27 < $30.0 | Recovery 36.46% < 60.0% | Too close to 52WH: -19.74% | AvgVol10 69,390 < 300,000 | Not in Stage 2 (Price > SMA10W > SMA30W)
[AAYUSHBULL.BO] ❌ FAILED: Recovery 33.47% < 60.0% | Too close to 52WH: -3.51% | AvgVol10 78,750 < 300,000
[MOLBIO.NS] ❌ FAILED: Recovery 33.59% < 60.0% | Too close to 52WH: -26.64% | Not in Stage 2 (Price > SMA10W > SMA30W)
[ORIENTHOT.NS] ❌ FAILED: Too close to 52WH: -7.24%
[MANYAVAR.NS] ❌ FAILED: Too close to 52WH: -23.92%
[SGIL.NS] ❌ FAILED: Recovery 54.94% < 60.0% | Too close to 52WH: -6.76% | AvgVol10 19,160 < 300,000
[AMBALALSA.NS] ❌ FAILED: Recovery 30.28% < 60.0% | Too close to 52WH: -21.41% | AvgVol10 45,150 < 300,000 | Not in Stage 2 (Price > SMA10W > SMA30W)
[ETERNAL.NS] ❌ FAILED: Recovery 55.67% < 60.0% | Too close to 52WH: -10.18%
[CARTRADE.NS] ❌ FAILED: Too close to 52WH: -12.47% | Not in Stage 2 (Price > SMA10W > SMA30W)
[MATRIMONY.NS] ❌ FAILED: Recovery 43.21% < 60.0% | Too close to 52WH: -9.01% | AvgVol10 17,700 < 300,000
[SPLPETRO.NS] ❌ FAILED: Too close to 52WH: -11.66%
[PARACABLES.NS] ❌ FAILED: Too close to 52WH: -25.56% | Not in Stage 2 (Price > SMA10W > SMA30W)
[MEDANTA.NS] ❌ FAILED: Recovery 49.94% < 60.0% | Too close to 52WH: -7.16% | AvgVol10 209,790 < 300,000 | Not in Stage 2 (Price > SMA10W > SMA30W)
[YORKEXP.BO] ❌ FAILED: Recovery 42.21% < 60.0% | Too close to 52WH: -15.22% | AvgVol10 1,560 < 300,000 | Not in Stage 2 (Price > SMA10W > SMA30W)
[TVSSRICHAK.NS] ❌ FAILED: Recovery 43.24% < 60.0% | Too close to 52WH: -22.04% | AvgVol10 11,420 < 300,000 | Not in Stage 2 (Price > SMA10W > SMA30W)
[KAMATHOTEL.NS] ❌ FAILED: AvgVol10 72,490 < 300,000
[GEECEE.NS] ❌ FAILED: Too close to 52WH: -5.29% | AvgVol10 2,530 < 300,000
[VIPULORG.BO] ❌ FAILED: Too close to 52WH: -15.53% | AvgVol10 4,490 < 300,000
[SWARNSAR.NS] ❌ FAILED: Recovery 25.56% < 60.0% | Too close to 52WH: -12.08% | AvgVol10 25,200 < 300,000 | Not in Stage 2 (Price > SMA10W > SMA30W)
[GGAUTO.BO] ❌ FAILED: AvgVol10 24,800 < 300,000
[SAREGAMA.NS] ❌ FAILED: Recovery 59.45% < 60.0% | Too close to 52WH: -14.78% | Not in Stage 2 (Price > SMA10W > SMA30W)
[ASHIANA.NS] ❌ FAILED: Recovery 44.29% < 60.0% | Too close to 52WH: -10.81% | AvgVol10 161,880 < 300,000
[DYNAMIND.BO] ❌ FAILED: AvgVol10 7,560 < 300,000
[CRAZY.BO] ❌ FAILED: Recovery 27.05% < 60.0% | Too close to 52WH: -22.91% | AvgVol10 5,000 < 300,000 | Not in Stage 2 (Price > SMA10W > SMA30W)
[JJFINCOR.BO] ❌ FAILED: AvgVol10 90 < 300,000 | Not in Stage 2 (Price > SMA10W > SMA30W)
[DESIFARMS.BO] ❌ FAILED: Too close to 52WH: -19.89% | AvgVol10 110 < 300,000 | Not in Stage 2 (Price > SMA10W > SMA30W)
[MANOMAY.NS] ❌ FAILED: Recovery 42.64% < 60.0% | Too close to 52WH: -12.04% | AvgVol10 161,730 < 300,000
[GEEKAYWIRE.NS] ❌ FAILED: Too close to 52WH: -13.4%
[LODHA.NS] ❌ FAILED: Too close to 52WH: -16.94% | Not in Stage 2 (Price > SMA10W > SMA30W)
[J&KBANK.NS] ❌ FAILED: Recovery 46.12% < 60.0% | Not in Stage 2 (Price > SMA10W > SMA30W)
[TBOTEK.NS] ❌ FAILED: Too close to 52WH: -6.23% | AvgVol10 173,240 < 300,000 | Not in Stage 2 (Price > SMA10W > SMA30W)
[MANAKALUCO.NS] ❌ FAILED: Recovery 58.26% < 60.0% | AvgVol10 46,290 < 300,000 | Not in Stage 2 (Price > SMA10W > SMA30W)
[ANTHEM.NS] ❌ FAILED: Recovery 46.96% < 60.0% | Too close to 52WH: -12.94% | Not in Stage 2 (Price > SMA10W > SMA30W)
[MUFIN.NS] ❌ FAILED: Recovery 52.9% < 60.0% | Too close to 52WH: -8.01% | Not in Stage 2 (Price > SMA10W > SMA30W)
[EPACKPEB.NS] ✅ PASSED ALL FILTERS
[OLYOI.BO] ❌ FAILED: Recovery 48.39% < 60.0% | Too close to 52WH: -19.76% | AvgVol10 60 < 300,000
[TVSMOTOR.NS] ❌ FAILED: Recovery 26.86% < 60.0% | Too close to 52WH: -8.69% | Not in Stage 2 (Price > SMA10W > SMA30W)
[KESAR.BO] ❌ FAILED: Too close to 52WH: -10.89% | AvgVol10 15,150 < 300,000 | Not in Stage 2 (Price > SMA10W > SMA30W)
[NELCO.NS] ❌ FAILED: Too close to 52WH: -18.17% | Not in Stage 2 (Price > SMA10W > SMA30W)
[MOTILALOFS.NS] ❌ FAILED: Too close to 52WH: -7.79%
[HILIKS.BO] ❌ FAILED: Too close to 52WH: -24.52% | AvgVol10 33,820 < 300,000
[MAHABANK.NS] ❌ FAILED: Recovery 49.97% < 60.0% | Too close to 52WH: -14.44% | Not in Stage 2 (Price > SMA10W > SMA30W)
[GANHOLD.BO] ❌ FAILED: Too close to 52WH: -17.08% | AvgVol10 1,180 < 300,000 | Not in Stage 2 (Price > SMA10W > SMA30W)
[SANATHAN.NS] ❌ FAILED: Recovery 46.78% < 60.0% | Too close to 52WH: -4.91% | AvgVol10 199,360 < 300,000
[PANJON.BO] ❌ FAILED: Price $22.50 < $30.0 | Recovery 39.75% < 60.0% | Too close to 52WH: -25.0% | AvgVol10 3,940 < 300,000 | Not in Stage 2 (Price > SMA10W > SMA30W)
[AGI.NS] ❌ FAILED: Too close to 52WH: -10.19% | AvgVol10 271,370 < 300,000
[CLN.BO] ❌ FAILED: Too close to 52WH: -20.69% | AvgVol10 30,180 < 300,000 | Not in Stage 2 (Price > SMA10W > SMA30W)
[REGAAL.NS] ❌ FAILED: Recovery 54.64% < 60.0% | Too close to 52WH: -14.02%
[POLYPLEX.NS] ❌ FAILED: Recovery 43.66% < 60.0% | Too close to 52WH: -15.89% | AvgVol10 37,570 < 300,000 | Not in Stage 2 (Price > SMA10W > SMA30W)
[GAEL.NS] ❌ FAILED: Recovery 58.57% < 60.0% | Too close to 52WH: -13.25% | Not in Stage 2 (Price > SMA10W > SMA30W)
[RRMETAL.BO] ❌ FAILED: AvgVol10 20,190 < 300,000 | Not in Stage 2 (Price > SMA10W > SMA30W)
[AURUM.NS] ❌ FAILED: Recovery 44.14% < 60.0% | Too close to 52WH: -17.26% | AvgVol10 101,630 < 300,000 | Not in Stage 2 (Price > SMA10W > SMA30W)
[JETFREIGHT.NS] ❌ FAILED: Price $21.01 < $30.0 | Too close to 52WH: -19.04% | Not in Stage 2 (Price > SMA10W > SMA30W)
[EDELWEISS.NS] ❌ FAILED: Recovery 38.21% < 60.0% | Too close to 52WH: -7.23%
[BDH.BO] ❌ FAILED: Recovery 49.05% < 60.0% | Too close to 52WH: -16.89% | AvgVol10 760 < 300,000 | Not in Stage 2 (Price > SMA10W > SMA30W)
[UJJIVANSFB.NS] ❌ FAILED: Recovery 43.78% < 60.0% | Too close to 52WH: -14.67% | Not in Stage 2 (Price > SMA10W > SMA30W)
[ORIRAIL.NS] ❌ FAILED: Recovery 22.71% < 60.0% | Too close to 52WH: -11.16% | AvgVol10 88,820 < 300,000 | Not in Stage 2 (Price > SMA10W > SMA30W)
[TASTYBITE.NS] ❌ FAILED: Recovery 49.81% < 60.0% | Too close to 52WH: -8.64% | AvgVol10 2,460 < 300,000 | Not in Stage 2 (Price > SMA10W > SMA30W)
[KOHINOOR.NS] ❌ FAILED: Recovery 56.61% < 60.0% | Too close to 52WH: -21.84% | AvgVol10 133,410 < 300,000
[GIPCL.NS] ❌ FAILED: Recovery 51.98% < 60.0% | Too close to 52WH: -13.93% | Not in Stage 2 (Price > SMA10W > SMA30W)
[ABB.NS] ❌ FAILED: Recovery 50.35% < 60.0% | Too close to 52WH: -12.01% | AvgVol10 174,730 < 300,000 | Not in Stage 2 (Price > SMA10W > SMA30W)
[NANTA.BO] ❌ FAILED: AvgVol10 44,100 < 300,000 | Not in Stage 2 (Price > SMA10W > SMA30W)
[JAYKAY.NS] ❌ FAILED: Too close to 52WH: -7.23%
[IFCI.NS] ❌ FAILED: Recovery 52.61% < 60.0% | Not in Stage 2 (Price > SMA10W > SMA30W)
[VENKEYS.NS] ❌ FAILED: Recovery 40.15% < 60.0% | Too close to 52WH: -10.03% | AvgVol10 56,130 < 300,000
[SHRICON.BO] ❌ FAILED: AvgVol10 150 < 300,000 | Not in Stage 2 (Price > SMA10W > SMA30W)
[ORIENTCER.NS] ❌ FAILED: Recovery 34.88% < 60.0% | Too close to 52WH: -19.03% | AvgVol10 95,040 < 300,000
[HEXAGON.NS] ❌ FAILED: RS 69 < 70.0 | Recovery 33.78% < 60.0% | Too close to 52WH: -17.76% | AvgVol10 257,800 < 300,000 | Not in Stage 2 (Price > SMA10W > SMA30W)
[ALEMBICLTD.NS] ❌ FAILED: RS 69 < 70.0 | Recovery 51.73% < 60.0% | Too close to 52WH: -9.18%
[GRAVISSHO.NS] ❌ FAILED: RS 69 < 70.0 | Recovery 20.75% < 60.0% | AvgVol10 68,620 < 300,000 | Not in Stage 2 (Price > SMA10W > SMA30W)
[RAJRATAN.NS] ❌ FAILED: RS 69 < 70.0 | Recovery 50.86% < 60.0% | Too close to 52WH: -18.26% | AvgVol10 180,320 < 300,000 | Not in Stage 2 (Price > SMA10W > SMA30W)
[NPL.BO] ❌ FAILED: RS 69 < 70.0 | Too close to 52WH: -16.61% | AvgVol10 950 < 300,000 | Not in Stage 2 (Price > SMA10W > SMA30W)
[KMCSHIL.NS] ❌ FAILED: RS 69 < 70.0 | Recovery 28.68% < 60.0% | Too close to 52WH: -7.01% | Not in Stage 2 (Price > SMA10W > SMA30W)
[GLAXO.NS] ❌ FAILED: RS 69 < 70.0 | Recovery 38.71% < 60.0% | Too close to 52WH: -7.19% | AvgVol10 59,840 < 300,000
[BAMBINO.BO] ❌ FAILED: RS 69 < 70.0 | Recovery 44.59% < 60.0% | Too close to 52WH: -10.3% | AvgVol10 2,780 < 300,000
[ALGOQUANT.NS] ❌ FAILED: RS 69 < 70.0 | Recovery 45.5% < 60.0% | Too close to 52WH: -8.73%
[NATIONALUM.NS] ❌ FAILED: RS 69 < 70.0 | Too close to 52WH: -21.6% | Not in Stage 2 (Price > SMA10W > SMA30W)
[HUHTAMAKI.NS] ❌ FAILED: RS 69 < 70.0 | Recovery 57.6% < 60.0% | AvgVol10 127,950 < 300,000 | Not in Stage 2 (Price > SMA10W > SMA30W)
[PNBHOUSING.NS] ❌ FAILED: RS 69 < 70.0 | Recovery 48.71% < 60.0% | Too close to 52WH: -10.44% | Not in Stage 2 (Price > SMA10W > SMA30W)
[ADVANCE.NS] ❌ FAILED: RS 69 < 70.0 | Recovery 44.47% < 60.0% | Too close to 52WH: -21.1% | AvgVol10 259,490 < 300,000
[PUNJCOMMU.BO] ❌ FAILED: RS 69 < 70.0 | Recovery 48.13% < 60.0% | Too close to 52WH: -19.74% | AvgVol10 1,740 < 300,000
[VIDHIING.NS] ❌ FAILED: RS 69 < 70.0 | Recovery 36.89% < 60.0% | Too close to 52WH: -8.73% | AvgVol10 35,010 < 300,000
[CYIENT.NS] ❌ FAILED: RS 69 < 70.0 | Recovery 44.25% < 60.0% | Too close to 52WH: -11.43%
[METROPOLIS.NS] ❌ FAILED: RS 69 < 70.0 | Recovery 38.82% < 60.0% | Too close to 52WH: -6.03% | AvgVol10 180,660 < 300,000 | Not in Stage 2 (Price > SMA10W > SMA30W)
[TAMBOLIIN.NS] ❌ FAILED: RS 69 < 70.0 | Recovery 26.45% < 60.0% | Too close to 52WH: -5.61% | AvgVol10 6,700 < 300,000 | Not in Stage 2 (Price > SMA10W > SMA30W)
[BINNYMILLS.BO] ❌ FAILED: RS 69 < 70.0 | Too close to 52WH: -11.89% | AvgVol10 210 < 300,000 | Not in Stage 2 (Price > SMA10W > SMA30W)
[MUKKA.NS] ❌ FAILED: RS 69 < 70.0 | Price $26.91 < $30.0 | Recovery 47.29% < 60.0% | Too close to 52WH: -19.16%
[TGVSL.NS] ❌ FAILED: RS 69 < 70.0 | Recovery 20.66% < 60.0% | Too close to 52WH: -6.6% | Not in Stage 2 (Price > SMA10W > SMA30W)
[SKIPPER.NS] ❌ FAILED: RS 69 < 70.0 | Too close to 52WH: -13.16% | Not in Stage 2 (Price > SMA10W > SMA30W)
[NAHARINDUS.NS] ❌ FAILED: RS 69 < 70.0 | Recovery 53.49% < 60.0% | Too close to 52WH: -17.23% | AvgVol10 23,120 < 300,000 | Not in Stage 2 (Price > SMA10W > SMA30W)
[SIEMENS.NS] ❌ FAILED: RS 69 < 70.0 | Recovery 33.95% < 60.0% | Too close to 52WH: -8.77% | AvgVol10 265,340 < 300,000 | Not in Stage 2 (Price > SMA10W > SMA30W)
[KOLTEPATIL.NS] ❌ FAILED: RS 69 < 70.0 | Recovery 45.63% < 60.0% | Too close to 52WH: -23.26% | AvgVol10 63,780 < 300,000 | Not in Stage 2 (Price > SMA10W > SMA30W)
[JSFB.NS] ❌ FAILED: RS 69 < 70.0 | Recovery 51.27% < 60.0% | Too close to 52WH: -17.75% | Not in Stage 2 (Price > SMA10W > SMA30W)
[DEEPAKSP.BO] ❌ FAILED: RS 69 < 70.0 | Recovery 58.32% < 60.0% | Too close to 52WH: -8.86% | AvgVol10 3,310 < 300,000
[SRHHYPOLTD.NS] ❌ FAILED: RS 69 < 70.0 | Recovery 49.06% < 60.0% | Too close to 52WH: -14.93% | AvgVol10 91,610 < 300,000
[JSWINFRA.NS] ❌ FAILED: RS 69 < 70.0 | Recovery 49.41% < 60.0% | Too close to 52WH: -7.12%
[PARAGMILK.NS] ❌ FAILED: RS 69 < 70.0 | Recovery 54.61% < 60.0%
[GRAMEVA.BO] ❌ FAILED: RS 69 < 70.0 | AvgVol10 270 < 300,000 | Not in Stage 2 (Price > SMA10W > SMA30W)
[PORWAL.BO] ❌ FAILED: RS 69 < 70.0 | Recovery 42.22% < 60.0% | Too close to 52WH: -15.12% | AvgVol10 64,340 < 300,000
[SHAWGELTIN.BO] ❌ FAILED: RS 69 < 70.0 | Recovery 40.83% < 60.0% | Too close to 52WH: -15.42% | AvgVol10 2,640 < 300,000 | Not in Stage 2 (Price > SMA10W > SMA30W)
[CSURGSU.BO] ❌ FAILED: RS 69 < 70.0 | Recovery 36.58% < 60.0% | Too close to 52WH: -20.13% | AvgVol10 160 < 300,000
[AMPL.BO] ❌ FAILED: RS 69 < 70.0 | Recovery 46.06% < 60.0% | Too close to 52WH: -16.08% | AvgVol10 118,520 < 300,000
[RATNAMANI.NS] ❌ FAILED: RS 69 < 70.0 | Recovery 41.93% < 60.0% | Too close to 52WH: -17.84% | AvgVol10 37,640 < 300,000
[ADANIENSOL.NS] ❌ FAILED: RS 69 < 70.0 | Not in Stage 2 (Price > SMA10W > SMA30W)
[LCL.NS] ❌ FAILED: RS 68 < 70.0 | Recovery 23.69% < 60.0% | Too close to 52WH: -6.43% | Not in Stage 2 (Price > SMA10W > SMA30W)
[JKPAPER.NS] ❌ FAILED: RS 68 < 70.0 | Recovery 30.61% < 60.0% | Too close to 52WH: -10.49% | Not in Stage 2 (Price > SMA10W > SMA30W)
[TINNARUBR.NS] ❌ FAILED: RS 68 < 70.0 | AvgVol10 38,030 < 300,000 | Not in Stage 2 (Price > SMA10W > SMA30W)
[VELJAN.NS] ❌ FAILED: RS 68 < 70.0 | Recovery 16.79% < 60.0% | Too close to 52WH: -4.89% | AvgVol10 870 < 300,000 | Not in Stage 2 (Price > SMA10W > SMA30W)
[UDAYJEW.NS] ❌ FAILED: RS 68 < 70.0 | Recovery 45.18% < 60.0% | Too close to 52WH: -7.67% | AvgVol10 50,480 < 300,000 | Not in Stage 2 (Price > SMA10W > SMA30W)
[MANINFRA.NS] ❌ FAILED: RS 68 < 70.0 | Too close to 52WH: -15.53%
[NUVAMA.NS] ❌ FAILED: RS 68 < 70.0 | Recovery 49.57% < 60.0% | Too close to 52WH: -20.59% | AvgVol10 254,940 < 300,000 | Not in Stage 2 (Price > SMA10W > SMA30W)
[MEDICAMEQ.NS] ❌ FAILED: RS 68 < 70.0 | Recovery 53.93% < 60.0% | Too close to 52WH: -26.96% | AvgVol10 74,430 < 300,000
[PRIVISCL.NS] ❌ FAILED: RS 68 < 70.0 | Recovery 54.11% < 60.0% | Too close to 52WH: -4.76% | AvgVol10 92,410 < 300,000
[MCFL.BO] ❌ FAILED: RS 68 < 70.0 | Recovery 48.36% < 60.0% | Too close to 52WH: -17.05% | AvgVol10 3,240 < 300,000 | Not in Stage 2 (Price > SMA10W > SMA30W)
[SHANMUGA.BO] ❌ FAILED: RS 68 < 70.0 | Recovery 32.35% < 60.0% | Too close to 52WH: -20.72% | AvgVol10 19,200 < 300,000 | Not in Stage 2 (Price > SMA10W > SMA30W)
[LMW.NS] ❌ FAILED: RS 68 < 70.0 | Recovery 42.33% < 60.0% | Too close to 52WH: -15.81% | AvgVol10 4,380 < 300,000 | Not in Stage 2 (Price > SMA10W > SMA30W)
[ELGIEQUIP.NS] ❌ FAILED: RS 68 < 70.0 | Recovery 46.69% < 60.0% | Too close to 52WH: -8.35% | Not in Stage 2 (Price > SMA10W > SMA30W)
[EXHICON.BO] ❌ FAILED: RS 68 < 70.0 | Recovery 33.24% < 60.0% | Too close to 52WH: -12.66% | AvgVol10 43,050 < 300,000
[SARTHAKGL.BO] ❌ FAILED: RS 68 < 70.0 | Recovery 58.23% < 60.0% | AvgVol10 350 < 300,000 | Not in Stage 2 (Price > SMA10W > SMA30W)
[JLL.BO] ❌ FAILED: RS 68 < 70.0 | AvgVol10 620 < 300,000 | Not in Stage 2 (Price > SMA10W > SMA30W)
[GOCLCORP.NS] ❌ FAILED: RS 68 < 70.0 | Too close to 52WH: -17.86% | Not in Stage 2 (Price > SMA10W > SMA30W)
[SPAL.NS] ❌ FAILED: RS 68 < 70.0 | Recovery 58.08% < 60.0% | Too close to 52WH: -22.37% | AvgVol10 38,760 < 300,000 | Not in Stage 2 (Price > SMA10W > SMA30W)
[RAJPACK.BO] ❌ FAILED: RS 68 < 70.0 | Recovery 40.44% < 60.0% | Too close to 52WH: -24.03% | AvgVol10 4,820 < 300,000
[FLEXFO.BO] ❌ FAILED: RS 68 < 70.0 | AvgVol10 9,340 < 300,000
[CTCL.BO] ❌ FAILED: RS 68 < 70.0 | Too close to 52WH: -23.73% | AvgVol10 420 < 300,000 | Not in Stage 2 (Price > SMA10W > SMA30W)
[ANANTRAJ.NS] ❌ FAILED: RS 68 < 70.0 | Recovery 50.86% < 60.0% | Too close to 52WH: -18.25% | Not in Stage 2 (Price > SMA10W > SMA30W)
[NARMADESH.BO] ❌ FAILED: RS 68 < 70.0 | Too close to 52WH: -25.79% | AvgVol10 50 < 300,000
[VRLLOG.NS] ❌ FAILED: RS 68 < 70.0 | Recovery 27.56% < 60.0% | Too close to 52WH: -7.48% | AvgVol10 112,650 < 300,000 | Not in Stage 2 (Price > SMA10W > SMA30W)
[AMKAY.BO] ❌ FAILED: RS 68 < 70.0 | Too close to 52WH: -20.71% | AvgVol10 13,000 < 300,000 | Not in Stage 2 (Price > SMA10W > SMA30W)
[JINDALPOLY.NS] ❌ FAILED: RS 68 < 70.0 | AvgVol10 102,170 < 300,000 | Not in Stage 2 (Price > SMA10W > SMA30W)
[LAXMIINDIA.NS] ❌ FAILED: RS 68 < 70.0 | Too close to 52WH: -25.9% | AvgVol10 169,890 < 300,000 | Not in Stage 2 (Price > SMA10W > SMA30W)
[NPST.NS] ❌ FAILED: RS 68 < 70.0 | Too close to 52WH: -20.55% | Not in Stage 2 (Price > SMA10W > SMA30W)
[ASHNOOR.BO] ❌ FAILED: RS 68 < 70.0 | Recovery 42.78% < 60.0% | Too close to 52WH: -7.75% | AvgVol10 8,010 < 300,000
[JINDRILL.NS] ❌ FAILED: RS 68 < 70.0 | Recovery 41.82% < 60.0% | Too close to 52WH: -11.39% | AvgVol10 219,730 < 300,000
[BBTCL.NS] ❌ FAILED: RS 68 < 70.0 | Recovery 46.23% < 60.0% | Too close to 52WH: -12.93% | AvgVol10 4,540 < 300,000 | Not in Stage 2 (Price > SMA10W > SMA30W)
[KECL.NS] ❌ FAILED: RS 68 < 70.0 | Recovery 59.1% < 60.0% | Too close to 52WH: -22.54% | AvgVol10 115,420 < 300,000 | Not in Stage 2 (Price > SMA10W > SMA30W)
[GILLANDERS.NS] ❌ FAILED: RS 68 < 70.0 | Recovery 41.29% < 60.0% | Too close to 52WH: -17.02% | AvgVol10 6,510 < 300,000
[ANUHPHR.NS] ❌ FAILED: RS 68 < 70.0 | Recovery 33.52% < 60.0% | Too close to 52WH: -10.09% | AvgVol10 150,400 < 300,000
[EKI.NS] ❌ FAILED: RS 68 < 70.0 | Recovery 36.04% < 60.0% | Too close to 52WH: -16.33% | AvgVol10 159,660 < 300,000 | Not in Stage 2 (Price > SMA10W > SMA30W)
[SESHACHAL.BO] ❌ FAILED: RS 68 < 70.0 | AvgVol10 2,550 < 300,000 | Not in Stage 2 (Price > SMA10W > SMA30W)
[VIRYA.BO] ❌ FAILED: RS 68 < 70.0 | Too close to 52WH: -13.81% | AvgVol10 10 < 300,000 | Not in Stage 2 (Price > SMA10W > SMA30W)
[VARDHACRLC.NS] ❌ FAILED: RS 68 < 70.0 | Too close to 52WH: -9.78% | AvgVol10 36,720 < 300,000 | Not in Stage 2 (Price > SMA10W > SMA30W)
[GOELCONS.BO] ❌ FAILED: RS 67 < 70.0 | Too close to 52WH: -20.87% | AvgVol10 9,800 < 300,000 | Not in Stage 2 (Price > SMA10W > SMA30W)
[TEGA.NS] ❌ FAILED: RS 67 < 70.0 | Recovery 36.56% < 60.0% | Too close to 52WH: -7.52%
[AUREATE.BO] ❌ FAILED: RS 67 < 70.0 | AvgVol10 88,800 < 300,000 | Not in Stage 2 (Price > SMA10W > SMA30W)
[ADFFOODS.NS] ❌ FAILED: RS 67 < 70.0 | Too close to 52WH: -23.16% | AvgVol10 93,200 < 300,000 | Not in Stage 2 (Price > SMA10W > SMA30W)
[PREMEXPLN.NS] ❌ FAILED: RS 67 < 70.0 | Too close to 52WH: -18.41% | AvgVol10 194,260 < 300,000
[JAMNAAUTO.NS] ❌ FAILED: RS 67 < 70.0 | Recovery 55.65% < 60.0% | Too close to 52WH: -8.47%
[ADANIENT.NS] ❌ FAILED: RS 67 < 70.0 | Too close to 52WH: -12.76% | Not in Stage 2 (Price > SMA10W > SMA30W)
[TIGLOB.BO] ❌ FAILED: RS 67 < 70.0 | Recovery 39.7% < 60.0% | Too close to 52WH: -5.2% | AvgVol10 1,760 < 300,000
[BHARATSE.NS] ❌ FAILED: RS 67 < 70.0 | Recovery 59.02% < 60.0% | Too close to 52WH: -19.28% | AvgVol10 166,430 < 300,000 | Not in Stage 2 (Price > SMA10W > SMA30W)
[ZENLABS.BO] ❌ FAILED: RS 67 < 70.0 | Price $29.00 < $30.0 | AvgVol10 4,410 < 300,000
[AARTIIND.NS] ❌ FAILED: RS 67 < 70.0 | Recovery 40.99% < 60.0% | Too close to 52WH: -13.62% | Not in Stage 2 (Price > SMA10W > SMA30W)
[VOEPL.NS] ❌ FAILED: RS 67 < 70.0 | Recovery 16.06% < 60.0% | Too close to 52WH: -16.17% | AvgVol10 60,480 < 300,000 | Not in Stage 2 (Price > SMA10W > SMA30W)
[GLANCE.BO] ❌ FAILED: RS 67 < 70.0 | Recovery 40.28% < 60.0% | Too close to 52WH: -21.41% | AvgVol10 300 < 300,000 | Not in Stage 2 (Price > SMA10W > SMA30W)
[GFLLIMITED.NS] ❌ FAILED: RS 67 < 70.0 | Recovery 50.31% < 60.0% | AvgVol10 68,510 < 300,000
[HINDOILEXP.NS] ❌ FAILED: RS 67 < 70.0 | Recovery 47.22% < 60.0% | Too close to 52WH: -14.13%
[STARTECK.NS] ❌ FAILED: RS 67 < 70.0 | Recovery 45.98% < 60.0% | Too close to 52WH: -10.27% | AvgVol10 270 < 300,000 | Not in Stage 2 (Price > SMA10W > SMA30W)
[JAYAGROGN.NS] ❌ FAILED: RS 67 < 70.0 | Recovery 56.47% < 60.0% | Too close to 52WH: -13.05% | AvgVol10 24,070 < 300,000
[SIGACHI.NS] ❌ FAILED: RS 67 < 70.0 | Price $28.77 < $30.0 | Not in Stage 2 (Price > SMA10W > SMA30W)
[MRPL.NS] ❌ FAILED: RS 67 < 70.0 | Recovery 33.11% < 60.0% | Too close to 52WH: -20.02% | Not in Stage 2 (Price > SMA10W > SMA30W)
[PESB.BO] ❌ FAILED: RS 67 < 70.0 | Recovery 40.59% < 60.0% | Too close to 52WH: -22.16% | AvgVol10 20,080 < 300,000 | Not in Stage 2 (Price > SMA10W > SMA30W)
[HALEOSLABS.NS] ❌ FAILED: RS 67 < 70.0 | Recovery 38.71% < 60.0% | Too close to 52WH: -14.68% | AvgVol10 1,120 < 300,000
[INDIQUBE.NS] ❌ FAILED: RS 67 < 70.0 | Recovery 52.07% < 60.0% | Too close to 52WH: -15.42% | AvgVol10 50,180 < 300,000
[MISHKA.BO] ❌ FAILED: RS 67 < 70.0 | Recovery 40.09% < 60.0% | Too close to 52WH: -10.2% | AvgVol10 1,810 < 300,000
[ADANIPOWER.NS] ❌ FAILED: RS 67 < 70.0 | Recovery 53.11% < 60.0% | Too close to 52WH: -22.84% | Not in Stage 2 (Price > SMA10W > SMA30W)
[MAHALIFE.BO] ❌ FAILED: RS 67 < 70.0 | Too close to 52WH: -13.29% | AvgVol10 141,720 < 300,000 | Not in Stage 2 (Price > SMA10W > SMA30W)
[GANDHITUBE.NS] ❌ FAILED: RS 67 < 70.0 | Recovery 39.86% < 60.0% | Too close to 52WH: -8.99% | AvgVol10 39,790 < 300,000
[RISHITECH.BO] ❌ FAILED: RS 67 < 70.0 | Recovery 48.06% < 60.0% | Too close to 52WH: -14.62% | AvgVol10 6,330 < 300,000
[NAUKRI.NS] ❌ FAILED: RS 67 < 70.0 | Recovery 38.05% < 60.0% | Too close to 52WH: -11.69% | Not in Stage 2 (Price > SMA10W > SMA30W)
[APOLLOHOSP.NS] ❌ FAILED: RS 67 < 70.0 | Recovery 32.31% < 60.0% | Too close to 52WH: -2.32%
[TEXINFRA.NS] ❌ FAILED: RS 67 < 70.0 | Recovery 41.28% < 60.0% | Too close to 52WH: -7.92%
[RIR.NS] ❌ FAILED: RS 67 < 70.0 | Recovery 20.92% < 60.0% | Too close to 52WH: -12.96% | Not in Stage 2 (Price > SMA10W > SMA30W)
[THEMISMED.NS] ❌ FAILED: RS 67 < 70.0 | Too close to 52WH: -20.51% | AvgVol10 66,160 < 300,000
[DBSTOCKBRO.NS] ❌ FAILED: RS 67 < 70.0 | Recovery 36.76% < 60.0% | AvgVol10 7,740 < 300,000
[RITCO.NS] ❌ FAILED: RS 67 < 70.0 | Too close to 52WH: -16.29% | AvgVol10 66,380 < 300,000 | Not in Stage 2 (Price > SMA10W > SMA30W)
[COSMOFIRST.NS] ❌ FAILED: RS 67 < 70.0 | Recovery 50.28% < 60.0% | Too close to 52WH: -15.39% | AvgVol10 38,350 < 300,000 | Not in Stage 2 (Price > SMA10W > SMA30W)
[LXCHEM.NS] ❌ FAILED: RS 67 < 70.0 | Too close to 52WH: -18.14%
[EXIDEIND.NS] ❌ FAILED: RS 67 < 70.0 | Recovery 43.47% < 60.0% | Too close to 52WH: -17.05% | Not in Stage 2 (Price > SMA10W > SMA30W)
[MAKERSL.NS] ❌ FAILED: RS 66 < 70.0 | Recovery 20.75% < 60.0% | Too close to 52WH: -23.25% | AvgVol10 2,390 < 300,000 | Not in Stage 2 (Price > SMA10W > SMA30W)
[VAPIENTER.BO] ❌ FAILED: RS 66 < 70.0 | Recovery 37.35% < 60.0% | AvgVol10 130 < 300,000 | Not in Stage 2 (Price > SMA10W > SMA30W)
[NDLVENTURE.NS] ❌ FAILED: RS 66 < 70.0 | Recovery 51.79% < 60.0% | Too close to 52WH: -13.26% | AvgVol10 13,440 < 300,000 | Not in Stage 2 (Price > SMA10W > SMA30W)
[SWRNASE.BO] ❌ FAILED: RS 66 < 70.0 | Too close to 52WH: -13.35% | AvgVol10 110 < 300,000
[ICL.BO] ❌ FAILED: RS 66 < 70.0 | Recovery 46.49% < 60.0% | Too close to 52WH: -26.67% | AvgVol10 720 < 300,000 | Not in Stage 2 (Price > SMA10W > SMA30W)
[DVL.NS] ❌ FAILED: RS 66 < 70.0 | Recovery 50.76% < 60.0% | Too close to 52WH: -25.01% | AvgVol10 11,210 < 300,000
[YASHINNO.BO] ❌ FAILED: RS 66 < 70.0 | Too close to 52WH: -18.71% | AvgVol10 38,850 < 300,000 | Not in Stage 2 (Price > SMA10W > SMA30W)
[JKIPL.NS] ❌ FAILED: RS 66 < 70.0 | Too close to 52WH: -23.27% | AvgVol10 9,930 < 300,000 | Not in Stage 2 (Price > SMA10W > SMA30W)
[VVIPIL.BO] ❌ FAILED: RS 66 < 70.0 | Recovery 59.04% < 60.0% | Too close to 52WH: -11.78% | AvgVol10 14,340 < 300,000
[LAKSHMIEW.BO] ❌ FAILED: RS 66 < 70.0 | Recovery 49.51% < 60.0% | Too close to 52WH: -2.57% | AvgVol10 60 < 300,000
[PASUSPG.BO] ❌ FAILED: RS 66 < 70.0 | Recovery 29.53% < 60.0% | Too close to 52WH: -18.88% | AvgVol10 70 < 300,000 | Not in Stage 2 (Price > SMA10W > SMA30W)
[TIL.NS] ❌ FAILED: RS 66 < 70.0 | Recovery 56.48% < 60.0% | Too close to 52WH: -24.61% | AvgVol10 77,670 < 300,000
[MODIPON.BO] ❌ FAILED: RS 66 < 70.0 | Recovery 54.31% < 60.0% | AvgVol10 150 < 300,000 | Not in Stage 2 (Price > SMA10W > SMA30W)
[MIDHANI.NS] ❌ FAILED: RS 66 < 70.0 | Recovery 56.01% < 60.0% | Too close to 52WH: -13.76% | Not in Stage 2 (Price > SMA10W > SMA30W)
[ABCAPITAL.NS] ❌ FAILED: RS 66 < 70.0 | Recovery 36.9% < 60.0% | Too close to 52WH: -11.14% | Not in Stage 2 (Price > SMA10W > SMA30W)
[SHEMAROO.NS] ❌ FAILED: RS 66 < 70.0 | Too close to 52WH: -14.93% | AvgVol10 9,990 < 300,000 | Not in Stage 2 (Price > SMA10W > SMA30W)
[20MICRONS.NS] ❌ FAILED: RS 66 < 70.0 | Too close to 52WH: -10.3% | AvgVol10 150,450 < 300,000
[INDIGOPNTS.NS] ❌ FAILED: RS 66 < 70.0 | Recovery 56.77% < 60.0% | Too close to 52WH: -17.53% | AvgVol10 49,810 < 300,000 | Not in Stage 2 (Price > SMA10W > SMA30W)
[SUPERSHAKT.BO] ❌ FAILED: RS 66 < 70.0 | Recovery 54.96% < 60.0% | Too close to 52WH: -12.81% | AvgVol10 5,770 < 300,000
[SKPMIL.BO] ❌ FAILED: RS 66 < 70.0 | Recovery 44.58% < 60.0% | AvgVol10 130 < 300,000 | Not in Stage 2 (Price > SMA10W > SMA30W)
[UDS.NS] ❌ FAILED: RS 66 < 70.0 | Too close to 52WH: -20.93% | AvgVol10 116,470 < 300,000 | Not in Stage 2 (Price > SMA10W > SMA30W)
[KAKA.BO] ❌ FAILED: RS 66 < 70.0 | Recovery 58.27% < 60.0% | Too close to 52WH: -18.15% | AvgVol10 8,700 < 300,000 | Not in Stage 2 (Price > SMA10W > SMA30W)
[SHELTER.BO] ❌ FAILED: RS 66 < 70.0 | Too close to 52WH: -19.8% | AvgVol10 45,900 < 300,000
[VMART.NS] ❌ FAILED: RS 66 < 70.0 | Too close to 52WH: -13.68% | AvgVol10 88,690 < 300,000 | Not in Stage 2 (Price > SMA10W > SMA30W)
[SUTLEJTEX.NS] ❌ FAILED: RS 66 < 70.0 | Recovery 54.17% < 60.0% | Too close to 52WH: -13.81% | AvgVol10 26,840 < 300,000 | Not in Stage 2 (Price > SMA10W > SMA30W)
[ORIENTLTD.NS] ❌ FAILED: RS 66 < 70.0 | Recovery 48.73% < 60.0% | Too close to 52WH: -21.9% | AvgVol10 1,190 < 300,000
[LABELKRAFT.BO] ❌ FAILED: RS 66 < 70.0 | Recovery 35.96% < 60.0% | Too close to 52WH: -6.77% | AvgVol10 670 < 300,000 | Not in Stage 2 (Price > SMA10W > SMA30W)
[FRONTSP.NS] ❌ FAILED: RS 66 < 70.0 | Recovery 25.77% < 60.0% | Too close to 52WH: -7.82% | AvgVol10 237,880 < 300,000 | Not in Stage 2 (Price > SMA10W > SMA30W)
[TOTEM.BO] ❌ FAILED: RS 66 < 70.0 | Recovery 54.68% < 60.0% | Too close to 52WH: -21.4% | AvgVol10 45,110 < 300,000
[KANCOTEA.NS] ❌ FAILED: RS 66 < 70.0 | Recovery 18.07% < 60.0% | Too close to 52WH: -7.07% | AvgVol10 250 < 300,000 | Not in Stage 2 (Price > SMA10W > SMA30W)
[HNDFDS.NS] ❌ FAILED: RS 66 < 70.0 | Recovery 36.23% < 60.0% | Too close to 52WH: -11.15% | AvgVol10 56,270 < 300,000 | Not in Stage 2 (Price > SMA10W > SMA30W)
[TIPSMUSIC.NS] ❌ FAILED: RS 66 < 70.0 | Recovery 36.62% < 60.0% | Too close to 52WH: -11.29% | AvgVol10 260,350 < 300,000 | Not in Stage 2 (Price > SMA10W > SMA30W)
[SHOPERSTOP.NS] ❌ FAILED: RS 66 < 70.0 | Recovery 52.85% < 60.0% | Too close to 52WH: -24.41%
[TANAA.NS] ❌ FAILED: RS 66 < 70.0 | Recovery 48.26% < 60.0% | Too close to 52WH: -6.89% | AvgVol10 180,720 < 300,000 | Not in Stage 2 (Price > SMA10W > SMA30W)
[BAJAJHIND.NS] ❌ FAILED: RS 66 < 70.0 | Price $20.45 < $30.0 | Recovery 37.71% < 60.0% | Too close to 52WH: -21.35%
[TARMAT.NS] ❌ FAILED: RS 66 < 70.0 | Recovery 22.94% < 60.0% | Too close to 52WH: -23.04% | AvgVol10 14,630 < 300,000
[GPTHEALTH.NS] ❌ FAILED: RS 66 < 70.0 | Recovery 35.74% < 60.0% | Too close to 52WH: -10.8% | AvgVol10 127,950 < 300,000 | Not in Stage 2 (Price > SMA10W > SMA30W)
[SATIA.NS] ❌ FAILED: RS 65 < 70.0 | Recovery 34.06% < 60.0% | Too close to 52WH: -18.74% | AvgVol10 85,450 < 300,000
[KASTURI.BO] ❌ FAILED: RS 65 < 70.0 | Recovery 47.06% < 60.0% | Too close to 52WH: -11.92% | AvgVol10 5,550 < 300,000
[LGEINDIA.NS] ❌ FAILED: RS 65 < 70.0 | Recovery 32.71% < 60.0% | Too close to 52WH: -1.38%
[GVT&D.NS] ❌ FAILED: RS 65 < 70.0 | Too close to 52WH: -25.61% | Not in Stage 2 (Price > SMA10W > SMA30W)
[GRINDWELL.NS] ❌ FAILED: RS 65 < 70.0 | Recovery 44.33% < 60.0% | Too close to 52WH: -21.87% | AvgVol10 33,610 < 300,000 | Not in Stage 2 (Price > SMA10W > SMA30W)
[MAGNUS.BO] ❌ FAILED: RS 65 < 70.0 | AvgVol10 14,150 < 300,000 | Not in Stage 2 (Price > SMA10W > SMA30W)
[LUMAXIND.NS] ❌ FAILED: RS 65 < 70.0 | Recovery 26.7% < 60.0% | Too close to 52WH: -18.15% | AvgVol10 8,120 < 300,000 | Not in Stage 2 (Price > SMA10W > SMA30W)
[GALAXYSURF.NS] ❌ FAILED: RS 65 < 70.0 | Recovery 45.08% < 60.0% | Too close to 52WH: -17.27% | AvgVol10 30,020 < 300,000 | Not in Stage 2 (Price > SMA10W > SMA30W)
[KHAZANCHI.BO] ❌ FAILED: RS 65 < 70.0 | Recovery 21.99% < 60.0% | Too close to 52WH: -12.02% | AvgVol10 20,650 < 300,000 | Not in Stage 2 (Price > SMA10W > SMA30W)
[WELSPLSOL.NS] ❌ FAILED: RS 65 < 70.0 | Recovery 15.03% < 60.0% | Too close to 52WH: -13.2% | Not in Stage 2 (Price > SMA10W > SMA30W)
[CARGOSOL.BO] ❌ FAILED: RS 65 < 70.0 | Price $24.61 < $30.0 | Too close to 52WH: -11.79% | AvgVol10 2,000 < 300,000 | Not in Stage 2 (Price > SMA10W > SMA30W)
[NIRMITEE.BO] ❌ FAILED: RS 65 < 70.0 | Too close to 52WH: 0.0% | AvgVol10 1,320 < 300,000 | Not in Stage 2 (Price > SMA10W > SMA30W)
[INDOAMIN.NS] ❌ FAILED: RS 65 < 70.0 | Too close to 52WH: -9.94% | AvgVol10 54,790 < 300,000
[JUSTO.BO] ❌ FAILED: RS 65 < 70.0 | Recovery 43.06% < 60.0% | Too close to 52WH: -24.71% | AvgVol10 4,900 < 300,000
[GOLDIAM.NS] ❌ FAILED: RS 65 < 70.0 | Recovery 57.28% < 60.0% | Too close to 52WH: -21.5% | Not in Stage 2 (Price > SMA10W > SMA30W)
[KAVDEFENCE.NS] ❌ FAILED: RS 65 < 70.0 | Recovery 53.43% < 60.0%
[BERYLSE.BO] ❌ FAILED: RS 65 < 70.0 | Recovery 39.09% < 60.0% | Too close to 52WH: -26.85% | AvgVol10 780 < 300,000 | Not in Stage 2 (Price > SMA10W > SMA30W)
[SIMRAN.BO] ❌ FAILED: RS 65 < 70.0 | Recovery 32.98% < 60.0% | Too close to 52WH: -11.62% | AvgVol10 1,470 < 300,000
[MYSORPETRO.NS] ❌ FAILED: RS 65 < 70.0 | Recovery 16.0% < 60.0% | AvgVol10 3,300 < 300,000 | Not in Stage 2 (Price > SMA10W > SMA30W)
[SKFINDUS.NS] ❌ FAILED: RS 65 < 70.0 | Recovery 44.51% < 60.0% | Too close to 52WH: -10.47% | AvgVol10 177,500 < 300,000
[SIS.NS] ❌ FAILED: RS 65 < 70.0 | Recovery 53.36% < 60.0% | Too close to 52WH: -18.04% | AvgVol10 267,900 < 300,000 | Not in Stage 2 (Price > SMA10W > SMA30W)
[ECLERX.NS] ❌ FAILED: RS 65 < 70.0 | Recovery 37.59% < 60.0% | AvgVol10 152,160 < 300,000 | Not in Stage 2 (Price > SMA10W > SMA30W)
[MAJESAUT.NS] ❌ FAILED: RS 65 < 70.0 | Recovery 32.39% < 60.0% | AvgVol10 1,770 < 300,000 | Not in Stage 2 (Price > SMA10W > SMA30W)
[JAGSNPHARM.NS] ❌ FAILED: RS 65 < 70.0 | Recovery 55.5% < 60.0% | Too close to 52WH: -8.88%
[PRECOT.NS] ❌ FAILED: RS 65 < 70.0 | AvgVol10 3,810 < 300,000 | Not in Stage 2 (Price > SMA10W > SMA30W)
[ITL.NS] ❌ FAILED: RS 65 < 70.0 | Recovery 14.98% < 60.0% | Too close to 52WH: -5.61% | AvgVol10 970 < 300,000 | Not in Stage 2 (Price > SMA10W > SMA30W)
[CRISIL.NS] ❌ FAILED: RS 65 < 70.0 | Recovery 26.17% < 60.0% | Too close to 52WH: -8.18% | AvgVol10 47,960 < 300,000
[ADANIPORTS.NS] ❌ FAILED: RS 65 < 70.0 | Recovery 34.96% < 60.0% | Too close to 52WH: -7.79%
[DSFCL.NS] ❌ FAILED: RS 65 < 70.0 | AvgVol10 101,620 < 300,000
[MONARCH.NS] ❌ FAILED: RS 65 < 70.0 | Recovery 48.69% < 60.0% | Too close to 52WH: -13.97% | AvgVol10 81,540 < 300,000 | Not in Stage 2 (Price > SMA10W > SMA30W)
[HISARSP.BO] ❌ FAILED: RS 65 < 70.0 | Recovery 38.21% < 60.0% | Too close to 52WH: -16.11% | AvgVol10 2,310 < 300,000 | Not in Stage 2 (Price > SMA10W > SMA30W)
[DHARMAJ.NS] ❌ FAILED: RS 65 < 70.0 | Recovery 38.17% < 60.0% | Too close to 52WH: -10.46% | AvgVol10 51,270 < 300,000
[ARIS.NS] ❌ FAILED: RS 65 < 70.0 | Too close to 52WH: -25.63% | Not in Stage 2 (Price > SMA10W > SMA30W)
[IIFLCAPS.NS] ❌ FAILED: RS 65 < 70.0 | Recovery 42.97% < 60.0% | Too close to 52WH: -16.44%
[TECHNICHEM.BO] ❌ FAILED: RS 65 < 70.0 | Too close to 52WH: -13.2% | AvgVol10 38,000 < 300,000
[JAIHIND.BO] ❌ FAILED: RS 65 < 70.0 | Recovery 47.26% < 60.0% | Too close to 52WH: -23.92% | AvgVol10 39,540 < 300,000
[SUMEDHA.NS] ❌ FAILED: RS 65 < 70.0 | Recovery 20.11% < 60.0% | Too close to 52WH: -8.61% | AvgVol10 3,100 < 300,000 | Not in Stage 2 (Price > SMA10W > SMA30W)
[USHAMART.NS] ❌ FAILED: RS 64 < 70.0 | Recovery 33.68% < 60.0% | Too close to 52WH: -6.38%
[CHEVIOT.NS] ❌ FAILED: RS 64 < 70.0 | Recovery 32.28% < 60.0% | Too close to 52WH: -13.32% | AvgVol10 1,240 < 300,000
[ELGIRUBCO.NS] ❌ FAILED: RS 64 < 70.0 | Recovery 59.69% < 60.0% | Too close to 52WH: -25.36% | AvgVol10 49,630 < 300,000 | Not in Stage 2 (Price > SMA10W > SMA30W)
[TATATECH.NS] ❌ FAILED: RS 64 < 70.0 | Recovery 39.35% < 60.0% | Too close to 52WH: -20.65% | Not in Stage 2 (Price > SMA10W > SMA30W)
[DIGJAMLMTD.NS] ❌ FAILED: RS 64 < 70.0 | Recovery 43.44% < 60.0% | AvgVol10 23,220 < 300,000 | Not in Stage 2 (Price > SMA10W > SMA30W)
[AUTOIND.NS] ❌ FAILED: RS 64 < 70.0 | Too close to 52WH: -21.29% | AvgVol10 297,320 < 300,000 | Not in Stage 2 (Price > SMA10W > SMA30W)
[INDGELA.BO] ❌ FAILED: RS 64 < 70.0 | Recovery 27.86% < 60.0% | Too close to 52WH: -9.76% | AvgVol10 1,500 < 300,000
[SHRIRAMFIN.NS] ❌ FAILED: RS 64 < 70.0 | Too close to 52WH: -15.38% | Not in Stage 2 (Price > SMA10W > SMA30W)
[GLENMARK.NS] ❌ FAILED: RS 64 < 70.0 | Recovery 29.74% < 60.0% | Too close to 52WH: -8.35% | Not in Stage 2 (Price > SMA10W > SMA30W)
[ANDHRAPAP.NS] ❌ FAILED: RS 64 < 70.0 | Recovery 25.21% < 60.0% | Too close to 52WH: -16.42%
[NITIRAJ.NS] ❌ FAILED: RS 64 < 70.0 | Recovery 30.28% < 60.0% | Too close to 52WH: -9.18% | AvgVol10 3,280 < 300,000
[HCG.NS] ❌ FAILED: RS 64 < 70.0 | Recovery 34.66% < 60.0% | Too close to 52WH: -14.1% | AvgVol10 138,630 < 300,000 | Not in Stage 2 (Price > SMA10W > SMA30W)
[EQUIPPP.NS] ❌ FAILED: RS 64 < 70.0 | Price $21.85 < $30.0 | Recovery 57.76% < 60.0% | Too close to 52WH: -15.6% | AvgVol10 20,230 < 300,000 | Not in Stage 2 (Price > SMA10W > SMA30W)
[SPML.BO] ❌ FAILED: RS 64 < 70.0 | Recovery 36.17% < 60.0% | AvgVol10 12,500 < 300,000 | Not in Stage 2 (Price > SMA10W > SMA30W)
[REFEXRENEW.BO] ❌ FAILED: RS 64 < 70.0 | AvgVol10 2,680 < 300,000
[IMAGICAA.NS] ❌ FAILED: RS 64 < 70.0 | Recovery 39.22% < 60.0% | Too close to 52WH: -17.27% | Not in Stage 2 (Price > SMA10W > SMA30W)
[MNFL.BO] ❌ FAILED: RS 64 < 70.0 | Recovery 39.36% < 60.0% | Too close to 52WH: -11.29% | AvgVol10 14,880 < 300,000 | Not in Stage 2 (Price > SMA10W > SMA30W)
[SEALMATIC.BO] ❌ FAILED: RS 64 < 70.0 | Recovery 29.39% < 60.0% | Too close to 52WH: -12.71% | AvgVol10 7,880 < 300,000
[AJAXENGG.NS] ❌ FAILED: RS 64 < 70.0 | Recovery 49.42% < 60.0% | Too close to 52WH: -15.43% | AvgVol10 269,050 < 300,000
[MINDACORP.NS] ❌ FAILED: RS 64 < 70.0 | Recovery 43.65% < 60.0% | Too close to 52WH: -12.48% | AvgVol10 136,110 < 300,000 | Not in Stage 2 (Price > SMA10W > SMA30W)
[NATGENI.BO] ❌ FAILED: RS 64 < 70.0 | Too close to 52WH: -23.77% | AvgVol10 100 < 300,000 | Not in Stage 2 (Price > SMA10W > SMA30W)
[RISHYRN.BO] ❌ FAILED: RS 64 < 70.0 | Too close to 52WH: -25.53% | AvgVol10 30 < 300,000 | Not in Stage 2 (Price > SMA10W > SMA30W)
[BHILSPIN.BO] ❌ FAILED: RS 64 < 70.0 | Recovery 31.4% < 60.0% | Too close to 52WH: -15.04% | AvgVol10 4,110 < 300,000
[INDCTST.BO] ❌ FAILED: RS 64 < 70.0 | Recovery 37.54% < 60.0% | Too close to 52WH: -20.12% | AvgVol10 330 < 300,000 | Not in Stage 2 (Price > SMA10W > SMA30W)
[SKYIND.BO] ❌ FAILED: RS 64 < 70.0 | Recovery 50.76% < 60.0% | AvgVol10 3,420 < 300,000
[SUNDROP.NS] ❌ FAILED: RS 64 < 70.0 | Recovery 33.13% < 60.0% | Too close to 52WH: -10.16% | AvgVol10 61,630 < 300,000
[LUDLOWJUT.BO] ❌ FAILED: RS 64 < 70.0 | Too close to 52WH: -25.85% | AvgVol10 2,240 < 300,000 | Not in Stage 2 (Price > SMA10W > SMA30W)
[CITIUSINVT.BO] ❌ FAILED: RS 64 < 70.0 | Recovery 16.02% < 60.0% | Too close to 52WH: -6.26% | AvgVol10 1,150 < 300,000 | Not in Stage 2 (Price > SMA10W > SMA30W)
[MAGADSUGAR.NS] ❌ FAILED: RS 64 < 70.0 | Recovery 29.78% < 60.0% | Too close to 52WH: -14.76% | AvgVol10 51,630 < 300,000 | Not in Stage 2 (Price > SMA10W > SMA30W)
[OBEROIRLTY.NS] ❌ FAILED: RS 64 < 70.0 | Recovery 31.54% < 60.0% | Too close to 52WH: -7.86%
[GOKULAGRO.NS] ❌ FAILED: RS 64 < 70.0 | Recovery 43.15% < 60.0% | Too close to 52WH: -16.8% | Not in Stage 2 (Price > SMA10W > SMA30W)
[BERLDRG.BO] ❌ FAILED: RS 64 < 70.0 | Price $23.92 < $30.0 | Recovery 50.25% < 60.0% | Too close to 52WH: -13.33% | AvgVol10 1,080 < 300,000
[KKSHL.BO] ❌ FAILED: RS 64 < 70.0 | Recovery 55.17% < 60.0% | Too close to 52WH: -13.29% | AvgVol10 3,600 < 300,000
[FINEORG.NS] ❌ FAILED: RS 64 < 70.0 | Recovery 32.88% < 60.0% | Too close to 52WH: -5.23% | AvgVol10 21,120 < 300,000 | Not in Stage 2 (Price > SMA10W > SMA30W)
[GODREJAGRO.NS] ❌ FAILED: RS 64 < 70.0 | Recovery 26.95% < 60.0% | Too close to 52WH: -11.62% | AvgVol10 226,000 < 300,000
[SINGERIND.NS] ❌ FAILED: RS 64 < 70.0 | Recovery 35.49% < 60.0% | Too close to 52WH: -15.19% | AvgVol10 57,280 < 300,000 | Not in Stage 2 (Price > SMA10W > SMA30W)
[SANSTAR.NS] ❌ FAILED: RS 64 < 70.0 | Recovery 43.88% < 60.0% | Too close to 52WH: -22.25% | AvgVol10 164,110 < 300,000 | Not in Stage 2 (Price > SMA10W > SMA30W)
[BLUEJET.NS] ❌ FAILED: RS 64 < 70.0 | Too close to 52WH: -19.57% | Not in Stage 2 (Price > SMA10W > SMA30W)
[MERCURYEV.NS] ❌ FAILED: RS 63 < 70.0 | Recovery 29.08% < 60.0% | Too close to 52WH: -11.62% | Not in Stage 2 (Price > SMA10W > SMA30W)
[KPIL.NS] ❌ FAILED: RS 63 < 70.0 | Recovery 36.59% < 60.0% | Too close to 52WH: -7.03% | AvgVol10 160,790 < 300,000 | Not in Stage 2 (Price > SMA10W > SMA30W)
[BEML.NS] ❌ FAILED: RS 63 < 70.0 | Recovery 47.24% < 60.0% | Too close to 52WH: -12.33%
[TCMLMTD.BO] ❌ FAILED: RS 63 < 70.0 | Recovery 42.35% < 60.0% | AvgVol10 13,210 < 300,000
[RADHIKAJWE.NS] ❌ FAILED: RS 63 < 70.0 | Recovery 38.73% < 60.0% | Not in Stage 2 (Price > SMA10W > SMA30W)
[STARHEALTH.NS] ❌ FAILED: RS 63 < 70.0 | Recovery 32.64% < 60.0% | Too close to 52WH: -11.59% | Not in Stage 2 (Price > SMA10W > SMA30W)
[EASTBUILD.BO] ❌ FAILED: RS 63 < 70.0 | Too close to 52WH: -7.96% | AvgVol10 80 < 300,000
[MANCREDIT.NS] ❌ FAILED: RS 63 < 70.0 | Recovery 42.97% < 60.0% | Too close to 52WH: -24.32% | AvgVol10 133,010 < 300,000 | Not in Stage 2 (Price > SMA10W > SMA30W)
[JAYBARMARU.NS] ❌ FAILED: RS 63 < 70.0 | Not in Stage 2 (Price > SMA10W > SMA30W)
[CGPOWER.NS] ❌ FAILED: RS 63 < 70.0 | Too close to 52WH: -11.82% | Not in Stage 2 (Price > SMA10W > SMA30W)
[KAMADGIRI.BO] ❌ FAILED: RS 63 < 70.0 | Recovery 58.55% < 60.0% | AvgVol10 20 < 300,000 | Not in Stage 2 (Price > SMA10W > SMA30W)
[CUB.NS] ❌ FAILED: RS 63 < 70.0 | Recovery 39.94% < 60.0% | Too close to 52WH: -13.2% | Not in Stage 2 (Price > SMA10W > SMA30W)
[SANPA.BO] ❌ FAILED: RS 63 < 70.0 | Recovery 32.82% < 60.0% | Too close to 52WH: -17.03% | AvgVol10 460 < 300,000
[BANARBEADS.NS] ❌ FAILED: RS 63 < 70.0 | Recovery 22.09% < 60.0% | AvgVol10 5,770 < 300,000
[ALTIUSINVIT.BO] ❌ FAILED: RS 63 < 70.0 | Recovery 23.22% < 60.0% | Too close to 52WH: -2.79%
[DELTACORP.NS] ❌ FAILED: RS 63 < 70.0 | Recovery 49.48% < 60.0% | Too close to 52WH: -16.44% | Not in Stage 2 (Price > SMA10W > SMA30W)
[DIXON.NS] ❌ FAILED: RS 63 < 70.0 | Recovery 42.08% < 60.0% | Too close to 52WH: -22.66% | Not in Stage 2 (Price > SMA10W > SMA30W)
[GARFIBRES.NS] ❌ FAILED: RS 63 < 70.0 | Recovery 33.31% < 60.0% | Too close to 52WH: -10.49% | AvgVol10 38,240 < 300,000 | Not in Stage 2 (Price > SMA10W > SMA30W)
[CARYSIL.NS] ❌ FAILED: RS 63 < 70.0 | Recovery 41.82% < 60.0% | Too close to 52WH: -18.94% | AvgVol10 85,010 < 300,000 | Not in Stage 2 (Price > SMA10W > SMA30W)
[HAL.NS] ❌ FAILED: RS 63 < 70.0 | Recovery 36.18% < 60.0% | Too close to 52WH: -8.0% | Not in Stage 2 (Price > SMA10W > SMA30W)
[PEOPLIN.BO] ❌ FAILED: RS 63 < 70.0 | Recovery 37.13% < 60.0% | Too close to 52WH: 0.0% | AvgVol10 0 < 300,000
[ARMANFIN.NS] ❌ FAILED: RS 63 < 70.0 | Recovery 30.68% < 60.0% | Too close to 52WH: -21.24% | AvgVol10 26,000 < 300,000 | Not in Stage 2 (Price > SMA10W > SMA30W)
[RANEHOLDIN.NS] ❌ FAILED: RS 63 < 70.0 | Too close to 52WH: -16.37% | AvgVol10 11,110 < 300,000 | Not in Stage 2 (Price > SMA10W > SMA30W)
[OIL.NS] ❌ FAILED: RS 63 < 70.0 | Recovery 18.3% < 60.0% | Too close to 52WH: -11.86% | Not in Stage 2 (Price > SMA10W > SMA30W)
[HLEGLAS.NS] ❌ FAILED: RS 63 < 70.0
[PIXTRANS.NS] ❌ FAILED: RS 63 < 70.0 | Recovery 37.76% < 60.0% | Too close to 52WH: -17.43% | AvgVol10 8,700 < 300,000 | Not in Stage 2 (Price > SMA10W > SMA30W)
[GTNINDS.BO] ❌ FAILED: RS 63 < 70.0 | Price $24.20 < $30.0 | Recovery 42.35% < 60.0% | Too close to 52WH: -20.97% | AvgVol10 2,440 < 300,000
[WENDT.NS] ❌ FAILED: RS 63 < 70.0 | Recovery 44.81% < 60.0% | Too close to 52WH: -8.75% | AvgVol10 14,060 < 300,000
[NORTHARC.NS] ❌ FAILED: RS 63 < 70.0 | Recovery 41.31% < 60.0% | Too close to 52WH: -12.84% | Not in Stage 2 (Price > SMA10W > SMA30W)
[WINDMACHIN.NS] ❌ FAILED: RS 63 < 70.0 | Recovery 49.64% < 60.0% | Too close to 52WH: -12.69% | AvgVol10 127,270 < 300,000 | Not in Stage 2 (Price > SMA10W > SMA30W)
[BHAGWOX.BO] ❌ FAILED: RS 63 < 70.0 | Recovery 31.97% < 60.0% | Too close to 52WH: -15.76% | AvgVol10 1,020 < 300,000
[IKS.NS] ❌ FAILED: RS 63 < 70.0 | Recovery 40.13% < 60.0% | Too close to 52WH: -10.23% | Not in Stage 2 (Price > SMA10W > SMA30W)
[IDFCFIRSTB.NS] ❌ FAILED: RS 63 < 70.0 | Recovery 38.69% < 60.0% | Too close to 52WH: -10.11% | Not in Stage 2 (Price > SMA10W > SMA30W)
[PHOENIXLTD.NS] ❌ FAILED: RS 63 < 70.0 | Recovery 33.2% < 60.0% | Too close to 52WH: -10.03%
[HINDALCO.NS] ❌ FAILED: RS 63 < 70.0 | Recovery 28.33% < 60.0% | Too close to 52WH: -18.72% | Not in Stage 2 (Price > SMA10W > SMA30W)
[DOLLEX.NS] ❌ FAILED: RS 63 < 70.0 | Recovery 38.85% < 60.0% | Too close to 52WH: -16.92% | AvgVol10 53,850 < 300,000
[JAYNECOIND.NS] ❌ FAILED: RS 62 < 70.0 | Recovery 36.61% < 60.0% | Too close to 52WH: -24.8% | Not in Stage 2 (Price > SMA10W > SMA30W)
[AMBIKCO.NS] ❌ FAILED: RS 62 < 70.0 | Recovery 42.42% < 60.0% | Too close to 52WH: -18.8% | AvgVol10 8,120 < 300,000 | Not in Stage 2 (Price > SMA10W > SMA30W)
[INTEGSW.BO] ❌ FAILED: RS 62 < 70.0 | Recovery 54.97% < 60.0% | Too close to 52WH: -3.84% | AvgVol10 30 < 300,000 | Not in Stage 2 (Price > SMA10W > SMA30W)
[CMPDI.NS] ❌ FAILED: RS 62 < 70.0 | Recovery 36.24% < 60.0% | Not in Stage 2 (Price > SMA10W > SMA30W)
[TMCV.NS] ❌ FAILED: RS 62 < 70.0 | Recovery 41.35% < 60.0% | Too close to 52WH: -14.94% | Not in Stage 2 (Price > SMA10W > SMA30W)
[GUJTHEM.NS] ❌ FAILED: RS 62 < 70.0 | Too close to 52WH: -17.0%
[CLFL.BO] ❌ FAILED: RS 62 < 70.0 | Recovery 56.51% < 60.0% | Too close to 52WH: -24.93% | AvgVol10 580 < 300,000 | Not in Stage 2 (Price > SMA10W > SMA30W)
[CORALAB.BO] ❌ FAILED: RS 62 < 70.0 | Recovery 51.74% < 60.0% | Too close to 52WH: -19.55% | AvgVol10 1,420 < 300,000 | Not in Stage 2 (Price > SMA10W > SMA30W)
[TVSSCS.NS] ❌ FAILED: RS 62 < 70.0 | Recovery 42.27% < 60.0% | Too close to 52WH: -12.29% | Not in Stage 2 (Price > SMA10W > SMA30W)
[SENINFO.BO] ❌ FAILED: RS 62 < 70.0 | Recovery 54.92% < 60.0% | AvgVol10 20 < 300,000
[GANECOS.NS] ❌ FAILED: RS 62 < 70.0 | Recovery 55.95% < 60.0% | Too close to 52WH: -19.62% | AvgVol10 101,440 < 300,000 | Not in Stage 2 (Price > SMA10W > SMA30W)
[MCL.NS] ❌ FAILED: RS 62 < 70.0 | Recovery 39.52% < 60.0% | AvgVol10 74,930 < 300,000 | Not in Stage 2 (Price > SMA10W > SMA30W)
[ICICIAMC.NS] ❌ FAILED: RS 62 < 70.0 | Recovery 27.06% < 60.0% | Too close to 52WH: -10.98% | Not in Stage 2 (Price > SMA10W > SMA30W)
[BEMHY.BO] ❌ FAILED: RS 62 < 70.0 | AvgVol10 5,820 < 300,000 | Not in Stage 2 (Price > SMA10W > SMA30W)
[MINDSPACE.BO] ❌ FAILED: RS 62 < 70.0 | Recovery 14.34% < 60.0% | Too close to 52WH: -3.98%
[GRASIM.NS] ❌ FAILED: RS 62 < 70.0 | Recovery 25.87% < 60.0% | Too close to 52WH: -7.65% | Not in Stage 2 (Price > SMA10W > SMA30W)
[ADON.BO] ❌ FAILED: RS 62 < 70.0 | Recovery 19.27% < 60.0% | Too close to 52WH: -20.72% | AvgVol10 156,800 < 300,000 | Not in Stage 2 (Price > SMA10W > SMA30W)
[GEOJITFSL.NS] ❌ FAILED: RS 62 < 70.0 | Recovery 53.95% < 60.0% | Too close to 52WH: -9.48% | Not in Stage 2 (Price > SMA10W > SMA30W)
[NIBL.NS] ❌ FAILED: RS 62 < 70.0 | Recovery 25.1% < 60.0% | Too close to 52WH: -22.43% | AvgVol10 32,570 < 300,000 | Not in Stage 2 (Price > SMA10W > SMA30W)
[LYKISLTD.BO] ❌ FAILED: RS 62 < 70.0 | Too close to 52WH: -21.52% | AvgVol10 16,130 < 300,000 | Not in Stage 2 (Price > SMA10W > SMA30W)
[KAJARIACER.NS] ❌ FAILED: RS 62 < 70.0 | Recovery 36.79% < 60.0% | Too close to 52WH: -8.06% | AvgVol10 153,790 < 300,000 | Not in Stage 2 (Price > SMA10W > SMA30W)
[WESTLIFE.NS] ❌ FAILED: RS 62 < 70.0 | Recovery 45.54% < 60.0% | Too close to 52WH: -24.08% | AvgVol10 223,950 < 300,000
[POLYLINK.BO] ❌ FAILED: RS 62 < 70.0 | Price $22.98 < $30.0 | Recovery 58.26% < 60.0% | Too close to 52WH: -11.62% | AvgVol10 2,990 < 300,000
[BAPACK.BO] ❌ FAILED: RS 62 < 70.0 | Recovery 45.02% < 60.0% | Too close to 52WH: -19.33% | AvgVol10 300 < 300,000
[ADVLIFE.BO] ❌ FAILED: RS 62 < 70.0 | Recovery 49.63% < 60.0% | Too close to 52WH: -11.76% | AvgVol10 440 < 300,000
[EMKAY.NS] ❌ FAILED: RS 62 < 70.0 | Recovery 55.22% < 60.0% | Too close to 52WH: -22.16% | AvgVol10 34,600 < 300,000
[JINDALSTEL.NS] ❌ FAILED: RS 62 < 70.0 | Recovery 16.63% < 60.0% | Too close to 52WH: -12.75% | Not in Stage 2 (Price > SMA10W > SMA30W)
[GROWW.NS] ❌ FAILED: RS 62 < 70.0 | Too close to 52WH: -19.28% | Not in Stage 2 (Price > SMA10W > SMA30W)
[CONCORDBIO.NS] ❌ FAILED: RS 62 < 70.0 | Recovery 41.1% < 60.0% | Too close to 52WH: -16.48% | AvgVol10 197,820 < 300,000 | Not in Stage 2 (Price > SMA10W > SMA30W)
[RAJKOTINV.BO] ❌ FAILED: RS 62 < 70.0 | Recovery 47.81% < 60.0% | Too close to 52WH: -12.24% | AvgVol10 710 < 300,000
[AAATECH.NS] ❌ FAILED: RS 62 < 70.0 | Recovery 29.14% < 60.0% | Too close to 52WH: -26.82% | AvgVol10 216,930 < 300,000 | Not in Stage 2 (Price > SMA10W > SMA30W)
[AARTECH.NS] ❌ FAILED: RS 62 < 70.0 | Recovery 52.85% < 60.0% | Too close to 52WH: -20.9% | AvgVol10 25,930 < 300,000
[JSWSTEEL.NS] ❌ FAILED: RS 62 < 70.0 | Recovery 17.79% < 60.0% | Too close to 52WH: -6.43% | Not in Stage 2 (Price > SMA10W > SMA30W)
[SUPRAPFSL.BO] ❌ FAILED: RS 62 < 70.0 | Recovery 48.82% < 60.0% | Too close to 52WH: -7.28% | AvgVol10 71,370 < 300,000 | Not in Stage 2 (Price > SMA10W > SMA30W)
[GOLDCOINHF.BO] ❌ FAILED: RS 62 < 70.0 | Recovery 51.36% < 60.0% | Too close to 52WH: -18.99% | AvgVol10 1,620 < 300,000 | Not in Stage 2 (Price > SMA10W > SMA30W)
[AGARWALEYE.NS] ❌ FAILED: RS 62 < 70.0 | Recovery 25.59% < 60.0% | Too close to 52WH: -11.34% | AvgVol10 235,040 < 300,000 | Not in Stage 2 (Price > SMA10W > SMA30W)
[KRYSTAL.NS] ❌ FAILED: RS 62 < 70.0 | Recovery 24.33% < 60.0% | Too close to 52WH: -10.8% | AvgVol10 52,850 < 300,000 | Not in Stage 2 (Price > SMA10W > SMA30W)
[JUBLPHARMA.NS] ❌ FAILED: RS 62 < 70.0 | Recovery 34.91% < 60.0% | Too close to 52WH: -10.5% | AvgVol10 182,690 < 300,000
[ALKYLAMINE.NS] ❌ FAILED: RS 61 < 70.0 | Recovery 48.5% < 60.0% | Too close to 52WH: -14.9% | AvgVol10 41,750 < 300,000 | Not in Stage 2 (Price > SMA10W > SMA30W)
[AUTOPINS.BO] ❌ FAILED: RS 61 < 70.0 | AvgVol10 190 < 300,000 | Not in Stage 2 (Price > SMA10W > SMA30W)
[CANHLIFE.NS] ❌ FAILED: RS 61 < 70.0 | Recovery 39.42% < 60.0% | Too close to 52WH: -11.34% | Not in Stage 2 (Price > SMA10W > SMA30W)
[SAIPARENT.NS] ❌ FAILED: RS 61 < 70.0 | Recovery 27.49% < 60.0% | AvgVol10 51,500 < 300,000 | Not in Stage 2 (Price > SMA10W > SMA30W)
[HERITGFOOD.NS] ❌ FAILED: RS 61 < 70.0 | Recovery 37.43% < 60.0% | Too close to 52WH: -20.2%
[ADANIGREEN.NS] ❌ FAILED: RS 61 < 70.0 | Too close to 52WH: -24.3% | Not in Stage 2 (Price > SMA10W > SMA30W)
[PPAP.NS] ❌ FAILED: RS 61 < 70.0 | Recovery 33.98% < 60.0% | AvgVol10 10,220 < 300,000 | Not in Stage 2 (Price > SMA10W > SMA30W)
[BDI.BO] ❌ FAILED: RS 61 < 70.0 | Recovery 21.43% < 60.0% | Too close to 52WH: -3.09% | AvgVol10 62,270 < 300,000
[ADINATH.BO] ❌ FAILED: RS 61 < 70.0 | Price $22.86 < $30.0 | Recovery 41.55% < 60.0% | AvgVol10 1,260 < 300,000
[JOCIL.NS] ❌ FAILED: RS 61 < 70.0 | Too close to 52WH: -16.06% | AvgVol10 4,540 < 300,000 | Not in Stage 2 (Price > SMA10W > SMA30W)
[TTKHLTCARE.NS] ❌ FAILED: RS 61 < 70.0 | Recovery 37.9% < 60.0% | Too close to 52WH: -18.72% | AvgVol10 25,170 < 300,000 | Not in Stage 2 (Price > SMA10W > SMA30W)
[HINDZINC.NS] ❌ FAILED: RS 61 < 70.0 | Recovery 26.35% < 60.0% | Too close to 52WH: -21.83% | Not in Stage 2 (Price > SMA10W > SMA30W)
[JOLYPLS.BO] ❌ FAILED: RS 61 < 70.0 | AvgVol10 360 < 300,000
[PROTEAN.NS] ❌ FAILED: RS 61 < 70.0 | Recovery 55.74% < 60.0% | Too close to 52WH: -23.97%
[GALADAFIN.BO] ❌ FAILED: RS 61 < 70.0 | Recovery 53.55% < 60.0% | AvgVol10 360 < 300,000 | Not in Stage 2 (Price > SMA10W > SMA30W)
[APIS.BO] ❌ FAILED: RS 61 < 70.0 | AvgVol10 10,620 < 300,000 | Not in Stage 2 (Price > SMA10W > SMA30W)
[GOACARBON.NS] ❌ FAILED: RS 61 < 70.0 | Recovery 48.71% < 60.0% | Too close to 52WH: -18.01% | AvgVol10 30,320 < 300,000
[PRIMAPLA.BO] ❌ FAILED: RS 61 < 70.0 | Recovery 48.35% < 60.0% | Too close to 52WH: -16.82% | AvgVol10 4,800 < 300,000 | Not in Stage 2 (Price > SMA10W > SMA30W)
[MAITRI.BO] ❌ FAILED: RS 61 < 70.0 | Too close to 52WH: -19.05% | AvgVol10 20 < 300,000 | Not in Stage 2 (Price > SMA10W > SMA30W)
[HARDCAS.BO] ❌ FAILED: RS 61 < 70.0 | Recovery 36.99% < 60.0% | Too close to 52WH: -21.28% | AvgVol10 50 < 300,000 | Not in Stage 2 (Price > SMA10W > SMA30W)
[CLSEL.NS] ❌ FAILED: RS 61 < 70.0 | Recovery 40.25% < 60.0% | Too close to 52WH: -12.02% | AvgVol10 55,180 < 300,000 | Not in Stage 2 (Price > SMA10W > SMA30W)
[PERSISTENT.NS] ❌ FAILED: RS 61 < 70.0 | Recovery 25.54% < 60.0% | Too close to 52WH: -19.25% | Not in Stage 2 (Price > SMA10W > SMA30W)
[MANIPALHOS.NS] ❌ FAILED: RS 61 < 70.0 | Recovery 15.52% < 60.0% | Too close to 52WH: -11.35% | Not in Stage 2 (Price > SMA10W > SMA30W)
[SVGLOBAL.NS] ❌ FAILED: RS 61 < 70.0 | Recovery 26.04% < 60.0% | Too close to 52WH: -18.84% | AvgVol10 12,480 < 300,000 | Not in Stage 2 (Price > SMA10W > SMA30W)
[KRISHIVAL.NS] ❌ FAILED: RS 61 < 70.0 | Recovery 46.53% < 60.0% | Too close to 52WH: -18.57% | AvgVol10 10,250 < 300,000
[AARTIDRUGS.NS] ❌ FAILED: RS 61 < 70.0 | Recovery 34.71% < 60.0% | Too close to 52WH: -19.54% | AvgVol10 169,730 < 300,000
[NARMP.BO] ❌ FAILED: RS 61 < 70.0 | Price $23.38 < $30.0 | AvgVol10 63,600 < 300,000
[SMAUTO.BO] ❌ FAILED: RS 61 < 70.0 | Price $25.55 < $30.0 | Too close to 52WH: -24.63% | AvgVol10 2,000 < 300,000 | Not in Stage 2 (Price > SMA10W > SMA30W)
[VIPPYSP.BO] ❌ FAILED: RS 61 < 70.0 | Recovery 39.24% < 60.0% | Too close to 52WH: -9.8% | AvgVol10 610 < 300,000 | Not in Stage 2 (Price > SMA10W > SMA30W)
[PDMJEPAPER.NS] ❌ FAILED: RS 61 < 70.0 | Recovery 44.28% < 60.0% | Too close to 52WH: -26.26% | Not in Stage 2 (Price > SMA10W > SMA30W)
[ABMINTLLTD.NS] ❌ FAILED: RS 61 < 70.0 | Recovery 32.94% < 60.0% | AvgVol10 540 < 300,000 | Not in Stage 2 (Price > SMA10W > SMA30W)
[SMARTWORKS.NS] ❌ FAILED: RS 61 < 70.0 | Recovery 41.54% < 60.0% | Too close to 52WH: -17.34% | AvgVol10 87,490 < 300,000 | Not in Stage 2 (Price > SMA10W > SMA30W)
[WORTHPERI.NS] ❌ FAILED: RS 61 < 70.0 | Recovery 34.73% < 60.0% | Too close to 52WH: -13.51% | AvgVol10 5,560 < 300,000 | Not in Stage 2 (Price > SMA10W > SMA30W)
[KONARKSY.BO] ❌ FAILED: RS 61 < 70.0 | Recovery 30.88% < 60.0% | Too close to 52WH: -15.65% | AvgVol10 10 < 300,000 | Not in Stage 2 (Price > SMA10W > SMA30W)
[PRIMESECU.NS] ❌ FAILED: RS 61 < 70.0 | Recovery 19.26% < 60.0% | Too close to 52WH: -7.12% | AvgVol10 48,090 < 300,000
[FIVESTAR.NS] ❌ FAILED: RS 61 < 70.0 | Recovery 53.29% < 60.0% | Too close to 52WH: -22.17% | Not in Stage 2 (Price > SMA10W > SMA30W)
[INDUSINDBK.NS] ❌ FAILED: RS 61 < 70.0 | Recovery 27.67% < 60.0% | Too close to 52WH: -15.6% | Not in Stage 2 (Price > SMA10W > SMA30W)
[MDRC.BO] ❌ FAILED: RS 60 < 70.0 | Recovery 55.58% < 60.0% | AvgVol10 52,320 < 300,000 | Not in Stage 2 (Price > SMA10W > SMA30W)
[SPICELOUNG.BO] ❌ FAILED: RS 60 < 70.0
[DHAVAL.BO] ❌ FAILED: RS 60 < 70.0 | Recovery 13.77% < 60.0% | Too close to 52WH: -13.24% | AvgVol10 37,080 < 300,000 | Not in Stage 2 (Price > SMA10W > SMA30W)
[ASTERDM.NS] ❌ FAILED: RS 60 < 70.0 | Recovery 43.97% < 60.0% | Too close to 52WH: -16.15% | Not in Stage 2 (Price > SMA10W > SMA30W)
[MTL.BO] ❌ FAILED: RS 60 < 70.0 | Recovery 42.17% < 60.0% | Too close to 52WH: -15.1% | AvgVol10 39,200 < 300,000 | Not in Stage 2 (Price > SMA10W > SMA30W)
[IONEXCHANG.NS] ❌ FAILED: RS 60 < 70.0 | Recovery 35.24% < 60.0% | Too close to 52WH: -12.98% | AvgVol10 251,830 < 300,000
[PRAENG.NS] ❌ FAILED: RS 60 < 70.0 | Price $22.86 < $30.0 | Recovery 34.47% < 60.0% | AvgVol10 63,400 < 300,000
[NETLINK.BO] ❌ FAILED: RS 60 < 70.0 | Recovery 34.17% < 60.0% | Too close to 52WH: -20.92% | AvgVol10 4,120 < 300,000 | Not in Stage 2 (Price > SMA10W > SMA30W)
[LGBBROSLTD.NS] ❌ FAILED: RS 60 < 70.0 | Recovery 31.61% < 60.0% | Too close to 52WH: -15.5% | AvgVol10 23,540 < 300,000
[JUSTDIAL.NS] ❌ FAILED: RS 60 < 70.0 | Recovery 37.14% < 60.0% | Too close to 52WH: -25.0% | AvgVol10 116,930 < 300,000 | Not in Stage 2 (Price > SMA10W > SMA30W)
[ZYDUSWELL.NS] ❌ FAILED: RS 60 < 70.0 | Recovery 42.67% < 60.0% | Too close to 52WH: -14.29% | AvgVol10 207,530 < 300,000 | Not in Stage 2 (Price > SMA10W > SMA30W)
[MLKFOOD.NS] ❌ FAILED: RS 60 < 70.0 | Recovery 17.78% < 60.0% | Too close to 52WH: -10.05% | AvgVol10 4,020 < 300,000 | Not in Stage 2 (Price > SMA10W > SMA30W)
[TECHM.NS] ❌ FAILED: RS 60 < 70.0 | Recovery 18.26% < 60.0% | Too close to 52WH: -16.82% | Not in Stage 2 (Price > SMA10W > SMA30W)
[POBS.BO] ❌ FAILED: RS 60 < 70.0 | Recovery 40.09% < 60.0% | Too close to 52WH: -20.43% | AvgVol10 90 < 300,000 | Not in Stage 2 (Price > SMA10W > SMA30W)
[WIREFABR.BO] ❌ FAILED: RS 60 < 70.0 | Recovery 42.32% < 60.0% | AvgVol10 10 < 300,000
[NIYOGIN.BO] ❌ FAILED: RS 60 < 70.0 | AvgVol10 50,150 < 300,000 | Not in Stage 2 (Price > SMA10W > SMA30W)
[AVIVA.BO] ❌ FAILED: RS 60 < 70.0 | Recovery 19.69% < 60.0% | Too close to 52WH: -9.26% | AvgVol10 10 < 300,000 | Not in Stage 2 (Price > SMA10W > SMA30W)
[CASTROLIND.NS] ❌ FAILED: RS 60 < 70.0 | Recovery 18.19% < 60.0% | Too close to 52WH: -2.97%
[VANDU.BO] ❌ FAILED: RS 60 < 70.0 | Recovery 47.0% < 60.0% | Too close to 52WH: -23.64% | AvgVol10 26,600 < 300,000 | Not in Stage 2 (Price > SMA10W > SMA30W)
[AUBANK.NS] ❌ FAILED: RS 60 < 70.0 | Recovery 38.42% < 60.0% | Too close to 52WH: -13.01% | Not in Stage 2 (Price > SMA10W > SMA30W)
[BANDHANBNK.NS] ❌ FAILED: RS 60 < 70.0 | Recovery 34.82% < 60.0% | Too close to 52WH: -18.01% | Not in Stage 2 (Price > SMA10W > SMA30W)
[ADVAIT.NS] ❌ FAILED: RS 60 < 70.0 | Recovery 38.22% < 60.0% | Too close to 52WH: -24.85% | AvgVol10 31,710 < 300,000 | Not in Stage 2 (Price > SMA10W > SMA30W)
[WEWORK.NS] ❌ FAILED: RS 60 < 70.0 | Recovery 54.92% < 60.0% | Too close to 52WH: -18.11% | AvgVol10 148,040 < 300,000 | Not in Stage 2 (Price > SMA10W > SMA30W)
[EPL.NS] ❌ FAILED: RS 60 < 70.0 | Recovery 33.22% < 60.0% | Too close to 52WH: -14.24% | Not in Stage 2 (Price > SMA10W > SMA30W)
[NATRAJPR.BO] ❌ FAILED: RS 60 < 70.0 | Recovery 44.25% < 60.0% | Too close to 52WH: -11.81% | AvgVol10 890 < 300,000
[KRBL.NS] ❌ FAILED: RS 60 < 70.0 | Recovery 39.43% < 60.0% | Too close to 52WH: -15.43% | Not in Stage 2 (Price > SMA10W > SMA30W)
[KPRMILL.NS] ❌ FAILED: RS 60 < 70.0 | Recovery 38.32% < 60.0% | Too close to 52WH: -17.45% | AvgVol10 182,110 < 300,000 | Not in Stage 2 (Price > SMA10W > SMA30W)
[WEWIN.NS] ❌ FAILED: RS 60 < 70.0 | Recovery 37.34% < 60.0% | AvgVol10 4,240 < 300,000 | Not in Stage 2 (Price > SMA10W > SMA30W)
[PCBL.NS] ❌ FAILED: RS 60 < 70.0 | Recovery 46.82% < 60.0% | Too close to 52WH: -15.6%
[TEXRAIL.NS] ❌ FAILED: RS 60 < 70.0 | Recovery 57.77% < 60.0% | Too close to 52WH: -13.95%
[HINDCOPPER.NS] ❌ FAILED: RS 60 < 70.0 | Recovery 55.46% < 60.0% | Not in Stage 2 (Price > SMA10W > SMA30W)
[KIMS.NS] ❌ FAILED: RS 60 < 70.0 | Recovery 33.11% < 60.0% | Too close to 52WH: -10.67% | Not in Stage 2 (Price > SMA10W > SMA30W)
[INGERRAND.NS] ❌ FAILED: RS 60 < 70.0 | Recovery 37.98% < 60.0% | Too close to 52WH: -14.7% | AvgVol10 26,680 < 300,000 | Not in Stage 2 (Price > SMA10W > SMA30W)
[PARADEEP.NS] ❌ FAILED: RS 60 < 70.0 | Recovery 56.17% < 60.0% | Too close to 52WH: -22.92%
[NIKHILAD.BO] ❌ FAILED: RS 60 < 70.0 | Recovery 47.45% < 60.0% | AvgVol10 11,800 < 300,000
[INDOCO.NS] ❌ FAILED: RS 60 < 70.0 | Recovery 53.56% < 60.0% | Too close to 52WH: -21.52% | AvgVol10 243,280 < 300,000
[SARLAPOLY.NS] ❌ FAILED: RS 59 < 70.0 | Recovery 42.84% < 60.0% | Too close to 52WH: -11.98% | AvgVol10 49,360 < 300,000 | Not in Stage 2 (Price > SMA10W > SMA30W)
[MODIS.NS] ❌ FAILED: RS 59 < 70.0 | Recovery 31.47% < 60.0% | Too close to 52WH: -15.43% | AvgVol10 22,930 < 300,000 | Not in Stage 2 (Price > SMA10W > SMA30W)
[UNIONBANK.NS] ❌ FAILED: RS 59 < 70.0 | Recovery 27.92% < 60.0% | Too close to 52WH: -16.42% | Not in Stage 2 (Price > SMA10W > SMA30W)
[MHLXMIRU.NS] ❌ FAILED: RS 59 < 70.0 | AvgVol10 12,460 < 300,000
[DEVYANI.NS] ❌ FAILED: RS 59 < 70.0 | Recovery 43.19% < 60.0% | Too close to 52WH: -24.11% | Not in Stage 2 (Price > SMA10W > SMA30W)
[NICCOPAR.NS] ❌ FAILED: RS 59 < 70.0 | Recovery 11.81% < 60.0% | Too close to 52WH: -18.68% | AvgVol10 1,210 < 300,000 | Not in Stage 2 (Price > SMA10W > SMA30W)
[SBLI.BO] ❌ FAILED: RS 59 < 70.0 | Recovery 38.46% < 60.0% | Too close to 52WH: -22.53% | AvgVol10 7,200 < 300,000 | Not in Stage 2 (Price > SMA10W > SMA30W)
[ZENTEC.NS] ❌ FAILED: RS 59 < 70.0 | Recovery 34.33% < 60.0% | Too close to 52WH: -19.62% | AvgVol10 267,410 < 300,000 | Not in Stage 2 (Price > SMA10W > SMA30W)
[BSE.NS] ❌ FAILED: RS 59 < 70.0 | Recovery 52.2% < 60.0% | Not in Stage 2 (Price > SMA10W > SMA30W)
[SHIVATEX.NS] ❌ FAILED: RS 59 < 70.0 | Recovery 31.61% < 60.0% | Too close to 52WH: -23.87% | AvgVol10 4,660 < 300,000 | Not in Stage 2 (Price > SMA10W > SMA30W)
[21STCENMGM.NS] ❌ FAILED: RS 59 < 70.0 | Recovery 40.32% < 60.0% | Too close to 52WH: -26.31% | AvgVol10 2,650 < 300,000 | Not in Stage 2 (Price > SMA10W > SMA30W)
[BLACKROSE.NS] ❌ FAILED: RS 59 < 70.0 | Recovery 13.15% < 60.0% | Too close to 52WH: -3.87% | AvgVol10 27,540 < 300,000 | Not in Stage 2 (Price > SMA10W > SMA30W)
[WSFX.BO] ❌ FAILED: RS 59 < 70.0 | Recovery 19.89% < 60.0% | Too close to 52WH: -16.08% | AvgVol10 5,740 < 300,000 | Not in Stage 2 (Price > SMA10W > SMA30W)
[SHARDAMOTR.NS] ❌ FAILED: RS 59 < 70.0 | Recovery 35.01% < 60.0% | Too close to 52WH: -20.57% | AvgVol10 97,560 < 300,000
[RATHIST.BO] ❌ FAILED: RS 59 < 70.0 | Price $21.60 < $30.0 | Too close to 52WH: -25.49% | AvgVol10 49,530 < 300,000 | Not in Stage 2 (Price > SMA10W > SMA30W)
[SHPLPUNE.BO] ❌ FAILED: RS 59 < 70.0 | Recovery 34.71% < 60.0% | Too close to 52WH: -22.73% | AvgVol10 40 < 300,000
[MOL.NS] ❌ FAILED: RS 59 < 70.0 | Recovery 56.05% < 60.0% | Not in Stage 2 (Price > SMA10W > SMA30W)
[ACKNIT.BO] ❌ FAILED: RS 59 < 70.0 | Recovery 36.03% < 60.0% | Too close to 52WH: -14.29% | AvgVol10 1,030 < 300,000 | Not in Stage 2 (Price > SMA10W > SMA30W)
[ERPSOFT.BO] ❌ FAILED: RS 59 < 70.0 | AvgVol10 0 < 300,000
[SLSTLQ.BO] ❌ FAILED: RS 59 < 70.0 | Recovery 47.83% < 60.0% | Too close to 52WH: -26.07% | AvgVol10 150 < 300,000
[GGDPROP.BO] ❌ FAILED: RS 59 < 70.0 | Recovery 53.66% < 60.0% | Too close to 52WH: -18.81% | AvgVol10 780 < 300,000
[FAALCON.BO] ❌ FAILED: RS 59 < 70.0 | Recovery 47.75% < 60.0% | AvgVol10 7,800 < 300,000
[CAPITALSFB.NS] ❌ FAILED: RS 59 < 70.0 | Recovery 35.66% < 60.0% | Too close to 52WH: -13.44% | AvgVol10 20,610 < 300,000 | Not in Stage 2 (Price > SMA10W > SMA30W)
[MANAPPURAM.NS] ❌ FAILED: RS 59 < 70.0 | Recovery 27.68% < 60.0% | Too close to 52WH: -17.97% | Not in Stage 2 (Price > SMA10W > SMA30W)
[GHVINFRA.BO] ❌ FAILED: RS 59 < 70.0 | Recovery 57.16% < 60.0% | Too close to 52WH: -26.09% | AvgVol10 9,110 < 300,000 | Not in Stage 2 (Price > SMA10W > SMA30W)
[ENDURANCE.NS] ❌ FAILED: RS 59 < 70.0 | Recovery 26.02% < 60.0% | Too close to 52WH: -12.1% | AvgVol10 88,550 < 300,000 | Not in Stage 2 (Price > SMA10W > SMA30W)
[EIFFL.NS] ❌ FAILED: RS 59 < 70.0 | Recovery 35.14% < 60.0% | AvgVol10 2,250 < 300,000 | Not in Stage 2 (Price > SMA10W > SMA30W)
[OMFREIGHT.NS] ❌ FAILED: RS 59 < 70.0 | Recovery 50.99% < 60.0% | Too close to 52WH: -22.15% | AvgVol10 8,990 < 300,000 | Not in Stage 2 (Price > SMA10W > SMA30W)
[AUGMONT.NS] ❌ FAILED: RS 59 < 70.0 | Recovery 19.8% < 60.0% | Too close to 52WH: -5.31% | Not in Stage 2 (Price > SMA10W > SMA30W)
[MPILCORPL.BO] ❌ FAILED: RS 59 < 70.0 | Recovery 57.68% < 60.0% | Too close to 52WH: -19.9% | AvgVol10 10 < 300,000 | Not in Stage 2 (Price > SMA10W > SMA30W)
[PETRONET.NS] ❌ FAILED: RS 59 < 70.0 | Recovery 23.16% < 60.0% | Too close to 52WH: -11.2%
[RICOAUTO.NS] ❌ FAILED: RS 59 < 70.0 | Too close to 52WH: -19.39% | Not in Stage 2 (Price > SMA10W > SMA30W)
[CONCORD.BO] ❌ FAILED: RS 59 < 70.0 | Recovery 28.79% < 60.0% | Too close to 52WH: -15.09% | AvgVol10 5,910 < 300,000 | Not in Stage 2 (Price > SMA10W > SMA30W)
[SCI.NS] ❌ FAILED: RS 59 < 70.0 | Recovery 39.12% < 60.0% | Too close to 52WH: -26.22% | Not in Stage 2 (Price > SMA10W > SMA30W)
[ASAHIINDIA.NS] ❌ FAILED: RS 59 < 70.0 | Recovery 20.44% < 60.0% | Too close to 52WH: -13.08% | AvgVol10 122,530 < 300,000 | Not in Stage 2 (Price > SMA10W > SMA30W)
[VIYASH.NS] ❌ FAILED: RS 59 < 70.0 | Recovery 35.29% < 60.0% | Too close to 52WH: -19.13% | Not in Stage 2 (Price > SMA10W > SMA30W)
[MANAKCOAT.NS] ❌ FAILED: RS 59 < 70.0 | Recovery 33.27% < 60.0%
[AVL.NS] ❌ FAILED: RS 59 < 70.0 | Recovery 36.33% < 60.0% | Too close to 52WH: -15.58% | AvgVol10 126,190 < 300,000 | Not in Stage 2 (Price > SMA10W > SMA30W)
[BOROLTD.NS] ❌ FAILED: RS 58 < 70.0 | Recovery 31.38% < 60.0% | Too close to 52WH: -22.73% | AvgVol10 287,680 < 300,000
[HIGHENE.BO] ❌ FAILED: RS 58 < 70.0 | Recovery 24.7% < 60.0% | Too close to 52WH: -13.17% | AvgVol10 13,410 < 300,000 | Not in Stage 2 (Price > SMA10W > SMA30W)
[SAPPHIRE.NS] ❌ FAILED: RS 58 < 70.0 | Recovery 54.87% < 60.0% | Not in Stage 2 (Price > SMA10W > SMA30W)
[NIRLON.NS] ❌ FAILED: RS 58 < 70.0 | Recovery 11.97% < 60.0% | Too close to 52WH: -7.46% | AvgVol10 3,530 < 300,000 | Not in Stage 2 (Price > SMA10W > SMA30W)
[DUROPACK.BO] ❌ FAILED: RS 58 < 70.0 | Recovery 54.06% < 60.0% | Too close to 52WH: -22.26% | AvgVol10 790 < 300,000 | Not in Stage 2 (Price > SMA10W > SMA30W)
[IFGLEXPOR.NS] ❌ FAILED: RS 58 < 70.0 | AvgVol10 23,700 < 300,000 | Not in Stage 2 (Price > SMA10W > SMA30W)
[SAGARSOFT.BO] ❌ FAILED: RS 58 < 70.0 | Recovery 58.27% < 60.0% | AvgVol10 1,220 < 300,000 | Not in Stage 2 (Price > SMA10W > SMA30W)
[EMERALD.BO] ❌ FAILED: RS 58 < 70.0 | Recovery 39.95% < 60.0% | AvgVol10 44,300 < 300,000 | Not in Stage 2 (Price > SMA10W > SMA30W)
[MODTHREAD.NS] ❌ FAILED: RS 58 < 70.0 | Recovery 34.09% < 60.0% | AvgVol10 5,460 < 300,000 | Not in Stage 2 (Price > SMA10W > SMA30W)
[ABSLAMC.NS] ❌ FAILED: RS 58 < 70.0 | Recovery 39.51% < 60.0% | Too close to 52WH: -19.36% | AvgVol10 160,360 < 300,000 | Not in Stage 2 (Price > SMA10W > SMA30W)
[FAIRCHEMOR.NS] ❌ FAILED: RS 58 < 70.0 | Recovery 57.69% < 60.0% | Too close to 52WH: -20.29% | AvgVol10 5,790 < 300,000 | Not in Stage 2 (Price > SMA10W > SMA30W)
[M&MFIN.NS] ❌ FAILED: RS 58 < 70.0 | Recovery 23.1% < 60.0% | Too close to 52WH: -20.06% | Not in Stage 2 (Price > SMA10W > SMA30W)
[LIKHITHA.NS] ❌ FAILED: RS 58 < 70.0 | Too close to 52WH: -15.94% | AvgVol10 109,610 < 300,000
[GTECJAINX.NS] ❌ FAILED: RS 58 < 70.0 | Price $26.97 < $30.0 | AvgVol10 7,860 < 300,000 | Not in Stage 2 (Price > SMA10W > SMA30W)
[AXTEL.NS] ❌ FAILED: RS 58 < 70.0 | Recovery 14.22% < 60.0% | Too close to 52WH: -4.38% | AvgVol10 10,780 < 300,000 | Not in Stage 2 (Price > SMA10W > SMA30W)
[VITAL.NS] ❌ FAILED: RS 58 < 70.0 | Recovery 52.71% < 60.0% | Too close to 52WH: -22.1% | AvgVol10 4,970 < 300,000
[SAYAJIIND.NS] ❌ FAILED: RS 58 < 70.0 | Recovery 9.0% < 60.0% | Too close to 52WH: -7.83% | AvgVol10 1,160 < 300,000 | Not in Stage 2 (Price > SMA10W > SMA30W)
[GREENPLY.NS] ❌ FAILED: RS 58 < 70.0 | Recovery 58.57% < 60.0% | Too close to 52WH: -16.34% | AvgVol10 232,690 < 300,000 | Not in Stage 2 (Price > SMA10W > SMA30W)
[UNITDSPR.NS] ❌ FAILED: RS 58 < 70.0 | Recovery 16.9% < 60.0% | Too close to 52WH: -9.47% | Not in Stage 2 (Price > SMA10W > SMA30W)
[NAGREEKCAP.NS] ❌ FAILED: RS 58 < 70.0 | Price $26.32 < $30.0 | Recovery 36.37% < 60.0% | AvgVol10 60,270 < 300,000 | Not in Stage 2 (Price > SMA10W > SMA30W)
[EXPLEOSOL.NS] ❌ FAILED: RS 58 < 70.0 | Recovery 35.99% < 60.0% | Too close to 52WH: -25.93% | AvgVol10 20,360 < 300,000
[APEX.NS] ❌ FAILED: RS 58 < 70.0 | Recovery 54.03% < 60.0% | AvgVol10 99,970 < 300,000 | Not in Stage 2 (Price > SMA10W > SMA30W)
[SHRINGARMS.NS] ❌ FAILED: RS 58 < 70.0 | Recovery 31.35% < 60.0% | Too close to 52WH: -18.18% | Not in Stage 2 (Price > SMA10W > SMA30W)
[PALREDTEC.NS] ❌ FAILED: RS 58 < 70.0 | AvgVol10 2,040 < 300,000 | Not in Stage 2 (Price > SMA10W > SMA30W)
[MANBA.NS] ❌ FAILED: RS 58 < 70.0 | Recovery 40.49% < 60.0% | Too close to 52WH: -10.6% | AvgVol10 238,850 < 300,000
[GUJCONT.BO] ❌ FAILED: RS 58 < 70.0 | Recovery 19.25% < 60.0% | Too close to 52WH: -5.87% | AvgVol10 120 < 300,000
[JUBLCPL.NS] ❌ FAILED: RS 58 < 70.0 | Recovery 45.02% < 60.0% | Too close to 52WH: -23.09% | AvgVol10 9,620 < 300,000
[SAKHTISUG.NS] ❌ FAILED: RS 58 < 70.0 | Price $18.42 < $30.0 | Recovery 36.24% < 60.0% | Too close to 52WH: -20.91% | AvgVol10 178,870 < 300,000 | Not in Stage 2 (Price > SMA10W > SMA30W)
[SATTRIX.BO] ❌ FAILED: RS 58 < 70.0 | Recovery 57.0% < 60.0% | Too close to 52WH: -21.31% | AvgVol10 6,300 < 300,000 | Not in Stage 2 (Price > SMA10W > SMA30W)
[VJLAXMIE.BO] ❌ FAILED: RS 58 < 70.0 | Recovery 59.23% < 60.0% | AvgVol10 400 < 300,000
[CONART.BO] ❌ FAILED: RS 58 < 70.0 | Recovery 53.93% < 60.0% | Too close to 52WH: -22.39% | AvgVol10 9,740 < 300,000 | Not in Stage 2 (Price > SMA10W > SMA30W)
[FERMENTA.NS] ❌ FAILED: RS 58 < 70.0 | Recovery 12.43% < 60.0% | Too close to 52WH: -10.87% | AvgVol10 120,210 < 300,000 | Not in Stage 2 (Price > SMA10W > SMA30W)
[ULTRAMAR.NS] ❌ FAILED: RS 58 < 70.0 | Recovery 15.11% < 60.0% | Too close to 52WH: -8.04% | AvgVol10 44,380 < 300,000 | Not in Stage 2 (Price > SMA10W > SMA30W)
[ARVSMART.NS] ❌ FAILED: RS 58 < 70.0 | Recovery 26.49% < 60.0% | Too close to 52WH: -13.01% | Not in Stage 2 (Price > SMA10W > SMA30W)
[SUGALDAM.BO] ❌ FAILED: RS 58 < 70.0 | Recovery 30.73% < 60.0% | AvgVol10 470 < 300,000
[SIGMA.NS] ❌ FAILED: RS 58 < 70.0 | Recovery 26.17% < 60.0% | AvgVol10 106,910 < 300,000 | Not in Stage 2 (Price > SMA10W > SMA30W)
[JAGANLAM.BO] ❌ FAILED: RS 57 < 70.0 | Recovery 49.92% < 60.0% | AvgVol10 5,100 < 300,000
[SODHACAP.BO] ❌ FAILED: RS 57 < 70.0 | Recovery 50.73% < 60.0% | AvgVol10 8,200 < 300,000
[ICON.BO] ❌ FAILED: RS 57 < 70.0 | Too close to 52WH: -24.18% | AvgVol10 3,120 < 300,000 | Not in Stage 2 (Price > SMA10W > SMA30W)
[AREXMIS.BO] ❌ FAILED: RS 57 < 70.0 | Recovery 32.98% < 60.0% | Too close to 52WH: -19.11% | AvgVol10 150 < 300,000
[AIIL.NS] ❌ FAILED: RS 57 < 70.0 | Recovery 37.06% < 60.0% | Too close to 52WH: -19.73% | AvgVol10 247,920 < 300,000 | Not in Stage 2 (Price > SMA10W > SMA30W)
[GUJALKALI.NS] ❌ FAILED: RS 57 < 70.0 | Recovery 48.16% < 60.0% | Too close to 52WH: -25.62% | AvgVol10 107,670 < 300,000 | Not in Stage 2 (Price > SMA10W > SMA30W)
[APLLTD.NS] ❌ FAILED: RS 57 < 70.0 | Recovery 34.37% < 60.0% | Too close to 52WH: -14.39% | AvgVol10 276,210 < 300,000
[SUPERHOUSE.NS] ❌ FAILED: RS 57 < 70.0 | Recovery 25.06% < 60.0% | Too close to 52WH: -14.94% | AvgVol10 5,460 < 300,000 | Not in Stage 2 (Price > SMA10W > SMA30W)
[AIRLTD.BO] ❌ FAILED: RS 57 < 70.0 | Recovery 46.58% < 60.0% | Too close to 52WH: -20.55% | AvgVol10 0 < 300,000 | Not in Stage 2 (Price > SMA10W > SMA30W)
[ACROW.BO] ❌ FAILED: RS 57 < 70.0 | Recovery 32.39% < 60.0% | Too close to 52WH: -15.47% | AvgVol10 70 < 300,000 | Not in Stage 2 (Price > SMA10W > SMA30W)
[BAGMANE.BO] ❌ FAILED: RS 57 < 70.0 | Recovery 7.0% < 60.0% | Too close to 52WH: -2.55% | AvgVol10 50,700 < 300,000 | Not in Stage 2 (Price > SMA10W > SMA30W)
[AVAX.BO] ❌ FAILED: RS 57 < 70.0 | AvgVol10 7,600 < 300,000 | Not in Stage 2 (Price > SMA10W > SMA30W)
[PREMCO.NS] ❌ FAILED: RS 57 < 70.0 | Recovery 6.85% < 60.0% | Too close to 52WH: -3.55% | AvgVol10 680 < 300,000 | Not in Stage 2 (Price > SMA10W > SMA30W)
[CAPILLARY.NS] ❌ FAILED: RS 57 < 70.0 | Recovery 31.54% < 60.0%
[DHANBANK.NS] ❌ FAILED: RS 57 < 70.0 | Price $28.23 < $30.0 | Recovery 45.14% < 60.0% | Too close to 52WH: -23.39% | Not in Stage 2 (Price > SMA10W > SMA30W)
[JMA.NS] ❌ FAILED: RS 57 < 70.0 | Recovery 25.0% < 60.0% | Too close to 52WH: -15.32% | AvgVol10 11,680 < 300,000 | Not in Stage 2 (Price > SMA10W > SMA30W)
[SUPRAJIT.NS] ❌ FAILED: RS 57 < 70.0 | Recovery 24.02% < 60.0% | Too close to 52WH: -13.53% | AvgVol10 107,420 < 300,000 | Not in Stage 2 (Price > SMA10W > SMA30W)
[LORDSCHLO.NS] ❌ FAILED: RS 57 < 70.0 | Recovery 37.22% < 60.0% | AvgVol10 42,780 < 300,000
[FEDFINA.NS] ❌ FAILED: RS 57 < 70.0 | Recovery 26.58% < 60.0% | Too close to 52WH: -15.55% | Not in Stage 2 (Price > SMA10W > SMA30W)
[HEROMOTOCO.NS] ❌ FAILED: RS 57 < 70.0 | Recovery 15.38% < 60.0% | Too close to 52WH: -15.63% | Not in Stage 2 (Price > SMA10W > SMA30W)
[BORANA.NS] ❌ FAILED: RS 57 < 70.0 | Recovery 37.54% < 60.0% | AvgVol10 32,870 < 300,000 | Not in Stage 2 (Price > SMA10W > SMA30W)
[VRAJ.NS] ❌ FAILED: RS 57 < 70.0 | Recovery 34.04% < 60.0% | Too close to 52WH: -19.96% | AvgVol10 18,360 < 300,000
[KALYANI.NS] ❌ FAILED: RS 57 < 70.0 | Recovery 5.0% < 60.0% | Too close to 52WH: 0.0% | AvgVol10 0 < 300,000
[RELIABLE.NS] ❌ FAILED: RS 57 < 70.0 | Recovery 37.71% < 60.0% | Too close to 52WH: -17.58% | AvgVol10 15,450 < 300,000
[COSMOFE.BO] ❌ FAILED: RS 57 < 70.0 | AvgVol10 3,580 < 300,000 | Not in Stage 2 (Price > SMA10W > SMA30W)
[SUDAI.BO] ❌ FAILED: RS 57 < 70.0 | AvgVol10 2,900 < 300,000 | Not in Stage 2 (Price > SMA10W > SMA30W)
[KRISHNADEF.NS] ❌ FAILED: RS 57 < 70.0 | Recovery 49.74% < 60.0% | AvgVol10 69,340 < 300,000 | Not in Stage 2 (Price > SMA10W > SMA30W)
[KOTHARIPET.NS] ❌ FAILED: RS 57 < 70.0 | Recovery 38.09% < 60.0% | Too close to 52WH: -15.84% | AvgVol10 59,170 < 300,000 | Not in Stage 2 (Price > SMA10W > SMA30W)
[ENTRINT.BO] ❌ FAILED: RS 57 < 70.0 | Price $23.28 < $30.0 | Recovery 34.26% < 60.0% | Too close to 52WH: -21.51% | AvgVol10 40 < 300,000
[TREL.NS] ❌ FAILED: RS 57 < 70.0 | Price $28.89 < $30.0 | Recovery 34.56% < 60.0% | Too close to 52WH: -10.03%
[SALONA.NS] ❌ FAILED: RS 57 < 70.0 | Recovery 36.47% < 60.0% | Too close to 52WH: -14.7% | AvgVol10 1,210 < 300,000 | Not in Stage 2 (Price > SMA10W > SMA30W)
[SURAJ.BO] ❌ FAILED: RS 57 < 70.0 | Recovery 59.92% < 60.0% | AvgVol10 1,900 < 300,000
[MANKIND.NS] ❌ FAILED: RS 57 < 70.0 | Recovery 27.54% < 60.0% | Too close to 52WH: -7.81%
[LTFOODS.NS] ❌ FAILED: RS 57 < 70.0 | Recovery 22.62% < 60.0% | Too close to 52WH: -16.75% | Not in Stage 2 (Price > SMA10W > SMA30W)
[LANDMARK.NS] ❌ FAILED: RS 57 < 70.0 | Recovery 40.18% < 60.0% | AvgVol10 77,520 < 300,000 | Not in Stage 2 (Price > SMA10W > SMA30W)
[MARICO.NS] ❌ FAILED: RS 57 < 70.0 | Recovery 17.81% < 60.0% | Too close to 52WH: -8.53% | Not in Stage 2 (Price > SMA10W > SMA30W)
[TUSALDAH.BO] ❌ FAILED: RS 57 < 70.0 | Recovery 49.75% < 60.0% | AvgVol10 110 < 300,000 | Not in Stage 2 (Price > SMA10W > SMA30W)
[DREDGECORP.NS] ❌ FAILED: RS 57 < 70.0 | Too close to 52WH: -26.8% | AvgVol10 65,040 < 300,000 | Not in Stage 2 (Price > SMA10W > SMA30W)
[PENIND.NS] ❌ FAILED: RS 56 < 70.0 | Recovery 41.11% < 60.0%
[SUNPHARMA.NS] ❌ FAILED: RS 56 < 70.0 | Recovery 16.33% < 60.0% | Too close to 52WH: -10.21% | Not in Stage 2 (Price > SMA10W > SMA30W)
[DLF.NS] ❌ FAILED: RS 56 < 70.0 | Recovery 35.58% < 60.0% | Too close to 52WH: -15.63% | Not in Stage 2 (Price > SMA10W > SMA30W)
[ANGELONE.NS] ❌ FAILED: RS 56 < 70.0 | Recovery 33.83% < 60.0% | Too close to 52WH: -22.54% | Not in Stage 2 (Price > SMA10W > SMA30W)
[PWL.NS] ❌ FAILED: RS 56 < 70.0 | Too close to 52WH: -20.94%
[GPAPL.BO] ❌ FAILED: RS 56 < 70.0 | Recovery 29.57% < 60.0% | Too close to 52WH: -20.46% | AvgVol10 9,600 < 300,000 | Not in Stage 2 (Price > SMA10W > SMA30W)
[RIKHAV.BO] ❌ FAILED: RS 56 < 70.0 | AvgVol10 41,760 < 300,000
[SASHWAT.BO] ❌ FAILED: RS 56 < 70.0 | Recovery 21.21% < 60.0% | Too close to 52WH: -13.69% | AvgVol10 10 < 300,000 | Not in Stage 2 (Price > SMA10W > SMA30W)
[VIRAT.NS] ❌ FAILED: RS 56 < 70.0 | Recovery 33.71% < 60.0% | AvgVol10 6,920 < 300,000 | Not in Stage 2 (Price > SMA10W > SMA30W)
[SURJIND.BO] ❌ FAILED: RS 56 < 70.0 | Recovery 45.17% < 60.0% | AvgVol10 3,600 < 300,000 | Not in Stage 2 (Price > SMA10W > SMA30W)
[VTL.NS] ❌ FAILED: RS 56 < 70.0 | Recovery 40.22% < 60.0% | Too close to 52WH: -21.43% | Not in Stage 2 (Price > SMA10W > SMA30W)
[PDSL.NS] ❌ FAILED: RS 56 < 70.0 | Recovery 42.04% < 60.0% | Too close to 52WH: -16.49% | AvgVol10 82,490 < 300,000 | Not in Stage 2 (Price > SMA10W > SMA30W)
[BECTORFOOD.NS] ❌ FAILED: RS 56 < 70.0 | Recovery 28.19% < 60.0% | Too close to 52WH: -24.43% | Not in Stage 2 (Price > SMA10W > SMA30W)
[WALCHANNAG.NS] ❌ FAILED: RS 56 < 70.0 | Recovery 54.81% < 60.0% | Not in Stage 2 (Price > SMA10W > SMA30W)
[TAINWALCHM.NS] ❌ FAILED: RS 56 < 70.0 | Recovery 33.07% < 60.0% | Too close to 52WH: -19.74% | AvgVol10 6,020 < 300,000 | Not in Stage 2 (Price > SMA10W > SMA30W)
[NXST.BO] ❌ FAILED: RS 56 < 70.0 | Recovery 10.34% < 60.0% | Too close to 52WH: -5.3% | AvgVol10 10,860 < 300,000 | Not in Stage 2 (Price > SMA10W > SMA30W)
[GULFOILLUB.NS] ❌ FAILED: RS 56 < 70.0 | Recovery 28.38% < 60.0% | Too close to 52WH: -13.87% | AvgVol10 39,850 < 300,000 | Not in Stage 2 (Price > SMA10W > SMA30W)
[HTMEDIA.NS] ❌ FAILED: RS 56 < 70.0 | Price $23.10 < $30.0 | Recovery 31.85% < 60.0% | Too close to 52WH: -26.2% | AvgVol10 131,180 < 300,000 | Not in Stage 2 (Price > SMA10W > SMA30W)
[BRIGADE.NS] ❌ FAILED: RS 56 < 70.0 | Recovery 29.54% < 60.0% | AvgVol10 274,920 < 300,000 | Not in Stage 2 (Price > SMA10W > SMA30W)
[LACTOSE.BO] ❌ FAILED: RS 56 < 70.0 | Recovery 39.98% < 60.0% | Too close to 52WH: -22.02% | AvgVol10 12,260 < 300,000
[NIACL.NS] ❌ FAILED: RS 56 < 70.0 | Recovery 45.2% < 60.0% | Not in Stage 2 (Price > SMA10W > SMA30W)
[LADDERUP.NS] ❌ FAILED: RS 56 < 70.0 | Recovery 22.83% < 60.0% | AvgVol10 10,620 < 300,000 | Not in Stage 2 (Price > SMA10W > SMA30W)
[GLOTTIS.NS] ❌ FAILED: RS 56 < 70.0 | AvgVol10 136,700 < 300,000 | Not in Stage 2 (Price > SMA10W > SMA30W)
[ARYAMAN.NS] ❌ FAILED: RS 56 < 70.0 | Recovery 9.65% < 60.0% | Too close to 52WH: -7.4% | AvgVol10 170 < 300,000 | Not in Stage 2 (Price > SMA10W > SMA30W)
[ONWARDTEC.NS] ❌ FAILED: RS 56 < 70.0 | Recovery 36.85% < 60.0% | Too close to 52WH: -19.72% | AvgVol10 26,360 < 300,000 | Not in Stage 2 (Price > SMA10W > SMA30W)
[MANAKSIA.NS] ❌ FAILED: RS 56 < 70.0 | Recovery 42.97% < 60.0% | Too close to 52WH: -18.0% | AvgVol10 75,390 < 300,000 | Not in Stage 2 (Price > SMA10W > SMA30W)
[KOTIC.NS] ❌ FAILED: RS 56 < 70.0 | Recovery 22.69% < 60.0% | Too close to 52WH: -7.33% | AvgVol10 73,640 < 300,000 | Not in Stage 2 (Price > SMA10W > SMA30W)
[TNPL.NS] ❌ FAILED: RS 56 < 70.0 | Recovery 21.5% < 60.0% | Too close to 52WH: -15.99% | AvgVol10 281,890 < 300,000 | Not in Stage 2 (Price > SMA10W > SMA30W)
[GAIL.NS] ❌ FAILED: RS 56 < 70.0 | Recovery 28.35% < 60.0% | Too close to 52WH: -7.72% | Not in Stage 2 (Price > SMA10W > SMA30W)
[SIMPLEXINF.NS] ❌ FAILED: RS 56 < 70.0 | Too close to 52WH: -24.18% | AvgVol10 123,570 < 300,000 | Not in Stage 2 (Price > SMA10W > SMA30W)
[CHALET.NS] ❌ FAILED: RS 56 < 70.0 | Recovery 25.69% < 60.0% | Too close to 52WH: -12.49% | AvgVol10 143,880 < 300,000
[INDOKEM.NS] ❌ FAILED: RS 56 < 70.0 | Recovery 9.73% < 60.0% | Too close to 52WH: -8.83% | AvgVol10 9,000 < 300,000 | Not in Stage 2 (Price > SMA10W > SMA30W)
[MUKTAARTS.NS] ❌ FAILED: RS 56 < 70.0 | Recovery 54.34% < 60.0% | Too close to 52WH: -21.43% | AvgVol10 4,380 < 300,000 | Not in Stage 2 (Price > SMA10W > SMA30W)
[CRAVATEX.NS] ❌ FAILED: RS 56 < 70.0 | Recovery 20.6% < 60.0% | Too close to 52WH: -11.76% | AvgVol10 2,800 < 300,000 | Not in Stage 2 (Price > SMA10W > SMA30W)
[YOGI.NS] ❌ FAILED: RS 56 < 70.0 | Recovery 24.61% < 60.0% | Too close to 52WH: -10.0% | AvgVol10 1,620 < 300,000 | Not in Stage 2 (Price > SMA10W > SMA30W)
[KJMCCORP.BO] ❌ FAILED: RS 56 < 70.0 | Recovery 37.56% < 60.0% | AvgVol10 520 < 300,000 | Not in Stage 2 (Price > SMA10W > SMA30W)
[JNPR.NS] ❌ FAILED: RS 56 < 70.0 | Recovery 16.3% < 60.0% | Too close to 52WH: -4.27% | Not in Stage 2 (Price > SMA10W > SMA30W)
[PANCHMAHQ.NS] ❌ FAILED: RS 55 < 70.0 | Recovery 17.35% < 60.0% | Too close to 52WH: -12.09% | AvgVol10 200 < 300,000 | Not in Stage 2 (Price > SMA10W > SMA30W)
[NIKKIGL.BO] ❌ FAILED: RS 55 < 70.0 | Price $20.22 < $30.0 | Recovery 41.7% < 60.0% | Too close to 52WH: -11.59% | AvgVol10 990 < 300,000 | Not in Stage 2 (Price > SMA10W > SMA30W)
[VIMTALABS.NS] ❌ FAILED: RS 55 < 70.0 | Recovery 55.66% < 60.0% | Too close to 52WH: -24.44% | AvgVol10 169,060 < 300,000 | Not in Stage 2 (Price > SMA10W > SMA30W)
[CINELINE.NS] ❌ FAILED: RS 55 < 70.0 | Recovery 20.0% < 60.0% | Too close to 52WH: -15.69% | AvgVol10 19,160 < 300,000 | Not in Stage 2 (Price > SMA10W > SMA30W)
[CITYSQUARE.BO] ❌ FAILED: RS 55 < 70.0 | Recovery 32.56% < 60.0% | AvgVol10 3,520 < 300,000 | Not in Stage 2 (Price > SMA10W > SMA30W)
[NPRFIN.BO] ❌ FAILED: RS 55 < 70.0 | Price $24.00 < $30.0 | Recovery 33.33% < 60.0% | AvgVol10 1,350 < 300,000 | Not in Stage 2 (Price > SMA10W > SMA30W)
[KAYA.NS] ❌ FAILED: RS 55 < 70.0 | Recovery 38.21% < 60.0% | AvgVol10 14,390 < 300,000 | Not in Stage 2 (Price > SMA10W > SMA30W)
[NESTLEIND.NS] ❌ FAILED: RS 55 < 70.0 | Recovery 17.55% < 60.0% | Too close to 52WH: -13.33% | Not in Stage 2 (Price > SMA10W > SMA30W)
[UPHOT.NS] ❌ FAILED: RS 55 < 70.0 | Recovery 13.86% < 60.0% | Too close to 52WH: -3.03% | AvgVol10 30 < 300,000 | Not in Stage 2 (Price > SMA10W > SMA30W)
[ASARFI.BO] ❌ FAILED: RS 55 < 70.0 | Recovery 54.95% < 60.0% | Too close to 52WH: -25.71% | AvgVol10 54,200 < 300,000 | Not in Stage 2 (Price > SMA10W > SMA30W)
[MACPLASQ.BO] ❌ FAILED: RS 55 < 70.0 | Recovery 32.95% < 60.0% | AvgVol10 1,910 < 300,000
[RAPIDIN.BO] ❌ FAILED: RS 55 < 70.0 | Recovery 39.38% < 60.0% | AvgVol10 20 < 300,000 | Not in Stage 2 (Price > SMA10W > SMA30W)
[PODDARMENT.NS] ❌ FAILED: RS 55 < 70.0 | Recovery 28.19% < 60.0% | Too close to 52WH: -22.68% | AvgVol10 6,370 < 300,000 | Not in Stage 2 (Price > SMA10W > SMA30W)
[KNAGRI.NS] ❌ FAILED: RS 55 < 70.0 | Recovery 38.27% < 60.0% | Too close to 52WH: -15.96% | AvgVol10 9,070 < 300,000 | Not in Stage 2 (Price > SMA10W > SMA30W)
[POLYCON.BO] ❌ FAILED: RS 55 < 70.0 | Price $26.00 < $30.0 | Too close to 52WH: -25.71% | AvgVol10 70 < 300,000
[SUNLOC.NS] ❌ FAILED: RS 55 < 70.0 | Recovery 5.04% < 60.0% | Too close to 52WH: -13.54% | AvgVol10 220 < 300,000 | Not in Stage 2 (Price > SMA10W > SMA30W)
[POLYSPIN.NS] ❌ FAILED: RS 55 < 70.0 | Recovery 15.44% < 60.0% | Too close to 52WH: -12.91% | AvgVol10 2,160 < 300,000 | Not in Stage 2 (Price > SMA10W > SMA30W)
[GARUDA.NS] ❌ FAILED: RS 55 < 70.0 | Recovery 37.55% < 60.0%
[3MINDIA.NS] ❌ FAILED: RS 55 < 70.0 | Recovery 16.31% < 60.0% | Too close to 52WH: -12.14% | AvgVol10 5,950 < 300,000 | Not in Stage 2 (Price > SMA10W > SMA30W)
[SANDHAR.NS] ❌ FAILED: RS 55 < 70.0 | Recovery 35.98% < 60.0% | Too close to 52WH: -24.46% | AvgVol10 128,830 < 300,000 | Not in Stage 2 (Price > SMA10W > SMA30W)
[NUTECGLOB.BO] ❌ FAILED: RS 55 < 70.0 | Price $26.48 < $30.0 | Recovery 36.07% < 60.0% | Too close to 52WH: -20.31% | AvgVol10 290 < 300,000
[LYONSCO.BO] ❌ FAILED: RS 55 < 70.0 | Price $21.50 < $30.0 | Recovery 23.35% < 60.0% | AvgVol10 40 < 300,000 | Not in Stage 2 (Price > SMA10W > SMA30W)
[GDLLEAS.BO] ❌ FAILED: RS 55 < 70.0 | AvgVol10 20 < 300,000 | Not in Stage 2 (Price > SMA10W > SMA30W)
[EQUITASBNK.NS] ❌ FAILED: RS 55 < 70.0 | Recovery 28.82% < 60.0% | Too close to 52WH: -21.31% | Not in Stage 2 (Price > SMA10W > SMA30W)
[ARCL.NS] ❌ FAILED: RS 55 < 70.0 | Recovery 11.57% < 60.0% | Too close to 52WH: -13.79% | AvgVol10 5,250 < 300,000 | Not in Stage 2 (Price > SMA10W > SMA30W)
[AVEER.BO] ❌ FAILED: RS 55 < 70.0 | Recovery 27.76% < 60.0% | Too close to 52WH: -21.44% | AvgVol10 900 < 300,000
[HELPAGE.BO] ❌ FAILED: RS 55 < 70.0 | Price $23.43 < $30.0 | Recovery 30.17% < 60.0% | AvgVol10 990 < 300,000 | Not in Stage 2 (Price > SMA10W > SMA30W)
[SWAGTAM.BO] ❌ FAILED: RS 55 < 70.0 | Too close to 52WH: -8.07% | AvgVol10 20 < 300,000 | Not in Stage 2 (Price > SMA10W > SMA30W)
[VPL.BO] ❌ FAILED: RS 55 < 70.0 | Recovery 26.25% < 60.0% | AvgVol10 4,130 < 300,000 | Not in Stage 2 (Price > SMA10W > SMA30W)
[STARPAPER.NS] ❌ FAILED: RS 55 < 70.0 | Recovery 27.27% < 60.0% | Too close to 52WH: -14.78% | AvgVol10 12,970 < 300,000 | Not in Stage 2 (Price > SMA10W > SMA30W)
[AMWILL.BO] ❌ FAILED: RS 55 < 70.0 | Recovery 49.5% < 60.0% | Too close to 52WH: -24.68% | AvgVol10 6,130 < 300,000
[PGFOILQ.BO] ❌ FAILED: RS 55 < 70.0 | Recovery 21.9% < 60.0% | AvgVol10 9,670 < 300,000 | Not in Stage 2 (Price > SMA10W > SMA30W)
[DIANATEA.BO] ❌ FAILED: RS 55 < 70.0 | Price $28.50 < $30.0 | Recovery 25.27% < 60.0% | Too close to 52WH: -17.99% | AvgVol10 5,330 < 300,000 | Not in Stage 2 (Price > SMA10W > SMA30W)
[PRIMEPRO.BO] ❌ FAILED: RS 55 < 70.0 | Price $27.34 < $30.0 | Too close to 52WH: -23.18% | AvgVol10 3,590 < 300,000
[BHAVIK.BO] ❌ FAILED: RS 55 < 70.0 | Recovery 27.83% < 60.0% | Too close to 52WH: -11.57% | AvgVol10 5,300 < 300,000 | Not in Stage 2 (Price > SMA10W > SMA30W)
[SHAHLON.BO] ❌ FAILED: RS 55 < 70.0 | Price $22.84 < $30.0 | Recovery 38.42% < 60.0% | AvgVol10 5,110 < 300,000 | Not in Stage 2 (Price > SMA10W > SMA30W)
[TULSYAN.BO] ❌ FAILED: RS 55 < 70.0 | AvgVol10 4,620 < 300,000 | Not in Stage 2 (Price > SMA10W > SMA30W)
[KIRLFER.NS] ❌ FAILED: RS 54 < 70.0 | Recovery 14.94% < 60.0% | Too close to 52WH: -8.59% | AvgVol10 140,440 < 300,000 | Not in Stage 2 (Price > SMA10W > SMA30W)
[MOTOGENFIN.NS] ❌ FAILED: RS 54 < 70.0 | Price $25.70 < $30.0 | Recovery 46.86% < 60.0% | Too close to 52WH: -25.29% | AvgVol10 58,080 < 300,000 | Not in Stage 2 (Price > SMA10W > SMA30W)
[LICHSGFIN.NS] ❌ FAILED: RS 54 < 70.0 | Recovery 22.94% < 60.0% | Too close to 52WH: -5.69% | Not in Stage 2 (Price > SMA10W > SMA30W)
[SIGNPOST.NS] ❌ FAILED: RS 54 < 70.0 | Recovery 38.13% < 60.0% | Too close to 52WH: -21.5% | AvgVol10 49,520 < 300,000 | Not in Stage 2 (Price > SMA10W > SMA30W)
[RIYAASAT.BO] ❌ FAILED: RS 54 < 70.0 | Recovery 56.96% < 60.0% | Too close to 52WH: -1.9% | AvgVol10 6,930 < 300,000 | Not in Stage 2 (Price > SMA10W > SMA30W)
[GRPLTD.NS] ❌ FAILED: RS 54 < 70.0 | Recovery 30.03% < 60.0% | Too close to 52WH: -15.2% | AvgVol10 3,000 < 300,000 | Not in Stage 2 (Price > SMA10W > SMA30W)
[SSPRL.BO] ❌ FAILED: RS 54 < 70.0 | Recovery 18.98% < 60.0% | Too close to 52WH: -5.69% | AvgVol10 101,800 < 300,000 | Not in Stage 2 (Price > SMA10W > SMA30W)
[GOTHIPL.BO] ❌ FAILED: RS 54 < 70.0 | Recovery 23.31% < 60.0% | Too close to 52WH: -12.39% | AvgVol10 420 < 300,000
[VINEETLAB.NS] ❌ FAILED: RS 54 < 70.0 | Recovery 26.36% < 60.0% | AvgVol10 81,540 < 300,000 | Not in Stage 2 (Price > SMA10W > SMA30W)
[PSTITANIA.BO] ❌ FAILED: RS 54 < 70.0 | Recovery 11.11% < 60.0% | Too close to 52WH: -7.56% | AvgVol10 0 < 300,000 | Not in Stage 2 (Price > SMA10W > SMA30W)
[KOTARISUG.NS] ❌ FAILED: RS 54 < 70.0 | Price $26.75 < $30.0 | Recovery 18.89% < 60.0% | AvgVol10 46,540 < 300,000 | Not in Stage 2 (Price > SMA10W > SMA30W)
[HAWKINCOOK.NS] ❌ FAILED: RS 54 < 70.0 | Recovery 13.69% < 60.0% | Too close to 52WH: -15.81% | AvgVol10 2,040 < 300,000 | Not in Stage 2 (Price > SMA10W > SMA30W)
[CARRARO.NS] ❌ FAILED: RS 54 < 70.0 | Recovery 25.89% < 60.0% | Too close to 52WH: -21.55% | AvgVol10 134,190 < 300,000 | Not in Stage 2 (Price > SMA10W > SMA30W)
[BANKA.NS] ❌ FAILED: RS 54 < 70.0 | Too close to 52WH: -24.32% | AvgVol10 2,220 < 300,000 | Not in Stage 2 (Price > SMA10W > SMA30W)
[AMBICAAGAR.NS] ❌ FAILED: RS 54 < 70.0 | Price $24.88 < $30.0 | Recovery 24.4% < 60.0% | Too close to 52WH: -16.17% | AvgVol10 34,640 < 300,000 | Not in Stage 2 (Price > SMA10W > SMA30W)
[PICCADIL.NS] ❌ FAILED: RS 54 < 70.0 | Recovery 16.6% < 60.0% | Too close to 52WH: -25.84% | AvgVol10 148,000 < 300,000 | Not in Stage 2 (Price > SMA10W > SMA30W)
[BFINVEST.NS] ❌ FAILED: RS 54 < 70.0 | Recovery 38.16% < 60.0% | Too close to 52WH: -25.57% | AvgVol10 14,740 < 300,000 | Not in Stage 2 (Price > SMA10W > SMA30W)
[SAICAPI.NS] ❌ FAILED: RS 54 < 70.0 | Recovery 16.74% < 60.0% | Too close to 52WH: -8.35% | AvgVol10 340 < 300,000 | Not in Stage 2 (Price > SMA10W > SMA30W)
[EASTRED.BO] ❌ FAILED: RS 54 < 70.0 | Recovery 29.31% < 60.0% | Too close to 52WH: -16.64% | AvgVol10 930 < 300,000 | Not in Stage 2 (Price > SMA10W > SMA30W)
[KAJARIR.BO] ❌ FAILED: RS 54 < 70.0 | Recovery 52.01% < 60.0% | Too close to 52WH: -26.72% | AvgVol10 6,720 < 300,000 | Not in Stage 2 (Price > SMA10W > SMA30W)
[JGTL.BO] ❌ FAILED: RS 54 < 70.0 | Recovery 22.41% < 60.0% | Too close to 52WH: -20.65% | AvgVol10 1,290 < 300,000 | Not in Stage 2 (Price > SMA10W > SMA30W)
[NOCIL.NS] ❌ FAILED: RS 54 < 70.0 | Recovery 39.79% < 60.0% | Too close to 52WH: -17.06%
[ASTEC.NS] ❌ FAILED: RS 54 < 70.0 | Recovery 38.64% < 60.0% | Too close to 52WH: -24.42% | Not in Stage 2 (Price > SMA10W > SMA30W)
[JAYSREETEA.NS] ❌ FAILED: RS 54 < 70.0 | Recovery 23.08% < 60.0% | Too close to 52WH: -22.95% | AvgVol10 30,490 < 300,000 | Not in Stage 2 (Price > SMA10W > SMA30W)
[SANDESH.NS] ❌ FAILED: RS 54 < 70.0 | Recovery 26.74% < 60.0% | Too close to 52WH: -19.06% | AvgVol10 490 < 300,000 | Not in Stage 2 (Price > SMA10W > SMA30W)
[WALCHPF.BO] ❌ FAILED: RS 54 < 70.0 | Recovery 56.86% < 60.0% | Too close to 52WH: -22.5% | AvgVol10 750 < 300,000 | Not in Stage 2 (Price > SMA10W > SMA30W)
[PNGJL.NS] ❌ FAILED: RS 54 < 70.0 | Recovery 16.37% < 60.0% | Too close to 52WH: -20.51% | Not in Stage 2 (Price > SMA10W > SMA30W)
[KIRLOSIND.NS] ❌ FAILED: RS 54 < 70.0 | Recovery 42.94% < 60.0% | Too close to 52WH: -23.05% | AvgVol10 12,300 < 300,000 | Not in Stage 2 (Price > SMA10W > SMA30W)
[AARVI.NS] ❌ FAILED: RS 54 < 70.0 | Recovery 17.03% < 60.0% | Too close to 52WH: -19.39% | AvgVol10 9,330 < 300,000 | Not in Stage 2 (Price > SMA10W > SMA30W)
[TRANSFD.BO] ❌ FAILED: RS 54 < 70.0 | AvgVol10 60 < 300,000 | Not in Stage 2 (Price > SMA10W > SMA30W)
[JSL.NS] ❌ FAILED: RS 54 < 70.0 | Recovery 14.33% < 60.0% | Too close to 52WH: -15.64%
[GAMCO.BO] ❌ FAILED: RS 54 < 70.0 | Recovery 41.81% < 60.0% | Too close to 52WH: -18.04% | AvgVol10 32,330 < 300,000 | Not in Stage 2 (Price > SMA10W > SMA30W)
[WIPL.NS] ❌ FAILED: RS 54 < 70.0 | Recovery 25.27% < 60.0% | Too close to 52WH: -13.7% | AvgVol10 1,040 < 300,000 | Not in Stage 2 (Price > SMA10W > SMA30W)
[TATASTEEL.NS] ❌ FAILED: RS 54 < 70.0 | Recovery 16.39% < 60.0% | Too close to 52WH: -16.98% | Not in Stage 2 (Price > SMA10W > SMA30W)
[BLACKBUCK.NS] ❌ FAILED: RS 54 < 70.0 | Recovery 21.21% < 60.0% | Too close to 52WH: -19.63%
[PERMAGN.NS] ❌ FAILED: RS 54 < 70.0 | Recovery 5.31% < 60.0% | Too close to 52WH: -11.12% | AvgVol10 3,760 < 300,000 | Not in Stage 2 (Price > SMA10W > SMA30W)
[SHIVAMILLS.NS] ❌ FAILED: RS 54 < 70.0 | Recovery 40.78% < 60.0% | Too close to 52WH: -18.18% | AvgVol10 1,030 < 300,000 | Not in Stage 2 (Price > SMA10W > SMA30W)
[SAHARAHOUS.BO] ❌ FAILED: RS 54 < 70.0 | Recovery 25.4% < 60.0% | AvgVol10 560 < 300,000 | Not in Stage 2 (Price > SMA10W > SMA30W)
[AIKPIPES.BO] ❌ FAILED: RS 53 < 70.0 | Price $27.00 < $30.0 | Recovery 41.96% < 60.0% | AvgVol10 1,330 < 300,000 | Not in Stage 2 (Price > SMA10W > SMA30W)
[INDIANHUME.NS] ❌ FAILED: RS 53 < 70.0 | Recovery 25.21% < 60.0% | Too close to 52WH: -18.9% | AvgVol10 69,060 < 300,000 | Not in Stage 2 (Price > SMA10W > SMA30W)
[JINDCAP.BO] ❌ FAILED: RS 53 < 70.0 | Recovery 30.63% < 60.0% | Too close to 52WH: -25.08% | AvgVol10 2,930 < 300,000 | Not in Stage 2 (Price > SMA10W > SMA30W)
[TRUALT.NS] ❌ FAILED: RS 53 < 70.0 | Recovery 47.7% < 60.0% | Too close to 52WH: -15.47% | Not in Stage 2 (Price > SMA10W > SMA30W)
[CARERATING.NS] ❌ FAILED: RS 53 < 70.0 | Recovery 16.92% < 60.0% | Too close to 52WH: -11.4% | AvgVol10 40,880 < 300,000 | Not in Stage 2 (Price > SMA10W > SMA30W)
[INDHOTEL.NS] ❌ FAILED: RS 53 < 70.0 | Recovery 25.84% < 60.0% | Too close to 52WH: -6.13% | Not in Stage 2 (Price > SMA10W > SMA30W)
[DHUNINV.NS] ❌ FAILED: RS 53 < 70.0 | Recovery 45.18% < 60.0% | AvgVol10 450 < 300,000 | Not in Stage 2 (Price > SMA10W > SMA30W)
[BEEKAY.NS] ❌ FAILED: RS 53 < 70.0 | Recovery 11.33% < 60.0% | Too close to 52WH: -3.42% | AvgVol10 1,360 < 300,000 | Not in Stage 2 (Price > SMA10W > SMA30W)
[PNB.NS] ❌ FAILED: RS 53 < 70.0 | Recovery 14.31% < 60.0% | Too close to 52WH: -16.69% | Not in Stage 2 (Price > SMA10W > SMA30W)
[KUSUMGAR.NS] ❌ FAILED: RS 53 < 70.0 | Recovery 15.83% < 60.0% | Too close to 52WH: -6.39% | Not in Stage 2 (Price > SMA10W > SMA30W)
[ASPINWALL.NS] ❌ FAILED: RS 53 < 70.0 | Recovery 23.67% < 60.0% | Too close to 52WH: -17.39% | AvgVol10 2,490 < 300,000 | Not in Stage 2 (Price > SMA10W > SMA30W)
[GULPOLY.NS] ❌ FAILED: RS 53 < 70.0 | Recovery 36.67% < 60.0% | AvgVol10 97,240 < 300,000 | Not in Stage 2 (Price > SMA10W > SMA30W)
[WHIRLPOOL.NS] ❌ FAILED: RS 53 < 70.0 | Recovery 29.9% < 60.0% | Not in Stage 2 (Price > SMA10W > SMA30W)
[SASKEN.NS] ❌ FAILED: RS 53 < 70.0 | AvgVol10 29,740 < 300,000 | Not in Stage 2 (Price > SMA10W > SMA30W)
[GUJTERC.BO] ❌ FAILED: RS 53 < 70.0 | Recovery 34.38% < 60.0% | AvgVol10 1,660 < 300,000 | Not in Stage 2 (Price > SMA10W > SMA30W)
[SEJALLTD.NS] ❌ FAILED: RS 53 < 70.0 | AvgVol10 39,920 < 300,000 | Not in Stage 2 (Price > SMA10W > SMA30W)
[ENRIN.NS] ❌ FAILED: RS 53 < 70.0 | Recovery 50.78% < 60.0% | Too close to 52WH: -19.63% | Not in Stage 2 (Price > SMA10W > SMA30W)
[NEAGI.NS] ❌ FAILED: RS 53 < 70.0 | Recovery 4.42% < 60.0% | Too close to 52WH: -5.56% | AvgVol10 0 < 300,000 | Not in Stage 2 (Price > SMA10W > SMA30W)
[EMBASSY.BO] ❌ FAILED: RS 53 < 70.0 | Recovery 7.02% < 60.0% | Too close to 52WH: -5.37% | AvgVol10 77,620 < 300,000 | Not in Stage 2 (Price > SMA10W > SMA30W)
[SIMPLXREA.NS] ❌ FAILED: RS 53 < 70.0 | Recovery 10.97% < 60.0% | Too close to 52WH: -15.53% | AvgVol10 160 < 300,000 | Not in Stage 2 (Price > SMA10W > SMA30W)
[KIRLPNU.NS] ❌ FAILED: RS 53 < 70.0 | Recovery 37.09% < 60.0% | AvgVol10 126,230 < 300,000 | Not in Stage 2 (Price > SMA10W > SMA30W)
[RPSGVENT.NS] ❌ FAILED: RS 53 < 70.0 | Recovery 52.57% < 60.0% | AvgVol10 20,080 < 300,000 | Not in Stage 2 (Price > SMA10W > SMA30W)
[PANCM.BO] ❌ FAILED: RS 53 < 70.0 | Recovery 26.1% < 60.0% | Too close to 52WH: -25.55% | AvgVol10 120 < 300,000 | Not in Stage 2 (Price > SMA10W > SMA30W)
[LATTEYS.NS] ❌ FAILED: RS 53 < 70.0 | Price $20.75 < $30.0 | Recovery 31.41% < 60.0% | AvgVol10 46,350 < 300,000 | Not in Stage 2 (Price > SMA10W > SMA30W)
[DWARKESH.NS] ❌ FAILED: RS 53 < 70.0 | Recovery 34.98% < 60.0% | Not in Stage 2 (Price > SMA10W > SMA30W)
[RAMCOSYS.NS] ❌ FAILED: RS 53 < 70.0 | AvgVol10 56,550 < 300,000 | Not in Stage 2 (Price > SMA10W > SMA30W)
[LINCOLN.NS] ❌ FAILED: RS 53 < 70.0 | Recovery 32.24% < 60.0% | Too close to 52WH: -24.44% | AvgVol10 27,960 < 300,000 | Not in Stage 2 (Price > SMA10W > SMA30W)
[ATENPAPERS.BO] ❌ FAILED: RS 53 < 70.0 | Price $22.40 < $30.0 | Recovery 59.89% < 60.0% | Too close to 52WH: -25.33% | AvgVol10 7,080 < 300,000 | Not in Stage 2 (Price > SMA10W > SMA30W)
[HCKKVENTURE.BO] ❌ FAILED: RS 53 < 70.0 | Recovery 25.89% < 60.0% | AvgVol10 240 < 300,000 | Not in Stage 2 (Price > SMA10W > SMA30W)
[NEOINFRA.BO] ❌ FAILED: RS 53 < 70.0 | Recovery 34.24% < 60.0% | Too close to 52WH: -21.3% | AvgVol10 3,380 < 300,000 | Not in Stage 2 (Price > SMA10W > SMA30W)
[BAJFINANCE.NS] ❌ FAILED: RS 53 < 70.0 | Recovery 25.02% < 60.0% | Too close to 52WH: -16.27% | Not in Stage 2 (Price > SMA10W > SMA30W)
[WARRENTEA.BO] ❌ FAILED: RS 53 < 70.0 | Recovery 37.63% < 60.0% | Too close to 52WH: -16.22% | AvgVol10 1,610 < 300,000 | Not in Stage 2 (Price > SMA10W > SMA30W)
[UNOMINDA.NS] ❌ FAILED: RS 53 < 70.0 | Recovery 18.01% < 60.0% | Too close to 52WH: -15.12% | Not in Stage 2 (Price > SMA10W > SMA30W)
[RAMANEWS.NS] ❌ FAILED: RS 53 < 70.0 | Recovery 15.01% < 60.0% | Too close to 52WH: -25.93% | AvgVol10 23,450 < 300,000 | Not in Stage 2 (Price > SMA10W > SMA30W)
[EICHERMOT.NS] ❌ FAILED: RS 53 < 70.0 | Recovery 11.98% < 60.0% | Too close to 52WH: -12.35% | AvgVol10 289,750 < 300,000 | Not in Stage 2 (Price > SMA10W > SMA30W)
[GMBREW.NS] ❌ FAILED: RS 53 < 70.0 | Recovery 38.14% < 60.0% | AvgVol10 42,470 < 300,000 | Not in Stage 2 (Price > SMA10W > SMA30W)
[EIKO.BO] ❌ FAILED: RS 53 < 70.0 | Recovery 21.05% < 60.0% | Too close to 52WH: -19.23% | AvgVol10 18,710 < 300,000 | Not in Stage 2 (Price > SMA10W > SMA30W)
[RAINBOW.NS] ❌ FAILED: RS 52 < 70.0 | Recovery 26.62% < 60.0% | Too close to 52WH: -14.75% | AvgVol10 137,320 < 300,000 | Not in Stage 2 (Price > SMA10W > SMA30W)
[ONIDA.NS] ❌ FAILED: RS 52 < 70.0 | Recovery 48.84% < 60.0% | Not in Stage 2 (Price > SMA10W > SMA30W)
[OSWALOR.BO] ❌ FAILED: RS 52 < 70.0 | Recovery 35.79% < 60.0% | Too close to 52WH: -19.48% | AvgVol10 0 < 300,000 | Not in Stage 2 (Price > SMA10W > SMA30W)
[SPACAPS.BO] ❌ FAILED: RS 52 < 70.0 | Recovery 29.77% < 60.0% | Too close to 52WH: -9.68% | AvgVol10 0 < 300,000 | Not in Stage 2 (Price > SMA10W > SMA30W)
[KRITINUT.NS] ❌ FAILED: RS 52 < 70.0 | Recovery 47.08% < 60.0% | Too close to 52WH: -26.65% | AvgVol10 7,930 < 300,000 | Not in Stage 2 (Price > SMA10W > SMA30W)
[SHERVANI.NS] ❌ FAILED: RS 52 < 70.0 | Recovery 14.9% < 60.0% | Too close to 52WH: -6.8% | AvgVol10 470 < 300,000 | Not in Stage 2 (Price > SMA10W > SMA30W)
[CUMMINSIND.NS] ❌ FAILED: RS 52 < 70.0 | Recovery 26.66% < 60.0% | Too close to 52WH: -20.41% | Not in Stage 2 (Price > SMA10W > SMA30W)
[ONEINDIG.BO] ❌ FAILED: RS 52 < 70.0 | Recovery 6.92% < 60.0% | Too close to 52WH: -18.75% | AvgVol10 6,840 < 300,000 | Not in Stage 2 (Price > SMA10W > SMA30W)
[PIDILITIND.NS] ❌ FAILED: RS 52 < 70.0 | Recovery 19.38% < 60.0% | Too close to 52WH: -11.98% | Not in Stage 2 (Price > SMA10W > SMA30W)
[IRMENERGY.NS] ❌ FAILED: RS 52 < 70.0 | AvgVol10 45,620 < 300,000 | Not in Stage 2 (Price > SMA10W > SMA30W)
[BIRET.BO] ❌ FAILED: RS 52 < 70.0 | Recovery 8.33% < 60.0% | Too close to 52WH: -10.44% | AvgVol10 9,910 < 300,000 | Not in Stage 2 (Price > SMA10W > SMA30W)
[GENUSPOWER.NS] ❌ FAILED: RS 52 < 70.0 | Recovery 42.49% < 60.0% | Too close to 52WH: -18.99% | Not in Stage 2 (Price > SMA10W > SMA30W)
[HARSHDEEP.BO] ❌ FAILED: RS 52 < 70.0 | Recovery 18.09% < 60.0% | Too close to 52WH: -16.67% | AvgVol10 4,350 < 300,000
[MCLEODRUSS.NS] ❌ FAILED: RS 52 < 70.0 | Recovery 53.23% < 60.0% | Not in Stage 2 (Price > SMA10W > SMA30W)
[YUG.BO] ❌ FAILED: RS 52 < 70.0 | Price $22.80 < $30.0 | AvgVol10 570 < 300,000 | Not in Stage 2 (Price > SMA10W > SMA30W)
[CEETAIN.BO] ❌ FAILED: RS 52 < 70.0 | Recovery 28.03% < 60.0% | Too close to 52WH: -23.22% | AvgVol10 500 < 300,000 | Not in Stage 2 (Price > SMA10W > SMA30W)
[SURAJEST.NS] ❌ FAILED: RS 52 < 70.0 | Recovery 31.68% < 60.0% | Not in Stage 2 (Price > SMA10W > SMA30W)
[JUBLINGREA.NS] ❌ FAILED: RS 52 < 70.0 | Recovery 21.87% < 60.0% | Too close to 52WH: -17.64% | Not in Stage 2 (Price > SMA10W > SMA30W)
[TRUSTEDGE.BO] ❌ FAILED: RS 52 < 70.0 | Too close to 52WH: -26.44% | AvgVol10 1,300 < 300,000 | Not in Stage 2 (Price > SMA10W > SMA30W)
[ZENIFIB.BO] ❌ FAILED: RS 52 < 70.0 | Recovery 23.76% < 60.0% | Too close to 52WH: -21.17% | AvgVol10 2,080 < 300,000
[TECHKGREEN.BO] ❌ FAILED: RS 52 < 70.0 | Recovery 36.13% < 60.0% | Too close to 52WH: -24.92% | AvgVol10 5,780 < 300,000 | Not in Stage 2 (Price > SMA10W > SMA30W)
[KANCHI.NS] ❌ FAILED: RS 52 < 70.0 | Recovery 5.54% < 60.0% | Too close to 52WH: -12.67% | AvgVol10 880 < 300,000 | Not in Stage 2 (Price > SMA10W > SMA30W)
[MILEFUR.BO] ❌ FAILED: RS 52 < 70.0 | Price $23.80 < $30.0 | Too close to 52WH: -24.83% | AvgVol10 11,100 < 300,000 | Not in Stage 2 (Price > SMA10W > SMA30W)
[GPPL.NS] ❌ FAILED: RS 52 < 70.0 | Recovery 12.95% < 60.0% | Too close to 52WH: -20.1% | Not in Stage 2 (Price > SMA10W > SMA30W)
[PANSARI.NS] ❌ FAILED: RS 52 < 70.0 | Recovery 23.87% < 60.0% | Too close to 52WH: -25.69% | AvgVol10 450 < 300,000 | Not in Stage 2 (Price > SMA10W > SMA30W)
[BRAWN.BO] ❌ FAILED: RS 52 < 70.0 | Price $21.39 < $30.0 | Recovery 20.78% < 60.0% | Too close to 52WH: -12.23% | AvgVol10 490 < 300,000 | Not in Stage 2 (Price > SMA10W > SMA30W)
[SUDARCOLOR.NS] ❌ FAILED: RS 52 < 70.0 | Recovery 44.6% < 60.0% | AvgVol10 5,780 < 300,000 | Not in Stage 2 (Price > SMA10W > SMA30W)
[REPONO.BO] ❌ FAILED: RS 52 < 70.0 | AvgVol10 25,440 < 300,000 | Not in Stage 2 (Price > SMA10W > SMA30W)
[ONEGLOBAL.NS] ❌ FAILED: RS 52 < 70.0 | Recovery 10.31% < 60.0% | Too close to 52WH: -6.04% | AvgVol10 9,120 < 300,000 | Not in Stage 2 (Price > SMA10W > SMA30W)
[POLYCAB.NS] ❌ FAILED: RS 52 < 70.0 | Recovery 22.93% < 60.0% | Too close to 52WH: -19.11% | AvgVol10 270,060 < 300,000 | Not in Stage 2 (Price > SMA10W > SMA30W)
[BANSALWIRE.NS] ❌ FAILED: RS 52 < 70.0 | Recovery 42.74% < 60.0% | Too close to 52WH: -14.16% | AvgVol10 98,130 < 300,000 | Not in Stage 2 (Price > SMA10W > SMA30W)
[IECEDU.BO] ❌ FAILED: RS 52 < 70.0 | Price $25.18 < $30.0 | Recovery 29.13% < 60.0% | AvgVol10 42,660 < 300,000 | Not in Stage 2 (Price > SMA10W > SMA30W)
[OPCHAINS.BO] ❌ FAILED: RS 52 < 70.0 | Recovery 4.75% < 60.0% | Too close to 52WH: -0.35% | AvgVol10 160 < 300,000 | Not in Stage 2 (Price > SMA10W > SMA30W)
[SONAL.NS] ❌ FAILED: RS 52 < 70.0 | Recovery 11.52% < 60.0% | Too close to 52WH: -2.13% | AvgVol10 120 < 300,000 | Not in Stage 2 (Price > SMA10W > SMA30W)
[IRONWOOD.BO] ❌ FAILED: RS 52 < 70.0 | Recovery 25.04% < 60.0% | AvgVol10 6,780 < 300,000 | Not in Stage 2 (Price > SMA10W > SMA30W)
[EXCELINDUS.NS] ❌ FAILED: RS 52 < 70.0 | Recovery 17.84% < 60.0% | Too close to 52WH: -19.28% | AvgVol10 10,600 < 300,000 | Not in Stage 2 (Price > SMA10W > SMA30W)
[KIMIABL.BO] ❌ FAILED: RS 52 < 70.0 | Recovery 35.56% < 60.0% | AvgVol10 5,120 < 300,000 | Not in Stage 2 (Price > SMA10W > SMA30W)
[KPL.NS] ❌ FAILED: RS 51 < 70.0 | Recovery 14.02% < 60.0% | Too close to 52WH: -9.42% | AvgVol10 58,440 < 300,000 | Not in Stage 2 (Price > SMA10W > SMA30W)
[SUNILTX.BO] ❌ FAILED: RS 51 < 70.0 | Recovery 37.14% < 60.0% | Too close to 52WH: -16.31% | AvgVol10 520 < 300,000 | Not in Stage 2 (Price > SMA10W > SMA30W)
[WALLFORT.BO] ❌ FAILED: RS 51 < 70.0 | Recovery 49.23% < 60.0% | AvgVol10 330 < 300,000
[KOTAKBANK.NS] ❌ FAILED: RS 51 < 70.0 | Recovery 16.22% < 60.0% | Too close to 52WH: -11.4% | Not in Stage 2 (Price > SMA10W > SMA30W)
[HINDTIN.BO] ❌ FAILED: RS 51 < 70.0 | Recovery 30.9% < 60.0% | AvgVol10 4,290 < 300,000
[GODREJIND.NS] ❌ FAILED: RS 51 < 70.0 | Recovery 44.6% < 60.0% | Too close to 52WH: -25.43% | AvgVol10 119,150 < 300,000 | Not in Stage 2 (Price > SMA10W > SMA30W)
[TEEAI.BO] ❌ FAILED: RS 51 < 70.0 | Recovery 15.1% < 60.0% | Too close to 52WH: -18.78% | AvgVol10 420 < 300,000 | Not in Stage 2 (Price > SMA10W > SMA30W)
[CHOICEIN.NS] ❌ FAILED: RS 51 < 70.0 | Recovery 33.09% < 60.0% | Too close to 52WH: -12.04% | Not in Stage 2 (Price > SMA10W > SMA30W)
[IDBI.NS] ❌ FAILED: RS 51 < 70.0 | Recovery 38.32% < 60.0% | Not in Stage 2 (Price > SMA10W > SMA30W)
[EMMBI.NS] ❌ FAILED: RS 51 < 70.0 | Recovery 47.88% < 60.0% | Too close to 52WH: -23.72% | AvgVol10 7,710 < 300,000
[SAGILITY.NS] ❌ FAILED: RS 51 < 70.0 | Recovery 21.27% < 60.0% | Too close to 52WH: -24.94% | Not in Stage 2 (Price > SMA10W > SMA30W)
[SUNDRMBRAK.NS] ❌ FAILED: RS 51 < 70.0 | Recovery 51.91% < 60.0% | Too close to 52WH: -24.04% | AvgVol10 1,190 < 300,000 | Not in Stage 2 (Price > SMA10W > SMA30W)
[FMGOETZE.NS] ❌ FAILED: RS 51 < 70.0 | Recovery 28.11% < 60.0% | AvgVol10 194,910 < 300,000 | Not in Stage 2 (Price > SMA10W > SMA30W)
[ADL.NS] ❌ FAILED: RS 51 < 70.0 | Recovery 43.59% < 60.0% | AvgVol10 830 < 300,000
[KVTOYS.BO] ❌ FAILED: RS 51 < 70.0 | Recovery 50.0% < 60.0% | Too close to 52WH: -25.8% | AvgVol10 10,080 < 300,000 | Not in Stage 2 (Price > SMA10W > SMA30W)
[VADILENT.NS] ❌ FAILED: RS 51 < 70.0 | Recovery 8.51% < 60.0% | Too close to 52WH: -19.03% | AvgVol10 30 < 300,000 | Not in Stage 2 (Price > SMA10W > SMA30W)
[ECOPLAST.BO] ❌ FAILED: RS 51 < 70.0 | Recovery 29.04% < 60.0% | Too close to 52WH: -13.88% | AvgVol10 350 < 300,000
[CREATIVE.BO] ❌ FAILED: RS 51 < 70.0 | Recovery 17.96% < 60.0% | Too close to 52WH: -17.42% | AvgVol10 290 < 300,000 | Not in Stage 2 (Price > SMA10W > SMA30W)
[TIERRA.BO] ❌ FAILED: RS 51 < 70.0 | Recovery 23.87% < 60.0% | AvgVol10 15,580 < 300,000 | Not in Stage 2 (Price > SMA10W > SMA30W)
[ESABINDIA.NS] ❌ FAILED: RS 51 < 70.0 | Recovery 17.17% < 60.0% | Too close to 52WH: -24.61% | AvgVol10 4,170 < 300,000 | Not in Stage 2 (Price > SMA10W > SMA30W)
[MAMATA.NS] ❌ FAILED: RS 51 < 70.0 | Recovery 35.08% < 60.0% | Too close to 52WH: -15.66% | AvgVol10 63,880 < 300,000 | Not in Stage 2 (Price > SMA10W > SMA30W)
[SAMRATPH.BO] ❌ FAILED: RS 51 < 70.0 | Recovery 22.55% < 60.0% | AvgVol10 1,360 < 300,000 | Not in Stage 2 (Price > SMA10W > SMA30W)
[EBIX.NS] ❌ FAILED: RS 51 < 70.0 | Price $17.19 < $30.0 | Recovery 7.24% < 60.0% | Too close to 52WH: -24.7% | AvgVol10 37,890 < 300,000 | Not in Stage 2 (Price > SMA10W > SMA30W)
[SICALLOG.NS] ❌ FAILED: RS 51 < 70.0 | Recovery 48.29% < 60.0% | AvgVol10 36,630 < 300,000 | Not in Stage 2 (Price > SMA10W > SMA30W)
[ALICON.NS] ❌ FAILED: RS 51 < 70.0 | Recovery 23.59% < 60.0% | AvgVol10 36,110 < 300,000
[MENNPIS.NS] ❌ FAILED: RS 51 < 70.0 | Recovery 3.59% < 60.0% | Too close to 52WH: -16.03% | AvgVol10 27,790 < 300,000 | Not in Stage 2 (Price > SMA10W > SMA30W)
[SHAMFOAM.BO] ❌ FAILED: RS 51 < 70.0 | Too close to 52WH: -8.7% | AvgVol10 34,300 < 300,000 | Not in Stage 2 (Price > SMA10W > SMA30W)
[NATCAPSUQ.NS] ❌ FAILED: RS 51 < 70.0 | Recovery 21.15% < 60.0% | AvgVol10 9,150 < 300,000 | Not in Stage 2 (Price > SMA10W > SMA30W)
[DAULAT.BO] ❌ FAILED: RS 51 < 70.0 | Recovery 25.35% < 60.0% | AvgVol10 2,810 < 300,000 | Not in Stage 2 (Price > SMA10W > SMA30W)
[AXELPOLY.BO] ❌ FAILED: RS 51 < 70.0 | Recovery 25.26% < 60.0% | Too close to 52WH: -22.74% | AvgVol10 500 < 300,000 | Not in Stage 2 (Price > SMA10W > SMA30W)
[ETHOSLTD.NS] ❌ FAILED: RS 51 < 70.0 | Recovery 31.2% < 60.0% | Too close to 52WH: -22.42% | AvgVol10 45,630 < 300,000 | Not in Stage 2 (Price > SMA10W > SMA30W)
[NIITLTD.NS] ❌ FAILED: RS 51 < 70.0 | Too close to 52WH: -21.76% | AvgVol10 214,960 < 300,000 | Not in Stage 2 (Price > SMA10W > SMA30W)
[MEDICAPQ.NS] ❌ FAILED: RS 51 < 70.0 | Price $25.22 < $30.0 | Recovery 24.05% < 60.0% | AvgVol10 16,190 < 300,000 | Not in Stage 2 (Price > SMA10W > SMA30W)
[SAATVIKGL.NS] ❌ FAILED: RS 51 < 70.0 | Recovery 28.78% < 60.0% | Too close to 52WH: -25.5% | AvgVol10 281,160 < 300,000 | Not in Stage 2 (Price > SMA10W > SMA30W)
[LTF.NS] ❌ FAILED: RS 51 < 70.0 | Recovery 19.56% < 60.0% | Too close to 52WH: -17.06% | Not in Stage 2 (Price > SMA10W > SMA30W)
[UCIL.BO] ❌ FAILED: RS 51 < 70.0 | Too close to 52WH: -21.63% | AvgVol10 2,710 < 300,000 | Not in Stage 2 (Price > SMA10W > SMA30W)
[BHARATROHAN.BO] ❌ FAILED: RS 51 < 70.0 | Recovery 42.48% < 60.0% | Too close to 52WH: -25.24% | AvgVol10 11,820 < 300,000 | Not in Stage 2 (Price > SMA10W > SMA30W)
[UNIQUEO.BO] ❌ FAILED: RS 50 < 70.0 | Recovery 34.58% < 60.0% | AvgVol10 2,100 < 300,000 | Not in Stage 2 (Price > SMA10W > SMA30W)
[EXCELSOFT.NS] ❌ FAILED: RS 50 < 70.0 | Recovery 26.7% < 60.0% | Not in Stage 2 (Price > SMA10W > SMA30W)
[POLSON.BO] ❌ FAILED: RS 50 < 70.0 | Recovery 15.42% < 60.0% | Too close to 52WH: -12.28% | AvgVol10 0 < 300,000 | Not in Stage 2 (Price > SMA10W > SMA30W)
[JETKINGQ.BO] ❌ FAILED: RS 50 < 70.0 | Recovery 33.85% < 60.0% | AvgVol10 11,280 < 300,000
[PURSHOTTAM.BO] ❌ FAILED: RS 50 < 70.0 | Recovery 19.0% < 60.0% | Too close to 52WH: -20.54% | AvgVol10 49,900 < 300,000 | Not in Stage 2 (Price > SMA10W > SMA30W)
[SHINDL.NS] ❌ FAILED: RS 50 < 70.0 | Recovery 2.45% < 60.0% | Too close to 52WH: -8.55% | AvgVol10 252,870 < 300,000 | Not in Stage 2 (Price > SMA10W > SMA30W)
[BAJAJHLDNG.NS] ❌ FAILED: RS 50 < 70.0 | Recovery 25.76% < 60.0% | Too close to 52WH: -18.49% | AvgVol10 44,750 < 300,000 | Not in Stage 2 (Price > SMA10W > SMA30W)
[SOUTHWEST.NS] ❌ FAILED: RS 50 < 70.0 | Recovery 56.9% < 60.0% | AvgVol10 169,390 < 300,000 | Not in Stage 2 (Price > SMA10W > SMA30W)
[HARISH.BO] ❌ FAILED: RS 50 < 70.0 | Recovery 23.95% < 60.0% | Too close to 52WH: -13.97% | AvgVol10 600 < 300,000 | Not in Stage 2 (Price > SMA10W > SMA30W)
[PATELRMART.NS] ❌ FAILED: RS 50 < 70.0 | Recovery 35.77% < 60.0% | Too close to 52WH: -23.31% | AvgVol10 61,440 < 300,000 | Not in Stage 2 (Price > SMA10W > SMA30W)
[ENS.BO] ❌ FAILED: RS 50 < 70.0 | Recovery 5.73% < 60.0% | Too close to 52WH: -8.49% | AvgVol10 46,080 < 300,000 | Not in Stage 2 (Price > SMA10W > SMA30W)
[JOINDRE.BO] ❌ FAILED: RS 50 < 70.0 | Recovery 20.48% < 60.0% | Too close to 52WH: -15.17% | AvgVol10 1,510 < 300,000 | Not in Stage 2 (Price > SMA10W > SMA30W)
[MOLDTKPAC.NS] ❌ FAILED: RS 50 < 70.0 | Recovery 39.69% < 60.0% | Too close to 52WH: -20.32% | AvgVol10 44,210 < 300,000 | Not in Stage 2 (Price > SMA10W > SMA30W)
[ESCORP.BO] ❌ FAILED: RS 50 < 70.0 | Recovery 20.24% < 60.0% | AvgVol10 5,300 < 300,000
[GANESHHOU.NS] ❌ FAILED: RS 50 < 70.0 | Recovery 43.71% < 60.0% | Too close to 52WH: -20.13% | AvgVol10 23,490 < 300,000 | Not in Stage 2 (Price > SMA10W > SMA30W)
[ARROWHEAD.BO] ❌ FAILED: RS 50 < 70.0 | Recovery 6.62% < 60.0% | Too close to 52WH: -22.79% | AvgVol10 870 < 300,000 | Not in Stage 2 (Price > SMA10W > SMA30W)
[SUPREMEINF.NS] ❌ FAILED: RS 50 < 70.0 | Recovery 37.19% < 60.0% | AvgVol10 28,340 < 300,000 | Not in Stage 2 (Price > SMA10W > SMA30W)
[SUPREMEIND.NS] ❌ FAILED: RS 50 < 70.0 | Recovery 11.46% < 60.0% | Too close to 52WH: -18.49% | AvgVol10 153,540 < 300,000 | Not in Stage 2 (Price > SMA10W > SMA30W)
[OBCL.NS] ❌ FAILED: RS 50 < 70.0 | Recovery 22.34% < 60.0% | Too close to 52WH: -8.23% | AvgVol10 15,150 < 300,000
[PEETISEC.BO] ❌ FAILED: RS 50 < 70.0 | Price $19.60 < $30.0 | Recovery 15.29% < 60.0% | Too close to 52WH: -21.63% | AvgVol10 500 < 300,000 | Not in Stage 2 (Price > SMA10W > SMA30W)
[JAYUSH.BO] ❌ FAILED: RS 50 < 70.0 | Recovery 25.08% < 60.0% | AvgVol10 80 < 300,000 | Not in Stage 2 (Price > SMA10W > SMA30W)
[DEEPAKFERT.NS] ❌ FAILED: RS 50 < 70.0 | Recovery 55.87% < 60.0% | Too close to 52WH: -19.66% | AvgVol10 222,830 < 300,000 | Not in Stage 2 (Price > SMA10W > SMA30W)
[COALINDIA.NS] ❌ FAILED: RS 50 < 70.0 | Recovery 14.31% < 60.0% | Too close to 52WH: -13.99% | Not in Stage 2 (Price > SMA10W > SMA30W)
[CGVAK.NS] ❌ FAILED: RS 50 < 70.0 | Recovery 11.03% < 60.0% | Too close to 52WH: -7.34% | AvgVol10 2,900 < 300,000 | Not in Stage 2 (Price > SMA10W > SMA30W)
[STML.BO] ❌ FAILED: RS 50 < 70.0 | Recovery 54.29% < 60.0% | AvgVol10 5,280 < 300,000
[POONAWALLA.NS] ❌ FAILED: RS 50 < 70.0 | Recovery 23.24% < 60.0% | Too close to 52WH: -21.96% | Not in Stage 2 (Price > SMA10W > SMA30W)
[SHLOKKA.BO] ❌ FAILED: RS 50 < 70.0 | Recovery 42.27% < 60.0% | AvgVol10 23,160 < 300,000
[SALGUTI.BO] ❌ FAILED: RS 50 < 70.0 | Price $27.90 < $30.0 | Recovery 30.56% < 60.0% | AvgVol10 60 < 300,000 | Not in Stage 2 (Price > SMA10W > SMA30W)
[MAHLIFE.NS] ❌ FAILED: RS 50 < 70.0 | Recovery 26.6% < 60.0% | Too close to 52WH: -14.97% | AvgVol10 104,900 < 300,000 | Not in Stage 2 (Price > SMA10W > SMA30W)
[SHRISTI.BO] ❌ FAILED: RS 50 < 70.0 | Price $29.52 < $30.0 | Recovery 27.24% < 60.0% | Too close to 52WH: -24.21% | AvgVol10 970 < 300,000 | Not in Stage 2 (Price > SMA10W > SMA30W)
[COCHMAL.BO] ❌ FAILED: RS 50 < 70.0 | Recovery 26.63% < 60.0% | Too close to 52WH: -19.52% | AvgVol10 90 < 300,000
[TEMBO.NS] ❌ FAILED: RS 50 < 70.0 | Recovery 33.25% < 60.0% | Not in Stage 2 (Price > SMA10W > SMA30W)
[KICL.NS] ❌ FAILED: RS 50 < 70.0 | Recovery 21.4% < 60.0% | Too close to 52WH: -25.71% | AvgVol10 1,560 < 300,000 | Not in Stage 2 (Price > SMA10W > SMA30W)
[JSWDULUX.NS] ❌ FAILED: RS 50 < 70.0 | Recovery 19.22% < 60.0% | Too close to 52WH: -15.36% | AvgVol10 32,830 < 300,000
[NSLNISP.NS] ❌ FAILED: RS 50 < 70.0 | Recovery 26.57% < 60.0% | Too close to 52WH: -22.27% | Not in Stage 2 (Price > SMA10W > SMA30W)
[ARISINT.BO] ❌ FAILED: RS 50 < 70.0 | Recovery 25.24% < 60.0% | AvgVol10 0 < 300,000 | Not in Stage 2 (Price > SMA10W > SMA30W)
[NH.NS] ❌ FAILED: RS 49 < 70.0 | Recovery 14.54% < 60.0% | Too close to 52WH: -13.05% | AvgVol10 164,100 < 300,000 | Not in Stage 2 (Price > SMA10W > SMA30W)
[INDIANB.NS] ❌ FAILED: RS 49 < 70.0 | Recovery 13.61% < 60.0% | Too close to 52WH: -19.83% | Not in Stage 2 (Price > SMA10W > SMA30W)
[HAMPS.BO] ❌ FAILED: RS 49 < 70.0 | Price $22.15 < $30.0 | Too close to 52WH: -16.67% | AvgVol10 5,780 < 300,000 | Not in Stage 2 (Price > SMA10W > SMA30W)
[SFL.NS] ❌ FAILED: RS 49 < 70.0 | Recovery 37.76% < 60.0% | Too close to 52WH: -24.4% | AvgVol10 153,280 < 300,000 | Not in Stage 2 (Price > SMA10W > SMA30W)
[EVANS.BO] ❌ FAILED: RS 49 < 70.0 | Recovery 43.35% < 60.0% | AvgVol10 8,700 < 300,000
[SAVERA.BO] ❌ FAILED: RS 49 < 70.0 | Recovery 17.18% < 60.0% | Too close to 52WH: -17.93% | AvgVol10 4,020 < 300,000 | Not in Stage 2 (Price > SMA10W > SMA30W)
[BTTL.NS] ❌ FAILED: RS 49 < 70.0 | Recovery 28.33% < 60.0% | AvgVol10 5,470 < 300,000 | Not in Stage 2 (Price > SMA10W > SMA30W)
[NIBE.NS] ❌ FAILED: RS 49 < 70.0 | Recovery 52.84% < 60.0% | AvgVol10 71,980 < 300,000 | Not in Stage 2 (Price > SMA10W > SMA30W)
[RDBRL.BO] ❌ FAILED: RS 49 < 70.0 | Recovery 16.49% < 60.0% | Too close to 52WH: -16.12% | AvgVol10 7,380 < 300,000 | Not in Stage 2 (Price > SMA10W > SMA30W)
[LASERPOWER.NS] ❌ FAILED: RS 49 < 70.0 | Recovery 4.96% < 60.0% | Too close to 52WH: -23.61% | Not in Stage 2 (Price > SMA10W > SMA30W)
[SAB.NS] ❌ FAILED: RS 49 < 70.0 | Recovery 3.03% < 60.0% | Too close to 52WH: -11.73% | AvgVol10 240 < 300,000 | Not in Stage 2 (Price > SMA10W > SMA30W)
[ALPINEHOU.BO] ❌ FAILED: RS 49 < 70.0 | Recovery 32.22% < 60.0% | AvgVol10 640 < 300,000 | Not in Stage 2 (Price > SMA10W > SMA30W)
[BALGOPAL.BO] ❌ FAILED: RS 49 < 70.0 | Recovery 46.12% < 60.0% | AvgVol10 26,050 < 300,000 | Not in Stage 2 (Price > SMA10W > SMA30W)
[RAJABAH.BO] ❌ FAILED: RS 49 < 70.0 | Recovery 19.71% < 60.0% | Too close to 52WH: -18.84% | AvgVol10 10 < 300,000 | Not in Stage 2 (Price > SMA10W > SMA30W)
[HCLTECH.NS] ❌ FAILED: RS 49 < 70.0 | Recovery 21.61% < 60.0% | Not in Stage 2 (Price > SMA10W > SMA30W)
[TITAGARH.NS] ❌ FAILED: RS 49 < 70.0 | Recovery 43.95% < 60.0% | Too close to 52WH: -15.69% | Not in Stage 2 (Price > SMA10W > SMA30W)
[SHVFL.BO] ❌ FAILED: RS 49 < 70.0 | Price $26.46 < $30.0 | Recovery 33.03% < 60.0% | AvgVol10 70 < 300,000 | Not in Stage 2 (Price > SMA10W > SMA30W)
[GTV.BO] ❌ FAILED: RS 49 < 70.0 | Too close to 52WH: -20.41% | AvgVol10 60,010 < 300,000 | Not in Stage 2 (Price > SMA10W > SMA30W)
[SCANPRO.BO] ❌ FAILED: RS 49 < 70.0 | Recovery 41.94% < 60.0% | AvgVol10 80 < 300,000 | Not in Stage 2 (Price > SMA10W > SMA30W)
[PARAGONF.BO] ❌ FAILED: RS 49 < 70.0 | Recovery 38.44% < 60.0% | Too close to 52WH: -16.78% | AvgVol10 350 < 300,000 | Not in Stage 2 (Price > SMA10W > SMA30W)
[CHOLAFIN.NS] ❌ FAILED: RS 49 < 70.0 | Recovery 25.77% < 60.0% | Too close to 52WH: -16.3% | Not in Stage 2 (Price > SMA10W > SMA30W)
[MASTERTR.NS] ❌ FAILED: RS 49 < 70.0 | Recovery 49.51% < 60.0% | Not in Stage 2 (Price > SMA10W > SMA30W)
[SURYALA.NS] ❌ FAILED: RS 49 < 70.0 | Recovery 2.95% < 60.0% | Too close to 52WH: -10.11% | AvgVol10 780 < 300,000 | Not in Stage 2 (Price > SMA10W > SMA30W)
[HINDADH.NS] ❌ FAILED: RS 49 < 70.0 | Recovery 12.41% < 60.0% | Too close to 52WH: -4.52% | AvgVol10 3,430 < 300,000 | Not in Stage 2 (Price > SMA10W > SMA30W)
[AKCAPIT.NS] ❌ FAILED: RS 49 < 70.0 | Recovery 6.92% < 60.0% | Too close to 52WH: -2.33% | AvgVol10 1,100 < 300,000 | Not in Stage 2 (Price > SMA10W > SMA30W)
[POLYMED.NS] ❌ FAILED: RS 49 < 70.0 | Recovery 38.47% < 60.0% | Too close to 52WH: -21.85% | AvgVol10 86,040 < 300,000 | Not in Stage 2 (Price > SMA10W > SMA30W)
[SAINIK.BO] ❌ FAILED: RS 49 < 70.0 | Recovery 49.98% < 60.0% | Too close to 52WH: -25.61% | AvgVol10 11,240 < 300,000 | Not in Stage 2 (Price > SMA10W > SMA30W)
[ZUARIIND.NS] ❌ FAILED: RS 49 < 70.0 | Recovery 31.83% < 60.0% | AvgVol10 96,150 < 300,000
[NUTRICIRCLE.BO] ❌ FAILED: RS 49 < 70.0 | Recovery 53.41% < 60.0% | AvgVol10 40 < 300,000 | Not in Stage 2 (Price > SMA10W > SMA30W)
[ATL.NS] ❌ FAILED: RS 49 < 70.0 | Price $24.85 < $30.0 | Recovery 36.54% < 60.0% | AvgVol10 233,740 < 300,000 | Not in Stage 2 (Price > SMA10W > SMA30W)
[TIMETECHNO.NS] ❌ FAILED: RS 49 < 70.0 | Recovery 19.12% < 60.0% | Too close to 52WH: -19.37% | Not in Stage 2 (Price > SMA10W > SMA30W)
[MARKOLINES.NS] ❌ FAILED: RS 49 < 70.0 | Recovery 27.77% < 60.0% | Too close to 52WH: -12.28% | AvgVol10 175,530 < 300,000 | Not in Stage 2 (Price > SMA10W > SMA30W)
[SENCO.NS] ❌ FAILED: RS 49 < 70.0 | Recovery 15.33% < 60.0% | Too close to 52WH: -25.98% | Not in Stage 2 (Price > SMA10W > SMA30W)
[PRESTIGE.NS] ❌ FAILED: RS 49 < 70.0 | Recovery 34.94% < 60.0% | Too close to 52WH: -18.52% | Not in Stage 2 (Price > SMA10W > SMA30W)
[WELTI.BO] ❌ FAILED: RS 49 < 70.0 | Price $23.37 < $30.0 | Recovery 36.27% < 60.0% | Too close to 52WH: -19.55% | AvgVol10 0 < 300,000 | Not in Stage 2 (Price > SMA10W > SMA30W)
[CNCRD.BO] ❌ FAILED: RS 49 < 70.0 | Recovery 52.16% < 60.0% | AvgVol10 5,110 < 300,000 | Not in Stage 2 (Price > SMA10W > SMA30W)
[PRIYALT.BO] ❌ FAILED: RS 49 < 70.0 | Price $22.00 < $30.0 | Recovery 31.5% < 60.0% | AvgVol10 60 < 300,000 | Not in Stage 2 (Price > SMA10W > SMA30W)
[CAPRO.BO] ❌ FAILED: RS 49 < 70.0 | Recovery 26.95% < 60.0% | AvgVol10 140 < 300,000 | Not in Stage 2 (Price > SMA10W > SMA30W)
[STEELCITY.NS] ❌ FAILED: RS 49 < 70.0 | Recovery 14.9% < 60.0% | Too close to 52WH: -21.11% | AvgVol10 8,650 < 300,000 | Not in Stage 2 (Price > SMA10W > SMA30W)
[PYRAMID.NS] ❌ FAILED: RS 48 < 70.0 | Recovery 22.24% < 60.0% | Too close to 52WH: -18.91% | AvgVol10 42,280 < 300,000 | Not in Stage 2 (Price > SMA10W > SMA30W)
[BENARAS.NS] ❌ FAILED: RS 48 < 70.0 | Recovery 1.86% < 60.0% | Too close to 52WH: -11.73% | AvgVol10 140 < 300,000 | Not in Stage 2 (Price > SMA10W > SMA30W)
[MANGALAM.NS] ❌ FAILED: RS 48 < 70.0 | Recovery 35.53% < 60.0% | AvgVol10 69,720 < 300,000
[JHACC.BO] ❌ FAILED: RS 48 < 70.0 | Recovery 36.3% < 60.0% | Too close to 52WH: -18.09% | AvgVol10 11,930 < 300,000
[COMPEAU.NS] ❌ FAILED: RS 48 < 70.0 | Recovery 11.02% < 60.0% | Too close to 52WH: -15.94% | AvgVol10 520 < 300,000 | Not in Stage 2 (Price > SMA10W > SMA30W)
[NAM.BO] ❌ FAILED: RS 48 < 70.0 | Recovery 20.13% < 60.0% | Too close to 52WH: -23.31% | AvgVol10 50 < 300,000 | Not in Stage 2 (Price > SMA10W > SMA30W)
[NUKLEUS.BO] ❌ FAILED: RS 48 < 70.0 | Recovery 31.13% < 60.0% | Too close to 52WH: -17.47% | AvgVol10 1,440 < 300,000 | Not in Stage 2 (Price > SMA10W > SMA30W)
[EVERFIN.BO] ❌ FAILED: RS 48 < 70.0 | Recovery 42.0% < 60.0% | Too close to 52WH: -23.04% | AvgVol10 90 < 300,000 | Not in Stage 2 (Price > SMA10W > SMA30W)
[PRECISIO.BO] ❌ FAILED: RS 48 < 70.0 | AvgVol10 1,410 < 300,000
[JUBLFOOD.NS] ❌ FAILED: RS 48 < 70.0 | Recovery 17.17% < 60.0% | Too close to 52WH: -24.61% | Not in Stage 2 (Price > SMA10W > SMA30W)
[SHAYONAENG.BO] ❌ FAILED: RS 48 < 70.0 | Recovery 20.84% < 60.0% | Too close to 52WH: -13.37% | AvgVol10 2,700 < 300,000
[CMLL.NS] ❌ FAILED: RS 48 < 70.0 | Recovery 14.09% < 60.0% | Too close to 52WH: -15.95% | Not in Stage 2 (Price > SMA10W > SMA30W)
[MUTHOOTMF.NS] ❌ FAILED: RS 48 < 70.0 | Recovery 26.66% < 60.0% | AvgVol10 184,620 < 300,000 | Not in Stage 2 (Price > SMA10W > SMA30W)
[HYUNDAI.NS] ❌ FAILED: RS 48 < 70.0 | Recovery 23.69% < 60.0% | Too close to 52WH: -24.22% | Not in Stage 2 (Price > SMA10W > SMA30W)
[RAMCOIND.NS] ❌ FAILED: RS 48 < 70.0 | Recovery 34.79% < 60.0% | Too close to 52WH: -21.39% | AvgVol10 78,470 < 300,000 | Not in Stage 2 (Price > SMA10W > SMA30W)
[GPTINFRA.NS] ❌ FAILED: RS 48 < 70.0 | Recovery 20.84% < 60.0% | Too close to 52WH: -22.49% | Not in Stage 2 (Price > SMA10W > SMA30W)
[RUDRAGAS.BO] ❌ FAILED: RS 48 < 70.0 | Recovery 29.68% < 60.0% | AvgVol10 2,800 < 300,000 | Not in Stage 2 (Price > SMA10W > SMA30W)
[NBIFIN.NS] ❌ FAILED: RS 48 < 70.0 | Recovery 26.59% < 60.0% | AvgVol10 4,370 < 300,000 | Not in Stage 2 (Price > SMA10W > SMA30W)
[FIL.BO] ❌ FAILED: RS 48 < 70.0 | Recovery 19.07% < 60.0% | Too close to 52WH: -7.85% | AvgVol10 2,930 < 300,000 | Not in Stage 2 (Price > SMA10W > SMA30W)
[COSYN.BO] ❌ FAILED: RS 48 < 70.0 | Price $21.41 < $30.0 | Recovery 14.8% < 60.0% | Too close to 52WH: -22.15% | AvgVol10 1,070 < 300,000 | Not in Stage 2 (Price > SMA10W > SMA30W)
[360ONE.NS] ❌ FAILED: RS 48 < 70.0 | Recovery 15.34% < 60.0% | Too close to 52WH: -15.47% | Not in Stage 2 (Price > SMA10W > SMA30W)
[SKMEGGPROD.NS] ❌ FAILED: RS 48 < 70.0 | Recovery 47.69% < 60.0% | AvgVol10 151,370 < 300,000 | Not in Stage 2 (Price > SMA10W > SMA30W)
[GALLARD.BO] ❌ FAILED: RS 48 < 70.0 | Recovery 54.27% < 60.0% | AvgVol10 9,600 < 300,000 | Not in Stage 2 (Price > SMA10W > SMA30W)
[PML.NS] ❌ FAILED: RS 48 < 70.0 | Recovery 3.78% < 60.0% | Too close to 52WH: -5.22% | AvgVol10 380 < 300,000 | Not in Stage 2 (Price > SMA10W > SMA30W)
[FUTSOL.BO] ❌ FAILED: RS 48 < 70.0 | Recovery 37.89% < 60.0% | Too close to 52WH: -25.99% | AvgVol10 60 < 300,000
[METROGLOBL.NS] ❌ FAILED: RS 48 < 70.0 | Recovery 18.18% < 60.0% | Too close to 52WH: -21.21% | AvgVol10 1,350 < 300,000 | Not in Stage 2 (Price > SMA10W > SMA30W)
[IMPAL.NS] ❌ FAILED: RS 48 < 70.0 | Recovery 12.4% < 60.0% | Too close to 52WH: -15.8% | AvgVol10 2,250 < 300,000 | Not in Stage 2 (Price > SMA10W > SMA30W)
[SIKA.NS] ❌ FAILED: RS 48 < 70.0 | Recovery 6.11% < 60.0% | Too close to 52WH: -8.07% | AvgVol10 39,600 < 300,000 | Not in Stage 2 (Price > SMA10W > SMA30W)
[TRANSCOR.NS] ❌ FAILED: RS 48 < 70.0 | Price $24.39 < $30.0 | Recovery 16.14% < 60.0% | Too close to 52WH: -15.9% | AvgVol10 4,010 < 300,000 | Not in Stage 2 (Price > SMA10W > SMA30W)
[UVDRHOR.BO] ❌ FAILED: RS 48 < 70.0 | Recovery 26.05% < 60.0% | AvgVol10 7,970 < 300,000 | Not in Stage 2 (Price > SMA10W > SMA30W)
[MUTHOOTCAP.NS] ❌ FAILED: RS 48 < 70.0 | Recovery 26.2% < 60.0% | AvgVol10 12,680 < 300,000 | Not in Stage 2 (Price > SMA10W > SMA30W)
[WPIL.NS] ❌ FAILED: RS 48 < 70.0 | Recovery 1.04% < 60.0% | Too close to 52WH: -9.75% | AvgVol10 60,690 < 300,000 | Not in Stage 2 (Price > SMA10W > SMA30W)
[INTLCONV.NS] ❌ FAILED: RS 48 < 70.0 | Recovery 33.17% < 60.0% | AvgVol10 46,120 < 300,000
[SPCAPIT.BO] ❌ FAILED: RS 48 < 70.0 | Recovery 12.65% < 60.0% | AvgVol10 930 < 300,000 | Not in Stage 2 (Price > SMA10W > SMA30W)
[DIAMONDYD.NS] ❌ FAILED: RS 48 < 70.0 | Recovery 24.14% < 60.0% | Too close to 52WH: -14.36% | AvgVol10 7,830 < 300,000 | Not in Stage 2 (Price > SMA10W > SMA30W)
[GVBL.BO] ❌ FAILED: RS 48 < 70.0 | Price $29.00 < $30.0 | Recovery 44.28% < 60.0% | Too close to 52WH: -24.08% | AvgVol10 530 < 300,000 | Not in Stage 2 (Price > SMA10W > SMA30W)
[INDOBELL.BO] ❌ FAILED: RS 48 < 70.0 | Recovery 42.21% < 60.0% | AvgVol10 14,470 < 300,000 | Not in Stage 2 (Price > SMA10W > SMA30W)
[SESHAPAPER.NS] ❌ FAILED: RS 47 < 70.0 | Recovery 15.37% < 60.0% | Too close to 52WH: -17.36% | AvgVol10 48,550 < 300,000 | Not in Stage 2 (Price > SMA10W > SMA30W)
[DATAMATICS.NS] ❌ FAILED: RS 47 < 70.0 | Recovery 24.08% < 60.0% | Too close to 52WH: -22.36% | AvgVol10 237,940 < 300,000 | Not in Stage 2 (Price > SMA10W > SMA30W)
[COMRADE.BO] ❌ FAILED: RS 47 < 70.0 | AvgVol10 3,000 < 300,000 | Not in Stage 2 (Price > SMA10W > SMA30W)
[HITECHGEAR.NS] ❌ FAILED: RS 47 < 70.0 | Recovery 24.48% < 60.0% | AvgVol10 2,550 < 300,000 | Not in Stage 2 (Price > SMA10W > SMA30W)
[ASHOKLEY.NS] ❌ FAILED: RS 47 < 70.0 | Recovery 15.65% < 60.0% | Not in Stage 2 (Price > SMA10W > SMA30W)
[KIRLOSBROS.NS] ❌ FAILED: RS 47 < 70.0 | Recovery 29.76% < 60.0% | Too close to 52WH: -20.87% | AvgVol10 33,100 < 300,000 | Not in Stage 2 (Price > SMA10W > SMA30W)
[AFSL.NS] ❌ FAILED: RS 47 < 70.0 | Recovery 3.39% < 60.0% | Too close to 52WH: -11.45% | AvgVol10 7,580 < 300,000 | Not in Stage 2 (Price > SMA10W > SMA30W)
[IDENTIXWEB.BO] ❌ FAILED: RS 47 < 70.0 | Recovery 25.45% < 60.0% | AvgVol10 1,110 < 300,000 | Not in Stage 2 (Price > SMA10W > SMA30W)
[ABBOTINDIA.NS] ❌ FAILED: RS 47 < 70.0 | Recovery 6.39% < 60.0% | Too close to 52WH: -12.77% | AvgVol10 9,260 < 300,000 | Not in Stage 2 (Price > SMA10W > SMA30W)
[VASUPRADA.NS] ❌ FAILED: RS 47 < 70.0 | Recovery 2.04% < 60.0% | Too close to 52WH: -14.71% | AvgVol10 150 < 300,000 | Not in Stage 2 (Price > SMA10W > SMA30W)
[NIMBSPROJ.NS] ❌ FAILED: RS 47 < 70.0 | Recovery 40.92% < 60.0% | Too close to 52WH: -14.05% | AvgVol10 21,300 < 300,000 | Not in Stage 2 (Price > SMA10W > SMA30W)
[SCHAEFFLER.NS] ❌ FAILED: RS 47 < 70.0 | Recovery 12.42% < 60.0% | Too close to 52WH: -11.46% | AvgVol10 58,930 < 300,000 | Not in Stage 2 (Price > SMA10W > SMA30W)
[MODRNSH.BO] ❌ FAILED: RS 47 < 70.0 | Recovery 41.7% < 60.0% | AvgVol10 70 < 300,000 | Not in Stage 2 (Price > SMA10W > SMA30W)
[INFORTEC.BO] ❌ FAILED: RS 47 < 70.0 | Recovery 21.53% < 60.0% | Too close to 52WH: -25.0% | AvgVol10 730 < 300,000 | Not in Stage 2 (Price > SMA10W > SMA30W)
[SURYAAMBA.BO] ❌ FAILED: RS 47 < 70.0 | Recovery 18.53% < 60.0% | Too close to 52WH: -20.13% | AvgVol10 210 < 300,000 | Not in Stage 2 (Price > SMA10W > SMA30W)
[SSL.BO] ❌ FAILED: RS 47 < 70.0 | Recovery 44.8% < 60.0% | AvgVol10 13,440 < 300,000 | Not in Stage 2 (Price > SMA10W > SMA30W)
[NAHARCAP.NS] ❌ FAILED: RS 47 < 70.0 | Recovery 27.62% < 60.0% | Too close to 52WH: -20.6% | AvgVol10 2,650 < 300,000 | Not in Stage 2 (Price > SMA10W > SMA30W)
[PBMPOLY.NS] ❌ FAILED: RS 47 < 70.0 | Recovery 5.54% < 60.0% | Too close to 52WH: -17.37% | AvgVol10 330 < 300,000 | Not in Stage 2 (Price > SMA10W > SMA30W)
[KREBSBIO.NS] ❌ FAILED: RS 47 < 70.0 | Recovery 50.22% < 60.0% | Too close to 52WH: -25.07% | AvgVol10 10,510 < 300,000 | Not in Stage 2 (Price > SMA10W > SMA30W)
[DISAQ.NS] ❌ FAILED: RS 47 < 70.0 | Recovery 10.33% < 60.0% | Too close to 52WH: -6.93% | AvgVol10 130 < 300,000 | Not in Stage 2 (Price > SMA10W > SMA30W)
[AJWAFUN.BO] ❌ FAILED: RS 47 < 70.0 | Recovery 27.42% < 60.0% | AvgVol10 10 < 300,000 | Not in Stage 2 (Price > SMA10W > SMA30W)
[DAPS.BO] ❌ FAILED: RS 47 < 70.0 | Price $22.00 < $30.0 | Too close to 52WH: -21.15% | AvgVol10 7,110 < 300,000 | Not in Stage 2 (Price > SMA10W > SMA30W)
[HINDMILL.BO] ❌ FAILED: RS 47 < 70.0 | Recovery 27.29% < 60.0% | Too close to 52WH: -13.86% | AvgVol10 660 < 300,000 | Not in Stage 2 (Price > SMA10W > SMA30W)
[LIBORD.BO] ❌ FAILED: RS 47 < 70.0 | Price $19.00 < $30.0 | Recovery 24.1% < 60.0% | AvgVol10 380 < 300,000 | Not in Stage 2 (Price > SMA10W > SMA30W)
[NIRAVCOM.BO] ❌ FAILED: RS 47 < 70.0 | Recovery 30.89% < 60.0% | Too close to 52WH: -24.35% | AvgVol10 10 < 300,000 | Not in Stage 2 (Price > SMA10W > SMA30W)
[PRAVEG.NS] ❌ FAILED: RS 47 < 70.0 | Recovery 1.84% < 60.0% | Too close to 52WH: -11.21% | AvgVol10 33,310 < 300,000 | Not in Stage 2 (Price > SMA10W > SMA30W)
[JAGSONSER.BO] ❌ FAILED: RS 47 < 70.0 | Recovery 14.78% < 60.0% | AvgVol10 470 < 300,000 | Not in Stage 2 (Price > SMA10W > SMA30W)
[VGL.NS] ❌ FAILED: RS 47 < 70.0 | Recovery 47.05% < 60.0% | Too close to 52WH: -24.27% | AvgVol10 279,160 < 300,000 | Not in Stage 2 (Price > SMA10W > SMA30W)
[CYBERTECH.NS] ❌ FAILED: RS 47 < 70.0 | Recovery 42.12% < 60.0% | AvgVol10 17,730 < 300,000 | Not in Stage 2 (Price > SMA10W > SMA30W)
[BHAGCHEM.NS] ❌ FAILED: RS 47 < 70.0 | Recovery 41.32% < 60.0% | Too close to 52WH: -23.92% | AvgVol10 82,160 < 300,000 | Not in Stage 2 (Price > SMA10W > SMA30W)
[LUXIND.NS] ❌ FAILED: RS 47 < 70.0 | Recovery 36.47% < 60.0% | AvgVol10 97,310 < 300,000 | Not in Stage 2 (Price > SMA10W > SMA30W)
[HBSL.NS] ❌ FAILED: RS 47 < 70.0 | Recovery 30.89% < 60.0% | AvgVol10 2,450 < 300,000 | Not in Stage 2 (Price > SMA10W > SMA30W)
[KEI.NS] ❌ FAILED: RS 47 < 70.0 | Recovery 21.11% < 60.0% | Too close to 52WH: -23.44% | Not in Stage 2 (Price > SMA10W > SMA30W)
[TRITURBINE.NS] ❌ FAILED: RS 47 < 70.0 | Recovery 28.78% < 60.0% | Not in Stage 2 (Price > SMA10W > SMA30W)
[SYSTMTXC.NS] ❌ FAILED: RS 47 < 70.0 | Recovery 48.39% < 60.0% | AvgVol10 10,960 < 300,000 | Not in Stage 2 (Price > SMA10W > SMA30W)
[ACLD.BO] ❌ FAILED: RS 47 < 70.0 | Recovery 40.9% < 60.0% | AvgVol10 22,860 < 300,000
[KLASSROOM.BO] ❌ FAILED: RS 47 < 70.0 | Recovery 3.66% < 60.0% | Too close to 52WH: -26.67% | AvgVol10 10,080 < 300,000 | Not in Stage 2 (Price > SMA10W > SMA30W)
[LOTUSEYE.NS] ❌ FAILED: RS 46 < 70.0 | Recovery 17.61% < 60.0% | Too close to 52WH: -21.92% | AvgVol10 7,110 < 300,000 | Not in Stage 2 (Price > SMA10W > SMA30W)
[VMSTMT.NS] ❌ FAILED: RS 46 < 70.0 | Recovery 44.03% < 60.0% | AvgVol10 99,120 < 300,000
[CCL.NS] ❌ FAILED: RS 46 < 70.0 | Recovery 26.5% < 60.0% | Too close to 52WH: -16.95% | AvgVol10 148,880 < 300,000 | Not in Stage 2 (Price > SMA10W > SMA30W)
[SALAUTO.BO] ❌ FAILED: RS 46 < 70.0 | Recovery 17.68% < 60.0% | Too close to 52WH: -25.77% | AvgVol10 500 < 300,000 | Not in Stage 2 (Price > SMA10W > SMA30W)
[SURYODAY.NS] ❌ FAILED: RS 46 < 70.0 | Recovery 25.63% < 60.0% | AvgVol10 199,460 < 300,000 | Not in Stage 2 (Price > SMA10W > SMA30W)
[IZMO.NS] ❌ FAILED: RS 46 < 70.0 | Recovery 55.44% < 60.0% | AvgVol10 124,380 < 300,000 | Not in Stage 2 (Price > SMA10W > SMA30W)
[GUJRAFFIA.NS] ❌ FAILED: RS 46 < 70.0 | Recovery 15.21% < 60.0% | AvgVol10 4,100 < 300,000 | Not in Stage 2 (Price > SMA10W > SMA30W)
[BIRLANU.NS] ❌ FAILED: RS 46 < 70.0 | Recovery 21.08% < 60.0% | AvgVol10 7,610 < 300,000 | Not in Stage 2 (Price > SMA10W > SMA30W)
[GROBTEA.NS] ❌ FAILED: RS 46 < 70.0 | Recovery 14.17% < 60.0% | Too close to 52WH: -24.97% | AvgVol10 180 < 300,000 | Not in Stage 2 (Price > SMA10W > SMA30W)
[DHANFAB.BO] ❌ FAILED: RS 46 < 70.0 | Recovery 13.31% < 60.0% | Too close to 52WH: -19.64% | AvgVol10 10 < 300,000 | Not in Stage 2 (Price > SMA10W > SMA30W)
[AXENTRA.BO] ❌ FAILED: RS 46 < 70.0 | Recovery 40.82% < 60.0% | Too close to 52WH: -20.49% | AvgVol10 0 < 300,000 | Not in Stage 2 (Price > SMA10W > SMA30W)
[DEEPAKNTR.NS] ❌ FAILED: RS 46 < 70.0 | Recovery 21.16% < 60.0% | Too close to 52WH: -18.29% | AvgVol10 200,070 < 300,000 | Not in Stage 2 (Price > SMA10W > SMA30W)
[INDPRUD.NS] ❌ FAILED: RS 46 < 70.0 | Recovery 0.7% < 60.0% | Too close to 52WH: -5.54% | AvgVol10 30 < 300,000 | Not in Stage 2 (Price > SMA10W > SMA30W)
[GRATEXI.BO] ❌ FAILED: RS 46 < 70.0 | Price $20.45 < $30.0 | Recovery 19.59% < 60.0% | AvgVol10 960 < 300,000 | Not in Stage 2 (Price > SMA10W > SMA30W)
[B2BSOFT.BO] ❌ FAILED: RS 46 < 70.0 | Price $22.96 < $30.0 | Recovery 45.22% < 60.0% | AvgVol10 25,930 < 300,000 | Not in Stage 2 (Price > SMA10W > SMA30W)
[FRONTCORP.BO] ❌ FAILED: RS 46 < 70.0 | Recovery 40.52% < 60.0% | Too close to 52WH: -17.14% | AvgVol10 560 < 300,000
[SAMRATFORG.BO] ❌ FAILED: RS 46 < 70.0 | Recovery 38.52% < 60.0% | AvgVol10 110 < 300,000 | Not in Stage 2 (Price > SMA10W > SMA30W)
[HBLENGINE.NS] ❌ FAILED: RS 46 < 70.0 | Recovery 28.16% < 60.0% | Not in Stage 2 (Price > SMA10W > SMA30W)
[HIKAL.NS] ❌ FAILED: RS 46 < 70.0 | Recovery 42.77% < 60.0% | Too close to 52WH: -20.0% | Not in Stage 2 (Price > SMA10W > SMA30W)
[STANROS.BO] ❌ FAILED: RS 46 < 70.0 | Recovery 21.25% < 60.0% | Too close to 52WH: -20.42% | AvgVol10 140 < 300,000 | Not in Stage 2 (Price > SMA10W > SMA30W)
[MOSCHIP.NS] ❌ FAILED: RS 46 < 70.0 | Recovery 36.38% < 60.0% | Not in Stage 2 (Price > SMA10W > SMA30W)
[SPLIL.NS] ❌ FAILED: RS 46 < 70.0 | Price $29.87 < $30.0 | Recovery 47.87% < 60.0% | AvgVol10 7,130 < 300,000 | Not in Stage 2 (Price > SMA10W > SMA30W)
[SINDHUTRAD.NS] ❌ FAILED: RS 46 < 70.0 | Price $23.24 < $30.0 | Recovery 31.75% < 60.0% | Too close to 52WH: -20.9% | Not in Stage 2 (Price > SMA10W > SMA30W)
[ALANSCOTT.BO] ❌ FAILED: RS 46 < 70.0 | Recovery 38.14% < 60.0% | AvgVol10 4,180 < 300,000 | Not in Stage 2 (Price > SMA10W > SMA30W)
[PARSHVA.BO] ❌ FAILED: RS 46 < 70.0 | Recovery 29.79% < 60.0% | AvgVol10 10 < 300,000
[IGARASHI.NS] ❌ FAILED: RS 46 < 70.0 | Recovery 53.55% < 60.0% | Too close to 52WH: -25.41% | Not in Stage 2 (Price > SMA10W > SMA30W)
[ISTLTD.NS] ❌ FAILED: RS 46 < 70.0 | Recovery 5.72% < 60.0% | Too close to 52WH: -14.71% | AvgVol10 600 < 300,000 | Not in Stage 2 (Price > SMA10W > SMA30W)
[HBPOR.NS] ❌ FAILED: RS 46 < 70.0 | Recovery 22.94% < 60.0% | Too close to 52WH: -8.08% | AvgVol10 810 < 300,000 | Not in Stage 2 (Price > SMA10W > SMA30W)
[TUTIALKA.NS] ❌ FAILED: RS 46 < 70.0 | Recovery 6.19% < 60.0% | Too close to 52WH: -12.21% | AvgVol10 5,620 < 300,000 | Not in Stage 2 (Price > SMA10W > SMA30W)
[MERCURYLAB.BO] ❌ FAILED: RS 46 < 70.0 | Recovery 26.34% < 60.0% | Too close to 52WH: -16.85% | AvgVol10 60 < 300,000 | Not in Stage 2 (Price > SMA10W > SMA30W)
[PWASML.BO] ❌ FAILED: RS 46 < 70.0 | Price $23.43 < $30.0 | Recovery 31.19% < 60.0% | AvgVol10 2,330 < 300,000 | Not in Stage 2 (Price > SMA10W > SMA30W)
[KFBL.BO] ❌ FAILED: RS 46 < 70.0 | Recovery 39.04% < 60.0% | Too close to 52WH: -20.77% | AvgVol10 1,970 < 300,000 | Not in Stage 2 (Price > SMA10W > SMA30W)
[PRINCEPIPE.NS] ❌ FAILED: RS 46 < 70.0 | Recovery 25.73% < 60.0% | Too close to 52WH: -26.82% | AvgVol10 121,590 < 300,000 | Not in Stage 2 (Price > SMA10W > SMA30W)
[CIPLA.NS] ❌ FAILED: RS 46 < 70.0 | Recovery 18.7% < 60.0% | Too close to 52WH: -17.29% | Not in Stage 2 (Price > SMA10W > SMA30W)
[SHRAJOI.BO] ❌ FAILED: RS 45 < 70.0 | Price $24.20 < $30.0 | Recovery 15.07% < 60.0% | AvgVol10 30 < 300,000
[TALBROSENG.BO] ❌ FAILED: RS 45 < 70.0 | Recovery 14.03% < 60.0% | Too close to 52WH: -16.56% | AvgVol10 1,280 < 300,000 | Not in Stage 2 (Price > SMA10W > SMA30W)
[XPROINDIA.NS] ❌ FAILED: RS 45 < 70.0 | Recovery 44.94% < 60.0% | AvgVol10 49,010 < 300,000 | Not in Stage 2 (Price > SMA10W > SMA30W)
[STARLOG.BO] ❌ FAILED: RS 45 < 70.0 | Recovery 24.51% < 60.0% | AvgVol10 1,160 < 300,000
[BVCL.NS] ❌ FAILED: RS 45 < 70.0 | Recovery 29.9% < 60.0% | Too close to 52WH: -26.17% | AvgVol10 13,780 < 300,000 | Not in Stage 2 (Price > SMA10W > SMA30W)
[SBIN.NS] ❌ FAILED: RS 45 < 70.0 | Recovery 12.38% < 60.0% | Too close to 52WH: -22.09% | Not in Stage 2 (Price > SMA10W > SMA30W)
[TIMKEN.NS] ❌ FAILED: RS 45 < 70.0 | Recovery 13.57% < 60.0% | Too close to 52WH: -18.97% | AvgVol10 47,960 < 300,000 | Not in Stage 2 (Price > SMA10W > SMA30W)
[JYOTIRES.NS] ❌ FAILED: RS 45 < 70.0 | Recovery 2.52% < 60.0% | Too close to 52WH: -7.59% | AvgVol10 5,380 < 300,000 | Not in Stage 2 (Price > SMA10W > SMA30W)
[KEMP.BO] ❌ FAILED: RS 45 < 70.0 | Recovery 26.48% < 60.0% | Too close to 52WH: -18.34% | AvgVol10 10 < 300,000
[FORBESCO.BO] ❌ FAILED: RS 45 < 70.0 | Recovery 30.64% < 60.0% | AvgVol10 14,970 < 300,000 | Not in Stage 2 (Price > SMA10W > SMA30W)
[FSL.NS] ❌ FAILED: RS 45 < 70.0 | Recovery 26.73% < 60.0% | Not in Stage 2 (Price > SMA10W > SMA30W)
[DSSL.NS] ❌ FAILED: RS 45 < 70.0 | Recovery 29.49% < 60.0% | AvgVol10 24,750 < 300,000 | Not in Stage 2 (Price > SMA10W > SMA30W)
[ZFCVINDIA.NS] ❌ FAILED: RS 45 < 70.0 | Recovery 13.78% < 60.0% | Too close to 52WH: -23.36% | AvgVol10 131,520 < 300,000 | Not in Stage 2 (Price > SMA10W > SMA30W)
[ARKADE.NS] ❌ FAILED: RS 45 < 70.0 | Recovery 33.04% < 60.0% | AvgVol10 201,050 < 300,000 | Not in Stage 2 (Price > SMA10W > SMA30W)
[SURYALAXMI.NS] ❌ FAILED: RS 45 < 70.0 | Recovery 31.4% < 60.0% | Too close to 52WH: -16.54% | AvgVol10 3,900 < 300,000 | Not in Stage 2 (Price > SMA10W > SMA30W)
[BALUFORGE.NS] ❌ FAILED: RS 45 < 70.0 | Recovery 45.17% < 60.0% | Too close to 52WH: -26.98% | Not in Stage 2 (Price > SMA10W > SMA30W)
[KPT.BO] ❌ FAILED: RS 45 < 70.0 | Recovery 44.0% < 60.0% | AvgVol10 2,060 < 300,000 | Not in Stage 2 (Price > SMA10W > SMA30W)
[YESBANK.NS] ❌ FAILED: RS 45 < 70.0 | Price $21.18 < $30.0 | Recovery 23.14% < 60.0% | Too close to 52WH: -17.84% | Not in Stage 2 (Price > SMA10W > SMA30W)
[OLAELEC.NS] ❌ FAILED: RS 45 < 70.0 | Not in Stage 2 (Price > SMA10W > SMA30W)
[BIZOTIC.BO] ❌ FAILED: RS 45 < 70.0 | Recovery 58.8% < 60.0% | AvgVol10 65,640 < 300,000 | Not in Stage 2 (Price > SMA10W > SMA30W)
[HONAUT.NS] ❌ FAILED: RS 45 < 70.0 | Recovery 29.12% < 60.0% | Too close to 52WH: -18.41% | AvgVol10 3,600 < 300,000 | Not in Stage 2 (Price > SMA10W > SMA30W)
[ZR2.BO] ❌ FAILED: RS 45 < 70.0 | Recovery 45.94% < 60.0% | AvgVol10 1,230 < 300,000 | Not in Stage 2 (Price > SMA10W > SMA30W)
[SURANASOL.NS] ❌ FAILED: RS 45 < 70.0 | Price $25.13 < $30.0 | Recovery 37.25% < 60.0% | AvgVol10 26,920 < 300,000 | Not in Stage 2 (Price > SMA10W > SMA30W)
[MADHUDIN.BO] ❌ FAILED: RS 45 < 70.0 | Recovery 46.43% < 60.0% | Too close to 52WH: -26.2% | AvgVol10 560 < 300,000
[HISARMETAL.NS] ❌ FAILED: RS 45 < 70.0 | Recovery 21.58% < 60.0% | Too close to 52WH: -21.02% | AvgVol10 860 < 300,000 | Not in Stage 2 (Price > SMA10W > SMA30W)
[SDBL.NS] ❌ FAILED: RS 45 < 70.0 | Recovery 30.45% < 60.0% | Not in Stage 2 (Price > SMA10W > SMA30W)
[VINYOFL.BO] ❌ FAILED: RS 45 < 70.0 | Recovery 38.78% < 60.0% | Too close to 52WH: -25.54% | AvgVol10 1,110 < 300,000 | Not in Stage 2 (Price > SMA10W > SMA30W)
[EPBIO.BO] ❌ FAILED: RS 45 < 70.0 | Recovery 30.04% < 60.0% | AvgVol10 720 < 300,000 | Not in Stage 2 (Price > SMA10W > SMA30W)
[PHOSPHATE.BO] ❌ FAILED: RS 45 < 70.0 | Recovery 10.68% < 60.0% | Too close to 52WH: -10.0% | AvgVol10 2,780 < 300,000 | Not in Stage 2 (Price > SMA10W > SMA30W)
[JAGAJITIND.BO] ❌ FAILED: RS 45 < 70.0 | Recovery 23.75% < 60.0% | AvgVol10 22,590 < 300,000 | Not in Stage 2 (Price > SMA10W > SMA30W)
[ISHITADR.BO] ❌ FAILED: RS 45 < 70.0 | Recovery 10.61% < 60.0% | Too close to 52WH: -19.65% | AvgVol10 640 < 300,000 | Not in Stage 2 (Price > SMA10W > SMA30W)
[DAICHI.NS] ❌ FAILED: RS 45 < 70.0 | Recovery 0.99% < 60.0% | Too close to 52WH: -16.84% | AvgVol10 990 < 300,000 | Not in Stage 2 (Price > SMA10W > SMA30W)
[ICICIBANK.NS] ❌ FAILED: RS 45 < 70.0 | Recovery 9.63% < 60.0% | Too close to 52WH: -12.03% | Not in Stage 2 (Price > SMA10W > SMA30W)
[SHREMETAL.BO] ❌ FAILED: RS 45 < 70.0 | Recovery 30.39% < 60.0% | AvgVol10 1,480 < 300,000 | Not in Stage 2 (Price > SMA10W > SMA30W)
[KHADIM.NS] ❌ FAILED: RS 45 < 70.0 | Recovery 52.32% < 60.0% | AvgVol10 37,580 < 300,000
[DRAGARWQ.NS] ❌ FAILED: RS 45 < 70.0 | Recovery 1.62% < 60.0% | Too close to 52WH: -5.7% | AvgVol10 2,580 < 300,000 | Not in Stage 2 (Price > SMA10W > SMA30W)
[HMAAGRO.NS] ❌ FAILED: RS 45 < 70.0 | Price $24.02 < $30.0 | Recovery 25.83% < 60.0% | Not in Stage 2 (Price > SMA10W > SMA30W)
[HALDER.NS] ❌ FAILED: RS 45 < 70.0 | Recovery 17.69% < 60.0% | Too close to 52WH: -22.52% | AvgVol10 21,980 < 300,000 | Not in Stage 2 (Price > SMA10W > SMA30W)
[DECOMIC.BO] ❌ FAILED: RS 45 < 70.0 | Recovery 27.66% < 60.0% | AvgVol10 110 < 300,000
[ISGEC.NS] ❌ FAILED: RS 45 < 70.0 | Recovery 29.61% < 60.0% | Too close to 52WH: -20.42% | AvgVol10 138,680 < 300,000 | Not in Stage 2 (Price > SMA10W > SMA30W)
[AFFLE.NS] ❌ FAILED: RS 44 < 70.0 | Recovery 23.74% < 60.0% | Too close to 52WH: -23.22% | AvgVol10 146,300 < 300,000 | Not in Stage 2 (Price > SMA10W > SMA30W)
[BENGALT.BO] ❌ FAILED: RS 44 < 70.0 | Recovery 6.99% < 60.0% | Too close to 52WH: -18.91% | AvgVol10 490 < 300,000 | Not in Stage 2 (Price > SMA10W > SMA30W)
[MRP.BO] ❌ FAILED: RS 44 < 70.0 | Recovery 14.8% < 60.0% | Too close to 52WH: -14.11% | AvgVol10 5,550 < 300,000 | Not in Stage 2 (Price > SMA10W > SMA30W)
[ROSELABS.BO] ❌ FAILED: RS 44 < 70.0 | Price $21.45 < $30.0 | Recovery 20.1% < 60.0% | AvgVol10 890 < 300,000 | Not in Stage 2 (Price > SMA10W > SMA30W)
[GMRP&UI.NS] ❌ FAILED: RS 44 < 70.0 | Recovery 17.4% < 60.0% | Too close to 52WH: -25.24% | Not in Stage 2 (Price > SMA10W > SMA30W)
[BI.NS] ❌ FAILED: RS 44 < 70.0 | Recovery 16.13% < 60.0% | Too close to 52WH: -12.65% | AvgVol10 36,440 < 300,000 | Not in Stage 2 (Price > SMA10W > SMA30W)
[SHRADDHA.NS] ❌ FAILED: RS 44 < 70.0 | Recovery 6.27% < 60.0% | Too close to 52WH: -15.7% | AvgVol10 5,280 < 300,000 | Not in Stage 2 (Price > SMA10W > SMA30W)
[BNRUDY.BO] ❌ FAILED: RS 44 < 70.0 | Recovery 34.93% < 60.0% | Too close to 52WH: -24.64% | AvgVol10 2,280 < 300,000
[AIAENG.NS] ❌ FAILED: RS 44 < 70.0 | Recovery 26.15% < 60.0% | Too close to 52WH: -25.84% | AvgVol10 79,540 < 300,000 | Not in Stage 2 (Price > SMA10W > SMA30W)
[TRIGYN.NS] ❌ FAILED: RS 44 < 70.0 | Recovery 41.46% < 60.0% | AvgVol10 50,230 < 300,000 | Not in Stage 2 (Price > SMA10W > SMA30W)
[GOKUL.NS] ❌ FAILED: RS 44 < 70.0 | Recovery 27.32% < 60.0% | Too close to 52WH: -15.66% | AvgVol10 161,890 < 300,000 | Not in Stage 2 (Price > SMA10W > SMA30W)
[LAKSELEC.BO] ❌ FAILED: RS 44 < 70.0 | Recovery 20.78% < 60.0% | Too close to 52WH: -17.68% | AvgVol10 940 < 300,000 | Not in Stage 2 (Price > SMA10W > SMA30W)
[HOMEFIRST.NS] ❌ FAILED: RS 44 < 70.0 | Recovery 22.41% < 60.0% | Too close to 52WH: -16.98% | Not in Stage 2 (Price > SMA10W > SMA30W)
[WONDERLA.NS] ❌ FAILED: RS 44 < 70.0 | Recovery 11.11% < 60.0% | Too close to 52WH: -18.01% | AvgVol10 56,190 < 300,000 | Not in Stage 2 (Price > SMA10W > SMA30W)
[MUNJALSHOW.NS] ❌ FAILED: RS 44 < 70.0 | Recovery 12.66% < 60.0% | Too close to 52WH: -15.53% | AvgVol10 42,590 < 300,000 | Not in Stage 2 (Price > SMA10W > SMA30W)
[PURVA.NS] ❌ FAILED: RS 44 < 70.0 | Recovery 30.68% < 60.0% | Too close to 52WH: -26.91% | Not in Stage 2 (Price > SMA10W > SMA30W)
[SONALAD.BO] ❌ FAILED: RS 44 < 70.0 | Recovery 43.19% < 60.0% | Too close to 52WH: -20.71% | AvgVol10 1,840 < 300,000
[PSCELESTIA.BO] ❌ FAILED: RS 44 < 70.0 | Recovery 1.01% < 60.0% | Too close to 52WH: -3.75% | AvgVol10 0 < 300,000 | Not in Stage 2 (Price > SMA10W > SMA30W)
[DHINDIA.BO] ❌ FAILED: RS 44 < 70.0 | AvgVol10 5,910 < 300,000 | Not in Stage 2 (Price > SMA10W > SMA30W)
[TSFINV.NS] ❌ FAILED: RS 44 < 70.0 | Recovery 31.05% < 60.0% | AvgVol10 91,060 < 300,000
[V2RETAIL.NS] ❌ FAILED: RS 44 < 70.0 | Recovery 22.78% < 60.0% | Too close to 52WH: -18.53% | Not in Stage 2 (Price > SMA10W > SMA30W)
[HMT.NS] ❌ FAILED: RS 44 < 70.0 | Recovery 44.0% < 60.0% | Too close to 52WH: -19.07% | AvgVol10 8,790 < 300,000 | Not in Stage 2 (Price > SMA10W > SMA30W)
[BRIGHTBR.NS] ❌ FAILED: RS 44 < 70.0 | Recovery 12.26% < 60.0% | Too close to 52WH: -8.11% | AvgVol10 1,620 < 300,000 | Not in Stage 2 (Price > SMA10W > SMA30W)
[LAGNAM.NS] ❌ FAILED: RS 44 < 70.0 | Recovery 24.61% < 60.0% | Too close to 52WH: -23.86% | AvgVol10 6,580 < 300,000 | Not in Stage 2 (Price > SMA10W > SMA30W)
[PACIFICI.NS] ❌ FAILED: RS 44 < 70.0 | Recovery 4.76% < 60.0% | Too close to 52WH: -15.54% | AvgVol10 1,200 < 300,000 | Not in Stage 2 (Price > SMA10W > SMA30W)
[CYBELEIND.BO] ❌ FAILED: RS 44 < 70.0 | AvgVol10 3,760 < 300,000 | Not in Stage 2 (Price > SMA10W > SMA30W)
[SHILCTECH.NS] ❌ FAILED: RS 44 < 70.0 | Recovery 42.38% < 60.0% | Too close to 52WH: -24.78% | AvgVol10 15,100 < 300,000 | Not in Stage 2 (Price > SMA10W > SMA30W)
[INDIGO.NS] ❌ FAILED: RS 44 < 70.0 | Recovery 25.14% < 60.0% | Too close to 52WH: -18.35% | Not in Stage 2 (Price > SMA10W > SMA30W)
[RACE.NS] ❌ FAILED: RS 44 < 70.0 | Recovery 44.69% < 60.0% | AvgVol10 182,550 < 300,000 | Not in Stage 2 (Price > SMA10W > SMA30W)
[SAPPL.NS] ❌ FAILED: RS 44 < 70.0 | Recovery 5.52% < 60.0% | Too close to 52WH: -9.4% | AvgVol10 840 < 300,000 | Not in Stage 2 (Price > SMA10W > SMA30W)
[ASTRAL.NS] ❌ FAILED: RS 44 < 70.0 | Recovery 4.49% < 60.0% | Too close to 52WH: -22.51% | Not in Stage 2 (Price > SMA10W > SMA30W)
[ZDHJERK.BO] ❌ FAILED: RS 44 < 70.0 | Price $26.00 < $30.0 | Recovery 33.13% < 60.0% | AvgVol10 420 < 300,000
[BARODARY.BO] ❌ FAILED: RS 44 < 70.0 | Recovery 19.93% < 60.0% | Too close to 52WH: -16.25% | AvgVol10 610 < 300,000 | Not in Stage 2 (Price > SMA10W > SMA30W)
[RAVALSUGAR.BO] ❌ FAILED: RS 44 < 70.0 | Recovery 11.93% < 60.0% | Too close to 52WH: -20.55% | AvgVol10 70 < 300,000 | Not in Stage 2 (Price > SMA10W > SMA30W)
[PHOENXINTL.NS] ❌ FAILED: RS 44 < 70.0 | Price $29.30 < $30.0 | Recovery 6.55% < 60.0% | Too close to 52WH: -17.79% | AvgVol10 2,400 < 300,000 | Not in Stage 2 (Price > SMA10W > SMA30W)
[NUVOCO.NS] ❌ FAILED: RS 44 < 70.0 | Recovery 17.95% < 60.0% | Too close to 52WH: -25.92% | AvgVol10 292,370 < 300,000 | Not in Stage 2 (Price > SMA10W > SMA30W)
[TATACAP.NS] ❌ FAILED: RS 44 < 70.0 | Recovery 10.84% < 60.0% | Too close to 52WH: -15.91% | Not in Stage 2 (Price > SMA10W > SMA30W)
[SHIVAAGRO.NS] ❌ FAILED: RS 44 < 70.0 | Recovery 8.31% < 60.0% | Too close to 52WH: -15.05% | AvgVol10 2,390 < 300,000 | Not in Stage 2 (Price > SMA10W > SMA30W)
[BLKASHYAP.NS] ❌ FAILED: RS 43 < 70.0 | Recovery 28.72% < 60.0% | Too close to 52WH: -18.64% | Not in Stage 2 (Price > SMA10W > SMA30W)
[LT.NS] ❌ FAILED: RS 43 < 70.0 | Recovery 14.55% < 60.0% | Too close to 52WH: -15.17% | Not in Stage 2 (Price > SMA10W > SMA30W)
[BALKRISIND.NS] ❌ FAILED: RS 43 < 70.0 | Recovery 9.33% < 60.0% | Too close to 52WH: -22.39% | AvgVol10 188,090 < 300,000 | Not in Stage 2 (Price > SMA10W > SMA30W)
[MIIL.NS] ❌ FAILED: RS 43 < 70.0 | Recovery 7.21% < 60.0% | Too close to 52WH: -7.57% | AvgVol10 92,770 < 300,000 | Not in Stage 2 (Price > SMA10W > SMA30W)
[GLOBALLOG.BO] ❌ FAILED: RS 43 < 70.0 | Recovery 25.0% < 60.0% | AvgVol10 14,400 < 300,000 | Not in Stage 2 (Price > SMA10W > SMA30W)
[SILINV.NS] ❌ FAILED: RS 43 < 70.0 | Recovery 17.03% < 60.0% | AvgVol10 1,370 < 300,000 | Not in Stage 2 (Price > SMA10W > SMA30W)
[SANJIVIN.BO] ❌ FAILED: RS 43 < 70.0 | Recovery 33.89% < 60.0% | AvgVol10 8,840 < 300,000 | Not in Stage 2 (Price > SMA10W > SMA30W)
[AUTOAXLES.NS] ❌ FAILED: RS 43 < 70.0 | Recovery 9.67% < 60.0% | Too close to 52WH: -20.13% | AvgVol10 6,200 < 300,000 | Not in Stage 2 (Price > SMA10W > SMA30W)
[SUMICHEM.NS] ❌ FAILED: RS 43 < 70.0 | Recovery 19.62% < 60.0% | Too close to 52WH: -24.18% | Not in Stage 2 (Price > SMA10W > SMA30W)
[VHLTD.NS] ❌ FAILED: RS 43 < 70.0 | Recovery 13.54% < 60.0% | Too close to 52WH: -17.43% | AvgVol10 45,410 < 300,000 | Not in Stage 2 (Price > SMA10W > SMA30W)
[AMCOIND.BO] ❌ FAILED: RS 43 < 70.0 | Recovery 15.36% < 60.0% | AvgVol10 650 < 300,000 | Not in Stage 2 (Price > SMA10W > SMA30W)
[MGIL.BO] ❌ FAILED: RS 43 < 70.0 | Recovery 55.6% < 60.0% | AvgVol10 11,250 < 300,000 | Not in Stage 2 (Price > SMA10W > SMA30W)
[AMBER.NS] ❌ FAILED: RS 43 < 70.0 | Recovery 29.43% < 60.0% | Too close to 52WH: -22.11% | AvgVol10 102,190 < 300,000 | Not in Stage 2 (Price > SMA10W > SMA30W)
[BEDMUTHA.NS] ❌ FAILED: RS 43 < 70.0 | Recovery 15.53% < 60.0% | Too close to 52WH: -24.15% | AvgVol10 6,500 < 300,000 | Not in Stage 2 (Price > SMA10W > SMA30W)
[KRT.BO] ❌ FAILED: RS 43 < 70.0 | Recovery 4.48% < 60.0% | Too close to 52WH: -12.86% | AvgVol10 252,610 < 300,000 | Not in Stage 2 (Price > SMA10W > SMA30W)
[WHBRADY.NS] ❌ FAILED: RS 43 < 70.0 | Recovery 18.31% < 60.0% | Too close to 52WH: -16.77% | AvgVol10 150 < 300,000 | Not in Stage 2 (Price > SMA10W > SMA30W)
[ELECON.NS] ❌ FAILED: RS 43 < 70.0 | Recovery 36.58% < 60.0% | Too close to 52WH: -23.2% | Not in Stage 2 (Price > SMA10W > SMA30W)
[SANGAMFIN.BO] ❌ FAILED: RS 43 < 70.0 | Recovery 34.48% < 60.0% | AvgVol10 2,200 < 300,000 | Not in Stage 2 (Price > SMA10W > SMA30W)
[CREST.NS] ❌ FAILED: RS 43 < 70.0 | Recovery 20.71% < 60.0% | Too close to 52WH: -13.9% | AvgVol10 4,280 < 300,000 | Not in Stage 2 (Price > SMA10W > SMA30W)
[APOLSINHOT.NS] ❌ FAILED: RS 43 < 70.0 | Recovery 23.46% < 60.0% | Too close to 52WH: -18.55% | AvgVol10 680 < 300,000 | Not in Stage 2 (Price > SMA10W > SMA30W)
[DTIL.NS] ❌ FAILED: RS 43 < 70.0 | Recovery 37.21% < 60.0% | AvgVol10 4,010 < 300,000 | Not in Stage 2 (Price > SMA10W > SMA30W)
[TATACOMM.NS] ❌ FAILED: RS 43 < 70.0 | Recovery 25.16% < 60.0% | Too close to 52WH: -21.55% | AvgVol10 252,280 < 300,000 | Not in Stage 2 (Price > SMA10W > SMA30W)
[RSYSTEMS.NS] ❌ FAILED: RS 43 < 70.0 | Recovery 28.89% < 60.0% | AvgVol10 146,870 < 300,000 | Not in Stage 2 (Price > SMA10W > SMA30W)
[FUSION.NS] ❌ FAILED: RS 43 < 70.0 | Recovery 25.96% < 60.0% | Not in Stage 2 (Price > SMA10W > SMA30W)
[ARSSBL.NS] ❌ FAILED: RS 43 < 70.0 | Recovery 20.34% < 60.0% | AvgVol10 161,810 < 300,000 | Not in Stage 2 (Price > SMA10W > SMA30W)
[SINCLAIR.NS] ❌ FAILED: RS 43 < 70.0 | Recovery 14.02% < 60.0% | Too close to 52WH: -22.41% | AvgVol10 29,140 < 300,000
[RHIM.NS] ❌ FAILED: RS 43 < 70.0 | Recovery 19.67% < 60.0% | Too close to 52WH: -23.94% | Not in Stage 2 (Price > SMA10W > SMA30W)
[SOUTHMG.BO] ❌ FAILED: RS 43 < 70.0 | Recovery 31.22% < 60.0% | AvgVol10 920 < 300,000 | Not in Stage 2 (Price > SMA10W > SMA30W)
[OCTAVIUSPL.BO] ❌ FAILED: RS 43 < 70.0 | Recovery 19.67% < 60.0% | Too close to 52WH: -24.15% | AvgVol10 150 < 300,000 | Not in Stage 2 (Price > SMA10W > SMA30W)
[VRL.BO] ❌ FAILED: RS 43 < 70.0 | Recovery 50.45% < 60.0% | AvgVol10 1,020 < 300,000 | Not in Stage 2 (Price > SMA10W > SMA30W)
[TRANSWORLD.NS] ❌ FAILED: RS 43 < 70.0 | Recovery 45.91% < 60.0% | AvgVol10 4,980 < 300,000 | Not in Stage 2 (Price > SMA10W > SMA30W)
[BIOCON.NS] ❌ FAILED: RS 43 < 70.0 | Recovery 11.23% < 60.0% | Too close to 52WH: -16.16% | Not in Stage 2 (Price > SMA10W > SMA30W)
[ACGL.NS] ❌ FAILED: RS 43 < 70.0 | Recovery 0.77% < 60.0% | Too close to 52WH: -13.56% | AvgVol10 880 < 300,000 | Not in Stage 2 (Price > SMA10W > SMA30W)
[DSINVEST.BO] ❌ FAILED: RS 43 < 70.0 | Recovery 23.22% < 60.0% | Too close to 52WH: -20.04% | AvgVol10 10 < 300,000 | Not in Stage 2 (Price > SMA10W > SMA30W)
[ASSAMENT.NS] ❌ FAILED: RS 43 < 70.0 | Recovery 10.64% < 60.0% | Too close to 52WH: -9.06% | AvgVol10 0 < 300,000 | Not in Stage 2 (Price > SMA10W > SMA30W)
[MADHAV.NS] ❌ FAILED: RS 43 < 70.0 | Recovery 23.52% < 60.0% | Too close to 52WH: -23.45% | AvgVol10 3,770 < 300,000 | Not in Stage 2 (Price > SMA10W > SMA30W)
[POWERMECH.NS] ❌ FAILED: RS 42 < 70.0 | Recovery 37.64% < 60.0% | Too close to 52WH: -21.39% | AvgVol10 33,830 < 300,000 | Not in Stage 2 (Price > SMA10W > SMA30W)
[HORIZON.BO] ❌ FAILED: RS 42 < 70.0 | Recovery 34.08% < 60.0% | Too close to 52WH: -16.1% | AvgVol10 151,320 < 300,000 | Not in Stage 2 (Price > SMA10W > SMA30W)
[SONATSOFTW.NS] ❌ FAILED: RS 42 < 70.0 | Recovery 32.3% < 60.0% | Not in Stage 2 (Price > SMA10W > SMA30W)
[KNACK.NS] ❌ FAILED: RS 42 < 70.0 | Recovery 3.24% < 60.0% | Too close to 52WH: -20.43% | Not in Stage 2 (Price > SMA10W > SMA30W)
[PERFEPA.BO] ❌ FAILED: RS 42 < 70.0 | Recovery 18.31% < 60.0% | Too close to 52WH: -26.55% | AvgVol10 1,730 < 300,000 | Not in Stage 2 (Price > SMA10W > SMA30W)
[FREDUN.NS] ❌ FAILED: RS 42 < 70.0 | Recovery 16.05% < 60.0% | Too close to 52WH: -9.7% | AvgVol10 97,400 < 300,000 | Not in Stage 2 (Price > SMA10W > SMA30W)
[SARDAEN.NS] ❌ FAILED: RS 42 < 70.0 | Recovery 10.64% < 60.0% | Too close to 52WH: -19.66% | Not in Stage 2 (Price > SMA10W > SMA30W)
[SUKHJITS.NS] ❌ FAILED: RS 42 < 70.0 | Recovery 14.42% < 60.0% | AvgVol10 20,890 < 300,000 | Not in Stage 2 (Price > SMA10W > SMA30W)
[PUNJABCHEM.NS] ❌ FAILED: RS 42 < 70.0 | Recovery 20.31% < 60.0% | AvgVol10 5,390 < 300,000 | Not in Stage 2 (Price > SMA10W > SMA30W)
[MALPANI.BO] ❌ FAILED: RS 42 < 70.0 | Recovery 40.12% < 60.0% | Too close to 52WH: -21.54% | AvgVol10 5,440 < 300,000 | Not in Stage 2 (Price > SMA10W > SMA30W)
[LOYALTEX.NS] ❌ FAILED: RS 42 < 70.0 | Recovery 24.52% < 60.0% | AvgVol10 6,710 < 300,000 | Not in Stage 2 (Price > SMA10W > SMA30W)
[MKVENTURES.BO] ❌ FAILED: RS 42 < 70.0 | Recovery 40.92% < 60.0% | AvgVol10 17,060 < 300,000 | Not in Stage 2 (Price > SMA10W > SMA30W)
[AFFORDABLE.NS] ❌ FAILED: RS 42 < 70.0 | Recovery 42.63% < 60.0% | AvgVol10 25,070 < 300,000 | Not in Stage 2 (Price > SMA10W > SMA30W)
[COHANCE.NS] ❌ FAILED: RS 42 < 70.0
[KANDAGIRI.BO] ❌ FAILED: RS 42 < 70.0 | Recovery 10.92% < 60.0% | Too close to 52WH: -19.47% | AvgVol10 440 < 300,000 | Not in Stage 2 (Price > SMA10W > SMA30W)
[PPL.NS] ❌ FAILED: RS 42 < 70.0 | Recovery 53.7% < 60.0% | Too close to 52WH: -24.99% | AvgVol10 21,860 < 300,000 | Not in Stage 2 (Price > SMA10W > SMA30W)
[HPAL.NS] ❌ FAILED: RS 42 < 70.0 | Recovery 31.11% < 60.0% | AvgVol10 42,940 < 300,000 | Not in Stage 2 (Price > SMA10W > SMA30W)
[IPRINGLTD.NS] ❌ FAILED: RS 42 < 70.0 | Recovery 3.16% < 60.0% | AvgVol10 2,580 < 300,000 | Not in Stage 2 (Price > SMA10W > SMA30W)
[SOLIDSTON.BO] ❌ FAILED: RS 42 < 70.0 | Price $26.48 < $30.0 | Recovery 22.25% < 60.0% | AvgVol10 1,780 < 300,000 | Not in Stage 2 (Price > SMA10W > SMA30W)
[CHRTEDCA.BO] ❌ FAILED: RS 42 < 70.0 | Recovery 13.38% < 60.0% | AvgVol10 80 < 300,000 | Not in Stage 2 (Price > SMA10W > SMA30W)
[JUNIPER.NS] ❌ FAILED: RS 42 < 70.0 | Recovery 13.93% < 60.0% | Too close to 52WH: -26.35% | AvgVol10 164,880 < 300,000
[BASML.NS] ❌ FAILED: RS 42 < 70.0 | Price $23.95 < $30.0 | Recovery 40.47% < 60.0% | Too close to 52WH: -24.92% | AvgVol10 42,110 < 300,000 | Not in Stage 2 (Price > SMA10W > SMA30W)
[VOITHPAPR.NS] ❌ FAILED: RS 42 < 70.0 | Recovery 2.5% < 60.0% | Too close to 52WH: -15.37% | AvgVol10 560 < 300,000 | Not in Stage 2 (Price > SMA10W > SMA30W)
[MALUPAPER.NS] ❌ FAILED: RS 42 < 70.0 | Recovery 18.15% < 60.0% | AvgVol10 13,060 < 300,000 | Not in Stage 2 (Price > SMA10W > SMA30W)
[NORBTEAEXP.NS] ❌ FAILED: RS 42 < 70.0 | Recovery 40.25% < 60.0% | AvgVol10 1,670 < 300,000 | Not in Stage 2 (Price > SMA10W > SMA30W)
[HCC.NS] ❌ FAILED: RS 42 < 70.0 | Price $20.55 < $30.0 | Recovery 50.55% < 60.0% | Not in Stage 2 (Price > SMA10W > SMA30W)
[ALLDIGI.NS] ❌ FAILED: RS 42 < 70.0 | Recovery 10.84% < 60.0% | Too close to 52WH: -22.41% | AvgVol10 5,000 < 300,000 | Not in Stage 2 (Price > SMA10W > SMA30W)
[KEYCORP.BO] ❌ FAILED: RS 42 < 70.0 | Recovery 24.32% < 60.0% | AvgVol10 870 < 300,000 | Not in Stage 2 (Price > SMA10W > SMA30W)
[VLSFINANCE.NS] ❌ FAILED: RS 42 < 70.0 | Recovery 19.41% < 60.0% | AvgVol10 7,610 < 300,000 | Not in Stage 2 (Price > SMA10W > SMA30W)
[ENKEIWHEL.NS] ❌ FAILED: RS 42 < 70.0 | Recovery 5.6% < 60.0% | Too close to 52WH: -7.56% | AvgVol10 1,340 < 300,000 | Not in Stage 2 (Price > SMA10W > SMA30W)
[ALPHAIND.BO] ❌ FAILED: RS 42 < 70.0 | Recovery 52.63% < 60.0% | Too close to 52WH: -25.64% | AvgVol10 1,560 < 300,000 | Not in Stage 2 (Price > SMA10W > SMA30W)
[BALAJITELE.NS] ❌ FAILED: RS 42 < 70.0 | Recovery 35.03% < 60.0% | Not in Stage 2 (Price > SMA10W > SMA30W)
[ANURAS.NS] ❌ FAILED: RS 42 < 70.0 | Recovery 13.58% < 60.0% | Too close to 52WH: -16.11% | Not in Stage 2 (Price > SMA10W > SMA30W)
[PAGEIND.NS] ❌ FAILED: RS 42 < 70.0 | Recovery 25.82% < 60.0% | Too close to 52WH: -14.49% | AvgVol10 21,750 < 300,000 | Not in Stage 2 (Price > SMA10W > SMA30W)
[AXISBANK.NS] ❌ FAILED: RS 42 < 70.0 | Recovery 7.51% < 60.0% | Too close to 52WH: -14.69% | Not in Stage 2 (Price > SMA10W > SMA30W)
[NEELKANTH.BO] ❌ FAILED: RS 42 < 70.0 | Recovery 43.23% < 60.0% | AvgVol10 210 < 300,000 | Not in Stage 2 (Price > SMA10W > SMA30W)
[SUNTV.NS] ❌ FAILED: RS 41 < 70.0 | Recovery 16.26% < 60.0% | Too close to 52WH: -21.31% | Not in Stage 2 (Price > SMA10W > SMA30W)
[NMDC.NS] ❌ FAILED: RS 41 < 70.0 | Recovery 7.18% < 60.0% | Too close to 52WH: -20.58% | Not in Stage 2 (Price > SMA10W > SMA30W)
[CHOWGULSTM.BO] ❌ FAILED: RS 41 < 70.0 | Price $20.49 < $30.0 | Recovery 20.53% < 60.0% | AvgVol10 3,920 < 300,000 | Not in Stage 2 (Price > SMA10W > SMA30W)
[INDSILHYD.BO] ❌ FAILED: RS 41 < 70.0 | Recovery 30.92% < 60.0% | AvgVol10 5,120 < 300,000 | Not in Stage 2 (Price > SMA10W > SMA30W)
[ZOTA.NS] ❌ FAILED: RS 41 < 70.0 | Recovery 29.37% < 60.0% | Too close to 52WH: -24.01% | AvgVol10 214,450 < 300,000 | Not in Stage 2 (Price > SMA10W > SMA30W)
[ULTRACEMCO.NS] ❌ FAILED: RS 41 < 70.0 | Recovery 6.78% < 60.0% | Too close to 52WH: -15.9% | AvgVol10 266,500 < 300,000 | Not in Stage 2 (Price > SMA10W > SMA30W)
[NIVABUPA.NS] ❌ FAILED: RS 41 < 70.0 | Recovery 12.19% < 60.0% | Too close to 52WH: -17.14% | Not in Stage 2 (Price > SMA10W > SMA30W)
[GYFTR.NS] ❌ FAILED: RS 41 < 70.0 | Recovery 16.15% < 60.0% | Too close to 52WH: -16.32% | AvgVol10 57,470 < 300,000 | Not in Stage 2 (Price > SMA10W > SMA30W)
[PICCASUG.BO] ❌ FAILED: RS 41 < 70.0 | Too close to 52WH: -1.11% | AvgVol10 3,360 < 300,000 | Not in Stage 2 (Price > SMA10W > SMA30W)
[TPLPLASTEH.NS] ❌ FAILED: RS 41 < 70.0 | Recovery 29.77% < 60.0% | AvgVol10 120,920 < 300,000 | Not in Stage 2 (Price > SMA10W > SMA30W)
[ZENOTECH.BO] ❌ FAILED: RS 41 < 70.0 | Recovery 25.42% < 60.0% | Too close to 52WH: -22.28% | AvgVol10 6,440 < 300,000 | Not in Stage 2 (Price > SMA10W > SMA30W)
[RELTD.NS] ❌ FAILED: RS 41 < 70.0 | Recovery 29.22% < 60.0% | Too close to 52WH: -24.63% | AvgVol10 139,790 < 300,000 | Not in Stage 2 (Price > SMA10W > SMA30W)
[BPCL.NS] ❌ FAILED: RS 41 < 70.0 | Recovery 13.37% < 60.0% | Too close to 52WH: -22.83% | Not in Stage 2 (Price > SMA10W > SMA30W)
[CONSTRONIC.BO] ❌ FAILED: RS 41 < 70.0 | Recovery 21.33% < 60.0% | AvgVol10 3,230 < 300,000 | Not in Stage 2 (Price > SMA10W > SMA30W)
[DHPIND.BO] ❌ FAILED: RS 41 < 70.0 | Recovery 15.99% < 60.0% | Too close to 52WH: -23.27% | AvgVol10 1,200 < 300,000 | Not in Stage 2 (Price > SMA10W > SMA30W)
[MEGRISOFT.BO] ❌ FAILED: RS 41 < 70.0 | Recovery 38.09% < 60.0% | AvgVol10 100 < 300,000 | Not in Stage 2 (Price > SMA10W > SMA30W)
[SHBAJRG.NS] ❌ FAILED: RS 41 < 70.0 | Recovery 14.69% < 60.0% | Too close to 52WH: -7.76% | AvgVol10 2,400 < 300,000 | Not in Stage 2 (Price > SMA10W > SMA30W)
[AEGEUS.BO] ❌ FAILED: RS 41 < 70.0 | Recovery 12.79% < 60.0% | AvgVol10 45,840 < 300,000 | Not in Stage 2 (Price > SMA10W > SMA30W)
[RUDRA.NS] ❌ FAILED: RS 41 < 70.0 | Price $18.55 < $30.0 | Recovery 26.79% < 60.0% | AvgVol10 49,610 < 300,000 | Not in Stage 2 (Price > SMA10W > SMA30W)
[CHROME.BO] ❌ FAILED: RS 41 < 70.0 | Recovery 11.61% < 60.0% | AvgVol10 3,150 < 300,000 | Not in Stage 2 (Price > SMA10W > SMA30W)
[KRATIKAL.BO] ❌ FAILED: RS 41 < 70.0 | Recovery 14.08% < 60.0% | Too close to 52WH: -12.26% | AvgVol10 22,600 < 300,000 | Not in Stage 2 (Price > SMA10W > SMA30W)
[PFL.BO] ❌ FAILED: RS 41 < 70.0 | Price $27.90 < $30.0 | Recovery 21.57% < 60.0% | Too close to 52WH: -22.5% | AvgVol10 3,600 < 300,000 | Not in Stage 2 (Price > SMA10W > SMA30W)
[VHL.NS] ❌ FAILED: RS 41 < 70.0 | Recovery 16.0% < 60.0% | Too close to 52WH: -22.12% | AvgVol10 410 < 300,000 | Not in Stage 2 (Price > SMA10W > SMA30W)
[HEXATRADEX.NS] ❌ FAILED: RS 41 < 70.0 | Recovery 5.26% < 60.0% | Too close to 52WH: -15.02% | AvgVol10 1,500 < 300,000 | Not in Stage 2 (Price > SMA10W > SMA30W)
[PIONRINV.NS] ❌ FAILED: RS 41 < 70.0 | Recovery 6.21% < 60.0% | Too close to 52WH: -13.47% | AvgVol10 480 < 300,000 | Not in Stage 2 (Price > SMA10W > SMA30W)
[CMMHOSP.BO] ❌ FAILED: RS 41 < 70.0 | Recovery 23.93% < 60.0% | AvgVol10 710 < 300,000 | Not in Stage 2 (Price > SMA10W > SMA30W)
[RPPL.NS] ❌ FAILED: RS 41 < 70.0 | Price $18.83 < $30.0 | Recovery 32.14% < 60.0% | AvgVol10 51,170 < 300,000 | Not in Stage 2 (Price > SMA10W > SMA30W)
[BONLON.NS] ❌ FAILED: RS 41 < 70.0 | Recovery 16.37% < 60.0% | AvgVol10 17,550 < 300,000 | Not in Stage 2 (Price > SMA10W > SMA30W)
[MASKINVEST.NS] ❌ FAILED: RS 41 < 70.0 | Recovery 23.29% < 60.0% | AvgVol10 220 < 300,000 | Not in Stage 2 (Price > SMA10W > SMA30W)
[SRINACHA.BO] ❌ FAILED: RS 41 < 70.0 | Price $28.25 < $30.0 | Recovery 17.71% < 60.0% | AvgVol10 490 < 300,000 | Not in Stage 2 (Price > SMA10W > SMA30W)
[MAHSCOOTER.NS] ❌ FAILED: RS 41 < 70.0 | Recovery 17.46% < 60.0% | AvgVol10 3,750 < 300,000 | Not in Stage 2 (Price > SMA10W > SMA30W)
[TATAPOWER.NS] ❌ FAILED: RS 41 < 70.0 | Recovery 5.66% < 60.0% | Too close to 52WH: -22.16% | Not in Stage 2 (Price > SMA10W > SMA30W)
[INFOBEAN.NS] ❌ FAILED: RS 41 < 70.0 | Recovery 23.97% < 60.0% | AvgVol10 158,840 < 300,000 | Not in Stage 2 (Price > SMA10W > SMA30W)
[GMPL.BO] ❌ FAILED: RS 41 < 70.0 | Recovery 24.86% < 60.0% | AvgVol10 7,310 < 300,000 | Not in Stage 2 (Price > SMA10W > SMA30W)
[BCLIND.NS] ❌ FAILED: RS 41 < 70.0 | Recovery 27.38% < 60.0% | Too close to 52WH: -22.72% | Not in Stage 2 (Price > SMA10W > SMA30W)
[GOLDTECH.NS] ❌ FAILED: RS 41 < 70.0 | Recovery 56.74% < 60.0% | AvgVol10 26,960 < 300,000 | Not in Stage 2 (Price > SMA10W > SMA30W)
[NAPL.BO] ❌ FAILED: RS 41 < 70.0 | Recovery 58.1% < 60.0% | AvgVol10 52,990 < 300,000 | Not in Stage 2 (Price > SMA10W > SMA30W)
[ROML.NS] ❌ FAILED: RS 41 < 70.0 | Recovery 22.22% < 60.0% | AvgVol10 1,900 < 300,000 | Not in Stage 2 (Price > SMA10W > SMA30W)
[ROSSELLIND.NS] ❌ FAILED: RS 40 < 70.0 | Recovery 27.95% < 60.0% | AvgVol10 46,850 < 300,000 | Not in Stage 2 (Price > SMA10W > SMA30W)
[ATULAUTO.NS] ❌ FAILED: RS 40 < 70.0 | Recovery 15.92% < 60.0% | Too close to 52WH: -26.15% | AvgVol10 67,120 < 300,000 | Not in Stage 2 (Price > SMA10W > SMA30W)
[CLEAN.NS] ❌ FAILED: RS 40 < 70.0 | Recovery 19.89% < 60.0% | Not in Stage 2 (Price > SMA10W > SMA30W)
[SANCTRN.BO] ❌ FAILED: RS 40 < 70.0 | Recovery 11.36% < 60.0% | Too close to 52WH: -12.68% | AvgVol10 70 < 300,000 | Not in Stage 2 (Price > SMA10W > SMA30W)
[LICI.NS] ❌ FAILED: RS 40 < 70.0 | Recovery 11.06% < 60.0% | Too close to 52WH: -14.48% | Not in Stage 2 (Price > SMA10W > SMA30W)
[SUNRAKSHAK.NS] ❌ FAILED: RS 40 < 70.0 | Recovery 2.73% < 60.0% | Too close to 52WH: -5.95% | AvgVol10 7,170 < 300,000 | Not in Stage 2 (Price > SMA10W > SMA30W)
[MPHASIS.NS] ❌ FAILED: RS 40 < 70.0 | Recovery 11.15% < 60.0% | Too close to 52WH: -24.79% | Not in Stage 2 (Price > SMA10W > SMA30W)
[ONESOURCE.NS] ❌ FAILED: RS 40 < 70.0 | Recovery 48.14% < 60.0% | Too close to 52WH: -18.66% | AvgVol10 254,560 < 300,000 | Not in Stage 2 (Price > SMA10W > SMA30W)
[TRITONV.NS] ❌ FAILED: RS 40 < 70.0 | Recovery 7.19% < 60.0% | Too close to 52WH: -10.33% | AvgVol10 2,670 < 300,000 | Not in Stage 2 (Price > SMA10W > SMA30W)
[WINSOMTX.BO] ❌ FAILED: RS 40 < 70.0 | Recovery 36.75% < 60.0% | Too close to 52WH: -24.73% | AvgVol10 28,880 < 300,000 | Not in Stage 2 (Price > SMA10W > SMA30W)
[SHANKESH.NS] ❌ FAILED: RS 40 < 70.0 | Recovery 3.63% < 60.0% | Too close to 52WH: -21.98% | Not in Stage 2 (Price > SMA10W > SMA30W)
[SHETR.BO] ❌ FAILED: RS 40 < 70.0 | Recovery 21.96% < 60.0% | AvgVol10 2,730 < 300,000
[CDSL.NS] ❌ FAILED: RS 40 < 70.0 | Recovery 15.47% < 60.0% | Too close to 52WH: -22.99% | Not in Stage 2 (Price > SMA10W > SMA30W)
[BANKINDIA.NS] ❌ FAILED: RS 40 < 70.0 | Recovery 11.81% < 60.0% | Not in Stage 2 (Price > SMA10W > SMA30W)
[KATRSPG.BO] ❌ FAILED: RS 40 < 70.0 | Recovery 26.25% < 60.0% | AvgVol10 70 < 300,000 | Not in Stage 2 (Price > SMA10W > SMA30W)
[HBESD.NS] ❌ FAILED: RS 40 < 70.0 | Recovery 18.16% < 60.0% | Too close to 52WH: -12.79% | AvgVol10 450 < 300,000 | Not in Stage 2 (Price > SMA10W > SMA30W)
[LTM.NS] ❌ FAILED: RS 40 < 70.0 | Recovery 15.97% < 60.0% | Not in Stage 2 (Price > SMA10W > SMA30W)
[BANARISUG.NS] ❌ FAILED: RS 40 < 70.0 | Recovery 8.97% < 60.0% | Too close to 52WH: -22.0% | AvgVol10 1,330 < 300,000 | Not in Stage 2 (Price > SMA10W > SMA30W)
[VGUARD.NS] ❌ FAILED: RS 40 < 70.0 | Recovery 6.39% < 60.0% | Too close to 52WH: -19.99% | Not in Stage 2 (Price > SMA10W > SMA30W)
[ONIXSOLAR.NS] ❌ FAILED: RS 40 < 70.0 | Recovery 29.47% < 60.0% | Too close to 52WH: -26.8% | AvgVol10 267,500 < 300,000 | Not in Stage 2 (Price > SMA10W > SMA30W)
[INDAG.BO] ❌ FAILED: RS 40 < 70.0 | Recovery 31.53% < 60.0% | AvgVol10 8,930 < 300,000 | Not in Stage 2 (Price > SMA10W > SMA30W)
[KAYNES.NS] ❌ FAILED: RS 40 < 70.0 | Recovery 22.14% < 60.0% | Not in Stage 2 (Price > SMA10W > SMA30W)
[DEVX.NS] ❌ FAILED: RS 40 < 70.0 | Recovery 20.63% < 60.0% | AvgVol10 142,630 < 300,000 | Not in Stage 2 (Price > SMA10W > SMA30W)
[MODIRUBBER.NS] ❌ FAILED: RS 40 < 70.0 | Recovery 22.95% < 60.0% | AvgVol10 1,320 < 300,000 | Not in Stage 2 (Price > SMA10W > SMA30W)
[TRADEUNO.BO] ❌ FAILED: RS 40 < 70.0 | Recovery 16.38% < 60.0% | AvgVol10 7,440 < 300,000 | Not in Stage 2 (Price > SMA10W > SMA30W)
[NKIND.NS] ❌ FAILED: RS 40 < 70.0 | Recovery 22.98% < 60.0% | Too close to 52WH: -22.2% | AvgVol10 470 < 300,000 | Not in Stage 2 (Price > SMA10W > SMA30W)
[NTPCGREEN.NS] ❌ FAILED: RS 40 < 70.0 | Recovery 9.77% < 60.0% | Too close to 52WH: -23.13% | Not in Stage 2 (Price > SMA10W > SMA30W)
[BGRENERGY.NS] ❌ FAILED: RS 40 < 70.0 | Recovery 23.06% < 60.0% | AvgVol10 60,260 < 300,000 | Not in Stage 2 (Price > SMA10W > SMA30W)
[PVSL.NS] ❌ FAILED: RS 40 < 70.0 | Recovery 18.51% < 60.0% | AvgVol10 23,080 < 300,000 | Not in Stage 2 (Price > SMA10W > SMA30W)
[LAHOTIOV.NS] ❌ FAILED: RS 40 < 70.0 | Recovery 8.65% < 60.0% | Too close to 52WH: -14.38% | AvgVol10 5,720 < 300,000 | Not in Stage 2 (Price > SMA10W > SMA30W)
[BENGALASM.NS] ❌ FAILED: RS 40 < 70.0 | Recovery 0.65% < 60.0% | Too close to 52WH: -11.37% | AvgVol10 190 < 300,000 | Not in Stage 2 (Price > SMA10W > SMA30W)
[ATLASCYCLE.NS] ❌ FAILED: RS 40 < 70.0 | Recovery 20.07% < 60.0% | Too close to 52WH: -26.79% | AvgVol10 41,480 < 300,000 | Not in Stage 2 (Price > SMA10W > SMA30W)
[ZENITHEXPO.NS] ❌ FAILED: RS 40 < 70.0 | Recovery 16.67% < 60.0% | Too close to 52WH: -22.52% | AvgVol10 120 < 300,000 | Not in Stage 2 (Price > SMA10W > SMA30W)
[SIHORA.BO] ❌ FAILED: RS 40 < 70.0 | Recovery 14.0% < 60.0% | Too close to 52WH: -18.57% | AvgVol10 7,000 < 300,000 | Not in Stage 2 (Price > SMA10W > SMA30W)
[AKASH.NS] ❌ FAILED: RS 40 < 70.0 | Price $25.02 < $30.0 | Recovery 9.74% < 60.0% | AvgVol10 3,470 < 300,000 | Not in Stage 2 (Price > SMA10W > SMA30W)
[DRREDDY.NS] ❌ FAILED: RS 40 < 70.0 | Recovery 10.9% < 60.0% | Too close to 52WH: -13.7% | Not in Stage 2 (Price > SMA10W > SMA30W)
[MERCANTILE.NS] ❌ FAILED: RS 40 < 70.0 | Price $23.16 < $30.0 | Recovery 10.29% < 60.0% | Too close to 52WH: -21.14% | AvgVol10 3,240 < 300,000 | Not in Stage 2 (Price > SMA10W > SMA30W)
[BLUECLOUDS.NS] ❌ FAILED: RS 40 < 70.0 | Price $21.71 < $30.0 | Recovery 15.17% < 60.0% | Too close to 52WH: -9.5% | Not in Stage 2 (Price > SMA10W > SMA30W)
[PINELABS.NS] ❌ FAILED: RS 39 < 70.0 | Recovery 28.42% < 60.0%
[JDCABLES.BO] ❌ FAILED: RS 39 < 70.0 | Recovery 41.12% < 60.0% | AvgVol10 51,760 < 300,000 | Not in Stage 2 (Price > SMA10W > SMA30W)
[SSFLPP.BO] ❌ FAILED: RS 39 < 70.0 | AvgVol10 980 < 300,000 | Not in Stage 2 (Price > SMA10W > SMA30W)
[ASIANPAINT.NS] ❌ FAILED: RS 39 < 70.0 | Recovery 14.42% < 60.0% | Too close to 52WH: -18.95% | Not in Stage 2 (Price > SMA10W > SMA30W)
[JSWENERGY.NS] ❌ FAILED: RS 39 < 70.0 | Recovery 15.72% < 60.0% | Too close to 52WH: -19.82% | Not in Stage 2 (Price > SMA10W > SMA30W)
[PSPPROJECT.NS] ❌ FAILED: RS 39 < 70.0 | Recovery 36.88% < 60.0% | AvgVol10 65,040 < 300,000 | Not in Stage 2 (Price > SMA10W > SMA30W)
[TATAINVEST.NS] ❌ FAILED: RS 39 < 70.0 | Recovery 19.6% < 60.0% | Not in Stage 2 (Price > SMA10W > SMA30W)
[IBINFO.BO] ❌ FAILED: RS 39 < 70.0 | AvgVol10 3,290 < 300,000 | Not in Stage 2 (Price > SMA10W > SMA30W)
[BAJAJFINSV.NS] ❌ FAILED: RS 39 < 70.0 | Recovery 9.71% < 60.0% | Too close to 52WH: -20.18% | Not in Stage 2 (Price > SMA10W > SMA30W)
[AJANTSOY.BO] ❌ FAILED: RS 39 < 70.0 | Price $22.98 < $30.0 | Recovery 43.62% < 60.0% | AvgVol10 28,540 < 300,000
[NCLIND.NS] ❌ FAILED: RS 39 < 70.0 | Recovery 19.19% < 60.0% | Too close to 52WH: -18.15% | AvgVol10 34,240 < 300,000 | Not in Stage 2 (Price > SMA10W > SMA30W)
[ARYACAPM.BO] ❌ FAILED: RS 39 < 70.0 | Recovery 10.38% < 60.0% | AvgVol10 140 < 300,000 | Not in Stage 2 (Price > SMA10W > SMA30W)
[GOLDENCREST.BO] ❌ FAILED: RS 39 < 70.0 | Recovery 44.48% < 60.0% | Too close to 52WH: -14.07% | AvgVol10 0 < 300,000 | Not in Stage 2 (Price > SMA10W > SMA30W)
[REFEX.NS] ❌ FAILED: RS 39 < 70.0 | Recovery 46.7% < 60.0% | Not in Stage 2 (Price > SMA10W > SMA30W)
[KCP.NS] ❌ FAILED: RS 39 < 70.0 | Recovery 25.82% < 60.0% | Too close to 52WH: -24.31% | AvgVol10 109,100 < 300,000 | Not in Stage 2 (Price > SMA10W > SMA30W)
[STYRENIX.NS] ❌ FAILED: RS 39 < 70.0 | Recovery 14.4% < 60.0% | Too close to 52WH: -23.24% | AvgVol10 22,910 < 300,000 | Not in Stage 2 (Price > SMA10W > SMA30W)
[SUNDARMFIN.NS] ❌ FAILED: RS 39 < 70.0 | Recovery 11.33% < 60.0% | Too close to 52WH: -21.07% | AvgVol10 62,480 < 300,000 | Not in Stage 2 (Price > SMA10W > SMA30W)
[STDBAT.BO] ❌ FAILED: RS 39 < 70.0 | Recovery 26.48% < 60.0% | Too close to 52WH: -24.22% | AvgVol10 5,890 < 300,000 | Not in Stage 2 (Price > SMA10W > SMA30W)
[BAZELINTER.BO] ❌ FAILED: RS 39 < 70.0 | Price $21.25 < $30.0 | Recovery 28.79% < 60.0% | AvgVol10 3,900 < 300,000 | Not in Stage 2 (Price > SMA10W > SMA30W)
[FINKURVE.NS] ❌ FAILED: RS 39 < 70.0 | Recovery 44.36% < 60.0% | AvgVol10 115,450 < 300,000 | Not in Stage 2 (Price > SMA10W > SMA30W)
[MARSONS.NS] ❌ FAILED: RS 39 < 70.0 | Recovery 19.83% < 60.0% | Not in Stage 2 (Price > SMA10W > SMA30W)
[MOHITPPR.BO] ❌ FAILED: RS 39 < 70.0 | Price $26.50 < $30.0 | Recovery 11.58% < 60.0% | AvgVol10 560 < 300,000 | Not in Stage 2 (Price > SMA10W > SMA30W)
[ELIXIR.BO] ❌ FAILED: RS 39 < 70.0 | Recovery 28.12% < 60.0% | AvgVol10 1,020 < 300,000 | Not in Stage 2 (Price > SMA10W > SMA30W)
[MANBRO.NS] ❌ FAILED: RS 39 < 70.0 | Recovery 10.11% < 60.0% | Too close to 52WH: -16.96% | AvgVol10 152,030 < 300,000 | Not in Stage 2 (Price > SMA10W > SMA30W)
[EASTINDIA.BO] ❌ FAILED: RS 39 < 70.0 | Recovery 10.03% < 60.0% | Too close to 52WH: -26.14% | AvgVol10 18,830 < 300,000 | Not in Stage 2 (Price > SMA10W > SMA30W)
[MAXIND.NS] ❌ FAILED: RS 39 < 70.0 | Recovery 29.46% < 60.0% | AvgVol10 64,290 < 300,000 | Not in Stage 2 (Price > SMA10W > SMA30W)
[RUNGTAIR.BO] ❌ FAILED: RS 39 < 70.0 | Recovery 18.35% < 60.0% | Too close to 52WH: -26.24% | AvgVol10 340 < 300,000 | Not in Stage 2 (Price > SMA10W > SMA30W)
[VALENCIA.BO] ❌ FAILED: RS 39 < 70.0 | Recovery 49.59% < 60.0% | AvgVol10 2,330 < 300,000 | Not in Stage 2 (Price > SMA10W > SMA30W)
[BCPL.NS] ❌ FAILED: RS 39 < 70.0 | Recovery 13.3% < 60.0% | Too close to 52WH: -26.11% | AvgVol10 11,640 < 300,000 | Not in Stage 2 (Price > SMA10W > SMA30W)
[RASANDIK.BO] ❌ FAILED: RS 39 < 70.0 | Recovery 25.91% < 60.0% | AvgVol10 1,780 < 300,000 | Not in Stage 2 (Price > SMA10W > SMA30W)
[GMRAIRPORT.NS] ❌ FAILED: RS 39 < 70.0 | Recovery 12.65% < 60.0% | Too close to 52WH: -18.06% | Not in Stage 2 (Price > SMA10W > SMA30W)
[RAUNAQ.BO] ❌ FAILED: RS 39 < 70.0 | Recovery 51.67% < 60.0% | AvgVol10 890 < 300,000 | Not in Stage 2 (Price > SMA10W > SMA30W)
[GNRL.NS] ❌ FAILED: RS 39 < 70.0 | Recovery 4.51% < 60.0% | Too close to 52WH: -17.54% | Not in Stage 2 (Price > SMA10W > SMA30W)
[PGEL.NS] ❌ FAILED: RS 39 < 70.0 | Recovery 16.14% < 60.0% | Too close to 52WH: -21.32% | Not in Stage 2 (Price > SMA10W > SMA30W)
[INDSUCR.BO] ❌ FAILED: RS 39 < 70.0 | Recovery 17.6% < 60.0% | Too close to 52WH: -25.28% | AvgVol10 4,610 < 300,000 | Not in Stage 2 (Price > SMA10W > SMA30W)
[XTGLOBAL.NS] ❌ FAILED: RS 39 < 70.0 | Price $28.91 < $30.0 | Recovery 14.72% < 60.0% | AvgVol10 34,550 < 300,000 | Not in Stage 2 (Price > SMA10W > SMA30W)
[HRYNSHP.NS] ❌ FAILED: RS 39 < 70.0 | Recovery 5.51% < 60.0% | Too close to 52WH: -7.73% | AvgVol10 860 < 300,000 | Not in Stage 2 (Price > SMA10W > SMA30W)
[KIRANVYPAR.NS] ❌ FAILED: RS 38 < 70.0 | Recovery 2.56% < 60.0% | Too close to 52WH: -16.51% | AvgVol10 5,010 < 300,000 | Not in Stage 2 (Price > SMA10W > SMA30W)
[ZODJRDMKJ.BO] ❌ FAILED: RS 38 < 70.0 | Recovery 18.2% < 60.0% | AvgVol10 8,360 < 300,000 | Not in Stage 2 (Price > SMA10W > SMA30W)
[SSMD.BO] ❌ FAILED: RS 38 < 70.0 | AvgVol10 5,900 < 300,000 | Not in Stage 2 (Price > SMA10W > SMA30W)
[RAJSREESUG.NS] ❌ FAILED: RS 38 < 70.0 | Recovery 25.11% < 60.0% | AvgVol10 97,370 < 300,000 | Not in Stage 2 (Price > SMA10W > SMA30W)
[POOJAENT.BO] ❌ FAILED: RS 38 < 70.0 | Recovery 48.64% < 60.0% | AvgVol10 16,150 < 300,000 | Not in Stage 2 (Price > SMA10W > SMA30W)
[MOBIKWIK.NS] ❌ FAILED: RS 38 < 70.0 | Recovery 31.43% < 60.0% | Not in Stage 2 (Price > SMA10W > SMA30W)
[BAJAJST.NS] ❌ FAILED: RS 38 < 70.0 | Recovery 1.67% < 60.0% | Too close to 52WH: -10.37% | AvgVol10 6,160 < 300,000 | Not in Stage 2 (Price > SMA10W > SMA30W)
[DAMODARIND.NS] ❌ FAILED: RS 38 < 70.0 | Price $27.11 < $30.0 | Recovery 35.55% < 60.0% | AvgVol10 3,090 < 300,000 | Not in Stage 2 (Price > SMA10W > SMA30W)
[TANLA.NS] ❌ FAILED: RS 38 < 70.0 | Recovery 35.91% < 60.0% | Not in Stage 2 (Price > SMA10W > SMA30W)
[SBILIFE.NS] ❌ FAILED: RS 38 < 70.0 | Recovery 4.55% < 60.0% | Too close to 52WH: -18.94% | Not in Stage 2 (Price > SMA10W > SMA30W)
[BEL.NS] ❌ FAILED: RS 38 < 70.0 | Recovery 1.33% < 60.0% | Too close to 52WH: -18.58% | Not in Stage 2 (Price > SMA10W > SMA30W)
[ALKEM.NS] ❌ FAILED: RS 38 < 70.0 | Recovery 2.45% < 60.0% | Too close to 52WH: -12.78% | AvgVol10 181,570 < 300,000 | Not in Stage 2 (Price > SMA10W > SMA30W)
[TEJASNET.NS] ❌ FAILED: RS 38 < 70.0 | Too close to 52WH: -23.83% | Not in Stage 2 (Price > SMA10W > SMA30W)
[ADVENZYMES.NS] ❌ FAILED: RS 38 < 70.0 | Recovery 12.38% < 60.0% | AvgVol10 231,200 < 300,000 | Not in Stage 2 (Price > SMA10W > SMA30W)
[KUANTUM.NS] ❌ FAILED: RS 38 < 70.0 | Recovery 18.0% < 60.0% | AvgVol10 198,130 < 300,000 | Not in Stage 2 (Price > SMA10W > SMA30W)
[MODWOOL.BO] ❌ FAILED: RS 38 < 70.0 | Recovery 16.05% < 60.0% | Too close to 52WH: -19.89% | AvgVol10 10 < 300,000 | Not in Stage 2 (Price > SMA10W > SMA30W)
[BHARAT.BO] ❌ FAILED: RS 38 < 70.0 | Price $23.04 < $30.0 | Recovery 21.9% < 60.0% | AvgVol10 1,410 < 300,000 | Not in Stage 2 (Price > SMA10W > SMA30W)
[NESCO.NS] ❌ FAILED: RS 38 < 70.0 | Recovery 9.08% < 60.0% | Too close to 52WH: -23.64% | AvgVol10 37,630 < 300,000 | Not in Stage 2 (Price > SMA10W > SMA30W)
[NATHIND.BO] ❌ FAILED: RS 38 < 70.0 | Recovery 19.38% < 60.0% | AvgVol10 2,590 < 300,000 | Not in Stage 2 (Price > SMA10W > SMA30W)
[NARPROP.BO] ❌ FAILED: RS 38 < 70.0 | Recovery 21.07% < 60.0% | Too close to 52WH: -21.32% | AvgVol10 1,020 < 300,000 | Not in Stage 2 (Price > SMA10W > SMA30W)
[SAGARDEEP.NS] ❌ FAILED: RS 38 < 70.0 | Price $23.29 < $30.0 | Recovery 11.92% < 60.0% | Too close to 52WH: -26.02% | AvgVol10 4,690 < 300,000 | Not in Stage 2 (Price > SMA10W > SMA30W)
[RCCL.BO] ❌ FAILED: RS 38 < 70.0 | Recovery 13.7% < 60.0% | AvgVol10 120 < 300,000 | Not in Stage 2 (Price > SMA10W > SMA30W)
[GUJINTRX.BO] ❌ FAILED: RS 38 < 70.0 | Recovery 3.73% < 60.0% | Too close to 52WH: -13.99% | AvgVol10 9,080 < 300,000 | Not in Stage 2 (Price > SMA10W > SMA30W)
[ROTO.NS] ❌ FAILED: RS 38 < 70.0 | Recovery 31.68% < 60.0% | Too close to 52WH: -22.56% | Not in Stage 2 (Price > SMA10W > SMA30W)
[RELIGARE.NS] ❌ FAILED: RS 38 < 70.0 | Recovery 19.24% < 60.0% | Too close to 52WH: -16.31% | Not in Stage 2 (Price > SMA10W > SMA30W)
[BLUESTARCO.NS] ❌ FAILED: RS 38 < 70.0 | Recovery 9.99% < 60.0% | Too close to 52WH: -22.5% | Not in Stage 2 (Price > SMA10W > SMA30W)
[REMAGNET.BO] ❌ FAILED: RS 38 < 70.0 | AvgVol10 56,790 < 300,000 | Not in Stage 2 (Price > SMA10W > SMA30W)
[AZTEC.BO] ❌ FAILED: RS 38 < 70.0 | Recovery 12.29% < 60.0% | AvgVol10 5,700 < 300,000 | Not in Stage 2 (Price > SMA10W > SMA30W)
[INCREDIBLE.NS] ❌ FAILED: RS 38 < 70.0 | Recovery 18.36% < 60.0% | AvgVol10 4,600 < 300,000 | Not in Stage 2 (Price > SMA10W > SMA30W)
[ATUL.NS] ❌ FAILED: RS 38 < 70.0 | Recovery 7.74% < 60.0% | Too close to 52WH: -16.56% | AvgVol10 29,280 < 300,000 | Not in Stage 2 (Price > SMA10W > SMA30W)
[ATGL.NS] ❌ FAILED: RS 38 < 70.0 | Recovery 28.45% < 60.0% | Not in Stage 2 (Price > SMA10W > SMA30W)
[TRACXN.NS] ❌ FAILED: RS 38 < 70.0 | Recovery 27.33% < 60.0% | AvgVol10 172,200 < 300,000 | Not in Stage 2 (Price > SMA10W > SMA30W)
[PTL.NS] ❌ FAILED: RS 38 < 70.0 | Recovery 4.99% < 60.0% | Too close to 52WH: -13.41% | AvgVol10 30,140 < 300,000 | Not in Stage 2 (Price > SMA10W > SMA30W)
[EVEREADY.NS] ❌ FAILED: RS 38 < 70.0 | Recovery 23.92% < 60.0% | Too close to 52WH: -19.12% | AvgVol10 103,520 < 300,000 | Not in Stage 2 (Price > SMA10W > SMA30W)
[ASIAN.BO] ❌ FAILED: RS 38 < 70.0 | Recovery 17.42% < 60.0% | AvgVol10 750 < 300,000 | Not in Stage 2 (Price > SMA10W > SMA30W)
[SHRDAIS.BO] ❌ FAILED: RS 38 < 70.0 | Recovery 32.4% < 60.0% | AvgVol10 410 < 300,000 | Not in Stage 2 (Price > SMA10W > SMA30W)
[ONGC.NS] ❌ FAILED: RS 38 < 70.0 | Recovery 1.03% < 60.0% | Too close to 52WH: -25.2% | Not in Stage 2 (Price > SMA10W > SMA30W)
[NDMETAL.BO] ❌ FAILED: RS 38 < 70.0 | Recovery 0.0% < 60.0% | Too close to 52WH: -24.66% | AvgVol10 0 < 300,000 | Not in Stage 2 (Price > SMA10W > SMA30W)
[JITFINFRA.NS] ❌ FAILED: RS 37 < 70.0 | Recovery 27.79% < 60.0% | AvgVol10 17,990 < 300,000 | Not in Stage 2 (Price > SMA10W > SMA30W)
[DOLFIN.BO] ❌ FAILED: RS 37 < 70.0 | Recovery 5.09% < 60.0% | Too close to 52WH: -16.22% | AvgVol10 2,550 < 300,000 | Not in Stage 2 (Price > SMA10W > SMA30W)
[NHPC.NS] ❌ FAILED: RS 37 < 70.0 | Recovery 4.02% < 60.0% | Too close to 52WH: -15.46% | Not in Stage 2 (Price > SMA10W > SMA30W)
[INTEGRAEN.BO] ❌ FAILED: RS 37 < 70.0 | Recovery 47.12% < 60.0% | AvgVol10 10,510 < 300,000 | Not in Stage 2 (Price > SMA10W > SMA30W)
[DUTRON.BO] ❌ FAILED: RS 37 < 70.0 | Recovery 8.46% < 60.0% | Too close to 52WH: -20.43% | AvgVol10 110 < 300,000 | Not in Stage 2 (Price > SMA10W > SMA30W)
[KVFORGE.BO] ❌ FAILED: RS 37 < 70.0 | Recovery 25.47% < 60.0% | AvgVol10 1,600 < 300,000 | Not in Stage 2 (Price > SMA10W > SMA30W)
[TEAMGTY.NS] ❌ FAILED: RS 37 < 70.0 | Recovery 11.91% < 60.0% | AvgVol10 510 < 300,000 | Not in Stage 2 (Price > SMA10W > SMA30W)
[HEALTHX.NS] ❌ FAILED: RS 37 < 70.0 | Recovery 12.93% < 60.0% | Too close to 52WH: -21.45% | AvgVol10 3,530 < 300,000 | Not in Stage 2 (Price > SMA10W > SMA30W)
[DOLLAR.NS] ❌ FAILED: RS 37 < 70.0 | Recovery 22.22% < 60.0% | AvgVol10 73,140 < 300,000 | Not in Stage 2 (Price > SMA10W > SMA30W)
[GINNIFILA.NS] ❌ FAILED: RS 37 < 70.0 | Recovery 28.29% < 60.0% | AvgVol10 37,340 < 300,000 | Not in Stage 2 (Price > SMA10W > SMA30W)
[MSL.NS] ❌ FAILED: RS 37 < 70.0 | Recovery 13.33% < 60.0% | Too close to 52WH: -15.0% | AvgVol10 420 < 300,000 | Not in Stage 2 (Price > SMA10W > SMA30W)
[AHMDSTE.BO] ❌ FAILED: RS 37 < 70.0 | AvgVol10 1,360 < 300,000 | Not in Stage 2 (Price > SMA10W > SMA30W)
[IFBAGRO.NS] ❌ FAILED: RS 37 < 70.0 | Recovery 24.27% < 60.0% | AvgVol10 2,740 < 300,000 | Not in Stage 2 (Price > SMA10W > SMA30W)
[STERTOOLS.NS] ❌ FAILED: RS 37 < 70.0 | Recovery 44.6% < 60.0% | AvgVol10 25,290 < 300,000 | Not in Stage 2 (Price > SMA10W > SMA30W)
[SBFL.BO] ❌ FAILED: RS 37 < 70.0 | Price $22.23 < $30.0 | Recovery 14.0% < 60.0% | AvgVol10 410 < 300,000 | Not in Stage 2 (Price > SMA10W > SMA30W)
[AHLEAST.NS] ❌ FAILED: RS 37 < 70.0 | Recovery 6.99% < 60.0% | Too close to 52WH: -22.34% | AvgVol10 1,800 < 300,000 | Not in Stage 2 (Price > SMA10W > SMA30W)
[NSIL.NS] ❌ FAILED: RS 37 < 70.0 | Recovery 14.86% < 60.0% | AvgVol10 1,750 < 300,000 | Not in Stage 2 (Price > SMA10W > SMA30W)
[SOLIMAC.BO] ❌ FAILED: RS 37 < 70.0 | Recovery 24.72% < 60.0% | AvgVol10 1,710 < 300,000 | Not in Stage 2 (Price > SMA10W > SMA30W)
[KJMCFIN.NS] ❌ FAILED: RS 37 < 70.0 | Recovery 5.0% < 60.0% | AvgVol10 760 < 300,000 | Not in Stage 2 (Price > SMA10W > SMA30W)
[IMFA.NS] ❌ FAILED: RS 37 < 70.0 | Recovery 13.5% < 60.0% | AvgVol10 86,720 < 300,000 | Not in Stage 2 (Price > SMA10W > SMA30W)
[NHL.BO] ❌ FAILED: RS 37 < 70.0 | Recovery 14.75% < 60.0% | AvgVol10 1,780 < 300,000 | Not in Stage 2 (Price > SMA10W > SMA30W)
[MORARKFI.BO] ❌ FAILED: RS 37 < 70.0 | Recovery 47.23% < 60.0% | AvgVol10 370 < 300,000 | Not in Stage 2 (Price > SMA10W > SMA30W)
[DAMCAPITAL.NS] ❌ FAILED: RS 37 < 70.0 | Recovery 33.08% < 60.0% | AvgVol10 178,220 < 300,000 | Not in Stage 2 (Price > SMA10W > SMA30W)
[BASF.NS] ❌ FAILED: RS 37 < 70.0 | Recovery 11.97% < 60.0% | AvgVol10 21,950 < 300,000 | Not in Stage 2 (Price > SMA10W > SMA30W)
[JLHL.NS] ❌ FAILED: RS 37 < 70.0 | Recovery 11.99% < 60.0% | Too close to 52WH: -22.4% | AvgVol10 116,060 < 300,000 | Not in Stage 2 (Price > SMA10W > SMA30W)
[INDTERRAIN.NS] ❌ FAILED: RS 37 < 70.0 | Price $29.49 < $30.0 | Recovery 20.07% < 60.0% | AvgVol10 55,690 < 300,000 | Not in Stage 2 (Price > SMA10W > SMA30W)
[TRAVELFOOD.NS] ❌ FAILED: RS 37 < 70.0 | Recovery 16.2% < 60.0% | Too close to 52WH: -18.21% | AvgVol10 26,700 < 300,000 | Not in Stage 2 (Price > SMA10W > SMA30W)
[PAOS.BO] ❌ FAILED: RS 37 < 70.0 | Recovery 25.85% < 60.0% | Too close to 52WH: -20.13% | AvgVol10 230 < 300,000 | Not in Stage 2 (Price > SMA10W > SMA30W)
[KKCL.NS] ❌ FAILED: RS 37 < 70.0 | Recovery 13.17% < 60.0% | Too close to 52WH: -18.7% | AvgVol10 34,740 < 300,000 | Not in Stage 2 (Price > SMA10W > SMA30W)
[MGL.NS] ❌ FAILED: RS 37 < 70.0 | Recovery 16.53% < 60.0% | Too close to 52WH: -21.46% | AvgVol10 130,710 < 300,000 | Not in Stage 2 (Price > SMA10W > SMA30W)
[TERAI.NS] ❌ FAILED: RS 37 < 70.0 | Recovery 12.62% < 60.0% | Too close to 52WH: -17.14% | AvgVol10 320 < 300,000 | Not in Stage 2 (Price > SMA10W > SMA30W)
[CANTABIL.NS] ❌ FAILED: RS 37 < 70.0 | Recovery 10.63% < 60.0% | AvgVol10 145,820 < 300,000 | Not in Stage 2 (Price > SMA10W > SMA30W)
[IGIL.NS] ❌ FAILED: RS 37 < 70.0 | Recovery 12.6% < 60.0% | Too close to 52WH: -16.78% | Not in Stage 2 (Price > SMA10W > SMA30W)
[ALKOSIGN.BO] ❌ FAILED: RS 37 < 70.0 | Recovery 21.23% < 60.0% | AvgVol10 6,620 < 300,000 | Not in Stage 2 (Price > SMA10W > SMA30W)
[XELPMOC.NS] ❌ FAILED: RS 37 < 70.0 | Recovery 25.98% < 60.0% | AvgVol10 22,570 < 300,000 | Not in Stage 2 (Price > SMA10W > SMA30W)
[KAUSHALYA.NS] ❌ FAILED: RS 37 < 70.0 | Recovery 12.73% < 60.0% | AvgVol10 140 < 300,000 | Not in Stage 2 (Price > SMA10W > SMA30W)
[PIONAGR.BO] ❌ FAILED: RS 36 < 70.0 | Price $23.62 < $30.0 | Recovery 8.9% < 60.0% | Too close to 52WH: -14.54% | AvgVol10 30 < 300,000 | Not in Stage 2 (Price > SMA10W > SMA30W)
[NAPEROL.BO] ❌ FAILED: RS 36 < 70.0 | Recovery 29.5% < 60.0% | AvgVol10 620 < 300,000 | Not in Stage 2 (Price > SMA10W > SMA30W)
[SUPERBAK.BO] ❌ FAILED: RS 36 < 70.0 | Recovery 8.27% < 60.0% | AvgVol10 380 < 300,000 | Not in Stage 2 (Price > SMA10W > SMA30W)
[RRP.BO] ❌ FAILED: RS 36 < 70.0 | Recovery 16.54% < 60.0% | AvgVol10 0 < 300,000 | Not in Stage 2 (Price > SMA10W > SMA30W)
[LEAPIND.NS] ❌ FAILED: RS 36 < 70.0 | Recovery 5.3% < 60.0% | Too close to 52WH: -21.43% | Not in Stage 2 (Price > SMA10W > SMA30W)
[CROWN.NS] ❌ FAILED: RS 36 < 70.0 | Recovery 13.6% < 60.0% | AvgVol10 63,210 < 300,000 | Not in Stage 2 (Price > SMA10W > SMA30W)
[NSL.BO] ❌ FAILED: RS 36 < 70.0 | Recovery 26.86% < 60.0% | AvgVol10 7,560 < 300,000 | Not in Stage 2 (Price > SMA10W > SMA30W)
[ANDHRAPET.BO] ❌ FAILED: RS 36 < 70.0 | Recovery 37.39% < 60.0% | AvgVol10 58,820 < 300,000 | Not in Stage 2 (Price > SMA10W > SMA30W)
[LUPIN.NS] ❌ FAILED: RS 36 < 70.0 | Recovery 8.53% < 60.0% | Too close to 52WH: -18.48% | Not in Stage 2 (Price > SMA10W > SMA30W)
[WAKEFIT.NS] ❌ FAILED: RS 36 < 70.0 | Recovery 24.39% < 60.0% | Not in Stage 2 (Price > SMA10W > SMA30W)
[GINISILK.BO] ❌ FAILED: RS 36 < 70.0 | Recovery 28.32% < 60.0% | AvgVol10 510 < 300,000 | Not in Stage 2 (Price > SMA10W > SMA30W)
[HELLOJI.BO] ❌ FAILED: RS 36 < 70.0 | Recovery 19.0% < 60.0% | Too close to 52WH: -21.45% | AvgVol10 2,400 < 300,000 | Not in Stage 2 (Price > SMA10W > SMA30W)
[JAGRAN.NS] ❌ FAILED: RS 36 < 70.0 | Recovery 4.29% < 60.0% | Too close to 52WH: -21.36% | AvgVol10 158,480 < 300,000 | Not in Stage 2 (Price > SMA10W > SMA30W)
[ANIKINDS.NS] ❌ FAILED: RS 36 < 70.0 | Recovery 32.4% < 60.0% | AvgVol10 8,420 < 300,000 | Not in Stage 2 (Price > SMA10W > SMA30W)
[EMPIND.NS] ❌ FAILED: RS 36 < 70.0 | Recovery 3.92% < 60.0% | Too close to 52WH: -16.55% | AvgVol10 1,920 < 300,000 | Not in Stage 2 (Price > SMA10W > SMA30W)
[AMNPLST.NS] ❌ FAILED: RS 36 < 70.0 | Recovery 31.35% < 60.0% | AvgVol10 3,770 < 300,000 | Not in Stage 2 (Price > SMA10W > SMA30W)
[TAIIND.BO] ❌ FAILED: RS 36 < 70.0 | Price $24.77 < $30.0 | Recovery 19.66% < 60.0% | AvgVol10 620 < 300,000 | Not in Stage 2 (Price > SMA10W > SMA30W)
[SMR.BO] ❌ FAILED: RS 36 < 70.0 | Recovery 25.21% < 60.0% | Too close to 52WH: -17.42% | AvgVol10 76,600 < 300,000 | Not in Stage 2 (Price > SMA10W > SMA30W)
[MAITHANALL.NS] ❌ FAILED: RS 36 < 70.0 | Recovery 12.97% < 60.0% | Too close to 52WH: -22.4% | AvgVol10 78,590 < 300,000 | Not in Stage 2 (Price > SMA10W > SMA30W)
[SCHAND.NS] ❌ FAILED: RS 36 < 70.0 | Recovery 13.25% < 60.0% | AvgVol10 34,190 < 300,000 | Not in Stage 2 (Price > SMA10W > SMA30W)
[NTCIND.NS] ❌ FAILED: RS 36 < 70.0 | Recovery 4.92% < 60.0% | Too close to 52WH: -9.85% | AvgVol10 1,690 < 300,000 | Not in Stage 2 (Price > SMA10W > SMA30W)
[BRIGHT.BO] ❌ FAILED: RS 36 < 70.0 | Recovery 12.56% < 60.0% | Too close to 52WH: -22.44% | AvgVol10 6,110 < 300,000 | Not in Stage 2 (Price > SMA10W > SMA30W)
[MPDL.NS] ❌ FAILED: RS 36 < 70.0 | Price $26.65 < $30.0 | Recovery 14.57% < 60.0% | AvgVol10 430 < 300,000 | Not in Stage 2 (Price > SMA10W > SMA30W)
[GRAVITA.NS] ❌ FAILED: RS 36 < 70.0 | Recovery 16.46% < 60.0% | Too close to 52WH: -22.9% | AvgVol10 226,070 < 300,000 | Not in Stage 2 (Price > SMA10W > SMA30W)
[BHARTIARTL.NS] ❌ FAILED: RS 36 < 70.0 | Recovery 1.78% < 60.0% | Too close to 52WH: -18.54% | Not in Stage 2 (Price > SMA10W > SMA30W)
[PRERINFRA.BO] ❌ FAILED: RS 36 < 70.0 | Price $24.92 < $30.0 | Recovery 30.95% < 60.0% | Too close to 52WH: -24.46% | AvgVol10 15,480 < 300,000 | Not in Stage 2 (Price > SMA10W > SMA30W)
[LUXURY.BO] ❌ FAILED: RS 36 < 70.0 | Recovery 44.44% < 60.0% | AvgVol10 24,360 < 300,000 | Not in Stage 2 (Price > SMA10W > SMA30W)
[QGO.BO] ❌ FAILED: RS 36 < 70.0 | Recovery 13.0% < 60.0% | Too close to 52WH: -26.01% | AvgVol10 2,880 < 300,000 | Not in Stage 2 (Price > SMA10W > SMA30W)
[CANBK.NS] ❌ FAILED: RS 36 < 70.0 | Recovery 2.02% < 60.0% | Too close to 52WH: -25.93% | Not in Stage 2 (Price > SMA10W > SMA30W)
[UNIAUTO.BO] ❌ FAILED: RS 36 < 70.0 | Recovery 21.1% < 60.0% | AvgVol10 12,300 < 300,000 | Not in Stage 2 (Price > SMA10W > SMA30W)
[ESTER.NS] ❌ FAILED: RS 36 < 70.0 | Recovery 24.33% < 60.0% | AvgVol10 39,550 < 300,000 | Not in Stage 2 (Price > SMA10W > SMA30W)
[5PAISA.NS] ❌ FAILED: RS 36 < 70.0 | Recovery 24.3% < 60.0% | Too close to 52WH: -26.81% | AvgVol10 26,830 < 300,000 | Not in Stage 2 (Price > SMA10W > SMA30W)
[ASHIKAG.NS] ❌ FAILED: RS 36 < 70.0 | Recovery 1.78% < 60.0% | Too close to 52WH: -10.83% | AvgVol10 21,630 < 300,000 | Not in Stage 2 (Price > SMA10W > SMA30W)
[KSB.NS] ❌ FAILED: RS 36 < 70.0 | Recovery 20.19% < 60.0% | Too close to 52WH: -22.08% | AvgVol10 155,010 < 300,000 | Not in Stage 2 (Price > SMA10W > SMA30W)
[OML.BO] ❌ FAILED: RS 36 < 70.0 | Price $26.52 < $30.0 | AvgVol10 11,200 < 300,000 | Not in Stage 2 (Price > SMA10W > SMA30W)
[BLUEDART.NS] ❌ FAILED: RS 36 < 70.0 | Recovery 2.62% < 60.0% | AvgVol10 6,830 < 300,000 | Not in Stage 2 (Price > SMA10W > SMA30W)
[CEENIK.BO] ❌ FAILED: RS 36 < 70.0 | AvgVol10 290 < 300,000 | Not in Stage 2 (Price > SMA10W > SMA30W)
[CRANEX.BO] ❌ FAILED: RS 36 < 70.0 | Recovery 39.62% < 60.0% | AvgVol10 4,120 < 300,000 | Not in Stage 2 (Price > SMA10W > SMA30W)
[NELCAST.NS] ❌ FAILED: RS 35 < 70.0 | Recovery 35.67% < 60.0% | AvgVol10 134,420 < 300,000 | Not in Stage 2 (Price > SMA10W > SMA30W)
[PGHL.NS] ❌ FAILED: RS 35 < 70.0 | Recovery 14.71% < 60.0% | Too close to 52WH: -22.59% | AvgVol10 8,150 < 300,000 | Not in Stage 2 (Price > SMA10W > SMA30W)
[HAWAENG.BO] ❌ FAILED: RS 35 < 70.0 | Recovery 28.94% < 60.0% | AvgVol10 300 < 300,000 | Not in Stage 2 (Price > SMA10W > SMA30W)
[TARC.NS] ❌ FAILED: RS 35 < 70.0 | Recovery 15.98% < 60.0% | Not in Stage 2 (Price > SMA10W > SMA30W)
[ASHSI.BO] ❌ FAILED: RS 35 < 70.0 | Price $22.90 < $30.0 | Recovery 34.71% < 60.0% | AvgVol10 1,700 < 300,000 | Not in Stage 2 (Price > SMA10W > SMA30W)
[LINKPH.BO] ❌ FAILED: RS 35 < 70.0 | Price $26.60 < $30.0 | Recovery 26.67% < 60.0% | AvgVol10 1,300 < 300,000 | Not in Stage 2 (Price > SMA10W > SMA30W)
[POWERGRID.NS] ❌ FAILED: RS 35 < 70.0 | Recovery 4.74% < 60.0% | Too close to 52WH: -19.42% | Not in Stage 2 (Price > SMA10W > SMA30W)
[FLUIDOM.BO] ❌ FAILED: RS 35 < 70.0 | Recovery 32.89% < 60.0% | AvgVol10 3,030 < 300,000 | Not in Stage 2 (Price > SMA10W > SMA30W)
[RJSHAH.BO] ❌ FAILED: RS 35 < 70.0 | Recovery 13.35% < 60.0% | Too close to 52WH: -25.76% | AvgVol10 30 < 300,000
[LOVABLE.NS] ❌ FAILED: RS 35 < 70.0 | Recovery 27.65% < 60.0% | AvgVol10 9,390 < 300,000 | Not in Stage 2 (Price > SMA10W > SMA30W)
[SIRCA.NS] ❌ FAILED: RS 35 < 70.0 | Recovery 5.61% < 60.0% | Too close to 52WH: -24.56% | AvgVol10 246,910 < 300,000 | Not in Stage 2 (Price > SMA10W > SMA30W)
[GKENERGY.NS] ❌ FAILED: RS 35 < 70.0 | Recovery 39.76% < 60.0% | Not in Stage 2 (Price > SMA10W > SMA30W)
[BSHSL.NS] ❌ FAILED: RS 35 < 70.0 | Recovery 43.66% < 60.0% | AvgVol10 6,320 < 300,000 | Not in Stage 2 (Price > SMA10W > SMA30W)
[TORNTPOWER.NS] ❌ FAILED: RS 35 < 70.0 | Recovery 4.14% < 60.0% | AvgVol10 226,220 < 300,000 | Not in Stage 2 (Price > SMA10W > SMA30W)
[SUPERIRON.BO] ❌ FAILED: RS 35 < 70.0 | Recovery 56.25% < 60.0% | AvgVol10 3,600 < 300,000 | Not in Stage 2 (Price > SMA10W > SMA30W)
[AMJLAND.NS] ❌ FAILED: RS 35 < 70.0 | Recovery 25.58% < 60.0% | AvgVol10 6,370 < 300,000 | Not in Stage 2 (Price > SMA10W > SMA30W)
[SSTL.BO] ❌ FAILED: RS 35 < 70.0 | Price $20.96 < $30.0 | Recovery 35.66% < 60.0% | AvgVol10 7,500 < 300,000
[APTECHT.NS] ❌ FAILED: RS 35 < 70.0 | Recovery 30.64% < 60.0% | AvgVol10 87,100 < 300,000 | Not in Stage 2 (Price > SMA10W > SMA30W)
[ROOPAIND.BO] ❌ FAILED: RS 35 < 70.0 | Recovery 18.06% < 60.0% | AvgVol10 1,800 < 300,000 | Not in Stage 2 (Price > SMA10W > SMA30W)
[TENNIND.NS] ❌ FAILED: RS 35 < 70.0 | Recovery 14.63% < 60.0% | Too close to 52WH: -23.57% | Not in Stage 2 (Price > SMA10W > SMA30W)
[INSPIRISYS.NS] ❌ FAILED: RS 35 < 70.0 | Recovery 21.55% < 60.0% | AvgVol10 4,600 < 300,000 | Not in Stage 2 (Price > SMA10W > SMA30W)
[CAMS.NS] ❌ FAILED: RS 35 < 70.0 | Recovery 13.11% < 60.0% | Too close to 52WH: -18.15% | Not in Stage 2 (Price > SMA10W > SMA30W)
[S&SPOWER.NS] ❌ FAILED: RS 35 < 70.0 | AvgVol10 2,870 < 300,000 | Not in Stage 2 (Price > SMA10W > SMA30W)
[GAJANANSEC.BO] ❌ FAILED: RS 35 < 70.0 | Recovery 29.98% < 60.0% | AvgVol10 590 < 300,000 | Not in Stage 2 (Price > SMA10W > SMA30W)
[RELICTEC.BO] ❌ FAILED: RS 35 < 70.0 | Recovery 24.57% < 60.0% | AvgVol10 350 < 300,000 | Not in Stage 2 (Price > SMA10W > SMA30W)
[EIEL.NS] ❌ FAILED: RS 35 < 70.0 | Recovery 43.27% < 60.0% | Too close to 52WH: -25.1% | Not in Stage 2 (Price > SMA10W > SMA30W)
[KIRANPR.BO] ❌ FAILED: RS 35 < 70.0 | Price $24.80 < $30.0 | Recovery 19.52% < 60.0% | Too close to 52WH: -19.95% | AvgVol10 230 < 300,000 | Not in Stage 2 (Price > SMA10W > SMA30W)
[SHRIKRISH.NS] ❌ FAILED: RS 35 < 70.0 | Recovery 3.99% < 60.0% | Too close to 52WH: -17.89% | AvgVol10 390 < 300,000 | Not in Stage 2 (Price > SMA10W > SMA30W)
[SUMIT.NS] ❌ FAILED: RS 35 < 70.0 | Recovery 56.02% < 60.0% | AvgVol10 21,510 < 300,000 | Not in Stage 2 (Price > SMA10W > SMA30W)
[BIOFILCHEM.NS] ❌ FAILED: RS 35 < 70.0 | Recovery 23.09% < 60.0% | AvgVol10 14,470 < 300,000 | Not in Stage 2 (Price > SMA10W > SMA30W)
[ZFSTEERING.NS] ❌ FAILED: RS 35 < 70.0 | Recovery 17.57% < 60.0% | Too close to 52WH: -18.47% | AvgVol10 6,950 < 300,000 | Not in Stage 2 (Price > SMA10W > SMA30W)
[STRATMONT.BO] ❌ FAILED: RS 35 < 70.0 | Recovery 25.31% < 60.0% | AvgVol10 1,500 < 300,000 | Not in Stage 2 (Price > SMA10W > SMA30W)
[AVANTEL.NS] ❌ FAILED: RS 35 < 70.0 | Recovery 29.32% < 60.0% | Not in Stage 2 (Price > SMA10W > SMA30W)
[IOC.NS] ❌ FAILED: RS 35 < 70.0 | Recovery 2.38% < 60.0% | Not in Stage 2 (Price > SMA10W > SMA30W)
[RAMAPHO.NS] ❌ FAILED: RS 35 < 70.0 | Recovery 15.94% < 60.0% | AvgVol10 19,380 < 300,000 | Not in Stage 2 (Price > SMA10W > SMA30W)
[SANDUMA.NS] ❌ FAILED: RS 35 < 70.0 | Recovery 12.88% < 60.0% | Not in Stage 2 (Price > SMA10W > SMA30W)
[ARTSON.BO] ❌ FAILED: RS 35 < 70.0 | Recovery 22.59% < 60.0% | AvgVol10 17,940 < 300,000 | Not in Stage 2 (Price > SMA10W > SMA30W)
[KFINTECH.NS] ❌ FAILED: RS 34 < 70.0 | Recovery 12.63% < 60.0% | Not in Stage 2 (Price > SMA10W > SMA30W)
[PARNAXLAB.NS] ❌ FAILED: RS 34 < 70.0 | Recovery 8.44% < 60.0% | Too close to 52WH: -24.56% | AvgVol10 8,590 < 300,000 | Not in Stage 2 (Price > SMA10W > SMA30W)
[THACKER.NS] ❌ FAILED: RS 34 < 70.0 | Recovery 2.74% < 60.0% | Too close to 52WH: -11.92% | AvgVol10 10 < 300,000 | Not in Stage 2 (Price > SMA10W > SMA30W)
[BAJEL.NS] ❌ FAILED: RS 34 < 70.0 | Recovery 25.44% < 60.0% | Too close to 52WH: -22.84% | AvgVol10 131,170 < 300,000 | Not in Stage 2 (Price > SMA10W > SMA30W)
[SEIL.NS] ❌ FAILED: RS 34 < 70.0 | Recovery 6.54% < 60.0% | Too close to 52WH: -11.85% | AvgVol10 257,050 < 300,000 | Not in Stage 2 (Price > SMA10W > SMA30W)
[HINDALUMI.NS] ❌ FAILED: RS 34 < 70.0 | Recovery 5.94% < 60.0% | Too close to 52WH: -14.95% | AvgVol10 2,370 < 300,000 | Not in Stage 2 (Price > SMA10W > SMA30W)
[INDIAHOME.BO] ❌ FAILED: RS 34 < 70.0 | Recovery 24.44% < 60.0% | AvgVol10 5,160 < 300,000 | Not in Stage 2 (Price > SMA10W > SMA30W)
[IITL.NS] ❌ FAILED: RS 34 < 70.0 | Recovery 21.83% < 60.0% | AvgVol10 124,950 < 300,000 | Not in Stage 2 (Price > SMA10W > SMA30W)
[AMPVOLTS.BO] ❌ FAILED: RS 34 < 70.0 | Price $24.65 < $30.0 | AvgVol10 21,860 < 300,000 | Not in Stage 2 (Price > SMA10W > SMA30W)
[NATPLASTI.BO] ❌ FAILED: RS 34 < 70.0 | Recovery 19.95% < 60.0% | AvgVol10 2,160 < 300,000
[MOHITIND.NS] ❌ FAILED: RS 34 < 70.0 | Price $22.89 < $30.0 | Recovery 23.06% < 60.0% | AvgVol10 9,930 < 300,000 | Not in Stage 2 (Price > SMA10W > SMA30W)
[IFBIND.NS] ❌ FAILED: RS 34 < 70.0 | Recovery 37.48% < 60.0% | AvgVol10 30,210 < 300,000 | Not in Stage 2 (Price > SMA10W > SMA30W)
[EMBDL.NS] ❌ FAILED: RS 34 < 70.0 | Recovery 41.99% < 60.0% | Not in Stage 2 (Price > SMA10W > SMA30W)
[MAXHEALTH.NS] ❌ FAILED: RS 34 < 70.0 | Recovery 10.75% < 60.0% | Too close to 52WH: -18.15% | Not in Stage 2 (Price > SMA10W > SMA30W)
[DFL.BO] ❌ FAILED: RS 34 < 70.0 | Recovery 14.6% < 60.0% | AvgVol10 7,890 < 300,000 | Not in Stage 2 (Price > SMA10W > SMA30W)
[ORICONENT.NS] ❌ FAILED: RS 34 < 70.0 | Recovery 11.31% < 60.0% | AvgVol10 32,680 < 300,000 | Not in Stage 2 (Price > SMA10W > SMA30W)
[FORTIS.NS] ❌ FAILED: RS 34 < 70.0 | Recovery 8.34% < 60.0% | Too close to 52WH: -24.77% | Not in Stage 2 (Price > SMA10W > SMA30W)
[SWELECTES.NS] ❌ FAILED: RS 34 < 70.0 | Recovery 22.21% < 60.0% | AvgVol10 16,660 < 300,000 | Not in Stage 2 (Price > SMA10W > SMA30W)
[HARYNACAP.BO] ❌ FAILED: RS 34 < 70.0 | Recovery 17.68% < 60.0% | AvgVol10 280 < 300,000 | Not in Stage 2 (Price > SMA10W > SMA30W)
[EPIGRAL.NS] ❌ FAILED: RS 34 < 70.0 | Recovery 28.62% < 60.0% | AvgVol10 28,210 < 300,000 | Not in Stage 2 (Price > SMA10W > SMA30W)
[JINDHOT.BO] ❌ FAILED: RS 34 < 70.0 | Recovery 16.06% < 60.0% | AvgVol10 2,250 < 300,000 | Not in Stage 2 (Price > SMA10W > SMA30W)
[LINDEINDIA.NS] ❌ FAILED: RS 34 < 70.0 | Recovery 9.13% < 60.0% | Too close to 52WH: -23.08% | AvgVol10 17,380 < 300,000 | Not in Stage 2 (Price > SMA10W > SMA30W)
[DDEVPLSTIK.NS] ❌ FAILED: RS 34 < 70.0 | Recovery 36.43% < 60.0% | AvgVol10 71,160 < 300,000 | Not in Stage 2 (Price > SMA10W > SMA30W)
[DONEAR.NS] ❌ FAILED: RS 34 < 70.0 | Recovery 5.13% < 60.0% | AvgVol10 12,480 < 300,000 | Not in Stage 2 (Price > SMA10W > SMA30W)
[KDML.BO] ❌ FAILED: RS 34 < 70.0 | Recovery 0.0% < 60.0% | Too close to 52WH: -14.48% | AvgVol10 60 < 300,000 | Not in Stage 2 (Price > SMA10W > SMA30W)
[DEEPAKCHEM.BO] ❌ FAILED: RS 34 < 70.0 | Recovery 16.34% < 60.0% | AvgVol10 2,880 < 300,000 | Not in Stage 2 (Price > SMA10W > SMA30W)
[NIPPOBATRY.NS] ❌ FAILED: RS 34 < 70.0 | Recovery 25.76% < 60.0% | AvgVol10 2,590 < 300,000 | Not in Stage 2 (Price > SMA10W > SMA30W)
[JMFINANCIL.NS] ❌ FAILED: RS 34 < 70.0 | Recovery 11.83% < 60.0% | Not in Stage 2 (Price > SMA10W > SMA30W)
[CONTROLPR.NS] ❌ FAILED: RS 34 < 70.0 | Recovery 15.9% < 60.0% | AvgVol10 33,940 < 300,000 | Not in Stage 2 (Price > SMA10W > SMA30W)
[PREMIERENE.NS] ❌ FAILED: RS 34 < 70.0 | Recovery 37.27% < 60.0% | Too close to 52WH: -20.11% | Not in Stage 2 (Price > SMA10W > SMA30W)
[SOMATEX.NS] ❌ FAILED: RS 34 < 70.0 | Recovery 27.52% < 60.0% | AvgVol10 5,830 < 300,000 | Not in Stage 2 (Price > SMA10W > SMA30W)
[TYROON.BO] ❌ FAILED: RS 34 < 70.0 | Recovery 12.76% < 60.0% | AvgVol10 540 < 300,000 | Not in Stage 2 (Price > SMA10W > SMA30W)
[CLCIND.NS] ❌ FAILED: RS 34 < 70.0 | AvgVol10 210 < 300,000 | Not in Stage 2 (Price > SMA10W > SMA30W)
[SWARAJENG.NS] ❌ FAILED: RS 34 < 70.0 | Recovery 7.61% < 60.0% | Too close to 52WH: -19.94% | AvgVol10 6,480 < 300,000 | Not in Stage 2 (Price > SMA10W > SMA30W)
[LAKSHMIMIL.NS] ❌ FAILED: RS 34 < 70.0 | Too close to 52WH: -9.59% | AvgVol10 30 < 300,000 | Not in Stage 2 (Price > SMA10W > SMA30W)
[ABIRAFN.BO] ❌ FAILED: RS 34 < 70.0 | Recovery 14.74% < 60.0% | AvgVol10 560 < 300,000 | Not in Stage 2 (Price > SMA10W > SMA30W)
[SILGO.NS] ❌ FAILED: RS 34 < 70.0 | Recovery 11.98% < 60.0% | Too close to 52WH: -20.75% | AvgVol10 56,340 < 300,000 | Not in Stage 2 (Price > SMA10W > SMA30W)
[SHK.NS] ❌ FAILED: RS 33 < 70.0 | Recovery 23.04% < 60.0% | Not in Stage 2 (Price > SMA10W > SMA30W)
[AIROLAM.NS] ❌ FAILED: RS 33 < 70.0 | Recovery 13.83% < 60.0% | Too close to 52WH: -24.43% | AvgVol10 4,940 < 300,000
[NTPC.NS] ❌ FAILED: RS 33 < 70.0 | Recovery 1.76% < 60.0% | Too close to 52WH: -22.51% | Not in Stage 2 (Price > SMA10W > SMA30W)
[CMRGREEN.NS] ❌ FAILED: RS 33 < 70.0 | Recovery 8.05% < 60.0% | Too close to 52WH: -17.55% | Not in Stage 2 (Price > SMA10W > SMA30W)
[SELECTRIC.BO] ❌ FAILED: RS 33 < 70.0 | Recovery 26.38% < 60.0% | Too close to 52WH: -20.49% | AvgVol10 7,460 < 300,000 | Not in Stage 2 (Price > SMA10W > SMA30W)
[CONCOR.NS] ❌ FAILED: RS 33 < 70.0 | Recovery 6.77% < 60.0% | Too close to 52WH: -19.21% | Not in Stage 2 (Price > SMA10W > SMA30W)
[SAMKRG.BO] ❌ FAILED: RS 33 < 70.0 | Recovery 13.31% < 60.0% | Too close to 52WH: -23.43% | AvgVol10 2,210 < 300,000 | Not in Stage 2 (Price > SMA10W > SMA30W)
[BLIL.NS] ❌ FAILED: RS 33 < 70.0 | Recovery 0.61% < 60.0% | Too close to 52WH: -10.68% | AvgVol10 87,770 < 300,000 | Not in Stage 2 (Price > SMA10W > SMA30W)
[DENORA.NS] ❌ FAILED: RS 33 < 70.0 | Recovery 32.02% < 60.0% | Too close to 52WH: -23.15% | AvgVol10 3,100 < 300,000 | Not in Stage 2 (Price > SMA10W > SMA30W)
[MEHIF.BO] ❌ FAILED: RS 33 < 70.0 | Price $27.50 < $30.0 | Recovery 14.3% < 60.0% | Too close to 52WH: -25.31% | AvgVol10 300 < 300,000 | Not in Stage 2 (Price > SMA10W > SMA30W)
[VINYLINDIA.NS] ❌ FAILED: RS 33 < 70.0 | Recovery 35.77% < 60.0% | AvgVol10 5,440 < 300,000 | Not in Stage 2 (Price > SMA10W > SMA30W)
[KOTHARIPRO.NS] ❌ FAILED: RS 33 < 70.0 | Recovery 13.81% < 60.0% | AvgVol10 22,140 < 300,000 | Not in Stage 2 (Price > SMA10W > SMA30W)
[AUROLAB.BO] ❌ FAILED: RS 33 < 70.0 | Recovery 48.02% < 60.0% | Too close to 52WH: -25.76% | AvgVol10 7,560 < 300,000 | Not in Stage 2 (Price > SMA10W > SMA30W)
[IOB.NS] ❌ FAILED: RS 33 < 70.0 | Recovery 1.73% < 60.0% | Too close to 52WH: -24.07% | Not in Stage 2 (Price > SMA10W > SMA30W)
[SANDUPHQ.BO] ❌ FAILED: RS 33 < 70.0 | Recovery 21.67% < 60.0% | AvgVol10 1,600 < 300,000 | Not in Stage 2 (Price > SMA10W > SMA30W)
[CREDITACC.NS] ❌ FAILED: RS 33 < 70.0 | Recovery 12.78% < 60.0% | Too close to 52WH: -23.18% | AvgVol10 148,810 < 300,000 | Not in Stage 2 (Price > SMA10W > SMA30W)
[EKANSH.BO] ❌ FAILED: RS 33 < 70.0 | Recovery 39.97% < 60.0% | Too close to 52WH: -25.94% | AvgVol10 5,100 < 300,000 | Not in Stage 2 (Price > SMA10W > SMA30W)
[AVAILFC.BO] ❌ FAILED: RS 33 < 70.0 | Recovery 12.4% < 60.0% | Too close to 52WH: -21.09% | AvgVol10 3,900 < 300,000 | Not in Stage 2 (Price > SMA10W > SMA30W)
[ALFREDHE.NS] ❌ FAILED: RS 33 < 70.0 | Recovery 1.14% < 60.0% | Too close to 52WH: -13.04% | AvgVol10 40 < 300,000 | Not in Stage 2 (Price > SMA10W > SMA30W)
[GSFC.NS] ❌ FAILED: RS 33 < 70.0 | Recovery 10.24% < 60.0% | Too close to 52WH: -23.48% | Not in Stage 2 (Price > SMA10W > SMA30W)
[NDGL.NS] ❌ FAILED: RS 33 < 70.0 | Recovery 19.48% < 60.0% | AvgVol10 160 < 300,000 | Not in Stage 2 (Price > SMA10W > SMA30W)
[ENERGYINF.BO] ❌ FAILED: RS 33 < 70.0 | Recovery 1.82% < 60.0% | Too close to 52WH: -25.22% | Not in Stage 2 (Price > SMA10W > SMA30W)
[VSFPROJ.BO] ❌ FAILED: RS 33 < 70.0 | Recovery 23.86% < 60.0% | AvgVol10 1,270 < 300,000 | Not in Stage 2 (Price > SMA10W > SMA30W)
[GOLDENTOBC.NS] ❌ FAILED: RS 33 < 70.0 | Price $24.50 < $30.0 | Recovery 20.45% < 60.0% | AvgVol10 1,780 < 300,000 | Not in Stage 2 (Price > SMA10W > SMA30W)
[AGIIL.NS] ❌ FAILED: RS 33 < 70.0 | Recovery 20.87% < 60.0% | Not in Stage 2 (Price > SMA10W > SMA30W)
[REDTAPE.NS] ❌ FAILED: RS 33 < 70.0 | Recovery 11.57% < 60.0% | Too close to 52WH: -24.54% | Not in Stage 2 (Price > SMA10W > SMA30W)
[PREVEST.BO] ❌ FAILED: RS 33 < 70.0 | Recovery 20.34% < 60.0% | AvgVol10 17,820 < 300,000 | Not in Stage 2 (Price > SMA10W > SMA30W)
[M&M.NS] ❌ FAILED: RS 33 < 70.0 | Recovery 3.42% < 60.0% | Too close to 52WH: -22.0% | Not in Stage 2 (Price > SMA10W > SMA30W)
[LAFFANSQ.BO] ❌ FAILED: RS 33 < 70.0 | Price $29.01 < $30.0 | Recovery 26.13% < 60.0% | Too close to 52WH: -25.14% | AvgVol10 2,330 < 300,000 | Not in Stage 2 (Price > SMA10W > SMA30W)
[CORALFINAC.NS] ❌ FAILED: RS 33 < 70.0 | Recovery 25.63% < 60.0% | AvgVol10 9,890 < 300,000 | Not in Stage 2 (Price > SMA10W > SMA30W)
[GKWLIMITED.NS] ❌ FAILED: RS 33 < 70.0 | Recovery 11.4% < 60.0% | Too close to 52WH: -22.85% | AvgVol10 330 < 300,000 | Not in Stage 2 (Price > SMA10W > SMA30W)
[ICODEX.BO] ❌ FAILED: RS 33 < 70.0 | Recovery 28.3% < 60.0% | AvgVol10 2,930 < 300,000 | Not in Stage 2 (Price > SMA10W > SMA30W)
[DCW.NS] ❌ FAILED: RS 33 < 70.0 | Recovery 26.14% < 60.0%
[VBL.NS] ❌ FAILED: RS 33 < 70.0 | Recovery 12.86% < 60.0% | Too close to 52WH: -22.63% | Not in Stage 2 (Price > SMA10W > SMA30W)
[COFFEEDAY.NS] ❌ FAILED: RS 33 < 70.0 | Price $29.92 < $30.0 | Recovery 42.48% < 60.0% | Not in Stage 2 (Price > SMA10W > SMA30W)
[OXYGENTAPH.BO] ❌ FAILED: RS 33 < 70.0 | Recovery 11.77% < 60.0% | AvgVol10 31,050 < 300,000 | Not in Stage 2 (Price > SMA10W > SMA30W)
[CSM.NS] ❌ FAILED: RS 33 < 70.0 | Recovery 28.91% < 60.0% | Too close to 52WH: -14.44% | Not in Stage 2 (Price > SMA10W > SMA30W)
[CERA.NS] ❌ FAILED: RS 32 < 70.0 | Recovery 16.47% < 60.0% | Too close to 52WH: -22.91% | AvgVol10 8,270 < 300,000 | Not in Stage 2 (Price > SMA10W > SMA30W)
[GARNETINT.BO] ❌ FAILED: RS 32 < 70.0 | Recovery 41.64% < 60.0% | AvgVol10 2,440 < 300,000 | Not in Stage 2 (Price > SMA10W > SMA30W)
[SBFC.NS] ❌ FAILED: RS 32 < 70.0 | Recovery 9.07% < 60.0% | Not in Stage 2 (Price > SMA10W > SMA30W)
[ARTNIRMAN.NS] ❌ FAILED: RS 32 < 70.0 | Recovery 30.32% < 60.0% | AvgVol10 670 < 300,000 | Not in Stage 2 (Price > SMA10W > SMA30W)
[VASCONEQ.NS] ❌ FAILED: RS 32 < 70.0 | Recovery 30.69% < 60.0% | Not in Stage 2 (Price > SMA10W > SMA30W)
[ARE&M.NS] ❌ FAILED: RS 32 < 70.0 | Recovery 15.66% < 60.0% | Too close to 52WH: -24.25% | Not in Stage 2 (Price > SMA10W > SMA30W)
[MARGOFIN.BO] ❌ FAILED: RS 32 < 70.0 | Recovery 16.11% < 60.0% | AvgVol10 940 < 300,000 | Not in Stage 2 (Price > SMA10W > SMA30W)
[ELDEHSG.NS] ❌ FAILED: RS 32 < 70.0 | Recovery 7.85% < 60.0% | AvgVol10 480 < 300,000 | Not in Stage 2 (Price > SMA10W > SMA30W)
[CEATLTD.NS] ❌ FAILED: RS 32 < 70.0 | Recovery 6.97% < 60.0% | Too close to 52WH: -26.21% | AvgVol10 59,860 < 300,000 | Not in Stage 2 (Price > SMA10W > SMA30W)
[LOTUSCHO.NS] ❌ FAILED: RS 32 < 70.0 | Recovery 5.71% < 60.0% | Too close to 52WH: -15.92% | AvgVol10 2,160 < 300,000 | Not in Stage 2 (Price > SMA10W > SMA30W)
[SAHLIBHFI.NS] ❌ FAILED: RS 32 < 70.0 | Recovery 13.53% < 60.0% | Too close to 52WH: -17.77% | AvgVol10 22,550 < 300,000 | Not in Stage 2 (Price > SMA10W > SMA30W)
[NATHBIOGEN.NS] ❌ FAILED: RS 32 < 70.0 | Recovery 14.24% < 60.0% | AvgVol10 42,290 < 300,000 | Not in Stage 2 (Price > SMA10W > SMA30W)
[UPSURGE.BO] ❌ FAILED: RS 32 < 70.0 | Recovery 9.75% < 60.0% | AvgVol10 69,460 < 300,000 | Not in Stage 2 (Price > SMA10W > SMA30W)
[MFSL.NS] ❌ FAILED: RS 32 < 70.0 | Recovery 6.17% < 60.0% | Too close to 52WH: -23.7% | Not in Stage 2 (Price > SMA10W > SMA30W)
[ASITCFIN.BO] ❌ FAILED: RS 32 < 70.0 | Recovery 23.8% < 60.0% | AvgVol10 1,350 < 300,000 | Not in Stage 2 (Price > SMA10W > SMA30W)
[JIGAR.BO] ❌ FAILED: RS 32 < 70.0 | Recovery 19.9% < 60.0% | Too close to 52WH: -22.04% | AvgVol10 600 < 300,000 | Not in Stage 2 (Price > SMA10W > SMA30W)
[DENISCHEM.BO] ❌ FAILED: RS 32 < 70.0 | Recovery 22.51% < 60.0% | AvgVol10 20,830 < 300,000 | Not in Stage 2 (Price > SMA10W > SMA30W)
[THAKDEV.NS] ❌ FAILED: RS 32 < 70.0 | Recovery 22.82% < 60.0% | Too close to 52WH: -11.64% | AvgVol10 340 < 300,000 | Not in Stage 2 (Price > SMA10W > SMA30W)
[SPANDANA.NS] ❌ FAILED: RS 32 < 70.0 | Recovery 26.09% < 60.0% | AvgVol10 98,430 < 300,000 | Not in Stage 2 (Price > SMA10W > SMA30W)
[GLOBECIVIL.NS] ❌ FAILED: RS 32 < 70.0 | Recovery 29.25% < 60.0% | AvgVol10 29,070 < 300,000 | Not in Stage 2 (Price > SMA10W > SMA30W)
[BAJAJHFL.NS] ❌ FAILED: RS 32 < 70.0 | Recovery 13.59% < 60.0% | Not in Stage 2 (Price > SMA10W > SMA30W)
[PASHUPATI.NS] ❌ FAILED: RS 32 < 70.0 | Recovery 14.47% < 60.0% | AvgVol10 153,710 < 300,000 | Not in Stage 2 (Price > SMA10W > SMA30W)
[APLAB.BO] ❌ FAILED: RS 32 < 70.0 | Recovery 25.26% < 60.0% | AvgVol10 4,010 < 300,000 | Not in Stage 2 (Price > SMA10W > SMA30W)
[INFLAME.BO] ❌ FAILED: RS 32 < 70.0 | Recovery 14.61% < 60.0% | AvgVol10 10,180 < 300,000 | Not in Stage 2 (Price > SMA10W > SMA30W)
[INDUSTOWER.NS] ❌ FAILED: RS 32 < 70.0 | Recovery 6.57% < 60.0% | Too close to 52WH: -25.23% | Not in Stage 2 (Price > SMA10W > SMA30W)
[ACCELYA.NS] ❌ FAILED: RS 32 < 70.0 | Recovery 8.64% < 60.0% | AvgVol10 5,660 < 300,000 | Not in Stage 2 (Price > SMA10W > SMA30W)
[LTTS.NS] ❌ FAILED: RS 32 < 70.0 | Recovery 6.7% < 60.0% | AvgVol10 49,590 < 300,000 | Not in Stage 2 (Price > SMA10W > SMA30W)
[MODINATUR.NS] ❌ FAILED: RS 32 < 70.0 | Recovery 34.21% < 60.0% | AvgVol10 6,750 < 300,000 | Not in Stage 2 (Price > SMA10W > SMA30W)
[DIAMINESQ.NS] ❌ FAILED: RS 32 < 70.0 | Recovery 15.47% < 60.0% | AvgVol10 4,460 < 300,000 | Not in Stage 2 (Price > SMA10W > SMA30W)
[HPIL.NS] ❌ FAILED: RS 32 < 70.0 | Recovery 7.85% < 60.0% | Too close to 52WH: -25.28% | AvgVol10 700 < 300,000 | Not in Stage 2 (Price > SMA10W > SMA30W)
[MSPL.NS] ❌ FAILED: RS 32 < 70.0 | Recovery 25.68% < 60.0% | Not in Stage 2 (Price > SMA10W > SMA30W)
[LESL.BO] ❌ FAILED: RS 32 < 70.0 | Price $21.00 < $30.0 | Recovery 5.0% < 60.0% | Too close to 52WH: -16.67% | AvgVol10 69,600 < 300,000 | Not in Stage 2 (Price > SMA10W > SMA30W)
[AMBARPIL.BO] ❌ FAILED: RS 32 < 70.0 | Recovery 42.86% < 60.0% | AvgVol10 180 < 300,000 | Not in Stage 2 (Price > SMA10W > SMA30W)
[ABMKNO.NS] ❌ FAILED: RS 32 < 70.0 | Recovery 4.74% < 60.0% | Too close to 52WH: -12.44% | AvgVol10 1,550 < 300,000 | Not in Stage 2 (Price > SMA10W > SMA30W)
[FORCEMOT.NS] ❌ FAILED: RS 32 < 70.0 | Recovery 14.68% < 60.0% | AvgVol10 56,270 < 300,000 | Not in Stage 2 (Price > SMA10W > SMA30W)
[SINTERCOM.NS] ❌ FAILED: RS 32 < 70.0 | Recovery 21.89% < 60.0% | AvgVol10 7,640 < 300,000 | Not in Stage 2 (Price > SMA10W > SMA30W)
[CENTEXT.NS] ❌ FAILED: RS 32 < 70.0 | Price $18.14 < $30.0 | Recovery 15.76% < 60.0% | Not in Stage 2 (Price > SMA10W > SMA30W)
[RUCHIRA.NS] ❌ FAILED: RS 31 < 70.0 | Recovery 12.35% < 60.0% | AvgVol10 29,030 < 300,000 | Not in Stage 2 (Price > SMA10W > SMA30W)
[ASSOCIATED.BO] ❌ FAILED: RS 31 < 70.0 | Recovery 30.56% < 60.0% | Too close to 52WH: -21.99% | AvgVol10 440 < 300,000 | Not in Stage 2 (Price > SMA10W > SMA30W)
[MASFIN.NS] ❌ FAILED: RS 31 < 70.0 | Recovery 1.49% < 60.0% | Too close to 52WH: -22.22% | AvgVol10 218,450 < 300,000 | Not in Stage 2 (Price > SMA10W > SMA30W)
[PRADPME.NS] ❌ FAILED: RS 31 < 70.0 | Recovery 8.38% < 60.0% | Too close to 52WH: -12.33% | AvgVol10 13,140 < 300,000 | Not in Stage 2 (Price > SMA10W > SMA30W)
[GOLECHA.BO] ❌ FAILED: RS 31 < 70.0 | Price $26.32 < $30.0 | Recovery 54.37% < 60.0% | AvgVol10 20 < 300,000 | Not in Stage 2 (Price > SMA10W > SMA30W)
[TIRUFOAM.BO] ❌ FAILED: RS 31 < 70.0 | Recovery 16.76% < 60.0% | AvgVol10 7,070 < 300,000 | Not in Stage 2 (Price > SMA10W > SMA30W)
[COROMANDEL.NS] ❌ FAILED: RS 31 < 70.0 | Recovery 11.29% < 60.0% | Too close to 52WH: -24.01% | AvgVol10 148,110 < 300,000 | Not in Stage 2 (Price > SMA10W > SMA30W)
[SIGNATURE.NS] ❌ FAILED: RS 31 < 70.0 | Recovery 10.66% < 60.0% | Not in Stage 2 (Price > SMA10W > SMA30W)
[VAMSHIRU.BO] ❌ FAILED: RS 31 < 70.0 | Recovery 8.31% < 60.0% | AvgVol10 690 < 300,000 | Not in Stage 2 (Price > SMA10W > SMA30W)
[SHRJAGP.NS] ❌ FAILED: RS 31 < 70.0 | Recovery 8.0% < 60.0% | Too close to 52WH: -15.25% | AvgVol10 380 < 300,000 | Not in Stage 2 (Price > SMA10W > SMA30W)
[BOMBCYC.BO] ❌ FAILED: RS 31 < 70.0 | Recovery 1.19% < 60.0% | Too close to 52WH: -23.5% | AvgVol10 20 < 300,000 | Not in Stage 2 (Price > SMA10W > SMA30W)
[SPTRSHI.BO] ❌ FAILED: RS 31 < 70.0 | Price $28.98 < $30.0 | Recovery 48.62% < 60.0% | AvgVol10 2,300 < 300,000 | Not in Stage 2 (Price > SMA10W > SMA30W)
[SBGLP.NS] ❌ FAILED: RS 31 < 70.0 | Price $23.67 < $30.0 | Recovery 28.99% < 60.0% | Not in Stage 2 (Price > SMA10W > SMA30W)
[KAKATCEM.NS] ❌ FAILED: RS 31 < 70.0 | Recovery 25.69% < 60.0% | AvgVol10 1,470 < 300,000 | Not in Stage 2 (Price > SMA10W > SMA30W)
[VIJSOLX.NS] ❌ FAILED: RS 31 < 70.0 | Recovery 4.28% < 60.0% | Too close to 52WH: -11.64% | AvgVol10 210 < 300,000 | Not in Stage 2 (Price > SMA10W > SMA30W)
[PALASHSECU.NS] ❌ FAILED: RS 31 < 70.0 | Recovery 12.52% < 60.0% | AvgVol10 1,140 < 300,000 | Not in Stage 2 (Price > SMA10W > SMA30W)
[MANORG.NS] ❌ FAILED: RS 31 < 70.0 | Recovery 25.35% < 60.0% | AvgVol10 8,780 < 300,000 | Not in Stage 2 (Price > SMA10W > SMA30W)
[ATLANTAA.NS] ❌ FAILED: RS 31 < 70.0 | Recovery 12.06% < 60.0% | AvgVol10 21,790 < 300,000 | Not in Stage 2 (Price > SMA10W > SMA30W)
[TIPSFILMS.NS] ❌ FAILED: RS 31 < 70.0 | Recovery 19.89% < 60.0% | AvgVol10 4,050 < 300,000 | Not in Stage 2 (Price > SMA10W > SMA30W)
[HECPROJECT.NS] ❌ FAILED: RS 31 < 70.0 | Recovery 22.54% < 60.0% | AvgVol10 8,990 < 300,000 | Not in Stage 2 (Price > SMA10W > SMA30W)
[MEGASTAR.NS] ❌ FAILED: RS 31 < 70.0 | Recovery 22.32% < 60.0% | AvgVol10 10,640 < 300,000 | Not in Stage 2 (Price > SMA10W > SMA30W)
[PROSTARM.NS] ❌ FAILED: RS 31 < 70.0 | Recovery 18.92% < 60.0% | Not in Stage 2 (Price > SMA10W > SMA30W)
[RAJOOENG.NS] ❌ FAILED: RS 31 < 70.0 | Recovery 16.7% < 60.0% | AvgVol10 235,270 < 300,000 | Not in Stage 2 (Price > SMA10W > SMA30W)
[DLINKINDIA.NS] ❌ FAILED: RS 31 < 70.0 | Recovery 13.82% < 60.0% | Too close to 52WH: -23.81% | AvgVol10 53,180 < 300,000 | Not in Stage 2 (Price > SMA10W > SMA30W)
[XCHANGING.NS] ❌ FAILED: RS 31 < 70.0 | Recovery 26.4% < 60.0% | AvgVol10 117,970 < 300,000 | Not in Stage 2 (Price > SMA10W > SMA30W)
[ORIENTELEC.NS] ❌ FAILED: RS 31 < 70.0 | Recovery 7.35% < 60.0% | Too close to 52WH: -26.44% | AvgVol10 125,260 < 300,000 | Not in Stage 2 (Price > SMA10W > SMA30W)
[BANSWRAS.NS] ❌ FAILED: RS 31 < 70.0 | Recovery 14.82% < 60.0% | Too close to 52WH: -25.26% | AvgVol10 36,630 < 300,000 | Not in Stage 2 (Price > SMA10W > SMA30W)
[INTLCOMBQ.BO] ❌ FAILED: RS 31 < 70.0 | Recovery 35.55% < 60.0% | AvgVol10 1,250 < 300,000 | Not in Stage 2 (Price > SMA10W > SMA30W)
[NAVA.NS] ❌ FAILED: RS 31 < 70.0 | Recovery 9.04% < 60.0% | Too close to 52WH: -26.02% | Not in Stage 2 (Price > SMA10W > SMA30W)
[GUJPETR.BO] ❌ FAILED: RS 31 < 70.0 | Recovery 9.6% < 60.0% | Too close to 52WH: -23.78% | AvgVol10 430 < 300,000 | Not in Stage 2 (Price > SMA10W > SMA30W)
[BHARTIHEXA.NS] ❌ FAILED: RS 31 < 70.0 | Recovery 0.32% < 60.0% | AvgVol10 89,100 < 300,000 | Not in Stage 2 (Price > SMA10W > SMA30W)
[VEEDOL.NS] ❌ FAILED: RS 31 < 70.0 | Recovery 10.17% < 60.0% | AvgVol10 10,080 < 300,000 | Not in Stage 2 (Price > SMA10W > SMA30W)
[EKC.NS] ❌ FAILED: RS 31 < 70.0 | Recovery 18.59% < 60.0% | Not in Stage 2 (Price > SMA10W > SMA30W)
[PTC.NS] ❌ FAILED: RS 31 < 70.0 | Recovery 3.54% < 60.0% | Not in Stage 2 (Price > SMA10W > SMA30W)
[IITLPROJ.BO] ❌ FAILED: RS 31 < 70.0 | Recovery 42.56% < 60.0% | AvgVol10 10 < 300,000 | Not in Stage 2 (Price > SMA10W > SMA30W)
[ELECTHERM.NS] ❌ FAILED: RS 31 < 70.0 | Recovery 46.4% < 60.0% | AvgVol10 34,360 < 300,000 | Not in Stage 2 (Price > SMA10W > SMA30W)
[CHEMCRUX.NS] ❌ FAILED: RS 31 < 70.0 | Recovery 1.65% < 60.0% | Too close to 52WH: -11.77% | AvgVol10 5,040 < 300,000 | Not in Stage 2 (Price > SMA10W > SMA30W)
[ENVAIREL.BO] ❌ FAILED: RS 31 < 70.0 | AvgVol10 2,120 < 300,000 | Not in Stage 2 (Price > SMA10W > SMA30W)
[AZADIND.NS] ❌ FAILED: RS 30 < 70.0 | Recovery 16.89% < 60.0% | Too close to 52WH: -16.86% | AvgVol10 37,750 < 300,000 | Not in Stage 2 (Price > SMA10W > SMA30W)
[BERGEPAINT.NS] ❌ FAILED: RS 30 < 70.0 | Recovery 15.79% < 60.0% | Too close to 52WH: -23.83% | Not in Stage 2 (Price > SMA10W > SMA30W)
[NATCOPHARM.NS] ❌ FAILED: RS 30 < 70.0 | Recovery 5.01% < 60.0% | Not in Stage 2 (Price > SMA10W > SMA30W)
[INOXGREEN.NS] ❌ FAILED: RS 30 < 70.0 | Recovery 28.22% < 60.0% | Not in Stage 2 (Price > SMA10W > SMA30W)
[BANCOINDIA.NS] ❌ FAILED: RS 30 < 70.0 | Recovery 18.37% < 60.0% | AvgVol10 80,380 < 300,000 | Not in Stage 2 (Price > SMA10W > SMA30W)
[YASHHTEJ.BO] ❌ FAILED: RS 30 < 70.0 | Recovery 55.41% < 60.0% | AvgVol10 10,080 < 300,000 | Not in Stage 2 (Price > SMA10W > SMA30W)
[ANNAINFRA.BO] ❌ FAILED: RS 30 < 70.0 | Price $27.81 < $30.0 | Recovery 26.99% < 60.0% | AvgVol10 930 < 300,000 | Not in Stage 2 (Price > SMA10W > SMA30W)
[ADSL.NS] ❌ FAILED: RS 30 < 70.0 | Recovery 35.23% < 60.0% | Not in Stage 2 (Price > SMA10W > SMA30W)
[NAHARPOLY.NS] ❌ FAILED: RS 30 < 70.0 | Recovery 10.92% < 60.0% | AvgVol10 5,660 < 300,000 | Not in Stage 2 (Price > SMA10W > SMA30W)
[BAJAJHCARE.NS] ❌ FAILED: RS 30 < 70.0 | Recovery 23.59% < 60.0% | AvgVol10 160,060 < 300,000
[CAPFIN.BO] ❌ FAILED: RS 30 < 70.0 | Recovery 23.33% < 60.0% | AvgVol10 10 < 300,000 | Not in Stage 2 (Price > SMA10W > SMA30W)
[TEMPSENS.NS] ❌ FAILED: RS 30 < 70.0 | Recovery 5.04% < 60.0% | Too close to 52WH: -16.44% | Not in Stage 2 (Price > SMA10W > SMA30W)
[GREENLAM.NS] ❌ FAILED: RS 30 < 70.0 | Recovery 10.08% < 60.0% | Too close to 52WH: -21.91% | AvgVol10 45,420 < 300,000 | Not in Stage 2 (Price > SMA10W > SMA30W)
[DELTAMAGNT.NS] ❌ FAILED: RS 30 < 70.0 | Recovery 22.76% < 60.0% | AvgVol10 3,320 < 300,000 | Not in Stage 2 (Price > SMA10W > SMA30W)
[HINDHARD.BO] ❌ FAILED: RS 30 < 70.0 | Recovery 18.26% < 60.0% | AvgVol10 1,050 < 300,000 | Not in Stage 2 (Price > SMA10W > SMA30W)
[SUNCLAY.NS] ❌ FAILED: RS 30 < 70.0 | Recovery 10.52% < 60.0% | AvgVol10 5,230 < 300,000 | Not in Stage 2 (Price > SMA10W > SMA30W)
[ADMANUM.BO] ❌ FAILED: RS 30 < 70.0 | Recovery 23.91% < 60.0% | AvgVol10 790 < 300,000 | Not in Stage 2 (Price > SMA10W > SMA30W)
[HMVL.NS] ❌ FAILED: RS 30 < 70.0 | Recovery 24.93% < 60.0% | AvgVol10 40,280 < 300,000 | Not in Stage 2 (Price > SMA10W > SMA30W)
[SAMMAANCAP.NS] ❌ FAILED: RS 30 < 70.0 | Recovery 7.61% < 60.0% | Not in Stage 2 (Price > SMA10W > SMA30W)
[VSTL.NS] ❌ FAILED: RS 30 < 70.0 | Recovery 10.35% < 60.0% | AvgVol10 6,130 < 300,000 | Not in Stage 2 (Price > SMA10W > SMA30W)
[KAYCEEI.BO] ❌ FAILED: RS 30 < 70.0 | Recovery 30.68% < 60.0% | AvgVol10 410 < 300,000 | Not in Stage 2 (Price > SMA10W > SMA30W)
[JAIBALAJI.NS] ❌ FAILED: RS 30 < 70.0 | Recovery 18.38% < 60.0% | Not in Stage 2 (Price > SMA10W > SMA30W)
[RIDDHICORP.BO] ❌ FAILED: RS 30 < 70.0 | Recovery 10.5% < 60.0% | AvgVol10 1,030 < 300,000 | Not in Stage 2 (Price > SMA10W > SMA30W)
[MULLER.BO] ❌ FAILED: RS 30 < 70.0 | Recovery 6.49% < 60.0% | Too close to 52WH: -24.13% | AvgVol10 40 < 300,000 | Not in Stage 2 (Price > SMA10W > SMA30W)
[TRADEWELL.BO] ❌ FAILED: RS 30 < 70.0 | Recovery 15.95% < 60.0% | AvgVol10 20 < 300,000 | Not in Stage 2 (Price > SMA10W > SMA30W)
[PRAJIND.NS] ❌ FAILED: RS 30 < 70.0 | Recovery 14.27% < 60.0% | Not in Stage 2 (Price > SMA10W > SMA30W)
[SHIVAGR.BO] ❌ FAILED: RS 30 < 70.0 | Price $22.11 < $30.0 | Recovery 15.1% < 60.0% | AvgVol10 320 < 300,000 | Not in Stage 2 (Price > SMA10W > SMA30W)
[BHARATWIRE.NS] ❌ FAILED: RS 30 < 70.0 | Recovery 12.39% < 60.0% | AvgVol10 122,870 < 300,000 | Not in Stage 2 (Price > SMA10W > SMA30W)
[ADARSHPL.BO] ❌ FAILED: RS 30 < 70.0 | Price $25.85 < $30.0 | Recovery 12.39% < 60.0% | AvgVol10 1,890 < 300,000 | Not in Stage 2 (Price > SMA10W > SMA30W)
[FIEMIND.NS] ❌ FAILED: RS 30 < 70.0 | Recovery 3.08% < 60.0% | AvgVol10 72,440 < 300,000 | Not in Stage 2 (Price > SMA10W > SMA30W)
[TVSHLTD.NS] ❌ FAILED: RS 30 < 70.0 | Recovery 2.06% < 60.0% | Too close to 52WH: -23.69% | AvgVol10 8,500 < 300,000 | Not in Stage 2 (Price > SMA10W > SMA30W)
[GICRE.NS] ❌ FAILED: RS 30 < 70.0 | Recovery 0.34% < 60.0% | Too close to 52WH: -21.21% | Not in Stage 2 (Price > SMA10W > SMA30W)
[INTRGLB.BO] ❌ FAILED: RS 30 < 70.0 | Recovery 46.93% < 60.0% | AvgVol10 480 < 300,000
[CCLINTER.BO] ❌ FAILED: RS 30 < 70.0 | Price $22.50 < $30.0 | Recovery 12.5% < 60.0% | AvgVol10 960 < 300,000 | Not in Stage 2 (Price > SMA10W > SMA30W)
[ACME.BO] ❌ FAILED: RS 30 < 70.0 | Price $29.79 < $30.0 | Recovery 11.16% < 60.0% | AvgVol10 730 < 300,000 | Not in Stage 2 (Price > SMA10W > SMA30W)
[MIVENMACH.BO] ❌ FAILED: RS 30 < 70.0 | Recovery 35.21% < 60.0% | AvgVol10 30 < 300,000 | Not in Stage 2 (Price > SMA10W > SMA30W)
[SKPSEC.BO] ❌ FAILED: RS 29 < 70.0 | Recovery 27.77% < 60.0% | AvgVol10 1,940 < 300,000 | Not in Stage 2 (Price > SMA10W > SMA30W)
[CLARA.BO] ❌ FAILED: RS 29 < 70.0 | Recovery 18.52% < 60.0% | AvgVol10 8,710 < 300,000 | Not in Stage 2 (Price > SMA10W > SMA30W)
[KANSHST.BO] ❌ FAILED: RS 29 < 70.0 | Recovery 15.02% < 60.0% | AvgVol10 7,130 < 300,000 | Not in Stage 2 (Price > SMA10W > SMA30W)
[DHARNI.BO] ❌ FAILED: RS 29 < 70.0 | Recovery 5.24% < 60.0% | Too close to 52WH: -16.35% | AvgVol10 9,330 < 300,000 | Not in Stage 2 (Price > SMA10W > SMA30W)
[KIFS.BO] ❌ FAILED: RS 29 < 70.0 | Recovery 12.91% < 60.0% | AvgVol10 460 < 300,000 | Not in Stage 2 (Price > SMA10W > SMA30W)
[DBL.NS] ❌ FAILED: RS 29 < 70.0 | Recovery 6.64% < 60.0% | Too close to 52WH: -24.4% | Not in Stage 2 (Price > SMA10W > SMA30W)
[CILSEC.BO] ❌ FAILED: RS 29 < 70.0 | Recovery 8.43% < 60.0% | AvgVol10 2,620 < 300,000 | Not in Stage 2 (Price > SMA10W > SMA30W)
[KAMAHOLD.NS] ❌ FAILED: RS 29 < 70.0 | Recovery 1.44% < 60.0% | Too close to 52WH: -10.96% | AvgVol10 5,350 < 300,000 | Not in Stage 2 (Price > SMA10W > SMA30W)
[COLPAL.NS] ❌ FAILED: RS 29 < 70.0 | Recovery 3.59% < 60.0% | Too close to 52WH: -20.77% | Not in Stage 2 (Price > SMA10W > SMA30W)
[MASTEK.NS] ❌ FAILED: RS 29 < 70.0 | Recovery 16.62% < 60.0% | AvgVol10 120,690 < 300,000 | Not in Stage 2 (Price > SMA10W > SMA30W)
[GANGESSECU.NS] ❌ FAILED: RS 29 < 70.0 | Recovery 9.18% < 60.0% | AvgVol10 590 < 300,000 | Not in Stage 2 (Price > SMA10W > SMA30W)
[INSECTICID.NS] ❌ FAILED: RS 29 < 70.0 | Recovery 15.38% < 60.0% | Too close to 52WH: -23.05% | AvgVol10 16,280 < 300,000 | Not in Stage 2 (Price > SMA10W > SMA30W)
[RESPONIND.NS] ❌ FAILED: RS 29 < 70.0 | Recovery 37.83% < 60.0% | Not in Stage 2 (Price > SMA10W > SMA30W)
[RSDFIN.NS] ❌ FAILED: RS 29 < 70.0 | Recovery 4.65% < 60.0% | Too close to 52WH: -22.08% | AvgVol10 590 < 300,000 | Not in Stage 2 (Price > SMA10W > SMA30W)
[JYOTI.BO] ❌ FAILED: RS 29 < 70.0 | Recovery 26.21% < 60.0% | AvgVol10 54,660 < 300,000 | Not in Stage 2 (Price > SMA10W > SMA30W)
[TCIIND.BO] ❌ FAILED: RS 29 < 70.0 | Recovery 10.7% < 60.0% | Too close to 52WH: -23.18% | AvgVol10 40 < 300,000 | Not in Stage 2 (Price > SMA10W > SMA30W)
[GODREJPROP.NS] ❌ FAILED: RS 29 < 70.0 | Recovery 16.44% < 60.0% | Not in Stage 2 (Price > SMA10W > SMA30W)
[KAIRA.BO] ❌ FAILED: RS 29 < 70.0 | Recovery 17.86% < 60.0% | Too close to 52WH: -25.37% | AvgVol10 70 < 300,000 | Not in Stage 2 (Price > SMA10W > SMA30W)
[AMAL.NS] ❌ FAILED: RS 29 < 70.0 | Recovery 4.64% < 60.0% | Too close to 52WH: -19.03% | AvgVol10 15,780 < 300,000 | Not in Stage 2 (Price > SMA10W > SMA30W)
[CLEDUCATE.NS] ❌ FAILED: RS 29 < 70.0 | Recovery 52.99% < 60.0% | AvgVol10 11,160 < 300,000 | Not in Stage 2 (Price > SMA10W > SMA30W)
[BALMLAWRIE.NS] ❌ FAILED: RS 29 < 70.0 | Recovery 9.52% < 60.0% | Too close to 52WH: -23.63% | AvgVol10 119,690 < 300,000 | Not in Stage 2 (Price > SMA10W > SMA30W)
[VOGL.NS] ❌ FAILED: RS 29 < 70.0 | Recovery 9.47% < 60.0% | Not in Stage 2 (Price > SMA10W > SMA30W)
[BNAGROCHEM.NS] ❌ FAILED: RS 29 < 70.0 | Recovery 8.2% < 60.0% | Too close to 52WH: -16.47% | AvgVol10 2,030 < 300,000 | Not in Stage 2 (Price > SMA10W > SMA30W)
[MRF.NS] ❌ FAILED: RS 29 < 70.0 | Recovery 1.17% < 60.0% | Too close to 52WH: -24.56% | AvgVol10 3,510 < 300,000 | Not in Stage 2 (Price > SMA10W > SMA30W)
[TITANSEC.BO] ❌ FAILED: RS 29 < 70.0 | Recovery 20.74% < 60.0% | AvgVol10 32,000 < 300,000 | Not in Stage 2 (Price > SMA10W > SMA30W)
[VIRATCRA.BO] ❌ FAILED: RS 29 < 70.0 | Recovery 28.33% < 60.0% | AvgVol10 880 < 300,000 | Not in Stage 2 (Price > SMA10W > SMA30W)
[SWADEIN.BO] ❌ FAILED: RS 29 < 70.0 | Recovery 21.5% < 60.0% | AvgVol10 2,400 < 300,000 | Not in Stage 2 (Price > SMA10W > SMA30W)
[AARON.NS] ❌ FAILED: RS 29 < 70.0 | Recovery 13.88% < 60.0% | AvgVol10 21,310 < 300,000 | Not in Stage 2 (Price > SMA10W > SMA30W)
[EVERESTIND.NS] ❌ FAILED: RS 29 < 70.0 | Recovery 48.14% < 60.0% | AvgVol10 6,500 < 300,000 | Not in Stage 2 (Price > SMA10W > SMA30W)
[HARIOMPIPE.NS] ❌ FAILED: RS 29 < 70.0 | Recovery 27.63% < 60.0% | AvgVol10 91,960 < 300,000 | Not in Stage 2 (Price > SMA10W > SMA30W)
[JINDALPHOT.NS] ❌ FAILED: RS 29 < 70.0 | Recovery 8.23% < 60.0% | AvgVol10 12,920 < 300,000 | Not in Stage 2 (Price > SMA10W > SMA30W)
[STOVACQ.BO] ❌ FAILED: RS 29 < 70.0 | Recovery 15.81% < 60.0% | AvgVol10 240 < 300,000 | Not in Stage 2 (Price > SMA10W > SMA30W)
[SHREESHAY.BO] ❌ FAILED: RS 29 < 70.0 | Price $23.97 < $30.0 | Recovery 18.37% < 60.0% | AvgVol10 1,550 < 300,000 | Not in Stage 2 (Price > SMA10W > SMA30W)
[DMART.NS] ❌ FAILED: RS 29 < 70.0 | Recovery 7.78% < 60.0% | Too close to 52WH: -18.1% | Not in Stage 2 (Price > SMA10W > SMA30W)
[STARIMAGIN.BO] ❌ FAILED: RS 29 < 70.0 | AvgVol10 13,500 < 300,000 | Not in Stage 2 (Price > SMA10W > SMA30W)
[BALAXI.NS] ❌ FAILED: RS 29 < 70.0 | Price $22.39 < $30.0 | Recovery 47.3% < 60.0% | AvgVol10 27,040 < 300,000 | Not in Stage 2 (Price > SMA10W > SMA30W)
[SUNILAGR.BO] ❌ FAILED: RS 29 < 70.0 | Recovery 4.54% < 60.0% | Too close to 52WH: -24.75% | AvgVol10 380 < 300,000 | Not in Stage 2 (Price > SMA10W > SMA30W)
[BLUECHIPT.BO] ❌ FAILED: RS 29 < 70.0 | Recovery 13.72% < 60.0% | AvgVol10 350 < 300,000 | Not in Stage 2 (Price > SMA10W > SMA30W)
[INDOSTAR.NS] ❌ FAILED: RS 29 < 70.0 | Recovery 17.77% < 60.0% | AvgVol10 81,270 < 300,000 | Not in Stage 2 (Price > SMA10W > SMA30W)
[THERMAX.NS] ❌ FAILED: RS 28 < 70.0 | Recovery 23.45% < 60.0% | AvgVol10 156,780 < 300,000 | Not in Stage 2 (Price > SMA10W > SMA30W)
[PRITHVIEXCH.BO] ❌ FAILED: RS 28 < 70.0 | Recovery 12.91% < 60.0% | AvgVol10 930 < 300,000 | Not in Stage 2 (Price > SMA10W > SMA30W)
[NDRAUTO.NS] ❌ FAILED: RS 28 < 70.0 | Recovery 19.26% < 60.0% | AvgVol10 28,410 < 300,000 | Not in Stage 2 (Price > SMA10W > SMA30W)
[CSBBANK.NS] ❌ FAILED: RS 28 < 70.0 | Recovery 9.75% < 60.0% | Not in Stage 2 (Price > SMA10W > SMA30W)
[VISVEN.BO] ❌ FAILED: RS 28 < 70.0 | Recovery 27.75% < 60.0% | AvgVol10 780 < 300,000
[KGPETRO.BO] ❌ FAILED: RS 28 < 70.0 | Recovery 18.05% < 60.0% | AvgVol10 20 < 300,000 | Not in Stage 2 (Price > SMA10W > SMA30W)
[AAVAS.NS] ❌ FAILED: RS 28 < 70.0 | Recovery 20.94% < 60.0% | AvgVol10 89,630 < 300,000 | Not in Stage 2 (Price > SMA10W > SMA30W)
[AHLADA.NS] ❌ FAILED: RS 28 < 70.0 | Recovery 23.54% < 60.0% | AvgVol10 16,520 < 300,000 | Not in Stage 2 (Price > SMA10W > SMA30W)
[ACTIVE.BO] ❌ FAILED: RS 28 < 70.0 | Recovery 16.16% < 60.0% | AvgVol10 5,740 < 300,000 | Not in Stage 2 (Price > SMA10W > SMA30W)
[HDBFS.NS] ❌ FAILED: RS 28 < 70.0 | Recovery 14.78% < 60.0% | Too close to 52WH: -19.99% | Not in Stage 2 (Price > SMA10W > SMA30W)
[SRF.NS] ❌ FAILED: RS 28 < 70.0 | Recovery 5.8% < 60.0% | Too close to 52WH: -22.38% | AvgVol10 218,850 < 300,000 | Not in Stage 2 (Price > SMA10W > SMA30W)
[SOUTHERNIN.BO] ❌ FAILED: RS 28 < 70.0 | Price $20.52 < $30.0 | Recovery 9.44% < 60.0% | Too close to 52WH: -26.69% | AvgVol10 900 < 300,000 | Not in Stage 2 (Price > SMA10W > SMA30W)
[UNITEDTEA.NS] ❌ FAILED: RS 28 < 70.0 | Recovery 3.17% < 60.0% | AvgVol10 2,150 < 300,000 | Not in Stage 2 (Price > SMA10W > SMA30W)
[MARBU.BO] ❌ FAILED: RS 28 < 70.0 | Recovery 16.42% < 60.0% | AvgVol10 550 < 300,000 | Not in Stage 2 (Price > SMA10W > SMA30W)
[BFUTILITIE.NS] ❌ FAILED: RS 28 < 70.0 | Recovery 39.92% < 60.0% | AvgVol10 55,050 < 300,000 | Not in Stage 2 (Price > SMA10W > SMA30W)
[LEHAR.BO] ❌ FAILED: RS 28 < 70.0 | Recovery 27.34% < 60.0% | AvgVol10 12,790 < 300,000 | Not in Stage 2 (Price > SMA10W > SMA30W)
[UNTTEMI.BO] ❌ FAILED: RS 28 < 70.0 | Recovery 8.33% < 60.0% | AvgVol10 10 < 300,000 | Not in Stage 2 (Price > SMA10W > SMA30W)
[VAIBHAVGBL.NS] ❌ FAILED: RS 28 < 70.0 | Recovery 14.7% < 60.0% | AvgVol10 189,580 < 300,000 | Not in Stage 2 (Price > SMA10W > SMA30W)
[SNOWMAN.NS] ❌ FAILED: RS 28 < 70.0 | Recovery 15.05% < 60.0% | AvgVol10 129,760 < 300,000 | Not in Stage 2 (Price > SMA10W > SMA30W)
[WCIL.NS] ❌ FAILED: RS 28 < 70.0 | Recovery 20.42% < 60.0% | AvgVol10 296,600 < 300,000 | Not in Stage 2 (Price > SMA10W > SMA30W)
[RAL.BO] ❌ FAILED: RS 28 < 70.0 | Recovery 48.24% < 60.0% | AvgVol10 1,440 < 300,000 | Not in Stage 2 (Price > SMA10W > SMA30W)
[TRILIANCE.BO] ❌ FAILED: RS 28 < 70.0 | AvgVol10 30 < 300,000
[EIHOTEL.NS] ❌ FAILED: RS 28 < 70.0 | Recovery 8.83% < 60.0% | Not in Stage 2 (Price > SMA10W > SMA30W)
[GOKAKTEX.BO] ❌ FAILED: RS 28 < 70.0 | Recovery 25.78% < 60.0% | AvgVol10 7,230 < 300,000 | Not in Stage 2 (Price > SMA10W > SMA30W)
[HERANBA.NS] ❌ FAILED: RS 28 < 70.0 | Recovery 15.81% < 60.0% | Not in Stage 2 (Price > SMA10W > SMA30W)
[CENTRALBK.NS] ❌ FAILED: RS 28 < 70.0 | Recovery 4.33% < 60.0% | Too close to 52WH: -25.24% | Not in Stage 2 (Price > SMA10W > SMA30W)
[HORIZONIND.NS] ❌ FAILED: RS 28 < 70.0 | Recovery 3.58% < 60.0% | Too close to 52WH: -14.04% | Not in Stage 2 (Price > SMA10W > SMA30W)
[DELHIVERY.NS] ❌ FAILED: RS 28 < 70.0 | Recovery 8.83% < 60.0% | Too close to 52WH: -22.23% | Not in Stage 2 (Price > SMA10W > SMA30W)
[BHANDERI.BO] ❌ FAILED: RS 28 < 70.0 | Recovery 3.31% < 60.0% | Too close to 52WH: -18.83% | AvgVol10 3,600 < 300,000 | Not in Stage 2 (Price > SMA10W > SMA30W)
[DEN.NS] ❌ FAILED: RS 28 < 70.0 | Price $26.00 < $30.0 | Recovery 15.45% < 60.0% | AvgVol10 250,660 < 300,000 | Not in Stage 2 (Price > SMA10W > SMA30W)
[AHASOLAR.BO] ❌ FAILED: RS 28 < 70.0 | Recovery 18.85% < 60.0% | AvgVol10 1,240 < 300,000 | Not in Stage 2 (Price > SMA10W > SMA30W)
[JKCEMENT.NS] ❌ FAILED: RS 28 < 70.0 | Recovery 6.89% < 60.0% | Too close to 52WH: -26.18% | AvgVol10 44,070 < 300,000 | Not in Stage 2 (Price > SMA10W > SMA30W)
[NLCINDIA.NS] ❌ FAILED: RS 28 < 70.0 | Recovery 11.61% < 60.0% | Not in Stage 2 (Price > SMA10W > SMA30W)
[SEKURITIND.NS] ❌ FAILED: RS 28 < 70.0 | Recovery 2.92% < 60.0% | Too close to 52WH: -13.26% | AvgVol10 24,930 < 300,000 | Not in Stage 2 (Price > SMA10W > SMA30W)
[BERVINL.BO] ❌ FAILED: RS 28 < 70.0 | Recovery 24.97% < 60.0% | AvgVol10 400 < 300,000 | Not in Stage 2 (Price > SMA10W > SMA30W)
[TATACHEM.NS] ❌ FAILED: RS 27 < 70.0 | Recovery 10.54% < 60.0% | Not in Stage 2 (Price > SMA10W > SMA30W)
[NILACHAL.BO] ❌ FAILED: RS 27 < 70.0 | Recovery 30.71% < 60.0% | AvgVol10 440 < 300,000 | Not in Stage 2 (Price > SMA10W > SMA30W)
[DYNPRO.NS] ❌ FAILED: RS 27 < 70.0 | Recovery 17.77% < 60.0% | AvgVol10 9,090 < 300,000 | Not in Stage 2 (Price > SMA10W > SMA30W)
[SIYSIL.NS] ❌ FAILED: RS 27 < 70.0 | Recovery 23.08% < 60.0% | AvgVol10 26,830 < 300,000 | Not in Stage 2 (Price > SMA10W > SMA30W)
[ELEMARB.BO] ❌ FAILED: RS 27 < 70.0 | Recovery 27.92% < 60.0% | AvgVol10 210 < 300,000 | Not in Stage 2 (Price > SMA10W > SMA30W)
[RAJRILTD.NS] ❌ FAILED: RS 27 < 70.0 | Price $20.80 < $30.0 | Recovery 7.16% < 60.0% | Too close to 52WH: -26.99% | AvgVol10 10,220 < 300,000 | Not in Stage 2 (Price > SMA10W > SMA30W)
[BBTC.NS] ❌ FAILED: RS 27 < 70.0 | Recovery 7.69% < 60.0% | AvgVol10 285,220 < 300,000 | Not in Stage 2 (Price > SMA10W > SMA30W)
[ORKLAINDIA.NS] ❌ FAILED: RS 27 < 70.0 | Recovery 3.95% < 60.0% | AvgVol10 83,530 < 300,000 | Not in Stage 2 (Price > SMA10W > SMA30W)
[DESCO.BO] ❌ FAILED: RS 27 < 70.0 | Recovery 49.88% < 60.0% | AvgVol10 32,750 < 300,000 | Not in Stage 2 (Price > SMA10W > SMA30W)
[CENTURYPLY.NS] ❌ FAILED: RS 27 < 70.0 | Recovery 9.79% < 60.0% | Too close to 52WH: -20.95% | AvgVol10 112,310 < 300,000 | Not in Stage 2 (Price > SMA10W > SMA30W)
[CPL.NS] ❌ FAILED: RS 27 < 70.0 | Recovery 2.54% < 60.0% | Too close to 52WH: -17.01% | AvgVol10 43,140 < 300,000 | Not in Stage 2 (Price > SMA10W > SMA30W)
[ATIL.BO] ❌ FAILED: RS 27 < 70.0 | Recovery 16.69% < 60.0% | AvgVol10 14,100 < 300,000 | Not in Stage 2 (Price > SMA10W > SMA30W)
[NIRAJ.NS] ❌ FAILED: RS 27 < 70.0 | Price $27.90 < $30.0 | Recovery 38.46% < 60.0% | AvgVol10 32,100 < 300,000 | Not in Stage 2 (Price > SMA10W > SMA30W)
[KALPATARU.NS] ❌ FAILED: RS 27 < 70.0 | Recovery 10.32% < 60.0% | AvgVol10 89,300 < 300,000 | Not in Stage 2 (Price > SMA10W > SMA30W)
[JAIPURKURT.NS] ❌ FAILED: RS 27 < 70.0 | Price $25.48 < $30.0 | Recovery 6.57% < 60.0% | AvgVol10 7,370 < 300,000 | Not in Stage 2 (Price > SMA10W > SMA30W)
[LOGICA.BO] ❌ FAILED: RS 27 < 70.0 | Recovery 16.8% < 60.0% | AvgVol10 30,240 < 300,000 | Not in Stage 2 (Price > SMA10W > SMA30W)
[HMEML.BO] ❌ FAILED: RS 27 < 70.0 | Recovery 28.87% < 60.0% | AvgVol10 4,960 < 300,000 | Not in Stage 2 (Price > SMA10W > SMA30W)
[BLEL.NS] ❌ FAILED: RS 27 < 70.0 | Recovery 7.25% < 60.0% | Too close to 52WH: -18.78% | Not in Stage 2 (Price > SMA10W > SMA30W)
[GUJCRED.BO] ❌ FAILED: RS 27 < 70.0 | Price $22.00 < $30.0 | Recovery 5.52% < 60.0% | AvgVol10 150 < 300,000 | Not in Stage 2 (Price > SMA10W > SMA30W)
[TCIEXP.NS] ❌ FAILED: RS 27 < 70.0 | Recovery 8.59% < 60.0% | AvgVol10 19,440 < 300,000 | Not in Stage 2 (Price > SMA10W > SMA30W)
[ABANSENT.NS] ❌ FAILED: RS 27 < 70.0 | Price $26.84 < $30.0 | Recovery 4.64% < 60.0% | Too close to 52WH: -18.15% | AvgVol10 6,580 < 300,000 | Not in Stage 2 (Price > SMA10W > SMA30W)
[GUJCRAFT.BO] ❌ FAILED: RS 27 < 70.0 | Recovery 3.73% < 60.0% | AvgVol10 910 < 300,000 | Not in Stage 2 (Price > SMA10W > SMA30W)
[POLYCHMP.BO] ❌ FAILED: RS 27 < 70.0 | Recovery 6.1% < 60.0% | AvgVol10 1,740 < 300,000 | Not in Stage 2 (Price > SMA10W > SMA30W)
[SHILGRAVQ.NS] ❌ FAILED: RS 27 < 70.0 | Recovery 3.88% < 60.0% | Too close to 52WH: -20.22% | AvgVol10 9,150 < 300,000 | Not in Stage 2 (Price > SMA10W > SMA30W)
[POONADAL.BO] ❌ FAILED: RS 27 < 70.0 | Recovery 4.71% < 60.0% | AvgVol10 1,240 < 300,000 | Not in Stage 2 (Price > SMA10W > SMA30W)
[KEYFINSERV.NS] ❌ FAILED: RS 27 < 70.0 | Recovery 1.68% < 60.0% | AvgVol10 750 < 300,000 | Not in Stage 2 (Price > SMA10W > SMA30W)
[ALFAICA.BO] ❌ FAILED: RS 27 < 70.0 | Recovery 8.29% < 60.0% | AvgVol10 120 < 300,000 | Not in Stage 2 (Price > SMA10W > SMA30W)
[ASIIL.BO] ❌ FAILED: RS 27 < 70.0 | Price $23.35 < $30.0 | Recovery 22.89% < 60.0% | AvgVol10 13,250 < 300,000 | Not in Stage 2 (Price > SMA10W > SMA30W)
[CHLLTD.BO] ❌ FAILED: RS 27 < 70.0 | Price $27.00 < $30.0 | Recovery 14.26% < 60.0% | AvgVol10 1,420 < 300,000 | Not in Stage 2 (Price > SMA10W > SMA30W)
[RENUKA.NS] ❌ FAILED: RS 27 < 70.0 | Price $22.91 < $30.0 | Recovery 8.84% < 60.0% | Not in Stage 2 (Price > SMA10W > SMA30W)
[HGS.NS] ❌ FAILED: RS 27 < 70.0 | Recovery 8.86% < 60.0% | AvgVol10 12,920 < 300,000 | Not in Stage 2 (Price > SMA10W > SMA30W)
[APTUS.NS] ❌ FAILED: RS 27 < 70.0 | Recovery 23.02% < 60.0% | Not in Stage 2 (Price > SMA10W > SMA30W)
[VISHALBL.BO] ❌ FAILED: RS 27 < 70.0 | Recovery 36.48% < 60.0% | AvgVol10 1,240 < 300,000 | Not in Stage 2 (Price > SMA10W > SMA30W)
[JKIL.NS] ❌ FAILED: RS 27 < 70.0 | Recovery 8.53% < 60.0% | AvgVol10 53,280 < 300,000 | Not in Stage 2 (Price > SMA10W > SMA30W)
[GATEWAY.NS] ❌ FAILED: RS 27 < 70.0 | Recovery 7.86% < 60.0% | Too close to 52WH: -20.7% | Not in Stage 2 (Price > SMA10W > SMA30W)
[JENBURPH.NS] ❌ FAILED: RS 27 < 70.0 | Recovery 1.65% < 60.0% | Too close to 52WH: -13.76% | AvgVol10 1,970 < 300,000 | Not in Stage 2 (Price > SMA10W > SMA30W)
[SOURCENTRL.BO] ❌ FAILED: RS 27 < 70.0 | Recovery 11.86% < 60.0% | AvgVol10 1,060 < 300,000 | Not in Stage 2 (Price > SMA10W > SMA30W)
[WAAREE.BO] ❌ FAILED: RS 27 < 70.0 | Recovery 51.39% < 60.0% | AvgVol10 5,630 < 300,000 | Not in Stage 2 (Price > SMA10W > SMA30W)
[STCINDIA.NS] ❌ FAILED: RS 26 < 70.0 | Recovery 10.17% < 60.0% | AvgVol10 12,440 < 300,000 | Not in Stage 2 (Price > SMA10W > SMA30W)
[ELNET.BO] ❌ FAILED: RS 26 < 70.0 | Recovery 5.24% < 60.0% | Too close to 52WH: -22.48% | AvgVol10 2,290 < 300,000 | Not in Stage 2 (Price > SMA10W > SMA30W)
[PNBGILTS.NS] ❌ FAILED: RS 26 < 70.0 | Recovery 25.05% < 60.0% | Not in Stage 2 (Price > SMA10W > SMA30W)
[COSCO.BO] ❌ FAILED: RS 26 < 70.0 | Recovery 12.5% < 60.0% | AvgVol10 830 < 300,000 | Not in Stage 2 (Price > SMA10W > SMA30W)
[ISHANCH.NS] ❌ FAILED: RS 26 < 70.0 | Recovery 20.04% < 60.0% | AvgVol10 45,050 < 300,000 | Not in Stage 2 (Price > SMA10W > SMA30W)
[HARLETH.BO] ❌ FAILED: RS 26 < 70.0 | Recovery 12.12% < 60.0% | AvgVol10 510 < 300,000 | Not in Stage 2 (Price > SMA10W > SMA30W)
[EIHAHOTELS.NS] ❌ FAILED: RS 26 < 70.0 | Recovery 8.76% < 60.0% | AvgVol10 22,120 < 300,000 | Not in Stage 2 (Price > SMA10W > SMA30W)
[KRYPTONQ.BO] ❌ FAILED: RS 26 < 70.0 | Recovery 23.25% < 60.0% | AvgVol10 2,940 < 300,000 | Not in Stage 2 (Price > SMA10W > SMA30W)
[KARMAENG.NS] ❌ FAILED: RS 26 < 70.0 | Recovery 13.85% < 60.0% | AvgVol10 20,290 < 300,000 | Not in Stage 2 (Price > SMA10W > SMA30W)
[MONTECARLO.NS] ❌ FAILED: RS 26 < 70.0 | Recovery 10.79% < 60.0% | AvgVol10 67,150 < 300,000 | Not in Stage 2 (Price > SMA10W > SMA30W)
[CWD.BO] ❌ FAILED: RS 26 < 70.0 | Recovery 15.22% < 60.0% | AvgVol10 31,500 < 300,000 | Not in Stage 2 (Price > SMA10W > SMA30W)
[GUJHOTE.BO] ❌ FAILED: RS 26 < 70.0 | Recovery 6.5% < 60.0% | AvgVol10 1,400 < 300,000 | Not in Stage 2 (Price > SMA10W > SMA30W)
[SUNSHIEL.NS] ❌ FAILED: RS 26 < 70.0 | Recovery 0.81% < 60.0% | Too close to 52WH: -13.33% | AvgVol10 3,200 < 300,000 | Not in Stage 2 (Price > SMA10W > SMA30W)
[KEL.BO] ❌ FAILED: RS 26 < 70.0 | Price $26.07 < $30.0 | Recovery 19.15% < 60.0% | AvgVol10 10 < 300,000 | Not in Stage 2 (Price > SMA10W > SMA30W)
[SUYOG.NS] ❌ FAILED: RS 26 < 70.0 | Recovery 21.92% < 60.0% | AvgVol10 15,370 < 300,000 | Not in Stage 2 (Price > SMA10W > SMA30W)
[GOGIACAPGL.BO] ❌ FAILED: RS 26 < 70.0 | Recovery 25.41% < 60.0% | AvgVol10 370 < 300,000 | Not in Stage 2 (Price > SMA10W > SMA30W)
[YAASHVI.BO] ❌ FAILED: RS 26 < 70.0 | Recovery 29.89% < 60.0% | Too close to 52WH: -21.92% | AvgVol10 83,200 < 300,000 | Not in Stage 2 (Price > SMA10W > SMA30W)
[BRITANNIA.NS] ❌ FAILED: RS 26 < 70.0 | Recovery 0.94% < 60.0% | Too close to 52WH: -21.62% | AvgVol10 217,740 < 300,000 | Not in Stage 2 (Price > SMA10W > SMA30W)
[SHANKARA.NS] ❌ FAILED: RS 26 < 70.0 | Recovery 29.61% < 60.0% | AvgVol10 148,480 < 300,000 | Not in Stage 2 (Price > SMA10W > SMA30W)
[OLECTRA.NS] ❌ FAILED: RS 26 < 70.0 | Recovery 35.45% < 60.0% | Too close to 52WH: -26.41% | Not in Stage 2 (Price > SMA10W > SMA30W)
[UPL.NS] ❌ FAILED: RS 26 < 70.0 | Recovery 1.23% < 60.0% | Not in Stage 2 (Price > SMA10W > SMA30W)
[3PLAND.NS] ❌ FAILED: RS 26 < 70.0 | Recovery 8.14% < 60.0% | AvgVol10 11,550 < 300,000 | Not in Stage 2 (Price > SMA10W > SMA30W)
[EARKART.BO] ❌ FAILED: RS 26 < 70.0 | Recovery 24.58% < 60.0% | AvgVol10 1,000 < 300,000 | Not in Stage 2 (Price > SMA10W > SMA30W)
[AWL.NS] ❌ FAILED: RS 26 < 70.0 | Recovery 5.53% < 60.0% | Not in Stage 2 (Price > SMA10W > SMA30W)
[AADHARHFC.NS] ❌ FAILED: RS 26 < 70.0 | Recovery 1.58% < 60.0% | Too close to 52WH: -22.39% | Not in Stage 2 (Price > SMA10W > SMA30W)
[REPCOHOME.NS] ❌ FAILED: RS 26 < 70.0 | Recovery 3.94% < 60.0% | Too close to 52WH: -23.94% | AvgVol10 84,720 < 300,000 | Not in Stage 2 (Price > SMA10W > SMA30W)
[TTKPRESTIG.NS] ❌ FAILED: RS 26 < 70.0 | Recovery 21.48% < 60.0% | AvgVol10 57,770 < 300,000 | Not in Stage 2 (Price > SMA10W > SMA30W)
[SAMHI.NS] ❌ FAILED: RS 26 < 70.0 | Recovery 18.24% < 60.0% | Not in Stage 2 (Price > SMA10W > SMA30W)
[VAML.NS] ❌ FAILED: RS 26 < 70.0 | Recovery 4.71% < 60.0% | Too close to 52WH: -21.78% | Not in Stage 2 (Price > SMA10W > SMA30W)
[TAJGVK.NS] ❌ FAILED: RS 26 < 70.0 | Recovery 12.05% < 60.0% | AvgVol10 46,770 < 300,000 | Not in Stage 2 (Price > SMA10W > SMA30W)
[ORISSAMINE.NS] ❌ FAILED: RS 26 < 70.0 | Recovery 18.29% < 60.0% | AvgVol10 9,780 < 300,000 | Not in Stage 2 (Price > SMA10W > SMA30W)
[ASAL.NS] ❌ FAILED: RS 26 < 70.0 | Recovery 14.61% < 60.0% | AvgVol10 12,540 < 300,000 | Not in Stage 2 (Price > SMA10W > SMA30W)
[TECHNOE.NS] ❌ FAILED: RS 26 < 70.0 | Recovery 12.86% < 60.0% | AvgVol10 146,270 < 300,000 | Not in Stage 2 (Price > SMA10W > SMA30W)
[AEL.BO] ❌ FAILED: RS 26 < 70.0 | Recovery 22.23% < 60.0% | AvgVol10 8,100 < 300,000 | Not in Stage 2 (Price > SMA10W > SMA30W)
[ADVANIHOTR.NS] ❌ FAILED: RS 26 < 70.0 | Recovery 2.95% < 60.0% | Too close to 52WH: -26.52% | AvgVol10 20,050 < 300,000 | Not in Stage 2 (Price > SMA10W > SMA30W)
[IREDA.NS] ❌ FAILED: RS 26 < 70.0 | Recovery 6.91% < 60.0% | Not in Stage 2 (Price > SMA10W > SMA30W)
[MISHDESIGN.BO] ❌ FAILED: RS 26 < 70.0 | Recovery 21.08% < 60.0% | AvgVol10 2,100 < 300,000 | Not in Stage 2 (Price > SMA10W > SMA30W)
[GOWRALE.BO] ❌ FAILED: RS 25 < 70.0 | Recovery 26.15% < 60.0% | AvgVol10 1,390 < 300,000 | Not in Stage 2 (Price > SMA10W > SMA30W)
[HINDCOMPOS.NS] ❌ FAILED: RS 25 < 70.0 | Recovery 9.25% < 60.0% | AvgVol10 3,670 < 300,000 | Not in Stage 2 (Price > SMA10W > SMA30W)
[MANSIFIN.BO] ❌ FAILED: RS 25 < 70.0 | Recovery 5.6% < 60.0% | AvgVol10 170 < 300,000 | Not in Stage 2 (Price > SMA10W > SMA30W)
[MULTIBASE.BO] ❌ FAILED: RS 25 < 70.0 | Recovery 9.46% < 60.0% | AvgVol10 4,170 < 300,000 | Not in Stage 2 (Price > SMA10W > SMA30W)
[CIEINDIA.NS] ❌ FAILED: RS 25 < 70.0 | Recovery 4.48% < 60.0% | Not in Stage 2 (Price > SMA10W > SMA30W)
[GLOBUSSPR.NS] ❌ FAILED: RS 25 < 70.0 | Recovery 2.39% < 60.0% | AvgVol10 63,910 < 300,000 | Not in Stage 2 (Price > SMA10W > SMA30W)
[STAL.BO] ❌ FAILED: RS 25 < 70.0 | Recovery 35.52% < 60.0% | AvgVol10 4,480 < 300,000 | Not in Stage 2 (Price > SMA10W > SMA30W)
[ZUARI.NS] ❌ FAILED: RS 25 < 70.0 | Recovery 24.0% < 60.0% | AvgVol10 74,030 < 300,000 | Not in Stage 2 (Price > SMA10W > SMA30W)
[KDGREEN.BO] ❌ FAILED: RS 25 < 70.0 | Recovery 29.25% < 60.0% | AvgVol10 29,070 < 300,000 | Not in Stage 2 (Price > SMA10W > SMA30W)
[NAGREEKEXP.NS] ❌ FAILED: RS 25 < 70.0 | Price $22.31 < $30.0 | Recovery 27.49% < 60.0% | AvgVol10 63,760 < 300,000 | Not in Stage 2 (Price > SMA10W > SMA30W)
[EMERGENT.BO] ❌ FAILED: RS 25 < 70.0 | Recovery 28.06% < 60.0% | AvgVol10 60 < 300,000 | Not in Stage 2 (Price > SMA10W > SMA30W)
[POCL.NS] ❌ FAILED: RS 25 < 70.0 | Recovery 15.41% < 60.0% | Not in Stage 2 (Price > SMA10W > SMA30W)
[PRSMJOHNSN.NS] ❌ FAILED: RS 25 < 70.0 | Recovery 18.59% < 60.0% | Not in Stage 2 (Price > SMA10W > SMA30W)
[SITAENT.BO] ❌ FAILED: RS 25 < 70.0 | Recovery 16.35% < 60.0% | AvgVol10 13,780 < 300,000 | Not in Stage 2 (Price > SMA10W > SMA30W)
[WAA.BO] ❌ FAILED: RS 25 < 70.0 | Recovery 12.47% < 60.0% | AvgVol10 7,920 < 300,000 | Not in Stage 2 (Price > SMA10W > SMA30W)
[ELECTCAST.NS] ❌ FAILED: RS 25 < 70.0 | Recovery 20.28% < 60.0% | Too close to 52WH: -26.92% | Not in Stage 2 (Price > SMA10W > SMA30W)
[HARRMALAYA.NS] ❌ FAILED: RS 25 < 70.0 | Recovery 9.27% < 60.0% | AvgVol10 8,300 < 300,000 | Not in Stage 2 (Price > SMA10W > SMA30W)
[BANG.NS] ❌ FAILED: RS 25 < 70.0 | Recovery 22.64% < 60.0% | AvgVol10 24,590 < 300,000 | Not in Stage 2 (Price > SMA10W > SMA30W)
[MUTHOOTFIN.NS] ❌ FAILED: RS 25 < 70.0 | Recovery 3.33% < 60.0% | Not in Stage 2 (Price > SMA10W > SMA30W)
[RUBFILA.NS] ❌ FAILED: RS 25 < 70.0 | Recovery 8.83% < 60.0% | AvgVol10 60,840 < 300,000 | Not in Stage 2 (Price > SMA10W > SMA30W)
[JBMA.NS] ❌ FAILED: RS 25 < 70.0 | Recovery 19.72% < 60.0% | Too close to 52WH: -22.67% | AvgVol10 244,970 < 300,000 | Not in Stage 2 (Price > SMA10W > SMA30W)
[CHAMBLFERT.NS] ❌ FAILED: RS 25 < 70.0 | Recovery 4.68% < 60.0% | Too close to 52WH: -20.27% | Not in Stage 2 (Price > SMA10W > SMA30W)
[RIIL.NS] ❌ FAILED: RS 25 < 70.0 | Recovery 11.06% < 60.0% | AvgVol10 42,200 < 300,000 | Not in Stage 2 (Price > SMA10W > SMA30W)
[BELLACASA.NS] ❌ FAILED: RS 25 < 70.0 | Recovery 24.14% < 60.0% | AvgVol10 16,140 < 300,000 | Not in Stage 2 (Price > SMA10W > SMA30W)
[DCM.NS] ❌ FAILED: RS 25 < 70.0 | Recovery 36.55% < 60.0% | AvgVol10 12,430 < 300,000 | Not in Stage 2 (Price > SMA10W > SMA30W)
[SKILVEN.BO] ❌ FAILED: RS 25 < 70.0 | Price $20.00 < $30.0 | Recovery 0.0% < 60.0% | AvgVol10 0 < 300,000 | Not in Stage 2 (Price > SMA10W > SMA30W)
[WANBURY.NS] ❌ FAILED: RS 25 < 70.0 | Recovery 37.62% < 60.0% | AvgVol10 159,820 < 300,000 | Not in Stage 2 (Price > SMA10W > SMA30W)
[FINELINE.BO] ❌ FAILED: RS 25 < 70.0 | Recovery 34.8% < 60.0% | AvgVol10 1,660 < 300,000 | Not in Stage 2 (Price > SMA10W > SMA30W)
[POLYCHEM.BO] ❌ FAILED: RS 25 < 70.0 | Recovery 2.21% < 60.0% | AvgVol10 50 < 300,000 | Not in Stage 2 (Price > SMA10W > SMA30W)
[MUKESHB.NS] ❌ FAILED: RS 25 < 70.0 | Recovery 1.6% < 60.0% | Too close to 52WH: -13.61% | AvgVol10 90 < 300,000 | Not in Stage 2 (Price > SMA10W > SMA30W)
[BHARATGEAR.NS] ❌ FAILED: RS 25 < 70.0 | Recovery 19.12% < 60.0% | AvgVol10 10,510 < 300,000 | Not in Stage 2 (Price > SMA10W > SMA30W)
[FRACTAL.NS] ❌ FAILED: RS 25 < 70.0 | Recovery 1.14% < 60.0% | AvgVol10 240,930 < 300,000 | Not in Stage 2 (Price > SMA10W > SMA30W)
[GALLANTT.NS] ❌ FAILED: RS 25 < 70.0 | Recovery 8.12% < 60.0% | AvgVol10 119,050 < 300,000 | Not in Stage 2 (Price > SMA10W > SMA30W)
[RRECL.NS] ❌ FAILED: RS 25 < 70.0 | Recovery 7.3% < 60.0% | Too close to 52WH: -21.5% | AvgVol10 510 < 300,000 | Not in Stage 2 (Price > SMA10W > SMA30W)
[JAMSHRI.BO] ❌ FAILED: RS 25 < 70.0 | Recovery 8.16% < 60.0% | AvgVol10 840 < 300,000 | Not in Stage 2 (Price > SMA10W > SMA30W)
[BEARDSELL.NS] ❌ FAILED: RS 25 < 70.0 | Price $24.58 < $30.0 | Recovery 22.78% < 60.0% | AvgVol10 16,970 < 300,000 | Not in Stage 2 (Price > SMA10W > SMA30W)
[ONMOBILE.NS] ❌ FAILED: RS 24 < 70.0 | Recovery 26.44% < 60.0% | AvgVol10 72,980 < 300,000 | Not in Stage 2 (Price > SMA10W > SMA30W)
[INA.NS] ❌ FAILED: RS 24 < 70.0 | Recovery 11.7% < 60.0% | Not in Stage 2 (Price > SMA10W > SMA30W)
[INDTONER.BO] ❌ FAILED: RS 24 < 70.0 | Recovery 7.13% < 60.0% | Too close to 52WH: -25.56% | AvgVol10 9,540 < 300,000 | Not in Stage 2 (Price > SMA10W > SMA30W)
[NNTL.BO] ❌ FAILED: RS 24 < 70.0 | Recovery 18.57% < 60.0% | AvgVol10 230 < 300,000 | Not in Stage 2 (Price > SMA10W > SMA30W)
[POEL.NS] ❌ FAILED: RS 24 < 70.0 | Recovery 4.0% < 60.0% | Too close to 52WH: -16.35% | AvgVol10 27,940 < 300,000 | Not in Stage 2 (Price > SMA10W > SMA30W)
[FABTECH.NS] ❌ FAILED: RS 24 < 70.0 | Recovery 8.71% < 60.0% | AvgVol10 61,340 < 300,000 | Not in Stage 2 (Price > SMA10W > SMA30W)
[GOPAL.NS] ❌ FAILED: RS 24 < 70.0 | Recovery 2.93% < 60.0% | AvgVol10 129,790 < 300,000 | Not in Stage 2 (Price > SMA10W > SMA30W)
[MRCAGRO.BO] ❌ FAILED: RS 24 < 70.0 | Recovery 38.23% < 60.0% | AvgVol10 110,280 < 300,000 | Not in Stage 2 (Price > SMA10W > SMA30W)
[ABCINDQ.BO] ❌ FAILED: RS 24 < 70.0 | Recovery 15.48% < 60.0% | AvgVol10 1,330 < 300,000 | Not in Stage 2 (Price > SMA10W > SMA30W)
[FACT.NS] ❌ FAILED: RS 24 < 70.0 | Recovery 17.7% < 60.0% | AvgVol10 235,780 < 300,000 | Not in Stage 2 (Price > SMA10W > SMA30W)
[ASHISHPO.BO] ❌ FAILED: RS 24 < 70.0 | Price $28.56 < $30.0 | Recovery 9.22% < 60.0% | AvgVol10 320 < 300,000 | Not in Stage 2 (Price > SMA10W > SMA30W)
[RELCHEMQ.NS] ❌ FAILED: RS 24 < 70.0 | Recovery 10.0% < 60.0% | AvgVol10 22,460 < 300,000 | Not in Stage 2 (Price > SMA10W > SMA30W)
[SURYAROSNI.NS] ❌ FAILED: RS 24 < 70.0 | Recovery 17.48% < 60.0% | Not in Stage 2 (Price > SMA10W > SMA30W)
[INDRAMEDCO.NS] ❌ FAILED: RS 24 < 70.0 | Recovery 5.26% < 60.0% | AvgVol10 229,570 < 300,000 | Not in Stage 2 (Price > SMA10W > SMA30W)
[METAINFO.BO] ❌ FAILED: RS 24 < 70.0 | Recovery 45.76% < 60.0% | AvgVol10 20,640 < 300,000 | Not in Stage 2 (Price > SMA10W > SMA30W)
[KPIGREEN.NS] ❌ FAILED: RS 24 < 70.0 | Recovery 31.43% < 60.0% | Not in Stage 2 (Price > SMA10W > SMA30W)
[CANFINHOME.NS] ❌ FAILED: RS 24 < 70.0 | Recovery 0.35% < 60.0% | Too close to 52WH: -24.08% | AvgVol10 293,520 < 300,000 | Not in Stage 2 (Price > SMA10W > SMA30W)
[RHL.NS] ❌ FAILED: RS 24 < 70.0 | Recovery 1.81% < 60.0% | AvgVol10 3,850 < 300,000 | Not in Stage 2 (Price > SMA10W > SMA30W)
[REPRO.NS] ❌ FAILED: RS 24 < 70.0 | Recovery 20.9% < 60.0% | AvgVol10 36,520 < 300,000 | Not in Stage 2 (Price > SMA10W > SMA30W)
[ITCHOTELS.NS] ❌ FAILED: RS 24 < 70.0 | Recovery 15.49% < 60.0% | Not in Stage 2 (Price > SMA10W > SMA30W)
[BMWVENTLTD.NS] ❌ FAILED: RS 24 < 70.0 | Recovery 7.08% < 60.0% | AvgVol10 208,590 < 300,000 | Not in Stage 2 (Price > SMA10W > SMA30W)
[RAMCOCEM.NS] ❌ FAILED: RS 24 < 70.0 | Recovery 1.23% < 60.0% | AvgVol10 236,540 < 300,000 | Not in Stage 2 (Price > SMA10W > SMA30W)
[FAZE3Q.NS] ❌ FAILED: RS 24 < 70.0 | Recovery 32.65% < 60.0% | AvgVol10 20,980 < 300,000 | Not in Stage 2 (Price > SMA10W > SMA30W)
[JSWCEMENT.NS] ❌ FAILED: RS 24 < 70.0 | Recovery 5.48% < 60.0% | Too close to 52WH: -21.56% | Not in Stage 2 (Price > SMA10W > SMA30W)
[GOKEX.NS] ❌ FAILED: RS 24 < 70.0 | Recovery 26.53% < 60.0% | AvgVol10 296,000 < 300,000 | Not in Stage 2 (Price > SMA10W > SMA30W)
[SHREERAMA.NS] ❌ FAILED: RS 24 < 70.0 | Recovery 15.34% < 60.0% | AvgVol10 58,380 < 300,000 | Not in Stage 2 (Price > SMA10W > SMA30W)
[BSL.NS] ❌ FAILED: RS 24 < 70.0 | Recovery 20.91% < 60.0% | AvgVol10 4,160 < 300,000 | Not in Stage 2 (Price > SMA10W > SMA30W)
[IEX.NS] ❌ FAILED: RS 24 < 70.0 | Recovery 0.91% < 60.0% | Not in Stage 2 (Price > SMA10W > SMA30W)
[TRIDENT.NS] ❌ FAILED: RS 24 < 70.0 | Price $22.93 < $30.0 | Recovery 4.32% < 60.0% | Too close to 52WH: -25.89% | Not in Stage 2 (Price > SMA10W > SMA30W)
[RELIANCE.NS] ❌ FAILED: RS 24 < 70.0 | Recovery 0.05% < 60.0% | Too close to 52WH: -25.7% | Not in Stage 2 (Price > SMA10W > SMA30W)
[GMDCLTD.NS] ❌ FAILED: RS 24 < 70.0 | Recovery 11.97% < 60.0% | Not in Stage 2 (Price > SMA10W > SMA30W)
[AUSTERE.BO] ❌ FAILED: RS 24 < 70.0 | Recovery 23.29% < 60.0% | AvgVol10 23,000 < 300,000 | Not in Stage 2 (Price > SMA10W > SMA30W)
[ORIENTTECH.NS] ❌ FAILED: RS 24 < 70.0 | Recovery 5.89% < 60.0% | AvgVol10 159,890 < 300,000 | Not in Stage 2 (Price > SMA10W > SMA30W)
[GSAUTO.BO] ❌ FAILED: RS 24 < 70.0 | Price $18.63 < $30.0 | Recovery 47.16% < 60.0% | AvgVol10 14,510 < 300,000 | Not in Stage 2 (Price > SMA10W > SMA30W)
[FINPIPE.NS] ❌ FAILED: RS 24 < 70.0 | Recovery 2.76% < 60.0% | Not in Stage 2 (Price > SMA10W > SMA30W)
[GAGAN.BO] ❌ FAILED: RS 24 < 70.0 | Price $19.65 < $30.0 | AvgVol10 3,120 < 300,000 | Not in Stage 2 (Price > SMA10W > SMA30W)
[INDIANCARD.NS] ❌ FAILED: RS 24 < 70.0 | Recovery 23.98% < 60.0% | AvgVol10 1,820 < 300,000 | Not in Stage 2 (Price > SMA10W > SMA30W)
[MHEL.BO] ❌ FAILED: RS 24 < 70.0 | Recovery 22.09% < 60.0% | AvgVol10 330 < 300,000 | Not in Stage 2 (Price > SMA10W > SMA30W)
[INTERARCH.NS] ❌ FAILED: RS 24 < 70.0 | Recovery 6.64% < 60.0% | AvgVol10 45,210 < 300,000 | Not in Stage 2 (Price > SMA10W > SMA30W)
[TATACONSUM.NS] ❌ FAILED: RS 23 < 70.0 | Recovery 0.47% < 60.0% | Too close to 52WH: -25.16% | Not in Stage 2 (Price > SMA10W > SMA30W)
[DOLATALGO.NS] ❌ FAILED: RS 23 < 70.0 | Recovery 1.28% < 60.0% | AvgVol10 109,950 < 300,000 | Not in Stage 2 (Price > SMA10W > SMA30W)
[SHINEFASH.BO] ❌ FAILED: RS 23 < 70.0 | Price $22.78 < $30.0 | Recovery 36.0% < 60.0% | AvgVol10 5,330 < 300,000 | Not in Stage 2 (Price > SMA10W > SMA30W)
[DEFRAIL.BO] ❌ FAILED: RS 23 < 70.0 | Recovery 9.12% < 60.0% | AvgVol10 5,120 < 300,000 | Not in Stage 2 (Price > SMA10W > SMA30W)
[DODLA.NS] ❌ FAILED: RS 23 < 70.0 | Recovery 4.63% < 60.0% | AvgVol10 19,360 < 300,000 | Not in Stage 2 (Price > SMA10W > SMA30W)
[PLATIND.NS] ❌ FAILED: RS 23 < 70.0 | Recovery 12.21% < 60.0% | AvgVol10 52,800 < 300,000 | Not in Stage 2 (Price > SMA10W > SMA30W)
[THOMASCOOK.NS] ❌ FAILED: RS 23 < 70.0 | Recovery 18.33% < 60.0% | Not in Stage 2 (Price > SMA10W > SMA30W)
[SOBHA.NS] ❌ FAILED: RS 23 < 70.0 | Recovery 7.85% < 60.0% | AvgVol10 76,420 < 300,000 | Not in Stage 2 (Price > SMA10W > SMA30W)
[RVHL.NS] ❌ FAILED: RS 23 < 70.0 | Recovery 35.65% < 60.0% | AvgVol10 6,790 < 300,000 | Not in Stage 2 (Price > SMA10W > SMA30W)
[GENCON.NS] ❌ FAILED: RS 23 < 70.0 | Recovery 3.85% < 60.0% | AvgVol10 277,330 < 300,000 | Not in Stage 2 (Price > SMA10W > SMA30W)
[CAMPUS.NS] ❌ FAILED: RS 23 < 70.0 | Recovery 1.85% < 60.0% | Too close to 52WH: -26.67% | Not in Stage 2 (Price > SMA10W > SMA30W)
[SOUTLAT.BO] ❌ FAILED: RS 23 < 70.0 | Recovery 58.32% < 60.0% | AvgVol10 190 < 300,000
[ARIHANTSUP.NS] ❌ FAILED: RS 23 < 70.0 | Recovery 25.13% < 60.0% | AvgVol10 5,810 < 300,000 | Not in Stage 2 (Price > SMA10W > SMA30W)
[SANOFICONR.NS] ❌ FAILED: RS 23 < 70.0 | Recovery 3.68% < 60.0% | Too close to 52WH: -24.33% | AvgVol10 4,060 < 300,000 | Not in Stage 2 (Price > SMA10W > SMA30W)
[DALBHARAT.NS] ❌ FAILED: RS 23 < 70.0 | Recovery 2.9% < 60.0% | AvgVol10 110,370 < 300,000 | Not in Stage 2 (Price > SMA10W > SMA30W)
[JAMESWARREN.BO] ❌ FAILED: RS 23 < 70.0 | Recovery 1.13% < 60.0% | AvgVol10 600 < 300,000 | Not in Stage 2 (Price > SMA10W > SMA30W)
[DCAL.NS] ❌ FAILED: RS 23 < 70.0 | Recovery 27.84% < 60.0% | AvgVol10 276,690 < 300,000 | Not in Stage 2 (Price > SMA10W > SMA30W)
[FLOMIC.BO] ❌ FAILED: RS 23 < 70.0 | Recovery 27.57% < 60.0% | AvgVol10 830 < 300,000 | Not in Stage 2 (Price > SMA10W > SMA30W)
[ARVINDFASN.NS] ❌ FAILED: RS 23 < 70.0 | Recovery 12.98% < 60.0% | AvgVol10 235,180 < 300,000 | Not in Stage 2 (Price > SMA10W > SMA30W)
[SML.BO] ❌ FAILED: RS 23 < 70.0 | Recovery 58.26% < 60.0% | AvgVol10 230 < 300,000 | Not in Stage 2 (Price > SMA10W > SMA30W)
[EUROBOND.NS] ❌ FAILED: RS 23 < 70.0 | Recovery 18.71% < 60.0% | AvgVol10 2,810 < 300,000 | Not in Stage 2 (Price > SMA10W > SMA30W)
[NAVNETEDUL.NS] ❌ FAILED: RS 23 < 70.0 | Recovery 0.98% < 60.0% | Too close to 52WH: -26.67% | AvgVol10 96,040 < 300,000 | Not in Stage 2 (Price > SMA10W > SMA30W)
[KTIL.BO] ❌ FAILED: RS 23 < 70.0 | Recovery 13.99% < 60.0% | AvgVol10 2,750 < 300,000 | Not in Stage 2 (Price > SMA10W > SMA30W)
[RVTH.NS] ❌ FAILED: RS 23 < 70.0 | Recovery 28.95% < 60.0% | AvgVol10 1,210 < 300,000 | Not in Stage 2 (Price > SMA10W > SMA30W)
[HDFCAMC.NS] ❌ FAILED: RS 23 < 70.0 | Recovery 4.38% < 60.0% | Too close to 52WH: -22.41% | Not in Stage 2 (Price > SMA10W > SMA30W)
[PATELENG.NS] ❌ FAILED: RS 23 < 70.0 | Price $26.90 < $30.0 | Recovery 22.27% < 60.0% | Not in Stage 2 (Price > SMA10W > SMA30W)
[VOLTAS.NS] ❌ FAILED: RS 23 < 70.0 | Recovery 4.1% < 60.0% | Not in Stage 2 (Price > SMA10W > SMA30W)
[CITADEL.BO] ❌ FAILED: RS 23 < 70.0 | Recovery 15.56% < 60.0% | AvgVol10 3,170 < 300,000 | Not in Stage 2 (Price > SMA10W > SMA30W)
[HERCULES.BO] ❌ FAILED: RS 23 < 70.0 | Recovery 31.45% < 60.0% | AvgVol10 6,000 < 300,000 | Not in Stage 2 (Price > SMA10W > SMA30W)
[VIPIND.NS] ❌ FAILED: RS 23 < 70.0 | Recovery 6.47% < 60.0% | Not in Stage 2 (Price > SMA10W > SMA30W)
[ADDIND.NS] ❌ FAILED: RS 23 < 70.0 | Recovery 9.08% < 60.0% | Too close to 52WH: -18.08% | AvgVol10 390 < 300,000 | Not in Stage 2 (Price > SMA10W > SMA30W)
[OMPOWER.NS] ❌ FAILED: RS 23 < 70.0 | Recovery 2.97% < 60.0% | Too close to 52WH: -21.01% | AvgVol10 86,230 < 300,000 | Not in Stage 2 (Price > SMA10W > SMA30W)
[YSL.BO] ❌ FAILED: RS 23 < 70.0 | Recovery 2.84% < 60.0% | AvgVol10 0 < 300,000 | Not in Stage 2 (Price > SMA10W > SMA30W)
[TCI.NS] ❌ FAILED: RS 23 < 70.0 | Recovery 8.51% < 60.0% | Not in Stage 2 (Price > SMA10W > SMA30W)
[DUNCANENG.BO] ❌ FAILED: RS 23 < 70.0 | Recovery 6.19% < 60.0% | AvgVol10 1,050 < 300,000 | Not in Stage 2 (Price > SMA10W > SMA30W)
[GPIL.NS] ❌ FAILED: RS 23 < 70.0 | Recovery 1.92% < 60.0% | Not in Stage 2 (Price > SMA10W > SMA30W)
[ECORECO.NS] ❌ FAILED: RS 22 < 70.0 | Recovery 1.2% < 60.0% | Too close to 52WH: -17.99% | AvgVol10 8,850 < 300,000 | Not in Stage 2 (Price > SMA10W > SMA30W)
[SCODATUBES.NS] ❌ FAILED: RS 22 < 70.0 | Recovery 18.66% < 60.0% | Not in Stage 2 (Price > SMA10W > SMA30W)
[ESCORTS.NS] ❌ FAILED: RS 22 < 70.0 | Recovery 1.51% < 60.0% | AvgVol10 88,200 < 300,000 | Not in Stage 2 (Price > SMA10W > SMA30W)
[OVAL.BO] ❌ FAILED: RS 22 < 70.0 | Recovery 11.76% < 60.0% | AvgVol10 23,360 < 300,000 | Not in Stage 2 (Price > SMA10W > SMA30W)
[BUTTERFLY.NS] ❌ FAILED: RS 22 < 70.0 | Recovery 0.77% < 60.0% | AvgVol10 26,800 < 300,000 | Not in Stage 2 (Price > SMA10W > SMA30W)
[AVG.NS] ❌ FAILED: RS 22 < 70.0 | Recovery 38.95% < 60.0% | AvgVol10 7,050 < 300,000 | Not in Stage 2 (Price > SMA10W > SMA30W)
[RMDRIP.NS] ❌ FAILED: RS 22 < 70.0 | Price $23.29 < $30.0 | Recovery 57.26% < 60.0%
[GRSE.NS] ❌ FAILED: RS 22 < 70.0 | Recovery 14.34% < 60.0% | Not in Stage 2 (Price > SMA10W > SMA30W)
[KSOLVES.NS] ❌ FAILED: RS 22 < 70.0 | Recovery 1.03% < 60.0% | AvgVol10 37,390 < 300,000 | Not in Stage 2 (Price > SMA10W > SMA30W)
[SIMPLXPAP.BO] ❌ FAILED: RS 22 < 70.0 | Recovery 8.69% < 60.0% | AvgVol10 10 < 300,000 | Not in Stage 2 (Price > SMA10W > SMA30W)
[NGIND.BO] ❌ FAILED: RS 22 < 70.0 | Recovery 5.35% < 60.0% | AvgVol10 1,500 < 300,000 | Not in Stage 2 (Price > SMA10W > SMA30W)
[GEMAROMA.NS] ❌ FAILED: RS 22 < 70.0 | Recovery 17.76% < 60.0% | AvgVol10 94,370 < 300,000 | Not in Stage 2 (Price > SMA10W > SMA30W)
[APOLLOTYRE.NS] ❌ FAILED: RS 22 < 70.0 | Recovery 6.65% < 60.0% | Not in Stage 2 (Price > SMA10W > SMA30W)
[ARTEFACT.BO] ❌ FAILED: RS 22 < 70.0 | Recovery 3.44% < 60.0% | Too close to 52WH: -26.56% | AvgVol10 1,910 < 300,000 | Not in Stage 2 (Price > SMA10W > SMA30W)
[METALCO.BO] ❌ FAILED: RS 22 < 70.0 | Recovery 13.48% < 60.0% | AvgVol10 880 < 300,000 | Not in Stage 2 (Price > SMA10W > SMA30W)
[UCOBANK.NS] ❌ FAILED: RS 22 < 70.0 | Price $23.33 < $30.0 | Recovery 5.0% < 60.0% | Not in Stage 2 (Price > SMA10W > SMA30W)
[VENTIVE.NS] ❌ FAILED: RS 22 < 70.0 | Recovery 3.0% < 60.0% | AvgVol10 34,990 < 300,000 | Not in Stage 2 (Price > SMA10W > SMA30W)
[UMIYA.BO] ❌ FAILED: RS 22 < 70.0 | Price $25.16 < $30.0 | Recovery 27.91% < 60.0% | AvgVol10 9,900 < 300,000 | Not in Stage 2 (Price > SMA10W > SMA30W)
[MIL.BO] ❌ FAILED: RS 22 < 70.0 | Price $26.00 < $30.0 | Recovery 26.15% < 60.0% | AvgVol10 1,580 < 300,000 | Not in Stage 2 (Price > SMA10W > SMA30W)
[MMTC.NS] ❌ FAILED: RS 22 < 70.0 | Recovery 12.57% < 60.0% | Not in Stage 2 (Price > SMA10W > SMA30W)
[GRANDOAK.NS] ❌ FAILED: RS 22 < 70.0 | Recovery 4.7% < 60.0% | Too close to 52WH: -16.81% | AvgVol10 3,280 < 300,000 | Not in Stage 2 (Price > SMA10W > SMA30W)
[PANCHSHEEL.BO] ❌ FAILED: RS 22 < 70.0 | Recovery 21.72% < 60.0% | AvgVol10 3,880 < 300,000 | Not in Stage 2 (Price > SMA10W > SMA30W)
[STERPOW.BO] ❌ FAILED: RS 22 < 70.0 | Price $23.90 < $30.0 | Recovery 41.42% < 60.0% | AvgVol10 4,400 < 300,000 | Not in Stage 2 (Price > SMA10W > SMA30W)
[MICEL.NS] ❌ FAILED: RS 22 < 70.0 | Recovery 18.05% < 60.0% | AvgVol10 98,620 < 300,000 | Not in Stage 2 (Price > SMA10W > SMA30W)
[RKSWAMY.NS] ❌ FAILED: RS 22 < 70.0 | Recovery 31.79% < 60.0% | AvgVol10 26,790 < 300,000 | Not in Stage 2 (Price > SMA10W > SMA30W)
[VIPCLOTHNG.NS] ❌ FAILED: RS 22 < 70.0 | Price $21.09 < $30.0 | Recovery 50.11% < 60.0% | AvgVol10 68,750 < 300,000 | Not in Stage 2 (Price > SMA10W > SMA30W)
[BLT.BO] ❌ FAILED: RS 22 < 70.0 | Price $29.00 < $30.0 | Recovery 40.78% < 60.0% | AvgVol10 2,130 < 300,000 | Not in Stage 2 (Price > SMA10W > SMA30W)
[VSTTILLERS.NS] ❌ FAILED: RS 22 < 70.0 | Recovery 9.05% < 60.0% | AvgVol10 12,190 < 300,000 | Not in Stage 2 (Price > SMA10W > SMA30W)
[THRIVE.BO] ❌ FAILED: RS 22 < 70.0 | Recovery 40.0% < 60.0% | AvgVol10 2,700 < 300,000 | Not in Stage 2 (Price > SMA10W > SMA30W)
[GANVERSE.BO] ❌ FAILED: RS 22 < 70.0 | Price $23.99 < $30.0 | Recovery 44.52% < 60.0% | AvgVol10 18,750 < 300,000 | Not in Stage 2 (Price > SMA10W > SMA30W)
[PFS.NS] ❌ FAILED: RS 22 < 70.0 | Price $27.12 < $30.0 | Recovery 13.71% < 60.0% | Not in Stage 2 (Price > SMA10W > SMA30W)
[QUESTCAP.BO] ❌ FAILED: RS 22 < 70.0 | Recovery 9.86% < 60.0% | AvgVol10 410 < 300,000 | Not in Stage 2 (Price > SMA10W > SMA30W)
[LAKHOTIA.BO] ❌ FAILED: RS 22 < 70.0 | Recovery 25.59% < 60.0% | AvgVol10 62,700 < 300,000 | Not in Stage 2 (Price > SMA10W > SMA30W)
[CTLLAB.BO] ❌ FAILED: RS 22 < 70.0 | Recovery 22.94% < 60.0% | Too close to 52WH: -25.56% | AvgVol10 450 < 300,000 | Not in Stage 2 (Price > SMA10W > SMA30W)
[HPCOTTON.BO] ❌ FAILED: RS 22 < 70.0 | Recovery 4.52% < 60.0% | AvgVol10 2,990 < 300,000 | Not in Stage 2 (Price > SMA10W > SMA30W)
[STEP2COR.BO] ❌ FAILED: RS 22 < 70.0 | Price $23.35 < $30.0 | Recovery 17.57% < 60.0% | AvgVol10 20 < 300,000 | Not in Stage 2 (Price > SMA10W > SMA30W)
[COLAB.BO] ❌ FAILED: RS 22 < 70.0 | Recovery 4.78% < 60.0% | AvgVol10 160 < 300,000 | Not in Stage 2 (Price > SMA10W > SMA30W)
[KRSNAA.NS] ❌ FAILED: RS 21 < 70.0 | Recovery 3.7% < 60.0% | Not in Stage 2 (Price > SMA10W > SMA30W)
[NEXOME.BO] ❌ FAILED: RS 21 < 70.0 | Recovery 33.67% < 60.0% | AvgVol10 1,150 < 300,000 | Not in Stage 2 (Price > SMA10W > SMA30W)
[JPOLYINVST.NS] ❌ FAILED: RS 21 < 70.0 | Recovery 6.97% < 60.0% | AvgVol10 4,080 < 300,000 | Not in Stage 2 (Price > SMA10W > SMA30W)
[WEALTH.NS] ❌ FAILED: RS 21 < 70.0 | Recovery 7.46% < 60.0% | AvgVol10 7,140 < 300,000 | Not in Stage 2 (Price > SMA10W > SMA30W)
[TULASEEBIOE.BO] ❌ FAILED: RS 21 < 70.0 | AvgVol10 630 < 300,000 | Not in Stage 2 (Price > SMA10W > SMA30W)
[SAKTHIFIN.BO] ❌ FAILED: RS 21 < 70.0 | Price $25.89 < $30.0 | Recovery 28.17% < 60.0% | AvgVol10 5,450 < 300,000 | Not in Stage 2 (Price > SMA10W > SMA30W)
[MIRZAINT.NS] ❌ FAILED: RS 21 < 70.0 | Price $28.68 < $30.0 | Recovery 14.95% < 60.0% | AvgVol10 127,610 < 300,000 | Not in Stage 2 (Price > SMA10W > SMA30W)
[EMSLIMITED.NS] ❌ FAILED: RS 21 < 70.0 | Recovery 33.78% < 60.0% | AvgVol10 137,050 < 300,000 | Not in Stage 2 (Price > SMA10W > SMA30W)
[HINDPETRO.NS] ❌ FAILED: RS 21 < 70.0 | Recovery 8.3% < 60.0% | Not in Stage 2 (Price > SMA10W > SMA30W)
[MARCLOIRE.BO] ❌ FAILED: RS 21 < 70.0 | Recovery 21.88% < 60.0% | AvgVol10 2,520 < 300,000 | Not in Stage 2 (Price > SMA10W > SMA30W)
[ALPA.NS] ❌ FAILED: RS 21 < 70.0 | Recovery 28.44% < 60.0% | AvgVol10 37,620 < 300,000 | Not in Stage 2 (Price > SMA10W > SMA30W)
[RITES.NS] ❌ FAILED: RS 21 < 70.0 | Recovery 12.06% < 60.0% | Too close to 52WH: -24.49% | Not in Stage 2 (Price > SMA10W > SMA30W)
[LFIC.NS] ❌ FAILED: RS 21 < 70.0 | Recovery 18.46% < 60.0% | AvgVol10 6,480 < 300,000 | Not in Stage 2 (Price > SMA10W > SMA30W)
[UTIAMC.NS] ❌ FAILED: RS 21 < 70.0 | Recovery 3.22% < 60.0% | AvgVol10 85,770 < 300,000 | Not in Stage 2 (Price > SMA10W > SMA30W)
[BONDADA.BO] ❌ FAILED: RS 21 < 70.0 | Recovery 26.44% < 60.0% | AvgVol10 128,100 < 300,000 | Not in Stage 2 (Price > SMA10W > SMA30W)
[THEINVEST.NS] ❌ FAILED: RS 21 < 70.0 | Recovery 3.79% < 60.0% | AvgVol10 5,340 < 300,000 | Not in Stage 2 (Price > SMA10W > SMA30W)
[KRUPALU.BO] ❌ FAILED: RS 21 < 70.0 | Recovery 23.66% < 60.0% | AvgVol10 2,130 < 300,000 | Not in Stage 2 (Price > SMA10W > SMA30W)
[MEIL.NS] ❌ FAILED: RS 21 < 70.0 | Recovery 30.59% < 60.0% | AvgVol10 40,800 < 300,000 | Not in Stage 2 (Price > SMA10W > SMA30W)
[AMRUTANJAN.NS] ❌ FAILED: RS 21 < 70.0 | Recovery 6.31% < 60.0% | AvgVol10 32,400 < 300,000 | Not in Stage 2 (Price > SMA10W > SMA30W)
[RRPDEFENSE.BO] ❌ FAILED: RS 21 < 70.0 | Recovery 4.41% < 60.0% | AvgVol10 0 < 300,000 | Not in Stage 2 (Price > SMA10W > SMA30W)
[SPIC.NS] ❌ FAILED: RS 21 < 70.0 | Recovery 13.88% < 60.0% | Not in Stage 2 (Price > SMA10W > SMA30W)
[ASTALLTD.BO] ❌ FAILED: RS 21 < 70.0 | Recovery 17.47% < 60.0% | AvgVol10 11,090 < 300,000 | Not in Stage 2 (Price > SMA10W > SMA30W)
[AROGRANITE.NS] ❌ FAILED: RS 21 < 70.0 | Price $23.12 < $30.0 | Recovery 23.84% < 60.0% | AvgVol10 5,700 < 300,000 | Not in Stage 2 (Price > SMA10W > SMA30W)
[ACI.NS] ❌ FAILED: RS 21 < 70.0 | Recovery 8.24% < 60.0% | AvgVol10 273,040 < 300,000 | Not in Stage 2 (Price > SMA10W > SMA30W)
[NATPLAS.BO] ❌ FAILED: RS 21 < 70.0 | Recovery 6.19% < 60.0% | AvgVol10 2,000 < 300,000 | Not in Stage 2 (Price > SMA10W > SMA30W)
[CEEJAY.BO] ❌ FAILED: RS 21 < 70.0 | Recovery 0.73% < 60.0% | Too close to 52WH: -26.65% | AvgVol10 220 < 300,000 | Not in Stage 2 (Price > SMA10W > SMA30W)
[SBIFUNDS.NS] ❌ FAILED: RS 21 < 70.0 | Recovery 0.36% < 60.0% | Too close to 52WH: -16.33% | Not in Stage 2 (Price > SMA10W > SMA30W)
[MARATHON.NS] ❌ FAILED: RS 21 < 70.0 | Recovery 14.17% < 60.0% | AvgVol10 53,940 < 300,000 | Not in Stage 2 (Price > SMA10W > SMA30W)
[SWIGGY.NS] ❌ FAILED: RS 21 < 70.0 | Recovery 8.59% < 60.0% | Not in Stage 2 (Price > SMA10W > SMA30W)
[TRANSVOY.BO] ❌ FAILED: RS 21 < 70.0 | Recovery 7.5% < 60.0% | AvgVol10 2,640 < 300,000 | Not in Stage 2 (Price > SMA10W > SMA30W)
[TCS.NS] ❌ FAILED: RS 21 < 70.0 | Recovery 4.75% < 60.0% | Not in Stage 2 (Price > SMA10W > SMA30W)
[ZODIACLOTH.NS] ❌ FAILED: RS 21 < 70.0 | Recovery 17.95% < 60.0% | AvgVol10 3,000 < 300,000 | Not in Stage 2 (Price > SMA10W > SMA30W)
[GEMENVIRO.BO] ❌ FAILED: RS 21 < 70.0 | Recovery 18.44% < 60.0% | AvgVol10 18,640 < 300,000 | Not in Stage 2 (Price > SMA10W > SMA30W)
[FRUTION.BO] ❌ FAILED: RS 21 < 70.0 | Price $27.69 < $30.0 | Recovery 5.69% < 60.0% | AvgVol10 3,090 < 300,000 | Not in Stage 2 (Price > SMA10W > SMA30W)
[FOODSIN.NS] ❌ FAILED: RS 21 < 70.0 | Recovery 20.07% < 60.0% | AvgVol10 81,750 < 300,000 | Not in Stage 2 (Price > SMA10W > SMA30W)
[ACML.BO] ❌ FAILED: RS 21 < 70.0 | Recovery 8.47% < 60.0% | AvgVol10 3,220 < 300,000 | Not in Stage 2 (Price > SMA10W > SMA30W)
[DHANUKA.NS] ❌ FAILED: RS 21 < 70.0 | Recovery 7.28% < 60.0% | AvgVol10 18,660 < 300,000 | Not in Stage 2 (Price > SMA10W > SMA30W)
[EMAMILTD.NS] ❌ FAILED: RS 20 < 70.0 | Recovery 7.64% < 60.0% | Not in Stage 2 (Price > SMA10W > SMA30W)
[DHANLAXMI.NS] ❌ FAILED: RS 20 < 70.0 | Too close to 52WH: 0.0% | AvgVol10 3,800 < 300,000 | Not in Stage 2 (Price > SMA10W > SMA30W)
[TRANSFRE.BO] ❌ FAILED: RS 20 < 70.0 | Price $19.42 < $30.0 | Recovery 13.37% < 60.0% | AvgVol10 1,320 < 300,000 | Not in Stage 2 (Price > SMA10W > SMA30W)
[GILLETTE.NS] ❌ FAILED: RS 20 < 70.0 | Recovery 0.36% < 60.0% | AvgVol10 27,820 < 300,000 | Not in Stage 2 (Price > SMA10W > SMA30W)
[BHARATCOAL.NS] ❌ FAILED: RS 20 < 70.0 | Recovery 9.31% < 60.0% | Not in Stage 2 (Price > SMA10W > SMA30W)
[VARYAA.BO] ❌ FAILED: RS 20 < 70.0 | Price $26.50 < $30.0 | Recovery 10.32% < 60.0% | AvgVol10 1,500 < 300,000 | Not in Stage 2 (Price > SMA10W > SMA30W)
[KOTYARK.NS] ❌ FAILED: RS 20 < 70.0 | Price $26.47 < $30.0 | Recovery 52.3% < 60.0% | AvgVol10 112,380 < 300,000 | Not in Stage 2 (Price > SMA10W > SMA30W)
[MALLCOM.NS] ❌ FAILED: RS 20 < 70.0 | Recovery 3.62% < 60.0% | AvgVol10 3,330 < 300,000 | Not in Stage 2 (Price > SMA10W > SMA30W)
[PANACEABIO.NS] ❌ FAILED: RS 20 < 70.0 | Recovery 25.32% < 60.0% | AvgVol10 105,200 < 300,000 | Not in Stage 2 (Price > SMA10W > SMA30W)
[PRODOCS.BO] ❌ FAILED: RS 20 < 70.0 | Recovery 11.68% < 60.0% | AvgVol10 1,670 < 300,000 | Not in Stage 2 (Price > SMA10W > SMA30W)
[SBICARD.NS] ❌ FAILED: RS 20 < 70.0 | Recovery 4.52% < 60.0% | Not in Stage 2 (Price > SMA10W > SMA30W)
[GICHSGFIN.NS] ❌ FAILED: RS 20 < 70.0 | Recovery 4.36% < 60.0% | Too close to 52WH: -26.24% | AvgVol10 56,180 < 300,000 | Not in Stage 2 (Price > SMA10W > SMA30W)
[NATIONSTD.NS] ❌ FAILED: RS 20 < 70.0 | Recovery 16.5% < 60.0% | Too close to 52WH: -22.7% | AvgVol10 16,900 < 300,000 | Not in Stage 2 (Price > SMA10W > SMA30W)
[PILANIINVS.NS] ❌ FAILED: RS 20 < 70.0 | Recovery 1.39% < 60.0% | AvgVol10 1,930 < 300,000 | Not in Stage 2 (Price > SMA10W > SMA30W)
[ICICIGI.NS] ❌ FAILED: RS 20 < 70.0 | Recovery 8.21% < 60.0% | Too close to 52WH: -25.42% | Not in Stage 2 (Price > SMA10W > SMA30W)
[KIOCL.NS] ❌ FAILED: RS 20 < 70.0 | Recovery 13.88% < 60.0% | AvgVol10 78,000 < 300,000 | Not in Stage 2 (Price > SMA10W > SMA30W)
[JIOFIN.NS] ❌ FAILED: RS 20 < 70.0 | Recovery 0.78% < 60.0% | Not in Stage 2 (Price > SMA10W > SMA30W)
[JSLINDL.BO] ❌ FAILED: RS 20 < 70.0 | Recovery 22.24% < 60.0% | AvgVol10 70 < 300,000 | Not in Stage 2 (Price > SMA10W > SMA30W)
[BANKBARODA.NS] ❌ FAILED: RS 20 < 70.0 | Recovery 0.0% < 60.0% | Not in Stage 2 (Price > SMA10W > SMA30W)
[SAFECURE.BO] ❌ FAILED: RS 20 < 70.0 | Price $27.07 < $30.0 | Recovery 45.15% < 60.0% | AvgVol10 10,080 < 300,000 | Not in Stage 2 (Price > SMA10W > SMA30W)
[BIRLAMONEY.NS] ❌ FAILED: RS 20 < 70.0 | Recovery 21.38% < 60.0% | AvgVol10 27,370 < 300,000 | Not in Stage 2 (Price > SMA10W > SMA30W)
[RODIUM.BO] ❌ FAILED: RS 20 < 70.0 | Recovery 14.4% < 60.0% | AvgVol10 360 < 300,000 | Not in Stage 2 (Price > SMA10W > SMA30W)
[ASIANTILES.NS] ❌ FAILED: RS 20 < 70.0 | Recovery 18.02% < 60.0% | Not in Stage 2 (Price > SMA10W > SMA30W)
[NLFL.BO] ❌ FAILED: RS 20 < 70.0 | Recovery 5.85% < 60.0% | AvgVol10 1,880 < 300,000 | Not in Stage 2 (Price > SMA10W > SMA30W)
[DOMS.NS] ❌ FAILED: RS 20 < 70.0 | Recovery 1.12% < 60.0% | Too close to 52WH: -25.72% | AvgVol10 21,640 < 300,000 | Not in Stage 2 (Price > SMA10W > SMA30W)
[MURUDCERA.NS] ❌ FAILED: RS 20 < 70.0 | Price $28.12 < $30.0 | Recovery 11.76% < 60.0% | AvgVol10 14,980 < 300,000 | Not in Stage 2 (Price > SMA10W > SMA30W)
[COARO.BO] ❌ FAILED: RS 20 < 70.0 | Price $23.98 < $30.0 | Recovery 4.95% < 60.0% | AvgVol10 40 < 300,000 | Not in Stage 2 (Price > SMA10W > SMA30W)
[COCHINSHIP.NS] ❌ FAILED: RS 20 < 70.0 | Recovery 11.96% < 60.0% | Not in Stage 2 (Price > SMA10W > SMA30W)
[SHREECEM.NS] ❌ FAILED: RS 20 < 70.0 | Recovery 2.33% < 60.0% | Too close to 52WH: -26.8% | AvgVol10 21,400 < 300,000 | Not in Stage 2 (Price > SMA10W > SMA30W)
[EUPHORIAIT.BO] ❌ FAILED: RS 20 < 70.0 | Price $27.61 < $30.0 | Recovery 22.55% < 60.0% | AvgVol10 1,440 < 300,000 | Not in Stage 2 (Price > SMA10W > SMA30W)
[HDFCBANK.NS] ❌ FAILED: RS 20 < 70.0 | Recovery 5.45% < 60.0% | Not in Stage 2 (Price > SMA10W > SMA30W)
[JUNGLECAMP.BO] ❌ FAILED: RS 20 < 70.0 | Recovery 11.98% < 60.0% | AvgVol10 6,930 < 300,000 | Not in Stage 2 (Price > SMA10W > SMA30W)
[TYCHE.BO] ❌ FAILED: RS 20 < 70.0 | Recovery 4.85% < 60.0% | AvgVol10 11,620 < 300,000 | Not in Stage 2 (Price > SMA10W > SMA30W)
[SILVOAK.BO] ❌ FAILED: RS 20 < 70.0 | Recovery 21.57% < 60.0% | AvgVol10 390 < 300,000 | Not in Stage 2 (Price > SMA10W > SMA30W)
[TIINDIA.NS] ❌ FAILED: RS 20 < 70.0 | Recovery 13.58% < 60.0% | Too close to 52WH: -26.27% | AvgVol10 148,640 < 300,000 | Not in Stage 2 (Price > SMA10W > SMA30W)
[HEXT.NS] ❌ FAILED: RS 20 < 70.0 | Recovery 22.25% < 60.0% | AvgVol10 182,730 < 300,000 | Not in Stage 2 (Price > SMA10W > SMA30W)
[YASHCHEM.BO] ❌ FAILED: RS 19 < 70.0 | Recovery 35.89% < 60.0% | AvgVol10 6,730 < 300,000 | Not in Stage 2 (Price > SMA10W > SMA30W)
[EMIAC.BO] ❌ FAILED: RS 19 < 70.0 | Recovery 2.23% < 60.0% | Too close to 52WH: -26.5% | AvgVol10 11,760 < 300,000 | Not in Stage 2 (Price > SMA10W > SMA30W)
[BELDING.BO] ❌ FAILED: RS 19 < 70.0 | Recovery 37.01% < 60.0% | AvgVol10 7,130 < 300,000 | Not in Stage 2 (Price > SMA10W > SMA30W)
[KINETICENG.BO] ❌ FAILED: RS 19 < 70.0 | Recovery 39.15% < 60.0% | AvgVol10 47,940 < 300,000 | Not in Stage 2 (Price > SMA10W > SMA30W)
[PSPL.BO] ❌ FAILED: RS 19 < 70.0 | Recovery 11.35% < 60.0% | AvgVol10 220 < 300,000 | Not in Stage 2 (Price > SMA10W > SMA30W)
[NAVKARCORP.NS] ❌ FAILED: RS 19 < 70.0 | Recovery 17.3% < 60.0% | Not in Stage 2 (Price > SMA10W > SMA30W)
[VRUDDHI.BO] ❌ FAILED: RS 19 < 70.0 | Recovery 28.68% < 60.0% | Too close to 52WH: -25.58% | AvgVol10 2,500 < 300,000 | Not in Stage 2 (Price > SMA10W > SMA30W)
[ORIBEVER.BO] ❌ FAILED: RS 19 < 70.0 | Recovery 11.47% < 60.0% | AvgVol10 1,640 < 300,000 | Not in Stage 2 (Price > SMA10W > SMA30W)
[SAMPANN.NS] ❌ FAILED: RS 19 < 70.0 | Price $24.29 < $30.0 | Recovery 5.29% < 60.0% | AvgVol10 21,960 < 300,000 | Not in Stage 2 (Price > SMA10W > SMA30W)
[BNALTD.NS] ❌ FAILED: RS 19 < 70.0 | Recovery 1.32% < 60.0% | Too close to 52WH: -15.37% | AvgVol10 90 < 300,000 | Not in Stage 2 (Price > SMA10W > SMA30W)
[SHREDIGCEM.NS] ❌ FAILED: RS 19 < 70.0 | Recovery 23.58% < 60.0% | AvgVol10 79,050 < 300,000 | Not in Stage 2 (Price > SMA10W > SMA30W)
[VISACHROME.NS] ❌ FAILED: RS 19 < 70.0 | Recovery 23.33% < 60.0% | AvgVol10 42,100 < 300,000 | Not in Stage 2 (Price > SMA10W > SMA30W)
[WAAREERTL.NS] ❌ FAILED: RS 19 < 70.0 | Recovery 5.97% < 60.0% | AvgVol10 165,940 < 300,000 | Not in Stage 2 (Price > SMA10W > SMA30W)
[TREJHARA.NS] ❌ FAILED: RS 19 < 70.0 | Recovery 9.11% < 60.0% | AvgVol10 20,370 < 300,000 | Not in Stage 2 (Price > SMA10W > SMA30W)
[ALSL.BO] ❌ FAILED: RS 19 < 70.0 | Recovery 32.18% < 60.0% | AvgVol10 39,800 < 300,000 | Not in Stage 2 (Price > SMA10W > SMA30W)
[RECLTD.NS] ❌ FAILED: RS 19 < 70.0 | Recovery 0.0% < 60.0% | Too close to 52WH: -22.3% | Not in Stage 2 (Price > SMA10W > SMA30W)
[CRAMC.NS] ❌ FAILED: RS 19 < 70.0 | Recovery 5.23% < 60.0% | Not in Stage 2 (Price > SMA10W > SMA30W)
[CRESCENTIS.BO] ❌ FAILED: RS 19 < 70.0 | Recovery 7.58% < 60.0% | AvgVol10 4,260 < 300,000 | Not in Stage 2 (Price > SMA10W > SMA30W)
[RAP.BO] ❌ FAILED: RS 19 < 70.0 | Recovery 33.56% < 60.0% | AvgVol10 4,500 < 300,000 | Not in Stage 2 (Price > SMA10W > SMA30W)
[THREEMPAPE.BO] ❌ FAILED: RS 19 < 70.0 | Price $23.50 < $30.0 | Recovery 28.63% < 60.0% | AvgVol10 2,000 < 300,000 | Not in Stage 2 (Price > SMA10W > SMA30W)
[MANGALCOMP.BO] ❌ FAILED: RS 19 < 70.0 | Recovery 3.66% < 60.0% | AvgVol10 600 < 300,000 | Not in Stage 2 (Price > SMA10W > SMA30W)
[DCMSHRIRAM.NS] ❌ FAILED: RS 19 < 70.0 | Recovery 0.28% < 60.0% | AvgVol10 38,590 < 300,000 | Not in Stage 2 (Price > SMA10W > SMA30W)
[BLAL.NS] ❌ FAILED: RS 19 < 70.0 | Recovery 3.34% < 60.0% | AvgVol10 22,760 < 300,000 | Not in Stage 2 (Price > SMA10W > SMA30W)
[VIVIANA.NS] ❌ FAILED: RS 19 < 70.0 | Recovery 25.78% < 60.0% | AvgVol10 24,500 < 300,000 | Not in Stage 2 (Price > SMA10W > SMA30W)
[PANCARBON.BO] ❌ FAILED: RS 19 < 70.0 | Recovery 0.6% < 60.0% | Too close to 52WH: -23.66% | AvgVol10 2,820 < 300,000 | Not in Stage 2 (Price > SMA10W > SMA30W)
[GUJAPOLLO.NS] ❌ FAILED: RS 19 < 70.0 | Recovery 13.63% < 60.0% | AvgVol10 29,450 < 300,000 | Not in Stage 2 (Price > SMA10W > SMA30W)
[IGL.NS] ❌ FAILED: RS 19 < 70.0 | Recovery 1.2% < 60.0% | Not in Stage 2 (Price > SMA10W > SMA30W)
[ICEMAKE.NS] ❌ FAILED: RS 19 < 70.0 | Recovery 0.44% < 60.0% | AvgVol10 33,520 < 300,000 | Not in Stage 2 (Price > SMA10W > SMA30W)
[BRISK.BO] ❌ FAILED: RS 19 < 70.0 | Recovery 14.34% < 60.0% | AvgVol10 1,870 < 300,000 | Not in Stage 2 (Price > SMA10W > SMA30W)
[GARWAOFFS.BO] ❌ FAILED: RS 19 < 70.0 | Recovery 44.71% < 60.0% | AvgVol10 14,760 < 300,000 | Not in Stage 2 (Price > SMA10W > SMA30W)
[ICICIPRULI.NS] ❌ FAILED: RS 19 < 70.0 | Recovery 3.0% < 60.0% | Not in Stage 2 (Price > SMA10W > SMA30W)
[HINDUNILVR.NS] ❌ FAILED: RS 19 < 70.0 | Recovery 0.15% < 60.0% | Not in Stage 2 (Price > SMA10W > SMA30W)
[IRIS.NS] ❌ FAILED: RS 19 < 70.0 | Recovery 11.61% < 60.0% | AvgVol10 19,180 < 300,000 | Not in Stage 2 (Price > SMA10W > SMA30W)
[FDC.NS] ❌ FAILED: RS 19 < 70.0 | Recovery 9.79% < 60.0% | AvgVol10 177,160 < 300,000 | Not in Stage 2 (Price > SMA10W > SMA30W)
[DHABRIYA.NS] ❌ FAILED: RS 19 < 70.0 | Recovery 2.59% < 60.0% | Too close to 52WH: -21.74% | AvgVol10 4,970 < 300,000 | Not in Stage 2 (Price > SMA10W > SMA30W)
[CHEMFAB.NS] ❌ FAILED: RS 19 < 70.0 | Recovery 17.29% < 60.0% | AvgVol10 4,420 < 300,000 | Not in Stage 2 (Price > SMA10W > SMA30W)
[PSB.NS] ❌ FAILED: RS 19 < 70.0 | Price $21.31 < $30.0 | Recovery 3.95% < 60.0% | Not in Stage 2 (Price > SMA10W > SMA30W)
[ROSSARI.NS] ❌ FAILED: RS 19 < 70.0 | Recovery 17.44% < 60.0% | AvgVol10 59,970 < 300,000 | Not in Stage 2 (Price > SMA10W > SMA30W)
[EMAMIREAL.NS] ❌ FAILED: RS 18 < 70.0 | Recovery 39.29% < 60.0% | AvgVol10 13,970 < 300,000 | Not in Stage 2 (Price > SMA10W > SMA30W)
[SHRIRAMPPS.NS] ❌ FAILED: RS 18 < 70.0 | Recovery 15.72% < 60.0% | AvgVol10 283,710 < 300,000 | Not in Stage 2 (Price > SMA10W > SMA30W)
[GHCL.NS] ❌ FAILED: RS 18 < 70.0 | Recovery 0.15% < 60.0% | AvgVol10 105,250 < 300,000 | Not in Stage 2 (Price > SMA10W > SMA30W)
[KGVL.BO] ❌ FAILED: RS 18 < 70.0 | Recovery 12.79% < 60.0% | AvgVol10 840 < 300,000 | Not in Stage 2 (Price > SMA10W > SMA30W)
[CPEDU.NS] ❌ FAILED: RS 18 < 70.0 | Recovery 23.35% < 60.0% | AvgVol10 3,790 < 300,000 | Not in Stage 2 (Price > SMA10W > SMA30W)
[TIRUSTA.BO] ❌ FAILED: RS 18 < 70.0 | Recovery 2.78% < 60.0% | AvgVol10 3,530 < 300,000 | Not in Stage 2 (Price > SMA10W > SMA30W)
[CSLFINANCE.NS] ❌ FAILED: RS 18 < 70.0 | Recovery 1.13% < 60.0% | AvgVol10 39,150 < 300,000 | Not in Stage 2 (Price > SMA10W > SMA30W)
[ERIS.NS] ❌ FAILED: RS 18 < 70.0 | Recovery 3.02% < 60.0% | AvgVol10 53,490 < 300,000 | Not in Stage 2 (Price > SMA10W > SMA30W)
[HEMIPROP.NS] ❌ FAILED: RS 18 < 70.0 | Recovery 4.27% < 60.0% | AvgVol10 244,750 < 300,000 | Not in Stage 2 (Price > SMA10W > SMA30W)
[DABUR.NS] ❌ FAILED: RS 18 < 70.0 | Recovery 4.81% < 60.0% | Not in Stage 2 (Price > SMA10W > SMA30W)
[MADRASFERT.NS] ❌ FAILED: RS 18 < 70.0 | Recovery 12.6% < 60.0% | AvgVol10 37,190 < 300,000 | Not in Stage 2 (Price > SMA10W > SMA30W)
[SHIPROCKET.NS] ❌ FAILED: RS 18 < 70.0 | Recovery 3.65% < 60.0% | Too close to 52WH: -22.94% | Not in Stage 2 (Price > SMA10W > SMA30W)
[ITHL.BO] ❌ FAILED: RS 18 < 70.0 | Recovery 7.52% < 60.0% | AvgVol10 2,000 < 300,000 | Not in Stage 2 (Price > SMA10W > SMA30W)
[ENIL.NS] ❌ FAILED: RS 18 < 70.0 | Recovery 0.37% < 60.0% | AvgVol10 8,560 < 300,000 | Not in Stage 2 (Price > SMA10W > SMA30W)
[BORORENEW.NS] ❌ FAILED: RS 18 < 70.0 | Recovery 20.79% < 60.0% | Not in Stage 2 (Price > SMA10W > SMA30W)
[HAVELLS.NS] ❌ FAILED: RS 18 < 70.0 | Recovery 0.98% < 60.0% | Not in Stage 2 (Price > SMA10W > SMA30W)
[KOKUYOCMLN.NS] ❌ FAILED: RS 18 < 70.0 | Recovery 5.05% < 60.0% | AvgVol10 24,490 < 300,000 | Not in Stage 2 (Price > SMA10W > SMA30W)
[SARTHAKIND.BO] ❌ FAILED: RS 18 < 70.0 | Price $24.02 < $30.0 | Recovery 13.3% < 60.0% | AvgVol10 990 < 300,000 | Not in Stage 2 (Price > SMA10W > SMA30W)
[WEIZMANIND.NS] ❌ FAILED: RS 18 < 70.0 | Recovery 11.24% < 60.0% | AvgVol10 980 < 300,000 | Not in Stage 2 (Price > SMA10W > SMA30W)
[KANSAINER.NS] ❌ FAILED: RS 18 < 70.0 | Recovery 12.39% < 60.0% | AvgVol10 211,780 < 300,000 | Not in Stage 2 (Price > SMA10W > SMA30W)
[7TEC.BO] ❌ FAILED: RS 18 < 70.0 | Recovery 12.94% < 60.0% | AvgVol10 5,690 < 300,000 | Not in Stage 2 (Price > SMA10W > SMA30W)
[PACEDIGITK.NS] ❌ FAILED: RS 18 < 70.0 | Recovery 15.74% < 60.0% | Not in Stage 2 (Price > SMA10W > SMA30W)
[KACHCHH.BO] ❌ FAILED: RS 18 < 70.0 | Price $25.13 < $30.0 | Recovery 36.43% < 60.0% | AvgVol10 1,220 < 300,000 | Not in Stage 2 (Price > SMA10W > SMA30W)
[DECNGOLD.NS] ❌ FAILED: RS 18 < 70.0 | Recovery 0.44% < 60.0% | Too close to 52WH: -18.22% | Not in Stage 2 (Price > SMA10W > SMA30W)
[VJTFEDU.BO] ❌ FAILED: RS 18 < 70.0 | Recovery 26.35% < 60.0% | AvgVol10 100 < 300,000 | Not in Stage 2 (Price > SMA10W > SMA30W)
[HDFCLIFE.NS] ❌ FAILED: RS 18 < 70.0 | Recovery 4.5% < 60.0% | Not in Stage 2 (Price > SMA10W > SMA30W)
[INCAP.BO] ❌ FAILED: RS 18 < 70.0 | Recovery 29.69% < 60.0% | AvgVol10 340 < 300,000 | Not in Stage 2 (Price > SMA10W > SMA30W)
[APCL.NS] ❌ FAILED: RS 18 < 70.0 | Recovery 1.55% < 60.0% | AvgVol10 7,930 < 300,000 | Not in Stage 2 (Price > SMA10W > SMA30W)
[BRIGHOTEL.NS] ❌ FAILED: RS 18 < 70.0 | Recovery 2.13% < 60.0% | AvgVol10 89,190 < 300,000 | Not in Stage 2 (Price > SMA10W > SMA30W)
[ZBINTXPP.BO] ❌ FAILED: RS 18 < 70.0 | Recovery 5.12% < 60.0% | AvgVol10 0 < 300,000 | Not in Stage 2 (Price > SMA10W > SMA30W)
[GLOSTERLTD.NS] ❌ FAILED: RS 18 < 70.0 | Recovery 10.2% < 60.0% | AvgVol10 1,780 < 300,000 | Not in Stage 2 (Price > SMA10W > SMA30W)
[PGCRL.BO] ❌ FAILED: RS 18 < 70.0 | Recovery 36.18% < 60.0% | AvgVol10 1,200 < 300,000 | Not in Stage 2 (Price > SMA10W > SMA30W)
[AAIL.BO] ❌ FAILED: RS 18 < 70.0 | Recovery 15.19% < 60.0% | AvgVol10 3,240 < 300,000 | Not in Stage 2 (Price > SMA10W > SMA30W)
[RAYALEMA.BO] ❌ FAILED: RS 18 < 70.0 | Price $27.49 < $30.0 | Recovery 24.39% < 60.0% | AvgVol10 1,520 < 300,000 | Not in Stage 2 (Price > SMA10W > SMA30W)
[SALZERELEC.NS] ❌ FAILED: RS 18 < 70.0 | Recovery 9.56% < 60.0% | AvgVol10 50,850 < 300,000 | Not in Stage 2 (Price > SMA10W > SMA30W)
[JKAGRI.BO] ❌ FAILED: RS 18 < 70.0 | Recovery 7.2% < 60.0% | AvgVol10 690 < 300,000 | Not in Stage 2 (Price > SMA10W > SMA30W)
[SPELS.NS] ❌ FAILED: RS 18 < 70.0 | Recovery 0.0% < 60.0% | Too close to 52WH: -20.45% | AvgVol10 4,490 < 300,000 | Not in Stage 2 (Price > SMA10W > SMA30W)
[NEWGEN.NS] ❌ FAILED: RS 18 < 70.0 | Recovery 18.29% < 60.0% | Not in Stage 2 (Price > SMA10W > SMA30W)
[BRAHMINFRA.NS] ❌ FAILED: RS 17 < 70.0 | Recovery 4.31% < 60.0% | Too close to 52WH: -19.44% | AvgVol10 15,090 < 300,000 | Not in Stage 2 (Price > SMA10W > SMA30W)
[PFIZER.NS] ❌ FAILED: RS 17 < 70.0 | Recovery 0.4% < 60.0% | AvgVol10 23,980 < 300,000 | Not in Stage 2 (Price > SMA10W > SMA30W)
[NILE.NS] ❌ FAILED: RS 17 < 70.0 | Recovery 1.84% < 60.0% | Too close to 52WH: -17.99% | AvgVol10 2,200 < 300,000 | Not in Stage 2 (Price > SMA10W > SMA30W)
[DHILLON.BO] ❌ FAILED: RS 17 < 70.0 | Recovery 17.22% < 60.0% | AvgVol10 890 < 300,000 | Not in Stage 2 (Price > SMA10W > SMA30W)
[JYOTHYLAB.NS] ❌ FAILED: RS 17 < 70.0 | Recovery 0.83% < 60.0% | Not in Stage 2 (Price > SMA10W > SMA30W)
[IVALUE.NS] ❌ FAILED: RS 17 < 70.0 | Recovery 9.12% < 60.0% | AvgVol10 230,390 < 300,000 | Not in Stage 2 (Price > SMA10W > SMA30W)
[MAHAPEXLTD.NS] ❌ FAILED: RS 17 < 70.0 | Recovery 21.62% < 60.0% | AvgVol10 8,330 < 300,000 | Not in Stage 2 (Price > SMA10W > SMA30W)
[EIDPARRY.NS] ❌ FAILED: RS 17 < 70.0 | Recovery 3.47% < 60.0% | Not in Stage 2 (Price > SMA10W > SMA30W)
[PANAENERG.BO] ❌ FAILED: RS 17 < 70.0 | Recovery 1.79% < 60.0% | AvgVol10 1,550 < 300,000 | Not in Stage 2 (Price > SMA10W > SMA30W)
[SHARDACROP.NS] ❌ FAILED: RS 17 < 70.0 | Recovery 0.29% < 60.0% | AvgVol10 108,380 < 300,000 | Not in Stage 2 (Price > SMA10W > SMA30W)
[DENTA.NS] ❌ FAILED: RS 17 < 70.0 | Recovery 20.59% < 60.0% | AvgVol10 114,230 < 300,000 | Not in Stage 2 (Price > SMA10W > SMA30W)
[GRAUWEIL.NS] ❌ FAILED: RS 17 < 70.0 | Recovery 35.22% < 60.0% | Not in Stage 2 (Price > SMA10W > SMA30W)
[DHANROTO.BO] ❌ FAILED: RS 17 < 70.0 | Recovery 0.09% < 60.0% | AvgVol10 5,620 < 300,000 | Not in Stage 2 (Price > SMA10W > SMA30W)
[QUESTFLOW.BO] ❌ FAILED: RS 17 < 70.0 | Recovery 37.18% < 60.0% | AvgVol10 25,660 < 300,000 | Not in Stage 2 (Price > SMA10W > SMA30W)
[ROLCOEN.BO] ❌ FAILED: RS 17 < 70.0 | Recovery 9.66% < 60.0% | AvgVol10 20 < 300,000 | Not in Stage 2 (Price > SMA10W > SMA30W)
[ATHENAGLO.BO] ❌ FAILED: RS 17 < 70.0 | Recovery 16.65% < 60.0% | AvgVol10 1,630 < 300,000 | Not in Stage 2 (Price > SMA10W > SMA30W)
[SPMLINFRA.NS] ❌ FAILED: RS 17 < 70.0 | Recovery 6.89% < 60.0% | AvgVol10 155,940 < 300,000 | Not in Stage 2 (Price > SMA10W > SMA30W)
[MAZDOCK.NS] ❌ FAILED: RS 17 < 70.0 | Recovery 3.92% < 60.0% | Not in Stage 2 (Price > SMA10W > SMA30W)
[ARENTERP.NS] ❌ FAILED: RS 17 < 70.0 | Recovery 18.37% < 60.0% | AvgVol10 1,070 < 300,000 | Not in Stage 2 (Price > SMA10W > SMA30W)
[BOROSCI.NS] ❌ FAILED: RS 17 < 70.0 | Recovery 18.1% < 60.0% | AvgVol10 109,700 < 300,000 | Not in Stage 2 (Price > SMA10W > SMA30W)
[GAJA.NS] ❌ FAILED: RS 17 < 70.0 | Recovery 2.49% < 60.0% | Too close to 52WH: -26.46% | Not in Stage 2 (Price > SMA10W > SMA30W)
[PARKHOTELS.NS] ❌ FAILED: RS 17 < 70.0 | Recovery 8.91% < 60.0% | AvgVol10 157,950 < 300,000 | Not in Stage 2 (Price > SMA10W > SMA30W)
[IGCL.NS] ❌ FAILED: RS 17 < 70.0 | Recovery 17.77% < 60.0% | AvgVol10 136,000 < 300,000 | Not in Stage 2 (Price > SMA10W > SMA30W)
[TCFCFINQ.BO] ❌ FAILED: RS 17 < 70.0 | Price $24.50 < $30.0 | Recovery 11.26% < 60.0% | AvgVol10 920 < 300,000 | Not in Stage 2 (Price > SMA10W > SMA30W)
[MAPMYINDIA.NS] ❌ FAILED: RS 17 < 70.0 | Recovery 8.94% < 60.0% | AvgVol10 292,320 < 300,000 | Not in Stage 2 (Price > SMA10W > SMA30W)
[CHOLAHLDNG.NS] ❌ FAILED: RS 17 < 70.0 | Recovery 6.54% < 60.0% | AvgVol10 230,720 < 300,000 | Not in Stage 2 (Price > SMA10W > SMA30W)
[SELMC.NS] ❌ FAILED: RS 17 < 70.0 | Price $25.09 < $30.0 | Recovery 0.0% < 60.0% | AvgVol10 2,890 < 300,000 | Not in Stage 2 (Price > SMA10W > SMA30W)
[KSCL.NS] ❌ FAILED: RS 17 < 70.0 | Recovery 12.34% < 60.0% | Not in Stage 2 (Price > SMA10W > SMA30W)
[SCDL.BO] ❌ FAILED: RS 17 < 70.0 | Recovery 27.1% < 60.0% | AvgVol10 27,520 < 300,000 | Not in Stage 2 (Price > SMA10W > SMA30W)
[LIBERTSHOE.NS] ❌ FAILED: RS 17 < 70.0 | Recovery 7.46% < 60.0% | AvgVol10 36,910 < 300,000 | Not in Stage 2 (Price > SMA10W > SMA30W)
[ITI.NS] ❌ FAILED: RS 17 < 70.0 | Recovery 3.71% < 60.0% | AvgVol10 146,020 < 300,000 | Not in Stage 2 (Price > SMA10W > SMA30W)
[EMMESSA.BO] ❌ FAILED: RS 17 < 70.0 | Price $22.65 < $30.0 | Recovery 22.96% < 60.0% | AvgVol10 1,000 < 300,000 | Not in Stage 2 (Price > SMA10W > SMA30W)
[VERITAS.BO] ❌ FAILED: RS 17 < 70.0 | Recovery 14.37% < 60.0% | AvgVol10 2,450 < 300,000 | Not in Stage 2 (Price > SMA10W > SMA30W)
[INDOFARM.NS] ❌ FAILED: RS 17 < 70.0 | Recovery 21.29% < 60.0% | AvgVol10 152,010 < 300,000 | Not in Stage 2 (Price > SMA10W > SMA30W)
[FUTURSEC.BO] ❌ FAILED: RS 17 < 70.0 | Price $29.32 < $30.0 | Recovery 40.22% < 60.0% | AvgVol10 190 < 300,000 | Not in Stage 2 (Price > SMA10W > SMA30W)
[CROMPTON.NS] ❌ FAILED: RS 17 < 70.0 | Recovery 2.0% < 60.0% | Not in Stage 2 (Price > SMA10W > SMA30W)
[CIANAGRO.BO] ❌ FAILED: RS 17 < 70.0 | AvgVol10 44,050 < 300,000 | Not in Stage 2 (Price > SMA10W > SMA30W)
[AVANTIFEED.NS] ❌ FAILED: RS 16 < 70.0 | Recovery 17.39% < 60.0% | AvgVol10 228,800 < 300,000 | Not in Stage 2 (Price > SMA10W > SMA30W)
[LAXMIDENTL.NS] ❌ FAILED: RS 16 < 70.0 | Recovery 23.62% < 60.0% | AvgVol10 64,000 < 300,000 | Not in Stage 2 (Price > SMA10W > SMA30W)
[AERONEU.NS] ❌ FAILED: RS 16 < 70.0 | Recovery 18.94% < 60.0% | AvgVol10 70,320 < 300,000 | Not in Stage 2 (Price > SMA10W > SMA30W)
[ELCIDIN.NS] ❌ FAILED: RS 16 < 70.0 | Recovery 1.26% < 60.0% | Too close to 52WH: -24.45% | AvgVol10 10 < 300,000 | Not in Stage 2 (Price > SMA10W > SMA30W)
[VALPLAST.BO] ❌ FAILED: RS 16 < 70.0 | Recovery 21.75% < 60.0% | AvgVol10 16,200 < 300,000 | Not in Stage 2 (Price > SMA10W > SMA30W)
[RUPA.NS] ❌ FAILED: RS 16 < 70.0 | Recovery 21.55% < 60.0% | AvgVol10 123,700 < 300,000 | Not in Stage 2 (Price > SMA10W > SMA30W)
[NOL.BO] ❌ FAILED: RS 16 < 70.0 | Recovery 24.42% < 60.0% | AvgVol10 750 < 300,000 | Not in Stage 2 (Price > SMA10W > SMA30W)
[DBCORP.NS] ❌ FAILED: RS 16 < 70.0 | Recovery 0.3% < 60.0% | AvgVol10 68,270 < 300,000 | Not in Stage 2 (Price > SMA10W > SMA30W)
[JKTYRE.NS] ❌ FAILED: RS 16 < 70.0 | Recovery 0.21% < 60.0% | Not in Stage 2 (Price > SMA10W > SMA30W)
[SHREYANIND.NS] ❌ FAILED: RS 16 < 70.0 | Recovery 5.95% < 60.0% | AvgVol10 5,580 < 300,000 | Not in Stage 2 (Price > SMA10W > SMA30W)
[STARCEMENT.NS] ❌ FAILED: RS 16 < 70.0 | Recovery 1.28% < 60.0% | AvgVol10 165,570 < 300,000 | Not in Stage 2 (Price > SMA10W > SMA30W)
[NITCO.NS] ❌ FAILED: RS 16 < 70.0 | Recovery 32.2% < 60.0% | Not in Stage 2 (Price > SMA10W > SMA30W)
[ALFATRAN.BO] ❌ FAILED: RS 16 < 70.0 | Recovery 33.85% < 60.0% | AvgVol10 13,940 < 300,000 | Not in Stage 2 (Price > SMA10W > SMA30W)
[SAFARI.NS] ❌ FAILED: RS 16 < 70.0 | Recovery 6.61% < 60.0% | AvgVol10 51,120 < 300,000 | Not in Stage 2 (Price > SMA10W > SMA30W)
[AJMERA.NS] ❌ FAILED: RS 16 < 70.0 | Recovery 22.02% < 60.0% | AvgVol10 291,560 < 300,000 | Not in Stage 2 (Price > SMA10W > SMA30W)
[UNIECOM.NS] ❌ FAILED: RS 16 < 70.0 | Recovery 4.67% < 60.0% | Not in Stage 2 (Price > SMA10W > SMA30W)
[CESC.NS] ❌ FAILED: RS 16 < 70.0 | Recovery 0.21% < 60.0% | Not in Stage 2 (Price > SMA10W > SMA30W)
[BOMDYEING.NS] ❌ FAILED: RS 16 < 70.0 | Recovery 16.73% < 60.0% | Not in Stage 2 (Price > SMA10W > SMA30W)
[SRM.NS] ❌ FAILED: RS 16 < 70.0 | Recovery 12.73% < 60.0% | AvgVol10 38,620 < 300,000 | Not in Stage 2 (Price > SMA10W > SMA30W)
[JAYTEX.BO] ❌ FAILED: RS 16 < 70.0 | Price $21.50 < $30.0 | Recovery 0.47% < 60.0% | Too close to 52WH: -20.37% | AvgVol10 0 < 300,000 | Not in Stage 2 (Price > SMA10W > SMA30W)
[SUBROS.NS] ❌ FAILED: RS 16 < 70.0 | Recovery 12.57% < 60.0% | AvgVol10 34,580 < 300,000 | Not in Stage 2 (Price > SMA10W > SMA30W)
[ROHLTD.NS] ❌ FAILED: RS 16 < 70.0 | Recovery 11.01% < 60.0% | AvgVol10 16,260 < 300,000 | Not in Stage 2 (Price > SMA10W > SMA30W)
[TRUECOLORS.BO] ❌ FAILED: RS 16 < 70.0 | Recovery 16.68% < 60.0% | AvgVol10 22,800 < 300,000 | Not in Stage 2 (Price > SMA10W > SMA30W)
[GRINFRA.NS] ❌ FAILED: RS 16 < 70.0 | Recovery 1.82% < 60.0% | AvgVol10 45,040 < 300,000 | Not in Stage 2 (Price > SMA10W > SMA30W)
[JARO.NS] ❌ FAILED: RS 16 < 70.0 | Recovery 10.4% < 60.0% | AvgVol10 142,210 < 300,000 | Not in Stage 2 (Price > SMA10W > SMA30W)
[ABREL.NS] ❌ FAILED: RS 16 < 70.0 | Recovery 10.31% < 60.0% | AvgVol10 195,260 < 300,000 | Not in Stage 2 (Price > SMA10W > SMA30W)
[SANINFRA.BO] ❌ FAILED: RS 16 < 70.0 | Recovery 29.73% < 60.0% | AvgVol10 5,680 < 300,000 | Not in Stage 2 (Price > SMA10W > SMA30W)
[GENESYS.NS] ❌ FAILED: RS 16 < 70.0 | Not in Stage 2 (Price > SMA10W > SMA30W)
[NCC.NS] ❌ FAILED: RS 16 < 70.0 | Recovery 0.22% < 60.0% | Not in Stage 2 (Price > SMA10W > SMA30W)
[RCF.NS] ❌ FAILED: RS 16 < 70.0 | Recovery 3.73% < 60.0% | Not in Stage 2 (Price > SMA10W > SMA30W)
[ASSOCER.BO] ❌ FAILED: RS 16 < 70.0 | Recovery 14.32% < 60.0% | AvgVol10 10 < 300,000 | Not in Stage 2 (Price > SMA10W > SMA30W)
[NFL.NS] ❌ FAILED: RS 16 < 70.0 | Recovery 3.8% < 60.0% | Not in Stage 2 (Price > SMA10W > SMA30W)
[SANOFI.NS] ❌ FAILED: RS 16 < 70.0 | Recovery 1.79% < 60.0% | AvgVol10 25,750 < 300,000 | Not in Stage 2 (Price > SMA10W > SMA30W)
[TVTODAY.NS] ❌ FAILED: RS 16 < 70.0 | Recovery 12.36% < 60.0% | AvgVol10 43,930 < 300,000 | Not in Stage 2 (Price > SMA10W > SMA30W)
[COMMAND.BO] ❌ FAILED: RS 16 < 70.0 | Price $21.00 < $30.0 | Recovery 0.0% < 60.0% | AvgVol10 190 < 300,000 | Not in Stage 2 (Price > SMA10W > SMA30W)
[ALLTIME.NS] ❌ FAILED: RS 15 < 70.0 | Recovery 6.4% < 60.0% | AvgVol10 64,910 < 300,000 | Not in Stage 2 (Price > SMA10W > SMA30W)
[SCILAL.NS] ❌ FAILED: RS 15 < 70.0 | Recovery 7.58% < 60.0% | Not in Stage 2 (Price > SMA10W > SMA30W)
[HONDAPOWER.NS] ❌ FAILED: RS 15 < 70.0 | Recovery 2.54% < 60.0% | AvgVol10 2,560 < 300,000 | Not in Stage 2 (Price > SMA10W > SMA30W)
[SPARKLEGR.BO] ❌ FAILED: RS 15 < 70.0 | Recovery 26.58% < 60.0% | AvgVol10 1,840 < 300,000 | Not in Stage 2 (Price > SMA10W > SMA30W)
[MAFATIND.NS] ❌ FAILED: RS 15 < 70.0 | Recovery 1.77% < 60.0% | Too close to 52WH: -26.85% | AvgVol10 37,440 < 300,000 | Not in Stage 2 (Price > SMA10W > SMA30W)
[COASTCORP.NS] ❌ FAILED: RS 15 < 70.0 | Recovery 10.54% < 60.0% | AvgVol10 86,060 < 300,000 | Not in Stage 2 (Price > SMA10W > SMA30W)
[DPWIRES.NS] ❌ FAILED: RS 15 < 70.0 | Recovery 26.71% < 60.0% | AvgVol10 10,890 < 300,000 | Not in Stage 2 (Price > SMA10W > SMA30W)
[VINATIORGA.NS] ❌ FAILED: RS 15 < 70.0 | Recovery 0.08% < 60.0% | AvgVol10 72,170 < 300,000 | Not in Stage 2 (Price > SMA10W > SMA30W)
[METROBRAND.NS] ❌ FAILED: RS 15 < 70.0 | Recovery 2.23% < 60.0% | AvgVol10 149,860 < 300,000 | Not in Stage 2 (Price > SMA10W > SMA30W)
[SALORAINTL.BO] ❌ FAILED: RS 15 < 70.0 | Price $26.14 < $30.0 | Recovery 12.92% < 60.0% | AvgVol10 900 < 300,000 | Not in Stage 2 (Price > SMA10W > SMA30W)
[1STCUS.BO] ❌ FAILED: RS 15 < 70.0 | Recovery 17.14% < 60.0% | AvgVol10 150 < 300,000 | Not in Stage 2 (Price > SMA10W > SMA30W)
[NACDAC.BO] ❌ FAILED: RS 15 < 70.0 | Price $22.52 < $30.0 | Recovery 12.6% < 60.0% | AvgVol10 5,600 < 300,000 | Not in Stage 2 (Price > SMA10W > SMA30W)
[LINC.NS] ❌ FAILED: RS 15 < 70.0 | Recovery 5.46% < 60.0% | AvgVol10 29,500 < 300,000 | Not in Stage 2 (Price > SMA10W > SMA30W)
[MYMONEY.BO] ❌ FAILED: RS 15 < 70.0 | Recovery 16.56% < 60.0% | AvgVol10 800 < 300,000 | Not in Stage 2 (Price > SMA10W > SMA30W)
[ANDREWYU.NS] ❌ FAILED: RS 15 < 70.0 | Price $25.81 < $30.0 | Recovery 5.3% < 60.0% | Too close to 52WH: -17.67% | AvgVol10 124,810 < 300,000 | Not in Stage 2 (Price > SMA10W > SMA30W)
[VMM.NS] ❌ FAILED: RS 15 < 70.0 | Recovery 2.07% < 60.0% | Not in Stage 2 (Price > SMA10W > SMA30W)
[PFC.NS] ❌ FAILED: RS 15 < 70.0 | Recovery 0.29% < 60.0% | Not in Stage 2 (Price > SMA10W > SMA30W)
[TOKYOPLAST.NS] ❌ FAILED: RS 15 < 70.0 | Recovery 34.83% < 60.0% | AvgVol10 1,700 < 300,000 | Not in Stage 2 (Price > SMA10W > SMA30W)
[OMINFRAL.NS] ❌ FAILED: RS 15 < 70.0 | Recovery 10.14% < 60.0% | AvgVol10 67,290 < 300,000 | Not in Stage 2 (Price > SMA10W > SMA30W)
[VEEFIN.BO] ❌ FAILED: RS 15 < 70.0 | Recovery 23.55% < 60.0% | AvgVol10 61,960 < 300,000 | Not in Stage 2 (Price > SMA10W > SMA30W)
[TVSELECT.NS] ❌ FAILED: RS 15 < 70.0 | Recovery 12.69% < 60.0% | AvgVol10 29,170 < 300,000 | Not in Stage 2 (Price > SMA10W > SMA30W)
[SINNAR.BO] ❌ FAILED: RS 15 < 70.0 | Recovery 10.28% < 60.0% | AvgVol10 10 < 300,000 | Not in Stage 2 (Price > SMA10W > SMA30W)
[WILLAMAGOR.NS] ❌ FAILED: RS 15 < 70.0 | Price $22.11 < $30.0 | Recovery 4.74% < 60.0% | AvgVol10 2,350 < 300,000 | Not in Stage 2 (Price > SMA10W > SMA30W)
[SCOOBEEDAY.BO] ❌ FAILED: RS 15 < 70.0 | Recovery 5.86% < 60.0% | AvgVol10 450 < 300,000 | Not in Stage 2 (Price > SMA10W > SMA30W)
[INFY.NS] ❌ FAILED: RS 15 < 70.0 | Recovery 2.12% < 60.0% | Not in Stage 2 (Price > SMA10W > SMA30W)
[SHRADHA.NS] ❌ FAILED: RS 15 < 70.0 | Price $29.48 < $30.0 | Recovery 11.92% < 60.0% | AvgVol10 20,240 < 300,000 | Not in Stage 2 (Price > SMA10W > SMA30W)
[PRAKASH.NS] ❌ FAILED: RS 15 < 70.0 | Recovery 4.93% < 60.0% | Not in Stage 2 (Price > SMA10W > SMA30W)
[BSOFT.NS] ❌ FAILED: RS 15 < 70.0 | Recovery 0.46% < 60.0% | Not in Stage 2 (Price > SMA10W > SMA30W)
[LOYAL.BO] ❌ FAILED: RS 15 < 70.0 | Recovery 14.93% < 60.0% | AvgVol10 3,760 < 300,000 | Not in Stage 2 (Price > SMA10W > SMA30W)
[DGCONTENT.NS] ❌ FAILED: RS 15 < 70.0 | Price $23.37 < $30.0 | Recovery 8.14% < 60.0% | AvgVol10 7,680 < 300,000 | Not in Stage 2 (Price > SMA10W > SMA30W)
[SARUPINDUS.BO] ❌ FAILED: RS 15 < 70.0 | Recovery 31.39% < 60.0% | AvgVol10 50 < 300,000 | Not in Stage 2 (Price > SMA10W > SMA30W)
[SWADPOL.BO] ❌ FAILED: RS 15 < 70.0 | Recovery 21.81% < 60.0% | AvgVol10 2,930 < 300,000 | Not in Stage 2 (Price > SMA10W > SMA30W)
[GUJARATPOLY.BO] ❌ FAILED: RS 15 < 70.0 | Recovery 33.23% < 60.0% | AvgVol10 1,910 < 300,000 | Not in Stage 2 (Price > SMA10W > SMA30W)
[RIBATEX.BO] ❌ FAILED: RS 15 < 70.0 | Recovery 31.99% < 60.0% | AvgVol10 5,410 < 300,000 | Not in Stage 2 (Price > SMA10W > SMA30W)
[DBREALTY.NS] ❌ FAILED: RS 15 < 70.0 | Recovery 15.31% < 60.0% | Not in Stage 2 (Price > SMA10W > SMA30W)
[HUDCO.NS] ❌ FAILED: RS 15 < 70.0 | Recovery 6.08% < 60.0% | Not in Stage 2 (Price > SMA10W > SMA30W)
[VSTIND.NS] ❌ FAILED: RS 15 < 70.0 | Recovery 2.0% < 60.0% | AvgVol10 119,840 < 300,000 | Not in Stage 2 (Price > SMA10W > SMA30W)
[BAYERCROP.NS] ❌ FAILED: RS 15 < 70.0 | Recovery 0.6% < 60.0% | AvgVol10 39,180 < 300,000 | Not in Stage 2 (Price > SMA10W > SMA30W)
[BIKAJI.NS] ❌ FAILED: RS 15 < 70.0 | Recovery 4.72% < 60.0% | Not in Stage 2 (Price > SMA10W > SMA30W)
[RSSOFTWARE.NS] ❌ FAILED: RS 14 < 70.0 | Recovery 40.67% < 60.0% | AvgVol10 21,440 < 300,000 | Not in Stage 2 (Price > SMA10W > SMA30W)
[SYSCHEM.BO] ❌ FAILED: RS 14 < 70.0 | Recovery 28.53% < 60.0% | AvgVol10 110,980 < 300,000 | Not in Stage 2 (Price > SMA10W > SMA30W)
[RADIANTCMS.NS] ❌ FAILED: RS 14 < 70.0 | Recovery 10.42% < 60.0% | Not in Stage 2 (Price > SMA10W > SMA30W)
[PIONEEREMB.NS] ❌ FAILED: RS 14 < 70.0 | Price $21.15 < $30.0 | Recovery 7.85% < 60.0% | AvgVol10 8,390 < 300,000 | Not in Stage 2 (Price > SMA10W > SMA30W)
[BOMBWIR.BO] ❌ FAILED: RS 14 < 70.0 | Recovery 16.39% < 60.0% | AvgVol10 880 < 300,000 | Not in Stage 2 (Price > SMA10W > SMA30W)
[PATANJALI.NS] ❌ FAILED: RS 14 < 70.0 | Recovery 19.07% < 60.0% | Not in Stage 2 (Price > SMA10W > SMA30W)
[ACC.NS] ❌ FAILED: RS 14 < 70.0 | Recovery 0.22% < 60.0% | AvgVol10 120,080 < 300,000 | Not in Stage 2 (Price > SMA10W > SMA30W)
[BHASKAGR.BO] ❌ FAILED: RS 14 < 70.0 | Recovery 15.27% < 60.0% | AvgVol10 1,100 < 300,000 | Not in Stage 2 (Price > SMA10W > SMA30W)
[MARUTI.NS] ❌ FAILED: RS 14 < 70.0 | Recovery 0.54% < 60.0% | Not in Stage 2 (Price > SMA10W > SMA30W)
[MSUMI.NS] ❌ FAILED: RS 14 < 70.0 | Recovery 2.93% < 60.0% | Not in Stage 2 (Price > SMA10W > SMA30W)
[SPL.BO] ❌ FAILED: RS 14 < 70.0 | Price $20.00 < $30.0 | Recovery 26.98% < 60.0% | AvgVol10 51,200 < 300,000 | Not in Stage 2 (Price > SMA10W > SMA30W)
[UFO.NS] ❌ FAILED: RS 14 < 70.0 | Recovery 9.53% < 60.0% | AvgVol10 25,880 < 300,000 | Not in Stage 2 (Price > SMA10W > SMA30W)
[INTENTECH.NS] ❌ FAILED: RS 14 < 70.0 | Recovery 25.26% < 60.0% | AvgVol10 20,040 < 300,000 | Not in Stage 2 (Price > SMA10W > SMA30W)
[FLAIR.NS] ❌ FAILED: RS 14 < 70.0 | Recovery 3.1% < 60.0% | AvgVol10 79,790 < 300,000 | Not in Stage 2 (Price > SMA10W > SMA30W)
[TTML.NS] ❌ FAILED: RS 14 < 70.0 | Recovery 15.92% < 60.0% | Not in Stage 2 (Price > SMA10W > SMA30W)
[SJVN.NS] ❌ FAILED: RS 14 < 70.0 | Recovery 0.84% < 60.0% | Not in Stage 2 (Price > SMA10W > SMA30W)
[SRECR.BO] ❌ FAILED: RS 14 < 70.0 | Price $26.15 < $30.0 | Recovery 17.53% < 60.0% | AvgVol10 960 < 300,000 | Not in Stage 2 (Price > SMA10W > SMA30W)
[HITECH.NS] ❌ FAILED: RS 14 < 70.0 | Recovery 4.56% < 60.0% | Not in Stage 2 (Price > SMA10W > SMA30W)
[BAJAJELEC.NS] ❌ FAILED: RS 14 < 70.0 | Recovery 4.53% < 60.0% | AvgVol10 93,350 < 300,000 | Not in Stage 2 (Price > SMA10W > SMA30W)
[ODYSSEY.BO] ❌ FAILED: RS 14 < 70.0 | Recovery 22.04% < 60.0% | AvgVol10 4,310 < 300,000 | Not in Stage 2 (Price > SMA10W > SMA30W)
[PNTKYOR.BO] ❌ FAILED: RS 14 < 70.0 | Recovery 12.32% < 60.0% | AvgVol10 380 < 300,000 | Not in Stage 2 (Price > SMA10W > SMA30W)
[VPRPL.NS] ❌ FAILED: RS 14 < 70.0 | Recovery 29.87% < 60.0% | Not in Stage 2 (Price > SMA10W > SMA30W)
[YATRA.NS] ❌ FAILED: RS 14 < 70.0 | Recovery 13.09% < 60.0% | Not in Stage 2 (Price > SMA10W > SMA30W)
[JOSTS.BO] ❌ FAILED: RS 14 < 70.0 | Recovery 16.08% < 60.0% | AvgVol10 5,620 < 300,000 | Not in Stage 2 (Price > SMA10W > SMA30W)
[RAGHUSYN.BO] ❌ FAILED: RS 14 < 70.0 | Recovery 2.97% < 60.0% | AvgVol10 1,970 < 300,000 | Not in Stage 2 (Price > SMA10W > SMA30W)
[DECCANCE.NS] ❌ FAILED: RS 14 < 70.0 | Recovery 3.34% < 60.0% | AvgVol10 38,000 < 300,000 | Not in Stage 2 (Price > SMA10W > SMA30W)
[UNISEM.BO] ❌ FAILED: RS 14 < 70.0 | Recovery 2.55% < 60.0% | AvgVol10 2,000 < 300,000 | Not in Stage 2 (Price > SMA10W > SMA30W)
[INDERGR.BO] ❌ FAILED: RS 14 < 70.0 | Price $20.45 < $30.0 | Recovery 32.96% < 60.0% | AvgVol10 1,750 < 300,000 | Not in Stage 2 (Price > SMA10W > SMA30W)
[SAFFRON.BO] ❌ FAILED: RS 14 < 70.0 | Price $23.74 < $30.0 | Recovery 3.62% < 60.0% | AvgVol10 2,540 < 300,000 | Not in Stage 2 (Price > SMA10W > SMA30W)
[LAPL.BO] ❌ FAILED: RS 14 < 70.0 | Recovery 6.63% < 60.0% | Too close to 52WH: -24.82% | AvgVol10 54,840 < 300,000 | Not in Stage 2 (Price > SMA10W > SMA30W)
[BIRLACORPN.NS] ❌ FAILED: RS 14 < 70.0 | Recovery 9.03% < 60.0% | AvgVol10 54,350 < 300,000 | Not in Stage 2 (Price > SMA10W > SMA30W)
[RELICAB.BO] ❌ FAILED: RS 14 < 70.0 | Recovery 17.59% < 60.0% | AvgVol10 27,730 < 300,000 | Not in Stage 2 (Price > SMA10W > SMA30W)
[VESUVIUS.NS] ❌ FAILED: RS 14 < 70.0 | Recovery 0.63% < 60.0% | AvgVol10 75,800 < 300,000 | Not in Stage 2 (Price > SMA10W > SMA30W)
[KARBON.BO] ❌ FAILED: RS 14 < 70.0 | Recovery 25.86% < 60.0% | AvgVol10 53,200 < 300,000 | Not in Stage 2 (Price > SMA10W > SMA30W)
[TRANSRAILL.NS] ❌ FAILED: RS 14 < 70.0 | Recovery 12.23% < 60.0% | Not in Stage 2 (Price > SMA10W > SMA30W)
[STUDDS.NS] ❌ FAILED: RS 14 < 70.0 | Recovery 0.51% < 60.0% | AvgVol10 141,570 < 300,000 | Not in Stage 2 (Price > SMA10W > SMA30W)
[UNITDCR.BO] ❌ FAILED: RS 13 < 70.0 | Price $22.02 < $30.0 | Recovery 15.89% < 60.0% | AvgVol10 110 < 300,000 | Not in Stage 2 (Price > SMA10W > SMA30W)
[CINDHO.BO] ❌ FAILED: RS 13 < 70.0 | Recovery 2.96% < 60.0% | AvgVol10 150 < 300,000 | Not in Stage 2 (Price > SMA10W > SMA30W)
[AASTAFIN.BO] ❌ FAILED: RS 13 < 70.0 | Price $29.57 < $30.0 | Recovery 6.37% < 60.0% | AvgVol10 3,410 < 300,000 | Not in Stage 2 (Price > SMA10W > SMA30W)
[SGFRL.BO] ❌ FAILED: RS 13 < 70.0 | Recovery 8.52% < 60.0% | AvgVol10 10,800 < 300,000 | Not in Stage 2 (Price > SMA10W > SMA30W)
[UVS.BO] ❌ FAILED: RS 13 < 70.0 | Recovery 9.29% < 60.0% | AvgVol10 21,030 < 300,000 | Not in Stage 2 (Price > SMA10W > SMA30W)
[GODFRYPHLP.NS] ❌ FAILED: RS 13 < 70.0 | Recovery 5.43% < 60.0% | AvgVol10 149,780 < 300,000 | Not in Stage 2 (Price > SMA10W > SMA30W)
[INDIASHLTR.NS] ❌ FAILED: RS 13 < 70.0 | Recovery 4.38% < 60.0% | AvgVol10 71,710 < 300,000 | Not in Stage 2 (Price > SMA10W > SMA30W)
[ITC.NS] ❌ FAILED: RS 13 < 70.0 | Recovery 3.8% < 60.0% | Not in Stage 2 (Price > SMA10W > SMA30W)
[ASGARD.BO] ❌ FAILED: RS 13 < 70.0 | Recovery 26.72% < 60.0% | AvgVol10 158,640 < 300,000 | Not in Stage 2 (Price > SMA10W > SMA30W)
[NOVAAGRI.NS] ❌ FAILED: RS 13 < 70.0 | Price $22.48 < $30.0 | Recovery 24.06% < 60.0% | AvgVol10 50,400 < 300,000 | Not in Stage 2 (Price > SMA10W > SMA30W)
[YURANUS.BO] ❌ FAILED: RS 13 < 70.0 | AvgVol10 270 < 300,000 | Not in Stage 2 (Price > SMA10W > SMA30W)
[UNITEDINT.BO] ❌ FAILED: RS 13 < 70.0 | Recovery 1.21% < 60.0% | AvgVol10 160 < 300,000 | Not in Stage 2 (Price > SMA10W > SMA30W)
[KEERTHI.BO] ❌ FAILED: RS 13 < 70.0 | Recovery 18.52% < 60.0% | AvgVol10 550 < 300,000 | Not in Stage 2 (Price > SMA10W > SMA30W)
[INDIACEM.NS] ❌ FAILED: RS 13 < 70.0 | Recovery 0.51% < 60.0% | AvgVol10 287,730 < 300,000 | Not in Stage 2 (Price > SMA10W > SMA30W)
[SUMMITSEC.NS] ❌ FAILED: RS 13 < 70.0 | Recovery 1.94% < 60.0% | AvgVol10 2,100 < 300,000 | Not in Stage 2 (Price > SMA10W > SMA30W)
[CHENFERRO.BO] ❌ FAILED: RS 13 < 70.0 | Recovery 28.51% < 60.0% | AvgVol10 1,440 < 300,000 | Not in Stage 2 (Price > SMA10W > SMA30W)
[NITINCAST.BO] ❌ FAILED: RS 13 < 70.0 | AvgVol10 1,470 < 300,000 | Not in Stage 2 (Price > SMA10W > SMA30W)
[CONTCHM.BO] ❌ FAILED: RS 13 < 70.0 | Recovery 5.0% < 60.0% | AvgVol10 30 < 300,000 | Not in Stage 2 (Price > SMA10W > SMA30W)
[GODAVARIB.NS] ❌ FAILED: RS 13 < 70.0 | Recovery 2.43% < 60.0% | Not in Stage 2 (Price > SMA10W > SMA30W)
[MPKSTEELS.BO] ❌ FAILED: RS 13 < 70.0 | Recovery 26.48% < 60.0% | AvgVol10 3,290 < 300,000 | Not in Stage 2 (Price > SMA10W > SMA30W)
[WAAREEENER.NS] ❌ FAILED: RS 13 < 70.0 | Recovery 2.16% < 60.0% | Not in Stage 2 (Price > SMA10W > SMA30W)
[DCMSRIND.NS] ❌ FAILED: RS 13 < 70.0 | Recovery 22.29% < 60.0% | Not in Stage 2 (Price > SMA10W > SMA30W)
[BPL.NS] ❌ FAILED: RS 13 < 70.0 | Recovery 23.4% < 60.0% | AvgVol10 39,390 < 300,000 | Not in Stage 2 (Price > SMA10W > SMA30W)
[UMAEXPORTS.NS] ❌ FAILED: RS 13 < 70.0 | Price $21.64 < $30.0 | Recovery 19.43% < 60.0% | AvgVol10 15,160 < 300,000 | Not in Stage 2 (Price > SMA10W > SMA30W)
[ATAM.NS] ❌ FAILED: RS 13 < 70.0 | Recovery 15.07% < 60.0% | AvgVol10 28,680 < 300,000 | Not in Stage 2 (Price > SMA10W > SMA30W)
[CONTILI.BO] ❌ FAILED: RS 13 < 70.0 | Price $19.50 < $30.0 | Recovery 11.43% < 60.0% | AvgVol10 7,330 < 300,000 | Not in Stage 2 (Price > SMA10W > SMA30W)
[NUCLEUS.NS] ❌ FAILED: RS 13 < 70.0 | Recovery 0.41% < 60.0% | AvgVol10 13,090 < 300,000 | Not in Stage 2 (Price > SMA10W > SMA30W)
[INNOVATORS.BO] ❌ FAILED: RS 13 < 70.0 | Recovery 12.75% < 60.0% | AvgVol10 27,360 < 300,000 | Not in Stage 2 (Price > SMA10W > SMA30W)
[PIGL.NS] ❌ FAILED: RS 13 < 70.0 | Recovery 9.03% < 60.0% | AvgVol10 58,070 < 300,000 | Not in Stage 2 (Price > SMA10W > SMA30W)
[PIIND.NS] ❌ FAILED: RS 13 < 70.0 | Recovery 7.21% < 60.0% | Not in Stage 2 (Price > SMA10W > SMA30W)
[RESPONSINF.BO] ❌ FAILED: RS 13 < 70.0 | Price $19.90 < $30.0 | Recovery 21.34% < 60.0% | AvgVol10 540 < 300,000 | Not in Stage 2 (Price > SMA10W > SMA30W)
[LAOPALA.NS] ❌ FAILED: RS 13 < 70.0 | Recovery 0.57% < 60.0% | AvgVol10 191,130 < 300,000 | Not in Stage 2 (Price > SMA10W > SMA30W)
[MSCTC.BO] ❌ FAILED: RS 13 < 70.0 | Recovery 40.52% < 60.0% | AvgVol10 1,290 < 300,000 | Not in Stage 2 (Price > SMA10W > SMA30W)
[SAKSOFT.NS] ❌ FAILED: RS 13 < 70.0 | Recovery 31.81% < 60.0% | AvgVol10 290,070 < 300,000 | Not in Stage 2 (Price > SMA10W > SMA30W)
[REXSEAL.BO] ❌ FAILED: RS 13 < 70.0 | Recovery 26.81% < 60.0% | AvgVol10 220 < 300,000 | Not in Stage 2 (Price > SMA10W > SMA30W)
[SAURASHCEM.NS] ❌ FAILED: RS 13 < 70.0 | Recovery 11.96% < 60.0% | AvgVol10 118,210 < 300,000 | Not in Stage 2 (Price > SMA10W > SMA30W)
[SRIGEE.BO] ❌ FAILED: RS 13 < 70.0 | Recovery 26.87% < 60.0% | AvgVol10 21,360 < 300,000 | Not in Stage 2 (Price > SMA10W > SMA30W)
[BLOIN.BO] ❌ FAILED: RS 13 < 70.0 | Price $29.00 < $30.0 | Recovery 5.11% < 60.0% | AvgVol10 150 < 300,000 | Not in Stage 2 (Price > SMA10W > SMA30W)
[WIPRO.NS] ❌ FAILED: RS 13 < 70.0 | Recovery 0.37% < 60.0% | Not in Stage 2 (Price > SMA10W > SMA30W)
[RELAXO.NS] ❌ FAILED: RS 12 < 70.0 | Recovery 22.94% < 60.0% | Not in Stage 2 (Price > SMA10W > SMA30W)
[HEIDELBERG.NS] ❌ FAILED: RS 12 < 70.0 | Recovery 0.27% < 60.0% | AvgVol10 187,580 < 300,000 | Not in Stage 2 (Price > SMA10W > SMA30W)
[IPL.NS] ❌ FAILED: RS 12 < 70.0 | Recovery 5.25% < 60.0% | Not in Stage 2 (Price > SMA10W > SMA30W)
[ZENSARTECH.NS] ❌ FAILED: RS 12 < 70.0 | Recovery 4.94% < 60.0% | Not in Stage 2 (Price > SMA10W > SMA30W)
[BATAINDIA.NS] ❌ FAILED: RS 12 < 70.0 | Recovery 3.26% < 60.0% | AvgVol10 224,640 < 300,000 | Not in Stage 2 (Price > SMA10W > SMA30W)
[KHAICHEM.NS] ❌ FAILED: RS 12 < 70.0 | Recovery 15.35% < 60.0% | AvgVol10 158,960 < 300,000 | Not in Stage 2 (Price > SMA10W > SMA30W)
[BDL.NS] ❌ FAILED: RS 12 < 70.0 | Recovery 2.67% < 60.0% | Not in Stage 2 (Price > SMA10W > SMA30W)
[SCANSTL.NS] ❌ FAILED: RS 12 < 70.0 | Recovery 0.72% < 60.0% | Too close to 52WH: -24.21% | AvgVol10 38,670 < 300,000 | Not in Stage 2 (Price > SMA10W > SMA30W)
[CNINFOTECH.BO] ❌ FAILED: RS 12 < 70.0 | Recovery 13.57% < 60.0% | AvgVol10 15,080 < 300,000 | Not in Stage 2 (Price > SMA10W > SMA30W)
[NSDL.BO] ❌ FAILED: RS 12 < 70.0 | Recovery 0.19% < 60.0% | Not in Stage 2 (Price > SMA10W > SMA30W)
[MADALA.BO] ❌ FAILED: RS 12 < 70.0 | Recovery 5.47% < 60.0% | AvgVol10 490 < 300,000 | Not in Stage 2 (Price > SMA10W > SMA30W)
[DMR.BO] ❌ FAILED: RS 12 < 70.0 | Recovery 29.36% < 60.0% | AvgVol10 16,900 < 300,000 | Not in Stage 2 (Price > SMA10W > SMA30W)
[APLABPP.BO] ❌ FAILED: RS 12 < 70.0 | Recovery 40.69% < 60.0% | AvgVol10 1,790 < 300,000 | Not in Stage 2 (Price > SMA10W > SMA30W)
[MUFTI.NS] ❌ FAILED: RS 12 < 70.0 | Recovery 10.2% < 60.0% | AvgVol10 60,570 < 300,000 | Not in Stage 2 (Price > SMA10W > SMA30W)
[SOMICONVEY.NS] ❌ FAILED: RS 12 < 70.0 | Recovery 11.25% < 60.0% | AvgVol10 20,360 < 300,000 | Not in Stage 2 (Price > SMA10W > SMA30W)
[BLS.NS] ❌ FAILED: RS 12 < 70.0 | Recovery 1.06% < 60.0% | Not in Stage 2 (Price > SMA10W > SMA30W)
[KNRCON.NS] ❌ FAILED: RS 12 < 70.0 | Recovery 8.04% < 60.0% | Not in Stage 2 (Price > SMA10W > SMA30W)
[SMARITIME.BO] ❌ FAILED: RS 12 < 70.0 | Price $22.50 < $30.0 | Recovery 47.44% < 60.0% | AvgVol10 650 < 300,000 | Not in Stage 2 (Price > SMA10W > SMA30W)
[HARIKANTA.BO] ❌ FAILED: RS 12 < 70.0 | Recovery 9.35% < 60.0% | AvgVol10 5,880 < 300,000 | Not in Stage 2 (Price > SMA10W > SMA30W)
[AMBUJACEM.NS] ❌ FAILED: RS 12 < 70.0 | Recovery 0.09% < 60.0% | Not in Stage 2 (Price > SMA10W > SMA30W)
[HILINFRA.NS] ❌ FAILED: RS 12 < 70.0 | Recovery 6.26% < 60.0% | AvgVol10 132,400 < 300,000 | Not in Stage 2 (Price > SMA10W > SMA30W)
[VGCL.NS] ❌ FAILED: RS 12 < 70.0 | Recovery 3.51% < 60.0% | Too close to 52WH: -26.0% | AvgVol10 2,660 < 300,000 | Not in Stage 2 (Price > SMA10W > SMA30W)
[MAHEPC.NS] ❌ FAILED: RS 12 < 70.0 | Recovery 5.6% < 60.0% | AvgVol10 20,300 < 300,000 | Not in Stage 2 (Price > SMA10W > SMA30W)
[TEXELIN.BO] ❌ FAILED: RS 12 < 70.0 | Recovery 19.15% < 60.0% | AvgVol10 11,810 < 300,000 | Not in Stage 2 (Price > SMA10W > SMA30W)
[VINAYAKPOL.BO] ❌ FAILED: RS 12 < 70.0 | Price $21.00 < $30.0 | Recovery 9.6% < 60.0% | AvgVol10 110 < 300,000 | Not in Stage 2 (Price > SMA10W > SMA30W)
[GITARENEW.BO] ❌ FAILED: RS 12 < 70.0 | Recovery 11.46% < 60.0% | AvgVol10 470 < 300,000 | Not in Stage 2 (Price > SMA10W > SMA30W)
[NDTV.NS] ❌ FAILED: RS 12 < 70.0 | Recovery 17.63% < 60.0% | AvgVol10 61,000 < 300,000 | Not in Stage 2 (Price > SMA10W > SMA30W)
[SEVL.BO] ❌ FAILED: RS 12 < 70.0 | Recovery 37.71% < 60.0% | AvgVol10 9,600 < 300,000 | Not in Stage 2 (Price > SMA10W > SMA30W)
[EPIC.BO] ❌ FAILED: RS 12 < 70.0 | Recovery 26.94% < 60.0% | AvgVol10 2,920 < 300,000 | Not in Stage 2 (Price > SMA10W > SMA30W)
[HINDUST.BO] ❌ FAILED: RS 12 < 70.0 | Recovery 13.61% < 60.0% | AvgVol10 2,190 < 300,000 | Not in Stage 2 (Price > SMA10W > SMA30W)
[UBL.NS] ❌ FAILED: RS 12 < 70.0 | Recovery 0.58% < 60.0% | AvgVol10 123,570 < 300,000 | Not in Stage 2 (Price > SMA10W > SMA30W)
[INDIAMART.NS] ❌ FAILED: RS 12 < 70.0 | Recovery 1.11% < 60.0% | AvgVol10 166,360 < 300,000 | Not in Stage 2 (Price > SMA10W > SMA30W)
[DREAMFOLKS.NS] ❌ FAILED: RS 12 < 70.0 | Recovery 10.77% < 60.0% | AvgVol10 49,260 < 300,000 | Not in Stage 2 (Price > SMA10W > SMA30W)
[ADVANCETL.BO] ❌ FAILED: RS 12 < 70.0 | Recovery 26.51% < 60.0% | Too close to 52WH: -24.2% | AvgVol10 38,640 < 300,000 | Not in Stage 2 (Price > SMA10W > SMA30W)
[SURAJLTD.NS] ❌ FAILED: RS 12 < 70.0 | Recovery 1.66% < 60.0% | AvgVol10 400 < 300,000 | Not in Stage 2 (Price > SMA10W > SMA30W)
[VASWANI.NS] ❌ FAILED: RS 12 < 70.0 | Recovery 3.14% < 60.0% | AvgVol10 52,190 < 300,000 | Not in Stage 2 (Price > SMA10W > SMA30W)
[RALLIS.NS] ❌ FAILED: RS 12 < 70.0 | Recovery 1.33% < 60.0% | Not in Stage 2 (Price > SMA10W > SMA30W)
[SERVOTECH.NS] ❌ FAILED: RS 11 < 70.0 | Recovery 25.79% < 60.0% | Not in Stage 2 (Price > SMA10W > SMA30W)
[GODIGIT.NS] ❌ FAILED: RS 11 < 70.0 | Recovery 13.64% < 60.0% | Not in Stage 2 (Price > SMA10W > SMA30W)
[SKRABUL.BO] ❌ FAILED: RS 11 < 70.0 | Price $27.00 < $30.0 | Recovery 28.45% < 60.0% | AvgVol10 120 < 300,000 | Not in Stage 2 (Price > SMA10W > SMA30W)
[GODREJCP.NS] ❌ FAILED: RS 11 < 70.0 | Recovery 1.5% < 60.0% | Not in Stage 2 (Price > SMA10W > SMA30W)
[KANISHK.BO] ❌ FAILED: RS 11 < 70.0 | Price $28.50 < $30.0 | Recovery 26.39% < 60.0% | AvgVol10 7,680 < 300,000 | Not in Stage 2 (Price > SMA10W > SMA30W)
[POKARNA.NS] ❌ FAILED: RS 11 < 70.0 | Recovery 3.69% < 60.0% | AvgVol10 66,190 < 300,000 | Not in Stage 2 (Price > SMA10W > SMA30W)
[MEDPLUS.NS] ❌ FAILED: RS 11 < 70.0 | Recovery 1.24% < 60.0% | AvgVol10 84,730 < 300,000 | Not in Stage 2 (Price > SMA10W > SMA30W)
[SHALBY.NS] ❌ FAILED: RS 11 < 70.0 | Recovery 13.85% < 60.0% | AvgVol10 186,090 < 300,000 | Not in Stage 2 (Price > SMA10W > SMA30W)
[LEMONTREE.NS] ❌ FAILED: RS 11 < 70.0 | Recovery 4.23% < 60.0% | Not in Stage 2 (Price > SMA10W > SMA30W)
[APTPACK.BO] ❌ FAILED: RS 11 < 70.0 | Recovery 26.13% < 60.0% | AvgVol10 6,350 < 300,000 | Not in Stage 2 (Price > SMA10W > SMA30W)
[DCXINDIA.NS] ❌ FAILED: RS 11 < 70.0 | Recovery 3.87% < 60.0% | Not in Stage 2 (Price > SMA10W > SMA30W)
[SKFINDIA.NS] ❌ FAILED: RS 11 < 70.0 | Recovery 7.68% < 60.0% | AvgVol10 73,250 < 300,000 | Not in Stage 2 (Price > SMA10W > SMA30W)
[MEDIASSIST.NS] ❌ FAILED: RS 11 < 70.0 | Recovery 5.03% < 60.0% | Not in Stage 2 (Price > SMA10W > SMA30W)
[IRCTC.NS] ❌ FAILED: RS 11 < 70.0 | Recovery 1.57% < 60.0% | Not in Stage 2 (Price > SMA10W > SMA30W)
[HRHYGIENE.BO] ❌ FAILED: RS 11 < 70.0 | Recovery 22.63% < 60.0% | Too close to 52WH: -22.32% | AvgVol10 53,280 < 300,000 | Not in Stage 2 (Price > SMA10W > SMA30W)
[SRD.NS] ❌ FAILED: RS 11 < 70.0 | Recovery 8.42% < 60.0% | AvgVol10 38,670 < 300,000 | Not in Stage 2 (Price > SMA10W > SMA30W)
[ORIENTCEM.NS] ❌ FAILED: RS 11 < 70.0 | Recovery 0.27% < 60.0% | Not in Stage 2 (Price > SMA10W > SMA30W)
[TARIL.NS] ❌ FAILED: RS 11 < 70.0 | Recovery 20.71% < 60.0% | Not in Stage 2 (Price > SMA10W > SMA30W)
[SUNTECK.NS] ❌ FAILED: RS 11 < 70.0 | Recovery 2.22% < 60.0% | AvgVol10 115,800 < 300,000 | Not in Stage 2 (Price > SMA10W > SMA30W)
[JTEKTINDIA.NS] ❌ FAILED: RS 11 < 70.0 | Recovery 1.21% < 60.0% | AvgVol10 125,020 < 300,000 | Not in Stage 2 (Price > SMA10W > SMA30W)
[MAANALU.NS] ❌ FAILED: RS 11 < 70.0 | Recovery 1.87% < 60.0% | AvgVol10 76,190 < 300,000 | Not in Stage 2 (Price > SMA10W > SMA30W)
[CENLUB.BO] ❌ FAILED: RS 11 < 70.0 | Recovery 25.66% < 60.0% | AvgVol10 4,490 < 300,000 | Not in Stage 2 (Price > SMA10W > SMA30W)
[CIFL.NS] ❌ FAILED: RS 11 < 70.0 | Price $21.73 < $30.0 | Recovery 17.08% < 60.0% | AvgVol10 227,010 < 300,000 | Not in Stage 2 (Price > SMA10W > SMA30W)
[INTELLECT.NS] ❌ FAILED: RS 11 < 70.0 | Recovery 6.11% < 60.0% | Not in Stage 2 (Price > SMA10W > SMA30W)
[JSWHL.NS] ❌ FAILED: RS 11 < 70.0 | Recovery 4.71% < 60.0% | AvgVol10 8,000 < 300,000 | Not in Stage 2 (Price > SMA10W > SMA30W)
[ITCONS.BO] ❌ FAILED: RS 11 < 70.0 | Recovery 14.62% < 60.0% | AvgVol10 23,660 < 300,000 | Not in Stage 2 (Price > SMA10W > SMA30W)
[SWANCORP.NS] ❌ FAILED: RS 11 < 70.0 | Recovery 5.87% < 60.0% | Not in Stage 2 (Price > SMA10W > SMA30W)
[CONTPTR.BO] ❌ FAILED: RS 11 < 70.0 | Recovery 12.42% < 60.0% | AvgVol10 540 < 300,000 | Not in Stage 2 (Price > SMA10W > SMA30W)
[TECHNVISN.NS] ❌ FAILED: RS 11 < 70.0 | Recovery 1.28% < 60.0% | AvgVol10 520 < 300,000 | Not in Stage 2 (Price > SMA10W > SMA30W)
[JUPITERIN.BO] ❌ FAILED: RS 11 < 70.0 | Recovery 27.67% < 60.0% | AvgVol10 11,540 < 300,000 | Not in Stage 2 (Price > SMA10W > SMA30W)
[SIEL.NS] ❌ FAILED: RS 11 < 70.0 | Recovery 8.54% < 60.0% | AvgVol10 120 < 300,000 | Not in Stage 2 (Price > SMA10W > SMA30W)
[MINDTECK.NS] ❌ FAILED: RS 11 < 70.0 | Recovery 5.85% < 60.0% | AvgVol10 20,610 < 300,000 | Not in Stage 2 (Price > SMA10W > SMA30W)
[STANLEY.NS] ❌ FAILED: RS 11 < 70.0 | Recovery 10.41% < 60.0% | AvgVol10 96,230 < 300,000 | Not in Stage 2 (Price > SMA10W > SMA30W)
[BHATEXT.BO] ❌ FAILED: RS 11 < 70.0 | Price $22.07 < $30.0 | Recovery 2.99% < 60.0% | AvgVol10 20 < 300,000 | Not in Stage 2 (Price > SMA10W > SMA30W)
[RAILTEL.NS] ❌ FAILED: RS 11 < 70.0 | Recovery 4.55% < 60.0% | Not in Stage 2 (Price > SMA10W > SMA30W)
[VERTOZ.NS] ❌ FAILED: RS 11 < 70.0 | Recovery 33.86% < 60.0% | AvgVol10 29,520 < 300,000 | Not in Stage 2 (Price > SMA10W > SMA30W)
[AIMCOPEST.BO] ❌ FAILED: RS 10 < 70.0 | Recovery 15.89% < 60.0% | AvgVol10 4,340 < 300,000 | Not in Stage 2 (Price > SMA10W > SMA30W)
[BALAJEE.NS] ❌ FAILED: RS 10 < 70.0 | Price $25.25 < $30.0 | Recovery 19.67% < 60.0% | AvgVol10 28,650 < 300,000 | Not in Stage 2 (Price > SMA10W > SMA30W)
[LGT.BO] ❌ FAILED: RS 10 < 70.0 | Recovery 5.58% < 60.0% | AvgVol10 10,200 < 300,000 | Not in Stage 2 (Price > SMA10W > SMA30W)
[BHARATAGRI.BO] ❌ FAILED: RS 10 < 70.0 | Price $21.48 < $30.0 | Recovery 7.4% < 60.0% | AvgVol10 20,420 < 300,000 | Not in Stage 2 (Price > SMA10W > SMA30W)
[USK.NS] ❌ FAILED: RS 10 < 70.0 | Price $19.31 < $30.0 | Recovery 2.17% < 60.0% | AvgVol10 19,800 < 300,000 | Not in Stage 2 (Price > SMA10W > SMA30W)
[ASHAPURMIN.NS] ❌ FAILED: RS 10 < 70.0 | Recovery 10.44% < 60.0% | AvgVol10 297,610 < 300,000 | Not in Stage 2 (Price > SMA10W > SMA30W)
[AEONXDIGI.BO] ❌ FAILED: RS 10 < 70.0 | Recovery 7.83% < 60.0% | AvgVol10 1,560 < 300,000 | Not in Stage 2 (Price > SMA10W > SMA30W)
[EDVENSWA.BO] ❌ FAILED: RS 10 < 70.0 | Price $21.82 < $30.0 | Recovery 14.78% < 60.0% | AvgVol10 12,890 < 300,000 | Not in Stage 2 (Price > SMA10W > SMA30W)
[SRICC.BO] ❌ FAILED: RS 10 < 70.0 | Recovery 31.44% < 60.0% | AvgVol10 4,680 < 300,000 | Not in Stage 2 (Price > SMA10W > SMA30W)
[SAGCEM.NS] ❌ FAILED: RS 10 < 70.0 | Recovery 5.74% < 60.0% | AvgVol10 48,260 < 300,000 | Not in Stage 2 (Price > SMA10W > SMA30W)
[MORGAN.BO] ❌ FAILED: RS 10 < 70.0 | Recovery 24.31% < 60.0% | AvgVol10 930 < 300,000 | Not in Stage 2 (Price > SMA10W > SMA30W)
[ZEEL.NS] ❌ FAILED: RS 10 < 70.0 | Recovery 12.5% < 60.0% | Not in Stage 2 (Price > SMA10W > SMA30W)
[CHEMPLASTS.NS] ❌ FAILED: RS 10 < 70.0 | Recovery 21.66% < 60.0% | Not in Stage 2 (Price > SMA10W > SMA30W)
[STARDELTA.BO] ❌ FAILED: RS 10 < 70.0 | Recovery 16.44% < 60.0% | AvgVol10 1,690 < 300,000 | Not in Stage 2 (Price > SMA10W > SMA30W)
[GVELECTRIC.BO] ❌ FAILED: RS 10 < 70.0 | Recovery 6.64% < 60.0% | Too close to 52WH: -21.58% | AvgVol10 39,500 < 300,000 | Not in Stage 2 (Price > SMA10W > SMA30W)
[OCEANIC.BO] ❌ FAILED: RS 10 < 70.0 | Recovery 3.55% < 60.0% | AvgVol10 4,200 < 300,000 | Not in Stage 2 (Price > SMA10W > SMA30W)
[GOCOLORS.NS] ❌ FAILED: RS 10 < 70.0 | Recovery 28.58% < 60.0% | AvgVol10 72,840 < 300,000 | Not in Stage 2 (Price > SMA10W > SMA30W)
[STRGRENWO.BO] ❌ FAILED: RS 10 < 70.0 | Price $18.05 < $30.0 | Recovery 11.08% < 60.0% | AvgVol10 20 < 300,000 | Not in Stage 2 (Price > SMA10W > SMA30W)
[EFCIL.NS] ❌ FAILED: RS 10 < 70.0 | Recovery 2.23% < 60.0% | AvgVol10 166,160 < 300,000 | Not in Stage 2 (Price > SMA10W > SMA30W)
[ALPHALOGIC.BO] ❌ FAILED: RS 10 < 70.0 | Recovery 23.54% < 60.0% | AvgVol10 2,900 < 300,000 | Not in Stage 2 (Price > SMA10W > SMA30W)
[SWANAGRO.BO] ❌ FAILED: RS 10 < 70.0 | Recovery 1.8% < 60.0% | AvgVol10 4,800 < 300,000 | Not in Stage 2 (Price > SMA10W > SMA30W)
[LAKESHORE.BO] ❌ FAILED: RS 10 < 70.0 | Recovery 6.91% < 60.0% | AvgVol10 1,590 < 300,000 | Not in Stage 2 (Price > SMA10W > SMA30W)
[SRSOLTD.BO] ❌ FAILED: RS 10 < 70.0 | Recovery 31.6% < 60.0% | AvgVol10 6,640 < 300,000 | Not in Stage 2 (Price > SMA10W > SMA30W)
[TEAMLEASE.NS] ❌ FAILED: RS 10 < 70.0 | Recovery 7.04% < 60.0% | AvgVol10 14,540 < 300,000 | Not in Stage 2 (Price > SMA10W > SMA30W)
[PAKKA.NS] ❌ FAILED: RS 10 < 70.0 | Recovery 6.76% < 60.0% | AvgVol10 77,330 < 300,000 | Not in Stage 2 (Price > SMA10W > SMA30W)
[ROUTE.NS] ❌ FAILED: RS 10 < 70.0 | Recovery 10.41% < 60.0% | Not in Stage 2 (Price > SMA10W > SMA30W)
[MEAPL.BO] ❌ FAILED: RS 10 < 70.0 | Price $25.63 < $30.0 | Recovery 13.91% < 60.0% | AvgVol10 42,620 < 300,000 | Not in Stage 2 (Price > SMA10W > SMA30W)
[BBL.NS] ❌ FAILED: RS 10 < 70.0 | Recovery 2.95% < 60.0% | AvgVol10 19,290 < 300,000 | Not in Stage 2 (Price > SMA10W > SMA30W)
[RAVEL.BO] ❌ FAILED: RS 10 < 70.0 | Recovery 5.21% < 60.0% | AvgVol10 7,330 < 300,000 | Not in Stage 2 (Price > SMA10W > SMA30W)
[MCPL.BO] ❌ FAILED: RS 10 < 70.0 | Recovery 21.65% < 60.0% | AvgVol10 7,600 < 300,000 | Not in Stage 2 (Price > SMA10W > SMA30W)
[RAJESH.BO] ❌ FAILED: RS 10 < 70.0 | Recovery 4.04% < 60.0% | AvgVol10 25,110 < 300,000 | Not in Stage 2 (Price > SMA10W > SMA30W)
[MOIL.NS] ❌ FAILED: RS 10 < 70.0 | Recovery 3.41% < 60.0% | Not in Stage 2 (Price > SMA10W > SMA30W)
[RTFL.BO] ❌ FAILED: RS 10 < 70.0 | Recovery 7.81% < 60.0% | AvgVol10 30 < 300,000 | Not in Stage 2 (Price > SMA10W > SMA30W)
[SWSOLAR.NS] ❌ FAILED: RS 10 < 70.0 | Recovery 15.36% < 60.0% | Not in Stage 2 (Price > SMA10W > SMA30W)
[REGENCERAM.NS] ❌ FAILED: RS 10 < 70.0 | Recovery 8.8% < 60.0% | AvgVol10 3,290 < 300,000 | Not in Stage 2 (Price > SMA10W > SMA30W)
[MCLOUD.NS] ❌ FAILED: RS 10 < 70.0 | Price $23.95 < $30.0 | Recovery 23.45% < 60.0% | Not in Stage 2 (Price > SMA10W > SMA30W)
[ASHOKA.NS] ❌ FAILED: RS 10 < 70.0 | Recovery 9.08% < 60.0% | Not in Stage 2 (Price > SMA10W > SMA30W)
[CRIZAC.NS] ❌ FAILED: RS 9 < 70.0 | Recovery 10.75% < 60.0% | AvgVol10 284,840 < 300,000 | Not in Stage 2 (Price > SMA10W > SMA30W)
[JSLL.NS] ❌ FAILED: RS 9 < 70.0 | Recovery 3.46% < 60.0% | Not in Stage 2 (Price > SMA10W > SMA30W)
[NBCC.NS] ❌ FAILED: RS 9 < 70.0 | Recovery 3.93% < 60.0% | Not in Stage 2 (Price > SMA10W > SMA30W)
[INNOVANA.NS] ❌ FAILED: RS 9 < 70.0 | Recovery 2.31% < 60.0% | AvgVol10 37,280 < 300,000 | Not in Stage 2 (Price > SMA10W > SMA30W)
[NSBBPO.BO] ❌ FAILED: RS 9 < 70.0 | Recovery 3.53% < 60.0% | AvgVol10 3,000 < 300,000 | Not in Stage 2 (Price > SMA10W > SMA30W)
[DJML.NS] ❌ FAILED: RS 9 < 70.0 | Recovery 37.21% < 60.0% | AvgVol10 86,390 < 300,000 | Not in Stage 2 (Price > SMA10W > SMA30W)
[EUROPRATIK.NS] ❌ FAILED: RS 9 < 70.0 | Recovery 1.15% < 60.0% | AvgVol10 235,860 < 300,000 | Not in Stage 2 (Price > SMA10W > SMA30W)
[JISLDVREQS.NS] ❌ FAILED: RS 9 < 70.0 | Price $19.80 < $30.0 | Recovery 7.03% < 60.0% | AvgVol10 28,620 < 300,000 | Not in Stage 2 (Price > SMA10W > SMA30W)
[TRF.NS] ❌ FAILED: RS 9 < 70.0 | Recovery 0.4% < 60.0% | AvgVol10 13,860 < 300,000 | Not in Stage 2 (Price > SMA10W > SMA30W)
[RUSTOMJEE.NS] ❌ FAILED: RS 9 < 70.0 | Recovery 8.44% < 60.0% | AvgVol10 100,710 < 300,000 | Not in Stage 2 (Price > SMA10W > SMA30W)
[TRENT.NS] ❌ FAILED: RS 9 < 70.0 | Recovery 20.26% < 60.0% | Not in Stage 2 (Price > SMA10W > SMA30W)
[AIHL.BO] ❌ FAILED: RS 9 < 70.0 | Price $29.96 < $30.0 | Recovery 14.79% < 60.0% | AvgVol10 2,930 < 300,000 | Not in Stage 2 (Price > SMA10W > SMA30W)
[ZWELCAST.BO] ❌ FAILED: RS 9 < 70.0 | Recovery 1.44% < 60.0% | AvgVol10 50 < 300,000 | Not in Stage 2 (Price > SMA10W > SMA30W)
[JAICORPLTD.NS] ❌ FAILED: RS 9 < 70.0 | Recovery 4.75% < 60.0% | Not in Stage 2 (Price > SMA10W > SMA30W)
[BROOKS.NS] ❌ FAILED: RS 9 < 70.0 | Recovery 55.79% < 60.0% | AvgVol10 43,610 < 300,000 | Not in Stage 2 (Price > SMA10W > SMA30W)
[RAMSONS.BO] ❌ FAILED: RS 9 < 70.0 | Recovery 39.68% < 60.0% | AvgVol10 560 < 300,000 | Not in Stage 2 (Price > SMA10W > SMA30W)
[JISLJALEQS.NS] ❌ FAILED: RS 9 < 70.0 | Price $28.88 < $30.0 | Recovery 10.61% < 60.0% | Not in Stage 2 (Price > SMA10W > SMA30W)
[INNOVISION.NS] ❌ FAILED: RS 9 < 70.0 | Recovery 2.23% < 60.0% | AvgVol10 12,030 < 300,000 | Not in Stage 2 (Price > SMA10W > SMA30W)
[JWL.NS] ❌ FAILED: RS 9 < 70.0 | Recovery 0.17% < 60.0% | Not in Stage 2 (Price > SMA10W > SMA30W)
[STANBIK.BO] ❌ FAILED: RS 9 < 70.0 | Price $25.22 < $30.0 | Recovery 26.04% < 60.0% | AvgVol10 5,330 < 300,000 | Not in Stage 2 (Price > SMA10W > SMA30W)
[RATNABHUMI.BO] ❌ FAILED: RS 9 < 70.0 | Recovery 0.57% < 60.0% | AvgVol10 10 < 300,000 | Not in Stage 2 (Price > SMA10W > SMA30W)
[ARDEE.NS] ❌ FAILED: RS 9 < 70.0 | Recovery 11.81% < 60.0% | Not in Stage 2 (Price > SMA10W > SMA30W)
[BIGBLOC.NS] ❌ FAILED: RS 9 < 70.0 | Recovery 3.61% < 60.0% | AvgVol10 41,240 < 300,000 | Not in Stage 2 (Price > SMA10W > SMA30W)
[INDBANK.NS] ❌ FAILED: RS 9 < 70.0 | Price $25.60 < $30.0 | Recovery 2.36% < 60.0% | AvgVol10 38,500 < 300,000 | Not in Stage 2 (Price > SMA10W > SMA30W)
[GLOBALVECT.NS] ❌ FAILED: RS 9 < 70.0 | Recovery 10.11% < 60.0% | AvgVol10 8,050 < 300,000 | Not in Stage 2 (Price > SMA10W > SMA30W)
[BRADYM.BO] ❌ FAILED: RS 9 < 70.0 | Recovery 2.73% < 60.0% | AvgVol10 250 < 300,000 | Not in Stage 2 (Price > SMA10W > SMA30W)
[LATENTVIEW.NS] ❌ FAILED: RS 9 < 70.0 | Recovery 0.46% < 60.0% | Not in Stage 2 (Price > SMA10W > SMA30W)
[SRAMSET.BO] ❌ FAILED: RS 9 < 70.0 | Recovery 5.82% < 60.0% | AvgVol10 3,180 < 300,000 | Not in Stage 2 (Price > SMA10W > SMA30W)
[WSI.NS] ❌ FAILED: RS 9 < 70.0 | Recovery 3.53% < 60.0% | AvgVol10 52,530 < 300,000 | Not in Stage 2 (Price > SMA10W > SMA30W)
[UNIENTER.NS] ❌ FAILED: RS 9 < 70.0 | Recovery 1.78% < 60.0% | AvgVol10 3,790 < 300,000 | Not in Stage 2 (Price > SMA10W > SMA30W)
[SANBLUE.BO] ❌ FAILED: RS 9 < 70.0 | Price $28.10 < $30.0 | Recovery 0.54% < 60.0% | AvgVol10 30 < 300,000 | Not in Stage 2 (Price > SMA10W > SMA30W)
[SMLT.NS] ❌ FAILED: RS 9 < 70.0 | Recovery 3.89% < 60.0% | AvgVol10 5,970 < 300,000 | Not in Stage 2 (Price > SMA10W > SMA30W)
[SIYARAM.BO] ❌ FAILED: RS 9 < 70.0 | Recovery 9.58% < 60.0% | AvgVol10 49,500 < 300,000 | Not in Stage 2 (Price > SMA10W > SMA30W)
[MBEL.NS] ❌ FAILED: RS 9 < 70.0 | Recovery 12.91% < 60.0% | AvgVol10 158,000 < 300,000 | Not in Stage 2 (Price > SMA10W > SMA30W)
[OLYMPTX.BO] ❌ FAILED: RS 9 < 70.0 | Price $23.99 < $30.0 | Recovery 12.89% < 60.0% | AvgVol10 3,010 < 300,000 | Not in Stage 2 (Price > SMA10W > SMA30W)
[STARSOURCE.BO] ❌ FAILED: RS 9 < 70.0 | Recovery 10.54% < 60.0% | AvgVol10 100 < 300,000 | Not in Stage 2 (Price > SMA10W > SMA30W)
[GICL.NS] ❌ FAILED: RS 9 < 70.0 | Price $23.38 < $30.0 | Recovery 49.78% < 60.0% | AvgVol10 128,160 < 300,000 | Not in Stage 2 (Price > SMA10W > SMA30W)
[MEHUL.BO] ❌ FAILED: RS 9 < 70.0 | Recovery 8.22% < 60.0% | AvgVol10 1,240 < 300,000 | Not in Stage 2 (Price > SMA10W > SMA30W)
[SYNGENE.NS] ❌ FAILED: RS 9 < 70.0 | Recovery 4.33% < 60.0% | Not in Stage 2 (Price > SMA10W > SMA30W)
[TFSL.BO] ❌ FAILED: RS 8 < 70.0 | Price $25.03 < $30.0 | Recovery 38.67% < 60.0% | AvgVol10 9,850 < 300,000 | Not in Stage 2 (Price > SMA10W > SMA30W)
[GORANIN.BO] ❌ FAILED: RS 8 < 70.0 | Recovery 14.71% < 60.0% | AvgVol10 1,640 < 300,000 | Not in Stage 2 (Price > SMA10W > SMA30W)
[AWHCL.NS] ❌ FAILED: RS 8 < 70.0 | Recovery 8.92% < 60.0% | Not in Stage 2 (Price > SMA10W > SMA30W)
[ANUP.NS] ❌ FAILED: RS 8 < 70.0 | Recovery 14.74% < 60.0% | AvgVol10 27,200 < 300,000 | Not in Stage 2 (Price > SMA10W > SMA30W)
[DAIKAFFI.BO] ❌ FAILED: RS 8 < 70.0 | AvgVol10 2,290 < 300,000
[AGRITECH.NS] ❌ FAILED: RS 8 < 70.0 | Recovery 1.59% < 60.0% | AvgVol10 1,930 < 300,000 | Not in Stage 2 (Price > SMA10W > SMA30W)
[JAINREC.NS] ❌ FAILED: RS 8 < 70.0 | Recovery 3.97% < 60.0% | Not in Stage 2 (Price > SMA10W > SMA30W)
[SYMPHONY.NS] ❌ FAILED: RS 8 < 70.0 | Recovery 4.24% < 60.0% | AvgVol10 50,180 < 300,000 | Not in Stage 2 (Price > SMA10W > SMA30W)
[IRFC.NS] ❌ FAILED: RS 8 < 70.0 | Recovery 0.5% < 60.0% | Not in Stage 2 (Price > SMA10W > SMA30W)
[CELLO.NS] ❌ FAILED: RS 8 < 70.0 | Recovery 5.72% < 60.0% | Not in Stage 2 (Price > SMA10W > SMA30W)
[SEMAC.NS] ❌ FAILED: RS 8 < 70.0 | Recovery 20.93% < 60.0% | AvgVol10 680 < 300,000 | Not in Stage 2 (Price > SMA10W > SMA30W)
[ZSARACOM.NS] ❌ FAILED: RS 8 < 70.0 | Recovery 2.11% < 60.0% | Too close to 52WH: -25.41% | AvgVol10 30 < 300,000 | Not in Stage 2 (Price > SMA10W > SMA30W)
[ICRA.NS] ❌ FAILED: RS 8 < 70.0 | Recovery 0.13% < 60.0% | AvgVol10 29,400 < 300,000 | Not in Stage 2 (Price > SMA10W > SMA30W)
[GREENPANEL.NS] ❌ FAILED: RS 8 < 70.0 | Recovery 7.2% < 60.0% | Not in Stage 2 (Price > SMA10W > SMA30W)
[FINOPB.NS] ❌ FAILED: RS 8 < 70.0 | Recovery 15.63% < 60.0% | AvgVol10 192,060 < 300,000 | Not in Stage 2 (Price > SMA10W > SMA30W)
[NEXXUS.BO] ❌ FAILED: RS 8 < 70.0 | Recovery 4.0% < 60.0% | AvgVol10 930 < 300,000 | Not in Stage 2 (Price > SMA10W > SMA30W)
[HARAFIN.BO] ❌ FAILED: RS 8 < 70.0 | Recovery 2.75% < 60.0% | AvgVol10 50 < 300,000 | Not in Stage 2 (Price > SMA10W > SMA30W)
[VASHISHTHA.BO] ❌ FAILED: RS 8 < 70.0 | Recovery 15.35% < 60.0% | AvgVol10 3,240 < 300,000 | Not in Stage 2 (Price > SMA10W > SMA30W)
[DRONACHRYA.BO] ❌ FAILED: RS 8 < 70.0 | Recovery 10.74% < 60.0% | AvgVol10 43,600 < 300,000 | Not in Stage 2 (Price > SMA10W > SMA30W)
[SHIVTEXCHEM.BO] ❌ FAILED: RS 8 < 70.0 | Recovery 16.47% < 60.0% | AvgVol10 4,720 < 300,000 | Not in Stage 2 (Price > SMA10W > SMA30W)
[PRECAM.NS] ❌ FAILED: RS 8 < 70.0 | Recovery 12.31% < 60.0% | AvgVol10 267,500 < 300,000 | Not in Stage 2 (Price > SMA10W > SMA30W)
[KEMISTAR.BO] ❌ FAILED: RS 8 < 70.0 | Recovery 7.29% < 60.0% | AvgVol10 1,620 < 300,000 | Not in Stage 2 (Price > SMA10W > SMA30W)
[FIBERWEB.NS] ❌ FAILED: RS 8 < 70.0 | Price $26.40 < $30.0 | Recovery 5.31% < 60.0% | AvgVol10 18,090 < 300,000 | Not in Stage 2 (Price > SMA10W > SMA30W)
[NAGTECH.BO] ❌ FAILED: RS 8 < 70.0 | Recovery 5.85% < 60.0% | AvgVol10 1,460 < 300,000 | Not in Stage 2 (Price > SMA10W > SMA30W)
[HAPPSTMNDS.NS] ❌ FAILED: RS 8 < 70.0 | Recovery 0.29% < 60.0% | Not in Stage 2 (Price > SMA10W > SMA30W)
[SAUMYA.BO] ❌ FAILED: RS 8 < 70.0 | Recovery 6.38% < 60.0% | AvgVol10 30 < 300,000 | Not in Stage 2 (Price > SMA10W > SMA30W)
[FORTISMLR.BO] ❌ FAILED: RS 8 < 70.0 | Recovery 3.98% < 60.0% | AvgVol10 8,440 < 300,000 | Not in Stage 2 (Price > SMA10W > SMA30W)
[VEDPOWER.NS] ❌ FAILED: RS 8 < 70.0 | Recovery 5.62% < 60.0% | Not in Stage 2 (Price > SMA10W > SMA30W)
[PANELEC.BO] ❌ FAILED: RS 8 < 70.0 | Price $26.70 < $30.0 | Recovery 22.87% < 60.0% | AvgVol10 1,580 < 300,000 | Not in Stage 2 (Price > SMA10W > SMA30W)
[SRTL.NS] ❌ FAILED: RS 8 < 70.0 | Recovery 4.06% < 60.0% | AvgVol10 28,600 < 300,000 | Not in Stage 2 (Price > SMA10W > SMA30W)
[REPL.NS] ❌ FAILED: RS 8 < 70.0 | Recovery 9.29% < 60.0% | AvgVol10 4,280 < 300,000 | Not in Stage 2 (Price > SMA10W > SMA30W)
[MBLINFRA.NS] ❌ FAILED: RS 8 < 70.0 | Price $20.80 < $30.0 | Recovery 13.23% < 60.0% | AvgVol10 39,180 < 300,000 | Not in Stage 2 (Price > SMA10W > SMA30W)
[VANDAN.BO] ❌ FAILED: RS 8 < 70.0 | Price $23.74 < $30.0 | Recovery 19.84% < 60.0% | AvgVol10 2,160 < 300,000 | Not in Stage 2 (Price > SMA10W > SMA30W)
[VAHH.BO] ❌ FAILED: RS 8 < 70.0 | Recovery 11.11% < 60.0% | AvgVol10 4,000 < 300,000 | Not in Stage 2 (Price > SMA10W > SMA30W)
[VIKRAMSOLR.NS] ❌ FAILED: RS 8 < 70.0 | Recovery 3.02% < 60.0% | Not in Stage 2 (Price > SMA10W > SMA30W)
[THOMASCOTT.NS] ❌ FAILED: RS 8 < 70.0 | Recovery 7.46% < 60.0% | AvgVol10 64,890 < 300,000 | Not in Stage 2 (Price > SMA10W > SMA30W)
[TOLINS.NS] ❌ FAILED: RS 8 < 70.0 | Recovery 4.66% < 60.0% | AvgVol10 38,090 < 300,000 | Not in Stage 2 (Price > SMA10W > SMA30W)
[RAYMONDLSL.NS] ❌ FAILED: RS 7 < 70.0 | Recovery 6.96% < 60.0% | Not in Stage 2 (Price > SMA10W > SMA30W)
[ATISHAY.BO] ❌ FAILED: RS 7 < 70.0 | Recovery 14.95% < 60.0% | AvgVol10 4,390 < 300,000 | Not in Stage 2 (Price > SMA10W > SMA30W)
[NIDHGRN.BO] ❌ FAILED: RS 7 < 70.0 | Recovery 37.75% < 60.0% | AvgVol10 570 < 300,000 | Not in Stage 2 (Price > SMA10W > SMA30W)
[GTTDATA.BO] ❌ FAILED: RS 7 < 70.0 | Recovery 5.29% < 60.0% | AvgVol10 41,270 < 300,000 | Not in Stage 2 (Price > SMA10W > SMA30W)
[UNICK.BO] ❌ FAILED: RS 7 < 70.0 | Recovery 1.85% < 60.0% | AvgVol10 380 < 300,000 | Not in Stage 2 (Price > SMA10W > SMA30W)
[BYKE.NS] ❌ FAILED: RS 7 < 70.0 | Price $29.13 < $30.0 | Recovery 10.97% < 60.0% | AvgVol10 27,540 < 300,000 | Not in Stage 2 (Price > SMA10W > SMA30W)
[KISAN.BO] ❌ FAILED: RS 7 < 70.0 | Price $22.54 < $30.0 | Recovery 7.23% < 60.0% | AvgVol10 32,300 < 300,000 | Not in Stage 2 (Price > SMA10W > SMA30W)
[TARACHAND.NS] ❌ FAILED: RS 7 < 70.0 | Recovery 5.05% < 60.0% | AvgVol10 47,080 < 300,000 | Not in Stage 2 (Price > SMA10W > SMA30W)
[ABRIL.BO] ❌ FAILED: RS 7 < 70.0 | Recovery 18.55% < 60.0% | AvgVol10 6,000 < 300,000 | Not in Stage 2 (Price > SMA10W > SMA30W)
[WEBELSOLAR.NS] ❌ FAILED: RS 7 < 70.0 | Recovery 42.36% < 60.0% | Not in Stage 2 (Price > SMA10W > SMA30W)
[SHAKTIPUMP.NS] ❌ FAILED: RS 7 < 70.0 | Recovery 2.23% < 60.0% | Not in Stage 2 (Price > SMA10W > SMA30W)
[HOWARHO.BO] ❌ FAILED: RS 7 < 70.0 | Price $18.50 < $30.0 | Recovery 10.51% < 60.0% | AvgVol10 460 < 300,000 | Not in Stage 2 (Price > SMA10W > SMA30W)
[ANNAPURNA.NS] ❌ FAILED: RS 7 < 70.0 | Recovery 5.72% < 60.0% | AvgVol10 31,520 < 300,000 | Not in Stage 2 (Price > SMA10W > SMA30W)
[MUNCAPM.BO] ❌ FAILED: RS 7 < 70.0 | Recovery 0.0% < 60.0% | AvgVol10 0 < 300,000 | Not in Stage 2 (Price > SMA10W > SMA30W)
[TOUCHWOOD.NS] ❌ FAILED: RS 7 < 70.0 | Recovery 4.39% < 60.0% | AvgVol10 740 < 300,000 | Not in Stage 2 (Price > SMA10W > SMA30W)
[SUBSM.BO] ❌ FAILED: RS 7 < 70.0 | Recovery 34.03% < 60.0% | AvgVol10 90 < 300,000 | Not in Stage 2 (Price > SMA10W > SMA30W)
[DIGITIDE.NS] ❌ FAILED: RS 7 < 70.0 | Recovery 9.51% < 60.0% | AvgVol10 215,490 < 300,000 | Not in Stage 2 (Price > SMA10W > SMA30W)
[NVENTURES.BO] ❌ FAILED: RS 7 < 70.0 | Recovery 27.13% < 60.0% | AvgVol10 2,330 < 300,000 | Not in Stage 2 (Price > SMA10W > SMA30W)
[MITTALSTL.BO] ❌ FAILED: RS 7 < 70.0 | Price $26.57 < $30.0 | Recovery 17.41% < 60.0% | AvgVol10 7,400 < 300,000 | Not in Stage 2 (Price > SMA10W > SMA30W)
[SUZLON.NS] ❌ FAILED: RS 7 < 70.0 | Recovery 3.85% < 60.0% | Not in Stage 2 (Price > SMA10W > SMA30W)
[BAJAJINDEF.NS] ❌ FAILED: RS 7 < 70.0 | Recovery 1.48% < 60.0% | AvgVol10 28,270 < 300,000 | Not in Stage 2 (Price > SMA10W > SMA30W)
[TIGERLOGS.NS] ❌ FAILED: RS 7 < 70.0 | Price $26.40 < $30.0 | Recovery 15.28% < 60.0% | AvgVol10 95,060 < 300,000 | Not in Stage 2 (Price > SMA10W > SMA30W)
[ODIGMA.NS] ❌ FAILED: RS 7 < 70.0 | Price $20.87 < $30.0 | Recovery 4.35% < 60.0% | AvgVol10 19,060 < 300,000 | Not in Stage 2 (Price > SMA10W > SMA30W)
[KPGEL.BO] ❌ FAILED: RS 7 < 70.0 | Recovery 21.28% < 60.0% | AvgVol10 67,500 < 300,000 | Not in Stage 2 (Price > SMA10W > SMA30W)
[SHREE.BO] ❌ FAILED: RS 7 < 70.0 | Recovery 20.02% < 60.0% | AvgVol10 1,550 < 300,000 | Not in Stage 2 (Price > SMA10W > SMA30W)
[GTPL.NS] ❌ FAILED: RS 7 < 70.0 | Recovery 7.89% < 60.0% | AvgVol10 51,680 < 300,000 | Not in Stage 2 (Price > SMA10W > SMA30W)
[CLENON.BO] ❌ FAILED: RS 7 < 70.0 | Recovery 2.22% < 60.0% | AvgVol10 110 < 300,000 | Not in Stage 2 (Price > SMA10W > SMA30W)
[RAMINFO.BO] ❌ FAILED: RS 7 < 70.0 | Recovery 2.79% < 60.0% | AvgVol10 5,970 < 300,000 | Not in Stage 2 (Price > SMA10W > SMA30W)
[DUROPLY.BO] ❌ FAILED: RS 7 < 70.0 | Recovery 8.37% < 60.0% | AvgVol10 2,690 < 300,000 | Not in Stage 2 (Price > SMA10W > SMA30W)
[CALCOM.BO] ❌ FAILED: RS 7 < 70.0 | Recovery 9.88% < 60.0% | AvgVol10 4,680 < 300,000 | Not in Stage 2 (Price > SMA10W > SMA30W)
[TMPV.NS] ❌ FAILED: RS 7 < 70.0 | Recovery 0.55% < 60.0% | Not in Stage 2 (Price > SMA10W > SMA30W)
[RESGEN.BO] ❌ FAILED: RS 7 < 70.0 | Recovery 10.68% < 60.0% | AvgVol10 6,750 < 300,000 | Not in Stage 2 (Price > SMA10W > SMA30W)
[JKLAKSHMI.NS] ❌ FAILED: RS 7 < 70.0 | Recovery 0.72% < 60.0% | AvgVol10 92,570 < 300,000 | Not in Stage 2 (Price > SMA10W > SMA30W)
[ASTRAZEN.NS] ❌ FAILED: RS 7 < 70.0 | Recovery 0.29% < 60.0% | AvgVol10 6,910 < 300,000 | Not in Stage 2 (Price > SMA10W > SMA30W)
[ZODIAC.NS] ❌ FAILED: RS 7 < 70.0 | Recovery 6.64% < 60.0% | AvgVol10 11,430 < 300,000 | Not in Stage 2 (Price > SMA10W > SMA30W)
[INDOUS.NS] ❌ FAILED: RS 7 < 70.0 | Recovery 11.29% < 60.0% | AvgVol10 4,320 < 300,000 | Not in Stage 2 (Price > SMA10W > SMA30W)
[COROENGG.BO] ❌ FAILED: RS 7 < 70.0 | Recovery 8.99% < 60.0% | AvgVol10 7,850 < 300,000 | Not in Stage 2 (Price > SMA10W > SMA30W)
[TIRUMALCHM.NS] ❌ FAILED: RS 6 < 70.0 | Recovery 8.04% < 60.0% | Not in Stage 2 (Price > SMA10W > SMA30W)
[AFCONS.NS] ❌ FAILED: RS 6 < 70.0 | Recovery 11.67% < 60.0% | Not in Stage 2 (Price > SMA10W > SMA30W)
[MONEYBOXX.NS] ❌ FAILED: RS 6 < 70.0 | Recovery 35.7% < 60.0% | AvgVol10 89,280 < 300,000 | Not in Stage 2 (Price > SMA10W > SMA30W)
[TATAELXSI.NS] ❌ FAILED: RS 6 < 70.0 | Recovery 1.49% < 60.0% | AvgVol10 272,200 < 300,000 | Not in Stage 2 (Price > SMA10W > SMA30W)
[ASALCBR.NS] ❌ FAILED: RS 6 < 70.0 | Recovery 0.69% < 60.0% | AvgVol10 32,930 < 300,000 | Not in Stage 2 (Price > SMA10W > SMA30W)
[MANRAJH.BO] ❌ FAILED: RS 6 < 70.0 | Recovery 8.31% < 60.0% | AvgVol10 340 < 300,000 | Not in Stage 2 (Price > SMA10W > SMA30W)
[CASPIAN.BO] ❌ FAILED: RS 6 < 70.0 | Recovery 17.28% < 60.0% | AvgVol10 2,460 < 300,000 | Not in Stage 2 (Price > SMA10W > SMA30W)
[ANIRIT.BO] ❌ FAILED: RS 6 < 70.0 | Recovery 20.57% < 60.0% | AvgVol10 1,940 < 300,000 | Not in Stage 2 (Price > SMA10W > SMA30W)
[SAMINDUS.BO] ❌ FAILED: RS 6 < 70.0 | Recovery 0.21% < 60.0% | AvgVol10 390 < 300,000 | Not in Stage 2 (Price > SMA10W > SMA30W)
[AMITSEC.BO] ❌ FAILED: RS 6 < 70.0 | Recovery 31.53% < 60.0% | AvgVol10 290 < 300,000 | Not in Stage 2 (Price > SMA10W > SMA30W)
[KSSMART.BO] ❌ FAILED: RS 6 < 70.0 | Recovery 30.66% < 60.0% | AvgVol10 10,880 < 300,000 | Not in Stage 2 (Price > SMA10W > SMA30W)
[ZMILGFIN.BO] ❌ FAILED: RS 6 < 70.0 | Recovery 14.34% < 60.0% | AvgVol10 100,210 < 300,000 | Not in Stage 2 (Price > SMA10W > SMA30W)
[GANESHCP.NS] ❌ FAILED: RS 6 < 70.0 | Recovery 2.87% < 60.0% | AvgVol10 103,560 < 300,000 | Not in Stage 2 (Price > SMA10W > SMA30W)
[HUBTOWN.NS] ❌ FAILED: RS 6 < 70.0 | Recovery 0.19% < 60.0% | AvgVol10 291,380 < 300,000 | Not in Stage 2 (Price > SMA10W > SMA30W)
[NISMGMT.BO] ❌ FAILED: RS 6 < 70.0 | Recovery 8.15% < 60.0% | AvgVol10 11,520 < 300,000 | Not in Stage 2 (Price > SMA10W > SMA30W)
[HINDAPL.BO] ❌ FAILED: RS 6 < 70.0 | Recovery 9.64% < 60.0% | AvgVol10 20 < 300,000 | Not in Stage 2 (Price > SMA10W > SMA30W)
[NACLIND.NS] ❌ FAILED: RS 6 < 70.0 | Recovery 21.23% < 60.0% | Not in Stage 2 (Price > SMA10W > SMA30W)
[CHEMTECH.BO] ❌ FAILED: RS 6 < 70.0 | Recovery 6.8% < 60.0% | AvgVol10 17,560 < 300,000 | Not in Stage 2 (Price > SMA10W > SMA30W)
[FOCUS.NS] ❌ FAILED: RS 6 < 70.0 | Recovery 2.93% < 60.0% | AvgVol10 26,250 < 300,000 | Not in Stage 2 (Price > SMA10W > SMA30W)
[GKB.NS] ❌ FAILED: RS 6 < 70.0 | Recovery 8.41% < 60.0% | Too close to 52WH: -26.05% | AvgVol10 12,860 < 300,000 | Not in Stage 2 (Price > SMA10W > SMA30W)
[CMSINFO.NS] ❌ FAILED: RS 6 < 70.0 | Recovery 3.18% < 60.0% | Not in Stage 2 (Price > SMA10W > SMA30W)
[SPENCERS.NS] ❌ FAILED: RS 6 < 70.0 | Price $27.41 < $30.0 | Recovery 12.43% < 60.0% | AvgVol10 28,090 < 300,000 | Not in Stage 2 (Price > SMA10W > SMA30W)
[SULA.NS] ❌ FAILED: RS 6 < 70.0 | Recovery 1.14% < 60.0% | Not in Stage 2 (Price > SMA10W > SMA30W)
[GARNET.BO] ❌ FAILED: RS 6 < 70.0 | Recovery 4.09% < 60.0% | AvgVol10 2,580 < 300,000 | Not in Stage 2 (Price > SMA10W > SMA30W)
[SAMBANDAM.NS] ❌ FAILED: RS 6 < 70.0 | Recovery 32.72% < 60.0% | AvgVol10 760 < 300,000 | Not in Stage 2 (Price > SMA10W > SMA30W)
[AGROPHOS.NS] ❌ FAILED: RS 6 < 70.0 | Price $23.95 < $30.0 | Recovery 14.05% < 60.0% | AvgVol10 15,300 < 300,000 | Not in Stage 2 (Price > SMA10W > SMA30W)
[VIKRAN.NS] ❌ FAILED: RS 6 < 70.0 | Recovery 12.05% < 60.0% | Not in Stage 2 (Price > SMA10W > SMA30W)
[ANKIN.BO] ❌ FAILED: RS 6 < 70.0 | Price $19.61 < $30.0 | Recovery 5.54% < 60.0% | AvgVol10 47,620 < 300,000 | Not in Stage 2 (Price > SMA10W > SMA30W)
[RDEL.BO] ❌ FAILED: RS 6 < 70.0 | Price $29.57 < $30.0 | Recovery 25.83% < 60.0% | AvgVol10 6,600 < 300,000 | Not in Stage 2 (Price > SMA10W > SMA30W)
[EVERESTO.BO] ❌ FAILED: RS 6 < 70.0 | Recovery 9.47% < 60.0% | AvgVol10 1,520 < 300,000 | Not in Stage 2 (Price > SMA10W > SMA30W)
[HPL.NS] ❌ FAILED: RS 6 < 70.0 | Recovery 6.03% < 60.0% | AvgVol10 98,230 < 300,000 | Not in Stage 2 (Price > SMA10W > SMA30W)
[SONALIS.BO] ❌ FAILED: RS 6 < 70.0 | Recovery 8.69% < 60.0% | AvgVol10 14,200 < 300,000 | Not in Stage 2 (Price > SMA10W > SMA30W)
[CENTRUM.NS] ❌ FAILED: RS 6 < 70.0 | Price $20.85 < $30.0 | Recovery 6.05% < 60.0% | AvgVol10 206,320 < 300,000 | Not in Stage 2 (Price > SMA10W > SMA30W)
[MTNL.NS] ❌ FAILED: RS 6 < 70.0 | Price $22.94 < $30.0 | Recovery 7.9% < 60.0% | Not in Stage 2 (Price > SMA10W > SMA30W)
[MHRIL.NS] ❌ FAILED: RS 6 < 70.0 | Recovery 4.1% < 60.0% | AvgVol10 105,880 < 300,000 | Not in Stage 2 (Price > SMA10W > SMA30W)
[INDAGIV.BO] ❌ FAILED: RS 6 < 70.0 | Recovery 17.91% < 60.0% | AvgVol10 70 < 300,000 | Not in Stage 2 (Price > SMA10W > SMA30W)
[OSWALGREEN.NS] ❌ FAILED: RS 6 < 70.0 | Price $19.57 < $30.0 | Recovery 5.5% < 60.0% | AvgVol10 111,860 < 300,000 | Not in Stage 2 (Price > SMA10W > SMA30W)
[SUNSKY.BO] ❌ FAILED: RS 5 < 70.0 | Recovery 31.54% < 60.0% | AvgVol10 2,700 < 300,000 | Not in Stage 2 (Price > SMA10W > SMA30W)
[QUICKHEAL.NS] ❌ FAILED: RS 5 < 70.0 | Recovery 14.72% < 60.0% | Not in Stage 2 (Price > SMA10W > SMA30W)
[RONI.BO] ❌ FAILED: RS 5 < 70.0 | AvgVol10 900 < 300,000 | Not in Stage 2 (Price > SMA10W > SMA30W)
[SHARMEH.BO] ❌ FAILED: RS 5 < 70.0 | Recovery 5.68% < 60.0% | AvgVol10 410 < 300,000 | Not in Stage 2 (Price > SMA10W > SMA30W)
[RTNINDIA.NS] ❌ FAILED: RS 5 < 70.0 | Price $26.20 < $30.0 | Recovery 7.38% < 60.0% | Not in Stage 2 (Price > SMA10W > SMA30W)
[DARJEELING.BO] ❌ FAILED: RS 5 < 70.0 | Price $27.20 < $30.0 | AvgVol10 4,210 < 300,000 | Not in Stage 2 (Price > SMA10W > SMA30W)
[NIITMTS.NS] ❌ FAILED: RS 5 < 70.0 | Recovery 1.03% < 60.0% | AvgVol10 151,930 < 300,000 | Not in Stage 2 (Price > SMA10W > SMA30W)
[TELECANOR.BO] ❌ FAILED: RS 5 < 70.0 | Price $13.30 < $30.0 | AvgVol10 22,180 < 300,000 | Not in Stage 2 (Price > SMA10W > SMA30W)
[PHARMAID.BO] ❌ FAILED: RS 5 < 70.0 | Price $29.62 < $30.0 | Recovery 15.7% < 60.0% | AvgVol10 2,720 < 300,000 | Not in Stage 2 (Price > SMA10W > SMA30W)
[CEWATER.NS] ❌ FAILED: RS 5 < 70.0 | Recovery 9.89% < 60.0% | AvgVol10 146,670 < 300,000 | Not in Stage 2 (Price > SMA10W > SMA30W)
[ABLBL.NS] ❌ FAILED: RS 5 < 70.0 | Recovery 0.34% < 60.0% | Not in Stage 2 (Price > SMA10W > SMA30W)
[ANIRITPP.BO] ❌ FAILED: RS 5 < 70.0 | Price $18.93 < $30.0 | Recovery 11.62% < 60.0% | AvgVol10 120 < 300,000 | Not in Stage 2 (Price > SMA10W > SMA30W)
[ADVENTHTL.NS] ❌ FAILED: RS 5 < 70.0 | Recovery 3.83% < 60.0% | AvgVol10 166,670 < 300,000 | Not in Stage 2 (Price > SMA10W > SMA30W)
[GARWAMAR.BO] ❌ FAILED: RS 5 < 70.0 | Price $17.66 < $30.0 | Recovery 6.9% < 60.0% | AvgVol10 3,350 < 300,000 | Not in Stage 2 (Price > SMA10W > SMA30W)
[NEPLOG.BO] ❌ FAILED: RS 5 < 70.0 | Recovery 24.46% < 60.0% | AvgVol10 5,100 < 300,000 | Not in Stage 2 (Price > SMA10W > SMA30W)
[RVNL.NS] ❌ FAILED: RS 5 < 70.0 | Recovery 3.89% < 60.0% | Not in Stage 2 (Price > SMA10W > SMA30W)
[DEVIT.NS] ❌ FAILED: RS 5 < 70.0 | Price $22.16 < $30.0 | Recovery 4.04% < 60.0% | AvgVol10 33,360 < 300,000 | Not in Stage 2 (Price > SMA10W > SMA30W)
[BLUECOAST.NS] ❌ FAILED: RS 5 < 70.0 | Price $21.99 < $30.0 | Recovery 18.42% < 60.0% | AvgVol10 1,440 < 300,000 | Not in Stage 2 (Price > SMA10W > SMA30W)
[SDL.BO] ❌ FAILED: RS 5 < 70.0 | Price $26.75 < $30.0 | Recovery 22.93% < 60.0% | AvgVol10 230 < 300,000 | Not in Stage 2 (Price > SMA10W > SMA30W)
[ABFRL.NS] ❌ FAILED: RS 5 < 70.0 | Recovery 0.72% < 60.0% | Not in Stage 2 (Price > SMA10W > SMA30W)
[KRITI.NS] ❌ FAILED: RS 5 < 70.0 | Recovery 13.72% < 60.0% | AvgVol10 17,220 < 300,000 | Not in Stage 2 (Price > SMA10W > SMA30W)
[FISCHER.NS] ❌ FAILED: RS 5 < 70.0 | Recovery 9.76% < 60.0% | Not in Stage 2 (Price > SMA10W > SMA30W)
[FIRSTCRY.NS] ❌ FAILED: RS 5 < 70.0 | Recovery 13.07% < 60.0% | Not in Stage 2 (Price > SMA10W > SMA30W)
[RADIXIND.BO] ❌ FAILED: RS 5 < 70.0 | Recovery 5.63% < 60.0% | AvgVol10 100 < 300,000 | Not in Stage 2 (Price > SMA10W > SMA30W)
[SHRIGANG.BO] ❌ FAILED: RS 5 < 70.0 | Recovery 3.7% < 60.0% | AvgVol10 11,760 < 300,000 | Not in Stage 2 (Price > SMA10W > SMA30W)
[SAFE.BO] ❌ FAILED: RS 5 < 70.0 | Recovery 15.25% < 60.0% | AvgVol10 4,500 < 300,000 | Not in Stage 2 (Price > SMA10W > SMA30W)
[KLRFM.BO] ❌ FAILED: RS 5 < 70.0 | Recovery 1.01% < 60.0% | AvgVol10 2,560 < 300,000 | Not in Stage 2 (Price > SMA10W > SMA30W)
[INOXWIND.NS] ❌ FAILED: RS 5 < 70.0 | Recovery 5.88% < 60.0% | Not in Stage 2 (Price > SMA10W > SMA30W)
[CAPACITE.NS] ❌ FAILED: RS 5 < 70.0 | Recovery 2.45% < 60.0% | AvgVol10 215,560 < 300,000 | Not in Stage 2 (Price > SMA10W > SMA30W)
[HGM.NS] ❌ FAILED: RS 5 < 70.0 | Recovery 3.12% < 60.0% | AvgVol10 10,960 < 300,000 | Not in Stage 2 (Price > SMA10W > SMA30W)
[YAJUR.BO] ❌ FAILED: RS 5 < 70.0 | Recovery 20.65% < 60.0% | AvgVol10 6,080 < 300,000 | Not in Stage 2 (Price > SMA10W > SMA30W)
[ECOSMOBLTY.NS] ❌ FAILED: RS 5 < 70.0 | Recovery 2.33% < 60.0% | AvgVol10 44,760 < 300,000 | Not in Stage 2 (Price > SMA10W > SMA30W)
[PRIMAINNO.BO] ❌ FAILED: RS 5 < 70.0 | Price $26.47 < $30.0 | Recovery 17.12% < 60.0% | AvgVol10 13,490 < 300,000 | Not in Stage 2 (Price > SMA10W > SMA30W)
[METHODHUB.BO] ❌ FAILED: RS 5 < 70.0 | Recovery 22.21% < 60.0% | AvgVol10 59,760 < 300,000 | Not in Stage 2 (Price > SMA10W > SMA30W)
[CEINSYS.NS] ❌ FAILED: RS 5 < 70.0 | Recovery 3.03% < 60.0% | AvgVol10 67,860 < 300,000 | Not in Stage 2 (Price > SMA10W > SMA30W)
[CANDOUR.BO] ❌ FAILED: RS 5 < 70.0 | Recovery 19.84% < 60.0% | AvgVol10 9,150 < 300,000 | Not in Stage 2 (Price > SMA10W > SMA30W)
[AWFIS.NS] ❌ FAILED: RS 5 < 70.0 | Recovery 9.23% < 60.0% | Not in Stage 2 (Price > SMA10W > SMA30W)
[EUREKAFORB.NS] ❌ FAILED: RS 4 < 70.0 | Recovery 0.64% < 60.0% | AvgVol10 196,860 < 300,000 | Not in Stage 2 (Price > SMA10W > SMA30W)
[HGINFRA.NS] ❌ FAILED: RS 4 < 70.0 | Recovery 3.5% < 60.0% | Not in Stage 2 (Price > SMA10W > SMA30W)
[SFSL.BO] ❌ FAILED: RS 4 < 70.0 | Recovery 9.7% < 60.0% | AvgVol10 4,950 < 300,000 | Not in Stage 2 (Price > SMA10W > SMA30W)
[ELIN.NS] ❌ FAILED: RS 4 < 70.0 | Recovery 3.95% < 60.0% | AvgVol10 139,380 < 300,000 | Not in Stage 2 (Price > SMA10W > SMA30W)
[IRCON.NS] ❌ FAILED: RS 4 < 70.0 | Recovery 0.42% < 60.0% | Not in Stage 2 (Price > SMA10W > SMA30W)
[NETWORK18.NS] ❌ FAILED: RS 4 < 70.0 | Price $25.98 < $30.0 | Recovery 1.05% < 60.0% | Not in Stage 2 (Price > SMA10W > SMA30W)
[AGARIND.NS] ❌ FAILED: RS 4 < 70.0 | Recovery 10.32% < 60.0% | AvgVol10 39,820 < 300,000 | Not in Stage 2 (Price > SMA10W > SMA30W)
[PANHR.BO] ❌ FAILED: RS 4 < 70.0 | Recovery 0.23% < 60.0% | AvgVol10 7,360 < 300,000 | Not in Stage 2 (Price > SMA10W > SMA30W)
[MIDWESTLTD.NS] ❌ FAILED: RS 4 < 70.0 | Recovery 0.85% < 60.0% | AvgVol10 32,240 < 300,000 | Not in Stage 2 (Price > SMA10W > SMA30W)
[KZLFIN.BO] ❌ FAILED: RS 4 < 70.0 | Price $15.90 < $30.0 | Recovery 9.5% < 60.0% | AvgVol10 310 < 300,000 | Not in Stage 2 (Price > SMA10W > SMA30W)
[MEHSECU.BO] ❌ FAILED: RS 4 < 70.0 | Price $22.10 < $30.0 | Recovery 5.09% < 60.0% | AvgVol10 20 < 300,000 | Not in Stage 2 (Price > SMA10W > SMA30W)
[SOLVEX.BO] ❌ FAILED: RS 4 < 70.0 | Price $19.13 < $30.0 | Recovery 14.69% < 60.0% | AvgVol10 890 < 300,000 | Not in Stage 2 (Price > SMA10W > SMA30W)
[HINDWAREAP.NS] ❌ FAILED: RS 4 < 70.0 | Recovery 2.0% < 60.0% | AvgVol10 105,860 < 300,000 | Not in Stage 2 (Price > SMA10W > SMA30W)
[KAMATS.BO] ❌ FAILED: RS 4 < 70.0 | Recovery 6.04% < 60.0% | AvgVol10 10,150 < 300,000 | Not in Stage 2 (Price > SMA10W > SMA30W)
[GOODYEAR.NS] ❌ FAILED: RS 4 < 70.0 | Recovery 0.56% < 60.0% | AvgVol10 4,890 < 300,000 | Not in Stage 2 (Price > SMA10W > SMA30W)
[KRANTI.BO] ❌ FAILED: RS 4 < 70.0 | Recovery 7.24% < 60.0% | AvgVol10 5,550 < 300,000 | Not in Stage 2 (Price > SMA10W > SMA30W)
[OSWALAGRO.NS] ❌ FAILED: RS 4 < 70.0 | Recovery 4.05% < 60.0% | AvgVol10 26,680 < 300,000 | Not in Stage 2 (Price > SMA10W > SMA30W)
[CENTUPLE.BO] ❌ FAILED: RS 4 < 70.0 | Recovery 15.73% < 60.0% | AvgVol10 50,130 < 300,000 | Not in Stage 2 (Price > SMA10W > SMA30W)
[WESTLEIRES.BO] ❌ FAILED: RS 4 < 70.0 | Recovery 2.38% < 60.0% | AvgVol10 860 < 300,000 | Not in Stage 2 (Price > SMA10W > SMA30W)
[LGHL.NS] ❌ FAILED: RS 4 < 70.0 | Recovery 7.9% < 60.0% | AvgVol10 18,680 < 300,000 | Not in Stage 2 (Price > SMA10W > SMA30W)
[IXIGO.NS] ❌ FAILED: RS 4 < 70.0 | Recovery 2.52% < 60.0% | Not in Stage 2 (Price > SMA10W > SMA30W)
[CITIZEN.BO] ❌ FAILED: RS 4 < 70.0 | Recovery 0.0% < 60.0% | AvgVol10 1,000 < 300,000 | Not in Stage 2 (Price > SMA10W > SMA30W)
[UGROCAP.NS] ❌ FAILED: RS 4 < 70.0 | Recovery 0.21% < 60.0% | AvgVol10 160,180 < 300,000 | Not in Stage 2 (Price > SMA10W > SMA30W)
[LERTHAI.BO] ❌ FAILED: RS 4 < 70.0 | Recovery 26.21% < 60.0% | AvgVol10 110 < 300,000 | Not in Stage 2 (Price > SMA10W > SMA30W)
[PRITI.NS] ❌ FAILED: RS 4 < 70.0 | Recovery 1.75% < 60.0% | AvgVol10 6,050 < 300,000 | Not in Stage 2 (Price > SMA10W > SMA30W)
[URAVIDEF.NS] ❌ FAILED: RS 4 < 70.0 | Recovery 1.49% < 60.0% | AvgVol10 1,140 < 300,000 | Not in Stage 2 (Price > SMA10W > SMA30W)
[RRFIN.BO] ❌ FAILED: RS 4 < 70.0 | Recovery 28.94% < 60.0% | AvgVol10 2,160 < 300,000 | Not in Stage 2 (Price > SMA10W > SMA30W)
[GUJJUBHAI.BO] ❌ FAILED: RS 4 < 70.0 | Recovery 18.24% < 60.0% | AvgVol10 72,510 < 300,000 | Not in Stage 2 (Price > SMA10W > SMA30W)
[MONIND.BO] ❌ FAILED: RS 4 < 70.0 | Price $18.84 < $30.0 | Recovery 0.0% < 60.0% | AvgVol10 90 < 300,000 | Not in Stage 2 (Price > SMA10W > SMA30W)
[ACL.NS] ❌ FAILED: RS 4 < 70.0 | Recovery 1.09% < 60.0% | AvgVol10 11,990 < 300,000 | Not in Stage 2 (Price > SMA10W > SMA30W)
[AURIONPRO.NS] ❌ FAILED: RS 4 < 70.0 | Recovery 0.62% < 60.0% | AvgVol10 135,190 < 300,000 | Not in Stage 2 (Price > SMA10W > SMA30W)
[NISUS.BO] ❌ FAILED: RS 4 < 70.0 | Recovery 14.06% < 60.0% | AvgVol10 19,600 < 300,000 | Not in Stage 2 (Price > SMA10W > SMA30W)
[PIOTEX.BO] ❌ FAILED: RS 4 < 70.0 | Price $27.50 < $30.0 | Recovery 14.58% < 60.0% | AvgVol10 930 < 300,000 | Not in Stage 2 (Price > SMA10W > SMA30W)
[CURAA.NS] ❌ FAILED: RS 4 < 70.0 | Recovery 20.83% < 60.0% | AvgVol10 330 < 300,000 | Not in Stage 2 (Price > SMA10W > SMA30W)
[ZAGGLE.NS] ❌ FAILED: RS 4 < 70.0 | Recovery 13.73% < 60.0% | Not in Stage 2 (Price > SMA10W > SMA30W)
[EPACK.NS] ❌ FAILED: RS 4 < 70.0 | Recovery 1.82% < 60.0% | AvgVol10 298,190 < 300,000 | Not in Stage 2 (Price > SMA10W > SMA30W)
[CAMLINFINE.NS] ❌ FAILED: RS 4 < 70.0 | Recovery 0.32% < 60.0% | Not in Stage 2 (Price > SMA10W > SMA30W)
[EY.BO] ❌ FAILED: RS 4 < 70.0 | Recovery 15.67% < 60.0% | AvgVol10 180 < 300,000 | Not in Stage 2 (Price > SMA10W > SMA30W)
[HILLTONE.BO] ❌ FAILED: RS 3 < 70.0 | Recovery 14.16% < 60.0% | AvgVol10 13,560 < 300,000 | Not in Stage 2 (Price > SMA10W > SMA30W)
[NDASEC.BO] ❌ FAILED: RS 3 < 70.0 | Price $23.00 < $30.0 | Recovery 2.68% < 60.0% | AvgVol10 1,430 < 300,000 | Not in Stage 2 (Price > SMA10W > SMA30W)
[POLICYBZR.NS] ❌ FAILED: RS 3 < 70.0 | Recovery 3.26% < 60.0% | Not in Stage 2 (Price > SMA10W > SMA30W)
[DECPO.BO] ❌ FAILED: RS 3 < 70.0 | Price $22.85 < $30.0 | Recovery 12.67% < 60.0% | AvgVol10 170 < 300,000 | Not in Stage 2 (Price > SMA10W > SMA30W)
[ACEENGITEC.BO] ❌ FAILED: RS 3 < 70.0 | Recovery 6.59% < 60.0% | AvgVol10 40 < 300,000 | Not in Stage 2 (Price > SMA10W > SMA30W)
[KITEX.NS] ❌ FAILED: RS 3 < 70.0 | Recovery 1.43% < 60.0% | Not in Stage 2 (Price > SMA10W > SMA30W)
[HIMATSEIDE.NS] ❌ FAILED: RS 3 < 70.0 | Recovery 8.25% < 60.0% | Not in Stage 2 (Price > SMA10W > SMA30W)
[ROYAL.BO] ❌ FAILED: RS 3 < 70.0 | Recovery 5.9% < 60.0% | AvgVol10 3,390 < 300,000 | Not in Stage 2 (Price > SMA10W > SMA30W)
[GARGI.BO] ❌ FAILED: RS 3 < 70.0 | Recovery 10.19% < 60.0% | AvgVol10 12,800 < 300,000 | Not in Stage 2 (Price > SMA10W > SMA30W)
[AAYUSH.BO] ❌ FAILED: RS 3 < 70.0 | Price $23.94 < $30.0 | Recovery 12.92% < 60.0% | AvgVol10 83,270 < 300,000 | Not in Stage 2 (Price > SMA10W > SMA30W)
[KPITTECH.NS] ❌ FAILED: RS 3 < 70.0 | Recovery 0.59% < 60.0% | Not in Stage 2 (Price > SMA10W > SMA30W)
[PRIMEFRESH.BO] ❌ FAILED: RS 3 < 70.0 | Recovery 3.73% < 60.0% | AvgVol10 13,820 < 300,000 | Not in Stage 2 (Price > SMA10W > SMA30W)
[ICONIKSPEV.BO] ❌ FAILED: RS 3 < 70.0 | Recovery 11.35% < 60.0% | AvgVol10 14,570 < 300,000 | Not in Stage 2 (Price > SMA10W > SMA30W)
[HBGHOTELS.BO] ❌ FAILED: RS 3 < 70.0 | Recovery 16.11% < 60.0% | AvgVol10 16,860 < 300,000 | Not in Stage 2 (Price > SMA10W > SMA30W)
[ATVPR.BO] ❌ FAILED: RS 3 < 70.0 | Price $21.39 < $30.0 | Recovery 10.31% < 60.0% | AvgVol10 27,520 < 300,000 | Not in Stage 2 (Price > SMA10W > SMA30W)
[GRMOVER.NS] ❌ FAILED: RS 3 < 70.0 | Recovery 1.61% < 60.0% | Not in Stage 2 (Price > SMA10W > SMA30W)
[RPPINFRA.NS] ❌ FAILED: RS 3 < 70.0 | Recovery 0.72% < 60.0% | AvgVol10 51,850 < 300,000 | Not in Stage 2 (Price > SMA10W > SMA30W)
[RPOWER.NS] ❌ FAILED: RS 3 < 70.0 | Price $19.96 < $30.0 | Recovery 0.81% < 60.0% | Not in Stage 2 (Price > SMA10W > SMA30W)
[RKEC.NS] ❌ FAILED: RS 3 < 70.0 | Price $22.78 < $30.0 | Recovery 30.92% < 60.0% | AvgVol10 136,560 < 300,000 | Not in Stage 2 (Price > SMA10W > SMA30W)
[AHLUCONT.NS] ❌ FAILED: RS 3 < 70.0 | Recovery 2.38% < 60.0% | AvgVol10 57,410 < 300,000 | Not in Stage 2 (Price > SMA10W > SMA30W)
[MACH.BO] ❌ FAILED: RS 3 < 70.0 | Recovery 6.36% < 60.0% | AvgVol10 500 < 300,000 | Not in Stage 2 (Price > SMA10W > SMA30W)
[ADCOUNTY.BO] ❌ FAILED: RS 3 < 70.0 | Recovery 7.99% < 60.0% | AvgVol10 16,640 < 300,000 | Not in Stage 2 (Price > SMA10W > SMA30W)
[NWIL.BO] ❌ FAILED: RS 3 < 70.0 | Price $19.80 < $30.0 | Recovery 8.32% < 60.0% | AvgVol10 283,500 < 300,000 | Not in Stage 2 (Price > SMA10W > SMA30W)
[GUJENERGY.NS] ❌ FAILED: RS 3 < 70.0 | Recovery 2.43% < 60.0% | Not in Stage 2 (Price > SMA10W > SMA30W)
[KERALAYUR.BO] ❌ FAILED: RS 3 < 70.0 | Recovery 3.59% < 60.0% | AvgVol10 11,650 < 300,000 | Not in Stage 2 (Price > SMA10W > SMA30W)
[MANIVENI.BO] ❌ FAILED: RS 3 < 70.0 | Price $26.13 < $30.0 | Recovery 11.91% < 60.0% | AvgVol10 45,550 < 300,000 | Not in Stage 2 (Price > SMA10W > SMA30W)
[SILVERTUC.NS] ❌ FAILED: RS 3 < 70.0 | Recovery 45.07% < 60.0% | Not in Stage 2 (Price > SMA10W > SMA30W)
[KPEL.NS] ❌ FAILED: RS 3 < 70.0 | Recovery 6.79% < 60.0% | Not in Stage 2 (Price > SMA10W > SMA30W)
[SAMPAT.BO] ❌ FAILED: RS 3 < 70.0 | Recovery 3.57% < 60.0% | AvgVol10 15,240 < 300,000 | Not in Stage 2 (Price > SMA10W > SMA30W)
[KRRAIL.BO] ❌ FAILED: RS 3 < 70.0 | Price $18.51 < $30.0 | Recovery 3.76% < 60.0% | AvgVol10 206,590 < 300,000 | Not in Stage 2 (Price > SMA10W > SMA30W)
[TCC.NS] ❌ FAILED: RS 3 < 70.0 | Recovery 25.35% < 60.0% | Not in Stage 2 (Price > SMA10W > SMA30W)
[BHARATRAS.NS] ❌ FAILED: RS 3 < 70.0 | Recovery 1.79% < 60.0% | AvgVol10 16,800 < 300,000 | Not in Stage 2 (Price > SMA10W > SMA30W)
[SALEM.BO] ❌ FAILED: RS 3 < 70.0 | Price $24.00 < $30.0 | Recovery 4.35% < 60.0% | AvgVol10 1,890 < 300,000 | Not in Stage 2 (Price > SMA10W > SMA30W)
[RAMKY.NS] ❌ FAILED: RS 3 < 70.0 | Recovery 1.07% < 60.0% | AvgVol10 41,140 < 300,000 | Not in Stage 2 (Price > SMA10W > SMA30W)
[PGHH.NS] ❌ FAILED: RS 3 < 70.0 | Recovery 0.2% < 60.0% | AvgVol10 25,500 < 300,000 | Not in Stage 2 (Price > SMA10W > SMA30W)
[SHRAAITECH.BO] ❌ FAILED: RS 3 < 70.0 | Price $19.93 < $30.0 | Recovery 1.58% < 60.0% | AvgVol10 24,140 < 300,000 | Not in Stage 2 (Price > SMA10W > SMA30W)
[RETINA.BO] ❌ FAILED: RS 3 < 70.0 | Recovery 4.53% < 60.0% | AvgVol10 23,800 < 300,000 | Not in Stage 2 (Price > SMA10W > SMA30W)
[CMXLTD.BO] ❌ FAILED: RS 2 < 70.0 | Price $19.73 < $30.0 | Recovery 30.66% < 60.0% | AvgVol10 14,700 < 300,000 | Not in Stage 2 (Price > SMA10W > SMA30W)
[VEDL.NS] ❌ FAILED: RS 2 < 70.0 | Recovery 3.72% < 60.0% | Not in Stage 2 (Price > SMA10W > SMA30W)
[KALAMANDIR.NS] ❌ FAILED: RS 2 < 70.0 | Recovery 2.55% < 60.0% | Not in Stage 2 (Price > SMA10W > SMA30W)
[ABCOTS.NS] ❌ FAILED: RS 2 < 70.0 | Recovery 1.7% < 60.0% | AvgVol10 26,550 < 300,000 | Not in Stage 2 (Price > SMA10W > SMA30W)
[SHUBHAM.BO] ❌ FAILED: RS 2 < 70.0 | Recovery 0.0% < 60.0% | AvgVol10 7,940 < 300,000 | Not in Stage 2 (Price > SMA10W > SMA30W)
[KEC.NS] ❌ FAILED: RS 2 < 70.0 | Recovery 0.36% < 60.0% | Not in Stage 2 (Price > SMA10W > SMA30W)
[SOLARIUM.BO] ❌ FAILED: RS 2 < 70.0 | Recovery 5.57% < 60.0% | AvgVol10 23,790 < 300,000 | Not in Stage 2 (Price > SMA10W > SMA30W)
[CARGOTRANS.BO] ❌ FAILED: RS 2 < 70.0 | Recovery 13.97% < 60.0% | AvgVol10 2,330 < 300,000 | Not in Stage 2 (Price > SMA10W > SMA30W)
[PCL.BO] ❌ FAILED: RS 2 < 70.0 | Recovery 14.99% < 60.0% | AvgVol10 2,600 < 300,000 | Not in Stage 2 (Price > SMA10W > SMA30W)
[CRIMSON.BO] ❌ FAILED: RS 2 < 70.0 | Price $27.38 < $30.0 | Recovery 10.23% < 60.0% | AvgVol10 60 < 300,000 | Not in Stage 2 (Price > SMA10W > SMA30W)
[BCONCEPTS.NS] ❌ FAILED: RS 2 < 70.0 | Recovery 1.94% < 60.0% | AvgVol10 8,540 < 300,000 | Not in Stage 2 (Price > SMA10W > SMA30W)
[RAINBOWF.BO] ❌ FAILED: RS 2 < 70.0 | Price $29.48 < $30.0 | Recovery 1.69% < 60.0% | AvgVol10 6,110 < 300,000 | Not in Stage 2 (Price > SMA10W > SMA30W)
[CMBL.BO] ❌ FAILED: RS 2 < 70.0 | Recovery 26.77% < 60.0% | AvgVol10 240 < 300,000 | Not in Stage 2 (Price > SMA10W > SMA30W)
[GBLOGISTIC.BO] ❌ FAILED: RS 2 < 70.0 | Price $23.79 < $30.0 | Recovery 5.69% < 60.0% | AvgVol10 10,440 < 300,000 | Not in Stage 2 (Price > SMA10W > SMA30W)
[GLPL.BO] ❌ FAILED: RS 2 < 70.0 | Recovery 1.2% < 60.0% | AvgVol10 14,100 < 300,000 | Not in Stage 2 (Price > SMA10W > SMA30W)
[SPINAROO.BO] ❌ FAILED: RS 2 < 70.0 | Recovery 28.01% < 60.0% | AvgVol10 3,800 < 300,000 | Not in Stage 2 (Price > SMA10W > SMA30W)
[WEL.NS] ❌ FAILED: RS 2 < 70.0 | Recovery 8.4% < 60.0% | Not in Stage 2 (Price > SMA10W > SMA30W)
[CUPIDALBV.BO] ❌ FAILED: RS 2 < 70.0 | Price $20.44 < $30.0 | Recovery 7.58% < 60.0% | AvgVol10 189,620 < 300,000 | Not in Stage 2 (Price > SMA10W > SMA30W)
[DHRUV.NS] ❌ FAILED: RS 2 < 70.0 | Price $21.40 < $30.0 | Recovery 4.39% < 60.0% | AvgVol10 8,590 < 300,000 | Not in Stage 2 (Price > SMA10W > SMA30W)
[ADTECH.BO] ❌ FAILED: RS 2 < 70.0 | Recovery 7.98% < 60.0% | AvgVol10 11,990 < 300,000 | Not in Stage 2 (Price > SMA10W > SMA30W)
[SKYBIOTECH.BO] ❌ FAILED: RS 2 < 70.0 | Recovery 0.0% < 60.0% | AvgVol10 170 < 300,000 | Not in Stage 2 (Price > SMA10W > SMA30W)
[USHAKIRA.BO] ❌ FAILED: RS 2 < 70.0 | Price $25.50 < $30.0 | Recovery 0.51% < 60.0% | AvgVol10 910 < 300,000 | Not in Stage 2 (Price > SMA10W > SMA30W)
[OSIAJEE.BO] ❌ FAILED: RS 2 < 70.0 | Recovery 27.38% < 60.0% | AvgVol10 8,560 < 300,000 | Not in Stage 2 (Price > SMA10W > SMA30W)
[SVJ.BO] ❌ FAILED: RS 2 < 70.0 | Recovery 5.94% < 60.0% | AvgVol10 950 < 300,000 | Not in Stage 2 (Price > SMA10W > SMA30W)
[SKCIL.BO] ❌ FAILED: RS 2 < 70.0 | Recovery 4.74% < 60.0% | AvgVol10 21,430 < 300,000 | Not in Stage 2 (Price > SMA10W > SMA30W)
[ROSEMER.BO] ❌ FAILED: RS 2 < 70.0 | Recovery 1.2% < 60.0% | AvgVol10 5,350 < 300,000 | Not in Stage 2 (Price > SMA10W > SMA30W)
[AUTOINT.BO] ❌ FAILED: RS 2 < 70.0 | Recovery 5.49% < 60.0% | AvgVol10 2,670 < 300,000 | Not in Stage 2 (Price > SMA10W > SMA30W)
[SOLARWORLD.NS] ❌ FAILED: RS 2 < 70.0 | Recovery 2.6% < 60.0% | Not in Stage 2 (Price > SMA10W > SMA30W)
[ACCEDERE.BO] ❌ FAILED: RS 2 < 70.0 | Recovery 16.36% < 60.0% | AvgVol10 5,370 < 300,000 | Not in Stage 2 (Price > SMA10W > SMA30W)
[SHANTIDENM.BO] ❌ FAILED: RS 2 < 70.0 | Recovery 3.7% < 60.0% | AvgVol10 14,670 < 300,000 | Not in Stage 2 (Price > SMA10W > SMA30W)
[TRIVENI.NS] ❌ FAILED: RS 2 < 70.0 | Recovery 10.16% < 60.0% | Not in Stage 2 (Price > SMA10W > SMA30W)
[GEL.BO] ❌ FAILED: RS 2 < 70.0 | Price $22.70 < $30.0 | Recovery 0.13% < 60.0% | AvgVol10 1,800 < 300,000 | Not in Stage 2 (Price > SMA10W > SMA30W)
[DEL.BO] ❌ FAILED: RS 2 < 70.0 | Recovery 21.62% < 60.0% | AvgVol10 60 < 300,000 | Not in Stage 2 (Price > SMA10W > SMA30W)
[ESPIRE.BO] ❌ FAILED: RS 2 < 70.0 | Recovery 4.29% < 60.0% | AvgVol10 250 < 300,000 | Not in Stage 2 (Price > SMA10W > SMA30W)
[AEIM.BO] ❌ FAILED: RS 2 < 70.0 | Recovery 5.25% < 60.0% | AvgVol10 90,050 < 300,000 | Not in Stage 2 (Price > SMA10W > SMA30W)
[LOGICIEL.BO] ❌ FAILED: RS 2 < 70.0 | Price $29.17 < $30.0 | Recovery 6.62% < 60.0% | AvgVol10 5,000 < 300,000 | Not in Stage 2 (Price > SMA10W > SMA30W)
[LEXGLOBAL.BO] ❌ FAILED: RS 2 < 70.0 | Recovery 26.79% < 60.0% | AvgVol10 560 < 300,000 | Not in Stage 2 (Price > SMA10W > SMA30W)
[OSWALPUMPS.NS] ❌ FAILED: RS 1 < 70.0 | Recovery 0.79% < 60.0% | Not in Stage 2 (Price > SMA10W > SMA30W)
[TURTLEMINT.NS] ❌ FAILED: RS 1 < 70.0 | Recovery 2.69% < 60.0% | Not in Stage 2 (Price > SMA10W > SMA30W)
[RAJKSYN.BO] ❌ FAILED: RS 1 < 70.0 | Price $20.34 < $30.0 | Recovery 18.26% < 60.0% | AvgVol10 1,450 < 300,000 | Not in Stage 2 (Price > SMA10W > SMA30W)
[ARIGATO.BO] ❌ FAILED: RS 1 < 70.0 | Recovery 0.03% < 60.0% | AvgVol10 7,110 < 300,000 | Not in Stage 2 (Price > SMA10W > SMA30W)
[MANOJJEWEL.BO] ❌ FAILED: RS 1 < 70.0 | Price $25.25 < $30.0 | Recovery 17.01% < 60.0% | AvgVol10 15,000 < 300,000 | Not in Stage 2 (Price > SMA10W > SMA30W)
[WATERBASE.NS] ❌ FAILED: RS 1 < 70.0 | Recovery 2.15% < 60.0% | AvgVol10 21,040 < 300,000 | Not in Stage 2 (Price > SMA10W > SMA30W)
[SOLEX.NS] ❌ FAILED: RS 1 < 70.0 | Recovery 6.8% < 60.0% | AvgVol10 173,880 < 300,000 | Not in Stage 2 (Price > SMA10W > SMA30W)
[RMC.NS] ❌ FAILED: RS 1 < 70.0 | Recovery 7.66% < 60.0% | AvgVol10 45,480 < 300,000 | Not in Stage 2 (Price > SMA10W > SMA30W)
[TANVI.BO] ❌ FAILED: RS 1 < 70.0 | Recovery 7.41% < 60.0% | AvgVol10 7,110 < 300,000 | Not in Stage 2 (Price > SMA10W > SMA30W)
[RAJESHEXPO.NS] ❌ FAILED: RS 1 < 70.0 | Recovery 0.23% < 60.0% | Not in Stage 2 (Price > SMA10W > SMA30W)
[ANUBHAV.BO] ❌ FAILED: RS 1 < 70.0 | Recovery 13.6% < 60.0% | AvgVol10 22,930 < 300,000 | Not in Stage 2 (Price > SMA10W > SMA30W)
[RFL.BO] ❌ FAILED: RS 1 < 70.0 | Recovery 0.13% < 60.0% | AvgVol10 250 < 300,000 | Not in Stage 2 (Price > SMA10W > SMA30W)
[AASTHA.NS] ❌ FAILED: RS 1 < 70.0 | Recovery 12.29% < 60.0% | Not in Stage 2 (Price > SMA10W > SMA30W)
[MISQUITA.BO] ❌ FAILED: RS 1 < 70.0 | Recovery 10.88% < 60.0% | AvgVol10 560 < 300,000 | Not in Stage 2 (Price > SMA10W > SMA30W)
[KIAASA.BO] ❌ FAILED: RS 1 < 70.0 | Price $29.30 < $30.0 | Recovery 3.86% < 60.0% | AvgVol10 15,000 < 300,000 | Not in Stage 2 (Price > SMA10W > SMA30W)
[PNCINFRA.NS] ❌ FAILED: RS 1 < 70.0 | Recovery 12.77% < 60.0% | Not in Stage 2 (Price > SMA10W > SMA30W)
[KINGSINFR.BO] ❌ FAILED: RS 1 < 70.0 | Recovery 5.21% < 60.0% | AvgVol10 28,520 < 300,000 | Not in Stage 2 (Price > SMA10W > SMA30W)
[TRL.BO] ❌ FAILED: RS 1 < 70.0 | Recovery 5.24% < 60.0% | AvgVol10 10,110 < 300,000 | Not in Stage 2 (Price > SMA10W > SMA30W)
[MEERA.BO] ❌ FAILED: RS 1 < 70.0 | Price $28.03 < $30.0 | Recovery 9.92% < 60.0% | AvgVol10 19,910 < 300,000 | Not in Stage 2 (Price > SMA10W > SMA30W)
[TERASOFT.NS] ❌ FAILED: RS 1 < 70.0 | Recovery 2.2% < 60.0% | AvgVol10 30,760 < 300,000 | Not in Stage 2 (Price > SMA10W > SMA30W)
[IMEC.BO] ❌ FAILED: RS 1 < 70.0 | Recovery 1.75% < 60.0% | AvgVol10 950 < 300,000 | Not in Stage 2 (Price > SMA10W > SMA30W)
[DHANWEL.BO] ❌ FAILED: RS 1 < 70.0 | Recovery 46.23% < 60.0% | AvgVol10 128,760 < 300,000 | Not in Stage 2 (Price > SMA10W > SMA30W)
[NMSGLOBAL.BO] ❌ FAILED: RS 1 < 70.0 | Recovery 5.29% < 60.0% | AvgVol10 43,940 < 300,000 | Not in Stage 2 (Price > SMA10W > SMA30W)
[MEDICO.NS] ❌ FAILED: RS 1 < 70.0 | Price $22.30 < $30.0 | Recovery 6.75% < 60.0% | Not in Stage 2 (Price > SMA10W > SMA30W)
[SUPREME.NS] ❌ FAILED: RS 1 < 70.0 | Recovery 2.1% < 60.0% | AvgVol10 33,570 < 300,000 | Not in Stage 2 (Price > SMA10W > SMA30W)
[ATALREAL.NS] ❌ FAILED: RS 1 < 70.0 | Price $13.24 < $30.0 | Recovery 8.44% < 60.0% | Not in Stage 2 (Price > SMA10W > SMA30W)
[MONIKA.BO] ❌ FAILED: RS 1 < 70.0 | Recovery 0.22% < 60.0% | AvgVol10 11,120 < 300,000 | Not in Stage 2 (Price > SMA10W > SMA30W)
[AICHAMP.BO] ❌ FAILED: RS 1 < 70.0 | Price $18.64 < $30.0 | Recovery 4.43% < 60.0% | AvgVol10 5,710 < 300,000 | Not in Stage 2 (Price > SMA10W > SMA30W)
[TTC.BO] ❌ FAILED: RS 1 < 70.0 | Recovery 14.81% < 60.0% | AvgVol10 1,170 < 300,000 | Not in Stage 2 (Price > SMA10W > SMA30W)
[SEEMAX.BO] ❌ FAILED: RS 1 < 70.0 | Recovery 16.41% < 60.0% | AvgVol10 3,200 < 300,000 | Not in Stage 2 (Price > SMA10W > SMA30W)
[SCARNOSE.BO] ❌ FAILED: RS 1 < 70.0 | Recovery 0.0% < 60.0% | AvgVol10 1,060 < 300,000 | Not in Stage 2 (Price > SMA10W > SMA30W)
[GSLSU.NS] ❌ FAILED: RS 1 < 70.0 | Recovery 30.4% < 60.0% | AvgVol10 71,500 < 300,000 | Not in Stage 2 (Price > SMA10W > SMA30W)
[CHTR.BO] ❌ FAILED: RS 1 < 70.0 | Recovery 0.0% < 60.0% | AvgVol10 17,520 < 300,000 | Not in Stage 2 (Price > SMA10W > SMA30W)
[GVL.BO] ❌ FAILED: RS 1 < 70.0 | Recovery 29.35% < 60.0% | AvgVol10 3,700 < 300,000 | Not in Stage 2 (Price > SMA10W > SMA30W)
[CCME.BO] ❌ FAILED: RS 1 < 70.0 | AvgVol10 6,410 < 300,000 | Not in Stage 2 (Price > SMA10W > SMA30W)
[WAAREEINDO.NS] ❌ FAILED: RS 1 < 70.0 | Recovery 0.0% < 60.0% | AvgVol10 171,970 < 300,000 | Not in Stage 2 (Price > SMA10W > SMA30W)
[TRANSPACT.BO] ❌ FAILED: RS 0 < 70.0 | Recovery 10.84% < 60.0% | AvgVol10 110 < 300,000 | Not in Stage 2 (Price > SMA10W > SMA30W)
[OMEGAIN.BO] ❌ FAILED: RS 0 < 70.0 | Price $18.74 < $30.0 | Recovery 10.24% < 60.0% | Not in Stage 2 (Price > SMA10W > SMA30W)
[SPITZE.BO] ❌ FAILED: RS 0 < 70.0 | Recovery 30.97% < 60.0% | AvgVol10 51,000 < 300,000 | Not in Stage 2 (Price > SMA10W > SMA30W)
[LIOTECH.BO] ❌ FAILED: RS 0 < 70.0 | Recovery 37.09% < 60.0% | AvgVol10 8,720 < 300,000 | Not in Stage 2 (Price > SMA10W > SMA30W)
[SRGHFL.NS] ❌ FAILED: RS 0 < 70.0 | Recovery 18.84% < 60.0% | AvgVol10 84,310 < 300,000 | Not in Stage 2 (Price > SMA10W > SMA30W)
[LEMERITE.NS] ❌ FAILED: RS 0 < 70.0 | Price $20.01 < $30.0 | Recovery 12.86% < 60.0% | AvgVol10 271,810 < 300,000 | Not in Stage 2 (Price > SMA10W > SMA30W)
[UHMVL.BO] ❌ FAILED: RS 0 < 70.0 | Recovery 34.25% < 60.0% | AvgVol10 19,920 < 300,000 | Not in Stage 2 (Price > SMA10W > SMA30W)
[ALPINETEX.NS] ❌ FAILED: RS 0 < 70.0 | Recovery 0.75% < 60.0% | AvgVol10 233,000 < 300,000 | Not in Stage 2 (Price > SMA10W > SMA30W)
[ZAPPFRESH.BO] ❌ FAILED: RS 0 < 70.0 | Recovery 3.42% < 60.0% | AvgVol10 51,240 < 300,000 | Not in Stage 2 (Price > SMA10W > SMA30W)
[JIVIAL.BO] ❌ FAILED: RS 0 < 70.0 | Recovery 16.03% < 60.0% | AvgVol10 1,530 < 300,000 | Not in Stage 2 (Price > SMA10W > SMA30W)
[RFIL.BO] ❌ FAILED: RS 0 < 70.0 | Price $25.07 < $30.0 | Recovery 6.68% < 60.0% | AvgVol10 18,000 < 300,000 | Not in Stage 2 (Price > SMA10W > SMA30W)
[OLATECH.BO] ❌ FAILED: RS 0 < 70.0 | Recovery 2.6% < 60.0% | AvgVol10 3,150 < 300,000 | Not in Stage 2 (Price > SMA10W > SMA30W)
[RELINFRA.NS] ❌ FAILED: RS 0 < 70.0 | Recovery 0.0% < 60.0% | AvgVol10 169,760 < 300,000 | Not in Stage 2 (Price > SMA10W > SMA30W)
[ARL.BO] ❌ FAILED: RS 0 < 70.0 | Recovery 0.14% < 60.0% | AvgVol10 26,180 < 300,000 | Not in Stage 2 (Price > SMA10W > SMA30W)
[HEG.NS] ❌ FAILED: RS 0 < 70.0 | Recovery 16.07% < 60.0% | Not in Stage 2 (Price > SMA10W > SMA30W)
[QRIL.BO] ❌ FAILED: RS 0 < 70.0 | Recovery 10.2% < 60.0% | AvgVol10 400 < 300,000 | Not in Stage 2 (Price > SMA10W > SMA30W)
[ABRFL.BO] ❌ FAILED: RS 0 < 70.0 | Recovery 0.0% < 60.0% | AvgVol10 2,400 < 300,000 | Not in Stage 2 (Price > SMA10W > SMA30W)
[GPSL.BO] ❌ FAILED: RS 0 < 70.0 | Recovery 31.03% < 60.0% | AvgVol10 8,460 < 300,000 | Not in Stage 2 (Price > SMA10W > SMA30W)
[MALA.BO] ❌ FAILED: RS 0 < 70.0 | Recovery 4.42% < 60.0% | AvgVol10 10,000 < 300,000 | Not in Stage 2 (Price > SMA10W > SMA30W)
[LELAVOIR.BO] ❌ FAILED: RS 0 < 70.0 | AvgVol10 5,580 < 300,000 | Not in Stage 2 (Price > SMA10W > SMA30W)
[DAVIN.BO] ❌ FAILED: RS 0 < 70.0 | Price $12.85 < $30.0 | Recovery 9.45% < 60.0% | AvgVol10 29,780 < 300,000 | Not in Stage 2 (Price > SMA10W > SMA30W)
[SEML.BO] ❌ FAILED: RS 0 < 70.0 | Recovery 4.66% < 60.0% | AvgVol10 14,250 < 300,000 | Not in Stage 2 (Price > SMA10W > SMA30W)
[TTFL.BO] ❌ FAILED: RS 0 < 70.0 | Price $20.82 < $30.0 | Recovery 4.1% < 60.0% | AvgVol10 35,980 < 300,000 | Not in Stage 2 (Price > SMA10W > SMA30W)
[DHRUVCA.BO] ❌ FAILED: RS 0 < 70.0 | Recovery 6.74% < 60.0% | AvgVol10 10,510 < 300,000 | Not in Stage 2 (Price > SMA10W > SMA30W)
[GULFLLOYDS.BO] ❌ FAILED: RS 0 < 70.0 | Recovery 4.84% < 60.0% | AvgVol10 16,800 < 300,000 | Not in Stage 2 (Price > SMA10W > SMA30W)
[QTFOODS.BO] ❌ FAILED: RS 0 < 70.0 | Recovery 17.55% < 60.0% | AvgVol10 92,800 < 300,000 | Not in Stage 2 (Price > SMA10W > SMA30W)
[MOPSHOP.BO] ❌ FAILED: RS 0 < 70.0 | Recovery 6.4% < 60.0% | AvgVol10 78,300 < 300,000 | Not in Stage 2 (Price > SMA10W > SMA30W)
[INDIAGLYCO.NS] ❌ FAILED: RS 0 < 70.0 | Recovery 37.1% < 60.0% | Not in Stage 2 (Price > SMA10W > SMA30W)
[EKENNIS.BO] ❌ FAILED: RS 0 < 70.0 | Recovery 0.0% < 60.0% | AvgVol10 560 < 300,000 | Not in Stage 2 (Price > SMA10W > SMA30W)
[BCCL.BO] ❌ FAILED: RS 0 < 70.0 | Price $26.40 < $30.0 | Recovery 18.33% < 60.0% | AvgVol10 11,400 < 300,000 | Not in Stage 2 (Price > SMA10W > SMA30W)
[BHUDEVI.BO] ❌ FAILED: RS 0 < 70.0 | Recovery 19.57% < 60.0% | AvgVol10 17,070 < 300,000 | Not in Stage 2 (Price > SMA10W > SMA30W)
[KSE.NS] ❌ FAILED: RS 0 < 70.0 | Recovery 3.47% < 60.0% | AvgVol10 10,690 < 300,000 | Not in Stage 2 (Price > SMA10W > SMA30W)
[AQYLON.NS] ❌ FAILED: RS 0 < 70.0 | Price $18.00 < $30.0 | Recovery 1.58% < 60.0% | Not in Stage 2 (Price > SMA10W > SMA30W)
[INLCM.BO] ❌ FAILED: RS 0 < 70.0 | Recovery 8.12% < 60.0% | AvgVol10 5,060 < 300,000 | Not in Stage 2 (Price > SMA10W > SMA30W)
[MIZVEN.BO] ❌ FAILED: RS 0 < 70.0 | Recovery 27.0% < 60.0% | AvgVol10 3,920 < 300,000 | Not in Stage 2 (Price > SMA10W > SMA30W)
[INDOTHAI.NS] ❌ FAILED: RS 0 < 70.0 | Recovery 1.0% < 60.0% | Not in Stage 2 (Price > SMA10W > SMA30W)
[LORDSMARK.BO] ❌ FAILED: RS 0 < 70.0 | Recovery 48.92% < 60.0% | Not in Stage 2 (Price > SMA10W > SMA30W)
[CPML.BO] ❌ FAILED: RS 0 < 70.0 | Recovery 27.63% < 60.0% | AvgVol10 81,950 < 300,000 | Not in Stage 2 (Price > SMA10W > SMA30W)
