Rank,Ticker,Price,Prev_Close,DVol,Sector,Industry,RS Percentile,1M_RS Percentile,3M_RS Percentile,6M_RS Percentile,ATR,ADR,AvgVol,AvgVol10,52WKH,52WKL,MCAP,IPO,SMA20,SMA50,SMA200,SMA10W,SMA30W,History_Days
1,APOLLOIN.BO,86.96,85.26,11.69K,Process Industries,Agricultural Commodities/Milling,98.0,82.0,44.0,98.0,2.7393,0.2871,2.29K,1.85K,146.05,5.43,904.38M,No,87.53,107.35,55.48,104.3,73.59,498
3,ISERA.BO,143.9,143.9,0.00K,Technology Services,Packaged Software,98.0,62.0,69.0,95.0,1.0214,0.0,1.47K,1.23K,151.05,6.73,1.21B,No,144.26,144.04,84.14,143.9,108.06,497
4,SAMTELIN.BO,55.85,56.98,4.89K,Producer Manufacturing,Miscellaneous Manufacturing,98.0,97.0,57.0,95.0,1.9779,1.0193,13.04K,20.45K,72.95,1.89,395.86M,No,44.94,42.92,31.66,42.67,40.85,281
5,AXISOL.BO,640.1,627.55,8.87K,Technology Services,Information Technology Services,98.0,90.0,97.0,96.0,16.0893,9.7786,7.19K,6.82K,667.75,34.27,30.25B,No,590.16,531.22,295.36,553.94,368.51,499
6,SOURCEIND.BO,69.99,68.62,0.20K,Consumer Durables,Home Furnishings,98.0,98.0,98.0,98.0,1.2057,0.0014,0.44K,0.60K,69.99,4.38,798.10M,No,58.41,45.14,19.48,48.22,26.06,499
7,SALSAIN.BO,365.0,369.0,0.03K,Finance,Financial Conglomerates,98.0,49.0,95.0,1.0,18.8429,13.2036,0.60K,0.57K,828.95,15.3,2.54B,No,341.27,358.55,303.43,350.46,373.82,498
8,MRUTR.BO,75.81,77.35,0.65K,Finance,Investment Banks/Brokers,98.0,0.0,86.0,98.0,1.7457,0.0,21.71K,1.40K,115.3,1.21,54.77B,No,92.23,91.95,42.05,91.64,55.5,498
9,JTLDEFENCE.BO,713.9,728.45,5.73K,Non-Energy Minerals,Other Metals/Minerals,98.0,76.0,89.0,98.0,19.3714,7.9714,4.04K,0.30K,924.0,55.58,7.51B,No,803.92,670.5,328.42,681.32,432.32,499
10,NEWMKTAVE.BO,97.21,95.31,0.22K,Finance,Investment Managers,98.0,97.0,98.0,98.0,2.8043,1.1779,0.14K,0.91K,97.21,9.1,995.43M,No,75.12,63.97,31.59,67.2,40.24,500
11,HARCR.BO,41.13,40.33,0.09K,Producer Manufacturing,Auto Parts: Oem,98.0,98.0,98.0,98.0,0.7071,0.0,0.17K,0.23K,41.13,4.21,431.87M,No,34.34,24.48,11.76,26.54,14.32,499
12,TANDHANIN.BO,145.0,152.0,1.47K,Finance,Investment Banks/Brokers,98.0,11.0,49.0,95.0,9.675,9.45,7.12K,2.52K,175.0,11.55,7.22B,No,154.66,147.4,88.39,147.87,116.44,498
13,VINRKLB.BO,49.86,48.89,2.25K,Health Technology,Pharmaceuticals: Major,98.0,57.0,93.0,69.0,1.0643,0.1721,2.71K,2.30K,59.4,4.5,300.56M,No,53.7,42.93,31.9,44.99,39.83,498
15,INDUSFINL.BO,328.15,323.3,1.94K,Finance,Investment Banks/Brokers,98.0,96.0,98.0,98.0,7.2786,4.6643,8.21K,5.58K,329.75,38.94,3.04B,No,296.08,234.88,119.02,248.63,149.4,497
16,MAXGROW.BO,167.15,163.9,6.07K,Commercial Services,Personnel Services,98.0,70.0,98.0,97.0,4.5821,2.3071,35.41K,24.88K,196.45,17.06,6.68B,No,177.66,136.04,73.88,143.84,83.92,498
17,LIPPISYS.BO,214.1,224.1,3.04K,Producer Manufacturing,Industrial Machinery,98.0,80.0,75.0,98.0,11.5679,11.075,13.47K,6.36K,281.2,23.81,1.50B,No,221.3,234.01,117.42,229.57,150.17,497
19,AJCJEWEL.BO,432.6,427.0,8.40K,Consumer Durables,Other Consumer Specialties,98.0,98.0,98.0,98.0,18.5214,9.7786,13.96K,13.92K,432.6,71.15,2.63B,No,310.1,212.81,128.26,233.59,144.17,313
20,DUKEOFS.BO,89.22,87.48,6.12K,Retail Trade,Specialty Stores,98.0,98.0,98.0,97.0,1.5386,0.0536,8.74K,8.00K,89.22,13.12,879.46M,No,74.45,57.29,28.97,61.29,35.3,497
21,MODMA.BO,34.0,35.76,0.50K,Producer Manufacturing,Metal Fabrication,98.0,1.0,1.0,84.0,1.2143,0.8136,1.46K,1.53K,85.79,2.62,3.96B,No,38.67,43.98,37.22,42.83,48.28,498
22,KUBERJI.BO,69.27,65.98,28.77K,Finance,Financial Conglomerates,98.0,95.0,98.0,98.0,3.4471,2.715,33.35K,24.71K,69.27,10.51,237.80M,No,53.83,41.99,23.46,45.51,28.31,497
23,APPL.BO,360.8,368.15,34.80K,Distribution Services,Medical Distributors,98.0,89.0,94.0,95.0,9.2429,6.3821,14.63K,12.28K,370.5,32.81,6.19B,No,345.74,307.81,188.47,315.45,229.27,252
24,STDSFAC.BO,222.25,233.91,56.60K,Consumer Non-Durables,Household/Personal Care,98.0,99.0,99.0,98.0,10.0507,4.2686,11.96K,28.25K,245.6,44.1,1.84B,No,159.56,97.83,63.35,109.52,71.16,497
26,GLITTEKG.BO,79.87,81.49,10.79K,Non-Energy Minerals,Construction Materials,98.0,90.0,96.0,92.0,1.5,0.4821,12.86K,3.87K,83.3,9.63,2.07B,No,76.47,69.29,47.74,70.78,53.92,497
27,SANCODE.BO,833.4,817.1,0.50K,Technology Services,Information Technology Services,98.0,97.0,98.0,96.0,12.6464,2.0143,2.22K,3.40K,833.4,91.95,6.21B,No,715.7,582.59,314.62,612.78,388.33,497
28,ASIACAP.BO,114.4,114.4,0.16K,Finance,Finance/Rental/Leasing,98.0,79.0,95.0,97.0,2.0357,1.0357,0.55K,0.13K,128.0,17.37,353.72M,No,119.26,105.98,57.33,110.22,75.17,496
30,SAPL.BO,8149.1,8577.9502,0.22K,Producer Manufacturing,Industrial Machinery,98.0,98.0,98.0,98.0,458.4857,378.5535,0.41K,0.82K,8999.8,1840.95,38.83B,No,6391.11,4881.12,2898.33,5178.18,3350.84,498
32,SHANTAI.BO,91.48,91.4,17.79K,Process Industries,Textiles,98.0,64.0,46.0,85.0,0.3707,0.3707,6.83K,2.44K,102.01,11.69,685.50M,No,90.75,91.5,68.24,91.42,86.13,497
34,PRARUH.BO,180.0,188.8,70.00K,Technology Services,Information Technology Services,98.0,98.0,98.0,97.0,7.8893,4.4964,48.56K,55.40K,189.0,45.0,2.51B,No,149.1,107.36,66.85,115.22,74.18,250
35,PARMAX.BO,137.75,137.75,16.22K,Health Technology,Pharmaceuticals: Major,98.0,77.0,95.0,98.0,0.2857,0.0607,11.17K,2.01K,137.75,22.6,515.36M,No,134.88,123.48,62.67,126.57,75.47,496
36,ACFSL.BO,83.3,87.63,4.80K,Finance,Investment Banks/Brokers,98.0,97.0,97.0,98.0,3.0886,1.1986,0.92K,1.32K,92.0,20.04,,No,68.33,66.86,36.45,68.39,43.09,500
37,KARTKIN.BO,7000.0,7043.0,0.00K,Finance,Financial Conglomerates,98.0,12.0,10.0,96.0,218.875,114.3036,0.02K,0.00K,10741.85,1142.15,1.71B,No,7667.19,8284.19,5506.33,8214.37,7131.36,499
38,SHENTRA.BO,131.35,131.35,0.50K,Process Industries,Chemicals: Specialty,98.0,65.0,84.0,93.0,1.8607,0.4714,0.12K,0.05K,134.85,18.34,582.95M,No,125.72,128.92,84.43,129.05,99.88,250
40,PHCAP.BO,1334.6,1286.15,5.93K,Finance,Investment Banks/Brokers,97.0,92.0,90.0,93.0,55.775,53.7429,4.51K,7.41K,1348.0,165.05,4.00B,No,1119.97,1066.92,769.4,1090.03,891.95,497
41,RANJITSE.BO,59.35,62.47,0.04K,Finance,Finance/Rental/Leasing,97.0,64.0,57.0,3.0,2.1907,1.4579,0.16K,0.19K,122.1,6.24,159.50M,No,59.52,60.84,63.15,60.72,68.92,210
42,VOLKAI.BO,18.27,17.7,145.56K,Distribution Services,Wholesale Distributors,97.0,79.0,98.0,98.0,1.0039,0.6361,115.60K,153.57K,19.7,4.0,216.13M,No,16.92,13.83,7.8,14.68,9.24,500
43,ZELIO.BO,1056.05,1035.35,12.00K,Consumer Durables,Motor Vehicles,97.0,93.0,96.0,97.0,35.1143,14.8286,20.36K,18.00K,1099.5,154.9,22.34B,No,921.11,847.83,539.16,868.2,621.53,245
44,PARMSILK.BO,346.0,330.0,0.00K,Process Industries,Textiles,97.0,88.0,55.0,97.0,5.8714,4.1321,0.98K,0.16K,472.35,64.2,1.04B,No,324.84,328.14,188.11,332.2,230.67,377
45,RSCINT.BO,104.0,106.08,35.89K,Process Industries,Chemicals: Specialty,97.0,96.0,98.0,98.0,2.0271,0.535,10.60K,2.43K,108.2,22.42,597.97M,No,91.23,71.64,47.42,76.03,44.68,497
46,SHHARICH.BO,322.95,332.6,7.71K,Process Industries,Chemicals: Specialty,97.0,98.0,98.0,97.0,18.7714,14.1107,16.59K,25.55K,352.05,87.65,2.04B,No,292.66,216.22,138.32,231.46,150.78,497
48,COSPOWER.BO,3195.0,3110.25,0.50K,Producer Manufacturing,Electrical Products,97.0,98.0,95.0,97.0,139.5357,116.2714,0.92K,1.74K,3199.95,670.0,5.87B,No,2683.67,2227.75,1453.58,2326.06,1694.08,498
49,KELENRG.BO,13873.15,13860.2002,3.14K,Process Industries,Industrial Specialties,97.0,75.0,96.0,98.0,453.2679,319.8858,1.67K,0.61K,14800.0,2900.0,13.87B,No,12503.83,11859.2,6361.95,12249.13,7568.28,497
51,PURPLEWAVE.BO,342.35,326.05,2.00K,Technology Services,Packaged Software,97.0,5.0,98.0,97.0,16.1071,6.3607,33.66K,2.90K,431.0,95.1,3.17B,No,380.21,312.63,165.81,331.38,187.78,205
52,PHOTON.BO,388.05,380.45,0.00K,Finance,Investment Managers,97.0,86.0,97.0,96.0,2.6107,0.0,0.06K,0.01K,388.05,90.0,1.06B,No,358.85,346.91,191.65,349.08,223.73,499
53,SIMANDHAR.BO,141.95,142.5,0.02K,Distribution Services,Wholesale Distributors,97.0,41.0,66.0,41.0,6.0571,4.6071,2.64K,5.29K,189.1,21.5,433.93M,No,149.08,151.93,,150.67,143.21,194
54,NEELKAN.BO,68.53,68.88,1.22K,Non-Energy Minerals,Construction Materials,97.0,89.0,94.0,97.0,4.2507,4.0464,2.86K,1.15K,70.19,14.51,345.64M,No,61.58,58.3,31.86,59.23,37.97,497
56,VIVAA.BO,138.0,132.0,2.00K,Consumer Non-Durables,Apparel/Footwear,97.0,84.0,96.0,98.0,0.5714,0.1429,4.38K,1.00K,138.0,31.84,543.37M,No,133.2,121.3,64.59,123.7,75.49,500
57,HIKLASS.BO,90.0,90.8,15.24K,Finance,Investment Banks/Brokers,97.0,60.0,85.0,80.0,1.54,1.2321,12.58K,3.90K,108.35,15.48,2.72B,No,91.2,88.61,66.73,89.47,81.84,498
58,PANKAJPO.BO,126.55,120.55,2.29K,Producer Manufacturing,Miscellaneous Manufacturing,97.0,20.0,97.0,91.0,8.4179,5.6821,18.16K,8.40K,179.05,16.42,701.58M,No,138.68,114.91,74.42,117.63,83.92,497
60,BEEZAASAN.BO,725.05,710.85,12.00K,Process Industries,Industrial Specialties,97.0,94.0,97.0,98.0,12.5143,0.0071,16.10K,16.64K,725.05,177.05,10.99B,No,611.28,521.95,317.79,546.94,360.41,393
61,TRANSCHEM.BO,415.15,416.5,4.69K,Health Technology,Pharmaceuticals: Other,97.0,91.0,87.0,95.0,15.1071,14.3393,6.03K,7.68K,433.0,58.0,5.08B,No,390.26,350.69,244.0,356.26,274.69,497
62,JAYKAILASH.BO,55.75,58.68,80.00K,Consumer Non-Durables,Food: Specialty/Candy,97.0,16.0,98.0,98.0,4.3086,3.8886,68.53K,74.72K,75.65,10.73,278.58M,No,63.25,57.47,32.36,59.03,37.5,497
63,TRADWIN.BO,460.0,451.0,0.01K,Consumer Services,Other Consumer Services,97.0,6.0,23.0,10.0,10.0143,4.8107,0.06K,0.02K,846.45,47.04,1.38B,No,465.12,548.48,582.9,536.39,569.48,499
66,CELLA.BO,39.82,41.52,9.90K,Process Industries,Pulp & Paper,97.0,83.0,98.0,96.0,3.0879,3.0879,31.32K,22.65K,45.7,11.65,802.42M,No,40.84,33.4,19.83,34.01,22.54,497
67,GBLINFRA.BO,120.68,120.68,7.04K,Commercial Services,Miscellaneous Commercial Services,97.0,97.0,98.0,98.0,2.11,0.5843,0.54K,0.83K,173.0,15.0,170.69M,No,103.46,80.33,92.11,87.93,57.75,496
68,NATHUEC.BO,37.22,39.0,1.77K,Transportation,Air Freight/Couriers,97.0,56.0,68.0,97.0,1.455,1.34,2.55K,1.99K,40.95,9.76,154.29M,No,38.13,36.26,24.32,36.98,28.82,497
70,STELLANT.BO,941.75,943.4,0.96K,Finance,Investment Banks/Brokers,97.0,14.0,95.0,70.0,49.1214,47.4571,7.92K,1.79K,1104.6,135.6,5.35B,No,987.27,952.71,667.34,989.55,726.21,498
71,SMEL.BO,25.57,25.57,10.00K,Commercial Services,Commercial Printing/Forms,97.0,94.0,98.0,91.0,0.5336,0.0114,2.81K,3.00K,25.57,7.91,281.27M,No,22.07,17.39,12.19,19.06,14.08,496
74,SUGSLLOYD.BO,282.5,280.7,35.00K,Utilities,Alternative Power Generation,97.0,95.0,98.0,95.0,19.2786,17.6286,74.73K,73.80K,296.8,82.5,6.56B,No,260.2,208.1,137.89,218.21,155.52,267
75,SPICEISLIN.BO,99.55,94.85,40.25K,Process Industries,Textiles,97.0,53.0,53.0,87.0,5.085,5.085,51.55K,16.99K,110.0,14.2,3.10B,No,92.6,96.22,72.17,96.02,82.91,500
77,CCAL.BO,50.6,49.61,6.00K,Distribution Services,Wholesale Distributors,96.0,94.0,97.0,96.0,0.7093,0.1257,7.24K,6.60K,50.6,15.68,825.63M,No,44.37,37.36,24.34,38.91,27.12,499
78,AMRAFIN.BO,40.46,38.54,1.20K,Finance,Finance/Rental/Leasing,96.0,98.0,91.0,97.0,0.9314,0.0,0.88K,0.72K,40.46,12.72,543.78M,No,31.0,32.05,20.52,32.65,23.68,500
79,INDOSMC.BO,505.2,506.2,60.00K,Producer Manufacturing,Electrical Products,96.0,77.0,85.0,97.0,23.3893,21.9179,58.94K,43.50K,533.8,134.0,11.55B,No,500.59,485.64,,494.32,341.7,174
80,SKM.BO,467.5,479.85,4.00K,Process Industries,Chemicals: Major Diversified,96.0,61.0,84.0,98.0,17.5536,15.975,17.78K,15.30K,507.0,102.05,5.72B,No,479.79,457.17,294.89,458.94,359.58,238
81,PARMESHWAR.BO,305.0,315.0,19.00K,Non-Energy Minerals,Other Metals/Minerals,96.0,74.0,94.0,95.0,13.6286,12.0143,24.97K,15.70K,344.4,65.1,4.67B,No,315.95,255.6,185.16,265.11,204.3,427
82,SURBHIN.BO,90.0,92.11,1.26K,Process Industries,Textiles,96.0,83.0,77.0,61.0,7.3007,6.6279,3.59K,2.01K,249.65,20.72,309.37M,No,98.38,103.09,85.98,102.53,108.21,498
85,RAMGOPOLY.BO,29.99,30.0,0.27K,Producer Manufacturing,Miscellaneous Manufacturing,96.0,27.0,96.0,79.0,1.3429,0.9771,10.44K,4.59K,38.49,5.12,434.86M,No,29.26,30.55,21.84,31.36,23.53,497
86,INTEGFD.BO,12.94,13.2,22.81K,Process Industries,Agricultural Commodities/Milling,96.0,11.0,24.0,86.0,0.3043,0.1107,36.26K,38.09K,16.32,2.07,2.42B,No,14.1,14.08,9.85,13.99,12.39,500
88,SJCORP.BO,190.0,190.0,14.42K,Consumer Durables,Other Consumer Specialties,96.0,75.0,96.0,95.0,0.3964,0.1321,0.81K,1.48K,191.8,61.75,8.24B,No,187.65,182.91,105.7,183.61,122.49,498
90,HIIL.BO,516.25,506.15,0.10K,Producer Manufacturing,Electrical Products,96.0,86.0,83.0,97.0,3.4679,0.0,0.29K,0.36K,516.25,121.33,11.17B,No,477.46,461.57,316.53,464.45,381.12,501
91,TEJASSVI.BO,65.0,63.1,3.31K,Process Industries,Textiles,96.0,59.0,86.0,86.0,5.3243,5.3243,49.36K,4.16K,74.0,13.8,3.78B,No,63.04,64.87,42.51,64.72,48.64,497
92,STEELCO.BO,202.75,206.85,13.11K,Non-Energy Minerals,Steel,96.0,1.0,88.0,91.0,5.9,2.9821,12.31K,2.04K,269.1,15.0,1.28B,No,234.55,203.21,130.35,209.67,158.88,499
93,DATIWARE.BO,56.19,59.14,0.30K,Process Industries,Agricultural Commodities/Milling,96.0,45.0,97.0,94.0,1.8407,1.3721,0.28K,0.65K,72.33,19.59,280.95M,No,61.93,55.55,32.82,56.49,37.04,499
95,RAJVI.BO,34.51,32.87,0.03K,Finance,Investment Banks/Brokers,96.0,98.0,96.0,95.0,0.4364,0.0,0.02K,0.03K,34.51,12.44,218.29M,No,29.11,23.79,17.22,25.02,19.33,499
99,ARVAYA.BO,120.0,122.4,0.02K,Distribution Services,Medical Distributors,96.0,61.0,96.0,92.0,5.1571,3.4393,0.59K,0.48K,145.0,43.29,5.76B,No,123.16,122.16,74.14,119.83,83.57,499
103,KANELIND.BO,75.61,77.95,2.07K,Process Industries,Agricultural Commodities/Milling,96.0,13.0,94.0,98.0,4.6357,4.365,3.02K,0.41K,92.0,10.0,1.19B,No,77.77,73.24,41.61,74.81,47.47,499
105,CHEMIESYNT.BO,103.64,98.71,0.01K,Process Industries,Chemicals: Specialty,96.0,90.0,94.0,92.0,1.0071,0.0,0.01K,0.01K,103.64,30.98,318.17M,No,95.29,86.78,59.67,88.68,68.39,500
106,PRIMIND.BO,92.65,88.24,588.60K,Finance,Real Estate Development,96.0,98.0,98.0,98.0,4.1321,1.0293,83.14K,7.04K,92.65,22.1,2.20B,No,59.92,48.46,43.68,51.47,45.17,497
107,SVRL.BO,679.0,651.95,22.44K,Process Industries,Agricultural Commodities/Milling,96.0,95.0,98.0,95.0,31.8821,31.0893,18.58K,13.69K,681.5,207.0,15.02B,No,561.43,516.19,334.64,538.64,363.11,498
108,ADMACH.BO,499.85,500.0,8.40K,Producer Manufacturing,Industrial Machinery,96.0,95.0,96.0,96.0,19.7893,15.2464,8.45K,6.36K,524.75,179.0,3.39B,No,451.65,412.38,,423.19,314.43,188
109,EMROCK.BO,250.1,253.85,0.40K,Consumer Durables,Homebuilding,96.0,36.0,39.0,30.0,19.3821,19.275,2.63K,2.13K,305.95,43.34,3.96B,No,253.38,261.25,257.13,261.87,266.79,497
110,VIKRAMTH.BO,405.9,436.2,28.14K,Health Technology,Pharmaceuticals: Major,96.0,95.0,96.0,96.0,30.2321,27.4786,25.84K,50.87K,445.0,133.2,12.73B,No,359.67,304.93,206.05,317.81,227.98,497
111,SHTL.BO,164.0,167.8,19.20K,Producer Manufacturing,Industrial Machinery,96.0,98.0,96.0,98.0,12.8057,11.3371,14.62K,46.80K,177.56,38.43,927.98M,No,138.98,109.41,76.74,115.17,83.32,220
112,CRYOGENIC.BO,443.0,422.05,51.75K,Industrial Services,Oilfield Services/Equipment,96.0,93.0,94.0,96.0,13.6536,10.3714,16.20K,17.48K,443.15,151.0,6.33B,No,395.89,367.53,242.48,377.5,273.73,306
115,AMEENJI.BO,272.1,261.1,21.60K,Producer Manufacturing,Miscellaneous Manufacturing,95.0,93.0,97.0,94.0,8.5821,7.4286,16.73K,8.04K,274.15,96.05,3.07B,No,231.76,198.91,148.81,209.31,161.76,247
116,CFL.BO,93.3,97.99,5.79K,Process Industries,Industrial Specialties,95.0,98.0,97.0,88.0,6.69,5.6643,10.87K,25.18K,107.91,20.5,821.76M,No,80.11,61.31,52.82,64.64,55.72,498
117,TELGE.BO,255.0,258.55,31.20K,Industrial Services,Engineering & Construction,95.0,96.0,96.0,95.0,11.8179,9.65,19.50K,22.32K,283.95,77.05,2.50B,No,238.09,199.15,132.36,202.9,145.03,249
119,VEERHEALTH.BO,49.88,49.58,98.24K,Health Technology,Pharmaceuticals: Other,95.0,65.0,94.0,94.0,2.0779,2.0779,117.42K,72.58K,52.0,16.7,997.52M,No,49.87,47.65,29.06,48.24,33.27,497
120,MEGAMONT.BO,194.6,199.3,6.86K,Non-Energy Minerals,Forest Products,95.0,89.0,65.0,85.0,11.025,10.9786,1.98K,9.78K,214.2,40.1,6.49B,No,188.49,167.21,130.23,172.01,158.85,497
121,AFLTD.BO,102.8,98.0,21.00K,Producer Manufacturing,Auto Parts: Oem,95.0,98.0,97.0,,5.1343,3.8736,29.16K,15.90K,104.7,40.85,1.39B,No,85.99,68.66,,72.33,,89
123,SWASTIKA.BO,146.0,147.85,14.60K,Finance,Investment Banks/Brokers,95.0,9.0,98.0,96.0,8.1071,8.0357,92.91K,7.84K,195.0,43.65,2.93B,No,154.45,152.38,87.01,155.61,96.31,497
127,DIGILOGIC.BO,203.45,197.65,102.00K,Electronic Technology,Electronic Equipment/Instruments,95.0,87.0,95.0,94.0,6.0643,4.6036,73.33K,40.92K,214.8,72.95,5.89B,No,181.37,173.11,,177.16,129.24,170
133,JAFINANCE.BO,158.5,151.9,3.71K,Finance,Finance/Rental/Leasing,95.0,94.0,97.0,93.0,7.2857,6.4357,0.85K,0.85K,159.4,50.35,1.69B,No,138.49,124.0,92.96,128.65,98.6,497
135,JOJO.BO,225.2,225.6,3.28K,Consumer Services,Movies/Entertainment,95.0,93.0,98.0,94.0,5.4143,2.475,81.76K,50.63K,235.1,72.0,15.53B,No,222.29,182.33,133.81,189.71,138.56,500
138,RECODE.BO,450.0,447.25,22.40K,Retail Trade,Specialty Stores,95.0,98.0,98.0,,23.1536,17.6536,47.11K,28.48K,469.6,171.0,4.79B,No,384.93,313.89,,331.17,,102
139,KETOMOTORS.BO,249.0,260.8,2.02K,Process Industries,Chemicals: Agricultural,95.0,1.0,77.0,95.0,16.075,15.2893,6.26K,4.16K,367.85,91.4,17.54B,No,277.07,263.32,156.1,265.38,181.62,499
143,MAYUR.BO,39.97,38.91,2.26K,Consumer Non-Durables,Apparel/Footwear,95.0,95.0,97.0,88.0,3.3129,3.0457,14.87K,17.50K,45.96,12.75,193.25M,No,39.5,30.78,23.73,32.18,24.36,497
144,GRERENEW.BO,233.0,231.15,62.40K,Electronic Technology,Semiconductors,95.0,96.0,93.0,94.0,10.5679,8.7607,33.79K,41.28K,245.0,77.5,3.33B,No,197.51,184.49,,188.51,152.58,174
147,YASHHV.BO,1105.75,1076.7,127.25K,Producer Manufacturing,Electrical Products,95.0,88.0,89.0,95.0,58.925,57.3036,90.39K,91.22K,1158.95,366.0,31.64B,No,1029.77,973.66,689.04,986.98,794.65,443
152,SWITCHTE.BO,165.0,158.75,6.86K,Producer Manufacturing,Electrical Products,94.0,97.0,89.0,93.0,8.5071,8.0429,5.71K,6.17K,166.65,40.0,404.25M,No,131.99,125.01,94.54,126.55,104.62,497
153,MKPMOB.BO,238.0,228.9,1.71K,Finance,Financial Conglomerates,94.0,98.0,97.0,93.0,12.6571,10.3036,0.26K,0.75K,240.3,97.0,811.83M,No,173.5,156.26,128.2,161.55,132.2,498
154,NEETUYOSHI.BO,238.85,249.15,87.20K,Non-Energy Minerals,Steel,94.0,97.0,95.0,97.0,14.7071,13.9321,101.31K,104.40K,258.0,71.3,9.27B,No,216.53,183.77,129.16,190.1,144.31,310
156,JAUSPOL.BO,27.89,26.21,11.85K,Process Industries,Containers/Packaging,94.0,86.0,69.0,35.0,2.6936,2.4836,3.49K,5.43K,37.11,6.84,129.01M,No,22.49,23.04,23.34,22.94,25.02,497
158,KREONFIN.BO,84.99,85.39,1.73K,Finance,Finance/Rental/Leasing,94.0,64.0,74.0,97.0,5.95,5.95,9.45K,5.01K,96.89,23.92,1.01B,No,86.43,86.15,51.77,86.65,59.98,497
160,CAPRICORN.BO,31.26,31.89,112.37K,Technology Services,Information Technology Services,94.0,92.0,98.0,96.0,0.7321,0.395,275.64K,413.96K,32.51,9.41,874.40M,No,30.15,24.37,16.25,25.51,16.78,499
165,MUNOTHFI.BO,62.15,65.4,0.00K,Finance,Regional Banks,94.0,81.0,97.0,97.0,0.8036,0.4121,0.07K,0.01K,66.5,16.4,319.16M,No,60.54,53.69,36.49,55.26,37.62,497
166,QUANTDIA.BO,42.97,42.97,0.24K,Process Industries,Containers/Packaging,94.0,82.0,97.0,95.0,2.6636,2.6043,4.44K,1.59K,48.9,16.24,130.41M,No,43.77,38.5,25.36,39.71,27.15,497
169,NATFIT.BO,311.6,328.0,23.49K,Producer Manufacturing,Metal Fabrication,94.0,97.0,98.0,92.0,18.6036,15.1214,27.82K,34.40K,330.0,133.6,2.83B,No,279.61,213.68,173.09,224.35,178.84,497
171,KRISHNA.BO,46.0,46.0,5.21K,Industrial Services,Engineering & Construction,94.0,35.0,66.0,95.0,0.9457,0.725,10.77K,10.45K,51.72,12.44,496.80M,No,46.19,42.73,30.75,42.72,34.05,497
173,BCCFUBA.BO,317.55,306.35,51.98K,Electronic Technology,Electronic Components,94.0,96.0,96.0,96.0,15.9357,15.5036,38.37K,32.02K,319.5,102.0,6.32B,No,264.49,236.62,176.26,244.74,183.66,497
176,AMRAPLIN.BO,34.3,36.04,2.17K,Technology Services,Packaged Software,94.0,84.0,84.0,94.0,2.615,2.615,13.83K,5.11K,44.77,12.65,1.76B,No,36.68,35.53,23.7,35.69,27.39,497
177,SMTEL.BO,330.15,330.15,0.11K,Commercial Services,Miscellaneous Commercial Services,94.0,13.0,7.0,6.0,19.1429,17.3357,1.04K,0.36K,594.35,63.63,5.97B,No,340.52,395.15,377.6,376.31,412.02,498
178,VALIANT.BO,1686.35,1734.0,28.89K,Electronic Technology,Telecommunications Equipment,94.0,97.0,94.0,88.0,106.9357,106.3214,20.91K,40.25K,1891.35,620.55,19.72B,No,1401.34,1224.25,1057.22,1271.94,1128.32,498
182,HSIL.BO,610.5,609.4,14.40K,Health Technology,Medical Specialties,94.0,98.0,95.0,96.0,41.1,38.4893,32.59K,70.44K,629.75,215.0,8.88B,No,504.59,421.56,343.98,430.15,369.34,497
183,ASMTEC.BO,6603.65,6759.75,21.81K,Technology Services,Information Technology Services,94.0,96.0,95.0,95.0,384.1321,368.7,32.52K,23.80K,7248.0,2099.9,96.34B,No,6586.56,5461.46,3692.8,5682.82,4086.31,497
185,ATVOENT.BO,38.28,39.0,47.52K,Consumer Non-Durables,Apparel/Footwear,94.0,31.0,81.0,90.0,1.8393,1.8171,56.92K,32.81K,45.89,12.0,4.10B,No,40.15,38.05,26.21,38.47,29.95,497
186,KKPLASTICK.BO,54.4,54.4,3.20K,Producer Manufacturing,Miscellaneous Manufacturing,94.0,77.0,97.0,91.0,0.185,0.185,0.28K,0.33K,54.4,22.61,300.75M,No,53.23,51.69,34.12,52.59,37.52,498
187,HYPERSOFT.BO,196.1,191.35,3.21K,Commercial Services,Miscellaneous Commercial Services,94.0,55.0,46.0,82.0,12.0071,8.6143,15.67K,23.18K,230.05,51.25,16.56B,No,184.17,198.56,144.38,197.35,173.56,497
190,RAPICUT.BO,269.8,281.3,12.32K,Non-Energy Minerals,Other Metals/Minerals,93.0,1.0,71.0,87.0,14.6536,14.1,13.24K,28.30K,376.8,66.66,1.45B,No,314.11,309.87,203.87,311.55,232.54,497
191,TRUEGREEN.BO,182.0,184.35,4.65K,Process Industries,Textiles,93.0,2.0,58.0,64.0,12.025,11.9036,16.86K,6.18K,255.0,56.01,6.00B,No,201.72,204.11,145.5,205.73,176.58,497
192,SIZEMASTER.BO,418.6,412.05,2.11K,Producer Manufacturing,Miscellaneous Manufacturing,93.0,97.0,76.0,66.0,28.3786,27.95,0.83K,1.17K,432.0,119.95,4.19B,No,362.58,308.17,300.2,312.72,338.37,497
194,SHAHFOOD.BO,328.7,345.95,0.41K,Consumer Non-Durables,Food: Specialty/Candy,93.0,4.0,85.0,91.0,27.2536,27.2536,1.21K,0.54K,439.0,97.55,7.66B,No,375.39,378.96,228.78,374.07,259.43,499
195,HPBL.BO,343.25,361.3,8.37K,Process Industries,Containers/Packaging,93.0,93.0,96.0,92.0,22.4893,21.2,16.40K,9.12K,405.0,140.1,3.67B,No,352.65,269.32,214.7,284.75,234.79,497
196,AANCHALISP.BO,62.21,64.47,3.48K,Producer Manufacturing,Metal Fabrication,93.0,35.0,1.0,95.0,3.885,3.7979,20.86K,4.34K,508.0,7.62,263.36M,No,65.42,68.45,49.08,67.68,58.59,500
199,AMALGAM.BO,134.5,134.5,0.01K,Commercial Services,Miscellaneous Commercial Services,93.0,42.0,91.0,97.0,0.3357,0.2393,0.63K,0.00K,147.91,38.9,373.44M,No,137.4,139.28,85.68,140.67,93.74,498
202,ASTONEALAB.BO,345.0,348.15,1.00K,Health Technology,Pharmaceuticals: Major,93.0,94.0,89.0,93.0,11.475,6.4964,3.66K,5.60K,369.0,118.0,3.63B,No,316.77,290.44,214.87,297.07,238.76,334
203,EXATO.BO,625.65,647.5,9.50K,Technology Services,Packaged Software,93.0,5.0,95.0,90.0,29.0357,26.9929,45.12K,15.80K,785.95,266.0,6.30B,No,709.73,673.93,448.13,680.8,493.87,205
207,RESONANCE.BO,197.05,190.95,23.21K,Process Industries,Chemicals: Specialty,93.0,93.0,92.0,95.0,10.6429,10.4143,19.70K,22.94K,201.3,77.0,2.27B,No,173.67,166.5,123.99,169.64,133.36,497
208,DANLAW.BO,1499.95,1537.4,3.69K,Technology Services,Packaged Software,93.0,48.0,93.0,97.0,100.475,99.175,5.64K,4.13K,1839.0,428.0,7.31B,No,1626.91,1431.42,942.93,1482.33,1043.95,497
211,JUJHARLOGI.BO,213.75,225.0,0.25K,Process Industries,Industrial Specialties,93.0,20.0,29.0,88.0,14.4571,13.6607,2.95K,1.34K,324.0,57.99,1.97B,No,216.14,246.89,190.45,239.58,212.11,497
213,CITURGIA.BO,104.45,104.45,0.06K,Process Industries,Chemicals: Specialty,93.0,42.0,28.0,1.0,0.15,0.075,0.03K,0.16K,212.0,31.64,13.80B,No,106.24,109.15,97.36,108.58,117.55,497
214,SW1.BO,186.55,190.35,1.55K,Finance,Investment Banks/Brokers,93.0,85.0,92.0,94.0,6.8286,4.9714,0.77K,0.65K,200.25,74.4,167.90M,No,172.62,163.62,118.87,164.59,125.58,500
217,INDIAHOMES.BO,26.61,26.63,568.44K,Non-Energy Minerals,Steel,93.0,64.0,79.0,89.0,1.13,1.13,913.77K,675.07K,31.89,9.04,10.59B,No,27.04,25.47,19.42,25.92,21.96,497
221,VIKRAMAR.BO,129.1,134.04,2.92K,Process Industries,Chemicals: Specialty,93.0,98.0,97.0,92.0,10.0607,8.67,4.59K,14.59K,155.11,53.11,404.83M,No,110.62,89.98,72.74,92.55,74.9,390
222,VPAL.BO,238.0,237.0,20.80K,Retail Trade,Food Retail,93.0,74.0,94.0,,13.3071,10.5393,40.52K,40.32K,260.45,116.95,3.95B,No,228.5,214.92,,218.95,,91
223,MNIL.BO,60.73,58.76,153.40K,Finance,Real Estate Development,93.0,98.0,96.0,76.0,5.5893,5.5886,19.99K,72.95K,61.0,20.01,1.56B,No,40.51,35.91,39.07,38.2,38.76,497
225,PPARIVAH.BO,302.95,298.0,25.20K,Transportation,Marine Shipping,92.0,81.0,89.0,93.0,11.8571,11.5357,22.57K,11.88K,312.0,125.0,3.44B,No,296.82,272.96,194.71,281.02,209.49,379
227,PROCLB.BO,50.2,49.0,64.32K,Commercial Services,Miscellaneous Commercial Services,92.0,98.0,97.0,82.0,2.4607,1.8686,21.94K,44.72K,51.0,23.23,256.17M,No,42.18,34.91,34.14,36.59,33.13,497
228,GARGFUR.BO,230.15,242.25,18.86K,Non-Energy Minerals,Steel,92.0,96.0,97.0,88.0,18.1643,16.3571,17.02K,24.42K,255.5,108.65,1.15B,No,193.73,159.71,139.74,169.66,142.13,497
233,YAANENT.BO,164.05,162.95,2.13K,Consumer Services,Other Consumer Services,92.0,95.0,95.0,87.0,11.55,10.6107,2.42K,2.42K,172.0,70.0,508.56M,No,135.16,123.29,105.77,128.15,109.62,497
234,RNITAI.BO,111.95,109.77,187.74K,Producer Manufacturing,Electrical Products,92.0,93.0,97.0,89.0,5.6643,4.8436,153.15K,125.58K,130.2,37.0,9.49B,No,100.32,85.99,64.53,90.6,71.69,497
237,ATHARVA.BO,126.6,121.99,68.00K,Producer Manufacturing,Miscellaneous Manufacturing,92.0,97.0,,,6.9236,6.0221,133.15K,55.00K,128.05,69.0,2.13B,No,110.71,90.99,,93.97,,62
244,MODINSU.BO,423.4,428.9,21.17K,Producer Manufacturing,Electrical Products,92.0,70.0,8.0,89.0,23.0429,22.9286,44.34K,31.10K,579.0,122.25,19.96B,No,444.2,454.21,353.32,455.7,409.17,497
247,DIKSHA.BO,205.0,205.0,1.20K,Producer Manufacturing,Miscellaneous Manufacturing,92.0,92.0,96.0,,0.7143,0.7143,8.25K,0.48K,206.0,100.05,1.07B,No,203.17,163.24,,173.6,,69
250,INDCEMCAP.BO,26.55,26.03,11.58K,Finance,Financial Conglomerates,92.0,55.0,92.0,95.0,0.7336,0.3393,57.97K,29.96K,32.43,9.14,576.30M,No,28.89,25.72,16.91,26.44,18.42,497
251,MILLWORKS.BO,1135.5,1174.5,156.80K,Producer Manufacturing,Metal Fabrication,92.0,92.0,,,67.3036,64.8928,197.76K,93.52K,1306.0,628.9,20.00B,No,1161.52,953.5,,987.1,,52
255,HIGHNESS.BO,251.95,247.05,38.40K,Electronic Technology,Semiconductors,92.0,96.0,90.0,,4.1321,0.5679,18.24K,4.68K,251.95,107.5,1.30B,No,219.56,198.24,,203.86,,127
256,GTIL.BO,129.7,136.0,56.00K,Producer Manufacturing,Metal Fabrication,92.0,86.0,97.0,92.0,7.8393,7.6714,80.28K,43.84K,149.9,43.52,1.76B,No,138.52,105.22,,108.9,79.43,179
258,IDREAM.BO,491.9,517.75,0.35K,Consumer Services,Movies/Entertainment,92.0,2.0,20.0,84.0,8.4393,1.925,0.14K,0.04K,659.0,168.05,133.09B,No,549.13,595.36,407.94,577.29,459.86,496
259,NEXUSSURGL.BO,31.49,31.27,12.12K,Distribution Services,Medical Distributors,92.0,96.0,94.0,89.0,2.1686,2.0929,9.03K,4.51K,35.79,13.26,172.31M,No,31.42,24.24,20.01,25.07,21.38,497
260,SBECSUG.BO,70.0,69.43,1.15K,Process Industries,Agricultural Commodities/Milling,92.0,82.0,63.0,94.0,3.81,3.6543,6.74K,4.54K,88.84,26.85,3.34B,No,65.44,65.94,45.98,65.73,51.55,497
261,MSAFE.BO,264.8,268.7,105.00K,Producer Manufacturing,Building Products,92.0,90.0,89.0,93.0,15.9821,15.2143,40.84K,50.60K,328.8,102.0,5.40B,No,281.03,238.82,,246.82,181.97,165
264,ASPIRA.BO,131.25,137.78,0.40K,Health Services,Medical/Nursing Services,91.0,96.0,62.0,94.0,8.835,7.14,5.14K,2.66K,144.0,49.0,1.35B,No,114.21,106.45,86.26,107.44,95.93,497
270,SURAJINDPP.BO,24.6,23.49,0.01K,Nan,Nan,91.0,91.0,88.0,57.0,1.4086,1.2921,22.87K,10.00K,24.6,6.5,1.92B,No,22.58,20.63,15.89,21.19,19.13,221
272,TECHNOCRAT.BO,409.0,421.95,50.00K,Producer Manufacturing,Industrial Machinery,91.0,97.0,,,22.9964,20.6214,294.64K,101.90K,455.0,218.5,7.16B,No,385.88,,,,,29
273,MAPROIN.BO,67.68,66.36,0.00K,Consumer Durables,Homebuilding,91.0,96.0,98.0,71.0,2.4543,1.3229,32.49K,29.99K,96.65,24.03,567.76M,No,55.28,55.77,50.51,57.53,47.43,497
277,CHEMKART.BO,241.4,244.05,18.00K,Health Technology,Pharmaceuticals: Other,91.0,95.0,93.0,96.0,9.8857,7.0107,14.46K,46.92K,250.0,87.0,2.92B,No,203.5,195.94,145.3,198.09,158.06,304
285,LTELEVATOR.BO,321.8,328.35,35.20K,Producer Manufacturing,Building Products,91.0,66.0,87.0,92.0,9.3036,5.975,45.93K,17.68K,380.4,130.0,6.84B,No,341.09,319.39,233.11,326.55,249.04,257
289,TRISHAKT.BO,251.55,250.7,16.62K,Industrial Services,Oilfield Services/Equipment,91.0,61.0,93.0,90.0,12.7893,12.7071,48.54K,18.90K,284.9,114.9,4.25B,No,243.88,238.0,172.25,238.57,184.38,497
290,JATTAINDUS.BO,594.45,597.0,0.14K,Process Industries,Textiles,91.0,88.0,92.0,68.0,52.4714,50.2536,0.27K,0.29K,664.0,201.2,2.61B,No,583.45,518.04,437.3,535.36,454.45,499
291,INOVSYNTH.BO,157.35,154.3,110.95K,Miscellaneous,Miscellaneous,91.0,86.0,83.0,93.0,1.05,0.2357,28.92K,23.27K,157.35,50.1,14.61B,No,145.59,140.81,99.22,141.68,108.56,498
292,MPCOSEMB.BO,40.19,42.3,14.99K,Technology Services,Information Technology Services,91.0,98.0,96.0,76.0,2.7064,2.3943,7.87K,18.41K,44.34,20.52,144.07M,No,33.29,27.26,25.59,28.48,25.61,499
295,AIRFLOA.BO,522.45,528.35,233.00K,Producer Manufacturing,Trucks/Construction/Farm Machinery,91.0,86.0,95.0,91.0,30.7464,29.6357,124.28K,133.50K,593.85,246.0,12.52B,No,537.68,436.2,340.06,456.77,363.01,258
304,DEVSON.BO,337.5,335.55,48.00K,Process Industries,Chemicals: Specialty,90.0,94.0,,,17.0929,16.5929,153.22K,42.84K,363.35,186.35,4.59B,No,330.5,280.12,,292.04,,55
305,CHOKSI.BO,205.05,195.55,3.77K,Health Technology,Medical Specialties,90.0,5.0,86.0,83.0,14.5357,14.5214,6.40K,1.97K,266.45,75.0,1.17B,No,221.03,229.03,163.41,229.8,179.55,497
308,ACESEPP.BO,103.22,103.22,13.09K,Technology Services,Data Processing Services,90.0,63.0,98.0,14.0,0.0,0.0,19.04K,19.04K,153.85,25.51,2.45B,No,103.22,92.93,,97.55,79.87,191
314,GALLOPENT.BO,39.99,39.4,0.02K,Finance,Real Estate Development,90.0,89.0,93.0,81.0,2.7514,2.6,0.51K,0.10K,42.0,16.36,200.41M,No,38.23,37.51,27.14,38.05,29.74,499
316,DRL.BO,34.89,35.36,0.10K,Distribution Services,Wholesale Distributors,90.0,56.0,87.0,86.0,2.4621,2.32,64.11K,15.62K,41.75,15.12,255.24M,No,37.08,33.14,24.64,33.76,26.87,497
320,SYSTEMATIC.BO,285.55,295.1,147.60K,Producer Manufacturing,Metal Fabrication,90.0,92.0,94.0,92.0,16.2714,15.2464,49.74K,50.04K,298.95,125.0,6.38B,No,272.77,240.47,195.51,246.67,206.58,249
321,MACHLTD.BO,193.65,200.75,21.60K,Commercial Services,Miscellaneous Commercial Services,90.0,91.0,93.0,84.0,11.9643,11.3321,19.41K,39.60K,213.0,90.0,4.07B,No,171.11,166.0,136.16,170.04,146.57,497
322,NORTHLINK.BO,35.0,35.71,0.00K,Commercial Services,Miscellaneous Commercial Services,90.0,65.0,92.0,91.0,0.7086,0.0486,0.17K,0.15K,49.21,14.31,183.75M,No,40.18,32.07,21.49,32.93,24.32,499
323,KINETRU.BO,51.15,52.19,0.01K,Finance,Finance/Rental/Leasing,90.0,4.0,97.0,40.0,2.0529,1.4743,1.42K,0.17K,75.82,26.2,171.86M,No,48.99,49.1,44.04,49.68,41.53,497
325,HOCL.BO,52.84,52.96,410.26K,Process Industries,Chemicals: Specialty,90.0,97.0,91.0,94.0,3.4321,3.1993,82.54K,289.96K,55.6,21.05,3.55B,No,40.78,39.01,34.43,40.27,36.1,497
327,GLEN.BO,120.0,126.0,110.40K,Process Industries,Containers/Packaging,90.0,68.0,96.0,90.0,5.6036,5.1643,53.70K,29.16K,134.0,58.0,2.89B,No,124.56,114.12,84.26,118.35,86.93,303
329,OVOBELE.BO,260.0,266.6,6.00K,Consumer Non-Durables,Food: Specialty/Candy,90.0,59.0,89.0,94.0,15.4607,15.4214,11.06K,6.87K,284.5,105.6,2.47B,No,262.27,233.32,179.0,238.55,184.32,497
330,AMIC.BO,2498.4,2389.3999,72.50K,Producer Manufacturing,Metal Fabrication,90.0,90.0,90.0,89.0,90.5571,88.9,62.24K,34.49K,2520.0,1065.0,32.47B,No,2335.06,2074.74,1650.54,2126.3,1771.75,497
333,BAIKAKAJI.BO,289.0,295.7,26.40K,Process Industries,Containers/Packaging,90.0,31.0,94.0,81.0,13.475,13.1036,69.76K,28.62K,328.9,143.1,6.19B,No,297.73,265.54,,274.22,212.67,188
334,CHANDNIMACH.BO,99.36,95.72,56.99K,Producer Manufacturing,Industrial Machinery,90.0,56.0,80.0,72.0,6.5907,6.5907,15.43K,18.62K,127.74,31.0,699.33M,No,95.79,100.73,79.64,100.94,84.47,497
336,PPEL.BO,783.35,809.65,81.20K,Producer Manufacturing,Metal Fabrication,89.0,94.0,,,45.1286,44.15,234.92K,93.20K,859.95,447.0,15.62B,No,723.29,,,,,42
339,PRABHHANS.BO,56.66,53.97,4.37K,Process Industries,Textiles,89.0,98.0,96.0,89.0,2.5857,1.3186,5.61K,8.13K,71.95,26.2,354.03M,No,41.81,39.81,35.44,41.24,34.38,497
340,SIMMOND.BO,232.0,232.9,10.90K,Producer Manufacturing,Metal Fabrication,89.0,65.0,88.0,87.0,10.4214,10.3214,14.70K,7.62K,265.0,101.4,2.60B,No,235.83,215.71,169.6,218.74,186.16,497
344,CSL.BO,21.97,21.37,160.91K,Finance,Finance/Rental/Leasing,89.0,78.0,95.0,75.0,1.4271,1.2436,210.19K,302.30K,24.85,10.86,697.61M,No,22.74,18.34,15.35,19.23,15.71,497
346,UNJHAFOR.BO,33.0,32.5,3.97K,Distribution Services,Food Distributors,89.0,92.0,96.0,81.0,1.6993,1.6914,7.60K,2.09K,36.38,17.52,147.86M,No,32.41,28.67,23.31,29.13,23.66,498
348,MITSU.BO,178.2,179.55,17.70K,Producer Manufacturing,Miscellaneous Manufacturing,89.0,61.0,82.0,92.0,7.4429,7.325,28.49K,21.57K,201.05,80.3,2.42B,No,177.55,170.76,132.85,172.61,142.97,497
351,SHREEREF.BO,394.7,395.65,129.50K,Producer Manufacturing,Industrial Machinery,89.0,48.0,70.0,93.0,21.4429,21.1393,277.22K,196.60K,438.95,161.0,14.13B,No,399.06,371.75,268.26,377.63,301.99,290
352,SHIVAM.BO,140.0,141.75,21.00K,Non-Energy Minerals,Construction Materials,89.0,96.0,88.0,48.0,7.8,6.1357,13.88K,37.35K,143.2,59.5,2.38B,No,121.38,107.17,99.97,109.92,110.03,498
353,SRDAPRT.BO,136.86,150.13,13.76K,Process Industries,Agricultural Commodities/Milling,89.0,97.0,93.0,85.0,7.5664,3.3114,10.18K,26.73K,174.65,59.95,1.23B,No,123.12,108.76,88.8,114.12,96.57,497
354,SCAGRO.BO,36.69,34.95,51.63K,Consumer Non-Durables,Food: Meat/Fish/Dairy,89.0,96.0,95.0,41.0,1.6293,1.1079,13.16K,5.39K,43.8,14.82,2.79B,No,28.23,30.31,29.36,30.56,28.09,497
355,COVANCE.BO,156.4,161.6,1.29K,Technology Services,Information Technology Services,89.0,79.0,15.0,14.0,9.3464,9.2036,8.29K,2.82K,270.0,48.13,3.46B,No,152.27,185.91,168.85,176.59,180.14,397
356,UNITEDTE.BO,23.9,23.9,6.28K,Process Industries,Textiles,89.0,92.0,95.0,79.0,0.1579,0.0,0.93K,0.72K,23.9,13.3,71.70M,No,22.53,19.71,17.19,20.24,17.14,498
362,CAMEXLTD.BO,57.1,57.75,3.46K,Process Industries,Textiles,89.0,96.0,88.0,90.0,3.97,3.9243,13.50K,8.62K,59.59,26.37,582.92M,No,50.42,44.28,37.01,45.13,39.4,497
364,INFINITY.BO,546.9,547.95,0.80K,Technology Services,Packaged Software,89.0,73.0,92.0,78.0,9.1393,6.7679,3.85K,1.76K,559.0,294.0,2.98B,No,538.71,469.94,402.52,479.44,408.58,246
366,CFF.BO,1058.9,1091.75,44.24K,Industrial Services,Engineering & Construction,89.0,74.0,82.0,89.0,64.8643,62.375,40.29K,48.41K,1148.0,445.0,22.21B,No,1043.84,1015.58,754.31,1018.65,840.82,497
368,SERA.BO,58.64,56.66,216.52K,Non-Energy Minerals,Other Metals/Minerals,89.0,84.0,92.0,84.0,3.1043,3.0679,106.74K,53.88K,61.9,31.31,768.10M,No,57.74,49.08,42.22,50.05,43.63,497
371,GSTL.BO,29.95,30.71,18.92K,Technology Services,Information Technology Services,89.0,2.0,83.0,86.0,2.0579,2.0486,58.92K,45.85K,40.15,13.67,1.03B,No,32.56,31.5,23.68,31.65,26.02,497
372,RDGAIL.BO,137.95,138.0,30.00K,Process Industries,Agricultural Commodities/Milling,89.0,29.0,88.0,63.0,3.8929,1.6393,7.86K,22.92K,165.0,54.5,1.22B,No,148.19,136.35,111.19,139.18,118.5,246
374,ELFIN.BO,86.92,91.7,60.00K,Process Industries,Agricultural Commodities/Milling,88.0,4.0,79.0,87.0,1.3821,1.2464,12.09K,9.90K,106.0,47.3,1.69B,No,92.99,89.67,,89.76,72.53,141
378,SWASTIKAAL.BO,108.3,114.0,14.00K,Producer Manufacturing,Metal Fabrication,88.0,2.0,90.0,84.0,5.2393,3.7143,17.38K,6.40K,144.25,39.0,884.16M,No,122.08,108.59,71.83,109.83,75.88,296
381,JAYANT.BO,103.95,99.29,219.75K,Industrial Services,Engineering & Construction,88.0,97.0,91.0,93.0,4.1771,3.4629,9.69K,21.98K,110.74,43.97,1.07B,No,76.27,73.19,67.83,73.3,66.82,497
382,TIMESGREEN.BO,78.5,77.0,4.00K,Process Industries,Agricultural Commodities/Milling,88.0,63.0,78.0,87.0,0.385,0.2779,9.52K,9.52K,83.0,37.27,437.59M,No,77.64,78.37,57.04,78.85,61.29,501
387,RGIL.BO,44.59,45.5,0.24K,Process Industries,Pulp & Paper,88.0,1.0,54.0,85.0,0.8607,0.2907,43.87K,0.36K,63.8,20.6,2.93B,No,52.12,55.34,39.27,54.46,44.29,500
391,NAPSGLOBAL.BO,65.1,67.04,8.00K,Process Industries,Textiles,88.0,87.0,96.0,87.0,3.085,2.0793,8.84K,32.00K,68.0,34.6,288.39M,No,59.18,52.05,44.26,53.17,43.78,388
392,GALAGEX.BO,88.17,92.45,0.27K,Producer Manufacturing,Metal Fabrication,88.0,24.0,87.0,91.0,6.0486,6.035,90.32K,28.30K,108.0,36.56,1.40B,No,95.47,80.35,60.01,82.9,65.37,498
396,BRRL.BO,907.0,885.5,4.00K,Consumer Durables,Homebuilding,88.0,59.0,64.0,16.0,38.3143,36.1464,4.26K,2.44K,1011.0,310.75,9.37B,No,913.83,897.42,831.19,903.07,920.77,496
397,CHMBBRW.BO,39.32,38.21,7.42K,Consumer Non-Durables,Beverages: Alcoholic,88.0,88.0,94.0,57.0,2.7164,2.7164,14.67K,9.49K,49.6,15.03,294.46M,No,36.81,39.87,29.32,40.0,33.24,497
399,ANANDPROJ.BO,39.81,37.92,0.10K,Utilities,Electric Utilities,88.0,63.0,92.0,80.0,0.0,0.0,0.00K,0.00K,39.81,24.48,37.19M,No,37.92,34.28,27.06,35.48,28.4,498
401,PALCO.BO,183.45,172.2,11.66K,Distribution Services,Wholesale Distributors,88.0,92.0,91.0,89.0,13.2857,13.1786,2.12K,2.99K,193.2,88.85,733.80M,No,164.13,152.98,135.0,156.74,140.91,497
402,KRISHNACAP.BO,48.0,48.0,0.05K,Finance,Investment Banks/Brokers,88.0,90.0,20.0,88.0,0.5114,0.1543,1.84K,0.06K,59.27,19.0,151.60M,No,50.35,46.08,41.41,46.52,47.8,497
403,NOVUS.BO,218.75,223.45,178.00K,Technology Services,Packaged Software,88.0,84.0,94.0,78.0,12.9214,12.55,79.19K,152.90K,237.75,126.95,3.40B,No,210.6,175.87,,185.61,,131
409,ABHIFIN.BO,73.5,72.6,0.10K,Finance,Investment Banks/Brokers,88.0,80.0,84.0,87.0,2.94,2.59,0.71K,0.17K,73.5,39.57,339.03M,No,68.03,61.71,51.57,63.0,55.33,499
411,VEL.BO,65.8,65.12,8.81K,Distribution Services,Wholesale Distributors,87.0,63.0,73.0,82.0,2.9471,2.8879,34.11K,41.72K,72.0,32.5,1.70B,No,64.7,64.68,52.76,65.6,56.76,497
413,JAIPAN.BO,43.13,41.08,11.99K,Consumer Durables,Electronics/Appliances,87.0,80.0,91.0,85.0,2.3229,2.1921,16.38K,4.15K,45.0,22.5,263.09M,No,38.48,37.58,30.14,38.07,31.47,497
418,BRGIL.BO,185.6,192.35,18.00K,Industrial Services,Engineering & Construction,87.0,64.0,92.0,83.0,6.2143,5.7357,58.84K,36.10K,203.0,89.06,4.42B,No,185.99,181.13,131.19,184.29,140.78,427
421,AFCOM.BO,1481.3,1510.95,60.72K,Transportation,Airlines,87.0,52.0,72.0,93.0,79.75,78.5179,96.01K,97.28K,1711.0,637.85,42.53B,No,1503.49,1493.04,1062.35,1504.36,1157.8,497
424,JASCH.BO,286.6,280.0,0.16K,Process Industries,Textiles,87.0,60.0,68.0,92.0,11.3536,11.2143,4.97K,2.79K,343.65,126.05,1.95B,No,286.05,294.02,211.05,289.19,229.67,497
425,SUPER.BO,1078.15,1134.85,0.13K,Process Industries,Textiles,87.0,18.0,88.0,89.0,40.4571,34.5393,1.25K,0.35K,1298.5,530.0,3.31B,No,1181.81,1165.96,838.33,1171.34,905.25,497
426,FUNDVISER.BO,435.2,435.2,0.25K,Finance,Real Estate Investment Trusts,87.0,72.0,75.0,45.0,17.0214,15.9357,0.76K,1.63K,484.4,179.5,3.44B,No,411.74,406.86,354.76,410.76,401.39,497
430,KOURA.BO,52.8,51.0,6.00K,Consumer Durables,Other Consumer Specialties,87.0,79.0,95.0,74.0,1.4693,0.9729,7.47K,6.60K,53.02,30.05,318.73M,No,50.5,45.76,38.76,47.11,40.12,498
433,VICTMILL.BO,8245.0,8330.0,0.03K,Process Industries,Textiles,87.0,23.0,94.0,83.0,347.4893,336.4893,0.17K,0.07K,9448.95,4501.0,812.63M,No,8422.74,7142.79,6113.28,7511.35,6139.17,497
434,RITESHIN.BO,86.35,88.01,6.17K,Process Industries,Chemicals: Specialty,87.0,89.0,88.0,79.0,4.5914,4.3743,11.85K,11.47K,93.5,45.0,809.34M,No,84.95,81.05,65.29,80.93,65.93,497
435,EMERALL.BO,290.0,290.0,0.52K,Consumer Services,Hotels/Resorts/Cruise Lines,87.0,51.0,94.0,82.0,12.05,11.775,2.57K,0.72K,325.0,151.0,4.36B,No,289.61,258.35,206.27,270.01,211.9,497
436,SOBME.BO,1312.25,1275.0,0.28K,Non-Energy Minerals,Construction Materials,87.0,61.0,93.0,80.0,76.6536,72.0679,0.96K,0.42K,1595.0,679.0,12.79B,No,1369.37,1245.95,948.33,1286.18,1008.13,497
437,BENCHMARK.BO,44.0,40.0,12.00K,Technology Services,Information Technology Services,87.0,69.0,67.0,92.0,1.2479,0.425,4.16K,1.60K,47.88,18.0,302.02M,No,42.41,38.87,31.57,39.27,33.4,499
439,BHATIA.BO,36.81,38.73,99.63K,Retail Trade,Electronics/Appliance Stores,87.0,90.0,92.0,86.0,2.98,2.9471,164.62K,375.31K,41.99,17.99,5.18B,No,35.94,30.51,25.1,31.59,26.18,497
440,GEE.BO,125.05,128.3,110.12K,Producer Manufacturing,Industrial Machinery,87.0,45.0,77.0,93.0,6.6893,6.5429,61.44K,35.48K,143.05,53.61,6.50B,No,130.22,126.87,91.04,128.58,98.04,498
441,ACCORDTS.BO,80.52,87.93,282.00K,Producer Manufacturing,Electrical Products,87.0,94.0,92.0,74.0,5.9014,5.3493,109.50K,241.20K,96.99,45.0,1.66B,No,71.05,65.42,,67.47,61.31,147
448,UML.BO,85.22,89.7,30.00K,Retail Trade,Electronics/Appliance Stores,86.0,97.0,95.0,89.0,6.1986,5.7329,44.88K,147.60K,121.0,41.75,1.21B,No,69.21,61.58,58.22,63.89,55.82,289
449,SUSAN.BO,309.95,299.4,132.00K,Producer Manufacturing,Electrical Products,86.0,73.0,87.0,,15.3393,14.9286,219.89K,119.80K,366.55,180.6,6.30B,No,311.33,285.87,,297.62,,75
450,EFORU.BO,107.0,103.47,1.00K,Distribution Services,Wholesale Distributors,86.0,91.0,90.0,64.0,0.965,0.6214,5.43K,0.31K,109.0,43.82,805.44M,No,100.26,97.22,86.67,98.65,92.01,496
451,TANFACIND.BO,3259.05,3263.75,8.39K,Process Industries,Chemicals: Specialty,86.0,75.0,89.0,85.0,147.4143,147.4143,26.24K,13.42K,3648.0,1632.6,70.50B,No,3392.89,3226.08,2435.16,3291.62,2586.58,499
452,APIL.BO,55.02,55.02,2.36K,Consumer Durables,Electronics/Appliances,86.0,77.0,77.0,64.0,0.1871,0.1871,0.11K,0.24K,55.02,23.64,181.94M,No,53.84,52.33,43.45,52.69,48.08,497
458,RAMAVISION.BO,172.55,173.9,2.36K,Distribution Services,Medical Distributors,86.0,74.0,86.0,75.0,12.4036,12.0464,4.01K,3.66K,190.85,96.75,1.80B,No,172.6,159.55,144.46,165.44,150.94,497
461,JUMBO.BO,92.6,93.0,10.94K,Process Industries,Containers/Packaging,86.0,76.0,95.0,87.0,3.9279,3.8421,10.51K,3.44K,105.0,49.06,775.40M,No,89.78,87.46,67.82,89.78,69.83,497
465,REGENCY.BO,50.07,50.86,218.96K,Finance,Investment Banks/Brokers,86.0,79.0,85.0,91.0,2.8207,2.8071,142.44K,200.03K,53.29,22.71,4.01B,No,46.58,45.62,35.84,45.82,37.52,497
470,MODAIRY.BO,53.96,51.52,115.00K,Consumer Non-Durables,Food: Meat/Fish/Dairy,86.0,98.0,93.0,82.0,4.3879,4.01,38.95K,57.51K,54.48,26.56,1.72B,No,44.28,37.27,35.84,39.02,36.27,497
471,MIDEASTP.BO,33.95,33.99,0.28K,Finance,Investment Banks/Brokers,86.0,58.0,59.0,88.0,3.4064,3.1857,6.66K,5.01K,46.11,13.85,170.77M,No,34.84,35.67,26.62,35.09,30.14,497
472,CHOKSILA.BO,181.2,183.9,1.65K,Commercial Services,Miscellaneous Commercial Services,86.0,92.0,93.0,85.0,12.5357,11.7179,11.73K,7.37K,216.95,81.85,1.26B,No,185.9,151.28,122.88,156.74,126.46,497
478,SATANIBRG.BO,292.75,292.85,0.09K,Producer Manufacturing,Metal Fabrication,86.0,75.0,71.0,29.0,0.6071,0.4357,0.14K,0.01K,310.25,104.0,5.86B,No,287.94,282.11,278.92,283.35,281.82,498
479,GALXBRG.BO,968.0,949.4,1.26K,Producer Manufacturing,Metal Fabrication,86.0,85.0,63.0,93.0,41.6964,40.7964,2.18K,1.23K,1096.4,412.2,3.08B,No,915.04,896.11,637.44,895.81,690.45,497
482,INTSTOIL.BO,51.5,50.1,0.41K,Transportation,Trucking,86.0,15.0,88.0,87.0,3.2936,3.2936,7.76K,1.44K,67.95,28.0,257.10M,No,52.32,46.49,37.58,47.96,39.89,497
485,IYKOTHITE.BO,23.26,23.26,3.37K,Producer Manufacturing,Miscellaneous Manufacturing,85.0,77.0,77.0,64.0,0.0786,0.0,0.56K,0.70K,23.26,10.0,471.71M,No,22.77,22.13,18.11,22.28,20.22,497
487,WEPSOLN.BO,33.57,33.11,1.39K,Electronic Technology,Computer Peripherals,85.0,16.0,90.0,85.0,2.1421,2.0107,51.67K,13.11K,39.58,17.65,1.24B,No,34.91,32.65,25.66,33.33,27.44,497
489,BRPL.BO,168.45,171.05,10.21K,Producer Manufacturing,Building Products,85.0,86.0,90.0,71.0,9.5607,9.275,17.40K,15.83K,174.0,98.1,2.22B,No,157.0,143.36,123.38,147.49,129.54,497
491,CHORDIA.BO,101.5,100.49,0.01K,Consumer Non-Durables,Food: Major Diversified,85.0,96.0,93.0,78.0,4.97,4.3671,3.07K,0.54K,117.11,63.67,408.87M,No,99.52,82.74,74.49,85.66,75.43,496
493,JSTL.BO,84.71,85.18,64.98K,Health Services,Medical/Nursing Services,85.0,90.0,69.0,64.0,4.7864,4.7864,20.10K,24.69K,93.9,35.0,1.69B,No,79.59,77.24,73.34,78.07,76.6,497
497,QLL.BO,579.0,590.0,15.60K,Commercial Services,Miscellaneous Commercial Services,85.0,95.0,84.0,88.0,38.5786,34.5857,14.89K,29.72K,650.0,258.55,5.78B,No,558.36,490.73,404.14,497.63,424.38,498
500,GROVY.BO,64.0,64.0,0.63K,Finance,Real Estate Development,85.0,50.0,85.0,88.0,3.6393,3.46,4.36K,1.45K,78.6,32.0,1.12B,No,63.65,60.91,48.01,60.89,49.39,497
501,FABCLEAN.BO,494.0,504.6,10.00K,Producer Manufacturing,Building Products,85.0,93.0,79.0,94.0,30.3571,29.0571,12.08K,19.76K,575.0,203.25,6.09B,No,484.22,430.64,342.61,436.7,361.13,428
503,AERPACE.BO,38.45,39.23,93.32K,Distribution Services,Wholesale Distributors,85.0,22.0,82.0,81.0,0.7336,0.2336,492.27K,357.87K,42.44,16.7,5.92B,No,37.67,35.81,28.48,35.91,29.23,497
505,SUNITATOOL.BO,1107.05,1158.0,14.12K,Producer Manufacturing,Industrial Machinery,85.0,76.0,93.0,57.0,53.4393,48.7286,13.25K,19.74K,1222.0,553.0,6.95B,No,1067.97,1028.12,849.52,1027.12,900.34,497
507,PATELCHEM.BO,120.55,114.85,116.80K,Process Industries,Chemicals: Major Diversified,85.0,88.0,84.0,89.0,5.4679,4.9679,29.18K,36.32K,120.55,56.1,3.00B,No,108.46,100.58,86.17,102.49,90.04,290
514,ANL.BO,305.0,292.0,139.00K,Health Technology,Biotechnology,85.0,86.0,80.0,78.0,8.6429,3.2143,8.11K,21.80K,313.0,150.1,2.21B,No,282.76,285.35,,286.01,256.5,165
517,SRGFFL.BO,32.55,33.8,3.00K,Finance,Finance/Rental/Leasing,85.0,82.0,94.0,77.0,0.215,0.0,3.05K,3.00K,38.9,17.3,174.97M,No,33.51,29.5,26.16,30.3,25.38,497
520,PANIDPR.BO,87.4,92.0,0.10K,Distribution Services,Electronics Distributors,85.0,43.0,73.0,89.0,0.4,0.0714,0.08K,0.01K,96.4,35.24,122.36M,No,92.17,89.01,71.61,89.23,78.16,458
521,JAINEX.BO,180.3,188.55,0.09K,Consumer Durables,Tools & Hardware,84.0,92.0,93.0,88.0,13.3071,13.2429,2.15K,5.17K,218.9,95.55,404.68M,No,173.82,148.42,127.22,152.19,129.81,497
523,BGWTATO.BO,719.95,739.55,1.90K,Non-Energy Minerals,Steel,84.0,86.0,91.0,79.0,42.2643,42.0607,2.75K,1.85K,784.0,456.25,2.07B,No,694.51,683.56,575.42,685.67,588.05,497
524,SRMENERGY.BO,26.2,24.99,10.49K,Utilities,Electric Utilities,84.0,65.0,49.0,79.0,1.9443,1.705,15.28K,11.45K,33.11,13.45,237.37M,No,27.68,24.96,20.23,25.15,21.62,498
525,DLTNCBL.BO,690.65,711.25,4.43K,Producer Manufacturing,Electrical Products,84.0,89.0,95.0,91.0,41.8429,37.9821,13.55K,7.17K,780.0,336.0,5.97B,No,665.37,576.88,498.39,608.46,482.29,497
528,OSCARGLO.BO,22.68,22.68,0.75K,Process Industries,Textiles,84.0,77.0,77.0,64.0,0.0771,0.0021,0.73K,0.11K,22.68,11.51,74.84M,No,22.19,21.57,18.74,21.72,19.68,498
532,HBEL.BO,28.5,28.5,1.25K,Commercial Services,Miscellaneous Commercial Services,84.0,92.0,95.0,88.0,0.1964,0.0214,3.54K,0.12K,44.94,12.8,174.70M,No,27.72,21.88,19.69,23.51,19.36,496
534,COLINZ.BO,73.5,76.69,2.71K,Health Technology,Pharmaceuticals: Major,84.0,68.0,47.0,82.0,4.2557,4.0307,3.48K,1.33K,87.91,36.11,185.15M,No,73.94,76.48,59.94,75.95,62.4,497
537,RAAJMEDI.BO,98.46,95.1,0.67K,Health Technology,Medical Specialties,84.0,60.0,89.0,70.0,1.5721,1.3729,1.66K,0.35K,104.45,64.08,1.62B,No,98.33,85.42,82.11,87.58,81.63,499
552,ECOFINITY.BO,69.82,71.31,7.24K,Distribution Services,Wholesale Distributors,84.0,55.0,91.0,65.0,2.8593,2.8464,17.34K,6.54K,73.49,34.51,486.15M,No,70.09,69.13,54.97,69.74,58.02,497
553,ZKHANDEN.BO,184.15,184.15,0.00K,Process Industries,Agricultural Commodities/Milling,84.0,56.0,48.0,79.0,0.8214,0.0,0.23K,0.23K,200.0,67.01,156.55M,No,189.59,164.37,155.84,167.19,169.95,497
555,RACHIT.BO,185.0,192.0,11.00K,Consumer Non-Durables,Apparel/Footwear,84.0,58.0,36.0,88.0,9.0214,6.2571,4.33K,8.40K,222.1,91.1,913.36M,No,188.41,191.98,163.69,188.34,177.62,267
559,AMS.BO,48.0,48.45,0.47K,Producer Manufacturing,Auto Parts: Oem,84.0,30.0,67.0,24.0,1.1757,0.7107,0.42K,0.44K,81.46,25.77,158.52M,No,50.14,60.62,48.05,59.95,56.99,498
561,ACEALPHA.BO,144.0,144.0,5.00K,Technology Services,Packaged Software,83.0,80.0,84.0,81.0,2.9607,1.6607,10.87K,12.40K,151.0,80.05,2.53B,No,140.22,137.04,111.88,138.72,120.36,312
562,GSBFIN.BO,45.9,46.87,1.02K,Finance,Investment Banks/Brokers,83.0,64.0,92.0,70.0,3.0786,2.7964,6.96K,1.17K,58.45,29.5,275.40M,No,49.99,46.71,38.23,46.75,39.84,497
565,AASHKA.BO,105.5,106.0,4.00K,Health Services,Hospital/Nursing Management,83.0,93.0,87.0,86.0,5.8471,4.8193,5.03K,14.00K,106.0,59.0,2.47B,No,86.9,79.31,76.89,81.1,76.22,498
568,APOLLOFI.BO,515.0,504.35,0.88K,Finance,Finance/Rental/Leasing,83.0,95.0,93.0,77.0,29.6321,24.5643,1.27K,0.93K,602.0,299.0,1.92B,No,481.18,407.33,378.09,428.01,375.39,497
569,NCML.BO,120.0,127.5,11.20K,Non-Energy Minerals,Steel,83.0,93.0,89.0,80.0,5.3271,3.705,18.10K,7.20K,148.7,71.05,2.99B,No,126.69,101.76,92.53,106.12,93.83,260
571,TIRTPLS.BO,29.36,28.16,15.93K,Process Industries,Containers/Packaging,83.0,83.0,56.0,48.0,1.8021,1.74,6.03K,14.16K,37.3,12.3,130.67M,No,26.06,26.71,26.12,26.69,27.16,497
572,TLL.BO,376.35,366.05,41.40K,Health Technology,Pharmaceuticals: Major,83.0,96.0,91.0,70.0,28.4214,26.4607,46.44K,91.38K,421.0,229.95,4.49B,No,338.38,295.85,273.59,302.9,270.23,497
575,ESSEX.BO,42.5,45.0,4.00K,Consumer Non-Durables,Food: Meat/Fish/Dairy,83.0,5.0,60.0,91.0,2.1329,1.745,45.75K,12.00K,54.75,18.25,648.64M,No,50.07,44.95,36.13,45.31,40.9,284
577,DACHEPALLI.BO,100.58,97.05,14.40K,Consumer Services,Publishing: Books/Magazines,83.0,94.0,82.0,91.0,5.0393,4.1207,22.41K,21.96K,105.0,48.1,1.51B,No,93.66,85.64,,87.11,77.7,189
579,ANSINDUS.BO,20.0,20.4,2.09K,Consumer Non-Durables,Food: Major Diversified,83.0,0.0,95.0,42.0,1.6257,0.915,1.04K,2.73K,36.61,9.4,185.11M,No,26.41,20.18,17.15,21.03,17.23,499
582,MACIND.BO,386.9,380.0,0.14K,Process Industries,Chemicals: Agricultural,83.0,89.0,85.0,68.0,17.4036,12.0714,0.13K,0.05K,449.4,221.2,286.64M,No,390.42,359.05,321.43,362.06,339.6,498
588,CALLISTA.BO,138.35,137.95,0.37K,Consumer Durables,Home Furnishings,83.0,38.0,5.0,2.0,7.8607,6.9821,7.98K,9.87K,225.95,47.09,1.34B,No,139.9,156.01,161.28,152.79,169.83,495
589,AMKAY.BO,72.4,72.0,18.00K,Health Technology,Medical Specialties,83.0,96.0,90.0,70.0,6.0236,4.6007,7.01K,14.80K,81.99,39.22,626.67M,No,57.87,52.23,57.74,53.37,54.71,498
591,TITANBIO.BO,391.5,393.75,16.91K,Health Technology,Biotechnology,83.0,61.0,60.0,9.0,18.2643,18.25,23.36K,17.23K,555.65,171.4,16.18B,No,408.91,405.17,365.75,409.3,427.94,499
592,GSLSEC.BO,61.6,58.67,18.10K,Finance,Financial Conglomerates,83.0,98.0,84.0,83.0,2.0257,0.2836,0.59K,1.38K,61.6,33.21,263.35M,No,43.18,40.43,47.26,41.6,44.7,498
593,NOVATEOR.BO,37.5,37.5,3.00K,Health Technology,Medical Specialties,83.0,88.0,75.0,57.0,0.1714,0.0,0.19K,0.30K,37.5,20.08,226.96M,No,34.87,33.63,31.39,33.9,32.71,496
595,CTL.BO,27.51,28.39,12.42K,Finance,Finance/Rental/Leasing,83.0,67.0,86.0,88.0,1.7086,1.6693,297.57K,42.66K,32.24,14.3,3.54B,No,28.79,28.41,21.69,28.68,21.47,498
596,UNIFIED.BO,496.9,526.95,135.60K,Technology Services,Information Technology Services,83.0,95.0,87.0,80.0,29.4,28.2357,55.71K,212.16K,535.0,284.0,9.98B,No,427.6,392.8,373.75,401.75,379.73,336
597,MTL.BO,133.05,131.4,66.00K,Retail Trade,Electronics/Appliance Stores,82.0,91.0,94.0,,7.15,6.0571,24.51K,63.48K,139.9,76.0,1.39B,No,110.68,100.77,,103.65,,114
598,GOLKUNDIA.BO,306.85,317.45,2.94K,Consumer Durables,Other Consumer Specialties,82.0,58.0,79.0,49.0,18.1786,17.425,6.52K,1.60K,355.6,156.0,2.14B,No,322.44,302.08,261.08,305.77,276.06,497
599,HRS.BO,262.0,262.0,8.40K,Non-Energy Minerals,Aluminum,82.0,77.0,64.0,22.0,5.5286,3.65,25.23K,25.92K,292.6,126.0,5.05B,No,256.26,252.54,,253.94,247.37,196
601,KVSCASTING.BO,84.97,83.0,20.00K,Non-Energy Minerals,Steel,82.0,39.0,87.0,83.0,4.3129,3.6993,71.38K,28.80K,96.0,48.01,1.59B,No,86.24,79.7,63.55,82.58,66.88,247
602,PAJSON.BO,214.0,212.0,5.40K,Consumer Non-Durables,Food: Specialty/Candy,82.0,52.0,82.0,72.0,6.4786,4.9429,9.49K,11.94K,255.0,120.05,5.10B,No,213.78,201.44,,204.6,190.63,196
604,ACCELERATE.BO,137.0,137.0,1.28K,Commercial Services,Miscellaneous Commercial Services,82.0,96.0,89.0,4.0,1.9321,0.4029,0.52K,0.19K,198.95,67.0,471.02M,No,123.06,109.32,126.95,113.87,130.55,495
605,SHRIDINE.BO,368.0,372.2,0.06K,Process Industries,Textiles,82.0,62.0,69.0,84.0,11.7143,10.5107,1.60K,1.04K,403.7,206.35,2.06B,No,366.34,364.64,300.73,367.88,326.33,497
606,PCCOSMA.BO,474.2,477.35,0.22K,Consumer Non-Durables,Household/Personal Care,82.0,87.0,94.0,80.0,25.1964,24.0321,2.36K,1.22K,540.0,285.55,1.25B,No,487.35,429.99,359.18,445.43,363.52,497
607,REMIEDEL.BO,210.15,226.6,5.16K,Non-Energy Minerals,Steel,82.0,24.0,81.0,78.0,18.0821,17.7357,5.30K,4.14K,272.5,118.4,2.83B,No,248.1,227.86,172.77,230.99,188.83,497
608,FOSECOC.BO,1954.8,1984.0,4.36K,Producer Manufacturing,Miscellaneous Manufacturing,82.0,78.0,90.0,83.0,97.0036,97.0036,4.52K,3.78K,2115.0,1155.0,10.95B,No,1932.44,1693.58,1447.07,1746.86,1455.8,497
611,CJGEL.BO,24.65,25.9,0.88K,Consumer Non-Durables,Food: Specialty/Candy,82.0,42.0,70.0,72.0,1.7657,1.725,1.69K,0.51K,29.0,13.91,118.65M,No,26.73,23.3,19.64,23.76,20.64,497
612,ANG.BO,40.18,41.0,4.20K,Health Technology,Pharmaceuticals: Major,82.0,93.0,80.0,92.0,0.6521,0.5993,5.93K,5.44K,49.69,17.63,524.68M,No,37.5,34.0,29.31,34.36,30.63,497
623,SANCF.BO,49.3,49.3,0.00K,Finance,Investment Banks/Brokers,82.0,32.0,24.0,73.0,0.0036,0.0,0.00K,0.00K,64.95,24.0,155.29M,No,49.79,53.72,47.02,52.94,50.69,496
626,SIMPLEXCAS.BO,129.2,133.95,230.73K,Producer Manufacturing,Metal Fabrication,82.0,95.0,82.0,61.0,11.0643,10.8071,305.18K,346.71K,146.5,77.78,5.30B,No,120.55,111.21,100.24,114.87,103.73,500
630,HIPOLIN.BO,84.16,87.5,0.12K,Consumer Non-Durables,Household/Personal Care,82.0,59.0,81.0,87.0,5.06,4.3957,6.30K,1.51K,118.8,44.83,263.53M,No,81.47,94.59,75.36,91.74,81.11,497
631,SRMCL.BO,62.02,62.11,3.47K,Finance,Real Estate Development,82.0,82.0,78.0,86.0,3.9636,3.9479,5.91K,9.49K,67.8,32.6,441.48M,No,60.23,57.55,48.23,57.72,50.82,497
632,RAPID.BO,145.0,140.5,0.80K,Transportation,Air Freight/Couriers,82.0,62.0,72.0,30.0,1.2179,0.0071,0.49K,0.56K,147.0,62.0,552.62M,No,135.48,135.08,130.54,135.45,135.87,496
633,SPENTA.BO,135.8,133.15,0.00K,Consumer Non-Durables,Apparel/Footwear,82.0,78.0,85.0,76.0,3.5607,2.4071,1.35K,0.56K,169.7,71.1,375.40M,No,139.21,131.69,104.85,130.65,111.35,497
639,RAJSEC.BO,59.2,58.99,1.12K,Utilities,Gas Distributors,81.0,75.0,76.0,61.0,0.205,0.1857,190.54K,16.11K,66.99,29.0,4.55B,No,58.06,56.31,46.68,56.76,50.51,497
640,SMRUTHIORG.BO,154.6,158.5,10.29K,Health Technology,Pharmaceuticals: Major,81.0,87.0,89.0,80.0,10.4964,10.3321,9.22K,7.80K,175.3,95.0,1.77B,No,158.42,137.94,121.7,141.15,124.23,497
644,HRMNYCP.BO,107.8,107.8,0.10K,Finance,Financial Conglomerates,81.0,76.0,77.0,64.0,0.3643,0.0,0.32K,0.01K,107.8,66.26,1.31B,No,105.51,102.57,89.04,103.27,93.54,498
646,ARMAN.BO,134.15,134.15,31.43K,Process Industries,Textiles,81.0,88.0,83.0,57.0,6.2036,6.2036,21.85K,24.05K,135.0,80.85,698.99M,No,123.27,118.74,109.38,121.28,112.77,497
652,CAPRIHANS.BO,111.35,111.35,0.10K,Process Industries,Containers/Packaging,81.0,70.0,91.0,91.0,2.075,1.2071,9.28K,1.24K,138.85,50.3,1.96B,No,117.75,105.73,84.68,107.91,85.15,497
654,PURPLEFIN.BO,68.18,71.0,46.15K,Finance,Finance/Rental/Leasing,81.0,41.0,70.0,64.0,2.8821,2.8821,87.24K,41.15K,78.5,34.0,5.26B,No,71.9,72.53,64.2,72.63,66.83,497
658,SWATIPRO.BO,40.41,38.5,27.27K,Finance,Financial Conglomerates,81.0,11.0,85.0,81.0,2.83,2.8093,49.30K,22.74K,73.23,24.6,408.14M,No,39.14,42.42,34.47,43.59,36.26,497
662,CITIPOR.BO,38.85,37.0,0.00K,Finance,Finance/Rental/Leasing,81.0,3.0,53.0,22.0,0.8771,0.2664,0.07K,0.02K,52.94,18.25,120.43M,No,42.55,43.61,39.01,44.16,40.85,497
664,CARNATIN.BO,103.17,103.17,0.22K,Producer Manufacturing,Metal Fabrication,81.0,77.0,77.0,65.0,0.3507,0.2979,0.24K,0.02K,103.17,21.07,356.68M,No,100.96,98.13,85.27,98.8,90.58,498
665,EMAINDIA.BO,589.55,578.0,0.08K,Producer Manufacturing,Industrial Machinery,81.0,4.0,4.0,68.0,13.0179,5.9,0.97K,0.55K,876.75,257.1,592.50M,No,622.44,657.18,588.59,645.1,643.58,498
666,ADCINDIA.BO,2241.45,2324.6001,1.88K,Electronic Technology,Telecommunications Equipment,81.0,30.0,53.0,88.0,88.475,81.6321,1.36K,1.16K,2678.35,1150.25,10.31B,No,2334.87,2317.05,1876.18,2325.7,2077.2,497
667,RALEGRA.BO,58.99,59.25,0.10K,Non-Energy Minerals,Construction Materials,81.0,89.0,74.0,79.0,2.3543,2.1221,1.08K,1.03K,75.99,32.7,624.47M,No,57.85,58.53,49.28,58.17,51.29,497
671,DHAMPURE.BO,144.45,144.7,4.79K,Process Industries,Agricultural Commodities/Milling,80.0,66.0,75.0,67.0,9.4286,9.425,10.55K,13.04K,167.0,82.0,1.26B,No,138.94,138.89,119.38,139.9,126.29,497
674,PHRMASI.BO,92.4,88.0,0.37K,Health Technology,Pharmaceuticals: Major,80.0,53.0,43.0,56.0,2.6286,2.4857,0.68K,0.26K,131.75,30.01,630.81M,No,88.03,85.83,94.45,85.14,89.67,497
678,ALCHCORP.BO,36.97,36.97,0.06K,Distribution Services,Wholesale Distributors,80.0,77.0,77.0,64.0,0.1257,0.1257,0.22K,0.04K,36.97,23.86,181.68M,No,36.18,35.16,30.53,35.4,32.07,498
680,TNSTLTU.BO,30.0,30.0,0.40K,Non-Energy Minerals,Steel,80.0,80.0,89.0,76.0,0.8321,0.2721,0.12K,0.08K,45.71,17.81,153.74M,No,30.48,28.29,28.21,29.11,24.19,497
681,SHAMROIN.BO,27.25,27.25,1.52K,Health Technology,Pharmaceuticals: Major,80.0,77.0,77.0,64.0,0.0921,0.0,3.73K,0.20K,27.25,17.6,147.92M,No,26.67,25.92,22.51,26.1,23.65,498
682,RIYAASAT.BO,101.0,100.65,24.00K,Consumer Non-Durables,Apparel/Footwear,80.0,98.0,,,5.6771,3.05,8.46K,11.52K,110.7,53.0,1.09B,No,71.18,65.17,,68.07,,67
684,APMIN.BO,57.49,58.64,1.16K,Process Industries,Textiles,80.0,66.0,76.0,73.0,1.8871,1.8871,7.61K,6.00K,61.0,35.52,1.24B,No,58.17,55.46,45.65,56.37,48.46,497
689,ARCHITORG.BO,61.82,63.49,11.22K,Process Industries,Chemicals: Specialty,80.0,49.0,69.0,84.0,3.1771,3.1629,24.48K,25.66K,71.99,34.0,1.27B,No,65.1,62.77,50.68,63.25,54.21,497
691,VEGA.BO,65.04,65.04,0.24K,Distribution Services,Wholesale Distributors,80.0,77.0,64.0,36.0,0.2207,0.0,1.00K,0.02K,65.04,38.66,3.31B,No,63.34,62.51,59.88,62.88,62.39,498
696,BETXIND.BO,500.0,494.8,0.06K,Process Industries,Textiles,80.0,81.0,71.0,66.0,16.0429,13.625,0.15K,0.01K,648.0,220.05,750.00M,No,496.48,489.92,408.5,488.24,448.68,497
699,RELIABVEN.BO,29.85,30.0,0.21K,Consumer Services,Hotels/Resorts/Cruise Lines,80.0,90.0,76.0,77.0,1.35,1.1057,5.74K,14.14K,37.05,16.63,328.74M,No,27.1,26.3,23.38,26.59,24.45,497
703,PJL.BO,325.0,325.0,0.75K,Consumer Durables,Other Consumer Specialties,80.0,63.0,90.0,61.0,0.0,0.0,0.08K,0.08K,325.0,209.0,1.40B,No,325.0,301.39,274.13,311.44,281.61,498
705,EXPOEAPL.BO,91.4,91.02,2.43K,Producer Manufacturing,Industrial Machinery,80.0,61.0,91.0,72.0,5.1029,5.1021,30.64K,5.06K,106.0,46.4,2.37B,No,91.26,86.16,68.87,87.06,72.05,497
708,SBVCL.BO,129.0,135.75,5.40K,Producer Manufacturing,Industrial Machinery,79.0,75.0,86.0,92.0,6.1143,3.7964,6.07K,6.18K,152.25,60.3,1.05B,No,137.72,120.45,102.18,123.25,106.25,498
710,JAYATMA.BO,26.02,26.02,0.07K,Process Industries,Textiles,79.0,23.0,0.0,82.0,0.095,0.0857,0.07K,0.01K,70.18,13.33,78.06M,No,26.74,29.14,29.76,28.14,35.44,497
718,VLL.BO,54.5,55.1,0.00K,Finance,Finance/Rental/Leasing,79.0,30.0,47.0,67.0,0.4643,0.2357,0.03K,0.01K,70.3,21.03,1.41B,No,59.46,57.91,47.9,57.16,53.87,497
719,STHINPA.BO,118.0,118.15,8.83K,Process Industries,Pulp & Paper,79.0,65.0,76.0,68.0,4.95,4.8536,15.55K,5.55K,136.0,65.1,2.21B,No,117.85,113.03,98.46,113.88,101.49,497
720,DIVSHKT.BO,67.99,68.49,3.95K,Non-Energy Minerals,Construction Materials,79.0,96.0,89.0,76.0,4.905,4.5536,8.84K,2.06K,86.76,44.0,698.18M,No,69.21,57.41,52.36,59.07,52.83,497
725,MRTX.BO,432.15,441.45,249.00K,Electronic Technology,Electronic Components,79.0,96.0,65.0,,34.2286,33.7036,154.09K,186.80K,506.0,283.1,7.56B,No,383.99,355.26,,368.05,,83
729,RIDDHI.BO,710.9,735.0,1.34K,Process Industries,Pulp & Paper,79.0,44.0,49.0,84.0,27.9107,27.8607,2.90K,0.33K,861.95,405.0,5.07B,No,744.57,750.47,625.64,753.34,682.1,497
735,VALSONQ.BO,42.0,40.0,0.00K,Process Industries,Textiles,79.0,8.0,74.0,70.0,1.76,1.5564,5.48K,2.00K,47.8,23.58,321.75M,No,42.35,40.28,32.39,41.04,34.09,497
736,IFINSEC.BO,250.0,250.0,4.33K,Finance,Finance/Rental/Leasing,79.0,81.0,75.0,72.0,14.7036,13.7929,0.55K,0.28K,284.95,140.1,7.30B,No,244.09,234.58,201.34,233.71,209.43,499
737,PRABHATAM.BO,27.7,27.7,0.00K,Process Industries,Pulp & Paper,79.0,77.0,77.0,64.0,0.0936,0.0,0.02K,0.02K,27.7,18.79,6.14B,No,27.11,26.35,23.25,26.53,24.22,498
740,UNIVSTAR.BO,199.9,202.0,0.75K,Consumer Non-Durables,Food: Specialty/Candy,79.0,80.0,53.0,80.0,6.8607,6.6643,0.87K,0.92K,219.9,109.6,839.58M,No,196.21,195.47,164.06,196.76,176.86,497
741,REXNORD.BO,94.53,99.18,2.74K,Producer Manufacturing,Industrial Machinery,79.0,91.0,76.0,88.0,8.1714,7.6986,5.38K,20.32K,109.5,49.0,1.25B,No,91.36,85.48,74.72,86.83,76.53,497
744,ABHICAP.BO,144.0,138.1,0.07K,Finance,Finance/Rental/Leasing,79.0,96.0,92.0,62.0,10.6036,9.7893,1.00K,0.89K,151.0,91.0,997.14M,No,117.95,111.23,115.54,111.74,113.03,499
748,INANISEC.BO,29.2,29.2,0.85K,Finance,Investment Banks/Brokers,78.0,14.0,92.0,72.0,0.2564,0.2564,0.49K,0.17K,33.86,18.46,133.08M,No,30.01,27.49,23.81,28.5,24.04,496
749,MAGNAELQ.BO,1300.35,1389.8,2.70K,Producer Manufacturing,Metal Fabrication,78.0,65.0,74.0,74.0,88.5036,84.5964,2.58K,2.30K,1600.0,706.0,5.50B,No,1390.66,1316.31,1082.58,1340.32,1163.79,497
751,GGDPROP.BO,84.36,84.2,0.27K,Producer Manufacturing,Industrial Machinery,78.0,92.0,87.0,85.0,3.5936,3.2864,1.39K,1.24K,88.0,46.5,401.67M,No,72.6,72.24,68.27,72.33,67.63,497
752,PIPAN.BO,185.15,185.15,1.11K,Distribution Services,Wholesale Distributors,78.0,67.0,63.0,45.0,0.1286,0.0,0.02K,0.12K,185.15,99.47,3.25B,No,184.34,183.28,174.65,183.53,177.39,498
758,MARBLE.BO,166.0,169.25,2.58K,Distribution Services,Wholesale Distributors,78.0,97.0,82.0,84.0,11.5786,10.8679,82.97K,14.56K,185.0,83.9,4.32B,No,155.12,133.57,121.95,137.55,115.47,497
760,SESHACHAL.BO,60.74,67.01,12.11K,Technology Services,Information Technology Services,78.0,43.0,6.0,3.0,1.6286,1.6164,1.15K,3.18K,105.31,15.0,4.65M,No,65.95,71.5,80.32,70.78,85.9,498
764,PATELSAI.BO,367.6,379.6,7.89K,Producer Manufacturing,Industrial Machinery,78.0,94.0,56.0,90.0,26.1964,19.0464,14.73K,44.28K,437.15,180.1,2.01B,No,343.21,320.58,290.86,323.85,313.76,497
765,SHILINDORE.BO,1320.0,1320.0,0.00K,Consumer Services,Hotels/Resorts/Cruise Lines,78.0,82.0,47.0,84.0,21.0357,11.85,0.79K,0.05K,1430.0,702.05,4.02B,No,1288.94,1243.58,1026.62,1244.94,1111.75,497
768,EIGHTY.BO,43.62,48.0,45.00K,Consumer Durables,Other Consumer Specialties,78.0,91.0,63.0,79.0,0.96,0.8529,3.71K,2.40K,49.9,22.2,444.89M,No,43.85,40.76,35.46,40.12,36.88,499
769,MARIS.BO,37.5,38.0,2.19K,Process Industries,Textiles,78.0,14.0,88.0,76.0,2.2757,2.175,9.39K,3.49K,45.0,23.6,297.18M,No,38.89,35.83,30.9,36.58,31.37,497
770,INDBNK.BO,54.0,50.59,0.57K,Finance,Finance/Rental/Leasing,78.0,86.0,80.0,65.0,3.4293,3.055,1.31K,0.41K,62.4,35.6,540.00M,No,50.35,50.26,45.93,50.81,48.1,497
772,INFONATIVE.BO,36.1,36.79,6.40K,Technology Services,Internet Software/Services,78.0,81.0,91.0,64.0,0.8993,0.5464,6.65K,3.68K,42.27,23.1,427.71M,No,36.17,35.84,30.38,36.2,30.43,369
775,SHRICON.BO,209.9,205.0,0.08K,Industrial Services,Engineering & Construction,78.0,84.0,76.0,77.0,9.7607,6.6179,0.15K,0.10K,278.0,122.55,260.28M,No,187.79,189.1,197.09,191.28,195.41,498
777,FRATELLI.BO,121.95,127.1,8.79K,Distribution Services,Food Distributors,78.0,44.0,86.0,89.0,7.5857,7.2964,26.99K,11.01K,151.0,61.9,5.30B,No,130.84,117.47,97.03,120.51,97.86,497
778,COSMICCRF.BO,1269.85,1274.0,21.00K,Non-Energy Minerals,Steel,78.0,45.0,76.0,93.0,59.6428,57.5035,8.55K,6.90K,1519.95,550.0,12.07B,No,1286.78,1307.17,1089.43,1315.89,1076.14,497
779,ORGANICREC.BO,201.2,207.45,92.70K,Industrial Services,Environmental Services,78.0,93.0,87.0,67.0,11.2393,10.425,82.69K,82.89K,213.0,137.33,3.14B,No,177.76,164.47,159.67,167.52,160.6,500
789,SHREEPAC.BO,185.0,185.0,5.66K,Health Technology,Medical Specialties,77.0,95.0,92.0,91.0,15.2964,14.9214,4.47K,11.46K,283.15,90.0,693.69M,No,163.17,147.9,144.49,150.22,138.45,497
793,NAGPI.BO,167.4,188.5,23.37K,Electronic Technology,Electronic Equipment/Instruments,77.0,5.0,78.0,45.0,14.3714,13.45,6.63K,3.11K,214.9,80.16,2.19B,No,186.27,182.87,154.89,183.63,160.11,497
794,7SEASL.BO,100.08,96.11,89.35K,Technology Services,Packaged Software,77.0,79.0,88.0,67.0,7.4514,7.265,29.81K,21.54K,112.89,63.0,2.31B,No,98.93,86.56,79.65,88.58,81.14,497
795,GOODRICKE.BO,218.1,225.1,7.97K,Process Industries,Agricultural Commodities/Milling,77.0,20.0,81.0,75.0,11.6036,11.4107,11.48K,5.31K,249.95,142.05,4.71B,No,224.47,213.98,179.56,217.19,187.13,497
796,OMNITEX.BO,744.7,717.5,1.21K,Process Industries,Textiles,77.0,67.0,49.0,33.0,49.6357,48.4,0.77K,1.17K,892.0,445.4,3.13B,No,742.0,753.5,702.05,756.05,759.84,497
798,SCBL.BO,29.4,29.4,0.54K,Non-Energy Minerals,Other Metals/Minerals,77.0,60.0,1.0,2.0,0.3443,0.2407,0.34K,0.24K,64.13,9.83,31.55M,No,28.37,31.38,41.25,31.12,40.28,498
801,NCCBLUE.BO,26.0,25.0,2.00K,Consumer Non-Durables,Food: Meat/Fish/Dairy,77.0,92.0,91.0,35.0,0.4871,0.3014,0.41K,0.48K,40.25,17.1,201.50M,No,24.57,20.88,23.54,21.32,21.82,499
804,HIMTEK.BO,253.4,253.05,20.92K,Producer Manufacturing,Auto Parts: Oem,77.0,28.0,87.0,69.0,14.275,14.2536,31.63K,9.29K,299.9,177.0,2.62B,No,273.04,268.81,221.91,267.95,227.68,497
807,MAIDEN.BO,99.5,102.95,10.00K,Non-Energy Minerals,Steel,77.0,37.0,83.0,73.0,4.3464,4.1036,26.36K,16.90K,125.0,63.52,1.41B,No,103.66,104.56,89.16,105.3,89.21,497
810,RISHIROOP.BO,119.5,131.0,13.18K,Process Industries,Chemicals: Specialty,77.0,86.0,87.0,82.0,7.8179,7.4429,6.55K,10.59K,146.6,71.5,1.10B,No,124.22,112.45,98.25,115.14,99.08,497
811,EASUN.BO,55.0,55.0,0.03K,Finance,Financial Conglomerates,77.0,91.0,55.0,81.0,0.4993,0.0,0.14K,0.01K,60.63,32.8,287.61M,No,51.92,43.95,46.5,45.12,43.97,496
815,ESHAMEDIA.BO,38.19,38.96,0.00K,Commercial Services,Miscellaneous Commercial Services,77.0,13.0,92.0,83.0,1.7664,1.1279,15.28K,52.95K,65.67,20.83,298.15M,No,38.07,44.35,33.83,43.79,33.76,498
818,BMW.BO,53.12,55.77,129.15K,Non-Energy Minerals,Steel,77.0,82.0,49.0,90.0,2.5071,2.45,213.70K,122.15K,65.19,26.06,11.96B,No,52.77,51.62,46.06,51.23,49.23,497
820,UNIABEXAL.BO,4569.0,4639.2998,0.13K,Producer Manufacturing,Metal Fabrication,76.0,15.0,20.0,83.0,189.8643,181.9179,0.86K,0.60K,5750.0,2667.0,9.02B,No,4659.42,4720.4,3846.58,4690.84,4133.66,497
824,ROBU.BO,1049.65,1067.0,6.43K,Retail Trade,Electronics/Appliance Stores,76.0,46.0,43.0,60.0,54.6393,52.8071,5.54K,3.89K,1315.0,636.36,10.87B,No,1083.23,1124.14,969.74,1109.43,1044.59,499
831,DYNAVSN.BO,239.6,236.1,0.15K,Finance,Real Estate Development,76.0,60.0,82.0,81.0,8.7607,6.9786,0.66K,0.31K,260.0,145.0,920.06M,No,243.21,230.27,196.79,233.74,200.75,497
833,ASHNOOR.BO,51.06,51.74,6.17K,Process Industries,Textiles,76.0,83.0,88.0,73.0,2.1743,2.0921,3.51K,6.52K,53.5,34.5,813.50M,No,49.84,46.38,42.49,47.02,41.87,497
835,SUBAM.BO,219.75,222.5,81.60K,Process Industries,Pulp & Paper,76.0,77.0,58.0,78.0,12.4679,11.425,13.71K,34.88K,246.0,126.85,6.04B,No,211.95,215.28,201.27,214.77,207.62,493
839,MONGIPA.BO,19.5,19.92,0.21K,Finance,Investment Banks/Brokers,76.0,36.0,86.0,75.0,0.8714,0.7643,12.26K,3.27K,23.0,12.0,178.71M,No,19.87,18.16,16.41,18.55,16.59,497
841,MEEIND.BO,363.85,382.95,8.42K,Consumer Non-Durables,Apparel/Footwear,76.0,14.0,,,28.4428,28.4428,9.42K,7.80K,445.9,281.99,4.09B,No,391.33,,,386.0,,47
847,RISHDIGA.BO,43.79,43.13,6.59K,Non-Energy Minerals,Steel,76.0,92.0,87.0,66.0,2.9036,2.7007,1.62K,4.05K,46.17,28.5,240.25M,No,39.12,37.52,35.37,38.18,35.59,497
848,CRSTCHM.BO,138.85,147.5,2.44K,Health Technology,Pharmaceuticals: Other,76.0,84.0,73.0,86.0,14.5,13.9536,1.92K,4.34K,185.0,73.01,416.55M,No,148.67,136.55,117.05,138.03,124.03,497
849,GOELCONS.BO,425.0,418.0,4.40K,Industrial Services,Engineering & Construction,76.0,69.0,50.0,77.0,11.5036,10.8107,8.92K,6.96K,505.5,249.25,6.14B,No,404.14,426.68,361.46,422.43,384.77,265
850,ISTRNETWK.BO,44.64,45.31,36.00K,Commercial Services,Miscellaneous Commercial Services,76.0,6.0,31.0,48.0,3.25,3.25,32.49K,20.53K,72.15,24.82,3.26B,No,47.75,47.94,47.0,47.78,46.97,497
851,BRAWN.BO,24.6,23.57,1.90K,Health Technology,Pharmaceuticals: Major,76.0,80.0,85.0,50.0,0.7471,0.1986,0.63K,0.42K,24.74,17.71,73.81M,No,22.57,22.15,21.1,22.04,21.32,497
853,PARKERAC.BO,20.2,20.2,0.00K,Distribution Services,Wholesale Distributors,76.0,37.0,90.0,60.0,0.3257,0.1686,1.03K,0.45K,23.48,12.58,96.54M,No,20.22,18.04,16.82,18.41,16.34,497
854,OSWALEA.BO,82.57,82.57,1.75K,Finance,Finance/Rental/Leasing,76.0,77.0,72.0,58.0,0.2807,0.0,0.06K,0.17K,82.57,58.71,41.28M,No,80.02,78.97,70.96,79.43,74.78,498
856,PASUSPG.BO,37.15,35.49,0.16K,Process Industries,Textiles,76.0,80.0,89.0,72.0,0.9657,0.4621,0.27K,0.21K,40.99,25.67,346.87M,No,35.69,34.8,31.13,34.84,30.7,497
860,PRISMMEDI.BO,29.0,28.94,13.39K,Finance,Financial Conglomerates,75.0,63.0,67.0,46.0,1.8671,1.8614,5.77K,6.45K,34.49,15.51,175.84M,No,29.3,28.67,26.01,29.06,28.79,497
865,VGIL.BO,145.0,144.65,0.09K,Finance,Real Estate Development,75.0,78.0,61.0,89.0,2.2464,1.9786,3.74K,4.45K,155.0,71.81,2.47B,No,141.5,137.42,122.77,138.68,128.47,497
867,GODAVARI.BO,118.05,120.62,17.92K,Health Technology,Pharmaceuticals: Major,75.0,92.0,48.0,68.0,8.0714,7.695,7.19K,9.99K,135.25,69.7,1.29B,No,113.96,107.83,104.11,109.96,112.86,497
871,NBL.BO,150.1,157.5,1.20K,Technology Services,Packaged Software,75.0,69.0,71.0,88.0,7.2357,4.6,8.32K,5.76K,193.95,70.0,1.78B,No,144.12,139.16,115.46,140.24,114.98,498
873,TACENT.BO,51.59,51.59,4.95K,Process Industries,Textiles,75.0,77.0,64.0,58.0,0.0,0.0,0.12K,0.59K,51.59,34.95,181.20M,No,51.59,50.22,45.03,50.36,46.86,498
874,CBPL.BO,49.4,49.4,1.00K,Distribution Services,Medical Distributors,75.0,55.0,74.0,81.0,0.9529,0.3643,2.73K,2.20K,52.99,29.7,372.73M,No,48.02,45.75,40.48,47.8,40.43,497
880,FILTRON.BO,71.97,70.56,0.06K,Producer Manufacturing,Industrial Machinery,75.0,39.0,36.0,4.0,1.9093,1.7386,0.82K,0.92K,106.41,28.15,4.57B,No,73.19,73.27,87.67,74.1,83.44,499
881,AGRIBIO.BO,310.15,308.15,10.48K,Distribution Services,Wholesale Distributors,75.0,36.0,66.0,52.0,15.2679,15.1357,12.89K,7.45K,343.0,201.3,3.38B,No,318.0,320.05,280.56,319.19,300.02,497
883,PURETROP.BO,182.0,188.85,3.53K,Distribution Services,Food Distributors,75.0,87.0,79.0,28.0,12.1571,11.9393,6.86K,9.54K,200.0,107.1,1.25B,No,179.67,167.68,167.92,169.28,166.78,497
884,SOVERDIA.BO,28.0,27.22,1.60K,Consumer Durables,Other Consumer Specialties,75.0,87.0,80.0,72.0,2.4486,2.3986,4.99K,2.42K,39.5,18.21,162.06M,No,28.32,26.7,23.68,27.23,23.6,497
886,SAENTER.BO,51.28,51.4,0.00K,Distribution Services,Wholesale Distributors,75.0,63.0,78.0,79.0,0.0,0.0,0.05K,0.05K,56.53,31.8,205.12M,No,51.4,47.24,44.36,48.27,45.08,497
887,JJFINCOR.BO,51.0,51.0,0.01K,Finance,Finance/Rental/Leasing,75.0,85.0,74.0,9.0,1.0157,0.6521,0.27K,0.14K,78.7,31.0,143.82M,No,46.36,49.72,48.76,48.91,49.67,497
888,RASRESOR.BO,54.76,53.6,0.10K,Consumer Services,Hotels/Resorts/Cruise Lines,75.0,48.0,51.0,75.0,3.5293,2.7171,0.72K,0.23K,64.9,33.34,217.38M,No,55.6,55.33,48.09,54.81,50.8,497
890,ASIAPAK.BO,57.0,57.0,0.16K,Commercial Services,Miscellaneous Commercial Services,75.0,73.0,83.0,75.0,0.7786,0.4886,0.03K,0.02K,61.5,36.72,150.33M,No,56.44,55.32,50.63,55.6,51.56,496
893,APL.BO,97.4,97.5,3.00K,Distribution Services,Medical Distributors,75.0,8.0,88.0,65.0,3.6857,3.2679,34.65K,10.50K,126.1,60.0,1.06B,No,104.76,91.76,82.22,95.17,82.42,302
895,SOTEFIN.BO,258.95,265.1,38.40K,Producer Manufacturing,Industrial Machinery,74.0,73.0,,,13.7643,13.4107,117.24K,34.62K,314.0,197.1,4.70B,No,272.87,247.34,,251.67,,50
896,OCTAWARE.BO,59.37,59.37,1.60K,Technology Services,Information Technology Services,74.0,83.0,39.0,14.0,0.0,0.0,0.15K,0.15K,98.53,25.46,213.17M,No,59.1,60.16,66.39,60.26,62.43,498
897,SUDARSHAN.BO,37.24,37.3,20.00K,Health Technology,Pharmaceuticals: Major,74.0,49.0,46.0,77.0,1.405,1.3914,520.88K,145.60K,42.79,18.5,9.48B,No,39.34,38.25,31.72,38.05,34.54,497
900,SNL.BO,441.85,456.6,1.30K,Producer Manufacturing,Auto Parts: Oem,74.0,88.0,79.0,74.0,22.3321,20.925,2.53K,4.84K,478.75,299.7,1.60B,No,436.49,406.82,375.66,416.1,379.06,497
901,INLANPR.BO,66.43,66.88,3.65K,Commercial Services,Commercial Printing/Forms,74.0,7.0,87.0,67.0,3.8943,3.6221,0.40K,0.35K,112.0,22.01,328.41M,No,76.93,73.25,54.35,72.95,58.78,499
903,INCON.BO,21.01,22.01,1.06K,Producer Manufacturing,Industrial Machinery,74.0,2.0,7.0,78.0,0.8993,0.4986,3.31K,0.25K,37.04,11.06,90.91M,No,25.47,27.03,18.98,26.26,21.0,497
907,ACESOFT.BO,192.05,200.25,30.23K,Technology Services,Data Processing Services,74.0,60.0,95.0,51.0,10.5286,9.55,60.85K,50.17K,378.8,106.0,4.55B,No,202.59,183.49,172.12,188.87,157.17,497
908,CHATHA.BO,102.15,105.0,9.00K,Consumer Non-Durables,Food: Meat/Fish/Dairy,74.0,38.0,75.0,83.0,4.8643,2.975,27.23K,8.20K,127.99,60.0,2.46B,No,106.42,105.81,86.04,105.82,89.24,497
911,GKL.BO,37.64,37.5,19.29K,Consumer Durables,Other Consumer Specialties,74.0,93.0,69.0,30.0,2.3707,2.3707,47.20K,39.90K,49.49,19.31,566.09M,No,37.25,32.35,37.02,32.88,36.08,497
915,HANNAH.BO,101.8,105.95,48.00K,Health Services,Hospital/Nursing Management,74.0,13.0,18.0,74.0,3.5036,3.0286,17.71K,20.20K,128.8,55.99,274.69M,No,111.26,110.97,,109.2,93.82,167
916,KUNSTOFF.BO,27.49,27.55,0.26K,Producer Manufacturing,Miscellaneous Manufacturing,74.0,95.0,78.0,72.0,1.9807,1.6371,1.27K,2.82K,32.5,18.0,189.41M,No,22.72,21.9,22.74,22.31,22.75,496
917,LABELKRAFT.BO,66.0,62.0,2.00K,Distribution Services,Electronics Distributors,74.0,70.0,72.0,62.0,0.5714,0.2857,1.01K,0.80K,66.5,45.6,214.10M,No,62.2,62.57,57.89,62.71,60.91,499
922,UNIROYAL.BO,23.88,23.45,0.01K,Process Industries,Textiles,74.0,66.0,81.0,65.0,1.6571,1.6021,1.71K,0.69K,29.0,16.7,197.46M,No,24.45,23.17,20.71,23.77,21.15,497
923,EMMFORCE.BO,182.65,192.0,38.40K,Producer Manufacturing,Auto Parts: Oem,74.0,72.0,59.0,78.0,8.35,7.2143,22.95K,20.04K,203.9,105.0,3.74B,No,184.26,184.13,144.6,183.84,150.19,497
926,LYKISLTD.BO,48.5,51.5,8.85K,Consumer Non-Durables,Food: Major Diversified,74.0,43.0,76.0,47.0,2.785,2.7564,20.79K,14.39K,61.8,29.21,939.70M,No,50.3,49.6,46.45,50.13,47.36,495
928,NOVELIX.BO,70.0,70.0,0.25K,Health Technology,Pharmaceuticals: Major,74.0,12.0,34.0,58.0,6.0043,5.9821,4.50K,3.95K,92.0,38.0,1.99B,No,75.09,75.0,64.6,75.06,66.33,497
931,CRAZY.BO,54.0,53.96,3.00K,Consumer Non-Durables,Food: Specialty/Candy,74.0,19.0,,,0.5771,0.1714,97.31K,1.20K,70.0,42.47,1.29B,No,56.77,58.53,,58.65,,65
940,VIPULORG.BO,259.75,269.3,8.68K,Process Industries,Industrial Specialties,73.0,39.0,66.0,81.0,12.2679,12.15,8.79K,5.38K,309.0,156.8,4.95B,No,265.41,258.15,226.12,259.48,229.96,497
943,DEEPAKSP.BO,147.4,151.5,4.10K,Process Industries,Textiles,73.0,78.0,70.0,81.0,8.85,8.8,3.77K,4.50K,155.0,88.65,1.06B,No,140.92,138.06,122.73,138.49,124.79,497
944,SMAUTO.BO,27.83,25.3,2.00K,Producer Manufacturing,Auto Parts: Oem,73.0,23.0,69.0,79.0,0.9636,0.1986,4.28K,2.60K,33.9,15.05,380.93M,No,28.91,28.12,24.76,28.15,25.54,498
949,NPL.BO,602.8,588.0,2.90K,Process Industries,Chemicals: Specialty,73.0,49.0,63.0,84.0,26.9857,26.875,1.27K,0.87K,701.5,350.0,3.46B,No,608.45,607.78,516.6,614.4,546.66,497
952,ACEMEN.BO,113.75,118.55,100.82K,Distribution Services,Wholesale Distributors,73.0,47.0,80.0,57.0,8.925,8.8393,26.35K,54.76K,127.95,85.75,1.47B,No,115.8,112.68,100.95,113.9,102.82,497
954,KASTURI.BO,66.0,69.5,26.00K,Producer Manufacturing,Metal Fabrication,73.0,94.0,86.0,65.0,2.47,1.6857,18.56K,34.60K,73.8,44.2,686.08M,No,56.85,55.0,,56.06,55.78,168
957,RISHILASE.BO,145.35,153.9,10.54K,Producer Manufacturing,Building Products,73.0,85.0,80.0,74.0,9.5571,8.9536,10.38K,31.01K,158.0,90.0,1.45B,No,141.55,132.4,122.64,134.68,123.6,497
958,SILL.BO,110.5,114.0,68.80K,Transportation,Air Freight/Couriers,73.0,93.0,,,6.8364,6.6714,56.60K,49.76K,120.99,74.0,1.35B,No,102.12,95.46,,97.36,,62
959,SHARVAYA.BO,142.9,145.0,18.00K,Non-Energy Minerals,Other Metals/Minerals,73.0,67.0,89.0,74.0,5.65,4.8964,19.50K,25.98K,209.0,78.0,1.43B,No,143.38,139.87,126.76,143.42,118.12,263
961,CARGOSOL.BO,24.61,24.61,4.00K,Transportation,Air Freight/Couriers,73.0,63.0,80.0,43.0,0.0,0.0,2.03K,2.03K,27.9,15.3,251.02M,No,24.61,25.18,23.25,25.13,22.0,498
964,IIRM.BO,118.0,116.8,22.77K,Producer Manufacturing,Miscellaneous Manufacturing,73.0,30.0,32.0,77.0,7.4464,7.3964,24.93K,28.66K,151.85,68.0,8.23B,No,134.92,133.95,107.31,134.83,115.87,497
967,BERLDRG.BO,25.29,25.65,4.03K,Health Technology,Pharmaceuticals: Other,73.0,79.0,81.0,63.0,2.3557,2.3543,2.22K,2.13K,27.6,15.92,128.26M,No,24.19,23.24,22.22,23.38,22.31,497
970,RETAGGIO.BO,48.45,51.0,6.00K,Consumer Durables,Other Consumer Specialties,72.0,78.0,17.0,19.0,0.6029,0.1107,4.97K,5.40K,72.68,18.0,992.65M,No,50.95,49.59,49.23,49.53,53.69,370
975,TGIF.BO,106.0,108.0,1.20K,Process Industries,Agricultural Commodities/Milling,72.0,77.0,72.0,36.0,4.9036,3.8571,3.48K,6.72K,126.95,67.05,274.29M,No,105.69,103.7,93.34,103.15,96.54,497
976,IKOMA.BO,52.25,55.0,5.38K,Producer Manufacturing,Building Products,72.0,8.0,4.0,91.0,3.6721,3.5357,85.23K,96.80K,85.5,13.81,1.21B,No,61.05,63.08,47.39,62.41,55.63,497
983,VEDANTASSET.BO,59.0,59.97,1.50K,Finance,Investment Managers,72.0,5.0,3.0,85.0,0.6,0.0193,4.41K,1.05K,93.6,33.0,162.93M,No,64.98,69.35,53.38,67.25,57.08,496
984,DESIFARMS.BO,635.3,635.3,0.41K,Transportation,Air Freight/Couriers,72.0,66.0,53.0,15.0,6.1286,6.1286,0.09K,0.06K,793.05,323.5,628.69M,No,621.69,619.0,673.4,621.6,639.91,497
986,NUTECGLOB.BO,27.8,26.48,1.35K,Process Industries,Textiles,72.0,84.0,80.0,48.0,0.1843,0.1843,0.17K,0.11K,33.23,19.46,89.06M,No,26.04,24.92,24.99,25.44,24.81,499
991,TIGLOB.BO,208.55,196.7,20.00K,Consumer Non-Durables,Food: Major Diversified,72.0,93.0,85.0,71.0,15.3857,14.3821,1.00K,1.31K,212.0,142.3,1.06B,No,183.46,175.67,176.65,177.74,173.57,497
1000,SWAGTAM.BO,75.99,73.23,0.26K,Finance,Real Estate Development,72.0,83.0,84.0,60.0,1.84,1.3514,0.06K,0.02K,76.89,40.5,90.47M,No,67.48,59.96,62.38,61.49,63.24,498
1004,BINNYMILLS.BO,333.75,333.75,0.28K,Process Industries,Textiles,72.0,94.0,43.0,40.0,10.3929,3.1821,0.05K,0.22K,378.8,169.35,862.17M,No,249.76,286.26,293.69,286.87,309.58,496
1008,GRAMEVA.BO,79.7,77.99,0.04K,Producer Manufacturing,Industrial Conglomerates,71.0,23.0,5.0,74.0,2.9136,2.1107,0.99K,0.30K,116.0,45.51,382.51M,No,86.49,88.35,72.5,88.36,78.01,497
1010,TUSALDAH.BO,174.15,165.9,0.17K,Consumer Non-Durables,Apparel/Footwear,71.0,97.0,80.0,82.0,7.2321,2.3321,0.08K,0.31K,213.55,100.5,408.11M,No,132.49,134.73,144.22,136.68,140.42,497
1012,VISTARAMAR.BO,174.35,176.65,10.38K,Finance,Investment Banks/Brokers,71.0,7.0,17.0,40.0,15.3821,15.2964,7.13K,12.51K,254.9,91.15,1.00B,No,191.27,206.03,179.94,202.89,199.05,497
1015,AAYUSHBULL.BO,1271.55,1290.65,62.50K,Consumer Non-Durables,Apparel/Footwear,71.0,64.0,73.0,43.0,20.9679,20.5643,87.49K,71.88K,1350.0,979.15,19.47B,No,1277.51,1252.12,1164.07,1260.25,1192.56,497
1016,PARSHWANA.BO,95.95,95.0,0.01K,Consumer Durables,Homebuilding,71.0,73.0,91.0,28.0,2.17,1.3371,0.16K,0.01K,115.55,52.0,300.50M,No,95.5,85.06,88.31,87.15,86.03,497
1022,OLYOI.BO,30.8,30.8,0.16K,Distribution Services,Food Distributors,71.0,92.0,87.0,62.0,1.3464,1.03,0.02K,0.07K,37.95,20.52,87.90M,No,27.23,25.46,25.5,26.18,24.13,499
1029,CSURGSU.BO,102.0,102.85,0.04K,Health Technology,Medical Specialties,71.0,84.0,86.0,65.0,3.15,2.2014,0.13K,0.14K,124.9,73.04,372.13M,No,97.68,90.8,90.31,92.28,88.94,498
1031,ECOBOAR.BO,58.91,59.82,10.69K,Non-Energy Minerals,Forest Products,71.0,42.0,62.0,22.0,3.1186,2.9236,7.97K,13.29K,77.8,32.49,1.56B,No,61.92,59.68,58.25,60.11,60.61,497
1033,FLEXFO.BO,50.43,50.0,7.61K,Consumer Non-Durables,Food: Specialty/Candy,71.0,79.0,76.0,82.0,3.5143,3.4214,4.78K,9.88K,68.9,29.36,627.85M,No,47.16,45.94,43.61,46.42,43.49,497
1035,SHARP.BO,126.5,129.0,22.48K,Consumer Durables,Electronics/Appliances,71.0,77.0,71.0,,0.2679,0.0893,5.34K,3.97K,129.0,36.0,3.28B,No,126.32,123.35,,123.96,,91
1037,FORINTL.BO,78.5,77.77,0.12K,Transportation,Air Freight/Couriers,71.0,65.0,59.0,56.0,4.1764,3.6457,0.80K,0.91K,92.0,52.0,552.64M,No,79.56,79.25,72.14,79.83,75.93,497
1040,BAMBINO.BO,248.9,251.0,2.31K,Consumer Non-Durables,Food: Specialty/Candy,71.0,89.0,84.0,66.0,16.6321,16.325,2.00K,1.24K,280.0,173.7,1.99B,No,247.63,228.67,215.82,234.89,213.92,497
1049,GDLLEAS.BO,68.0,64.77,2.32K,Finance,Finance/Rental/Leasing,70.0,70.0,54.0,15.0,0.9486,0.6964,0.19K,0.10K,169.8,35.67,340.69M,No,61.24,64.37,87.89,64.77,71.13,497
1050,SANPA.BO,192.0,194.8,1.25K,Process Industries,Pulp & Paper,70.0,49.0,87.0,52.0,5.9036,5.8821,0.29K,0.57K,229.0,143.05,250.99M,No,191.28,182.73,175.56,186.72,170.71,498
1053,SAMOR.BO,92.63,97.5,1.08K,Distribution Services,Wholesale Distributors,70.0,72.0,58.0,52.0,5.7307,5.2957,0.31K,0.36K,104.99,48.55,2.09B,No,94.4,92.79,85.74,92.23,90.15,497
1057,ZENIFIB.BO,63.47,65.44,12.96K,Process Industries,Textiles,70.0,88.0,83.0,64.0,2.8079,2.7536,2.40K,7.68K,70.65,45.0,250.33M,No,55.88,54.51,53.59,55.15,52.95,497
1058,PANJON.BO,21.77,21.77,2.53K,Health Technology,Pharmaceuticals: Major,70.0,44.0,83.0,22.0,1.5014,1.5,11.75K,4.18K,30.0,16.1,373.67M,No,22.84,20.86,21.53,20.94,21.59,497
1060,CTCL.BO,228.0,228.0,2.25K,Producer Manufacturing,Metal Fabrication,70.0,4.0,63.0,67.0,2.3786,0.1429,0.58K,0.75K,298.95,140.0,5.29B,No,239.99,255.57,209.47,254.62,219.14,500
1064,COCHINM.BO,293.4,298.8,3.68K,Non-Energy Minerals,Other Metals/Minerals,70.0,52.0,80.0,74.0,11.5893,11.3071,12.28K,12.65K,330.0,197.1,2.30B,No,308.9,293.02,266.36,297.31,267.36,497
1068,DHOOTIN.BO,244.6,256.6,2.25K,Distribution Services,Wholesale Distributors,70.0,13.0,64.0,86.0,12.7214,12.4571,3.65K,1.79K,322.15,132.2,1.55B,No,264.93,268.05,223.1,267.59,224.0,497
1071,CLFL.BO,53.75,49.0,0.19K,Finance,Finance/Rental/Leasing,70.0,15.0,44.0,42.0,3.0636,2.6743,0.52K,0.53K,65.67,31.5,658.45M,No,53.83,56.19,49.69,55.73,52.77,497
1072,VIRYA.BO,772.95,765.3,0.00K,Industrial Services,Engineering & Construction,70.0,18.0,63.0,58.0,2.875,0.0,0.01K,0.01K,896.75,349.7,1.16B,No,791.78,798.06,652.8,804.85,663.75,497
1073,SUDAI.BO,53.54,53.84,1.65K,Non-Energy Minerals,Aluminum,70.0,89.0,95.0,45.0,2.465,2.4264,5.30K,5.81K,109.7,28.25,448.01M,No,46.85,39.73,48.52,41.06,44.45,497
1074,WORKMATES.BO,371.45,391.0,30.00K,Technology Services,Packaged Software,70.0,88.0,86.0,66.0,22.325,21.4107,26.43K,27.24K,514.0,264.0,4.80B,No,410.02,365.06,341.33,367.91,335.57,218
1086,SHANMUGA.BO,44.6,44.5,34.00K,Health Services,Hospital/Nursing Management,69.0,81.0,86.0,59.0,1.4979,1.2593,12.34K,5.40K,56.76,34.0,607.14M,No,46.63,44.95,41.58,45.09,41.09,399
1089,AVAX.BO,35.9,34.33,9.00K,Distribution Services,Wholesale Distributors,69.0,35.0,2.0,15.0,1.1971,0.5079,5.22K,6.90K,55.4,15.62,298.45M,No,33.79,42.74,41.52,41.5,45.43,427
1094,SHOORA.BO,74.7,78.6,3.00K,Consumer Durables,Other Consumer Specialties,69.0,83.0,7.0,76.0,2.6164,0.22,4.79K,2.10K,98.2,34.25,345.39M,No,76.59,77.24,64.19,76.77,68.75,498
1098,GYANDEV.BO,53.5,53.5,0.10K,Finance,Real Estate Development,69.0,86.0,80.0,65.0,1.4893,0.9786,0.48K,0.39K,66.99,27.62,160.50M,No,53.49,52.31,44.51,52.3,47.28,497
1100,VAPIENTER.BO,123.0,123.0,0.01K,Finance,Finance/Rental/Leasing,69.0,35.0,72.0,70.0,3.4893,1.8321,0.94K,0.08K,172.85,89.55,280.62M,No,123.82,138.31,115.09,137.65,115.55,495
1102,PRIMAPLA.BO,137.8,136.0,15.54K,Consumer Durables,Home Furnishings,69.0,42.0,78.0,77.0,9.0429,8.9179,7.81K,3.18K,156.95,88.0,1.52B,No,137.16,132.66,120.41,135.17,121.83,497
1103,JAIHIND.BO,46.75,47.64,2.91K,Process Industries,Textiles,69.0,90.0,85.0,36.0,4.005,3.9186,33.73K,28.05K,60.0,31.0,295.46M,No,44.93,42.1,42.84,43.13,41.31,497
1106,GGAUTO.BO,209.3,228.2,15.42K,Producer Manufacturing,Industrial Machinery,69.0,95.0,91.0,72.0,15.1214,14.8429,12.25K,19.49K,323.0,125.3,2.09B,No,185.54,170.49,181.84,172.3,161.72,497
1115,EASTBUILD.BO,65.58,62.46,0.30K,Consumer Durables,Homebuilding,69.0,61.0,67.0,78.0,0.0864,0.0,0.07K,0.07K,71.25,38.36,123.08M,No,61.8,57.88,57.62,58.52,57.55,496
1116,LAXMIPATI.BO,428.45,451.0,1.00K,Producer Manufacturing,Trucks/Construction/Farm Machinery,69.0,49.0,8.0,84.0,3.4964,0.7857,0.44K,0.25K,585.0,209.0,2.46B,No,443.55,460.18,356.49,456.75,375.27,500
1118,MOBAVENUE.BO,289.55,300.15,21.59K,Technology Services,Packaged Software,68.0,44.0,47.0,59.0,12.4786,12.225,48.45K,31.18K,343.8,196.9,22.38B,No,291.11,301.46,267.71,300.35,277.23,500
1120,HAMPS.BO,25.44,25.45,12.00K,Health Technology,Pharmaceuticals: Major,68.0,57.0,53.0,77.0,1.3671,0.8507,4.38K,6.80K,26.58,13.36,221.63M,No,24.36,24.43,22.52,24.69,24.23,444
1122,KKSHL.BO,45.0,45.0,3.00K,Health Services,Hospital/Nursing Management,68.0,81.0,76.0,55.0,0.1429,0.0,3.33K,3.00K,51.9,29.0,306.38M,No,43.85,42.11,40.04,42.39,41.03,499
1126,ALTIUSINVIT.BO,179.0,175.0,50.00K,Miscellaneous,Investment Trusts,68.0,70.0,67.0,47.0,1.0164,0.9071,11738.28K,20.00K,180.0,142.0,545.48B,No,175.74,173.62,164.25,174.46,168.1,498
1130,NIRMITEE.BO,130.0,130.0,1.80K,Commercial Services,Miscellaneous Commercial Services,68.0,97.0,74.0,35.0,0.0,0.0,1.32K,1.32K,130.0,79.0,468.15M,No,126.8,117.91,122.14,118.12,119.52,498
1135,GANGAPA.BO,85.09,86.83,0.01K,Process Industries,Pulp & Paper,68.0,18.0,79.0,57.0,0.2193,0.2193,0.08K,0.00K,104.9,61.93,918.03M,No,87.32,93.53,81.42,92.94,80.9,500
1136,LUDLOWJUT.BO,329.8,323.9,3.38K,Process Industries,Textiles,68.0,75.0,49.0,90.0,15.4536,15.3179,3.63K,1.81K,424.35,162.0,3.55B,No,323.65,342.76,291.97,340.09,315.05,497
1138,MAHALIFE.BO,176.1,184.75,12.00K,Process Industries,Chemicals: Agricultural,68.0,55.0,60.0,49.0,7.1964,6.7429,49.54K,141.00K,205.05,111.0,4.12B,No,180.57,180.41,174.54,179.64,172.41,218
1139,BERYLSE.BO,31.97,31.15,0.00K,Finance,Investment Banks/Brokers,68.0,80.0,68.0,38.0,1.3629,1.1486,1.29K,0.28K,41.83,22.0,155.04M,No,29.34,31.84,29.92,31.51,30.78,497
1143,MSECL.BO,244.2,245.35,5.40K,Commercial Services,Miscellaneous Commercial Services,68.0,39.0,68.0,74.0,12.7464,12.1643,20.48K,18.00K,331.05,165.0,3.46B,No,271.44,244.91,221.28,248.79,229.86,293
1153,MAITRI.BO,37.5,37.5,0.00K,Non-Energy Minerals,Aluminum,68.0,39.0,61.0,71.0,0.2407,0.1071,0.09K,0.01K,46.55,22.1,165.00M,No,37.85,40.3,35.56,40.25,38.01,499
1159,JOLYPLS.BO,43.61,43.18,0.02K,Distribution Services,Wholesale Distributors,67.0,41.0,79.0,87.0,2.3857,2.0179,0.38K,0.34K,182.55,18.24,291.16M,No,43.76,43.72,36.21,44.75,37.35,414
1160,CREATIVE.BO,618.15,578.15,1.03K,Non-Energy Minerals,Steel,67.0,36.0,77.0,46.0,32.9071,30.5036,0.24K,0.24K,687.85,481.5,803.60M,No,629.54,617.39,571.52,619.03,578.49,497
1165,AVIVA.BO,64.19,64.19,0.00K,Process Industries,Industrial Specialties,67.0,78.0,65.0,36.0,0.3143,0.1586,0.16K,0.16K,68.34,51.81,2.09B,No,61.37,60.56,59.45,60.99,61.17,499
1169,SBLI.BO,42.5,42.33,2.40K,Finance,Real Estate Development,67.0,10.0,57.0,52.0,2.4529,1.9786,4.97K,5.88K,54.6,30.55,34.48M,No,44.14,47.22,41.45,47.05,43.66,498
1170,SHELTER.BO,36.25,37.0,144.00K,Health Technology,Pharmaceuticals: Major,67.0,84.0,85.0,66.0,1.8821,1.695,26.20K,34.20K,46.51,23.0,610.33M,No,34.19,30.75,32.47,31.47,30.56,497
1171,GUJCONT.BO,171.2,163.05,2.00K,Process Industries,Containers/Packaging,67.0,60.0,81.0,44.0,2.1536,0.6393,0.52K,0.22K,180.65,142.6,967.28M,No,171.72,167.33,162.71,168.26,160.41,498
1172,GOLDCOINHF.BO,32.79,32.84,0.38K,Process Industries,Agricultural Commodities/Milling,67.0,75.0,55.0,29.0,2.9986,2.9779,3.16K,1.75K,38.49,22.0,49.20M,No,30.51,30.84,31.65,30.93,31.56,500
1175,MODIPON.BO,42.79,45.04,0.13K,Finance,Real Estate Development,67.0,75.0,62.0,62.0,1.59,0.8764,0.23K,0.14K,65.77,29.26,495.37M,No,43.45,37.93,39.27,38.83,41.13,497
1176,PARAGONF.BO,54.7,51.0,0.01K,Finance,Finance/Rental/Leasing,67.0,52.0,81.0,27.0,2.9307,2.67,0.63K,0.32K,61.97,37.25,232.48M,No,52.17,52.06,50.72,52.92,51.39,498
1178,SIMRAN.BO,171.1,172.05,2.19K,Process Industries,Agricultural Commodities/Milling,67.0,74.0,73.0,50.0,8.7107,8.6393,5.51K,1.22K,198.0,131.6,822.99M,No,177.47,164.68,163.25,167.27,160.76,497
1180,KHAZANCHI.BO,710.6,715.75,25.00K,Distribution Services,Wholesale Distributors,67.0,30.0,78.0,44.0,10.075,9.6036,30.32K,21.20K,812.5,588.0,17.59B,No,739.02,746.32,704.96,753.82,683.18,497
1182,GANHOLD.BO,100.05,102.5,0.18K,Finance,Financial Conglomerates,67.0,47.0,74.0,32.0,5.8321,3.6857,1.21K,1.45K,130.0,60.2,89.14M,No,109.32,107.54,96.12,109.37,98.55,499
1190,ANJANI.BO,27.53,29.81,4.42K,Process Industries,Textiles,67.0,71.0,81.0,62.0,1.8521,1.8457,7.50K,15.60K,31.9,20.25,406.07M,No,28.38,25.99,24.65,26.31,25.04,497
1192,INDCTST.BO,62.5,60.6,0.27K,Producer Manufacturing,Trucks/Construction/Farm Machinery,66.0,67.0,52.0,67.0,3.5307,3.4457,1.10K,0.36K,74.99,43.55,251.08M,No,61.48,59.88,53.38,60.99,55.25,497
1199,SONALAD.BO,48.7,48.6,0.13K,Producer Manufacturing,Miscellaneous Manufacturing,66.0,88.0,61.0,78.0,2.9779,2.8343,1.74K,1.91K,54.9,30.4,295.17M,No,43.6,43.49,41.64,44.02,42.13,497
1200,SEALMATIC.BO,400.0,401.5,8.28K,Producer Manufacturing,Industrial Machinery,66.0,75.0,75.0,41.0,11.6429,11.1036,5.36K,7.04K,463.95,313.0,4.34B,No,387.0,393.42,378.33,393.54,385.78,499
1201,POLYCON.BO,26.32,27.3,0.14K,Producer Manufacturing,Miscellaneous Manufacturing,66.0,77.0,79.0,45.0,0.5114,0.345,0.64K,0.18K,35.0,15.45,128.68M,No,25.2,23.8,24.28,23.5,22.41,498
1206,PESB.BO,255.0,252.0,23.20K,Finance,Investment Banks/Brokers,66.0,71.0,34.0,46.0,8.0571,7.55,20.37K,18.32K,333.95,185.0,4.48B,No,262.01,258.05,251.25,259.96,266.02,497
1207,RRMETAL.BO,43.24,45.37,5.35K,Distribution Services,Food Distributors,66.0,4.0,22.0,72.0,2.8143,1.9521,15.48K,24.46K,77.81,23.8,389.54M,No,44.8,56.43,40.21,54.82,44.55,497
1209,KAMADGIRI.BO,103.9,101.5,0.14K,Process Industries,Textiles,66.0,60.0,46.0,65.0,2.0821,1.5179,0.63K,0.04K,149.0,64.05,609.83M,No,105.85,114.07,101.24,111.99,107.26,498
1214,PEOPLIN.BO,235.8,224.9,0.01K,Finance,Financial Conglomerates,66.0,63.0,61.0,48.0,0.0,0.0,0.00K,0.00K,235.8,171.95,47.16M,No,224.9,222.49,207.35,223.5,213.08,497
1218,SUPRAPFSL.BO,33.57,32.19,25.11K,Commercial Services,Miscellaneous Commercial Services,66.0,62.0,55.0,61.0,2.5336,2.5336,51.27K,82.36K,35.97,22.41,1.65B,No,33.44,33.53,29.81,33.58,30.19,497
1220,SENINFO.BO,44.06,44.06,0.03K,Technology Services,Information Technology Services,66.0,77.0,77.0,77.0,0.1493,0.0,0.10K,0.01K,60.42,28.44,222.50M,No,43.12,41.91,39.6,42.2,37.94,498
1222,HISARSP.BO,54.5,55.7,0.70K,Process Industries,Textiles,66.0,94.0,81.0,25.0,0.9707,0.6036,0.47K,0.88K,63.63,40.3,203.56M,No,53.04,48.92,50.47,50.28,50.06,499
1227,CORALAB.BO,548.6,568.05,0.87K,Health Technology,Pharmaceuticals: Other,66.0,28.0,36.0,75.0,27.4179,27.175,1.18K,1.08K,679.0,360.0,1.96B,No,570.82,586.95,500.05,586.62,518.55,497
1228,ZENLABS.BO,28.1,27.76,0.96K,Health Technology,Pharmaceuticals: Generic,66.0,37.0,10.0,80.0,3.2764,3.2471,2.61K,2.11K,39.99,16.5,182.93M,No,29.58,28.2,25.89,28.08,27.83,497
1229,INTEGSW.BO,159.0,159.0,0.05K,Producer Manufacturing,Electrical Products,65.0,48.0,66.0,46.0,1.1857,1.1143,0.07K,0.01K,165.35,102.6,458.17M,No,157.96,159.98,145.15,160.15,152.32,498
1230,KONARKSY.BO,42.47,42.47,0.00K,Process Industries,Textiles,65.0,24.0,47.0,56.0,0.1743,0.06,0.00K,0.01K,50.35,33.58,246.67M,No,43.96,45.19,41.91,45.06,42.31,497
1231,MISHKA.BO,43.01,45.15,0.65K,Distribution Services,Wholesale Distributors,65.0,65.0,71.0,35.0,2.4593,2.1379,1.45K,2.02K,50.0,32.05,621.49M,No,43.09,43.1,41.42,43.4,41.61,497
1234,ADON.BO,89.81,89.13,72.00K,Distribution Services,Food Distributors,65.0,83.0,,,6.965,6.8193,231.13K,126.60K,113.2,75.25,2.07B,No,92.48,87.69,,89.5,,63
1235,VIPPYSP.BO,181.7,181.85,0.64K,Process Industries,Textiles,65.0,70.0,64.0,68.0,9.4929,8.95,0.61K,0.53K,201.6,130.6,1.07B,No,181.06,179.05,167.01,181.95,170.32,497
1237,AUREATE.BO,49.55,49.82,76.00K,Distribution Services,Wholesale Distributors,65.0,96.0,95.0,,3.32,2.7693,57.34K,88.80K,70.0,26.29,643.44M,No,40.93,37.08,,38.54,,84
1238,CITIUSINVT.BO,116.0,117.55,3.88K,Miscellaneous,Investment Trusts,65.0,68.0,73.0,,2.6693,2.4836,6.26K,1.82K,125.93,101.75,70.76B,No,116.62,113.7,,114.23,,110
1239,TECHNICHEM.BO,54.87,57.75,4.00K,Process Industries,Chemicals: Major Diversified,65.0,97.0,75.0,22.0,2.1214,1.2557,10.25K,14.40K,66.53,34.25,950.42M,No,56.04,49.1,47.99,50.04,48.17,432
1241,SHAWGELTIN.BO,438.55,448.1,2.69K,Consumer Non-Durables,Food: Specialty/Candy,65.0,43.0,27.0,61.0,15.6857,15.4679,5.88K,3.17K,545.0,327.3,2.65B,No,463.46,480.54,421.7,476.31,444.97,497
1242,GTV.BO,67.97,68.72,177.53K,Industrial Services,Engineering & Construction,65.0,73.0,36.0,58.0,4.2479,4.0986,55.99K,67.09K,83.9,41.55,3.45B,No,63.61,66.56,64.39,66.43,67.56,498
1244,HARDCAS.BO,841.9,819.4,0.01K,Process Industries,Industrial Specialties,65.0,73.0,54.0,60.0,33.75,31.7071,0.23K,0.06K,1048.0,602.25,572.05M,No,822.98,836.51,763.21,831.59,788.75,497
1248,SAGARSOFT.BO,91.8,93.94,2.10K,Technology Services,Packaged Software,65.0,50.0,86.0,70.0,7.4629,6.5207,2.01K,1.16K,137.75,56.2,586.81M,No,93.53,91.2,84.64,92.34,80.12,497
1251,BHAVIK.BO,163.95,155.0,35.00K,Distribution Services,Wholesale Distributors,65.0,88.0,71.0,35.0,4.7321,3.9464,7.70K,5.60K,175.05,121.1,3.34B,No,148.39,145.76,149.72,147.83,154.4,247
1260,MDRC.BO,71.9,73.25,22.40K,Health Services,Medical/Nursing Services,65.0,97.0,90.0,66.0,6.3943,5.6971,23.52K,25.44K,100.0,45.0,1.09B,No,71.33,59.08,,61.95,62.75,183
1262,SANTETX.BO,149.55,148.0,1.60K,Process Industries,Textiles,65.0,54.0,74.0,48.0,10.5893,10.3571,1.11K,0.90K,179.4,98.25,850.94M,No,158.37,152.59,139.5,153.62,140.93,497
1264,REFEXRENEW.BO,350.95,350.95,0.67K,Industrial Services,Engineering & Construction,65.0,77.0,75.0,79.0,0.7321,0.2429,0.58K,2.33K,789.0,209.05,1.58B,No,343.6,333.78,299.84,335.83,308.47,497
1271,SSWRL.BO,23.5,24.05,0.53K,Non-Energy Minerals,Steel,64.0,41.0,79.0,59.0,1.1307,0.9929,6.22K,0.72K,43.16,16.6,77.82M,No,24.88,26.68,23.0,26.39,23.57,497
1275,CLN.BO,493.25,471.25,2.00K,Producer Manufacturing,Electrical Products,64.0,25.0,37.0,88.0,22.2107,17.8143,7.72K,29.72K,598.95,260.0,5.21B,No,485.76,508.6,419.48,504.92,435.35,414
1285,KESAR.BO,1134.35,1171.8,26.50K,Finance,Real Estate Development,64.0,56.0,37.0,24.0,40.7821,39.6464,69.08K,15.73K,1341.0,705.0,36.91B,No,1176.19,1208.34,1203.6,1199.71,1208.25,497
1288,ICL.BO,31.5,31.97,0.01K,Process Industries,Textiles,64.0,25.0,58.0,53.0,1.3857,1.2321,1.48K,0.40K,44.05,22.05,224.94M,No,30.79,34.12,30.47,33.22,32.01,497
1292,BDH.BO,482.2,495.15,0.61K,Health Technology,Pharmaceuticals: Other,64.0,23.0,45.0,68.0,17.8357,16.625,2.70K,0.74K,610.0,340.15,2.78B,No,505.11,531.23,439.59,524.92,452.83,497
1293,HCKKVENTURE.BO,32.97,32.33,5.07K,Technology Services,Packaged Software,64.0,8.0,78.0,34.0,1.1957,0.7986,0.58K,0.19K,50.15,25.18,122.32M,No,31.36,34.89,35.55,34.56,36.74,498
1297,SPML.BO,156.5,158.0,7.00K,Distribution Services,Medical Distributors,64.0,74.0,19.0,,6.4571,5.1821,7.88K,4.30K,381.2,121.1,1.37B,No,154.93,161.41,,158.82,,129
1298,EXHICON.BO,514.85,525.85,80.25K,Commercial Services,Miscellaneous Commercial Services,64.0,80.0,65.0,62.0,18.075,17.625,31.59K,63.98K,595.0,390.0,7.60B,No,485.3,489.91,495.2,492.2,480.83,497
1299,SWRNASE.BO,87.76,89.55,0.01K,Finance,Financial Conglomerates,64.0,58.0,38.0,22.0,2.8729,1.7971,0.11K,0.12K,105.0,56.44,263.28M,No,87.79,88.98,84.74,88.42,85.97,497
1301,TRANSFD.BO,425.0,425.0,0.04K,Consumer Non-Durables,Food: Specialty/Candy,64.0,72.0,22.0,20.0,14.5036,10.4357,0.07K,0.10K,570.0,289.95,61.58M,No,415.75,426.26,449.4,418.9,454.02,497
1303,SHRISTI.BO,32.56,33.1,2.30K,Consumer Durables,Homebuilding,63.0,91.0,74.0,52.0,2.0886,1.9293,0.89K,2.21K,38.95,23.2,722.83M,No,29.06,29.46,30.07,29.54,29.98,497
1304,RISHITECH.BO,44.9,44.45,0.67K,Process Industries,Containers/Packaging,63.0,89.0,73.0,70.0,2.9864,2.8657,2.99K,7.33K,55.49,32.0,331.86M,No,41.35,40.52,40.45,41.3,39.45,497
1305,PSPLATINA.BO,1112000.0,1112000.0,0.00K,Miscellaneous,Investment Trusts,63.0,71.0,64.0,37.0,1928.5714,0.0,,,1112000.0,985001.0,3.74B,No,1099850.0,1094370.02,1058117.85,1096650.1,1067233.33,450
1306,ERPSOFT.BO,72.0,72.0,0.00K,Technology Services,Packaged Software,63.0,85.0,75.0,82.0,0.0,0.0,0.13K,0.00K,110.8,42.94,285.12M,No,70.93,68.63,64.49,69.42,61.99,496
1307,JGTL.BO,554.5,552.0,1.02K,Electronic Technology,Electronic Equipment/Instruments,63.0,76.0,73.0,57.0,26.1964,24.8357,1.19K,1.40K,668.0,433.0,2.51B,No,541.93,531.35,514.62,536.1,508.65,497
1308,RAJPACK.BO,33.64,34.2,0.84K,Process Industries,Containers/Packaging,63.0,90.0,79.0,56.0,2.4264,2.1957,2.31K,4.15K,45.85,24.8,153.73M,No,31.99,30.17,30.73,30.77,29.66,497
1312,ACKNIT.BO,304.95,319.5,0.94K,Consumer Non-Durables,Apparel/Footwear,63.0,30.0,63.0,44.0,20.2857,19.1214,0.80K,0.73K,357.0,224.95,927.05M,No,321.54,320.73,288.06,321.18,299.5,497
1313,GAMCO.BO,46.75,45.49,22.39K,Finance,Investment Banks/Brokers,63.0,47.0,45.0,61.0,2.9243,2.9007,48.08K,16.80K,56.49,32.65,2.53B,No,47.51,48.72,43.23,48.49,44.92,498
1316,NETLINK.BO,185.0,186.0,1.35K,Technology Services,Packaged Software,63.0,92.0,64.0,31.0,14.225,13.2929,1.19K,1.75K,230.9,136.1,467.91M,No,175.32,171.28,181.42,173.1,183.75,497
1317,STANROS.BO,71.75,69.95,0.30K,Finance,Investment Managers,63.0,61.0,68.0,55.0,3.3643,2.3407,0.25K,0.15K,82.75,54.31,284.70M,No,68.79,69.33,67.77,70.82,68.07,496
1322,MILEFUR.BO,25.32,24.13,6.00K,Consumer Durables,Home Furnishings,63.0,81.0,33.0,11.0,0.8921,0.4214,14.43K,10.50K,31.66,13.22,235.40M,No,25.75,25.05,27.6,25.15,27.09,497
1324,PUNJCOMMU.BO,55.7,55.4,0.40K,Electronic Technology,Telecommunications Equipment,63.0,17.0,72.0,66.0,3.4214,3.2921,2.52K,0.51K,74.01,40.1,669.71M,No,59.3,54.29,53.62,55.49,51.57,497
1330,GLANCE.BO,191.0,200.0,0.03K,Finance,Finance/Rental/Leasing,63.0,90.0,82.0,25.0,4.9786,3.0464,0.22K,0.48K,251.95,141.15,430.88M,No,185.24,166.27,175.57,169.31,172.47,498
1332,SHPLPUNE.BO,847.85,863.0,0.04K,Consumer Services,Hotels/Resorts/Cruise Lines,63.0,80.0,69.0,53.0,66.6964,65.5464,2.48K,0.05K,1100.0,631.0,2.58B,No,847.75,836.9,806.52,846.85,810.99,498
1333,BEMHY.BO,100.6,99.1,7.83K,Producer Manufacturing,Industrial Machinery,63.0,38.0,58.0,82.0,5.8429,5.7643,14.03K,6.25K,146.0,59.99,4.40B,No,104.31,106.65,92.96,106.3,94.13,498
1340,NATGENI.BO,54.0,55.9,0.02K,Non-Energy Minerals,Steel,63.0,21.0,57.0,49.0,3.3693,2.9907,0.22K,0.27K,72.92,34.53,242.06M,No,57.63,58.72,53.74,58.73,58.38,497
1345,KAKA.BO,216.5,221.95,19.00K,Producer Manufacturing,Miscellaneous Manufacturing,62.0,54.0,59.0,75.0,7.5393,6.3821,16.52K,8.80K,268.8,139.0,2.96B,No,219.09,220.31,197.26,219.69,195.02,497
1353,AREXMIS.BO,128.0,128.0,0.26K,Process Industries,Textiles,62.0,72.0,77.0,63.0,3.1393,2.3643,0.13K,0.06K,157.0,95.5,460.63M,No,125.22,126.53,121.61,127.61,115.61,498
1355,LAKSHMIEW.BO,2418.0,2500.0,0.02K,Producer Manufacturing,Industrial Machinery,62.0,87.0,61.0,50.0,146.7179,135.0071,0.08K,0.07K,2640.0,1681.2,1.62B,No,2407.35,2244.3,2134.34,2247.39,2171.03,497
1356,AMPL.BO,34.38,34.96,91.22K,Finance,Investment Managers,62.0,91.0,36.0,56.0,3.3086,3.3086,85.34K,53.10K,42.4,24.36,2.11B,No,33.62,31.66,30.3,32.02,30.73,497
1361,INDGELA.BO,369.4,384.8,3.17K,Process Industries,Chemicals: Major Diversified,62.0,72.0,60.0,57.0,12.1857,11.3393,1.90K,2.25K,418.0,295.0,2.62B,No,372.21,375.7,354.48,374.94,360.3,497
1368,FAALCON.BO,37.22,38.95,2.00K,Industrial Services,Engineering & Construction,62.0,16.0,87.0,34.0,1.1764,0.4107,19.00K,8.20K,62.22,27.75,362.71M,No,41.18,40.08,38.66,40.19,38.21,498
1369,WALCHPF.BO,128.0,124.5,1.75K,Commercial Services,Miscellaneous Commercial Services,62.0,20.0,61.0,75.0,7.0929,5.3321,1.07K,0.55K,160.0,79.05,371.70M,No,132.15,137.28,125.91,138.66,127.6,497
1373,DHAVAL.BO,118.7,127.0,46.80K,Producer Manufacturing,Miscellaneous Manufacturing,62.0,73.0,,,4.775,4.4464,124.70K,29.88K,139.0,106.0,1.63B,No,119.19,,,,,40
1374,MINDSPACE.BO,499.69,501.05,11.28K,Finance,Real Estate Investment Trusts,62.0,66.0,64.0,41.0,7.9336,7.7614,174.62K,1029.65K,525.5,441.28,330.79B,No,500.4,496.87,479.28,498.07,478.28,497
1375,GHVINFRA.BO,263.75,273.5,3.93K,Technology Services,Data Processing Services,62.0,24.0,88.0,23.0,14.4179,14.3464,34.10K,8.51K,368.5,173.3,21.21B,No,279.69,278.5,265.91,281.41,260.48,498
1377,POBS.BO,152.7,152.7,0.60K,Commercial Services,Miscellaneous Commercial Services,62.0,2.0,37.0,24.0,0.1107,0.0,0.10K,0.06K,191.9,109.0,241.63M,No,161.62,169.24,150.71,167.42,154.11,498
1379,MCFL.BO,100.0,101.75,3.60K,Process Industries,Agricultural Commodities/Milling,61.0,12.0,44.0,69.0,2.4214,0.975,12.88K,2.64K,129.0,72.12,1.08B,No,109.05,111.66,94.63,111.41,98.94,500
1380,GALADAFIN.BO,29.5,28.5,0.16K,Finance,Financial Conglomerates,61.0,29.0,41.0,72.0,1.1893,0.9836,0.27K,0.27K,43.89,19.7,88.50M,No,30.15,35.41,31.65,34.71,31.81,497
1382,SHAHLON.BO,23.17,23.92,4.15K,Process Industries,Textiles,61.0,50.0,21.0,53.0,1.8707,1.8536,31.33K,14.08K,32.89,16.5,2.07B,No,23.5,23.89,22.96,23.83,23.17,497
1387,ENTRINT.BO,24.0,24.0,0.01K,Distribution Services,Wholesale Distributors,61.0,89.0,81.0,38.0,0.2214,0.1907,0.41K,0.03K,29.66,17.34,71.63M,No,23.32,21.38,22.0,21.6,21.53,498
1390,BHILSPIN.BO,124.3,127.9,1.14K,Process Industries,Textiles,61.0,29.0,55.0,47.0,7.3179,7.3,2.06K,3.31K,152.95,98.9,1.13B,No,129.13,129.15,118.61,129.33,121.33,497
1392,SKPMIL.BO,94.15,94.15,1.60K,Process Industries,Pulp & Paper,61.0,61.0,46.0,30.0,2.1029,0.7636,0.19K,0.07K,149.3,70.6,1.27B,No,94.65,98.64,108.58,97.79,106.06,497
1395,DHANCOT.BO,128.3,142.1,0.00K,Finance,Investment Banks/Brokers,61.0,9.0,78.0,59.0,1.3821,0.0,0.01K,0.01K,215.9,66.85,624.99M,No,141.87,137.65,115.74,138.94,117.9,497
1398,CITYSQUARE.BO,123.55,130.05,1.60K,Retail Trade,Food Retail,61.0,44.0,79.0,3.0,5.8786,3.9607,1.70K,0.72K,222.2,93.2,1.10B,No,141.39,128.27,156.08,130.74,153.44,258
1400,SKYIND.BO,94.09,96.1,1.44K,Process Industries,Textiles,61.0,68.0,57.0,72.0,4.6729,4.6307,8.26K,3.54K,136.0,63.06,747.50M,No,95.08,95.39,89.0,94.54,89.46,497
1405,RAJKOTINV.BO,48.0,47.17,0.04K,Finance,Finance/Rental/Leasing,61.0,80.0,60.0,43.0,2.0571,1.6571,0.22K,0.56K,53.9,32.0,48.00M,No,44.24,44.73,43.3,44.67,44.21,497
1406,ADINATH.BO,22.5,22.79,0.22K,Process Industries,Textiles,61.0,76.0,70.0,51.0,1.3014,1.1929,1.05K,0.78K,31.61,16.15,153.32M,No,22.48,21.56,21.17,21.7,21.05,497
1408,ASSOCIATED.BO,109.95,93.7,2.50K,Process Industries,Industrial Specialties,61.0,61.0,78.0,58.0,3.8,1.8214,0.51K,0.40K,120.5,72.0,148.65M,No,103.48,103.07,100.89,104.01,99.87,499
1410,VVIPIL.BO,142.9,144.0,13.80K,Industrial Services,Engineering & Construction,61.0,79.0,41.0,76.0,6.15,5.7143,14.82K,23.46K,165.95,92.05,3.57B,No,138.98,129.15,121.34,131.7,124.88,497
1411,RISHYRN.BO,61.8,75.99,0.06K,Finance,Financial Conglomerates,61.0,91.0,,,0.7557,0.2707,0.28K,0.03K,82.99,37.01,220.05M,No,73.39,67.86,,69.06,,53
1415,ICON.BO,63.25,63.0,2.40K,Commercial Services,Miscellaneous Commercial Services,60.0,43.0,13.0,59.0,1.9286,1.3157,6.55K,4.20K,85.0,38.05,497.12M,No,66.64,71.23,61.63,70.59,66.61,314
1418,SHVFL.BO,27.75,26.46,0.01K,Finance,Finance/Rental/Leasing,60.0,89.0,64.0,13.0,0.46,0.1879,0.05K,0.05K,40.39,21.85,280.28M,No,25.55,24.62,28.02,24.8,28.65,500
1423,VANDU.BO,59.91,60.1,148.00K,Consumer Non-Durables,Food: Specialty/Candy,60.0,43.0,77.0,74.0,1.77,1.4829,58.12K,49.80K,75.5,40.0,1.07B,No,61.02,59.48,55.96,60.53,54.6,431
1424,ACROW.BO,801.25,763.1,0.13K,Producer Manufacturing,Industrial Machinery,60.0,64.0,40.0,55.0,15.2714,8.6357,0.05K,0.07K,918.0,586.15,512.80M,No,769.76,809.02,779.36,804.69,814.32,497
1429,GENUSPRIME.BO,26.44,27.83,19.74K,Industrial Services,Engineering & Construction,60.0,0.0,22.0,58.0,1.9786,0.0,17.03K,26.32K,59.8,16.3,2.06B,No,42.03,37.85,28.81,37.91,30.92,497
1432,GOTHIPL.BO,41.0,41.0,0.10K,Process Industries,Chemicals: Specialty,60.0,88.0,72.0,46.0,0.6029,0.4279,0.45K,0.35K,46.8,33.25,418.20M,No,40.1,38.74,38.33,38.95,37.56,496
1433,YASHINNO.BO,40.0,41.25,10.84K,Distribution Services,Wholesale Distributors,60.0,52.0,87.0,7.0,2.9093,2.8671,38.98K,39.10K,52.44,26.5,641.20M,No,42.53,39.38,40.58,40.01,41.59,497
1437,PEETISEC.BO,20.37,19.45,0.22K,Process Industries,Textiles,60.0,71.0,76.0,45.0,0.5514,0.52,0.29K,0.17K,25.01,17.0,76.40M,No,19.89,19.68,20.28,19.89,19.48,497
1440,SURJIND.BO,55.18,56.08,0.69K,Process Industries,Agricultural Commodities/Milling,60.0,32.0,52.0,62.0,2.4443,2.3921,9.30K,3.70K,82.85,38.1,4.32B,No,58.21,57.82,51.75,58.12,53.61,497
1441,SLSTLQ.BO,34.0,34.0,0.10K,Process Industries,Textiles,60.0,91.0,69.0,61.0,0.3143,0.205,0.10K,0.01K,45.99,23.0,113.31M,No,32.51,31.16,28.94,31.34,29.09,496
1444,BDI.BO,115.0,115.0,1.20K,Producer Manufacturing,Miscellaneous Manufacturing,60.0,78.0,64.0,36.0,2.6107,1.875,11.87K,56.40K,122.8,98.0,1.63B,No,111.18,109.92,108.94,110.07,109.47,289
1447,REPONO.BO,78.0,79.83,39.60K,Transportation,Other Transportation,60.0,54.0,23.0,84.0,3.7221,3.165,22.56K,31.20K,107.0,43.06,801.78M,No,76.33,78.66,69.04,78.9,71.17,289
1451,ALANSCOTT.BO,310.0,314.75,0.08K,Retail Trade,Specialty Stores,60.0,80.0,16.0,65.0,12.4464,12.15,3.48K,5.29K,415.0,210.65,2.07B,No,268.89,301.2,292.74,300.85,284.73,497
1460,NXST.BO,165.92,167.06,15.40K,Finance,Real Estate Investment Trusts,59.0,61.0,62.0,39.0,2.29,2.29,137.02K,10.42K,175.0,150.2,251.37B,No,166.55,167.14,160.67,166.78,160.54,497
1461,SASHWAT.BO,306.6,306.6,0.05K,Finance,Real Estate Development,59.0,22.0,32.0,44.0,1.0036,0.0,0.02K,0.01K,355.25,252.95,93.89M,No,317.84,335.35,311.29,331.59,323.0,498
1464,PRECISIO.BO,191.0,194.0,0.20K,Electronic Technology,Telecommunications Equipment,59.0,83.0,36.0,82.0,5.8571,4.3071,1.34K,1.22K,266.3,107.1,2.65B,No,180.06,185.15,173.38,183.63,171.75,497
1465,SODHACAP.BO,70.5,74.5,14.00K,Finance,Investment Banks/Brokers,59.0,71.0,84.0,55.0,2.8264,2.0429,8.12K,7.80K,148.97,48.1,560.12M,No,70.25,67.51,67.54,68.54,64.19,247
1467,GVBL.BO,28.88,30.39,0.01K,Health Technology,Biotechnology,59.0,68.0,58.0,29.0,1.1464,0.9757,0.72K,0.35K,38.2,20.1,88.21M,No,29.74,29.49,27.48,29.4,28.29,497
1471,TECHKGREEN.BO,130.2,137.0,6.00K,Commercial Services,Miscellaneous Commercial Services,59.0,43.0,52.0,63.0,6.6107,5.4071,5.09K,5.96K,173.15,95.5,961.23M,No,134.56,136.66,123.62,136.31,128.68,498
1472,LACTOSE.BO,105.4,107.1,3.25K,Health Technology,Pharmaceuticals: Major,59.0,62.0,62.0,63.0,5.4679,5.4321,10.18K,12.47K,136.45,76.01,1.33B,No,103.88,103.34,102.82,104.77,103.35,497
1476,WIREFABR.BO,166.65,166.65,0.00K,Process Industries,Textiles,59.0,84.0,80.0,62.0,1.25,0.6607,0.17K,0.01K,249.0,118.75,509.32M,No,164.33,148.71,152.43,151.71,148.72,499
1477,RUDRAECO.BO,22.35,22.96,40.60K,Process Industries,Textiles,59.0,50.0,80.0,77.0,1.2621,1.1164,124.15K,192.56K,37.58,13.96,2.67B,No,22.71,20.6,21.06,21.05,20.12,497
1479,HARISH.BO,65.99,64.95,0.57K,Producer Manufacturing,Industrial Machinery,59.0,82.0,54.0,29.0,2.9429,2.7321,2.26K,0.48K,75.5,52.4,220.14M,No,65.16,65.92,64.87,66.29,65.66,497
1481,SURAJ.BO,248.0,251.65,6.62K,Non-Energy Minerals,Steel,59.0,52.0,70.0,72.0,12.9643,12.9607,3.27K,1.77K,444.7,156.2,2.83B,No,252.59,244.48,227.86,247.29,233.52,497
1482,OML.BO,28.9,28.39,4.80K,Industrial Services,Environmental Services,59.0,49.0,47.0,89.0,1.6129,1.2993,11.75K,9.92K,85.0,13.75,227.22M,No,28.87,30.18,24.3,30.28,24.99,246
1491,SANGAMFIN.BO,37.86,35.58,0.42K,Finance,Finance/Rental/Leasing,58.0,69.0,47.0,31.0,2.0629,1.8321,1.95K,2.28K,50.0,25.55,1.76B,No,37.5,39.4,38.73,39.55,39.38,497
1496,PORWAL.BO,57.92,58.16,18.56K,Producer Manufacturing,Auto Parts: Oem,58.0,86.0,60.0,46.0,3.71,3.6679,22.55K,70.18K,70.88,42.3,874.59M,No,54.11,53.92,53.68,54.44,52.56,497
1498,SPACAPS.BO,215.0,209.0,0.00K,Finance,Investment Managers,58.0,81.0,59.0,21.0,2.4714,0.6857,0.01K,0.05K,231.4,161.05,660.96M,No,201.4,205.37,208.11,206.5,208.03,500
1500,JAGANLAM.BO,56.9,58.18,0.33K,Producer Manufacturing,Auto Parts: Oem,58.0,32.0,79.0,73.0,4.7229,4.6643,5.18K,4.58K,80.0,38.3,415.40M,No,58.68,56.03,56.29,56.9,52.6,497
1501,SUGALDAM.BO,67.45,65.0,0.08K,Commercial Services,Miscellaneous Commercial Services,58.0,83.0,73.0,54.0,3.6164,3.0986,1.64K,0.98K,117.7,51.25,421.56M,No,65.96,64.65,63.97,65.08,62.67,497
1507,AIRLTD.BO,567.2,567.2,0.00K,Consumer Durables,Homebuilding,58.0,63.0,46.0,18.0,0.0,0.0,0.00K,0.00K,713.95,410.55,12.71B,No,567.2,571.89,610.04,571.21,594.24,498
1510,NIKKIGL.BO,19.95,19.41,0.98K,Finance,Investment Banks/Brokers,58.0,55.0,63.0,12.0,1.0671,0.8486,7.30K,0.98K,22.87,14.27,68.22M,No,20.14,19.39,20.28,19.66,20.63,498
1511,APIS.BO,50.9,50.41,2.08K,Consumer Non-Durables,Food: Major Diversified,58.0,46.0,20.0,11.0,2.9543,2.9543,11.57K,23.98K,110.42,26.97,7.01B,No,51.48,53.76,62.08,53.38,57.95,498
1513,BIZOTIC.BO,124.7,123.16,66.00K,Consumer Non-Durables,Apparel/Footwear,58.0,97.0,71.0,8.0,7.2279,6.4614,69.79K,61.20K,175.5,73.33,7.21B,No,107.28,104.93,133.73,105.94,122.56,500
1515,PSTITANIA.BO,1105500.0,1100000.0,0.00K,Miscellaneous,Investment Trusts,58.0,67.0,62.0,31.0,13964.2857,5357.1429,,,1190000.0,990000.0,4.93B,No,1090025.0,1101210.0,1091715.57,1092050.0,1096987.04,291
1518,GTNINDS.BO,22.94,23.99,6.01K,Process Industries,Textiles,58.0,58.0,72.0,47.0,1.81,1.7964,3.72K,3.37K,30.62,17.0,458.80M,No,23.94,24.08,23.08,23.86,23.74,497
1521,ONEINDIG.BO,130.15,135.0,55.20K,Industrial Services,Engineering & Construction,58.0,53.0,,,4.0071,3.2,66.68K,10.56K,157.9,120.0,1.42B,No,135.36,,,,,40
1523,SAVERA.BO,160.1,158.5,5.13K,Consumer Services,Hotels/Resorts/Cruise Lines,58.0,46.0,59.0,20.0,6.9,6.7143,3.72K,2.71K,189.9,133.0,1.91B,No,162.47,163.99,157.2,163.35,161.07,497
1526,COCHMAL.BO,142.65,139.55,0.01K,Industrial Services,Oilfield Services/Equipment,58.0,57.0,66.0,44.0,8.1536,7.3107,0.18K,0.07K,173.4,110.2,252.76M,No,140.84,139.91,138.46,138.73,137.58,495
1527,BHARATROHAN.BO,122.0,120.65,6.40K,Technology Services,Packaged Software,57.0,24.0,51.0,15.0,5.5607,5.2071,19.16K,8.88K,164.0,86.05,2.43B,No,123.61,124.31,124.15,123.09,123.34,251
1529,POLYLINK.BO,21.56,21.9,12.39K,Process Industries,Chemicals: Specialty,57.0,48.0,54.0,69.0,1.4221,1.3871,6.70K,2.75K,26.0,14.52,476.72M,No,22.74,22.39,20.42,22.4,20.74,497
1534,FRONTCORP.BO,35.48,35.16,0.12K,Distribution Services,Wholesale Distributors,57.0,78.0,62.0,71.0,1.5907,1.2207,0.24K,0.45K,42.48,25.05,177.40M,No,34.01,33.72,33.45,33.88,33.52,497
1535,RAPIDIN.BO,82.0,82.0,0.00K,Finance,Investment Banks/Brokers,57.0,13.0,70.0,67.0,1.7736,0.9057,0.03K,0.02K,121.4,58.83,176.28M,No,91.04,84.36,83.5,85.33,82.02,495
1536,DYNAMIND.BO,121.15,126.8,1.58K,Process Industries,Industrial Specialties,57.0,92.0,70.0,65.0,9.375,9.3357,3.48K,7.45K,189.9,83.2,366.90M,No,128.46,115.04,110.33,116.26,109.34,497
1539,BAGMANE.BO,106.66,108.73,67.68K,Finance,Real Estate Investment Trusts,57.0,67.0,65.0,,2.6529,2.6507,102.54K,24.69K,112.0,102.0,362.64B,No,108.54,107.4,,107.6,,100
1541,SARTHAKGL.BO,41.0,42.47,0.15K,Finance,Investment Banks/Brokers,57.0,88.0,80.0,10.0,2.7986,2.7986,0.48K,0.48K,76.57,26.48,123.00M,No,37.0,38.31,37.75,38.18,39.22,498
1544,NIRAVCOM.BO,707.0,687.2,0.00K,Non-Energy Minerals,Aluminum,57.0,69.0,38.0,53.0,14.2571,5.8857,0.01K,0.00K,953.3,551.0,277.14M,No,690.95,706.75,717.84,696.8,742.53,498
1547,NATRAJPR.BO,38.3,38.3,0.02K,Process Industries,Agricultural Commodities/Milling,57.0,56.0,52.0,39.0,2.2764,2.2229,1.65K,0.71K,45.8,28.0,143.51M,No,40.0,39.21,35.81,39.77,37.78,497
1553,NARMP.BO,22.55,22.89,81.17K,Producer Manufacturing,Miscellaneous Manufacturing,57.0,38.0,48.0,73.0,1.0657,1.0336,64.99K,65.21K,34.55,14.56,816.99M,No,23.4,22.48,22.48,22.74,21.48,498
1557,TCMLMTD.BO,48.0,50.02,1.81K,Process Industries,Chemicals: Specialty,57.0,83.0,73.0,55.0,3.93,3.7579,5.13K,11.55K,81.0,36.53,358.94M,No,49.54,45.9,48.39,45.88,45.38,497
1562,NIKHILAD.BO,81.25,81.24,15.67K,Process Industries,Industrial Specialties,57.0,69.0,70.0,62.0,3.4336,3.415,12.50K,12.77K,122.0,56.78,3.73B,No,82.15,79.12,77.42,80.23,79.56,497
1576,PANCM.BO,109.25,115.0,0.32K,Non-Energy Minerals,Construction Materials,56.0,37.0,82.0,32.0,6.4071,5.3714,0.29K,0.27K,149.9,88.5,876.34M,No,116.12,114.25,116.79,112.58,110.52,497
1577,YORKEXP.BO,60.46,63.64,0.10K,Process Industries,Textiles,56.0,90.0,76.0,18.0,2.9557,2.1279,0.69K,0.58K,79.0,47.1,203.31M,No,64.01,58.34,59.15,59.23,58.02,497
1583,SPCAPIT.BO,54.47,56.8,4.00K,Finance,Investment Banks/Brokers,56.0,77.0,64.0,36.0,3.3186,3.1729,0.63K,0.57K,76.79,47.5,327.48M,No,53.65,52.35,55.5,52.47,54.55,497
1584,PERFEPA.BO,79.75,81.54,0.36K,Process Industries,Containers/Packaging,56.0,81.0,78.0,28.0,4.4771,3.9814,0.88K,2.15K,104.7,65.0,531.10M,No,73.27,75.48,79.63,75.74,77.17,498
1588,CAPRO.BO,47.76,48.0,0.01K,Commercial Services,Miscellaneous Commercial Services,56.0,82.0,62.0,33.0,0.7264,0.5529,0.33K,0.11K,81.0,37.1,219.70M,No,47.62,46.57,53.07,46.74,48.32,497
1589,AVEER.BO,607.5,607.5,1.96K,Consumer Non-Durables,Food: Major Diversified,56.0,84.0,68.0,51.0,8.9607,5.7179,0.52K,0.87K,773.3,475.5,2.72B,No,572.16,581.8,565.04,582.75,561.17,499
1590,PGFOILQ.BO,199.5,203.1,10.14K,Process Industries,Containers/Packaging,56.0,32.0,57.0,24.0,11.4643,11.4571,20.56K,13.47K,294.0,165.5,2.35B,No,215.76,210.38,215.12,212.78,208.37,497
1594,DAPS.BO,22.0,22.0,8.00K,Commercial Services,Advertising/Marketing Services,56.0,12.0,41.0,42.0,0.7207,0.6879,2.29K,6.40K,27.9,12.01,113.85M,No,24.13,24.28,21.56,24.03,22.27,498
1595,EASTRED.BO,29.58,31.0,2.50K,Consumer Services,Other Consumer Services,56.0,58.0,63.0,32.0,2.5307,2.2843,1.15K,0.78K,35.99,23.2,154.79M,No,30.18,30.11,29.56,30.04,29.12,497
1597,BAPACK.BO,196.4,205.9,0.23K,Process Industries,Containers/Packaging,56.0,57.0,68.0,68.0,15.1393,12.1536,0.52K,0.24K,253.75,141.15,974.24M,No,202.86,199.6,187.7,198.85,184.31,496
1600,SUPERSHAKT.BO,251.0,279.0,0.30K,Non-Energy Minerals,Steel,56.0,25.0,67.0,58.0,6.3429,2.85,0.86K,5.19K,320.0,180.05,2.89B,No,293.27,271.65,246.47,270.83,242.36,500
1603,TEEAI.BO,115.05,115.95,0.27K,Process Industries,Chemicals: Agricultural,55.0,60.0,57.0,46.0,6.25,5.45,0.54K,0.26K,140.3,99.0,645.43M,No,115.6,114.98,114.82,115.05,114.83,497
1605,CONCORD.BO,75.7,74.53,3.39K,Health Technology,Pharmaceuticals: Major,55.0,29.0,54.0,36.0,4.7243,4.5014,5.81K,6.30K,92.52,61.0,997.35M,No,77.99,75.61,77.98,76.4,76.93,497
1606,SSPRL.BO,129.0,128.75,2.00K,Consumer Services,Movies/Entertainment,55.0,88.0,,,6.5964,6.0,150.63K,63.80K,138.9,110.1,2.93B,No,125.07,,,125.62,,44
1613,NAM.BO,83.0,84.9,0.00K,Finance,Investment Banks/Brokers,55.0,84.0,72.0,18.0,2.6729,1.4707,0.10K,0.06K,105.97,67.65,447.54M,No,77.64,85.33,82.84,84.29,83.38,497
1621,OSWALOR.BO,115.15,115.15,0.02K,Process Industries,Agricultural Commodities/Milling,55.0,51.0,44.0,18.0,0.1643,0.0821,0.00K,0.00K,143.0,89.97,1.49B,No,116.93,118.42,124.1,118.14,121.06,498
1622,IECEDU.BO,24.83,24.67,5.81K,Commercial Services,Miscellaneous Commercial Services,55.0,70.0,77.0,10.0,2.8464,2.7271,17.94K,43.45K,46.58,19.5,378.91M,No,26.16,23.68,25.14,24.15,24.84,497
1623,OPCHAINS.BO,30.9,30.9,5.00K,Distribution Services,Wholesale Distributors,55.0,74.0,62.0,29.0,0.0,0.0,0.16K,0.16K,31.01,29.5,211.66M,No,30.55,30.06,30.49,30.18,30.32,498
1624,SHRAJOI.BO,25.41,24.2,0.50K,Energy Minerals,Integrated Oil,55.0,78.0,82.0,51.0,0.0864,0.0,0.03K,0.03K,40.5,21.03,104.00M,No,24.26,23.68,26.37,23.86,22.63,499
1627,COSYN.BO,21.5,20.99,0.27K,Technology Services,Packaged Software,55.0,18.0,72.0,40.0,1.3464,1.305,2.30K,1.53K,27.5,18.65,161.25M,No,22.71,22.2,22.0,22.31,21.55,497
1630,HELPAGE.BO,22.67,23.99,0.03K,Finance,Investment Banks/Brokers,55.0,80.0,68.0,20.0,1.2621,1.2164,0.73K,0.79K,33.8,18.0,225.51M,No,22.34,21.75,22.41,21.9,22.24,497
1634,SALGUTI.BO,27.9,27.9,0.15K,Process Industries,Textiles,55.0,50.0,41.0,26.0,0.3714,0.31,0.08K,0.05K,38.47,21.37,210.27M,No,27.73,30.99,28.79,30.36,29.87,497
1635,TALBROSENG.BO,654.35,649.75,5.25K,Non-Energy Minerals,Steel,55.0,74.0,42.0,39.0,20.4036,20.4036,2.37K,1.69K,766.0,560.5,3.32B,No,634.66,645.61,653.16,639.48,657.87,497
1637,MNFL.BO,152.1,165.0,64.80K,Consumer Non-Durables,Food: Specialty/Candy,55.0,43.0,55.0,13.0,4.425,0.8714,3.13K,2.88K,186.0,118.4,1.91B,No,160.52,160.63,161.55,158.64,160.36,207
1643,PRIMEPRO.BO,25.88,27.0,5.46K,Finance,Real Estate Development,54.0,87.0,29.0,73.0,2.2036,2.1743,2.87K,3.15K,35.59,15.35,439.21M,No,25.65,26.1,25.44,26.04,24.94,497
1645,UCIL.BO,102.85,102.95,1.96K,Finance,Investment Banks/Brokers,54.0,73.0,53.0,54.0,2.6286,2.3679,9.32K,3.82K,129.51,61.0,4.55B,No,102.37,103.51,100.52,104.01,100.89,498
1647,VPL.BO,38.0,40.0,2.40K,Process Industries,Agricultural Commodities/Milling,54.0,87.0,72.0,55.0,2.3993,1.975,1.86K,3.96K,53.95,30.1,235.20M,No,35.51,34.49,35.27,34.67,34.2,499
1653,ECOPLAST.BO,470.1,470.0,0.57K,Process Industries,Containers/Packaging,54.0,84.0,65.0,49.0,14.15,13.4179,1.28K,0.51K,554.95,370.4,2.24B,No,481.15,472.04,467.57,470.61,467.1,497
1656,TRUSTEDGE.BO,134.5,132.0,0.01K,Finance,Finance/Rental/Leasing,54.0,71.0,38.0,21.0,4.6321,4.4714,2.45K,1.48K,178.5,78.0,1.24B,No,135.11,134.35,139.08,134.52,144.25,497
1657,RUDRAGAS.BO,73.88,69.0,9.00K,Utilities,Gas Distributors,54.0,50.0,56.0,64.0,2.8443,1.9929,4.97K,2.70K,103.03,55.6,616.01M,No,73.65,71.75,71.98,72.23,73.51,497
1658,NEELKANTH.BO,40.6,39.95,0.15K,Process Industries,Agricultural Commodities/Milling,54.0,70.0,60.0,73.0,1.7807,1.6057,0.29K,0.31K,57.0,27.16,176.98M,No,34.66,37.08,42.09,36.83,37.96,497
1659,CNCRD.BO,2280.7,2321.7,4.45K,Electronic Technology,Electronic Equipment/Instruments,54.0,76.0,12.0,52.0,79.4821,79.4821,6.77K,4.77K,3069.85,1645.0,23.68B,No,2287.06,2357.07,2477.72,2347.01,2475.19,498
1663,ENS.BO,101.2,101.2,27.60K,Technology Services,Data Processing Services,54.0,58.0,,,1.4,1.4,138.51K,50.64K,110.64,95.76,1.38B,No,101.77,,,,,29
1664,JOINDRE.BO,47.45,47.53,0.46K,Finance,Investment Banks/Brokers,54.0,53.0,57.0,49.0,1.2093,1.1507,4.10K,1.56K,56.1,39.5,656.54M,No,48.47,49.16,47.33,49.12,48.0,497
1666,WSFX.BO,61.2,66.54,8.00K,Commercial Services,Miscellaneous Commercial Services,54.0,40.0,58.0,29.0,3.6821,3.5771,2.61K,3.89K,76.86,53.8,775.61M,No,64.18,65.07,62.56,64.62,62.76,497
1669,SSL.BO,41.0,42.71,3.20K,Commercial Services,Miscellaneous Commercial Services,54.0,7.0,88.0,44.0,1.6793,1.185,12.82K,12.32K,67.0,29.35,503.07M,No,46.56,43.07,42.88,44.0,39.07,497
1670,TOTEM.BO,145.65,152.45,32.71K,Producer Manufacturing,Industrial Machinery,54.0,68.0,44.0,69.0,10.725,10.4179,38.75K,27.44K,203.0,103.15,7.51B,No,160.28,145.22,140.82,146.73,142.47,497
1672,NIYOGIN.BO,48.44,52.13,125.31K,Finance,Finance/Rental/Leasing,54.0,13.0,75.0,44.0,3.7886,3.7736,96.13K,52.67K,72.87,30.2,5.39B,No,53.09,51.77,46.42,52.61,46.5,497
1679,MEHIF.BO,29.4,28.0,0.02K,Finance,Investment Banks/Brokers,53.0,69.0,62.0,29.0,0.3864,0.2157,0.10K,0.23K,36.82,24.06,147.00M,No,28.42,28.42,29.97,28.42,29.24,499
1680,VINYOFL.BO,51.55,50.09,0.78K,Process Industries,Industrial Specialties,53.0,70.0,58.0,71.0,2.1071,2.0479,0.79K,0.52K,67.0,35.95,222.64M,No,50.32,51.7,51.23,51.84,51.07,497
1683,ALKOSIGN.BO,61.6,62.24,2.25K,Producer Manufacturing,Miscellaneous Manufacturing,53.0,39.0,68.0,30.0,2.2193,1.3036,8.47K,7.76K,84.8,50.07,664.82M,No,59.8,61.39,63.63,61.37,60.83,499
1686,ATENPAPERS.BO,23.04,23.08,7.20K,Distribution Services,Wholesale Distributors,53.0,84.0,68.0,76.0,1.5686,1.5064,3.73K,6.24K,30.0,14.01,237.31M,No,21.02,20.86,21.74,20.97,20.97,319
1687,SIHORA.BO,60.0,60.0,4.00K,Process Industries,Textiles,53.0,44.0,60.0,39.0,2.1614,1.3443,2.13K,6.60K,70.0,50.0,319.64M,No,59.89,60.06,59.41,60.21,59.68,240
1694,COSMOFE.BO,170.2,165.05,1.74K,Producer Manufacturing,Metal Fabrication,53.0,7.0,15.0,87.0,11.0143,10.8036,3.63K,3.59K,254.8,89.95,2.05B,No,183.69,199.76,166.22,197.25,174.78,497
1695,GPAPL.BO,75.0,78.93,104.00K,Consumer Non-Durables,Food: Specialty/Candy,53.0,33.0,63.0,26.0,3.8236,2.9793,10.89K,14.56K,99.54,61.1,769.65M,No,77.03,74.07,79.8,74.05,76.59,248
1696,LIBORD.BO,19.0,19.0,0.00K,Finance,Investment Banks/Brokers,53.0,15.0,40.0,53.0,0.0893,0.0,0.26K,0.31K,28.63,15.31,95.00M,No,19.88,19.93,18.43,19.89,18.75,498
1699,AMWILL.BO,43.0,44.49,9.60K,Consumer Non-Durables,Household/Personal Care,53.0,60.0,65.0,75.0,1.0607,0.6629,9.71K,15.72K,57.0,28.91,860.15M,No,43.31,42.94,39.32,42.74,38.99,407
1700,AIKPIPES.BO,27.0,27.0,3.20K,Producer Manufacturing,Miscellaneous Manufacturing,53.0,41.0,83.0,65.0,0.6343,0.1214,2.54K,0.96K,65.95,19.02,171.80M,No,29.8,28.3,26.33,28.6,26.21,498
1702,NANTA.BO,333.05,350.55,39.60K,Distribution Services,Wholesale Distributors,53.0,75.0,1.0,50.0,20.4679,17.2286,26.29K,33.36K,651.4,234.0,1.71B,No,357.19,369.87,,356.04,396.69,188
1704,NARMADESH.BO,300.6,316.4,0.24K,Producer Manufacturing,Metal Fabrication,53.0,41.0,39.0,90.0,3.4536,0.2464,4.21K,0.07K,446.75,150.0,932.10M,No,335.91,320.13,,319.64,290.89,174
1708,DAULAT.BO,30.48,28.97,1.25K,Finance,Investment Banks/Brokers,53.0,81.0,63.0,57.0,2.2029,2.1457,1.31K,2.94K,41.4,24.1,152.40M,No,28.8,28.02,29.88,28.23,29.43,497
1710,RAJABAH.BO,4950.0,4925.0,0.01K,Finance,Real Estate Development,53.0,65.0,41.0,46.0,58.2643,13.7107,0.02K,0.01K,6099.0,4135.1,1.24B,No,5000.77,5041.54,4894.06,5053.43,5057.77,500
1711,CEETAIN.BO,37.8,37.01,0.13K,Producer Manufacturing,Building Products,53.0,46.0,73.0,13.0,5.5586,5.4429,1.07K,0.63K,50.69,30.4,548.19M,No,38.1,39.45,40.87,39.56,41.19,497
1712,YUG.BO,22.8,22.8,5.17K,Process Industries,Industrial Specialties,53.0,51.0,20.0,80.0,0.0857,0.0,2.34K,0.52K,33.0,11.33,368.98M,No,23.64,23.49,19.92,23.42,20.05,498
1720,STML.BO,75.6,75.6,1.20K,Communications,Specialty Telecommunications,52.0,86.0,77.0,79.0,2.1293,0.7929,2.68K,5.16K,113.65,49.0,731.52M,No,74.04,70.31,72.79,71.03,67.59,496
1725,BIRET.BO,330.76,336.38,29.10K,Finance,Real Estate Investment Trusts,52.0,51.0,55.0,29.0,4.7229,4.6121,47.86K,26.32K,376.5,311.26,274.49B,No,338.4,341.11,336.08,340.23,331.98,497
1729,HIGHENE.BO,572.05,580.4,5.47K,Producer Manufacturing,Electrical Products,52.0,56.0,63.0,40.0,27.6571,27.6571,11.58K,11.14K,675.0,470.0,5.13B,No,594.67,587.18,566.7,590.42,572.01,497
1730,ASARFI.BO,177.0,183.4,22.00K,Health Services,Hospital/Nursing Management,52.0,7.0,14.0,31.0,9.3214,8.9071,41.61K,57.10K,256.95,125.0,3.48B,No,184.21,204.85,196.47,201.37,203.66,497
1732,DIANATEA.BO,27.05,28.58,24.32K,Process Industries,Agricultural Commodities/Milling,52.0,35.0,65.0,50.0,1.4686,1.4421,12.17K,4.93K,34.75,22.75,405.51M,No,28.8,27.97,26.89,28.42,26.69,497
1733,MIVENMACH.BO,77.0,75.0,0.02K,Producer Manufacturing,Industrial Machinery,52.0,91.0,59.0,56.0,1.9629,0.8607,0.50K,0.03K,103.38,53.25,231.27M,No,66.95,75.4,79.66,75.64,79.01,498
1734,RDBRL.BO,159.75,161.6,1.16K,Process Industries,Containers/Packaging,52.0,44.0,69.0,25.0,6.2214,6.2214,11.41K,6.99K,192.0,138.25,2.83B,No,163.85,165.48,163.94,166.47,160.59,497
1735,KJMCCORP.BO,53.92,54.09,0.80K,Finance,Investment Banks/Brokers,52.0,7.0,55.0,55.0,3.5986,3.5107,1.24K,0.43K,83.49,41.0,211.71M,No,59.28,59.07,54.38,59.89,55.3,497
1736,RATHIST.BO,20.44,21.51,131.83K,Non-Energy Minerals,Steel,52.0,11.0,71.0,75.0,1.0857,1.085,99.92K,49.45K,28.99,13.5,1.77B,No,21.64,24.03,22.2,23.81,21.08,497
1738,FIL.BO,213.5,211.0,114.00K,Consumer Non-Durables,Apparel/Footwear,52.0,74.0,58.0,30.0,7.1357,6.0679,8.89K,2.34K,230.0,178.0,1.68B,No,211.03,207.08,,206.56,210.71,152
1739,EMBASSY.BO,428.51,434.3,9.09K,Finance,Real Estate Investment Trusts,52.0,55.0,50.0,27.0,5.3093,5.0643,165.70K,87.56K,461.99,409.97,406.18B,No,438.33,438.89,434.73,439.09,434.46,497
1740,KEMP.BO,1098.2,1098.2,0.01K,Finance,Real Estate Development,52.0,85.0,43.0,58.0,11.7786,3.7929,0.01K,0.00K,1344.85,868.3,1.19B,No,1088.36,1071.64,1053.79,1070.06,1059.27,498
1743,CRANEX.BO,79.01,79.8,1.32K,Producer Manufacturing,Trucks/Construction/Farm Machinery,52.0,71.0,17.0,59.0,4.0707,4.0286,4.67K,4.22K,114.0,56.0,633.66M,No,79.67,84.98,78.86,83.66,81.14,497
1748,JINDCAP.BO,33.27,34.65,0.46K,Miscellaneous,Investment Trusts,52.0,25.0,67.0,51.0,2.2257,2.1479,3.80K,2.64K,45.65,26.18,239.81M,No,33.96,32.66,33.29,32.74,32.82,497
1753,KLASSROOM.BO,165.0,170.6,5.60K,Technology Services,Packaged Software,51.0,26.0,,,7.0429,6.6679,48.45K,9.76K,224.0,158.45,1.54B,No,174.62,,,,,39
1754,PAOS.BO,50.0,48.0,0.25K,Consumer Non-Durables,Household/Personal Care,51.0,92.0,57.0,30.0,0.7257,0.5079,0.37K,0.11K,60.1,38.14,305.18M,No,45.65,44.29,49.18,44.87,47.71,498
1755,BHAGWOX.BO,38.89,40.88,1.05K,Energy Minerals,Oil & Gas Production,51.0,78.0,73.0,35.0,2.9614,2.4764,0.72K,0.56K,48.76,31.5,89.95M,No,38.58,38.15,38.15,38.39,36.49,497
1757,ARISINT.BO,397.15,397.15,0.07K,Producer Manufacturing,Auto Parts: Oem,51.0,40.0,54.0,51.0,0.0,0.0,0.01K,0.01K,608.0,317.1,595.72M,No,397.15,403.68,378.04,403.62,386.74,498
1760,NUTRICIRCLE.BO,270.0,270.0,0.05K,Health Technology,Pharmaceuticals: Generic,51.0,82.0,43.0,4.0,0.0,0.0,0.04K,0.04K,411.4,186.0,3.00B,No,269.27,262.84,320.33,261.98,292.26,497
1764,RELICTEC.BO,71.99,71.05,0.13K,Finance,Finance/Rental/Leasing,51.0,21.0,67.0,33.0,6.8221,6.49,0.53K,0.43K,91.45,52.02,402.51M,No,69.41,67.52,71.26,67.37,68.61,499
1766,HARSHDEEP.BO,88.0,89.21,1.50K,Consumer Durables,Home Furnishings,51.0,72.0,61.0,48.0,1.5814,1.045,8.34K,4.50K,107.0,75.5,1.42B,No,89.1,85.61,88.74,86.35,85.87,498
1771,TAIIND.BO,25.67,26.03,1.03K,Distribution Services,Wholesale Distributors,51.0,76.0,70.0,46.0,5.1007,5.0807,1.08K,1.18K,36.68,20.7,154.02M,No,26.49,25.77,26.49,26.03,25.39,498
1774,RIKHAV.BO,51.73,52.0,128.00K,Finance,Investment Banks/Brokers,51.0,88.0,68.0,63.0,3.4564,3.1036,30.07K,42.72K,77.5,34.0,1.98B,No,49.91,47.79,47.59,47.65,47.01,420
1775,IRONWOOD.BO,43.5,44.11,5.91K,Consumer Services,Other Consumer Services,51.0,17.0,32.0,43.0,3.3836,3.3093,15.12K,9.66K,62.8,37.0,729.96M,No,46.08,48.65,47.03,47.81,46.08,497
1777,GRATEXI.BO,20.45,20.45,0.10K,Process Industries,Pulp & Paper,51.0,9.0,8.0,55.0,0.4643,0.3064,0.85K,0.69K,28.06,17.1,62.06M,No,21.17,23.52,21.29,22.9,22.67,496
1780,DSINVEST.BO,368.5,376.0,0.11K,Finance,Investment Banks/Brokers,51.0,81.0,57.0,35.0,3.7429,3.0536,0.03K,0.01K,461.6,299.55,116.10M,No,369.42,371.44,370.6,369.51,359.56,499
1787,KVTOYS.BO,266.95,270.0,6.00K,Consumer Durables,Recreational Products,50.0,57.0,63.0,72.0,14.6107,12.4929,11.44K,4.62K,363.9,180.0,1.68B,No,278.56,277.07,,278.34,263.04,199
1795,GUJINTRX.BO,426.2,428.55,1.89K,Non-Energy Minerals,Steel,50.0,49.0,49.0,29.0,15.025,13.2536,3.43K,6.53K,480.0,398.0,1.46B,No,435.42,429.62,434.94,428.24,434.31,497
1799,KEYCORP.BO,71.8,70.0,1.04K,Finance,Finance/Rental/Leasing,50.0,57.0,79.0,54.0,5.1421,4.8721,1.33K,0.64K,121.0,56.3,430.80M,No,71.9,74.2,74.88,74.67,71.18,497
1801,FUTSOL.BO,45.85,45.85,0.01K,Commercial Services,Miscellaneous Commercial Services,50.0,88.0,49.0,50.0,0.4929,0.23,0.09K,0.05K,61.95,33.25,480.21M,No,44.02,44.02,43.55,43.93,43.0,497
1804,ISHITADR.BO,76.2,74.0,17.06K,Health Technology,Pharmaceuticals: Other,50.0,79.0,67.0,39.0,1.93,1.6564,1.43K,0.80K,90.85,66.0,227.86M,No,72.93,73.65,74.89,74.39,75.87,497
1807,SAMRATFORG.BO,224.95,225.0,0.05K,Producer Manufacturing,Industrial Machinery,50.0,19.0,47.0,69.0,9.0929,6.1607,0.05K,0.05K,310.0,162.25,1.12B,No,223.35,228.66,219.45,227.61,217.98,497
1811,HILIKS.BO,61.1,63.52,33.44K,Commercial Services,Miscellaneous Commercial Services,50.0,48.0,4.0,78.0,3.9471,3.7786,17.13K,35.18K,89.6,38.63,797.36M,No,63.84,66.88,57.52,65.87,60.21,497
1820,SPTRSHI.BO,30.2,29.62,2.74K,Process Industries,Agricultural Commodities/Milling,50.0,95.0,75.0,4.0,2.0721,1.945,3.27K,1.21K,49.0,19.5,1.03B,No,28.05,24.85,33.7,25.1,31.27,497
1822,AXENTRA.BO,295.65,295.65,23.79K,Finance,Real Estate Development,50.0,46.0,34.0,9.0,0.425,0.0,0.38K,2.38K,371.85,222.7,5.82B,No,300.11,306.0,338.9,304.66,328.93,498
1823,POLSON.BO,10601.7,10601.7002,0.00K,Process Industries,Chemicals: Specialty,50.0,29.0,61.0,41.0,60.3786,32.95,0.01K,0.01K,12370.0,9530.0,1.27B,No,10997.82,11230.61,11202.51,11254.41,11090.41,497
1833,ALPHAIND.BO,138.0,138.9,2.40K,Producer Manufacturing,Metal Fabrication,49.0,61.0,46.0,5.0,5.5143,4.3,0.53K,1.56K,187.0,91.1,1.45B,No,144.21,144.22,154.37,142.12,155.65,498
1834,NEOINFRA.BO,42.75,43.1,0.21K,Finance,Real Estate Development,49.0,71.0,48.0,32.0,6.23,6.0557,2.91K,3.48K,54.0,31.66,226.87M,No,43.18,41.99,41.04,41.6,42.24,497
1841,BNRUDY.BO,37.59,36.89,0.01K,Commercial Services,Miscellaneous Commercial Services,49.0,40.0,67.0,46.0,2.5793,2.4479,1.26K,0.15K,50.13,28.0,112.77M,No,37.46,37.32,35.9,37.32,34.12,497
1843,HINDTIN.BO,110.1,113.0,2.35K,Process Industries,Containers/Packaging,49.0,30.0,63.0,58.0,5.1179,4.7071,8.34K,5.64K,162.0,87.05,1.15B,No,114.23,110.84,112.73,112.03,108.24,497
1848,GUJTERC.BO,35.16,36.09,3.69K,Health Technology,Pharmaceuticals: Major,49.0,20.0,68.0,44.0,2.46,2.05,3.95K,2.28K,59.78,29.0,273.94M,No,38.73,38.24,38.42,38.91,36.47,497
1855,KIMIABL.BO,31.0,32.0,6.07K,Health Technology,Pharmaceuticals: Major,49.0,77.0,51.0,63.0,2.0786,2.0786,4.56K,4.78K,43.28,23.2,1.47B,No,29.76,29.57,31.98,29.48,31.89,497
1863,DOLFIN.BO,173.0,173.85,0.10K,Consumer Durables,Automotive Aftermarket,48.0,73.0,63.0,27.0,7.1643,7.0679,3.84K,2.53K,199.95,160.0,1.74B,No,172.25,169.68,172.94,170.79,171.79,497
1868,KIRANPR.BO,24.8,24.8,1.35K,Commercial Services,Commercial Printing/Forms,48.0,7.0,14.0,18.0,0.34,0.0714,0.05K,0.21K,30.98,20.75,124.07M,No,27.91,28.84,27.61,28.38,28.02,496
1869,PSCELESTIA.BO,1000500.0,1001000.5,0.00K,Finance,Real Estate Investment Trusts,48.0,56.0,51.0,,2642.8214,1392.7857,0.00K,0.00K,1039999.0,991000.0,2.33B,No,1000305.07,1007381.24,,1005660.0,,111
1870,KANDAGIRI.BO,41.65,41.65,7.80K,Process Industries,Textiles,48.0,65.0,64.0,26.0,0.0964,0.0036,0.29K,1.18K,51.72,37.55,160.32M,No,42.24,41.68,42.08,41.65,41.66,497
1871,VJLAXMIE.BO,38.75,40.7,1.07K,Producer Manufacturing,Industrial Machinery,48.0,62.0,67.0,75.0,1.5379,1.3,0.56K,0.29K,63.09,26.0,196.54M,No,39.81,39.13,40.04,39.12,37.35,497
1872,PARSHVA.BO,180.0,184.3,0.01K,Distribution Services,Wholesale Distributors,48.0,61.0,55.0,45.0,2.6357,0.7286,0.04K,0.01K,379.0,142.0,1.83B,No,185.27,178.94,172.06,179.95,174.53,496
1875,NPRFIN.BO,23.8,24.0,3.20K,Finance,Finance/Rental/Leasing,48.0,92.0,79.0,58.0,1.31,1.235,1.44K,0.68K,39.5,18.0,142.55M,No,24.01,22.07,23.74,21.9,22.04,497
1876,MODWOOL.BO,60.02,59.88,0.01K,Process Industries,Textiles,48.0,6.0,69.0,19.0,0.2336,0.0,0.01K,0.01K,74.75,51.6,54.62M,No,62.19,64.67,63.48,64.84,62.71,499
1879,MPKSTEELS.BO,112.0,94.1,0.80K,Non-Energy Minerals,Steel,48.0,91.0,39.0,12.0,6.6629,5.4593,11.58K,3.44K,152.8,73.65,1.14B,No,95.54,96.63,116.16,97.22,113.25,247
1880,REMAGNET.BO,378.0,397.85,43.92K,Non-Energy Minerals,Precious Metals,48.0,35.0,42.0,4.0,20.0871,19.9775,46.67K,72.20K,590.0,198.91,49.03B,No,367.6,366.52,422.93,365.41,406.49,501
1883,EVANS.BO,84.5,85.32,4.00K,Consumer Services,Other Consumer Services,48.0,86.0,86.0,53.0,1.3564,1.0186,4.53K,6.40K,175.0,60.0,463.74M,No,81.63,76.41,88.63,77.12,76.46,497
1886,PGCRL.BO,111.4,111.9,1.20K,Consumer Services,Hotels/Resorts/Cruise Lines,48.0,52.0,48.0,11.0,2.5393,1.8357,5.17K,1.50K,183.65,82.1,298.23M,No,113.24,114.17,119.18,114.36,119.91,498
1892,ARROWHEAD.BO,70.0,72.5,0.60K,Process Industries,Containers/Packaging,48.0,22.0,55.0,30.0,1.4429,0.8536,0.44K,0.90K,90.0,68.0,130.99M,No,74.41,72.38,71.91,72.87,71.73,497
1894,AMCOIND.BO,66.58,66.0,0.54K,Producer Manufacturing,Industrial Machinery,48.0,60.0,72.0,39.0,3.2529,3.0729,2.15K,0.50K,104.99,56.5,273.64M,No,64.7,66.84,68.81,66.07,66.71,497
1895,DHANFAB.BO,53.04,53.04,0.00K,Process Industries,Textiles,48.0,70.0,66.0,25.0,0.2279,0.1393,0.08K,0.00K,66.0,46.81,455.14M,No,52.69,51.37,53.83,52.08,52.44,496
1902,SUNILTX.BO,81.5,81.6,0.20K,Consumer Non-Durables,Apparel/Footwear,47.0,89.0,43.0,69.0,2.2707,0.8129,0.17K,0.49K,97.5,59.5,342.30M,No,78.38,77.73,81.16,77.98,79.15,498
1903,KRT.BO,112.24,113.28,14.37K,Finance,Real Estate Investment Trusts,47.0,72.0,54.0,23.0,1.1421,1.1421,255.65K,245.31K,129.49,108.0,497.72B,No,113.26,114.88,118.01,114.69,115.65,280
1904,OCTAVIUSPL.BO,43.0,43.68,0.10K,Process Industries,Agricultural Commodities/Milling,47.0,15.0,50.0,35.0,0.5657,0.0,0.19K,0.04K,57.59,36.5,129.00M,No,45.91,45.42,44.59,45.23,44.84,498
1906,BENGALT.BO,137.0,141.0,1.19K,Consumer Non-Durables,Food: Major Diversified,47.0,53.0,49.0,26.0,3.1821,3.1036,0.27K,0.48K,169.0,128.1,1.23B,No,139.46,141.17,146.87,140.82,144.73,497
1908,SCANPRO.BO,102.5,99.6,0.14K,Industrial Services,Engineering & Construction,47.0,12.0,15.0,16.0,4.825,4.6036,0.49K,0.09K,140.9,72.0,294.51M,No,110.06,113.39,109.17,114.21,118.18,496
1911,ROOPAIND.BO,46.9,45.9,3.50K,Health Technology,Pharmaceuticals: Major,47.0,38.0,45.0,52.0,3.2679,3.2671,0.88K,1.36K,63.4,38.1,368.89M,No,45.6,47.68,48.32,47.61,49.19,498
1914,B2BSOFT.BO,22.64,22.5,11.19K,Technology Services,Information Technology Services,47.0,50.0,44.0,5.0,1.7629,1.7593,21.89K,23.91K,38.0,15.81,381.92M,No,22.82,24.22,25.27,23.81,25.92,499
1915,AUROLAB.BO,243.8,245.0,0.13K,Health Technology,Pharmaceuticals: Major,47.0,80.0,49.0,15.0,15.2214,15.2214,4.61K,3.97K,317.0,159.0,1.52B,No,249.36,241.67,255.08,242.35,254.14,497
1916,JHACC.BO,197.5,199.0,0.81K,Finance,Investment Banks/Brokers,47.0,88.0,59.0,31.0,11.6393,11.6357,3.33K,5.30K,242.95,146.0,2.19B,No,190.34,183.31,186.27,185.62,184.53,497
1919,SSFLPP.BO,114.5,114.5,2.78K,Finance,Finance/Rental/Leasing,47.0,63.0,15.0,54.0,0.0,0.0,0.95K,0.95K,182.0,67.1,10.15B,No,114.5,122.9,124.28,119.49,120.9,279
1920,SHRDAIS.BO,163.0,163.5,0.00K,Non-Energy Minerals,Steel,47.0,79.0,69.0,62.0,6.2143,5.7321,0.71K,0.43K,289.5,125.0,827.52M,No,152.43,154.23,163.85,152.79,156.45,497
1921,ABIRAFN.BO,34.5,35.0,0.02K,Finance,Finance/Rental/Leasing,47.0,70.0,67.0,47.0,1.1614,1.0193,0.59K,0.43K,48.19,27.89,186.30M,No,33.47,32.85,33.94,32.93,32.34,498
1923,AXELPOLY.BO,43.69,44.54,0.65K,Process Industries,Industrial Specialties,47.0,23.0,66.0,25.0,6.3014,6.21,1.64K,0.37K,59.5,36.7,480.64M,No,46.48,47.06,45.61,46.77,44.81,497
1926,CONART.BO,85.83,88.64,17.68K,Industrial Services,Engineering & Construction,47.0,14.0,41.0,68.0,6.1021,6.1021,10.44K,14.11K,119.0,60.0,539.01M,No,91.73,93.39,88.19,93.68,90.08,498
1929,JETKINGQ.BO,120.1,120.15,6.91K,Consumer Services,Other Consumer Services,47.0,65.0,81.0,60.0,8.7036,8.6536,12.15K,9.60K,234.15,90.55,757.07M,No,124.89,115.2,121.31,119.95,113.41,497
1930,JIGAR.BO,64.99,59.95,6.00K,Producer Manufacturing,Electrical Products,47.0,87.0,31.0,42.0,1.4529,1.385,0.88K,0.60K,76.9,50.0,585.69M,No,59.97,61.66,64.29,61.32,63.52,496
1933,EVERFIN.BO,109.1,105.75,0.02K,Process Industries,Textiles,47.0,75.0,37.0,60.0,4.3929,3.8393,0.25K,0.13K,143.0,77.5,676.42M,No,107.59,106.96,106.35,106.0,107.47,498
1939,GMPL.BO,65.3,65.3,65.10K,Process Industries,Industrial Specialties,46.0,70.0,39.0,36.0,0.175,0.0464,2.63K,6.58K,91.8,52.3,878.91M,No,63.46,67.16,66.87,66.8,66.64,497
1940,SOLIDSTON.BO,26.0,25.75,0.53K,Non-Energy Minerals,Construction Materials,46.0,61.0,69.0,37.0,1.5686,1.36,1.01K,1.84K,39.95,21.66,139.88M,No,26.1,25.69,26.48,25.78,25.87,497
1949,BARODARY.BO,119.7,124.45,0.69K,Process Industries,Textiles,46.0,46.0,41.0,51.0,5.0214,4.9107,0.98K,0.48K,142.95,100.1,2.74B,No,123.47,125.31,120.29,124.66,122.76,497
1951,MISHDESIGN.BO,36.94,33.65,2.50K,Retail Trade,Apparel/Footwear Retail,46.0,89.0,78.0,29.0,2.5879,1.5514,1.42K,1.25K,70.75,28.08,130.54M,No,35.68,33.91,39.98,34.82,36.26,498
1952,MGIL.BO,41.89,41.99,3.18K,Finance,Investment Banks/Brokers,46.0,87.0,70.0,63.0,4.7379,4.6357,12.55K,5.97K,70.9,26.51,209.46M,No,40.69,38.85,41.86,38.98,39.57,497
1960,INDAG.BO,105.45,101.35,16.11K,Producer Manufacturing,Miscellaneous Manufacturing,46.0,15.0,52.0,55.0,6.1393,6.1393,9.90K,10.72K,146.75,77.36,2.77B,No,118.21,110.01,102.26,112.35,98.72,497
1964,PRITHVIEXCH.BO,106.65,106.25,1.55K,Finance,Finance/Rental/Leasing,46.0,82.0,62.0,40.0,7.85,7.7393,1.36K,1.68K,145.95,91.0,879.83M,No,102.99,101.57,110.73,102.19,108.86,497
1966,AEGEUS.BO,125.2,125.9,48.00K,Producer Manufacturing,Industrial Machinery,46.0,80.0,,,8.0857,7.7107,160.32K,38.76K,173.75,111.0,1.05B,No,130.75,,,,,37
1968,CYBELEIND.BO,36.04,35.69,5.04K,Producer Manufacturing,Electrical Products,46.0,63.0,12.0,6.0,2.3471,2.2886,5.27K,3.23K,77.01,21.1,385.48M,No,37.99,40.2,43.21,39.62,44.13,497
1972,ADVLIFE.BO,26.75,27.08,0.14K,Producer Manufacturing,Industrial Machinery,46.0,37.0,19.0,42.0,0.7607,0.64,0.60K,0.42K,34.0,20.05,166.54M,No,27.86,28.81,27.45,28.83,28.89,498
1973,ALPINEHOU.BO,95.75,100.25,0.77K,Consumer Durables,Homebuilding,45.0,2.0,67.0,59.0,6.9036,6.35,2.52K,0.80K,155.9,74.12,1.66B,No,108.74,121.66,101.89,118.52,102.03,497
1976,HAWAENG.BO,83.45,81.52,2.52K,Producer Manufacturing,Industrial Machinery,45.0,75.0,67.0,62.0,4.7021,4.5043,0.49K,0.34K,129.95,63.4,294.28M,No,78.6,79.61,83.64,80.03,81.33,497
1979,ASHSI.BO,22.99,23.25,0.00K,Non-Energy Minerals,Steel,45.0,59.0,56.0,66.0,1.9543,1.8993,2.07K,1.88K,32.45,17.0,287.38M,No,23.05,22.84,24.33,23.0,23.25,497
1981,MACPLASQ.BO,280.55,290.0,0.35K,Producer Manufacturing,Auto Parts: Oem,45.0,81.0,55.0,57.0,17.9214,17.9,1.03K,1.99K,420.0,214.9,1.72B,No,283.8,270.83,267.76,269.65,262.98,497
1984,WARRENTEA.BO,43.61,45.0,1.83K,Process Industries,Agricultural Commodities/Milling,45.0,41.0,42.0,53.0,1.4007,1.3236,2.35K,1.10K,53.92,33.3,521.17M,No,45.58,46.88,43.53,46.46,43.68,497
1985,WALLFORT.BO,76.15,82.71,0.06K,Finance,Investment Banks/Brokers,45.0,29.0,52.0,66.0,4.1043,3.2436,1.35K,0.21K,119.95,55.55,737.68M,No,81.58,81.73,78.91,80.9,76.8,497
1988,RAUNAQ.BO,36.87,36.87,7.56K,Industrial Services,Engineering & Construction,45.0,6.0,91.0,4.0,0.4379,0.0,1.16K,1.46K,74.5,24.31,123.27M,No,40.95,37.37,43.73,38.27,39.75,497
1991,MRP.BO,89.6,89.9,3.00K,Distribution Services,Food Distributors,45.0,63.0,51.0,34.0,0.9443,0.5371,8.05K,4.80K,103.0,77.7,1.03B,No,90.13,89.84,91.0,89.99,90.23,498
1993,INDIAHOME.BO,31.54,31.8,0.21K,Finance,Finance/Rental/Leasing,45.0,57.0,60.0,53.0,1.8486,1.7586,6.84K,10.01K,46.7,24.8,450.45M,No,31.46,31.24,32.51,31.18,31.1,497
1995,INTEGRAEN.BO,180.25,185.85,28.84K,Producer Manufacturing,Industrial Machinery,45.0,84.0,18.0,76.0,10.7464,10.7107,13.65K,11.39K,270.0,118.0,6.21B,No,174.81,168.4,180.52,168.38,182.83,497
1997,MKVENTURES.BO,1044.8,1062.45,0.63K,Finance,Finance/Rental/Leasing,45.0,67.0,29.0,70.0,81.5571,81.4964,3.47K,17.17K,1450.0,732.0,4.02B,No,1019.33,1049.81,1008.78,1043.23,1014.73,497
1999,DHPIND.BO,504.8,499.9,0.19K,Producer Manufacturing,Miscellaneous Manufacturing,45.0,70.0,48.0,41.0,15.3857,14.9429,0.96K,0.72K,650.0,430.0,1.51B,No,506.54,510.01,519.24,513.35,516.63,497
2000,UNIQUEO.BO,84.98,83.9,1.40K,Consumer Non-Durables,Food: Major Diversified,45.0,27.0,64.0,61.0,6.8593,6.8371,3.09K,2.38K,127.5,65.0,505.89M,No,87.37,87.57,90.22,87.96,88.36,497
2004,JAGAJITIND.BO,138.85,144.75,12.63K,Consumer Non-Durables,Beverages: Alcoholic,45.0,6.0,64.0,42.0,7.5786,7.4071,23.78K,19.47K,214.0,116.0,6.50B,No,152.94,153.78,139.06,154.73,140.21,497
2006,LAKSELEC.BO,765.55,778.6,0.12K,Producer Manufacturing,Electrical Products,45.0,48.0,50.0,28.0,25.8214,25.4464,1.66K,0.91K,948.0,646.1,1.88B,No,796.53,805.25,789.59,805.13,804.91,497
2017,AZTEC.BO,95.79,93.2,1.00K,Producer Manufacturing,Industrial Machinery,44.0,66.0,26.0,47.0,1.6064,0.9714,21.13K,3.90K,128.0,83.0,1.30B,No,94.67,96.72,98.73,96.77,95.95,498
2018,DUROPACK.BO,57.0,60.06,0.51K,Process Industries,Industrial Specialties,44.0,28.0,49.0,66.0,3.905,3.5636,0.71K,0.74K,79.37,40.05,300.52M,No,64.39,62.7,57.58,63.51,55.79,497
2021,LESL.BO,21.4,21.9,30.00K,Industrial Services,Engineering & Construction,44.0,47.0,56.0,,0.6307,0.5,178.88K,74.40K,25.2,20.0,3.03B,No,21.46,21.8,,21.62,,71
2022,TIERRA.BO,39.69,41.77,5.68K,Process Industries,Agricultural Commodities/Milling,44.0,2.0,54.0,33.0,3.6479,3.4986,36.74K,16.43K,64.85,34.35,2.58B,No,49.92,45.06,43.89,45.03,42.6,497
2023,AHMDSTE.BO,158.4,166.6,0.40K,Producer Manufacturing,Building Products,44.0,53.0,7.0,58.0,12.3929,11.5,5.07K,1.29K,238.4,84.0,2.39B,No,164.04,168.12,171.2,169.06,166.86,497
2028,SHLOKKA.BO,29.1,31.5,21.60K,Process Industries,Chemicals: Specialty,44.0,89.0,80.0,66.0,1.8893,1.6664,20.36K,24.00K,90.0,21.1,622.99M,No,27.06,25.2,26.47,25.92,24.9,238
2030,JLL.BO,61.71,64.95,0.09K,Finance,Finance/Rental/Leasing,44.0,1.0,0.0,22.0,4.0493,2.3314,2.17K,0.49K,169.1,35.0,185.68M,No,79.62,101.74,78.8,95.22,89.79,498
2033,KRATIKAL.BO,173.0,173.0,3.00K,Technology Services,Packaged Software,44.0,76.0,,,6.6214,6.0821,63.93K,23.30K,199.0,153.05,1.92B,No,165.86,165.93,,165.33,,62
2034,EASTINDIA.BO,94.88,95.52,10.13K,Process Industries,Containers/Packaging,44.0,64.0,51.0,19.0,3.4886,3.4886,17.43K,41.29K,126.85,85.15,1.40B,No,94.44,100.68,103.41,100.87,103.27,497
2036,SOUTHMG.BO,77.19,80.1,0.27K,Non-Energy Minerals,Other Metals/Minerals,44.0,70.0,64.0,56.0,6.4864,6.0057,0.99K,0.71K,131.4,61.15,231.57M,No,77.59,74.75,80.59,74.91,77.19,497
2040,SUPERIRON.BO,37.3,37.5,15.60K,Non-Energy Minerals,Steel,44.0,57.0,26.0,73.0,0.8507,0.5307,5.40K,2.88K,53.19,24.0,872.58M,No,37.79,38.48,39.94,38.25,40.33,382
2042,SKRABUL.BO,31.24,29.76,2.96K,Consumer Durables,Other Consumer Specialties,44.0,96.0,25.0,6.0,0.7386,0.34,0.21K,0.05K,50.38,21.02,156.68M,No,25.03,25.01,35.83,25.15,34.86,498
2043,RAL.BO,50.1,47.99,2.40K,Retail Trade,Specialty Stores,44.0,94.0,25.0,70.0,1.3443,0.6064,1.18K,1.44K,71.5,31.03,133.06M,No,43.41,41.26,45.94,41.82,44.83,497
2045,DUTRON.BO,103.0,107.7,0.01K,Producer Manufacturing,Miscellaneous Manufacturing,44.0,68.0,55.0,34.0,2.1214,1.6321,0.12K,0.10K,125.0,94.6,618.00M,No,103.6,103.07,105.91,102.58,105.22,497
2046,ARTSON.BO,156.4,156.0,4.97K,Producer Manufacturing,Industrial Machinery,44.0,80.0,38.0,37.0,9.7643,9.7643,9.48K,12.80K,227.5,125.3,5.77B,No,164.8,157.35,153.37,158.98,158.51,497
2060,PFL.BO,28.8,29.45,3.00K,Industrial Services,Engineering & Construction,43.0,62.0,35.0,45.0,0.9586,0.5557,26.95K,4.80K,36.0,22.95,586.89M,No,28.31,29.32,29.92,29.07,28.67,497
2062,ACLD.BO,145.45,146.55,71.40K,Process Industries,Agricultural Commodities/Milling,43.0,52.0,38.0,64.0,6.4429,5.9893,23.78K,18.30K,230.0,106.0,2.96B,No,152.13,147.23,144.25,148.07,146.53,497
2065,QGO.BO,39.9,39.07,0.12K,Finance,Financial Conglomerates,43.0,54.0,46.0,34.0,2.0036,1.9514,2.20K,2.66K,53.45,35.0,277.42M,No,39.27,40.37,41.45,40.01,40.94,497
2069,EIKO.BO,48.67,49.76,69.98K,Process Industries,Chemicals: Specialty,43.0,74.0,55.0,22.0,2.7614,2.7536,11.40K,18.65K,64.44,43.0,719.85M,No,47.2,47.97,50.55,47.52,49.59,497
2071,DFL.BO,41.21,41.21,0.24K,Finance,Financial Conglomerates,43.0,55.0,69.0,15.0,1.1714,1.1579,2.69K,8.07K,61.9,34.25,144.23M,No,39.03,38.64,43.67,38.73,42.08,497
2072,PHOSPHATE.BO,144.0,144.0,0.26K,Process Industries,Chemicals: Agricultural,43.0,78.0,36.0,31.0,2.6214,1.7714,0.56K,2.76K,160.0,130.1,519.48M,No,140.15,139.22,142.0,139.71,143.24,497
2074,GOWRALE.BO,91.0,89.21,0.00K,Finance,Investment Banks/Brokers,43.0,69.0,45.0,42.0,3.5714,3.3443,4.07K,1.40K,150.99,70.55,705.05M,No,88.16,91.66,92.41,91.31,90.68,497
2075,LIKHAMI.BO,312.2,298.9,0.00K,Commercial Services,Miscellaneous Commercial Services,43.0,76.0,65.0,6.0,0.95,0.0,,,431.0,269.85,3.11B,No,299.56,296.48,329.27,297.57,330.96,500
2077,MERCURYLAB.BO,748.0,750.0,0.00K,Health Technology,Pharmaceuticals: Major,43.0,62.0,45.0,34.0,23.4857,13.2464,0.10K,0.08K,942.9,620.55,897.60M,No,780.16,784.4,791.88,780.73,781.19,497
2084,ESCORP.BO,110.0,109.0,6.66K,Finance,Investment Managers,43.0,42.0,69.0,37.0,5.8429,5.2036,1.42K,5.05K,212.95,95.1,1.22B,No,113.34,109.66,110.39,111.22,107.37,498
2088,GLOBALLOG.BO,99.47,95.0,8.00K,Transportation,Air Freight/Couriers,42.0,21.0,4.0,21.0,3.6164,2.645,9.50K,24.64K,172.91,79.2,1.44B,No,104.21,111.49,,109.04,121.6,193
2098,JAGSONSER.BO,50.95,51.4,0.10K,Finance,Regional Banks,42.0,59.0,58.0,14.0,1.815,1.6536,0.40K,0.56K,83.0,45.0,927.57M,No,51.08,54.09,54.5,53.22,52.84,497
2100,CHROME.BO,39.73,40.5,0.05K,Non-Energy Minerals,Other Metals/Minerals,42.0,49.0,64.0,14.0,3.9029,3.71,1.22K,3.49K,57.7,36.0,651.35M,No,40.6,41.08,42.3,41.26,41.73,497
2102,SAINIK.BO,38.79,42.41,3.58K,Finance,Finance/Rental/Leasing,42.0,84.0,58.0,48.0,4.5807,4.31,3.73K,8.06K,49.66,27.05,422.04M,No,38.01,36.68,38.11,36.79,37.76,498
2103,SALAUTO.BO,191.05,192.1,0.41K,Producer Manufacturing,Auto Parts: Oem,42.0,48.0,63.0,47.0,7.1464,6.7107,0.85K,0.48K,260.0,164.0,916.17M,No,195.13,191.93,197.33,194.38,192.88,498
2104,BRIGHT.BO,349.9,351.0,4.88K,Commercial Services,Advertising/Marketing Services,42.0,65.0,45.0,10.0,6.4464,5.4179,17.88K,5.36K,450.0,310.05,7.64B,No,350.22,354.24,381.95,353.07,370.26,499
2107,RJSHAH.BO,490.0,490.0,0.10K,Industrial Services,Engineering & Construction,42.0,65.0,61.0,16.0,0.0,0.0,0.03K,0.03K,628.45,432.3,137.25M,No,490.0,488.13,498.05,488.35,485.82,500
2110,INDSILHYD.BO,38.01,38.32,9.54K,Non-Energy Minerals,Other Metals/Minerals,42.0,34.0,47.0,59.0,1.3693,1.3629,9.36K,4.74K,54.0,29.5,1.06B,No,39.46,39.88,39.97,39.92,39.38,497
2115,HINDMILL.BO,156.85,158.7,0.14K,Process Industries,Textiles,42.0,88.0,51.0,42.0,9.1893,8.7929,0.50K,0.82K,188.7,127.7,261.08M,No,150.89,154.6,163.3,153.64,158.14,497
2118,LYONSCO.BO,20.33,20.43,0.00K,Finance,Finance/Rental/Leasing,42.0,61.0,27.0,40.0,0.1336,0.0,0.04K,0.02K,35.29,17.43,95.10M,No,21.23,22.06,20.66,21.97,20.38,497
2120,SHAYONAENG.BO,133.35,135.0,5.00K,Producer Manufacturing,Industrial Machinery,42.0,28.0,45.0,24.0,3.4679,1.8536,3.88K,3.10K,166.0,119.0,519.03M,No,140.72,139.94,,140.19,137.31,168
2121,PURSHOTTAM.BO,33.27,35.85,0.22K,Finance,Investment Banks/Brokers,42.0,42.0,41.0,27.0,2.225,1.7721,25.00K,49.68K,44.93,30.0,246.97M,No,35.22,35.03,36.06,34.63,35.07,497
2122,CHRTEDCA.BO,250.0,243.0,0.07K,Finance,Investment Banks/Brokers,41.0,65.0,45.0,21.0,10.9679,9.8286,0.07K,0.09K,439.0,225.0,752.90M,No,248.33,262.91,263.95,262.54,263.15,499
2123,MOHITPPR.BO,26.04,26.38,0.74K,Producer Manufacturing,Office Equipment/Supplies,41.0,57.0,54.0,29.0,1.0364,0.9521,0.73K,0.59K,38.79,23.75,364.56M,No,26.52,27.23,28.22,26.99,27.58,497
2128,HELLOJI.BO,119.0,119.0,1.20K,Consumer Services,Other Consumer Services,41.0,74.0,24.0,35.0,1.3821,0.5786,3.29K,2.16K,151.5,100.0,408.17M,No,125.47,118.62,123.31,119.08,120.81,202
2130,STARLOG.BO,37.86,39.27,0.74K,Transportation,Other Transportation,41.0,67.0,60.0,26.0,1.9186,1.8179,1.92K,0.59K,57.03,32.07,566.65M,No,38.4,38.84,38.54,38.96,38.97,497
2133,SOLIMAC.BO,90.0,91.9,2.05K,Producer Manufacturing,Industrial Machinery,41.0,81.0,61.0,48.0,3.5014,3.4564,4.15K,1.24K,141.0,72.2,408.80M,No,90.55,96.26,98.43,95.44,95.5,497
2134,NDMETAL.BO,75.0,75.0,0.01K,Producer Manufacturing,Electrical Products,41.0,63.0,53.0,26.0,0.0,0.0,,0.00K,99.55,75.0,186.00M,No,75.0,75.36,80.66,75.3,76.4,498
2135,VALENCIA.BO,58.0,60.5,3.00K,Consumer Non-Durables,Beverages: Non-Alcoholic,41.0,71.0,52.0,56.0,0.8714,0.5857,7.57K,6.90K,97.1,40.11,1.15B,No,59.08,53.23,61.09,53.14,57.98,499
2137,GOLDENCREST.BO,324.8,324.8,0.00K,Commercial Services,Miscellaneous Commercial Services,41.0,64.0,27.0,23.0,0.0,0.0,0.00K,0.00K,378.0,224.8,1.70B,No,324.8,324.26,321.83,324.03,338.82,500
2139,POOJAENT.BO,65.69,65.27,1.86K,Consumer Services,Movies/Entertainment,41.0,60.0,17.0,68.0,5.7457,5.5136,14.16K,11.81K,119.2,47.0,4.20B,No,67.9,69.28,69.39,69.08,73.84,497
2140,SUPERBAK.BO,30.72,32.28,0.10K,Process Industries,Agricultural Commodities/Milling,41.0,3.0,24.0,13.0,1.6229,1.1707,0.18K,0.48K,43.11,28.4,92.82M,No,35.71,33.2,32.44,33.54,32.69,498
2149,KVFORGE.BO,135.5,141.1,0.52K,Producer Manufacturing,Metal Fabrication,41.0,66.0,11.0,54.0,6.9179,6.7929,3.48K,2.65K,184.0,106.0,1.48B,No,135.83,140.63,136.65,138.65,137.27,497
2153,NUKLEUS.BO,185.0,185.0,0.60K,Finance,Real Estate Development,41.0,13.0,17.0,12.0,6.9107,3.7893,2.31K,1.20K,239.9,153.0,745.92M,No,195.99,204.13,205.23,202.58,207.12,391
2155,KAJARIR.BO,29.14,29.8,1.65K,Non-Energy Minerals,Steel,41.0,14.0,10.0,70.0,1.9357,1.91,6.30K,6.34K,41.8,20.15,1.03B,No,31.89,32.68,31.71,32.22,32.8,497
2156,PIONAGR.BO,23.62,22.5,0.05K,Process Industries,Agricultural Commodities/Milling,41.0,6.0,19.0,16.0,0.1336,0.0,0.01K,0.03K,27.64,21.69,102.33M,No,23.81,25.39,25.42,25.0,25.99,498
2162,HMEML.BO,48.25,45.71,3.20K,Distribution Services,Wholesale Distributors,40.0,25.0,38.0,64.0,1.3829,0.8686,9.05K,6.24K,70.8,36.47,660.99M,No,49.68,50.45,49.82,50.76,49.07,413
2166,INFORTEC.BO,76.0,80.0,0.01K,Technology Services,Information Technology Services,40.0,21.0,51.0,5.0,4.005,3.48,0.35K,0.73K,108.0,66.65,316.85M,No,82.09,81.85,81.66,81.78,83.19,497
2167,SMR.BO,93.05,90.0,9.00K,Consumer Durables,Other Consumer Specialties,40.0,70.0,54.0,,6.315,5.5243,17.84K,8.90K,115.0,75.85,1.74B,No,95.27,92.1,,90.88,,83
2169,UVDRHOR.BO,35.36,34.44,3.10K,Producer Manufacturing,Industrial Machinery,40.0,61.0,58.0,28.0,2.2064,2.1336,4.93K,6.23K,62.69,28.1,2.44B,No,36.63,36.45,37.96,36.65,36.7,499
2171,KIFS.BO,111.9,112.85,0.07K,Finance,Finance/Rental/Leasing,40.0,64.0,53.0,30.0,5.1929,3.6143,0.35K,0.45K,192.0,97.6,1.21B,No,112.47,110.8,117.19,110.97,117.06,498
2173,SAMRATPH.BO,232.85,241.7,4.58K,Process Industries,Chemicals: Specialty,40.0,61.0,32.0,52.0,11.1357,10.9893,1.73K,1.59K,320.0,190.0,719.44M,No,229.65,237.22,224.22,236.47,226.33,497
2174,IITLPROJ.BO,47.06,47.06,0.00K,Finance,Real Estate Development,40.0,22.0,38.0,54.0,0.1386,0.0,0.73K,0.02K,73.9,33.01,234.87M,No,48.52,49.61,48.67,48.86,45.35,497
2177,DHINDIA.BO,200.1,209.6,4.79K,Process Industries,Industrial Specialties,40.0,92.0,9.0,3.0,9.9321,9.5643,5.45K,5.32K,304.8,121.5,2.05B,No,188.35,189.13,208.03,187.49,233.54,497
2180,RAVALSUGAR.BO,891.0,900.8,0.26K,Consumer Non-Durables,Food: Specialty/Candy,40.0,44.0,43.0,36.0,25.4857,20.5,0.07K,0.06K,1144.0,812.05,302.94M,No,925.82,949.46,944.57,948.56,949.65,497
2181,PICCASUG.BO,34.85,33.8,4.96K,Process Industries,Agricultural Commodities/Milling,40.0,17.0,59.0,42.0,1.9614,1.9379,13.10K,3.36K,35.87,3.26,,No,35.3,35.55,36.29,35.43,35.85,497
2182,ASIAN.BO,33.85,33.47,0.81K,Commercial Services,Miscellaneous Commercial Services,40.0,68.0,54.0,33.0,1.5564,1.4407,1.15K,0.64K,49.0,29.1,118.04M,No,33.75,34.08,35.51,33.71,34.96,498
2183,AMPVOLTS.BO,24.83,26.2,33.66K,Technology Services,Information Technology Services,40.0,25.0,21.0,27.0,1.9521,1.9193,17.86K,20.66K,47.4,15.0,638.40M,No,25.52,26.51,27.66,26.51,29.77,497
2190,BGDL.BO,108.7,120.75,36.65K,Consumer Durables,Homebuilding,40.0,1.0,78.0,69.0,12.0607,10.7107,81.01K,78.06K,250.9,78.2,11.01B,No,140.9,112.97,111.18,116.82,107.97,497
2193,JDCABLES.BO,183.65,184.55,47.20K,Producer Manufacturing,Electrical Products,39.0,7.0,7.0,43.0,7.8179,7.4214,59.61K,49.92K,254.35,130.0,4.14B,No,195.68,204.9,201.29,202.41,204.53,253
2194,PWASML.BO,21.83,22.09,1.93K,Process Industries,Textiles,39.0,49.0,54.0,54.0,1.8643,1.7964,2.73K,3.61K,33.4,17.86,223.97M,No,22.44,22.63,23.5,22.44,22.86,497
2196,NHL.BO,70.0,70.0,3.20K,Consumer Services,Other Consumer Services,39.0,72.0,23.0,38.0,2.3679,0.775,1.43K,1.28K,98.76,61.0,249.06M,No,72.75,72.99,76.34,73.35,75.21,498
2200,EMERALD.BO,58.72,62.64,45.76K,Finance,Regional Banks,39.0,84.0,72.0,59.0,3.655,3.645,51.85K,37.81K,97.0,45.23,2.03B,No,62.7,55.73,60.95,56.11,57.07,497
2201,VISHALBL.BO,54.58,52.0,4.09K,Producer Manufacturing,Metal Fabrication,39.0,88.0,37.0,69.0,3.9314,3.8243,2.31K,1.31K,80.0,38.87,588.97M,No,53.83,51.26,57.31,51.96,55.3,497
2204,AJWAFUN.BO,39.0,40.35,0.20K,Consumer Services,Movies/Entertainment,39.0,79.0,46.0,14.0,0.4664,0.2393,0.07K,0.07K,63.5,30.16,249.21M,No,37.09,38.62,42.89,38.61,39.67,498
2207,METALCO.BO,52.57,50.99,0.01K,Non-Energy Minerals,Steel,39.0,70.0,66.0,45.0,2.4014,2.2114,1.05K,0.57K,78.9,44.5,385.17M,No,51.12,52.25,56.83,52.75,53.89,497
2208,LUXURY.BO,72.62,66.55,19.20K,Consumer Durables,Other Consumer Specialties,39.0,93.0,71.0,48.0,3.9679,2.7593,10.72K,36.00K,168.0,52.5,599.47M,No,65.05,63.51,70.61,65.17,67.79,203
2210,MORARKFI.BO,61.58,62.54,0.11K,Finance,Financial Conglomerates,39.0,40.0,52.0,65.0,3.1136,2.9893,1.63K,0.34K,113.0,42.11,277.24M,No,64.05,62.93,61.45,63.02,57.97,497
2211,ELIXIR.BO,98.0,97.28,0.32K,Finance,Investment Banks/Brokers,39.0,48.0,14.0,56.0,3.6643,3.3721,2.25K,0.71K,143.8,78.1,569.62M,No,100.7,104.87,106.41,102.75,107.14,497
2215,HORIZON.BO,136.0,138.55,34.80K,Producer Manufacturing,Miscellaneous Manufacturing,39.0,87.0,43.0,,8.275,8.0714,97.71K,169.20K,164.6,103.0,2.65B,No,128.06,130.53,,130.73,,74
2216,SHREMETAL.BO,36.12,36.9,1.67K,Producer Manufacturing,Metal Fabrication,39.0,66.0,47.0,21.0,5.275,5.275,1.91K,1.90K,62.29,27.94,189.86M,No,37.22,37.89,42.17,37.95,39.44,497
2217,BAZELINTER.BO,20.5,20.19,0.29K,Finance,Finance/Rental/Leasing,39.0,13.0,71.0,52.0,0.885,0.7929,8.62K,3.02K,45.41,16.5,196.74M,No,21.72,20.66,22.99,21.19,20.05,499
2218,MARBU.BO,43.01,42.24,0.02K,Finance,Real Estate Development,39.0,31.0,65.0,31.0,3.0721,2.7607,1.14K,0.50K,65.95,36.12,221.67M,No,44.85,44.38,45.77,44.93,44.87,497
2222,MALPANI.BO,64.5,60.65,1.60K,Producer Manufacturing,Miscellaneous Manufacturing,39.0,84.0,47.0,43.0,3.0843,1.7379,4.90K,4.96K,85.9,48.1,695.15M,No,62.06,63.17,66.28,62.71,63.62,411
2223,GALLARD.BO,164.1,166.5,57.00K,Producer Manufacturing,Industrial Machinery,39.0,22.0,50.0,62.0,5.9107,4.3714,10.87K,11.90K,245.95,110.0,1.56B,No,165.81,170.43,162.67,170.87,157.9,212
2226,ARYACAPM.BO,419.0,424.0,0.01K,Finance,Investment Banks/Brokers,39.0,54.0,56.0,27.0,12.8714,11.5464,0.50K,0.07K,587.0,385.05,5.02B,No,418.29,413.06,432.03,416.66,419.66,497
2233,PSPL.BO,52.01,58.65,1.00K,Transportation,Air Freight/Couriers,39.0,70.0,38.0,16.0,2.6243,0.9571,0.47K,1.20K,71.0,46.7,154.70M,No,54.59,53.67,55.91,54.77,55.28,385
2235,GINISILK.BO,57.0,56.0,0.71K,Process Industries,Textiles,38.0,51.0,54.0,61.0,2.575,2.1514,1.30K,1.22K,79.95,42.51,318.78M,No,59.26,58.34,58.2,58.45,57.04,497
2239,SANJIVIN.BO,165.1,167.0,6.36K,Health Technology,Pharmaceuticals: Major,38.0,7.0,70.0,57.0,8.5071,8.4071,16.70K,3.24K,244.0,126.0,2.03B,No,177.87,180.28,173.84,181.47,162.6,497
2247,RRP.BO,8207.65,8207.6504,0.02K,Finance,Investment Banks/Brokers,38.0,51.0,34.0,10.0,17.9392,0.0,0.00K,0.00K,11902.0,7473.6,111.82B,No,8337.25,8499.76,9498.33,8460.51,9091.62,498
2248,IDENTIXWEB.BO,65.0,69.0,2.00K,Technology Services,Packaged Software,38.0,10.0,55.0,6.0,1.1857,0.9,2.22K,1.60K,101.0,55.0,678.70M,No,69.77,66.21,70.67,66.22,71.47,373
2249,WELTI.BO,22.21,23.37,1.55K,Consumer Non-Durables,Consumer Sundries,38.0,40.0,31.0,43.0,0.0829,0.0,0.03K,0.15K,29.05,17.15,98.64M,No,23.31,23.94,23.53,23.74,23.38,498
2250,ALFAICA.BO,75.3,75.3,0.01K,Producer Manufacturing,Miscellaneous Manufacturing,38.0,10.0,48.0,16.0,3.305,2.3407,0.11K,0.19K,101.4,67.78,304.21M,No,80.79,81.81,79.96,81.92,79.54,498
2252,WINSOMTX.BO,78.1,78.5,68.16K,Process Industries,Textiles,38.0,32.0,15.0,60.0,2.7414,2.7057,14.23K,35.07K,105.4,58.01,1.55B,No,80.98,86.05,81.64,84.75,83.58,497
2254,KDML.BO,113.65,113.65,3.60K,Retail Trade,Specialty Stores,38.0,63.0,43.0,12.0,0.0,0.0,0.06K,0.06K,132.9,113.65,2.61B,No,113.65,116.39,124.35,116.03,121.0,498
2255,CHOWGULSTM.BO,20.29,20.07,3.07K,Transportation,Marine Shipping,38.0,34.0,28.0,41.0,1.3264,1.3021,4.65K,4.53K,28.99,17.0,736.70M,No,21.57,22.04,21.57,21.89,22.14,497
2256,VRL.BO,144.4,149.0,1.21K,Health Technology,Pharmaceuticals: Major,38.0,23.0,22.0,68.0,9.7,9.5536,1.25K,0.95K,220.0,100.1,458.93M,No,152.73,161.89,149.58,160.5,148.36,497
2258,SPICELOUNG.BO,27.9,29.36,59.52K,Retail Trade,Discount Stores,38.0,93.0,74.0,47.0,1.7671,0.0043,384.49K,515.12K,72.2,16.21,19.45B,No,33.0,28.4,29.37,29.01,26.22,498
2259,NILACHAL.BO,37.75,37.75,0.01K,Non-Energy Minerals,Construction Materials,38.0,44.0,46.0,3.0,1.3707,1.2971,0.52K,0.31K,56.92,28.88,768.64M,No,36.96,38.11,39.29,38.32,40.99,495
2261,SELECTRIC.BO,2052.25,2113.6499,8.44K,Electronic Technology,Electronic Production Equipment,38.0,87.0,,,109.7,108.4143,12.98K,8.73K,2578.15,1622.0,24.82B,No,1907.17,2064.75,,2021.3,,52
2263,SANDUPHQ.BO,36.53,36.2,0.62K,Health Technology,Pharmaceuticals: Other,38.0,44.0,29.0,52.0,1.425,1.3936,2.54K,1.61K,50.0,30.0,352.92M,No,37.19,37.98,38.3,37.75,38.69,497
2266,MARCLOIRE.BO,39.9,38.0,1.20K,Retail Trade,Apparel/Footwear Retail,38.0,72.0,58.0,30.0,0.9614,0.0979,1.62K,1.32K,83.0,32.0,283.29M,No,40.7,37.38,43.71,37.76,42.13,309
2272,UNTTEMI.BO,32.5,32.5,0.05K,Finance,Finance/Rental/Leasing,37.0,63.0,43.0,4.0,0.0,0.0,0.03K,0.03K,48.55,30.0,97.50M,No,32.5,33.49,38.27,33.28,36.55,498
2276,NSL.BO,125.0,122.0,16.43K,Consumer Non-Durables,Beverages: Alcoholic,37.0,31.0,51.0,61.0,4.5714,4.5036,12.37K,7.30K,192.85,96.6,2.01B,No,127.24,129.81,130.01,129.22,126.57,497
2280,HARYNACAP.BO,140.4,147.15,0.63K,Finance,Finance/Rental/Leasing,37.0,73.0,61.0,49.0,5.3321,4.2,0.84K,1.36K,218.0,119.05,731.30M,No,144.64,142.92,148.41,144.29,144.73,497
2282,SAHARAHOUS.BO,37.35,38.1,4.22K,Finance,Finance/Rental/Leasing,37.0,44.0,29.0,26.0,1.3221,1.2079,3.10K,0.28K,64.82,30.0,261.45M,No,38.57,39.24,40.05,38.89,39.38,497
2283,GAJANANSEC.BO,51.9,52.11,0.55K,Finance,Investment Banks/Brokers,37.0,59.0,56.0,24.0,3.5507,3.5329,1.10K,0.55K,78.0,40.0,160.99M,No,52.61,52.61,56.6,52.46,56.21,497
2285,CMMHOSP.BO,36.61,36.6,0.01K,Health Services,Hospital/Nursing Management,37.0,44.0,48.0,40.0,1.6036,1.3579,1.12K,0.91K,57.48,31.51,273.44M,No,38.0,37.92,39.7,37.81,38.17,497
2287,INDSUCR.BO,71.15,71.44,2.05K,Process Industries,Agricultural Commodities/Milling,37.0,11.0,50.0,23.0,3.47,3.4279,8.39K,4.84K,96.5,61.31,1.24B,No,75.71,77.27,74.84,77.33,75.86,497
2290,RUNGTAIR.BO,49.89,50.35,0.19K,Producer Manufacturing,Industrial Machinery,37.0,56.0,49.0,44.0,2.9871,2.8057,0.75K,0.49K,68.99,43.0,993.90M,No,49.65,49.42,52.42,48.96,50.56,497
2299,JAYUSH.BO,775.6,815.05,1.17K,Producer Manufacturing,Auto Parts: Oem,37.0,18.0,28.0,44.0,36.2714,33.6714,0.13K,0.05K,1601.75,663.0,3.00B,No,834.48,853.03,872.36,848.48,859.33,497
2301,SRIGEE.BO,79.45,85.07,15.60K,Producer Manufacturing,Industrial Machinery,37.0,45.0,50.0,60.0,5.2593,4.72,11.07K,20.88K,151.5,56.75,474.60M,No,79.49,79.58,78.96,79.06,77.38,349
2304,VIRATCRA.BO,34.99,35.0,1.98K,Consumer Non-Durables,Tobacco,37.0,85.0,37.0,39.0,1.47,1.3136,2.09K,0.75K,49.2,27.0,714.63M,No,33.33,34.07,35.34,33.8,35.32,497
2306,MODRNSH.BO,32.3,34.0,1.16K,Finance,Investment Banks/Brokers,37.0,12.0,39.0,55.0,1.0814,0.51,1.65K,0.05K,49.57,24.7,94.68M,No,38.9,37.3,35.02,36.89,33.79,498
2307,KFBL.BO,39.96,42.35,7.68K,Consumer Non-Durables,Food: Specialty/Candy,36.0,33.0,27.0,50.0,2.0,1.96,5.95K,1.91K,53.0,30.2,599.40M,No,41.84,43.18,42.04,42.72,41.85,497
2311,TIRUFOAM.BO,69.79,66.5,1.28K,Consumer Durables,Home Furnishings,36.0,0.0,74.0,14.0,3.83,1.58,1.59K,7.57K,134.4,56.1,307.56M,No,86.69,93.31,82.59,92.78,82.69,498
2312,NATPLASTI.BO,213.0,218.95,0.64K,Process Industries,Chemicals: Specialty,36.0,62.0,60.0,29.0,9.2357,9.0107,1.43K,2.10K,334.0,190.0,1.29B,No,219.35,224.24,233.26,222.51,221.77,497
2318,LAFFANSQ.BO,29.29,29.14,0.79K,Process Industries,Chemicals: Specialty,36.0,88.0,51.0,23.0,2.2564,2.0907,3.35K,0.81K,38.75,23.0,234.32M,No,29.29,28.12,29.27,27.72,28.97,497
2322,SATTRIX.BO,304.35,320.35,3.00K,Technology Services,Information Technology Services,36.0,25.0,20.0,8.0,14.7036,9.2393,6.93K,6.65K,451.0,226.05,3.45B,No,330.79,347.8,369.76,340.74,373.89,497
2325,SHETR.BO,99.4,100.15,0.99K,Process Industries,Containers/Packaging,36.0,39.0,57.0,37.0,3.6679,3.3786,6.49K,1.61K,142.9,83.8,894.93M,No,101.35,101.31,104.41,99.61,99.0,497
2328,FLUIDOM.BO,720.75,744.25,4.31K,Producer Manufacturing,Miscellaneous Manufacturing,36.0,57.0,11.0,62.0,26.1,25.7821,3.95K,2.63K,1064.4,550.0,3.55B,No,743.99,800.87,743.38,795.09,776.19,497
2332,KATRSPG.BO,97.35,97.35,0.00K,Process Industries,Textiles,36.0,53.0,42.0,30.0,2.3321,2.1179,0.11K,0.04K,140.0,80.0,277.45M,No,98.23,101.99,101.35,101.75,102.0,497
2335,MPILCORPL.BO,439.0,462.1,0.01K,Commercial Services,Miscellaneous Commercial Services,36.0,35.0,10.0,46.0,11.2643,7.1786,0.01K,0.02K,639.2,324.7,250.92M,No,487.4,447.93,451.15,446.6,477.46,499
2336,ENERGYINF.BO,73.68,73.89,250.00K,Miscellaneous,Investment Trusts,36.0,67.0,46.0,18.0,0.7336,0.7014,786.11K,677.50K,97.47,71.59,48.92B,No,73.13,73.83,79.3,73.74,76.59,497
2337,DECOMIC.BO,57.17,60.0,0.96K,Commercial Services,Miscellaneous Commercial Services,36.0,24.0,56.0,30.0,0.8207,0.6079,0.27K,0.10K,85.0,47.0,240.11M,No,58.97,58.97,59.64,59.08,58.1,498
2338,ACML.BO,34.99,32.6,1.00K,Retail Trade,Food Retail,36.0,86.0,59.0,39.0,0.5064,0.2214,1.80K,3.20K,56.0,29.5,512.04M,No,32.62,32.56,34.53,32.63,33.34,500
2341,CHLLTD.BO,28.25,27.13,0.20K,Consumer Services,Hotels/Resorts/Cruise Lines,36.0,65.0,54.0,24.0,2.23,2.0429,0.72K,1.30K,44.6,23.63,1.55B,No,27.29,27.75,30.17,27.99,29.42,497
2342,STRATMONT.BO,56.05,58.99,1.32K,Energy Minerals,Coal,36.0,56.0,54.0,19.0,3.8464,3.7307,85.59K,1.00K,92.0,45.31,1.60B,No,59.43,59.47,62.38,59.33,62.04,497
2343,METSL.BO,121.45,114.025,80.29K,Electronic Technology,Semiconductors,36.0,2.0,37.0,26.0,15.0625,8.9411,26.40K,126.89K,170.75,80.55,1.34B,No,132.82,142.89,136.5,144.25,140.76,497
2346,LINKPH.BO,26.24,28.5,1.11K,Process Industries,Chemicals: Specialty,35.0,33.0,53.0,47.0,2.5107,2.3679,1.04K,1.14K,37.98,21.0,116.52M,No,27.53,27.19,27.94,26.87,27.18,497
2348,TRADEUNO.BO,97.95,101.25,8.40K,Retail Trade,Apparel/Footwear Retail,35.0,13.0,69.0,18.0,4.3286,3.25,11.94K,6.12K,161.95,87.0,1.75B,No,107.41,110.42,114.72,111.22,107.22,227
2349,SBFL.BO,21.9,21.51,0.00K,Process Industries,Textiles,35.0,65.0,58.0,11.0,0.8207,0.78,0.81K,0.79K,31.88,19.5,208.05M,No,22.36,22.75,23.99,22.7,23.51,498
2353,NAPEROL.BO,620.75,622.0,0.40K,Process Industries,Chemicals: Specialty,35.0,26.0,45.0,57.0,17.9036,17.5822,1.07K,0.58K,990.0,490.1,3.57B,No,653.5,661.02,641.82,660.24,627.86,497
2356,SURYAAMBA.BO,114.95,113.4,0.36K,Process Industries,Textiles,35.0,50.0,34.0,32.0,4.4857,2.9321,0.29K,0.21K,149.0,100.4,337.03M,No,116.95,119.63,120.74,120.21,120.13,497
2358,ENVAIREL.BO,60.0,61.22,0.29K,Producer Manufacturing,Industrial Machinery,35.0,97.0,5.0,67.0,2.3143,1.4836,2.43K,2.15K,128.95,36.68,278.40M,No,53.14,48.98,63.18,49.82,61.79,497
2359,BERVINL.BO,49.1,47.5,0.04K,Finance,Investment Banks/Brokers,35.0,13.0,65.0,4.0,2.3507,1.7807,0.31K,0.20K,73.5,37.21,289.60M,No,47.34,46.06,54.52,46.91,53.7,497
2360,EKANSH.BO,201.35,195.9,1.14K,Industrial Services,Engineering & Construction,35.0,43.0,19.0,59.0,9.4679,9.4179,9.30K,9.33K,270.0,142.85,3.05B,No,202.88,217.75,209.54,216.31,213.59,497
2363,SILVOAK.BO,76.0,72.1,0.41K,Consumer Non-Durables,Beverages: Alcoholic,35.0,81.0,56.0,15.0,5.0271,4.8686,0.57K,0.37K,132.0,60.04,288.06M,No,74.27,75.06,83.37,74.86,79.28,497
2370,LOGICA.BO,167.8,166.65,19.80K,Retail Trade,Electronics/Appliance Stores,35.0,66.0,66.0,15.0,7.7321,7.2964,17.09K,34.20K,243.55,139.0,2.99B,No,154.26,159.38,182.86,160.18,172.18,497
2374,SITAENT.BO,139.95,139.75,4.76K,Finance,Investment Banks/Brokers,35.0,76.0,46.0,12.0,13.2107,12.8357,5.08K,22.71K,201.7,111.95,419.85M,No,129.16,136.57,150.44,135.36,147.13,497
2379,CILSEC.BO,36.14,37.82,1.92K,Finance,Investment Banks/Brokers,35.0,38.0,60.0,33.0,3.3679,3.1914,1.12K,3.53K,54.77,32.5,180.70M,No,37.14,36.82,38.77,36.94,37.42,497
2383,OXYGENTAPH.BO,48.0,48.22,4.58K,Health Technology,Pharmaceuticals: Major,34.0,8.0,59.0,23.0,2.3593,2.26,14.56K,32.44K,71.75,43.0,1.78B,No,52.1,55.21,53.36,55.27,52.85,497
2386,ZENOTECH.BO,41.99,41.83,8.07K,Health Technology,Pharmaceuticals: Major,34.0,22.0,39.0,55.0,1.53,1.5186,7.77K,6.94K,54.14,33.55,2.56B,No,44.24,44.82,44.9,44.57,44.42,497
2391,FORBESCO.BO,289.35,298.5,7.71K,Producer Manufacturing,Industrial Machinery,34.0,88.0,46.0,14.0,20.5643,19.525,8.02K,8.46K,462.75,242.2,3.73B,No,317.29,290.69,321.78,292.27,310.91,497
2392,CAPFIN.BO,120.0,120.0,1.22K,Finance,Finance/Rental/Leasing,34.0,19.0,42.0,47.0,0.7357,0.2857,0.04K,0.13K,173.75,97.3,545.79M,No,124.19,132.91,132.72,131.28,130.83,498
2393,TITANSEC.BO,38.47,38.79,1.23K,Finance,Investment Banks/Brokers,34.0,45.0,33.0,7.0,2.5121,2.4814,25.36K,27.80K,58.35,32.02,962.37M,No,40.19,41.1,41.56,41.04,43.77,497
2394,METAINFO.BO,79.5,76.67,15.20K,Technology Services,Information Technology Services,34.0,9.0,69.0,75.0,3.3329,2.9643,24.62K,14.00K,158.0,53.17,1.50B,No,81.26,87.76,87.69,88.29,81.62,305
2396,GOLECHA.BO,25.01,26.32,0.18K,Finance,Finance/Rental/Leasing,34.0,31.0,23.0,6.0,0.205,0.205,1.08K,0.01K,38.2,17.05,137.56M,No,26.28,27.69,27.59,27.45,29.86,499
2402,MRCAGRO.BO,34.49,34.63,77.89K,Distribution Services,Wholesale Distributors,34.0,93.0,37.0,31.0,1.9436,1.925,106.13K,136.39K,54.5,25.24,1.08B,No,30.36,31.95,38.38,31.89,35.11,497
2404,JINDHOT.BO,61.0,62.23,0.82K,Consumer Services,Hotels/Resorts/Cruise Lines,34.0,35.0,55.0,43.0,3.63,3.4464,1.77K,1.93K,90.0,54.0,427.00M,No,63.79,63.45,65.36,63.34,63.22,497
2405,AUTOPINS.BO,162.15,170.65,0.00K,Producer Manufacturing,Metal Fabrication,34.0,97.0,14.0,21.0,7.9893,4.65,0.19K,0.10K,259.45,105.3,925.40M,No,160.4,142.39,164.02,140.28,171.96,497
2407,SOUTHERNIN.BO,20.66,20.25,0.37K,Distribution Services,Electronics Distributors,34.0,68.0,45.0,28.0,1.2307,1.2043,0.93K,0.96K,27.64,18.75,103.71M,No,21.49,21.25,22.27,21.41,22.08,497
2411,CEENIK.BO,218.9,230.4,0.43K,Consumer Non-Durables,Apparel/Footwear,34.0,45.0,83.0,10.0,13.575,12.5429,1.20K,0.39K,465.6,133.15,879.98M,No,230.9,239.81,251.97,236.33,233.32,497
2414,BOMBCYC.BO,1520.0,1530.0,0.14K,Consumer Services,Other Consumer Services,34.0,58.0,48.0,13.0,25.65,23.45,0.03K,0.01K,2000.0,1512.0,608.00M,No,1562.91,1560.75,1649.5,1564.63,1612.86,497
2415,KAIRA.BO,1342.0,1343.8,0.00K,Process Industries,Containers/Packaging,34.0,9.0,11.0,52.0,43.8,36.5857,0.28K,0.21K,1768.8,1120.0,1.24B,No,1417.06,1521.09,1451.15,1508.26,1454.69,499
2420,PRERINFRA.BO,24.52,24.98,10.75K,Consumer Durables,Homebuilding,33.0,59.0,33.0,49.0,1.525,1.49,9.18K,17.39K,32.99,19.03,885.85M,No,23.88,24.87,25.53,24.46,24.73,497
2421,SANCTRN.BO,675.0,675.95,0.03K,Transportation,Other Transportation,33.0,65.0,26.0,17.0,22.9857,20.4679,0.04K,0.10K,808.5,634.0,1.22B,No,682.14,688.06,709.12,687.29,712.04,497
2422,SSMD.BO,58.99,58.0,8.00K,Consumer Non-Durables,Food: Major Diversified,33.0,51.0,40.0,43.0,4.1121,3.4071,3.88K,5.20K,80.45,30.1,511.22M,No,60.13,60.3,58.13,60.31,61.15,207
2424,KPT.BO,484.0,498.95,0.67K,Consumer Durables,Tools & Hardware,33.0,74.0,30.0,69.0,24.5429,24.0071,4.33K,2.23K,748.8,335.0,1.65B,No,476.81,486.66,518.83,485.06,488.53,497
2427,ELEMARB.BO,172.05,172.9,0.01K,Producer Manufacturing,Building Products,33.0,33.0,38.0,49.0,9.1571,8.3357,0.30K,0.25K,248.75,132.7,509.78M,No,183.61,176.99,190.32,177.1,184.47,497
2430,DHARNI.BO,55.25,55.25,39.00K,Finance,Investment Managers,33.0,66.0,19.0,15.0,0.0364,0.0364,2.90K,8.40K,66.05,52.5,1.13B,No,55.05,57.62,61.45,57.05,61.73,498
2432,VSFPROJ.BO,33.27,36.5,4.14K,Industrial Services,Engineering & Construction,33.0,87.0,38.0,40.0,3.6443,3.4636,1.07K,1.22K,52.44,28.25,547.02M,No,33.55,33.25,36.83,33.6,34.78,497
2437,SCDL.BO,71.37,71.0,46.40K,Industrial Services,Engineering & Construction,33.0,83.0,32.0,,4.1564,4.0843,62.12K,29.76K,107.98,54.25,1.42B,No,65.65,67.32,,67.78,,121
2441,YURANUS.BO,103.99,99.68,0.00K,Finance,Real Estate Development,33.0,98.0,62.0,2.0,5.3864,3.7171,2.23K,1.42K,165.0,59.35,363.96M,No,82.3,89.29,122.34,89.05,112.81,498
2450,NLFL.BO,38.4,37.4,0.06K,Finance,Finance/Rental/Leasing,33.0,64.0,61.0,25.0,2.2193,2.0014,3.07K,1.09K,56.0,34.35,251.83M,No,38.63,38.61,42.92,38.83,40.48,497
2452,POLYCHMP.BO,47.02,45.75,1.18K,Producer Manufacturing,Industrial Machinery,33.0,70.0,33.0,27.0,2.8093,2.8079,1.43K,1.41K,66.99,43.25,263.39M,No,46.64,47.61,50.22,47.47,50.28,497
2455,SCOOBEEDAY.BO,66.65,64.06,0.91K,Consumer Non-Durables,Apparel/Footwear,33.0,72.0,42.0,34.0,3.5443,3.1643,0.80K,0.46K,92.33,58.2,1.13B,No,64.79,66.79,71.05,67.24,69.27,498
2456,ROSELABS.BO,21.09,21.48,0.56K,Finance,Real Estate Development,33.0,26.0,45.0,16.0,1.4557,1.2593,0.67K,0.37K,34.36,17.86,210.90M,No,21.63,21.74,21.91,21.53,21.78,497
2461,GUJHOTE.BO,181.0,179.0,1.39K,Consumer Services,Hotels/Resorts/Cruise Lines,32.0,65.0,52.0,35.0,6.5929,6.45,1.08K,1.48K,318.9,165.5,685.54M,No,180.61,182.77,190.98,183.09,186.24,497
2468,YSL.BO,25963.0,25897.0,0.02K,Distribution Services,Wholesale Distributors,32.0,38.0,51.0,20.0,490.7069,251.707,0.01K,0.01K,37500.0,24800.05,7.98B,No,26401.66,27474.32,28070.24,27581.91,28119.64,497
2469,ZR2.BO,136.5,131.35,0.01K,Process Industries,Chemicals: Specialty,32.0,93.0,81.0,69.0,6.2536,4.5786,0.30K,0.24K,384.85,90.0,487.15M,No,129.43,118.43,146.21,119.83,125.83,497
2474,ARTEFACT.BO,52.8,52.6,2.14K,Industrial Services,Engineering & Construction,32.0,55.0,54.0,17.0,1.6443,1.5014,4.49K,3.48K,70.0,49.7,384.12M,No,52.51,52.84,58.14,52.75,56.78,497
2475,FRUTION.BO,29.88,29.5,0.01K,Finance,Investment Banks/Brokers,32.0,10.0,58.0,15.0,2.1693,1.9857,1.40K,4.88K,48.43,26.2,137.45M,No,31.09,37.98,36.12,36.84,35.19,498
2477,EPBIO.BO,90.02,98.18,1.50K,Producer Manufacturing,Industrial Machinery,32.0,61.0,30.0,35.0,4.7307,3.9857,0.81K,0.70K,139.0,75.5,151.37M,No,98.03,99.2,98.61,97.82,98.38,499
2480,MARGOFIN.BO,63.06,63.03,0.71K,Finance,Financial Conglomerates,32.0,49.0,35.0,32.0,3.0493,2.9986,1.24K,1.00K,87.9,54.0,288.18M,No,64.44,65.42,66.25,65.36,65.99,497
2487,ABCINDQ.BO,62.0,64.0,0.32K,Transportation,Air Freight/Couriers,32.0,49.0,41.0,46.0,2.8393,2.6357,1.71K,1.49K,87.6,51.5,335.87M,No,62.2,63.66,65.99,63.26,63.84,497
2488,SRECR.BO,27.67,26.36,0.10K,Non-Energy Minerals,Construction Materials,32.0,89.0,53.0,16.0,1.0364,0.4686,0.30K,0.59K,51.5,22.25,116.21M,No,24.96,25.29,33.5,24.96,30.66,499
2489,TULSYAN.BO,28.63,30.13,1.82K,Non-Energy Minerals,Steel,32.0,79.0,56.0,26.0,1.7571,1.5621,4.80K,4.57K,49.35,17.1,477.17M,No,29.19,30.02,31.1,30.22,31.37,497
2490,SWADEIN.BO,76.08,75.38,7.82K,Process Industries,Textiles,32.0,56.0,40.0,16.0,6.8771,6.8414,4.41K,1.57K,164.0,66.01,1.76B,No,76.26,81.24,102.75,80.55,89.1,497
2493,NATHIND.BO,50.0,50.49,4.74K,Process Industries,Pulp & Paper,32.0,65.0,63.0,50.0,2.3993,2.2864,2.97K,2.31K,79.24,42.0,950.00M,No,50.68,49.97,52.96,49.94,50.01,497
2500,BHARAT.BO,22.4,22.25,1.92K,Finance,Investment Banks/Brokers,31.0,54.0,38.0,44.0,1.5171,1.5171,2.29K,1.94K,36.18,18.9,151.44M,No,22.99,23.39,24.76,23.44,23.72,497
2501,SAUMYA.BO,119.7,117.15,0.13K,Finance,Investment Banks/Brokers,31.0,59.0,54.0,7.0,4.4321,2.9464,0.12K,0.00K,164.65,100.25,826.76M,No,113.94,113.62,130.89,113.13,124.3,498
2502,BHANDERI.BO,125.0,125.0,3.60K,Finance,Real Estate Development,31.0,46.0,28.0,15.0,1.0,0.0,3.88K,3.24K,154.0,121.0,324.58M,No,126.05,133.2,142.2,131.9,137.47,498
2503,SAMKRG.BO,110.95,111.8,1.21K,Producer Manufacturing,Auto Parts: Oem,31.0,44.0,41.0,39.0,4.65,4.6179,2.45K,2.80K,147.9,99.95,1.09B,No,113.0,116.24,119.74,116.42,117.37,497
2504,MAGNUS.BO,31.81,33.48,7.62K,Commercial Services,Miscellaneous Commercial Services,31.0,93.0,0.0,0.0,1.6064,0.2643,48.78K,19.06K,223.4,8.33,107.53M,No,27.6,35.9,74.76,33.6,85.79,498
2506,EARKART.BO,130.0,130.0,4.00K,Health Technology,Medical Specialties,31.0,79.0,15.0,42.0,7.5714,4.5786,1.00K,0.70K,265.95,104.35,1.79B,No,127.77,133.85,143.11,133.14,136.89,246
2516,RIDDHICORP.BO,54.49,57.0,0.84K,Transportation,Other Transportation,31.0,45.0,37.0,33.0,3.2357,2.7157,0.90K,0.98K,82.65,50.75,646.63M,No,56.44,58.2,62.0,57.98,59.79,497
2519,YASHHTEJ.BO,52.7,55.4,9.60K,Process Industries,Agricultural Commodities/Milling,31.0,30.0,78.0,21.0,1.8657,1.5436,14.29K,12.00K,97.1,34.74,1.22B,No,52.91,55.36,,55.3,57.34,150
2522,WAAREE.BO,199.8,207.05,4.72K,Process Industries,Industrial Specialties,31.0,42.0,12.0,69.0,6.4857,6.175,6.83K,5.69K,398.0,131.25,2.15B,No,205.4,216.24,221.62,214.2,232.71,497
2523,EMERGENT.BO,398.0,401.0,0.04K,Commercial Services,Miscellaneous Commercial Services,31.0,74.0,47.0,8.0,17.9964,14.2893,0.06K,0.05K,747.7,314.7,1.82B,No,399.18,392.0,435.19,394.38,431.06,497
2525,UNISEM.BO,48.9,47.0,4.00K,Process Industries,Agricultural Commodities/Milling,31.0,75.0,55.0,8.0,0.8343,0.2507,3.66K,1.40K,67.91,45.83,554.13M,No,49.0,49.98,,49.18,53.55,195
2529,AMBARPIL.BO,195.0,195.25,0.05K,Process Industries,Agricultural Commodities/Milling,31.0,5.0,42.0,64.0,10.0,7.8786,0.61K,0.23K,327.5,140.0,1.12B,No,218.56,221.3,199.41,221.08,193.82,497
2530,UPSURGE.BO,61.57,59.62,60.82K,Finance,Investment Banks/Brokers,31.0,19.0,34.0,36.0,5.7029,5.655,29.49K,74.26K,94.8,54.59,1.35B,No,63.85,67.71,67.13,67.29,65.01,497
2533,KEL.BO,25.79,25.79,0.00K,Producer Manufacturing,Industrial Machinery,30.0,59.0,48.0,13.0,0.3807,0.21,0.04K,0.01K,40.38,21.88,181.06M,No,25.54,27.78,27.39,27.48,27.52,499
2539,INFLAME.BO,229.45,231.0,5.50K,Consumer Durables,Electronics/Appliances,30.0,54.0,62.0,21.0,12.0929,12.0179,8.87K,8.45K,358.95,201.2,1.72B,No,229.67,226.16,264.35,227.28,245.58,497
2540,AVAILFC.BO,134.1,139.2,4.62K,Finance,Finance/Rental/Leasing,30.0,18.0,29.0,35.0,5.3607,5.2821,5.76K,3.56K,174.0,122.15,1.37B,No,140.07,141.26,147.92,140.8,146.32,497
2544,RASANDIK.BO,58.57,59.79,0.58K,Producer Manufacturing,Auto Parts: Oem,30.0,51.0,31.0,50.0,3.7321,3.5836,1.46K,1.58K,89.99,47.05,349.96M,No,57.99,60.38,61.93,60.44,61.9,496
2546,NNTL.BO,30.01,30.01,1.95K,Technology Services,Information Technology Services,30.0,32.0,9.0,37.0,0.1564,0.0007,0.08K,0.20K,42.15,25.31,96.87M,No,31.29,32.64,33.78,32.37,33.08,498
2548,STOVACQ.BO,1602.0,1631.4,0.38K,Producer Manufacturing,Industrial Machinery,30.0,54.0,44.0,43.0,41.4786,37.1786,0.24K,0.24K,2272.0,1391.6,3.35B,No,1624.01,1660.52,1771.01,1651.58,1694.11,497
2551,ASIIL.BO,22.67,23.15,6.11K,Non-Energy Minerals,Construction Materials,30.0,24.0,41.0,51.0,1.0229,1.0229,25.88K,10.31K,33.6,19.0,2.04B,No,23.87,25.09,25.51,24.86,24.58,497
2552,SHREESHAY.BO,23.97,23.97,6.00K,Industrial Services,Engineering & Construction,30.0,63.0,20.0,33.0,0.5764,0.2336,4.91K,0.60K,39.05,20.25,316.49M,No,24.6,25.23,26.54,24.76,26.18,497
2554,FLOMIC.BO,44.8,45.22,0.20K,Transportation,Air Freight/Couriers,30.0,69.0,29.0,55.0,3.6721,3.445,1.47K,0.47K,62.0,35.0,813.94M,No,44.32,43.73,48.05,43.56,46.78,497
2555,DESCO.BO,175.4,179.3,13.00K,Industrial Services,Engineering & Construction,30.0,74.0,18.0,51.0,8.675,8.3786,20.92K,22.60K,293.65,122.0,1.35B,No,175.91,178.95,189.09,178.98,194.17,374
2557,APLAB.BO,71.81,67.49,2.35K,Electronic Technology,Electronic Equipment/Instruments,30.0,41.0,9.0,55.0,6.73,6.73,5.06K,2.76K,122.0,57.83,1.81B,No,72.99,74.81,81.48,74.65,84.0,497
2560,KDGREEN.BO,47.08,48.47,1.95K,Consumer Non-Durables,Apparel/Footwear,30.0,17.0,39.0,1.0,2.8629,2.7943,67.02K,27.49K,99.4,36.38,4.78B,No,49.29,52.57,64.3,52.77,65.4,499
2562,PREVEST.BO,377.05,379.95,4.80K,Health Technology,Medical Specialties,30.0,58.0,51.0,39.0,13.5393,13.525,14.51K,12.34K,559.9,318.15,4.53B,No,383.95,387.07,414.17,388.51,396.28,497
2564,MULLER.BO,200.3,200.3,0.00K,Distribution Services,Wholesale Distributors,30.0,34.0,33.0,31.0,5.2107,3.8464,0.04K,0.02K,264.0,188.1,125.19M,No,206.66,212.42,220.32,212.79,215.76,497
2565,IBINFO.BO,31.75,33.42,1.82K,Consumer Non-Durables,Food: Major Diversified,30.0,20.0,10.0,1.0,1.9543,1.7593,3.73K,4.35K,82.03,17.86,40.66M,No,31.26,37.76,46.06,36.17,48.3,500
2568,CONSTRONIC.BO,47.0,46.99,0.11K,Distribution Services,Wholesale Distributors,29.0,78.0,53.0,19.0,3.7557,3.6329,2.24K,5.13K,70.34,40.0,588.86M,No,49.04,48.86,50.43,49.14,48.62,497
2573,SIMPLXPAP.BO,1225.0,1225.0,0.00K,Distribution Services,Wholesale Distributors,29.0,8.0,57.0,10.0,16.2893,0.0786,0.01K,0.01K,1890.0,1127.05,36.77M,No,1289.54,1305.98,1423.97,1306.96,1383.68,498
2574,AEL.BO,118.85,119.25,7.04K,Producer Manufacturing,Metal Fabrication,29.0,84.0,56.0,56.0,5.6536,5.5607,7.54K,10.00K,178.0,94.0,1.50B,No,117.07,113.1,127.33,114.21,118.56,497
2578,TCIIND.BO,1210.0,1168.5,0.01K,Finance,Real Estate Development,29.0,68.0,30.0,13.0,27.9429,19.3357,0.11K,0.05K,1601.0,1111.1,1.09B,No,1196.19,1242.8,1370.13,1243.61,1353.93,498
2579,HINDHARD.BO,766.2,769.7,0.76K,Electronic Technology,Electronic Equipment/Instruments,29.0,84.0,42.0,44.0,36.4893,35.3714,0.74K,1.13K,1285.0,657.05,1.15B,No,743.49,748.83,809.39,744.36,785.99,497
2580,HARLETH.BO,56.8,57.48,0.12K,Process Industries,Chemicals: Major Diversified,29.0,51.0,31.0,43.0,3.0736,3.0221,1.10K,0.28K,82.2,50.15,278.80M,No,57.47,59.72,61.42,59.3,61.79,497
2581,ADMANUM.BO,51.99,52.15,1.11K,Finance,Finance/Rental/Leasing,29.0,54.0,25.0,29.0,2.4043,2.1679,2.48K,0.97K,74.98,42.2,389.93M,No,52.07,53.74,55.41,54.05,55.94,497
2584,ELNET.BO,298.0,302.9,2.44K,Finance,Real Estate Development,29.0,34.0,30.0,24.0,7.4929,7.3607,2.02K,3.20K,384.0,285.05,1.19B,No,307.05,313.14,329.14,311.0,323.14,497
2586,UNIAUTO.BO,48.91,52.01,22.55K,Non-Energy Minerals,Steel,29.0,38.0,42.0,40.0,2.725,2.725,11.01K,11.24K,69.69,41.9,608.17M,No,50.7,51.88,55.02,50.93,53.05,497
2587,MEGRISOFT.BO,76.88,83.9,0.86K,Technology Services,Information Technology Services,29.0,59.0,37.0,57.0,4.2671,3.9279,0.35K,0.11K,114.0,59.05,241.46M,No,80.0,79.5,85.82,79.58,81.18,497
2591,POLYCHEM.BO,1831.95,1847.25,0.06K,Process Industries,Chemicals: Major Diversified,29.0,55.0,42.0,17.0,50.0572,44.4607,0.07K,0.05K,2794.0,1811.1,740.19M,No,1872.97,1909.19,1990.95,1914.7,1972.78,498
2592,ASITCFIN.BO,108.0,112.9,0.26K,Finance,Investment Banks/Brokers,29.0,58.0,41.0,37.0,5.2536,3.6643,1.18K,0.94K,164.0,92.0,890.57M,No,108.61,109.9,119.83,109.51,115.33,497
2595,JSLINDL.BO,857.9,857.9,0.03K,Producer Manufacturing,Electrical Products,29.0,74.0,52.0,10.0,40.3429,30.7143,0.06K,0.06K,1360.0,700.05,1.01B,No,832.24,849.4,959.65,844.68,927.75,498
2596,SKILVEN.BO,20.0,20.0,0.04K,Utilities,Electric Utilities,29.0,22.0,32.0,13.0,0.0714,0.0714,0.00K,0.01K,30.43,20.0,79.33M,No,20.9,21.52,23.25,21.4,22.66,497
2597,DHANROTO.BO,70.71,68.2,1.17K,Process Industries,Pulp & Paper,29.0,42.0,46.0,20.0,2.3907,2.3543,2.98K,5.76K,101.0,68.15,551.58M,No,72.79,73.47,79.92,74.11,77.77,498
2598,RIBATEX.BO,65.8,66.94,1.73K,Process Industries,Textiles,29.0,66.0,9.0,63.0,4.5343,4.5271,5.93K,5.47K,95.9,49.02,635.16M,No,64.62,71.83,72.17,71.13,70.15,497
2601,TRADEWELL.BO,47.1,47.1,0.20K,Finance,Real Estate Development,29.0,61.0,77.0,1.0,0.02,0.0,0.14K,0.02K,102.74,40.62,141.51M,No,47.18,45.12,62.11,45.52,57.08,498
2602,TRILIANCE.BO,45.0,46.0,0.34K,Finance,Investment Banks/Brokers,29.0,55.0,49.0,59.0,1.4707,0.8843,0.35K,0.04K,115.34,24.32,229.95M,No,45.25,43.66,47.69,43.91,42.64,497
2604,BLUECHIPT.BO,112.0,112.0,0.31K,Process Industries,Textiles,29.0,61.0,36.0,18.0,4.8464,4.2143,0.32K,0.43K,160.0,100.2,220.70M,No,115.24,117.61,123.39,117.2,119.87,497
2608,INTRGLB.BO,62.14,58.61,1.09K,Finance,Finance/Rental/Leasing,28.0,79.0,22.0,62.0,7.4371,7.1193,1.63K,0.80K,107.0,45.6,842.89M,No,62.62,62.84,66.35,63.48,63.4,497
2611,INDTONER.BO,46.48,46.93,4.89K,Electronic Technology,Computer Peripherals,28.0,69.0,11.0,33.0,1.4064,1.4064,21.01K,9.37K,62.0,43.08,2.42B,No,46.85,47.27,49.7,47.2,49.59,500
2619,ANDHRAPET.BO,38.82,40.45,64.82K,Process Industries,Chemicals: Specialty,28.0,37.0,31.0,60.0,2.0857,2.0857,127.51K,67.80K,58.45,29.39,3.30B,No,43.55,43.99,43.53,43.42,42.06,497
2624,CEEJAY.BO,152.6,152.6,0.02K,Finance,Finance/Rental/Leasing,28.0,33.0,30.0,8.0,3.3714,2.3429,0.27K,0.25K,206.0,150.0,526.47M,No,158.49,166.77,174.41,165.52,173.91,498
2625,ALFATRAN.BO,37.95,36.99,10.08K,Producer Manufacturing,Electrical Products,28.0,87.0,37.0,42.0,2.3421,2.2257,12.53K,22.08K,63.0,27.03,347.27M,No,33.91,36.37,40.62,36.28,41.61,497
2626,KGPETRO.BO,177.65,187.0,0.03K,Process Industries,Textiles,28.0,86.0,62.0,6.0,5.925,2.9607,0.04K,0.02K,284.0,152.9,927.51M,No,172.37,173.93,195.39,174.07,187.66,499
2631,SSTL.BO,21.33,22.6,15.00K,Distribution Services,Wholesale Distributors,28.0,76.0,53.0,49.0,0.9807,0.6921,12.66K,6.50K,39.81,15.45,532.77M,No,21.51,20.67,20.8,20.91,20.78,498
2633,SIMPLXMIL.BO,4560.95,4560.9502,0.00K,Process Industries,Textiles,28.0,3.0,18.0,10.0,54.1893,0.0,,,5599.55,4218.0,136.85M,No,5102.89,5126.76,5245.68,5178.43,5289.37,498
2636,MADHUDIN.BO,33.11,35.0,0.70K,Finance,Real Estate Development,28.0,20.0,9.0,63.0,1.4629,1.3521,1.45K,0.36K,50.0,25.2,177.97M,No,35.71,35.87,35.14,35.45,35.84,497
2637,PRIYALT.BO,19.86,20.9,0.51K,Distribution Services,Electronics Distributors,28.0,19.0,30.0,26.0,0.8207,0.3064,0.10K,0.20K,34.65,16.73,59.63M,No,20.73,21.69,22.22,21.35,22.81,498
2639,COMRADE.BO,28.8,30.31,5.00K,Producer Manufacturing,Industrial Machinery,28.0,3.0,89.0,10.0,0.5143,0.1071,3.76K,2.40K,105.0,20.54,224.03M,No,34.16,38.35,39.3,37.43,34.65,500
2642,RCCL.BO,30.0,30.7,0.01K,Utilities,Gas Distributors,28.0,35.0,33.0,27.0,1.345,1.2686,0.37K,0.03K,44.89,27.0,100.85M,No,30.29,31.3,32.86,31.3,31.85,495
2643,SRINACHA.BO,26.4,25.04,0.00K,Process Industries,Textiles,27.0,56.0,46.0,6.0,1.7543,1.5414,0.46K,0.41K,39.94,24.0,113.52M,No,26.72,26.92,29.89,26.65,29.39,497
2649,MHEL.BO,57.75,57.75,2.25K,Producer Manufacturing,Trucks/Construction/Farm Machinery,27.0,19.0,28.0,36.0,0.1964,0.0,0.26K,0.30K,84.8,47.3,225.43M,No,56.58,61.15,63.45,60.63,61.4,498
2650,CLARA.BO,32.0,32.0,4.15K,Process Industries,Containers/Packaging,27.0,40.0,35.0,10.0,1.3514,0.6936,5.06K,7.47K,44.57,27.0,821.53M,No,32.87,33.1,36.89,32.95,35.82,496
2655,KRUPALU.BO,32.5,31.1,1.60K,Non-Energy Minerals,Other Metals/Minerals,27.0,85.0,41.0,44.0,0.5214,0.2714,2.90K,1.44K,63.4,25.15,190.84M,No,30.08,28.89,34.66,29.06,30.73,260
2656,DEEPAKCHEM.BO,78.5,80.11,4.00K,Process Industries,Chemicals: Major Diversified,27.0,44.0,55.0,43.0,1.6043,0.7621,5.08K,3.44K,150.0,69.2,852.82M,No,81.91,81.85,89.75,81.96,83.84,497
2658,GUJCRAFT.BO,90.97,90.0,2.12K,Process Industries,Containers/Packaging,27.0,32.0,47.0,21.0,4.3157,4.09,1.60K,0.90K,147.0,86.24,444.69M,No,92.74,93.58,101.74,92.82,97.08,497
2659,YAASHVI.BO,77.38,81.5,41.60K,Consumer Durables,Other Consumer Specialties,27.0,56.0,20.0,,5.9014,5.5743,80.55K,78.88K,104.8,63.0,1.36B,No,79.7,79.29,,78.56,,87
2664,ADARSHPL.BO,25.63,25.8,1.38K,Producer Manufacturing,Trucks/Construction/Farm Machinery,27.0,32.0,23.0,13.0,1.7421,1.7029,3.77K,2.50K,44.9,23.0,254.03M,No,26.27,27.73,30.25,27.97,29.75,497
2665,ACTIVE.BO,98.0,99.45,3.11K,Consumer Non-Durables,Apparel/Footwear,27.0,14.0,12.0,36.0,4.6464,4.5714,5.94K,5.55K,156.0,86.0,1.52B,No,103.56,109.33,114.48,108.23,118.58,497
2669,POONADAL.BO,58.0,60.0,0.42K,Process Industries,Agricultural Commodities/Milling,27.0,39.0,40.0,19.0,2.8436,2.6629,0.73K,0.59K,93.2,56.21,331.06M,No,59.5,60.99,64.17,60.73,63.43,497
2670,SML.BO,69.35,69.35,0.11K,Health Services,Medical/Nursing Services,27.0,63.0,53.0,28.0,0.0,0.0,0.22K,0.22K,114.15,43.82,295.77M,No,69.35,67.03,74.64,69.38,69.07,498
2671,STDBAT.BO,41.82,42.66,2.43K,Producer Manufacturing,Electrical Products,27.0,58.0,18.0,38.0,4.1893,4.1721,2.21K,5.05K,60.0,35.95,216.26M,No,42.11,44.18,46.72,43.6,46.95,497
2677,NITINCAST.BO,473.0,479.4,0.02K,Non-Energy Minerals,Steel,27.0,96.0,24.0,7.0,30.2571,26.45,1.30K,0.35K,650.0,260.0,2.43B,No,460.39,425.32,514.75,421.29,514.02,497
2683,ACME.BO,28.57,27.21,0.10K,Finance,Finance/Rental/Leasing,26.0,53.0,45.0,23.0,1.5979,1.4614,1.36K,1.13K,42.16,26.8,735.51M,No,28.44,29.04,31.44,29.03,30.19,497
2684,EUPHORIAIT.BO,27.61,27.61,1.20K,Technology Services,Information Technology Services,26.0,27.0,51.0,33.0,0.8936,0.5457,1.54K,1.44K,54.99,22.53,80.12M,No,28.09,29.25,32.91,29.35,30.76,496
2687,SOURCENTRL.BO,107.4,108.5,1.29K,Health Technology,Pharmaceuticals: Other,26.0,53.0,36.0,23.0,7.0393,6.8929,2.59K,0.74K,170.0,96.55,691.33M,No,109.56,109.3,119.73,109.66,113.8,497
2688,GAGAN.BO,18.83,19.31,1.14K,Process Industries,Industrial Specialties,26.0,30.0,31.0,6.0,1.4536,1.4371,3.53K,1.77K,37.69,11.9,85.08M,No,20.06,19.96,20.63,19.96,20.22,497
2690,NARPROP.BO,32.85,33.0,0.81K,Finance,Real Estate Development,26.0,10.0,27.0,15.0,1.71,1.5279,0.60K,0.97K,44.47,28.9,233.45M,No,37.02,37.49,36.52,36.81,36.78,497
2691,ATIL.BO,88.0,93.5,11.00K,Producer Manufacturing,Trucks/Construction/Farm Machinery,26.0,6.0,72.0,37.0,4.9964,4.5857,22.11K,12.20K,156.0,77.0,1.20B,No,94.1,100.6,,99.34,92.77,189
2692,JAMESWARREN.BO,252.2,252.95,0.09K,Consumer Non-Durables,Food: Major Diversified,26.0,62.0,50.0,26.0,7.7,7.6429,1.14K,0.76K,380.0,248.0,933.14M,No,253.03,257.98,287.82,258.56,271.88,497
2693,GOGIACAPGL.BO,55.86,57.0,0.05K,Finance,Investment Banks/Brokers,26.0,90.0,76.0,3.0,0.9743,0.3214,0.64K,1.93K,96.99,45.45,353.10M,No,53.48,50.61,63.51,51.01,58.18,499
2695,LEHAR.BO,198.05,196.7,9.99K,Consumer Non-Durables,Apparel/Footwear,26.0,62.0,11.0,54.0,9.3107,9.3107,17.61K,12.81K,285.0,160.0,3.50B,No,205.39,216.2,227.92,213.86,225.69,497
2696,UMIYA.BO,25.68,24.23,17.55K,Non-Energy Minerals,Steel,26.0,84.0,6.0,9.0,1.9829,1.795,19.89K,7.95K,45.36,19.67,332.73M,No,24.34,24.17,30.63,23.85,30.54,497
2697,AJANTSOY.BO,21.46,22.5,61.01K,Consumer Non-Durables,Food: Specialty/Candy,26.0,32.0,53.0,63.0,1.0571,1.0457,41.77K,29.86K,37.69,16.0,1.73B,No,22.78,22.72,24.02,22.73,22.79,497
2700,KAYCEEI.BO,809.5,813.2,0.69K,Producer Manufacturing,Electrical Products,26.0,63.0,35.0,45.0,30.3286,30.3286,0.81K,0.44K,1220.9,632.3,2.57B,No,809.81,845.14,853.11,841.28,859.92,497
2701,JAMSHRI.BO,73.36,75.81,1.68K,Finance,Real Estate Development,26.0,53.0,38.0,28.0,2.5493,2.4914,0.69K,0.83K,109.11,68.0,512.53M,No,75.04,75.32,80.3,74.9,77.28,497
2703,MULTIBASE.BO,168.95,173.75,4.12K,Process Industries,Industrial Specialties,26.0,38.0,46.0,31.0,6.8857,6.6929,6.18K,4.30K,265.0,156.0,2.13B,No,173.5,178.52,191.64,178.47,182.19,497
2714,GUJCRED.BO,21.0,21.0,0.02K,Finance,Real Estate Development,26.0,4.0,49.0,8.0,0.4007,0.1514,0.37K,0.10K,33.49,20.85,525.00M,No,23.09,23.51,24.92,23.25,24.48,499
2717,DENISCHEM.BO,67.41,67.81,2.96K,Health Technology,Pharmaceuticals: Generic,25.0,41.0,29.0,52.0,1.9907,1.97,28.93K,18.23K,97.35,56.1,935.43M,No,69.47,70.03,73.88,69.78,72.04,497
2721,EMIAC.BO,88.9,88.6,7.20K,Commercial Services,Advertising/Marketing Services,25.0,22.0,42.0,,2.0071,1.4936,28.50K,16.20K,121.0,87.0,1.09B,No,95.11,94.11,,95.1,,121
2726,VALPLAST.BO,39.0,39.0,2.00K,Industrial Services,Engineering & Construction,25.0,82.0,44.0,29.0,0.6557,0.215,16.19K,31.20K,67.99,30.8,765.49M,No,37.34,38.01,45.89,38.07,42.96,245
2732,KGVL.BO,43.99,43.99,2.40K,Finance,Financial Conglomerates,25.0,49.0,22.0,44.0,0.1914,0.1621,0.69K,0.60K,74.97,39.0,306.97M,No,43.18,46.69,48.95,46.46,49.36,490
2736,MANGALCOMP.BO,42.5,42.5,3.00K,Finance,Finance/Rental/Leasing,25.0,54.0,36.0,9.0,0.2143,0.0,0.95K,0.30K,58.0,41.0,578.25M,No,42.4,43.33,47.97,42.97,47.3,462
2738,COSCO.BO,178.95,184.95,0.79K,Consumer Durables,Recreational Products,25.0,43.0,25.0,35.0,6.1786,5.5714,0.69K,0.92K,260.0,160.0,744.61M,No,186.4,189.23,198.75,187.58,191.93,497
2741,PRODOCS.BO,152.0,152.0,3.00K,Commercial Services,Miscellaneous Commercial Services,25.0,24.0,32.0,10.0,2.2357,0.4,1.19K,1.20K,254.3,136.1,1.07B,No,151.66,159.81,,159.19,174.51,199
2745,COLAB.BO,128.55,128.55,0.19K,Distribution Services,Electronics Distributors,25.0,42.0,26.0,6.0,0.275,0.0,0.16K,0.09K,204.6,128.55,26.22B,No,131.3,135.26,158.5,134.44,148.88,499
2746,CCLINTER.BO,22.0,21.77,3.64K,Industrial Services,Engineering & Construction,25.0,60.0,41.0,15.0,1.5279,1.4586,0.84K,1.13K,35.76,20.0,422.24M,No,22.27,22.89,24.4,22.96,23.78,497
2747,SARTHAKIND.BO,25.0,25.0,2.02K,Producer Manufacturing,Industrial Machinery,25.0,46.0,48.0,39.0,1.0336,0.8686,0.62K,0.86K,41.38,21.2,232.30M,No,25.31,25.71,27.63,25.6,26.0,497
2750,CONTCHM.BO,55.12,55.12,0.00K,Technology Services,Packaged Software,25.0,8.0,32.0,13.0,1.1093,0.4664,0.07K,0.06K,87.08,50.0,123.96M,No,54.73,57.79,64.69,57.13,60.51,498
2754,PANCHSHEEL.BO,102.85,106.95,4.88K,Health Technology,Pharmaceuticals: Major,24.0,14.0,27.0,45.0,4.2607,4.2214,8.90K,3.49K,154.4,86.1,1.07B,No,107.24,113.36,116.48,112.28,116.7,497
2756,INDERGR.BO,21.4,20.45,0.11K,Finance,Finance/Rental/Leasing,24.0,7.0,38.0,8.0,0.6229,0.5264,0.51K,1.30K,35.44,15.38,108.31M,No,21.54,25.32,24.41,24.8,23.98,498
2759,DEFRAIL.BO,69.92,71.0,6.40K,Producer Manufacturing,Miscellaneous Manufacturing,24.0,62.0,49.0,14.0,2.05,0.7479,5.55K,5.28K,122.0,64.15,491.15M,No,69.84,69.71,,69.47,73.89,175
2762,TYCHE.BO,104.95,106.55,1.02K,Health Technology,Pharmaceuticals: Major,24.0,58.0,18.0,32.0,4.775,4.4179,7.52K,11.66K,148.0,99.0,1.08B,No,108.99,112.21,118.32,110.1,119.49,497
2763,UNITEDINT.BO,62.78,59.85,0.12K,Technology Services,Information Technology Services,24.0,29.0,48.0,11.0,3.4564,2.5593,0.25K,0.11K,91.8,57.1,114.95M,No,63.75,66.1,70.8,65.36,69.56,497
2764,STEP2COR.BO,23.35,23.35,1.00K,Finance,Investment Banks/Brokers,24.0,74.0,72.0,7.0,0.5707,0.0657,0.94K,0.11K,36.95,19.86,227.54M,No,27.7,24.61,28.12,24.84,27.16,497
2766,RRPDEFENSE.BO,614.75,614.75,0.02K,Distribution Services,Wholesale Distributors,24.0,41.0,25.0,6.0,1.3393,0.0,0.01K,0.00K,984.4,614.75,8.43B,No,628.18,647.35,760.23,643.34,713.47,498
2773,TULASEEBIOE.BO,33.0,33.0,0.10K,Process Industries,Chemicals: Specialty,24.0,95.0,1.0,80.0,0.3336,0.1036,0.33K,0.46K,71.21,19.48,194.47M,No,32.16,35.35,35.18,34.05,34.42,498
2775,PNTKYOR.BO,33.0,36.44,0.04K,Process Industries,Chemicals: Specialty,24.0,72.0,33.0,17.0,2.1714,1.6414,0.57K,0.64K,57.0,28.49,207.00M,No,33.75,34.0,37.34,33.56,35.93,497
2778,THRIVE.BO,86.0,88.37,0.21K,Consumer Non-Durables,Household/Personal Care,24.0,60.0,37.0,9.0,4.9357,4.5693,3.44K,1.84K,149.45,61.0,973.48M,No,88.19,82.85,103.28,82.58,97.64,497
2784,EMMESSA.BO,22.99,23.74,2.38K,Health Technology,Pharmaceuticals: Other,24.0,51.0,45.0,21.0,1.3321,1.2014,1.19K,1.54K,34.49,18.42,114.86M,No,23.87,24.21,25.76,24.11,24.78,497
2787,AAIL.BO,85.46,87.7,1.54K,Consumer Durables,Tools & Hardware,24.0,53.0,58.0,45.0,3.7093,3.5286,9.17K,2.21K,204.6,74.05,921.94M,No,87.59,98.08,98.03,96.27,94.24,497
2790,SKPSEC.BO,94.39,97.55,0.40K,Finance,Investment Banks/Brokers,24.0,29.0,15.0,33.0,5.3464,5.2214,2.68K,1.86K,142.0,74.0,642.68M,No,98.04,101.04,103.08,100.36,101.98,497
2791,SHIVAGR.BO,19.8,20.99,0.09K,Producer Manufacturing,Metal Fabrication,24.0,4.0,29.0,26.0,1.7457,1.6421,0.80K,2.98K,35.99,19.21,99.27M,No,23.04,23.7,24.41,23.08,23.34,497
2792,JYOTI.BO,57.67,59.7,26.88K,Producer Manufacturing,Electrical Products,23.0,15.0,51.0,49.0,3.435,3.3457,38.51K,50.32K,102.0,48.5,1.33B,No,61.71,58.42,66.09,58.88,62.05,497
2793,GUJPETR.BO,51.36,54.4,0.22K,Process Industries,Chemicals: Specialty,23.0,34.0,31.0,9.0,2.9071,2.5036,1.17K,0.36K,71.9,48.3,306.58M,No,53.49,53.73,57.47,53.06,56.55,497
2801,ZODJRDMKJ.BO,32.19,31.65,2.91K,Non-Energy Minerals,Other Metals/Minerals,23.0,11.0,34.0,41.0,1.8757,1.8714,21.87K,11.11K,50.0,28.4,353.31M,No,35.86,36.66,36.47,36.88,35.68,497
2806,CINDHO.BO,46.14,44.0,0.09K,Consumer Services,Hotels/Resorts/Cruise Lines,23.0,16.0,36.0,23.0,1.71,1.1071,0.10K,0.20K,68.49,42.52,166.10M,No,47.41,50.67,52.86,50.28,51.66,499
2807,YASHCHEM.BO,52.4,55.46,6.74K,Process Industries,Chemicals: Specialty,23.0,82.0,61.0,18.0,4.8007,4.7693,3.15K,6.62K,111.0,39.96,536.76M,No,51.52,50.31,57.29,50.84,52.94,497
2809,SMARITIME.BO,22.5,22.5,1.60K,Transportation,Marine Shipping,23.0,50.0,34.0,66.0,0.0,0.0,0.57K,0.57K,46.0,15.26,69.09M,No,22.56,22.47,22.23,22.65,20.71,498
2810,1STCUS.BO,64.95,64.95,0.00K,Finance,Investment Banks/Brokers,23.0,78.0,39.0,10.0,3.0593,2.9986,0.26K,0.18K,95.36,54.55,97.42M,No,62.9,63.29,73.22,62.31,69.84,497
2813,STARIMAGIN.BO,74.51,77.0,6.00K,Health Services,Medical/Nursing Services,23.0,18.0,6.0,80.0,3.7143,3.12,16.70K,8.60K,152.0,46.0,1.30B,No,79.83,85.12,80.53,83.54,78.8,280
2814,HERCULES.BO,108.15,109.7,4.37K,Producer Manufacturing,Trucks/Construction/Farm Machinery,23.0,17.0,35.0,53.0,3.6214,3.6214,7.43K,6.50K,226.0,85.85,3.46B,No,116.53,119.35,125.42,118.8,119.12,497
2815,BOMBWIR.BO,41.0,40.9,0.25K,Producer Manufacturing,Metal Fabrication,23.0,44.0,22.0,33.0,1.5229,1.4029,0.90K,0.48K,62.3,35.56,218.92M,No,41.27,43.3,46.65,42.75,45.97,497
2819,VAMSHIRU.BO,39.0,37.73,0.66K,Producer Manufacturing,Miscellaneous Manufacturing,23.0,49.0,32.0,32.0,2.4243,2.1121,2.33K,0.51K,62.5,36.0,164.07M,No,38.72,39.77,42.64,39.63,41.09,497
2825,SUNILAGR.BO,74.1,78.0,2.98K,Process Industries,Agricultural Commodities/Milling,23.0,35.0,28.0,26.0,3.8057,3.1929,0.18K,0.36K,101.0,72.7,222.51M,No,78.82,83.08,85.06,82.97,82.96,497
2832,AUSTERE.BO,40.0,43.0,6.00K,Technology Services,Packaged Software,22.0,54.0,43.0,15.0,2.6021,2.0286,9.88K,18.20K,61.7,34.05,419.13M,No,39.78,40.53,45.82,40.2,44.35,263
2834,JKAGRI.BO,291.95,286.65,0.13K,Process Industries,Agricultural Commodities/Milling,22.0,71.0,48.0,25.0,14.8536,14.05,1.18K,0.70K,519.0,275.0,1.37B,No,291.61,297.51,328.59,295.63,317.26,497
2836,TYROON.BO,76.6,81.39,0.32K,Process Industries,Agricultural Commodities/Milling,22.0,8.0,33.0,14.0,2.8829,1.9021,0.25K,0.26K,115.14,73.65,260.60M,No,83.72,86.3,89.86,85.48,88.09,499
2840,ASTALLTD.BO,69.54,70.91,2.71K,Finance,Real Estate Development,22.0,17.0,16.0,34.0,3.3486,3.2614,16.03K,11.19K,103.2,60.45,3.05B,No,73.12,78.39,77.86,77.65,76.47,497
2846,ICODEX.BO,36.5,36.76,4.80K,Technology Services,Packaged Software,22.0,38.0,36.0,47.0,1.1786,0.8629,6.89K,5.52K,60.3,29.01,570.75M,No,37.85,37.82,41.88,38.14,40.93,280
2851,COMMAND.BO,21.0,21.0,4.00K,Producer Manufacturing,Miscellaneous Manufacturing,22.0,63.0,34.0,13.0,0.0,0.0,0.19K,0.19K,32.68,21.0,196.91M,No,21.0,21.48,23.4,21.34,22.55,498
2868,ZDHJERK.BO,22.55,23.55,0.06K,Health Services,Medical/Nursing Services,21.0,7.0,23.0,12.0,0.6493,0.1857,1.17K,0.35K,35.86,19.53,92.42M,No,24.86,25.47,24.56,25.18,24.29,499
2869,GUJARATPOLY.BO,56.94,56.19,0.71K,Electronic Technology,Electronic Components,21.0,7.0,7.0,61.0,3.76,3.7136,2.39K,1.84K,94.0,43.0,486.84M,No,60.64,65.32,63.7,64.34,63.84,497
2870,BRISK.BO,73.9,70.6,1.60K,Distribution Services,Electronics Distributors,21.0,75.0,5.0,45.0,1.6943,1.4571,1.51K,2.16K,105.0,64.5,147.80M,No,70.53,73.06,77.43,72.96,77.6,500
2871,RODIUM.BO,139.9,145.0,0.04K,Finance,Real Estate Development,21.0,24.0,21.0,11.0,5.0393,4.8607,0.65K,0.32K,224.8,125.0,522.29M,No,142.35,150.1,163.59,149.89,161.78,497
2873,SOUTLAT.BO,30.0,29.8,0.10K,Finance,Financial Conglomerates,21.0,9.0,18.0,49.0,0.5571,0.3621,1.13K,0.36K,89.88,19.58,220.78M,No,33.0,29.53,31.42,30.13,29.62,497
2874,SUNSKY.BO,42.63,40.87,15.00K,Transportation,Air Freight/Couriers,21.0,95.0,64.0,2.0,1.7107,1.0143,12.45K,33.30K,96.0,29.04,530.10M,No,37.88,38.03,55.95,37.89,50.3,245
2883,PANCARBON.BO,393.35,398.0,2.63K,Producer Manufacturing,Electrical Products,21.0,26.0,21.0,15.0,10.8679,10.5857,2.10K,2.13K,525.6,392.0,1.89B,No,414.18,435.05,464.1,431.54,455.36,497
2884,BALGOPAL.BO,160.05,181.65,6.64K,Producer Manufacturing,Industrial Machinery,21.0,4.0,9.0,25.0,14.9214,13.5893,5.07K,14.92K,272.95,130.0,3.72B,No,182.74,190.79,177.03,187.18,174.97,497
2890,PANAENERG.BO,239.4,242.4,2.78K,Producer Manufacturing,Electrical Products,21.0,26.0,32.0,18.0,9.1357,9.0286,2.88K,1.73K,399.0,236.0,1.80B,No,253.92,255.47,284.85,256.2,273.19,497
2891,TRANSVOY.BO,88.0,90.5,1.60K,Transportation,Air Freight/Couriers,21.0,44.0,23.0,16.0,2.8243,1.9671,2.11K,2.56K,166.78,80.0,234.35M,No,90.81,92.29,101.87,90.23,97.82,498
2895,SARUPINDUS.BO,107.9,107.9,0.00K,Consumer Non-Durables,Apparel/Footwear,21.0,24.0,8.0,4.0,0.8,0.3643,0.15K,0.04K,208.0,82.12,350.93M,No,111.47,117.53,140.13,117.09,131.66,496
2896,NGIND.BO,109.9,103.1,0.07K,Health Services,Hospital/Nursing Management,21.0,49.0,40.0,9.0,6.025,5.8321,0.83K,1.31K,160.0,100.0,368.22M,No,111.96,113.81,125.5,114.32,119.55,497
2897,INDOBELL.BO,57.8,57.92,7.50K,Non-Energy Minerals,Construction Materials,21.0,0.0,57.0,8.0,3.2721,3.0,15.21K,16.27K,103.9,44.75,364.14M,No,70.33,72.07,64.43,71.19,66.34,427
2904,ASHISHPO.BO,28.0,28.0,1.67K,Producer Manufacturing,Miscellaneous Manufacturing,20.0,60.0,34.0,21.0,2.6493,2.4229,2.06K,0.53K,42.0,26.15,95.13M,No,29.21,28.76,30.27,28.43,29.51,497
2908,ORIBEVER.BO,161.85,172.05,2.32K,Consumer Non-Durables,Beverages: Non-Alcoholic,20.0,33.0,31.0,9.0,9.5857,9.15,1.41K,1.61K,291.25,151.65,349.98M,No,164.94,175.18,194.76,173.32,192.46,497
2913,JUNGLECAMP.BO,41.4,42.75,12.80K,Consumer Services,Hotels/Resorts/Cruise Lines,20.0,58.0,18.0,17.0,1.1807,0.8386,6.78K,6.08K,64.35,38.05,641.64M,No,42.34,44.38,47.46,44.63,48.06,446
2917,TRUECOLORS.BO,146.35,147.1,12.60K,Producer Manufacturing,Industrial Machinery,20.0,68.0,16.0,37.0,5.425,4.75,28.67K,23.28K,271.95,125.0,3.61B,No,148.87,152.37,167.25,152.09,158.36,250
2921,SAMINDUS.BO,37.5,37.48,0.12K,Finance,Real Estate Development,20.0,57.0,24.0,24.0,2.0293,1.8493,0.44K,0.51K,65.2,34.01,415.82M,No,37.95,39.13,42.76,39.03,41.34,498
2928,7TEC.BO,33.69,33.53,1.73K,Technology Services,Information Technology Services,20.0,70.0,19.0,34.0,1.6193,1.6107,19.80K,5.75K,49.7,30.06,366.50M,No,33.61,33.76,37.51,33.29,35.26,497
2932,OVAL.BO,47.5,47.6,4.80K,Industrial Services,Engineering & Construction,20.0,8.0,13.0,41.0,1.2729,1.1229,10.12K,10.72K,78.6,42.5,986.54M,No,47.72,51.66,54.47,51.04,52.37,268
2933,JAYTEX.BO,21.5,21.5,0.00K,Process Industries,Textiles,20.0,54.0,15.0,9.0,0.0071,0.0071,0.07K,0.07K,27.0,21.4,8.23B,No,21.56,22.1,24.96,21.99,24.46,498
2935,KRYPTONQ.BO,32.4,32.98,1.45K,Consumer Durables,Automotive Aftermarket,20.0,59.0,18.0,47.0,1.5564,1.4136,5.76K,3.36K,54.1,26.5,476.19M,No,33.9,35.22,36.97,34.8,36.19,497
2936,SPARKLEGR.BO,65.94,68.0,5.09K,Process Industries,Textiles,20.0,58.0,46.0,6.0,7.0679,6.8729,4.25K,1.62K,103.5,52.25,295.29M,No,66.64,66.08,72.01,65.71,70.65,497
2940,RATNABHUMI.BO,175.15,168.0,0.01K,Finance,Real Estate Development,19.0,67.0,31.0,4.0,1.3929,0.1857,0.01K,0.01K,318.0,166.25,2.40B,No,173.47,175.21,217.57,175.14,218.19,499
2945,EPIC.BO,32.39,32.97,5.73K,Producer Manufacturing,Electrical Products,19.0,60.0,34.0,19.0,1.3514,1.3493,7.26K,14.01K,55.64,25.2,257.33M,No,32.37,33.37,36.42,33.15,35.87,497
2949,HPCOTTON.BO,86.03,86.0,0.03K,Process Industries,Textiles,19.0,10.0,19.0,9.0,5.4829,5.1186,1.30K,2.55K,132.0,84.0,337.41M,No,91.27,98.04,104.01,96.53,101.96,497
2950,RAP.BO,30.06,31.76,2.31K,Finance,Real Estate Development,19.0,9.0,20.0,9.0,3.9143,3.8936,2.91K,5.70K,49.1,23.45,176.78M,No,32.17,35.58,35.89,34.74,35.89,497
2951,KINETICENG.BO,244.2,250.4,9.97K,Producer Manufacturing,Auto Parts: Oem,19.0,83.0,5.0,62.0,12.3286,12.1036,28.57K,22.85K,365.0,175.1,7.66B,No,228.62,237.28,258.81,236.86,243.96,497
2954,CWD.BO,270.0,273.85,25.50K,Technology Services,Packaged Software,19.0,9.0,18.0,18.0,13.875,13.2536,24.82K,26.75K,425.0,254.0,6.32B,No,298.66,307.75,311.01,305.88,299.5,498
2956,ITHL.BO,282.95,285.6,1.31K,Consumer Services,Other Consumer Services,19.0,43.0,36.0,34.0,11.325,11.225,2.25K,1.49K,495.0,266.0,2.26B,No,286.61,297.99,322.46,296.85,309.87,497
2957,GEMENVIRO.BO,35.99,37.08,11.20K,Transportation,Trucking,19.0,73.0,43.0,43.0,2.7757,2.595,10.60K,21.52K,74.44,31.83,811.59M,No,35.36,35.56,41.67,35.89,39.13,497
2958,FUTURSEC.BO,29.32,29.32,1.50K,Finance,Investment Banks/Brokers,19.0,89.0,33.0,6.0,0.0,0.0,0.20K,0.20K,40.2,20.91,57.17M,No,28.86,25.35,33.49,25.77,31.73,498
2961,QUESTCAP.BO,230.25,240.0,2.18K,Finance,Investment Banks/Brokers,19.0,21.0,21.0,28.0,6.3607,5.7929,0.89K,0.45K,347.0,222.0,2.30B,No,247.43,256.44,267.29,253.52,261.11,497
2964,AHASOLAR.BO,64.36,64.2,1.60K,Technology Services,Packaged Software,19.0,2.0,40.0,25.0,2.8507,1.8171,1.64K,1.28K,109.9,58.9,198.38M,No,70.8,75.38,80.09,73.25,76.99,498
2966,GSAUTO.BO,17.9,18.19,9.44K,Producer Manufacturing,Auto Parts: Oem,19.0,18.0,84.0,2.0,1.3843,1.375,28.30K,13.56K,39.7,12.66,779.43M,No,19.39,17.16,24.54,17.8,21.62,497
2967,BLOIN.BO,29.01,29.99,0.18K,Non-Energy Minerals,Steel,19.0,74.0,15.0,19.0,0.8221,0.6443,1.06K,0.13K,43.8,27.59,192.63M,No,30.54,30.96,33.34,30.75,32.78,498
2972,GOKAKTEX.BO,57.71,61.18,0.08K,Process Industries,Textiles,19.0,73.0,16.0,20.0,5.8207,5.2479,2.15K,6.30K,93.9,51.0,375.08M,No,62.47,60.43,64.72,60.55,63.44,497
2973,VINAYAKPOL.BO,21.0,21.0,0.01K,Process Industries,Containers/Packaging,19.0,57.0,15.0,41.0,0.0214,0.0,0.11K,0.11K,37.38,19.16,64.71M,No,21.17,22.02,23.59,21.94,22.63,496
2985,CTLLAB.BO,33.65,35.1,1.20K,Health Services,Medical/Nursing Services,18.0,46.0,13.0,20.0,0.1036,0.0,0.27K,0.27K,47.15,28.55,76.80M,No,35.03,37.24,39.44,36.76,38.49,500
2986,BLT.BO,29.0,29.0,1.60K,Transportation,Trucking,18.0,81.0,40.0,37.0,0.3957,0.21,1.68K,0.96K,66.75,20.6,139.08M,No,28.04,27.91,32.45,27.73,29.02,284
2989,KANSHST.BO,42.66,43.38,0.77K,Non-Energy Minerals,Steel,18.0,48.0,12.0,23.0,2.9629,2.8864,6.86K,6.94K,66.95,40.15,1.21B,No,44.98,47.39,52.89,46.56,51.24,497
2990,ASGARD.BO,33.64,34.39,46.03K,Producer Manufacturing,Metal Fabrication,18.0,67.0,62.0,7.0,2.3614,2.3036,60.81K,84.29K,63.0,27.21,10.48B,No,33.59,32.22,39.73,32.68,35.58,497
2994,GARNETINT.BO,49.87,52.0,2.61K,Process Industries,Textiles,18.0,19.0,17.0,35.0,2.8107,2.6921,4.51K,2.70K,122.9,42.0,979.20M,No,56.57,59.19,59.25,58.29,58.92,497
2999,SINNAR.BO,676.0,676.0,0.00K,Consumer Non-Durables,Tobacco,18.0,46.0,30.0,5.0,0.9857,0.0,0.01K,0.01K,996.0,613.0,270.40M,No,686.37,697.72,764.6,687.75,750.48,497
3002,NOL.BO,55.0,53.61,2.11K,Process Industries,Chemicals: Specialty,18.0,45.0,60.0,20.0,3.5179,3.4271,2.49K,1.17K,132.5,42.5,277.33M,No,56.55,57.3,68.65,57.39,62.66,497
3008,ADVANCETL.BO,72.91,73.9,18.00K,Producer Manufacturing,Metal Fabrication,18.0,72.0,,,3.8679,2.9729,59.23K,44.16K,94.0,56.32,658.35M,No,66.3,,,,,43
3012,SHINEFASH.BO,20.95,20.51,4.00K,Process Industries,Textiles,18.0,5.0,60.0,31.0,0.7143,0.0793,8.31K,5.20K,50.74,16.75,562.80M,No,22.12,23.93,27.32,23.68,24.92,498
3015,BONDADA.BO,269.5,276.1,135.00K,Industrial Services,Engineering & Construction,17.0,39.0,20.0,54.0,10.4036,10.2571,139.47K,119.36K,503.0,216.0,30.10B,No,276.24,285.2,315.45,282.4,307.29,497
3016,CIANAGRO.BO,1015.75,1068.15,97.61K,Process Industries,Agricultural Commodities/Milling,17.0,0.0,1.0,67.0,62.5071,62.0143,49.38K,39.35K,3633.15,643.6,28.43B,No,1231.11,1347.61,1375.53,1316.0,1382.83,497
3017,NATPLAS.BO,39.0,39.91,0.74K,Producer Manufacturing,Miscellaneous Manufacturing,17.0,44.0,31.0,22.0,1.9543,1.8721,2.71K,3.41K,60.24,37.0,356.05M,No,39.95,40.59,45.52,40.39,43.06,497
3019,MANSIFIN.BO,57.33,57.33,0.01K,Finance,Finance/Rental/Leasing,17.0,42.0,33.0,12.0,2.1893,1.2229,0.17K,0.25K,111.95,56.26,202.66M,No,61.73,61.29,68.45,60.93,64.68,496
3027,VJTFEDU.BO,68.4,67.01,0.07K,Consumer Services,Other Consumer Services,17.0,57.0,55.0,5.0,3.0514,2.7343,0.40K,0.10K,127.95,54.61,1.20B,No,70.44,70.33,79.52,70.63,76.19,497
3030,VARYAA.BO,26.0,26.9,1.00K,Consumer Durables,Other Consumer Specialties,17.0,40.0,34.0,12.0,0.75,0.515,1.51K,0.70K,48.0,24.02,124.54M,No,26.98,27.24,30.41,26.73,29.03,498
3035,REXSEAL.BO,133.15,133.15,1.00K,Producer Manufacturing,Industrial Machinery,17.0,94.0,35.0,7.0,2.0107,1.0107,0.08K,0.20K,216.0,105.0,344.19M,No,111.53,117.03,147.15,115.13,138.88,497
3037,WAA.BO,43.7,44.33,16.80K,Utilities,Electric Utilities,17.0,45.0,24.0,28.0,2.6157,2.2443,8.78K,5.04K,78.7,40.9,579.76M,No,47.54,45.97,51.96,45.88,50.84,497
3038,BHARATAGRI.BO,21.91,21.5,5.19K,Process Industries,Chemicals: Agricultural,17.0,61.0,22.0,38.0,0.9907,0.9907,20.62K,17.64K,35.4,20.0,1.16B,No,21.89,22.53,25.97,22.53,25.47,497
3041,DHILLON.BO,31.73,31.65,40.00K,Transportation,Air Freight/Couriers,17.0,72.0,23.0,46.0,0.5286,0.3857,3.27K,0.80K,57.6,27.0,124.38M,No,31.7,31.23,34.39,31.08,33.09,248
3042,RAYALEMA.BO,26.11,26.99,2.48K,Consumer Services,Hotels/Resorts/Cruise Lines,17.0,49.0,28.0,45.0,1.7657,1.6679,1.46K,1.13K,47.4,22.1,517.82M,No,27.81,28.21,31.14,28.04,29.31,497
3043,SHIVTEXCHEM.BO,116.15,111.0,6.40K,Distribution Services,Wholesale Distributors,17.0,86.0,46.0,30.0,5.1786,4.0179,5.58K,4.48K,274.0,95.0,2.69B,No,113.49,113.03,128.63,112.71,125.21,488
3046,THREEMPAPE.BO,23.0,23.0,2.00K,Process Industries,Pulp & Paper,17.0,43.0,33.0,57.0,0.6114,0.2014,3.84K,2.00K,39.99,18.27,4.42B,No,24.12,24.37,27.18,24.23,24.8,499
3049,STARSOURCE.BO,79.0,81.25,0.22K,Health Technology,Pharmaceuticals: Major,17.0,44.0,56.0,3.0,2.7107,2.6579,0.39K,0.11K,152.9,70.01,118.50M,No,75.93,79.67,101.51,79.12,95.69,498
3051,AIMCOPEST.BO,43.24,43.81,0.83K,Process Industries,Chemicals: Agricultural,16.0,19.0,18.0,53.0,2.32,2.2564,2.85K,5.28K,78.0,36.0,423.00M,No,45.5,47.14,51.08,46.07,49.41,497
3052,SHAMFOAM.BO,80.05,86.46,76.00K,Consumer Durables,Home Furnishings,16.0,86.0,,,7.5429,7.505,124.45K,48.70K,109.0,52.3,919.83M,No,70.68,,,,,32
3054,RELICAB.BO,34.89,35.34,1.68K,Producer Manufacturing,Metal Fabrication,16.0,43.0,31.0,33.0,2.365,2.365,9.76K,27.55K,70.0,30.25,352.20M,No,36.13,36.25,38.36,36.13,36.59,497
3055,MSCTC.BO,50.94,51.96,0.09K,Non-Energy Minerals,Steel,16.0,46.0,81.0,1.0,1.445,0.7643,4.32K,0.76K,123.4,38.5,355.29M,No,56.91,53.74,76.25,54.28,62.66,498
3058,INTLCOMBQ.BO,437.3,430.0,2.39K,Producer Manufacturing,Trucks/Construction/Farm Machinery,16.0,11.0,24.0,49.0,22.475,22.1714,1.97K,1.93K,850.0,346.0,1.05B,No,481.81,504.78,509.8,494.75,497.42,497
3065,KACHCHH.BO,25.76,24.54,0.78K,Non-Energy Minerals,Other Metals/Minerals,16.0,9.0,50.0,25.0,1.1657,1.0257,2.02K,1.26K,45.19,18.42,136.55M,No,26.73,26.81,28.14,26.75,28.06,497
3066,JOSTS.BO,215.6,225.7,8.10K,Producer Manufacturing,Industrial Machinery,16.0,50.0,25.0,42.0,8.675,8.6286,9.04K,4.27K,357.5,188.1,2.55B,No,226.79,227.64,247.83,225.74,237.6,497
3069,RESPONSINF.BO,19.66,19.95,0.11K,Commercial Services,Miscellaneous Commercial Services,16.0,56.0,44.0,11.0,0.635,0.5164,1.54K,0.45K,42.61,16.4,166.08M,No,20.53,19.76,23.76,19.75,21.73,497
3070,UNITDCR.BO,22.0,22.06,0.31K,Finance,Finance/Rental/Leasing,16.0,71.0,12.0,43.0,0.9771,0.6164,0.74K,0.24K,37.83,19.0,117.21M,No,22.76,24.08,26.57,23.78,25.53,497
3073,CRESCENTIS.BO,97.45,100.25,5.81K,Finance,Investment Banks/Brokers,16.0,36.0,15.0,10.0,5.5929,5.3786,3.67K,4.50K,144.7,92.95,1.66B,No,101.19,104.87,114.84,104.68,114.21,497
3080,SAKTHIFIN.BO,24.72,25.8,7.28K,Finance,Finance/Rental/Leasing,16.0,20.0,25.0,40.0,1.1543,1.1543,4.20K,4.87K,45.4,20.2,1.60B,No,26.71,27.36,28.42,27.1,26.55,497
3083,SANBLUE.BO,28.1,28.43,0.01K,Distribution Services,Wholesale Distributors,16.0,67.0,53.0,12.0,0.2171,0.0014,0.05K,0.02K,58.5,27.95,140.49M,No,29.14,28.78,36.04,28.62,32.48,499
3089,CITADEL.BO,33.11,35.0,5.34K,Finance,Real Estate Development,15.0,5.0,32.0,28.0,3.3486,3.2207,2.50K,3.47K,72.0,31.23,297.99M,No,37.17,36.49,38.8,36.31,38.33,497
3091,INCAP.BO,78.5,78.91,0.25K,Electronic Technology,Electronic Components,15.0,20.0,10.0,26.0,3.3586,2.5164,0.51K,0.30K,124.0,64.0,402.96M,No,84.05,87.14,86.65,85.23,90.01,497
3093,VISVEN.BO,37.27,41.1,0.00K,Commercial Services,Miscellaneous Commercial Services,15.0,4.0,44.0,16.0,6.9,6.4843,1.57K,0.74K,68.25,33.15,116.21M,No,40.83,41.18,45.78,41.01,40.91,497
3095,TIRUSTA.BO,120.75,122.55,0.33K,Consumer Non-Durables,Food: Specialty/Candy,15.0,29.0,35.0,22.0,10.9821,10.45,1.53K,3.95K,198.0,115.0,1.16B,No,130.06,139.94,146.97,136.18,138.52,498
3096,AEONXDIGI.BO,107.6,108.0,0.35K,Process Industries,Chemicals: Specialty,15.0,66.0,40.0,36.0,6.0786,5.7143,2.42K,1.63K,220.0,99.0,498.71M,No,111.18,113.19,129.88,112.28,120.73,497
3104,KARBON.BO,114.6,117.25,24.00K,Producer Manufacturing,Metal Fabrication,15.0,54.0,29.0,23.0,8.725,7.9964,18.59K,54.08K,199.4,92.6,1.62B,No,118.67,111.03,133.01,109.93,119.68,261
3106,ATHENAGLO.BO,55.0,55.0,0.00K,Technology Services,Information Technology Services,15.0,51.0,49.0,18.0,2.7507,2.2493,3.27K,0.95K,92.61,49.5,809.14M,No,53.56,55.43,67.31,54.89,62.2,497
3109,VASHISHTHA.BO,62.06,68.95,14.40K,Consumer Non-Durables,Apparel/Footwear,15.0,44.0,70.0,36.0,2.2464,0.2907,4.56K,1.56K,208.9,52.11,146.26M,No,64.19,62.25,70.71,62.85,62.77,262
3114,LGT.BO,38.01,38.01,38.40K,Consumer Services,Other Consumer Services,15.0,53.0,31.0,5.0,1.6671,1.075,10.08K,13.56K,85.5,36.0,356.26M,No,38.42,40.37,52.18,39.36,45.52,273
3118,TCFCFINQ.BO,24.0,23.95,0.47K,Finance,Financial Conglomerates,15.0,40.0,52.0,23.0,1.6136,1.6093,2.56K,2.25K,51.57,22.02,226.83M,No,24.95,25.49,28.8,25.34,27.16,500
3119,INNOVATORS.BO,111.85,116.9,6.40K,Process Industries,Industrial Specialties,15.0,54.0,35.0,32.0,5.6929,5.1214,16.47K,24.80K,234.6,102.0,2.11B,No,114.85,115.82,140.89,116.12,126.26,497
3120,VERITAS.BO,148.15,151.15,3.30K,Distribution Services,Wholesale Distributors,15.0,31.0,19.0,38.0,4.5286,4.5286,3.40K,2.23K,346.4,132.2,3.97B,No,158.29,164.94,169.3,163.59,165.62,497
3122,BHASKAGR.BO,105.2,108.9,0.69K,Process Industries,Chemicals: Agricultural,15.0,41.0,14.0,1.0,4.9036,4.8679,1.91K,1.19K,199.9,92.0,548.05M,No,107.21,111.25,132.16,111.03,137.9,497
3123,STERPOW.BO,22.82,22.23,3.63K,Electronic Technology,Semiconductors,15.0,2.0,2.0,50.0,1.6979,1.6471,6.15K,6.31K,43.0,16.9,120.09M,No,25.97,30.91,29.32,30.15,30.35,497
3124,MYMONEY.BO,34.51,33.29,16.48K,Finance,Investment Banks/Brokers,15.0,75.0,26.0,5.0,3.8564,3.4929,0.98K,1.27K,54.45,30.85,579.78M,No,36.66,35.86,39.97,35.96,40.09,497
3126,TRANSFRE.BO,17.98,17.77,3.71K,Process Industries,Containers/Packaging,14.0,19.0,33.0,6.0,1.8793,1.8786,1.28K,1.72K,32.0,17.13,130.93M,No,19.39,19.74,21.64,19.57,21.22,497
3127,KEERTHI.BO,40.4,37.57,2.59K,Non-Energy Minerals,Construction Materials,14.0,64.0,61.0,8.0,2.39,2.2764,0.86K,0.78K,75.0,34.5,323.88M,No,41.37,40.49,48.94,41.15,44.15,497
3133,ZBINTXPP.BO,1613.9,1622.0,0.00K,Process Industries,Textiles,14.0,5.0,53.0,3.0,9.525,5.15,0.00K,0.00K,2837.3,1579.0,1.15B,No,1742.32,1722.52,2029.46,1727.85,1908.9,498
3139,NAGTECH.BO,36.99,35.77,5.10K,Process Industries,Agricultural Commodities/Milling,14.0,26.0,25.0,5.0,1.5986,1.3971,7.53K,1.51K,57.41,34.01,1.13B,No,37.93,41.19,45.77,40.92,44.77,498
3141,SAFFRON.BO,23.12,23.43,1.21K,Finance,Real Estate Development,14.0,28.0,16.0,24.0,1.76,1.69,3.01K,2.88K,104.13,22.91,166.12M,No,24.72,25.78,29.42,25.47,28.3,497
3143,DUNCANENG.BO,322.15,330.0,0.06K,Producer Manufacturing,Industrial Machinery,14.0,15.0,22.0,11.0,13.1286,12.5821,1.46K,1.04K,539.0,319.3,1.19B,No,341.07,357.48,395.06,353.4,374.39,498
3146,SAFECURE.BO,24.88,26.27,3.60K,Commercial Services,Miscellaneous Commercial Services,14.0,87.0,65.0,23.0,1.6114,1.4686,7.35K,23.88K,81.6,18.65,249.80M,No,21.75,22.23,28.33,22.22,25.65,226
3148,MORGAN.BO,42.83,44.99,0.72K,Finance,Financial Conglomerates,14.0,49.0,43.0,47.0,2.0029,1.9279,1.96K,1.05K,87.0,35.0,423.96M,No,44.1,44.89,53.45,44.58,47.19,497
3149,ROLCOEN.BO,497.1,522.0,0.05K,Producer Manufacturing,Metal Fabrication,14.0,76.0,52.0,5.0,5.4393,0.0,0.06K,0.02K,771.65,476.0,375.81M,No,522.57,530.03,595.56,524.95,581.25,499
3152,APLABPP.BO,47.12,50.0,0.40K,Electronic Technology,Electronic Equipment/Instruments,14.0,17.0,2.0,31.0,5.6336,5.5443,5.21K,2.05K,97.0,35.54,1.29B,No,52.73,51.35,62.52,50.59,62.74,306
3154,ALSL.BO,47.2,48.71,16.86K,Finance,Investment Banks/Brokers,14.0,86.0,3.0,19.0,4.6193,4.35,24.29K,20.82K,79.3,38.07,2.20B,No,47.26,53.77,59.15,51.95,60.27,497
3155,LAPL.BO,101.65,103.95,21.60K,Producer Manufacturing,Auto Parts: Oem,14.0,5.0,,,6.4321,6.2071,160.34K,22.56K,139.0,98.0,1.27B,No,109.55,,,,,35
3157,STAL.BO,33.97,33.05,3.20K,Producer Manufacturing,Metal Fabrication,14.0,69.0,74.0,29.0,1.8829,1.235,13.56K,4.16K,81.0,27.0,436.17M,No,32.85,33.14,41.81,32.98,36.46,497
3160,OCEANIC.BO,49.9,50.41,10.69K,Consumer Non-Durables,Food: Specialty/Candy,14.0,45.0,24.0,19.0,2.5479,2.44,3.10K,4.81K,78.14,47.02,561.38M,No,51.17,52.71,59.16,53.43,56.67,498
3162,CLENON.BO,38.62,40.57,0.24K,Producer Manufacturing,Electrical Products,14.0,63.0,26.0,3.0,0.5957,0.5707,0.33K,0.08K,62.96,37.78,443.85M,No,40.41,42.69,50.5,42.31,47.64,498
3163,JUSTO.BO,76.22,89.05,71.00K,Finance,Real Estate Development,13.0,0.0,37.0,29.0,4.0221,2.9471,9.42K,5.80K,136.8,72.0,1.43B,No,101.58,98.66,95.41,97.1,95.03,250
3164,NSDL.BO,752.75,757.45,483.85K,Finance,Savings Banks,13.0,34.0,29.0,19.0,13.3643,13.1214,441.00K,437.03K,1219.0,747.1,150.55B,No,789.05,805.04,885.21,802.23,840.72,287
3166,BHATEXT.BO,22.07,22.07,0.10K,Process Industries,Textiles,13.0,1.0,4.0,4.0,0.2614,0.0,0.06K,0.02K,34.77,21.43,129.27M,No,24.69,27.61,30.22,27.11,29.3,498
3170,ATISHAY.BO,141.8,137.05,0.82K,Technology Services,Information Technology Services,13.0,39.0,3.0,2.0,7.85,7.7643,4.26K,2.66K,235.0,120.15,1.56B,No,142.23,153.33,187.2,151.39,185.68,497
3171,ITCONS.BO,262.35,263.45,11.60K,Commercial Services,Personnel Services,13.0,43.0,38.0,32.0,17.8536,17.7464,35.32K,19.86K,620.0,230.5,2.36B,No,272.72,280.48,330.52,281.49,302.27,497
3174,KANISHK.BO,25.89,27.25,3.20K,Non-Energy Minerals,Aluminum,13.0,83.0,46.0,27.0,0.7307,0.395,5.38K,5.12K,58.4,22.55,347.96M,No,24.66,24.78,,24.69,28.79,165
3177,MADALA.BO,165.4,160.3,0.18K,Technology Services,Information Technology Services,13.0,18.0,18.0,12.0,13.4857,12.5857,0.61K,0.60K,279.65,151.1,2.44B,No,180.37,186.84,198.42,186.26,190.12,498
3178,LAKESHORE.BO,62.38,62.52,0.18K,Process Industries,Agricultural Commodities/Milling,13.0,40.0,28.0,10.0,3.2614,3.1286,2.54K,2.74K,114.63,54.5,218.37M,No,62.41,69.75,72.28,68.66,68.84,497
3179,EDVENSWA.BO,21.97,22.0,8.11K,Technology Services,Information Technology Services,13.0,82.0,29.0,38.0,1.5107,1.5029,10.81K,8.10K,45.89,19.01,641.87M,No,21.89,21.7,26.03,21.73,24.95,497
3188,KTIL.BO,58.0,61.2,10.12K,Distribution Services,Wholesale Distributors,13.0,59.0,33.0,23.0,2.375,2.2479,2.19K,2.70K,107.0,53.6,633.74M,No,61.0,60.49,66.31,60.53,63.07,497
3189,FINELINE.BO,62.69,63.59,1.28K,Electronic Technology,Electronic Components,13.0,42.0,34.0,7.0,3.9414,3.87,2.67K,1.84K,103.66,48.22,301.40M,No,64.77,66.42,73.93,66.35,67.87,497
3190,HINDUST.BO,37.3,38.98,1.74K,Process Industries,Agricultural Commodities/Milling,13.0,50.0,32.0,9.0,2.4729,2.3436,2.75K,1.95K,69.0,33.36,164.13M,No,37.68,38.26,44.54,37.9,42.49,497
3191,ANNAINFRA.BO,23.42,25.5,0.01K,Finance,Real Estate Investment Trusts,13.0,1.0,10.0,5.0,2.1564,1.8957,0.65K,0.47K,39.9,21.9,89.00M,No,27.09,27.35,30.25,27.24,31.03,498
3192,QUESTFLOW.BO,146.5,150.0,4.40K,Producer Manufacturing,Industrial Machinery,13.0,39.0,4.0,55.0,10.8607,9.8036,15.41K,20.08K,288.75,116.2,1.50B,No,166.29,175.42,192.14,174.12,194.3,497
3197,AMITSEC.BO,35.14,35.5,1.56K,Commercial Services,Miscellaneous Commercial Services,13.0,8.0,3.0,2.0,1.7479,1.2786,0.39K,0.51K,67.16,27.21,249.49M,No,38.41,41.87,47.43,41.22,48.25,498
3198,ABRIL.BO,30.49,30.12,6.00K,Process Industries,Pulp & Paper,13.0,14.0,13.0,18.0,1.0679,0.8264,7.69K,9.40K,47.0,25.5,243.37M,No,31.67,33.22,36.78,32.75,35.4,267
3200,NIDHGRN.BO,244.85,241.7,3.66K,Finance,Investment Banks/Brokers,13.0,7.0,2.0,39.0,16.4643,14.7643,1.75K,8.24K,480.75,181.45,1.96B,No,250.1,276.53,324.52,273.68,308.92,498
3204,ZMILGFIN.BO,45.2,45.78,12.58K,Finance,Financial Conglomerates,12.0,64.0,61.0,16.0,3.5979,3.5979,105.47K,204.42K,101.0,35.36,973.66M,No,43.47,44.37,52.08,44.55,49.46,497
3205,ZWELCAST.BO,600.5,600.5,0.01K,Non-Energy Minerals,Construction Materials,12.0,38.0,21.0,17.0,16.4143,12.2964,0.11K,0.01K,1060.0,592.0,383.22M,No,627.62,648.44,709.44,635.25,680.85,495
3206,KEMISTAR.BO,49.4,47.25,0.01K,Process Industries,Chemicals: Agricultural,12.0,9.0,58.0,3.0,4.715,4.4614,2.46K,1.59K,103.25,45.1,531.51M,No,50.18,50.13,61.19,50.27,56.91,497
3212,SWADPOL.BO,32.17,32.5,1.94K,Process Industries,Textiles,12.0,21.0,23.0,47.0,1.655,1.6529,3.66K,3.18K,65.6,27.0,1.25B,No,34.8,36.04,37.82,35.93,35.65,497
3220,SPL.BO,19.8,19.8,4.80K,Process Industries,Containers/Packaging,12.0,30.0,21.0,31.0,1.0221,0.8007,27.70K,42.08K,41.1,15.75,385.47M,No,21.92,22.24,23.69,22.22,21.83,498
3221,GVELECTRIC.BO,129.2,130.0,99.00K,Industrial Services,Engineering & Construction,12.0,69.0,,,7.2714,7.1143,134.91K,46.70K,165.9,122.0,1.46B,No,132.68,,,,,36
3223,HARIKANTA.BO,59.9,62.0,8.40K,Process Industries,Textiles,12.0,35.0,7.0,,2.2543,1.4957,27.85K,7.68K,91.84,57.62,590.96M,No,64.63,68.56,,67.36,,87
3232,CONTILI.BO,19.0,19.15,0.70K,Distribution Services,Food Distributors,12.0,41.0,18.0,3.0,1.4079,1.3521,4.15K,7.13K,42.0,17.5,293.97M,No,19.38,20.04,23.15,20.02,23.03,497
3233,SRAMSET.BO,257.25,258.05,0.23K,Finance,Investment Managers,12.0,32.0,34.0,13.0,19.6179,19.6179,3.47K,3.84K,519.0,241.5,4.41B,No,263.45,278.32,308.43,278.18,293.19,497
3235,ODYSSEY.BO,39.44,41.61,3.36K,Technology Services,Packaged Software,12.0,82.0,41.0,42.0,3.0907,3.08,7.16K,5.11K,94.5,33.4,628.76M,No,40.74,38.95,46.64,38.66,41.91,497
3236,NEXOME.BO,83.12,87.4,5.48K,Finance,Investment Banks/Brokers,12.0,1.0,3.0,27.0,6.7371,6.5079,1.42K,1.75K,148.0,68.6,892.33M,No,95.16,107.94,101.39,105.93,104.59,497
3241,AASTAFIN.BO,28.79,28.04,0.05K,Finance,Finance/Rental/Leasing,11.0,23.0,14.0,12.0,1.7707,1.6893,13.87K,4.08K,51.0,27.8,447.32M,No,30.82,32.14,35.15,32.11,34.12,497
3243,RAMINFO.BO,44.94,45.4,0.36K,Technology Services,Packaged Software,11.0,69.0,53.0,11.0,2.1907,2.0893,5.54K,5.14K,99.5,42.0,368.05M,No,43.61,43.87,53.24,44.34,48.63,497
3247,DAIKAFFI.BO,48.51,49.49,0.30K,Process Industries,Chemicals: Specialty,11.0,68.0,43.0,39.0,0.9486,0.8,4.79K,3.45K,144.5,28.48,291.06M,No,47.13,45.52,48.2,46.15,43.96,497
3253,NVENTURES.BO,83.0,82.1,1.50K,Distribution Services,Wholesale Distributors,11.0,52.0,9.0,5.0,1.1071,0.5857,12.14K,1.88K,156.5,64.5,387.61M,No,82.47,83.68,100.64,83.68,98.75,498
3255,GORANIN.BO,41.02,39.0,0.00K,Consumer Durables,Electronics/Appliances,11.0,12.0,27.0,16.0,4.1279,3.7,1.50K,0.53K,83.3,37.05,219.97M,No,42.27,44.86,51.95,44.65,47.92,497
3256,GARWAMAR.BO,18.99,17.83,6.08K,Producer Manufacturing,Trucks/Construction/Farm Machinery,11.0,55.0,26.0,6.0,1.5621,1.5621,4.25K,3.43K,36.5,16.52,109.50M,No,18.63,19.78,23.03,19.69,21.9,497
3259,COARO.BO,21.8,22.9,0.10K,Transportation,Trucking,11.0,22.0,27.0,6.0,0.4164,0.1707,0.06K,0.05K,41.45,21.8,90.40M,No,23.91,25.63,29.56,24.99,27.72,500
3261,CNINFOTECH.BO,76.58,77.2,8.00K,Technology Services,Information Technology Services,11.0,44.0,10.0,19.0,2.8707,2.625,14.04K,14.68K,126.95,70.0,1.87B,No,79.1,83.77,91.93,82.36,89.08,417
3265,SYSCHEM.BO,34.8,35.47,21.65K,Health Technology,Pharmaceuticals: Major,11.0,86.0,24.0,8.0,2.1921,2.165,59.27K,113.15K,60.95,28.81,1.87B,No,32.56,33.71,44.14,33.29,41.94,497
3267,SALORAINTL.BO,25.69,26.06,0.13K,Electronic Technology,Telecommunications Equipment,11.0,35.0,27.0,11.0,1.6364,1.2564,1.50K,0.78K,46.32,23.15,226.26M,No,25.32,27.02,30.48,26.59,28.74,497
3272,SONALIS.BO,37.29,36.75,2.00K,Consumer Non-Durables,Food: Specialty/Candy,11.0,6.0,32.0,10.0,2.2364,1.6193,10.91K,12.20K,92.0,33.6,177.09M,No,38.99,42.87,50.87,41.97,47.06,498
3273,KLRFM.BO,78.97,83.33,5.27K,Process Industries,Agricultural Commodities/Milling,11.0,27.0,17.0,11.0,5.7993,5.735,3.67K,3.46K,137.0,75.0,714.01M,No,83.26,86.09,96.74,85.36,96.44,497
3274,PHARMAID.BO,30.15,29.4,2.72K,Health Technology,Pharmaceuticals: Major,11.0,33.0,25.0,37.0,1.4036,1.395,7.07K,3.08K,60.0,25.6,1.06B,No,30.08,31.4,34.58,31.48,31.47,497
3277,TEXELIN.BO,64.28,65.34,6.98K,Consumer Durables,Home Furnishings,10.0,63.0,11.0,20.0,4.1021,3.9121,17.36K,12.29K,100.95,55.98,905.79M,No,63.54,66.57,73.1,65.66,69.77,497
3279,NSBBPO.BO,60.47,60.47,15.00K,Commercial Services,Miscellaneous Commercial Services,10.0,38.0,39.0,17.0,0.4707,0.2243,1.67K,2.60K,127.5,58.41,1.21B,No,60.58,64.03,72.74,63.57,67.04,243
3280,TFSL.BO,25.21,24.01,0.00K,Finance,Finance/Rental/Leasing,10.0,2.0,2.0,1.0,1.0529,0.4079,3.10K,10.77K,53.96,18.05,75.65M,No,23.94,31.63,39.98,30.21,39.03,497
3285,DRONACHRYA.BO,31.75,32.56,17.00K,Electronic Technology,Aerospace & Defense,10.0,36.0,12.0,38.0,1.3971,1.1186,30.84K,39.00K,65.4,28.97,761.64M,No,32.35,34.2,37.22,33.91,36.65,497
3286,FORTISMLR.BO,41.29,41.72,4.55K,Health Services,Hospital/Nursing Management,10.0,14.0,11.0,23.0,1.6064,1.5914,6.50K,8.75K,76.0,40.0,773.85M,No,42.92,46.37,52.28,45.58,50.36,497
3288,TELECANOR.BO,15.07,14.65,9.90K,Technology Services,Packaged Software,10.0,0.0,1.0,0.0,1.1457,1.0964,27.71K,25.49K,48.5,7.38,230.89M,No,17.35,20.83,28.8,20.22,25.37,497
3289,ALPHALOGIC.BO,39.55,39.97,5.07K,Commercial Services,Miscellaneous Commercial Services,10.0,62.0,28.0,27.0,2.5314,2.4679,4.34K,4.62K,84.0,32.5,2.48B,No,40.01,40.63,47.16,40.62,46.31,497
3291,SANINFRA.BO,48.45,48.45,2.99K,Distribution Services,Wholesale Distributors,10.0,72.0,42.0,20.0,2.81,2.81,4.06K,5.69K,95.9,38.88,765.55M,No,50.32,50.16,61.54,50.24,57.61,500
3293,CHENFERRO.BO,70.0,73.01,1.14K,Non-Energy Minerals,Steel,10.0,34.0,15.0,50.0,5.0171,4.7743,1.20K,1.36K,139.7,57.0,252.32M,No,74.0,76.6,87.9,75.83,82.95,497
3296,SWANAGRO.BO,38.0,39.0,18.00K,Producer Manufacturing,Trucks/Construction/Farm Machinery,10.0,19.0,19.0,21.0,1.1079,0.8164,4.81K,7.00K,67.79,38.0,722.62M,No,40.08,41.64,46.49,41.34,43.23,496
3297,RAMSONS.BO,80.0,79.0,0.30K,Finance,Investment Banks/Brokers,10.0,42.0,34.0,9.0,4.17,4.0179,0.61K,1.09K,448.85,59.35,240.52M,No,80.08,84.02,95.05,83.18,90.54,498
3300,VEEFIN.BO,247.05,250.1,19.80K,Technology Services,Packaged Software,10.0,74.0,8.0,38.0,21.1107,20.6536,42.29K,57.22K,403.0,211.05,6.31B,No,247.89,260.82,296.12,256.15,285.05,497
3305,ASSOCER.BO,146.3,154.0,0.05K,Non-Energy Minerals,Construction Materials,10.0,12.0,26.0,5.0,2.2857,0.575,0.07K,0.02K,244.0,140.0,299.14M,No,163.42,164.2,181.33,163.77,171.79,497
3306,KISAN.BO,21.6,21.7,36.78K,Producer Manufacturing,Miscellaneous Manufacturing,10.0,5.0,7.0,20.0,0.5207,0.4586,78.58K,27.49K,42.4,21.02,2.58B,No,22.86,23.4,28.08,23.46,28.37,497
3307,GITARENEW.BO,63.21,65.5,0.52K,Utilities,Electric Utilities,10.0,31.0,21.0,9.0,3.1329,2.9586,0.74K,0.49K,113.44,60.11,259.94M,No,68.83,70.9,77.66,70.76,76.53,497
3310,HOWARHO.BO,17.9,19.88,2.32K,Consumer Services,Hotels/Resorts/Cruise Lines,10.0,27.0,14.0,4.0,1.0829,1.0136,0.76K,0.38K,29.84,16.74,163.13M,No,18.95,19.27,22.76,19.25,22.38,499
3314,HARAFIN.BO,56.0,56.0,0.30K,Finance,Finance/Rental/Leasing,9.0,4.0,20.0,6.0,0.6107,0.1071,0.06K,0.05K,93.97,54.5,11.63B,No,58.4,62.71,70.99,61.84,65.12,496
3316,MUNCAPM.BO,94.77,94.77,0.00K,Finance,Investment Banks/Brokers,9.0,62.0,34.0,6.0,0.7114,0.7114,0.00K,0.00K,169.15,94.77,868.66M,No,96.29,99.1,116.7,98.12,108.26,497
3317,RAJESH.BO,733.5,748.2,10.40K,Industrial Services,Engineering & Construction,9.0,31.0,30.0,20.0,23.0322,23.0322,30.08K,26.34K,1624.95,705.0,13.21B,No,769.5,805.75,886.33,800.6,855.07,453
3319,NACDAC.BO,22.5,22.51,8.00K,Consumer Durables,Homebuilding,9.0,61.0,28.0,27.0,0.7479,0.2986,7.19K,4.80K,44.04,20.0,236.82M,No,22.85,23.73,27.34,23.63,25.73,440
3325,CASPIAN.BO,33.86,33.57,3.17K,Commercial Services,Personnel Services,9.0,50.0,47.0,49.0,1.7114,1.7064,2.56K,2.24K,83.0,28.82,428.67M,No,34.18,34.29,41.96,34.41,35.9,498
3326,STRGRENWO.BO,17.8,17.15,1.56K,Finance,Real Estate Development,9.0,1.0,8.0,32.0,0.4864,0.1293,0.10K,0.30K,38.9,16.25,75.47M,No,20.67,21.49,22.51,21.18,20.24,498
3332,VANDAN.BO,23.5,21.99,3.60K,Consumer Non-Durables,Food: Specialty/Candy,9.0,47.0,63.0,5.0,1.1493,0.5343,4.37K,3.48K,65.99,19.81,197.04M,No,23.61,23.85,33.81,24.08,30.05,310
3333,MIL.BO,23.79,24.46,0.84K,Finance,Financial Conglomerates,9.0,25.0,13.0,16.0,2.1086,2.0207,2.25K,3.19K,43.0,20.61,237.90M,No,25.22,26.48,29.04,26.58,26.45,497
3337,STARDELTA.BO,433.25,437.3,0.96K,Producer Manufacturing,Electrical Products,9.0,47.0,2.0,33.0,19.3643,19.3643,3.00K,1.47K,718.8,392.55,1.30B,No,450.29,501.46,541.81,497.39,548.7,497
3338,BELDING.BO,898.25,954.5,88.45K,Producer Manufacturing,Metal Fabrication,9.0,10.0,1.0,1.0,39.4143,38.7643,40.78K,9.48K,2400.0,801.7,13.01B,No,989.0,991.0,1436.85,992.1,1290.98,498
3339,NAPL.BO,77.9,81.15,79.66K,Consumer Non-Durables,Food: Specialty/Candy,9.0,3.0,7.0,51.0,7.7496,7.2889,76.64K,60.50K,154.85,60.5,825.12M,No,92.72,94.27,98.53,94.88,91.6,501
3341,RESGEN.BO,43.74,43.95,30.00K,Process Industries,Chemicals: Major Diversified,9.0,67.0,40.0,10.0,2.3471,2.11,18.42K,6.75K,88.0,41.0,917.45M,No,45.31,46.57,55.65,46.05,52.66,497
3342,LOYAL.BO,135.5,143.25,9.98K,Producer Manufacturing,Industrial Machinery,9.0,25.0,21.0,11.0,9.5143,9.4714,4.55K,3.18K,225.0,120.0,1.46B,No,140.01,147.69,168.24,146.25,163.23,497
3344,BRADYM.BO,642.8,667.15,0.57K,Producer Manufacturing,Industrial Machinery,9.0,34.0,20.0,13.0,28.9393,28.4036,0.18K,0.25K,1250.0,631.0,1.45B,No,663.62,698.06,793.31,686.29,769.99,497
3345,UVS.BO,76.88,79.0,3.41K,Distribution Services,Wholesale Distributors,9.0,42.0,16.0,17.0,5.7893,5.6329,24.39K,22.45K,161.95,72.55,2.93B,No,79.62,83.72,94.76,84.29,87.7,497
3353,GANVERSE.BO,23.01,23.01,3.75K,Finance,Real Estate Development,8.0,11.0,3.0,66.0,1.19,1.0286,15.75K,19.62K,37.5,16.6,,No,24.52,25.74,26.5,25.34,26.21,498
3356,VAHH.BO,48.0,48.0,2.00K,Process Industries,Chemicals: Major Diversified,8.0,10.0,10.0,,1.4214,0.5764,13.03K,4.20K,73.98,45.0,398.68M,No,52.19,51.74,,52.12,,80
3358,APTPACK.BO,67.6,68.39,1.64K,Producer Manufacturing,Miscellaneous Manufacturing,8.0,53.0,45.0,0.0,4.85,4.6086,6.63K,6.24K,198.35,55.5,798.59M,No,67.49,68.24,106.68,67.19,107.64,498
3360,JUPITERIN.BO,36.92,37.29,19.01K,Technology Services,Packaged Software,8.0,88.0,1.0,4.0,2.4514,2.4229,18.34K,10.45K,81.55,30.1,369.94M,No,39.32,43.06,49.51,41.83,52.82,497
3363,VRUDDHI.BO,160.0,163.5,2.50K,Non-Energy Minerals,Steel,8.0,3.0,5.0,7.0,8.7143,6.6571,1.28K,4.00K,249.0,144.0,403.77M,No,181.93,198.1,209.46,193.82,207.77,498
3364,SHARMEH.BO,87.95,88.0,0.07K,Health Services,Hospital/Nursing Management,8.0,33.0,20.0,9.0,5.3207,5.1421,0.32K,0.38K,172.9,80.15,288.81M,No,90.19,94.32,103.62,93.88,99.04,497
3365,CONTPTR.BO,68.4,71.4,3.92K,Energy Minerals,Oil Refining/Marketing,8.0,11.0,18.0,12.0,3.9243,3.8879,2.33K,0.81K,125.0,65.0,579.20M,No,74.62,76.47,87.95,76.65,84.0,497
3366,SEVL.BO,34.11,37.25,7.20K,Consumer Durables,Motor Vehicles,8.0,68.0,24.0,7.0,2.0964,1.9371,10.46K,8.64K,82.12,28.0,421.55M,No,35.78,36.39,48.77,36.25,42.86,312
3367,CALCOM.BO,64.0,65.99,2.90K,Producer Manufacturing,Electrical Products,8.0,28.0,18.0,17.0,3.9364,3.9293,5.54K,4.58K,147.5,60.3,895.06M,No,68.04,72.01,85.24,71.05,76.64,497
3369,CENLUB.BO,169.0,171.1,3.52K,Producer Manufacturing,Industrial Machinery,8.0,14.0,9.0,46.0,10.0214,9.9464,4.69K,4.75K,313.85,137.0,788.03M,No,175.49,189.4,207.13,186.66,201.93,497
3371,RAGHUSYN.BO,78.35,82.9,7.58K,Process Industries,Textiles,8.0,7.0,11.0,9.0,3.7064,3.625,2.21K,1.62K,123.75,75.0,3.04B,No,88.37,93.68,101.27,91.76,97.79,497
3373,GARNET.BO,46.87,45.47,0.49K,Finance,Real Estate Development,8.0,9.0,2.0,2.0,2.7464,2.7329,4.57K,2.55K,116.0,45.0,651.60M,No,50.81,56.76,73.4,54.98,71.91,497
3375,SGFRL.BO,80.0,77.92,2.25K,Industrial Services,Engineering & Construction,8.0,31.0,16.0,7.0,4.4479,3.4479,8.16K,11.55K,146.9,75.0,1.99B,No,87.26,93.54,105.92,92.45,99.79,499
3377,MCPL.BO,72.0,73.9,2.00K,Retail Trade,Home Improvement Chains,8.0,1.0,3.0,50.0,3.6343,2.88,12.86K,9.50K,118.5,60.0,994.10M,No,79.19,85.71,85.51,84.87,83.8,499
3388,GARWAOFFS.BO,40.16,42.27,21.18K,Industrial Services,Oilfield Services/Equipment,7.0,10.0,13.0,52.0,2.9843,2.91,14.31K,24.52K,88.0,31.36,1.24B,No,43.95,46.07,48.78,45.93,46.75,497
3390,PANHR.BO,43.55,43.1,1.60K,Commercial Services,Personnel Services,7.0,5.0,13.0,20.0,1.3086,0.6836,6.40K,5.12K,85.5,43.0,314.04M,No,45.65,51.11,,50.42,57.02,159
3392,DARJEELING.BO,25.99,25.28,1.57K,Industrial Services,Engineering & Construction,7.0,32.0,21.0,8.0,2.5207,2.5207,7.33K,4.43K,75.47,11.72,204.33M,No,26.73,23.23,30.16,24.28,29.55,497
3393,HINDAPL.BO,77.88,81.5,0.14K,Process Industries,Textiles,7.0,2.0,3.0,30.0,2.6857,2.0286,0.12K,0.02K,238.0,75.35,780.82M,No,85.76,97.23,104.64,94.59,98.71,497
3395,LAKHOTIA.BO,53.0,56.17,1.05K,Process Industries,Textiles,7.0,40.0,19.0,7.0,6.4714,6.2543,10.55K,62.71K,185.7,46.5,555.12M,No,55.27,56.31,62.21,55.61,61.05,497
3397,MANRAJH.BO,34.0,34.0,0.00K,Finance,Finance/Rental/Leasing,7.0,63.0,12.0,6.0,0.0,0.0,0.34K,0.34K,58.8,31.39,170.00M,No,34.0,35.35,41.78,34.76,39.07,496
3400,RDEL.BO,28.5,28.5,1.20K,Producer Manufacturing,Office Equipment/Supplies,7.0,22.0,21.0,52.0,0.94,0.5243,4.26K,7.92K,80.0,23.5,246.24M,No,28.93,31.87,,31.23,33.31,199
3404,OLYMPTX.BO,23.05,23.34,5.28K,Process Industries,Textiles,7.0,15.0,8.0,11.0,1.7643,1.7629,3.43K,3.54K,41.85,21.25,138.84M,No,24.06,26.99,30.01,26.3,28.8,497
3406,SUBSM.BO,49.0,49.0,0.00K,Process Industries,Textiles,7.0,1.0,1.0,59.0,1.1529,0.4771,0.03K,0.09K,95.0,36.56,207.78M,No,53.28,65.33,65.37,62.9,68.21,499
3408,RAVEL.BO,101.0,102.0,1.00K,Consumer Non-Durables,Household/Personal Care,7.0,15.0,33.0,4.0,2.6393,1.6643,7.22K,6.40K,215.0,96.0,692.76M,No,103.54,110.03,143.04,108.36,134.53,205
3409,SPINAROO.BO,39.0,37.5,2.00K,Non-Energy Minerals,Aluminum,7.0,22.0,3.0,3.0,2.1507,0.6793,4.66K,4.40K,72.35,26.6,272.77M,No,43.64,48.47,51.76,47.98,55.1,370
3410,DMR.BO,27.57,29.9,7.80K,Industrial Services,Engineering & Construction,7.0,68.0,25.0,5.0,1.6979,1.0929,8.54K,19.89K,60.0,24.05,286.53M,No,29.89,28.29,34.96,28.36,32.43,501
3413,MACH.BO,57.0,60.5,4.50K,Consumer Services,Hotels/Resorts/Cruise Lines,7.0,81.0,2.0,3.0,2.4429,0.7143,2.24K,0.75K,98.55,49.5,362.32M,No,56.97,70.51,80.37,68.73,78.73,500
3414,NEXXUS.BO,66.8,66.8,2.40K,Non-Energy Minerals,Construction Materials,7.0,7.0,34.0,4.0,0.7929,0.0,0.90K,0.84K,124.95,64.23,464.29M,No,74.73,75.6,86.88,75.67,83.78,496
3417,DEL.BO,124.95,124.95,0.00K,Producer Manufacturing,Electrical Products,7.0,31.0,62.0,2.0,3.8,2.6214,1.61K,0.05K,438.15,100.35,1.77B,No,126.14,130.99,164.08,129.13,152.61,497
3420,PRIMAINNO.BO,26.98,28.0,4.20K,Producer Manufacturing,Miscellaneous Manufacturing,7.0,20.0,,,2.4,2.355,22.45K,9.74K,40.95,22.6,296.79M,No,27.44,,,,,39
3422,LERTHAI.BO,411.0,399.0,0.11K,Finance,Financial Conglomerates,7.0,2.0,2.0,16.0,21.7179,16.6786,0.03K,0.04K,774.0,316.15,287.70M,No,415.75,487.61,554.37,479.62,545.6,497
3423,AIHL.BO,28.19,29.67,0.39K,Distribution Services,Wholesale Distributors,7.0,1.0,44.0,1.0,1.9043,1.7,1.21K,3.03K,50.36,26.1,58.94M,No,31.2,33.53,41.61,33.28,39.54,498
3427,NISMGMT.BO,40.0,39.98,2.40K,Commercial Services,Miscellaneous Commercial Services,6.0,15.0,19.0,15.0,1.3307,1.005,5.47K,12.00K,103.0,36.2,792.00M,No,43.12,45.31,54.21,45.44,48.43,270
3430,UNICK.BO,37.74,39.72,0.55K,Commercial Services,Miscellaneous Commercial Services,6.0,4.0,8.0,9.0,0.7464,0.3857,0.20K,0.40K,67.85,37.74,207.00M,No,42.45,44.14,46.51,43.74,44.54,498
3441,HRHYGIENE.BO,63.0,68.88,9.60K,Consumer Non-Durables,Household/Personal Care,6.0,53.0,,,3.4107,2.6686,139.44K,48.80K,89.99,57.0,1.43B,No,63.49,,,,,41
3443,EVERESTO.BO,219.8,221.5,0.67K,Distribution Services,Medical Distributors,6.0,2.0,15.0,36.0,19.5821,18.2179,2.15K,1.57K,536.4,197.0,2.13B,No,249.12,276.75,313.97,270.23,267.61,497
3448,RADIXIND.BO,128.5,133.0,0.03K,Consumer Non-Durables,Consumer Sundries,6.0,7.0,9.0,1.0,5.175,3.5036,0.17K,0.10K,226.4,126.05,1.93B,No,136.64,139.88,172.01,138.55,166.93,498
3450,KSSMART.BO,90.0,91.2,6.71K,Process Industries,Pulp & Paper,6.0,3.0,3.0,0.0,6.1029,6.035,12.47K,11.96K,290.95,71.94,14.77B,No,105.47,107.5,177.46,106.73,165.13,497
3452,ATVPR.BO,22.4,21.86,7.23K,Producer Manufacturing,Industrial Machinery,6.0,15.0,22.0,5.0,1.7436,1.7429,22.23K,29.51K,44.4,19.39,1.19B,No,23.91,24.89,30.8,25.01,28.21,497
3453,GUJJUBHAI.BO,117.9,116.2,12.62K,Producer Manufacturing,Industrial Machinery,6.0,90.0,43.0,3.0,7.6036,7.4429,91.24K,91.66K,271.0,97.05,2.47B,No,108.71,120.0,166.52,120.96,145.1,497
3455,MEHUL.BO,47.3,52.0,28.80K,Process Industries,Chemicals: Specialty,6.0,17.0,4.0,12.0,0.9464,0.6321,2.29K,1.44K,92.5,46.05,498.97M,No,51.37,53.14,63.53,52.39,59.59,290
3456,COROENGG.BO,52.0,53.72,7.73K,Consumer Durables,Homebuilding,6.0,40.0,30.0,1.0,3.2221,3.1779,7.26K,14.44K,114.93,48.72,1.81B,No,53.53,54.62,73.17,54.63,67.8,497
3458,WESTLEIRES.BO,68.0,66.8,0.00K,Technology Services,Packaged Software,6.0,46.0,25.0,6.0,2.1086,1.5143,0.19K,0.54K,135.9,65.25,207.63M,No,70.24,74.01,92.71,73.93,83.25,499
3462,ANIRIT.BO,38.1,40.09,0.34K,Process Industries,Textiles,5.0,24.0,5.0,15.0,1.8971,1.89,1.83K,1.97K,98.89,33.25,685.80M,No,40.42,42.42,47.45,41.68,48.54,497
3467,INDAGIV.BO,38.0,38.23,0.03K,Technology Services,Information Technology Services,5.0,20.0,5.0,44.0,0.4221,0.1493,0.07K,0.07K,84.75,34.12,116.16M,No,37.69,39.99,51.79,39.67,44.86,499
3469,ANUBHAV.BO,47.8,48.0,1.60K,Non-Energy Minerals,Steel,5.0,45.0,9.0,,3.0436,2.2157,29.89K,25.76K,80.0,37.5,525.80M,No,44.37,47.87,,47.68,,69
3470,PANELEC.BO,25.26,26.91,0.15K,Electronic Technology,Electronic Components,5.0,68.0,48.0,2.0,2.8986,2.7036,1.45K,1.00K,65.0,21.73,101.04M,No,26.87,26.32,32.36,25.75,28.49,497
3471,MITTALSTL.BO,25.56,26.6,2.00K,Non-Energy Minerals,Steel,5.0,30.0,18.0,43.0,0.83,0.6007,5.19K,7.00K,114.4,22.63,295.67M,No,25.98,26.57,30.91,26.53,29.3,242
3474,PRIMEFRESH.BO,156.7,156.9,19.72K,Transportation,Other Transportation,5.0,27.0,6.0,5.0,11.0536,11.0536,12.25K,13.96K,302.4,149.4,2.18B,No,161.82,173.05,219.03,170.05,202.52,497
3475,PIOTEX.BO,27.5,27.5,2.40K,Process Industries,Textiles,5.0,44.0,43.0,4.0,0.3,0.1857,1.01K,0.72K,74.0,24.0,140.35M,No,28.44,29.97,41.04,29.56,34.79,497
3476,RONI.BO,33.9,34.99,3.60K,Distribution Services,Wholesale Distributors,5.0,98.0,11.0,4.0,0.4914,0.0486,8.10K,0.36K,77.5,19.15,389.62M,No,32.41,33.02,42.54,32.77,39.9,499
3477,SFSL.BO,63.0,65.0,36.00K,Producer Manufacturing,Industrial Conglomerates,5.0,4.0,10.0,2.0,1.5371,1.1071,3.49K,6.90K,143.46,59.25,131.54M,No,71.31,75.73,89.58,73.53,83.55,498
3479,KPGEL.BO,282.8,297.5,58.75K,Producer Manufacturing,Metal Fabrication,5.0,42.0,6.0,16.0,11.1857,11.0286,90.20K,74.33K,626.65,246.05,14.14B,No,285.01,294.24,367.17,288.95,352.01,497
3481,SAFE.BO,138.0,130.0,0.50K,Technology Services,Internet Software/Services,5.0,26.0,14.0,7.0,3.7821,1.575,2.73K,4.50K,348.0,112.8,785.91M,No,127.51,141.65,177.22,138.44,161.48,497
3482,ICONIKSPEV.BO,31.98,33.66,7.93K,Commercial Services,Miscellaneous Commercial Services,5.0,6.0,16.0,14.0,2.1764,2.1407,32.28K,12.76K,91.03,28.2,1.08B,No,35.06,35.66,42.87,35.13,37.75,497
3487,KZLFIN.BO,15.5,15.9,1.00K,Finance,Finance/Rental/Leasing,5.0,2.0,12.0,3.0,0.3371,0.1971,0.18K,0.22K,27.98,14.52,47.14M,No,16.53,17.67,19.33,17.61,18.23,499
3488,HILLTONE.BO,38.5,38.19,0.40K,Process Industries,Chemicals: Specialty,5.0,60.0,28.0,6.0,3.7729,3.75,40.35K,19.33K,93.0,32.85,507.35M,No,38.42,40.02,50.73,39.73,44.66,437
3490,CUPIDALBV.BO,23.65,22.53,48.73K,Finance,Financial Conglomerates,5.0,18.0,5.0,55.0,1.5836,1.3879,89.69K,217.35K,109.9,19.0,2.16B,No,23.76,26.03,31.38,25.57,28.18,497
3491,KRANTI.BO,47.04,48.92,4.63K,Producer Manufacturing,Auto Parts: Oem,5.0,57.0,5.0,13.0,2.8636,2.8129,18.03K,4.59K,94.99,43.26,600.25M,No,46.61,48.34,60.71,48.23,56.1,497
3494,GARGI.BO,589.7,582.45,13.38K,Retail Trade,Specialty Stores,5.0,81.0,5.0,5.0,33.8786,33.8679,16.27K,11.70K,1197.0,532.15,6.17B,No,589.91,591.1,807.6,587.95,746.84,497
3497,SHUBHAM.BO,32.58,31.34,22.44K,Process Industries,Textiles,5.0,3.0,6.0,2.0,2.2343,2.2007,9.91K,10.38K,79.0,29.79,394.93M,No,36.28,36.83,51.52,36.76,48.03,497
3498,SIYARAM.BO,34.04,35.05,27.00K,Non-Energy Minerals,Other Metals/Minerals,4.0,47.0,16.0,31.0,2.3329,2.3121,52.85K,70.80K,108.95,31.95,741.70M,No,34.65,36.69,41.68,36.12,37.36,497
3500,DUROPLY.BO,97.1,101.45,2.52K,Non-Energy Minerals,Forest Products,4.0,35.0,14.0,5.0,7.2879,7.2257,5.62K,2.96K,205.0,96.25,1.05B,No,106.12,104.14,132.35,104.1,122.08,497
3501,HBGHOTELS.BO,68.78,68.99,7.66K,Consumer Services,Hotels/Resorts/Cruise Lines,4.0,19.0,7.0,19.0,6.1157,5.7471,13.90K,11.54K,182.3,62.01,1.41B,No,72.41,79.33,95.34,78.45,86.94,497
3503,METHODHUB.BO,68.49,68.11,48.60K,Technology Services,Information Technology Services,4.0,59.0,17.0,32.0,4.4207,3.4229,41.43K,79.50K,171.95,58.8,1.29B,No,67.01,69.53,95.14,68.34,80.2,200
3504,NDASEC.BO,23.0,24.09,0.53K,Finance,Investment Banks/Brokers,4.0,11.0,8.0,2.0,1.0636,1.0507,4.07K,1.53K,50.79,21.11,136.81M,No,24.67,26.74,32.29,26.11,31.79,497
3505,ANKIN.BO,18.19,19.0,5.91K,Technology Services,Information Technology Services,4.0,10.0,32.0,10.0,1.1421,1.0886,45.39K,102.91K,64.87,18.06,937.56M,No,19.93,21.25,25.99,20.76,22.62,497
3506,CMBL.BO,48.96,49.93,0.01K,Finance,Regional Banks,4.0,83.0,41.0,33.0,1.8443,1.5679,0.26K,0.12K,414.3,38.81,3.10B,No,45.21,45.82,86.01,45.57,50.9,497
3508,NISUS.BO,160.5,165.25,6.00K,Finance,Financial Conglomerates,4.0,69.0,9.0,8.0,8.5714,8.3429,23.34K,15.68K,383.5,142.65,3.83B,No,158.44,169.43,215.1,165.79,188.91,449
3509,MONIND.BO,18.84,18.84,0.05K,Non-Energy Minerals,Other Metals/Minerals,4.0,18.0,5.0,2.0,0.2957,0.0886,0.06K,0.01K,31.04,18.84,69.35M,No,20.18,22.41,27.16,21.96,25.9,498
3510,NEPLOG.BO,34.0,36.4,2.00K,Transportation,Trucking,4.0,55.0,52.0,4.0,1.8386,1.2164,5.89K,4.60K,100.8,30.21,465.80M,No,34.98,34.48,,34.04,38.96,194
3511,STANBIK.BO,21.96,25.23,8.00K,Distribution Services,Food Distributors,4.0,1.0,3.0,3.0,0.9821,0.3793,2.00K,5.60K,39.4,20.01,292.61M,No,23.42,26.16,,26.0,29.67,196
3512,ACEENGITEC.BO,92.15,92.15,0.01K,Technology Services,Information Technology Services,4.0,68.0,4.0,3.0,0.4679,0.0,0.10K,0.04K,156.2,86.45,79.15M,No,94.71,103.71,124.74,100.69,121.54,498
3515,CANDOUR.BO,69.48,70.89,0.10K,Process Industries,Textiles,4.0,83.0,24.0,0.0,3.2236,2.9936,16.20K,11.87K,165.0,58.06,1.70B,No,65.63,69.39,110.92,68.6,95.86,497
3516,ARIGATO.BO,35.08,33.41,0.30K,Technology Services,Information Technology Services,4.0,0.0,2.0,2.0,3.2157,2.9507,1.93K,8.65K,69.0,30.67,213.85M,No,42.72,50.32,50.47,49.29,52.8,498
3518,SOLVEX.BO,18.18,18.18,4.80K,Process Industries,Agricultural Commodities/Milling,4.0,10.0,5.0,34.0,0.2621,0.0643,6.78K,1.60K,64.6,16.68,162.75M,No,20.27,20.47,25.36,20.26,23.39,250
3520,SALEM.BO,24.5,24.78,1.43K,Finance,Finance/Rental/Leasing,4.0,4.0,2.0,6.0,1.52,1.3707,2.38K,1.84K,46.49,23.0,359.90M,No,25.3,30.21,34.48,29.29,34.36,498
3521,CHEMTECH.BO,55.79,57.27,15.34K,Producer Manufacturing,Industrial Machinery,4.0,19.0,4.0,14.0,3.4486,3.3407,17.69K,14.26K,122.0,53.7,1.03B,No,59.37,65.2,72.85,63.47,72.47,497
3525,DECPO.BO,22.5,22.85,0.21K,Process Industries,Containers/Packaging,4.0,72.0,4.0,3.0,0.2821,0.1643,0.15K,0.18K,46.5,20.28,47.59M,No,23.41,25.12,31.1,24.65,31.13,499
3526,MEHSECU.BO,21.0,22.1,0.30K,Finance,Investment Banks/Brokers,4.0,42.0,40.0,2.0,0.1536,0.0786,0.02K,0.01K,54.0,21.0,64.88M,No,21.2,22.06,30.3,21.91,26.6,500
3529,CENTUPLE.BO,31.88,31.48,3.69K,Distribution Services,Medical Distributors,4.0,27.0,14.0,3.0,2.1357,1.7529,11.59K,47.34K,144.4,28.42,174.33M,No,33.37,36.83,59.77,35.85,41.47,497
3530,RTFL.BO,35.0,36.01,1.16K,Finance,Finance/Rental/Leasing,4.0,1.0,4.0,2.0,1.2286,0.7507,0.11K,0.07K,63.36,34.23,444.24M,No,40.57,45.3,48.7,44.45,48.76,497
3531,SRICC.BO,32.82,32.82,0.49K,Non-Energy Minerals,Construction Materials,4.0,23.0,12.0,6.0,2.8357,2.435,2.20K,4.80K,99.29,27.99,295.38M,No,33.99,35.28,46.77,35.66,43.34,497
3533,SHRIGANG.BO,49.65,53.32,32.52K,Consumer Non-Durables,Food: Specialty/Candy,4.0,5.0,5.0,2.0,2.8379,2.8379,17.30K,8.44K,103.8,49.0,1.05B,No,55.34,60.29,70.82,58.92,69.57,497
3534,AAYUSH.BO,23.76,23.99,36.24K,Retail Trade,Specialty Stores,4.0,4.0,40.0,9.0,1.2743,1.2693,135.32K,65.48K,75.0,21.2,1.16B,No,25.07,24.23,32.29,24.46,28.85,497
3539,ANIRITPP.BO,17.1,17.99,0.30K,Process Industries,Textiles,3.0,3.0,2.0,9.0,0.4921,0.1429,2.10K,0.47K,31.85,16.96,307.80M,No,21.69,22.02,,21.74,24.08,179
3540,MEAPL.BO,22.15,25.07,104.46K,Finance,Investment Banks/Brokers,3.0,3.0,7.0,3.0,2.1621,2.0757,31.31K,37.80K,47.95,21.9,342.22M,No,25.23,26.42,32.22,25.96,31.77,497
3544,MANOJJEWEL.BO,27.53,26.21,40.00K,Retail Trade,Specialty Stores,3.0,86.0,13.0,2.0,1.7779,1.5771,30.29K,16.80K,59.52,21.58,321.58M,No,27.62,28.69,40.33,28.83,37.47,351
3548,SHRAAITECH.BO,19.96,20.34,17.62K,Distribution Services,Electronics Distributors,3.0,5.0,8.0,3.0,1.2386,1.2364,20.22K,19.96K,41.62,19.2,1.22B,No,21.43,23.07,27.28,22.9,26.27,497
3549,SRSOLTD.BO,70.25,73.53,9.60K,Finance,Finance/Rental/Leasing,3.0,36.0,9.0,44.0,4.0179,3.4864,4.55K,6.40K,229.0,57.0,802.20M,No,72.58,77.57,87.35,77.17,82.66,498
3550,CARGOTRANS.BO,74.01,74.01,29.25K,Transportation,Air Freight/Couriers,3.0,29.0,5.0,0.0,1.645,0.5064,2.05K,3.67K,179.8,64.94,438.26M,No,72.6,78.77,123.59,77.17,110.12,495
3551,SDL.BO,22.95,24.15,0.04K,Health Technology,Medical Specialties,3.0,0.0,0.0,2.0,1.2671,0.595,0.81K,0.25K,51.49,21.76,166.69M,No,28.02,30.37,34.51,29.48,34.55,499
3552,GTTDATA.BO,34.26,38.06,45.37K,Consumer Services,Movies/Entertainment,3.0,2.0,26.0,5.0,3.0336,2.9464,30.07K,34.14K,101.8,32.5,1.43B,No,39.07,42.93,53.0,42.72,45.74,497
3556,USHAKIRA.BO,26.77,25.5,1.05K,Finance,Investment Banks/Brokers,3.0,20.0,6.0,1.0,0.9471,0.5,0.49K,0.81K,60.5,25.37,68.12M,No,29.06,29.8,41.38,29.59,38.75,499
3557,KAMATS.BO,30.04,28.85,1.88K,Consumer Services,Restaurants,3.0,3.0,5.0,9.0,2.585,2.54,8.14K,9.63K,67.0,28.1,546.70M,No,32.63,35.14,44.43,34.69,39.51,497
3558,MANIVENI.BO,25.0,25.6,12.00K,Process Industries,Agricultural Commodities/Milling,3.0,4.0,4.0,,1.8657,0.9293,30.76K,41.20K,44.66,23.35,489.31M,No,25.91,29.02,,28.69,,89
3560,GBLOGISTIC.BO,24.18,23.0,8.40K,Transportation,Air Freight/Couriers,3.0,67.0,13.0,3.0,0.9736,0.8793,12.21K,8.88K,66.57,22.51,198.14M,No,23.79,24.73,35.94,24.29,31.99,414
3561,CITIZEN.BO,160.8,166.0,0.75K,Commercial Services,Advertising/Marketing Services,3.0,3.0,1.0,2.0,11.7357,11.4036,1.72K,1.41K,318.45,157.7,2.26B,No,192.98,233.6,253.45,223.04,242.92,499
3563,SHREE.BO,44.85,45.75,2.00K,Distribution Services,Wholesale Distributors,3.0,54.0,6.0,41.0,1.4329,0.7593,3.15K,1.40K,106.4,40.0,155.18M,No,46.67,48.09,60.78,47.54,54.24,498
3565,SKCIL.BO,98.5,99.98,0.28K,Non-Energy Minerals,Construction Materials,3.0,72.0,8.0,8.0,7.5121,7.215,21.77K,5.81K,286.75,90.0,1.73B,No,98.13,102.28,144.14,100.98,128.96,497
3566,ADCOUNTY.BO,76.64,79.71,57.60K,Commercial Services,Advertising/Marketing Services,3.0,16.0,8.0,5.0,4.0064,3.9621,37.83K,21.68K,250.0,73.0,1.72B,No,85.11,85.25,107.88,84.9,102.06,310
3568,NWIL.BO,20.03,20.77,262.06K,Electronic Technology,Electronic Components,3.0,27.0,3.0,1.0,1.1486,1.1464,313.27K,257.25K,46.0,18.28,4.66B,No,20.62,22.35,30.52,22.01,27.76,497
3570,CRIMSON.BO,27.38,27.38,0.30K,Non-Energy Minerals,Steel,3.0,7.0,1.0,1.0,0.1814,0.0,0.17K,0.04K,61.35,24.84,121.24M,No,25.94,34.58,45.7,32.52,43.46,496
3571,SKYBIOTECH.BO,116.2,116.2,0.01K,Process Industries,Textiles,3.0,36.0,1.0,5.0,1.8679,1.7,0.20K,0.14K,210.0,113.9,222.52M,No,118.91,137.54,151.07,133.8,149.48,498
3572,KERALAYUR.BO,146.95,146.3,16.20K,Health Technology,Pharmaceuticals: Other,3.0,18.0,17.0,16.0,7.2607,7.2607,23.68K,16.36K,484.9,141.0,1.91B,No,167.08,167.01,210.42,166.62,184.85,497
3574,CMXLTD.BO,18.99,18.37,0.24K,Finance,Financial Conglomerates,2.0,3.0,6.0,3.0,1.3457,1.1586,9.10K,14.30K,69.13,15.1,215.42M,No,20.95,21.48,30.8,21.23,24.32,497
3576,ADTECH.BO,39.85,40.46,4.23K,Electronic Technology,Semiconductors,2.0,1.0,2.0,8.0,3.9629,3.7757,5.99K,12.86K,90.95,37.6,474.76M,No,46.12,50.29,57.36,48.98,55.77,497
3578,RAJKSYN.BO,20.98,21.44,0.00K,Process Industries,Textiles,2.0,56.0,19.0,1.0,2.8886,2.81,2.35K,1.85K,52.97,17.2,138.51M,No,20.91,21.95,33.25,21.51,29.57,497
3580,SHANTIDENM.BO,31.51,32.0,14.00K,Process Industries,Textiles,2.0,11.0,8.0,2.0,1.435,1.2071,12.09K,12.00K,75.0,27.12,532.14M,No,32.71,34.88,47.26,34.44,42.75,498
3581,YAJUR.BO,36.0,36.6,2.40K,Process Industries,Textiles,2.0,6.0,36.0,25.0,0.9836,0.9171,19.68K,11.12K,139.2,32.01,816.58M,No,39.5,37.65,,37.69,41.88,178
3582,GEL.BO,22.7,22.7,3.00K,Distribution Services,Wholesale Distributors,2.0,12.0,2.0,1.0,0.1757,0.0843,23.19K,1.20K,46.19,22.67,559.51M,No,23.93,26.88,33.88,25.69,32.69,498
3583,SAMPAT.BO,31.1,31.25,15.60K,Non-Energy Minerals,Aluminum,2.0,2.0,16.0,12.0,1.5807,1.3171,9.30K,15.24K,94.0,30.0,263.76M,No,34.23,36.38,47.21,36.19,40.76,254
3584,OSIAJEE.BO,227.0,226.45,1.43K,Process Industries,Textiles,2.0,41.0,1.0,1.0,19.6929,19.6214,21.79K,8.26K,495.5,181.0,1.23B,No,249.92,262.19,377.98,257.28,355.07,497
3588,GLPL.BO,30.97,31.7,39.00K,Distribution Services,Medical Distributors,2.0,1.0,5.0,,1.5414,1.1914,50.52K,23.10K,60.0,28.5,297.31M,No,34.95,38.03,,37.93,,97
3590,SVJ.BO,166.0,174.0,6.75K,Consumer Non-Durables,Food: Major Diversified,2.0,5.0,14.0,0.0,7.0286,5.0107,4.25K,1.43K,583.55,163.5,924.79M,No,187.6,192.77,371.31,190.51,312.51,497
3591,ROYAL.BO,88.0,88.0,0.50K,Distribution Services,Medical Distributors,2.0,2.0,39.0,3.0,2.7071,1.4643,3.58K,2.85K,255.9,83.1,470.81M,No,93.09,97.01,137.8,96.81,120.7,498
3592,RAINBOWF.BO,29.16,29.48,4.80K,Finance,Real Estate Development,2.0,5.0,6.0,4.0,2.0907,2.0136,5.57K,6.13K,84.92,28.0,1.45B,No,31.41,35.15,42.83,35.03,39.94,497
3593,EY.BO,514.0,539.0,0.03K,Consumer Durables,Other Consumer Specialties,2.0,7.0,3.0,1.0,20.1286,15.6714,0.07K,0.17K,1061.3,482.0,1.03B,No,542.22,630.12,796.87,606.19,724.96,497
3594,LOGICIEL.BO,29.0,30.0,4.20K,Technology Services,Packaged Software,2.0,12.0,15.0,9.0,1.7129,1.2886,2.77K,5.04K,154.4,27.36,216.57M,No,29.97,30.98,42.85,30.93,37.62,206
3597,LEXGLOBAL.BO,101.95,97.1,1.00K,Finance,Financial Conglomerates,2.0,0.0,0.0,4.0,7.1214,4.7536,0.29K,0.70K,232.2,80.45,1.02B,No,117.85,160.53,159.14,152.49,160.16,498
3598,ESPIRE.BO,148.0,153.95,1.01K,Consumer Services,Hotels/Resorts/Cruise Lines,2.0,52.0,13.0,1.0,8.0536,7.2964,0.76K,0.22K,497.5,140.0,2.21B,No,149.71,156.78,222.94,155.45,195.13,497
3600,TANVI.BO,42.4,40.74,1.00K,Distribution Services,Food Distributors,2.0,9.0,4.0,3.0,1.2664,0.675,3.00K,6.20K,97.2,37.93,543.94M,No,43.55,47.96,63.57,46.89,57.31,499
3601,AUTOINT.BO,250.0,250.2,1.12K,Finance,Finance/Rental/Leasing,2.0,8.0,3.0,1.0,15.9143,14.5536,1.44K,2.20K,1031.0,223.0,870.21M,No,260.54,283.38,417.37,281.41,344.62,498
3602,ACCEDERE.BO,44.47,46.79,1.50K,Distribution Services,Electronics Distributors,2.0,3.0,1.0,4.0,3.8443,3.61,5.37K,2.65K,91.42,42.11,203.27M,No,51.13,63.18,64.39,60.97,61.46,499
3603,RRFIN.BO,62.0,64.2,0.22K,Finance,Insurance Brokers/Services,2.0,40.0,1.0,10.0,3.6893,3.5864,2.14K,2.03K,263.7,49.62,685.76M,No,64.81,68.16,86.36,67.05,74.76,497
3604,SOLARIUM.BO,121.25,126.95,27.60K,Electronic Technology,Semiconductors,2.0,3.0,2.0,12.0,6.6071,6.3643,15.22K,25.35K,374.0,115.75,2.53B,No,137.38,152.5,181.83,149.51,172.42,404
3606,KRRAIL.BO,17.7,18.4,63.12K,Industrial Services,Engineering & Construction,2.0,2.0,2.0,12.0,2.0843,2.0421,73.50K,209.22K,47.99,16.85,740.00M,No,20.64,22.31,27.71,21.98,25.59,497
3608,ZAPPFRESH.BO,60.52,62.3,33.60K,Retail Trade,Food Retail,2.0,11.0,5.0,4.0,4.9829,4.8886,68.47K,56.64K,208.0,47.1,1.35B,No,58.34,67.74,97.38,65.0,84.94,244
3609,TTC.BO,163.0,168.0,2.10K,Commercial Services,Miscellaneous Commercial Services,2.0,62.0,4.0,2.0,10.5107,7.2,2.40K,1.53K,445.0,135.0,308.07M,No,168.82,189.4,261.99,186.24,229.65,447
3611,SEEMAX.BO,62.31,59.71,4.00K,Finance,Finance/Rental/Leasing,1.0,90.0,,,1.0886,0.4171,25.15K,3.10K,112.8,49.05,274.16M,No,55.13,56.81,,57.88,,62
3612,MISQUITA.BO,54.02,55.23,1.00K,Distribution Services,Electronics Distributors,1.0,72.0,3.0,0.0,1.3879,1.3879,0.95K,0.50K,142.0,49.81,253.25M,No,55.37,65.55,97.83,63.77,90.94,498
3613,KIAASA.BO,29.0,29.99,18.00K,Retail Trade,Apparel/Footwear Retail,1.0,42.0,19.0,2.0,1.1707,1.0814,20.33K,15.40K,123.0,28.21,528.67M,No,30.19,31.54,,31.29,39.94,147
3617,RETINA.BO,32.0,34.54,26.00K,Process Industries,Industrial Specialties,1.0,2.0,3.0,1.0,3.8421,3.4193,24.48K,24.60K,77.95,31.0,490.88M,No,37.32,39.15,51.39,38.55,45.9,498
3619,KINGSINFR.BO,71.0,72.25,139.07K,Process Industries,Agricultural Commodities/Milling,1.0,4.0,1.0,2.0,4.915,4.915,19.71K,27.54K,169.9,68.16,1.74B,No,77.19,91.28,116.01,87.93,110.9,497
3621,PCL.BO,31.24,33.99,4.00K,Process Industries,Agricultural Commodities/Milling,1.0,3.0,1.0,4.0,1.6293,1.0157,3.36K,2.40K,93.0,29.56,191.67M,No,36.27,37.4,50.48,37.51,45.43,498
3622,LIOTECH.BO,119.95,126.24,18.00K,Consumer Durables,Tools & Hardware,1.0,95.0,2.0,,5.3379,3.8786,15.27K,8.96K,257.0,83.53,467.85M,No,97.42,98.62,,99.72,,71
3625,MEERA.BO,28.13,29.11,1.55K,Producer Manufacturing,Industrial Machinery,1.0,5.0,1.0,3.0,2.0021,1.9993,12.00K,22.08K,103.46,25.5,600.79M,No,29.45,33.63,50.23,32.66,44.16,499
3626,AICHAMP.BO,18.5,18.8,1.73K,Process Industries,Textiles,1.0,29.0,0.0,13.0,1.3614,1.3471,4.20K,5.39K,61.8,17.3,568.95M,No,19.0,26.97,31.12,25.72,30.3,497
3628,RFL.BO,77.33,79.8,1.83K,Finance,Finance/Rental/Leasing,1.0,0.0,0.0,5.0,4.6843,3.4164,0.28K,0.49K,195.0,75.81,238.33M,No,88.66,111.06,129.16,108.76,123.41,498
3630,NMSGLOBAL.BO,37.94,37.0,5.93K,Distribution Services,Food Distributors,1.0,49.0,0.0,1.0,3.14,3.0907,22.75K,46.30K,103.94,35.02,114.03M,No,39.67,46.91,68.72,44.9,66.62,497
3632,TRL.BO,55.22,56.2,9.43K,Producer Manufacturing,Building Products,1.0,18.0,1.0,2.0,2.9221,2.8557,18.79K,8.79K,194.95,54.0,684.60M,No,59.17,62.8,91.28,62.44,83.83,497
3633,CHTR.BO,33.01,34.0,19.20K,Commercial Services,Advertising/Marketing Services,1.0,2.0,2.0,3.0,2.0993,1.8607,12.88K,19.68K,156.75,33.0,466.89M,No,37.2,42.68,56.61,41.86,51.01,248
3634,GVL.BO,39.93,39.93,2.00K,Distribution Services,Wholesale Distributors,1.0,86.0,6.0,0.0,1.9436,1.4186,4.46K,4.20K,141.8,30.6,518.66M,No,36.36,38.24,69.75,38.18,58.65,498
3636,SCARNOSE.BO,35.82,35.82,1.00K,Consumer Non-Durables,Apparel/Footwear,1.0,40.0,0.0,0.0,0.0,0.0,1.06K,1.06K,89.9,35.82,112.84M,No,35.82,44.49,65.76,40.64,64.21,498
3638,ROSEMER.BO,34.99,37.18,3.61K,Producer Manufacturing,Industrial Machinery,1.0,0.0,0.0,0.0,5.145,4.8064,6.26K,9.05K,91.0,34.6,275.93M,No,52.47,58.58,66.35,57.02,62.86,497
3639,RFIL.BO,25.11,24.75,28.00K,Consumer Non-Durables,Apparel/Footwear,1.0,1.0,2.0,,1.7029,1.4864,19.72K,22.40K,64.0,23.5,260.39M,No,27.42,31.66,,30.74,,86
3642,JIVIAL.BO,77.74,77.74,1.20K,Non-Energy Minerals,Aluminum,1.0,49.0,,,0.845,0.8271,22.97K,1.92K,164.6,67.0,363.01M,No,78.12,79.95,,80.16,,67
3643,SPITZE.BO,39.0,39.01,11.00K,Consumer Durables,Home Furnishings,1.0,92.0,2.0,1.0,2.1786,1.6657,50.80K,34.10K,251.0,29.64,2.36B,No,37.03,38.45,97.61,37.36,57.58,497
3644,OLATECH.BO,62.0,60.89,1.85K,Technology Services,Data Processing Services,1.0,5.0,7.0,0.0,1.6593,0.9264,7.75K,4.07K,290.9,58.0,275.93M,No,65.57,64.92,132.39,65.27,100.47,497
3645,AEIM.BO,57.56,63.95,61.92K,Commercial Services,Miscellaneous Commercial Services,1.0,0.0,1.0,1.0,6.6636,6.2071,50.29K,84.06K,195.0,57.56,1.59B,No,75.53,83.42,107.99,82.57,101.74,497
3646,IMEC.BO,88.39,96.0,0.95K,Non-Energy Minerals,Steel,1.0,5.0,2.0,1.0,7.0536,6.8107,1.29K,0.69K,448.35,88.0,167.94M,No,100.02,102.91,169.23,102.26,136.65,497
3647,TRANSPACT.BO,90.3,90.3,1.00K,Health Technology,Medical Specialties,0.0,77.0,0.0,0.0,0.3071,0.0,0.35K,0.10K,236.1,81.47,34.92M,No,87.29,101.09,158.78,94.69,162.39,498
3648,DHANWEL.BO,45.5,47.49,20.40K,Process Industries,Agricultural Commodities/Milling,0.0,0.0,,,3.4114,2.0207,81.60K,66.36K,99.0,35.28,,No,53.5,,,,,26
3650,MONIKA.BO,121.35,121.1,39.20K,Distribution Services,Food Distributors,0.0,3.0,0.0,1.0,7.5786,7.225,18.65K,12.32K,311.0,108.0,2.60B,No,151.37,167.16,230.08,160.06,208.57,297
3654,DAVIN.BO,14.85,13.49,42.00K,Consumer Non-Durables,Apparel/Footwear,0.0,0.0,0.0,2.0,0.8607,0.3079,8.25K,28.00K,56.35,11.74,98.20M,No,17.56,23.22,31.49,22.31,28.63,431
3657,OMEGAIN.BO,17.76,18.69,47.75K,Technology Services,Information Technology Services,0.0,0.0,0.0,0.0,1.2464,0.68,450.15K,558.93K,112.06,17.0,1.48B,No,21.89,30.63,52.15,28.04,52.4,499
3658,ABRFL.BO,35.49,33.8,4.80K,Consumer Non-Durables,Food: Specialty/Candy,0.0,6.0,1.0,2.0,0.685,0.2921,3.52K,2.28K,143.9,33.5,182.92M,No,36.53,39.02,72.11,38.69,57.42,314
3659,GPSL.BO,77.0,73.34,18.60K,Consumer Non-Durables,Consumer Sundries,0.0,85.0,2.0,0.0,2.7493,1.7129,5.62K,10.68K,365.0,52.5,575.96M,No,60.32,72.52,159.3,70.17,125.28,497
3660,CCME.BO,41.51,43.69,0.08K,Producer Manufacturing,Miscellaneous Manufacturing,0.0,90.0,0.0,0.0,2.1707,1.0243,10.60K,8.38K,181.3,26.41,1.88B,No,36.6,59.74,88.26,53.52,89.69,497
3661,UHMVL.BO,35.11,36.95,5.60K,Consumer Services,Other Consumer Services,0.0,84.0,3.0,,2.2471,1.9607,29.89K,25.60K,132.8,29.05,233.34M,No,32.74,33.91,,33.49,,80
3662,LELAVOIR.BO,70.83,74.51,1.44K,Process Industries,Agricultural Commodities/Milling,0.0,2.0,1.0,0.0,4.5893,4.5236,12.05K,5.49K,336.6,33.86,245.64M,No,79.18,65.45,155.7,67.31,135.93,497
3663,ARL.BO,35.1,35.12,16.81K,Process Industries,Textiles,0.0,3.0,3.0,1.0,1.7079,1.6886,28.77K,26.59K,470.0,34.5,768.98M,No,39.01,42.04,122.82,40.83,51.91,497
3664,QRIL.BO,27.5,28.85,1.00K,Producer Manufacturing,Industrial Machinery,0.0,41.0,0.0,1.0,0.605,0.2,0.63K,0.45K,134.5,27.5,70.12M,No,29.05,33.95,66.96,32.66,48.34,498
3666,MALA.BO,49.99,50.0,2.00K,Process Industries,Textiles,0.0,1.0,,,1.5679,1.0236,96.18K,7.80K,139.65,49.8,495.15M,No,54.85,,,68.53,,46
3667,DHRUVCA.BO,77.74,74.68,1.18K,Finance,Finance/Rental/Leasing,0.0,18.0,0.0,0.0,4.6007,4.29,8.54K,9.58K,445.5,70.95,558.98M,No,81.64,96.47,227.05,90.08,249.98,497
3668,TTFL.BO,20.6,20.95,15.99K,Process Industries,Textiles,0.0,11.0,1.0,0.0,1.5593,1.5593,27.40K,36.92K,379.0,20.0,308.91M,No,21.68,23.56,82.11,22.5,36.74,497
3669,SEML.BO,29.81,31.14,26.25K,Distribution Services,Wholesale Distributors,0.0,5.0,1.0,0.0,2.0714,1.9036,15.09K,14.81K,364.0,29.6,571.16M,No,36.05,37.13,94.04,36.29,52.65,497
3670,EKENNIS.BO,37.5,37.53,1.60K,Technology Services,Information Technology Services,0.0,1.0,0.0,0.0,0.9514,0.3814,0.82K,0.80K,168.0,35.75,52.50M,No,40.2,56.08,117.23,53.28,102.67,499
3671,GULFLLOYDS.BO,30.06,30.0,12.00K,Commercial Services,Miscellaneous Commercial Services,0.0,5.0,,,1.3829,1.2871,49.56K,14.88K,100.0,30.01,202.28M,No,32.52,,,41.95,,48
3672,QTFOODS.BO,34.0,33.68,27.60K,Consumer Non-Durables,Food: Specialty/Candy,0.0,0.0,,,2.3271,1.6607,61.20K,92.40K,115.0,31.74,240.62M,No,39.02,,,,,32
3674,BHUDEVI.BO,71.71,68.3,2.48K,Process Industries,Textiles,0.0,0.0,0.0,0.0,4.0221,1.8757,22.23K,18.77K,305.15,52.9,329.09M,No,71.44,120.05,211.07,113.25,183.92,497
3675,BCCL.BO,23.96,25.0,56.40K,Process Industries,Chemicals: Specialty,0.0,2.0,0.0,0.0,1.4807,1.3371,22.01K,11.00K,430.0,22.31,343.53M,No,27.71,29.3,125.75,27.91,61.42,497
3676,MOPSHOP.BO,36.39,38.3,121.00K,Distribution Services,Wholesale Distributors,0.0,0.0,,,3.1121,1.4621,50.40K,106.30K,137.0,36.39,262.01M,No,57.4,,,,,26
3679,MIZVEN.BO,33.3,35.0,4.77K,Industrial Services,Engineering & Construction,0.0,1.0,0.0,0.0,2.0343,1.9557,22.07K,3.18K,284.75,27.56,732.43M,No,37.23,41.34,118.17,38.92,108.97,497
3680,INLCM.BO,230.1,242.2,7.03K,Distribution Services,Wholesale Distributors,0.0,0.0,0.0,0.0,19.725,18.6286,3.22K,5.64K,2640.75,230.1,615.52M,No,280.38,408.87,1018.67,386.75,802.72,497
3682,CPML.BO,96.18,91.6,154.40K,Consumer Services,Movies/Entertainment,0.0,0.0,0.0,0.0,4.4879,1.4979,18.73K,112.08K,3289.95,65.15,1.03B,No,90.88,215.85,1901.9,182.85,1434.35,497
3683,LORDSMARK.BO,79.43,80.85,1746.96K,Finance,Investment Banks/Brokers,0.0,73.0,0.0,0.0,4.8371,4.5193,1283.95K,3915.53K,12757.0,60.0,33.89B,No,86.61,87.16,9018.95,86.43,7265.7,499
